person_id,target_season,role,observed_prior_games,observed_games_log,observed_reliability,no_prior_history,n_observed_prior_seasons,max_observed_season,observed_history_start,observable_prior_seasons,history_left_censored
andy_reid,2000,hc_resume,16,2.833213344056216,0.3333333333333333,0,1,1999,1999,1,0
bill_cowher,2000,hc_resume,16,2.833213344056216,0.3333333333333333,0,1,1999,1999,1,0
bill_parcells,2000,hc_resume,16,2.833213344056216,0.3333333333333333,0,1,1999,1999,1,0
bobby_ross,2000,hc_resume,16,2.833213344056216,0.3333333333333333,0,1,1999,1999,1,0
brian_billick,2000,hc_resume,16,2.833213344056216,0.3333333333333333,0,1,1999,1999,1,0
bruce_coslet,2000,hc_resume,16,2.833213344056216,0.3333333333333333,0,1,1999,1999,1,0
chan_gailey,2000,hc_resume,16,2.833213344056216,0.3333333333333333,0,1,1999,1999,1,0
chris_palmer,2000,hc_resume,16,2.833213344056216,0.3333333333333333,0,1,1999,1999,1,0
dan_reeves,2000,hc_resume,16,2.833213344056216,0.3333333333333333,0,1,1999,1999,1,0
dennis_green,2000,hc_resume,16,2.833213344056216,0.3333333333333333,0,1,1999,1999,1,0
dick_jauron,2000,hc_resume,16,2.833213344056216,0.3333333333333333,0,1,1999,1999,1,0
dick_vermeil,2000,hc_resume,16,2.833213344056216,0.3333333333333333,0,1,1999,1999,1,0
george_seifert,2000,hc_resume,16,2.833213344056216,0.3333333333333333,0,1,1999,1999,1,0
gunther_cunningham,2000,hc_resume,16,2.833213344056216,0.3333333333333333,0,1,1999,1999,1,0
jeff_fisher,2000,hc_resume,16,2.833213344056216,0.3333333333333333,0,1,1999,1999,1,0
jim_fassel,2000,hc_resume,16,2.833213344056216,0.3333333333333333,0,1,1999,1999,1,0
jim_mora,2000,hc_resume,16,2.833213344056216,0.3333333333333333,0,1,1999,1999,1,0
jimmy_johnson,2000,hc_resume,16,2.833213344056216,0.3333333333333333,0,1,1999,1999,1,0
jon_gruden,2000,hc_resume,16,2.833213344056216,0.3333333333333333,0,1,1999,1999,1,0
mike_ditka,2000,hc_resume,16,2.833213344056216,0.3333333333333333,0,1,1999,1999,1,0
mike_holmgren,2000,hc_resume,16,2.833213344056216,0.3333333333333333,0,1,1999,1999,1,0
mike_riley,2000,hc_resume,16,2.833213344056216,0.3333333333333333,0,1,1999,1999,1,0
mike_shanahan,2000,hc_resume,16,2.833213344056216,0.3333333333333333,0,1,1999,1999,1,0
norv_turner,2000,hc_resume,16,2.833213344056216,0.3333333333333333,0,1,1999,1999,1,0
pete_carroll,2000,hc_resume,16,2.833213344056216,0.3333333333333333,0,1,1999,1999,1,0
ray_rhodes,2000,hc_resume,16,2.833213344056216,0.3333333333333333,0,1,1999,1999,1,0
steve_mariucci,2000,hc_resume,16,2.833213344056216,0.3333333333333333,0,1,1999,1999,1,0
tom_coughlin,2000,hc_resume,16,2.833213344056216,0.3333333333333333,0,1,1999,1999,1,0
tony_dungy,2000,hc_resume,16,2.833213344056216,0.3333333333333333,0,1,1999,1999,1,0
vince_tobin,2000,hc_resume,16,2.833213344056216,0.3333333333333333,0,1,1999,1999,1,0
wade_phillips,2000,hc_resume,16,2.833213344056216,0.3333333333333333,0,1,1999,1999,1,0
andy_reid,2000,unknown_caller_hc_games,16,2.833213344056216,0.3333333333333333,0,1,1999,1999,1,0
bill_cowher,2000,unknown_caller_hc_games,16,2.833213344056216,0.3333333333333333,0,1,1999,1999,1,0
bill_parcells,2000,unknown_caller_hc_games,16,2.833213344056216,0.3333333333333333,0,1,1999,1999,1,0
bobby_ross,2000,unknown_caller_hc_games,16,2.833213344056216,0.3333333333333333,0,1,1999,1999,1,0
brian_billick,2000,unknown_caller_hc_games,16,2.833213344056216,0.3333333333333333,0,1,1999,1999,1,0
bruce_coslet,2000,unknown_caller_hc_games,16,2.833213344056216,0.3333333333333333,0,1,1999,1999,1,0
chan_gailey,2000,unknown_caller_hc_games,16,2.833213344056216,0.3333333333333333,0,1,1999,1999,1,0
chris_palmer,2000,unknown_caller_hc_games,16,2.833213344056216,0.3333333333333333,0,1,1999,1999,1,0
dan_reeves,2000,unknown_caller_hc_games,16,2.833213344056216,0.3333333333333333,0,1,1999,1999,1,0
dennis_green,2000,unknown_caller_hc_games,16,2.833213344056216,0.3333333333333333,0,1,1999,1999,1,0
dick_jauron,2000,unknown_caller_hc_games,16,2.833213344056216,0.3333333333333333,0,1,1999,1999,1,0
dick_vermeil,2000,unknown_caller_hc_games,16,2.833213344056216,0.3333333333333333,0,1,1999,1999,1,0
george_seifert,2000,unknown_caller_hc_games,16,2.833213344056216,0.3333333333333333,0,1,1999,1999,1,0
gunther_cunningham,2000,unknown_caller_hc_games,16,2.833213344056216,0.3333333333333333,0,1,1999,1999,1,0
jeff_fisher,2000,unknown_caller_hc_games,16,2.833213344056216,0.3333333333333333,0,1,1999,1999,1,0
jim_fassel,2000,unknown_caller_hc_games,16,2.833213344056216,0.3333333333333333,0,1,1999,1999,1,0
jim_mora,2000,unknown_caller_hc_games,16,2.833213344056216,0.3333333333333333,0,1,1999,1999,1,0
jimmy_johnson,2000,unknown_caller_hc_games,16,2.833213344056216,0.3333333333333333,0,1,1999,1999,1,0
jon_gruden,2000,unknown_caller_hc_games,16,2.833213344056216,0.3333333333333333,0,1,1999,1999,1,0
mike_ditka,2000,unknown_caller_hc_games,16,2.833213344056216,0.3333333333333333,0,1,1999,1999,1,0
mike_holmgren,2000,unknown_caller_hc_games,16,2.833213344056216,0.3333333333333333,0,1,1999,1999,1,0
mike_riley,2000,unknown_caller_hc_games,16,2.833213344056216,0.3333333333333333,0,1,1999,1999,1,0
mike_shanahan,2000,unknown_caller_hc_games,16,2.833213344056216,0.3333333333333333,0,1,1999,1999,1,0
norv_turner,2000,unknown_caller_hc_games,16,2.833213344056216,0.3333333333333333,0,1,1999,1999,1,0
pete_carroll,2000,unknown_caller_hc_games,16,2.833213344056216,0.3333333333333333,0,1,1999,1999,1,0
ray_rhodes,2000,unknown_caller_hc_games,16,2.833213344056216,0.3333333333333333,0,1,1999,1999,1,0
steve_mariucci,2000,unknown_caller_hc_games,16,2.833213344056216,0.3333333333333333,0,1,1999,1999,1,0
tom_coughlin,2000,unknown_caller_hc_games,16,2.833213344056216,0.3333333333333333,0,1,1999,1999,1,0
tony_dungy,2000,unknown_caller_hc_games,16,2.833213344056216,0.3333333333333333,0,1,1999,1999,1,0
vince_tobin,2000,unknown_caller_hc_games,16,2.833213344056216,0.3333333333333333,0,1,1999,1999,1,0
wade_phillips,2000,unknown_caller_hc_games,16,2.833213344056216,0.3333333333333333,0,1,1999,1999,1,0
al_groh,2001,hc_resume,16,2.833213344056216,0.3333333333333333,0,1,2000,1999,2,0
andy_reid,2001,hc_resume,32,3.4965075614664802,0.5,0,2,2000,1999,2,0
bill_belichick,2001,hc_resume,16,2.833213344056216,0.3333333333333333,0,1,2000,1999,2,0
bill_cowher,2001,hc_resume,32,3.4965075614664802,0.5,0,2,2000,1999,2,0
bill_parcells,2001,hc_resume,16,2.833213344056216,0.3333333333333333,0,1,1999,1999,2,0
bobby_ross,2001,hc_resume,23,3.1780538303479458,0.41818181818181815,0,2,2000,1999,2,0
brian_billick,2001,hc_resume,32,3.4965075614664802,0.5,0,2,2000,1999,2,0
bruce_coslet,2001,hc_resume,19,2.995732273553991,0.37254901960784315,0,2,2000,1999,2,0
chan_gailey,2001,hc_resume,16,2.833213344056216,0.3333333333333333,0,1,1999,1999,2,0
chris_palmer,2001,hc_resume,32,3.4965075614664802,0.5,0,2,2000,1999,2,0
dan_reeves,2001,hc_resume,32,3.4965075614664802,0.5,0,2,2000,1999,2,0
dave_campo,2001,hc_resume,16,2.833213344056216,0.3333333333333333,0,1,2000,1999,2,0
dave_mcginnis,2001,hc_resume,7,2.0794415416798357,0.1794871794871795,0,1,2000,1999,2,0
dave_wannstedt,2001,hc_resume,16,2.833213344056216,0.3333333333333333,0,1,2000,1999,2,0
dennis_green,2001,hc_resume,32,3.4965075614664802,0.5,0,2,2000,1999,2,0
dick_jauron,2001,hc_resume,32,3.4965075614664802,0.5,0,2,2000,1999,2,0
dick_lebeau,2001,hc_resume,13,2.6390573296152584,0.28888888888888886,0,1,2000,1999,2,0
dick_vermeil,2001,hc_resume,16,2.833213344056216,0.3333333333333333,0,1,1999,1999,2,0
gary_moeller,2001,hc_resume,9,2.302585092994046,0.21951219512195122,0,1,2000,1999,2,0
george_seifert,2001,hc_resume,32,3.4965075614664802,0.5,0,2,2000,1999,2,0
gunther_cunningham,2001,hc_resume,32,3.4965075614664802,0.5,0,2,2000,1999,2,0
jeff_fisher,2001,hc_resume,32,3.4965075614664802,0.5,0,2,2000,1999,2,0
jim_fassel,2001,hc_resume,32,3.4965075614664802,0.5,0,2,2000,1999,2,0
jim_haslett,2001,hc_resume,16,2.833213344056216,0.3333333333333333,0,1,2000,1999,2,0
jim_mora,2001,hc_resume,32,3.4965075614664802,0.5,0,2,2000,1999,2,0
jimmy_johnson,2001,hc_resume,16,2.833213344056216,0.3333333333333333,0,1,1999,1999,2,0
jon_gruden,2001,hc_resume,32,3.4965075614664802,0.5,0,2,2000,1999,2,0
mike_ditka,2001,hc_resume,16,2.833213344056216,0.3333333333333333,0,1,1999,1999,2,0
mike_holmgren,2001,hc_resume,32,3.4965075614664802,0.5,0,2,2000,1999,2,0
mike_martz,2001,hc_resume,16,2.833213344056216,0.3333333333333333,0,1,2000,1999,2,0
mike_riley,2001,hc_resume,32,3.4965075614664802,0.5,0,2,2000,1999,2,0
mike_shanahan,2001,hc_resume,32,3.4965075614664802,0.5,0,2,2000,1999,2,0
mike_sherman,2001,hc_resume,16,2.833213344056216,0.3333333333333333,0,1,2000,1999,2,0
norv_turner,2001,hc_resume,19,2.995732273553991,0.37254901960784315,0,2,2000,1999,2,0
pete_carroll,2001,hc_resume,16,2.833213344056216,0.3333333333333333,0,1,1999,1999,2,0
ray_rhodes,2001,hc_resume,16,2.833213344056216,0.3333333333333333,0,1,1999,1999,2,0
steve_mariucci,2001,hc_resume,32,3.4965075614664802,0.5,0,2,2000,1999,2,0
terry_robiskie,2001,hc_resume,13,2.6390573296152584,0.28888888888888886,0,1,2000,1999,2,0
tom_coughlin,2001,hc_resume,32,3.4965075614664802,0.5,0,2,2000,1999,2,0
tony_dungy,2001,hc_resume,32,3.4965075614664802,0.5,0,2,2000,1999,2,0
vince_tobin,2001,hc_resume,25,3.258096538021482,0.43859649122807015,0,2,2000,1999,2,0
wade_phillips,2001,hc_resume,32,3.4965075614664802,0.5,0,2,2000,1999,2,0
al_groh,2001,unknown_caller_hc_games,16,2.833213344056216,0.3333333333333333,0,1,2000,1999,2,0
andy_reid,2001,unknown_caller_hc_games,32,3.4965075614664802,0.5,0,2,2000,1999,2,0
bill_belichick,2001,unknown_caller_hc_games,16,2.833213344056216,0.3333333333333333,0,1,2000,1999,2,0
bill_cowher,2001,unknown_caller_hc_games,32,3.4965075614664802,0.5,0,2,2000,1999,2,0
bill_parcells,2001,unknown_caller_hc_games,16,2.833213344056216,0.3333333333333333,0,1,1999,1999,2,0
bobby_ross,2001,unknown_caller_hc_games,23,3.1780538303479458,0.41818181818181815,0,2,2000,1999,2,0
brian_billick,2001,unknown_caller_hc_games,32,3.4965075614664802,0.5,0,2,2000,1999,2,0
bruce_coslet,2001,unknown_caller_hc_games,19,2.995732273553991,0.37254901960784315,0,2,2000,1999,2,0
chan_gailey,2001,unknown_caller_hc_games,16,2.833213344056216,0.3333333333333333,0,1,1999,1999,2,0
chris_palmer,2001,unknown_caller_hc_games,32,3.4965075614664802,0.5,0,2,2000,1999,2,0
dan_reeves,2001,unknown_caller_hc_games,32,3.4965075614664802,0.5,0,2,2000,1999,2,0
dave_campo,2001,unknown_caller_hc_games,16,2.833213344056216,0.3333333333333333,0,1,2000,1999,2,0
dave_mcginnis,2001,unknown_caller_hc_games,7,2.0794415416798357,0.1794871794871795,0,1,2000,1999,2,0
dave_wannstedt,2001,unknown_caller_hc_games,16,2.833213344056216,0.3333333333333333,0,1,2000,1999,2,0
dennis_green,2001,unknown_caller_hc_games,32,3.4965075614664802,0.5,0,2,2000,1999,2,0
dick_jauron,2001,unknown_caller_hc_games,32,3.4965075614664802,0.5,0,2,2000,1999,2,0
dick_lebeau,2001,unknown_caller_hc_games,13,2.6390573296152584,0.28888888888888886,0,1,2000,1999,2,0
dick_vermeil,2001,unknown_caller_hc_games,16,2.833213344056216,0.3333333333333333,0,1,1999,1999,2,0
gary_moeller,2001,unknown_caller_hc_games,9,2.302585092994046,0.21951219512195122,0,1,2000,1999,2,0
george_seifert,2001,unknown_caller_hc_games,32,3.4965075614664802,0.5,0,2,2000,1999,2,0
gunther_cunningham,2001,unknown_caller_hc_games,32,3.4965075614664802,0.5,0,2,2000,1999,2,0
jeff_fisher,2001,unknown_caller_hc_games,32,3.4965075614664802,0.5,0,2,2000,1999,2,0
jim_fassel,2001,unknown_caller_hc_games,32,3.4965075614664802,0.5,0,2,2000,1999,2,0
jim_haslett,2001,unknown_caller_hc_games,16,2.833213344056216,0.3333333333333333,0,1,2000,1999,2,0
jim_mora,2001,unknown_caller_hc_games,32,3.4965075614664802,0.5,0,2,2000,1999,2,0
jimmy_johnson,2001,unknown_caller_hc_games,16,2.833213344056216,0.3333333333333333,0,1,1999,1999,2,0
jon_gruden,2001,unknown_caller_hc_games,32,3.4965075614664802,0.5,0,2,2000,1999,2,0
mike_ditka,2001,unknown_caller_hc_games,16,2.833213344056216,0.3333333333333333,0,1,1999,1999,2,0
mike_holmgren,2001,unknown_caller_hc_games,32,3.4965075614664802,0.5,0,2,2000,1999,2,0
mike_martz,2001,unknown_caller_hc_games,16,2.833213344056216,0.3333333333333333,0,1,2000,1999,2,0
mike_riley,2001,unknown_caller_hc_games,32,3.4965075614664802,0.5,0,2,2000,1999,2,0
mike_shanahan,2001,unknown_caller_hc_games,32,3.4965075614664802,0.5,0,2,2000,1999,2,0
mike_sherman,2001,unknown_caller_hc_games,16,2.833213344056216,0.3333333333333333,0,1,2000,1999,2,0
norv_turner,2001,unknown_caller_hc_games,19,2.995732273553991,0.37254901960784315,0,2,2000,1999,2,0
pete_carroll,2001,unknown_caller_hc_games,16,2.833213344056216,0.3333333333333333,0,1,1999,1999,2,0
ray_rhodes,2001,unknown_caller_hc_games,16,2.833213344056216,0.3333333333333333,0,1,1999,1999,2,0
steve_mariucci,2001,unknown_caller_hc_games,32,3.4965075614664802,0.5,0,2,2000,1999,2,0
terry_robiskie,2001,unknown_caller_hc_games,13,2.6390573296152584,0.28888888888888886,0,1,2000,1999,2,0
tom_coughlin,2001,unknown_caller_hc_games,32,3.4965075614664802,0.5,0,2,2000,1999,2,0
tony_dungy,2001,unknown_caller_hc_games,32,3.4965075614664802,0.5,0,2,2000,1999,2,0
vince_tobin,2001,unknown_caller_hc_games,25,3.258096538021482,0.43859649122807015,0,2,2000,1999,2,0
wade_phillips,2001,unknown_caller_hc_games,32,3.4965075614664802,0.5,0,2,2000,1999,2,0
al_groh,2002,hc_resume,16,2.833213344056216,0.3333333333333333,0,1,2000,1999,3,0
andy_reid,2002,hc_resume,48,3.8918202981106265,0.6,0,3,2001,1999,3,0
bill_belichick,2002,hc_resume,32,3.4965075614664802,0.5,0,2,2001,1999,3,0
bill_cowher,2002,hc_resume,48,3.8918202981106265,0.6,0,3,2001,1999,3,0
bill_parcells,2002,hc_resume,16,2.833213344056216,0.3333333333333333,0,1,1999,1999,3,0
bobby_ross,2002,hc_resume,23,3.1780538303479458,0.41818181818181815,0,2,2000,1999,3,0
brian_billick,2002,hc_resume,48,3.8918202981106265,0.6,0,3,2001,1999,3,0
bruce_coslet,2002,hc_resume,19,2.995732273553991,0.37254901960784315,0,2,2000,1999,3,0
butch_davis,2002,hc_resume,16,2.833213344056216,0.3333333333333333,0,1,2001,1999,3,0
chan_gailey,2002,hc_resume,16,2.833213344056216,0.3333333333333333,0,1,1999,1999,3,0
chris_palmer,2002,hc_resume,32,3.4965075614664802,0.5,0,2,2000,1999,3,0
dan_reeves,2002,hc_resume,48,3.8918202981106265,0.6,0,3,2001,1999,3,0
dave_campo,2002,hc_resume,32,3.4965075614664802,0.5,0,2,2001,1999,3,0
dave_mcginnis,2002,hc_resume,23,3.1780538303479458,0.41818181818181815,0,2,2001,1999,3,0
dave_wannstedt,2002,hc_resume,32,3.4965075614664802,0.5,0,2,2001,1999,3,0
dennis_green,2002,hc_resume,47,3.871201010907891,0.5949367088607594,0,3,2001,1999,3,0
dick_jauron,2002,hc_resume,48,3.8918202981106265,0.6,0,3,2001,1999,3,0
dick_lebeau,2002,hc_resume,29,3.4011973816621555,0.47540983606557374,0,2,2001,1999,3,0
dick_vermeil,2002,hc_resume,32,3.4965075614664802,0.5,0,2,2001,1999,3,0
gary_moeller,2002,hc_resume,9,2.302585092994046,0.21951219512195122,0,1,2000,1999,3,0
george_seifert,2002,hc_resume,48,3.8918202981106265,0.6,0,3,2001,1999,3,0
gregg_williams,2002,hc_resume,16,2.833213344056216,0.3333333333333333,0,1,2001,1999,3,0
gunther_cunningham,2002,hc_resume,32,3.4965075614664802,0.5,0,2,2000,1999,3,0
herm_edwards,2002,hc_resume,16,2.833213344056216,0.3333333333333333,0,1,2001,1999,3,0
jeff_fisher,2002,hc_resume,48,3.8918202981106265,0.6,0,3,2001,1999,3,0
jim_fassel,2002,hc_resume,48,3.8918202981106265,0.6,0,3,2001,1999,3,0
jim_haslett,2002,hc_resume,32,3.4965075614664802,0.5,0,2,2001,1999,3,0
jim_mora,2002,hc_resume,48,3.8918202981106265,0.6,0,3,2001,1999,3,0
jimmy_johnson,2002,hc_resume,16,2.833213344056216,0.3333333333333333,0,1,1999,1999,3,0
jon_gruden,2002,hc_resume,48,3.8918202981106265,0.6,0,3,2001,1999,3,0
marty_mornhinweg,2002,hc_resume,16,2.833213344056216,0.3333333333333333,0,1,2001,1999,3,0
marty_schottenheimer,2002,hc_resume,16,2.833213344056216,0.3333333333333333,0,1,2001,1999,3,0
mike_ditka,2002,hc_resume,16,2.833213344056216,0.3333333333333333,0,1,1999,1999,3,0
mike_holmgren,2002,hc_resume,48,3.8918202981106265,0.6,0,3,2001,1999,3,0
mike_martz,2002,hc_resume,32,3.4965075614664802,0.5,0,2,2001,1999,3,0
mike_riley,2002,hc_resume,48,3.8918202981106265,0.6,0,3,2001,1999,3,0
mike_shanahan,2002,hc_resume,48,3.8918202981106265,0.6,0,3,2001,1999,3,0
mike_sherman,2002,hc_resume,32,3.4965075614664802,0.5,0,2,2001,1999,3,0
mike_tice,2002,hc_resume,1,0.6931471805599453,0.030303030303030304,0,1,2001,1999,3,0
norv_turner,2002,hc_resume,19,2.995732273553991,0.37254901960784315,0,2,2000,1999,3,0
pete_carroll,2002,hc_resume,16,2.833213344056216,0.3333333333333333,0,1,1999,1999,3,0
ray_rhodes,2002,hc_resume,16,2.833213344056216,0.3333333333333333,0,1,1999,1999,3,0
steve_mariucci,2002,hc_resume,48,3.8918202981106265,0.6,0,3,2001,1999,3,0
terry_robiskie,2002,hc_resume,13,2.6390573296152584,0.28888888888888886,0,1,2000,1999,3,0
tom_coughlin,2002,hc_resume,48,3.8918202981106265,0.6,0,3,2001,1999,3,0
tony_dungy,2002,hc_resume,48,3.8918202981106265,0.6,0,3,2001,1999,3,0
vince_tobin,2002,hc_resume,25,3.258096538021482,0.43859649122807015,0,2,2000,1999,3,0
wade_phillips,2002,hc_resume,32,3.4965075614664802,0.5,0,2,2000,1999,3,0
al_groh,2002,unknown_caller_hc_games,16,2.833213344056216,0.3333333333333333,0,1,2000,1999,3,0
andy_reid,2002,unknown_caller_hc_games,48,3.8918202981106265,0.6,0,3,2001,1999,3,0
bill_belichick,2002,unknown_caller_hc_games,32,3.4965075614664802,0.5,0,2,2001,1999,3,0
bill_cowher,2002,unknown_caller_hc_games,48,3.8918202981106265,0.6,0,3,2001,1999,3,0
bill_parcells,2002,unknown_caller_hc_games,16,2.833213344056216,0.3333333333333333,0,1,1999,1999,3,0
bobby_ross,2002,unknown_caller_hc_games,23,3.1780538303479458,0.41818181818181815,0,2,2000,1999,3,0
brian_billick,2002,unknown_caller_hc_games,48,3.8918202981106265,0.6,0,3,2001,1999,3,0
bruce_coslet,2002,unknown_caller_hc_games,19,2.995732273553991,0.37254901960784315,0,2,2000,1999,3,0
butch_davis,2002,unknown_caller_hc_games,16,2.833213344056216,0.3333333333333333,0,1,2001,1999,3,0
chan_gailey,2002,unknown_caller_hc_games,16,2.833213344056216,0.3333333333333333,0,1,1999,1999,3,0
chris_palmer,2002,unknown_caller_hc_games,32,3.4965075614664802,0.5,0,2,2000,1999,3,0
dan_reeves,2002,unknown_caller_hc_games,48,3.8918202981106265,0.6,0,3,2001,1999,3,0
dave_campo,2002,unknown_caller_hc_games,32,3.4965075614664802,0.5,0,2,2001,1999,3,0
dave_mcginnis,2002,unknown_caller_hc_games,23,3.1780538303479458,0.41818181818181815,0,2,2001,1999,3,0
dave_wannstedt,2002,unknown_caller_hc_games,32,3.4965075614664802,0.5,0,2,2001,1999,3,0
dennis_green,2002,unknown_caller_hc_games,47,3.871201010907891,0.5949367088607594,0,3,2001,1999,3,0
dick_jauron,2002,unknown_caller_hc_games,48,3.8918202981106265,0.6,0,3,2001,1999,3,0
dick_lebeau,2002,unknown_caller_hc_games,29,3.4011973816621555,0.47540983606557374,0,2,2001,1999,3,0
dick_vermeil,2002,unknown_caller_hc_games,32,3.4965075614664802,0.5,0,2,2001,1999,3,0
gary_moeller,2002,unknown_caller_hc_games,9,2.302585092994046,0.21951219512195122,0,1,2000,1999,3,0
george_seifert,2002,unknown_caller_hc_games,48,3.8918202981106265,0.6,0,3,2001,1999,3,0
gregg_williams,2002,unknown_caller_hc_games,16,2.833213344056216,0.3333333333333333,0,1,2001,1999,3,0
gunther_cunningham,2002,unknown_caller_hc_games,32,3.4965075614664802,0.5,0,2,2000,1999,3,0
herm_edwards,2002,unknown_caller_hc_games,16,2.833213344056216,0.3333333333333333,0,1,2001,1999,3,0
jeff_fisher,2002,unknown_caller_hc_games,48,3.8918202981106265,0.6,0,3,2001,1999,3,0
jim_fassel,2002,unknown_caller_hc_games,48,3.8918202981106265,0.6,0,3,2001,1999,3,0
jim_haslett,2002,unknown_caller_hc_games,32,3.4965075614664802,0.5,0,2,2001,1999,3,0
jim_mora,2002,unknown_caller_hc_games,48,3.8918202981106265,0.6,0,3,2001,1999,3,0
jimmy_johnson,2002,unknown_caller_hc_games,16,2.833213344056216,0.3333333333333333,0,1,1999,1999,3,0
jon_gruden,2002,unknown_caller_hc_games,48,3.8918202981106265,0.6,0,3,2001,1999,3,0
marty_mornhinweg,2002,unknown_caller_hc_games,16,2.833213344056216,0.3333333333333333,0,1,2001,1999,3,0
marty_schottenheimer,2002,unknown_caller_hc_games,16,2.833213344056216,0.3333333333333333,0,1,2001,1999,3,0
mike_ditka,2002,unknown_caller_hc_games,16,2.833213344056216,0.3333333333333333,0,1,1999,1999,3,0
mike_holmgren,2002,unknown_caller_hc_games,48,3.8918202981106265,0.6,0,3,2001,1999,3,0
mike_martz,2002,unknown_caller_hc_games,32,3.4965075614664802,0.5,0,2,2001,1999,3,0
mike_riley,2002,unknown_caller_hc_games,48,3.8918202981106265,0.6,0,3,2001,1999,3,0
mike_shanahan,2002,unknown_caller_hc_games,48,3.8918202981106265,0.6,0,3,2001,1999,3,0
mike_sherman,2002,unknown_caller_hc_games,32,3.4965075614664802,0.5,0,2,2001,1999,3,0
mike_tice,2002,unknown_caller_hc_games,1,0.6931471805599453,0.030303030303030304,0,1,2001,1999,3,0
norv_turner,2002,unknown_caller_hc_games,19,2.995732273553991,0.37254901960784315,0,2,2000,1999,3,0
pete_carroll,2002,unknown_caller_hc_games,16,2.833213344056216,0.3333333333333333,0,1,1999,1999,3,0
ray_rhodes,2002,unknown_caller_hc_games,16,2.833213344056216,0.3333333333333333,0,1,1999,1999,3,0
steve_mariucci,2002,unknown_caller_hc_games,48,3.8918202981106265,0.6,0,3,2001,1999,3,0
terry_robiskie,2002,unknown_caller_hc_games,13,2.6390573296152584,0.28888888888888886,0,1,2000,1999,3,0
tom_coughlin,2002,unknown_caller_hc_games,48,3.8918202981106265,0.6,0,3,2001,1999,3,0
tony_dungy,2002,unknown_caller_hc_games,48,3.8918202981106265,0.6,0,3,2001,1999,3,0
vince_tobin,2002,unknown_caller_hc_games,25,3.258096538021482,0.43859649122807015,0,2,2000,1999,3,0
wade_phillips,2002,unknown_caller_hc_games,32,3.4965075614664802,0.5,0,2,2000,1999,3,0
al_groh,2003,hc_resume,16,2.833213344056216,0.3333333333333333,0,1,2000,1999,4,0
andy_reid,2003,hc_resume,64,4.174387269895637,0.6666666666666666,0,4,2002,1999,4,0
bill_belichick,2003,hc_resume,48,3.8918202981106265,0.6,0,3,2002,1999,4,0
bill_callahan,2003,hc_resume,16,2.833213344056216,0.3333333333333333,0,1,2002,1999,4,0
bill_cowher,2003,hc_resume,64,4.174387269895637,0.6666666666666666,0,4,2002,1999,4,0
bill_parcells,2003,hc_resume,16,2.833213344056216,0.3333333333333333,0,1,1999,1999,4,0
bobby_ross,2003,hc_resume,23,3.1780538303479458,0.41818181818181815,0,2,2000,1999,4,0
brian_billick,2003,hc_resume,64,4.174387269895637,0.6666666666666666,0,4,2002,1999,4,0
bruce_coslet,2003,hc_resume,19,2.995732273553991,0.37254901960784315,0,2,2000,1999,4,0
butch_davis,2003,hc_resume,32,3.4965075614664802,0.5,0,2,2002,1999,4,0
chan_gailey,2003,hc_resume,16,2.833213344056216,0.3333333333333333,0,1,1999,1999,4,0
chris_palmer,2003,hc_resume,32,3.4965075614664802,0.5,0,2,2000,1999,4,0
dan_reeves,2003,hc_resume,64,4.174387269895637,0.6666666666666666,0,4,2002,1999,4,0
dave_campo,2003,hc_resume,48,3.8918202981106265,0.6,0,3,2002,1999,4,0
dave_mcginnis,2003,hc_resume,39,3.6888794541139363,0.5492957746478874,0,3,2002,1999,4,0
dave_wannstedt,2003,hc_resume,48,3.8918202981106265,0.6,0,3,2002,1999,4,0
dennis_green,2003,hc_resume,47,3.871201010907891,0.5949367088607594,0,3,2001,1999,4,0
dick_jauron,2003,hc_resume,64,4.174387269895637,0.6666666666666666,0,4,2002,1999,4,0
dick_lebeau,2003,hc_resume,45,3.828641396489095,0.5844155844155844,0,3,2002,1999,4,0
dick_vermeil,2003,hc_resume,48,3.8918202981106265,0.6,0,3,2002,1999,4,0
dom_capers,2003,hc_resume,16,2.833213344056216,0.3333333333333333,0,1,2002,1999,4,0
gary_moeller,2003,hc_resume,9,2.302585092994046,0.21951219512195122,0,1,2000,1999,4,0
george_seifert,2003,hc_resume,48,3.8918202981106265,0.6,0,3,2001,1999,4,0
gregg_williams,2003,hc_resume,32,3.4965075614664802,0.5,0,2,2002,1999,4,0
gunther_cunningham,2003,hc_resume,32,3.4965075614664802,0.5,0,2,2000,1999,4,0
herm_edwards,2003,hc_resume,32,3.4965075614664802,0.5,0,2,2002,1999,4,0
jeff_fisher,2003,hc_resume,64,4.174387269895637,0.6666666666666666,0,4,2002,1999,4,0
jim_fassel,2003,hc_resume,64,4.174387269895637,0.6666666666666666,0,4,2002,1999,4,0
jim_haslett,2003,hc_resume,48,3.8918202981106265,0.6,0,3,2002,1999,4,0
jim_mora,2003,hc_resume,48,3.8918202981106265,0.6,0,3,2001,1999,4,0
jimmy_johnson,2003,hc_resume,16,2.833213344056216,0.3333333333333333,0,1,1999,1999,4,0
john_fox,2003,hc_resume,16,2.833213344056216,0.3333333333333333,0,1,2002,1999,4,0
jon_gruden,2003,hc_resume,64,4.174387269895637,0.6666666666666666,0,4,2002,1999,4,0
marty_mornhinweg,2003,hc_resume,32,3.4965075614664802,0.5,0,2,2002,1999,4,0
marty_schottenheimer,2003,hc_resume,32,3.4965075614664802,0.5,0,2,2002,1999,4,0
mike_ditka,2003,hc_resume,16,2.833213344056216,0.3333333333333333,0,1,1999,1999,4,0
mike_holmgren,2003,hc_resume,64,4.174387269895637,0.6666666666666666,0,4,2002,1999,4,0
mike_martz,2003,hc_resume,48,3.8918202981106265,0.6,0,3,2002,1999,4,0
mike_riley,2003,hc_resume,48,3.8918202981106265,0.6,0,3,2001,1999,4,0
mike_shanahan,2003,hc_resume,64,4.174387269895637,0.6666666666666666,0,4,2002,1999,4,0
mike_sherman,2003,hc_resume,48,3.8918202981106265,0.6,0,3,2002,1999,4,0
mike_tice,2003,hc_resume,17,2.8903717578961645,0.3469387755102041,0,2,2002,1999,4,0
norv_turner,2003,hc_resume,19,2.995732273553991,0.37254901960784315,0,2,2000,1999,4,0
pete_carroll,2003,hc_resume,16,2.833213344056216,0.3333333333333333,0,1,1999,1999,4,0
ray_rhodes,2003,hc_resume,16,2.833213344056216,0.3333333333333333,0,1,1999,1999,4,0
steve_mariucci,2003,hc_resume,64,4.174387269895637,0.6666666666666666,0,4,2002,1999,4,0
steve_spurrier,2003,hc_resume,16,2.833213344056216,0.3333333333333333,0,1,2002,1999,4,0
terry_robiskie,2003,hc_resume,13,2.6390573296152584,0.28888888888888886,0,1,2000,1999,4,0
tom_coughlin,2003,hc_resume,64,4.174387269895637,0.6666666666666666,0,4,2002,1999,4,0
tony_dungy,2003,hc_resume,64,4.174387269895637,0.6666666666666666,0,4,2002,1999,4,0
vince_tobin,2003,hc_resume,25,3.258096538021482,0.43859649122807015,0,2,2000,1999,4,0
wade_phillips,2003,hc_resume,32,3.4965075614664802,0.5,0,2,2000,1999,4,0
al_groh,2003,unknown_caller_hc_games,16,2.833213344056216,0.3333333333333333,0,1,2000,1999,4,0
andy_reid,2003,unknown_caller_hc_games,64,4.174387269895637,0.6666666666666666,0,4,2002,1999,4,0
bill_belichick,2003,unknown_caller_hc_games,48,3.8918202981106265,0.6,0,3,2002,1999,4,0
bill_callahan,2003,unknown_caller_hc_games,16,2.833213344056216,0.3333333333333333,0,1,2002,1999,4,0
bill_cowher,2003,unknown_caller_hc_games,64,4.174387269895637,0.6666666666666666,0,4,2002,1999,4,0
bill_parcells,2003,unknown_caller_hc_games,16,2.833213344056216,0.3333333333333333,0,1,1999,1999,4,0
bobby_ross,2003,unknown_caller_hc_games,23,3.1780538303479458,0.41818181818181815,0,2,2000,1999,4,0
brian_billick,2003,unknown_caller_hc_games,64,4.174387269895637,0.6666666666666666,0,4,2002,1999,4,0
bruce_coslet,2003,unknown_caller_hc_games,19,2.995732273553991,0.37254901960784315,0,2,2000,1999,4,0
butch_davis,2003,unknown_caller_hc_games,32,3.4965075614664802,0.5,0,2,2002,1999,4,0
chan_gailey,2003,unknown_caller_hc_games,16,2.833213344056216,0.3333333333333333,0,1,1999,1999,4,0
chris_palmer,2003,unknown_caller_hc_games,32,3.4965075614664802,0.5,0,2,2000,1999,4,0
dan_reeves,2003,unknown_caller_hc_games,64,4.174387269895637,0.6666666666666666,0,4,2002,1999,4,0
dave_campo,2003,unknown_caller_hc_games,48,3.8918202981106265,0.6,0,3,2002,1999,4,0
dave_mcginnis,2003,unknown_caller_hc_games,39,3.6888794541139363,0.5492957746478874,0,3,2002,1999,4,0
dave_wannstedt,2003,unknown_caller_hc_games,48,3.8918202981106265,0.6,0,3,2002,1999,4,0
dennis_green,2003,unknown_caller_hc_games,47,3.871201010907891,0.5949367088607594,0,3,2001,1999,4,0
dick_jauron,2003,unknown_caller_hc_games,64,4.174387269895637,0.6666666666666666,0,4,2002,1999,4,0
dick_lebeau,2003,unknown_caller_hc_games,45,3.828641396489095,0.5844155844155844,0,3,2002,1999,4,0
dick_vermeil,2003,unknown_caller_hc_games,48,3.8918202981106265,0.6,0,3,2002,1999,4,0
dom_capers,2003,unknown_caller_hc_games,16,2.833213344056216,0.3333333333333333,0,1,2002,1999,4,0
gary_moeller,2003,unknown_caller_hc_games,9,2.302585092994046,0.21951219512195122,0,1,2000,1999,4,0
george_seifert,2003,unknown_caller_hc_games,48,3.8918202981106265,0.6,0,3,2001,1999,4,0
gregg_williams,2003,unknown_caller_hc_games,32,3.4965075614664802,0.5,0,2,2002,1999,4,0
gunther_cunningham,2003,unknown_caller_hc_games,32,3.4965075614664802,0.5,0,2,2000,1999,4,0
herm_edwards,2003,unknown_caller_hc_games,32,3.4965075614664802,0.5,0,2,2002,1999,4,0
jeff_fisher,2003,unknown_caller_hc_games,64,4.174387269895637,0.6666666666666666,0,4,2002,1999,4,0
jim_fassel,2003,unknown_caller_hc_games,64,4.174387269895637,0.6666666666666666,0,4,2002,1999,4,0
jim_haslett,2003,unknown_caller_hc_games,48,3.8918202981106265,0.6,0,3,2002,1999,4,0
jim_mora,2003,unknown_caller_hc_games,48,3.8918202981106265,0.6,0,3,2001,1999,4,0
jimmy_johnson,2003,unknown_caller_hc_games,16,2.833213344056216,0.3333333333333333,0,1,1999,1999,4,0
john_fox,2003,unknown_caller_hc_games,16,2.833213344056216,0.3333333333333333,0,1,2002,1999,4,0
jon_gruden,2003,unknown_caller_hc_games,64,4.174387269895637,0.6666666666666666,0,4,2002,1999,4,0
marty_mornhinweg,2003,unknown_caller_hc_games,32,3.4965075614664802,0.5,0,2,2002,1999,4,0
marty_schottenheimer,2003,unknown_caller_hc_games,32,3.4965075614664802,0.5,0,2,2002,1999,4,0
mike_ditka,2003,unknown_caller_hc_games,16,2.833213344056216,0.3333333333333333,0,1,1999,1999,4,0
mike_holmgren,2003,unknown_caller_hc_games,64,4.174387269895637,0.6666666666666666,0,4,2002,1999,4,0
mike_martz,2003,unknown_caller_hc_games,48,3.8918202981106265,0.6,0,3,2002,1999,4,0
mike_riley,2003,unknown_caller_hc_games,48,3.8918202981106265,0.6,0,3,2001,1999,4,0
mike_shanahan,2003,unknown_caller_hc_games,64,4.174387269895637,0.6666666666666666,0,4,2002,1999,4,0
mike_sherman,2003,unknown_caller_hc_games,48,3.8918202981106265,0.6,0,3,2002,1999,4,0
mike_tice,2003,unknown_caller_hc_games,17,2.8903717578961645,0.3469387755102041,0,2,2002,1999,4,0
norv_turner,2003,unknown_caller_hc_games,19,2.995732273553991,0.37254901960784315,0,2,2000,1999,4,0
pete_carroll,2003,unknown_caller_hc_games,16,2.833213344056216,0.3333333333333333,0,1,1999,1999,4,0
ray_rhodes,2003,unknown_caller_hc_games,16,2.833213344056216,0.3333333333333333,0,1,1999,1999,4,0
steve_mariucci,2003,unknown_caller_hc_games,64,4.174387269895637,0.6666666666666666,0,4,2002,1999,4,0
steve_spurrier,2003,unknown_caller_hc_games,16,2.833213344056216,0.3333333333333333,0,1,2002,1999,4,0
terry_robiskie,2003,unknown_caller_hc_games,13,2.6390573296152584,0.28888888888888886,0,1,2000,1999,4,0
tom_coughlin,2003,unknown_caller_hc_games,64,4.174387269895637,0.6666666666666666,0,4,2002,1999,4,0
tony_dungy,2003,unknown_caller_hc_games,64,4.174387269895637,0.6666666666666666,0,4,2002,1999,4,0
vince_tobin,2003,unknown_caller_hc_games,25,3.258096538021482,0.43859649122807015,0,2,2000,1999,4,0
wade_phillips,2003,unknown_caller_hc_games,32,3.4965075614664802,0.5,0,2,2000,1999,4,0
al_groh,2004,hc_resume,16,2.833213344056216,0.3333333333333333,0,1,2000,1999,5,0
andy_reid,2004,hc_resume,80,4.394449154672439,0.7142857142857143,0,5,2003,1999,5,0
bill_belichick,2004,hc_resume,64,4.174387269895637,0.6666666666666666,0,4,2003,1999,5,0
bill_callahan,2004,hc_resume,32,3.4965075614664802,0.5,0,2,2003,1999,5,0
bill_cowher,2004,hc_resume,80,4.394449154672439,0.7142857142857143,0,5,2003,1999,5,0
bill_parcells,2004,hc_resume,32,3.4965075614664802,0.5,0,2,2003,1999,5,0
bobby_ross,2004,hc_resume,23,3.1780538303479458,0.41818181818181815,0,2,2000,1999,5,0
brian_billick,2004,hc_resume,80,4.394449154672439,0.7142857142857143,0,5,2003,1999,5,0
bruce_coslet,2004,hc_resume,19,2.995732273553991,0.37254901960784315,0,2,2000,1999,5,0
butch_davis,2004,hc_resume,48,3.8918202981106265,0.6,0,3,2003,1999,5,0
chan_gailey,2004,hc_resume,16,2.833213344056216,0.3333333333333333,0,1,1999,1999,5,0
chris_palmer,2004,hc_resume,32,3.4965075614664802,0.5,0,2,2000,1999,5,0
dan_reeves,2004,hc_resume,77,4.356708826689592,0.7064220183486238,0,5,2003,1999,5,0
dave_campo,2004,hc_resume,48,3.8918202981106265,0.6,0,3,2002,1999,5,0
dave_mcginnis,2004,hc_resume,55,4.02535169073515,0.632183908045977,0,4,2003,1999,5,0
dave_wannstedt,2004,hc_resume,64,4.174387269895637,0.6666666666666666,0,4,2003,1999,5,0
dennis_erickson,2004,hc_resume,16,2.833213344056216,0.3333333333333333,0,1,2003,1999,5,0
dennis_green,2004,hc_resume,47,3.871201010907891,0.5949367088607594,0,3,2001,1999,5,0
dick_jauron,2004,hc_resume,80,4.394449154672439,0.7142857142857143,0,5,2003,1999,5,0
dick_lebeau,2004,hc_resume,45,3.828641396489095,0.5844155844155844,0,3,2002,1999,5,0
dick_vermeil,2004,hc_resume,64,4.174387269895637,0.6666666666666666,0,4,2003,1999,5,0
dom_capers,2004,hc_resume,32,3.4965075614664802,0.5,0,2,2003,1999,5,0
gary_moeller,2004,hc_resume,9,2.302585092994046,0.21951219512195122,0,1,2000,1999,5,0
george_seifert,2004,hc_resume,48,3.8918202981106265,0.6,0,3,2001,1999,5,0
gregg_williams,2004,hc_resume,48,3.8918202981106265,0.6,0,3,2003,1999,5,0
gunther_cunningham,2004,hc_resume,32,3.4965075614664802,0.5,0,2,2000,1999,5,0
herm_edwards,2004,hc_resume,48,3.8918202981106265,0.6,0,3,2003,1999,5,0
jack_del_rio,2004,hc_resume,16,2.833213344056216,0.3333333333333333,0,1,2003,1999,5,0
jeff_fisher,2004,hc_resume,80,4.394449154672439,0.7142857142857143,0,5,2003,1999,5,0
jim_fassel,2004,hc_resume,80,4.394449154672439,0.7142857142857143,0,5,2003,1999,5,0
jim_haslett,2004,hc_resume,64,4.174387269895637,0.6666666666666666,0,4,2003,1999,5,0
jim_mora,2004,hc_resume,48,3.8918202981106265,0.6,0,3,2001,1999,5,0
jimmy_johnson,2004,hc_resume,16,2.833213344056216,0.3333333333333333,0,1,1999,1999,5,0
john_fox,2004,hc_resume,32,3.4965075614664802,0.5,0,2,2003,1999,5,0
jon_gruden,2004,hc_resume,80,4.394449154672439,0.7142857142857143,0,5,2003,1999,5,0
marty_mornhinweg,2004,hc_resume,32,3.4965075614664802,0.5,0,2,2002,1999,5,0
marty_schottenheimer,2004,hc_resume,48,3.8918202981106265,0.6,0,3,2003,1999,5,0
marvin_lewis,2004,hc_resume,16,2.833213344056216,0.3333333333333333,0,1,2003,1999,5,0
mike_ditka,2004,hc_resume,16,2.833213344056216,0.3333333333333333,0,1,1999,1999,5,0
mike_holmgren,2004,hc_resume,80,4.394449154672439,0.7142857142857143,0,5,2003,1999,5,0
mike_martz,2004,hc_resume,64,4.174387269895637,0.6666666666666666,0,4,2003,1999,5,0
mike_riley,2004,hc_resume,48,3.8918202981106265,0.6,0,3,2001,1999,5,0
mike_shanahan,2004,hc_resume,80,4.394449154672439,0.7142857142857143,0,5,2003,1999,5,0
mike_sherman,2004,hc_resume,64,4.174387269895637,0.6666666666666666,0,4,2003,1999,5,0
mike_tice,2004,hc_resume,33,3.5263605246161616,0.5076923076923077,0,3,2003,1999,5,0
norv_turner,2004,hc_resume,19,2.995732273553991,0.37254901960784315,0,2,2000,1999,5,0
pete_carroll,2004,hc_resume,16,2.833213344056216,0.3333333333333333,0,1,1999,1999,5,0
ray_rhodes,2004,hc_resume,16,2.833213344056216,0.3333333333333333,0,1,1999,1999,5,0
steve_mariucci,2004,hc_resume,80,4.394449154672439,0.7142857142857143,0,5,2003,1999,5,0
steve_spurrier,2004,hc_resume,32,3.4965075614664802,0.5,0,2,2003,1999,5,0
terry_robiskie,2004,hc_resume,13,2.6390573296152584,0.28888888888888886,0,1,2000,1999,5,0
tom_coughlin,2004,hc_resume,64,4.174387269895637,0.6666666666666666,0,4,2002,1999,5,0
tony_dungy,2004,hc_resume,80,4.394449154672439,0.7142857142857143,0,5,2003,1999,5,0
vince_tobin,2004,hc_resume,25,3.258096538021482,0.43859649122807015,0,2,2000,1999,5,0
wade_phillips,2004,hc_resume,35,3.58351893845611,0.5223880597014925,0,3,2003,1999,5,0
al_groh,2004,unknown_caller_hc_games,16,2.833213344056216,0.3333333333333333,0,1,2000,1999,5,0
andy_reid,2004,unknown_caller_hc_games,80,4.394449154672439,0.7142857142857143,0,5,2003,1999,5,0
bill_belichick,2004,unknown_caller_hc_games,64,4.174387269895637,0.6666666666666666,0,4,2003,1999,5,0
bill_callahan,2004,unknown_caller_hc_games,32,3.4965075614664802,0.5,0,2,2003,1999,5,0
bill_cowher,2004,unknown_caller_hc_games,80,4.394449154672439,0.7142857142857143,0,5,2003,1999,5,0
bill_parcells,2004,unknown_caller_hc_games,32,3.4965075614664802,0.5,0,2,2003,1999,5,0
bobby_ross,2004,unknown_caller_hc_games,23,3.1780538303479458,0.41818181818181815,0,2,2000,1999,5,0
brian_billick,2004,unknown_caller_hc_games,80,4.394449154672439,0.7142857142857143,0,5,2003,1999,5,0
bruce_coslet,2004,unknown_caller_hc_games,19,2.995732273553991,0.37254901960784315,0,2,2000,1999,5,0
butch_davis,2004,unknown_caller_hc_games,48,3.8918202981106265,0.6,0,3,2003,1999,5,0
chan_gailey,2004,unknown_caller_hc_games,16,2.833213344056216,0.3333333333333333,0,1,1999,1999,5,0
chris_palmer,2004,unknown_caller_hc_games,32,3.4965075614664802,0.5,0,2,2000,1999,5,0
dan_reeves,2004,unknown_caller_hc_games,77,4.356708826689592,0.7064220183486238,0,5,2003,1999,5,0
dave_campo,2004,unknown_caller_hc_games,48,3.8918202981106265,0.6,0,3,2002,1999,5,0
dave_mcginnis,2004,unknown_caller_hc_games,55,4.02535169073515,0.632183908045977,0,4,2003,1999,5,0
dave_wannstedt,2004,unknown_caller_hc_games,64,4.174387269895637,0.6666666666666666,0,4,2003,1999,5,0
dennis_erickson,2004,unknown_caller_hc_games,16,2.833213344056216,0.3333333333333333,0,1,2003,1999,5,0
dennis_green,2004,unknown_caller_hc_games,47,3.871201010907891,0.5949367088607594,0,3,2001,1999,5,0
dick_jauron,2004,unknown_caller_hc_games,80,4.394449154672439,0.7142857142857143,0,5,2003,1999,5,0
dick_lebeau,2004,unknown_caller_hc_games,45,3.828641396489095,0.5844155844155844,0,3,2002,1999,5,0
dick_vermeil,2004,unknown_caller_hc_games,64,4.174387269895637,0.6666666666666666,0,4,2003,1999,5,0
dom_capers,2004,unknown_caller_hc_games,32,3.4965075614664802,0.5,0,2,2003,1999,5,0
gary_moeller,2004,unknown_caller_hc_games,9,2.302585092994046,0.21951219512195122,0,1,2000,1999,5,0
george_seifert,2004,unknown_caller_hc_games,48,3.8918202981106265,0.6,0,3,2001,1999,5,0
gregg_williams,2004,unknown_caller_hc_games,48,3.8918202981106265,0.6,0,3,2003,1999,5,0
gunther_cunningham,2004,unknown_caller_hc_games,32,3.4965075614664802,0.5,0,2,2000,1999,5,0
herm_edwards,2004,unknown_caller_hc_games,48,3.8918202981106265,0.6,0,3,2003,1999,5,0
jack_del_rio,2004,unknown_caller_hc_games,16,2.833213344056216,0.3333333333333333,0,1,2003,1999,5,0
jeff_fisher,2004,unknown_caller_hc_games,80,4.394449154672439,0.7142857142857143,0,5,2003,1999,5,0
jim_fassel,2004,unknown_caller_hc_games,80,4.394449154672439,0.7142857142857143,0,5,2003,1999,5,0
jim_haslett,2004,unknown_caller_hc_games,64,4.174387269895637,0.6666666666666666,0,4,2003,1999,5,0
jim_mora,2004,unknown_caller_hc_games,48,3.8918202981106265,0.6,0,3,2001,1999,5,0
jimmy_johnson,2004,unknown_caller_hc_games,16,2.833213344056216,0.3333333333333333,0,1,1999,1999,5,0
john_fox,2004,unknown_caller_hc_games,32,3.4965075614664802,0.5,0,2,2003,1999,5,0
jon_gruden,2004,unknown_caller_hc_games,80,4.394449154672439,0.7142857142857143,0,5,2003,1999,5,0
marty_mornhinweg,2004,unknown_caller_hc_games,32,3.4965075614664802,0.5,0,2,2002,1999,5,0
marty_schottenheimer,2004,unknown_caller_hc_games,48,3.8918202981106265,0.6,0,3,2003,1999,5,0
marvin_lewis,2004,unknown_caller_hc_games,16,2.833213344056216,0.3333333333333333,0,1,2003,1999,5,0
mike_ditka,2004,unknown_caller_hc_games,16,2.833213344056216,0.3333333333333333,0,1,1999,1999,5,0
mike_holmgren,2004,unknown_caller_hc_games,80,4.394449154672439,0.7142857142857143,0,5,2003,1999,5,0
mike_martz,2004,unknown_caller_hc_games,64,4.174387269895637,0.6666666666666666,0,4,2003,1999,5,0
mike_riley,2004,unknown_caller_hc_games,48,3.8918202981106265,0.6,0,3,2001,1999,5,0
mike_shanahan,2004,unknown_caller_hc_games,80,4.394449154672439,0.7142857142857143,0,5,2003,1999,5,0
mike_sherman,2004,unknown_caller_hc_games,64,4.174387269895637,0.6666666666666666,0,4,2003,1999,5,0
mike_tice,2004,unknown_caller_hc_games,33,3.5263605246161616,0.5076923076923077,0,3,2003,1999,5,0
norv_turner,2004,unknown_caller_hc_games,19,2.995732273553991,0.37254901960784315,0,2,2000,1999,5,0
pete_carroll,2004,unknown_caller_hc_games,16,2.833213344056216,0.3333333333333333,0,1,1999,1999,5,0
ray_rhodes,2004,unknown_caller_hc_games,16,2.833213344056216,0.3333333333333333,0,1,1999,1999,5,0
steve_mariucci,2004,unknown_caller_hc_games,80,4.394449154672439,0.7142857142857143,0,5,2003,1999,5,0
steve_spurrier,2004,unknown_caller_hc_games,32,3.4965075614664802,0.5,0,2,2003,1999,5,0
terry_robiskie,2004,unknown_caller_hc_games,13,2.6390573296152584,0.28888888888888886,0,1,2000,1999,5,0
tom_coughlin,2004,unknown_caller_hc_games,64,4.174387269895637,0.6666666666666666,0,4,2002,1999,5,0
tony_dungy,2004,unknown_caller_hc_games,80,4.394449154672439,0.7142857142857143,0,5,2003,1999,5,0
vince_tobin,2004,unknown_caller_hc_games,25,3.258096538021482,0.43859649122807015,0,2,2000,1999,5,0
wade_phillips,2004,unknown_caller_hc_games,35,3.58351893845611,0.5223880597014925,0,3,2003,1999,5,0
al_groh,2005,hc_resume,16,2.833213344056216,0.3333333333333333,0,1,2000,1999,6,0
andy_reid,2005,hc_resume,96,4.574710978503383,0.75,0,6,2004,1999,6,0
bill_belichick,2005,hc_resume,80,4.394449154672439,0.7142857142857143,0,5,2004,1999,6,0
bill_callahan,2005,hc_resume,32,3.4965075614664802,0.5,0,2,2003,1999,6,0
bill_cowher,2005,hc_resume,96,4.574710978503383,0.75,0,6,2004,1999,6,0
bill_parcells,2005,hc_resume,48,3.8918202981106265,0.6,0,3,2004,1999,6,0
bobby_ross,2005,hc_resume,23,3.1780538303479458,0.41818181818181815,0,2,2000,1999,6,0
brian_billick,2005,hc_resume,96,4.574710978503383,0.75,0,6,2004,1999,6,0
bruce_coslet,2005,hc_resume,19,2.995732273553991,0.37254901960784315,0,2,2000,1999,6,0
butch_davis,2005,hc_resume,59,4.0943445622221,0.6483516483516484,0,4,2004,1999,6,0
chan_gailey,2005,hc_resume,16,2.833213344056216,0.3333333333333333,0,1,1999,1999,6,0
chris_palmer,2005,hc_resume,32,3.4965075614664802,0.5,0,2,2000,1999,6,0
dan_reeves,2005,hc_resume,77,4.356708826689592,0.7064220183486238,0,5,2003,1999,6,0
dave_campo,2005,hc_resume,48,3.8918202981106265,0.6,0,3,2002,1999,6,0
dave_mcginnis,2005,hc_resume,55,4.02535169073515,0.632183908045977,0,4,2003,1999,6,0
dave_wannstedt,2005,hc_resume,73,4.30406509320417,0.6952380952380952,0,5,2004,1999,6,0
dennis_erickson,2005,hc_resume,32,3.4965075614664802,0.5,0,2,2004,1999,6,0
dennis_green,2005,hc_resume,63,4.1588830833596715,0.6631578947368421,0,4,2004,1999,6,0
dick_jauron,2005,hc_resume,80,4.394449154672439,0.7142857142857143,0,5,2003,1999,6,0
dick_lebeau,2005,hc_resume,45,3.828641396489095,0.5844155844155844,0,3,2002,1999,6,0
dick_vermeil,2005,hc_resume,80,4.394449154672439,0.7142857142857143,0,5,2004,1999,6,0
dom_capers,2005,hc_resume,48,3.8918202981106265,0.6,0,3,2004,1999,6,0
gary_moeller,2005,hc_resume,9,2.302585092994046,0.21951219512195122,0,1,2000,1999,6,0
george_seifert,2005,hc_resume,48,3.8918202981106265,0.6,0,3,2001,1999,6,0
gregg_williams,2005,hc_resume,48,3.8918202981106265,0.6,0,3,2003,1999,6,0
gunther_cunningham,2005,hc_resume,32,3.4965075614664802,0.5,0,2,2000,1999,6,0
herm_edwards,2005,hc_resume,64,4.174387269895637,0.6666666666666666,0,4,2004,1999,6,0
jack_del_rio,2005,hc_resume,32,3.4965075614664802,0.5,0,2,2004,1999,6,0
jeff_fisher,2005,hc_resume,96,4.574710978503383,0.75,0,6,2004,1999,6,0
jim_bates,2005,hc_resume,7,2.0794415416798357,0.1794871794871795,0,1,2004,1999,6,0
jim_fassel,2005,hc_resume,80,4.394449154672439,0.7142857142857143,0,5,2003,1999,6,0
jim_haslett,2005,hc_resume,80,4.394449154672439,0.7142857142857143,0,5,2004,1999,6,0
jim_mora,2005,hc_resume,64,4.174387269895637,0.6666666666666666,0,4,2004,1999,6,0
jimmy_johnson,2005,hc_resume,16,2.833213344056216,0.3333333333333333,0,1,1999,1999,6,0
joe_gibbs,2005,hc_resume,16,2.833213344056216,0.3333333333333333,0,1,2004,1999,6,0
john_fox,2005,hc_resume,48,3.8918202981106265,0.6,0,3,2004,1999,6,0
jon_gruden,2005,hc_resume,96,4.574710978503383,0.75,0,6,2004,1999,6,0
lovie_smith,2005,hc_resume,16,2.833213344056216,0.3333333333333333,0,1,2004,1999,6,0
marty_mornhinweg,2005,hc_resume,32,3.4965075614664802,0.5,0,2,2002,1999,6,0
marty_schottenheimer,2005,hc_resume,64,4.174387269895637,0.6666666666666666,0,4,2004,1999,6,0
marvin_lewis,2005,hc_resume,32,3.4965075614664802,0.5,0,2,2004,1999,6,0
mike_ditka,2005,hc_resume,16,2.833213344056216,0.3333333333333333,0,1,1999,1999,6,0
mike_holmgren,2005,hc_resume,96,4.574710978503383,0.75,0,6,2004,1999,6,0
mike_martz,2005,hc_resume,80,4.394449154672439,0.7142857142857143,0,5,2004,1999,6,0
mike_mularkey,2005,hc_resume,16,2.833213344056216,0.3333333333333333,0,1,2004,1999,6,0
mike_riley,2005,hc_resume,48,3.8918202981106265,0.6,0,3,2001,1999,6,0
mike_shanahan,2005,hc_resume,96,4.574710978503383,0.75,0,6,2004,1999,6,0
mike_sherman,2005,hc_resume,80,4.394449154672439,0.7142857142857143,0,5,2004,1999,6,0
mike_tice,2005,hc_resume,49,3.912023005428146,0.6049382716049383,0,4,2004,1999,6,0
norv_turner,2005,hc_resume,35,3.58351893845611,0.5223880597014925,0,3,2004,1999,6,0
pete_carroll,2005,hc_resume,16,2.833213344056216,0.3333333333333333,0,1,1999,1999,6,0
ray_rhodes,2005,hc_resume,16,2.833213344056216,0.3333333333333333,0,1,1999,1999,6,0
steve_mariucci,2005,hc_resume,96,4.574710978503383,0.75,0,6,2004,1999,6,0
steve_spurrier,2005,hc_resume,32,3.4965075614664802,0.5,0,2,2003,1999,6,0
terry_robiskie,2005,hc_resume,18,2.9444389791664403,0.36,0,2,2004,1999,6,0
tom_coughlin,2005,hc_resume,80,4.394449154672439,0.7142857142857143,0,5,2004,1999,6,0
tony_dungy,2005,hc_resume,96,4.574710978503383,0.75,0,6,2004,1999,6,0
vince_tobin,2005,hc_resume,25,3.258096538021482,0.43859649122807015,0,2,2000,1999,6,0
wade_phillips,2005,hc_resume,35,3.58351893845611,0.5223880597014925,0,3,2003,1999,6,0
al_groh,2005,unknown_caller_hc_games,16,2.833213344056216,0.3333333333333333,0,1,2000,1999,6,0
andy_reid,2005,unknown_caller_hc_games,96,4.574710978503383,0.75,0,6,2004,1999,6,0
bill_belichick,2005,unknown_caller_hc_games,80,4.394449154672439,0.7142857142857143,0,5,2004,1999,6,0
bill_callahan,2005,unknown_caller_hc_games,32,3.4965075614664802,0.5,0,2,2003,1999,6,0
bill_cowher,2005,unknown_caller_hc_games,96,4.574710978503383,0.75,0,6,2004,1999,6,0
bill_parcells,2005,unknown_caller_hc_games,48,3.8918202981106265,0.6,0,3,2004,1999,6,0
bobby_ross,2005,unknown_caller_hc_games,23,3.1780538303479458,0.41818181818181815,0,2,2000,1999,6,0
brian_billick,2005,unknown_caller_hc_games,96,4.574710978503383,0.75,0,6,2004,1999,6,0
bruce_coslet,2005,unknown_caller_hc_games,19,2.995732273553991,0.37254901960784315,0,2,2000,1999,6,0
butch_davis,2005,unknown_caller_hc_games,59,4.0943445622221,0.6483516483516484,0,4,2004,1999,6,0
chan_gailey,2005,unknown_caller_hc_games,16,2.833213344056216,0.3333333333333333,0,1,1999,1999,6,0
chris_palmer,2005,unknown_caller_hc_games,32,3.4965075614664802,0.5,0,2,2000,1999,6,0
dan_reeves,2005,unknown_caller_hc_games,77,4.356708826689592,0.7064220183486238,0,5,2003,1999,6,0
dave_campo,2005,unknown_caller_hc_games,48,3.8918202981106265,0.6,0,3,2002,1999,6,0
dave_mcginnis,2005,unknown_caller_hc_games,55,4.02535169073515,0.632183908045977,0,4,2003,1999,6,0
dave_wannstedt,2005,unknown_caller_hc_games,73,4.30406509320417,0.6952380952380952,0,5,2004,1999,6,0
dennis_erickson,2005,unknown_caller_hc_games,32,3.4965075614664802,0.5,0,2,2004,1999,6,0
dennis_green,2005,unknown_caller_hc_games,63,4.1588830833596715,0.6631578947368421,0,4,2004,1999,6,0
dick_jauron,2005,unknown_caller_hc_games,80,4.394449154672439,0.7142857142857143,0,5,2003,1999,6,0
dick_lebeau,2005,unknown_caller_hc_games,45,3.828641396489095,0.5844155844155844,0,3,2002,1999,6,0
dick_vermeil,2005,unknown_caller_hc_games,80,4.394449154672439,0.7142857142857143,0,5,2004,1999,6,0
dom_capers,2005,unknown_caller_hc_games,48,3.8918202981106265,0.6,0,3,2004,1999,6,0
gary_moeller,2005,unknown_caller_hc_games,9,2.302585092994046,0.21951219512195122,0,1,2000,1999,6,0
george_seifert,2005,unknown_caller_hc_games,48,3.8918202981106265,0.6,0,3,2001,1999,6,0
gregg_williams,2005,unknown_caller_hc_games,48,3.8918202981106265,0.6,0,3,2003,1999,6,0
gunther_cunningham,2005,unknown_caller_hc_games,32,3.4965075614664802,0.5,0,2,2000,1999,6,0
herm_edwards,2005,unknown_caller_hc_games,64,4.174387269895637,0.6666666666666666,0,4,2004,1999,6,0
jack_del_rio,2005,unknown_caller_hc_games,32,3.4965075614664802,0.5,0,2,2004,1999,6,0
jeff_fisher,2005,unknown_caller_hc_games,96,4.574710978503383,0.75,0,6,2004,1999,6,0
jim_bates,2005,unknown_caller_hc_games,7,2.0794415416798357,0.1794871794871795,0,1,2004,1999,6,0
jim_fassel,2005,unknown_caller_hc_games,80,4.394449154672439,0.7142857142857143,0,5,2003,1999,6,0
jim_haslett,2005,unknown_caller_hc_games,80,4.394449154672439,0.7142857142857143,0,5,2004,1999,6,0
jim_mora,2005,unknown_caller_hc_games,64,4.174387269895637,0.6666666666666666,0,4,2004,1999,6,0
jimmy_johnson,2005,unknown_caller_hc_games,16,2.833213344056216,0.3333333333333333,0,1,1999,1999,6,0
joe_gibbs,2005,unknown_caller_hc_games,16,2.833213344056216,0.3333333333333333,0,1,2004,1999,6,0
john_fox,2005,unknown_caller_hc_games,48,3.8918202981106265,0.6,0,3,2004,1999,6,0
jon_gruden,2005,unknown_caller_hc_games,96,4.574710978503383,0.75,0,6,2004,1999,6,0
lovie_smith,2005,unknown_caller_hc_games,16,2.833213344056216,0.3333333333333333,0,1,2004,1999,6,0
marty_mornhinweg,2005,unknown_caller_hc_games,32,3.4965075614664802,0.5,0,2,2002,1999,6,0
marty_schottenheimer,2005,unknown_caller_hc_games,64,4.174387269895637,0.6666666666666666,0,4,2004,1999,6,0
marvin_lewis,2005,unknown_caller_hc_games,32,3.4965075614664802,0.5,0,2,2004,1999,6,0
mike_ditka,2005,unknown_caller_hc_games,16,2.833213344056216,0.3333333333333333,0,1,1999,1999,6,0
mike_holmgren,2005,unknown_caller_hc_games,96,4.574710978503383,0.75,0,6,2004,1999,6,0
mike_martz,2005,unknown_caller_hc_games,80,4.394449154672439,0.7142857142857143,0,5,2004,1999,6,0
mike_mularkey,2005,unknown_caller_hc_games,16,2.833213344056216,0.3333333333333333,0,1,2004,1999,6,0
mike_riley,2005,unknown_caller_hc_games,48,3.8918202981106265,0.6,0,3,2001,1999,6,0
mike_shanahan,2005,unknown_caller_hc_games,96,4.574710978503383,0.75,0,6,2004,1999,6,0
mike_sherman,2005,unknown_caller_hc_games,80,4.394449154672439,0.7142857142857143,0,5,2004,1999,6,0
mike_tice,2005,unknown_caller_hc_games,49,3.912023005428146,0.6049382716049383,0,4,2004,1999,6,0
norv_turner,2005,unknown_caller_hc_games,35,3.58351893845611,0.5223880597014925,0,3,2004,1999,6,0
pete_carroll,2005,unknown_caller_hc_games,16,2.833213344056216,0.3333333333333333,0,1,1999,1999,6,0
ray_rhodes,2005,unknown_caller_hc_games,16,2.833213344056216,0.3333333333333333,0,1,1999,1999,6,0
steve_mariucci,2005,unknown_caller_hc_games,96,4.574710978503383,0.75,0,6,2004,1999,6,0
steve_spurrier,2005,unknown_caller_hc_games,32,3.4965075614664802,0.5,0,2,2003,1999,6,0
terry_robiskie,2005,unknown_caller_hc_games,18,2.9444389791664403,0.36,0,2,2004,1999,6,0
tom_coughlin,2005,unknown_caller_hc_games,80,4.394449154672439,0.7142857142857143,0,5,2004,1999,6,0
tony_dungy,2005,unknown_caller_hc_games,96,4.574710978503383,0.75,0,6,2004,1999,6,0
vince_tobin,2005,unknown_caller_hc_games,25,3.258096538021482,0.43859649122807015,0,2,2000,1999,6,0
wade_phillips,2005,unknown_caller_hc_games,35,3.58351893845611,0.5223880597014925,0,3,2003,1999,6,0
al_groh,2006,hc_resume,16,2.833213344056216,0.3333333333333333,0,1,2000,1999,7,0
andy_reid,2006,hc_resume,112,4.727387818712341,0.7777777777777778,0,7,2005,1999,7,0
bill_belichick,2006,hc_resume,96,4.574710978503383,0.75,0,6,2005,1999,7,0
bill_callahan,2006,hc_resume,32,3.4965075614664802,0.5,0,2,2003,1999,7,0
bill_cowher,2006,hc_resume,112,4.727387818712341,0.7777777777777778,0,7,2005,1999,7,0
bill_parcells,2006,hc_resume,64,4.174387269895637,0.6666666666666666,0,4,2005,1999,7,0
bobby_ross,2006,hc_resume,23,3.1780538303479458,0.41818181818181815,0,2,2000,1999,7,0
brian_billick,2006,hc_resume,112,4.727387818712341,0.7777777777777778,0,7,2005,1999,7,0
bruce_coslet,2006,hc_resume,19,2.995732273553991,0.37254901960784315,0,2,2000,1999,7,0
butch_davis,2006,hc_resume,59,4.0943445622221,0.6483516483516484,0,4,2004,1999,7,0
chan_gailey,2006,hc_resume,16,2.833213344056216,0.3333333333333333,0,1,1999,1999,7,0
chris_palmer,2006,hc_resume,32,3.4965075614664802,0.5,0,2,2000,1999,7,0
dan_reeves,2006,hc_resume,77,4.356708826689592,0.7064220183486238,0,5,2003,1999,7,0
dave_campo,2006,hc_resume,48,3.8918202981106265,0.6,0,3,2002,1999,7,0
dave_mcginnis,2006,hc_resume,55,4.02535169073515,0.632183908045977,0,4,2003,1999,7,0
dave_wannstedt,2006,hc_resume,73,4.30406509320417,0.6952380952380952,0,5,2004,1999,7,0
dennis_erickson,2006,hc_resume,32,3.4965075614664802,0.5,0,2,2004,1999,7,0
dennis_green,2006,hc_resume,79,4.382026634673881,0.7117117117117117,0,5,2005,1999,7,0
dick_jauron,2006,hc_resume,85,4.454347296253507,0.7264957264957265,0,6,2005,1999,7,0
dick_lebeau,2006,hc_resume,45,3.828641396489095,0.5844155844155844,0,3,2002,1999,7,0
dick_vermeil,2006,hc_resume,96,4.574710978503383,0.75,0,6,2005,1999,7,0
dom_capers,2006,hc_resume,64,4.174387269895637,0.6666666666666666,0,4,2005,1999,7,0
gary_moeller,2006,hc_resume,9,2.302585092994046,0.21951219512195122,0,1,2000,1999,7,0
george_seifert,2006,hc_resume,48,3.8918202981106265,0.6,0,3,2001,1999,7,0
gregg_williams,2006,hc_resume,48,3.8918202981106265,0.6,0,3,2003,1999,7,0
gunther_cunningham,2006,hc_resume,32,3.4965075614664802,0.5,0,2,2000,1999,7,0
herm_edwards,2006,hc_resume,80,4.394449154672439,0.7142857142857143,0,5,2005,1999,7,0
jack_del_rio,2006,hc_resume,48,3.8918202981106265,0.6,0,3,2005,1999,7,0
jeff_fisher,2006,hc_resume,112,4.727387818712341,0.7777777777777778,0,7,2005,1999,7,0
jim_bates,2006,hc_resume,7,2.0794415416798357,0.1794871794871795,0,1,2004,1999,7,0
jim_fassel,2006,hc_resume,80,4.394449154672439,0.7142857142857143,0,5,2003,1999,7,0
jim_haslett,2006,hc_resume,96,4.574710978503383,0.75,0,6,2005,1999,7,0
jim_mora,2006,hc_resume,80,4.394449154672439,0.7142857142857143,0,5,2005,1999,7,0
jimmy_johnson,2006,hc_resume,16,2.833213344056216,0.3333333333333333,0,1,1999,1999,7,0
joe_gibbs,2006,hc_resume,32,3.4965075614664802,0.5,0,2,2005,1999,7,0
joe_vitt,2006,hc_resume,11,2.4849066497880004,0.2558139534883721,0,1,2005,1999,7,0
john_fox,2006,hc_resume,64,4.174387269895637,0.6666666666666666,0,4,2005,1999,7,0
jon_gruden,2006,hc_resume,112,4.727387818712341,0.7777777777777778,0,7,2005,1999,7,0
lovie_smith,2006,hc_resume,32,3.4965075614664802,0.5,0,2,2005,1999,7,0
marty_mornhinweg,2006,hc_resume,32,3.4965075614664802,0.5,0,2,2002,1999,7,0
marty_schottenheimer,2006,hc_resume,80,4.394449154672439,0.7142857142857143,0,5,2005,1999,7,0
marvin_lewis,2006,hc_resume,48,3.8918202981106265,0.6,0,3,2005,1999,7,0
mike_ditka,2006,hc_resume,16,2.833213344056216,0.3333333333333333,0,1,1999,1999,7,0
mike_holmgren,2006,hc_resume,112,4.727387818712341,0.7777777777777778,0,7,2005,1999,7,0
mike_martz,2006,hc_resume,85,4.454347296253507,0.7264957264957265,0,6,2005,1999,7,0
mike_mularkey,2006,hc_resume,32,3.4965075614664802,0.5,0,2,2005,1999,7,0
mike_nolan,2006,hc_resume,16,2.833213344056216,0.3333333333333333,0,1,2005,1999,7,0
mike_riley,2006,hc_resume,48,3.8918202981106265,0.6,0,3,2001,1999,7,0
mike_shanahan,2006,hc_resume,112,4.727387818712341,0.7777777777777778,0,7,2005,1999,7,0
mike_sherman,2006,hc_resume,96,4.574710978503383,0.75,0,6,2005,1999,7,0
mike_tice,2006,hc_resume,65,4.189654742026425,0.6701030927835051,0,5,2005,1999,7,0
nick_saban,2006,hc_resume,16,2.833213344056216,0.3333333333333333,0,1,2005,1999,7,0
norv_turner,2006,hc_resume,51,3.9512437185814275,0.6144578313253012,0,4,2005,1999,7,0
pete_carroll,2006,hc_resume,16,2.833213344056216,0.3333333333333333,0,1,1999,1999,7,0
ray_rhodes,2006,hc_resume,16,2.833213344056216,0.3333333333333333,0,1,1999,1999,7,0
romeo_crennel,2006,hc_resume,16,2.833213344056216,0.3333333333333333,0,1,2005,1999,7,0
steve_mariucci,2006,hc_resume,107,4.68213122712422,0.7697841726618705,0,7,2005,1999,7,0
steve_spurrier,2006,hc_resume,32,3.4965075614664802,0.5,0,2,2003,1999,7,0
terry_robiskie,2006,hc_resume,18,2.9444389791664403,0.36,0,2,2004,1999,7,0
tom_coughlin,2006,hc_resume,96,4.574710978503383,0.75,0,6,2005,1999,7,0
tony_dungy,2006,hc_resume,112,4.727387818712341,0.7777777777777778,0,7,2005,1999,7,0
vince_tobin,2006,hc_resume,25,3.258096538021482,0.43859649122807015,0,2,2000,1999,7,0
wade_phillips,2006,hc_resume,35,3.58351893845611,0.5223880597014925,0,3,2003,1999,7,0
al_groh,2006,unknown_caller_hc_games,16,2.833213344056216,0.3333333333333333,0,1,2000,1999,7,0
andy_reid,2006,unknown_caller_hc_games,112,4.727387818712341,0.7777777777777778,0,7,2005,1999,7,0
bill_belichick,2006,unknown_caller_hc_games,96,4.574710978503383,0.75,0,6,2005,1999,7,0
bill_callahan,2006,unknown_caller_hc_games,32,3.4965075614664802,0.5,0,2,2003,1999,7,0
bill_cowher,2006,unknown_caller_hc_games,112,4.727387818712341,0.7777777777777778,0,7,2005,1999,7,0
bill_parcells,2006,unknown_caller_hc_games,64,4.174387269895637,0.6666666666666666,0,4,2005,1999,7,0
bobby_ross,2006,unknown_caller_hc_games,23,3.1780538303479458,0.41818181818181815,0,2,2000,1999,7,0
brian_billick,2006,unknown_caller_hc_games,112,4.727387818712341,0.7777777777777778,0,7,2005,1999,7,0
bruce_coslet,2006,unknown_caller_hc_games,19,2.995732273553991,0.37254901960784315,0,2,2000,1999,7,0
butch_davis,2006,unknown_caller_hc_games,59,4.0943445622221,0.6483516483516484,0,4,2004,1999,7,0
chan_gailey,2006,unknown_caller_hc_games,16,2.833213344056216,0.3333333333333333,0,1,1999,1999,7,0
chris_palmer,2006,unknown_caller_hc_games,32,3.4965075614664802,0.5,0,2,2000,1999,7,0
dan_reeves,2006,unknown_caller_hc_games,77,4.356708826689592,0.7064220183486238,0,5,2003,1999,7,0
dave_campo,2006,unknown_caller_hc_games,48,3.8918202981106265,0.6,0,3,2002,1999,7,0
dave_mcginnis,2006,unknown_caller_hc_games,55,4.02535169073515,0.632183908045977,0,4,2003,1999,7,0
dave_wannstedt,2006,unknown_caller_hc_games,73,4.30406509320417,0.6952380952380952,0,5,2004,1999,7,0
dennis_erickson,2006,unknown_caller_hc_games,32,3.4965075614664802,0.5,0,2,2004,1999,7,0
dennis_green,2006,unknown_caller_hc_games,79,4.382026634673881,0.7117117117117117,0,5,2005,1999,7,0
dick_jauron,2006,unknown_caller_hc_games,85,4.454347296253507,0.7264957264957265,0,6,2005,1999,7,0
dick_lebeau,2006,unknown_caller_hc_games,45,3.828641396489095,0.5844155844155844,0,3,2002,1999,7,0
dick_vermeil,2006,unknown_caller_hc_games,96,4.574710978503383,0.75,0,6,2005,1999,7,0
dom_capers,2006,unknown_caller_hc_games,64,4.174387269895637,0.6666666666666666,0,4,2005,1999,7,0
gary_moeller,2006,unknown_caller_hc_games,9,2.302585092994046,0.21951219512195122,0,1,2000,1999,7,0
george_seifert,2006,unknown_caller_hc_games,48,3.8918202981106265,0.6,0,3,2001,1999,7,0
gregg_williams,2006,unknown_caller_hc_games,48,3.8918202981106265,0.6,0,3,2003,1999,7,0
gunther_cunningham,2006,unknown_caller_hc_games,32,3.4965075614664802,0.5,0,2,2000,1999,7,0
herm_edwards,2006,unknown_caller_hc_games,80,4.394449154672439,0.7142857142857143,0,5,2005,1999,7,0
jack_del_rio,2006,unknown_caller_hc_games,48,3.8918202981106265,0.6,0,3,2005,1999,7,0
jeff_fisher,2006,unknown_caller_hc_games,112,4.727387818712341,0.7777777777777778,0,7,2005,1999,7,0
jim_bates,2006,unknown_caller_hc_games,7,2.0794415416798357,0.1794871794871795,0,1,2004,1999,7,0
jim_fassel,2006,unknown_caller_hc_games,80,4.394449154672439,0.7142857142857143,0,5,2003,1999,7,0
jim_haslett,2006,unknown_caller_hc_games,96,4.574710978503383,0.75,0,6,2005,1999,7,0
jim_mora,2006,unknown_caller_hc_games,80,4.394449154672439,0.7142857142857143,0,5,2005,1999,7,0
jimmy_johnson,2006,unknown_caller_hc_games,16,2.833213344056216,0.3333333333333333,0,1,1999,1999,7,0
joe_gibbs,2006,unknown_caller_hc_games,32,3.4965075614664802,0.5,0,2,2005,1999,7,0
joe_vitt,2006,unknown_caller_hc_games,11,2.4849066497880004,0.2558139534883721,0,1,2005,1999,7,0
john_fox,2006,unknown_caller_hc_games,64,4.174387269895637,0.6666666666666666,0,4,2005,1999,7,0
jon_gruden,2006,unknown_caller_hc_games,112,4.727387818712341,0.7777777777777778,0,7,2005,1999,7,0
lovie_smith,2006,unknown_caller_hc_games,32,3.4965075614664802,0.5,0,2,2005,1999,7,0
marty_mornhinweg,2006,unknown_caller_hc_games,32,3.4965075614664802,0.5,0,2,2002,1999,7,0
marty_schottenheimer,2006,unknown_caller_hc_games,80,4.394449154672439,0.7142857142857143,0,5,2005,1999,7,0
marvin_lewis,2006,unknown_caller_hc_games,48,3.8918202981106265,0.6,0,3,2005,1999,7,0
mike_ditka,2006,unknown_caller_hc_games,16,2.833213344056216,0.3333333333333333,0,1,1999,1999,7,0
mike_holmgren,2006,unknown_caller_hc_games,112,4.727387818712341,0.7777777777777778,0,7,2005,1999,7,0
mike_martz,2006,unknown_caller_hc_games,85,4.454347296253507,0.7264957264957265,0,6,2005,1999,7,0
mike_mularkey,2006,unknown_caller_hc_games,32,3.4965075614664802,0.5,0,2,2005,1999,7,0
mike_nolan,2006,unknown_caller_hc_games,16,2.833213344056216,0.3333333333333333,0,1,2005,1999,7,0
mike_riley,2006,unknown_caller_hc_games,48,3.8918202981106265,0.6,0,3,2001,1999,7,0
mike_shanahan,2006,unknown_caller_hc_games,112,4.727387818712341,0.7777777777777778,0,7,2005,1999,7,0
mike_sherman,2006,unknown_caller_hc_games,96,4.574710978503383,0.75,0,6,2005,1999,7,0
mike_tice,2006,unknown_caller_hc_games,65,4.189654742026425,0.6701030927835051,0,5,2005,1999,7,0
nick_saban,2006,unknown_caller_hc_games,16,2.833213344056216,0.3333333333333333,0,1,2005,1999,7,0
norv_turner,2006,unknown_caller_hc_games,51,3.9512437185814275,0.6144578313253012,0,4,2005,1999,7,0
pete_carroll,2006,unknown_caller_hc_games,16,2.833213344056216,0.3333333333333333,0,1,1999,1999,7,0
ray_rhodes,2006,unknown_caller_hc_games,16,2.833213344056216,0.3333333333333333,0,1,1999,1999,7,0
romeo_crennel,2006,unknown_caller_hc_games,16,2.833213344056216,0.3333333333333333,0,1,2005,1999,7,0
steve_mariucci,2006,unknown_caller_hc_games,107,4.68213122712422,0.7697841726618705,0,7,2005,1999,7,0
steve_spurrier,2006,unknown_caller_hc_games,32,3.4965075614664802,0.5,0,2,2003,1999,7,0
terry_robiskie,2006,unknown_caller_hc_games,18,2.9444389791664403,0.36,0,2,2004,1999,7,0
tom_coughlin,2006,unknown_caller_hc_games,96,4.574710978503383,0.75,0,6,2005,1999,7,0
tony_dungy,2006,unknown_caller_hc_games,112,4.727387818712341,0.7777777777777778,0,7,2005,1999,7,0
vince_tobin,2006,unknown_caller_hc_games,25,3.258096538021482,0.43859649122807015,0,2,2000,1999,7,0
wade_phillips,2006,unknown_caller_hc_games,35,3.58351893845611,0.5223880597014925,0,3,2003,1999,7,0
al_groh,2007,hc_resume,16,2.833213344056216,0.3333333333333333,0,1,2000,1999,8,0
andy_reid,2007,hc_resume,128,4.859812404361672,0.8,0,8,2006,1999,8,0
art_shell,2007,hc_resume,16,2.833213344056216,0.3333333333333333,0,1,2006,1999,8,0
bill_belichick,2007,hc_resume,112,4.727387818712341,0.7777777777777778,0,7,2006,1999,8,0
bill_callahan,2007,hc_resume,32,3.4965075614664802,0.5,0,2,2003,1999,8,0
bill_cowher,2007,hc_resume,128,4.859812404361672,0.8,0,8,2006,1999,8,0
bill_parcells,2007,hc_resume,80,4.394449154672439,0.7142857142857143,0,5,2006,1999,8,0
bobby_ross,2007,hc_resume,23,3.1780538303479458,0.41818181818181815,0,2,2000,1999,8,0
brad_childress,2007,hc_resume,16,2.833213344056216,0.3333333333333333,0,1,2006,1999,8,0
brian_billick,2007,hc_resume,128,4.859812404361672,0.8,0,8,2006,1999,8,0
bruce_coslet,2007,hc_resume,19,2.995732273553991,0.37254901960784315,0,2,2000,1999,8,0
butch_davis,2007,hc_resume,59,4.0943445622221,0.6483516483516484,0,4,2004,1999,8,0
chan_gailey,2007,hc_resume,16,2.833213344056216,0.3333333333333333,0,1,1999,1999,8,0
chris_palmer,2007,hc_resume,32,3.4965075614664802,0.5,0,2,2000,1999,8,0
dan_reeves,2007,hc_resume,77,4.356708826689592,0.7064220183486238,0,5,2003,1999,8,0
dave_campo,2007,hc_resume,48,3.8918202981106265,0.6,0,3,2002,1999,8,0
dave_mcginnis,2007,hc_resume,55,4.02535169073515,0.632183908045977,0,4,2003,1999,8,0
dave_wannstedt,2007,hc_resume,73,4.30406509320417,0.6952380952380952,0,5,2004,1999,8,0
dennis_erickson,2007,hc_resume,32,3.4965075614664802,0.5,0,2,2004,1999,8,0
dennis_green,2007,hc_resume,95,4.564348191467836,0.7480314960629921,0,6,2006,1999,8,0
dick_jauron,2007,hc_resume,101,4.624972813284271,0.7593984962406015,0,7,2006,1999,8,0
dick_lebeau,2007,hc_resume,45,3.828641396489095,0.5844155844155844,0,3,2002,1999,8,0
dick_vermeil,2007,hc_resume,96,4.574710978503383,0.75,0,6,2005,1999,8,0
dom_capers,2007,hc_resume,64,4.174387269895637,0.6666666666666666,0,4,2005,1999,8,0
eric_mangini,2007,hc_resume,16,2.833213344056216,0.3333333333333333,0,1,2006,1999,8,0
gary_kubiak,2007,hc_resume,16,2.833213344056216,0.3333333333333333,0,1,2006,1999,8,0
gary_moeller,2007,hc_resume,9,2.302585092994046,0.21951219512195122,0,1,2000,1999,8,0
george_seifert,2007,hc_resume,48,3.8918202981106265,0.6,0,3,2001,1999,8,0
gregg_williams,2007,hc_resume,48,3.8918202981106265,0.6,0,3,2003,1999,8,0
gunther_cunningham,2007,hc_resume,32,3.4965075614664802,0.5,0,2,2000,1999,8,0
herm_edwards,2007,hc_resume,96,4.574710978503383,0.75,0,6,2006,1999,8,0
jack_del_rio,2007,hc_resume,64,4.174387269895637,0.6666666666666666,0,4,2006,1999,8,0
jeff_fisher,2007,hc_resume,128,4.859812404361672,0.8,0,8,2006,1999,8,0
jim_bates,2007,hc_resume,7,2.0794415416798357,0.1794871794871795,0,1,2004,1999,8,0
jim_fassel,2007,hc_resume,80,4.394449154672439,0.7142857142857143,0,5,2003,1999,8,0
jim_haslett,2007,hc_resume,96,4.574710978503383,0.75,0,6,2005,1999,8,0
jim_mora,2007,hc_resume,96,4.574710978503383,0.75,0,6,2006,1999,8,0
jimmy_johnson,2007,hc_resume,16,2.833213344056216,0.3333333333333333,0,1,1999,1999,8,0
joe_gibbs,2007,hc_resume,48,3.8918202981106265,0.6,0,3,2006,1999,8,0
joe_vitt,2007,hc_resume,11,2.4849066497880004,0.2558139534883721,0,1,2005,1999,8,0
john_fox,2007,hc_resume,80,4.394449154672439,0.7142857142857143,0,5,2006,1999,8,0
jon_gruden,2007,hc_resume,128,4.859812404361672,0.8,0,8,2006,1999,8,0
lovie_smith,2007,hc_resume,48,3.8918202981106265,0.6,0,3,2006,1999,8,0
marty_mornhinweg,2007,hc_resume,32,3.4965075614664802,0.5,0,2,2002,1999,8,0
marty_schottenheimer,2007,hc_resume,96,4.574710978503383,0.75,0,6,2006,1999,8,0
marvin_lewis,2007,hc_resume,64,4.174387269895637,0.6666666666666666,0,4,2006,1999,8,0
mike_ditka,2007,hc_resume,16,2.833213344056216,0.3333333333333333,0,1,1999,1999,8,0
mike_holmgren,2007,hc_resume,128,4.859812404361672,0.8,0,8,2006,1999,8,0
mike_martz,2007,hc_resume,85,4.454347296253507,0.7264957264957265,0,6,2005,1999,8,0
mike_mccarthy,2007,hc_resume,16,2.833213344056216,0.3333333333333333,0,1,2006,1999,8,0
mike_mularkey,2007,hc_resume,32,3.4965075614664802,0.5,0,2,2005,1999,8,0
mike_nolan,2007,hc_resume,32,3.4965075614664802,0.5,0,2,2006,1999,8,0
mike_riley,2007,hc_resume,48,3.8918202981106265,0.6,0,3,2001,1999,8,0
mike_shanahan,2007,hc_resume,128,4.859812404361672,0.8,0,8,2006,1999,8,0
mike_sherman,2007,hc_resume,96,4.574710978503383,0.75,0,6,2005,1999,8,0
mike_tice,2007,hc_resume,65,4.189654742026425,0.6701030927835051,0,5,2005,1999,8,0
nick_saban,2007,hc_resume,32,3.4965075614664802,0.5,0,2,2006,1999,8,0
norv_turner,2007,hc_resume,51,3.9512437185814275,0.6144578313253012,0,4,2005,1999,8,0
pete_carroll,2007,hc_resume,16,2.833213344056216,0.3333333333333333,0,1,1999,1999,8,0
ray_rhodes,2007,hc_resume,16,2.833213344056216,0.3333333333333333,0,1,1999,1999,8,0
rod_marinelli,2007,hc_resume,16,2.833213344056216,0.3333333333333333,0,1,2006,1999,8,0
romeo_crennel,2007,hc_resume,32,3.4965075614664802,0.5,0,2,2006,1999,8,0
scott_linehan,2007,hc_resume,16,2.833213344056216,0.3333333333333333,0,1,2006,1999,8,0
sean_payton,2007,hc_resume,16,2.833213344056216,0.3333333333333333,0,1,2006,1999,8,0
steve_mariucci,2007,hc_resume,107,4.68213122712422,0.7697841726618705,0,7,2005,1999,8,0
steve_spurrier,2007,hc_resume,32,3.4965075614664802,0.5,0,2,2003,1999,8,0
terry_robiskie,2007,hc_resume,18,2.9444389791664403,0.36,0,2,2004,1999,8,0
tom_coughlin,2007,hc_resume,112,4.727387818712341,0.7777777777777778,0,7,2006,1999,8,0
tony_dungy,2007,hc_resume,128,4.859812404361672,0.8,0,8,2006,1999,8,0
vince_tobin,2007,hc_resume,25,3.258096538021482,0.43859649122807015,0,2,2000,1999,8,0
wade_phillips,2007,hc_resume,35,3.58351893845611,0.5223880597014925,0,3,2003,1999,8,0
al_groh,2007,unknown_caller_hc_games,16,2.833213344056216,0.3333333333333333,0,1,2000,1999,8,0
andy_reid,2007,unknown_caller_hc_games,128,4.859812404361672,0.8,0,8,2006,1999,8,0
art_shell,2007,unknown_caller_hc_games,16,2.833213344056216,0.3333333333333333,0,1,2006,1999,8,0
bill_belichick,2007,unknown_caller_hc_games,112,4.727387818712341,0.7777777777777778,0,7,2006,1999,8,0
bill_callahan,2007,unknown_caller_hc_games,32,3.4965075614664802,0.5,0,2,2003,1999,8,0
bill_cowher,2007,unknown_caller_hc_games,128,4.859812404361672,0.8,0,8,2006,1999,8,0
bill_parcells,2007,unknown_caller_hc_games,80,4.394449154672439,0.7142857142857143,0,5,2006,1999,8,0
bobby_ross,2007,unknown_caller_hc_games,23,3.1780538303479458,0.41818181818181815,0,2,2000,1999,8,0
brad_childress,2007,unknown_caller_hc_games,16,2.833213344056216,0.3333333333333333,0,1,2006,1999,8,0
brian_billick,2007,unknown_caller_hc_games,128,4.859812404361672,0.8,0,8,2006,1999,8,0
bruce_coslet,2007,unknown_caller_hc_games,19,2.995732273553991,0.37254901960784315,0,2,2000,1999,8,0
butch_davis,2007,unknown_caller_hc_games,59,4.0943445622221,0.6483516483516484,0,4,2004,1999,8,0
chan_gailey,2007,unknown_caller_hc_games,16,2.833213344056216,0.3333333333333333,0,1,1999,1999,8,0
chris_palmer,2007,unknown_caller_hc_games,32,3.4965075614664802,0.5,0,2,2000,1999,8,0
dan_reeves,2007,unknown_caller_hc_games,77,4.356708826689592,0.7064220183486238,0,5,2003,1999,8,0
dave_campo,2007,unknown_caller_hc_games,48,3.8918202981106265,0.6,0,3,2002,1999,8,0
dave_mcginnis,2007,unknown_caller_hc_games,55,4.02535169073515,0.632183908045977,0,4,2003,1999,8,0
dave_wannstedt,2007,unknown_caller_hc_games,73,4.30406509320417,0.6952380952380952,0,5,2004,1999,8,0
dennis_erickson,2007,unknown_caller_hc_games,32,3.4965075614664802,0.5,0,2,2004,1999,8,0
dennis_green,2007,unknown_caller_hc_games,95,4.564348191467836,0.7480314960629921,0,6,2006,1999,8,0
dick_jauron,2007,unknown_caller_hc_games,101,4.624972813284271,0.7593984962406015,0,7,2006,1999,8,0
dick_lebeau,2007,unknown_caller_hc_games,45,3.828641396489095,0.5844155844155844,0,3,2002,1999,8,0
dick_vermeil,2007,unknown_caller_hc_games,96,4.574710978503383,0.75,0,6,2005,1999,8,0
dom_capers,2007,unknown_caller_hc_games,64,4.174387269895637,0.6666666666666666,0,4,2005,1999,8,0
eric_mangini,2007,unknown_caller_hc_games,16,2.833213344056216,0.3333333333333333,0,1,2006,1999,8,0
gary_kubiak,2007,unknown_caller_hc_games,16,2.833213344056216,0.3333333333333333,0,1,2006,1999,8,0
gary_moeller,2007,unknown_caller_hc_games,9,2.302585092994046,0.21951219512195122,0,1,2000,1999,8,0
george_seifert,2007,unknown_caller_hc_games,48,3.8918202981106265,0.6,0,3,2001,1999,8,0
gregg_williams,2007,unknown_caller_hc_games,48,3.8918202981106265,0.6,0,3,2003,1999,8,0
gunther_cunningham,2007,unknown_caller_hc_games,32,3.4965075614664802,0.5,0,2,2000,1999,8,0
herm_edwards,2007,unknown_caller_hc_games,96,4.574710978503383,0.75,0,6,2006,1999,8,0
jack_del_rio,2007,unknown_caller_hc_games,64,4.174387269895637,0.6666666666666666,0,4,2006,1999,8,0
jeff_fisher,2007,unknown_caller_hc_games,128,4.859812404361672,0.8,0,8,2006,1999,8,0
jim_bates,2007,unknown_caller_hc_games,7,2.0794415416798357,0.1794871794871795,0,1,2004,1999,8,0
jim_fassel,2007,unknown_caller_hc_games,80,4.394449154672439,0.7142857142857143,0,5,2003,1999,8,0
jim_haslett,2007,unknown_caller_hc_games,96,4.574710978503383,0.75,0,6,2005,1999,8,0
jim_mora,2007,unknown_caller_hc_games,96,4.574710978503383,0.75,0,6,2006,1999,8,0
jimmy_johnson,2007,unknown_caller_hc_games,16,2.833213344056216,0.3333333333333333,0,1,1999,1999,8,0
joe_gibbs,2007,unknown_caller_hc_games,48,3.8918202981106265,0.6,0,3,2006,1999,8,0
joe_vitt,2007,unknown_caller_hc_games,11,2.4849066497880004,0.2558139534883721,0,1,2005,1999,8,0
john_fox,2007,unknown_caller_hc_games,80,4.394449154672439,0.7142857142857143,0,5,2006,1999,8,0
jon_gruden,2007,unknown_caller_hc_games,128,4.859812404361672,0.8,0,8,2006,1999,8,0
lovie_smith,2007,unknown_caller_hc_games,48,3.8918202981106265,0.6,0,3,2006,1999,8,0
marty_mornhinweg,2007,unknown_caller_hc_games,32,3.4965075614664802,0.5,0,2,2002,1999,8,0
marty_schottenheimer,2007,unknown_caller_hc_games,96,4.574710978503383,0.75,0,6,2006,1999,8,0
marvin_lewis,2007,unknown_caller_hc_games,64,4.174387269895637,0.6666666666666666,0,4,2006,1999,8,0
mike_ditka,2007,unknown_caller_hc_games,16,2.833213344056216,0.3333333333333333,0,1,1999,1999,8,0
mike_holmgren,2007,unknown_caller_hc_games,128,4.859812404361672,0.8,0,8,2006,1999,8,0
mike_martz,2007,unknown_caller_hc_games,85,4.454347296253507,0.7264957264957265,0,6,2005,1999,8,0
mike_mccarthy,2007,unknown_caller_hc_games,16,2.833213344056216,0.3333333333333333,0,1,2006,1999,8,0
mike_mularkey,2007,unknown_caller_hc_games,32,3.4965075614664802,0.5,0,2,2005,1999,8,0
mike_nolan,2007,unknown_caller_hc_games,32,3.4965075614664802,0.5,0,2,2006,1999,8,0
mike_riley,2007,unknown_caller_hc_games,48,3.8918202981106265,0.6,0,3,2001,1999,8,0
mike_shanahan,2007,unknown_caller_hc_games,128,4.859812404361672,0.8,0,8,2006,1999,8,0
mike_sherman,2007,unknown_caller_hc_games,96,4.574710978503383,0.75,0,6,2005,1999,8,0
mike_tice,2007,unknown_caller_hc_games,65,4.189654742026425,0.6701030927835051,0,5,2005,1999,8,0
nick_saban,2007,unknown_caller_hc_games,32,3.4965075614664802,0.5,0,2,2006,1999,8,0
norv_turner,2007,unknown_caller_hc_games,51,3.9512437185814275,0.6144578313253012,0,4,2005,1999,8,0
pete_carroll,2007,unknown_caller_hc_games,16,2.833213344056216,0.3333333333333333,0,1,1999,1999,8,0
ray_rhodes,2007,unknown_caller_hc_games,16,2.833213344056216,0.3333333333333333,0,1,1999,1999,8,0
rod_marinelli,2007,unknown_caller_hc_games,16,2.833213344056216,0.3333333333333333,0,1,2006,1999,8,0
romeo_crennel,2007,unknown_caller_hc_games,32,3.4965075614664802,0.5,0,2,2006,1999,8,0
scott_linehan,2007,unknown_caller_hc_games,16,2.833213344056216,0.3333333333333333,0,1,2006,1999,8,0
sean_payton,2007,unknown_caller_hc_games,16,2.833213344056216,0.3333333333333333,0,1,2006,1999,8,0
steve_mariucci,2007,unknown_caller_hc_games,107,4.68213122712422,0.7697841726618705,0,7,2005,1999,8,0
steve_spurrier,2007,unknown_caller_hc_games,32,3.4965075614664802,0.5,0,2,2003,1999,8,0
terry_robiskie,2007,unknown_caller_hc_games,18,2.9444389791664403,0.36,0,2,2004,1999,8,0
tom_coughlin,2007,unknown_caller_hc_games,112,4.727387818712341,0.7777777777777778,0,7,2006,1999,8,0
tony_dungy,2007,unknown_caller_hc_games,128,4.859812404361672,0.8,0,8,2006,1999,8,0
vince_tobin,2007,unknown_caller_hc_games,25,3.258096538021482,0.43859649122807015,0,2,2000,1999,8,0
wade_phillips,2007,unknown_caller_hc_games,35,3.58351893845611,0.5223880597014925,0,3,2003,1999,8,0
al_groh,2008,hc_resume,16,2.833213344056216,0.3333333333333333,0,1,2000,1999,9,0
andy_reid,2008,hc_resume,144,4.976733742420574,0.8181818181818182,0,9,2007,1999,9,0
art_shell,2008,hc_resume,16,2.833213344056216,0.3333333333333333,0,1,2006,1999,9,0
bill_belichick,2008,hc_resume,128,4.859812404361672,0.8,0,8,2007,1999,9,0
bill_callahan,2008,hc_resume,32,3.4965075614664802,0.5,0,2,2003,1999,9,0
bill_cowher,2008,hc_resume,128,4.859812404361672,0.8,0,8,2006,1999,9,0
bill_parcells,2008,hc_resume,80,4.394449154672439,0.7142857142857143,0,5,2006,1999,9,0
bobby_petrino,2008,hc_resume,12,2.5649493574615367,0.2727272727272727,0,1,2007,1999,9,0
bobby_ross,2008,hc_resume,23,3.1780538303479458,0.41818181818181815,0,2,2000,1999,9,0
brad_childress,2008,hc_resume,32,3.4965075614664802,0.5,0,2,2007,1999,9,0
brian_billick,2008,hc_resume,144,4.976733742420574,0.8181818181818182,0,9,2007,1999,9,0
bruce_coslet,2008,hc_resume,19,2.995732273553991,0.37254901960784315,0,2,2000,1999,9,0
butch_davis,2008,hc_resume,59,4.0943445622221,0.6483516483516484,0,4,2004,1999,9,0
cam_cameron,2008,hc_resume,16,2.833213344056216,0.3333333333333333,0,1,2007,1999,9,0
chan_gailey,2008,hc_resume,16,2.833213344056216,0.3333333333333333,0,1,1999,1999,9,0
chris_palmer,2008,hc_resume,32,3.4965075614664802,0.5,0,2,2000,1999,9,0
dan_reeves,2008,hc_resume,77,4.356708826689592,0.7064220183486238,0,5,2003,1999,9,0
dave_campo,2008,hc_resume,48,3.8918202981106265,0.6,0,3,2002,1999,9,0
dave_mcginnis,2008,hc_resume,55,4.02535169073515,0.632183908045977,0,4,2003,1999,9,0
dave_wannstedt,2008,hc_resume,73,4.30406509320417,0.6952380952380952,0,5,2004,1999,9,0
dennis_erickson,2008,hc_resume,32,3.4965075614664802,0.5,0,2,2004,1999,9,0
dennis_green,2008,hc_resume,95,4.564348191467836,0.7480314960629921,0,6,2006,1999,9,0
dick_jauron,2008,hc_resume,117,4.770684624465665,0.785234899328859,0,8,2007,1999,9,0
dick_lebeau,2008,hc_resume,45,3.828641396489095,0.5844155844155844,0,3,2002,1999,9,0
dick_vermeil,2008,hc_resume,96,4.574710978503383,0.75,0,6,2005,1999,9,0
dom_capers,2008,hc_resume,64,4.174387269895637,0.6666666666666666,0,4,2005,1999,9,0
emmitt_thomas,2008,hc_resume,4,1.6094379124341003,0.1111111111111111,0,1,2007,1999,9,0
eric_mangini,2008,hc_resume,32,3.4965075614664802,0.5,0,2,2007,1999,9,0
gary_kubiak,2008,hc_resume,32,3.4965075614664802,0.5,0,2,2007,1999,9,0
gary_moeller,2008,hc_resume,9,2.302585092994046,0.21951219512195122,0,1,2000,1999,9,0
george_seifert,2008,hc_resume,48,3.8918202981106265,0.6,0,3,2001,1999,9,0
gregg_williams,2008,hc_resume,48,3.8918202981106265,0.6,0,3,2003,1999,9,0
gunther_cunningham,2008,hc_resume,32,3.4965075614664802,0.5,0,2,2000,1999,9,0
herm_edwards,2008,hc_resume,112,4.727387818712341,0.7777777777777778,0,7,2007,1999,9,0
jack_del_rio,2008,hc_resume,80,4.394449154672439,0.7142857142857143,0,5,2007,1999,9,0
jeff_fisher,2008,hc_resume,144,4.976733742420574,0.8181818181818182,0,9,2007,1999,9,0
jim_bates,2008,hc_resume,7,2.0794415416798357,0.1794871794871795,0,1,2004,1999,9,0
jim_fassel,2008,hc_resume,80,4.394449154672439,0.7142857142857143,0,5,2003,1999,9,0
jim_haslett,2008,hc_resume,96,4.574710978503383,0.75,0,6,2005,1999,9,0
jim_mora,2008,hc_resume,96,4.574710978503383,0.75,0,6,2006,1999,9,0
jimmy_johnson,2008,hc_resume,16,2.833213344056216,0.3333333333333333,0,1,1999,1999,9,0
joe_gibbs,2008,hc_resume,64,4.174387269895637,0.6666666666666666,0,4,2007,1999,9,0
joe_vitt,2008,hc_resume,11,2.4849066497880004,0.2558139534883721,0,1,2005,1999,9,0
john_fox,2008,hc_resume,96,4.574710978503383,0.75,0,6,2007,1999,9,0
jon_gruden,2008,hc_resume,144,4.976733742420574,0.8181818181818182,0,9,2007,1999,9,0
ken_whisenhunt,2008,hc_resume,16,2.833213344056216,0.3333333333333333,0,1,2007,1999,9,0
lane_kiffin,2008,hc_resume,16,2.833213344056216,0.3333333333333333,0,1,2007,1999,9,0
lovie_smith,2008,hc_resume,64,4.174387269895637,0.6666666666666666,0,4,2007,1999,9,0
marty_mornhinweg,2008,hc_resume,32,3.4965075614664802,0.5,0,2,2002,1999,9,0
marty_schottenheimer,2008,hc_resume,96,4.574710978503383,0.75,0,6,2006,1999,9,0
marvin_lewis,2008,hc_resume,80,4.394449154672439,0.7142857142857143,0,5,2007,1999,9,0
mike_ditka,2008,hc_resume,16,2.833213344056216,0.3333333333333333,0,1,1999,1999,9,0
mike_holmgren,2008,hc_resume,144,4.976733742420574,0.8181818181818182,0,9,2007,1999,9,0
mike_martz,2008,hc_resume,85,4.454347296253507,0.7264957264957265,0,6,2005,1999,9,0
mike_mccarthy,2008,hc_resume,32,3.4965075614664802,0.5,0,2,2007,1999,9,0
mike_mularkey,2008,hc_resume,32,3.4965075614664802,0.5,0,2,2005,1999,9,0
mike_nolan,2008,hc_resume,48,3.8918202981106265,0.6,0,3,2007,1999,9,0
mike_riley,2008,hc_resume,48,3.8918202981106265,0.6,0,3,2001,1999,9,0
mike_shanahan,2008,hc_resume,144,4.976733742420574,0.8181818181818182,0,9,2007,1999,9,0
mike_sherman,2008,hc_resume,96,4.574710978503383,0.75,0,6,2005,1999,9,0
mike_tice,2008,hc_resume,65,4.189654742026425,0.6701030927835051,0,5,2005,1999,9,0
mike_tomlin,2008,hc_resume,16,2.833213344056216,0.3333333333333333,0,1,2007,1999,9,0
nick_saban,2008,hc_resume,32,3.4965075614664802,0.5,0,2,2006,1999,9,0
norv_turner,2008,hc_resume,67,4.219507705176107,0.6767676767676768,0,5,2007,1999,9,0
pete_carroll,2008,hc_resume,16,2.833213344056216,0.3333333333333333,0,1,1999,1999,9,0
ray_rhodes,2008,hc_resume,16,2.833213344056216,0.3333333333333333,0,1,1999,1999,9,0
rod_marinelli,2008,hc_resume,32,3.4965075614664802,0.5,0,2,2007,1999,9,0
romeo_crennel,2008,hc_resume,48,3.8918202981106265,0.6,0,3,2007,1999,9,0
scott_linehan,2008,hc_resume,32,3.4965075614664802,0.5,0,2,2007,1999,9,0
sean_payton,2008,hc_resume,32,3.4965075614664802,0.5,0,2,2007,1999,9,0
steve_mariucci,2008,hc_resume,107,4.68213122712422,0.7697841726618705,0,7,2005,1999,9,0
steve_spurrier,2008,hc_resume,32,3.4965075614664802,0.5,0,2,2003,1999,9,0
terry_robiskie,2008,hc_resume,18,2.9444389791664403,0.36,0,2,2004,1999,9,0
tom_coughlin,2008,hc_resume,128,4.859812404361672,0.8,0,8,2007,1999,9,0
tony_dungy,2008,hc_resume,144,4.976733742420574,0.8181818181818182,0,9,2007,1999,9,0
vince_tobin,2008,hc_resume,25,3.258096538021482,0.43859649122807015,0,2,2000,1999,9,0
wade_phillips,2008,hc_resume,51,3.9512437185814275,0.6144578313253012,0,4,2007,1999,9,0
al_groh,2008,unknown_caller_hc_games,16,2.833213344056216,0.3333333333333333,0,1,2000,1999,9,0
andy_reid,2008,unknown_caller_hc_games,144,4.976733742420574,0.8181818181818182,0,9,2007,1999,9,0
art_shell,2008,unknown_caller_hc_games,16,2.833213344056216,0.3333333333333333,0,1,2006,1999,9,0
bill_belichick,2008,unknown_caller_hc_games,128,4.859812404361672,0.8,0,8,2007,1999,9,0
bill_callahan,2008,unknown_caller_hc_games,32,3.4965075614664802,0.5,0,2,2003,1999,9,0
bill_cowher,2008,unknown_caller_hc_games,128,4.859812404361672,0.8,0,8,2006,1999,9,0
bill_parcells,2008,unknown_caller_hc_games,80,4.394449154672439,0.7142857142857143,0,5,2006,1999,9,0
bobby_petrino,2008,unknown_caller_hc_games,12,2.5649493574615367,0.2727272727272727,0,1,2007,1999,9,0
bobby_ross,2008,unknown_caller_hc_games,23,3.1780538303479458,0.41818181818181815,0,2,2000,1999,9,0
brad_childress,2008,unknown_caller_hc_games,32,3.4965075614664802,0.5,0,2,2007,1999,9,0
brian_billick,2008,unknown_caller_hc_games,144,4.976733742420574,0.8181818181818182,0,9,2007,1999,9,0
bruce_coslet,2008,unknown_caller_hc_games,19,2.995732273553991,0.37254901960784315,0,2,2000,1999,9,0
butch_davis,2008,unknown_caller_hc_games,59,4.0943445622221,0.6483516483516484,0,4,2004,1999,9,0
cam_cameron,2008,unknown_caller_hc_games,16,2.833213344056216,0.3333333333333333,0,1,2007,1999,9,0
chan_gailey,2008,unknown_caller_hc_games,16,2.833213344056216,0.3333333333333333,0,1,1999,1999,9,0
chris_palmer,2008,unknown_caller_hc_games,32,3.4965075614664802,0.5,0,2,2000,1999,9,0
dan_reeves,2008,unknown_caller_hc_games,77,4.356708826689592,0.7064220183486238,0,5,2003,1999,9,0
dave_campo,2008,unknown_caller_hc_games,48,3.8918202981106265,0.6,0,3,2002,1999,9,0
dave_mcginnis,2008,unknown_caller_hc_games,55,4.02535169073515,0.632183908045977,0,4,2003,1999,9,0
dave_wannstedt,2008,unknown_caller_hc_games,73,4.30406509320417,0.6952380952380952,0,5,2004,1999,9,0
dennis_erickson,2008,unknown_caller_hc_games,32,3.4965075614664802,0.5,0,2,2004,1999,9,0
dennis_green,2008,unknown_caller_hc_games,95,4.564348191467836,0.7480314960629921,0,6,2006,1999,9,0
dick_jauron,2008,unknown_caller_hc_games,117,4.770684624465665,0.785234899328859,0,8,2007,1999,9,0
dick_lebeau,2008,unknown_caller_hc_games,45,3.828641396489095,0.5844155844155844,0,3,2002,1999,9,0
dick_vermeil,2008,unknown_caller_hc_games,96,4.574710978503383,0.75,0,6,2005,1999,9,0
dom_capers,2008,unknown_caller_hc_games,64,4.174387269895637,0.6666666666666666,0,4,2005,1999,9,0
emmitt_thomas,2008,unknown_caller_hc_games,4,1.6094379124341003,0.1111111111111111,0,1,2007,1999,9,0
eric_mangini,2008,unknown_caller_hc_games,32,3.4965075614664802,0.5,0,2,2007,1999,9,0
gary_kubiak,2008,unknown_caller_hc_games,32,3.4965075614664802,0.5,0,2,2007,1999,9,0
gary_moeller,2008,unknown_caller_hc_games,9,2.302585092994046,0.21951219512195122,0,1,2000,1999,9,0
george_seifert,2008,unknown_caller_hc_games,48,3.8918202981106265,0.6,0,3,2001,1999,9,0
gregg_williams,2008,unknown_caller_hc_games,48,3.8918202981106265,0.6,0,3,2003,1999,9,0
gunther_cunningham,2008,unknown_caller_hc_games,32,3.4965075614664802,0.5,0,2,2000,1999,9,0
herm_edwards,2008,unknown_caller_hc_games,112,4.727387818712341,0.7777777777777778,0,7,2007,1999,9,0
jack_del_rio,2008,unknown_caller_hc_games,80,4.394449154672439,0.7142857142857143,0,5,2007,1999,9,0
jeff_fisher,2008,unknown_caller_hc_games,144,4.976733742420574,0.8181818181818182,0,9,2007,1999,9,0
jim_bates,2008,unknown_caller_hc_games,7,2.0794415416798357,0.1794871794871795,0,1,2004,1999,9,0
jim_fassel,2008,unknown_caller_hc_games,80,4.394449154672439,0.7142857142857143,0,5,2003,1999,9,0
jim_haslett,2008,unknown_caller_hc_games,96,4.574710978503383,0.75,0,6,2005,1999,9,0
jim_mora,2008,unknown_caller_hc_games,96,4.574710978503383,0.75,0,6,2006,1999,9,0
jimmy_johnson,2008,unknown_caller_hc_games,16,2.833213344056216,0.3333333333333333,0,1,1999,1999,9,0
joe_gibbs,2008,unknown_caller_hc_games,64,4.174387269895637,0.6666666666666666,0,4,2007,1999,9,0
joe_vitt,2008,unknown_caller_hc_games,11,2.4849066497880004,0.2558139534883721,0,1,2005,1999,9,0
john_fox,2008,unknown_caller_hc_games,96,4.574710978503383,0.75,0,6,2007,1999,9,0
jon_gruden,2008,unknown_caller_hc_games,144,4.976733742420574,0.8181818181818182,0,9,2007,1999,9,0
ken_whisenhunt,2008,unknown_caller_hc_games,16,2.833213344056216,0.3333333333333333,0,1,2007,1999,9,0
lane_kiffin,2008,unknown_caller_hc_games,16,2.833213344056216,0.3333333333333333,0,1,2007,1999,9,0
lovie_smith,2008,unknown_caller_hc_games,64,4.174387269895637,0.6666666666666666,0,4,2007,1999,9,0
marty_mornhinweg,2008,unknown_caller_hc_games,32,3.4965075614664802,0.5,0,2,2002,1999,9,0
marty_schottenheimer,2008,unknown_caller_hc_games,96,4.574710978503383,0.75,0,6,2006,1999,9,0
marvin_lewis,2008,unknown_caller_hc_games,80,4.394449154672439,0.7142857142857143,0,5,2007,1999,9,0
mike_ditka,2008,unknown_caller_hc_games,16,2.833213344056216,0.3333333333333333,0,1,1999,1999,9,0
mike_holmgren,2008,unknown_caller_hc_games,144,4.976733742420574,0.8181818181818182,0,9,2007,1999,9,0
mike_martz,2008,unknown_caller_hc_games,85,4.454347296253507,0.7264957264957265,0,6,2005,1999,9,0
mike_mccarthy,2008,unknown_caller_hc_games,32,3.4965075614664802,0.5,0,2,2007,1999,9,0
mike_mularkey,2008,unknown_caller_hc_games,32,3.4965075614664802,0.5,0,2,2005,1999,9,0
mike_nolan,2008,unknown_caller_hc_games,48,3.8918202981106265,0.6,0,3,2007,1999,9,0
mike_riley,2008,unknown_caller_hc_games,48,3.8918202981106265,0.6,0,3,2001,1999,9,0
mike_shanahan,2008,unknown_caller_hc_games,144,4.976733742420574,0.8181818181818182,0,9,2007,1999,9,0
mike_sherman,2008,unknown_caller_hc_games,96,4.574710978503383,0.75,0,6,2005,1999,9,0
mike_tice,2008,unknown_caller_hc_games,65,4.189654742026425,0.6701030927835051,0,5,2005,1999,9,0
mike_tomlin,2008,unknown_caller_hc_games,16,2.833213344056216,0.3333333333333333,0,1,2007,1999,9,0
nick_saban,2008,unknown_caller_hc_games,32,3.4965075614664802,0.5,0,2,2006,1999,9,0
norv_turner,2008,unknown_caller_hc_games,67,4.219507705176107,0.6767676767676768,0,5,2007,1999,9,0
pete_carroll,2008,unknown_caller_hc_games,16,2.833213344056216,0.3333333333333333,0,1,1999,1999,9,0
ray_rhodes,2008,unknown_caller_hc_games,16,2.833213344056216,0.3333333333333333,0,1,1999,1999,9,0
rod_marinelli,2008,unknown_caller_hc_games,32,3.4965075614664802,0.5,0,2,2007,1999,9,0
romeo_crennel,2008,unknown_caller_hc_games,48,3.8918202981106265,0.6,0,3,2007,1999,9,0
scott_linehan,2008,unknown_caller_hc_games,32,3.4965075614664802,0.5,0,2,2007,1999,9,0
sean_payton,2008,unknown_caller_hc_games,32,3.4965075614664802,0.5,0,2,2007,1999,9,0
steve_mariucci,2008,unknown_caller_hc_games,107,4.68213122712422,0.7697841726618705,0,7,2005,1999,9,0
steve_spurrier,2008,unknown_caller_hc_games,32,3.4965075614664802,0.5,0,2,2003,1999,9,0
terry_robiskie,2008,unknown_caller_hc_games,18,2.9444389791664403,0.36,0,2,2004,1999,9,0
tom_coughlin,2008,unknown_caller_hc_games,128,4.859812404361672,0.8,0,8,2007,1999,9,0
tony_dungy,2008,unknown_caller_hc_games,144,4.976733742420574,0.8181818181818182,0,9,2007,1999,9,0
vince_tobin,2008,unknown_caller_hc_games,25,3.258096538021482,0.43859649122807015,0,2,2000,1999,9,0
wade_phillips,2008,unknown_caller_hc_games,51,3.9512437185814275,0.6144578313253012,0,4,2007,1999,9,0
al_groh,2009,hc_resume,16,2.833213344056216,0.3333333333333333,0,1,2000,1999,10,0
andy_reid,2009,hc_resume,160,5.081404364984463,0.8333333333333334,0,10,2008,1999,10,0
art_shell,2009,hc_resume,16,2.833213344056216,0.3333333333333333,0,1,2006,1999,10,0
bill_belichick,2009,hc_resume,144,4.976733742420574,0.8181818181818182,0,9,2008,1999,10,0
bill_callahan,2009,hc_resume,32,3.4965075614664802,0.5,0,2,2003,1999,10,0
bill_cowher,2009,hc_resume,128,4.859812404361672,0.8,0,8,2006,1999,10,0
bill_parcells,2009,hc_resume,80,4.394449154672439,0.7142857142857143,0,5,2006,1999,10,0
bobby_petrino,2009,hc_resume,12,2.5649493574615367,0.2727272727272727,0,1,2007,1999,10,0
bobby_ross,2009,hc_resume,23,3.1780538303479458,0.41818181818181815,0,2,2000,1999,10,0
brad_childress,2009,hc_resume,48,3.8918202981106265,0.6,0,3,2008,1999,10,0
brian_billick,2009,hc_resume,144,4.976733742420574,0.8181818181818182,0,9,2007,1999,10,0
bruce_coslet,2009,hc_resume,19,2.995732273553991,0.37254901960784315,0,2,2000,1999,10,0
butch_davis,2009,hc_resume,59,4.0943445622221,0.6483516483516484,0,4,2004,1999,10,0
cam_cameron,2009,hc_resume,16,2.833213344056216,0.3333333333333333,0,1,2007,1999,10,0
chan_gailey,2009,hc_resume,16,2.833213344056216,0.3333333333333333,0,1,1999,1999,10,0
chris_palmer,2009,hc_resume,32,3.4965075614664802,0.5,0,2,2000,1999,10,0
dan_reeves,2009,hc_resume,77,4.356708826689592,0.7064220183486238,0,5,2003,1999,10,0
dave_campo,2009,hc_resume,48,3.8918202981106265,0.6,0,3,2002,1999,10,0
dave_mcginnis,2009,hc_resume,55,4.02535169073515,0.632183908045977,0,4,2003,1999,10,0
dave_wannstedt,2009,hc_resume,73,4.30406509320417,0.6952380952380952,0,5,2004,1999,10,0
dennis_erickson,2009,hc_resume,32,3.4965075614664802,0.5,0,2,2004,1999,10,0
dennis_green,2009,hc_resume,95,4.564348191467836,0.7480314960629921,0,6,2006,1999,10,0
dick_jauron,2009,hc_resume,133,4.897839799950911,0.806060606060606,0,9,2008,1999,10,0
dick_lebeau,2009,hc_resume,45,3.828641396489095,0.5844155844155844,0,3,2002,1999,10,0
dick_vermeil,2009,hc_resume,96,4.574710978503383,0.75,0,6,2005,1999,10,0
dom_capers,2009,hc_resume,64,4.174387269895637,0.6666666666666666,0,4,2005,1999,10,0
emmitt_thomas,2009,hc_resume,4,1.6094379124341003,0.1111111111111111,0,1,2007,1999,10,0
eric_mangini,2009,hc_resume,48,3.8918202981106265,0.6,0,3,2008,1999,10,0
gary_kubiak,2009,hc_resume,48,3.8918202981106265,0.6,0,3,2008,1999,10,0
gary_moeller,2009,hc_resume,9,2.302585092994046,0.21951219512195122,0,1,2000,1999,10,0
george_seifert,2009,hc_resume,48,3.8918202981106265,0.6,0,3,2001,1999,10,0
gregg_williams,2009,hc_resume,48,3.8918202981106265,0.6,0,3,2003,1999,10,0
gunther_cunningham,2009,hc_resume,32,3.4965075614664802,0.5,0,2,2000,1999,10,0
herm_edwards,2009,hc_resume,128,4.859812404361672,0.8,0,8,2008,1999,10,0
jack_del_rio,2009,hc_resume,96,4.574710978503383,0.75,0,6,2008,1999,10,0
jeff_fisher,2009,hc_resume,160,5.081404364984463,0.8333333333333334,0,10,2008,1999,10,0
jim_bates,2009,hc_resume,7,2.0794415416798357,0.1794871794871795,0,1,2004,1999,10,0
jim_fassel,2009,hc_resume,80,4.394449154672439,0.7142857142857143,0,5,2003,1999,10,0
jim_haslett,2009,hc_resume,108,4.6913478822291435,0.7714285714285715,0,7,2008,1999,10,0
jim_mora,2009,hc_resume,96,4.574710978503383,0.75,0,6,2006,1999,10,0
jim_zorn,2009,hc_resume,16,2.833213344056216,0.3333333333333333,0,1,2008,1999,10,0
jimmy_johnson,2009,hc_resume,16,2.833213344056216,0.3333333333333333,0,1,1999,1999,10,0
joe_gibbs,2009,hc_resume,64,4.174387269895637,0.6666666666666666,0,4,2007,1999,10,0
joe_vitt,2009,hc_resume,11,2.4849066497880004,0.2558139534883721,0,1,2005,1999,10,0
john_fox,2009,hc_resume,112,4.727387818712341,0.7777777777777778,0,7,2008,1999,10,0
john_harbaugh,2009,hc_resume,16,2.833213344056216,0.3333333333333333,0,1,2008,1999,10,0
jon_gruden,2009,hc_resume,160,5.081404364984463,0.8333333333333334,0,10,2008,1999,10,0
ken_whisenhunt,2009,hc_resume,32,3.4965075614664802,0.5,0,2,2008,1999,10,0
lane_kiffin,2009,hc_resume,20,3.044522437723423,0.38461538461538464,0,2,2008,1999,10,0
lovie_smith,2009,hc_resume,80,4.394449154672439,0.7142857142857143,0,5,2008,1999,10,0
marty_mornhinweg,2009,hc_resume,32,3.4965075614664802,0.5,0,2,2002,1999,10,0
marty_schottenheimer,2009,hc_resume,96,4.574710978503383,0.75,0,6,2006,1999,10,0
marvin_lewis,2009,hc_resume,96,4.574710978503383,0.75,0,6,2008,1999,10,0
mike_ditka,2009,hc_resume,16,2.833213344056216,0.3333333333333333,0,1,1999,1999,10,0
mike_holmgren,2009,hc_resume,160,5.081404364984463,0.8333333333333334,0,10,2008,1999,10,0
mike_martz,2009,hc_resume,85,4.454347296253507,0.7264957264957265,0,6,2005,1999,10,0
mike_mccarthy,2009,hc_resume,48,3.8918202981106265,0.6,0,3,2008,1999,10,0
mike_mularkey,2009,hc_resume,32,3.4965075614664802,0.5,0,2,2005,1999,10,0
mike_nolan,2009,hc_resume,55,4.02535169073515,0.632183908045977,0,4,2008,1999,10,0
mike_riley,2009,hc_resume,48,3.8918202981106265,0.6,0,3,2001,1999,10,0
mike_shanahan,2009,hc_resume,160,5.081404364984463,0.8333333333333334,0,10,2008,1999,10,0
mike_sherman,2009,hc_resume,96,4.574710978503383,0.75,0,6,2005,1999,10,0
mike_singletary,2009,hc_resume,9,2.302585092994046,0.21951219512195122,0,1,2008,1999,10,0
mike_smith,2009,hc_resume,16,2.833213344056216,0.3333333333333333,0,1,2008,1999,10,0
mike_tice,2009,hc_resume,65,4.189654742026425,0.6701030927835051,0,5,2005,1999,10,0
mike_tomlin,2009,hc_resume,32,3.4965075614664802,0.5,0,2,2008,1999,10,0
nick_saban,2009,hc_resume,32,3.4965075614664802,0.5,0,2,2006,1999,10,0
norv_turner,2009,hc_resume,83,4.430816798843313,0.7217391304347827,0,6,2008,1999,10,0
pete_carroll,2009,hc_resume,16,2.833213344056216,0.3333333333333333,0,1,1999,1999,10,0
ray_rhodes,2009,hc_resume,16,2.833213344056216,0.3333333333333333,0,1,1999,1999,10,0
rod_marinelli,2009,hc_resume,48,3.8918202981106265,0.6,0,3,2008,1999,10,0
romeo_crennel,2009,hc_resume,64,4.174387269895637,0.6666666666666666,0,4,2008,1999,10,0
scott_linehan,2009,hc_resume,36,3.6109179126442243,0.5294117647058824,0,3,2008,1999,10,0
sean_payton,2009,hc_resume,48,3.8918202981106265,0.6,0,3,2008,1999,10,0
steve_mariucci,2009,hc_resume,107,4.68213122712422,0.7697841726618705,0,7,2005,1999,10,0
steve_spurrier,2009,hc_resume,32,3.4965075614664802,0.5,0,2,2003,1999,10,0
terry_robiskie,2009,hc_resume,18,2.9444389791664403,0.36,0,2,2004,1999,10,0
tom_cable,2009,hc_resume,12,2.5649493574615367,0.2727272727272727,0,1,2008,1999,10,0
tom_coughlin,2009,hc_resume,144,4.976733742420574,0.8181818181818182,0,9,2008,1999,10,0
tony_dungy,2009,hc_resume,160,5.081404364984463,0.8333333333333334,0,10,2008,1999,10,0
tony_sparano,2009,hc_resume,16,2.833213344056216,0.3333333333333333,0,1,2008,1999,10,0
vince_tobin,2009,hc_resume,25,3.258096538021482,0.43859649122807015,0,2,2000,1999,10,0
wade_phillips,2009,hc_resume,67,4.219507705176107,0.6767676767676768,0,5,2008,1999,10,0
al_groh,2009,unknown_caller_hc_games,16,2.833213344056216,0.3333333333333333,0,1,2000,1999,10,0
andy_reid,2009,unknown_caller_hc_games,160,5.081404364984463,0.8333333333333334,0,10,2008,1999,10,0
art_shell,2009,unknown_caller_hc_games,16,2.833213344056216,0.3333333333333333,0,1,2006,1999,10,0
bill_belichick,2009,unknown_caller_hc_games,144,4.976733742420574,0.8181818181818182,0,9,2008,1999,10,0
bill_callahan,2009,unknown_caller_hc_games,32,3.4965075614664802,0.5,0,2,2003,1999,10,0
bill_cowher,2009,unknown_caller_hc_games,128,4.859812404361672,0.8,0,8,2006,1999,10,0
bill_parcells,2009,unknown_caller_hc_games,80,4.394449154672439,0.7142857142857143,0,5,2006,1999,10,0
bobby_petrino,2009,unknown_caller_hc_games,12,2.5649493574615367,0.2727272727272727,0,1,2007,1999,10,0
bobby_ross,2009,unknown_caller_hc_games,23,3.1780538303479458,0.41818181818181815,0,2,2000,1999,10,0
brad_childress,2009,unknown_caller_hc_games,48,3.8918202981106265,0.6,0,3,2008,1999,10,0
brian_billick,2009,unknown_caller_hc_games,144,4.976733742420574,0.8181818181818182,0,9,2007,1999,10,0
bruce_coslet,2009,unknown_caller_hc_games,19,2.995732273553991,0.37254901960784315,0,2,2000,1999,10,0
butch_davis,2009,unknown_caller_hc_games,59,4.0943445622221,0.6483516483516484,0,4,2004,1999,10,0
cam_cameron,2009,unknown_caller_hc_games,16,2.833213344056216,0.3333333333333333,0,1,2007,1999,10,0
chan_gailey,2009,unknown_caller_hc_games,16,2.833213344056216,0.3333333333333333,0,1,1999,1999,10,0
chris_palmer,2009,unknown_caller_hc_games,32,3.4965075614664802,0.5,0,2,2000,1999,10,0
dan_reeves,2009,unknown_caller_hc_games,77,4.356708826689592,0.7064220183486238,0,5,2003,1999,10,0
dave_campo,2009,unknown_caller_hc_games,48,3.8918202981106265,0.6,0,3,2002,1999,10,0
dave_mcginnis,2009,unknown_caller_hc_games,55,4.02535169073515,0.632183908045977,0,4,2003,1999,10,0
dave_wannstedt,2009,unknown_caller_hc_games,73,4.30406509320417,0.6952380952380952,0,5,2004,1999,10,0
dennis_erickson,2009,unknown_caller_hc_games,32,3.4965075614664802,0.5,0,2,2004,1999,10,0
dennis_green,2009,unknown_caller_hc_games,95,4.564348191467836,0.7480314960629921,0,6,2006,1999,10,0
dick_jauron,2009,unknown_caller_hc_games,133,4.897839799950911,0.806060606060606,0,9,2008,1999,10,0
dick_lebeau,2009,unknown_caller_hc_games,45,3.828641396489095,0.5844155844155844,0,3,2002,1999,10,0
dick_vermeil,2009,unknown_caller_hc_games,96,4.574710978503383,0.75,0,6,2005,1999,10,0
dom_capers,2009,unknown_caller_hc_games,64,4.174387269895637,0.6666666666666666,0,4,2005,1999,10,0
emmitt_thomas,2009,unknown_caller_hc_games,4,1.6094379124341003,0.1111111111111111,0,1,2007,1999,10,0
eric_mangini,2009,unknown_caller_hc_games,48,3.8918202981106265,0.6,0,3,2008,1999,10,0
gary_kubiak,2009,unknown_caller_hc_games,48,3.8918202981106265,0.6,0,3,2008,1999,10,0
gary_moeller,2009,unknown_caller_hc_games,9,2.302585092994046,0.21951219512195122,0,1,2000,1999,10,0
george_seifert,2009,unknown_caller_hc_games,48,3.8918202981106265,0.6,0,3,2001,1999,10,0
gregg_williams,2009,unknown_caller_hc_games,48,3.8918202981106265,0.6,0,3,2003,1999,10,0
gunther_cunningham,2009,unknown_caller_hc_games,32,3.4965075614664802,0.5,0,2,2000,1999,10,0
herm_edwards,2009,unknown_caller_hc_games,128,4.859812404361672,0.8,0,8,2008,1999,10,0
jack_del_rio,2009,unknown_caller_hc_games,96,4.574710978503383,0.75,0,6,2008,1999,10,0
jeff_fisher,2009,unknown_caller_hc_games,160,5.081404364984463,0.8333333333333334,0,10,2008,1999,10,0
jim_bates,2009,unknown_caller_hc_games,7,2.0794415416798357,0.1794871794871795,0,1,2004,1999,10,0
jim_fassel,2009,unknown_caller_hc_games,80,4.394449154672439,0.7142857142857143,0,5,2003,1999,10,0
jim_haslett,2009,unknown_caller_hc_games,108,4.6913478822291435,0.7714285714285715,0,7,2008,1999,10,0
jim_mora,2009,unknown_caller_hc_games,96,4.574710978503383,0.75,0,6,2006,1999,10,0
jim_zorn,2009,unknown_caller_hc_games,16,2.833213344056216,0.3333333333333333,0,1,2008,1999,10,0
jimmy_johnson,2009,unknown_caller_hc_games,16,2.833213344056216,0.3333333333333333,0,1,1999,1999,10,0
joe_gibbs,2009,unknown_caller_hc_games,64,4.174387269895637,0.6666666666666666,0,4,2007,1999,10,0
joe_vitt,2009,unknown_caller_hc_games,11,2.4849066497880004,0.2558139534883721,0,1,2005,1999,10,0
john_fox,2009,unknown_caller_hc_games,112,4.727387818712341,0.7777777777777778,0,7,2008,1999,10,0
john_harbaugh,2009,unknown_caller_hc_games,16,2.833213344056216,0.3333333333333333,0,1,2008,1999,10,0
jon_gruden,2009,unknown_caller_hc_games,160,5.081404364984463,0.8333333333333334,0,10,2008,1999,10,0
ken_whisenhunt,2009,unknown_caller_hc_games,32,3.4965075614664802,0.5,0,2,2008,1999,10,0
lane_kiffin,2009,unknown_caller_hc_games,20,3.044522437723423,0.38461538461538464,0,2,2008,1999,10,0
lovie_smith,2009,unknown_caller_hc_games,80,4.394449154672439,0.7142857142857143,0,5,2008,1999,10,0
marty_mornhinweg,2009,unknown_caller_hc_games,32,3.4965075614664802,0.5,0,2,2002,1999,10,0
marty_schottenheimer,2009,unknown_caller_hc_games,96,4.574710978503383,0.75,0,6,2006,1999,10,0
marvin_lewis,2009,unknown_caller_hc_games,96,4.574710978503383,0.75,0,6,2008,1999,10,0
mike_ditka,2009,unknown_caller_hc_games,16,2.833213344056216,0.3333333333333333,0,1,1999,1999,10,0
mike_holmgren,2009,unknown_caller_hc_games,160,5.081404364984463,0.8333333333333334,0,10,2008,1999,10,0
mike_martz,2009,unknown_caller_hc_games,85,4.454347296253507,0.7264957264957265,0,6,2005,1999,10,0
mike_mccarthy,2009,unknown_caller_hc_games,48,3.8918202981106265,0.6,0,3,2008,1999,10,0
mike_mularkey,2009,unknown_caller_hc_games,32,3.4965075614664802,0.5,0,2,2005,1999,10,0
mike_nolan,2009,unknown_caller_hc_games,55,4.02535169073515,0.632183908045977,0,4,2008,1999,10,0
mike_riley,2009,unknown_caller_hc_games,48,3.8918202981106265,0.6,0,3,2001,1999,10,0
mike_shanahan,2009,unknown_caller_hc_games,160,5.081404364984463,0.8333333333333334,0,10,2008,1999,10,0
mike_sherman,2009,unknown_caller_hc_games,96,4.574710978503383,0.75,0,6,2005,1999,10,0
mike_singletary,2009,unknown_caller_hc_games,9,2.302585092994046,0.21951219512195122,0,1,2008,1999,10,0
mike_smith,2009,unknown_caller_hc_games,16,2.833213344056216,0.3333333333333333,0,1,2008,1999,10,0
mike_tice,2009,unknown_caller_hc_games,65,4.189654742026425,0.6701030927835051,0,5,2005,1999,10,0
mike_tomlin,2009,unknown_caller_hc_games,32,3.4965075614664802,0.5,0,2,2008,1999,10,0
nick_saban,2009,unknown_caller_hc_games,32,3.4965075614664802,0.5,0,2,2006,1999,10,0
norv_turner,2009,unknown_caller_hc_games,83,4.430816798843313,0.7217391304347827,0,6,2008,1999,10,0
pete_carroll,2009,unknown_caller_hc_games,16,2.833213344056216,0.3333333333333333,0,1,1999,1999,10,0
ray_rhodes,2009,unknown_caller_hc_games,16,2.833213344056216,0.3333333333333333,0,1,1999,1999,10,0
rod_marinelli,2009,unknown_caller_hc_games,48,3.8918202981106265,0.6,0,3,2008,1999,10,0
romeo_crennel,2009,unknown_caller_hc_games,64,4.174387269895637,0.6666666666666666,0,4,2008,1999,10,0
scott_linehan,2009,unknown_caller_hc_games,36,3.6109179126442243,0.5294117647058824,0,3,2008,1999,10,0
sean_payton,2009,unknown_caller_hc_games,48,3.8918202981106265,0.6,0,3,2008,1999,10,0
steve_mariucci,2009,unknown_caller_hc_games,107,4.68213122712422,0.7697841726618705,0,7,2005,1999,10,0
steve_spurrier,2009,unknown_caller_hc_games,32,3.4965075614664802,0.5,0,2,2003,1999,10,0
terry_robiskie,2009,unknown_caller_hc_games,18,2.9444389791664403,0.36,0,2,2004,1999,10,0
tom_cable,2009,unknown_caller_hc_games,12,2.5649493574615367,0.2727272727272727,0,1,2008,1999,10,0
tom_coughlin,2009,unknown_caller_hc_games,144,4.976733742420574,0.8181818181818182,0,9,2008,1999,10,0
tony_dungy,2009,unknown_caller_hc_games,160,5.081404364984463,0.8333333333333334,0,10,2008,1999,10,0
tony_sparano,2009,unknown_caller_hc_games,16,2.833213344056216,0.3333333333333333,0,1,2008,1999,10,0
vince_tobin,2009,unknown_caller_hc_games,25,3.258096538021482,0.43859649122807015,0,2,2000,1999,10,0
wade_phillips,2009,unknown_caller_hc_games,67,4.219507705176107,0.6767676767676768,0,5,2008,1999,10,0
al_groh,2010,hc_resume,16,2.833213344056216,0.3333333333333333,0,1,2000,1999,11,0
andy_reid,2010,hc_resume,176,5.176149732573829,0.8461538461538461,0,11,2009,1999,11,0
art_shell,2010,hc_resume,16,2.833213344056216,0.3333333333333333,0,1,2006,1999,11,0
bill_belichick,2010,hc_resume,160,5.081404364984463,0.8333333333333334,0,10,2009,1999,11,0
bill_callahan,2010,hc_resume,32,3.4965075614664802,0.5,0,2,2003,1999,11,0
bill_cowher,2010,hc_resume,128,4.859812404361672,0.8,0,8,2006,1999,11,0
bill_parcells,2010,hc_resume,80,4.394449154672439,0.7142857142857143,0,5,2006,1999,11,0
bobby_petrino,2010,hc_resume,12,2.5649493574615367,0.2727272727272727,0,1,2007,1999,11,0
bobby_ross,2010,hc_resume,23,3.1780538303479458,0.41818181818181815,0,2,2000,1999,11,0
brad_childress,2010,hc_resume,64,4.174387269895637,0.6666666666666666,0,4,2009,1999,11,0
brian_billick,2010,hc_resume,144,4.976733742420574,0.8181818181818182,0,9,2007,1999,11,0
bruce_coslet,2010,hc_resume,19,2.995732273553991,0.37254901960784315,0,2,2000,1999,11,0
butch_davis,2010,hc_resume,59,4.0943445622221,0.6483516483516484,0,4,2004,1999,11,0
cam_cameron,2010,hc_resume,16,2.833213344056216,0.3333333333333333,0,1,2007,1999,11,0
chan_gailey,2010,hc_resume,16,2.833213344056216,0.3333333333333333,0,1,1999,1999,11,0
chris_palmer,2010,hc_resume,32,3.4965075614664802,0.5,0,2,2000,1999,11,0
dan_reeves,2010,hc_resume,77,4.356708826689592,0.7064220183486238,0,5,2003,1999,11,0
dave_campo,2010,hc_resume,48,3.8918202981106265,0.6,0,3,2002,1999,11,0
dave_mcginnis,2010,hc_resume,55,4.02535169073515,0.632183908045977,0,4,2003,1999,11,0
dave_wannstedt,2010,hc_resume,73,4.30406509320417,0.6952380952380952,0,5,2004,1999,11,0
dennis_erickson,2010,hc_resume,32,3.4965075614664802,0.5,0,2,2004,1999,11,0
dennis_green,2010,hc_resume,95,4.564348191467836,0.7480314960629921,0,6,2006,1999,11,0
dick_jauron,2010,hc_resume,142,4.962844630259907,0.8160919540229885,0,10,2009,1999,11,0
dick_lebeau,2010,hc_resume,45,3.828641396489095,0.5844155844155844,0,3,2002,1999,11,0
dick_vermeil,2010,hc_resume,96,4.574710978503383,0.75,0,6,2005,1999,11,0
dom_capers,2010,hc_resume,64,4.174387269895637,0.6666666666666666,0,4,2005,1999,11,0
emmitt_thomas,2010,hc_resume,4,1.6094379124341003,0.1111111111111111,0,1,2007,1999,11,0
eric_mangini,2010,hc_resume,64,4.174387269895637,0.6666666666666666,0,4,2009,1999,11,0
gary_kubiak,2010,hc_resume,64,4.174387269895637,0.6666666666666666,0,4,2009,1999,11,0
gary_moeller,2010,hc_resume,9,2.302585092994046,0.21951219512195122,0,1,2000,1999,11,0
george_seifert,2010,hc_resume,48,3.8918202981106265,0.6,0,3,2001,1999,11,0
gregg_williams,2010,hc_resume,48,3.8918202981106265,0.6,0,3,2003,1999,11,0
gunther_cunningham,2010,hc_resume,32,3.4965075614664802,0.5,0,2,2000,1999,11,0
herm_edwards,2010,hc_resume,128,4.859812404361672,0.8,0,8,2008,1999,11,0
jack_del_rio,2010,hc_resume,112,4.727387818712341,0.7777777777777778,0,7,2009,1999,11,0
jeff_fisher,2010,hc_resume,176,5.176149732573829,0.8461538461538461,0,11,2009,1999,11,0
jim_bates,2010,hc_resume,7,2.0794415416798357,0.1794871794871795,0,1,2004,1999,11,0
jim_caldwell,2010,hc_resume,16,2.833213344056216,0.3333333333333333,0,1,2009,1999,11,0
jim_fassel,2010,hc_resume,80,4.394449154672439,0.7142857142857143,0,5,2003,1999,11,0
jim_haslett,2010,hc_resume,108,4.6913478822291435,0.7714285714285715,0,7,2008,1999,11,0
jim_mora,2010,hc_resume,112,4.727387818712341,0.7777777777777778,0,7,2009,1999,11,0
jim_schwartz,2010,hc_resume,16,2.833213344056216,0.3333333333333333,0,1,2009,1999,11,0
jim_zorn,2010,hc_resume,32,3.4965075614664802,0.5,0,2,2009,1999,11,0
jimmy_johnson,2010,hc_resume,16,2.833213344056216,0.3333333333333333,0,1,1999,1999,11,0
joe_gibbs,2010,hc_resume,64,4.174387269895637,0.6666666666666666,0,4,2007,1999,11,0
joe_vitt,2010,hc_resume,11,2.4849066497880004,0.2558139534883721,0,1,2005,1999,11,0
john_fox,2010,hc_resume,128,4.859812404361672,0.8,0,8,2009,1999,11,0
john_harbaugh,2010,hc_resume,32,3.4965075614664802,0.5,0,2,2009,1999,11,0
jon_gruden,2010,hc_resume,160,5.081404364984463,0.8333333333333334,0,10,2008,1999,11,0
josh_mcdaniels,2010,hc_resume,16,2.833213344056216,0.3333333333333333,0,1,2009,1999,11,0
ken_whisenhunt,2010,hc_resume,48,3.8918202981106265,0.6,0,3,2009,1999,11,0
lane_kiffin,2010,hc_resume,20,3.044522437723423,0.38461538461538464,0,2,2008,1999,11,0
lovie_smith,2010,hc_resume,96,4.574710978503383,0.75,0,6,2009,1999,11,0
marty_mornhinweg,2010,hc_resume,32,3.4965075614664802,0.5,0,2,2002,1999,11,0
marty_schottenheimer,2010,hc_resume,96,4.574710978503383,0.75,0,6,2006,1999,11,0
marvin_lewis,2010,hc_resume,112,4.727387818712341,0.7777777777777778,0,7,2009,1999,11,0
mike_ditka,2010,hc_resume,16,2.833213344056216,0.3333333333333333,0,1,1999,1999,11,0
mike_holmgren,2010,hc_resume,160,5.081404364984463,0.8333333333333334,0,10,2008,1999,11,0
mike_martz,2010,hc_resume,85,4.454347296253507,0.7264957264957265,0,6,2005,1999,11,0
mike_mccarthy,2010,hc_resume,64,4.174387269895637,0.6666666666666666,0,4,2009,1999,11,0
mike_mularkey,2010,hc_resume,32,3.4965075614664802,0.5,0,2,2005,1999,11,0
mike_nolan,2010,hc_resume,55,4.02535169073515,0.632183908045977,0,4,2008,1999,11,0
mike_riley,2010,hc_resume,48,3.8918202981106265,0.6,0,3,2001,1999,11,0
mike_shanahan,2010,hc_resume,160,5.081404364984463,0.8333333333333334,0,10,2008,1999,11,0
mike_sherman,2010,hc_resume,96,4.574710978503383,0.75,0,6,2005,1999,11,0
mike_singletary,2010,hc_resume,25,3.258096538021482,0.43859649122807015,0,2,2009,1999,11,0
mike_smith,2010,hc_resume,32,3.4965075614664802,0.5,0,2,2009,1999,11,0
mike_tice,2010,hc_resume,65,4.189654742026425,0.6701030927835051,0,5,2005,1999,11,0
mike_tomlin,2010,hc_resume,48,3.8918202981106265,0.6,0,3,2009,1999,11,0
nick_saban,2010,hc_resume,32,3.4965075614664802,0.5,0,2,2006,1999,11,0
norv_turner,2010,hc_resume,99,4.605170185988092,0.7557251908396947,0,7,2009,1999,11,0
perry_fewell,2010,hc_resume,7,2.0794415416798357,0.1794871794871795,0,1,2009,1999,11,0
pete_carroll,2010,hc_resume,16,2.833213344056216,0.3333333333333333,0,1,1999,1999,11,0
raheem_morris,2010,hc_resume,16,2.833213344056216,0.3333333333333333,0,1,2009,1999,11,0
ray_rhodes,2010,hc_resume,16,2.833213344056216,0.3333333333333333,0,1,1999,1999,11,0
rex_ryan,2010,hc_resume,16,2.833213344056216,0.3333333333333333,0,1,2009,1999,11,0
rod_marinelli,2010,hc_resume,48,3.8918202981106265,0.6,0,3,2008,1999,11,0
romeo_crennel,2010,hc_resume,64,4.174387269895637,0.6666666666666666,0,4,2008,1999,11,0
scott_linehan,2010,hc_resume,36,3.6109179126442243,0.5294117647058824,0,3,2008,1999,11,0
sean_payton,2010,hc_resume,64,4.174387269895637,0.6666666666666666,0,4,2009,1999,11,0
steve_mariucci,2010,hc_resume,107,4.68213122712422,0.7697841726618705,0,7,2005,1999,11,0
steve_spagnuolo,2010,hc_resume,16,2.833213344056216,0.3333333333333333,0,1,2009,1999,11,0
steve_spurrier,2010,hc_resume,32,3.4965075614664802,0.5,0,2,2003,1999,11,0
terry_robiskie,2010,hc_resume,18,2.9444389791664403,0.36,0,2,2004,1999,11,0
todd_haley,2010,hc_resume,16,2.833213344056216,0.3333333333333333,0,1,2009,1999,11,0
tom_cable,2010,hc_resume,28,3.367295829986474,0.4666666666666667,0,2,2009,1999,11,0
tom_coughlin,2010,hc_resume,160,5.081404364984463,0.8333333333333334,0,10,2009,1999,11,0
tony_dungy,2010,hc_resume,160,5.081404364984463,0.8333333333333334,0,10,2008,1999,11,0
tony_sparano,2010,hc_resume,32,3.4965075614664802,0.5,0,2,2009,1999,11,0
vince_tobin,2010,hc_resume,25,3.258096538021482,0.43859649122807015,0,2,2000,1999,11,0
wade_phillips,2010,hc_resume,83,4.430816798843313,0.7217391304347827,0,6,2009,1999,11,0
al_groh,2010,unknown_caller_hc_games,16,2.833213344056216,0.3333333333333333,0,1,2000,1999,11,0
andy_reid,2010,unknown_caller_hc_games,176,5.176149732573829,0.8461538461538461,0,11,2009,1999,11,0
art_shell,2010,unknown_caller_hc_games,16,2.833213344056216,0.3333333333333333,0,1,2006,1999,11,0
bill_belichick,2010,unknown_caller_hc_games,160,5.081404364984463,0.8333333333333334,0,10,2009,1999,11,0
bill_callahan,2010,unknown_caller_hc_games,32,3.4965075614664802,0.5,0,2,2003,1999,11,0
bill_cowher,2010,unknown_caller_hc_games,128,4.859812404361672,0.8,0,8,2006,1999,11,0
bill_parcells,2010,unknown_caller_hc_games,80,4.394449154672439,0.7142857142857143,0,5,2006,1999,11,0
bobby_petrino,2010,unknown_caller_hc_games,12,2.5649493574615367,0.2727272727272727,0,1,2007,1999,11,0
bobby_ross,2010,unknown_caller_hc_games,23,3.1780538303479458,0.41818181818181815,0,2,2000,1999,11,0
brad_childress,2010,unknown_caller_hc_games,64,4.174387269895637,0.6666666666666666,0,4,2009,1999,11,0
brian_billick,2010,unknown_caller_hc_games,144,4.976733742420574,0.8181818181818182,0,9,2007,1999,11,0
bruce_coslet,2010,unknown_caller_hc_games,19,2.995732273553991,0.37254901960784315,0,2,2000,1999,11,0
butch_davis,2010,unknown_caller_hc_games,59,4.0943445622221,0.6483516483516484,0,4,2004,1999,11,0
cam_cameron,2010,unknown_caller_hc_games,16,2.833213344056216,0.3333333333333333,0,1,2007,1999,11,0
chan_gailey,2010,unknown_caller_hc_games,16,2.833213344056216,0.3333333333333333,0,1,1999,1999,11,0
chris_palmer,2010,unknown_caller_hc_games,32,3.4965075614664802,0.5,0,2,2000,1999,11,0
dan_reeves,2010,unknown_caller_hc_games,77,4.356708826689592,0.7064220183486238,0,5,2003,1999,11,0
dave_campo,2010,unknown_caller_hc_games,48,3.8918202981106265,0.6,0,3,2002,1999,11,0
dave_mcginnis,2010,unknown_caller_hc_games,55,4.02535169073515,0.632183908045977,0,4,2003,1999,11,0
dave_wannstedt,2010,unknown_caller_hc_games,73,4.30406509320417,0.6952380952380952,0,5,2004,1999,11,0
dennis_erickson,2010,unknown_caller_hc_games,32,3.4965075614664802,0.5,0,2,2004,1999,11,0
dennis_green,2010,unknown_caller_hc_games,95,4.564348191467836,0.7480314960629921,0,6,2006,1999,11,0
dick_jauron,2010,unknown_caller_hc_games,142,4.962844630259907,0.8160919540229885,0,10,2009,1999,11,0
dick_lebeau,2010,unknown_caller_hc_games,45,3.828641396489095,0.5844155844155844,0,3,2002,1999,11,0
dick_vermeil,2010,unknown_caller_hc_games,96,4.574710978503383,0.75,0,6,2005,1999,11,0
dom_capers,2010,unknown_caller_hc_games,64,4.174387269895637,0.6666666666666666,0,4,2005,1999,11,0
emmitt_thomas,2010,unknown_caller_hc_games,4,1.6094379124341003,0.1111111111111111,0,1,2007,1999,11,0
eric_mangini,2010,unknown_caller_hc_games,64,4.174387269895637,0.6666666666666666,0,4,2009,1999,11,0
gary_kubiak,2010,unknown_caller_hc_games,64,4.174387269895637,0.6666666666666666,0,4,2009,1999,11,0
gary_moeller,2010,unknown_caller_hc_games,9,2.302585092994046,0.21951219512195122,0,1,2000,1999,11,0
george_seifert,2010,unknown_caller_hc_games,48,3.8918202981106265,0.6,0,3,2001,1999,11,0
gregg_williams,2010,unknown_caller_hc_games,48,3.8918202981106265,0.6,0,3,2003,1999,11,0
gunther_cunningham,2010,unknown_caller_hc_games,32,3.4965075614664802,0.5,0,2,2000,1999,11,0
herm_edwards,2010,unknown_caller_hc_games,128,4.859812404361672,0.8,0,8,2008,1999,11,0
jack_del_rio,2010,unknown_caller_hc_games,112,4.727387818712341,0.7777777777777778,0,7,2009,1999,11,0
jeff_fisher,2010,unknown_caller_hc_games,176,5.176149732573829,0.8461538461538461,0,11,2009,1999,11,0
jim_bates,2010,unknown_caller_hc_games,7,2.0794415416798357,0.1794871794871795,0,1,2004,1999,11,0
jim_caldwell,2010,unknown_caller_hc_games,16,2.833213344056216,0.3333333333333333,0,1,2009,1999,11,0
jim_fassel,2010,unknown_caller_hc_games,80,4.394449154672439,0.7142857142857143,0,5,2003,1999,11,0
jim_haslett,2010,unknown_caller_hc_games,108,4.6913478822291435,0.7714285714285715,0,7,2008,1999,11,0
jim_mora,2010,unknown_caller_hc_games,112,4.727387818712341,0.7777777777777778,0,7,2009,1999,11,0
jim_schwartz,2010,unknown_caller_hc_games,16,2.833213344056216,0.3333333333333333,0,1,2009,1999,11,0
jim_zorn,2010,unknown_caller_hc_games,32,3.4965075614664802,0.5,0,2,2009,1999,11,0
jimmy_johnson,2010,unknown_caller_hc_games,16,2.833213344056216,0.3333333333333333,0,1,1999,1999,11,0
joe_gibbs,2010,unknown_caller_hc_games,64,4.174387269895637,0.6666666666666666,0,4,2007,1999,11,0
joe_vitt,2010,unknown_caller_hc_games,11,2.4849066497880004,0.2558139534883721,0,1,2005,1999,11,0
john_fox,2010,unknown_caller_hc_games,128,4.859812404361672,0.8,0,8,2009,1999,11,0
john_harbaugh,2010,unknown_caller_hc_games,32,3.4965075614664802,0.5,0,2,2009,1999,11,0
jon_gruden,2010,unknown_caller_hc_games,160,5.081404364984463,0.8333333333333334,0,10,2008,1999,11,0
josh_mcdaniels,2010,unknown_caller_hc_games,16,2.833213344056216,0.3333333333333333,0,1,2009,1999,11,0
ken_whisenhunt,2010,unknown_caller_hc_games,48,3.8918202981106265,0.6,0,3,2009,1999,11,0
lane_kiffin,2010,unknown_caller_hc_games,20,3.044522437723423,0.38461538461538464,0,2,2008,1999,11,0
lovie_smith,2010,unknown_caller_hc_games,96,4.574710978503383,0.75,0,6,2009,1999,11,0
marty_mornhinweg,2010,unknown_caller_hc_games,32,3.4965075614664802,0.5,0,2,2002,1999,11,0
marty_schottenheimer,2010,unknown_caller_hc_games,96,4.574710978503383,0.75,0,6,2006,1999,11,0
marvin_lewis,2010,unknown_caller_hc_games,112,4.727387818712341,0.7777777777777778,0,7,2009,1999,11,0
mike_ditka,2010,unknown_caller_hc_games,16,2.833213344056216,0.3333333333333333,0,1,1999,1999,11,0
mike_holmgren,2010,unknown_caller_hc_games,160,5.081404364984463,0.8333333333333334,0,10,2008,1999,11,0
mike_martz,2010,unknown_caller_hc_games,85,4.454347296253507,0.7264957264957265,0,6,2005,1999,11,0
mike_mccarthy,2010,unknown_caller_hc_games,64,4.174387269895637,0.6666666666666666,0,4,2009,1999,11,0
mike_mularkey,2010,unknown_caller_hc_games,32,3.4965075614664802,0.5,0,2,2005,1999,11,0
mike_nolan,2010,unknown_caller_hc_games,55,4.02535169073515,0.632183908045977,0,4,2008,1999,11,0
mike_riley,2010,unknown_caller_hc_games,48,3.8918202981106265,0.6,0,3,2001,1999,11,0
mike_shanahan,2010,unknown_caller_hc_games,160,5.081404364984463,0.8333333333333334,0,10,2008,1999,11,0
mike_sherman,2010,unknown_caller_hc_games,96,4.574710978503383,0.75,0,6,2005,1999,11,0
mike_singletary,2010,unknown_caller_hc_games,25,3.258096538021482,0.43859649122807015,0,2,2009,1999,11,0
mike_smith,2010,unknown_caller_hc_games,32,3.4965075614664802,0.5,0,2,2009,1999,11,0
mike_tice,2010,unknown_caller_hc_games,65,4.189654742026425,0.6701030927835051,0,5,2005,1999,11,0
mike_tomlin,2010,unknown_caller_hc_games,48,3.8918202981106265,0.6,0,3,2009,1999,11,0
nick_saban,2010,unknown_caller_hc_games,32,3.4965075614664802,0.5,0,2,2006,1999,11,0
norv_turner,2010,unknown_caller_hc_games,99,4.605170185988092,0.7557251908396947,0,7,2009,1999,11,0
perry_fewell,2010,unknown_caller_hc_games,7,2.0794415416798357,0.1794871794871795,0,1,2009,1999,11,0
pete_carroll,2010,unknown_caller_hc_games,16,2.833213344056216,0.3333333333333333,0,1,1999,1999,11,0
raheem_morris,2010,unknown_caller_hc_games,16,2.833213344056216,0.3333333333333333,0,1,2009,1999,11,0
ray_rhodes,2010,unknown_caller_hc_games,16,2.833213344056216,0.3333333333333333,0,1,1999,1999,11,0
rex_ryan,2010,unknown_caller_hc_games,16,2.833213344056216,0.3333333333333333,0,1,2009,1999,11,0
rod_marinelli,2010,unknown_caller_hc_games,48,3.8918202981106265,0.6,0,3,2008,1999,11,0
romeo_crennel,2010,unknown_caller_hc_games,64,4.174387269895637,0.6666666666666666,0,4,2008,1999,11,0
scott_linehan,2010,unknown_caller_hc_games,36,3.6109179126442243,0.5294117647058824,0,3,2008,1999,11,0
sean_payton,2010,unknown_caller_hc_games,64,4.174387269895637,0.6666666666666666,0,4,2009,1999,11,0
steve_mariucci,2010,unknown_caller_hc_games,107,4.68213122712422,0.7697841726618705,0,7,2005,1999,11,0
steve_spagnuolo,2010,unknown_caller_hc_games,16,2.833213344056216,0.3333333333333333,0,1,2009,1999,11,0
steve_spurrier,2010,unknown_caller_hc_games,32,3.4965075614664802,0.5,0,2,2003,1999,11,0
terry_robiskie,2010,unknown_caller_hc_games,18,2.9444389791664403,0.36,0,2,2004,1999,11,0
todd_haley,2010,unknown_caller_hc_games,16,2.833213344056216,0.3333333333333333,0,1,2009,1999,11,0
tom_cable,2010,unknown_caller_hc_games,28,3.367295829986474,0.4666666666666667,0,2,2009,1999,11,0
tom_coughlin,2010,unknown_caller_hc_games,160,5.081404364984463,0.8333333333333334,0,10,2009,1999,11,0
tony_dungy,2010,unknown_caller_hc_games,160,5.081404364984463,0.8333333333333334,0,10,2008,1999,11,0
tony_sparano,2010,unknown_caller_hc_games,32,3.4965075614664802,0.5,0,2,2009,1999,11,0
vince_tobin,2010,unknown_caller_hc_games,25,3.258096538021482,0.43859649122807015,0,2,2000,1999,11,0
wade_phillips,2010,unknown_caller_hc_games,83,4.430816798843313,0.7217391304347827,0,6,2009,1999,11,0
al_groh,2011,hc_resume,16,2.833213344056216,0.3333333333333333,0,1,2000,1999,12,0
andy_reid,2011,hc_resume,192,5.262690188904886,0.8571428571428571,0,12,2010,1999,12,0
art_shell,2011,hc_resume,16,2.833213344056216,0.3333333333333333,0,1,2006,1999,12,0
bill_belichick,2011,hc_resume,176,5.176149732573829,0.8461538461538461,0,11,2010,1999,12,0
bill_callahan,2011,hc_resume,32,3.4965075614664802,0.5,0,2,2003,1999,12,0
bill_cowher,2011,hc_resume,128,4.859812404361672,0.8,0,8,2006,1999,12,0
bill_parcells,2011,hc_resume,80,4.394449154672439,0.7142857142857143,0,5,2006,1999,12,0
bobby_petrino,2011,hc_resume,12,2.5649493574615367,0.2727272727272727,0,1,2007,1999,12,0
bobby_ross,2011,hc_resume,23,3.1780538303479458,0.41818181818181815,0,2,2000,1999,12,0
brad_childress,2011,hc_resume,74,4.31748811353631,0.6981132075471698,0,5,2010,1999,12,0
brian_billick,2011,hc_resume,144,4.976733742420574,0.8181818181818182,0,9,2007,1999,12,0
bruce_coslet,2011,hc_resume,19,2.995732273553991,0.37254901960784315,0,2,2000,1999,12,0
butch_davis,2011,hc_resume,59,4.0943445622221,0.6483516483516484,0,4,2004,1999,12,0
cam_cameron,2011,hc_resume,16,2.833213344056216,0.3333333333333333,0,1,2007,1999,12,0
chan_gailey,2011,hc_resume,32,3.4965075614664802,0.5,0,2,2010,1999,12,0
chris_palmer,2011,hc_resume,32,3.4965075614664802,0.5,0,2,2000,1999,12,0
dan_reeves,2011,hc_resume,77,4.356708826689592,0.7064220183486238,0,5,2003,1999,12,0
dave_campo,2011,hc_resume,48,3.8918202981106265,0.6,0,3,2002,1999,12,0
dave_mcginnis,2011,hc_resume,55,4.02535169073515,0.632183908045977,0,4,2003,1999,12,0
dave_wannstedt,2011,hc_resume,73,4.30406509320417,0.6952380952380952,0,5,2004,1999,12,0
dennis_erickson,2011,hc_resume,32,3.4965075614664802,0.5,0,2,2004,1999,12,0
dennis_green,2011,hc_resume,95,4.564348191467836,0.7480314960629921,0,6,2006,1999,12,0
dick_jauron,2011,hc_resume,142,4.962844630259907,0.8160919540229885,0,10,2009,1999,12,0
dick_lebeau,2011,hc_resume,45,3.828641396489095,0.5844155844155844,0,3,2002,1999,12,0
dick_vermeil,2011,hc_resume,96,4.574710978503383,0.75,0,6,2005,1999,12,0
dom_capers,2011,hc_resume,64,4.174387269895637,0.6666666666666666,0,4,2005,1999,12,0
emmitt_thomas,2011,hc_resume,4,1.6094379124341003,0.1111111111111111,0,1,2007,1999,12,0
eric_mangini,2011,hc_resume,80,4.394449154672439,0.7142857142857143,0,5,2010,1999,12,0
eric_studesville,2011,hc_resume,4,1.6094379124341003,0.1111111111111111,0,1,2010,1999,12,0
gary_kubiak,2011,hc_resume,80,4.394449154672439,0.7142857142857143,0,5,2010,1999,12,0
gary_moeller,2011,hc_resume,9,2.302585092994046,0.21951219512195122,0,1,2000,1999,12,0
george_seifert,2011,hc_resume,48,3.8918202981106265,0.6,0,3,2001,1999,12,0
gregg_williams,2011,hc_resume,48,3.8918202981106265,0.6,0,3,2003,1999,12,0
gunther_cunningham,2011,hc_resume,32,3.4965075614664802,0.5,0,2,2000,1999,12,0
herm_edwards,2011,hc_resume,128,4.859812404361672,0.8,0,8,2008,1999,12,0
jack_del_rio,2011,hc_resume,128,4.859812404361672,0.8,0,8,2010,1999,12,0
jason_garrett,2011,hc_resume,8,2.1972245773362196,0.2,0,1,2010,1999,12,0
jeff_fisher,2011,hc_resume,192,5.262690188904886,0.8571428571428571,0,12,2010,1999,12,0
jim_bates,2011,hc_resume,7,2.0794415416798357,0.1794871794871795,0,1,2004,1999,12,0
jim_caldwell,2011,hc_resume,32,3.4965075614664802,0.5,0,2,2010,1999,12,0
jim_fassel,2011,hc_resume,80,4.394449154672439,0.7142857142857143,0,5,2003,1999,12,0
jim_haslett,2011,hc_resume,108,4.6913478822291435,0.7714285714285715,0,7,2008,1999,12,0
jim_mora,2011,hc_resume,112,4.727387818712341,0.7777777777777778,0,7,2009,1999,12,0
jim_schwartz,2011,hc_resume,32,3.4965075614664802,0.5,0,2,2010,1999,12,0
jim_tomsula,2011,hc_resume,1,0.6931471805599453,0.030303030303030304,0,1,2010,1999,12,0
jim_zorn,2011,hc_resume,32,3.4965075614664802,0.5,0,2,2009,1999,12,0
jimmy_johnson,2011,hc_resume,16,2.833213344056216,0.3333333333333333,0,1,1999,1999,12,0
joe_gibbs,2011,hc_resume,64,4.174387269895637,0.6666666666666666,0,4,2007,1999,12,0
joe_vitt,2011,hc_resume,11,2.4849066497880004,0.2558139534883721,0,1,2005,1999,12,0
john_fox,2011,hc_resume,144,4.976733742420574,0.8181818181818182,0,9,2010,1999,12,0
john_harbaugh,2011,hc_resume,48,3.8918202981106265,0.6,0,3,2010,1999,12,0
jon_gruden,2011,hc_resume,160,5.081404364984463,0.8333333333333334,0,10,2008,1999,12,0
josh_mcdaniels,2011,hc_resume,28,3.367295829986474,0.4666666666666667,0,2,2010,1999,12,0
ken_whisenhunt,2011,hc_resume,64,4.174387269895637,0.6666666666666666,0,4,2010,1999,12,0
lane_kiffin,2011,hc_resume,20,3.044522437723423,0.38461538461538464,0,2,2008,1999,12,0
leslie_frazier,2011,hc_resume,6,1.9459101490553132,0.15789473684210525,0,1,2010,1999,12,0
lovie_smith,2011,hc_resume,112,4.727387818712341,0.7777777777777778,0,7,2010,1999,12,0
marty_mornhinweg,2011,hc_resume,32,3.4965075614664802,0.5,0,2,2002,1999,12,0
marty_schottenheimer,2011,hc_resume,96,4.574710978503383,0.75,0,6,2006,1999,12,0
marvin_lewis,2011,hc_resume,128,4.859812404361672,0.8,0,8,2010,1999,12,0
mike_ditka,2011,hc_resume,16,2.833213344056216,0.3333333333333333,0,1,1999,1999,12,0
mike_holmgren,2011,hc_resume,160,5.081404364984463,0.8333333333333334,0,10,2008,1999,12,0
mike_martz,2011,hc_resume,85,4.454347296253507,0.7264957264957265,0,6,2005,1999,12,0
mike_mccarthy,2011,hc_resume,80,4.394449154672439,0.7142857142857143,0,5,2010,1999,12,0
mike_mularkey,2011,hc_resume,32,3.4965075614664802,0.5,0,2,2005,1999,12,0
mike_nolan,2011,hc_resume,55,4.02535169073515,0.632183908045977,0,4,2008,1999,12,0
mike_riley,2011,hc_resume,48,3.8918202981106265,0.6,0,3,2001,1999,12,0
mike_shanahan,2011,hc_resume,176,5.176149732573829,0.8461538461538461,0,11,2010,1999,12,0
mike_sherman,2011,hc_resume,96,4.574710978503383,0.75,0,6,2005,1999,12,0
mike_singletary,2011,hc_resume,40,3.713572066704308,0.5555555555555556,0,3,2010,1999,12,0
mike_smith,2011,hc_resume,48,3.8918202981106265,0.6,0,3,2010,1999,12,0
mike_tice,2011,hc_resume,65,4.189654742026425,0.6701030927835051,0,5,2005,1999,12,0
mike_tomlin,2011,hc_resume,64,4.174387269895637,0.6666666666666666,0,4,2010,1999,12,0
nick_saban,2011,hc_resume,32,3.4965075614664802,0.5,0,2,2006,1999,12,0
norv_turner,2011,hc_resume,115,4.7535901911063645,0.782312925170068,0,8,2010,1999,12,0
perry_fewell,2011,hc_resume,7,2.0794415416798357,0.1794871794871795,0,1,2009,1999,12,0
pete_carroll,2011,hc_resume,32,3.4965075614664802,0.5,0,2,2010,1999,12,0
raheem_morris,2011,hc_resume,32,3.4965075614664802,0.5,0,2,2010,1999,12,0
ray_rhodes,2011,hc_resume,16,2.833213344056216,0.3333333333333333,0,1,1999,1999,12,0
rex_ryan,2011,hc_resume,32,3.4965075614664802,0.5,0,2,2010,1999,12,0
rod_marinelli,2011,hc_resume,48,3.8918202981106265,0.6,0,3,2008,1999,12,0
romeo_crennel,2011,hc_resume,64,4.174387269895637,0.6666666666666666,0,4,2008,1999,12,0
scott_linehan,2011,hc_resume,36,3.6109179126442243,0.5294117647058824,0,3,2008,1999,12,0
sean_payton,2011,hc_resume,80,4.394449154672439,0.7142857142857143,0,5,2010,1999,12,0
steve_mariucci,2011,hc_resume,107,4.68213122712422,0.7697841726618705,0,7,2005,1999,12,0
steve_spagnuolo,2011,hc_resume,32,3.4965075614664802,0.5,0,2,2010,1999,12,0
steve_spurrier,2011,hc_resume,32,3.4965075614664802,0.5,0,2,2003,1999,12,0
terry_robiskie,2011,hc_resume,18,2.9444389791664403,0.36,0,2,2004,1999,12,0
todd_haley,2011,hc_resume,32,3.4965075614664802,0.5,0,2,2010,1999,12,0
tom_cable,2011,hc_resume,44,3.8066624897703196,0.5789473684210527,0,3,2010,1999,12,0
tom_coughlin,2011,hc_resume,176,5.176149732573829,0.8461538461538461,0,11,2010,1999,12,0
tony_dungy,2011,hc_resume,160,5.081404364984463,0.8333333333333334,0,10,2008,1999,12,0
tony_sparano,2011,hc_resume,48,3.8918202981106265,0.6,0,3,2010,1999,12,0
vince_tobin,2011,hc_resume,25,3.258096538021482,0.43859649122807015,0,2,2000,1999,12,0
wade_phillips,2011,hc_resume,91,4.5217885770490405,0.7398373983739838,0,7,2010,1999,12,0
al_groh,2011,unknown_caller_hc_games,16,2.833213344056216,0.3333333333333333,0,1,2000,1999,12,0
andy_reid,2011,unknown_caller_hc_games,192,5.262690188904886,0.8571428571428571,0,12,2010,1999,12,0
art_shell,2011,unknown_caller_hc_games,16,2.833213344056216,0.3333333333333333,0,1,2006,1999,12,0
bill_belichick,2011,unknown_caller_hc_games,176,5.176149732573829,0.8461538461538461,0,11,2010,1999,12,0
bill_callahan,2011,unknown_caller_hc_games,32,3.4965075614664802,0.5,0,2,2003,1999,12,0
bill_cowher,2011,unknown_caller_hc_games,128,4.859812404361672,0.8,0,8,2006,1999,12,0
bill_parcells,2011,unknown_caller_hc_games,80,4.394449154672439,0.7142857142857143,0,5,2006,1999,12,0
bobby_petrino,2011,unknown_caller_hc_games,12,2.5649493574615367,0.2727272727272727,0,1,2007,1999,12,0
bobby_ross,2011,unknown_caller_hc_games,23,3.1780538303479458,0.41818181818181815,0,2,2000,1999,12,0
brad_childress,2011,unknown_caller_hc_games,74,4.31748811353631,0.6981132075471698,0,5,2010,1999,12,0
brian_billick,2011,unknown_caller_hc_games,144,4.976733742420574,0.8181818181818182,0,9,2007,1999,12,0
bruce_coslet,2011,unknown_caller_hc_games,19,2.995732273553991,0.37254901960784315,0,2,2000,1999,12,0
butch_davis,2011,unknown_caller_hc_games,59,4.0943445622221,0.6483516483516484,0,4,2004,1999,12,0
cam_cameron,2011,unknown_caller_hc_games,16,2.833213344056216,0.3333333333333333,0,1,2007,1999,12,0
chan_gailey,2011,unknown_caller_hc_games,32,3.4965075614664802,0.5,0,2,2010,1999,12,0
chris_palmer,2011,unknown_caller_hc_games,32,3.4965075614664802,0.5,0,2,2000,1999,12,0
dan_reeves,2011,unknown_caller_hc_games,77,4.356708826689592,0.7064220183486238,0,5,2003,1999,12,0
dave_campo,2011,unknown_caller_hc_games,48,3.8918202981106265,0.6,0,3,2002,1999,12,0
dave_mcginnis,2011,unknown_caller_hc_games,55,4.02535169073515,0.632183908045977,0,4,2003,1999,12,0
dave_wannstedt,2011,unknown_caller_hc_games,73,4.30406509320417,0.6952380952380952,0,5,2004,1999,12,0
dennis_erickson,2011,unknown_caller_hc_games,32,3.4965075614664802,0.5,0,2,2004,1999,12,0
dennis_green,2011,unknown_caller_hc_games,95,4.564348191467836,0.7480314960629921,0,6,2006,1999,12,0
dick_jauron,2011,unknown_caller_hc_games,142,4.962844630259907,0.8160919540229885,0,10,2009,1999,12,0
dick_lebeau,2011,unknown_caller_hc_games,45,3.828641396489095,0.5844155844155844,0,3,2002,1999,12,0
dick_vermeil,2011,unknown_caller_hc_games,96,4.574710978503383,0.75,0,6,2005,1999,12,0
dom_capers,2011,unknown_caller_hc_games,64,4.174387269895637,0.6666666666666666,0,4,2005,1999,12,0
emmitt_thomas,2011,unknown_caller_hc_games,4,1.6094379124341003,0.1111111111111111,0,1,2007,1999,12,0
eric_mangini,2011,unknown_caller_hc_games,80,4.394449154672439,0.7142857142857143,0,5,2010,1999,12,0
eric_studesville,2011,unknown_caller_hc_games,4,1.6094379124341003,0.1111111111111111,0,1,2010,1999,12,0
gary_kubiak,2011,unknown_caller_hc_games,80,4.394449154672439,0.7142857142857143,0,5,2010,1999,12,0
gary_moeller,2011,unknown_caller_hc_games,9,2.302585092994046,0.21951219512195122,0,1,2000,1999,12,0
george_seifert,2011,unknown_caller_hc_games,48,3.8918202981106265,0.6,0,3,2001,1999,12,0
gregg_williams,2011,unknown_caller_hc_games,48,3.8918202981106265,0.6,0,3,2003,1999,12,0
gunther_cunningham,2011,unknown_caller_hc_games,32,3.4965075614664802,0.5,0,2,2000,1999,12,0
herm_edwards,2011,unknown_caller_hc_games,128,4.859812404361672,0.8,0,8,2008,1999,12,0
jack_del_rio,2011,unknown_caller_hc_games,128,4.859812404361672,0.8,0,8,2010,1999,12,0
jason_garrett,2011,unknown_caller_hc_games,8,2.1972245773362196,0.2,0,1,2010,1999,12,0
jeff_fisher,2011,unknown_caller_hc_games,192,5.262690188904886,0.8571428571428571,0,12,2010,1999,12,0
jim_bates,2011,unknown_caller_hc_games,7,2.0794415416798357,0.1794871794871795,0,1,2004,1999,12,0
jim_caldwell,2011,unknown_caller_hc_games,32,3.4965075614664802,0.5,0,2,2010,1999,12,0
jim_fassel,2011,unknown_caller_hc_games,80,4.394449154672439,0.7142857142857143,0,5,2003,1999,12,0
jim_haslett,2011,unknown_caller_hc_games,108,4.6913478822291435,0.7714285714285715,0,7,2008,1999,12,0
jim_mora,2011,unknown_caller_hc_games,112,4.727387818712341,0.7777777777777778,0,7,2009,1999,12,0
jim_schwartz,2011,unknown_caller_hc_games,32,3.4965075614664802,0.5,0,2,2010,1999,12,0
jim_tomsula,2011,unknown_caller_hc_games,1,0.6931471805599453,0.030303030303030304,0,1,2010,1999,12,0
jim_zorn,2011,unknown_caller_hc_games,32,3.4965075614664802,0.5,0,2,2009,1999,12,0
jimmy_johnson,2011,unknown_caller_hc_games,16,2.833213344056216,0.3333333333333333,0,1,1999,1999,12,0
joe_gibbs,2011,unknown_caller_hc_games,64,4.174387269895637,0.6666666666666666,0,4,2007,1999,12,0
joe_vitt,2011,unknown_caller_hc_games,11,2.4849066497880004,0.2558139534883721,0,1,2005,1999,12,0
john_fox,2011,unknown_caller_hc_games,144,4.976733742420574,0.8181818181818182,0,9,2010,1999,12,0
john_harbaugh,2011,unknown_caller_hc_games,48,3.8918202981106265,0.6,0,3,2010,1999,12,0
jon_gruden,2011,unknown_caller_hc_games,160,5.081404364984463,0.8333333333333334,0,10,2008,1999,12,0
josh_mcdaniels,2011,unknown_caller_hc_games,28,3.367295829986474,0.4666666666666667,0,2,2010,1999,12,0
ken_whisenhunt,2011,unknown_caller_hc_games,64,4.174387269895637,0.6666666666666666,0,4,2010,1999,12,0
lane_kiffin,2011,unknown_caller_hc_games,20,3.044522437723423,0.38461538461538464,0,2,2008,1999,12,0
leslie_frazier,2011,unknown_caller_hc_games,6,1.9459101490553132,0.15789473684210525,0,1,2010,1999,12,0
lovie_smith,2011,unknown_caller_hc_games,112,4.727387818712341,0.7777777777777778,0,7,2010,1999,12,0
marty_mornhinweg,2011,unknown_caller_hc_games,32,3.4965075614664802,0.5,0,2,2002,1999,12,0
marty_schottenheimer,2011,unknown_caller_hc_games,96,4.574710978503383,0.75,0,6,2006,1999,12,0
marvin_lewis,2011,unknown_caller_hc_games,128,4.859812404361672,0.8,0,8,2010,1999,12,0
mike_ditka,2011,unknown_caller_hc_games,16,2.833213344056216,0.3333333333333333,0,1,1999,1999,12,0
mike_holmgren,2011,unknown_caller_hc_games,160,5.081404364984463,0.8333333333333334,0,10,2008,1999,12,0
mike_martz,2011,unknown_caller_hc_games,85,4.454347296253507,0.7264957264957265,0,6,2005,1999,12,0
mike_mccarthy,2011,unknown_caller_hc_games,80,4.394449154672439,0.7142857142857143,0,5,2010,1999,12,0
mike_mularkey,2011,unknown_caller_hc_games,32,3.4965075614664802,0.5,0,2,2005,1999,12,0
mike_nolan,2011,unknown_caller_hc_games,55,4.02535169073515,0.632183908045977,0,4,2008,1999,12,0
mike_riley,2011,unknown_caller_hc_games,48,3.8918202981106265,0.6,0,3,2001,1999,12,0
mike_shanahan,2011,unknown_caller_hc_games,176,5.176149732573829,0.8461538461538461,0,11,2010,1999,12,0
mike_sherman,2011,unknown_caller_hc_games,96,4.574710978503383,0.75,0,6,2005,1999,12,0
mike_singletary,2011,unknown_caller_hc_games,40,3.713572066704308,0.5555555555555556,0,3,2010,1999,12,0
mike_smith,2011,unknown_caller_hc_games,48,3.8918202981106265,0.6,0,3,2010,1999,12,0
mike_tice,2011,unknown_caller_hc_games,65,4.189654742026425,0.6701030927835051,0,5,2005,1999,12,0
mike_tomlin,2011,unknown_caller_hc_games,64,4.174387269895637,0.6666666666666666,0,4,2010,1999,12,0
nick_saban,2011,unknown_caller_hc_games,32,3.4965075614664802,0.5,0,2,2006,1999,12,0
norv_turner,2011,unknown_caller_hc_games,115,4.7535901911063645,0.782312925170068,0,8,2010,1999,12,0
perry_fewell,2011,unknown_caller_hc_games,7,2.0794415416798357,0.1794871794871795,0,1,2009,1999,12,0
pete_carroll,2011,unknown_caller_hc_games,32,3.4965075614664802,0.5,0,2,2010,1999,12,0
raheem_morris,2011,unknown_caller_hc_games,32,3.4965075614664802,0.5,0,2,2010,1999,12,0
ray_rhodes,2011,unknown_caller_hc_games,16,2.833213344056216,0.3333333333333333,0,1,1999,1999,12,0
rex_ryan,2011,unknown_caller_hc_games,32,3.4965075614664802,0.5,0,2,2010,1999,12,0
rod_marinelli,2011,unknown_caller_hc_games,48,3.8918202981106265,0.6,0,3,2008,1999,12,0
romeo_crennel,2011,unknown_caller_hc_games,64,4.174387269895637,0.6666666666666666,0,4,2008,1999,12,0
scott_linehan,2011,unknown_caller_hc_games,36,3.6109179126442243,0.5294117647058824,0,3,2008,1999,12,0
sean_payton,2011,unknown_caller_hc_games,80,4.394449154672439,0.7142857142857143,0,5,2010,1999,12,0
steve_mariucci,2011,unknown_caller_hc_games,107,4.68213122712422,0.7697841726618705,0,7,2005,1999,12,0
steve_spagnuolo,2011,unknown_caller_hc_games,32,3.4965075614664802,0.5,0,2,2010,1999,12,0
steve_spurrier,2011,unknown_caller_hc_games,32,3.4965075614664802,0.5,0,2,2003,1999,12,0
terry_robiskie,2011,unknown_caller_hc_games,18,2.9444389791664403,0.36,0,2,2004,1999,12,0
todd_haley,2011,unknown_caller_hc_games,32,3.4965075614664802,0.5,0,2,2010,1999,12,0
tom_cable,2011,unknown_caller_hc_games,44,3.8066624897703196,0.5789473684210527,0,3,2010,1999,12,0
tom_coughlin,2011,unknown_caller_hc_games,176,5.176149732573829,0.8461538461538461,0,11,2010,1999,12,0
tony_dungy,2011,unknown_caller_hc_games,160,5.081404364984463,0.8333333333333334,0,10,2008,1999,12,0
tony_sparano,2011,unknown_caller_hc_games,48,3.8918202981106265,0.6,0,3,2010,1999,12,0
vince_tobin,2011,unknown_caller_hc_games,25,3.258096538021482,0.43859649122807015,0,2,2000,1999,12,0
wade_phillips,2011,unknown_caller_hc_games,91,4.5217885770490405,0.7398373983739838,0,7,2010,1999,12,0
al_groh,2012,hc_resume,16,2.833213344056216,0.3333333333333333,0,1,2000,1999,13,0
andy_reid,2012,hc_resume,208,5.342334251964811,0.8666666666666667,0,13,2011,1999,13,0
art_shell,2012,hc_resume,16,2.833213344056216,0.3333333333333333,0,1,2006,1999,13,0
bill_belichick,2012,hc_resume,192,5.262690188904886,0.8571428571428571,0,12,2011,1999,13,0
bill_callahan,2012,hc_resume,32,3.4965075614664802,0.5,0,2,2003,1999,13,0
bill_cowher,2012,hc_resume,128,4.859812404361672,0.8,0,8,2006,1999,13,0
bill_parcells,2012,hc_resume,80,4.394449154672439,0.7142857142857143,0,5,2006,1999,13,0
bobby_petrino,2012,hc_resume,12,2.5649493574615367,0.2727272727272727,0,1,2007,1999,13,0
bobby_ross,2012,hc_resume,23,3.1780538303479458,0.41818181818181815,0,2,2000,1999,13,0
brad_childress,2012,hc_resume,74,4.31748811353631,0.6981132075471698,0,5,2010,1999,13,0
brian_billick,2012,hc_resume,144,4.976733742420574,0.8181818181818182,0,9,2007,1999,13,0
bruce_coslet,2012,hc_resume,19,2.995732273553991,0.37254901960784315,0,2,2000,1999,13,0
butch_davis,2012,hc_resume,59,4.0943445622221,0.6483516483516484,0,4,2004,1999,13,0
cam_cameron,2012,hc_resume,16,2.833213344056216,0.3333333333333333,0,1,2007,1999,13,0
chan_gailey,2012,hc_resume,48,3.8918202981106265,0.6,0,3,2011,1999,13,0
chris_palmer,2012,hc_resume,32,3.4965075614664802,0.5,0,2,2000,1999,13,0
dan_reeves,2012,hc_resume,77,4.356708826689592,0.7064220183486238,0,5,2003,1999,13,0
dave_campo,2012,hc_resume,48,3.8918202981106265,0.6,0,3,2002,1999,13,0
dave_mcginnis,2012,hc_resume,55,4.02535169073515,0.632183908045977,0,4,2003,1999,13,0
dave_wannstedt,2012,hc_resume,73,4.30406509320417,0.6952380952380952,0,5,2004,1999,13,0
dennis_erickson,2012,hc_resume,32,3.4965075614664802,0.5,0,2,2004,1999,13,0
dennis_green,2012,hc_resume,95,4.564348191467836,0.7480314960629921,0,6,2006,1999,13,0
dick_jauron,2012,hc_resume,142,4.962844630259907,0.8160919540229885,0,10,2009,1999,13,0
dick_lebeau,2012,hc_resume,45,3.828641396489095,0.5844155844155844,0,3,2002,1999,13,0
dick_vermeil,2012,hc_resume,96,4.574710978503383,0.75,0,6,2005,1999,13,0
dom_capers,2012,hc_resume,64,4.174387269895637,0.6666666666666666,0,4,2005,1999,13,0
emmitt_thomas,2012,hc_resume,4,1.6094379124341003,0.1111111111111111,0,1,2007,1999,13,0
eric_mangini,2012,hc_resume,80,4.394449154672439,0.7142857142857143,0,5,2010,1999,13,0
eric_studesville,2012,hc_resume,4,1.6094379124341003,0.1111111111111111,0,1,2010,1999,13,0
gary_kubiak,2012,hc_resume,96,4.574710978503383,0.75,0,6,2011,1999,13,0
gary_moeller,2012,hc_resume,9,2.302585092994046,0.21951219512195122,0,1,2000,1999,13,0
george_seifert,2012,hc_resume,48,3.8918202981106265,0.6,0,3,2001,1999,13,0
gregg_williams,2012,hc_resume,48,3.8918202981106265,0.6,0,3,2003,1999,13,0
gunther_cunningham,2012,hc_resume,32,3.4965075614664802,0.5,0,2,2000,1999,13,0
herm_edwards,2012,hc_resume,128,4.859812404361672,0.8,0,8,2008,1999,13,0
hue_jackson,2012,hc_resume,16,2.833213344056216,0.3333333333333333,0,1,2011,1999,13,0
jack_del_rio,2012,hc_resume,139,4.941642422609304,0.8128654970760234,0,9,2011,1999,13,0
jason_garrett,2012,hc_resume,24,3.2188758248682006,0.42857142857142855,0,2,2011,1999,13,0
jeff_fisher,2012,hc_resume,192,5.262690188904886,0.8571428571428571,0,12,2010,1999,13,0
jim_bates,2012,hc_resume,7,2.0794415416798357,0.1794871794871795,0,1,2004,1999,13,0
jim_caldwell,2012,hc_resume,48,3.8918202981106265,0.6,0,3,2011,1999,13,0
jim_fassel,2012,hc_resume,80,4.394449154672439,0.7142857142857143,0,5,2003,1999,13,0
jim_harbaugh,2012,hc_resume,16,2.833213344056216,0.3333333333333333,0,1,2011,1999,13,0
jim_haslett,2012,hc_resume,108,4.6913478822291435,0.7714285714285715,0,7,2008,1999,13,0
jim_mora,2012,hc_resume,112,4.727387818712341,0.7777777777777778,0,7,2009,1999,13,0
jim_schwartz,2012,hc_resume,48,3.8918202981106265,0.6,0,3,2011,1999,13,0
jim_tomsula,2012,hc_resume,1,0.6931471805599453,0.030303030303030304,0,1,2010,1999,13,0
jim_zorn,2012,hc_resume,32,3.4965075614664802,0.5,0,2,2009,1999,13,0
jimmy_johnson,2012,hc_resume,16,2.833213344056216,0.3333333333333333,0,1,1999,1999,13,0
joe_gibbs,2012,hc_resume,64,4.174387269895637,0.6666666666666666,0,4,2007,1999,13,0
joe_vitt,2012,hc_resume,11,2.4849066497880004,0.2558139534883721,0,1,2005,1999,13,0
john_fox,2012,hc_resume,160,5.081404364984463,0.8333333333333334,0,10,2011,1999,13,0
john_harbaugh,2012,hc_resume,64,4.174387269895637,0.6666666666666666,0,4,2011,1999,13,0
jon_gruden,2012,hc_resume,160,5.081404364984463,0.8333333333333334,0,10,2008,1999,13,0
josh_mcdaniels,2012,hc_resume,28,3.367295829986474,0.4666666666666667,0,2,2010,1999,13,0
ken_whisenhunt,2012,hc_resume,80,4.394449154672439,0.7142857142857143,0,5,2011,1999,13,0
lane_kiffin,2012,hc_resume,20,3.044522437723423,0.38461538461538464,0,2,2008,1999,13,0
leslie_frazier,2012,hc_resume,22,3.1354942159291497,0.4074074074074074,0,2,2011,1999,13,0
lovie_smith,2012,hc_resume,128,4.859812404361672,0.8,0,8,2011,1999,13,0
marty_mornhinweg,2012,hc_resume,32,3.4965075614664802,0.5,0,2,2002,1999,13,0
marty_schottenheimer,2012,hc_resume,96,4.574710978503383,0.75,0,6,2006,1999,13,0
marvin_lewis,2012,hc_resume,144,4.976733742420574,0.8181818181818182,0,9,2011,1999,13,0
mel_tucker,2012,hc_resume,5,1.791759469228055,0.13513513513513514,0,1,2011,1999,13,0
mike_ditka,2012,hc_resume,16,2.833213344056216,0.3333333333333333,0,1,1999,1999,13,0
mike_holmgren,2012,hc_resume,160,5.081404364984463,0.8333333333333334,0,10,2008,1999,13,0
mike_martz,2012,hc_resume,85,4.454347296253507,0.7264957264957265,0,6,2005,1999,13,0
mike_mccarthy,2012,hc_resume,96,4.574710978503383,0.75,0,6,2011,1999,13,0
mike_mularkey,2012,hc_resume,32,3.4965075614664802,0.5,0,2,2005,1999,13,0
mike_munchak,2012,hc_resume,16,2.833213344056216,0.3333333333333333,0,1,2011,1999,13,0
mike_nolan,2012,hc_resume,55,4.02535169073515,0.632183908045977,0,4,2008,1999,13,0
mike_riley,2012,hc_resume,48,3.8918202981106265,0.6,0,3,2001,1999,13,0
mike_shanahan,2012,hc_resume,192,5.262690188904886,0.8571428571428571,0,12,2011,1999,13,0
mike_sherman,2012,hc_resume,96,4.574710978503383,0.75,0,6,2005,1999,13,0
mike_singletary,2012,hc_resume,40,3.713572066704308,0.5555555555555556,0,3,2010,1999,13,0
mike_smith,2012,hc_resume,64,4.174387269895637,0.6666666666666666,0,4,2011,1999,13,0
mike_tice,2012,hc_resume,65,4.189654742026425,0.6701030927835051,0,5,2005,1999,13,0
mike_tomlin,2012,hc_resume,80,4.394449154672439,0.7142857142857143,0,5,2011,1999,13,0
nick_saban,2012,hc_resume,32,3.4965075614664802,0.5,0,2,2006,1999,13,0
norv_turner,2012,hc_resume,131,4.882801922586371,0.803680981595092,0,9,2011,1999,13,0
pat_shurmur,2012,hc_resume,16,2.833213344056216,0.3333333333333333,0,1,2011,1999,13,0
perry_fewell,2012,hc_resume,7,2.0794415416798357,0.1794871794871795,0,1,2009,1999,13,0
pete_carroll,2012,hc_resume,48,3.8918202981106265,0.6,0,3,2011,1999,13,0
raheem_morris,2012,hc_resume,48,3.8918202981106265,0.6,0,3,2011,1999,13,0
ray_rhodes,2012,hc_resume,16,2.833213344056216,0.3333333333333333,0,1,1999,1999,13,0
rex_ryan,2012,hc_resume,48,3.8918202981106265,0.6,0,3,2011,1999,13,0
rod_marinelli,2012,hc_resume,48,3.8918202981106265,0.6,0,3,2008,1999,13,0
romeo_crennel,2012,hc_resume,67,4.219507705176107,0.6767676767676768,0,5,2011,1999,13,0
ron_rivera,2012,hc_resume,16,2.833213344056216,0.3333333333333333,0,1,2011,1999,13,0
scott_linehan,2012,hc_resume,36,3.6109179126442243,0.5294117647058824,0,3,2008,1999,13,0
sean_payton,2012,hc_resume,96,4.574710978503383,0.75,0,6,2011,1999,13,0
steve_mariucci,2012,hc_resume,107,4.68213122712422,0.7697841726618705,0,7,2005,1999,13,0
steve_spagnuolo,2012,hc_resume,48,3.8918202981106265,0.6,0,3,2011,1999,13,0
steve_spurrier,2012,hc_resume,32,3.4965075614664802,0.5,0,2,2003,1999,13,0
terry_robiskie,2012,hc_resume,18,2.9444389791664403,0.36,0,2,2004,1999,13,0
todd_bowles,2012,hc_resume,3,1.3862943611198906,0.08571428571428572,0,1,2011,1999,13,0
todd_haley,2012,hc_resume,45,3.828641396489095,0.5844155844155844,0,3,2011,1999,13,0
tom_cable,2012,hc_resume,44,3.8066624897703196,0.5789473684210527,0,3,2010,1999,13,0
tom_coughlin,2012,hc_resume,192,5.262690188904886,0.8571428571428571,0,12,2011,1999,13,0
tony_dungy,2012,hc_resume,160,5.081404364984463,0.8333333333333334,0,10,2008,1999,13,0
tony_sparano,2012,hc_resume,61,4.127134385045092,0.6559139784946236,0,4,2011,1999,13,0
vince_tobin,2012,hc_resume,25,3.258096538021482,0.43859649122807015,0,2,2000,1999,13,0
wade_phillips,2012,hc_resume,91,4.5217885770490405,0.7398373983739838,0,7,2010,1999,13,0
al_groh,2012,unknown_caller_hc_games,16,2.833213344056216,0.3333333333333333,0,1,2000,1999,13,0
andy_reid,2012,unknown_caller_hc_games,208,5.342334251964811,0.8666666666666667,0,13,2011,1999,13,0
art_shell,2012,unknown_caller_hc_games,16,2.833213344056216,0.3333333333333333,0,1,2006,1999,13,0
bill_belichick,2012,unknown_caller_hc_games,192,5.262690188904886,0.8571428571428571,0,12,2011,1999,13,0
bill_callahan,2012,unknown_caller_hc_games,32,3.4965075614664802,0.5,0,2,2003,1999,13,0
bill_cowher,2012,unknown_caller_hc_games,128,4.859812404361672,0.8,0,8,2006,1999,13,0
bill_parcells,2012,unknown_caller_hc_games,80,4.394449154672439,0.7142857142857143,0,5,2006,1999,13,0
bobby_petrino,2012,unknown_caller_hc_games,12,2.5649493574615367,0.2727272727272727,0,1,2007,1999,13,0
bobby_ross,2012,unknown_caller_hc_games,23,3.1780538303479458,0.41818181818181815,0,2,2000,1999,13,0
brad_childress,2012,unknown_caller_hc_games,74,4.31748811353631,0.6981132075471698,0,5,2010,1999,13,0
brian_billick,2012,unknown_caller_hc_games,144,4.976733742420574,0.8181818181818182,0,9,2007,1999,13,0
bruce_coslet,2012,unknown_caller_hc_games,19,2.995732273553991,0.37254901960784315,0,2,2000,1999,13,0
butch_davis,2012,unknown_caller_hc_games,59,4.0943445622221,0.6483516483516484,0,4,2004,1999,13,0
cam_cameron,2012,unknown_caller_hc_games,16,2.833213344056216,0.3333333333333333,0,1,2007,1999,13,0
chan_gailey,2012,unknown_caller_hc_games,48,3.8918202981106265,0.6,0,3,2011,1999,13,0
chris_palmer,2012,unknown_caller_hc_games,32,3.4965075614664802,0.5,0,2,2000,1999,13,0
dan_reeves,2012,unknown_caller_hc_games,77,4.356708826689592,0.7064220183486238,0,5,2003,1999,13,0
dave_campo,2012,unknown_caller_hc_games,48,3.8918202981106265,0.6,0,3,2002,1999,13,0
dave_mcginnis,2012,unknown_caller_hc_games,55,4.02535169073515,0.632183908045977,0,4,2003,1999,13,0
dave_wannstedt,2012,unknown_caller_hc_games,73,4.30406509320417,0.6952380952380952,0,5,2004,1999,13,0
dennis_erickson,2012,unknown_caller_hc_games,32,3.4965075614664802,0.5,0,2,2004,1999,13,0
dennis_green,2012,unknown_caller_hc_games,95,4.564348191467836,0.7480314960629921,0,6,2006,1999,13,0
dick_jauron,2012,unknown_caller_hc_games,142,4.962844630259907,0.8160919540229885,0,10,2009,1999,13,0
dick_lebeau,2012,unknown_caller_hc_games,45,3.828641396489095,0.5844155844155844,0,3,2002,1999,13,0
dick_vermeil,2012,unknown_caller_hc_games,96,4.574710978503383,0.75,0,6,2005,1999,13,0
dom_capers,2012,unknown_caller_hc_games,64,4.174387269895637,0.6666666666666666,0,4,2005,1999,13,0
emmitt_thomas,2012,unknown_caller_hc_games,4,1.6094379124341003,0.1111111111111111,0,1,2007,1999,13,0
eric_mangini,2012,unknown_caller_hc_games,80,4.394449154672439,0.7142857142857143,0,5,2010,1999,13,0
eric_studesville,2012,unknown_caller_hc_games,4,1.6094379124341003,0.1111111111111111,0,1,2010,1999,13,0
gary_kubiak,2012,unknown_caller_hc_games,96,4.574710978503383,0.75,0,6,2011,1999,13,0
gary_moeller,2012,unknown_caller_hc_games,9,2.302585092994046,0.21951219512195122,0,1,2000,1999,13,0
george_seifert,2012,unknown_caller_hc_games,48,3.8918202981106265,0.6,0,3,2001,1999,13,0
gregg_williams,2012,unknown_caller_hc_games,48,3.8918202981106265,0.6,0,3,2003,1999,13,0
gunther_cunningham,2012,unknown_caller_hc_games,32,3.4965075614664802,0.5,0,2,2000,1999,13,0
herm_edwards,2012,unknown_caller_hc_games,128,4.859812404361672,0.8,0,8,2008,1999,13,0
hue_jackson,2012,unknown_caller_hc_games,16,2.833213344056216,0.3333333333333333,0,1,2011,1999,13,0
jack_del_rio,2012,unknown_caller_hc_games,139,4.941642422609304,0.8128654970760234,0,9,2011,1999,13,0
jason_garrett,2012,unknown_caller_hc_games,24,3.2188758248682006,0.42857142857142855,0,2,2011,1999,13,0
jeff_fisher,2012,unknown_caller_hc_games,192,5.262690188904886,0.8571428571428571,0,12,2010,1999,13,0
jim_bates,2012,unknown_caller_hc_games,7,2.0794415416798357,0.1794871794871795,0,1,2004,1999,13,0
jim_caldwell,2012,unknown_caller_hc_games,48,3.8918202981106265,0.6,0,3,2011,1999,13,0
jim_fassel,2012,unknown_caller_hc_games,80,4.394449154672439,0.7142857142857143,0,5,2003,1999,13,0
jim_harbaugh,2012,unknown_caller_hc_games,16,2.833213344056216,0.3333333333333333,0,1,2011,1999,13,0
jim_haslett,2012,unknown_caller_hc_games,108,4.6913478822291435,0.7714285714285715,0,7,2008,1999,13,0
jim_mora,2012,unknown_caller_hc_games,112,4.727387818712341,0.7777777777777778,0,7,2009,1999,13,0
jim_schwartz,2012,unknown_caller_hc_games,48,3.8918202981106265,0.6,0,3,2011,1999,13,0
jim_tomsula,2012,unknown_caller_hc_games,1,0.6931471805599453,0.030303030303030304,0,1,2010,1999,13,0
jim_zorn,2012,unknown_caller_hc_games,32,3.4965075614664802,0.5,0,2,2009,1999,13,0
jimmy_johnson,2012,unknown_caller_hc_games,16,2.833213344056216,0.3333333333333333,0,1,1999,1999,13,0
joe_gibbs,2012,unknown_caller_hc_games,64,4.174387269895637,0.6666666666666666,0,4,2007,1999,13,0
joe_vitt,2012,unknown_caller_hc_games,11,2.4849066497880004,0.2558139534883721,0,1,2005,1999,13,0
john_fox,2012,unknown_caller_hc_games,160,5.081404364984463,0.8333333333333334,0,10,2011,1999,13,0
john_harbaugh,2012,unknown_caller_hc_games,64,4.174387269895637,0.6666666666666666,0,4,2011,1999,13,0
jon_gruden,2012,unknown_caller_hc_games,160,5.081404364984463,0.8333333333333334,0,10,2008,1999,13,0
josh_mcdaniels,2012,unknown_caller_hc_games,28,3.367295829986474,0.4666666666666667,0,2,2010,1999,13,0
ken_whisenhunt,2012,unknown_caller_hc_games,80,4.394449154672439,0.7142857142857143,0,5,2011,1999,13,0
lane_kiffin,2012,unknown_caller_hc_games,20,3.044522437723423,0.38461538461538464,0,2,2008,1999,13,0
leslie_frazier,2012,unknown_caller_hc_games,22,3.1354942159291497,0.4074074074074074,0,2,2011,1999,13,0
lovie_smith,2012,unknown_caller_hc_games,128,4.859812404361672,0.8,0,8,2011,1999,13,0
marty_mornhinweg,2012,unknown_caller_hc_games,32,3.4965075614664802,0.5,0,2,2002,1999,13,0
marty_schottenheimer,2012,unknown_caller_hc_games,96,4.574710978503383,0.75,0,6,2006,1999,13,0
marvin_lewis,2012,unknown_caller_hc_games,144,4.976733742420574,0.8181818181818182,0,9,2011,1999,13,0
mel_tucker,2012,unknown_caller_hc_games,5,1.791759469228055,0.13513513513513514,0,1,2011,1999,13,0
mike_ditka,2012,unknown_caller_hc_games,16,2.833213344056216,0.3333333333333333,0,1,1999,1999,13,0
mike_holmgren,2012,unknown_caller_hc_games,160,5.081404364984463,0.8333333333333334,0,10,2008,1999,13,0
mike_martz,2012,unknown_caller_hc_games,85,4.454347296253507,0.7264957264957265,0,6,2005,1999,13,0
mike_mccarthy,2012,unknown_caller_hc_games,96,4.574710978503383,0.75,0,6,2011,1999,13,0
mike_mularkey,2012,unknown_caller_hc_games,32,3.4965075614664802,0.5,0,2,2005,1999,13,0
mike_munchak,2012,unknown_caller_hc_games,16,2.833213344056216,0.3333333333333333,0,1,2011,1999,13,0
mike_nolan,2012,unknown_caller_hc_games,55,4.02535169073515,0.632183908045977,0,4,2008,1999,13,0
mike_riley,2012,unknown_caller_hc_games,48,3.8918202981106265,0.6,0,3,2001,1999,13,0
mike_shanahan,2012,unknown_caller_hc_games,192,5.262690188904886,0.8571428571428571,0,12,2011,1999,13,0
mike_sherman,2012,unknown_caller_hc_games,96,4.574710978503383,0.75,0,6,2005,1999,13,0
mike_singletary,2012,unknown_caller_hc_games,40,3.713572066704308,0.5555555555555556,0,3,2010,1999,13,0
mike_smith,2012,unknown_caller_hc_games,64,4.174387269895637,0.6666666666666666,0,4,2011,1999,13,0
mike_tice,2012,unknown_caller_hc_games,65,4.189654742026425,0.6701030927835051,0,5,2005,1999,13,0
mike_tomlin,2012,unknown_caller_hc_games,80,4.394449154672439,0.7142857142857143,0,5,2011,1999,13,0
nick_saban,2012,unknown_caller_hc_games,32,3.4965075614664802,0.5,0,2,2006,1999,13,0
norv_turner,2012,unknown_caller_hc_games,131,4.882801922586371,0.803680981595092,0,9,2011,1999,13,0
pat_shurmur,2012,unknown_caller_hc_games,16,2.833213344056216,0.3333333333333333,0,1,2011,1999,13,0
perry_fewell,2012,unknown_caller_hc_games,7,2.0794415416798357,0.1794871794871795,0,1,2009,1999,13,0
pete_carroll,2012,unknown_caller_hc_games,48,3.8918202981106265,0.6,0,3,2011,1999,13,0
raheem_morris,2012,unknown_caller_hc_games,48,3.8918202981106265,0.6,0,3,2011,1999,13,0
ray_rhodes,2012,unknown_caller_hc_games,16,2.833213344056216,0.3333333333333333,0,1,1999,1999,13,0
rex_ryan,2012,unknown_caller_hc_games,48,3.8918202981106265,0.6,0,3,2011,1999,13,0
rod_marinelli,2012,unknown_caller_hc_games,48,3.8918202981106265,0.6,0,3,2008,1999,13,0
romeo_crennel,2012,unknown_caller_hc_games,67,4.219507705176107,0.6767676767676768,0,5,2011,1999,13,0
ron_rivera,2012,unknown_caller_hc_games,16,2.833213344056216,0.3333333333333333,0,1,2011,1999,13,0
scott_linehan,2012,unknown_caller_hc_games,36,3.6109179126442243,0.5294117647058824,0,3,2008,1999,13,0
sean_payton,2012,unknown_caller_hc_games,96,4.574710978503383,0.75,0,6,2011,1999,13,0
steve_mariucci,2012,unknown_caller_hc_games,107,4.68213122712422,0.7697841726618705,0,7,2005,1999,13,0
steve_spagnuolo,2012,unknown_caller_hc_games,48,3.8918202981106265,0.6,0,3,2011,1999,13,0
steve_spurrier,2012,unknown_caller_hc_games,32,3.4965075614664802,0.5,0,2,2003,1999,13,0
terry_robiskie,2012,unknown_caller_hc_games,18,2.9444389791664403,0.36,0,2,2004,1999,13,0
todd_bowles,2012,unknown_caller_hc_games,3,1.3862943611198906,0.08571428571428572,0,1,2011,1999,13,0
todd_haley,2012,unknown_caller_hc_games,45,3.828641396489095,0.5844155844155844,0,3,2011,1999,13,0
tom_cable,2012,unknown_caller_hc_games,44,3.8066624897703196,0.5789473684210527,0,3,2010,1999,13,0
tom_coughlin,2012,unknown_caller_hc_games,192,5.262690188904886,0.8571428571428571,0,12,2011,1999,13,0
tony_dungy,2012,unknown_caller_hc_games,160,5.081404364984463,0.8333333333333334,0,10,2008,1999,13,0
tony_sparano,2012,unknown_caller_hc_games,61,4.127134385045092,0.6559139784946236,0,4,2011,1999,13,0
vince_tobin,2012,unknown_caller_hc_games,25,3.258096538021482,0.43859649122807015,0,2,2000,1999,13,0
wade_phillips,2012,unknown_caller_hc_games,91,4.5217885770490405,0.7398373983739838,0,7,2010,1999,13,0
aaron_kromer,2013,hc_resume,6,1.9459101490553132,0.15789473684210525,0,1,2012,1999,14,0
al_groh,2013,hc_resume,16,2.833213344056216,0.3333333333333333,0,1,2000,1999,14,0
andy_reid,2013,hc_resume,224,5.41610040220442,0.875,0,14,2012,1999,14,0
art_shell,2013,hc_resume,16,2.833213344056216,0.3333333333333333,0,1,2006,1999,14,0
bill_belichick,2013,hc_resume,208,5.342334251964811,0.8666666666666667,0,13,2012,1999,14,0
bill_callahan,2013,hc_resume,32,3.4965075614664802,0.5,0,2,2003,1999,14,0
bill_cowher,2013,hc_resume,128,4.859812404361672,0.8,0,8,2006,1999,14,0
bill_parcells,2013,hc_resume,80,4.394449154672439,0.7142857142857143,0,5,2006,1999,14,0
bobby_petrino,2013,hc_resume,12,2.5649493574615367,0.2727272727272727,0,1,2007,1999,14,0
bobby_ross,2013,hc_resume,23,3.1780538303479458,0.41818181818181815,0,2,2000,1999,14,0
brad_childress,2013,hc_resume,74,4.31748811353631,0.6981132075471698,0,5,2010,1999,14,0
brian_billick,2013,hc_resume,144,4.976733742420574,0.8181818181818182,0,9,2007,1999,14,0
bruce_coslet,2013,hc_resume,19,2.995732273553991,0.37254901960784315,0,2,2000,1999,14,0
butch_davis,2013,hc_resume,59,4.0943445622221,0.6483516483516484,0,4,2004,1999,14,0
cam_cameron,2013,hc_resume,16,2.833213344056216,0.3333333333333333,0,1,2007,1999,14,0
chan_gailey,2013,hc_resume,64,4.174387269895637,0.6666666666666666,0,4,2012,1999,14,0
chris_palmer,2013,hc_resume,32,3.4965075614664802,0.5,0,2,2000,1999,14,0
chuck_pagano,2013,hc_resume,16,2.833213344056216,0.3333333333333333,0,1,2012,1999,14,0
dan_reeves,2013,hc_resume,77,4.356708826689592,0.7064220183486238,0,5,2003,1999,14,0
dave_campo,2013,hc_resume,48,3.8918202981106265,0.6,0,3,2002,1999,14,0
dave_mcginnis,2013,hc_resume,55,4.02535169073515,0.632183908045977,0,4,2003,1999,14,0
dave_wannstedt,2013,hc_resume,73,4.30406509320417,0.6952380952380952,0,5,2004,1999,14,0
dennis_allen,2013,hc_resume,16,2.833213344056216,0.3333333333333333,0,1,2012,1999,14,0
dennis_erickson,2013,hc_resume,32,3.4965075614664802,0.5,0,2,2004,1999,14,0
dennis_green,2013,hc_resume,95,4.564348191467836,0.7480314960629921,0,6,2006,1999,14,0
dick_jauron,2013,hc_resume,142,4.962844630259907,0.8160919540229885,0,10,2009,1999,14,0
dick_lebeau,2013,hc_resume,45,3.828641396489095,0.5844155844155844,0,3,2002,1999,14,0
dick_vermeil,2013,hc_resume,96,4.574710978503383,0.75,0,6,2005,1999,14,0
dom_capers,2013,hc_resume,64,4.174387269895637,0.6666666666666666,0,4,2005,1999,14,0
emmitt_thomas,2013,hc_resume,4,1.6094379124341003,0.1111111111111111,0,1,2007,1999,14,0
eric_mangini,2013,hc_resume,80,4.394449154672439,0.7142857142857143,0,5,2010,1999,14,0
eric_studesville,2013,hc_resume,4,1.6094379124341003,0.1111111111111111,0,1,2010,1999,14,0
gary_kubiak,2013,hc_resume,112,4.727387818712341,0.7777777777777778,0,7,2012,1999,14,0
gary_moeller,2013,hc_resume,9,2.302585092994046,0.21951219512195122,0,1,2000,1999,14,0
george_seifert,2013,hc_resume,48,3.8918202981106265,0.6,0,3,2001,1999,14,0
greg_schiano,2013,hc_resume,16,2.833213344056216,0.3333333333333333,0,1,2012,1999,14,0
gregg_williams,2013,hc_resume,48,3.8918202981106265,0.6,0,3,2003,1999,14,0
gunther_cunningham,2013,hc_resume,32,3.4965075614664802,0.5,0,2,2000,1999,14,0
herm_edwards,2013,hc_resume,128,4.859812404361672,0.8,0,8,2008,1999,14,0
hue_jackson,2013,hc_resume,16,2.833213344056216,0.3333333333333333,0,1,2011,1999,14,0
jack_del_rio,2013,hc_resume,139,4.941642422609304,0.8128654970760234,0,9,2011,1999,14,0
jason_garrett,2013,hc_resume,40,3.713572066704308,0.5555555555555556,0,3,2012,1999,14,0
jeff_fisher,2013,hc_resume,208,5.342334251964811,0.8666666666666667,0,13,2012,1999,14,0
jim_bates,2013,hc_resume,7,2.0794415416798357,0.1794871794871795,0,1,2004,1999,14,0
jim_caldwell,2013,hc_resume,48,3.8918202981106265,0.6,0,3,2011,1999,14,0
jim_fassel,2013,hc_resume,80,4.394449154672439,0.7142857142857143,0,5,2003,1999,14,0
jim_harbaugh,2013,hc_resume,32,3.4965075614664802,0.5,0,2,2012,1999,14,0
jim_haslett,2013,hc_resume,108,4.6913478822291435,0.7714285714285715,0,7,2008,1999,14,0
jim_mora,2013,hc_resume,112,4.727387818712341,0.7777777777777778,0,7,2009,1999,14,0
jim_schwartz,2013,hc_resume,64,4.174387269895637,0.6666666666666666,0,4,2012,1999,14,0
jim_tomsula,2013,hc_resume,1,0.6931471805599453,0.030303030303030304,0,1,2010,1999,14,0
jim_zorn,2013,hc_resume,32,3.4965075614664802,0.5,0,2,2009,1999,14,0
jimmy_johnson,2013,hc_resume,16,2.833213344056216,0.3333333333333333,0,1,1999,1999,14,0
joe_gibbs,2013,hc_resume,64,4.174387269895637,0.6666666666666666,0,4,2007,1999,14,0
joe_philbin,2013,hc_resume,16,2.833213344056216,0.3333333333333333,0,1,2012,1999,14,0
joe_vitt,2013,hc_resume,21,3.091042453358316,0.39622641509433965,0,2,2012,1999,14,0
john_fox,2013,hc_resume,176,5.176149732573829,0.8461538461538461,0,11,2012,1999,14,0
john_harbaugh,2013,hc_resume,80,4.394449154672439,0.7142857142857143,0,5,2012,1999,14,0
jon_gruden,2013,hc_resume,160,5.081404364984463,0.8333333333333334,0,10,2008,1999,14,0
josh_mcdaniels,2013,hc_resume,28,3.367295829986474,0.4666666666666667,0,2,2010,1999,14,0
ken_whisenhunt,2013,hc_resume,96,4.574710978503383,0.75,0,6,2012,1999,14,0
lane_kiffin,2013,hc_resume,20,3.044522437723423,0.38461538461538464,0,2,2008,1999,14,0
leslie_frazier,2013,hc_resume,38,3.6635616461296463,0.5428571428571428,0,3,2012,1999,14,0
lovie_smith,2013,hc_resume,144,4.976733742420574,0.8181818181818182,0,9,2012,1999,14,0
marty_mornhinweg,2013,hc_resume,32,3.4965075614664802,0.5,0,2,2002,1999,14,0
marty_schottenheimer,2013,hc_resume,96,4.574710978503383,0.75,0,6,2006,1999,14,0
marvin_lewis,2013,hc_resume,160,5.081404364984463,0.8333333333333334,0,10,2012,1999,14,0
mel_tucker,2013,hc_resume,5,1.791759469228055,0.13513513513513514,0,1,2011,1999,14,0
mike_ditka,2013,hc_resume,16,2.833213344056216,0.3333333333333333,0,1,1999,1999,14,0
mike_holmgren,2013,hc_resume,160,5.081404364984463,0.8333333333333334,0,10,2008,1999,14,0
mike_martz,2013,hc_resume,85,4.454347296253507,0.7264957264957265,0,6,2005,1999,14,0
mike_mccarthy,2013,hc_resume,112,4.727387818712341,0.7777777777777778,0,7,2012,1999,14,0
mike_mularkey,2013,hc_resume,48,3.8918202981106265,0.6,0,3,2012,1999,14,0
mike_munchak,2013,hc_resume,32,3.4965075614664802,0.5,0,2,2012,1999,14,0
mike_nolan,2013,hc_resume,55,4.02535169073515,0.632183908045977,0,4,2008,1999,14,0
mike_riley,2013,hc_resume,48,3.8918202981106265,0.6,0,3,2001,1999,14,0
mike_shanahan,2013,hc_resume,208,5.342334251964811,0.8666666666666667,0,13,2012,1999,14,0
mike_sherman,2013,hc_resume,96,4.574710978503383,0.75,0,6,2005,1999,14,0
mike_singletary,2013,hc_resume,40,3.713572066704308,0.5555555555555556,0,3,2010,1999,14,0
mike_smith,2013,hc_resume,80,4.394449154672439,0.7142857142857143,0,5,2012,1999,14,0
mike_tice,2013,hc_resume,65,4.189654742026425,0.6701030927835051,0,5,2005,1999,14,0
mike_tomlin,2013,hc_resume,96,4.574710978503383,0.75,0,6,2012,1999,14,0
nick_saban,2013,hc_resume,32,3.4965075614664802,0.5,0,2,2006,1999,14,0
norv_turner,2013,hc_resume,147,4.997212273764115,0.8212290502793296,0,10,2012,1999,14,0
pat_shurmur,2013,hc_resume,32,3.4965075614664802,0.5,0,2,2012,1999,14,0
perry_fewell,2013,hc_resume,7,2.0794415416798357,0.1794871794871795,0,1,2009,1999,14,0
pete_carroll,2013,hc_resume,64,4.174387269895637,0.6666666666666666,0,4,2012,1999,14,0
raheem_morris,2013,hc_resume,48,3.8918202981106265,0.6,0,3,2011,1999,14,0
ray_rhodes,2013,hc_resume,16,2.833213344056216,0.3333333333333333,0,1,1999,1999,14,0
rex_ryan,2013,hc_resume,64,4.174387269895637,0.6666666666666666,0,4,2012,1999,14,0
rod_marinelli,2013,hc_resume,48,3.8918202981106265,0.6,0,3,2008,1999,14,0
romeo_crennel,2013,hc_resume,83,4.430816798843313,0.7217391304347827,0,6,2012,1999,14,0
ron_rivera,2013,hc_resume,32,3.4965075614664802,0.5,0,2,2012,1999,14,0
scott_linehan,2013,hc_resume,36,3.6109179126442243,0.5294117647058824,0,3,2008,1999,14,0
sean_payton,2013,hc_resume,96,4.574710978503383,0.75,0,6,2011,1999,14,0
steve_mariucci,2013,hc_resume,107,4.68213122712422,0.7697841726618705,0,7,2005,1999,14,0
steve_spagnuolo,2013,hc_resume,48,3.8918202981106265,0.6,0,3,2011,1999,14,0
steve_spurrier,2013,hc_resume,32,3.4965075614664802,0.5,0,2,2003,1999,14,0
terry_robiskie,2013,hc_resume,18,2.9444389791664403,0.36,0,2,2004,1999,14,0
todd_bowles,2013,hc_resume,3,1.3862943611198906,0.08571428571428572,0,1,2011,1999,14,0
todd_haley,2013,hc_resume,45,3.828641396489095,0.5844155844155844,0,3,2011,1999,14,0
tom_cable,2013,hc_resume,44,3.8066624897703196,0.5789473684210527,0,3,2010,1999,14,0
tom_coughlin,2013,hc_resume,208,5.342334251964811,0.8666666666666667,0,13,2012,1999,14,0
tony_dungy,2013,hc_resume,160,5.081404364984463,0.8333333333333334,0,10,2008,1999,14,0
tony_sparano,2013,hc_resume,61,4.127134385045092,0.6559139784946236,0,4,2011,1999,14,0
vince_tobin,2013,hc_resume,25,3.258096538021482,0.43859649122807015,0,2,2000,1999,14,0
wade_phillips,2013,hc_resume,91,4.5217885770490405,0.7398373983739838,0,7,2010,1999,14,0
aaron_kromer,2013,unknown_caller_hc_games,6,1.9459101490553132,0.15789473684210525,0,1,2012,1999,14,0
al_groh,2013,unknown_caller_hc_games,16,2.833213344056216,0.3333333333333333,0,1,2000,1999,14,0
andy_reid,2013,unknown_caller_hc_games,224,5.41610040220442,0.875,0,14,2012,1999,14,0
art_shell,2013,unknown_caller_hc_games,16,2.833213344056216,0.3333333333333333,0,1,2006,1999,14,0
bill_belichick,2013,unknown_caller_hc_games,208,5.342334251964811,0.8666666666666667,0,13,2012,1999,14,0
bill_callahan,2013,unknown_caller_hc_games,32,3.4965075614664802,0.5,0,2,2003,1999,14,0
bill_cowher,2013,unknown_caller_hc_games,128,4.859812404361672,0.8,0,8,2006,1999,14,0
bill_parcells,2013,unknown_caller_hc_games,80,4.394449154672439,0.7142857142857143,0,5,2006,1999,14,0
bobby_petrino,2013,unknown_caller_hc_games,12,2.5649493574615367,0.2727272727272727,0,1,2007,1999,14,0
bobby_ross,2013,unknown_caller_hc_games,23,3.1780538303479458,0.41818181818181815,0,2,2000,1999,14,0
brad_childress,2013,unknown_caller_hc_games,74,4.31748811353631,0.6981132075471698,0,5,2010,1999,14,0
brian_billick,2013,unknown_caller_hc_games,144,4.976733742420574,0.8181818181818182,0,9,2007,1999,14,0
bruce_coslet,2013,unknown_caller_hc_games,19,2.995732273553991,0.37254901960784315,0,2,2000,1999,14,0
butch_davis,2013,unknown_caller_hc_games,59,4.0943445622221,0.6483516483516484,0,4,2004,1999,14,0
cam_cameron,2013,unknown_caller_hc_games,16,2.833213344056216,0.3333333333333333,0,1,2007,1999,14,0
chan_gailey,2013,unknown_caller_hc_games,64,4.174387269895637,0.6666666666666666,0,4,2012,1999,14,0
chris_palmer,2013,unknown_caller_hc_games,32,3.4965075614664802,0.5,0,2,2000,1999,14,0
chuck_pagano,2013,unknown_caller_hc_games,16,2.833213344056216,0.3333333333333333,0,1,2012,1999,14,0
dan_reeves,2013,unknown_caller_hc_games,77,4.356708826689592,0.7064220183486238,0,5,2003,1999,14,0
dave_campo,2013,unknown_caller_hc_games,48,3.8918202981106265,0.6,0,3,2002,1999,14,0
dave_mcginnis,2013,unknown_caller_hc_games,55,4.02535169073515,0.632183908045977,0,4,2003,1999,14,0
dave_wannstedt,2013,unknown_caller_hc_games,73,4.30406509320417,0.6952380952380952,0,5,2004,1999,14,0
dennis_allen,2013,unknown_caller_hc_games,16,2.833213344056216,0.3333333333333333,0,1,2012,1999,14,0
dennis_erickson,2013,unknown_caller_hc_games,32,3.4965075614664802,0.5,0,2,2004,1999,14,0
dennis_green,2013,unknown_caller_hc_games,95,4.564348191467836,0.7480314960629921,0,6,2006,1999,14,0
dick_jauron,2013,unknown_caller_hc_games,142,4.962844630259907,0.8160919540229885,0,10,2009,1999,14,0
dick_lebeau,2013,unknown_caller_hc_games,45,3.828641396489095,0.5844155844155844,0,3,2002,1999,14,0
dick_vermeil,2013,unknown_caller_hc_games,96,4.574710978503383,0.75,0,6,2005,1999,14,0
dom_capers,2013,unknown_caller_hc_games,64,4.174387269895637,0.6666666666666666,0,4,2005,1999,14,0
emmitt_thomas,2013,unknown_caller_hc_games,4,1.6094379124341003,0.1111111111111111,0,1,2007,1999,14,0
eric_mangini,2013,unknown_caller_hc_games,80,4.394449154672439,0.7142857142857143,0,5,2010,1999,14,0
eric_studesville,2013,unknown_caller_hc_games,4,1.6094379124341003,0.1111111111111111,0,1,2010,1999,14,0
gary_kubiak,2013,unknown_caller_hc_games,112,4.727387818712341,0.7777777777777778,0,7,2012,1999,14,0
gary_moeller,2013,unknown_caller_hc_games,9,2.302585092994046,0.21951219512195122,0,1,2000,1999,14,0
george_seifert,2013,unknown_caller_hc_games,48,3.8918202981106265,0.6,0,3,2001,1999,14,0
greg_schiano,2013,unknown_caller_hc_games,16,2.833213344056216,0.3333333333333333,0,1,2012,1999,14,0
gregg_williams,2013,unknown_caller_hc_games,48,3.8918202981106265,0.6,0,3,2003,1999,14,0
gunther_cunningham,2013,unknown_caller_hc_games,32,3.4965075614664802,0.5,0,2,2000,1999,14,0
herm_edwards,2013,unknown_caller_hc_games,128,4.859812404361672,0.8,0,8,2008,1999,14,0
hue_jackson,2013,unknown_caller_hc_games,16,2.833213344056216,0.3333333333333333,0,1,2011,1999,14,0
jack_del_rio,2013,unknown_caller_hc_games,139,4.941642422609304,0.8128654970760234,0,9,2011,1999,14,0
jason_garrett,2013,unknown_caller_hc_games,40,3.713572066704308,0.5555555555555556,0,3,2012,1999,14,0
jeff_fisher,2013,unknown_caller_hc_games,208,5.342334251964811,0.8666666666666667,0,13,2012,1999,14,0
jim_bates,2013,unknown_caller_hc_games,7,2.0794415416798357,0.1794871794871795,0,1,2004,1999,14,0
jim_caldwell,2013,unknown_caller_hc_games,48,3.8918202981106265,0.6,0,3,2011,1999,14,0
jim_fassel,2013,unknown_caller_hc_games,80,4.394449154672439,0.7142857142857143,0,5,2003,1999,14,0
jim_harbaugh,2013,unknown_caller_hc_games,32,3.4965075614664802,0.5,0,2,2012,1999,14,0
jim_haslett,2013,unknown_caller_hc_games,108,4.6913478822291435,0.7714285714285715,0,7,2008,1999,14,0
jim_mora,2013,unknown_caller_hc_games,112,4.727387818712341,0.7777777777777778,0,7,2009,1999,14,0
jim_schwartz,2013,unknown_caller_hc_games,64,4.174387269895637,0.6666666666666666,0,4,2012,1999,14,0
jim_tomsula,2013,unknown_caller_hc_games,1,0.6931471805599453,0.030303030303030304,0,1,2010,1999,14,0
jim_zorn,2013,unknown_caller_hc_games,32,3.4965075614664802,0.5,0,2,2009,1999,14,0
jimmy_johnson,2013,unknown_caller_hc_games,16,2.833213344056216,0.3333333333333333,0,1,1999,1999,14,0
joe_gibbs,2013,unknown_caller_hc_games,64,4.174387269895637,0.6666666666666666,0,4,2007,1999,14,0
joe_philbin,2013,unknown_caller_hc_games,16,2.833213344056216,0.3333333333333333,0,1,2012,1999,14,0
joe_vitt,2013,unknown_caller_hc_games,21,3.091042453358316,0.39622641509433965,0,2,2012,1999,14,0
john_fox,2013,unknown_caller_hc_games,176,5.176149732573829,0.8461538461538461,0,11,2012,1999,14,0
john_harbaugh,2013,unknown_caller_hc_games,80,4.394449154672439,0.7142857142857143,0,5,2012,1999,14,0
jon_gruden,2013,unknown_caller_hc_games,160,5.081404364984463,0.8333333333333334,0,10,2008,1999,14,0
josh_mcdaniels,2013,unknown_caller_hc_games,28,3.367295829986474,0.4666666666666667,0,2,2010,1999,14,0
ken_whisenhunt,2013,unknown_caller_hc_games,96,4.574710978503383,0.75,0,6,2012,1999,14,0
lane_kiffin,2013,unknown_caller_hc_games,20,3.044522437723423,0.38461538461538464,0,2,2008,1999,14,0
leslie_frazier,2013,unknown_caller_hc_games,38,3.6635616461296463,0.5428571428571428,0,3,2012,1999,14,0
lovie_smith,2013,unknown_caller_hc_games,144,4.976733742420574,0.8181818181818182,0,9,2012,1999,14,0
marty_mornhinweg,2013,unknown_caller_hc_games,32,3.4965075614664802,0.5,0,2,2002,1999,14,0
marty_schottenheimer,2013,unknown_caller_hc_games,96,4.574710978503383,0.75,0,6,2006,1999,14,0
marvin_lewis,2013,unknown_caller_hc_games,160,5.081404364984463,0.8333333333333334,0,10,2012,1999,14,0
mel_tucker,2013,unknown_caller_hc_games,5,1.791759469228055,0.13513513513513514,0,1,2011,1999,14,0
mike_ditka,2013,unknown_caller_hc_games,16,2.833213344056216,0.3333333333333333,0,1,1999,1999,14,0
mike_holmgren,2013,unknown_caller_hc_games,160,5.081404364984463,0.8333333333333334,0,10,2008,1999,14,0
mike_martz,2013,unknown_caller_hc_games,85,4.454347296253507,0.7264957264957265,0,6,2005,1999,14,0
mike_mccarthy,2013,unknown_caller_hc_games,112,4.727387818712341,0.7777777777777778,0,7,2012,1999,14,0
mike_mularkey,2013,unknown_caller_hc_games,48,3.8918202981106265,0.6,0,3,2012,1999,14,0
mike_munchak,2013,unknown_caller_hc_games,32,3.4965075614664802,0.5,0,2,2012,1999,14,0
mike_nolan,2013,unknown_caller_hc_games,55,4.02535169073515,0.632183908045977,0,4,2008,1999,14,0
mike_riley,2013,unknown_caller_hc_games,48,3.8918202981106265,0.6,0,3,2001,1999,14,0
mike_shanahan,2013,unknown_caller_hc_games,208,5.342334251964811,0.8666666666666667,0,13,2012,1999,14,0
mike_sherman,2013,unknown_caller_hc_games,96,4.574710978503383,0.75,0,6,2005,1999,14,0
mike_singletary,2013,unknown_caller_hc_games,40,3.713572066704308,0.5555555555555556,0,3,2010,1999,14,0
mike_smith,2013,unknown_caller_hc_games,80,4.394449154672439,0.7142857142857143,0,5,2012,1999,14,0
mike_tice,2013,unknown_caller_hc_games,65,4.189654742026425,0.6701030927835051,0,5,2005,1999,14,0
mike_tomlin,2013,unknown_caller_hc_games,96,4.574710978503383,0.75,0,6,2012,1999,14,0
nick_saban,2013,unknown_caller_hc_games,32,3.4965075614664802,0.5,0,2,2006,1999,14,0
norv_turner,2013,unknown_caller_hc_games,147,4.997212273764115,0.8212290502793296,0,10,2012,1999,14,0
pat_shurmur,2013,unknown_caller_hc_games,32,3.4965075614664802,0.5,0,2,2012,1999,14,0
perry_fewell,2013,unknown_caller_hc_games,7,2.0794415416798357,0.1794871794871795,0,1,2009,1999,14,0
pete_carroll,2013,unknown_caller_hc_games,64,4.174387269895637,0.6666666666666666,0,4,2012,1999,14,0
raheem_morris,2013,unknown_caller_hc_games,48,3.8918202981106265,0.6,0,3,2011,1999,14,0
ray_rhodes,2013,unknown_caller_hc_games,16,2.833213344056216,0.3333333333333333,0,1,1999,1999,14,0
rex_ryan,2013,unknown_caller_hc_games,64,4.174387269895637,0.6666666666666666,0,4,2012,1999,14,0
rod_marinelli,2013,unknown_caller_hc_games,48,3.8918202981106265,0.6,0,3,2008,1999,14,0
romeo_crennel,2013,unknown_caller_hc_games,83,4.430816798843313,0.7217391304347827,0,6,2012,1999,14,0
ron_rivera,2013,unknown_caller_hc_games,32,3.4965075614664802,0.5,0,2,2012,1999,14,0
scott_linehan,2013,unknown_caller_hc_games,36,3.6109179126442243,0.5294117647058824,0,3,2008,1999,14,0
sean_payton,2013,unknown_caller_hc_games,96,4.574710978503383,0.75,0,6,2011,1999,14,0
steve_mariucci,2013,unknown_caller_hc_games,107,4.68213122712422,0.7697841726618705,0,7,2005,1999,14,0
steve_spagnuolo,2013,unknown_caller_hc_games,48,3.8918202981106265,0.6,0,3,2011,1999,14,0
steve_spurrier,2013,unknown_caller_hc_games,32,3.4965075614664802,0.5,0,2,2003,1999,14,0
terry_robiskie,2013,unknown_caller_hc_games,18,2.9444389791664403,0.36,0,2,2004,1999,14,0
todd_bowles,2013,unknown_caller_hc_games,3,1.3862943611198906,0.08571428571428572,0,1,2011,1999,14,0
todd_haley,2013,unknown_caller_hc_games,45,3.828641396489095,0.5844155844155844,0,3,2011,1999,14,0
tom_cable,2013,unknown_caller_hc_games,44,3.8066624897703196,0.5789473684210527,0,3,2010,1999,14,0
tom_coughlin,2013,unknown_caller_hc_games,208,5.342334251964811,0.8666666666666667,0,13,2012,1999,14,0
tony_dungy,2013,unknown_caller_hc_games,160,5.081404364984463,0.8333333333333334,0,10,2008,1999,14,0
tony_sparano,2013,unknown_caller_hc_games,61,4.127134385045092,0.6559139784946236,0,4,2011,1999,14,0
vince_tobin,2013,unknown_caller_hc_games,25,3.258096538021482,0.43859649122807015,0,2,2000,1999,14,0
wade_phillips,2013,unknown_caller_hc_games,91,4.5217885770490405,0.7398373983739838,0,7,2010,1999,14,0
aaron_kromer,2014,hc_resume,6,1.9459101490553132,0.15789473684210525,0,1,2012,1999,15,0
al_groh,2014,hc_resume,16,2.833213344056216,0.3333333333333333,0,1,2000,1999,15,0
andy_reid,2014,hc_resume,240,5.484796933490655,0.8823529411764706,0,15,2013,1999,15,0
art_shell,2014,hc_resume,16,2.833213344056216,0.3333333333333333,0,1,2006,1999,15,0
bill_belichick,2014,hc_resume,224,5.41610040220442,0.875,0,14,2013,1999,15,0
bill_callahan,2014,hc_resume,32,3.4965075614664802,0.5,0,2,2003,1999,15,0
bill_cowher,2014,hc_resume,128,4.859812404361672,0.8,0,8,2006,1999,15,0
bill_parcells,2014,hc_resume,80,4.394449154672439,0.7142857142857143,0,5,2006,1999,15,0
bobby_petrino,2014,hc_resume,12,2.5649493574615367,0.2727272727272727,0,1,2007,1999,15,0
bobby_ross,2014,hc_resume,23,3.1780538303479458,0.41818181818181815,0,2,2000,1999,15,0
brad_childress,2014,hc_resume,74,4.31748811353631,0.6981132075471698,0,5,2010,1999,15,0
brian_billick,2014,hc_resume,144,4.976733742420574,0.8181818181818182,0,9,2007,1999,15,0
bruce_arians,2014,hc_resume,16,2.833213344056216,0.3333333333333333,0,1,2013,1999,15,0
bruce_coslet,2014,hc_resume,19,2.995732273553991,0.37254901960784315,0,2,2000,1999,15,0
butch_davis,2014,hc_resume,59,4.0943445622221,0.6483516483516484,0,4,2004,1999,15,0
cam_cameron,2014,hc_resume,16,2.833213344056216,0.3333333333333333,0,1,2007,1999,15,0
chan_gailey,2014,hc_resume,64,4.174387269895637,0.6666666666666666,0,4,2012,1999,15,0
chip_kelly,2014,hc_resume,16,2.833213344056216,0.3333333333333333,0,1,2013,1999,15,0
chris_palmer,2014,hc_resume,32,3.4965075614664802,0.5,0,2,2000,1999,15,0
chuck_pagano,2014,hc_resume,32,3.4965075614664802,0.5,0,2,2013,1999,15,0
dan_reeves,2014,hc_resume,77,4.356708826689592,0.7064220183486238,0,5,2003,1999,15,0
dave_campo,2014,hc_resume,48,3.8918202981106265,0.6,0,3,2002,1999,15,0
dave_mcginnis,2014,hc_resume,55,4.02535169073515,0.632183908045977,0,4,2003,1999,15,0
dave_wannstedt,2014,hc_resume,73,4.30406509320417,0.6952380952380952,0,5,2004,1999,15,0
dennis_allen,2014,hc_resume,32,3.4965075614664802,0.5,0,2,2013,1999,15,0
dennis_erickson,2014,hc_resume,32,3.4965075614664802,0.5,0,2,2004,1999,15,0
dennis_green,2014,hc_resume,95,4.564348191467836,0.7480314960629921,0,6,2006,1999,15,0
dick_jauron,2014,hc_resume,142,4.962844630259907,0.8160919540229885,0,10,2009,1999,15,0
dick_lebeau,2014,hc_resume,45,3.828641396489095,0.5844155844155844,0,3,2002,1999,15,0
dick_vermeil,2014,hc_resume,96,4.574710978503383,0.75,0,6,2005,1999,15,0
dom_capers,2014,hc_resume,64,4.174387269895637,0.6666666666666666,0,4,2005,1999,15,0
doug_marrone,2014,hc_resume,16,2.833213344056216,0.3333333333333333,0,1,2013,1999,15,0
emmitt_thomas,2014,hc_resume,4,1.6094379124341003,0.1111111111111111,0,1,2007,1999,15,0
eric_mangini,2014,hc_resume,80,4.394449154672439,0.7142857142857143,0,5,2010,1999,15,0
eric_studesville,2014,hc_resume,4,1.6094379124341003,0.1111111111111111,0,1,2010,1999,15,0
gary_kubiak,2014,hc_resume,125,4.836281906951478,0.7961783439490446,0,8,2013,1999,15,0
gary_moeller,2014,hc_resume,9,2.302585092994046,0.21951219512195122,0,1,2000,1999,15,0
george_seifert,2014,hc_resume,48,3.8918202981106265,0.6,0,3,2001,1999,15,0
greg_schiano,2014,hc_resume,32,3.4965075614664802,0.5,0,2,2013,1999,15,0
gregg_williams,2014,hc_resume,48,3.8918202981106265,0.6,0,3,2003,1999,15,0
gunther_cunningham,2014,hc_resume,32,3.4965075614664802,0.5,0,2,2000,1999,15,0
gus_bradley,2014,hc_resume,16,2.833213344056216,0.3333333333333333,0,1,2013,1999,15,0
herm_edwards,2014,hc_resume,128,4.859812404361672,0.8,0,8,2008,1999,15,0
hue_jackson,2014,hc_resume,16,2.833213344056216,0.3333333333333333,0,1,2011,1999,15,0
jack_del_rio,2014,hc_resume,139,4.941642422609304,0.8128654970760234,0,9,2011,1999,15,0
jason_garrett,2014,hc_resume,56,4.04305126783455,0.6363636363636364,0,4,2013,1999,15,0
jeff_fisher,2014,hc_resume,224,5.41610040220442,0.875,0,14,2013,1999,15,0
jim_bates,2014,hc_resume,7,2.0794415416798357,0.1794871794871795,0,1,2004,1999,15,0
jim_caldwell,2014,hc_resume,48,3.8918202981106265,0.6,0,3,2011,1999,15,0
jim_fassel,2014,hc_resume,80,4.394449154672439,0.7142857142857143,0,5,2003,1999,15,0
jim_harbaugh,2014,hc_resume,48,3.8918202981106265,0.6,0,3,2013,1999,15,0
jim_haslett,2014,hc_resume,108,4.6913478822291435,0.7714285714285715,0,7,2008,1999,15,0
jim_mora,2014,hc_resume,112,4.727387818712341,0.7777777777777778,0,7,2009,1999,15,0
jim_schwartz,2014,hc_resume,80,4.394449154672439,0.7142857142857143,0,5,2013,1999,15,0
jim_tomsula,2014,hc_resume,1,0.6931471805599453,0.030303030303030304,0,1,2010,1999,15,0
jim_zorn,2014,hc_resume,32,3.4965075614664802,0.5,0,2,2009,1999,15,0
jimmy_johnson,2014,hc_resume,16,2.833213344056216,0.3333333333333333,0,1,1999,1999,15,0
joe_gibbs,2014,hc_resume,64,4.174387269895637,0.6666666666666666,0,4,2007,1999,15,0
joe_philbin,2014,hc_resume,32,3.4965075614664802,0.5,0,2,2013,1999,15,0
joe_vitt,2014,hc_resume,21,3.091042453358316,0.39622641509433965,0,2,2012,1999,15,0
john_fox,2014,hc_resume,192,5.262690188904886,0.8571428571428571,0,12,2013,1999,15,0
john_harbaugh,2014,hc_resume,96,4.574710978503383,0.75,0,6,2013,1999,15,0
jon_gruden,2014,hc_resume,160,5.081404364984463,0.8333333333333334,0,10,2008,1999,15,0
josh_mcdaniels,2014,hc_resume,28,3.367295829986474,0.4666666666666667,0,2,2010,1999,15,0
ken_whisenhunt,2014,hc_resume,96,4.574710978503383,0.75,0,6,2012,1999,15,0
lane_kiffin,2014,hc_resume,20,3.044522437723423,0.38461538461538464,0,2,2008,1999,15,0
leslie_frazier,2014,hc_resume,54,4.007333185232471,0.627906976744186,0,4,2013,1999,15,0
lovie_smith,2014,hc_resume,144,4.976733742420574,0.8181818181818182,0,9,2012,1999,15,0
marc_trestman,2014,hc_resume,16,2.833213344056216,0.3333333333333333,0,1,2013,1999,15,0
marty_mornhinweg,2014,hc_resume,32,3.4965075614664802,0.5,0,2,2002,1999,15,0
marty_schottenheimer,2014,hc_resume,96,4.574710978503383,0.75,0,6,2006,1999,15,0
marvin_lewis,2014,hc_resume,176,5.176149732573829,0.8461538461538461,0,11,2013,1999,15,0
mel_tucker,2014,hc_resume,5,1.791759469228055,0.13513513513513514,0,1,2011,1999,15,0
mike_ditka,2014,hc_resume,16,2.833213344056216,0.3333333333333333,0,1,1999,1999,15,0
mike_holmgren,2014,hc_resume,160,5.081404364984463,0.8333333333333334,0,10,2008,1999,15,0
mike_martz,2014,hc_resume,85,4.454347296253507,0.7264957264957265,0,6,2005,1999,15,0
mike_mccarthy,2014,hc_resume,128,4.859812404361672,0.8,0,8,2013,1999,15,0
mike_mccoy,2014,hc_resume,16,2.833213344056216,0.3333333333333333,0,1,2013,1999,15,0
mike_mularkey,2014,hc_resume,48,3.8918202981106265,0.6,0,3,2012,1999,15,0
mike_munchak,2014,hc_resume,48,3.8918202981106265,0.6,0,3,2013,1999,15,0
mike_nolan,2014,hc_resume,55,4.02535169073515,0.632183908045977,0,4,2008,1999,15,0
mike_riley,2014,hc_resume,48,3.8918202981106265,0.6,0,3,2001,1999,15,0
mike_shanahan,2014,hc_resume,224,5.41610040220442,0.875,0,14,2013,1999,15,0
mike_sherman,2014,hc_resume,96,4.574710978503383,0.75,0,6,2005,1999,15,0
mike_singletary,2014,hc_resume,40,3.713572066704308,0.5555555555555556,0,3,2010,1999,15,0
mike_smith,2014,hc_resume,96,4.574710978503383,0.75,0,6,2013,1999,15,0
mike_tice,2014,hc_resume,65,4.189654742026425,0.6701030927835051,0,5,2005,1999,15,0
mike_tomlin,2014,hc_resume,112,4.727387818712341,0.7777777777777778,0,7,2013,1999,15,0
nick_saban,2014,hc_resume,32,3.4965075614664802,0.5,0,2,2006,1999,15,0
norv_turner,2014,hc_resume,147,4.997212273764115,0.8212290502793296,0,10,2012,1999,15,0
pat_shurmur,2014,hc_resume,32,3.4965075614664802,0.5,0,2,2012,1999,15,0
perry_fewell,2014,hc_resume,7,2.0794415416798357,0.1794871794871795,0,1,2009,1999,15,0
pete_carroll,2014,hc_resume,80,4.394449154672439,0.7142857142857143,0,5,2013,1999,15,0
raheem_morris,2014,hc_resume,48,3.8918202981106265,0.6,0,3,2011,1999,15,0
ray_rhodes,2014,hc_resume,16,2.833213344056216,0.3333333333333333,0,1,1999,1999,15,0
rex_ryan,2014,hc_resume,80,4.394449154672439,0.7142857142857143,0,5,2013,1999,15,0
rob_chudzinski,2014,hc_resume,16,2.833213344056216,0.3333333333333333,0,1,2013,1999,15,0
rod_marinelli,2014,hc_resume,48,3.8918202981106265,0.6,0,3,2008,1999,15,0
romeo_crennel,2014,hc_resume,83,4.430816798843313,0.7217391304347827,0,6,2012,1999,15,0
ron_rivera,2014,hc_resume,48,3.8918202981106265,0.6,0,3,2013,1999,15,0
scott_linehan,2014,hc_resume,36,3.6109179126442243,0.5294117647058824,0,3,2008,1999,15,0
sean_payton,2014,hc_resume,112,4.727387818712341,0.7777777777777778,0,7,2013,1999,15,0
steve_mariucci,2014,hc_resume,107,4.68213122712422,0.7697841726618705,0,7,2005,1999,15,0
steve_spagnuolo,2014,hc_resume,48,3.8918202981106265,0.6,0,3,2011,1999,15,0
steve_spurrier,2014,hc_resume,32,3.4965075614664802,0.5,0,2,2003,1999,15,0
terry_robiskie,2014,hc_resume,18,2.9444389791664403,0.36,0,2,2004,1999,15,0
todd_bowles,2014,hc_resume,3,1.3862943611198906,0.08571428571428572,0,1,2011,1999,15,0
todd_haley,2014,hc_resume,45,3.828641396489095,0.5844155844155844,0,3,2011,1999,15,0
tom_cable,2014,hc_resume,44,3.8066624897703196,0.5789473684210527,0,3,2010,1999,15,0
tom_coughlin,2014,hc_resume,224,5.41610040220442,0.875,0,14,2013,1999,15,0
tony_dungy,2014,hc_resume,160,5.081404364984463,0.8333333333333334,0,10,2008,1999,15,0
tony_sparano,2014,hc_resume,61,4.127134385045092,0.6559139784946236,0,4,2011,1999,15,0
vince_tobin,2014,hc_resume,25,3.258096538021482,0.43859649122807015,0,2,2000,1999,15,0
wade_phillips,2014,hc_resume,94,4.553876891600541,0.746031746031746,0,8,2013,1999,15,0
aaron_kromer,2014,unknown_caller_hc_games,6,1.9459101490553132,0.15789473684210525,0,1,2012,1999,15,0
al_groh,2014,unknown_caller_hc_games,16,2.833213344056216,0.3333333333333333,0,1,2000,1999,15,0
andy_reid,2014,unknown_caller_hc_games,240,5.484796933490655,0.8823529411764706,0,15,2013,1999,15,0
art_shell,2014,unknown_caller_hc_games,16,2.833213344056216,0.3333333333333333,0,1,2006,1999,15,0
bill_belichick,2014,unknown_caller_hc_games,224,5.41610040220442,0.875,0,14,2013,1999,15,0
bill_callahan,2014,unknown_caller_hc_games,32,3.4965075614664802,0.5,0,2,2003,1999,15,0
bill_cowher,2014,unknown_caller_hc_games,128,4.859812404361672,0.8,0,8,2006,1999,15,0
bill_parcells,2014,unknown_caller_hc_games,80,4.394449154672439,0.7142857142857143,0,5,2006,1999,15,0
bobby_petrino,2014,unknown_caller_hc_games,12,2.5649493574615367,0.2727272727272727,0,1,2007,1999,15,0
bobby_ross,2014,unknown_caller_hc_games,23,3.1780538303479458,0.41818181818181815,0,2,2000,1999,15,0
brad_childress,2014,unknown_caller_hc_games,74,4.31748811353631,0.6981132075471698,0,5,2010,1999,15,0
brian_billick,2014,unknown_caller_hc_games,144,4.976733742420574,0.8181818181818182,0,9,2007,1999,15,0
bruce_arians,2014,unknown_caller_hc_games,16,2.833213344056216,0.3333333333333333,0,1,2013,1999,15,0
bruce_coslet,2014,unknown_caller_hc_games,19,2.995732273553991,0.37254901960784315,0,2,2000,1999,15,0
butch_davis,2014,unknown_caller_hc_games,59,4.0943445622221,0.6483516483516484,0,4,2004,1999,15,0
cam_cameron,2014,unknown_caller_hc_games,16,2.833213344056216,0.3333333333333333,0,1,2007,1999,15,0
chan_gailey,2014,unknown_caller_hc_games,64,4.174387269895637,0.6666666666666666,0,4,2012,1999,15,0
chip_kelly,2014,unknown_caller_hc_games,16,2.833213344056216,0.3333333333333333,0,1,2013,1999,15,0
chris_palmer,2014,unknown_caller_hc_games,32,3.4965075614664802,0.5,0,2,2000,1999,15,0
chuck_pagano,2014,unknown_caller_hc_games,32,3.4965075614664802,0.5,0,2,2013,1999,15,0
dan_reeves,2014,unknown_caller_hc_games,77,4.356708826689592,0.7064220183486238,0,5,2003,1999,15,0
dave_campo,2014,unknown_caller_hc_games,48,3.8918202981106265,0.6,0,3,2002,1999,15,0
dave_mcginnis,2014,unknown_caller_hc_games,55,4.02535169073515,0.632183908045977,0,4,2003,1999,15,0
dave_wannstedt,2014,unknown_caller_hc_games,73,4.30406509320417,0.6952380952380952,0,5,2004,1999,15,0
dennis_allen,2014,unknown_caller_hc_games,32,3.4965075614664802,0.5,0,2,2013,1999,15,0
dennis_erickson,2014,unknown_caller_hc_games,32,3.4965075614664802,0.5,0,2,2004,1999,15,0
dennis_green,2014,unknown_caller_hc_games,95,4.564348191467836,0.7480314960629921,0,6,2006,1999,15,0
dick_jauron,2014,unknown_caller_hc_games,142,4.962844630259907,0.8160919540229885,0,10,2009,1999,15,0
dick_lebeau,2014,unknown_caller_hc_games,45,3.828641396489095,0.5844155844155844,0,3,2002,1999,15,0
dick_vermeil,2014,unknown_caller_hc_games,96,4.574710978503383,0.75,0,6,2005,1999,15,0
dom_capers,2014,unknown_caller_hc_games,64,4.174387269895637,0.6666666666666666,0,4,2005,1999,15,0
doug_marrone,2014,unknown_caller_hc_games,16,2.833213344056216,0.3333333333333333,0,1,2013,1999,15,0
emmitt_thomas,2014,unknown_caller_hc_games,4,1.6094379124341003,0.1111111111111111,0,1,2007,1999,15,0
eric_mangini,2014,unknown_caller_hc_games,80,4.394449154672439,0.7142857142857143,0,5,2010,1999,15,0
eric_studesville,2014,unknown_caller_hc_games,4,1.6094379124341003,0.1111111111111111,0,1,2010,1999,15,0
gary_kubiak,2014,unknown_caller_hc_games,125,4.836281906951478,0.7961783439490446,0,8,2013,1999,15,0
gary_moeller,2014,unknown_caller_hc_games,9,2.302585092994046,0.21951219512195122,0,1,2000,1999,15,0
george_seifert,2014,unknown_caller_hc_games,48,3.8918202981106265,0.6,0,3,2001,1999,15,0
greg_schiano,2014,unknown_caller_hc_games,32,3.4965075614664802,0.5,0,2,2013,1999,15,0
gregg_williams,2014,unknown_caller_hc_games,48,3.8918202981106265,0.6,0,3,2003,1999,15,0
gunther_cunningham,2014,unknown_caller_hc_games,32,3.4965075614664802,0.5,0,2,2000,1999,15,0
gus_bradley,2014,unknown_caller_hc_games,16,2.833213344056216,0.3333333333333333,0,1,2013,1999,15,0
herm_edwards,2014,unknown_caller_hc_games,128,4.859812404361672,0.8,0,8,2008,1999,15,0
hue_jackson,2014,unknown_caller_hc_games,16,2.833213344056216,0.3333333333333333,0,1,2011,1999,15,0
jack_del_rio,2014,unknown_caller_hc_games,139,4.941642422609304,0.8128654970760234,0,9,2011,1999,15,0
jason_garrett,2014,unknown_caller_hc_games,56,4.04305126783455,0.6363636363636364,0,4,2013,1999,15,0
jeff_fisher,2014,unknown_caller_hc_games,224,5.41610040220442,0.875,0,14,2013,1999,15,0
jim_bates,2014,unknown_caller_hc_games,7,2.0794415416798357,0.1794871794871795,0,1,2004,1999,15,0
jim_caldwell,2014,unknown_caller_hc_games,48,3.8918202981106265,0.6,0,3,2011,1999,15,0
jim_fassel,2014,unknown_caller_hc_games,80,4.394449154672439,0.7142857142857143,0,5,2003,1999,15,0
jim_harbaugh,2014,unknown_caller_hc_games,48,3.8918202981106265,0.6,0,3,2013,1999,15,0
jim_haslett,2014,unknown_caller_hc_games,108,4.6913478822291435,0.7714285714285715,0,7,2008,1999,15,0
jim_mora,2014,unknown_caller_hc_games,112,4.727387818712341,0.7777777777777778,0,7,2009,1999,15,0
jim_schwartz,2014,unknown_caller_hc_games,80,4.394449154672439,0.7142857142857143,0,5,2013,1999,15,0
jim_tomsula,2014,unknown_caller_hc_games,1,0.6931471805599453,0.030303030303030304,0,1,2010,1999,15,0
jim_zorn,2014,unknown_caller_hc_games,32,3.4965075614664802,0.5,0,2,2009,1999,15,0
jimmy_johnson,2014,unknown_caller_hc_games,16,2.833213344056216,0.3333333333333333,0,1,1999,1999,15,0
joe_gibbs,2014,unknown_caller_hc_games,64,4.174387269895637,0.6666666666666666,0,4,2007,1999,15,0
joe_philbin,2014,unknown_caller_hc_games,32,3.4965075614664802,0.5,0,2,2013,1999,15,0
joe_vitt,2014,unknown_caller_hc_games,21,3.091042453358316,0.39622641509433965,0,2,2012,1999,15,0
john_fox,2014,unknown_caller_hc_games,192,5.262690188904886,0.8571428571428571,0,12,2013,1999,15,0
john_harbaugh,2014,unknown_caller_hc_games,96,4.574710978503383,0.75,0,6,2013,1999,15,0
jon_gruden,2014,unknown_caller_hc_games,160,5.081404364984463,0.8333333333333334,0,10,2008,1999,15,0
josh_mcdaniels,2014,unknown_caller_hc_games,28,3.367295829986474,0.4666666666666667,0,2,2010,1999,15,0
ken_whisenhunt,2014,unknown_caller_hc_games,96,4.574710978503383,0.75,0,6,2012,1999,15,0
lane_kiffin,2014,unknown_caller_hc_games,20,3.044522437723423,0.38461538461538464,0,2,2008,1999,15,0
leslie_frazier,2014,unknown_caller_hc_games,54,4.007333185232471,0.627906976744186,0,4,2013,1999,15,0
lovie_smith,2014,unknown_caller_hc_games,144,4.976733742420574,0.8181818181818182,0,9,2012,1999,15,0
marc_trestman,2014,unknown_caller_hc_games,16,2.833213344056216,0.3333333333333333,0,1,2013,1999,15,0
marty_mornhinweg,2014,unknown_caller_hc_games,32,3.4965075614664802,0.5,0,2,2002,1999,15,0
marty_schottenheimer,2014,unknown_caller_hc_games,96,4.574710978503383,0.75,0,6,2006,1999,15,0
marvin_lewis,2014,unknown_caller_hc_games,176,5.176149732573829,0.8461538461538461,0,11,2013,1999,15,0
mel_tucker,2014,unknown_caller_hc_games,5,1.791759469228055,0.13513513513513514,0,1,2011,1999,15,0
mike_ditka,2014,unknown_caller_hc_games,16,2.833213344056216,0.3333333333333333,0,1,1999,1999,15,0
mike_holmgren,2014,unknown_caller_hc_games,160,5.081404364984463,0.8333333333333334,0,10,2008,1999,15,0
mike_martz,2014,unknown_caller_hc_games,85,4.454347296253507,0.7264957264957265,0,6,2005,1999,15,0
mike_mccarthy,2014,unknown_caller_hc_games,128,4.859812404361672,0.8,0,8,2013,1999,15,0
mike_mccoy,2014,unknown_caller_hc_games,16,2.833213344056216,0.3333333333333333,0,1,2013,1999,15,0
mike_mularkey,2014,unknown_caller_hc_games,48,3.8918202981106265,0.6,0,3,2012,1999,15,0
mike_munchak,2014,unknown_caller_hc_games,48,3.8918202981106265,0.6,0,3,2013,1999,15,0
mike_nolan,2014,unknown_caller_hc_games,55,4.02535169073515,0.632183908045977,0,4,2008,1999,15,0
mike_riley,2014,unknown_caller_hc_games,48,3.8918202981106265,0.6,0,3,2001,1999,15,0
mike_shanahan,2014,unknown_caller_hc_games,224,5.41610040220442,0.875,0,14,2013,1999,15,0
mike_sherman,2014,unknown_caller_hc_games,96,4.574710978503383,0.75,0,6,2005,1999,15,0
mike_singletary,2014,unknown_caller_hc_games,40,3.713572066704308,0.5555555555555556,0,3,2010,1999,15,0
mike_smith,2014,unknown_caller_hc_games,96,4.574710978503383,0.75,0,6,2013,1999,15,0
mike_tice,2014,unknown_caller_hc_games,65,4.189654742026425,0.6701030927835051,0,5,2005,1999,15,0
mike_tomlin,2014,unknown_caller_hc_games,112,4.727387818712341,0.7777777777777778,0,7,2013,1999,15,0
nick_saban,2014,unknown_caller_hc_games,32,3.4965075614664802,0.5,0,2,2006,1999,15,0
norv_turner,2014,unknown_caller_hc_games,147,4.997212273764115,0.8212290502793296,0,10,2012,1999,15,0
pat_shurmur,2014,unknown_caller_hc_games,32,3.4965075614664802,0.5,0,2,2012,1999,15,0
perry_fewell,2014,unknown_caller_hc_games,7,2.0794415416798357,0.1794871794871795,0,1,2009,1999,15,0
pete_carroll,2014,unknown_caller_hc_games,80,4.394449154672439,0.7142857142857143,0,5,2013,1999,15,0
raheem_morris,2014,unknown_caller_hc_games,48,3.8918202981106265,0.6,0,3,2011,1999,15,0
ray_rhodes,2014,unknown_caller_hc_games,16,2.833213344056216,0.3333333333333333,0,1,1999,1999,15,0
rex_ryan,2014,unknown_caller_hc_games,80,4.394449154672439,0.7142857142857143,0,5,2013,1999,15,0
rob_chudzinski,2014,unknown_caller_hc_games,16,2.833213344056216,0.3333333333333333,0,1,2013,1999,15,0
rod_marinelli,2014,unknown_caller_hc_games,48,3.8918202981106265,0.6,0,3,2008,1999,15,0
romeo_crennel,2014,unknown_caller_hc_games,83,4.430816798843313,0.7217391304347827,0,6,2012,1999,15,0
ron_rivera,2014,unknown_caller_hc_games,48,3.8918202981106265,0.6,0,3,2013,1999,15,0
scott_linehan,2014,unknown_caller_hc_games,36,3.6109179126442243,0.5294117647058824,0,3,2008,1999,15,0
sean_payton,2014,unknown_caller_hc_games,112,4.727387818712341,0.7777777777777778,0,7,2013,1999,15,0
steve_mariucci,2014,unknown_caller_hc_games,107,4.68213122712422,0.7697841726618705,0,7,2005,1999,15,0
steve_spagnuolo,2014,unknown_caller_hc_games,48,3.8918202981106265,0.6,0,3,2011,1999,15,0
steve_spurrier,2014,unknown_caller_hc_games,32,3.4965075614664802,0.5,0,2,2003,1999,15,0
terry_robiskie,2014,unknown_caller_hc_games,18,2.9444389791664403,0.36,0,2,2004,1999,15,0
todd_bowles,2014,unknown_caller_hc_games,3,1.3862943611198906,0.08571428571428572,0,1,2011,1999,15,0
todd_haley,2014,unknown_caller_hc_games,45,3.828641396489095,0.5844155844155844,0,3,2011,1999,15,0
tom_cable,2014,unknown_caller_hc_games,44,3.8066624897703196,0.5789473684210527,0,3,2010,1999,15,0
tom_coughlin,2014,unknown_caller_hc_games,224,5.41610040220442,0.875,0,14,2013,1999,15,0
tony_dungy,2014,unknown_caller_hc_games,160,5.081404364984463,0.8333333333333334,0,10,2008,1999,15,0
tony_sparano,2014,unknown_caller_hc_games,61,4.127134385045092,0.6559139784946236,0,4,2011,1999,15,0
vince_tobin,2014,unknown_caller_hc_games,25,3.258096538021482,0.43859649122807015,0,2,2000,1999,15,0
wade_phillips,2014,unknown_caller_hc_games,94,4.553876891600541,0.746031746031746,0,8,2013,1999,15,0
adam_gase,2015,caller,16,2.833213344056216,0.3333333333333333,0,1,2014,2014,1,0
andy_reid,2015,caller,16,2.833213344056216,0.3333333333333333,0,1,2014,2014,1,1
ben_mcadoo,2015,caller,16,2.833213344056216,0.3333333333333333,0,1,2014,2014,1,0
bill_lazor,2015,caller,16,2.833213344056216,0.3333333333333333,0,1,2014,2014,1,0
bill_obrien,2015,caller,16,2.833213344056216,0.3333333333333333,0,1,2014,2014,1,0
brian_schottenheimer,2015,caller,16,2.833213344056216,0.3333333333333333,0,1,2014,2014,1,0
chip_kelly,2015,caller,16,2.833213344056216,0.3333333333333333,0,1,2014,2014,1,1
darrell_bevell,2015,caller,16,2.833213344056216,0.3333333333333333,0,1,2014,2014,1,0
dirk_koetter,2015,caller,16,2.833213344056216,0.3333333333333333,0,1,2014,2014,1,0
frank_reich,2015,caller,16,2.833213344056216,0.3333333333333333,0,1,2014,2014,1,0
gary_kubiak,2015,caller,16,2.833213344056216,0.3333333333333333,0,1,2014,2014,1,1
hue_jackson,2015,caller,16,2.833213344056216,0.3333333333333333,0,1,2014,2014,1,1
jay_gruden,2015,caller,16,2.833213344056216,0.3333333333333333,0,1,2014,2014,1,0
joe_lombardi,2015,caller,16,2.833213344056216,0.3333333333333333,0,1,2014,2014,1,0
josh_mcdaniels,2015,caller,16,2.833213344056216,0.3333333333333333,0,1,2014,2014,1,1
ken_whisenhunt,2015,caller,16,2.833213344056216,0.3333333333333333,0,1,2014,2014,1,1
kyle_shanahan,2015,caller,16,2.833213344056216,0.3333333333333333,0,1,2014,2014,1,0
marcus_arroyo,2015,caller,16,2.833213344056216,0.3333333333333333,0,1,2014,2014,1,0
marty_mornhinweg,2015,caller,16,2.833213344056216,0.3333333333333333,0,1,2014,2014,1,1
mike_mccarthy,2015,caller,16,2.833213344056216,0.3333333333333333,0,1,2014,2014,1,1
mike_shula,2015,caller,16,2.833213344056216,0.3333333333333333,0,1,2014,2014,1,0
nathaniel_hackett,2015,caller,16,2.833213344056216,0.3333333333333333,0,1,2014,2014,1,0
norv_turner,2015,caller,16,2.833213344056216,0.3333333333333333,0,1,2014,2014,1,1
pep_hamilton,2015,caller,16,2.833213344056216,0.3333333333333333,0,1,2014,2014,1,0
scott_linehan,2015,caller,16,2.833213344056216,0.3333333333333333,0,1,2014,2014,1,1
sean_payton,2015,caller,16,2.833213344056216,0.3333333333333333,0,1,2014,2014,1,1
todd_haley,2015,caller,16,2.833213344056216,0.3333333333333333,0,1,2014,2014,1,1
aaron_kromer,2015,hc_resume,6,1.9459101490553132,0.15789473684210525,0,1,2012,1999,16,0
al_groh,2015,hc_resume,16,2.833213344056216,0.3333333333333333,0,1,2000,1999,16,0
andy_reid,2015,hc_resume,256,5.54907608489522,0.8888888888888888,0,16,2014,1999,16,0
art_shell,2015,hc_resume,16,2.833213344056216,0.3333333333333333,0,1,2006,1999,16,0
bill_belichick,2015,hc_resume,240,5.484796933490655,0.8823529411764706,0,15,2014,1999,16,0
bill_callahan,2015,hc_resume,32,3.4965075614664802,0.5,0,2,2003,1999,16,0
bill_cowher,2015,hc_resume,128,4.859812404361672,0.8,0,8,2006,1999,16,0
bill_obrien,2015,hc_resume,16,2.833213344056216,0.3333333333333333,0,1,2014,1999,16,0
bill_parcells,2015,hc_resume,80,4.394449154672439,0.7142857142857143,0,5,2006,1999,16,0
bobby_petrino,2015,hc_resume,12,2.5649493574615367,0.2727272727272727,0,1,2007,1999,16,0
bobby_ross,2015,hc_resume,23,3.1780538303479458,0.41818181818181815,0,2,2000,1999,16,0
brad_childress,2015,hc_resume,74,4.31748811353631,0.6981132075471698,0,5,2010,1999,16,0
brian_billick,2015,hc_resume,144,4.976733742420574,0.8181818181818182,0,9,2007,1999,16,0
bruce_arians,2015,hc_resume,32,3.4965075614664802,0.5,0,2,2014,1999,16,0
bruce_coslet,2015,hc_resume,19,2.995732273553991,0.37254901960784315,0,2,2000,1999,16,0
butch_davis,2015,hc_resume,59,4.0943445622221,0.6483516483516484,0,4,2004,1999,16,0
cam_cameron,2015,hc_resume,16,2.833213344056216,0.3333333333333333,0,1,2007,1999,16,0
chan_gailey,2015,hc_resume,64,4.174387269895637,0.6666666666666666,0,4,2012,1999,16,0
chip_kelly,2015,hc_resume,32,3.4965075614664802,0.5,0,2,2014,1999,16,0
chris_palmer,2015,hc_resume,32,3.4965075614664802,0.5,0,2,2000,1999,16,0
chuck_pagano,2015,hc_resume,48,3.8918202981106265,0.6,0,3,2014,1999,16,0
dan_reeves,2015,hc_resume,77,4.356708826689592,0.7064220183486238,0,5,2003,1999,16,0
dave_campo,2015,hc_resume,48,3.8918202981106265,0.6,0,3,2002,1999,16,0
dave_mcginnis,2015,hc_resume,55,4.02535169073515,0.632183908045977,0,4,2003,1999,16,0
dave_wannstedt,2015,hc_resume,73,4.30406509320417,0.6952380952380952,0,5,2004,1999,16,0
dennis_allen,2015,hc_resume,36,3.6109179126442243,0.5294117647058824,0,3,2014,1999,16,0
dennis_erickson,2015,hc_resume,32,3.4965075614664802,0.5,0,2,2004,1999,16,0
dennis_green,2015,hc_resume,95,4.564348191467836,0.7480314960629921,0,6,2006,1999,16,0
dick_jauron,2015,hc_resume,142,4.962844630259907,0.8160919540229885,0,10,2009,1999,16,0
dick_lebeau,2015,hc_resume,45,3.828641396489095,0.5844155844155844,0,3,2002,1999,16,0
dick_vermeil,2015,hc_resume,96,4.574710978503383,0.75,0,6,2005,1999,16,0
dom_capers,2015,hc_resume,64,4.174387269895637,0.6666666666666666,0,4,2005,1999,16,0
doug_marrone,2015,hc_resume,32,3.4965075614664802,0.5,0,2,2014,1999,16,0
emmitt_thomas,2015,hc_resume,4,1.6094379124341003,0.1111111111111111,0,1,2007,1999,16,0
eric_mangini,2015,hc_resume,80,4.394449154672439,0.7142857142857143,0,5,2010,1999,16,0
eric_studesville,2015,hc_resume,4,1.6094379124341003,0.1111111111111111,0,1,2010,1999,16,0
gary_kubiak,2015,hc_resume,125,4.836281906951478,0.7961783439490446,0,8,2013,1999,16,0
gary_moeller,2015,hc_resume,9,2.302585092994046,0.21951219512195122,0,1,2000,1999,16,0
george_seifert,2015,hc_resume,48,3.8918202981106265,0.6,0,3,2001,1999,16,0
greg_schiano,2015,hc_resume,32,3.4965075614664802,0.5,0,2,2013,1999,16,0
gregg_williams,2015,hc_resume,48,3.8918202981106265,0.6,0,3,2003,1999,16,0
gunther_cunningham,2015,hc_resume,32,3.4965075614664802,0.5,0,2,2000,1999,16,0
gus_bradley,2015,hc_resume,32,3.4965075614664802,0.5,0,2,2014,1999,16,0
herm_edwards,2015,hc_resume,128,4.859812404361672,0.8,0,8,2008,1999,16,0
hue_jackson,2015,hc_resume,16,2.833213344056216,0.3333333333333333,0,1,2011,1999,16,0
jack_del_rio,2015,hc_resume,139,4.941642422609304,0.8128654970760234,0,9,2011,1999,16,0
jason_garrett,2015,hc_resume,72,4.290459441148391,0.6923076923076923,0,5,2014,1999,16,0
jay_gruden,2015,hc_resume,16,2.833213344056216,0.3333333333333333,0,1,2014,1999,16,0
jeff_fisher,2015,hc_resume,240,5.484796933490655,0.8823529411764706,0,15,2014,1999,16,0
jim_bates,2015,hc_resume,7,2.0794415416798357,0.1794871794871795,0,1,2004,1999,16,0
jim_caldwell,2015,hc_resume,64,4.174387269895637,0.6666666666666666,0,4,2014,1999,16,0
jim_fassel,2015,hc_resume,80,4.394449154672439,0.7142857142857143,0,5,2003,1999,16,0
jim_harbaugh,2015,hc_resume,64,4.174387269895637,0.6666666666666666,0,4,2014,1999,16,0
jim_haslett,2015,hc_resume,108,4.6913478822291435,0.7714285714285715,0,7,2008,1999,16,0
jim_mora,2015,hc_resume,112,4.727387818712341,0.7777777777777778,0,7,2009,1999,16,0
jim_schwartz,2015,hc_resume,80,4.394449154672439,0.7142857142857143,0,5,2013,1999,16,0
jim_tomsula,2015,hc_resume,1,0.6931471805599453,0.030303030303030304,0,1,2010,1999,16,0
jim_zorn,2015,hc_resume,32,3.4965075614664802,0.5,0,2,2009,1999,16,0
jimmy_johnson,2015,hc_resume,16,2.833213344056216,0.3333333333333333,0,1,1999,1999,16,0
joe_gibbs,2015,hc_resume,64,4.174387269895637,0.6666666666666666,0,4,2007,1999,16,0
joe_philbin,2015,hc_resume,48,3.8918202981106265,0.6,0,3,2014,1999,16,0
joe_vitt,2015,hc_resume,21,3.091042453358316,0.39622641509433965,0,2,2012,1999,16,0
john_fox,2015,hc_resume,208,5.342334251964811,0.8666666666666667,0,13,2014,1999,16,0
john_harbaugh,2015,hc_resume,112,4.727387818712341,0.7777777777777778,0,7,2014,1999,16,0
jon_gruden,2015,hc_resume,160,5.081404364984463,0.8333333333333334,0,10,2008,1999,16,0
josh_mcdaniels,2015,hc_resume,28,3.367295829986474,0.4666666666666667,0,2,2010,1999,16,0
ken_whisenhunt,2015,hc_resume,112,4.727387818712341,0.7777777777777778,0,7,2014,1999,16,0
lane_kiffin,2015,hc_resume,20,3.044522437723423,0.38461538461538464,0,2,2008,1999,16,0
leslie_frazier,2015,hc_resume,54,4.007333185232471,0.627906976744186,0,4,2013,1999,16,0
lovie_smith,2015,hc_resume,160,5.081404364984463,0.8333333333333334,0,10,2014,1999,16,0
marc_trestman,2015,hc_resume,32,3.4965075614664802,0.5,0,2,2014,1999,16,0
marty_mornhinweg,2015,hc_resume,32,3.4965075614664802,0.5,0,2,2002,1999,16,0
marty_schottenheimer,2015,hc_resume,96,4.574710978503383,0.75,0,6,2006,1999,16,0
marvin_lewis,2015,hc_resume,192,5.262690188904886,0.8571428571428571,0,12,2014,1999,16,0
mel_tucker,2015,hc_resume,5,1.791759469228055,0.13513513513513514,0,1,2011,1999,16,0
mike_ditka,2015,hc_resume,16,2.833213344056216,0.3333333333333333,0,1,1999,1999,16,0
mike_holmgren,2015,hc_resume,160,5.081404364984463,0.8333333333333334,0,10,2008,1999,16,0
mike_martz,2015,hc_resume,85,4.454347296253507,0.7264957264957265,0,6,2005,1999,16,0
mike_mccarthy,2015,hc_resume,144,4.976733742420574,0.8181818181818182,0,9,2014,1999,16,0
mike_mccoy,2015,hc_resume,32,3.4965075614664802,0.5,0,2,2014,1999,16,0
mike_mularkey,2015,hc_resume,48,3.8918202981106265,0.6,0,3,2012,1999,16,0
mike_munchak,2015,hc_resume,48,3.8918202981106265,0.6,0,3,2013,1999,16,0
mike_nolan,2015,hc_resume,55,4.02535169073515,0.632183908045977,0,4,2008,1999,16,0
mike_pettine,2015,hc_resume,16,2.833213344056216,0.3333333333333333,0,1,2014,1999,16,0
mike_riley,2015,hc_resume,48,3.8918202981106265,0.6,0,3,2001,1999,16,0
mike_shanahan,2015,hc_resume,224,5.41610040220442,0.875,0,14,2013,1999,16,0
mike_sherman,2015,hc_resume,96,4.574710978503383,0.75,0,6,2005,1999,16,0
mike_singletary,2015,hc_resume,40,3.713572066704308,0.5555555555555556,0,3,2010,1999,16,0
mike_smith,2015,hc_resume,112,4.727387818712341,0.7777777777777778,0,7,2014,1999,16,0
mike_tice,2015,hc_resume,65,4.189654742026425,0.6701030927835051,0,5,2005,1999,16,0
mike_tomlin,2015,hc_resume,128,4.859812404361672,0.8,0,8,2014,1999,16,0
mike_zimmer,2015,hc_resume,16,2.833213344056216,0.3333333333333333,0,1,2014,1999,16,0
nick_saban,2015,hc_resume,32,3.4965075614664802,0.5,0,2,2006,1999,16,0
norv_turner,2015,hc_resume,147,4.997212273764115,0.8212290502793296,0,10,2012,1999,16,0
pat_shurmur,2015,hc_resume,32,3.4965075614664802,0.5,0,2,2012,1999,16,0
perry_fewell,2015,hc_resume,7,2.0794415416798357,0.1794871794871795,0,1,2009,1999,16,0
pete_carroll,2015,hc_resume,96,4.574710978503383,0.75,0,6,2014,1999,16,0
raheem_morris,2015,hc_resume,48,3.8918202981106265,0.6,0,3,2011,1999,16,0
ray_rhodes,2015,hc_resume,16,2.833213344056216,0.3333333333333333,0,1,1999,1999,16,0
rex_ryan,2015,hc_resume,96,4.574710978503383,0.75,0,6,2014,1999,16,0
rob_chudzinski,2015,hc_resume,16,2.833213344056216,0.3333333333333333,0,1,2013,1999,16,0
rod_marinelli,2015,hc_resume,48,3.8918202981106265,0.6,0,3,2008,1999,16,0
romeo_crennel,2015,hc_resume,83,4.430816798843313,0.7217391304347827,0,6,2012,1999,16,0
ron_rivera,2015,hc_resume,64,4.174387269895637,0.6666666666666666,0,4,2014,1999,16,0
scott_linehan,2015,hc_resume,36,3.6109179126442243,0.5294117647058824,0,3,2008,1999,16,0
sean_payton,2015,hc_resume,128,4.859812404361672,0.8,0,8,2014,1999,16,0
steve_mariucci,2015,hc_resume,107,4.68213122712422,0.7697841726618705,0,7,2005,1999,16,0
steve_spagnuolo,2015,hc_resume,48,3.8918202981106265,0.6,0,3,2011,1999,16,0
steve_spurrier,2015,hc_resume,32,3.4965075614664802,0.5,0,2,2003,1999,16,0
terry_robiskie,2015,hc_resume,18,2.9444389791664403,0.36,0,2,2004,1999,16,0
todd_bowles,2015,hc_resume,3,1.3862943611198906,0.08571428571428572,0,1,2011,1999,16,0
todd_haley,2015,hc_resume,45,3.828641396489095,0.5844155844155844,0,3,2011,1999,16,0
tom_cable,2015,hc_resume,44,3.8066624897703196,0.5789473684210527,0,3,2010,1999,16,0
tom_coughlin,2015,hc_resume,240,5.484796933490655,0.8823529411764706,0,15,2014,1999,16,0
tony_dungy,2015,hc_resume,160,5.081404364984463,0.8333333333333334,0,10,2008,1999,16,0
tony_sparano,2015,hc_resume,73,4.30406509320417,0.6952380952380952,0,5,2014,1999,16,0
vince_tobin,2015,hc_resume,25,3.258096538021482,0.43859649122807015,0,2,2000,1999,16,0
wade_phillips,2015,hc_resume,94,4.553876891600541,0.746031746031746,0,8,2013,1999,16,0
bill_belichick,2015,noncalling_hc_context,16,2.833213344056216,0.3333333333333333,0,1,2014,2014,1,1
chuck_pagano,2015,noncalling_hc_context,16,2.833213344056216,0.3333333333333333,0,1,2014,2014,1,1
doug_marrone,2015,noncalling_hc_context,16,2.833213344056216,0.3333333333333333,0,1,2014,2014,1,1
jason_garrett,2015,noncalling_hc_context,16,2.833213344056216,0.3333333333333333,0,1,2014,2014,1,1
jeff_fisher,2015,noncalling_hc_context,16,2.833213344056216,0.3333333333333333,0,1,2014,2014,1,1
jim_caldwell,2015,noncalling_hc_context,16,2.833213344056216,0.3333333333333333,0,1,2014,2014,1,1
joe_philbin,2015,noncalling_hc_context,16,2.833213344056216,0.3333333333333333,0,1,2014,2014,1,1
john_fox,2015,noncalling_hc_context,16,2.833213344056216,0.3333333333333333,0,1,2014,2014,1,1
john_harbaugh,2015,noncalling_hc_context,16,2.833213344056216,0.3333333333333333,0,1,2014,2014,1,1
lovie_smith,2015,noncalling_hc_context,16,2.833213344056216,0.3333333333333333,0,1,2014,2014,1,1
marvin_lewis,2015,noncalling_hc_context,16,2.833213344056216,0.3333333333333333,0,1,2014,2014,1,1
mike_mccoy,2015,noncalling_hc_context,16,2.833213344056216,0.3333333333333333,0,1,2014,2014,1,1
mike_pettine,2015,noncalling_hc_context,16,2.833213344056216,0.3333333333333333,0,1,2014,2014,1,0
mike_smith,2015,noncalling_hc_context,16,2.833213344056216,0.3333333333333333,0,1,2014,2014,1,1
mike_tomlin,2015,noncalling_hc_context,16,2.833213344056216,0.3333333333333333,0,1,2014,2014,1,1
mike_zimmer,2015,noncalling_hc_context,16,2.833213344056216,0.3333333333333333,0,1,2014,2014,1,0
pete_carroll,2015,noncalling_hc_context,16,2.833213344056216,0.3333333333333333,0,1,2014,2014,1,1
rex_ryan,2015,noncalling_hc_context,16,2.833213344056216,0.3333333333333333,0,1,2014,2014,1,1
ron_rivera,2015,noncalling_hc_context,16,2.833213344056216,0.3333333333333333,0,1,2014,2014,1,1
tom_coughlin,2015,noncalling_hc_context,16,2.833213344056216,0.3333333333333333,0,1,2014,2014,1,1
aaron_kromer,2015,unknown_caller_hc_games,6,1.9459101490553132,0.15789473684210525,0,1,2012,1999,16,0
al_groh,2015,unknown_caller_hc_games,16,2.833213344056216,0.3333333333333333,0,1,2000,1999,16,0
andy_reid,2015,unknown_caller_hc_games,240,5.484796933490655,0.8823529411764706,0,15,2013,1999,16,0
art_shell,2015,unknown_caller_hc_games,16,2.833213344056216,0.3333333333333333,0,1,2006,1999,16,0
bill_belichick,2015,unknown_caller_hc_games,224,5.41610040220442,0.875,0,14,2013,1999,16,0
bill_callahan,2015,unknown_caller_hc_games,32,3.4965075614664802,0.5,0,2,2003,1999,16,0
bill_cowher,2015,unknown_caller_hc_games,128,4.859812404361672,0.8,0,8,2006,1999,16,0
bill_parcells,2015,unknown_caller_hc_games,80,4.394449154672439,0.7142857142857143,0,5,2006,1999,16,0
bobby_petrino,2015,unknown_caller_hc_games,12,2.5649493574615367,0.2727272727272727,0,1,2007,1999,16,0
bobby_ross,2015,unknown_caller_hc_games,23,3.1780538303479458,0.41818181818181815,0,2,2000,1999,16,0
brad_childress,2015,unknown_caller_hc_games,74,4.31748811353631,0.6981132075471698,0,5,2010,1999,16,0
brian_billick,2015,unknown_caller_hc_games,144,4.976733742420574,0.8181818181818182,0,9,2007,1999,16,0
bruce_arians,2015,unknown_caller_hc_games,32,3.4965075614664802,0.5,0,2,2014,1999,16,0
bruce_coslet,2015,unknown_caller_hc_games,19,2.995732273553991,0.37254901960784315,0,2,2000,1999,16,0
butch_davis,2015,unknown_caller_hc_games,59,4.0943445622221,0.6483516483516484,0,4,2004,1999,16,0
cam_cameron,2015,unknown_caller_hc_games,16,2.833213344056216,0.3333333333333333,0,1,2007,1999,16,0
chan_gailey,2015,unknown_caller_hc_games,64,4.174387269895637,0.6666666666666666,0,4,2012,1999,16,0
chip_kelly,2015,unknown_caller_hc_games,16,2.833213344056216,0.3333333333333333,0,1,2013,1999,16,0
chris_palmer,2015,unknown_caller_hc_games,32,3.4965075614664802,0.5,0,2,2000,1999,16,0
chuck_pagano,2015,unknown_caller_hc_games,32,3.4965075614664802,0.5,0,2,2013,1999,16,0
dan_reeves,2015,unknown_caller_hc_games,77,4.356708826689592,0.7064220183486238,0,5,2003,1999,16,0
dave_campo,2015,unknown_caller_hc_games,48,3.8918202981106265,0.6,0,3,2002,1999,16,0
dave_mcginnis,2015,unknown_caller_hc_games,55,4.02535169073515,0.632183908045977,0,4,2003,1999,16,0
dave_wannstedt,2015,unknown_caller_hc_games,73,4.30406509320417,0.6952380952380952,0,5,2004,1999,16,0
dennis_allen,2015,unknown_caller_hc_games,36,3.6109179126442243,0.5294117647058824,0,3,2014,1999,16,0
dennis_erickson,2015,unknown_caller_hc_games,32,3.4965075614664802,0.5,0,2,2004,1999,16,0
dennis_green,2015,unknown_caller_hc_games,95,4.564348191467836,0.7480314960629921,0,6,2006,1999,16,0
dick_jauron,2015,unknown_caller_hc_games,142,4.962844630259907,0.8160919540229885,0,10,2009,1999,16,0
dick_lebeau,2015,unknown_caller_hc_games,45,3.828641396489095,0.5844155844155844,0,3,2002,1999,16,0
dick_vermeil,2015,unknown_caller_hc_games,96,4.574710978503383,0.75,0,6,2005,1999,16,0
dom_capers,2015,unknown_caller_hc_games,64,4.174387269895637,0.6666666666666666,0,4,2005,1999,16,0
doug_marrone,2015,unknown_caller_hc_games,16,2.833213344056216,0.3333333333333333,0,1,2013,1999,16,0
emmitt_thomas,2015,unknown_caller_hc_games,4,1.6094379124341003,0.1111111111111111,0,1,2007,1999,16,0
eric_mangini,2015,unknown_caller_hc_games,80,4.394449154672439,0.7142857142857143,0,5,2010,1999,16,0
eric_studesville,2015,unknown_caller_hc_games,4,1.6094379124341003,0.1111111111111111,0,1,2010,1999,16,0
gary_kubiak,2015,unknown_caller_hc_games,125,4.836281906951478,0.7961783439490446,0,8,2013,1999,16,0
gary_moeller,2015,unknown_caller_hc_games,9,2.302585092994046,0.21951219512195122,0,1,2000,1999,16,0
george_seifert,2015,unknown_caller_hc_games,48,3.8918202981106265,0.6,0,3,2001,1999,16,0
greg_schiano,2015,unknown_caller_hc_games,32,3.4965075614664802,0.5,0,2,2013,1999,16,0
gregg_williams,2015,unknown_caller_hc_games,48,3.8918202981106265,0.6,0,3,2003,1999,16,0
gunther_cunningham,2015,unknown_caller_hc_games,32,3.4965075614664802,0.5,0,2,2000,1999,16,0
gus_bradley,2015,unknown_caller_hc_games,32,3.4965075614664802,0.5,0,2,2014,1999,16,0
herm_edwards,2015,unknown_caller_hc_games,128,4.859812404361672,0.8,0,8,2008,1999,16,0
hue_jackson,2015,unknown_caller_hc_games,16,2.833213344056216,0.3333333333333333,0,1,2011,1999,16,0
jack_del_rio,2015,unknown_caller_hc_games,139,4.941642422609304,0.8128654970760234,0,9,2011,1999,16,0
jason_garrett,2015,unknown_caller_hc_games,56,4.04305126783455,0.6363636363636364,0,4,2013,1999,16,0
jeff_fisher,2015,unknown_caller_hc_games,224,5.41610040220442,0.875,0,14,2013,1999,16,0
jim_bates,2015,unknown_caller_hc_games,7,2.0794415416798357,0.1794871794871795,0,1,2004,1999,16,0
jim_caldwell,2015,unknown_caller_hc_games,48,3.8918202981106265,0.6,0,3,2011,1999,16,0
jim_fassel,2015,unknown_caller_hc_games,80,4.394449154672439,0.7142857142857143,0,5,2003,1999,16,0
jim_harbaugh,2015,unknown_caller_hc_games,64,4.174387269895637,0.6666666666666666,0,4,2014,1999,16,0
jim_haslett,2015,unknown_caller_hc_games,108,4.6913478822291435,0.7714285714285715,0,7,2008,1999,16,0
jim_mora,2015,unknown_caller_hc_games,112,4.727387818712341,0.7777777777777778,0,7,2009,1999,16,0
jim_schwartz,2015,unknown_caller_hc_games,80,4.394449154672439,0.7142857142857143,0,5,2013,1999,16,0
jim_tomsula,2015,unknown_caller_hc_games,1,0.6931471805599453,0.030303030303030304,0,1,2010,1999,16,0
jim_zorn,2015,unknown_caller_hc_games,32,3.4965075614664802,0.5,0,2,2009,1999,16,0
jimmy_johnson,2015,unknown_caller_hc_games,16,2.833213344056216,0.3333333333333333,0,1,1999,1999,16,0
joe_gibbs,2015,unknown_caller_hc_games,64,4.174387269895637,0.6666666666666666,0,4,2007,1999,16,0
joe_philbin,2015,unknown_caller_hc_games,32,3.4965075614664802,0.5,0,2,2013,1999,16,0
joe_vitt,2015,unknown_caller_hc_games,21,3.091042453358316,0.39622641509433965,0,2,2012,1999,16,0
john_fox,2015,unknown_caller_hc_games,192,5.262690188904886,0.8571428571428571,0,12,2013,1999,16,0
john_harbaugh,2015,unknown_caller_hc_games,96,4.574710978503383,0.75,0,6,2013,1999,16,0
jon_gruden,2015,unknown_caller_hc_games,160,5.081404364984463,0.8333333333333334,0,10,2008,1999,16,0
josh_mcdaniels,2015,unknown_caller_hc_games,28,3.367295829986474,0.4666666666666667,0,2,2010,1999,16,0
ken_whisenhunt,2015,unknown_caller_hc_games,96,4.574710978503383,0.75,0,6,2012,1999,16,0
lane_kiffin,2015,unknown_caller_hc_games,20,3.044522437723423,0.38461538461538464,0,2,2008,1999,16,0
leslie_frazier,2015,unknown_caller_hc_games,54,4.007333185232471,0.627906976744186,0,4,2013,1999,16,0
lovie_smith,2015,unknown_caller_hc_games,144,4.976733742420574,0.8181818181818182,0,9,2012,1999,16,0
marc_trestman,2015,unknown_caller_hc_games,32,3.4965075614664802,0.5,0,2,2014,1999,16,0
marty_mornhinweg,2015,unknown_caller_hc_games,32,3.4965075614664802,0.5,0,2,2002,1999,16,0
marty_schottenheimer,2015,unknown_caller_hc_games,96,4.574710978503383,0.75,0,6,2006,1999,16,0
marvin_lewis,2015,unknown_caller_hc_games,176,5.176149732573829,0.8461538461538461,0,11,2013,1999,16,0
mel_tucker,2015,unknown_caller_hc_games,5,1.791759469228055,0.13513513513513514,0,1,2011,1999,16,0
mike_ditka,2015,unknown_caller_hc_games,16,2.833213344056216,0.3333333333333333,0,1,1999,1999,16,0
mike_holmgren,2015,unknown_caller_hc_games,160,5.081404364984463,0.8333333333333334,0,10,2008,1999,16,0
mike_martz,2015,unknown_caller_hc_games,85,4.454347296253507,0.7264957264957265,0,6,2005,1999,16,0
mike_mccarthy,2015,unknown_caller_hc_games,128,4.859812404361672,0.8,0,8,2013,1999,16,0
mike_mccoy,2015,unknown_caller_hc_games,16,2.833213344056216,0.3333333333333333,0,1,2013,1999,16,0
mike_mularkey,2015,unknown_caller_hc_games,48,3.8918202981106265,0.6,0,3,2012,1999,16,0
mike_munchak,2015,unknown_caller_hc_games,48,3.8918202981106265,0.6,0,3,2013,1999,16,0
mike_nolan,2015,unknown_caller_hc_games,55,4.02535169073515,0.632183908045977,0,4,2008,1999,16,0
mike_riley,2015,unknown_caller_hc_games,48,3.8918202981106265,0.6,0,3,2001,1999,16,0
mike_shanahan,2015,unknown_caller_hc_games,224,5.41610040220442,0.875,0,14,2013,1999,16,0
mike_sherman,2015,unknown_caller_hc_games,96,4.574710978503383,0.75,0,6,2005,1999,16,0
mike_singletary,2015,unknown_caller_hc_games,40,3.713572066704308,0.5555555555555556,0,3,2010,1999,16,0
mike_smith,2015,unknown_caller_hc_games,96,4.574710978503383,0.75,0,6,2013,1999,16,0
mike_tice,2015,unknown_caller_hc_games,65,4.189654742026425,0.6701030927835051,0,5,2005,1999,16,0
mike_tomlin,2015,unknown_caller_hc_games,112,4.727387818712341,0.7777777777777778,0,7,2013,1999,16,0
nick_saban,2015,unknown_caller_hc_games,32,3.4965075614664802,0.5,0,2,2006,1999,16,0
norv_turner,2015,unknown_caller_hc_games,147,4.997212273764115,0.8212290502793296,0,10,2012,1999,16,0
pat_shurmur,2015,unknown_caller_hc_games,32,3.4965075614664802,0.5,0,2,2012,1999,16,0
perry_fewell,2015,unknown_caller_hc_games,7,2.0794415416798357,0.1794871794871795,0,1,2009,1999,16,0
pete_carroll,2015,unknown_caller_hc_games,80,4.394449154672439,0.7142857142857143,0,5,2013,1999,16,0
raheem_morris,2015,unknown_caller_hc_games,48,3.8918202981106265,0.6,0,3,2011,1999,16,0
ray_rhodes,2015,unknown_caller_hc_games,16,2.833213344056216,0.3333333333333333,0,1,1999,1999,16,0
rex_ryan,2015,unknown_caller_hc_games,80,4.394449154672439,0.7142857142857143,0,5,2013,1999,16,0
rob_chudzinski,2015,unknown_caller_hc_games,16,2.833213344056216,0.3333333333333333,0,1,2013,1999,16,0
rod_marinelli,2015,unknown_caller_hc_games,48,3.8918202981106265,0.6,0,3,2008,1999,16,0
romeo_crennel,2015,unknown_caller_hc_games,83,4.430816798843313,0.7217391304347827,0,6,2012,1999,16,0
ron_rivera,2015,unknown_caller_hc_games,48,3.8918202981106265,0.6,0,3,2013,1999,16,0
scott_linehan,2015,unknown_caller_hc_games,36,3.6109179126442243,0.5294117647058824,0,3,2008,1999,16,0
sean_payton,2015,unknown_caller_hc_games,112,4.727387818712341,0.7777777777777778,0,7,2013,1999,16,0
steve_mariucci,2015,unknown_caller_hc_games,107,4.68213122712422,0.7697841726618705,0,7,2005,1999,16,0
steve_spagnuolo,2015,unknown_caller_hc_games,48,3.8918202981106265,0.6,0,3,2011,1999,16,0
steve_spurrier,2015,unknown_caller_hc_games,32,3.4965075614664802,0.5,0,2,2003,1999,16,0
terry_robiskie,2015,unknown_caller_hc_games,18,2.9444389791664403,0.36,0,2,2004,1999,16,0
todd_bowles,2015,unknown_caller_hc_games,3,1.3862943611198906,0.08571428571428572,0,1,2011,1999,16,0
todd_haley,2015,unknown_caller_hc_games,45,3.828641396489095,0.5844155844155844,0,3,2011,1999,16,0
tom_cable,2015,unknown_caller_hc_games,44,3.8066624897703196,0.5789473684210527,0,3,2010,1999,16,0
tom_coughlin,2015,unknown_caller_hc_games,224,5.41610040220442,0.875,0,14,2013,1999,16,0
tony_dungy,2015,unknown_caller_hc_games,160,5.081404364984463,0.8333333333333334,0,10,2008,1999,16,0
tony_sparano,2015,unknown_caller_hc_games,73,4.30406509320417,0.6952380952380952,0,5,2014,1999,16,0
vince_tobin,2015,unknown_caller_hc_games,25,3.258096538021482,0.43859649122807015,0,2,2000,1999,16,0
wade_phillips,2015,unknown_caller_hc_games,94,4.553876891600541,0.746031746031746,0,8,2013,1999,16,0
adam_gase,2016,caller,32,3.4965075614664802,0.5,0,2,2015,2014,2,0
andy_reid,2016,caller,32,3.4965075614664802,0.5,0,2,2015,2014,2,1
ben_mcadoo,2016,caller,32,3.4965075614664802,0.5,0,2,2015,2014,2,0
bill_lazor,2016,caller,27,3.332204510175204,0.4576271186440678,0,2,2015,2014,2,0
bill_musgrave,2016,caller,16,2.833213344056216,0.3333333333333333,0,1,2015,2014,2,0
bill_obrien,2016,caller,16,2.833213344056216,0.3333333333333333,0,1,2014,2014,2,0
brian_schottenheimer,2016,caller,16,2.833213344056216,0.3333333333333333,0,1,2014,2014,2,0
bruce_arians,2016,caller,16,2.833213344056216,0.3333333333333333,0,1,2015,2014,2,1
chan_gailey,2016,caller,16,2.833213344056216,0.3333333333333333,0,1,2015,2014,2,1
chip_kelly,2016,caller,32,3.4965075614664802,0.5,0,2,2015,2014,2,1
darrell_bevell,2016,caller,32,3.4965075614664802,0.5,0,2,2015,2014,2,0
dirk_koetter,2016,caller,32,3.4965075614664802,0.5,0,2,2015,2014,2,0
frank_cignetti,2016,caller,12,2.5649493574615367,0.2727272727272727,0,1,2015,2014,2,0
frank_reich,2016,caller,32,3.4965075614664802,0.5,0,2,2015,2014,2,0
gary_kubiak,2016,caller,32,3.4965075614664802,0.5,0,2,2015,2014,2,1
geep_chryst,2016,caller,16,2.833213344056216,0.3333333333333333,0,1,2015,2014,2,0
george_godsey,2016,caller,16,2.833213344056216,0.3333333333333333,0,1,2015,2014,2,0
greg_olson,2016,caller,16,2.833213344056216,0.3333333333333333,0,1,2015,2014,2,0
greg_roman,2016,caller,16,2.833213344056216,0.3333333333333333,0,1,2015,2014,2,0
hue_jackson,2016,caller,16,2.833213344056216,0.3333333333333333,0,1,2014,2014,2,1
jason_michael,2016,caller,9,2.302585092994046,0.21951219512195122,0,1,2015,2014,2,0
jay_gruden,2016,caller,16,2.833213344056216,0.3333333333333333,0,1,2014,2014,2,0
jim_bob_cooter,2016,caller,9,2.302585092994046,0.21951219512195122,0,1,2015,2014,2,0
joe_lombardi,2016,caller,23,3.1780538303479458,0.41818181818181815,0,2,2015,2014,2,0
josh_mcdaniels,2016,caller,32,3.4965075614664802,0.5,0,2,2015,2014,2,1
ken_whisenhunt,2016,caller,23,3.1780538303479458,0.41818181818181815,0,2,2015,2014,2,1
kyle_shanahan,2016,caller,32,3.4965075614664802,0.5,0,2,2015,2014,2,0
marc_trestman,2016,caller,16,2.833213344056216,0.3333333333333333,0,1,2015,2014,2,1
marcus_arroyo,2016,caller,16,2.833213344056216,0.3333333333333333,0,1,2014,2014,2,0
marty_mornhinweg,2016,caller,16,2.833213344056216,0.3333333333333333,0,1,2014,2014,2,1
mike_mccarthy,2016,caller,19,2.995732273553991,0.37254901960784315,0,2,2015,2014,2,1
mike_shula,2016,caller,32,3.4965075614664802,0.5,0,2,2015,2014,2,0
nathaniel_hackett,2016,caller,16,2.833213344056216,0.3333333333333333,0,1,2014,2014,2,0
norv_turner,2016,caller,32,3.4965075614664802,0.5,0,2,2015,2014,2,1
pep_hamilton,2016,caller,24,3.2188758248682006,0.42857142857142855,0,2,2015,2014,2,0
rob_boras,2016,caller,4,1.6094379124341003,0.1111111111111111,0,1,2015,2014,2,0
rob_chudzinski,2016,caller,8,2.1972245773362196,0.2,0,1,2015,2014,2,1
scott_linehan,2016,caller,32,3.4965075614664802,0.5,0,2,2015,2014,2,1
sean_mcvay,2016,caller,16,2.833213344056216,0.3333333333333333,0,1,2015,2014,2,0
sean_payton,2016,caller,32,3.4965075614664802,0.5,0,2,2015,2014,2,1
todd_haley,2016,caller,32,3.4965075614664802,0.5,0,2,2015,2014,2,1
tom_clements,2016,caller,13,2.6390573296152584,0.28888888888888886,0,1,2015,2014,2,0
zac_taylor,2016,caller,5,1.791759469228055,0.13513513513513514,0,1,2015,2014,2,0
aaron_kromer,2016,hc_resume,6,1.9459101490553132,0.15789473684210525,0,1,2012,1999,17,0
al_groh,2016,hc_resume,16,2.833213344056216,0.3333333333333333,0,1,2000,1999,17,0
andy_reid,2016,hc_resume,272,5.60947179518496,0.8947368421052632,0,17,2015,1999,17,0
art_shell,2016,hc_resume,16,2.833213344056216,0.3333333333333333,0,1,2006,1999,17,0
bill_belichick,2016,hc_resume,256,5.54907608489522,0.8888888888888888,0,16,2015,1999,17,0
bill_callahan,2016,hc_resume,32,3.4965075614664802,0.5,0,2,2003,1999,17,0
bill_cowher,2016,hc_resume,128,4.859812404361672,0.8,0,8,2006,1999,17,0
bill_obrien,2016,hc_resume,32,3.4965075614664802,0.5,0,2,2015,1999,17,0
bill_parcells,2016,hc_resume,80,4.394449154672439,0.7142857142857143,0,5,2006,1999,17,0
bobby_petrino,2016,hc_resume,12,2.5649493574615367,0.2727272727272727,0,1,2007,1999,17,0
bobby_ross,2016,hc_resume,23,3.1780538303479458,0.41818181818181815,0,2,2000,1999,17,0
brad_childress,2016,hc_resume,74,4.31748811353631,0.6981132075471698,0,5,2010,1999,17,0
brian_billick,2016,hc_resume,144,4.976733742420574,0.8181818181818182,0,9,2007,1999,17,0
bruce_arians,2016,hc_resume,48,3.8918202981106265,0.6,0,3,2015,1999,17,0
bruce_coslet,2016,hc_resume,19,2.995732273553991,0.37254901960784315,0,2,2000,1999,17,0
butch_davis,2016,hc_resume,59,4.0943445622221,0.6483516483516484,0,4,2004,1999,17,0
cam_cameron,2016,hc_resume,16,2.833213344056216,0.3333333333333333,0,1,2007,1999,17,0
chan_gailey,2016,hc_resume,64,4.174387269895637,0.6666666666666666,0,4,2012,1999,17,0
chip_kelly,2016,hc_resume,47,3.871201010907891,0.5949367088607594,0,3,2015,1999,17,0
chris_palmer,2016,hc_resume,32,3.4965075614664802,0.5,0,2,2000,1999,17,0
chuck_pagano,2016,hc_resume,64,4.174387269895637,0.6666666666666666,0,4,2015,1999,17,0
dan_quinn,2016,hc_resume,16,2.833213344056216,0.3333333333333333,0,1,2015,1999,17,0
dan_reeves,2016,hc_resume,77,4.356708826689592,0.7064220183486238,0,5,2003,1999,17,0
dave_campo,2016,hc_resume,48,3.8918202981106265,0.6,0,3,2002,1999,17,0
dave_mcginnis,2016,hc_resume,55,4.02535169073515,0.632183908045977,0,4,2003,1999,17,0
dave_wannstedt,2016,hc_resume,73,4.30406509320417,0.6952380952380952,0,5,2004,1999,17,0
dennis_allen,2016,hc_resume,36,3.6109179126442243,0.5294117647058824,0,3,2014,1999,17,0
dennis_erickson,2016,hc_resume,32,3.4965075614664802,0.5,0,2,2004,1999,17,0
dennis_green,2016,hc_resume,95,4.564348191467836,0.7480314960629921,0,6,2006,1999,17,0
dick_jauron,2016,hc_resume,142,4.962844630259907,0.8160919540229885,0,10,2009,1999,17,0
dick_lebeau,2016,hc_resume,45,3.828641396489095,0.5844155844155844,0,3,2002,1999,17,0
dick_vermeil,2016,hc_resume,96,4.574710978503383,0.75,0,6,2005,1999,17,0
dom_capers,2016,hc_resume,64,4.174387269895637,0.6666666666666666,0,4,2005,1999,17,0
doug_marrone,2016,hc_resume,32,3.4965075614664802,0.5,0,2,2014,1999,17,0
emmitt_thomas,2016,hc_resume,4,1.6094379124341003,0.1111111111111111,0,1,2007,1999,17,0
eric_mangini,2016,hc_resume,80,4.394449154672439,0.7142857142857143,0,5,2010,1999,17,0
eric_studesville,2016,hc_resume,4,1.6094379124341003,0.1111111111111111,0,1,2010,1999,17,0
gary_kubiak,2016,hc_resume,141,4.955827057601261,0.815028901734104,0,9,2015,1999,17,0
gary_moeller,2016,hc_resume,9,2.302585092994046,0.21951219512195122,0,1,2000,1999,17,0
george_seifert,2016,hc_resume,48,3.8918202981106265,0.6,0,3,2001,1999,17,0
greg_schiano,2016,hc_resume,32,3.4965075614664802,0.5,0,2,2013,1999,17,0
gregg_williams,2016,hc_resume,48,3.8918202981106265,0.6,0,3,2003,1999,17,0
gunther_cunningham,2016,hc_resume,32,3.4965075614664802,0.5,0,2,2000,1999,17,0
gus_bradley,2016,hc_resume,48,3.8918202981106265,0.6,0,3,2015,1999,17,0
herm_edwards,2016,hc_resume,128,4.859812404361672,0.8,0,8,2008,1999,17,0
hue_jackson,2016,hc_resume,16,2.833213344056216,0.3333333333333333,0,1,2011,1999,17,0
jack_del_rio,2016,hc_resume,155,5.049856007249537,0.8288770053475936,0,10,2015,1999,17,0
jason_garrett,2016,hc_resume,88,4.48863636973214,0.7333333333333333,0,6,2015,1999,17,0
jay_gruden,2016,hc_resume,32,3.4965075614664802,0.5,0,2,2015,1999,17,0
jeff_fisher,2016,hc_resume,256,5.54907608489522,0.8888888888888888,0,16,2015,1999,17,0
jim_bates,2016,hc_resume,7,2.0794415416798357,0.1794871794871795,0,1,2004,1999,17,0
jim_caldwell,2016,hc_resume,80,4.394449154672439,0.7142857142857143,0,5,2015,1999,17,0
jim_fassel,2016,hc_resume,80,4.394449154672439,0.7142857142857143,0,5,2003,1999,17,0
jim_harbaugh,2016,hc_resume,64,4.174387269895637,0.6666666666666666,0,4,2014,1999,17,0
jim_haslett,2016,hc_resume,108,4.6913478822291435,0.7714285714285715,0,7,2008,1999,17,0
jim_mora,2016,hc_resume,112,4.727387818712341,0.7777777777777778,0,7,2009,1999,17,0
jim_schwartz,2016,hc_resume,80,4.394449154672439,0.7142857142857143,0,5,2013,1999,17,0
jim_tomsula,2016,hc_resume,17,2.8903717578961645,0.3469387755102041,0,2,2015,1999,17,0
jim_zorn,2016,hc_resume,32,3.4965075614664802,0.5,0,2,2009,1999,17,0
jimmy_johnson,2016,hc_resume,16,2.833213344056216,0.3333333333333333,0,1,1999,1999,17,0
joe_gibbs,2016,hc_resume,64,4.174387269895637,0.6666666666666666,0,4,2007,1999,17,0
joe_philbin,2016,hc_resume,64,4.174387269895637,0.6666666666666666,0,4,2015,1999,17,0
joe_vitt,2016,hc_resume,21,3.091042453358316,0.39622641509433965,0,2,2012,1999,17,0
john_fox,2016,hc_resume,224,5.41610040220442,0.875,0,14,2015,1999,17,0
john_harbaugh,2016,hc_resume,128,4.859812404361672,0.8,0,8,2015,1999,17,0
jon_gruden,2016,hc_resume,160,5.081404364984463,0.8333333333333334,0,10,2008,1999,17,0
josh_mcdaniels,2016,hc_resume,28,3.367295829986474,0.4666666666666667,0,2,2010,1999,17,0
ken_whisenhunt,2016,hc_resume,128,4.859812404361672,0.8,0,8,2015,1999,17,0
lane_kiffin,2016,hc_resume,20,3.044522437723423,0.38461538461538464,0,2,2008,1999,17,0
leslie_frazier,2016,hc_resume,54,4.007333185232471,0.627906976744186,0,4,2013,1999,17,0
lovie_smith,2016,hc_resume,176,5.176149732573829,0.8461538461538461,0,11,2015,1999,17,0
marc_trestman,2016,hc_resume,32,3.4965075614664802,0.5,0,2,2014,1999,17,0
marty_mornhinweg,2016,hc_resume,32,3.4965075614664802,0.5,0,2,2002,1999,17,0
marty_schottenheimer,2016,hc_resume,96,4.574710978503383,0.75,0,6,2006,1999,17,0
marvin_lewis,2016,hc_resume,208,5.342334251964811,0.8666666666666667,0,13,2015,1999,17,0
mel_tucker,2016,hc_resume,5,1.791759469228055,0.13513513513513514,0,1,2011,1999,17,0
mike_ditka,2016,hc_resume,16,2.833213344056216,0.3333333333333333,0,1,1999,1999,17,0
mike_holmgren,2016,hc_resume,160,5.081404364984463,0.8333333333333334,0,10,2008,1999,17,0
mike_martz,2016,hc_resume,85,4.454347296253507,0.7264957264957265,0,6,2005,1999,17,0
mike_mccarthy,2016,hc_resume,160,5.081404364984463,0.8333333333333334,0,10,2015,1999,17,0
mike_mccoy,2016,hc_resume,48,3.8918202981106265,0.6,0,3,2015,1999,17,0
mike_mularkey,2016,hc_resume,48,3.8918202981106265,0.6,0,3,2012,1999,17,0
mike_munchak,2016,hc_resume,48,3.8918202981106265,0.6,0,3,2013,1999,17,0
mike_nolan,2016,hc_resume,55,4.02535169073515,0.632183908045977,0,4,2008,1999,17,0
mike_pettine,2016,hc_resume,32,3.4965075614664802,0.5,0,2,2015,1999,17,0
mike_riley,2016,hc_resume,48,3.8918202981106265,0.6,0,3,2001,1999,17,0
mike_shanahan,2016,hc_resume,224,5.41610040220442,0.875,0,14,2013,1999,17,0
mike_sherman,2016,hc_resume,96,4.574710978503383,0.75,0,6,2005,1999,17,0
mike_singletary,2016,hc_resume,40,3.713572066704308,0.5555555555555556,0,3,2010,1999,17,0
mike_smith,2016,hc_resume,112,4.727387818712341,0.7777777777777778,0,7,2014,1999,17,0
mike_tice,2016,hc_resume,65,4.189654742026425,0.6701030927835051,0,5,2005,1999,17,0
mike_tomlin,2016,hc_resume,144,4.976733742420574,0.8181818181818182,0,9,2015,1999,17,0
mike_zimmer,2016,hc_resume,32,3.4965075614664802,0.5,0,2,2015,1999,17,0
nick_saban,2016,hc_resume,32,3.4965075614664802,0.5,0,2,2006,1999,17,0
norv_turner,2016,hc_resume,147,4.997212273764115,0.8212290502793296,0,10,2012,1999,17,0
pat_shurmur,2016,hc_resume,33,3.5263605246161616,0.5076923076923077,0,3,2015,1999,17,0
perry_fewell,2016,hc_resume,7,2.0794415416798357,0.1794871794871795,0,1,2009,1999,17,0
pete_carroll,2016,hc_resume,112,4.727387818712341,0.7777777777777778,0,7,2015,1999,17,0
raheem_morris,2016,hc_resume,48,3.8918202981106265,0.6,0,3,2011,1999,17,0
ray_rhodes,2016,hc_resume,16,2.833213344056216,0.3333333333333333,0,1,1999,1999,17,0
rex_ryan,2016,hc_resume,112,4.727387818712341,0.7777777777777778,0,7,2015,1999,17,0
rob_chudzinski,2016,hc_resume,16,2.833213344056216,0.3333333333333333,0,1,2013,1999,17,0
rod_marinelli,2016,hc_resume,48,3.8918202981106265,0.6,0,3,2008,1999,17,0
romeo_crennel,2016,hc_resume,83,4.430816798843313,0.7217391304347827,0,6,2012,1999,17,0
ron_rivera,2016,hc_resume,80,4.394449154672439,0.7142857142857143,0,5,2015,1999,17,0
scott_linehan,2016,hc_resume,36,3.6109179126442243,0.5294117647058824,0,3,2008,1999,17,0
sean_payton,2016,hc_resume,144,4.976733742420574,0.8181818181818182,0,9,2015,1999,17,0
steve_mariucci,2016,hc_resume,107,4.68213122712422,0.7697841726618705,0,7,2005,1999,17,0
steve_spagnuolo,2016,hc_resume,48,3.8918202981106265,0.6,0,3,2011,1999,17,0
steve_spurrier,2016,hc_resume,32,3.4965075614664802,0.5,0,2,2003,1999,17,0
terry_robiskie,2016,hc_resume,18,2.9444389791664403,0.36,0,2,2004,1999,17,0
todd_bowles,2016,hc_resume,19,2.995732273553991,0.37254901960784315,0,2,2015,1999,17,0
todd_haley,2016,hc_resume,45,3.828641396489095,0.5844155844155844,0,3,2011,1999,17,0
tom_cable,2016,hc_resume,44,3.8066624897703196,0.5789473684210527,0,3,2010,1999,17,0
tom_coughlin,2016,hc_resume,256,5.54907608489522,0.8888888888888888,0,16,2015,1999,17,0
tony_dungy,2016,hc_resume,160,5.081404364984463,0.8333333333333334,0,10,2008,1999,17,0
tony_sparano,2016,hc_resume,73,4.30406509320417,0.6952380952380952,0,5,2014,1999,17,0
vince_tobin,2016,hc_resume,25,3.258096538021482,0.43859649122807015,0,2,2000,1999,17,0
wade_phillips,2016,hc_resume,94,4.553876891600541,0.746031746031746,0,8,2013,1999,17,0
bill_belichick,2016,noncalling_hc_context,32,3.4965075614664802,0.5,0,2,2015,2014,2,1
bill_obrien,2016,noncalling_hc_context,16,2.833213344056216,0.3333333333333333,0,1,2015,2014,2,0
chuck_pagano,2016,noncalling_hc_context,32,3.4965075614664802,0.5,0,2,2015,2014,2,1
dan_quinn,2016,noncalling_hc_context,16,2.833213344056216,0.3333333333333333,0,1,2015,2014,2,0
doug_marrone,2016,noncalling_hc_context,16,2.833213344056216,0.3333333333333333,0,1,2014,2014,2,1
gus_bradley,2016,noncalling_hc_context,16,2.833213344056216,0.3333333333333333,0,1,2015,2014,2,1
jack_del_rio,2016,noncalling_hc_context,16,2.833213344056216,0.3333333333333333,0,1,2015,2014,2,1
jason_garrett,2016,noncalling_hc_context,32,3.4965075614664802,0.5,0,2,2015,2014,2,1
jay_gruden,2016,noncalling_hc_context,16,2.833213344056216,0.3333333333333333,0,1,2015,2014,2,0
jeff_fisher,2016,noncalling_hc_context,32,3.4965075614664802,0.5,0,2,2015,2014,2,1
jim_caldwell,2016,noncalling_hc_context,32,3.4965075614664802,0.5,0,2,2015,2014,2,1
jim_tomsula,2016,noncalling_hc_context,16,2.833213344056216,0.3333333333333333,0,1,2015,2014,2,1
joe_philbin,2016,noncalling_hc_context,32,3.4965075614664802,0.5,0,2,2015,2014,2,1
john_fox,2016,noncalling_hc_context,32,3.4965075614664802,0.5,0,2,2015,2014,2,1
john_harbaugh,2016,noncalling_hc_context,32,3.4965075614664802,0.5,0,2,2015,2014,2,1
ken_whisenhunt,2016,noncalling_hc_context,9,2.302585092994046,0.21951219512195122,0,1,2015,2014,2,1
lovie_smith,2016,noncalling_hc_context,32,3.4965075614664802,0.5,0,2,2015,2014,2,1
marvin_lewis,2016,noncalling_hc_context,16,2.833213344056216,0.3333333333333333,0,1,2014,2014,2,1
mike_mccarthy,2016,noncalling_hc_context,13,2.6390573296152584,0.28888888888888886,0,1,2015,2014,2,1
mike_mccoy,2016,noncalling_hc_context,32,3.4965075614664802,0.5,0,2,2015,2014,2,1
mike_pettine,2016,noncalling_hc_context,16,2.833213344056216,0.3333333333333333,0,1,2014,2014,2,0
mike_smith,2016,noncalling_hc_context,16,2.833213344056216,0.3333333333333333,0,1,2014,2014,2,1
mike_tomlin,2016,noncalling_hc_context,32,3.4965075614664802,0.5,0,2,2015,2014,2,1
mike_zimmer,2016,noncalling_hc_context,32,3.4965075614664802,0.5,0,2,2015,2014,2,0
pat_shurmur,2016,noncalling_hc_context,1,0.6931471805599453,0.030303030303030304,0,1,2015,2014,2,1
pete_carroll,2016,noncalling_hc_context,32,3.4965075614664802,0.5,0,2,2015,2014,2,1
rex_ryan,2016,noncalling_hc_context,32,3.4965075614664802,0.5,0,2,2015,2014,2,1
ron_rivera,2016,noncalling_hc_context,32,3.4965075614664802,0.5,0,2,2015,2014,2,1
todd_bowles,2016,noncalling_hc_context,16,2.833213344056216,0.3333333333333333,0,1,2015,2014,2,1
tom_coughlin,2016,noncalling_hc_context,32,3.4965075614664802,0.5,0,2,2015,2014,2,1
aaron_kromer,2016,unknown_caller_hc_games,6,1.9459101490553132,0.15789473684210525,0,1,2012,1999,17,0
al_groh,2016,unknown_caller_hc_games,16,2.833213344056216,0.3333333333333333,0,1,2000,1999,17,0
andy_reid,2016,unknown_caller_hc_games,240,5.484796933490655,0.8823529411764706,0,15,2013,1999,17,0
art_shell,2016,unknown_caller_hc_games,16,2.833213344056216,0.3333333333333333,0,1,2006,1999,17,0
bill_belichick,2016,unknown_caller_hc_games,224,5.41610040220442,0.875,0,14,2013,1999,17,0
bill_callahan,2016,unknown_caller_hc_games,32,3.4965075614664802,0.5,0,2,2003,1999,17,0
bill_cowher,2016,unknown_caller_hc_games,128,4.859812404361672,0.8,0,8,2006,1999,17,0
bill_parcells,2016,unknown_caller_hc_games,80,4.394449154672439,0.7142857142857143,0,5,2006,1999,17,0
bobby_petrino,2016,unknown_caller_hc_games,12,2.5649493574615367,0.2727272727272727,0,1,2007,1999,17,0
bobby_ross,2016,unknown_caller_hc_games,23,3.1780538303479458,0.41818181818181815,0,2,2000,1999,17,0
brad_childress,2016,unknown_caller_hc_games,74,4.31748811353631,0.6981132075471698,0,5,2010,1999,17,0
brian_billick,2016,unknown_caller_hc_games,144,4.976733742420574,0.8181818181818182,0,9,2007,1999,17,0
bruce_arians,2016,unknown_caller_hc_games,32,3.4965075614664802,0.5,0,2,2014,1999,17,0
bruce_coslet,2016,unknown_caller_hc_games,19,2.995732273553991,0.37254901960784315,0,2,2000,1999,17,0
butch_davis,2016,unknown_caller_hc_games,59,4.0943445622221,0.6483516483516484,0,4,2004,1999,17,0
cam_cameron,2016,unknown_caller_hc_games,16,2.833213344056216,0.3333333333333333,0,1,2007,1999,17,0
chan_gailey,2016,unknown_caller_hc_games,64,4.174387269895637,0.6666666666666666,0,4,2012,1999,17,0
chip_kelly,2016,unknown_caller_hc_games,16,2.833213344056216,0.3333333333333333,0,1,2013,1999,17,0
chris_palmer,2016,unknown_caller_hc_games,32,3.4965075614664802,0.5,0,2,2000,1999,17,0
chuck_pagano,2016,unknown_caller_hc_games,32,3.4965075614664802,0.5,0,2,2013,1999,17,0
dan_reeves,2016,unknown_caller_hc_games,77,4.356708826689592,0.7064220183486238,0,5,2003,1999,17,0
dave_campo,2016,unknown_caller_hc_games,48,3.8918202981106265,0.6,0,3,2002,1999,17,0
dave_mcginnis,2016,unknown_caller_hc_games,55,4.02535169073515,0.632183908045977,0,4,2003,1999,17,0
dave_wannstedt,2016,unknown_caller_hc_games,73,4.30406509320417,0.6952380952380952,0,5,2004,1999,17,0
dennis_allen,2016,unknown_caller_hc_games,36,3.6109179126442243,0.5294117647058824,0,3,2014,1999,17,0
dennis_erickson,2016,unknown_caller_hc_games,32,3.4965075614664802,0.5,0,2,2004,1999,17,0
dennis_green,2016,unknown_caller_hc_games,95,4.564348191467836,0.7480314960629921,0,6,2006,1999,17,0
dick_jauron,2016,unknown_caller_hc_games,142,4.962844630259907,0.8160919540229885,0,10,2009,1999,17,0
dick_lebeau,2016,unknown_caller_hc_games,45,3.828641396489095,0.5844155844155844,0,3,2002,1999,17,0
dick_vermeil,2016,unknown_caller_hc_games,96,4.574710978503383,0.75,0,6,2005,1999,17,0
dom_capers,2016,unknown_caller_hc_games,64,4.174387269895637,0.6666666666666666,0,4,2005,1999,17,0
doug_marrone,2016,unknown_caller_hc_games,16,2.833213344056216,0.3333333333333333,0,1,2013,1999,17,0
emmitt_thomas,2016,unknown_caller_hc_games,4,1.6094379124341003,0.1111111111111111,0,1,2007,1999,17,0
eric_mangini,2016,unknown_caller_hc_games,80,4.394449154672439,0.7142857142857143,0,5,2010,1999,17,0
eric_studesville,2016,unknown_caller_hc_games,4,1.6094379124341003,0.1111111111111111,0,1,2010,1999,17,0
gary_kubiak,2016,unknown_caller_hc_games,125,4.836281906951478,0.7961783439490446,0,8,2013,1999,17,0
gary_moeller,2016,unknown_caller_hc_games,9,2.302585092994046,0.21951219512195122,0,1,2000,1999,17,0
george_seifert,2016,unknown_caller_hc_games,48,3.8918202981106265,0.6,0,3,2001,1999,17,0
greg_schiano,2016,unknown_caller_hc_games,32,3.4965075614664802,0.5,0,2,2013,1999,17,0
gregg_williams,2016,unknown_caller_hc_games,48,3.8918202981106265,0.6,0,3,2003,1999,17,0
gunther_cunningham,2016,unknown_caller_hc_games,32,3.4965075614664802,0.5,0,2,2000,1999,17,0
gus_bradley,2016,unknown_caller_hc_games,32,3.4965075614664802,0.5,0,2,2014,1999,17,0
herm_edwards,2016,unknown_caller_hc_games,128,4.859812404361672,0.8,0,8,2008,1999,17,0
hue_jackson,2016,unknown_caller_hc_games,16,2.833213344056216,0.3333333333333333,0,1,2011,1999,17,0
jack_del_rio,2016,unknown_caller_hc_games,139,4.941642422609304,0.8128654970760234,0,9,2011,1999,17,0
jason_garrett,2016,unknown_caller_hc_games,56,4.04305126783455,0.6363636363636364,0,4,2013,1999,17,0
jeff_fisher,2016,unknown_caller_hc_games,224,5.41610040220442,0.875,0,14,2013,1999,17,0
jim_bates,2016,unknown_caller_hc_games,7,2.0794415416798357,0.1794871794871795,0,1,2004,1999,17,0
jim_caldwell,2016,unknown_caller_hc_games,48,3.8918202981106265,0.6,0,3,2011,1999,17,0
jim_fassel,2016,unknown_caller_hc_games,80,4.394449154672439,0.7142857142857143,0,5,2003,1999,17,0
jim_harbaugh,2016,unknown_caller_hc_games,64,4.174387269895637,0.6666666666666666,0,4,2014,1999,17,0
jim_haslett,2016,unknown_caller_hc_games,108,4.6913478822291435,0.7714285714285715,0,7,2008,1999,17,0
jim_mora,2016,unknown_caller_hc_games,112,4.727387818712341,0.7777777777777778,0,7,2009,1999,17,0
jim_schwartz,2016,unknown_caller_hc_games,80,4.394449154672439,0.7142857142857143,0,5,2013,1999,17,0
jim_tomsula,2016,unknown_caller_hc_games,1,0.6931471805599453,0.030303030303030304,0,1,2010,1999,17,0
jim_zorn,2016,unknown_caller_hc_games,32,3.4965075614664802,0.5,0,2,2009,1999,17,0
jimmy_johnson,2016,unknown_caller_hc_games,16,2.833213344056216,0.3333333333333333,0,1,1999,1999,17,0
joe_gibbs,2016,unknown_caller_hc_games,64,4.174387269895637,0.6666666666666666,0,4,2007,1999,17,0
joe_philbin,2016,unknown_caller_hc_games,32,3.4965075614664802,0.5,0,2,2013,1999,17,0
joe_vitt,2016,unknown_caller_hc_games,21,3.091042453358316,0.39622641509433965,0,2,2012,1999,17,0
john_fox,2016,unknown_caller_hc_games,192,5.262690188904886,0.8571428571428571,0,12,2013,1999,17,0
john_harbaugh,2016,unknown_caller_hc_games,96,4.574710978503383,0.75,0,6,2013,1999,17,0
jon_gruden,2016,unknown_caller_hc_games,160,5.081404364984463,0.8333333333333334,0,10,2008,1999,17,0
josh_mcdaniels,2016,unknown_caller_hc_games,28,3.367295829986474,0.4666666666666667,0,2,2010,1999,17,0
ken_whisenhunt,2016,unknown_caller_hc_games,96,4.574710978503383,0.75,0,6,2012,1999,17,0
lane_kiffin,2016,unknown_caller_hc_games,20,3.044522437723423,0.38461538461538464,0,2,2008,1999,17,0
leslie_frazier,2016,unknown_caller_hc_games,54,4.007333185232471,0.627906976744186,0,4,2013,1999,17,0
lovie_smith,2016,unknown_caller_hc_games,144,4.976733742420574,0.8181818181818182,0,9,2012,1999,17,0
marc_trestman,2016,unknown_caller_hc_games,32,3.4965075614664802,0.5,0,2,2014,1999,17,0
marty_mornhinweg,2016,unknown_caller_hc_games,32,3.4965075614664802,0.5,0,2,2002,1999,17,0
marty_schottenheimer,2016,unknown_caller_hc_games,96,4.574710978503383,0.75,0,6,2006,1999,17,0
marvin_lewis,2016,unknown_caller_hc_games,192,5.262690188904886,0.8571428571428571,0,12,2015,1999,17,0
mel_tucker,2016,unknown_caller_hc_games,5,1.791759469228055,0.13513513513513514,0,1,2011,1999,17,0
mike_ditka,2016,unknown_caller_hc_games,16,2.833213344056216,0.3333333333333333,0,1,1999,1999,17,0
mike_holmgren,2016,unknown_caller_hc_games,160,5.081404364984463,0.8333333333333334,0,10,2008,1999,17,0
mike_martz,2016,unknown_caller_hc_games,85,4.454347296253507,0.7264957264957265,0,6,2005,1999,17,0
mike_mccarthy,2016,unknown_caller_hc_games,128,4.859812404361672,0.8,0,8,2013,1999,17,0
mike_mccoy,2016,unknown_caller_hc_games,16,2.833213344056216,0.3333333333333333,0,1,2013,1999,17,0
mike_mularkey,2016,unknown_caller_hc_games,48,3.8918202981106265,0.6,0,3,2012,1999,17,0
mike_munchak,2016,unknown_caller_hc_games,48,3.8918202981106265,0.6,0,3,2013,1999,17,0
mike_nolan,2016,unknown_caller_hc_games,55,4.02535169073515,0.632183908045977,0,4,2008,1999,17,0
mike_pettine,2016,unknown_caller_hc_games,16,2.833213344056216,0.3333333333333333,0,1,2015,1999,17,0
mike_riley,2016,unknown_caller_hc_games,48,3.8918202981106265,0.6,0,3,2001,1999,17,0
mike_shanahan,2016,unknown_caller_hc_games,224,5.41610040220442,0.875,0,14,2013,1999,17,0
mike_sherman,2016,unknown_caller_hc_games,96,4.574710978503383,0.75,0,6,2005,1999,17,0
mike_singletary,2016,unknown_caller_hc_games,40,3.713572066704308,0.5555555555555556,0,3,2010,1999,17,0
mike_smith,2016,unknown_caller_hc_games,96,4.574710978503383,0.75,0,6,2013,1999,17,0
mike_tice,2016,unknown_caller_hc_games,65,4.189654742026425,0.6701030927835051,0,5,2005,1999,17,0
mike_tomlin,2016,unknown_caller_hc_games,112,4.727387818712341,0.7777777777777778,0,7,2013,1999,17,0
nick_saban,2016,unknown_caller_hc_games,32,3.4965075614664802,0.5,0,2,2006,1999,17,0
norv_turner,2016,unknown_caller_hc_games,147,4.997212273764115,0.8212290502793296,0,10,2012,1999,17,0
pat_shurmur,2016,unknown_caller_hc_games,32,3.4965075614664802,0.5,0,2,2012,1999,17,0
perry_fewell,2016,unknown_caller_hc_games,7,2.0794415416798357,0.1794871794871795,0,1,2009,1999,17,0
pete_carroll,2016,unknown_caller_hc_games,80,4.394449154672439,0.7142857142857143,0,5,2013,1999,17,0
raheem_morris,2016,unknown_caller_hc_games,48,3.8918202981106265,0.6,0,3,2011,1999,17,0
ray_rhodes,2016,unknown_caller_hc_games,16,2.833213344056216,0.3333333333333333,0,1,1999,1999,17,0
rex_ryan,2016,unknown_caller_hc_games,80,4.394449154672439,0.7142857142857143,0,5,2013,1999,17,0
rob_chudzinski,2016,unknown_caller_hc_games,16,2.833213344056216,0.3333333333333333,0,1,2013,1999,17,0
rod_marinelli,2016,unknown_caller_hc_games,48,3.8918202981106265,0.6,0,3,2008,1999,17,0
romeo_crennel,2016,unknown_caller_hc_games,83,4.430816798843313,0.7217391304347827,0,6,2012,1999,17,0
ron_rivera,2016,unknown_caller_hc_games,48,3.8918202981106265,0.6,0,3,2013,1999,17,0
scott_linehan,2016,unknown_caller_hc_games,36,3.6109179126442243,0.5294117647058824,0,3,2008,1999,17,0
sean_payton,2016,unknown_caller_hc_games,112,4.727387818712341,0.7777777777777778,0,7,2013,1999,17,0
steve_mariucci,2016,unknown_caller_hc_games,107,4.68213122712422,0.7697841726618705,0,7,2005,1999,17,0
steve_spagnuolo,2016,unknown_caller_hc_games,48,3.8918202981106265,0.6,0,3,2011,1999,17,0
steve_spurrier,2016,unknown_caller_hc_games,32,3.4965075614664802,0.5,0,2,2003,1999,17,0
terry_robiskie,2016,unknown_caller_hc_games,18,2.9444389791664403,0.36,0,2,2004,1999,17,0
todd_bowles,2016,unknown_caller_hc_games,3,1.3862943611198906,0.08571428571428572,0,1,2011,1999,17,0
todd_haley,2016,unknown_caller_hc_games,45,3.828641396489095,0.5844155844155844,0,3,2011,1999,17,0
tom_cable,2016,unknown_caller_hc_games,44,3.8066624897703196,0.5789473684210527,0,3,2010,1999,17,0
tom_coughlin,2016,unknown_caller_hc_games,224,5.41610040220442,0.875,0,14,2013,1999,17,0
tony_dungy,2016,unknown_caller_hc_games,160,5.081404364984463,0.8333333333333334,0,10,2008,1999,17,0
tony_sparano,2016,unknown_caller_hc_games,73,4.30406509320417,0.6952380952380952,0,5,2014,1999,17,0
vince_tobin,2016,unknown_caller_hc_games,25,3.258096538021482,0.43859649122807015,0,2,2000,1999,17,0
wade_phillips,2016,unknown_caller_hc_games,94,4.553876891600541,0.746031746031746,0,8,2013,1999,17,0
adam_gase,2017,caller,48,3.8918202981106265,0.6,0,3,2016,2014,3,0
andy_reid,2017,caller,48,3.8918202981106265,0.6,0,3,2016,2014,3,1
anthony_lynn,2017,caller,14,2.70805020110221,0.30434782608695654,0,1,2016,2014,3,0
ben_mcadoo,2017,caller,48,3.8918202981106265,0.6,0,3,2016,2014,3,0
bill_lazor,2017,caller,27,3.332204510175204,0.4576271186440678,0,2,2015,2014,3,0
bill_musgrave,2017,caller,32,3.4965075614664802,0.5,0,2,2016,2014,3,0
bill_obrien,2017,caller,29,3.4011973816621555,0.47540983606557374,0,2,2016,2014,3,0
brian_schottenheimer,2017,caller,16,2.833213344056216,0.3333333333333333,0,1,2014,2014,3,0
bruce_arians,2017,caller,32,3.4965075614664802,0.5,0,2,2016,2014,3,1
chan_gailey,2017,caller,32,3.4965075614664802,0.5,0,2,2016,2014,3,1
chip_kelly,2017,caller,48,3.8918202981106265,0.6,0,3,2016,2014,3,1
darrell_bevell,2017,caller,48,3.8918202981106265,0.6,0,3,2016,2014,3,0
dirk_koetter,2017,caller,48,3.8918202981106265,0.6,0,3,2016,2014,3,0
doug_pederson,2017,caller,16,2.833213344056216,0.3333333333333333,0,1,2016,2014,3,0
frank_cignetti,2017,caller,12,2.5649493574615367,0.2727272727272727,0,1,2015,2014,3,0
frank_reich,2017,caller,32,3.4965075614664802,0.5,0,2,2015,2014,3,0
gary_kubiak,2017,caller,32,3.4965075614664802,0.5,0,2,2015,2014,3,1
geep_chryst,2017,caller,16,2.833213344056216,0.3333333333333333,0,1,2015,2014,3,0
george_godsey,2017,caller,19,2.995732273553991,0.37254901960784315,0,2,2016,2014,3,0
greg_olson,2017,caller,23,3.1780538303479458,0.41818181818181815,0,2,2016,2014,3,0
greg_roman,2017,caller,18,2.9444389791664403,0.36,0,2,2016,2014,3,0
hue_jackson,2017,caller,32,3.4965075614664802,0.5,0,2,2016,2014,3,1
jason_michael,2017,caller,9,2.302585092994046,0.21951219512195122,0,1,2015,2014,3,0
jay_gruden,2017,caller,16,2.833213344056216,0.3333333333333333,0,1,2014,2014,3,0
jim_bob_cooter,2017,caller,25,3.258096538021482,0.43859649122807015,0,2,2016,2014,3,0
joe_lombardi,2017,caller,23,3.1780538303479458,0.41818181818181815,0,2,2015,2014,3,0
josh_mcdaniels,2017,caller,48,3.8918202981106265,0.6,0,3,2016,2014,3,1
ken_whisenhunt,2017,caller,23,3.1780538303479458,0.41818181818181815,0,2,2015,2014,3,1
kyle_shanahan,2017,caller,48,3.8918202981106265,0.6,0,3,2016,2014,3,0
marc_trestman,2017,caller,21,3.091042453358316,0.39622641509433965,0,2,2016,2014,3,1
marcus_arroyo,2017,caller,16,2.833213344056216,0.3333333333333333,0,1,2014,2014,3,0
marty_mornhinweg,2017,caller,27,3.332204510175204,0.4576271186440678,0,2,2016,2014,3,1
mike_mccarthy,2017,caller,35,3.58351893845611,0.5223880597014925,0,3,2016,2014,3,1
mike_shula,2017,caller,48,3.8918202981106265,0.6,0,3,2016,2014,3,0
nathaniel_hackett,2017,caller,25,3.258096538021482,0.43859649122807015,0,2,2016,2014,3,0
norv_turner,2017,caller,39,3.6888794541139363,0.5492957746478874,0,3,2016,2014,3,1
pat_shurmur,2017,caller,9,2.302585092994046,0.21951219512195122,0,1,2016,2014,3,1
pep_hamilton,2017,caller,24,3.2188758248682006,0.42857142857142855,0,2,2015,2014,3,0
rob_boras,2017,caller,20,3.044522437723423,0.38461538461538464,0,2,2016,2014,3,0
rob_chudzinski,2017,caller,24,3.2188758248682006,0.42857142857142855,0,2,2016,2014,3,1
scott_linehan,2017,caller,48,3.8918202981106265,0.6,0,3,2016,2014,3,1
sean_mcvay,2017,caller,32,3.4965075614664802,0.5,0,2,2016,2014,3,0
sean_payton,2017,caller,32,3.4965075614664802,0.5,0,2,2015,2014,3,1
terry_robiskie,2017,caller,16,2.833213344056216,0.3333333333333333,0,1,2016,2014,3,1
todd_haley,2017,caller,48,3.8918202981106265,0.6,0,3,2016,2014,3,1
tom_clements,2017,caller,13,2.6390573296152584,0.28888888888888886,0,1,2015,2014,3,0
zac_taylor,2017,caller,5,1.791759469228055,0.13513513513513514,0,1,2015,2014,3,0
aaron_kromer,2017,hc_resume,6,1.9459101490553132,0.15789473684210525,0,1,2012,1999,18,0
adam_gase,2017,hc_resume,16,2.833213344056216,0.3333333333333333,0,1,2016,1999,18,0
al_groh,2017,hc_resume,16,2.833213344056216,0.3333333333333333,0,1,2000,1999,18,0
andy_reid,2017,hc_resume,288,5.666426688112432,0.9,0,18,2016,1999,18,0
anthony_lynn,2017,hc_resume,1,0.6931471805599453,0.030303030303030304,0,1,2016,1999,18,0
art_shell,2017,hc_resume,16,2.833213344056216,0.3333333333333333,0,1,2006,1999,18,0
ben_mcadoo,2017,hc_resume,16,2.833213344056216,0.3333333333333333,0,1,2016,1999,18,0
bill_belichick,2017,hc_resume,272,5.60947179518496,0.8947368421052632,0,17,2016,1999,18,0
bill_callahan,2017,hc_resume,32,3.4965075614664802,0.5,0,2,2003,1999,18,0
bill_cowher,2017,hc_resume,128,4.859812404361672,0.8,0,8,2006,1999,18,0
bill_obrien,2017,hc_resume,48,3.8918202981106265,0.6,0,3,2016,1999,18,0
bill_parcells,2017,hc_resume,80,4.394449154672439,0.7142857142857143,0,5,2006,1999,18,0
bobby_petrino,2017,hc_resume,12,2.5649493574615367,0.2727272727272727,0,1,2007,1999,18,0
bobby_ross,2017,hc_resume,23,3.1780538303479458,0.41818181818181815,0,2,2000,1999,18,0
brad_childress,2017,hc_resume,74,4.31748811353631,0.6981132075471698,0,5,2010,1999,18,0
brian_billick,2017,hc_resume,144,4.976733742420574,0.8181818181818182,0,9,2007,1999,18,0
bruce_arians,2017,hc_resume,64,4.174387269895637,0.6666666666666666,0,4,2016,1999,18,0
bruce_coslet,2017,hc_resume,19,2.995732273553991,0.37254901960784315,0,2,2000,1999,18,0
butch_davis,2017,hc_resume,59,4.0943445622221,0.6483516483516484,0,4,2004,1999,18,0
cam_cameron,2017,hc_resume,16,2.833213344056216,0.3333333333333333,0,1,2007,1999,18,0
chan_gailey,2017,hc_resume,64,4.174387269895637,0.6666666666666666,0,4,2012,1999,18,0
chip_kelly,2017,hc_resume,63,4.1588830833596715,0.6631578947368421,0,4,2016,1999,18,0
chris_palmer,2017,hc_resume,32,3.4965075614664802,0.5,0,2,2000,1999,18,0
chuck_pagano,2017,hc_resume,80,4.394449154672439,0.7142857142857143,0,5,2016,1999,18,0
dan_quinn,2017,hc_resume,32,3.4965075614664802,0.5,0,2,2016,1999,18,0
dan_reeves,2017,hc_resume,77,4.356708826689592,0.7064220183486238,0,5,2003,1999,18,0
dave_campo,2017,hc_resume,48,3.8918202981106265,0.6,0,3,2002,1999,18,0
dave_mcginnis,2017,hc_resume,55,4.02535169073515,0.632183908045977,0,4,2003,1999,18,0
dave_wannstedt,2017,hc_resume,73,4.30406509320417,0.6952380952380952,0,5,2004,1999,18,0
dennis_allen,2017,hc_resume,36,3.6109179126442243,0.5294117647058824,0,3,2014,1999,18,0
dennis_erickson,2017,hc_resume,32,3.4965075614664802,0.5,0,2,2004,1999,18,0
dennis_green,2017,hc_resume,95,4.564348191467836,0.7480314960629921,0,6,2006,1999,18,0
dick_jauron,2017,hc_resume,142,4.962844630259907,0.8160919540229885,0,10,2009,1999,18,0
dick_lebeau,2017,hc_resume,45,3.828641396489095,0.5844155844155844,0,3,2002,1999,18,0
dick_vermeil,2017,hc_resume,96,4.574710978503383,0.75,0,6,2005,1999,18,0
dirk_koetter,2017,hc_resume,16,2.833213344056216,0.3333333333333333,0,1,2016,1999,18,0
dom_capers,2017,hc_resume,64,4.174387269895637,0.6666666666666666,0,4,2005,1999,18,0
doug_marrone,2017,hc_resume,34,3.5553480614894135,0.5151515151515151,0,3,2016,1999,18,0
doug_pederson,2017,hc_resume,16,2.833213344056216,0.3333333333333333,0,1,2016,1999,18,0
emmitt_thomas,2017,hc_resume,4,1.6094379124341003,0.1111111111111111,0,1,2007,1999,18,0
eric_mangini,2017,hc_resume,80,4.394449154672439,0.7142857142857143,0,5,2010,1999,18,0
eric_studesville,2017,hc_resume,4,1.6094379124341003,0.1111111111111111,0,1,2010,1999,18,0
gary_kubiak,2017,hc_resume,157,5.062595033026967,0.8306878306878307,0,10,2016,1999,18,0
gary_moeller,2017,hc_resume,9,2.302585092994046,0.21951219512195122,0,1,2000,1999,18,0
george_seifert,2017,hc_resume,48,3.8918202981106265,0.6,0,3,2001,1999,18,0
greg_schiano,2017,hc_resume,32,3.4965075614664802,0.5,0,2,2013,1999,18,0
gregg_williams,2017,hc_resume,48,3.8918202981106265,0.6,0,3,2003,1999,18,0
gunther_cunningham,2017,hc_resume,32,3.4965075614664802,0.5,0,2,2000,1999,18,0
gus_bradley,2017,hc_resume,62,4.143134726391533,0.6595744680851063,0,4,2016,1999,18,0
herm_edwards,2017,hc_resume,128,4.859812404361672,0.8,0,8,2008,1999,18,0
hue_jackson,2017,hc_resume,32,3.4965075614664802,0.5,0,2,2016,1999,18,0
jack_del_rio,2017,hc_resume,171,5.147494476813453,0.8423645320197044,0,11,2016,1999,18,0
jason_garrett,2017,hc_resume,104,4.653960350157523,0.7647058823529411,0,7,2016,1999,18,0
jay_gruden,2017,hc_resume,48,3.8918202981106265,0.6,0,3,2016,1999,18,0
jeff_fisher,2017,hc_resume,272,5.60947179518496,0.8947368421052632,0,17,2016,1999,18,0
jim_bates,2017,hc_resume,7,2.0794415416798357,0.1794871794871795,0,1,2004,1999,18,0
jim_caldwell,2017,hc_resume,96,4.574710978503383,0.75,0,6,2016,1999,18,0
jim_fassel,2017,hc_resume,80,4.394449154672439,0.7142857142857143,0,5,2003,1999,18,0
jim_harbaugh,2017,hc_resume,64,4.174387269895637,0.6666666666666666,0,4,2014,1999,18,0
jim_haslett,2017,hc_resume,108,4.6913478822291435,0.7714285714285715,0,7,2008,1999,18,0
jim_mora,2017,hc_resume,112,4.727387818712341,0.7777777777777778,0,7,2009,1999,18,0
jim_schwartz,2017,hc_resume,80,4.394449154672439,0.7142857142857143,0,5,2013,1999,18,0
jim_tomsula,2017,hc_resume,17,2.8903717578961645,0.3469387755102041,0,2,2015,1999,18,0
jim_zorn,2017,hc_resume,32,3.4965075614664802,0.5,0,2,2009,1999,18,0
jimmy_johnson,2017,hc_resume,16,2.833213344056216,0.3333333333333333,0,1,1999,1999,18,0
joe_gibbs,2017,hc_resume,64,4.174387269895637,0.6666666666666666,0,4,2007,1999,18,0
joe_philbin,2017,hc_resume,64,4.174387269895637,0.6666666666666666,0,4,2015,1999,18,0
joe_vitt,2017,hc_resume,21,3.091042453358316,0.39622641509433965,0,2,2012,1999,18,0
john_fox,2017,hc_resume,240,5.484796933490655,0.8823529411764706,0,15,2016,1999,18,0
john_harbaugh,2017,hc_resume,144,4.976733742420574,0.8181818181818182,0,9,2016,1999,18,0
jon_gruden,2017,hc_resume,160,5.081404364984463,0.8333333333333334,0,10,2008,1999,18,0
josh_mcdaniels,2017,hc_resume,28,3.367295829986474,0.4666666666666667,0,2,2010,1999,18,0
ken_whisenhunt,2017,hc_resume,128,4.859812404361672,0.8,0,8,2015,1999,18,0
lane_kiffin,2017,hc_resume,20,3.044522437723423,0.38461538461538464,0,2,2008,1999,18,0
leslie_frazier,2017,hc_resume,54,4.007333185232471,0.627906976744186,0,4,2013,1999,18,0
lovie_smith,2017,hc_resume,176,5.176149732573829,0.8461538461538461,0,11,2015,1999,18,0
marc_trestman,2017,hc_resume,32,3.4965075614664802,0.5,0,2,2014,1999,18,0
marty_mornhinweg,2017,hc_resume,32,3.4965075614664802,0.5,0,2,2002,1999,18,0
marty_schottenheimer,2017,hc_resume,96,4.574710978503383,0.75,0,6,2006,1999,18,0
marvin_lewis,2017,hc_resume,224,5.41610040220442,0.875,0,14,2016,1999,18,0
mel_tucker,2017,hc_resume,5,1.791759469228055,0.13513513513513514,0,1,2011,1999,18,0
mike_ditka,2017,hc_resume,16,2.833213344056216,0.3333333333333333,0,1,1999,1999,18,0
mike_holmgren,2017,hc_resume,160,5.081404364984463,0.8333333333333334,0,10,2008,1999,18,0
mike_martz,2017,hc_resume,85,4.454347296253507,0.7264957264957265,0,6,2005,1999,18,0
mike_mccarthy,2017,hc_resume,176,5.176149732573829,0.8461538461538461,0,11,2016,1999,18,0
mike_mccoy,2017,hc_resume,64,4.174387269895637,0.6666666666666666,0,4,2016,1999,18,0
mike_mularkey,2017,hc_resume,64,4.174387269895637,0.6666666666666666,0,4,2016,1999,18,0
mike_munchak,2017,hc_resume,48,3.8918202981106265,0.6,0,3,2013,1999,18,0
mike_nolan,2017,hc_resume,55,4.02535169073515,0.632183908045977,0,4,2008,1999,18,0
mike_pettine,2017,hc_resume,32,3.4965075614664802,0.5,0,2,2015,1999,18,0
mike_riley,2017,hc_resume,48,3.8918202981106265,0.6,0,3,2001,1999,18,0
mike_shanahan,2017,hc_resume,224,5.41610040220442,0.875,0,14,2013,1999,18,0
mike_sherman,2017,hc_resume,96,4.574710978503383,0.75,0,6,2005,1999,18,0
mike_singletary,2017,hc_resume,40,3.713572066704308,0.5555555555555556,0,3,2010,1999,18,0
mike_smith,2017,hc_resume,112,4.727387818712341,0.7777777777777778,0,7,2014,1999,18,0
mike_tice,2017,hc_resume,65,4.189654742026425,0.6701030927835051,0,5,2005,1999,18,0
mike_tomlin,2017,hc_resume,160,5.081404364984463,0.8333333333333334,0,10,2016,1999,18,0
mike_zimmer,2017,hc_resume,48,3.8918202981106265,0.6,0,3,2016,1999,18,0
nick_saban,2017,hc_resume,32,3.4965075614664802,0.5,0,2,2006,1999,18,0
norv_turner,2017,hc_resume,147,4.997212273764115,0.8212290502793296,0,10,2012,1999,18,0
pat_shurmur,2017,hc_resume,33,3.5263605246161616,0.5076923076923077,0,3,2015,1999,18,0
perry_fewell,2017,hc_resume,7,2.0794415416798357,0.1794871794871795,0,1,2009,1999,18,0
pete_carroll,2017,hc_resume,128,4.859812404361672,0.8,0,8,2016,1999,18,0
raheem_morris,2017,hc_resume,48,3.8918202981106265,0.6,0,3,2011,1999,18,0
ray_rhodes,2017,hc_resume,16,2.833213344056216,0.3333333333333333,0,1,1999,1999,18,0
rex_ryan,2017,hc_resume,127,4.852030263919617,0.7987421383647799,0,8,2016,1999,18,0
rob_chudzinski,2017,hc_resume,16,2.833213344056216,0.3333333333333333,0,1,2013,1999,18,0
rod_marinelli,2017,hc_resume,48,3.8918202981106265,0.6,0,3,2008,1999,18,0
romeo_crennel,2017,hc_resume,83,4.430816798843313,0.7217391304347827,0,6,2012,1999,18,0
ron_rivera,2017,hc_resume,96,4.574710978503383,0.75,0,6,2016,1999,18,0
scott_linehan,2017,hc_resume,36,3.6109179126442243,0.5294117647058824,0,3,2008,1999,18,0
sean_payton,2017,hc_resume,160,5.081404364984463,0.8333333333333334,0,10,2016,1999,18,0
steve_mariucci,2017,hc_resume,107,4.68213122712422,0.7697841726618705,0,7,2005,1999,18,0
steve_spagnuolo,2017,hc_resume,48,3.8918202981106265,0.6,0,3,2011,1999,18,0
steve_spurrier,2017,hc_resume,32,3.4965075614664802,0.5,0,2,2003,1999,18,0
terry_robiskie,2017,hc_resume,18,2.9444389791664403,0.36,0,2,2004,1999,18,0
todd_bowles,2017,hc_resume,35,3.58351893845611,0.5223880597014925,0,3,2016,1999,18,0
todd_haley,2017,hc_resume,45,3.828641396489095,0.5844155844155844,0,3,2011,1999,18,0
tom_cable,2017,hc_resume,44,3.8066624897703196,0.5789473684210527,0,3,2010,1999,18,0
tom_coughlin,2017,hc_resume,256,5.54907608489522,0.8888888888888888,0,16,2015,1999,18,0
tony_dungy,2017,hc_resume,160,5.081404364984463,0.8333333333333334,0,10,2008,1999,18,0
tony_sparano,2017,hc_resume,73,4.30406509320417,0.6952380952380952,0,5,2014,1999,18,0
vince_tobin,2017,hc_resume,25,3.258096538021482,0.43859649122807015,0,2,2000,1999,18,0
wade_phillips,2017,hc_resume,94,4.553876891600541,0.746031746031746,0,8,2013,1999,18,0
bill_belichick,2017,noncalling_hc_context,48,3.8918202981106265,0.6,0,3,2016,2014,3,1
bill_obrien,2017,noncalling_hc_context,19,2.995732273553991,0.37254901960784315,0,2,2016,2014,3,0
chuck_pagano,2017,noncalling_hc_context,48,3.8918202981106265,0.6,0,3,2016,2014,3,1
dan_quinn,2017,noncalling_hc_context,32,3.4965075614664802,0.5,0,2,2016,2014,3,0
doug_marrone,2017,noncalling_hc_context,18,2.9444389791664403,0.36,0,2,2016,2014,3,1
gus_bradley,2017,noncalling_hc_context,30,3.4339872044851463,0.4838709677419355,0,2,2016,2014,3,1
jack_del_rio,2017,noncalling_hc_context,32,3.4965075614664802,0.5,0,2,2016,2014,3,1
jason_garrett,2017,noncalling_hc_context,48,3.8918202981106265,0.6,0,3,2016,2014,3,1
jay_gruden,2017,noncalling_hc_context,32,3.4965075614664802,0.5,0,2,2016,2014,3,0
jeff_fisher,2017,noncalling_hc_context,48,3.8918202981106265,0.6,0,3,2016,2014,3,1
jim_caldwell,2017,noncalling_hc_context,48,3.8918202981106265,0.6,0,3,2016,2014,3,1
jim_tomsula,2017,noncalling_hc_context,16,2.833213344056216,0.3333333333333333,0,1,2015,2014,3,1
joe_philbin,2017,noncalling_hc_context,32,3.4965075614664802,0.5,0,2,2015,2014,3,1
john_fox,2017,noncalling_hc_context,32,3.4965075614664802,0.5,0,2,2015,2014,3,1
john_harbaugh,2017,noncalling_hc_context,48,3.8918202981106265,0.6,0,3,2016,2014,3,1
ken_whisenhunt,2017,noncalling_hc_context,9,2.302585092994046,0.21951219512195122,0,1,2015,2014,3,1
lovie_smith,2017,noncalling_hc_context,32,3.4965075614664802,0.5,0,2,2015,2014,3,1
marvin_lewis,2017,noncalling_hc_context,16,2.833213344056216,0.3333333333333333,0,1,2014,2014,3,1
mike_mccarthy,2017,noncalling_hc_context,13,2.6390573296152584,0.28888888888888886,0,1,2015,2014,3,1
mike_mccoy,2017,noncalling_hc_context,32,3.4965075614664802,0.5,0,2,2015,2014,3,1
mike_mularkey,2017,noncalling_hc_context,16,2.833213344056216,0.3333333333333333,0,1,2016,2014,3,1
mike_pettine,2017,noncalling_hc_context,16,2.833213344056216,0.3333333333333333,0,1,2014,2014,3,0
mike_smith,2017,noncalling_hc_context,16,2.833213344056216,0.3333333333333333,0,1,2014,2014,3,1
mike_tomlin,2017,noncalling_hc_context,48,3.8918202981106265,0.6,0,3,2016,2014,3,1
mike_zimmer,2017,noncalling_hc_context,48,3.8918202981106265,0.6,0,3,2016,2014,3,0
pat_shurmur,2017,noncalling_hc_context,1,0.6931471805599453,0.030303030303030304,0,1,2015,2014,3,1
pete_carroll,2017,noncalling_hc_context,48,3.8918202981106265,0.6,0,3,2016,2014,3,1
rex_ryan,2017,noncalling_hc_context,47,3.871201010907891,0.5949367088607594,0,3,2016,2014,3,1
ron_rivera,2017,noncalling_hc_context,48,3.8918202981106265,0.6,0,3,2016,2014,3,1
todd_bowles,2017,noncalling_hc_context,32,3.4965075614664802,0.5,0,2,2016,2014,3,1
tom_coughlin,2017,noncalling_hc_context,32,3.4965075614664802,0.5,0,2,2015,2014,3,1
aaron_kromer,2017,unknown_caller_hc_games,6,1.9459101490553132,0.15789473684210525,0,1,2012,1999,18,0
al_groh,2017,unknown_caller_hc_games,16,2.833213344056216,0.3333333333333333,0,1,2000,1999,18,0
andy_reid,2017,unknown_caller_hc_games,240,5.484796933490655,0.8823529411764706,0,15,2013,1999,18,0
art_shell,2017,unknown_caller_hc_games,16,2.833213344056216,0.3333333333333333,0,1,2006,1999,18,0
bill_belichick,2017,unknown_caller_hc_games,224,5.41610040220442,0.875,0,14,2013,1999,18,0
bill_callahan,2017,unknown_caller_hc_games,32,3.4965075614664802,0.5,0,2,2003,1999,18,0
bill_cowher,2017,unknown_caller_hc_games,128,4.859812404361672,0.8,0,8,2006,1999,18,0
bill_parcells,2017,unknown_caller_hc_games,80,4.394449154672439,0.7142857142857143,0,5,2006,1999,18,0
bobby_petrino,2017,unknown_caller_hc_games,12,2.5649493574615367,0.2727272727272727,0,1,2007,1999,18,0
bobby_ross,2017,unknown_caller_hc_games,23,3.1780538303479458,0.41818181818181815,0,2,2000,1999,18,0
brad_childress,2017,unknown_caller_hc_games,74,4.31748811353631,0.6981132075471698,0,5,2010,1999,18,0
brian_billick,2017,unknown_caller_hc_games,144,4.976733742420574,0.8181818181818182,0,9,2007,1999,18,0
bruce_arians,2017,unknown_caller_hc_games,32,3.4965075614664802,0.5,0,2,2014,1999,18,0
bruce_coslet,2017,unknown_caller_hc_games,19,2.995732273553991,0.37254901960784315,0,2,2000,1999,18,0
butch_davis,2017,unknown_caller_hc_games,59,4.0943445622221,0.6483516483516484,0,4,2004,1999,18,0
cam_cameron,2017,unknown_caller_hc_games,16,2.833213344056216,0.3333333333333333,0,1,2007,1999,18,0
chan_gailey,2017,unknown_caller_hc_games,64,4.174387269895637,0.6666666666666666,0,4,2012,1999,18,0
chip_kelly,2017,unknown_caller_hc_games,16,2.833213344056216,0.3333333333333333,0,1,2013,1999,18,0
chris_palmer,2017,unknown_caller_hc_games,32,3.4965075614664802,0.5,0,2,2000,1999,18,0
chuck_pagano,2017,unknown_caller_hc_games,32,3.4965075614664802,0.5,0,2,2013,1999,18,0
dan_reeves,2017,unknown_caller_hc_games,77,4.356708826689592,0.7064220183486238,0,5,2003,1999,18,0
dave_campo,2017,unknown_caller_hc_games,48,3.8918202981106265,0.6,0,3,2002,1999,18,0
dave_mcginnis,2017,unknown_caller_hc_games,55,4.02535169073515,0.632183908045977,0,4,2003,1999,18,0
dave_wannstedt,2017,unknown_caller_hc_games,73,4.30406509320417,0.6952380952380952,0,5,2004,1999,18,0
dennis_allen,2017,unknown_caller_hc_games,36,3.6109179126442243,0.5294117647058824,0,3,2014,1999,18,0
dennis_erickson,2017,unknown_caller_hc_games,32,3.4965075614664802,0.5,0,2,2004,1999,18,0
dennis_green,2017,unknown_caller_hc_games,95,4.564348191467836,0.7480314960629921,0,6,2006,1999,18,0
dick_jauron,2017,unknown_caller_hc_games,142,4.962844630259907,0.8160919540229885,0,10,2009,1999,18,0
dick_lebeau,2017,unknown_caller_hc_games,45,3.828641396489095,0.5844155844155844,0,3,2002,1999,18,0
dick_vermeil,2017,unknown_caller_hc_games,96,4.574710978503383,0.75,0,6,2005,1999,18,0
dom_capers,2017,unknown_caller_hc_games,64,4.174387269895637,0.6666666666666666,0,4,2005,1999,18,0
doug_marrone,2017,unknown_caller_hc_games,16,2.833213344056216,0.3333333333333333,0,1,2013,1999,18,0
emmitt_thomas,2017,unknown_caller_hc_games,4,1.6094379124341003,0.1111111111111111,0,1,2007,1999,18,0
eric_mangini,2017,unknown_caller_hc_games,80,4.394449154672439,0.7142857142857143,0,5,2010,1999,18,0
eric_studesville,2017,unknown_caller_hc_games,4,1.6094379124341003,0.1111111111111111,0,1,2010,1999,18,0
gary_kubiak,2017,unknown_caller_hc_games,141,4.955827057601261,0.815028901734104,0,9,2016,1999,18,0
gary_moeller,2017,unknown_caller_hc_games,9,2.302585092994046,0.21951219512195122,0,1,2000,1999,18,0
george_seifert,2017,unknown_caller_hc_games,48,3.8918202981106265,0.6,0,3,2001,1999,18,0
greg_schiano,2017,unknown_caller_hc_games,32,3.4965075614664802,0.5,0,2,2013,1999,18,0
gregg_williams,2017,unknown_caller_hc_games,48,3.8918202981106265,0.6,0,3,2003,1999,18,0
gunther_cunningham,2017,unknown_caller_hc_games,32,3.4965075614664802,0.5,0,2,2000,1999,18,0
gus_bradley,2017,unknown_caller_hc_games,32,3.4965075614664802,0.5,0,2,2014,1999,18,0
herm_edwards,2017,unknown_caller_hc_games,128,4.859812404361672,0.8,0,8,2008,1999,18,0
hue_jackson,2017,unknown_caller_hc_games,16,2.833213344056216,0.3333333333333333,0,1,2011,1999,18,0
jack_del_rio,2017,unknown_caller_hc_games,139,4.941642422609304,0.8128654970760234,0,9,2011,1999,18,0
jason_garrett,2017,unknown_caller_hc_games,56,4.04305126783455,0.6363636363636364,0,4,2013,1999,18,0
jeff_fisher,2017,unknown_caller_hc_games,224,5.41610040220442,0.875,0,14,2013,1999,18,0
jim_bates,2017,unknown_caller_hc_games,7,2.0794415416798357,0.1794871794871795,0,1,2004,1999,18,0
jim_caldwell,2017,unknown_caller_hc_games,48,3.8918202981106265,0.6,0,3,2011,1999,18,0
jim_fassel,2017,unknown_caller_hc_games,80,4.394449154672439,0.7142857142857143,0,5,2003,1999,18,0
jim_harbaugh,2017,unknown_caller_hc_games,64,4.174387269895637,0.6666666666666666,0,4,2014,1999,18,0
jim_haslett,2017,unknown_caller_hc_games,108,4.6913478822291435,0.7714285714285715,0,7,2008,1999,18,0
jim_mora,2017,unknown_caller_hc_games,112,4.727387818712341,0.7777777777777778,0,7,2009,1999,18,0
jim_schwartz,2017,unknown_caller_hc_games,80,4.394449154672439,0.7142857142857143,0,5,2013,1999,18,0
jim_tomsula,2017,unknown_caller_hc_games,1,0.6931471805599453,0.030303030303030304,0,1,2010,1999,18,0
jim_zorn,2017,unknown_caller_hc_games,32,3.4965075614664802,0.5,0,2,2009,1999,18,0
jimmy_johnson,2017,unknown_caller_hc_games,16,2.833213344056216,0.3333333333333333,0,1,1999,1999,18,0
joe_gibbs,2017,unknown_caller_hc_games,64,4.174387269895637,0.6666666666666666,0,4,2007,1999,18,0
joe_philbin,2017,unknown_caller_hc_games,32,3.4965075614664802,0.5,0,2,2013,1999,18,0
joe_vitt,2017,unknown_caller_hc_games,21,3.091042453358316,0.39622641509433965,0,2,2012,1999,18,0
john_fox,2017,unknown_caller_hc_games,208,5.342334251964811,0.8666666666666667,0,13,2016,1999,18,0
john_harbaugh,2017,unknown_caller_hc_games,96,4.574710978503383,0.75,0,6,2013,1999,18,0
jon_gruden,2017,unknown_caller_hc_games,160,5.081404364984463,0.8333333333333334,0,10,2008,1999,18,0
josh_mcdaniels,2017,unknown_caller_hc_games,28,3.367295829986474,0.4666666666666667,0,2,2010,1999,18,0
ken_whisenhunt,2017,unknown_caller_hc_games,96,4.574710978503383,0.75,0,6,2012,1999,18,0
lane_kiffin,2017,unknown_caller_hc_games,20,3.044522437723423,0.38461538461538464,0,2,2008,1999,18,0
leslie_frazier,2017,unknown_caller_hc_games,54,4.007333185232471,0.627906976744186,0,4,2013,1999,18,0
lovie_smith,2017,unknown_caller_hc_games,144,4.976733742420574,0.8181818181818182,0,9,2012,1999,18,0
marc_trestman,2017,unknown_caller_hc_games,32,3.4965075614664802,0.5,0,2,2014,1999,18,0
marty_mornhinweg,2017,unknown_caller_hc_games,32,3.4965075614664802,0.5,0,2,2002,1999,18,0
marty_schottenheimer,2017,unknown_caller_hc_games,96,4.574710978503383,0.75,0,6,2006,1999,18,0
marvin_lewis,2017,unknown_caller_hc_games,208,5.342334251964811,0.8666666666666667,0,13,2016,1999,18,0
mel_tucker,2017,unknown_caller_hc_games,5,1.791759469228055,0.13513513513513514,0,1,2011,1999,18,0
mike_ditka,2017,unknown_caller_hc_games,16,2.833213344056216,0.3333333333333333,0,1,1999,1999,18,0
mike_holmgren,2017,unknown_caller_hc_games,160,5.081404364984463,0.8333333333333334,0,10,2008,1999,18,0
mike_martz,2017,unknown_caller_hc_games,85,4.454347296253507,0.7264957264957265,0,6,2005,1999,18,0
mike_mccarthy,2017,unknown_caller_hc_games,128,4.859812404361672,0.8,0,8,2013,1999,18,0
mike_mccoy,2017,unknown_caller_hc_games,32,3.4965075614664802,0.5,0,2,2016,1999,18,0
mike_mularkey,2017,unknown_caller_hc_games,48,3.8918202981106265,0.6,0,3,2012,1999,18,0
mike_munchak,2017,unknown_caller_hc_games,48,3.8918202981106265,0.6,0,3,2013,1999,18,0
mike_nolan,2017,unknown_caller_hc_games,55,4.02535169073515,0.632183908045977,0,4,2008,1999,18,0
mike_pettine,2017,unknown_caller_hc_games,16,2.833213344056216,0.3333333333333333,0,1,2015,1999,18,0
mike_riley,2017,unknown_caller_hc_games,48,3.8918202981106265,0.6,0,3,2001,1999,18,0
mike_shanahan,2017,unknown_caller_hc_games,224,5.41610040220442,0.875,0,14,2013,1999,18,0
mike_sherman,2017,unknown_caller_hc_games,96,4.574710978503383,0.75,0,6,2005,1999,18,0
mike_singletary,2017,unknown_caller_hc_games,40,3.713572066704308,0.5555555555555556,0,3,2010,1999,18,0
mike_smith,2017,unknown_caller_hc_games,96,4.574710978503383,0.75,0,6,2013,1999,18,0
mike_tice,2017,unknown_caller_hc_games,65,4.189654742026425,0.6701030927835051,0,5,2005,1999,18,0
mike_tomlin,2017,unknown_caller_hc_games,112,4.727387818712341,0.7777777777777778,0,7,2013,1999,18,0
nick_saban,2017,unknown_caller_hc_games,32,3.4965075614664802,0.5,0,2,2006,1999,18,0
norv_turner,2017,unknown_caller_hc_games,147,4.997212273764115,0.8212290502793296,0,10,2012,1999,18,0
pat_shurmur,2017,unknown_caller_hc_games,32,3.4965075614664802,0.5,0,2,2012,1999,18,0
perry_fewell,2017,unknown_caller_hc_games,7,2.0794415416798357,0.1794871794871795,0,1,2009,1999,18,0
pete_carroll,2017,unknown_caller_hc_games,80,4.394449154672439,0.7142857142857143,0,5,2013,1999,18,0
raheem_morris,2017,unknown_caller_hc_games,48,3.8918202981106265,0.6,0,3,2011,1999,18,0
ray_rhodes,2017,unknown_caller_hc_games,16,2.833213344056216,0.3333333333333333,0,1,1999,1999,18,0
rex_ryan,2017,unknown_caller_hc_games,80,4.394449154672439,0.7142857142857143,0,5,2013,1999,18,0
rob_chudzinski,2017,unknown_caller_hc_games,16,2.833213344056216,0.3333333333333333,0,1,2013,1999,18,0
rod_marinelli,2017,unknown_caller_hc_games,48,3.8918202981106265,0.6,0,3,2008,1999,18,0
romeo_crennel,2017,unknown_caller_hc_games,83,4.430816798843313,0.7217391304347827,0,6,2012,1999,18,0
ron_rivera,2017,unknown_caller_hc_games,48,3.8918202981106265,0.6,0,3,2013,1999,18,0
scott_linehan,2017,unknown_caller_hc_games,36,3.6109179126442243,0.5294117647058824,0,3,2008,1999,18,0
sean_payton,2017,unknown_caller_hc_games,128,4.859812404361672,0.8,0,8,2016,1999,18,0
steve_mariucci,2017,unknown_caller_hc_games,107,4.68213122712422,0.7697841726618705,0,7,2005,1999,18,0
steve_spagnuolo,2017,unknown_caller_hc_games,48,3.8918202981106265,0.6,0,3,2011,1999,18,0
steve_spurrier,2017,unknown_caller_hc_games,32,3.4965075614664802,0.5,0,2,2003,1999,18,0
terry_robiskie,2017,unknown_caller_hc_games,18,2.9444389791664403,0.36,0,2,2004,1999,18,0
todd_bowles,2017,unknown_caller_hc_games,3,1.3862943611198906,0.08571428571428572,0,1,2011,1999,18,0
todd_haley,2017,unknown_caller_hc_games,45,3.828641396489095,0.5844155844155844,0,3,2011,1999,18,0
tom_cable,2017,unknown_caller_hc_games,44,3.8066624897703196,0.5789473684210527,0,3,2010,1999,18,0
tom_coughlin,2017,unknown_caller_hc_games,224,5.41610040220442,0.875,0,14,2013,1999,18,0
tony_dungy,2017,unknown_caller_hc_games,160,5.081404364984463,0.8333333333333334,0,10,2008,1999,18,0
tony_sparano,2017,unknown_caller_hc_games,73,4.30406509320417,0.6952380952380952,0,5,2014,1999,18,0
vince_tobin,2017,unknown_caller_hc_games,25,3.258096538021482,0.43859649122807015,0,2,2000,1999,18,0
wade_phillips,2017,unknown_caller_hc_games,94,4.553876891600541,0.746031746031746,0,8,2013,1999,18,0
adam_gase,2018,caller,64,4.174387269895637,0.6666666666666666,0,4,2017,2014,4,0
andy_reid,2018,caller,59,4.0943445622221,0.6483516483516484,0,4,2017,2014,4,1
anthony_lynn,2018,caller,14,2.70805020110221,0.30434782608695654,0,1,2016,2014,4,0
ben_mcadoo,2018,caller,53,3.9889840465642745,0.6235294117647059,0,4,2017,2014,4,0
bill_lazor,2018,caller,41,3.7376696182833684,0.5616438356164384,0,3,2017,2014,4,0
bill_musgrave,2018,caller,32,3.4965075614664802,0.5,0,2,2016,2014,4,0
bill_obrien,2018,caller,45,3.828641396489095,0.5844155844155844,0,3,2017,2014,4,0
brian_schottenheimer,2018,caller,16,2.833213344056216,0.3333333333333333,0,1,2014,2014,4,0
bruce_arians,2018,caller,48,3.8918202981106265,0.6,0,3,2017,2014,4,1
chan_gailey,2018,caller,32,3.4965075614664802,0.5,0,2,2016,2014,4,1
chip_kelly,2018,caller,48,3.8918202981106265,0.6,0,3,2016,2014,4,1
darrell_bevell,2018,caller,64,4.174387269895637,0.6666666666666666,0,4,2017,2014,4,0
dirk_koetter,2018,caller,64,4.174387269895637,0.6666666666666666,0,4,2017,2014,4,0
doug_pederson,2018,caller,32,3.4965075614664802,0.5,0,2,2017,2014,4,0
dowell_loggains,2018,caller,16,2.833213344056216,0.3333333333333333,0,1,2017,2014,4,0
frank_cignetti,2018,caller,12,2.5649493574615367,0.2727272727272727,0,1,2015,2014,4,0
frank_reich,2018,caller,32,3.4965075614664802,0.5,0,2,2015,2014,4,0
gary_kubiak,2018,caller,32,3.4965075614664802,0.5,0,2,2015,2014,4,1
geep_chryst,2018,caller,16,2.833213344056216,0.3333333333333333,0,1,2015,2014,4,0
george_godsey,2018,caller,19,2.995732273553991,0.37254901960784315,0,2,2016,2014,4,0
greg_olson,2018,caller,23,3.1780538303479458,0.41818181818181815,0,2,2016,2014,4,0
greg_roman,2018,caller,18,2.9444389791664403,0.36,0,2,2016,2014,4,0
hue_jackson,2018,caller,48,3.8918202981106265,0.6,0,3,2017,2014,4,1
jason_michael,2018,caller,9,2.302585092994046,0.21951219512195122,0,1,2015,2014,4,0
jay_gruden,2018,caller,32,3.4965075614664802,0.5,0,2,2017,2014,4,0
jim_bob_cooter,2018,caller,41,3.7376696182833684,0.5616438356164384,0,3,2017,2014,4,0
joe_lombardi,2018,caller,23,3.1780538303479458,0.41818181818181815,0,2,2015,2014,4,0
john_morton,2018,caller,16,2.833213344056216,0.3333333333333333,0,1,2017,2014,4,0
josh_mcdaniels,2018,caller,64,4.174387269895637,0.6666666666666666,0,4,2017,2014,4,1
ken_whisenhunt,2018,caller,39,3.6888794541139363,0.5492957746478874,0,3,2017,2014,4,1
ken_zampese,2018,caller,2,1.0986122886681098,0.058823529411764705,0,1,2017,2014,4,0
kyle_shanahan,2018,caller,64,4.174387269895637,0.6666666666666666,0,4,2017,2014,4,0
marc_trestman,2018,caller,21,3.091042453358316,0.39622641509433965,0,2,2016,2014,4,1
marcus_arroyo,2018,caller,16,2.833213344056216,0.3333333333333333,0,1,2014,2014,4,0
marty_mornhinweg,2018,caller,43,3.784189633918261,0.5733333333333334,0,3,2017,2014,4,1
matt_nagy,2018,caller,5,1.791759469228055,0.13513513513513514,0,1,2017,2014,4,0
mike_mccarthy,2018,caller,51,3.9512437185814275,0.6144578313253012,0,4,2017,2014,4,1
mike_mccoy,2018,caller,16,2.833213344056216,0.3333333333333333,0,1,2017,2014,4,1
mike_shula,2018,caller,64,4.174387269895637,0.6666666666666666,0,4,2017,2014,4,0
mike_sullivan,2018,caller,11,2.4849066497880004,0.2558139534883721,0,1,2017,2014,4,0
nathaniel_hackett,2018,caller,41,3.7376696182833684,0.5616438356164384,0,3,2017,2014,4,0
norv_turner,2018,caller,39,3.6888794541139363,0.5492957746478874,0,3,2016,2014,4,1
pat_shurmur,2018,caller,25,3.258096538021482,0.43859649122807015,0,2,2017,2014,4,1
pep_hamilton,2018,caller,24,3.2188758248682006,0.42857142857142855,0,2,2015,2014,4,0
rick_dennison,2018,caller,16,2.833213344056216,0.3333333333333333,0,1,2017,2014,4,0
rob_boras,2018,caller,20,3.044522437723423,0.38461538461538464,0,2,2016,2014,4,0
rob_chudzinski,2018,caller,40,3.713572066704308,0.5555555555555556,0,3,2017,2014,4,1
scott_linehan,2018,caller,64,4.174387269895637,0.6666666666666666,0,4,2017,2014,4,1
sean_mcvay,2018,caller,48,3.8918202981106265,0.6,0,3,2017,2014,4,0
sean_payton,2018,caller,48,3.8918202981106265,0.6,0,3,2017,2014,4,1
steve_sarkisian,2018,caller,16,2.833213344056216,0.3333333333333333,0,1,2017,2014,4,0
terry_robiskie,2018,caller,32,3.4965075614664802,0.5,0,2,2017,2014,4,1
todd_downing,2018,caller,16,2.833213344056216,0.3333333333333333,0,1,2017,2014,4,0
todd_haley,2018,caller,64,4.174387269895637,0.6666666666666666,0,4,2017,2014,4,1
tom_clements,2018,caller,13,2.6390573296152584,0.28888888888888886,0,1,2015,2014,4,0
zac_taylor,2018,caller,5,1.791759469228055,0.13513513513513514,0,1,2015,2014,4,0
aaron_kromer,2018,hc_resume,6,1.9459101490553132,0.15789473684210525,0,1,2012,1999,19,0
adam_gase,2018,hc_resume,32,3.4965075614664802,0.5,0,2,2017,1999,19,0
al_groh,2018,hc_resume,16,2.833213344056216,0.3333333333333333,0,1,2000,1999,19,0
andy_reid,2018,hc_resume,304,5.720311776607412,0.9047619047619048,0,19,2017,1999,19,0
anthony_lynn,2018,hc_resume,17,2.8903717578961645,0.3469387755102041,0,2,2017,1999,19,0
art_shell,2018,hc_resume,16,2.833213344056216,0.3333333333333333,0,1,2006,1999,19,0
ben_mcadoo,2018,hc_resume,28,3.367295829986474,0.4666666666666667,0,2,2017,1999,19,0
bill_belichick,2018,hc_resume,288,5.666426688112432,0.9,0,18,2017,1999,19,0
bill_callahan,2018,hc_resume,32,3.4965075614664802,0.5,0,2,2003,1999,19,0
bill_cowher,2018,hc_resume,128,4.859812404361672,0.8,0,8,2006,1999,19,0
bill_obrien,2018,hc_resume,64,4.174387269895637,0.6666666666666666,0,4,2017,1999,19,0
bill_parcells,2018,hc_resume,80,4.394449154672439,0.7142857142857143,0,5,2006,1999,19,0
bobby_petrino,2018,hc_resume,12,2.5649493574615367,0.2727272727272727,0,1,2007,1999,19,0
bobby_ross,2018,hc_resume,23,3.1780538303479458,0.41818181818181815,0,2,2000,1999,19,0
brad_childress,2018,hc_resume,74,4.31748811353631,0.6981132075471698,0,5,2010,1999,19,0
brian_billick,2018,hc_resume,144,4.976733742420574,0.8181818181818182,0,9,2007,1999,19,0
bruce_arians,2018,hc_resume,80,4.394449154672439,0.7142857142857143,0,5,2017,1999,19,0
bruce_coslet,2018,hc_resume,19,2.995732273553991,0.37254901960784315,0,2,2000,1999,19,0
butch_davis,2018,hc_resume,59,4.0943445622221,0.6483516483516484,0,4,2004,1999,19,0
cam_cameron,2018,hc_resume,16,2.833213344056216,0.3333333333333333,0,1,2007,1999,19,0
chan_gailey,2018,hc_resume,64,4.174387269895637,0.6666666666666666,0,4,2012,1999,19,0
chip_kelly,2018,hc_resume,63,4.1588830833596715,0.6631578947368421,0,4,2016,1999,19,0
chris_palmer,2018,hc_resume,32,3.4965075614664802,0.5,0,2,2000,1999,19,0
chuck_pagano,2018,hc_resume,96,4.574710978503383,0.75,0,6,2017,1999,19,0
dan_quinn,2018,hc_resume,48,3.8918202981106265,0.6,0,3,2017,1999,19,0
dan_reeves,2018,hc_resume,77,4.356708826689592,0.7064220183486238,0,5,2003,1999,19,0
dave_campo,2018,hc_resume,48,3.8918202981106265,0.6,0,3,2002,1999,19,0
dave_mcginnis,2018,hc_resume,55,4.02535169073515,0.632183908045977,0,4,2003,1999,19,0
dave_wannstedt,2018,hc_resume,73,4.30406509320417,0.6952380952380952,0,5,2004,1999,19,0
dennis_allen,2018,hc_resume,36,3.6109179126442243,0.5294117647058824,0,3,2014,1999,19,0
dennis_erickson,2018,hc_resume,32,3.4965075614664802,0.5,0,2,2004,1999,19,0
dennis_green,2018,hc_resume,95,4.564348191467836,0.7480314960629921,0,6,2006,1999,19,0
dick_jauron,2018,hc_resume,142,4.962844630259907,0.8160919540229885,0,10,2009,1999,19,0
dick_lebeau,2018,hc_resume,45,3.828641396489095,0.5844155844155844,0,3,2002,1999,19,0
dick_vermeil,2018,hc_resume,96,4.574710978503383,0.75,0,6,2005,1999,19,0
dirk_koetter,2018,hc_resume,32,3.4965075614664802,0.5,0,2,2017,1999,19,0
dom_capers,2018,hc_resume,64,4.174387269895637,0.6666666666666666,0,4,2005,1999,19,0
doug_marrone,2018,hc_resume,50,3.9318256327243257,0.6097560975609756,0,4,2017,1999,19,0
doug_pederson,2018,hc_resume,32,3.4965075614664802,0.5,0,2,2017,1999,19,0
emmitt_thomas,2018,hc_resume,4,1.6094379124341003,0.1111111111111111,0,1,2007,1999,19,0
eric_mangini,2018,hc_resume,80,4.394449154672439,0.7142857142857143,0,5,2010,1999,19,0
eric_studesville,2018,hc_resume,4,1.6094379124341003,0.1111111111111111,0,1,2010,1999,19,0
gary_kubiak,2018,hc_resume,157,5.062595033026967,0.8306878306878307,0,10,2016,1999,19,0
gary_moeller,2018,hc_resume,9,2.302585092994046,0.21951219512195122,0,1,2000,1999,19,0
george_seifert,2018,hc_resume,48,3.8918202981106265,0.6,0,3,2001,1999,19,0
greg_schiano,2018,hc_resume,32,3.4965075614664802,0.5,0,2,2013,1999,19,0
gregg_williams,2018,hc_resume,48,3.8918202981106265,0.6,0,3,2003,1999,19,0
gunther_cunningham,2018,hc_resume,32,3.4965075614664802,0.5,0,2,2000,1999,19,0
gus_bradley,2018,hc_resume,62,4.143134726391533,0.6595744680851063,0,4,2016,1999,19,0
herm_edwards,2018,hc_resume,128,4.859812404361672,0.8,0,8,2008,1999,19,0
hue_jackson,2018,hc_resume,48,3.8918202981106265,0.6,0,3,2017,1999,19,0
jack_del_rio,2018,hc_resume,187,5.236441962829949,0.8538812785388128,0,12,2017,1999,19,0
jason_garrett,2018,hc_resume,120,4.795790545596741,0.7894736842105263,0,8,2017,1999,19,0
jay_gruden,2018,hc_resume,64,4.174387269895637,0.6666666666666666,0,4,2017,1999,19,0
jeff_fisher,2018,hc_resume,272,5.60947179518496,0.8947368421052632,0,17,2016,1999,19,0
jim_bates,2018,hc_resume,7,2.0794415416798357,0.1794871794871795,0,1,2004,1999,19,0
jim_caldwell,2018,hc_resume,112,4.727387818712341,0.7777777777777778,0,7,2017,1999,19,0
jim_fassel,2018,hc_resume,80,4.394449154672439,0.7142857142857143,0,5,2003,1999,19,0
jim_harbaugh,2018,hc_resume,64,4.174387269895637,0.6666666666666666,0,4,2014,1999,19,0
jim_haslett,2018,hc_resume,108,4.6913478822291435,0.7714285714285715,0,7,2008,1999,19,0
jim_mora,2018,hc_resume,112,4.727387818712341,0.7777777777777778,0,7,2009,1999,19,0
jim_schwartz,2018,hc_resume,80,4.394449154672439,0.7142857142857143,0,5,2013,1999,19,0
jim_tomsula,2018,hc_resume,17,2.8903717578961645,0.3469387755102041,0,2,2015,1999,19,0
jim_zorn,2018,hc_resume,32,3.4965075614664802,0.5,0,2,2009,1999,19,0
jimmy_johnson,2018,hc_resume,16,2.833213344056216,0.3333333333333333,0,1,1999,1999,19,0
joe_gibbs,2018,hc_resume,64,4.174387269895637,0.6666666666666666,0,4,2007,1999,19,0
joe_philbin,2018,hc_resume,64,4.174387269895637,0.6666666666666666,0,4,2015,1999,19,0
joe_vitt,2018,hc_resume,21,3.091042453358316,0.39622641509433965,0,2,2012,1999,19,0
john_fox,2018,hc_resume,256,5.54907608489522,0.8888888888888888,0,16,2017,1999,19,0
john_harbaugh,2018,hc_resume,160,5.081404364984463,0.8333333333333334,0,10,2017,1999,19,0
jon_gruden,2018,hc_resume,160,5.081404364984463,0.8333333333333334,0,10,2008,1999,19,0
josh_mcdaniels,2018,hc_resume,28,3.367295829986474,0.4666666666666667,0,2,2010,1999,19,0
ken_whisenhunt,2018,hc_resume,128,4.859812404361672,0.8,0,8,2015,1999,19,0
kyle_shanahan,2018,hc_resume,16,2.833213344056216,0.3333333333333333,0,1,2017,1999,19,0
lane_kiffin,2018,hc_resume,20,3.044522437723423,0.38461538461538464,0,2,2008,1999,19,0
leslie_frazier,2018,hc_resume,54,4.007333185232471,0.627906976744186,0,4,2013,1999,19,0
lovie_smith,2018,hc_resume,176,5.176149732573829,0.8461538461538461,0,11,2015,1999,19,0
marc_trestman,2018,hc_resume,32,3.4965075614664802,0.5,0,2,2014,1999,19,0
marty_mornhinweg,2018,hc_resume,32,3.4965075614664802,0.5,0,2,2002,1999,19,0
marty_schottenheimer,2018,hc_resume,96,4.574710978503383,0.75,0,6,2006,1999,19,0
marvin_lewis,2018,hc_resume,240,5.484796933490655,0.8823529411764706,0,15,2017,1999,19,0
mel_tucker,2018,hc_resume,5,1.791759469228055,0.13513513513513514,0,1,2011,1999,19,0
mike_ditka,2018,hc_resume,16,2.833213344056216,0.3333333333333333,0,1,1999,1999,19,0
mike_holmgren,2018,hc_resume,160,5.081404364984463,0.8333333333333334,0,10,2008,1999,19,0
mike_martz,2018,hc_resume,85,4.454347296253507,0.7264957264957265,0,6,2005,1999,19,0
mike_mccarthy,2018,hc_resume,192,5.262690188904886,0.8571428571428571,0,12,2017,1999,19,0
mike_mccoy,2018,hc_resume,64,4.174387269895637,0.6666666666666666,0,4,2016,1999,19,0
mike_mularkey,2018,hc_resume,80,4.394449154672439,0.7142857142857143,0,5,2017,1999,19,0
mike_munchak,2018,hc_resume,48,3.8918202981106265,0.6,0,3,2013,1999,19,0
mike_nolan,2018,hc_resume,55,4.02535169073515,0.632183908045977,0,4,2008,1999,19,0
mike_pettine,2018,hc_resume,32,3.4965075614664802,0.5,0,2,2015,1999,19,0
mike_riley,2018,hc_resume,48,3.8918202981106265,0.6,0,3,2001,1999,19,0
mike_shanahan,2018,hc_resume,224,5.41610040220442,0.875,0,14,2013,1999,19,0
mike_sherman,2018,hc_resume,96,4.574710978503383,0.75,0,6,2005,1999,19,0
mike_singletary,2018,hc_resume,40,3.713572066704308,0.5555555555555556,0,3,2010,1999,19,0
mike_smith,2018,hc_resume,112,4.727387818712341,0.7777777777777778,0,7,2014,1999,19,0
mike_tice,2018,hc_resume,65,4.189654742026425,0.6701030927835051,0,5,2005,1999,19,0
mike_tomlin,2018,hc_resume,176,5.176149732573829,0.8461538461538461,0,11,2017,1999,19,0
mike_zimmer,2018,hc_resume,64,4.174387269895637,0.6666666666666666,0,4,2017,1999,19,0
nick_saban,2018,hc_resume,32,3.4965075614664802,0.5,0,2,2006,1999,19,0
norv_turner,2018,hc_resume,147,4.997212273764115,0.8212290502793296,0,10,2012,1999,19,0
pat_shurmur,2018,hc_resume,33,3.5263605246161616,0.5076923076923077,0,3,2015,1999,19,0
perry_fewell,2018,hc_resume,7,2.0794415416798357,0.1794871794871795,0,1,2009,1999,19,0
pete_carroll,2018,hc_resume,144,4.976733742420574,0.8181818181818182,0,9,2017,1999,19,0
raheem_morris,2018,hc_resume,48,3.8918202981106265,0.6,0,3,2011,1999,19,0
ray_rhodes,2018,hc_resume,16,2.833213344056216,0.3333333333333333,0,1,1999,1999,19,0
rex_ryan,2018,hc_resume,127,4.852030263919617,0.7987421383647799,0,8,2016,1999,19,0
rob_chudzinski,2018,hc_resume,16,2.833213344056216,0.3333333333333333,0,1,2013,1999,19,0
rod_marinelli,2018,hc_resume,48,3.8918202981106265,0.6,0,3,2008,1999,19,0
romeo_crennel,2018,hc_resume,83,4.430816798843313,0.7217391304347827,0,6,2012,1999,19,0
ron_rivera,2018,hc_resume,112,4.727387818712341,0.7777777777777778,0,7,2017,1999,19,0
scott_linehan,2018,hc_resume,36,3.6109179126442243,0.5294117647058824,0,3,2008,1999,19,0
sean_mcdermott,2018,hc_resume,16,2.833213344056216,0.3333333333333333,0,1,2017,1999,19,0
sean_mcvay,2018,hc_resume,16,2.833213344056216,0.3333333333333333,0,1,2017,1999,19,0
sean_payton,2018,hc_resume,176,5.176149732573829,0.8461538461538461,0,11,2017,1999,19,0
steve_mariucci,2018,hc_resume,107,4.68213122712422,0.7697841726618705,0,7,2005,1999,19,0
steve_spagnuolo,2018,hc_resume,52,3.970291913552122,0.6190476190476191,0,4,2017,1999,19,0
steve_spurrier,2018,hc_resume,32,3.4965075614664802,0.5,0,2,2003,1999,19,0
terry_robiskie,2018,hc_resume,18,2.9444389791664403,0.36,0,2,2004,1999,19,0
todd_bowles,2018,hc_resume,51,3.9512437185814275,0.6144578313253012,0,4,2017,1999,19,0
todd_haley,2018,hc_resume,45,3.828641396489095,0.5844155844155844,0,3,2011,1999,19,0
tom_cable,2018,hc_resume,44,3.8066624897703196,0.5789473684210527,0,3,2010,1999,19,0
tom_coughlin,2018,hc_resume,256,5.54907608489522,0.8888888888888888,0,16,2015,1999,19,0
tony_dungy,2018,hc_resume,160,5.081404364984463,0.8333333333333334,0,10,2008,1999,19,0
tony_sparano,2018,hc_resume,73,4.30406509320417,0.6952380952380952,0,5,2014,1999,19,0
vance_joseph,2018,hc_resume,16,2.833213344056216,0.3333333333333333,0,1,2017,1999,19,0
vince_tobin,2018,hc_resume,25,3.258096538021482,0.43859649122807015,0,2,2000,1999,19,0
wade_phillips,2018,hc_resume,94,4.553876891600541,0.746031746031746,0,8,2013,1999,19,0
andy_reid,2018,noncalling_hc_context,5,1.791759469228055,0.13513513513513514,0,1,2017,2014,4,1
anthony_lynn,2018,noncalling_hc_context,16,2.833213344056216,0.3333333333333333,0,1,2017,2014,4,0
ben_mcadoo,2018,noncalling_hc_context,7,2.0794415416798357,0.1794871794871795,0,1,2017,2014,4,0
bill_belichick,2018,noncalling_hc_context,64,4.174387269895637,0.6666666666666666,0,4,2017,2014,4,1
bill_obrien,2018,noncalling_hc_context,19,2.995732273553991,0.37254901960784315,0,2,2016,2014,4,0
chuck_pagano,2018,noncalling_hc_context,64,4.174387269895637,0.6666666666666666,0,4,2017,2014,4,1
dan_quinn,2018,noncalling_hc_context,48,3.8918202981106265,0.6,0,3,2017,2014,4,0
doug_marrone,2018,noncalling_hc_context,34,3.5553480614894135,0.5151515151515151,0,3,2017,2014,4,1
gus_bradley,2018,noncalling_hc_context,30,3.4339872044851463,0.4838709677419355,0,2,2016,2014,4,1
jack_del_rio,2018,noncalling_hc_context,48,3.8918202981106265,0.6,0,3,2017,2014,4,1
jason_garrett,2018,noncalling_hc_context,64,4.174387269895637,0.6666666666666666,0,4,2017,2014,4,1
jay_gruden,2018,noncalling_hc_context,32,3.4965075614664802,0.5,0,2,2016,2014,4,0
jeff_fisher,2018,noncalling_hc_context,48,3.8918202981106265,0.6,0,3,2016,2014,4,1
jim_caldwell,2018,noncalling_hc_context,64,4.174387269895637,0.6666666666666666,0,4,2017,2014,4,1
jim_tomsula,2018,noncalling_hc_context,16,2.833213344056216,0.3333333333333333,0,1,2015,2014,4,1
joe_philbin,2018,noncalling_hc_context,32,3.4965075614664802,0.5,0,2,2015,2014,4,1
john_fox,2018,noncalling_hc_context,48,3.8918202981106265,0.6,0,3,2017,2014,4,1
john_harbaugh,2018,noncalling_hc_context,64,4.174387269895637,0.6666666666666666,0,4,2017,2014,4,1
ken_whisenhunt,2018,noncalling_hc_context,9,2.302585092994046,0.21951219512195122,0,1,2015,2014,4,1
lovie_smith,2018,noncalling_hc_context,32,3.4965075614664802,0.5,0,2,2015,2014,4,1
marvin_lewis,2018,noncalling_hc_context,32,3.4965075614664802,0.5,0,2,2017,2014,4,1
mike_mccarthy,2018,noncalling_hc_context,13,2.6390573296152584,0.28888888888888886,0,1,2015,2014,4,1
mike_mccoy,2018,noncalling_hc_context,32,3.4965075614664802,0.5,0,2,2015,2014,4,1
mike_mularkey,2018,noncalling_hc_context,32,3.4965075614664802,0.5,0,2,2017,2014,4,1
mike_pettine,2018,noncalling_hc_context,16,2.833213344056216,0.3333333333333333,0,1,2014,2014,4,0
mike_smith,2018,noncalling_hc_context,16,2.833213344056216,0.3333333333333333,0,1,2014,2014,4,1
mike_tomlin,2018,noncalling_hc_context,64,4.174387269895637,0.6666666666666666,0,4,2017,2014,4,1
mike_zimmer,2018,noncalling_hc_context,64,4.174387269895637,0.6666666666666666,0,4,2017,2014,4,0
pat_shurmur,2018,noncalling_hc_context,1,0.6931471805599453,0.030303030303030304,0,1,2015,2014,4,1
pete_carroll,2018,noncalling_hc_context,64,4.174387269895637,0.6666666666666666,0,4,2017,2014,4,1
rex_ryan,2018,noncalling_hc_context,47,3.871201010907891,0.5949367088607594,0,3,2016,2014,4,1
ron_rivera,2018,noncalling_hc_context,64,4.174387269895637,0.6666666666666666,0,4,2017,2014,4,1
sean_mcdermott,2018,noncalling_hc_context,16,2.833213344056216,0.3333333333333333,0,1,2017,2014,4,0
steve_spagnuolo,2018,noncalling_hc_context,4,1.6094379124341003,0.1111111111111111,0,1,2017,2014,4,1
todd_bowles,2018,noncalling_hc_context,48,3.8918202981106265,0.6,0,3,2017,2014,4,1
tom_coughlin,2018,noncalling_hc_context,32,3.4965075614664802,0.5,0,2,2015,2014,4,1
vance_joseph,2018,noncalling_hc_context,16,2.833213344056216,0.3333333333333333,0,1,2017,2014,4,0
aaron_kromer,2018,unknown_caller_hc_games,6,1.9459101490553132,0.15789473684210525,0,1,2012,1999,19,0
al_groh,2018,unknown_caller_hc_games,16,2.833213344056216,0.3333333333333333,0,1,2000,1999,19,0
andy_reid,2018,unknown_caller_hc_games,240,5.484796933490655,0.8823529411764706,0,15,2013,1999,19,0
art_shell,2018,unknown_caller_hc_games,16,2.833213344056216,0.3333333333333333,0,1,2006,1999,19,0
bill_belichick,2018,unknown_caller_hc_games,224,5.41610040220442,0.875,0,14,2013,1999,19,0
bill_callahan,2018,unknown_caller_hc_games,32,3.4965075614664802,0.5,0,2,2003,1999,19,0
bill_cowher,2018,unknown_caller_hc_games,128,4.859812404361672,0.8,0,8,2006,1999,19,0
bill_parcells,2018,unknown_caller_hc_games,80,4.394449154672439,0.7142857142857143,0,5,2006,1999,19,0
bobby_petrino,2018,unknown_caller_hc_games,12,2.5649493574615367,0.2727272727272727,0,1,2007,1999,19,0
bobby_ross,2018,unknown_caller_hc_games,23,3.1780538303479458,0.41818181818181815,0,2,2000,1999,19,0
brad_childress,2018,unknown_caller_hc_games,74,4.31748811353631,0.6981132075471698,0,5,2010,1999,19,0
brian_billick,2018,unknown_caller_hc_games,144,4.976733742420574,0.8181818181818182,0,9,2007,1999,19,0
bruce_arians,2018,unknown_caller_hc_games,32,3.4965075614664802,0.5,0,2,2014,1999,19,0
bruce_coslet,2018,unknown_caller_hc_games,19,2.995732273553991,0.37254901960784315,0,2,2000,1999,19,0
butch_davis,2018,unknown_caller_hc_games,59,4.0943445622221,0.6483516483516484,0,4,2004,1999,19,0
cam_cameron,2018,unknown_caller_hc_games,16,2.833213344056216,0.3333333333333333,0,1,2007,1999,19,0
chan_gailey,2018,unknown_caller_hc_games,64,4.174387269895637,0.6666666666666666,0,4,2012,1999,19,0
chip_kelly,2018,unknown_caller_hc_games,16,2.833213344056216,0.3333333333333333,0,1,2013,1999,19,0
chris_palmer,2018,unknown_caller_hc_games,32,3.4965075614664802,0.5,0,2,2000,1999,19,0
chuck_pagano,2018,unknown_caller_hc_games,32,3.4965075614664802,0.5,0,2,2013,1999,19,0
dan_reeves,2018,unknown_caller_hc_games,77,4.356708826689592,0.7064220183486238,0,5,2003,1999,19,0
dave_campo,2018,unknown_caller_hc_games,48,3.8918202981106265,0.6,0,3,2002,1999,19,0
dave_mcginnis,2018,unknown_caller_hc_games,55,4.02535169073515,0.632183908045977,0,4,2003,1999,19,0
dave_wannstedt,2018,unknown_caller_hc_games,73,4.30406509320417,0.6952380952380952,0,5,2004,1999,19,0
dennis_allen,2018,unknown_caller_hc_games,36,3.6109179126442243,0.5294117647058824,0,3,2014,1999,19,0
dennis_erickson,2018,unknown_caller_hc_games,32,3.4965075614664802,0.5,0,2,2004,1999,19,0
dennis_green,2018,unknown_caller_hc_games,95,4.564348191467836,0.7480314960629921,0,6,2006,1999,19,0
dick_jauron,2018,unknown_caller_hc_games,142,4.962844630259907,0.8160919540229885,0,10,2009,1999,19,0
dick_lebeau,2018,unknown_caller_hc_games,45,3.828641396489095,0.5844155844155844,0,3,2002,1999,19,0
dick_vermeil,2018,unknown_caller_hc_games,96,4.574710978503383,0.75,0,6,2005,1999,19,0
dom_capers,2018,unknown_caller_hc_games,64,4.174387269895637,0.6666666666666666,0,4,2005,1999,19,0
doug_marrone,2018,unknown_caller_hc_games,16,2.833213344056216,0.3333333333333333,0,1,2013,1999,19,0
emmitt_thomas,2018,unknown_caller_hc_games,4,1.6094379124341003,0.1111111111111111,0,1,2007,1999,19,0
eric_mangini,2018,unknown_caller_hc_games,80,4.394449154672439,0.7142857142857143,0,5,2010,1999,19,0
eric_studesville,2018,unknown_caller_hc_games,4,1.6094379124341003,0.1111111111111111,0,1,2010,1999,19,0
gary_kubiak,2018,unknown_caller_hc_games,141,4.955827057601261,0.815028901734104,0,9,2016,1999,19,0
gary_moeller,2018,unknown_caller_hc_games,9,2.302585092994046,0.21951219512195122,0,1,2000,1999,19,0
george_seifert,2018,unknown_caller_hc_games,48,3.8918202981106265,0.6,0,3,2001,1999,19,0
greg_schiano,2018,unknown_caller_hc_games,32,3.4965075614664802,0.5,0,2,2013,1999,19,0
gregg_williams,2018,unknown_caller_hc_games,48,3.8918202981106265,0.6,0,3,2003,1999,19,0
gunther_cunningham,2018,unknown_caller_hc_games,32,3.4965075614664802,0.5,0,2,2000,1999,19,0
gus_bradley,2018,unknown_caller_hc_games,32,3.4965075614664802,0.5,0,2,2014,1999,19,0
herm_edwards,2018,unknown_caller_hc_games,128,4.859812404361672,0.8,0,8,2008,1999,19,0
hue_jackson,2018,unknown_caller_hc_games,16,2.833213344056216,0.3333333333333333,0,1,2011,1999,19,0
jack_del_rio,2018,unknown_caller_hc_games,139,4.941642422609304,0.8128654970760234,0,9,2011,1999,19,0
jason_garrett,2018,unknown_caller_hc_games,56,4.04305126783455,0.6363636363636364,0,4,2013,1999,19,0
jeff_fisher,2018,unknown_caller_hc_games,224,5.41610040220442,0.875,0,14,2013,1999,19,0
jim_bates,2018,unknown_caller_hc_games,7,2.0794415416798357,0.1794871794871795,0,1,2004,1999,19,0
jim_caldwell,2018,unknown_caller_hc_games,48,3.8918202981106265,0.6,0,3,2011,1999,19,0
jim_fassel,2018,unknown_caller_hc_games,80,4.394449154672439,0.7142857142857143,0,5,2003,1999,19,0
jim_harbaugh,2018,unknown_caller_hc_games,64,4.174387269895637,0.6666666666666666,0,4,2014,1999,19,0
jim_haslett,2018,unknown_caller_hc_games,108,4.6913478822291435,0.7714285714285715,0,7,2008,1999,19,0
jim_mora,2018,unknown_caller_hc_games,112,4.727387818712341,0.7777777777777778,0,7,2009,1999,19,0
jim_schwartz,2018,unknown_caller_hc_games,80,4.394449154672439,0.7142857142857143,0,5,2013,1999,19,0
jim_tomsula,2018,unknown_caller_hc_games,1,0.6931471805599453,0.030303030303030304,0,1,2010,1999,19,0
jim_zorn,2018,unknown_caller_hc_games,32,3.4965075614664802,0.5,0,2,2009,1999,19,0
jimmy_johnson,2018,unknown_caller_hc_games,16,2.833213344056216,0.3333333333333333,0,1,1999,1999,19,0
joe_gibbs,2018,unknown_caller_hc_games,64,4.174387269895637,0.6666666666666666,0,4,2007,1999,19,0
joe_philbin,2018,unknown_caller_hc_games,32,3.4965075614664802,0.5,0,2,2013,1999,19,0
joe_vitt,2018,unknown_caller_hc_games,21,3.091042453358316,0.39622641509433965,0,2,2012,1999,19,0
john_fox,2018,unknown_caller_hc_games,208,5.342334251964811,0.8666666666666667,0,13,2016,1999,19,0
john_harbaugh,2018,unknown_caller_hc_games,96,4.574710978503383,0.75,0,6,2013,1999,19,0
jon_gruden,2018,unknown_caller_hc_games,160,5.081404364984463,0.8333333333333334,0,10,2008,1999,19,0
josh_mcdaniels,2018,unknown_caller_hc_games,28,3.367295829986474,0.4666666666666667,0,2,2010,1999,19,0
ken_whisenhunt,2018,unknown_caller_hc_games,96,4.574710978503383,0.75,0,6,2012,1999,19,0
lane_kiffin,2018,unknown_caller_hc_games,20,3.044522437723423,0.38461538461538464,0,2,2008,1999,19,0
leslie_frazier,2018,unknown_caller_hc_games,54,4.007333185232471,0.627906976744186,0,4,2013,1999,19,0
lovie_smith,2018,unknown_caller_hc_games,144,4.976733742420574,0.8181818181818182,0,9,2012,1999,19,0
marc_trestman,2018,unknown_caller_hc_games,32,3.4965075614664802,0.5,0,2,2014,1999,19,0
marty_mornhinweg,2018,unknown_caller_hc_games,32,3.4965075614664802,0.5,0,2,2002,1999,19,0
marty_schottenheimer,2018,unknown_caller_hc_games,96,4.574710978503383,0.75,0,6,2006,1999,19,0
marvin_lewis,2018,unknown_caller_hc_games,208,5.342334251964811,0.8666666666666667,0,13,2016,1999,19,0
mel_tucker,2018,unknown_caller_hc_games,5,1.791759469228055,0.13513513513513514,0,1,2011,1999,19,0
mike_ditka,2018,unknown_caller_hc_games,16,2.833213344056216,0.3333333333333333,0,1,1999,1999,19,0
mike_holmgren,2018,unknown_caller_hc_games,160,5.081404364984463,0.8333333333333334,0,10,2008,1999,19,0
mike_martz,2018,unknown_caller_hc_games,85,4.454347296253507,0.7264957264957265,0,6,2005,1999,19,0
mike_mccarthy,2018,unknown_caller_hc_games,128,4.859812404361672,0.8,0,8,2013,1999,19,0
mike_mccoy,2018,unknown_caller_hc_games,32,3.4965075614664802,0.5,0,2,2016,1999,19,0
mike_mularkey,2018,unknown_caller_hc_games,48,3.8918202981106265,0.6,0,3,2012,1999,19,0
mike_munchak,2018,unknown_caller_hc_games,48,3.8918202981106265,0.6,0,3,2013,1999,19,0
mike_nolan,2018,unknown_caller_hc_games,55,4.02535169073515,0.632183908045977,0,4,2008,1999,19,0
mike_pettine,2018,unknown_caller_hc_games,16,2.833213344056216,0.3333333333333333,0,1,2015,1999,19,0
mike_riley,2018,unknown_caller_hc_games,48,3.8918202981106265,0.6,0,3,2001,1999,19,0
mike_shanahan,2018,unknown_caller_hc_games,224,5.41610040220442,0.875,0,14,2013,1999,19,0
mike_sherman,2018,unknown_caller_hc_games,96,4.574710978503383,0.75,0,6,2005,1999,19,0
mike_singletary,2018,unknown_caller_hc_games,40,3.713572066704308,0.5555555555555556,0,3,2010,1999,19,0
mike_smith,2018,unknown_caller_hc_games,96,4.574710978503383,0.75,0,6,2013,1999,19,0
mike_tice,2018,unknown_caller_hc_games,65,4.189654742026425,0.6701030927835051,0,5,2005,1999,19,0
mike_tomlin,2018,unknown_caller_hc_games,112,4.727387818712341,0.7777777777777778,0,7,2013,1999,19,0
nick_saban,2018,unknown_caller_hc_games,32,3.4965075614664802,0.5,0,2,2006,1999,19,0
norv_turner,2018,unknown_caller_hc_games,147,4.997212273764115,0.8212290502793296,0,10,2012,1999,19,0
pat_shurmur,2018,unknown_caller_hc_games,32,3.4965075614664802,0.5,0,2,2012,1999,19,0
perry_fewell,2018,unknown_caller_hc_games,7,2.0794415416798357,0.1794871794871795,0,1,2009,1999,19,0
pete_carroll,2018,unknown_caller_hc_games,80,4.394449154672439,0.7142857142857143,0,5,2013,1999,19,0
raheem_morris,2018,unknown_caller_hc_games,48,3.8918202981106265,0.6,0,3,2011,1999,19,0
ray_rhodes,2018,unknown_caller_hc_games,16,2.833213344056216,0.3333333333333333,0,1,1999,1999,19,0
rex_ryan,2018,unknown_caller_hc_games,80,4.394449154672439,0.7142857142857143,0,5,2013,1999,19,0
rob_chudzinski,2018,unknown_caller_hc_games,16,2.833213344056216,0.3333333333333333,0,1,2013,1999,19,0
rod_marinelli,2018,unknown_caller_hc_games,48,3.8918202981106265,0.6,0,3,2008,1999,19,0
romeo_crennel,2018,unknown_caller_hc_games,83,4.430816798843313,0.7217391304347827,0,6,2012,1999,19,0
ron_rivera,2018,unknown_caller_hc_games,48,3.8918202981106265,0.6,0,3,2013,1999,19,0
scott_linehan,2018,unknown_caller_hc_games,36,3.6109179126442243,0.5294117647058824,0,3,2008,1999,19,0
sean_payton,2018,unknown_caller_hc_games,128,4.859812404361672,0.8,0,8,2016,1999,19,0
steve_mariucci,2018,unknown_caller_hc_games,107,4.68213122712422,0.7697841726618705,0,7,2005,1999,19,0
steve_spagnuolo,2018,unknown_caller_hc_games,48,3.8918202981106265,0.6,0,3,2011,1999,19,0
steve_spurrier,2018,unknown_caller_hc_games,32,3.4965075614664802,0.5,0,2,2003,1999,19,0
terry_robiskie,2018,unknown_caller_hc_games,18,2.9444389791664403,0.36,0,2,2004,1999,19,0
todd_bowles,2018,unknown_caller_hc_games,3,1.3862943611198906,0.08571428571428572,0,1,2011,1999,19,0
todd_haley,2018,unknown_caller_hc_games,45,3.828641396489095,0.5844155844155844,0,3,2011,1999,19,0
tom_cable,2018,unknown_caller_hc_games,44,3.8066624897703196,0.5789473684210527,0,3,2010,1999,19,0
tom_coughlin,2018,unknown_caller_hc_games,224,5.41610040220442,0.875,0,14,2013,1999,19,0
tony_dungy,2018,unknown_caller_hc_games,160,5.081404364984463,0.8333333333333334,0,10,2008,1999,19,0
tony_sparano,2018,unknown_caller_hc_games,73,4.30406509320417,0.6952380952380952,0,5,2014,1999,19,0
vince_tobin,2018,unknown_caller_hc_games,25,3.258096538021482,0.43859649122807015,0,2,2000,1999,19,0
wade_phillips,2018,unknown_caller_hc_games,94,4.553876891600541,0.746031746031746,0,8,2013,1999,19,0
adam_gase,2019,caller,80,4.394449154672439,0.7142857142857143,0,5,2018,2014,5,0
andy_reid,2019,caller,75,4.330733340286331,0.7009345794392523,0,5,2018,2014,5,1
anthony_lynn,2019,caller,14,2.70805020110221,0.30434782608695654,0,1,2016,2014,5,0
ben_mcadoo,2019,caller,53,3.9889840465642745,0.6235294117647059,0,4,2017,2014,5,0
bill_lazor,2019,caller,57,4.060443010546419,0.6404494382022472,0,4,2018,2014,5,0
bill_musgrave,2019,caller,48,3.8918202981106265,0.6,0,3,2018,2014,5,0
bill_obrien,2019,caller,61,4.127134385045092,0.6559139784946236,0,4,2018,2014,5,0
brian_daboll,2019,caller,16,2.833213344056216,0.3333333333333333,0,1,2018,2014,5,0
brian_schottenheimer,2019,caller,32,3.4965075614664802,0.5,0,2,2018,2014,5,0
bruce_arians,2019,caller,48,3.8918202981106265,0.6,0,3,2017,2014,5,1
chan_gailey,2019,caller,32,3.4965075614664802,0.5,0,2,2016,2014,5,1
chip_kelly,2019,caller,48,3.8918202981106265,0.6,0,3,2016,2014,5,1
darrell_bevell,2019,caller,64,4.174387269895637,0.6666666666666666,0,4,2017,2014,5,0
dirk_koetter,2019,caller,80,4.394449154672439,0.7142857142857143,0,5,2018,2014,5,0
doug_pederson,2019,caller,48,3.8918202981106265,0.6,0,3,2018,2014,5,0
dowell_loggains,2019,caller,16,2.833213344056216,0.3333333333333333,0,1,2017,2014,5,0
frank_cignetti,2019,caller,12,2.5649493574615367,0.2727272727272727,0,1,2015,2014,5,0
frank_reich,2019,caller,48,3.8918202981106265,0.6,0,3,2018,2014,5,0
freddie_kitchens,2019,caller,8,2.1972245773362196,0.2,0,1,2018,2014,5,0
gary_kubiak,2019,caller,32,3.4965075614664802,0.5,0,2,2015,2014,5,1
geep_chryst,2019,caller,16,2.833213344056216,0.3333333333333333,0,1,2015,2014,5,0
george_godsey,2019,caller,19,2.995732273553991,0.37254901960784315,0,2,2016,2014,5,0
greg_olson,2019,caller,23,3.1780538303479458,0.41818181818181815,0,2,2016,2014,5,0
greg_roman,2019,caller,18,2.9444389791664403,0.36,0,2,2016,2014,5,0
hue_jackson,2019,caller,48,3.8918202981106265,0.6,0,3,2017,2014,5,1
jason_michael,2019,caller,9,2.302585092994046,0.21951219512195122,0,1,2015,2014,5,0
jay_gruden,2019,caller,48,3.8918202981106265,0.6,0,3,2018,2014,5,0
jeremy_bates,2019,caller,16,2.833213344056216,0.3333333333333333,0,1,2018,2014,5,0
jim_bob_cooter,2019,caller,57,4.060443010546419,0.6404494382022472,0,4,2018,2014,5,0
joe_lombardi,2019,caller,23,3.1780538303479458,0.41818181818181815,0,2,2015,2014,5,0
john_defilippo,2019,caller,16,2.833213344056216,0.3333333333333333,0,1,2018,2014,5,0
john_morton,2019,caller,16,2.833213344056216,0.3333333333333333,0,1,2017,2014,5,0
jon_gruden,2019,caller,16,2.833213344056216,0.3333333333333333,0,1,2018,2014,5,1
josh_mcdaniels,2019,caller,80,4.394449154672439,0.7142857142857143,0,5,2018,2014,5,1
ken_whisenhunt,2019,caller,55,4.02535169073515,0.632183908045977,0,4,2018,2014,5,1
ken_zampese,2019,caller,2,1.0986122886681098,0.058823529411764705,0,1,2017,2014,5,0
kyle_shanahan,2019,caller,80,4.394449154672439,0.7142857142857143,0,5,2018,2014,5,0
marc_trestman,2019,caller,21,3.091042453358316,0.39622641509433965,0,2,2016,2014,5,1
marcus_arroyo,2019,caller,16,2.833213344056216,0.3333333333333333,0,1,2014,2014,5,0
marty_mornhinweg,2019,caller,59,4.0943445622221,0.6483516483516484,0,4,2018,2014,5,1
matt_lafleur,2019,caller,16,2.833213344056216,0.3333333333333333,0,1,2018,2014,5,0
matt_nagy,2019,caller,21,3.091042453358316,0.39622641509433965,0,2,2018,2014,5,0
mike_mccarthy,2019,caller,67,4.219507705176107,0.6767676767676768,0,5,2018,2014,5,1
mike_mccoy,2019,caller,32,3.4965075614664802,0.5,0,2,2018,2014,5,1
mike_shula,2019,caller,64,4.174387269895637,0.6666666666666666,0,4,2017,2014,5,0
mike_sullivan,2019,caller,11,2.4849066497880004,0.2558139534883721,0,1,2017,2014,5,0
nathaniel_hackett,2019,caller,57,4.060443010546419,0.6404494382022472,0,4,2018,2014,5,0
norv_turner,2019,caller,55,4.02535169073515,0.632183908045977,0,4,2018,2014,5,1
pat_shurmur,2019,caller,41,3.7376696182833684,0.5616438356164384,0,3,2018,2014,5,1
pep_hamilton,2019,caller,24,3.2188758248682006,0.42857142857142855,0,2,2015,2014,5,0
randy_fichtner,2019,caller,16,2.833213344056216,0.3333333333333333,0,1,2018,2014,5,0
rick_dennison,2019,caller,16,2.833213344056216,0.3333333333333333,0,1,2017,2014,5,0
rob_boras,2019,caller,20,3.044522437723423,0.38461538461538464,0,2,2016,2014,5,0
rob_chudzinski,2019,caller,40,3.713572066704308,0.5555555555555556,0,3,2017,2014,5,1
scott_linehan,2019,caller,80,4.394449154672439,0.7142857142857143,0,5,2018,2014,5,1
sean_mcvay,2019,caller,64,4.174387269895637,0.6666666666666666,0,4,2018,2014,5,0
sean_payton,2019,caller,64,4.174387269895637,0.6666666666666666,0,4,2018,2014,5,1
steve_sarkisian,2019,caller,32,3.4965075614664802,0.5,0,2,2018,2014,5,0
terry_robiskie,2019,caller,32,3.4965075614664802,0.5,0,2,2017,2014,5,1
todd_downing,2019,caller,16,2.833213344056216,0.3333333333333333,0,1,2017,2014,5,0
todd_haley,2019,caller,72,4.290459441148391,0.6923076923076923,0,5,2018,2014,5,1
tom_clements,2019,caller,13,2.6390573296152584,0.28888888888888886,0,1,2015,2014,5,0
zac_taylor,2019,caller,5,1.791759469228055,0.13513513513513514,0,1,2015,2014,5,0
aaron_kromer,2019,hc_resume,6,1.9459101490553132,0.15789473684210525,0,1,2012,1999,20,0
adam_gase,2019,hc_resume,48,3.8918202981106265,0.6,0,3,2018,1999,20,0
al_groh,2019,hc_resume,16,2.833213344056216,0.3333333333333333,0,1,2000,1999,20,0
andy_reid,2019,hc_resume,320,5.771441123130016,0.9090909090909091,0,20,2018,1999,20,0
anthony_lynn,2019,hc_resume,33,3.5263605246161616,0.5076923076923077,0,3,2018,1999,20,0
art_shell,2019,hc_resume,16,2.833213344056216,0.3333333333333333,0,1,2006,1999,20,0
ben_mcadoo,2019,hc_resume,28,3.367295829986474,0.4666666666666667,0,2,2017,1999,20,0
bill_belichick,2019,hc_resume,304,5.720311776607412,0.9047619047619048,0,19,2018,1999,20,0
bill_callahan,2019,hc_resume,32,3.4965075614664802,0.5,0,2,2003,1999,20,0
bill_cowher,2019,hc_resume,128,4.859812404361672,0.8,0,8,2006,1999,20,0
bill_obrien,2019,hc_resume,80,4.394449154672439,0.7142857142857143,0,5,2018,1999,20,0
bill_parcells,2019,hc_resume,80,4.394449154672439,0.7142857142857143,0,5,2006,1999,20,0
bobby_petrino,2019,hc_resume,12,2.5649493574615367,0.2727272727272727,0,1,2007,1999,20,0
bobby_ross,2019,hc_resume,23,3.1780538303479458,0.41818181818181815,0,2,2000,1999,20,0
brad_childress,2019,hc_resume,74,4.31748811353631,0.6981132075471698,0,5,2010,1999,20,0
brian_billick,2019,hc_resume,144,4.976733742420574,0.8181818181818182,0,9,2007,1999,20,0
bruce_arians,2019,hc_resume,80,4.394449154672439,0.7142857142857143,0,5,2017,1999,20,0
bruce_coslet,2019,hc_resume,19,2.995732273553991,0.37254901960784315,0,2,2000,1999,20,0
butch_davis,2019,hc_resume,59,4.0943445622221,0.6483516483516484,0,4,2004,1999,20,0
cam_cameron,2019,hc_resume,16,2.833213344056216,0.3333333333333333,0,1,2007,1999,20,0
chan_gailey,2019,hc_resume,64,4.174387269895637,0.6666666666666666,0,4,2012,1999,20,0
chip_kelly,2019,hc_resume,63,4.1588830833596715,0.6631578947368421,0,4,2016,1999,20,0
chris_palmer,2019,hc_resume,32,3.4965075614664802,0.5,0,2,2000,1999,20,0
chuck_pagano,2019,hc_resume,96,4.574710978503383,0.75,0,6,2017,1999,20,0
dan_quinn,2019,hc_resume,64,4.174387269895637,0.6666666666666666,0,4,2018,1999,20,0
dan_reeves,2019,hc_resume,77,4.356708826689592,0.7064220183486238,0,5,2003,1999,20,0
dave_campo,2019,hc_resume,48,3.8918202981106265,0.6,0,3,2002,1999,20,0
dave_mcginnis,2019,hc_resume,55,4.02535169073515,0.632183908045977,0,4,2003,1999,20,0
dave_wannstedt,2019,hc_resume,73,4.30406509320417,0.6952380952380952,0,5,2004,1999,20,0
dennis_allen,2019,hc_resume,36,3.6109179126442243,0.5294117647058824,0,3,2014,1999,20,0
dennis_erickson,2019,hc_resume,32,3.4965075614664802,0.5,0,2,2004,1999,20,0
dennis_green,2019,hc_resume,95,4.564348191467836,0.7480314960629921,0,6,2006,1999,20,0
dick_jauron,2019,hc_resume,142,4.962844630259907,0.8160919540229885,0,10,2009,1999,20,0
dick_lebeau,2019,hc_resume,45,3.828641396489095,0.5844155844155844,0,3,2002,1999,20,0
dick_vermeil,2019,hc_resume,96,4.574710978503383,0.75,0,6,2005,1999,20,0
dirk_koetter,2019,hc_resume,48,3.8918202981106265,0.6,0,3,2018,1999,20,0
dom_capers,2019,hc_resume,64,4.174387269895637,0.6666666666666666,0,4,2005,1999,20,0
doug_marrone,2019,hc_resume,66,4.204692619390966,0.673469387755102,0,5,2018,1999,20,0
doug_pederson,2019,hc_resume,48,3.8918202981106265,0.6,0,3,2018,1999,20,0
emmitt_thomas,2019,hc_resume,4,1.6094379124341003,0.1111111111111111,0,1,2007,1999,20,0
eric_mangini,2019,hc_resume,80,4.394449154672439,0.7142857142857143,0,5,2010,1999,20,0
eric_studesville,2019,hc_resume,4,1.6094379124341003,0.1111111111111111,0,1,2010,1999,20,0
frank_reich,2019,hc_resume,16,2.833213344056216,0.3333333333333333,0,1,2018,1999,20,0
gary_kubiak,2019,hc_resume,157,5.062595033026967,0.8306878306878307,0,10,2016,1999,20,0
gary_moeller,2019,hc_resume,9,2.302585092994046,0.21951219512195122,0,1,2000,1999,20,0
george_seifert,2019,hc_resume,48,3.8918202981106265,0.6,0,3,2001,1999,20,0
greg_schiano,2019,hc_resume,32,3.4965075614664802,0.5,0,2,2013,1999,20,0
gregg_williams,2019,hc_resume,56,4.04305126783455,0.6363636363636364,0,4,2018,1999,20,0
gunther_cunningham,2019,hc_resume,32,3.4965075614664802,0.5,0,2,2000,1999,20,0
gus_bradley,2019,hc_resume,62,4.143134726391533,0.6595744680851063,0,4,2016,1999,20,0
herm_edwards,2019,hc_resume,128,4.859812404361672,0.8,0,8,2008,1999,20,0
hue_jackson,2019,hc_resume,56,4.04305126783455,0.6363636363636364,0,4,2018,1999,20,0
jack_del_rio,2019,hc_resume,187,5.236441962829949,0.8538812785388128,0,12,2017,1999,20,0
jason_garrett,2019,hc_resume,136,4.919980925828125,0.8095238095238095,0,9,2018,1999,20,0
jay_gruden,2019,hc_resume,80,4.394449154672439,0.7142857142857143,0,5,2018,1999,20,0
jeff_fisher,2019,hc_resume,272,5.60947179518496,0.8947368421052632,0,17,2016,1999,20,0
jim_bates,2019,hc_resume,7,2.0794415416798357,0.1794871794871795,0,1,2004,1999,20,0
jim_caldwell,2019,hc_resume,112,4.727387818712341,0.7777777777777778,0,7,2017,1999,20,0
jim_fassel,2019,hc_resume,80,4.394449154672439,0.7142857142857143,0,5,2003,1999,20,0
jim_harbaugh,2019,hc_resume,64,4.174387269895637,0.6666666666666666,0,4,2014,1999,20,0
jim_haslett,2019,hc_resume,108,4.6913478822291435,0.7714285714285715,0,7,2008,1999,20,0
jim_mora,2019,hc_resume,112,4.727387818712341,0.7777777777777778,0,7,2009,1999,20,0
jim_schwartz,2019,hc_resume,80,4.394449154672439,0.7142857142857143,0,5,2013,1999,20,0
jim_tomsula,2019,hc_resume,17,2.8903717578961645,0.3469387755102041,0,2,2015,1999,20,0
jim_zorn,2019,hc_resume,32,3.4965075614664802,0.5,0,2,2009,1999,20,0
jimmy_johnson,2019,hc_resume,16,2.833213344056216,0.3333333333333333,0,1,1999,1999,20,0
joe_gibbs,2019,hc_resume,64,4.174387269895637,0.6666666666666666,0,4,2007,1999,20,0
joe_philbin,2019,hc_resume,68,4.23410650459726,0.68,0,5,2018,1999,20,0
joe_vitt,2019,hc_resume,21,3.091042453358316,0.39622641509433965,0,2,2012,1999,20,0
john_fox,2019,hc_resume,256,5.54907608489522,0.8888888888888888,0,16,2017,1999,20,0
john_harbaugh,2019,hc_resume,176,5.176149732573829,0.8461538461538461,0,11,2018,1999,20,0
jon_gruden,2019,hc_resume,176,5.176149732573829,0.8461538461538461,0,11,2018,1999,20,0
josh_mcdaniels,2019,hc_resume,28,3.367295829986474,0.4666666666666667,0,2,2010,1999,20,0
ken_whisenhunt,2019,hc_resume,128,4.859812404361672,0.8,0,8,2015,1999,20,0
kyle_shanahan,2019,hc_resume,32,3.4965075614664802,0.5,0,2,2018,1999,20,0
lane_kiffin,2019,hc_resume,20,3.044522437723423,0.38461538461538464,0,2,2008,1999,20,0
leslie_frazier,2019,hc_resume,54,4.007333185232471,0.627906976744186,0,4,2013,1999,20,0
lovie_smith,2019,hc_resume,176,5.176149732573829,0.8461538461538461,0,11,2015,1999,20,0
marc_trestman,2019,hc_resume,32,3.4965075614664802,0.5,0,2,2014,1999,20,0
marty_mornhinweg,2019,hc_resume,32,3.4965075614664802,0.5,0,2,2002,1999,20,0
marty_schottenheimer,2019,hc_resume,96,4.574710978503383,0.75,0,6,2006,1999,20,0
marvin_lewis,2019,hc_resume,256,5.54907608489522,0.8888888888888888,0,16,2018,1999,20,0
matt_nagy,2019,hc_resume,16,2.833213344056216,0.3333333333333333,0,1,2018,1999,20,0
matt_patricia,2019,hc_resume,16,2.833213344056216,0.3333333333333333,0,1,2018,1999,20,0
mel_tucker,2019,hc_resume,5,1.791759469228055,0.13513513513513514,0,1,2011,1999,20,0
mike_ditka,2019,hc_resume,16,2.833213344056216,0.3333333333333333,0,1,1999,1999,20,0
mike_holmgren,2019,hc_resume,160,5.081404364984463,0.8333333333333334,0,10,2008,1999,20,0
mike_martz,2019,hc_resume,85,4.454347296253507,0.7264957264957265,0,6,2005,1999,20,0
mike_mccarthy,2019,hc_resume,204,5.3230099791384085,0.864406779661017,0,13,2018,1999,20,0
mike_mccoy,2019,hc_resume,64,4.174387269895637,0.6666666666666666,0,4,2016,1999,20,0
mike_mularkey,2019,hc_resume,80,4.394449154672439,0.7142857142857143,0,5,2017,1999,20,0
mike_munchak,2019,hc_resume,48,3.8918202981106265,0.6,0,3,2013,1999,20,0
mike_nolan,2019,hc_resume,55,4.02535169073515,0.632183908045977,0,4,2008,1999,20,0
mike_pettine,2019,hc_resume,32,3.4965075614664802,0.5,0,2,2015,1999,20,0
mike_riley,2019,hc_resume,48,3.8918202981106265,0.6,0,3,2001,1999,20,0
mike_shanahan,2019,hc_resume,224,5.41610040220442,0.875,0,14,2013,1999,20,0
mike_sherman,2019,hc_resume,96,4.574710978503383,0.75,0,6,2005,1999,20,0
mike_singletary,2019,hc_resume,40,3.713572066704308,0.5555555555555556,0,3,2010,1999,20,0
mike_smith,2019,hc_resume,112,4.727387818712341,0.7777777777777778,0,7,2014,1999,20,0
mike_tice,2019,hc_resume,65,4.189654742026425,0.6701030927835051,0,5,2005,1999,20,0
mike_tomlin,2019,hc_resume,192,5.262690188904886,0.8571428571428571,0,12,2018,1999,20,0
mike_vrabel,2019,hc_resume,16,2.833213344056216,0.3333333333333333,0,1,2018,1999,20,0
mike_zimmer,2019,hc_resume,80,4.394449154672439,0.7142857142857143,0,5,2018,1999,20,0
nick_saban,2019,hc_resume,32,3.4965075614664802,0.5,0,2,2006,1999,20,0
norv_turner,2019,hc_resume,147,4.997212273764115,0.8212290502793296,0,10,2012,1999,20,0
pat_shurmur,2019,hc_resume,49,3.912023005428146,0.6049382716049383,0,4,2018,1999,20,0
perry_fewell,2019,hc_resume,7,2.0794415416798357,0.1794871794871795,0,1,2009,1999,20,0
pete_carroll,2019,hc_resume,160,5.081404364984463,0.8333333333333334,0,10,2018,1999,20,0
raheem_morris,2019,hc_resume,48,3.8918202981106265,0.6,0,3,2011,1999,20,0
ray_rhodes,2019,hc_resume,16,2.833213344056216,0.3333333333333333,0,1,1999,1999,20,0
rex_ryan,2019,hc_resume,127,4.852030263919617,0.7987421383647799,0,8,2016,1999,20,0
rob_chudzinski,2019,hc_resume,16,2.833213344056216,0.3333333333333333,0,1,2013,1999,20,0
rod_marinelli,2019,hc_resume,48,3.8918202981106265,0.6,0,3,2008,1999,20,0
romeo_crennel,2019,hc_resume,83,4.430816798843313,0.7217391304347827,0,6,2012,1999,20,0
ron_rivera,2019,hc_resume,128,4.859812404361672,0.8,0,8,2018,1999,20,0
scott_linehan,2019,hc_resume,36,3.6109179126442243,0.5294117647058824,0,3,2008,1999,20,0
sean_mcdermott,2019,hc_resume,32,3.4965075614664802,0.5,0,2,2018,1999,20,0
sean_mcvay,2019,hc_resume,32,3.4965075614664802,0.5,0,2,2018,1999,20,0
sean_payton,2019,hc_resume,192,5.262690188904886,0.8571428571428571,0,12,2018,1999,20,0
steve_mariucci,2019,hc_resume,107,4.68213122712422,0.7697841726618705,0,7,2005,1999,20,0
steve_spagnuolo,2019,hc_resume,52,3.970291913552122,0.6190476190476191,0,4,2017,1999,20,0
steve_spurrier,2019,hc_resume,32,3.4965075614664802,0.5,0,2,2003,1999,20,0
steve_wilks,2019,hc_resume,16,2.833213344056216,0.3333333333333333,0,1,2018,1999,20,0
terry_robiskie,2019,hc_resume,18,2.9444389791664403,0.36,0,2,2004,1999,20,0
todd_bowles,2019,hc_resume,67,4.219507705176107,0.6767676767676768,0,5,2018,1999,20,0
todd_haley,2019,hc_resume,45,3.828641396489095,0.5844155844155844,0,3,2011,1999,20,0
tom_cable,2019,hc_resume,44,3.8066624897703196,0.5789473684210527,0,3,2010,1999,20,0
tom_coughlin,2019,hc_resume,256,5.54907608489522,0.8888888888888888,0,16,2015,1999,20,0
tony_dungy,2019,hc_resume,160,5.081404364984463,0.8333333333333334,0,10,2008,1999,20,0
tony_sparano,2019,hc_resume,73,4.30406509320417,0.6952380952380952,0,5,2014,1999,20,0
vance_joseph,2019,hc_resume,32,3.4965075614664802,0.5,0,2,2018,1999,20,0
vince_tobin,2019,hc_resume,25,3.258096538021482,0.43859649122807015,0,2,2000,1999,20,0
wade_phillips,2019,hc_resume,94,4.553876891600541,0.746031746031746,0,8,2013,1999,20,0
andy_reid,2019,noncalling_hc_context,5,1.791759469228055,0.13513513513513514,0,1,2017,2014,5,1
anthony_lynn,2019,noncalling_hc_context,32,3.4965075614664802,0.5,0,2,2018,2014,5,0
ben_mcadoo,2019,noncalling_hc_context,7,2.0794415416798357,0.1794871794871795,0,1,2017,2014,5,0
bill_belichick,2019,noncalling_hc_context,80,4.394449154672439,0.7142857142857143,0,5,2018,2014,5,1
bill_obrien,2019,noncalling_hc_context,19,2.995732273553991,0.37254901960784315,0,2,2016,2014,5,0
chuck_pagano,2019,noncalling_hc_context,64,4.174387269895637,0.6666666666666666,0,4,2017,2014,5,1
dan_quinn,2019,noncalling_hc_context,64,4.174387269895637,0.6666666666666666,0,4,2018,2014,5,0
doug_marrone,2019,noncalling_hc_context,50,3.9318256327243257,0.6097560975609756,0,4,2018,2014,5,1
gregg_williams,2019,noncalling_hc_context,8,2.1972245773362196,0.2,0,1,2018,2014,5,1
gus_bradley,2019,noncalling_hc_context,30,3.4339872044851463,0.4838709677419355,0,2,2016,2014,5,1
hue_jackson,2019,noncalling_hc_context,8,2.1972245773362196,0.2,0,1,2018,2014,5,1
jack_del_rio,2019,noncalling_hc_context,48,3.8918202981106265,0.6,0,3,2017,2014,5,1
jason_garrett,2019,noncalling_hc_context,80,4.394449154672439,0.7142857142857143,0,5,2018,2014,5,1
jay_gruden,2019,noncalling_hc_context,32,3.4965075614664802,0.5,0,2,2016,2014,5,0
jeff_fisher,2019,noncalling_hc_context,48,3.8918202981106265,0.6,0,3,2016,2014,5,1
jim_caldwell,2019,noncalling_hc_context,64,4.174387269895637,0.6666666666666666,0,4,2017,2014,5,1
jim_tomsula,2019,noncalling_hc_context,16,2.833213344056216,0.3333333333333333,0,1,2015,2014,5,1
joe_philbin,2019,noncalling_hc_context,36,3.6109179126442243,0.5294117647058824,0,3,2018,2014,5,1
john_fox,2019,noncalling_hc_context,48,3.8918202981106265,0.6,0,3,2017,2014,5,1
john_harbaugh,2019,noncalling_hc_context,80,4.394449154672439,0.7142857142857143,0,5,2018,2014,5,1
ken_whisenhunt,2019,noncalling_hc_context,9,2.302585092994046,0.21951219512195122,0,1,2015,2014,5,1
lovie_smith,2019,noncalling_hc_context,32,3.4965075614664802,0.5,0,2,2015,2014,5,1
marvin_lewis,2019,noncalling_hc_context,48,3.8918202981106265,0.6,0,3,2018,2014,5,1
matt_patricia,2019,noncalling_hc_context,16,2.833213344056216,0.3333333333333333,0,1,2018,2014,5,0
mike_mccarthy,2019,noncalling_hc_context,13,2.6390573296152584,0.28888888888888886,0,1,2015,2014,5,1
mike_mccoy,2019,noncalling_hc_context,32,3.4965075614664802,0.5,0,2,2015,2014,5,1
mike_mularkey,2019,noncalling_hc_context,32,3.4965075614664802,0.5,0,2,2017,2014,5,1
mike_pettine,2019,noncalling_hc_context,16,2.833213344056216,0.3333333333333333,0,1,2014,2014,5,0
mike_smith,2019,noncalling_hc_context,16,2.833213344056216,0.3333333333333333,0,1,2014,2014,5,1
mike_tomlin,2019,noncalling_hc_context,80,4.394449154672439,0.7142857142857143,0,5,2018,2014,5,1
mike_vrabel,2019,noncalling_hc_context,16,2.833213344056216,0.3333333333333333,0,1,2018,2014,5,0
mike_zimmer,2019,noncalling_hc_context,80,4.394449154672439,0.7142857142857143,0,5,2018,2014,5,0
pat_shurmur,2019,noncalling_hc_context,1,0.6931471805599453,0.030303030303030304,0,1,2015,2014,5,1
pete_carroll,2019,noncalling_hc_context,80,4.394449154672439,0.7142857142857143,0,5,2018,2014,5,1
rex_ryan,2019,noncalling_hc_context,47,3.871201010907891,0.5949367088607594,0,3,2016,2014,5,1
ron_rivera,2019,noncalling_hc_context,80,4.394449154672439,0.7142857142857143,0,5,2018,2014,5,1
sean_mcdermott,2019,noncalling_hc_context,32,3.4965075614664802,0.5,0,2,2018,2014,5,0
steve_spagnuolo,2019,noncalling_hc_context,4,1.6094379124341003,0.1111111111111111,0,1,2017,2014,5,1
steve_wilks,2019,noncalling_hc_context,16,2.833213344056216,0.3333333333333333,0,1,2018,2014,5,0
todd_bowles,2019,noncalling_hc_context,64,4.174387269895637,0.6666666666666666,0,4,2018,2014,5,1
tom_coughlin,2019,noncalling_hc_context,32,3.4965075614664802,0.5,0,2,2015,2014,5,1
vance_joseph,2019,noncalling_hc_context,32,3.4965075614664802,0.5,0,2,2018,2014,5,0
aaron_kromer,2019,unknown_caller_hc_games,6,1.9459101490553132,0.15789473684210525,0,1,2012,1999,20,0
al_groh,2019,unknown_caller_hc_games,16,2.833213344056216,0.3333333333333333,0,1,2000,1999,20,0
andy_reid,2019,unknown_caller_hc_games,240,5.484796933490655,0.8823529411764706,0,15,2013,1999,20,0
art_shell,2019,unknown_caller_hc_games,16,2.833213344056216,0.3333333333333333,0,1,2006,1999,20,0
bill_belichick,2019,unknown_caller_hc_games,224,5.41610040220442,0.875,0,14,2013,1999,20,0
bill_callahan,2019,unknown_caller_hc_games,32,3.4965075614664802,0.5,0,2,2003,1999,20,0
bill_cowher,2019,unknown_caller_hc_games,128,4.859812404361672,0.8,0,8,2006,1999,20,0
bill_parcells,2019,unknown_caller_hc_games,80,4.394449154672439,0.7142857142857143,0,5,2006,1999,20,0
bobby_petrino,2019,unknown_caller_hc_games,12,2.5649493574615367,0.2727272727272727,0,1,2007,1999,20,0
bobby_ross,2019,unknown_caller_hc_games,23,3.1780538303479458,0.41818181818181815,0,2,2000,1999,20,0
brad_childress,2019,unknown_caller_hc_games,74,4.31748811353631,0.6981132075471698,0,5,2010,1999,20,0
brian_billick,2019,unknown_caller_hc_games,144,4.976733742420574,0.8181818181818182,0,9,2007,1999,20,0
bruce_arians,2019,unknown_caller_hc_games,32,3.4965075614664802,0.5,0,2,2014,1999,20,0
bruce_coslet,2019,unknown_caller_hc_games,19,2.995732273553991,0.37254901960784315,0,2,2000,1999,20,0
butch_davis,2019,unknown_caller_hc_games,59,4.0943445622221,0.6483516483516484,0,4,2004,1999,20,0
cam_cameron,2019,unknown_caller_hc_games,16,2.833213344056216,0.3333333333333333,0,1,2007,1999,20,0
chan_gailey,2019,unknown_caller_hc_games,64,4.174387269895637,0.6666666666666666,0,4,2012,1999,20,0
chip_kelly,2019,unknown_caller_hc_games,16,2.833213344056216,0.3333333333333333,0,1,2013,1999,20,0
chris_palmer,2019,unknown_caller_hc_games,32,3.4965075614664802,0.5,0,2,2000,1999,20,0
chuck_pagano,2019,unknown_caller_hc_games,32,3.4965075614664802,0.5,0,2,2013,1999,20,0
dan_reeves,2019,unknown_caller_hc_games,77,4.356708826689592,0.7064220183486238,0,5,2003,1999,20,0
dave_campo,2019,unknown_caller_hc_games,48,3.8918202981106265,0.6,0,3,2002,1999,20,0
dave_mcginnis,2019,unknown_caller_hc_games,55,4.02535169073515,0.632183908045977,0,4,2003,1999,20,0
dave_wannstedt,2019,unknown_caller_hc_games,73,4.30406509320417,0.6952380952380952,0,5,2004,1999,20,0
dennis_allen,2019,unknown_caller_hc_games,36,3.6109179126442243,0.5294117647058824,0,3,2014,1999,20,0
dennis_erickson,2019,unknown_caller_hc_games,32,3.4965075614664802,0.5,0,2,2004,1999,20,0
dennis_green,2019,unknown_caller_hc_games,95,4.564348191467836,0.7480314960629921,0,6,2006,1999,20,0
dick_jauron,2019,unknown_caller_hc_games,142,4.962844630259907,0.8160919540229885,0,10,2009,1999,20,0
dick_lebeau,2019,unknown_caller_hc_games,45,3.828641396489095,0.5844155844155844,0,3,2002,1999,20,0
dick_vermeil,2019,unknown_caller_hc_games,96,4.574710978503383,0.75,0,6,2005,1999,20,0
dom_capers,2019,unknown_caller_hc_games,64,4.174387269895637,0.6666666666666666,0,4,2005,1999,20,0
doug_marrone,2019,unknown_caller_hc_games,16,2.833213344056216,0.3333333333333333,0,1,2013,1999,20,0
emmitt_thomas,2019,unknown_caller_hc_games,4,1.6094379124341003,0.1111111111111111,0,1,2007,1999,20,0
eric_mangini,2019,unknown_caller_hc_games,80,4.394449154672439,0.7142857142857143,0,5,2010,1999,20,0
eric_studesville,2019,unknown_caller_hc_games,4,1.6094379124341003,0.1111111111111111,0,1,2010,1999,20,0
gary_kubiak,2019,unknown_caller_hc_games,141,4.955827057601261,0.815028901734104,0,9,2016,1999,20,0
gary_moeller,2019,unknown_caller_hc_games,9,2.302585092994046,0.21951219512195122,0,1,2000,1999,20,0
george_seifert,2019,unknown_caller_hc_games,48,3.8918202981106265,0.6,0,3,2001,1999,20,0
greg_schiano,2019,unknown_caller_hc_games,32,3.4965075614664802,0.5,0,2,2013,1999,20,0
gregg_williams,2019,unknown_caller_hc_games,48,3.8918202981106265,0.6,0,3,2003,1999,20,0
gunther_cunningham,2019,unknown_caller_hc_games,32,3.4965075614664802,0.5,0,2,2000,1999,20,0
gus_bradley,2019,unknown_caller_hc_games,32,3.4965075614664802,0.5,0,2,2014,1999,20,0
herm_edwards,2019,unknown_caller_hc_games,128,4.859812404361672,0.8,0,8,2008,1999,20,0
hue_jackson,2019,unknown_caller_hc_games,16,2.833213344056216,0.3333333333333333,0,1,2011,1999,20,0
jack_del_rio,2019,unknown_caller_hc_games,139,4.941642422609304,0.8128654970760234,0,9,2011,1999,20,0
jason_garrett,2019,unknown_caller_hc_games,56,4.04305126783455,0.6363636363636364,0,4,2013,1999,20,0
jeff_fisher,2019,unknown_caller_hc_games,224,5.41610040220442,0.875,0,14,2013,1999,20,0
jim_bates,2019,unknown_caller_hc_games,7,2.0794415416798357,0.1794871794871795,0,1,2004,1999,20,0
jim_caldwell,2019,unknown_caller_hc_games,48,3.8918202981106265,0.6,0,3,2011,1999,20,0
jim_fassel,2019,unknown_caller_hc_games,80,4.394449154672439,0.7142857142857143,0,5,2003,1999,20,0
jim_harbaugh,2019,unknown_caller_hc_games,64,4.174387269895637,0.6666666666666666,0,4,2014,1999,20,0
jim_haslett,2019,unknown_caller_hc_games,108,4.6913478822291435,0.7714285714285715,0,7,2008,1999,20,0
jim_mora,2019,unknown_caller_hc_games,112,4.727387818712341,0.7777777777777778,0,7,2009,1999,20,0
jim_schwartz,2019,unknown_caller_hc_games,80,4.394449154672439,0.7142857142857143,0,5,2013,1999,20,0
jim_tomsula,2019,unknown_caller_hc_games,1,0.6931471805599453,0.030303030303030304,0,1,2010,1999,20,0
jim_zorn,2019,unknown_caller_hc_games,32,3.4965075614664802,0.5,0,2,2009,1999,20,0
jimmy_johnson,2019,unknown_caller_hc_games,16,2.833213344056216,0.3333333333333333,0,1,1999,1999,20,0
joe_gibbs,2019,unknown_caller_hc_games,64,4.174387269895637,0.6666666666666666,0,4,2007,1999,20,0
joe_philbin,2019,unknown_caller_hc_games,32,3.4965075614664802,0.5,0,2,2013,1999,20,0
joe_vitt,2019,unknown_caller_hc_games,21,3.091042453358316,0.39622641509433965,0,2,2012,1999,20,0
john_fox,2019,unknown_caller_hc_games,208,5.342334251964811,0.8666666666666667,0,13,2016,1999,20,0
john_harbaugh,2019,unknown_caller_hc_games,96,4.574710978503383,0.75,0,6,2013,1999,20,0
jon_gruden,2019,unknown_caller_hc_games,160,5.081404364984463,0.8333333333333334,0,10,2008,1999,20,0
josh_mcdaniels,2019,unknown_caller_hc_games,28,3.367295829986474,0.4666666666666667,0,2,2010,1999,20,0
ken_whisenhunt,2019,unknown_caller_hc_games,96,4.574710978503383,0.75,0,6,2012,1999,20,0
lane_kiffin,2019,unknown_caller_hc_games,20,3.044522437723423,0.38461538461538464,0,2,2008,1999,20,0
leslie_frazier,2019,unknown_caller_hc_games,54,4.007333185232471,0.627906976744186,0,4,2013,1999,20,0
lovie_smith,2019,unknown_caller_hc_games,144,4.976733742420574,0.8181818181818182,0,9,2012,1999,20,0
marc_trestman,2019,unknown_caller_hc_games,32,3.4965075614664802,0.5,0,2,2014,1999,20,0
marty_mornhinweg,2019,unknown_caller_hc_games,32,3.4965075614664802,0.5,0,2,2002,1999,20,0
marty_schottenheimer,2019,unknown_caller_hc_games,96,4.574710978503383,0.75,0,6,2006,1999,20,0
marvin_lewis,2019,unknown_caller_hc_games,208,5.342334251964811,0.8666666666666667,0,13,2016,1999,20,0
mel_tucker,2019,unknown_caller_hc_games,5,1.791759469228055,0.13513513513513514,0,1,2011,1999,20,0
mike_ditka,2019,unknown_caller_hc_games,16,2.833213344056216,0.3333333333333333,0,1,1999,1999,20,0
mike_holmgren,2019,unknown_caller_hc_games,160,5.081404364984463,0.8333333333333334,0,10,2008,1999,20,0
mike_martz,2019,unknown_caller_hc_games,85,4.454347296253507,0.7264957264957265,0,6,2005,1999,20,0
mike_mccarthy,2019,unknown_caller_hc_games,128,4.859812404361672,0.8,0,8,2013,1999,20,0
mike_mccoy,2019,unknown_caller_hc_games,32,3.4965075614664802,0.5,0,2,2016,1999,20,0
mike_mularkey,2019,unknown_caller_hc_games,48,3.8918202981106265,0.6,0,3,2012,1999,20,0
mike_munchak,2019,unknown_caller_hc_games,48,3.8918202981106265,0.6,0,3,2013,1999,20,0
mike_nolan,2019,unknown_caller_hc_games,55,4.02535169073515,0.632183908045977,0,4,2008,1999,20,0
mike_pettine,2019,unknown_caller_hc_games,16,2.833213344056216,0.3333333333333333,0,1,2015,1999,20,0
mike_riley,2019,unknown_caller_hc_games,48,3.8918202981106265,0.6,0,3,2001,1999,20,0
mike_shanahan,2019,unknown_caller_hc_games,224,5.41610040220442,0.875,0,14,2013,1999,20,0
mike_sherman,2019,unknown_caller_hc_games,96,4.574710978503383,0.75,0,6,2005,1999,20,0
mike_singletary,2019,unknown_caller_hc_games,40,3.713572066704308,0.5555555555555556,0,3,2010,1999,20,0
mike_smith,2019,unknown_caller_hc_games,96,4.574710978503383,0.75,0,6,2013,1999,20,0
mike_tice,2019,unknown_caller_hc_games,65,4.189654742026425,0.6701030927835051,0,5,2005,1999,20,0
mike_tomlin,2019,unknown_caller_hc_games,112,4.727387818712341,0.7777777777777778,0,7,2013,1999,20,0
nick_saban,2019,unknown_caller_hc_games,32,3.4965075614664802,0.5,0,2,2006,1999,20,0
norv_turner,2019,unknown_caller_hc_games,147,4.997212273764115,0.8212290502793296,0,10,2012,1999,20,0
pat_shurmur,2019,unknown_caller_hc_games,32,3.4965075614664802,0.5,0,2,2012,1999,20,0
perry_fewell,2019,unknown_caller_hc_games,7,2.0794415416798357,0.1794871794871795,0,1,2009,1999,20,0
pete_carroll,2019,unknown_caller_hc_games,80,4.394449154672439,0.7142857142857143,0,5,2013,1999,20,0
raheem_morris,2019,unknown_caller_hc_games,48,3.8918202981106265,0.6,0,3,2011,1999,20,0
ray_rhodes,2019,unknown_caller_hc_games,16,2.833213344056216,0.3333333333333333,0,1,1999,1999,20,0
rex_ryan,2019,unknown_caller_hc_games,80,4.394449154672439,0.7142857142857143,0,5,2013,1999,20,0
rob_chudzinski,2019,unknown_caller_hc_games,16,2.833213344056216,0.3333333333333333,0,1,2013,1999,20,0
rod_marinelli,2019,unknown_caller_hc_games,48,3.8918202981106265,0.6,0,3,2008,1999,20,0
romeo_crennel,2019,unknown_caller_hc_games,83,4.430816798843313,0.7217391304347827,0,6,2012,1999,20,0
ron_rivera,2019,unknown_caller_hc_games,48,3.8918202981106265,0.6,0,3,2013,1999,20,0
scott_linehan,2019,unknown_caller_hc_games,36,3.6109179126442243,0.5294117647058824,0,3,2008,1999,20,0
sean_payton,2019,unknown_caller_hc_games,128,4.859812404361672,0.8,0,8,2016,1999,20,0
steve_mariucci,2019,unknown_caller_hc_games,107,4.68213122712422,0.7697841726618705,0,7,2005,1999,20,0
steve_spagnuolo,2019,unknown_caller_hc_games,48,3.8918202981106265,0.6,0,3,2011,1999,20,0
steve_spurrier,2019,unknown_caller_hc_games,32,3.4965075614664802,0.5,0,2,2003,1999,20,0
terry_robiskie,2019,unknown_caller_hc_games,18,2.9444389791664403,0.36,0,2,2004,1999,20,0
todd_bowles,2019,unknown_caller_hc_games,3,1.3862943611198906,0.08571428571428572,0,1,2011,1999,20,0
todd_haley,2019,unknown_caller_hc_games,45,3.828641396489095,0.5844155844155844,0,3,2011,1999,20,0
tom_cable,2019,unknown_caller_hc_games,44,3.8066624897703196,0.5789473684210527,0,3,2010,1999,20,0
tom_coughlin,2019,unknown_caller_hc_games,224,5.41610040220442,0.875,0,14,2013,1999,20,0
tony_dungy,2019,unknown_caller_hc_games,160,5.081404364984463,0.8333333333333334,0,10,2008,1999,20,0
tony_sparano,2019,unknown_caller_hc_games,73,4.30406509320417,0.6952380952380952,0,5,2014,1999,20,0
vince_tobin,2019,unknown_caller_hc_games,25,3.258096538021482,0.43859649122807015,0,2,2000,1999,20,0
wade_phillips,2019,unknown_caller_hc_games,94,4.553876891600541,0.746031746031746,0,8,2013,1999,20,0
adam_gase,2020,caller,96,4.574710978503383,0.75,0,6,2019,2014,6,0
andy_reid,2020,caller,91,4.5217885770490405,0.7398373983739838,0,6,2019,2014,6,1
anthony_lynn,2020,caller,14,2.70805020110221,0.30434782608695654,0,1,2016,2014,6,0
arthur_smith,2020,caller,16,2.833213344056216,0.3333333333333333,0,1,2019,2014,6,0
ben_mcadoo,2020,caller,53,3.9889840465642745,0.6235294117647059,0,4,2017,2014,6,0
bill_lazor,2020,caller,57,4.060443010546419,0.6404494382022472,0,4,2018,2014,6,0
bill_musgrave,2020,caller,48,3.8918202981106265,0.6,0,3,2018,2014,6,0
bill_obrien,2020,caller,77,4.356708826689592,0.7064220183486238,0,5,2019,2014,6,0
brian_daboll,2020,caller,16,2.833213344056216,0.3333333333333333,0,1,2018,2014,6,0
brian_schottenheimer,2020,caller,48,3.8918202981106265,0.6,0,3,2019,2014,6,0
bruce_arians,2020,caller,48,3.8918202981106265,0.6,0,3,2017,2014,6,1
byron_leftwich,2020,caller,16,2.833213344056216,0.3333333333333333,0,1,2019,2014,6,0
chad_oshea,2020,caller,16,2.833213344056216,0.3333333333333333,0,1,2019,2014,6,0
chan_gailey,2020,caller,32,3.4965075614664802,0.5,0,2,2016,2014,6,1
chip_kelly,2020,caller,48,3.8918202981106265,0.6,0,3,2016,2014,6,1
darrell_bevell,2020,caller,64,4.174387269895637,0.6666666666666666,0,4,2017,2014,6,0
dirk_koetter,2020,caller,80,4.394449154672439,0.7142857142857143,0,5,2018,2014,6,0
doug_pederson,2020,caller,64,4.174387269895637,0.6666666666666666,0,4,2019,2014,6,0
dowell_loggains,2020,caller,16,2.833213344056216,0.3333333333333333,0,1,2017,2014,6,0
frank_cignetti,2020,caller,12,2.5649493574615367,0.2727272727272727,0,1,2015,2014,6,0
frank_reich,2020,caller,64,4.174387269895637,0.6666666666666666,0,4,2019,2014,6,0
freddie_kitchens,2020,caller,24,3.2188758248682006,0.42857142857142855,0,2,2019,2014,6,0
gary_kubiak,2020,caller,32,3.4965075614664802,0.5,0,2,2015,2014,6,1
geep_chryst,2020,caller,16,2.833213344056216,0.3333333333333333,0,1,2015,2014,6,0
george_godsey,2020,caller,19,2.995732273553991,0.37254901960784315,0,2,2016,2014,6,0
greg_olson,2020,caller,23,3.1780538303479458,0.41818181818181815,0,2,2016,2014,6,0
greg_roman,2020,caller,18,2.9444389791664403,0.36,0,2,2016,2014,6,0
hue_jackson,2020,caller,48,3.8918202981106265,0.6,0,3,2017,2014,6,1
jason_michael,2020,caller,9,2.302585092994046,0.21951219512195122,0,1,2015,2014,6,0
jay_gruden,2020,caller,53,3.9889840465642745,0.6235294117647059,0,4,2019,2014,6,0
jeremy_bates,2020,caller,16,2.833213344056216,0.3333333333333333,0,1,2018,2014,6,0
jim_bob_cooter,2020,caller,57,4.060443010546419,0.6404494382022472,0,4,2018,2014,6,0
joe_lombardi,2020,caller,23,3.1780538303479458,0.41818181818181815,0,2,2015,2014,6,0
john_defilippo,2020,caller,32,3.4965075614664802,0.5,0,2,2019,2014,6,0
john_morton,2020,caller,16,2.833213344056216,0.3333333333333333,0,1,2017,2014,6,0
jon_gruden,2020,caller,32,3.4965075614664802,0.5,0,2,2019,2014,6,1
josh_mcdaniels,2020,caller,80,4.394449154672439,0.7142857142857143,0,5,2018,2014,6,1
kellen_moore,2020,caller,16,2.833213344056216,0.3333333333333333,0,1,2019,2014,6,0
ken_whisenhunt,2020,caller,62,4.143134726391533,0.6595744680851063,0,5,2019,2014,6,1
ken_zampese,2020,caller,2,1.0986122886681098,0.058823529411764705,0,1,2017,2014,6,0
kevin_oconnell,2020,caller,11,2.4849066497880004,0.2558139534883721,0,1,2019,2014,6,0
kevin_stefanski,2020,caller,16,2.833213344056216,0.3333333333333333,0,1,2019,2014,6,0
kyle_shanahan,2020,caller,96,4.574710978503383,0.75,0,6,2019,2014,6,0
marc_trestman,2020,caller,21,3.091042453358316,0.39622641509433965,0,2,2016,2014,6,1
marcus_arroyo,2020,caller,16,2.833213344056216,0.3333333333333333,0,1,2014,2014,6,0
marty_mornhinweg,2020,caller,59,4.0943445622221,0.6483516483516484,0,4,2018,2014,6,1
matt_lafleur,2020,caller,32,3.4965075614664802,0.5,0,2,2019,2014,6,0
matt_nagy,2020,caller,37,3.6375861597263857,0.5362318840579711,0,3,2019,2014,6,0
mike_mccarthy,2020,caller,67,4.219507705176107,0.6767676767676768,0,5,2018,2014,6,1
mike_mccoy,2020,caller,32,3.4965075614664802,0.5,0,2,2018,2014,6,1
mike_shula,2020,caller,64,4.174387269895637,0.6666666666666666,0,4,2017,2014,6,0
mike_sullivan,2020,caller,11,2.4849066497880004,0.2558139534883721,0,1,2017,2014,6,0
nathaniel_hackett,2020,caller,57,4.060443010546419,0.6404494382022472,0,4,2018,2014,6,0
norv_turner,2020,caller,71,4.276666119016055,0.6893203883495146,0,5,2019,2014,6,1
pat_shurmur,2020,caller,41,3.7376696182833684,0.5616438356164384,0,3,2018,2014,6,1
pep_hamilton,2020,caller,24,3.2188758248682006,0.42857142857142855,0,2,2015,2014,6,0
randy_fichtner,2020,caller,32,3.4965075614664802,0.5,0,2,2019,2014,6,0
rich_scangarello,2020,caller,16,2.833213344056216,0.3333333333333333,0,1,2019,2014,6,0
rick_dennison,2020,caller,16,2.833213344056216,0.3333333333333333,0,1,2017,2014,6,0
rob_boras,2020,caller,20,3.044522437723423,0.38461538461538464,0,2,2016,2014,6,0
rob_chudzinski,2020,caller,40,3.713572066704308,0.5555555555555556,0,3,2017,2014,6,1
scott_linehan,2020,caller,80,4.394449154672439,0.7142857142857143,0,5,2018,2014,6,1
sean_mcvay,2020,caller,80,4.394449154672439,0.7142857142857143,0,5,2019,2014,6,0
sean_payton,2020,caller,64,4.174387269895637,0.6666666666666666,0,4,2018,2014,6,1
shane_steichen,2020,caller,9,2.302585092994046,0.21951219512195122,0,1,2019,2014,6,0
steve_sarkisian,2020,caller,32,3.4965075614664802,0.5,0,2,2018,2014,6,0
terry_robiskie,2020,caller,32,3.4965075614664802,0.5,0,2,2017,2014,6,1
todd_downing,2020,caller,16,2.833213344056216,0.3333333333333333,0,1,2017,2014,6,0
todd_haley,2020,caller,72,4.290459441148391,0.6923076923076923,0,5,2018,2014,6,1
tom_clements,2020,caller,13,2.6390573296152584,0.28888888888888886,0,1,2015,2014,6,0
zac_taylor,2020,caller,21,3.091042453358316,0.39622641509433965,0,2,2019,2014,6,0
aaron_kromer,2020,hc_resume,6,1.9459101490553132,0.15789473684210525,0,1,2012,1999,21,0
adam_gase,2020,hc_resume,64,4.174387269895637,0.6666666666666666,0,4,2019,1999,21,0
al_groh,2020,hc_resume,16,2.833213344056216,0.3333333333333333,0,1,2000,1999,21,0
andy_reid,2020,hc_resume,336,5.820082930352362,0.9130434782608695,0,21,2019,1999,21,0
anthony_lynn,2020,hc_resume,49,3.912023005428146,0.6049382716049383,0,4,2019,1999,21,0
art_shell,2020,hc_resume,16,2.833213344056216,0.3333333333333333,0,1,2006,1999,21,0
ben_mcadoo,2020,hc_resume,28,3.367295829986474,0.4666666666666667,0,2,2017,1999,21,0
bill_belichick,2020,hc_resume,320,5.771441123130016,0.9090909090909091,0,20,2019,1999,21,0
bill_callahan,2020,hc_resume,43,3.784189633918261,0.5733333333333334,0,3,2019,1999,21,0
bill_cowher,2020,hc_resume,128,4.859812404361672,0.8,0,8,2006,1999,21,0
bill_obrien,2020,hc_resume,96,4.574710978503383,0.75,0,6,2019,1999,21,0
bill_parcells,2020,hc_resume,80,4.394449154672439,0.7142857142857143,0,5,2006,1999,21,0
bobby_petrino,2020,hc_resume,12,2.5649493574615367,0.2727272727272727,0,1,2007,1999,21,0
bobby_ross,2020,hc_resume,23,3.1780538303479458,0.41818181818181815,0,2,2000,1999,21,0
brad_childress,2020,hc_resume,74,4.31748811353631,0.6981132075471698,0,5,2010,1999,21,0
brian_billick,2020,hc_resume,144,4.976733742420574,0.8181818181818182,0,9,2007,1999,21,0
brian_flores,2020,hc_resume,16,2.833213344056216,0.3333333333333333,0,1,2019,1999,21,0
bruce_arians,2020,hc_resume,96,4.574710978503383,0.75,0,6,2019,1999,21,0
bruce_coslet,2020,hc_resume,19,2.995732273553991,0.37254901960784315,0,2,2000,1999,21,0
butch_davis,2020,hc_resume,59,4.0943445622221,0.6483516483516484,0,4,2004,1999,21,0
cam_cameron,2020,hc_resume,16,2.833213344056216,0.3333333333333333,0,1,2007,1999,21,0
chan_gailey,2020,hc_resume,64,4.174387269895637,0.6666666666666666,0,4,2012,1999,21,0
chip_kelly,2020,hc_resume,63,4.1588830833596715,0.6631578947368421,0,4,2016,1999,21,0
chris_palmer,2020,hc_resume,32,3.4965075614664802,0.5,0,2,2000,1999,21,0
chuck_pagano,2020,hc_resume,96,4.574710978503383,0.75,0,6,2017,1999,21,0
dan_quinn,2020,hc_resume,80,4.394449154672439,0.7142857142857143,0,5,2019,1999,21,0
dan_reeves,2020,hc_resume,77,4.356708826689592,0.7064220183486238,0,5,2003,1999,21,0
dave_campo,2020,hc_resume,48,3.8918202981106265,0.6,0,3,2002,1999,21,0
dave_mcginnis,2020,hc_resume,55,4.02535169073515,0.632183908045977,0,4,2003,1999,21,0
dave_wannstedt,2020,hc_resume,73,4.30406509320417,0.6952380952380952,0,5,2004,1999,21,0
dennis_allen,2020,hc_resume,36,3.6109179126442243,0.5294117647058824,0,3,2014,1999,21,0
dennis_erickson,2020,hc_resume,32,3.4965075614664802,0.5,0,2,2004,1999,21,0
dennis_green,2020,hc_resume,95,4.564348191467836,0.7480314960629921,0,6,2006,1999,21,0
dick_jauron,2020,hc_resume,142,4.962844630259907,0.8160919540229885,0,10,2009,1999,21,0
dick_lebeau,2020,hc_resume,45,3.828641396489095,0.5844155844155844,0,3,2002,1999,21,0
dick_vermeil,2020,hc_resume,96,4.574710978503383,0.75,0,6,2005,1999,21,0
dirk_koetter,2020,hc_resume,48,3.8918202981106265,0.6,0,3,2018,1999,21,0
dom_capers,2020,hc_resume,64,4.174387269895637,0.6666666666666666,0,4,2005,1999,21,0
doug_marrone,2020,hc_resume,82,4.418840607796598,0.7192982456140351,0,6,2019,1999,21,0
doug_pederson,2020,hc_resume,64,4.174387269895637,0.6666666666666666,0,4,2019,1999,21,0
emmitt_thomas,2020,hc_resume,4,1.6094379124341003,0.1111111111111111,0,1,2007,1999,21,0
eric_mangini,2020,hc_resume,80,4.394449154672439,0.7142857142857143,0,5,2010,1999,21,0
eric_studesville,2020,hc_resume,4,1.6094379124341003,0.1111111111111111,0,1,2010,1999,21,0
frank_reich,2020,hc_resume,32,3.4965075614664802,0.5,0,2,2019,1999,21,0
freddie_kitchens,2020,hc_resume,16,2.833213344056216,0.3333333333333333,0,1,2019,1999,21,0
gary_kubiak,2020,hc_resume,157,5.062595033026967,0.8306878306878307,0,10,2016,1999,21,0
gary_moeller,2020,hc_resume,9,2.302585092994046,0.21951219512195122,0,1,2000,1999,21,0
george_seifert,2020,hc_resume,48,3.8918202981106265,0.6,0,3,2001,1999,21,0
greg_schiano,2020,hc_resume,32,3.4965075614664802,0.5,0,2,2013,1999,21,0
gregg_williams,2020,hc_resume,56,4.04305126783455,0.6363636363636364,0,4,2018,1999,21,0
gunther_cunningham,2020,hc_resume,32,3.4965075614664802,0.5,0,2,2000,1999,21,0
gus_bradley,2020,hc_resume,62,4.143134726391533,0.6595744680851063,0,4,2016,1999,21,0
herm_edwards,2020,hc_resume,128,4.859812404361672,0.8,0,8,2008,1999,21,0
hue_jackson,2020,hc_resume,56,4.04305126783455,0.6363636363636364,0,4,2018,1999,21,0
jack_del_rio,2020,hc_resume,187,5.236441962829949,0.8538812785388128,0,12,2017,1999,21,0
jason_garrett,2020,hc_resume,152,5.030437921392435,0.8260869565217391,0,10,2019,1999,21,0
jay_gruden,2020,hc_resume,85,4.454347296253507,0.7264957264957265,0,6,2019,1999,21,0
jeff_fisher,2020,hc_resume,272,5.60947179518496,0.8947368421052632,0,17,2016,1999,21,0
jim_bates,2020,hc_resume,7,2.0794415416798357,0.1794871794871795,0,1,2004,1999,21,0
jim_caldwell,2020,hc_resume,112,4.727387818712341,0.7777777777777778,0,7,2017,1999,21,0
jim_fassel,2020,hc_resume,80,4.394449154672439,0.7142857142857143,0,5,2003,1999,21,0
jim_harbaugh,2020,hc_resume,64,4.174387269895637,0.6666666666666666,0,4,2014,1999,21,0
jim_haslett,2020,hc_resume,108,4.6913478822291435,0.7714285714285715,0,7,2008,1999,21,0
jim_mora,2020,hc_resume,112,4.727387818712341,0.7777777777777778,0,7,2009,1999,21,0
jim_schwartz,2020,hc_resume,80,4.394449154672439,0.7142857142857143,0,5,2013,1999,21,0
jim_tomsula,2020,hc_resume,17,2.8903717578961645,0.3469387755102041,0,2,2015,1999,21,0
jim_zorn,2020,hc_resume,32,3.4965075614664802,0.5,0,2,2009,1999,21,0
jimmy_johnson,2020,hc_resume,16,2.833213344056216,0.3333333333333333,0,1,1999,1999,21,0
joe_gibbs,2020,hc_resume,64,4.174387269895637,0.6666666666666666,0,4,2007,1999,21,0
joe_philbin,2020,hc_resume,68,4.23410650459726,0.68,0,5,2018,1999,21,0
joe_vitt,2020,hc_resume,21,3.091042453358316,0.39622641509433965,0,2,2012,1999,21,0
john_fox,2020,hc_resume,256,5.54907608489522,0.8888888888888888,0,16,2017,1999,21,0
john_harbaugh,2020,hc_resume,192,5.262690188904886,0.8571428571428571,0,12,2019,1999,21,0
jon_gruden,2020,hc_resume,192,5.262690188904886,0.8571428571428571,0,12,2019,1999,21,0
josh_mcdaniels,2020,hc_resume,28,3.367295829986474,0.4666666666666667,0,2,2010,1999,21,0
ken_whisenhunt,2020,hc_resume,128,4.859812404361672,0.8,0,8,2015,1999,21,0
kliff_kingsbury,2020,hc_resume,16,2.833213344056216,0.3333333333333333,0,1,2019,1999,21,0
kyle_shanahan,2020,hc_resume,48,3.8918202981106265,0.6,0,3,2019,1999,21,0
lane_kiffin,2020,hc_resume,20,3.044522437723423,0.38461538461538464,0,2,2008,1999,21,0
leslie_frazier,2020,hc_resume,54,4.007333185232471,0.627906976744186,0,4,2013,1999,21,0
lovie_smith,2020,hc_resume,176,5.176149732573829,0.8461538461538461,0,11,2015,1999,21,0
marc_trestman,2020,hc_resume,32,3.4965075614664802,0.5,0,2,2014,1999,21,0
marty_mornhinweg,2020,hc_resume,32,3.4965075614664802,0.5,0,2,2002,1999,21,0
marty_schottenheimer,2020,hc_resume,96,4.574710978503383,0.75,0,6,2006,1999,21,0
marvin_lewis,2020,hc_resume,256,5.54907608489522,0.8888888888888888,0,16,2018,1999,21,0
matt_lafleur,2020,hc_resume,16,2.833213344056216,0.3333333333333333,0,1,2019,1999,21,0
matt_nagy,2020,hc_resume,32,3.4965075614664802,0.5,0,2,2019,1999,21,0
matt_patricia,2020,hc_resume,32,3.4965075614664802,0.5,0,2,2019,1999,21,0
mel_tucker,2020,hc_resume,5,1.791759469228055,0.13513513513513514,0,1,2011,1999,21,0
mike_ditka,2020,hc_resume,16,2.833213344056216,0.3333333333333333,0,1,1999,1999,21,0
mike_holmgren,2020,hc_resume,160,5.081404364984463,0.8333333333333334,0,10,2008,1999,21,0
mike_martz,2020,hc_resume,85,4.454347296253507,0.7264957264957265,0,6,2005,1999,21,0
mike_mccarthy,2020,hc_resume,204,5.3230099791384085,0.864406779661017,0,13,2018,1999,21,0
mike_mccoy,2020,hc_resume,64,4.174387269895637,0.6666666666666666,0,4,2016,1999,21,0
mike_mularkey,2020,hc_resume,80,4.394449154672439,0.7142857142857143,0,5,2017,1999,21,0
mike_munchak,2020,hc_resume,48,3.8918202981106265,0.6,0,3,2013,1999,21,0
mike_nolan,2020,hc_resume,55,4.02535169073515,0.632183908045977,0,4,2008,1999,21,0
mike_pettine,2020,hc_resume,32,3.4965075614664802,0.5,0,2,2015,1999,21,0
mike_riley,2020,hc_resume,48,3.8918202981106265,0.6,0,3,2001,1999,21,0
mike_shanahan,2020,hc_resume,224,5.41610040220442,0.875,0,14,2013,1999,21,0
mike_sherman,2020,hc_resume,96,4.574710978503383,0.75,0,6,2005,1999,21,0
mike_singletary,2020,hc_resume,40,3.713572066704308,0.5555555555555556,0,3,2010,1999,21,0
mike_smith,2020,hc_resume,112,4.727387818712341,0.7777777777777778,0,7,2014,1999,21,0
mike_tice,2020,hc_resume,65,4.189654742026425,0.6701030927835051,0,5,2005,1999,21,0
mike_tomlin,2020,hc_resume,208,5.342334251964811,0.8666666666666667,0,13,2019,1999,21,0
mike_vrabel,2020,hc_resume,32,3.4965075614664802,0.5,0,2,2019,1999,21,0
mike_zimmer,2020,hc_resume,96,4.574710978503383,0.75,0,6,2019,1999,21,0
nick_saban,2020,hc_resume,32,3.4965075614664802,0.5,0,2,2006,1999,21,0
norv_turner,2020,hc_resume,147,4.997212273764115,0.8212290502793296,0,10,2012,1999,21,0
pat_shurmur,2020,hc_resume,65,4.189654742026425,0.6701030927835051,0,5,2019,1999,21,0
perry_fewell,2020,hc_resume,7,2.0794415416798357,0.1794871794871795,0,1,2009,1999,21,0
pete_carroll,2020,hc_resume,176,5.176149732573829,0.8461538461538461,0,11,2019,1999,21,0
raheem_morris,2020,hc_resume,48,3.8918202981106265,0.6,0,3,2011,1999,21,0
ray_rhodes,2020,hc_resume,16,2.833213344056216,0.3333333333333333,0,1,1999,1999,21,0
rex_ryan,2020,hc_resume,127,4.852030263919617,0.7987421383647799,0,8,2016,1999,21,0
rob_chudzinski,2020,hc_resume,16,2.833213344056216,0.3333333333333333,0,1,2013,1999,21,0
rod_marinelli,2020,hc_resume,48,3.8918202981106265,0.6,0,3,2008,1999,21,0
romeo_crennel,2020,hc_resume,83,4.430816798843313,0.7217391304347827,0,6,2012,1999,21,0
ron_rivera,2020,hc_resume,144,4.976733742420574,0.8181818181818182,0,9,2019,1999,21,0
scott_linehan,2020,hc_resume,36,3.6109179126442243,0.5294117647058824,0,3,2008,1999,21,0
sean_mcdermott,2020,hc_resume,48,3.8918202981106265,0.6,0,3,2019,1999,21,0
sean_mcvay,2020,hc_resume,48,3.8918202981106265,0.6,0,3,2019,1999,21,0
sean_payton,2020,hc_resume,208,5.342334251964811,0.8666666666666667,0,13,2019,1999,21,0
steve_mariucci,2020,hc_resume,107,4.68213122712422,0.7697841726618705,0,7,2005,1999,21,0
steve_spagnuolo,2020,hc_resume,52,3.970291913552122,0.6190476190476191,0,4,2017,1999,21,0
steve_spurrier,2020,hc_resume,32,3.4965075614664802,0.5,0,2,2003,1999,21,0
steve_wilks,2020,hc_resume,16,2.833213344056216,0.3333333333333333,0,1,2018,1999,21,0
terry_robiskie,2020,hc_resume,18,2.9444389791664403,0.36,0,2,2004,1999,21,0
todd_bowles,2020,hc_resume,67,4.219507705176107,0.6767676767676768,0,5,2018,1999,21,0
todd_haley,2020,hc_resume,45,3.828641396489095,0.5844155844155844,0,3,2011,1999,21,0
tom_cable,2020,hc_resume,44,3.8066624897703196,0.5789473684210527,0,3,2010,1999,21,0
tom_coughlin,2020,hc_resume,256,5.54907608489522,0.8888888888888888,0,16,2015,1999,21,0
tony_dungy,2020,hc_resume,160,5.081404364984463,0.8333333333333334,0,10,2008,1999,21,0
tony_sparano,2020,hc_resume,73,4.30406509320417,0.6952380952380952,0,5,2014,1999,21,0
vance_joseph,2020,hc_resume,32,3.4965075614664802,0.5,0,2,2018,1999,21,0
vic_fangio,2020,hc_resume,16,2.833213344056216,0.3333333333333333,0,1,2019,1999,21,0
vince_tobin,2020,hc_resume,25,3.258096538021482,0.43859649122807015,0,2,2000,1999,21,0
wade_phillips,2020,hc_resume,94,4.553876891600541,0.746031746031746,0,8,2013,1999,21,0
zac_taylor,2020,hc_resume,16,2.833213344056216,0.3333333333333333,0,1,2019,1999,21,0
andy_reid,2020,noncalling_hc_context,5,1.791759469228055,0.13513513513513514,0,1,2017,2014,6,1
anthony_lynn,2020,noncalling_hc_context,48,3.8918202981106265,0.6,0,3,2019,2014,6,0
ben_mcadoo,2020,noncalling_hc_context,7,2.0794415416798357,0.1794871794871795,0,1,2017,2014,6,0
bill_belichick,2020,noncalling_hc_context,80,4.394449154672439,0.7142857142857143,0,5,2018,2014,6,1
bill_callahan,2020,noncalling_hc_context,11,2.4849066497880004,0.2558139534883721,0,1,2019,2014,6,1
bill_obrien,2020,noncalling_hc_context,19,2.995732273553991,0.37254901960784315,0,2,2016,2014,6,0
brian_flores,2020,noncalling_hc_context,16,2.833213344056216,0.3333333333333333,0,1,2019,2014,6,0
bruce_arians,2020,noncalling_hc_context,16,2.833213344056216,0.3333333333333333,0,1,2019,2014,6,1
chuck_pagano,2020,noncalling_hc_context,64,4.174387269895637,0.6666666666666666,0,4,2017,2014,6,1
dan_quinn,2020,noncalling_hc_context,64,4.174387269895637,0.6666666666666666,0,4,2018,2014,6,0
doug_marrone,2020,noncalling_hc_context,66,4.204692619390966,0.673469387755102,0,5,2019,2014,6,1
gregg_williams,2020,noncalling_hc_context,8,2.1972245773362196,0.2,0,1,2018,2014,6,1
gus_bradley,2020,noncalling_hc_context,30,3.4339872044851463,0.4838709677419355,0,2,2016,2014,6,1
hue_jackson,2020,noncalling_hc_context,8,2.1972245773362196,0.2,0,1,2018,2014,6,1
jack_del_rio,2020,noncalling_hc_context,48,3.8918202981106265,0.6,0,3,2017,2014,6,1
jason_garrett,2020,noncalling_hc_context,96,4.574710978503383,0.75,0,6,2019,2014,6,1
jay_gruden,2020,noncalling_hc_context,32,3.4965075614664802,0.5,0,2,2016,2014,6,0
jeff_fisher,2020,noncalling_hc_context,48,3.8918202981106265,0.6,0,3,2016,2014,6,1
jim_caldwell,2020,noncalling_hc_context,64,4.174387269895637,0.6666666666666666,0,4,2017,2014,6,1
jim_tomsula,2020,noncalling_hc_context,16,2.833213344056216,0.3333333333333333,0,1,2015,2014,6,1
joe_philbin,2020,noncalling_hc_context,36,3.6109179126442243,0.5294117647058824,0,3,2018,2014,6,1
john_fox,2020,noncalling_hc_context,48,3.8918202981106265,0.6,0,3,2017,2014,6,1
john_harbaugh,2020,noncalling_hc_context,80,4.394449154672439,0.7142857142857143,0,5,2018,2014,6,1
ken_whisenhunt,2020,noncalling_hc_context,9,2.302585092994046,0.21951219512195122,0,1,2015,2014,6,1
lovie_smith,2020,noncalling_hc_context,32,3.4965075614664802,0.5,0,2,2015,2014,6,1
marvin_lewis,2020,noncalling_hc_context,48,3.8918202981106265,0.6,0,3,2018,2014,6,1
matt_patricia,2020,noncalling_hc_context,16,2.833213344056216,0.3333333333333333,0,1,2018,2014,6,0
mike_mccarthy,2020,noncalling_hc_context,13,2.6390573296152584,0.28888888888888886,0,1,2015,2014,6,1
mike_mccoy,2020,noncalling_hc_context,32,3.4965075614664802,0.5,0,2,2015,2014,6,1
mike_mularkey,2020,noncalling_hc_context,32,3.4965075614664802,0.5,0,2,2017,2014,6,1
mike_pettine,2020,noncalling_hc_context,16,2.833213344056216,0.3333333333333333,0,1,2014,2014,6,0
mike_smith,2020,noncalling_hc_context,16,2.833213344056216,0.3333333333333333,0,1,2014,2014,6,1
mike_tomlin,2020,noncalling_hc_context,96,4.574710978503383,0.75,0,6,2019,2014,6,1
mike_vrabel,2020,noncalling_hc_context,32,3.4965075614664802,0.5,0,2,2019,2014,6,0
mike_zimmer,2020,noncalling_hc_context,96,4.574710978503383,0.75,0,6,2019,2014,6,0
pat_shurmur,2020,noncalling_hc_context,1,0.6931471805599453,0.030303030303030304,0,1,2015,2014,6,1
pete_carroll,2020,noncalling_hc_context,96,4.574710978503383,0.75,0,6,2019,2014,6,1
rex_ryan,2020,noncalling_hc_context,47,3.871201010907891,0.5949367088607594,0,3,2016,2014,6,1
ron_rivera,2020,noncalling_hc_context,96,4.574710978503383,0.75,0,6,2019,2014,6,1
sean_mcdermott,2020,noncalling_hc_context,32,3.4965075614664802,0.5,0,2,2018,2014,6,0
steve_spagnuolo,2020,noncalling_hc_context,4,1.6094379124341003,0.1111111111111111,0,1,2017,2014,6,1
steve_wilks,2020,noncalling_hc_context,16,2.833213344056216,0.3333333333333333,0,1,2018,2014,6,0
todd_bowles,2020,noncalling_hc_context,64,4.174387269895637,0.6666666666666666,0,4,2018,2014,6,1
tom_coughlin,2020,noncalling_hc_context,32,3.4965075614664802,0.5,0,2,2015,2014,6,1
vance_joseph,2020,noncalling_hc_context,32,3.4965075614664802,0.5,0,2,2018,2014,6,0
vic_fangio,2020,noncalling_hc_context,16,2.833213344056216,0.3333333333333333,0,1,2019,2014,6,0
aaron_kromer,2020,unknown_caller_hc_games,6,1.9459101490553132,0.15789473684210525,0,1,2012,1999,21,0
al_groh,2020,unknown_caller_hc_games,16,2.833213344056216,0.3333333333333333,0,1,2000,1999,21,0
andy_reid,2020,unknown_caller_hc_games,240,5.484796933490655,0.8823529411764706,0,15,2013,1999,21,0
art_shell,2020,unknown_caller_hc_games,16,2.833213344056216,0.3333333333333333,0,1,2006,1999,21,0
bill_belichick,2020,unknown_caller_hc_games,240,5.484796933490655,0.8823529411764706,0,15,2019,1999,21,0
bill_callahan,2020,unknown_caller_hc_games,32,3.4965075614664802,0.5,0,2,2003,1999,21,0
bill_cowher,2020,unknown_caller_hc_games,128,4.859812404361672,0.8,0,8,2006,1999,21,0
bill_parcells,2020,unknown_caller_hc_games,80,4.394449154672439,0.7142857142857143,0,5,2006,1999,21,0
bobby_petrino,2020,unknown_caller_hc_games,12,2.5649493574615367,0.2727272727272727,0,1,2007,1999,21,0
bobby_ross,2020,unknown_caller_hc_games,23,3.1780538303479458,0.41818181818181815,0,2,2000,1999,21,0
brad_childress,2020,unknown_caller_hc_games,74,4.31748811353631,0.6981132075471698,0,5,2010,1999,21,0
brian_billick,2020,unknown_caller_hc_games,144,4.976733742420574,0.8181818181818182,0,9,2007,1999,21,0
bruce_arians,2020,unknown_caller_hc_games,32,3.4965075614664802,0.5,0,2,2014,1999,21,0
bruce_coslet,2020,unknown_caller_hc_games,19,2.995732273553991,0.37254901960784315,0,2,2000,1999,21,0
butch_davis,2020,unknown_caller_hc_games,59,4.0943445622221,0.6483516483516484,0,4,2004,1999,21,0
cam_cameron,2020,unknown_caller_hc_games,16,2.833213344056216,0.3333333333333333,0,1,2007,1999,21,0
chan_gailey,2020,unknown_caller_hc_games,64,4.174387269895637,0.6666666666666666,0,4,2012,1999,21,0
chip_kelly,2020,unknown_caller_hc_games,16,2.833213344056216,0.3333333333333333,0,1,2013,1999,21,0
chris_palmer,2020,unknown_caller_hc_games,32,3.4965075614664802,0.5,0,2,2000,1999,21,0
chuck_pagano,2020,unknown_caller_hc_games,32,3.4965075614664802,0.5,0,2,2013,1999,21,0
dan_quinn,2020,unknown_caller_hc_games,16,2.833213344056216,0.3333333333333333,0,1,2019,1999,21,0
dan_reeves,2020,unknown_caller_hc_games,77,4.356708826689592,0.7064220183486238,0,5,2003,1999,21,0
dave_campo,2020,unknown_caller_hc_games,48,3.8918202981106265,0.6,0,3,2002,1999,21,0
dave_mcginnis,2020,unknown_caller_hc_games,55,4.02535169073515,0.632183908045977,0,4,2003,1999,21,0
dave_wannstedt,2020,unknown_caller_hc_games,73,4.30406509320417,0.6952380952380952,0,5,2004,1999,21,0
dennis_allen,2020,unknown_caller_hc_games,36,3.6109179126442243,0.5294117647058824,0,3,2014,1999,21,0
dennis_erickson,2020,unknown_caller_hc_games,32,3.4965075614664802,0.5,0,2,2004,1999,21,0
dennis_green,2020,unknown_caller_hc_games,95,4.564348191467836,0.7480314960629921,0,6,2006,1999,21,0
dick_jauron,2020,unknown_caller_hc_games,142,4.962844630259907,0.8160919540229885,0,10,2009,1999,21,0
dick_lebeau,2020,unknown_caller_hc_games,45,3.828641396489095,0.5844155844155844,0,3,2002,1999,21,0
dick_vermeil,2020,unknown_caller_hc_games,96,4.574710978503383,0.75,0,6,2005,1999,21,0
dom_capers,2020,unknown_caller_hc_games,64,4.174387269895637,0.6666666666666666,0,4,2005,1999,21,0
doug_marrone,2020,unknown_caller_hc_games,16,2.833213344056216,0.3333333333333333,0,1,2013,1999,21,0
emmitt_thomas,2020,unknown_caller_hc_games,4,1.6094379124341003,0.1111111111111111,0,1,2007,1999,21,0
eric_mangini,2020,unknown_caller_hc_games,80,4.394449154672439,0.7142857142857143,0,5,2010,1999,21,0
eric_studesville,2020,unknown_caller_hc_games,4,1.6094379124341003,0.1111111111111111,0,1,2010,1999,21,0
gary_kubiak,2020,unknown_caller_hc_games,141,4.955827057601261,0.815028901734104,0,9,2016,1999,21,0
gary_moeller,2020,unknown_caller_hc_games,9,2.302585092994046,0.21951219512195122,0,1,2000,1999,21,0
george_seifert,2020,unknown_caller_hc_games,48,3.8918202981106265,0.6,0,3,2001,1999,21,0
greg_schiano,2020,unknown_caller_hc_games,32,3.4965075614664802,0.5,0,2,2013,1999,21,0
gregg_williams,2020,unknown_caller_hc_games,48,3.8918202981106265,0.6,0,3,2003,1999,21,0
gunther_cunningham,2020,unknown_caller_hc_games,32,3.4965075614664802,0.5,0,2,2000,1999,21,0
gus_bradley,2020,unknown_caller_hc_games,32,3.4965075614664802,0.5,0,2,2014,1999,21,0
herm_edwards,2020,unknown_caller_hc_games,128,4.859812404361672,0.8,0,8,2008,1999,21,0
hue_jackson,2020,unknown_caller_hc_games,16,2.833213344056216,0.3333333333333333,0,1,2011,1999,21,0
jack_del_rio,2020,unknown_caller_hc_games,139,4.941642422609304,0.8128654970760234,0,9,2011,1999,21,0
jason_garrett,2020,unknown_caller_hc_games,56,4.04305126783455,0.6363636363636364,0,4,2013,1999,21,0
jeff_fisher,2020,unknown_caller_hc_games,224,5.41610040220442,0.875,0,14,2013,1999,21,0
jim_bates,2020,unknown_caller_hc_games,7,2.0794415416798357,0.1794871794871795,0,1,2004,1999,21,0
jim_caldwell,2020,unknown_caller_hc_games,48,3.8918202981106265,0.6,0,3,2011,1999,21,0
jim_fassel,2020,unknown_caller_hc_games,80,4.394449154672439,0.7142857142857143,0,5,2003,1999,21,0
jim_harbaugh,2020,unknown_caller_hc_games,64,4.174387269895637,0.6666666666666666,0,4,2014,1999,21,0
jim_haslett,2020,unknown_caller_hc_games,108,4.6913478822291435,0.7714285714285715,0,7,2008,1999,21,0
jim_mora,2020,unknown_caller_hc_games,112,4.727387818712341,0.7777777777777778,0,7,2009,1999,21,0
jim_schwartz,2020,unknown_caller_hc_games,80,4.394449154672439,0.7142857142857143,0,5,2013,1999,21,0
jim_tomsula,2020,unknown_caller_hc_games,1,0.6931471805599453,0.030303030303030304,0,1,2010,1999,21,0
jim_zorn,2020,unknown_caller_hc_games,32,3.4965075614664802,0.5,0,2,2009,1999,21,0
jimmy_johnson,2020,unknown_caller_hc_games,16,2.833213344056216,0.3333333333333333,0,1,1999,1999,21,0
joe_gibbs,2020,unknown_caller_hc_games,64,4.174387269895637,0.6666666666666666,0,4,2007,1999,21,0
joe_philbin,2020,unknown_caller_hc_games,32,3.4965075614664802,0.5,0,2,2013,1999,21,0
joe_vitt,2020,unknown_caller_hc_games,21,3.091042453358316,0.39622641509433965,0,2,2012,1999,21,0
john_fox,2020,unknown_caller_hc_games,208,5.342334251964811,0.8666666666666667,0,13,2016,1999,21,0
john_harbaugh,2020,unknown_caller_hc_games,112,4.727387818712341,0.7777777777777778,0,7,2019,1999,21,0
jon_gruden,2020,unknown_caller_hc_games,160,5.081404364984463,0.8333333333333334,0,10,2008,1999,21,0
josh_mcdaniels,2020,unknown_caller_hc_games,28,3.367295829986474,0.4666666666666667,0,2,2010,1999,21,0
ken_whisenhunt,2020,unknown_caller_hc_games,96,4.574710978503383,0.75,0,6,2012,1999,21,0
kliff_kingsbury,2020,unknown_caller_hc_games,16,2.833213344056216,0.3333333333333333,0,1,2019,1999,21,0
lane_kiffin,2020,unknown_caller_hc_games,20,3.044522437723423,0.38461538461538464,0,2,2008,1999,21,0
leslie_frazier,2020,unknown_caller_hc_games,54,4.007333185232471,0.627906976744186,0,4,2013,1999,21,0
lovie_smith,2020,unknown_caller_hc_games,144,4.976733742420574,0.8181818181818182,0,9,2012,1999,21,0
marc_trestman,2020,unknown_caller_hc_games,32,3.4965075614664802,0.5,0,2,2014,1999,21,0
marty_mornhinweg,2020,unknown_caller_hc_games,32,3.4965075614664802,0.5,0,2,2002,1999,21,0
marty_schottenheimer,2020,unknown_caller_hc_games,96,4.574710978503383,0.75,0,6,2006,1999,21,0
marvin_lewis,2020,unknown_caller_hc_games,208,5.342334251964811,0.8666666666666667,0,13,2016,1999,21,0
matt_patricia,2020,unknown_caller_hc_games,16,2.833213344056216,0.3333333333333333,0,1,2019,1999,21,0
mel_tucker,2020,unknown_caller_hc_games,5,1.791759469228055,0.13513513513513514,0,1,2011,1999,21,0
mike_ditka,2020,unknown_caller_hc_games,16,2.833213344056216,0.3333333333333333,0,1,1999,1999,21,0
mike_holmgren,2020,unknown_caller_hc_games,160,5.081404364984463,0.8333333333333334,0,10,2008,1999,21,0
mike_martz,2020,unknown_caller_hc_games,85,4.454347296253507,0.7264957264957265,0,6,2005,1999,21,0
mike_mccarthy,2020,unknown_caller_hc_games,128,4.859812404361672,0.8,0,8,2013,1999,21,0
mike_mccoy,2020,unknown_caller_hc_games,32,3.4965075614664802,0.5,0,2,2016,1999,21,0
mike_mularkey,2020,unknown_caller_hc_games,48,3.8918202981106265,0.6,0,3,2012,1999,21,0
mike_munchak,2020,unknown_caller_hc_games,48,3.8918202981106265,0.6,0,3,2013,1999,21,0
mike_nolan,2020,unknown_caller_hc_games,55,4.02535169073515,0.632183908045977,0,4,2008,1999,21,0
mike_pettine,2020,unknown_caller_hc_games,16,2.833213344056216,0.3333333333333333,0,1,2015,1999,21,0
mike_riley,2020,unknown_caller_hc_games,48,3.8918202981106265,0.6,0,3,2001,1999,21,0
mike_shanahan,2020,unknown_caller_hc_games,224,5.41610040220442,0.875,0,14,2013,1999,21,0
mike_sherman,2020,unknown_caller_hc_games,96,4.574710978503383,0.75,0,6,2005,1999,21,0
mike_singletary,2020,unknown_caller_hc_games,40,3.713572066704308,0.5555555555555556,0,3,2010,1999,21,0
mike_smith,2020,unknown_caller_hc_games,96,4.574710978503383,0.75,0,6,2013,1999,21,0
mike_tice,2020,unknown_caller_hc_games,65,4.189654742026425,0.6701030927835051,0,5,2005,1999,21,0
mike_tomlin,2020,unknown_caller_hc_games,112,4.727387818712341,0.7777777777777778,0,7,2013,1999,21,0
nick_saban,2020,unknown_caller_hc_games,32,3.4965075614664802,0.5,0,2,2006,1999,21,0
norv_turner,2020,unknown_caller_hc_games,147,4.997212273764115,0.8212290502793296,0,10,2012,1999,21,0
pat_shurmur,2020,unknown_caller_hc_games,48,3.8918202981106265,0.6,0,3,2019,1999,21,0
perry_fewell,2020,unknown_caller_hc_games,7,2.0794415416798357,0.1794871794871795,0,1,2009,1999,21,0
pete_carroll,2020,unknown_caller_hc_games,80,4.394449154672439,0.7142857142857143,0,5,2013,1999,21,0
raheem_morris,2020,unknown_caller_hc_games,48,3.8918202981106265,0.6,0,3,2011,1999,21,0
ray_rhodes,2020,unknown_caller_hc_games,16,2.833213344056216,0.3333333333333333,0,1,1999,1999,21,0
rex_ryan,2020,unknown_caller_hc_games,80,4.394449154672439,0.7142857142857143,0,5,2013,1999,21,0
rob_chudzinski,2020,unknown_caller_hc_games,16,2.833213344056216,0.3333333333333333,0,1,2013,1999,21,0
rod_marinelli,2020,unknown_caller_hc_games,48,3.8918202981106265,0.6,0,3,2008,1999,21,0
romeo_crennel,2020,unknown_caller_hc_games,83,4.430816798843313,0.7217391304347827,0,6,2012,1999,21,0
ron_rivera,2020,unknown_caller_hc_games,48,3.8918202981106265,0.6,0,3,2013,1999,21,0
scott_linehan,2020,unknown_caller_hc_games,36,3.6109179126442243,0.5294117647058824,0,3,2008,1999,21,0
sean_mcdermott,2020,unknown_caller_hc_games,16,2.833213344056216,0.3333333333333333,0,1,2019,1999,21,0
sean_payton,2020,unknown_caller_hc_games,144,4.976733742420574,0.8181818181818182,0,9,2019,1999,21,0
steve_mariucci,2020,unknown_caller_hc_games,107,4.68213122712422,0.7697841726618705,0,7,2005,1999,21,0
steve_spagnuolo,2020,unknown_caller_hc_games,48,3.8918202981106265,0.6,0,3,2011,1999,21,0
steve_spurrier,2020,unknown_caller_hc_games,32,3.4965075614664802,0.5,0,2,2003,1999,21,0
terry_robiskie,2020,unknown_caller_hc_games,18,2.9444389791664403,0.36,0,2,2004,1999,21,0
todd_bowles,2020,unknown_caller_hc_games,3,1.3862943611198906,0.08571428571428572,0,1,2011,1999,21,0
todd_haley,2020,unknown_caller_hc_games,45,3.828641396489095,0.5844155844155844,0,3,2011,1999,21,0
tom_cable,2020,unknown_caller_hc_games,44,3.8066624897703196,0.5789473684210527,0,3,2010,1999,21,0
tom_coughlin,2020,unknown_caller_hc_games,224,5.41610040220442,0.875,0,14,2013,1999,21,0
tony_dungy,2020,unknown_caller_hc_games,160,5.081404364984463,0.8333333333333334,0,10,2008,1999,21,0
tony_sparano,2020,unknown_caller_hc_games,73,4.30406509320417,0.6952380952380952,0,5,2014,1999,21,0
vince_tobin,2020,unknown_caller_hc_games,25,3.258096538021482,0.43859649122807015,0,2,2000,1999,21,0
wade_phillips,2020,unknown_caller_hc_games,94,4.553876891600541,0.746031746031746,0,8,2013,1999,21,0
adam_gase,2021,caller,112,4.727387818712341,0.7777777777777778,0,7,2020,2014,7,0
andy_reid,2021,caller,107,4.68213122712422,0.7697841726618705,0,7,2020,2014,7,1
anthony_lynn,2021,caller,14,2.70805020110221,0.30434782608695654,0,1,2016,2014,7,0
arthur_smith,2021,caller,32,3.4965075614664802,0.5,0,2,2020,2014,7,0
ben_mcadoo,2021,caller,53,3.9889840465642745,0.6235294117647059,0,4,2017,2014,7,0
bill_lazor,2021,caller,63,4.1588830833596715,0.6631578947368421,0,5,2020,2014,7,0
bill_musgrave,2021,caller,48,3.8918202981106265,0.6,0,3,2018,2014,7,0
bill_obrien,2021,caller,77,4.356708826689592,0.7064220183486238,0,5,2019,2014,7,0
brian_daboll,2021,caller,32,3.4965075614664802,0.5,0,2,2020,2014,7,0
brian_schottenheimer,2021,caller,64,4.174387269895637,0.6666666666666666,0,4,2020,2014,7,0
bruce_arians,2021,caller,48,3.8918202981106265,0.6,0,3,2017,2014,7,1
byron_leftwich,2021,caller,32,3.4965075614664802,0.5,0,2,2020,2014,7,0
chad_oshea,2021,caller,16,2.833213344056216,0.3333333333333333,0,1,2019,2014,7,0
chan_gailey,2021,caller,48,3.8918202981106265,0.6,0,3,2020,2014,7,1
chip_kelly,2021,caller,48,3.8918202981106265,0.6,0,3,2016,2014,7,1
darrell_bevell,2021,caller,80,4.394449154672439,0.7142857142857143,0,5,2020,2014,7,0
dirk_koetter,2021,caller,96,4.574710978503383,0.75,0,6,2020,2014,7,0
doug_pederson,2021,caller,80,4.394449154672439,0.7142857142857143,0,5,2020,2014,7,0
dowell_loggains,2021,caller,16,2.833213344056216,0.3333333333333333,0,1,2017,2014,7,0
frank_cignetti,2021,caller,12,2.5649493574615367,0.2727272727272727,0,1,2015,2014,7,0
frank_reich,2021,caller,80,4.394449154672439,0.7142857142857143,0,5,2020,2014,7,0
freddie_kitchens,2021,caller,24,3.2188758248682006,0.42857142857142855,0,2,2019,2014,7,0
gary_kubiak,2021,caller,48,3.8918202981106265,0.6,0,3,2020,2014,7,1
geep_chryst,2021,caller,16,2.833213344056216,0.3333333333333333,0,1,2015,2014,7,0
george_godsey,2021,caller,19,2.995732273553991,0.37254901960784315,0,2,2016,2014,7,0
greg_olson,2021,caller,23,3.1780538303479458,0.41818181818181815,0,2,2016,2014,7,0
greg_roman,2021,caller,34,3.5553480614894135,0.5151515151515151,0,3,2020,2014,7,0
hue_jackson,2021,caller,48,3.8918202981106265,0.6,0,3,2017,2014,7,1
jason_garrett,2021,caller,16,2.833213344056216,0.3333333333333333,0,1,2020,2014,7,1
jason_michael,2021,caller,9,2.302585092994046,0.21951219512195122,0,1,2015,2014,7,0
jay_gruden,2021,caller,69,4.248495242049359,0.6831683168316832,0,5,2020,2014,7,0
jeremy_bates,2021,caller,16,2.833213344056216,0.3333333333333333,0,1,2018,2014,7,0
jim_bob_cooter,2021,caller,57,4.060443010546419,0.6404494382022472,0,4,2018,2014,7,0
joe_brady,2021,caller,16,2.833213344056216,0.3333333333333333,0,1,2020,2014,7,0
joe_lombardi,2021,caller,23,3.1780538303479458,0.41818181818181815,0,2,2015,2014,7,0
john_defilippo,2021,caller,32,3.4965075614664802,0.5,0,2,2019,2014,7,0
john_morton,2021,caller,16,2.833213344056216,0.3333333333333333,0,1,2017,2014,7,0
jon_gruden,2021,caller,48,3.8918202981106265,0.6,0,3,2020,2014,7,1
josh_mcdaniels,2021,caller,96,4.574710978503383,0.75,0,6,2020,2014,7,1
kellen_moore,2021,caller,32,3.4965075614664802,0.5,0,2,2020,2014,7,0
ken_whisenhunt,2021,caller,62,4.143134726391533,0.6595744680851063,0,5,2019,2014,7,1
ken_zampese,2021,caller,2,1.0986122886681098,0.058823529411764705,0,1,2017,2014,7,0
kevin_oconnell,2021,caller,11,2.4849066497880004,0.2558139534883721,0,1,2019,2014,7,0
kevin_stefanski,2021,caller,32,3.4965075614664802,0.5,0,2,2020,2014,7,0
kliff_kingsbury,2021,caller,16,2.833213344056216,0.3333333333333333,0,1,2020,2014,7,0
kyle_shanahan,2021,caller,112,4.727387818712341,0.7777777777777778,0,7,2020,2014,7,0
marc_trestman,2021,caller,21,3.091042453358316,0.39622641509433965,0,2,2016,2014,7,1
marcus_arroyo,2021,caller,16,2.833213344056216,0.3333333333333333,0,1,2014,2014,7,0
marty_mornhinweg,2021,caller,59,4.0943445622221,0.6483516483516484,0,4,2018,2014,7,1
matt_lafleur,2021,caller,48,3.8918202981106265,0.6,0,3,2020,2014,7,0
matt_nagy,2021,caller,47,3.871201010907891,0.5949367088607594,0,4,2020,2014,7,0
mike_mccarthy,2021,caller,67,4.219507705176107,0.6767676767676768,0,5,2018,2014,7,1
mike_mccoy,2021,caller,32,3.4965075614664802,0.5,0,2,2018,2014,7,1
mike_shula,2021,caller,64,4.174387269895637,0.6666666666666666,0,4,2017,2014,7,0
mike_sullivan,2021,caller,11,2.4849066497880004,0.2558139534883721,0,1,2017,2014,7,0
nathaniel_hackett,2021,caller,57,4.060443010546419,0.6404494382022472,0,4,2018,2014,7,0
norv_turner,2021,caller,71,4.276666119016055,0.6893203883495146,0,5,2019,2014,7,1
pat_shurmur,2021,caller,57,4.060443010546419,0.6404494382022472,0,4,2020,2014,7,1
pep_hamilton,2021,caller,24,3.2188758248682006,0.42857142857142855,0,2,2015,2014,7,0
randy_fichtner,2021,caller,48,3.8918202981106265,0.6,0,3,2020,2014,7,0
rich_scangarello,2021,caller,16,2.833213344056216,0.3333333333333333,0,1,2019,2014,7,0
rick_dennison,2021,caller,16,2.833213344056216,0.3333333333333333,0,1,2017,2014,7,0
rob_boras,2021,caller,20,3.044522437723423,0.38461538461538464,0,2,2016,2014,7,0
rob_chudzinski,2021,caller,40,3.713572066704308,0.5555555555555556,0,3,2017,2014,7,1
scott_linehan,2021,caller,80,4.394449154672439,0.7142857142857143,0,5,2018,2014,7,1
scott_turner,2021,caller,16,2.833213344056216,0.3333333333333333,0,1,2020,2014,7,0
sean_mcvay,2021,caller,96,4.574710978503383,0.75,0,6,2020,2014,7,0
sean_payton,2021,caller,80,4.394449154672439,0.7142857142857143,0,5,2020,2014,7,1
shane_steichen,2021,caller,25,3.258096538021482,0.43859649122807015,0,2,2020,2014,7,0
steve_sarkisian,2021,caller,32,3.4965075614664802,0.5,0,2,2018,2014,7,0
terry_robiskie,2021,caller,32,3.4965075614664802,0.5,0,2,2017,2014,7,1
tim_kelly,2021,caller,16,2.833213344056216,0.3333333333333333,0,1,2020,2014,7,0
todd_downing,2021,caller,16,2.833213344056216,0.3333333333333333,0,1,2017,2014,7,0
todd_haley,2021,caller,72,4.290459441148391,0.6923076923076923,0,5,2018,2014,7,1
tom_clements,2021,caller,13,2.6390573296152584,0.28888888888888886,0,1,2015,2014,7,0
zac_taylor,2021,caller,37,3.6375861597263857,0.5362318840579711,0,3,2020,2014,7,0
aaron_kromer,2021,hc_resume,6,1.9459101490553132,0.15789473684210525,0,1,2012,1999,22,0
adam_gase,2021,hc_resume,80,4.394449154672439,0.7142857142857143,0,5,2020,1999,22,0
al_groh,2021,hc_resume,16,2.833213344056216,0.3333333333333333,0,1,2000,1999,22,0
andy_reid,2021,hc_resume,352,5.8664680569332965,0.9166666666666666,0,22,2020,1999,22,0
anthony_lynn,2021,hc_resume,65,4.189654742026425,0.6701030927835051,0,5,2020,1999,22,0
art_shell,2021,hc_resume,16,2.833213344056216,0.3333333333333333,0,1,2006,1999,22,0
ben_mcadoo,2021,hc_resume,28,3.367295829986474,0.4666666666666667,0,2,2017,1999,22,0
bill_belichick,2021,hc_resume,336,5.820082930352362,0.9130434782608695,0,21,2020,1999,22,0
bill_callahan,2021,hc_resume,43,3.784189633918261,0.5733333333333334,0,3,2019,1999,22,0
bill_cowher,2021,hc_resume,128,4.859812404361672,0.8,0,8,2006,1999,22,0
bill_obrien,2021,hc_resume,100,4.61512051684126,0.7575757575757576,0,7,2020,1999,22,0
bill_parcells,2021,hc_resume,80,4.394449154672439,0.7142857142857143,0,5,2006,1999,22,0
bobby_petrino,2021,hc_resume,12,2.5649493574615367,0.2727272727272727,0,1,2007,1999,22,0
bobby_ross,2021,hc_resume,23,3.1780538303479458,0.41818181818181815,0,2,2000,1999,22,0
brad_childress,2021,hc_resume,74,4.31748811353631,0.6981132075471698,0,5,2010,1999,22,0
brian_billick,2021,hc_resume,144,4.976733742420574,0.8181818181818182,0,9,2007,1999,22,0
brian_flores,2021,hc_resume,32,3.4965075614664802,0.5,0,2,2020,1999,22,0
bruce_arians,2021,hc_resume,112,4.727387818712341,0.7777777777777778,0,7,2020,1999,22,0
bruce_coslet,2021,hc_resume,19,2.995732273553991,0.37254901960784315,0,2,2000,1999,22,0
butch_davis,2021,hc_resume,59,4.0943445622221,0.6483516483516484,0,4,2004,1999,22,0
cam_cameron,2021,hc_resume,16,2.833213344056216,0.3333333333333333,0,1,2007,1999,22,0
chan_gailey,2021,hc_resume,64,4.174387269895637,0.6666666666666666,0,4,2012,1999,22,0
chip_kelly,2021,hc_resume,63,4.1588830833596715,0.6631578947368421,0,4,2016,1999,22,0
chris_palmer,2021,hc_resume,32,3.4965075614664802,0.5,0,2,2000,1999,22,0
chuck_pagano,2021,hc_resume,96,4.574710978503383,0.75,0,6,2017,1999,22,0
dan_quinn,2021,hc_resume,85,4.454347296253507,0.7264957264957265,0,6,2020,1999,22,0
dan_reeves,2021,hc_resume,77,4.356708826689592,0.7064220183486238,0,5,2003,1999,22,0
darrell_bevell,2021,hc_resume,5,1.791759469228055,0.13513513513513514,0,1,2020,1999,22,0
dave_campo,2021,hc_resume,48,3.8918202981106265,0.6,0,3,2002,1999,22,0
dave_mcginnis,2021,hc_resume,55,4.02535169073515,0.632183908045977,0,4,2003,1999,22,0
dave_wannstedt,2021,hc_resume,73,4.30406509320417,0.6952380952380952,0,5,2004,1999,22,0
dennis_allen,2021,hc_resume,36,3.6109179126442243,0.5294117647058824,0,3,2014,1999,22,0
dennis_erickson,2021,hc_resume,32,3.4965075614664802,0.5,0,2,2004,1999,22,0
dennis_green,2021,hc_resume,95,4.564348191467836,0.7480314960629921,0,6,2006,1999,22,0
dick_jauron,2021,hc_resume,142,4.962844630259907,0.8160919540229885,0,10,2009,1999,22,0
dick_lebeau,2021,hc_resume,45,3.828641396489095,0.5844155844155844,0,3,2002,1999,22,0
dick_vermeil,2021,hc_resume,96,4.574710978503383,0.75,0,6,2005,1999,22,0
dirk_koetter,2021,hc_resume,48,3.8918202981106265,0.6,0,3,2018,1999,22,0
dom_capers,2021,hc_resume,64,4.174387269895637,0.6666666666666666,0,4,2005,1999,22,0
doug_marrone,2021,hc_resume,98,4.59511985013459,0.7538461538461538,0,7,2020,1999,22,0
doug_pederson,2021,hc_resume,80,4.394449154672439,0.7142857142857143,0,5,2020,1999,22,0
emmitt_thomas,2021,hc_resume,4,1.6094379124341003,0.1111111111111111,0,1,2007,1999,22,0
eric_mangini,2021,hc_resume,80,4.394449154672439,0.7142857142857143,0,5,2010,1999,22,0
eric_studesville,2021,hc_resume,4,1.6094379124341003,0.1111111111111111,0,1,2010,1999,22,0
frank_reich,2021,hc_resume,48,3.8918202981106265,0.6,0,3,2020,1999,22,0
freddie_kitchens,2021,hc_resume,16,2.833213344056216,0.3333333333333333,0,1,2019,1999,22,0
gary_kubiak,2021,hc_resume,157,5.062595033026967,0.8306878306878307,0,10,2016,1999,22,0
gary_moeller,2021,hc_resume,9,2.302585092994046,0.21951219512195122,0,1,2000,1999,22,0
george_seifert,2021,hc_resume,48,3.8918202981106265,0.6,0,3,2001,1999,22,0
greg_schiano,2021,hc_resume,32,3.4965075614664802,0.5,0,2,2013,1999,22,0
gregg_williams,2021,hc_resume,56,4.04305126783455,0.6363636363636364,0,4,2018,1999,22,0
gunther_cunningham,2021,hc_resume,32,3.4965075614664802,0.5,0,2,2000,1999,22,0
gus_bradley,2021,hc_resume,62,4.143134726391533,0.6595744680851063,0,4,2016,1999,22,0
herm_edwards,2021,hc_resume,128,4.859812404361672,0.8,0,8,2008,1999,22,0
hue_jackson,2021,hc_resume,56,4.04305126783455,0.6363636363636364,0,4,2018,1999,22,0
jack_del_rio,2021,hc_resume,187,5.236441962829949,0.8538812785388128,0,12,2017,1999,22,0
jason_garrett,2021,hc_resume,152,5.030437921392435,0.8260869565217391,0,10,2019,1999,22,0
jay_gruden,2021,hc_resume,85,4.454347296253507,0.7264957264957265,0,6,2019,1999,22,0
jeff_fisher,2021,hc_resume,272,5.60947179518496,0.8947368421052632,0,17,2016,1999,22,0
jim_bates,2021,hc_resume,7,2.0794415416798357,0.1794871794871795,0,1,2004,1999,22,0
jim_caldwell,2021,hc_resume,112,4.727387818712341,0.7777777777777778,0,7,2017,1999,22,0
jim_fassel,2021,hc_resume,80,4.394449154672439,0.7142857142857143,0,5,2003,1999,22,0
jim_harbaugh,2021,hc_resume,64,4.174387269895637,0.6666666666666666,0,4,2014,1999,22,0
jim_haslett,2021,hc_resume,108,4.6913478822291435,0.7714285714285715,0,7,2008,1999,22,0
jim_mora,2021,hc_resume,112,4.727387818712341,0.7777777777777778,0,7,2009,1999,22,0
jim_schwartz,2021,hc_resume,80,4.394449154672439,0.7142857142857143,0,5,2013,1999,22,0
jim_tomsula,2021,hc_resume,17,2.8903717578961645,0.3469387755102041,0,2,2015,1999,22,0
jim_zorn,2021,hc_resume,32,3.4965075614664802,0.5,0,2,2009,1999,22,0
jimmy_johnson,2021,hc_resume,16,2.833213344056216,0.3333333333333333,0,1,1999,1999,22,0
joe_gibbs,2021,hc_resume,64,4.174387269895637,0.6666666666666666,0,4,2007,1999,22,0
joe_judge,2021,hc_resume,16,2.833213344056216,0.3333333333333333,0,1,2020,1999,22,0
joe_philbin,2021,hc_resume,68,4.23410650459726,0.68,0,5,2018,1999,22,0
joe_vitt,2021,hc_resume,21,3.091042453358316,0.39622641509433965,0,2,2012,1999,22,0
john_fox,2021,hc_resume,256,5.54907608489522,0.8888888888888888,0,16,2017,1999,22,0
john_harbaugh,2021,hc_resume,208,5.342334251964811,0.8666666666666667,0,13,2020,1999,22,0
jon_gruden,2021,hc_resume,208,5.342334251964811,0.8666666666666667,0,13,2020,1999,22,0
josh_mcdaniels,2021,hc_resume,28,3.367295829986474,0.4666666666666667,0,2,2010,1999,22,0
ken_whisenhunt,2021,hc_resume,128,4.859812404361672,0.8,0,8,2015,1999,22,0
kevin_stefanski,2021,hc_resume,16,2.833213344056216,0.3333333333333333,0,1,2020,1999,22,0
kliff_kingsbury,2021,hc_resume,32,3.4965075614664802,0.5,0,2,2020,1999,22,0
kyle_shanahan,2021,hc_resume,64,4.174387269895637,0.6666666666666666,0,4,2020,1999,22,0
lane_kiffin,2021,hc_resume,20,3.044522437723423,0.38461538461538464,0,2,2008,1999,22,0
leslie_frazier,2021,hc_resume,54,4.007333185232471,0.627906976744186,0,4,2013,1999,22,0
lovie_smith,2021,hc_resume,176,5.176149732573829,0.8461538461538461,0,11,2015,1999,22,0
marc_trestman,2021,hc_resume,32,3.4965075614664802,0.5,0,2,2014,1999,22,0
marty_mornhinweg,2021,hc_resume,32,3.4965075614664802,0.5,0,2,2002,1999,22,0
marty_schottenheimer,2021,hc_resume,96,4.574710978503383,0.75,0,6,2006,1999,22,0
marvin_lewis,2021,hc_resume,256,5.54907608489522,0.8888888888888888,0,16,2018,1999,22,0
matt_lafleur,2021,hc_resume,32,3.4965075614664802,0.5,0,2,2020,1999,22,0
matt_nagy,2021,hc_resume,48,3.8918202981106265,0.6,0,3,2020,1999,22,0
matt_patricia,2021,hc_resume,43,3.784189633918261,0.5733333333333334,0,3,2020,1999,22,0
matt_rhule,2021,hc_resume,16,2.833213344056216,0.3333333333333333,0,1,2020,1999,22,0
mel_tucker,2021,hc_resume,5,1.791759469228055,0.13513513513513514,0,1,2011,1999,22,0
mike_ditka,2021,hc_resume,16,2.833213344056216,0.3333333333333333,0,1,1999,1999,22,0
mike_holmgren,2021,hc_resume,160,5.081404364984463,0.8333333333333334,0,10,2008,1999,22,0
mike_martz,2021,hc_resume,85,4.454347296253507,0.7264957264957265,0,6,2005,1999,22,0
mike_mccarthy,2021,hc_resume,220,5.3981627015177525,0.873015873015873,0,14,2020,1999,22,0
mike_mccoy,2021,hc_resume,64,4.174387269895637,0.6666666666666666,0,4,2016,1999,22,0
mike_mularkey,2021,hc_resume,80,4.394449154672439,0.7142857142857143,0,5,2017,1999,22,0
mike_munchak,2021,hc_resume,48,3.8918202981106265,0.6,0,3,2013,1999,22,0
mike_nolan,2021,hc_resume,55,4.02535169073515,0.632183908045977,0,4,2008,1999,22,0
mike_pettine,2021,hc_resume,32,3.4965075614664802,0.5,0,2,2015,1999,22,0
mike_riley,2021,hc_resume,48,3.8918202981106265,0.6,0,3,2001,1999,22,0
mike_shanahan,2021,hc_resume,224,5.41610040220442,0.875,0,14,2013,1999,22,0
mike_sherman,2021,hc_resume,96,4.574710978503383,0.75,0,6,2005,1999,22,0
mike_singletary,2021,hc_resume,40,3.713572066704308,0.5555555555555556,0,3,2010,1999,22,0
mike_smith,2021,hc_resume,112,4.727387818712341,0.7777777777777778,0,7,2014,1999,22,0
mike_tice,2021,hc_resume,65,4.189654742026425,0.6701030927835051,0,5,2005,1999,22,0
mike_tomlin,2021,hc_resume,224,5.41610040220442,0.875,0,14,2020,1999,22,0
mike_vrabel,2021,hc_resume,48,3.8918202981106265,0.6,0,3,2020,1999,22,0
mike_zimmer,2021,hc_resume,112,4.727387818712341,0.7777777777777778,0,7,2020,1999,22,0
nick_saban,2021,hc_resume,32,3.4965075614664802,0.5,0,2,2006,1999,22,0
norv_turner,2021,hc_resume,147,4.997212273764115,0.8212290502793296,0,10,2012,1999,22,0
pat_shurmur,2021,hc_resume,65,4.189654742026425,0.6701030927835051,0,5,2019,1999,22,0
perry_fewell,2021,hc_resume,7,2.0794415416798357,0.1794871794871795,0,1,2009,1999,22,0
pete_carroll,2021,hc_resume,192,5.262690188904886,0.8571428571428571,0,12,2020,1999,22,0
raheem_morris,2021,hc_resume,59,4.0943445622221,0.6483516483516484,0,4,2020,1999,22,0
ray_rhodes,2021,hc_resume,16,2.833213344056216,0.3333333333333333,0,1,1999,1999,22,0
rex_ryan,2021,hc_resume,127,4.852030263919617,0.7987421383647799,0,8,2016,1999,22,0
rob_chudzinski,2021,hc_resume,16,2.833213344056216,0.3333333333333333,0,1,2013,1999,22,0
rod_marinelli,2021,hc_resume,48,3.8918202981106265,0.6,0,3,2008,1999,22,0
romeo_crennel,2021,hc_resume,95,4.564348191467836,0.7480314960629921,0,7,2020,1999,22,0
ron_rivera,2021,hc_resume,160,5.081404364984463,0.8333333333333334,0,10,2020,1999,22,0
scott_linehan,2021,hc_resume,36,3.6109179126442243,0.5294117647058824,0,3,2008,1999,22,0
sean_mcdermott,2021,hc_resume,64,4.174387269895637,0.6666666666666666,0,4,2020,1999,22,0
sean_mcvay,2021,hc_resume,64,4.174387269895637,0.6666666666666666,0,4,2020,1999,22,0
sean_payton,2021,hc_resume,224,5.41610040220442,0.875,0,14,2020,1999,22,0
steve_mariucci,2021,hc_resume,107,4.68213122712422,0.7697841726618705,0,7,2005,1999,22,0
steve_spagnuolo,2021,hc_resume,52,3.970291913552122,0.6190476190476191,0,4,2017,1999,22,0
steve_spurrier,2021,hc_resume,32,3.4965075614664802,0.5,0,2,2003,1999,22,0
steve_wilks,2021,hc_resume,16,2.833213344056216,0.3333333333333333,0,1,2018,1999,22,0
terry_robiskie,2021,hc_resume,18,2.9444389791664403,0.36,0,2,2004,1999,22,0
todd_bowles,2021,hc_resume,67,4.219507705176107,0.6767676767676768,0,5,2018,1999,22,0
todd_haley,2021,hc_resume,45,3.828641396489095,0.5844155844155844,0,3,2011,1999,22,0
tom_cable,2021,hc_resume,44,3.8066624897703196,0.5789473684210527,0,3,2010,1999,22,0
tom_coughlin,2021,hc_resume,256,5.54907608489522,0.8888888888888888,0,16,2015,1999,22,0
tony_dungy,2021,hc_resume,160,5.081404364984463,0.8333333333333334,0,10,2008,1999,22,0
tony_sparano,2021,hc_resume,73,4.30406509320417,0.6952380952380952,0,5,2014,1999,22,0
vance_joseph,2021,hc_resume,32,3.4965075614664802,0.5,0,2,2018,1999,22,0
vic_fangio,2021,hc_resume,32,3.4965075614664802,0.5,0,2,2020,1999,22,0
vince_tobin,2021,hc_resume,25,3.258096538021482,0.43859649122807015,0,2,2000,1999,22,0
wade_phillips,2021,hc_resume,94,4.553876891600541,0.746031746031746,0,8,2013,1999,22,0
zac_taylor,2021,hc_resume,32,3.4965075614664802,0.5,0,2,2020,1999,22,0
andy_reid,2021,noncalling_hc_context,5,1.791759469228055,0.13513513513513514,0,1,2017,2014,7,1
anthony_lynn,2021,noncalling_hc_context,64,4.174387269895637,0.6666666666666666,0,4,2020,2014,7,0
ben_mcadoo,2021,noncalling_hc_context,7,2.0794415416798357,0.1794871794871795,0,1,2017,2014,7,0
bill_belichick,2021,noncalling_hc_context,96,4.574710978503383,0.75,0,6,2020,2014,7,1
bill_callahan,2021,noncalling_hc_context,11,2.4849066497880004,0.2558139534883721,0,1,2019,2014,7,1
bill_obrien,2021,noncalling_hc_context,23,3.1780538303479458,0.41818181818181815,0,3,2020,2014,7,0
brian_flores,2021,noncalling_hc_context,32,3.4965075614664802,0.5,0,2,2020,2014,7,0
bruce_arians,2021,noncalling_hc_context,32,3.4965075614664802,0.5,0,2,2020,2014,7,1
chuck_pagano,2021,noncalling_hc_context,64,4.174387269895637,0.6666666666666666,0,4,2017,2014,7,1
dan_quinn,2021,noncalling_hc_context,69,4.248495242049359,0.6831683168316832,0,5,2020,2014,7,0
doug_marrone,2021,noncalling_hc_context,82,4.418840607796598,0.7192982456140351,0,6,2020,2014,7,1
gregg_williams,2021,noncalling_hc_context,8,2.1972245773362196,0.2,0,1,2018,2014,7,1
gus_bradley,2021,noncalling_hc_context,30,3.4339872044851463,0.4838709677419355,0,2,2016,2014,7,1
hue_jackson,2021,noncalling_hc_context,8,2.1972245773362196,0.2,0,1,2018,2014,7,1
jack_del_rio,2021,noncalling_hc_context,48,3.8918202981106265,0.6,0,3,2017,2014,7,1
jason_garrett,2021,noncalling_hc_context,96,4.574710978503383,0.75,0,6,2019,2014,7,1
jay_gruden,2021,noncalling_hc_context,32,3.4965075614664802,0.5,0,2,2016,2014,7,0
jeff_fisher,2021,noncalling_hc_context,48,3.8918202981106265,0.6,0,3,2016,2014,7,1
jim_caldwell,2021,noncalling_hc_context,64,4.174387269895637,0.6666666666666666,0,4,2017,2014,7,1
jim_tomsula,2021,noncalling_hc_context,16,2.833213344056216,0.3333333333333333,0,1,2015,2014,7,1
joe_judge,2021,noncalling_hc_context,16,2.833213344056216,0.3333333333333333,0,1,2020,2014,7,0
joe_philbin,2021,noncalling_hc_context,36,3.6109179126442243,0.5294117647058824,0,3,2018,2014,7,1
john_fox,2021,noncalling_hc_context,48,3.8918202981106265,0.6,0,3,2017,2014,7,1
john_harbaugh,2021,noncalling_hc_context,96,4.574710978503383,0.75,0,6,2020,2014,7,1
ken_whisenhunt,2021,noncalling_hc_context,9,2.302585092994046,0.21951219512195122,0,1,2015,2014,7,1
lovie_smith,2021,noncalling_hc_context,32,3.4965075614664802,0.5,0,2,2015,2014,7,1
marvin_lewis,2021,noncalling_hc_context,48,3.8918202981106265,0.6,0,3,2018,2014,7,1
matt_nagy,2021,noncalling_hc_context,6,1.9459101490553132,0.15789473684210525,0,1,2020,2014,7,0
matt_patricia,2021,noncalling_hc_context,27,3.332204510175204,0.4576271186440678,0,2,2020,2014,7,0
matt_rhule,2021,noncalling_hc_context,16,2.833213344056216,0.3333333333333333,0,1,2020,2014,7,0
mike_mccarthy,2021,noncalling_hc_context,29,3.4011973816621555,0.47540983606557374,0,2,2020,2014,7,1
mike_mccoy,2021,noncalling_hc_context,32,3.4965075614664802,0.5,0,2,2015,2014,7,1
mike_mularkey,2021,noncalling_hc_context,32,3.4965075614664802,0.5,0,2,2017,2014,7,1
mike_pettine,2021,noncalling_hc_context,16,2.833213344056216,0.3333333333333333,0,1,2014,2014,7,0
mike_smith,2021,noncalling_hc_context,16,2.833213344056216,0.3333333333333333,0,1,2014,2014,7,1
mike_tomlin,2021,noncalling_hc_context,112,4.727387818712341,0.7777777777777778,0,7,2020,2014,7,1
mike_vrabel,2021,noncalling_hc_context,48,3.8918202981106265,0.6,0,3,2020,2014,7,0
mike_zimmer,2021,noncalling_hc_context,112,4.727387818712341,0.7777777777777778,0,7,2020,2014,7,0
pat_shurmur,2021,noncalling_hc_context,1,0.6931471805599453,0.030303030303030304,0,1,2015,2014,7,1
pete_carroll,2021,noncalling_hc_context,112,4.727387818712341,0.7777777777777778,0,7,2020,2014,7,1
raheem_morris,2021,noncalling_hc_context,11,2.4849066497880004,0.2558139534883721,0,1,2020,2014,7,1
rex_ryan,2021,noncalling_hc_context,47,3.871201010907891,0.5949367088607594,0,3,2016,2014,7,1
romeo_crennel,2021,noncalling_hc_context,12,2.5649493574615367,0.2727272727272727,0,1,2020,2014,7,1
ron_rivera,2021,noncalling_hc_context,112,4.727387818712341,0.7777777777777778,0,7,2020,2014,7,1
sean_mcdermott,2021,noncalling_hc_context,48,3.8918202981106265,0.6,0,3,2020,2014,7,0
steve_spagnuolo,2021,noncalling_hc_context,4,1.6094379124341003,0.1111111111111111,0,1,2017,2014,7,1
steve_wilks,2021,noncalling_hc_context,16,2.833213344056216,0.3333333333333333,0,1,2018,2014,7,0
todd_bowles,2021,noncalling_hc_context,64,4.174387269895637,0.6666666666666666,0,4,2018,2014,7,1
tom_coughlin,2021,noncalling_hc_context,32,3.4965075614664802,0.5,0,2,2015,2014,7,1
vance_joseph,2021,noncalling_hc_context,32,3.4965075614664802,0.5,0,2,2018,2014,7,0
vic_fangio,2021,noncalling_hc_context,32,3.4965075614664802,0.5,0,2,2020,2014,7,0
aaron_kromer,2021,unknown_caller_hc_games,6,1.9459101490553132,0.15789473684210525,0,1,2012,1999,22,0
al_groh,2021,unknown_caller_hc_games,16,2.833213344056216,0.3333333333333333,0,1,2000,1999,22,0
andy_reid,2021,unknown_caller_hc_games,240,5.484796933490655,0.8823529411764706,0,15,2013,1999,22,0
art_shell,2021,unknown_caller_hc_games,16,2.833213344056216,0.3333333333333333,0,1,2006,1999,22,0
bill_belichick,2021,unknown_caller_hc_games,240,5.484796933490655,0.8823529411764706,0,15,2019,1999,22,0
bill_callahan,2021,unknown_caller_hc_games,32,3.4965075614664802,0.5,0,2,2003,1999,22,0
bill_cowher,2021,unknown_caller_hc_games,128,4.859812404361672,0.8,0,8,2006,1999,22,0
bill_parcells,2021,unknown_caller_hc_games,80,4.394449154672439,0.7142857142857143,0,5,2006,1999,22,0
bobby_petrino,2021,unknown_caller_hc_games,12,2.5649493574615367,0.2727272727272727,0,1,2007,1999,22,0
bobby_ross,2021,unknown_caller_hc_games,23,3.1780538303479458,0.41818181818181815,0,2,2000,1999,22,0
brad_childress,2021,unknown_caller_hc_games,74,4.31748811353631,0.6981132075471698,0,5,2010,1999,22,0
brian_billick,2021,unknown_caller_hc_games,144,4.976733742420574,0.8181818181818182,0,9,2007,1999,22,0
bruce_arians,2021,unknown_caller_hc_games,32,3.4965075614664802,0.5,0,2,2014,1999,22,0
bruce_coslet,2021,unknown_caller_hc_games,19,2.995732273553991,0.37254901960784315,0,2,2000,1999,22,0
butch_davis,2021,unknown_caller_hc_games,59,4.0943445622221,0.6483516483516484,0,4,2004,1999,22,0
cam_cameron,2021,unknown_caller_hc_games,16,2.833213344056216,0.3333333333333333,0,1,2007,1999,22,0
chan_gailey,2021,unknown_caller_hc_games,64,4.174387269895637,0.6666666666666666,0,4,2012,1999,22,0
chip_kelly,2021,unknown_caller_hc_games,16,2.833213344056216,0.3333333333333333,0,1,2013,1999,22,0
chris_palmer,2021,unknown_caller_hc_games,32,3.4965075614664802,0.5,0,2,2000,1999,22,0
chuck_pagano,2021,unknown_caller_hc_games,32,3.4965075614664802,0.5,0,2,2013,1999,22,0
dan_quinn,2021,unknown_caller_hc_games,16,2.833213344056216,0.3333333333333333,0,1,2019,1999,22,0
dan_reeves,2021,unknown_caller_hc_games,77,4.356708826689592,0.7064220183486238,0,5,2003,1999,22,0
dave_campo,2021,unknown_caller_hc_games,48,3.8918202981106265,0.6,0,3,2002,1999,22,0
dave_mcginnis,2021,unknown_caller_hc_games,55,4.02535169073515,0.632183908045977,0,4,2003,1999,22,0
dave_wannstedt,2021,unknown_caller_hc_games,73,4.30406509320417,0.6952380952380952,0,5,2004,1999,22,0
dennis_allen,2021,unknown_caller_hc_games,36,3.6109179126442243,0.5294117647058824,0,3,2014,1999,22,0
dennis_erickson,2021,unknown_caller_hc_games,32,3.4965075614664802,0.5,0,2,2004,1999,22,0
dennis_green,2021,unknown_caller_hc_games,95,4.564348191467836,0.7480314960629921,0,6,2006,1999,22,0
dick_jauron,2021,unknown_caller_hc_games,142,4.962844630259907,0.8160919540229885,0,10,2009,1999,22,0
dick_lebeau,2021,unknown_caller_hc_games,45,3.828641396489095,0.5844155844155844,0,3,2002,1999,22,0
dick_vermeil,2021,unknown_caller_hc_games,96,4.574710978503383,0.75,0,6,2005,1999,22,0
dom_capers,2021,unknown_caller_hc_games,64,4.174387269895637,0.6666666666666666,0,4,2005,1999,22,0
doug_marrone,2021,unknown_caller_hc_games,16,2.833213344056216,0.3333333333333333,0,1,2013,1999,22,0
emmitt_thomas,2021,unknown_caller_hc_games,4,1.6094379124341003,0.1111111111111111,0,1,2007,1999,22,0
eric_mangini,2021,unknown_caller_hc_games,80,4.394449154672439,0.7142857142857143,0,5,2010,1999,22,0
eric_studesville,2021,unknown_caller_hc_games,4,1.6094379124341003,0.1111111111111111,0,1,2010,1999,22,0
gary_kubiak,2021,unknown_caller_hc_games,141,4.955827057601261,0.815028901734104,0,9,2016,1999,22,0
gary_moeller,2021,unknown_caller_hc_games,9,2.302585092994046,0.21951219512195122,0,1,2000,1999,22,0
george_seifert,2021,unknown_caller_hc_games,48,3.8918202981106265,0.6,0,3,2001,1999,22,0
greg_schiano,2021,unknown_caller_hc_games,32,3.4965075614664802,0.5,0,2,2013,1999,22,0
gregg_williams,2021,unknown_caller_hc_games,48,3.8918202981106265,0.6,0,3,2003,1999,22,0
gunther_cunningham,2021,unknown_caller_hc_games,32,3.4965075614664802,0.5,0,2,2000,1999,22,0
gus_bradley,2021,unknown_caller_hc_games,32,3.4965075614664802,0.5,0,2,2014,1999,22,0
herm_edwards,2021,unknown_caller_hc_games,128,4.859812404361672,0.8,0,8,2008,1999,22,0
hue_jackson,2021,unknown_caller_hc_games,16,2.833213344056216,0.3333333333333333,0,1,2011,1999,22,0
jack_del_rio,2021,unknown_caller_hc_games,139,4.941642422609304,0.8128654970760234,0,9,2011,1999,22,0
jason_garrett,2021,unknown_caller_hc_games,56,4.04305126783455,0.6363636363636364,0,4,2013,1999,22,0
jeff_fisher,2021,unknown_caller_hc_games,224,5.41610040220442,0.875,0,14,2013,1999,22,0
jim_bates,2021,unknown_caller_hc_games,7,2.0794415416798357,0.1794871794871795,0,1,2004,1999,22,0
jim_caldwell,2021,unknown_caller_hc_games,48,3.8918202981106265,0.6,0,3,2011,1999,22,0
jim_fassel,2021,unknown_caller_hc_games,80,4.394449154672439,0.7142857142857143,0,5,2003,1999,22,0
jim_harbaugh,2021,unknown_caller_hc_games,64,4.174387269895637,0.6666666666666666,0,4,2014,1999,22,0
jim_haslett,2021,unknown_caller_hc_games,108,4.6913478822291435,0.7714285714285715,0,7,2008,1999,22,0
jim_mora,2021,unknown_caller_hc_games,112,4.727387818712341,0.7777777777777778,0,7,2009,1999,22,0
jim_schwartz,2021,unknown_caller_hc_games,80,4.394449154672439,0.7142857142857143,0,5,2013,1999,22,0
jim_tomsula,2021,unknown_caller_hc_games,1,0.6931471805599453,0.030303030303030304,0,1,2010,1999,22,0
jim_zorn,2021,unknown_caller_hc_games,32,3.4965075614664802,0.5,0,2,2009,1999,22,0
jimmy_johnson,2021,unknown_caller_hc_games,16,2.833213344056216,0.3333333333333333,0,1,1999,1999,22,0
joe_gibbs,2021,unknown_caller_hc_games,64,4.174387269895637,0.6666666666666666,0,4,2007,1999,22,0
joe_philbin,2021,unknown_caller_hc_games,32,3.4965075614664802,0.5,0,2,2013,1999,22,0
joe_vitt,2021,unknown_caller_hc_games,21,3.091042453358316,0.39622641509433965,0,2,2012,1999,22,0
john_fox,2021,unknown_caller_hc_games,208,5.342334251964811,0.8666666666666667,0,13,2016,1999,22,0
john_harbaugh,2021,unknown_caller_hc_games,112,4.727387818712341,0.7777777777777778,0,7,2019,1999,22,0
jon_gruden,2021,unknown_caller_hc_games,160,5.081404364984463,0.8333333333333334,0,10,2008,1999,22,0
josh_mcdaniels,2021,unknown_caller_hc_games,28,3.367295829986474,0.4666666666666667,0,2,2010,1999,22,0
ken_whisenhunt,2021,unknown_caller_hc_games,96,4.574710978503383,0.75,0,6,2012,1999,22,0
kliff_kingsbury,2021,unknown_caller_hc_games,16,2.833213344056216,0.3333333333333333,0,1,2019,1999,22,0
lane_kiffin,2021,unknown_caller_hc_games,20,3.044522437723423,0.38461538461538464,0,2,2008,1999,22,0
leslie_frazier,2021,unknown_caller_hc_games,54,4.007333185232471,0.627906976744186,0,4,2013,1999,22,0
lovie_smith,2021,unknown_caller_hc_games,144,4.976733742420574,0.8181818181818182,0,9,2012,1999,22,0
marc_trestman,2021,unknown_caller_hc_games,32,3.4965075614664802,0.5,0,2,2014,1999,22,0
marty_mornhinweg,2021,unknown_caller_hc_games,32,3.4965075614664802,0.5,0,2,2002,1999,22,0
marty_schottenheimer,2021,unknown_caller_hc_games,96,4.574710978503383,0.75,0,6,2006,1999,22,0
marvin_lewis,2021,unknown_caller_hc_games,208,5.342334251964811,0.8666666666666667,0,13,2016,1999,22,0
matt_patricia,2021,unknown_caller_hc_games,16,2.833213344056216,0.3333333333333333,0,1,2019,1999,22,0
mel_tucker,2021,unknown_caller_hc_games,5,1.791759469228055,0.13513513513513514,0,1,2011,1999,22,0
mike_ditka,2021,unknown_caller_hc_games,16,2.833213344056216,0.3333333333333333,0,1,1999,1999,22,0
mike_holmgren,2021,unknown_caller_hc_games,160,5.081404364984463,0.8333333333333334,0,10,2008,1999,22,0
mike_martz,2021,unknown_caller_hc_games,85,4.454347296253507,0.7264957264957265,0,6,2005,1999,22,0
mike_mccarthy,2021,unknown_caller_hc_games,128,4.859812404361672,0.8,0,8,2013,1999,22,0
mike_mccoy,2021,unknown_caller_hc_games,32,3.4965075614664802,0.5,0,2,2016,1999,22,0
mike_mularkey,2021,unknown_caller_hc_games,48,3.8918202981106265,0.6,0,3,2012,1999,22,0
mike_munchak,2021,unknown_caller_hc_games,48,3.8918202981106265,0.6,0,3,2013,1999,22,0
mike_nolan,2021,unknown_caller_hc_games,55,4.02535169073515,0.632183908045977,0,4,2008,1999,22,0
mike_pettine,2021,unknown_caller_hc_games,16,2.833213344056216,0.3333333333333333,0,1,2015,1999,22,0
mike_riley,2021,unknown_caller_hc_games,48,3.8918202981106265,0.6,0,3,2001,1999,22,0
mike_shanahan,2021,unknown_caller_hc_games,224,5.41610040220442,0.875,0,14,2013,1999,22,0
mike_sherman,2021,unknown_caller_hc_games,96,4.574710978503383,0.75,0,6,2005,1999,22,0
mike_singletary,2021,unknown_caller_hc_games,40,3.713572066704308,0.5555555555555556,0,3,2010,1999,22,0
mike_smith,2021,unknown_caller_hc_games,96,4.574710978503383,0.75,0,6,2013,1999,22,0
mike_tice,2021,unknown_caller_hc_games,65,4.189654742026425,0.6701030927835051,0,5,2005,1999,22,0
mike_tomlin,2021,unknown_caller_hc_games,112,4.727387818712341,0.7777777777777778,0,7,2013,1999,22,0
nick_saban,2021,unknown_caller_hc_games,32,3.4965075614664802,0.5,0,2,2006,1999,22,0
norv_turner,2021,unknown_caller_hc_games,147,4.997212273764115,0.8212290502793296,0,10,2012,1999,22,0
pat_shurmur,2021,unknown_caller_hc_games,48,3.8918202981106265,0.6,0,3,2019,1999,22,0
perry_fewell,2021,unknown_caller_hc_games,7,2.0794415416798357,0.1794871794871795,0,1,2009,1999,22,0
pete_carroll,2021,unknown_caller_hc_games,80,4.394449154672439,0.7142857142857143,0,5,2013,1999,22,0
raheem_morris,2021,unknown_caller_hc_games,48,3.8918202981106265,0.6,0,3,2011,1999,22,0
ray_rhodes,2021,unknown_caller_hc_games,16,2.833213344056216,0.3333333333333333,0,1,1999,1999,22,0
rex_ryan,2021,unknown_caller_hc_games,80,4.394449154672439,0.7142857142857143,0,5,2013,1999,22,0
rob_chudzinski,2021,unknown_caller_hc_games,16,2.833213344056216,0.3333333333333333,0,1,2013,1999,22,0
rod_marinelli,2021,unknown_caller_hc_games,48,3.8918202981106265,0.6,0,3,2008,1999,22,0
romeo_crennel,2021,unknown_caller_hc_games,83,4.430816798843313,0.7217391304347827,0,6,2012,1999,22,0
ron_rivera,2021,unknown_caller_hc_games,48,3.8918202981106265,0.6,0,3,2013,1999,22,0
scott_linehan,2021,unknown_caller_hc_games,36,3.6109179126442243,0.5294117647058824,0,3,2008,1999,22,0
sean_mcdermott,2021,unknown_caller_hc_games,16,2.833213344056216,0.3333333333333333,0,1,2019,1999,22,0
sean_payton,2021,unknown_caller_hc_games,144,4.976733742420574,0.8181818181818182,0,9,2019,1999,22,0
steve_mariucci,2021,unknown_caller_hc_games,107,4.68213122712422,0.7697841726618705,0,7,2005,1999,22,0
steve_spagnuolo,2021,unknown_caller_hc_games,48,3.8918202981106265,0.6,0,3,2011,1999,22,0
steve_spurrier,2021,unknown_caller_hc_games,32,3.4965075614664802,0.5,0,2,2003,1999,22,0
terry_robiskie,2021,unknown_caller_hc_games,18,2.9444389791664403,0.36,0,2,2004,1999,22,0
todd_bowles,2021,unknown_caller_hc_games,3,1.3862943611198906,0.08571428571428572,0,1,2011,1999,22,0
todd_haley,2021,unknown_caller_hc_games,45,3.828641396489095,0.5844155844155844,0,3,2011,1999,22,0
tom_cable,2021,unknown_caller_hc_games,44,3.8066624897703196,0.5789473684210527,0,3,2010,1999,22,0
tom_coughlin,2021,unknown_caller_hc_games,224,5.41610040220442,0.875,0,14,2013,1999,22,0
tony_dungy,2021,unknown_caller_hc_games,160,5.081404364984463,0.8333333333333334,0,10,2008,1999,22,0
tony_sparano,2021,unknown_caller_hc_games,73,4.30406509320417,0.6952380952380952,0,5,2014,1999,22,0
vince_tobin,2021,unknown_caller_hc_games,25,3.258096538021482,0.43859649122807015,0,2,2000,1999,22,0
wade_phillips,2021,unknown_caller_hc_games,94,4.553876891600541,0.746031746031746,0,8,2013,1999,22,0
adam_gase,2022,caller,112,4.727387818712341,0.7777777777777778,0,7,2020,2014,8,0
andy_reid,2022,caller,124,4.8283137373023015,0.7948717948717948,0,8,2021,2014,8,1
anthony_lynn,2022,caller,14,2.70805020110221,0.30434782608695654,0,1,2016,2014,8,0
arthur_smith,2022,caller,49,3.912023005428146,0.6049382716049383,0,3,2021,2014,8,0
ben_mcadoo,2022,caller,53,3.9889840465642745,0.6235294117647059,0,4,2017,2014,8,0
bill_lazor,2022,caller,63,4.1588830833596715,0.6631578947368421,0,5,2020,2014,8,0
bill_musgrave,2022,caller,48,3.8918202981106265,0.6,0,3,2018,2014,8,0
bill_obrien,2022,caller,77,4.356708826689592,0.7064220183486238,0,5,2019,2014,8,0
brian_daboll,2022,caller,49,3.912023005428146,0.6049382716049383,0,3,2021,2014,8,0
brian_schottenheimer,2022,caller,64,4.174387269895637,0.6666666666666666,0,4,2020,2014,8,0
bruce_arians,2022,caller,48,3.8918202981106265,0.6,0,3,2017,2014,8,1
byron_leftwich,2022,caller,49,3.912023005428146,0.6049382716049383,0,3,2021,2014,8,0
chad_oshea,2022,caller,16,2.833213344056216,0.3333333333333333,0,1,2019,2014,8,0
chan_gailey,2022,caller,48,3.8918202981106265,0.6,0,3,2020,2014,8,1
chip_kelly,2022,caller,48,3.8918202981106265,0.6,0,3,2016,2014,8,1
darrell_bevell,2022,caller,97,4.584967478670572,0.751937984496124,0,6,2021,2014,8,0
dirk_koetter,2022,caller,96,4.574710978503383,0.75,0,6,2020,2014,8,0
doug_pederson,2022,caller,80,4.394449154672439,0.7142857142857143,0,5,2020,2014,8,0
dowell_loggains,2022,caller,16,2.833213344056216,0.3333333333333333,0,1,2017,2014,8,0
frank_cignetti,2022,caller,12,2.5649493574615367,0.2727272727272727,0,1,2015,2014,8,0
frank_reich,2022,caller,97,4.584967478670572,0.751937984496124,0,6,2021,2014,8,0
freddie_kitchens,2022,caller,24,3.2188758248682006,0.42857142857142855,0,2,2019,2014,8,0
gary_kubiak,2022,caller,48,3.8918202981106265,0.6,0,3,2020,2014,8,1
geep_chryst,2022,caller,16,2.833213344056216,0.3333333333333333,0,1,2015,2014,8,0
george_godsey,2022,caller,19,2.995732273553991,0.37254901960784315,0,2,2016,2014,8,0
greg_olson,2022,caller,23,3.1780538303479458,0.41818181818181815,0,2,2016,2014,8,0
greg_roman,2022,caller,51,3.9512437185814275,0.6144578313253012,0,4,2021,2014,8,0
hue_jackson,2022,caller,48,3.8918202981106265,0.6,0,3,2017,2014,8,1
jason_garrett,2022,caller,33,3.5263605246161616,0.5076923076923077,0,2,2021,2014,8,1
jason_michael,2022,caller,9,2.302585092994046,0.21951219512195122,0,1,2015,2014,8,0
jay_gruden,2022,caller,69,4.248495242049359,0.6831683168316832,0,5,2020,2014,8,0
jeremy_bates,2022,caller,16,2.833213344056216,0.3333333333333333,0,1,2018,2014,8,0
jim_bob_cooter,2022,caller,57,4.060443010546419,0.6404494382022472,0,4,2018,2014,8,0
joe_brady,2022,caller,33,3.5263605246161616,0.5076923076923077,0,2,2021,2014,8,0
joe_lombardi,2022,caller,40,3.713572066704308,0.5555555555555556,0,3,2021,2014,8,0
john_defilippo,2022,caller,32,3.4965075614664802,0.5,0,2,2019,2014,8,0
john_morton,2022,caller,16,2.833213344056216,0.3333333333333333,0,1,2017,2014,8,0
jon_gruden,2022,caller,65,4.189654742026425,0.6701030927835051,0,4,2021,2014,8,1
josh_mcdaniels,2022,caller,113,4.736198448394496,0.7793103448275862,0,7,2021,2014,8,1
kellen_moore,2022,caller,49,3.912023005428146,0.6049382716049383,0,3,2021,2014,8,0
ken_whisenhunt,2022,caller,62,4.143134726391533,0.6595744680851063,0,5,2019,2014,8,1
ken_zampese,2022,caller,2,1.0986122886681098,0.058823529411764705,0,1,2017,2014,8,0
kevin_oconnell,2022,caller,11,2.4849066497880004,0.2558139534883721,0,1,2019,2014,8,0
kevin_stefanski,2022,caller,49,3.912023005428146,0.6049382716049383,0,3,2021,2014,8,0
kliff_kingsbury,2022,caller,33,3.5263605246161616,0.5076923076923077,0,2,2021,2014,8,0
klint_kubiak,2022,caller,17,2.8903717578961645,0.3469387755102041,0,1,2021,2014,8,0
kyle_shanahan,2022,caller,129,4.867534450455582,0.8012422360248447,0,8,2021,2014,8,0
marc_trestman,2022,caller,21,3.091042453358316,0.39622641509433965,0,2,2016,2014,8,1
marcus_arroyo,2022,caller,16,2.833213344056216,0.3333333333333333,0,1,2014,2014,8,0
marty_mornhinweg,2022,caller,59,4.0943445622221,0.6483516483516484,0,4,2018,2014,8,1
matt_canada,2022,caller,17,2.8903717578961645,0.3469387755102041,0,1,2021,2014,8,0
matt_lafleur,2022,caller,65,4.189654742026425,0.6701030927835051,0,4,2021,2014,8,0
matt_nagy,2022,caller,64,4.174387269895637,0.6666666666666666,0,5,2021,2014,8,0
mike_lafleur,2022,caller,17,2.8903717578961645,0.3469387755102041,0,1,2021,2014,8,0
mike_mccarthy,2022,caller,67,4.219507705176107,0.6767676767676768,0,5,2018,2014,8,1
mike_mccoy,2022,caller,32,3.4965075614664802,0.5,0,2,2018,2014,8,1
mike_shula,2022,caller,64,4.174387269895637,0.6666666666666666,0,4,2017,2014,8,0
mike_sullivan,2022,caller,11,2.4849066497880004,0.2558139534883721,0,1,2017,2014,8,0
nathaniel_hackett,2022,caller,57,4.060443010546419,0.6404494382022472,0,4,2018,2014,8,0
nick_sirianni,2022,caller,17,2.8903717578961645,0.3469387755102041,0,1,2021,2014,8,0
norv_turner,2022,caller,71,4.276666119016055,0.6893203883495146,0,5,2019,2014,8,1
pat_shurmur,2022,caller,74,4.31748811353631,0.6981132075471698,0,5,2021,2014,8,1
pep_hamilton,2022,caller,24,3.2188758248682006,0.42857142857142855,0,2,2015,2014,8,0
randy_fichtner,2022,caller,48,3.8918202981106265,0.6,0,3,2020,2014,8,0
rich_scangarello,2022,caller,16,2.833213344056216,0.3333333333333333,0,1,2019,2014,8,0
rick_dennison,2022,caller,16,2.833213344056216,0.3333333333333333,0,1,2017,2014,8,0
rob_boras,2022,caller,20,3.044522437723423,0.38461538461538464,0,2,2016,2014,8,0
rob_chudzinski,2022,caller,40,3.713572066704308,0.5555555555555556,0,3,2017,2014,8,1
scott_linehan,2022,caller,80,4.394449154672439,0.7142857142857143,0,5,2018,2014,8,1
scott_turner,2022,caller,33,3.5263605246161616,0.5076923076923077,0,2,2021,2014,8,0
sean_mcvay,2022,caller,113,4.736198448394496,0.7793103448275862,0,7,2021,2014,8,0
sean_payton,2022,caller,97,4.584967478670572,0.751937984496124,0,6,2021,2014,8,1
shane_steichen,2022,caller,25,3.258096538021482,0.43859649122807015,0,2,2020,2014,8,0
shane_waldron,2022,caller,17,2.8903717578961645,0.3469387755102041,0,1,2021,2014,8,0
steve_sarkisian,2022,caller,32,3.4965075614664802,0.5,0,2,2018,2014,8,0
terry_robiskie,2022,caller,32,3.4965075614664802,0.5,0,2,2017,2014,8,1
tim_kelly,2022,caller,33,3.5263605246161616,0.5076923076923077,0,2,2021,2014,8,0
todd_downing,2022,caller,33,3.5263605246161616,0.5076923076923077,0,2,2021,2014,8,0
todd_haley,2022,caller,72,4.290459441148391,0.6923076923076923,0,5,2018,2014,8,1
tom_clements,2022,caller,13,2.6390573296152584,0.28888888888888886,0,1,2015,2014,8,0
zac_taylor,2022,caller,54,4.007333185232471,0.627906976744186,0,4,2021,2014,8,0
aaron_kromer,2022,hc_resume,6,1.9459101490553132,0.15789473684210525,0,1,2012,1999,23,0
adam_gase,2022,hc_resume,80,4.394449154672439,0.7142857142857143,0,5,2020,1999,23,0
al_groh,2022,hc_resume,16,2.833213344056216,0.3333333333333333,0,1,2000,1999,23,0
andy_reid,2022,hc_resume,369,5.91350300563827,0.9201995012468828,0,23,2021,1999,23,0
anthony_lynn,2022,hc_resume,65,4.189654742026425,0.6701030927835051,0,5,2020,1999,23,0
art_shell,2022,hc_resume,16,2.833213344056216,0.3333333333333333,0,1,2006,1999,23,0
arthur_smith,2022,hc_resume,17,2.8903717578961645,0.3469387755102041,0,1,2021,1999,23,0
ben_mcadoo,2022,hc_resume,28,3.367295829986474,0.4666666666666667,0,2,2017,1999,23,0
bill_belichick,2022,hc_resume,353,5.869296913133774,0.9168831168831169,0,22,2021,1999,23,0
bill_callahan,2022,hc_resume,43,3.784189633918261,0.5733333333333334,0,3,2019,1999,23,0
bill_cowher,2022,hc_resume,128,4.859812404361672,0.8,0,8,2006,1999,23,0
bill_obrien,2022,hc_resume,100,4.61512051684126,0.7575757575757576,0,7,2020,1999,23,0
bill_parcells,2022,hc_resume,80,4.394449154672439,0.7142857142857143,0,5,2006,1999,23,0
bobby_petrino,2022,hc_resume,12,2.5649493574615367,0.2727272727272727,0,1,2007,1999,23,0
bobby_ross,2022,hc_resume,23,3.1780538303479458,0.41818181818181815,0,2,2000,1999,23,0
brad_childress,2022,hc_resume,74,4.31748811353631,0.6981132075471698,0,5,2010,1999,23,0
brandon_staley,2022,hc_resume,17,2.8903717578961645,0.3469387755102041,0,1,2021,1999,23,0
brian_billick,2022,hc_resume,144,4.976733742420574,0.8181818181818182,0,9,2007,1999,23,0
brian_flores,2022,hc_resume,49,3.912023005428146,0.6049382716049383,0,3,2021,1999,23,0
bruce_arians,2022,hc_resume,129,4.867534450455582,0.8012422360248447,0,8,2021,1999,23,0
bruce_coslet,2022,hc_resume,19,2.995732273553991,0.37254901960784315,0,2,2000,1999,23,0
butch_davis,2022,hc_resume,59,4.0943445622221,0.6483516483516484,0,4,2004,1999,23,0
cam_cameron,2022,hc_resume,16,2.833213344056216,0.3333333333333333,0,1,2007,1999,23,0
chan_gailey,2022,hc_resume,64,4.174387269895637,0.6666666666666666,0,4,2012,1999,23,0
chip_kelly,2022,hc_resume,63,4.1588830833596715,0.6631578947368421,0,4,2016,1999,23,0
chris_palmer,2022,hc_resume,32,3.4965075614664802,0.5,0,2,2000,1999,23,0
chuck_pagano,2022,hc_resume,96,4.574710978503383,0.75,0,6,2017,1999,23,0
dan_campbell,2022,hc_resume,17,2.8903717578961645,0.3469387755102041,0,1,2021,1999,23,0
dan_quinn,2022,hc_resume,85,4.454347296253507,0.7264957264957265,0,6,2020,1999,23,0
dan_reeves,2022,hc_resume,77,4.356708826689592,0.7064220183486238,0,5,2003,1999,23,0
darrell_bevell,2022,hc_resume,9,2.302585092994046,0.21951219512195122,0,2,2021,1999,23,0
dave_campo,2022,hc_resume,48,3.8918202981106265,0.6,0,3,2002,1999,23,0
dave_mcginnis,2022,hc_resume,55,4.02535169073515,0.632183908045977,0,4,2003,1999,23,0
dave_wannstedt,2022,hc_resume,73,4.30406509320417,0.6952380952380952,0,5,2004,1999,23,0
david_culley,2022,hc_resume,17,2.8903717578961645,0.3469387755102041,0,1,2021,1999,23,0
dennis_allen,2022,hc_resume,36,3.6109179126442243,0.5294117647058824,0,3,2014,1999,23,0
dennis_erickson,2022,hc_resume,32,3.4965075614664802,0.5,0,2,2004,1999,23,0
dennis_green,2022,hc_resume,95,4.564348191467836,0.7480314960629921,0,6,2006,1999,23,0
dick_jauron,2022,hc_resume,142,4.962844630259907,0.8160919540229885,0,10,2009,1999,23,0
dick_lebeau,2022,hc_resume,45,3.828641396489095,0.5844155844155844,0,3,2002,1999,23,0
dick_vermeil,2022,hc_resume,96,4.574710978503383,0.75,0,6,2005,1999,23,0
dirk_koetter,2022,hc_resume,48,3.8918202981106265,0.6,0,3,2018,1999,23,0
dom_capers,2022,hc_resume,64,4.174387269895637,0.6666666666666666,0,4,2005,1999,23,0
doug_marrone,2022,hc_resume,98,4.59511985013459,0.7538461538461538,0,7,2020,1999,23,0
doug_pederson,2022,hc_resume,80,4.394449154672439,0.7142857142857143,0,5,2020,1999,23,0
emmitt_thomas,2022,hc_resume,4,1.6094379124341003,0.1111111111111111,0,1,2007,1999,23,0
eric_mangini,2022,hc_resume,80,4.394449154672439,0.7142857142857143,0,5,2010,1999,23,0
eric_studesville,2022,hc_resume,4,1.6094379124341003,0.1111111111111111,0,1,2010,1999,23,0
frank_reich,2022,hc_resume,65,4.189654742026425,0.6701030927835051,0,4,2021,1999,23,0
freddie_kitchens,2022,hc_resume,16,2.833213344056216,0.3333333333333333,0,1,2019,1999,23,0
gary_kubiak,2022,hc_resume,157,5.062595033026967,0.8306878306878307,0,10,2016,1999,23,0
gary_moeller,2022,hc_resume,9,2.302585092994046,0.21951219512195122,0,1,2000,1999,23,0
george_seifert,2022,hc_resume,48,3.8918202981106265,0.6,0,3,2001,1999,23,0
greg_schiano,2022,hc_resume,32,3.4965075614664802,0.5,0,2,2013,1999,23,0
gregg_williams,2022,hc_resume,56,4.04305126783455,0.6363636363636364,0,4,2018,1999,23,0
gunther_cunningham,2022,hc_resume,32,3.4965075614664802,0.5,0,2,2000,1999,23,0
gus_bradley,2022,hc_resume,62,4.143134726391533,0.6595744680851063,0,4,2016,1999,23,0
herm_edwards,2022,hc_resume,128,4.859812404361672,0.8,0,8,2008,1999,23,0
hue_jackson,2022,hc_resume,56,4.04305126783455,0.6363636363636364,0,4,2018,1999,23,0
jack_del_rio,2022,hc_resume,187,5.236441962829949,0.8538812785388128,0,12,2017,1999,23,0
jason_garrett,2022,hc_resume,152,5.030437921392435,0.8260869565217391,0,10,2019,1999,23,0
jay_gruden,2022,hc_resume,85,4.454347296253507,0.7264957264957265,0,6,2019,1999,23,0
jeff_fisher,2022,hc_resume,272,5.60947179518496,0.8947368421052632,0,17,2016,1999,23,0
jim_bates,2022,hc_resume,7,2.0794415416798357,0.1794871794871795,0,1,2004,1999,23,0
jim_caldwell,2022,hc_resume,112,4.727387818712341,0.7777777777777778,0,7,2017,1999,23,0
jim_fassel,2022,hc_resume,80,4.394449154672439,0.7142857142857143,0,5,2003,1999,23,0
jim_harbaugh,2022,hc_resume,64,4.174387269895637,0.6666666666666666,0,4,2014,1999,23,0
jim_haslett,2022,hc_resume,108,4.6913478822291435,0.7714285714285715,0,7,2008,1999,23,0
jim_mora,2022,hc_resume,112,4.727387818712341,0.7777777777777778,0,7,2009,1999,23,0
jim_schwartz,2022,hc_resume,80,4.394449154672439,0.7142857142857143,0,5,2013,1999,23,0
jim_tomsula,2022,hc_resume,17,2.8903717578961645,0.3469387755102041,0,2,2015,1999,23,0
jim_zorn,2022,hc_resume,32,3.4965075614664802,0.5,0,2,2009,1999,23,0
jimmy_johnson,2022,hc_resume,16,2.833213344056216,0.3333333333333333,0,1,1999,1999,23,0
joe_gibbs,2022,hc_resume,64,4.174387269895637,0.6666666666666666,0,4,2007,1999,23,0
joe_judge,2022,hc_resume,33,3.5263605246161616,0.5076923076923077,0,2,2021,1999,23,0
joe_philbin,2022,hc_resume,68,4.23410650459726,0.68,0,5,2018,1999,23,0
joe_vitt,2022,hc_resume,21,3.091042453358316,0.39622641509433965,0,2,2012,1999,23,0
john_fox,2022,hc_resume,256,5.54907608489522,0.8888888888888888,0,16,2017,1999,23,0
john_harbaugh,2022,hc_resume,225,5.420534999272286,0.8754863813229572,0,14,2021,1999,23,0
jon_gruden,2022,hc_resume,213,5.365976015021851,0.8693877551020408,0,14,2021,1999,23,0
josh_mcdaniels,2022,hc_resume,28,3.367295829986474,0.4666666666666667,0,2,2010,1999,23,0
ken_whisenhunt,2022,hc_resume,128,4.859812404361672,0.8,0,8,2015,1999,23,0
kevin_stefanski,2022,hc_resume,33,3.5263605246161616,0.5076923076923077,0,2,2021,1999,23,0
kliff_kingsbury,2022,hc_resume,49,3.912023005428146,0.6049382716049383,0,3,2021,1999,23,0
kyle_shanahan,2022,hc_resume,81,4.406719247264253,0.7168141592920354,0,5,2021,1999,23,0
lane_kiffin,2022,hc_resume,20,3.044522437723423,0.38461538461538464,0,2,2008,1999,23,0
leslie_frazier,2022,hc_resume,54,4.007333185232471,0.627906976744186,0,4,2013,1999,23,0
lovie_smith,2022,hc_resume,176,5.176149732573829,0.8461538461538461,0,11,2015,1999,23,0
marc_trestman,2022,hc_resume,32,3.4965075614664802,0.5,0,2,2014,1999,23,0
marty_mornhinweg,2022,hc_resume,32,3.4965075614664802,0.5,0,2,2002,1999,23,0
marty_schottenheimer,2022,hc_resume,96,4.574710978503383,0.75,0,6,2006,1999,23,0
marvin_lewis,2022,hc_resume,256,5.54907608489522,0.8888888888888888,0,16,2018,1999,23,0
matt_lafleur,2022,hc_resume,49,3.912023005428146,0.6049382716049383,0,3,2021,1999,23,0
matt_nagy,2022,hc_resume,65,4.189654742026425,0.6701030927835051,0,4,2021,1999,23,0
matt_patricia,2022,hc_resume,43,3.784189633918261,0.5733333333333334,0,3,2020,1999,23,0
matt_rhule,2022,hc_resume,33,3.5263605246161616,0.5076923076923077,0,2,2021,1999,23,0
mel_tucker,2022,hc_resume,5,1.791759469228055,0.13513513513513514,0,1,2011,1999,23,0
mike_ditka,2022,hc_resume,16,2.833213344056216,0.3333333333333333,0,1,1999,1999,23,0
mike_holmgren,2022,hc_resume,160,5.081404364984463,0.8333333333333334,0,10,2008,1999,23,0
mike_martz,2022,hc_resume,85,4.454347296253507,0.7264957264957265,0,6,2005,1999,23,0
mike_mccarthy,2022,hc_resume,237,5.472270673671475,0.8810408921933085,0,15,2021,1999,23,0
mike_mccoy,2022,hc_resume,64,4.174387269895637,0.6666666666666666,0,4,2016,1999,23,0
mike_mularkey,2022,hc_resume,80,4.394449154672439,0.7142857142857143,0,5,2017,1999,23,0
mike_munchak,2022,hc_resume,48,3.8918202981106265,0.6,0,3,2013,1999,23,0
mike_nolan,2022,hc_resume,55,4.02535169073515,0.632183908045977,0,4,2008,1999,23,0
mike_pettine,2022,hc_resume,32,3.4965075614664802,0.5,0,2,2015,1999,23,0
mike_riley,2022,hc_resume,48,3.8918202981106265,0.6,0,3,2001,1999,23,0
mike_shanahan,2022,hc_resume,224,5.41610040220442,0.875,0,14,2013,1999,23,0
mike_sherman,2022,hc_resume,96,4.574710978503383,0.75,0,6,2005,1999,23,0
mike_singletary,2022,hc_resume,40,3.713572066704308,0.5555555555555556,0,3,2010,1999,23,0
mike_smith,2022,hc_resume,112,4.727387818712341,0.7777777777777778,0,7,2014,1999,23,0
mike_tice,2022,hc_resume,65,4.189654742026425,0.6701030927835051,0,5,2005,1999,23,0
mike_tomlin,2022,hc_resume,241,5.488937726156687,0.8827838827838828,0,15,2021,1999,23,0
mike_vrabel,2022,hc_resume,65,4.189654742026425,0.6701030927835051,0,4,2021,1999,23,0
mike_zimmer,2022,hc_resume,129,4.867534450455582,0.8012422360248447,0,8,2021,1999,23,0
nick_saban,2022,hc_resume,32,3.4965075614664802,0.5,0,2,2006,1999,23,0
nick_sirianni,2022,hc_resume,17,2.8903717578961645,0.3469387755102041,0,1,2021,1999,23,0
norv_turner,2022,hc_resume,147,4.997212273764115,0.8212290502793296,0,10,2012,1999,23,0
pat_shurmur,2022,hc_resume,65,4.189654742026425,0.6701030927835051,0,5,2019,1999,23,0
perry_fewell,2022,hc_resume,7,2.0794415416798357,0.1794871794871795,0,1,2009,1999,23,0
pete_carroll,2022,hc_resume,209,5.3471075307174685,0.8672199170124482,0,13,2021,1999,23,0
raheem_morris,2022,hc_resume,59,4.0943445622221,0.6483516483516484,0,4,2020,1999,23,0
ray_rhodes,2022,hc_resume,16,2.833213344056216,0.3333333333333333,0,1,1999,1999,23,0
rex_ryan,2022,hc_resume,127,4.852030263919617,0.7987421383647799,0,8,2016,1999,23,0
rich_bisaccia,2022,hc_resume,12,2.5649493574615367,0.2727272727272727,0,1,2021,1999,23,0
rob_chudzinski,2022,hc_resume,16,2.833213344056216,0.3333333333333333,0,1,2013,1999,23,0
robert_saleh,2022,hc_resume,17,2.8903717578961645,0.3469387755102041,0,1,2021,1999,23,0
rod_marinelli,2022,hc_resume,48,3.8918202981106265,0.6,0,3,2008,1999,23,0
romeo_crennel,2022,hc_resume,95,4.564348191467836,0.7480314960629921,0,7,2020,1999,23,0
ron_rivera,2022,hc_resume,177,5.181783550292085,0.84688995215311,0,11,2021,1999,23,0
scott_linehan,2022,hc_resume,36,3.6109179126442243,0.5294117647058824,0,3,2008,1999,23,0
sean_mcdermott,2022,hc_resume,81,4.406719247264253,0.7168141592920354,0,5,2021,1999,23,0
sean_mcvay,2022,hc_resume,81,4.406719247264253,0.7168141592920354,0,5,2021,1999,23,0
sean_payton,2022,hc_resume,241,5.488937726156687,0.8827838827838828,0,15,2021,1999,23,0
steve_mariucci,2022,hc_resume,107,4.68213122712422,0.7697841726618705,0,7,2005,1999,23,0
steve_spagnuolo,2022,hc_resume,52,3.970291913552122,0.6190476190476191,0,4,2017,1999,23,0
steve_spurrier,2022,hc_resume,32,3.4965075614664802,0.5,0,2,2003,1999,23,0
steve_wilks,2022,hc_resume,16,2.833213344056216,0.3333333333333333,0,1,2018,1999,23,0
terry_robiskie,2022,hc_resume,18,2.9444389791664403,0.36,0,2,2004,1999,23,0
todd_bowles,2022,hc_resume,67,4.219507705176107,0.6767676767676768,0,5,2018,1999,23,0
todd_haley,2022,hc_resume,45,3.828641396489095,0.5844155844155844,0,3,2011,1999,23,0
tom_cable,2022,hc_resume,44,3.8066624897703196,0.5789473684210527,0,3,2010,1999,23,0
tom_coughlin,2022,hc_resume,256,5.54907608489522,0.8888888888888888,0,16,2015,1999,23,0
tony_dungy,2022,hc_resume,160,5.081404364984463,0.8333333333333334,0,10,2008,1999,23,0
tony_sparano,2022,hc_resume,73,4.30406509320417,0.6952380952380952,0,5,2014,1999,23,0
urban_meyer,2022,hc_resume,13,2.6390573296152584,0.28888888888888886,0,1,2021,1999,23,0
vance_joseph,2022,hc_resume,32,3.4965075614664802,0.5,0,2,2018,1999,23,0
vic_fangio,2022,hc_resume,49,3.912023005428146,0.6049382716049383,0,3,2021,1999,23,0
vince_tobin,2022,hc_resume,25,3.258096538021482,0.43859649122807015,0,2,2000,1999,23,0
wade_phillips,2022,hc_resume,94,4.553876891600541,0.746031746031746,0,8,2013,1999,23,0
zac_taylor,2022,hc_resume,49,3.912023005428146,0.6049382716049383,0,3,2021,1999,23,0
andy_reid,2022,noncalling_hc_context,5,1.791759469228055,0.13513513513513514,0,1,2017,2014,8,1
anthony_lynn,2022,noncalling_hc_context,64,4.174387269895637,0.6666666666666666,0,4,2020,2014,8,0
ben_mcadoo,2022,noncalling_hc_context,7,2.0794415416798357,0.1794871794871795,0,1,2017,2014,8,0
bill_belichick,2022,noncalling_hc_context,113,4.736198448394496,0.7793103448275862,0,7,2021,2014,8,1
bill_callahan,2022,noncalling_hc_context,11,2.4849066497880004,0.2558139534883721,0,1,2019,2014,8,1
bill_obrien,2022,noncalling_hc_context,23,3.1780538303479458,0.41818181818181815,0,3,2020,2014,8,0
brandon_staley,2022,noncalling_hc_context,17,2.8903717578961645,0.3469387755102041,0,1,2021,2014,8,0
brian_flores,2022,noncalling_hc_context,32,3.4965075614664802,0.5,0,2,2020,2014,8,0
bruce_arians,2022,noncalling_hc_context,49,3.912023005428146,0.6049382716049383,0,3,2021,2014,8,1
chuck_pagano,2022,noncalling_hc_context,64,4.174387269895637,0.6666666666666666,0,4,2017,2014,8,1
dan_quinn,2022,noncalling_hc_context,69,4.248495242049359,0.6831683168316832,0,5,2020,2014,8,0
david_culley,2022,noncalling_hc_context,17,2.8903717578961645,0.3469387755102041,0,1,2021,2014,8,0
doug_marrone,2022,noncalling_hc_context,82,4.418840607796598,0.7192982456140351,0,6,2020,2014,8,1
gregg_williams,2022,noncalling_hc_context,8,2.1972245773362196,0.2,0,1,2018,2014,8,1
gus_bradley,2022,noncalling_hc_context,30,3.4339872044851463,0.4838709677419355,0,2,2016,2014,8,1
hue_jackson,2022,noncalling_hc_context,8,2.1972245773362196,0.2,0,1,2018,2014,8,1
jack_del_rio,2022,noncalling_hc_context,48,3.8918202981106265,0.6,0,3,2017,2014,8,1
jason_garrett,2022,noncalling_hc_context,96,4.574710978503383,0.75,0,6,2019,2014,8,1
jay_gruden,2022,noncalling_hc_context,32,3.4965075614664802,0.5,0,2,2016,2014,8,0
jeff_fisher,2022,noncalling_hc_context,48,3.8918202981106265,0.6,0,3,2016,2014,8,1
jim_caldwell,2022,noncalling_hc_context,64,4.174387269895637,0.6666666666666666,0,4,2017,2014,8,1
jim_tomsula,2022,noncalling_hc_context,16,2.833213344056216,0.3333333333333333,0,1,2015,2014,8,1
joe_judge,2022,noncalling_hc_context,33,3.5263605246161616,0.5076923076923077,0,2,2021,2014,8,0
joe_philbin,2022,noncalling_hc_context,36,3.6109179126442243,0.5294117647058824,0,3,2018,2014,8,1
john_fox,2022,noncalling_hc_context,48,3.8918202981106265,0.6,0,3,2017,2014,8,1
john_harbaugh,2022,noncalling_hc_context,113,4.736198448394496,0.7793103448275862,0,7,2021,2014,8,1
ken_whisenhunt,2022,noncalling_hc_context,9,2.302585092994046,0.21951219512195122,0,1,2015,2014,8,1
lovie_smith,2022,noncalling_hc_context,32,3.4965075614664802,0.5,0,2,2015,2014,8,1
marvin_lewis,2022,noncalling_hc_context,48,3.8918202981106265,0.6,0,3,2018,2014,8,1
matt_nagy,2022,noncalling_hc_context,6,1.9459101490553132,0.15789473684210525,0,1,2020,2014,8,0
matt_patricia,2022,noncalling_hc_context,27,3.332204510175204,0.4576271186440678,0,2,2020,2014,8,0
matt_rhule,2022,noncalling_hc_context,33,3.5263605246161616,0.5076923076923077,0,2,2021,2014,8,0
mike_mccarthy,2022,noncalling_hc_context,46,3.8501476017100584,0.5897435897435898,0,3,2021,2014,8,1
mike_mccoy,2022,noncalling_hc_context,32,3.4965075614664802,0.5,0,2,2015,2014,8,1
mike_mularkey,2022,noncalling_hc_context,32,3.4965075614664802,0.5,0,2,2017,2014,8,1
mike_pettine,2022,noncalling_hc_context,16,2.833213344056216,0.3333333333333333,0,1,2014,2014,8,0
mike_smith,2022,noncalling_hc_context,16,2.833213344056216,0.3333333333333333,0,1,2014,2014,8,1
mike_tomlin,2022,noncalling_hc_context,129,4.867534450455582,0.8012422360248447,0,8,2021,2014,8,1
mike_vrabel,2022,noncalling_hc_context,65,4.189654742026425,0.6701030927835051,0,4,2021,2014,8,0
mike_zimmer,2022,noncalling_hc_context,129,4.867534450455582,0.8012422360248447,0,8,2021,2014,8,0
pat_shurmur,2022,noncalling_hc_context,1,0.6931471805599453,0.030303030303030304,0,1,2015,2014,8,1
pete_carroll,2022,noncalling_hc_context,129,4.867534450455582,0.8012422360248447,0,8,2021,2014,8,1
raheem_morris,2022,noncalling_hc_context,11,2.4849066497880004,0.2558139534883721,0,1,2020,2014,8,1
rex_ryan,2022,noncalling_hc_context,47,3.871201010907891,0.5949367088607594,0,3,2016,2014,8,1
rich_bisaccia,2022,noncalling_hc_context,12,2.5649493574615367,0.2727272727272727,0,1,2021,2014,8,0
robert_saleh,2022,noncalling_hc_context,17,2.8903717578961645,0.3469387755102041,0,1,2021,2014,8,0
romeo_crennel,2022,noncalling_hc_context,12,2.5649493574615367,0.2727272727272727,0,1,2020,2014,8,1
ron_rivera,2022,noncalling_hc_context,129,4.867534450455582,0.8012422360248447,0,8,2021,2014,8,1
sean_mcdermott,2022,noncalling_hc_context,65,4.189654742026425,0.6701030927835051,0,4,2021,2014,8,0
steve_spagnuolo,2022,noncalling_hc_context,4,1.6094379124341003,0.1111111111111111,0,1,2017,2014,8,1
steve_wilks,2022,noncalling_hc_context,16,2.833213344056216,0.3333333333333333,0,1,2018,2014,8,0
todd_bowles,2022,noncalling_hc_context,64,4.174387269895637,0.6666666666666666,0,4,2018,2014,8,1
tom_coughlin,2022,noncalling_hc_context,32,3.4965075614664802,0.5,0,2,2015,2014,8,1
urban_meyer,2022,noncalling_hc_context,13,2.6390573296152584,0.28888888888888886,0,1,2021,2014,8,0
vance_joseph,2022,noncalling_hc_context,32,3.4965075614664802,0.5,0,2,2018,2014,8,0
vic_fangio,2022,noncalling_hc_context,49,3.912023005428146,0.6049382716049383,0,3,2021,2014,8,0
aaron_kromer,2022,unknown_caller_hc_games,6,1.9459101490553132,0.15789473684210525,0,1,2012,1999,23,0
al_groh,2022,unknown_caller_hc_games,16,2.833213344056216,0.3333333333333333,0,1,2000,1999,23,0
andy_reid,2022,unknown_caller_hc_games,240,5.484796933490655,0.8823529411764706,0,15,2013,1999,23,0
art_shell,2022,unknown_caller_hc_games,16,2.833213344056216,0.3333333333333333,0,1,2006,1999,23,0
bill_belichick,2022,unknown_caller_hc_games,240,5.484796933490655,0.8823529411764706,0,15,2019,1999,23,0
bill_callahan,2022,unknown_caller_hc_games,32,3.4965075614664802,0.5,0,2,2003,1999,23,0
bill_cowher,2022,unknown_caller_hc_games,128,4.859812404361672,0.8,0,8,2006,1999,23,0
bill_parcells,2022,unknown_caller_hc_games,80,4.394449154672439,0.7142857142857143,0,5,2006,1999,23,0
bobby_petrino,2022,unknown_caller_hc_games,12,2.5649493574615367,0.2727272727272727,0,1,2007,1999,23,0
bobby_ross,2022,unknown_caller_hc_games,23,3.1780538303479458,0.41818181818181815,0,2,2000,1999,23,0
brad_childress,2022,unknown_caller_hc_games,74,4.31748811353631,0.6981132075471698,0,5,2010,1999,23,0
brian_billick,2022,unknown_caller_hc_games,144,4.976733742420574,0.8181818181818182,0,9,2007,1999,23,0
brian_flores,2022,unknown_caller_hc_games,17,2.8903717578961645,0.3469387755102041,0,1,2021,1999,23,0
bruce_arians,2022,unknown_caller_hc_games,32,3.4965075614664802,0.5,0,2,2014,1999,23,0
bruce_coslet,2022,unknown_caller_hc_games,19,2.995732273553991,0.37254901960784315,0,2,2000,1999,23,0
butch_davis,2022,unknown_caller_hc_games,59,4.0943445622221,0.6483516483516484,0,4,2004,1999,23,0
cam_cameron,2022,unknown_caller_hc_games,16,2.833213344056216,0.3333333333333333,0,1,2007,1999,23,0
chan_gailey,2022,unknown_caller_hc_games,64,4.174387269895637,0.6666666666666666,0,4,2012,1999,23,0
chip_kelly,2022,unknown_caller_hc_games,16,2.833213344056216,0.3333333333333333,0,1,2013,1999,23,0
chris_palmer,2022,unknown_caller_hc_games,32,3.4965075614664802,0.5,0,2,2000,1999,23,0
chuck_pagano,2022,unknown_caller_hc_games,32,3.4965075614664802,0.5,0,2,2013,1999,23,0
dan_campbell,2022,unknown_caller_hc_games,17,2.8903717578961645,0.3469387755102041,0,1,2021,1999,23,0
dan_quinn,2022,unknown_caller_hc_games,16,2.833213344056216,0.3333333333333333,0,1,2019,1999,23,0
dan_reeves,2022,unknown_caller_hc_games,77,4.356708826689592,0.7064220183486238,0,5,2003,1999,23,0
dave_campo,2022,unknown_caller_hc_games,48,3.8918202981106265,0.6,0,3,2002,1999,23,0
dave_mcginnis,2022,unknown_caller_hc_games,55,4.02535169073515,0.632183908045977,0,4,2003,1999,23,0
dave_wannstedt,2022,unknown_caller_hc_games,73,4.30406509320417,0.6952380952380952,0,5,2004,1999,23,0
dennis_allen,2022,unknown_caller_hc_games,36,3.6109179126442243,0.5294117647058824,0,3,2014,1999,23,0
dennis_erickson,2022,unknown_caller_hc_games,32,3.4965075614664802,0.5,0,2,2004,1999,23,0
dennis_green,2022,unknown_caller_hc_games,95,4.564348191467836,0.7480314960629921,0,6,2006,1999,23,0
dick_jauron,2022,unknown_caller_hc_games,142,4.962844630259907,0.8160919540229885,0,10,2009,1999,23,0
dick_lebeau,2022,unknown_caller_hc_games,45,3.828641396489095,0.5844155844155844,0,3,2002,1999,23,0
dick_vermeil,2022,unknown_caller_hc_games,96,4.574710978503383,0.75,0,6,2005,1999,23,0
dom_capers,2022,unknown_caller_hc_games,64,4.174387269895637,0.6666666666666666,0,4,2005,1999,23,0
doug_marrone,2022,unknown_caller_hc_games,16,2.833213344056216,0.3333333333333333,0,1,2013,1999,23,0
emmitt_thomas,2022,unknown_caller_hc_games,4,1.6094379124341003,0.1111111111111111,0,1,2007,1999,23,0
eric_mangini,2022,unknown_caller_hc_games,80,4.394449154672439,0.7142857142857143,0,5,2010,1999,23,0
eric_studesville,2022,unknown_caller_hc_games,4,1.6094379124341003,0.1111111111111111,0,1,2010,1999,23,0
gary_kubiak,2022,unknown_caller_hc_games,141,4.955827057601261,0.815028901734104,0,9,2016,1999,23,0
gary_moeller,2022,unknown_caller_hc_games,9,2.302585092994046,0.21951219512195122,0,1,2000,1999,23,0
george_seifert,2022,unknown_caller_hc_games,48,3.8918202981106265,0.6,0,3,2001,1999,23,0
greg_schiano,2022,unknown_caller_hc_games,32,3.4965075614664802,0.5,0,2,2013,1999,23,0
gregg_williams,2022,unknown_caller_hc_games,48,3.8918202981106265,0.6,0,3,2003,1999,23,0
gunther_cunningham,2022,unknown_caller_hc_games,32,3.4965075614664802,0.5,0,2,2000,1999,23,0
gus_bradley,2022,unknown_caller_hc_games,32,3.4965075614664802,0.5,0,2,2014,1999,23,0
herm_edwards,2022,unknown_caller_hc_games,128,4.859812404361672,0.8,0,8,2008,1999,23,0
hue_jackson,2022,unknown_caller_hc_games,16,2.833213344056216,0.3333333333333333,0,1,2011,1999,23,0
jack_del_rio,2022,unknown_caller_hc_games,139,4.941642422609304,0.8128654970760234,0,9,2011,1999,23,0
jason_garrett,2022,unknown_caller_hc_games,56,4.04305126783455,0.6363636363636364,0,4,2013,1999,23,0
jeff_fisher,2022,unknown_caller_hc_games,224,5.41610040220442,0.875,0,14,2013,1999,23,0
jim_bates,2022,unknown_caller_hc_games,7,2.0794415416798357,0.1794871794871795,0,1,2004,1999,23,0
jim_caldwell,2022,unknown_caller_hc_games,48,3.8918202981106265,0.6,0,3,2011,1999,23,0
jim_fassel,2022,unknown_caller_hc_games,80,4.394449154672439,0.7142857142857143,0,5,2003,1999,23,0
jim_harbaugh,2022,unknown_caller_hc_games,64,4.174387269895637,0.6666666666666666,0,4,2014,1999,23,0
jim_haslett,2022,unknown_caller_hc_games,108,4.6913478822291435,0.7714285714285715,0,7,2008,1999,23,0
jim_mora,2022,unknown_caller_hc_games,112,4.727387818712341,0.7777777777777778,0,7,2009,1999,23,0
jim_schwartz,2022,unknown_caller_hc_games,80,4.394449154672439,0.7142857142857143,0,5,2013,1999,23,0
jim_tomsula,2022,unknown_caller_hc_games,1,0.6931471805599453,0.030303030303030304,0,1,2010,1999,23,0
jim_zorn,2022,unknown_caller_hc_games,32,3.4965075614664802,0.5,0,2,2009,1999,23,0
jimmy_johnson,2022,unknown_caller_hc_games,16,2.833213344056216,0.3333333333333333,0,1,1999,1999,23,0
joe_gibbs,2022,unknown_caller_hc_games,64,4.174387269895637,0.6666666666666666,0,4,2007,1999,23,0
joe_philbin,2022,unknown_caller_hc_games,32,3.4965075614664802,0.5,0,2,2013,1999,23,0
joe_vitt,2022,unknown_caller_hc_games,21,3.091042453358316,0.39622641509433965,0,2,2012,1999,23,0
john_fox,2022,unknown_caller_hc_games,208,5.342334251964811,0.8666666666666667,0,13,2016,1999,23,0
john_harbaugh,2022,unknown_caller_hc_games,112,4.727387818712341,0.7777777777777778,0,7,2019,1999,23,0
jon_gruden,2022,unknown_caller_hc_games,160,5.081404364984463,0.8333333333333334,0,10,2008,1999,23,0
josh_mcdaniels,2022,unknown_caller_hc_games,28,3.367295829986474,0.4666666666666667,0,2,2010,1999,23,0
ken_whisenhunt,2022,unknown_caller_hc_games,96,4.574710978503383,0.75,0,6,2012,1999,23,0
kliff_kingsbury,2022,unknown_caller_hc_games,16,2.833213344056216,0.3333333333333333,0,1,2019,1999,23,0
lane_kiffin,2022,unknown_caller_hc_games,20,3.044522437723423,0.38461538461538464,0,2,2008,1999,23,0
leslie_frazier,2022,unknown_caller_hc_games,54,4.007333185232471,0.627906976744186,0,4,2013,1999,23,0
lovie_smith,2022,unknown_caller_hc_games,144,4.976733742420574,0.8181818181818182,0,9,2012,1999,23,0
marc_trestman,2022,unknown_caller_hc_games,32,3.4965075614664802,0.5,0,2,2014,1999,23,0
marty_mornhinweg,2022,unknown_caller_hc_games,32,3.4965075614664802,0.5,0,2,2002,1999,23,0
marty_schottenheimer,2022,unknown_caller_hc_games,96,4.574710978503383,0.75,0,6,2006,1999,23,0
marvin_lewis,2022,unknown_caller_hc_games,208,5.342334251964811,0.8666666666666667,0,13,2016,1999,23,0
matt_patricia,2022,unknown_caller_hc_games,16,2.833213344056216,0.3333333333333333,0,1,2019,1999,23,0
mel_tucker,2022,unknown_caller_hc_games,5,1.791759469228055,0.13513513513513514,0,1,2011,1999,23,0
mike_ditka,2022,unknown_caller_hc_games,16,2.833213344056216,0.3333333333333333,0,1,1999,1999,23,0
mike_holmgren,2022,unknown_caller_hc_games,160,5.081404364984463,0.8333333333333334,0,10,2008,1999,23,0
mike_martz,2022,unknown_caller_hc_games,85,4.454347296253507,0.7264957264957265,0,6,2005,1999,23,0
mike_mccarthy,2022,unknown_caller_hc_games,128,4.859812404361672,0.8,0,8,2013,1999,23,0
mike_mccoy,2022,unknown_caller_hc_games,32,3.4965075614664802,0.5,0,2,2016,1999,23,0
mike_mularkey,2022,unknown_caller_hc_games,48,3.8918202981106265,0.6,0,3,2012,1999,23,0
mike_munchak,2022,unknown_caller_hc_games,48,3.8918202981106265,0.6,0,3,2013,1999,23,0
mike_nolan,2022,unknown_caller_hc_games,55,4.02535169073515,0.632183908045977,0,4,2008,1999,23,0
mike_pettine,2022,unknown_caller_hc_games,16,2.833213344056216,0.3333333333333333,0,1,2015,1999,23,0
mike_riley,2022,unknown_caller_hc_games,48,3.8918202981106265,0.6,0,3,2001,1999,23,0
mike_shanahan,2022,unknown_caller_hc_games,224,5.41610040220442,0.875,0,14,2013,1999,23,0
mike_sherman,2022,unknown_caller_hc_games,96,4.574710978503383,0.75,0,6,2005,1999,23,0
mike_singletary,2022,unknown_caller_hc_games,40,3.713572066704308,0.5555555555555556,0,3,2010,1999,23,0
mike_smith,2022,unknown_caller_hc_games,96,4.574710978503383,0.75,0,6,2013,1999,23,0
mike_tice,2022,unknown_caller_hc_games,65,4.189654742026425,0.6701030927835051,0,5,2005,1999,23,0
mike_tomlin,2022,unknown_caller_hc_games,112,4.727387818712341,0.7777777777777778,0,7,2013,1999,23,0
nick_saban,2022,unknown_caller_hc_games,32,3.4965075614664802,0.5,0,2,2006,1999,23,0
norv_turner,2022,unknown_caller_hc_games,147,4.997212273764115,0.8212290502793296,0,10,2012,1999,23,0
pat_shurmur,2022,unknown_caller_hc_games,48,3.8918202981106265,0.6,0,3,2019,1999,23,0
perry_fewell,2022,unknown_caller_hc_games,7,2.0794415416798357,0.1794871794871795,0,1,2009,1999,23,0
pete_carroll,2022,unknown_caller_hc_games,80,4.394449154672439,0.7142857142857143,0,5,2013,1999,23,0
raheem_morris,2022,unknown_caller_hc_games,48,3.8918202981106265,0.6,0,3,2011,1999,23,0
ray_rhodes,2022,unknown_caller_hc_games,16,2.833213344056216,0.3333333333333333,0,1,1999,1999,23,0
rex_ryan,2022,unknown_caller_hc_games,80,4.394449154672439,0.7142857142857143,0,5,2013,1999,23,0
rob_chudzinski,2022,unknown_caller_hc_games,16,2.833213344056216,0.3333333333333333,0,1,2013,1999,23,0
rod_marinelli,2022,unknown_caller_hc_games,48,3.8918202981106265,0.6,0,3,2008,1999,23,0
romeo_crennel,2022,unknown_caller_hc_games,83,4.430816798843313,0.7217391304347827,0,6,2012,1999,23,0
ron_rivera,2022,unknown_caller_hc_games,48,3.8918202981106265,0.6,0,3,2013,1999,23,0
scott_linehan,2022,unknown_caller_hc_games,36,3.6109179126442243,0.5294117647058824,0,3,2008,1999,23,0
sean_mcdermott,2022,unknown_caller_hc_games,16,2.833213344056216,0.3333333333333333,0,1,2019,1999,23,0
sean_payton,2022,unknown_caller_hc_games,144,4.976733742420574,0.8181818181818182,0,9,2019,1999,23,0
steve_mariucci,2022,unknown_caller_hc_games,107,4.68213122712422,0.7697841726618705,0,7,2005,1999,23,0
steve_spagnuolo,2022,unknown_caller_hc_games,48,3.8918202981106265,0.6,0,3,2011,1999,23,0
steve_spurrier,2022,unknown_caller_hc_games,32,3.4965075614664802,0.5,0,2,2003,1999,23,0
terry_robiskie,2022,unknown_caller_hc_games,18,2.9444389791664403,0.36,0,2,2004,1999,23,0
todd_bowles,2022,unknown_caller_hc_games,3,1.3862943611198906,0.08571428571428572,0,1,2011,1999,23,0
todd_haley,2022,unknown_caller_hc_games,45,3.828641396489095,0.5844155844155844,0,3,2011,1999,23,0
tom_cable,2022,unknown_caller_hc_games,44,3.8066624897703196,0.5789473684210527,0,3,2010,1999,23,0
tom_coughlin,2022,unknown_caller_hc_games,224,5.41610040220442,0.875,0,14,2013,1999,23,0
tony_dungy,2022,unknown_caller_hc_games,160,5.081404364984463,0.8333333333333334,0,10,2008,1999,23,0
tony_sparano,2022,unknown_caller_hc_games,73,4.30406509320417,0.6952380952380952,0,5,2014,1999,23,0
vince_tobin,2022,unknown_caller_hc_games,25,3.258096538021482,0.43859649122807015,0,2,2000,1999,23,0
wade_phillips,2022,unknown_caller_hc_games,94,4.553876891600541,0.746031746031746,0,8,2013,1999,23,0
adam_gase,2023,caller,112,4.727387818712341,0.7777777777777778,0,7,2020,2014,9,0
andy_reid,2023,caller,141,4.955827057601261,0.815028901734104,0,9,2022,2014,9,1
anthony_lynn,2023,caller,14,2.70805020110221,0.30434782608695654,0,1,2016,2014,9,0
arthur_smith,2023,caller,66,4.204692619390966,0.673469387755102,0,4,2022,2014,9,0
ben_johnson,2023,caller,17,2.8903717578961645,0.3469387755102041,0,1,2022,2014,9,0
ben_mcadoo,2023,caller,70,4.2626798770413155,0.6862745098039216,0,5,2022,2014,9,0
bill_lazor,2023,caller,63,4.1588830833596715,0.6631578947368421,0,5,2020,2014,9,0
bill_musgrave,2023,caller,48,3.8918202981106265,0.6,0,3,2018,2014,9,0
bill_obrien,2023,caller,77,4.356708826689592,0.7064220183486238,0,5,2019,2014,9,0
brian_daboll,2023,caller,49,3.912023005428146,0.6049382716049383,0,3,2021,2014,9,0
brian_schottenheimer,2023,caller,64,4.174387269895637,0.6666666666666666,0,4,2020,2014,9,0
bruce_arians,2023,caller,48,3.8918202981106265,0.6,0,3,2017,2014,9,1
byron_leftwich,2023,caller,66,4.204692619390966,0.673469387755102,0,4,2022,2014,9,0
chad_oshea,2023,caller,16,2.833213344056216,0.3333333333333333,0,1,2019,2014,9,0
chan_gailey,2023,caller,48,3.8918202981106265,0.6,0,3,2020,2014,9,1
chip_kelly,2023,caller,48,3.8918202981106265,0.6,0,3,2016,2014,9,1
darrell_bevell,2023,caller,97,4.584967478670572,0.751937984496124,0,6,2021,2014,9,0
dirk_koetter,2023,caller,96,4.574710978503383,0.75,0,6,2020,2014,9,0
doug_pederson,2023,caller,97,4.584967478670572,0.751937984496124,0,6,2022,2014,9,0
dowell_loggains,2023,caller,16,2.833213344056216,0.3333333333333333,0,1,2017,2014,9,0
frank_cignetti,2023,caller,12,2.5649493574615367,0.2727272727272727,0,1,2015,2014,9,0
frank_reich,2023,caller,114,4.74493212836325,0.7808219178082192,0,7,2022,2014,9,0
freddie_kitchens,2023,caller,24,3.2188758248682006,0.42857142857142855,0,2,2019,2014,9,0
gary_kubiak,2023,caller,48,3.8918202981106265,0.6,0,3,2020,2014,9,1
geep_chryst,2023,caller,16,2.833213344056216,0.3333333333333333,0,1,2015,2014,9,0
george_godsey,2023,caller,19,2.995732273553991,0.37254901960784315,0,2,2016,2014,9,0
greg_olson,2023,caller,23,3.1780538303479458,0.41818181818181815,0,2,2016,2014,9,0
greg_roman,2023,caller,68,4.23410650459726,0.68,0,5,2022,2014,9,0
hue_jackson,2023,caller,48,3.8918202981106265,0.6,0,3,2017,2014,9,1
jason_garrett,2023,caller,33,3.5263605246161616,0.5076923076923077,0,2,2021,2014,9,1
jason_michael,2023,caller,9,2.302585092994046,0.21951219512195122,0,1,2015,2014,9,0
jay_gruden,2023,caller,69,4.248495242049359,0.6831683168316832,0,5,2020,2014,9,0
jeremy_bates,2023,caller,16,2.833213344056216,0.3333333333333333,0,1,2018,2014,9,0
jim_bob_cooter,2023,caller,57,4.060443010546419,0.6404494382022472,0,4,2018,2014,9,0
joe_brady,2023,caller,33,3.5263605246161616,0.5076923076923077,0,2,2021,2014,9,0
joe_lombardi,2023,caller,57,4.060443010546419,0.6404494382022472,0,4,2022,2014,9,0
john_defilippo,2023,caller,32,3.4965075614664802,0.5,0,2,2019,2014,9,0
john_morton,2023,caller,16,2.833213344056216,0.3333333333333333,0,1,2017,2014,9,0
jon_gruden,2023,caller,65,4.189654742026425,0.6701030927835051,0,4,2021,2014,9,1
josh_mcdaniels,2023,caller,130,4.875197323201151,0.8024691358024691,0,8,2022,2014,9,1
kellen_moore,2023,caller,66,4.204692619390966,0.673469387755102,0,4,2022,2014,9,0
ken_dorsey,2023,caller,16,2.833213344056216,0.3333333333333333,0,1,2022,2014,9,0
ken_whisenhunt,2023,caller,62,4.143134726391533,0.6595744680851063,0,5,2019,2014,9,1
ken_zampese,2023,caller,2,1.0986122886681098,0.058823529411764705,0,1,2017,2014,9,0
kevin_oconnell,2023,caller,28,3.367295829986474,0.4666666666666667,0,2,2022,2014,9,0
kevin_stefanski,2023,caller,66,4.204692619390966,0.673469387755102,0,4,2022,2014,9,0
kliff_kingsbury,2023,caller,50,3.9318256327243257,0.6097560975609756,0,3,2022,2014,9,0
klint_kubiak,2023,caller,17,2.8903717578961645,0.3469387755102041,0,1,2021,2014,9,0
kyle_shanahan,2023,caller,146,4.990432586778736,0.8202247191011236,0,9,2022,2014,9,0
luke_getsy,2023,caller,17,2.8903717578961645,0.3469387755102041,0,1,2022,2014,9,0
marc_trestman,2023,caller,21,3.091042453358316,0.39622641509433965,0,2,2016,2014,9,1
marcus_arroyo,2023,caller,16,2.833213344056216,0.3333333333333333,0,1,2014,2014,9,0
marty_mornhinweg,2023,caller,59,4.0943445622221,0.6483516483516484,0,4,2018,2014,9,1
matt_canada,2023,caller,34,3.5553480614894135,0.5151515151515151,0,2,2022,2014,9,0
matt_lafleur,2023,caller,82,4.418840607796598,0.7192982456140351,0,5,2022,2014,9,0
matt_nagy,2023,caller,64,4.174387269895637,0.6666666666666666,0,5,2021,2014,9,0
mike_kafka,2023,caller,17,2.8903717578961645,0.3469387755102041,0,1,2022,2014,9,0
mike_lafleur,2023,caller,34,3.5553480614894135,0.5151515151515151,0,2,2022,2014,9,0
mike_mccarthy,2023,caller,67,4.219507705176107,0.6767676767676768,0,5,2018,2014,9,1
mike_mccoy,2023,caller,32,3.4965075614664802,0.5,0,2,2018,2014,9,1
mike_mcdaniel,2023,caller,17,2.8903717578961645,0.3469387755102041,0,1,2022,2014,9,0
mike_shula,2023,caller,64,4.174387269895637,0.6666666666666666,0,4,2017,2014,9,0
mike_sullivan,2023,caller,11,2.4849066497880004,0.2558139534883721,0,1,2017,2014,9,0
nathaniel_hackett,2023,caller,74,4.31748811353631,0.6981132075471698,0,5,2022,2014,9,0
nick_sirianni,2023,caller,17,2.8903717578961645,0.3469387755102041,0,1,2021,2014,9,0
norv_turner,2023,caller,71,4.276666119016055,0.6893203883495146,0,5,2019,2014,9,1
pat_shurmur,2023,caller,74,4.31748811353631,0.6981132075471698,0,5,2021,2014,9,1
pep_hamilton,2023,caller,41,3.7376696182833684,0.5616438356164384,0,3,2022,2014,9,0
pete_carmichael,2023,caller,17,2.8903717578961645,0.3469387755102041,0,1,2022,2014,9,0
randy_fichtner,2023,caller,48,3.8918202981106265,0.6,0,3,2020,2014,9,0
rich_scangarello,2023,caller,16,2.833213344056216,0.3333333333333333,0,1,2019,2014,9,0
rick_dennison,2023,caller,16,2.833213344056216,0.3333333333333333,0,1,2017,2014,9,0
rob_boras,2023,caller,20,3.044522437723423,0.38461538461538464,0,2,2016,2014,9,0
rob_chudzinski,2023,caller,40,3.713572066704308,0.5555555555555556,0,3,2017,2014,9,1
scott_linehan,2023,caller,80,4.394449154672439,0.7142857142857143,0,5,2018,2014,9,1
scott_turner,2023,caller,50,3.9318256327243257,0.6097560975609756,0,3,2022,2014,9,0
sean_mcvay,2023,caller,130,4.875197323201151,0.8024691358024691,0,8,2022,2014,9,0
sean_payton,2023,caller,97,4.584967478670572,0.751937984496124,0,6,2021,2014,9,1
shane_steichen,2023,caller,25,3.258096538021482,0.43859649122807015,0,2,2020,2014,9,0
shane_waldron,2023,caller,34,3.5553480614894135,0.5151515151515151,0,2,2022,2014,9,0
steve_sarkisian,2023,caller,32,3.4965075614664802,0.5,0,2,2018,2014,9,0
terry_robiskie,2023,caller,32,3.4965075614664802,0.5,0,2,2017,2014,9,1
tim_kelly,2023,caller,33,3.5263605246161616,0.5076923076923077,0,2,2021,2014,9,0
todd_downing,2023,caller,50,3.9318256327243257,0.6097560975609756,0,3,2022,2014,9,0
todd_haley,2023,caller,72,4.290459441148391,0.6923076923076923,0,5,2018,2014,9,1
tom_clements,2023,caller,13,2.6390573296152584,0.28888888888888886,0,1,2015,2014,9,0
zac_taylor,2023,caller,70,4.2626798770413155,0.6862745098039216,0,5,2022,2014,9,0
aaron_kromer,2023,hc_resume,6,1.9459101490553132,0.15789473684210525,0,1,2012,1999,24,0
adam_gase,2023,hc_resume,80,4.394449154672439,0.7142857142857143,0,5,2020,1999,24,0
al_groh,2023,hc_resume,16,2.833213344056216,0.3333333333333333,0,1,2000,1999,24,0
andy_reid,2023,hc_resume,386,5.958424693029782,0.9234449760765551,0,24,2022,1999,24,0
anthony_lynn,2023,hc_resume,65,4.189654742026425,0.6701030927835051,0,5,2020,1999,24,0
art_shell,2023,hc_resume,16,2.833213344056216,0.3333333333333333,0,1,2006,1999,24,0
arthur_smith,2023,hc_resume,34,3.5553480614894135,0.5151515151515151,0,2,2022,1999,24,0
ben_mcadoo,2023,hc_resume,28,3.367295829986474,0.4666666666666667,0,2,2017,1999,24,0
bill_belichick,2023,hc_resume,370,5.916202062607435,0.9203980099502488,0,23,2022,1999,24,0
bill_callahan,2023,hc_resume,43,3.784189633918261,0.5733333333333334,0,3,2019,1999,24,0
bill_cowher,2023,hc_resume,128,4.859812404361672,0.8,0,8,2006,1999,24,0
bill_obrien,2023,hc_resume,100,4.61512051684126,0.7575757575757576,0,7,2020,1999,24,0
bill_parcells,2023,hc_resume,80,4.394449154672439,0.7142857142857143,0,5,2006,1999,24,0
bobby_petrino,2023,hc_resume,12,2.5649493574615367,0.2727272727272727,0,1,2007,1999,24,0
bobby_ross,2023,hc_resume,23,3.1780538303479458,0.41818181818181815,0,2,2000,1999,24,0
brad_childress,2023,hc_resume,74,4.31748811353631,0.6981132075471698,0,5,2010,1999,24,0
brandon_staley,2023,hc_resume,34,3.5553480614894135,0.5151515151515151,0,2,2022,1999,24,0
brian_billick,2023,hc_resume,144,4.976733742420574,0.8181818181818182,0,9,2007,1999,24,0
brian_daboll,2023,hc_resume,17,2.8903717578961645,0.3469387755102041,0,1,2022,1999,24,0
brian_flores,2023,hc_resume,49,3.912023005428146,0.6049382716049383,0,3,2021,1999,24,0
bruce_arians,2023,hc_resume,129,4.867534450455582,0.8012422360248447,0,8,2021,1999,24,0
bruce_coslet,2023,hc_resume,19,2.995732273553991,0.37254901960784315,0,2,2000,1999,24,0
butch_davis,2023,hc_resume,59,4.0943445622221,0.6483516483516484,0,4,2004,1999,24,0
cam_cameron,2023,hc_resume,16,2.833213344056216,0.3333333333333333,0,1,2007,1999,24,0
chan_gailey,2023,hc_resume,64,4.174387269895637,0.6666666666666666,0,4,2012,1999,24,0
chip_kelly,2023,hc_resume,63,4.1588830833596715,0.6631578947368421,0,4,2016,1999,24,0
chris_palmer,2023,hc_resume,32,3.4965075614664802,0.5,0,2,2000,1999,24,0
chuck_pagano,2023,hc_resume,96,4.574710978503383,0.75,0,6,2017,1999,24,0
dan_campbell,2023,hc_resume,34,3.5553480614894135,0.5151515151515151,0,2,2022,1999,24,0
dan_quinn,2023,hc_resume,85,4.454347296253507,0.7264957264957265,0,6,2020,1999,24,0
dan_reeves,2023,hc_resume,77,4.356708826689592,0.7064220183486238,0,5,2003,1999,24,0
darrell_bevell,2023,hc_resume,9,2.302585092994046,0.21951219512195122,0,2,2021,1999,24,0
dave_campo,2023,hc_resume,48,3.8918202981106265,0.6,0,3,2002,1999,24,0
dave_mcginnis,2023,hc_resume,55,4.02535169073515,0.632183908045977,0,4,2003,1999,24,0
dave_wannstedt,2023,hc_resume,73,4.30406509320417,0.6952380952380952,0,5,2004,1999,24,0
david_culley,2023,hc_resume,17,2.8903717578961645,0.3469387755102041,0,1,2021,1999,24,0
dennis_allen,2023,hc_resume,53,3.9889840465642745,0.6235294117647059,0,4,2022,1999,24,0
dennis_erickson,2023,hc_resume,32,3.4965075614664802,0.5,0,2,2004,1999,24,0
dennis_green,2023,hc_resume,95,4.564348191467836,0.7480314960629921,0,6,2006,1999,24,0
dick_jauron,2023,hc_resume,142,4.962844630259907,0.8160919540229885,0,10,2009,1999,24,0
dick_lebeau,2023,hc_resume,45,3.828641396489095,0.5844155844155844,0,3,2002,1999,24,0
dick_vermeil,2023,hc_resume,96,4.574710978503383,0.75,0,6,2005,1999,24,0
dirk_koetter,2023,hc_resume,48,3.8918202981106265,0.6,0,3,2018,1999,24,0
dom_capers,2023,hc_resume,64,4.174387269895637,0.6666666666666666,0,4,2005,1999,24,0
doug_marrone,2023,hc_resume,98,4.59511985013459,0.7538461538461538,0,7,2020,1999,24,0
doug_pederson,2023,hc_resume,97,4.584967478670572,0.751937984496124,0,6,2022,1999,24,0
emmitt_thomas,2023,hc_resume,4,1.6094379124341003,0.1111111111111111,0,1,2007,1999,24,0
eric_mangini,2023,hc_resume,80,4.394449154672439,0.7142857142857143,0,5,2010,1999,24,0
eric_studesville,2023,hc_resume,4,1.6094379124341003,0.1111111111111111,0,1,2010,1999,24,0
frank_reich,2023,hc_resume,74,4.31748811353631,0.6981132075471698,0,5,2022,1999,24,0
freddie_kitchens,2023,hc_resume,16,2.833213344056216,0.3333333333333333,0,1,2019,1999,24,0
gary_kubiak,2023,hc_resume,157,5.062595033026967,0.8306878306878307,0,10,2016,1999,24,0
gary_moeller,2023,hc_resume,9,2.302585092994046,0.21951219512195122,0,1,2000,1999,24,0
george_seifert,2023,hc_resume,48,3.8918202981106265,0.6,0,3,2001,1999,24,0
greg_schiano,2023,hc_resume,32,3.4965075614664802,0.5,0,2,2013,1999,24,0
gregg_williams,2023,hc_resume,56,4.04305126783455,0.6363636363636364,0,4,2018,1999,24,0
gunther_cunningham,2023,hc_resume,32,3.4965075614664802,0.5,0,2,2000,1999,24,0
gus_bradley,2023,hc_resume,62,4.143134726391533,0.6595744680851063,0,4,2016,1999,24,0
herm_edwards,2023,hc_resume,128,4.859812404361672,0.8,0,8,2008,1999,24,0
hue_jackson,2023,hc_resume,56,4.04305126783455,0.6363636363636364,0,4,2018,1999,24,0
jack_del_rio,2023,hc_resume,187,5.236441962829949,0.8538812785388128,0,12,2017,1999,24,0
jason_garrett,2023,hc_resume,152,5.030437921392435,0.8260869565217391,0,10,2019,1999,24,0
jay_gruden,2023,hc_resume,85,4.454347296253507,0.7264957264957265,0,6,2019,1999,24,0
jay_rosburg,2023,hc_resume,2,1.0986122886681098,0.058823529411764705,0,1,2022,1999,24,0
jeff_fisher,2023,hc_resume,272,5.60947179518496,0.8947368421052632,0,17,2016,1999,24,0
jeff_saturday,2023,hc_resume,8,2.1972245773362196,0.2,0,1,2022,1999,24,0
jim_bates,2023,hc_resume,7,2.0794415416798357,0.1794871794871795,0,1,2004,1999,24,0
jim_caldwell,2023,hc_resume,112,4.727387818712341,0.7777777777777778,0,7,2017,1999,24,0
jim_fassel,2023,hc_resume,80,4.394449154672439,0.7142857142857143,0,5,2003,1999,24,0
jim_harbaugh,2023,hc_resume,64,4.174387269895637,0.6666666666666666,0,4,2014,1999,24,0
jim_haslett,2023,hc_resume,108,4.6913478822291435,0.7714285714285715,0,7,2008,1999,24,0
jim_mora,2023,hc_resume,112,4.727387818712341,0.7777777777777778,0,7,2009,1999,24,0
jim_schwartz,2023,hc_resume,80,4.394449154672439,0.7142857142857143,0,5,2013,1999,24,0
jim_tomsula,2023,hc_resume,17,2.8903717578961645,0.3469387755102041,0,2,2015,1999,24,0
jim_zorn,2023,hc_resume,32,3.4965075614664802,0.5,0,2,2009,1999,24,0
jimmy_johnson,2023,hc_resume,16,2.833213344056216,0.3333333333333333,0,1,1999,1999,24,0
joe_gibbs,2023,hc_resume,64,4.174387269895637,0.6666666666666666,0,4,2007,1999,24,0
joe_judge,2023,hc_resume,33,3.5263605246161616,0.5076923076923077,0,2,2021,1999,24,0
joe_philbin,2023,hc_resume,68,4.23410650459726,0.68,0,5,2018,1999,24,0
joe_vitt,2023,hc_resume,21,3.091042453358316,0.39622641509433965,0,2,2012,1999,24,0
john_fox,2023,hc_resume,256,5.54907608489522,0.8888888888888888,0,16,2017,1999,24,0
john_harbaugh,2023,hc_resume,242,5.493061443340548,0.8832116788321168,0,15,2022,1999,24,0
jon_gruden,2023,hc_resume,213,5.365976015021851,0.8693877551020408,0,14,2021,1999,24,0
josh_mcdaniels,2023,hc_resume,45,3.828641396489095,0.5844155844155844,0,3,2022,1999,24,0
ken_whisenhunt,2023,hc_resume,128,4.859812404361672,0.8,0,8,2015,1999,24,0
kevin_oconnell,2023,hc_resume,17,2.8903717578961645,0.3469387755102041,0,1,2022,1999,24,0
kevin_stefanski,2023,hc_resume,50,3.9318256327243257,0.6097560975609756,0,3,2022,1999,24,0
kliff_kingsbury,2023,hc_resume,66,4.204692619390966,0.673469387755102,0,4,2022,1999,24,0
kyle_shanahan,2023,hc_resume,98,4.59511985013459,0.7538461538461538,0,6,2022,1999,24,0
lane_kiffin,2023,hc_resume,20,3.044522437723423,0.38461538461538464,0,2,2008,1999,24,0
leslie_frazier,2023,hc_resume,54,4.007333185232471,0.627906976744186,0,4,2013,1999,24,0
lovie_smith,2023,hc_resume,193,5.267858159063328,0.8577777777777778,0,12,2022,1999,24,0
marc_trestman,2023,hc_resume,32,3.4965075614664802,0.5,0,2,2014,1999,24,0
marty_mornhinweg,2023,hc_resume,32,3.4965075614664802,0.5,0,2,2002,1999,24,0
marty_schottenheimer,2023,hc_resume,96,4.574710978503383,0.75,0,6,2006,1999,24,0
marvin_lewis,2023,hc_resume,256,5.54907608489522,0.8888888888888888,0,16,2018,1999,24,0
matt_eberflus,2023,hc_resume,17,2.8903717578961645,0.3469387755102041,0,1,2022,1999,24,0
matt_lafleur,2023,hc_resume,66,4.204692619390966,0.673469387755102,0,4,2022,1999,24,0
matt_nagy,2023,hc_resume,65,4.189654742026425,0.6701030927835051,0,4,2021,1999,24,0
matt_patricia,2023,hc_resume,43,3.784189633918261,0.5733333333333334,0,3,2020,1999,24,0
matt_rhule,2023,hc_resume,38,3.6635616461296463,0.5428571428571428,0,3,2022,1999,24,0
mel_tucker,2023,hc_resume,5,1.791759469228055,0.13513513513513514,0,1,2011,1999,24,0
mike_ditka,2023,hc_resume,16,2.833213344056216,0.3333333333333333,0,1,1999,1999,24,0
mike_holmgren,2023,hc_resume,160,5.081404364984463,0.8333333333333334,0,10,2008,1999,24,0
mike_martz,2023,hc_resume,85,4.454347296253507,0.7264957264957265,0,6,2005,1999,24,0
mike_mccarthy,2023,hc_resume,254,5.541263545158426,0.8881118881118881,0,16,2022,1999,24,0
mike_mccoy,2023,hc_resume,64,4.174387269895637,0.6666666666666666,0,4,2016,1999,24,0
mike_mcdaniel,2023,hc_resume,17,2.8903717578961645,0.3469387755102041,0,1,2022,1999,24,0
mike_mularkey,2023,hc_resume,80,4.394449154672439,0.7142857142857143,0,5,2017,1999,24,0
mike_munchak,2023,hc_resume,48,3.8918202981106265,0.6,0,3,2013,1999,24,0
mike_nolan,2023,hc_resume,55,4.02535169073515,0.632183908045977,0,4,2008,1999,24,0
mike_pettine,2023,hc_resume,32,3.4965075614664802,0.5,0,2,2015,1999,24,0
mike_riley,2023,hc_resume,48,3.8918202981106265,0.6,0,3,2001,1999,24,0
mike_shanahan,2023,hc_resume,224,5.41610040220442,0.875,0,14,2013,1999,24,0
mike_sherman,2023,hc_resume,96,4.574710978503383,0.75,0,6,2005,1999,24,0
mike_singletary,2023,hc_resume,40,3.713572066704308,0.5555555555555556,0,3,2010,1999,24,0
mike_smith,2023,hc_resume,112,4.727387818712341,0.7777777777777778,0,7,2014,1999,24,0
mike_tice,2023,hc_resume,65,4.189654742026425,0.6701030927835051,0,5,2005,1999,24,0
mike_tomlin,2023,hc_resume,258,5.556828061699537,0.8896551724137931,0,16,2022,1999,24,0
mike_vrabel,2023,hc_resume,82,4.418840607796598,0.7192982456140351,0,5,2022,1999,24,0
mike_zimmer,2023,hc_resume,129,4.867534450455582,0.8012422360248447,0,8,2021,1999,24,0
nathaniel_hackett,2023,hc_resume,15,2.772588722239781,0.3191489361702128,0,1,2022,1999,24,0
nick_saban,2023,hc_resume,32,3.4965075614664802,0.5,0,2,2006,1999,24,0
nick_sirianni,2023,hc_resume,34,3.5553480614894135,0.5151515151515151,0,2,2022,1999,24,0
norv_turner,2023,hc_resume,147,4.997212273764115,0.8212290502793296,0,10,2012,1999,24,0
pat_shurmur,2023,hc_resume,65,4.189654742026425,0.6701030927835051,0,5,2019,1999,24,0
perry_fewell,2023,hc_resume,7,2.0794415416798357,0.1794871794871795,0,1,2009,1999,24,0
pete_carroll,2023,hc_resume,226,5.424950017481403,0.875968992248062,0,14,2022,1999,24,0
raheem_morris,2023,hc_resume,59,4.0943445622221,0.6483516483516484,0,4,2020,1999,24,0
ray_rhodes,2023,hc_resume,16,2.833213344056216,0.3333333333333333,0,1,1999,1999,24,0
rex_ryan,2023,hc_resume,127,4.852030263919617,0.7987421383647799,0,8,2016,1999,24,0
rich_bisaccia,2023,hc_resume,12,2.5649493574615367,0.2727272727272727,0,1,2021,1999,24,0
rob_chudzinski,2023,hc_resume,16,2.833213344056216,0.3333333333333333,0,1,2013,1999,24,0
robert_saleh,2023,hc_resume,34,3.5553480614894135,0.5151515151515151,0,2,2022,1999,24,0
rod_marinelli,2023,hc_resume,48,3.8918202981106265,0.6,0,3,2008,1999,24,0
romeo_crennel,2023,hc_resume,95,4.564348191467836,0.7480314960629921,0,7,2020,1999,24,0
ron_rivera,2023,hc_resume,194,5.272999558563747,0.8584070796460177,0,12,2022,1999,24,0
scott_linehan,2023,hc_resume,36,3.6109179126442243,0.5294117647058824,0,3,2008,1999,24,0
sean_mcdermott,2023,hc_resume,97,4.584967478670572,0.751937984496124,0,6,2022,1999,24,0
sean_mcvay,2023,hc_resume,98,4.59511985013459,0.7538461538461538,0,6,2022,1999,24,0
sean_payton,2023,hc_resume,241,5.488937726156687,0.8827838827838828,0,15,2021,1999,24,0
steve_mariucci,2023,hc_resume,107,4.68213122712422,0.7697841726618705,0,7,2005,1999,24,0
steve_spagnuolo,2023,hc_resume,52,3.970291913552122,0.6190476190476191,0,4,2017,1999,24,0
steve_spurrier,2023,hc_resume,32,3.4965075614664802,0.5,0,2,2003,1999,24,0
steve_wilks,2023,hc_resume,28,3.367295829986474,0.4666666666666667,0,2,2022,1999,24,0
terry_robiskie,2023,hc_resume,18,2.9444389791664403,0.36,0,2,2004,1999,24,0
todd_bowles,2023,hc_resume,84,4.442651256490317,0.7241379310344828,0,6,2022,1999,24,0
todd_haley,2023,hc_resume,45,3.828641396489095,0.5844155844155844,0,3,2011,1999,24,0
tom_cable,2023,hc_resume,44,3.8066624897703196,0.5789473684210527,0,3,2010,1999,24,0
tom_coughlin,2023,hc_resume,256,5.54907608489522,0.8888888888888888,0,16,2015,1999,24,0
tony_dungy,2023,hc_resume,160,5.081404364984463,0.8333333333333334,0,10,2008,1999,24,0
tony_sparano,2023,hc_resume,73,4.30406509320417,0.6952380952380952,0,5,2014,1999,24,0
urban_meyer,2023,hc_resume,13,2.6390573296152584,0.28888888888888886,0,1,2021,1999,24,0
vance_joseph,2023,hc_resume,32,3.4965075614664802,0.5,0,2,2018,1999,24,0
vic_fangio,2023,hc_resume,49,3.912023005428146,0.6049382716049383,0,3,2021,1999,24,0
vince_tobin,2023,hc_resume,25,3.258096538021482,0.43859649122807015,0,2,2000,1999,24,0
wade_phillips,2023,hc_resume,94,4.553876891600541,0.746031746031746,0,8,2013,1999,24,0
zac_taylor,2023,hc_resume,65,4.189654742026425,0.6701030927835051,0,4,2022,1999,24,0
andy_reid,2023,noncalling_hc_context,5,1.791759469228055,0.13513513513513514,0,1,2017,2014,9,1
anthony_lynn,2023,noncalling_hc_context,64,4.174387269895637,0.6666666666666666,0,4,2020,2014,9,0
ben_mcadoo,2023,noncalling_hc_context,7,2.0794415416798357,0.1794871794871795,0,1,2017,2014,9,0
bill_belichick,2023,noncalling_hc_context,113,4.736198448394496,0.7793103448275862,0,7,2021,2014,9,1
bill_callahan,2023,noncalling_hc_context,11,2.4849066497880004,0.2558139534883721,0,1,2019,2014,9,1
bill_obrien,2023,noncalling_hc_context,23,3.1780538303479458,0.41818181818181815,0,3,2020,2014,9,0
brandon_staley,2023,noncalling_hc_context,34,3.5553480614894135,0.5151515151515151,0,2,2022,2014,9,0
brian_daboll,2023,noncalling_hc_context,17,2.8903717578961645,0.3469387755102041,0,1,2022,2014,9,0
brian_flores,2023,noncalling_hc_context,32,3.4965075614664802,0.5,0,2,2020,2014,9,0
bruce_arians,2023,noncalling_hc_context,49,3.912023005428146,0.6049382716049383,0,3,2021,2014,9,1
chuck_pagano,2023,noncalling_hc_context,64,4.174387269895637,0.6666666666666666,0,4,2017,2014,9,1
dan_campbell,2023,noncalling_hc_context,17,2.8903717578961645,0.3469387755102041,0,1,2022,2014,9,0
dan_quinn,2023,noncalling_hc_context,69,4.248495242049359,0.6831683168316832,0,5,2020,2014,9,0
david_culley,2023,noncalling_hc_context,17,2.8903717578961645,0.3469387755102041,0,1,2021,2014,9,0
dennis_allen,2023,noncalling_hc_context,17,2.8903717578961645,0.3469387755102041,0,1,2022,2014,9,1
doug_marrone,2023,noncalling_hc_context,82,4.418840607796598,0.7192982456140351,0,6,2020,2014,9,1
gregg_williams,2023,noncalling_hc_context,8,2.1972245773362196,0.2,0,1,2018,2014,9,1
gus_bradley,2023,noncalling_hc_context,30,3.4339872044851463,0.4838709677419355,0,2,2016,2014,9,1
hue_jackson,2023,noncalling_hc_context,8,2.1972245773362196,0.2,0,1,2018,2014,9,1
jack_del_rio,2023,noncalling_hc_context,48,3.8918202981106265,0.6,0,3,2017,2014,9,1
jason_garrett,2023,noncalling_hc_context,96,4.574710978503383,0.75,0,6,2019,2014,9,1
jay_gruden,2023,noncalling_hc_context,32,3.4965075614664802,0.5,0,2,2016,2014,9,0
jay_rosburg,2023,noncalling_hc_context,2,1.0986122886681098,0.058823529411764705,0,1,2022,2014,9,0
jeff_fisher,2023,noncalling_hc_context,48,3.8918202981106265,0.6,0,3,2016,2014,9,1
jeff_saturday,2023,noncalling_hc_context,8,2.1972245773362196,0.2,0,1,2022,2014,9,0
jim_caldwell,2023,noncalling_hc_context,64,4.174387269895637,0.6666666666666666,0,4,2017,2014,9,1
jim_tomsula,2023,noncalling_hc_context,16,2.833213344056216,0.3333333333333333,0,1,2015,2014,9,1
joe_judge,2023,noncalling_hc_context,33,3.5263605246161616,0.5076923076923077,0,2,2021,2014,9,0
joe_philbin,2023,noncalling_hc_context,36,3.6109179126442243,0.5294117647058824,0,3,2018,2014,9,1
john_fox,2023,noncalling_hc_context,48,3.8918202981106265,0.6,0,3,2017,2014,9,1
john_harbaugh,2023,noncalling_hc_context,130,4.875197323201151,0.8024691358024691,0,8,2022,2014,9,1
ken_whisenhunt,2023,noncalling_hc_context,9,2.302585092994046,0.21951219512195122,0,1,2015,2014,9,1
lovie_smith,2023,noncalling_hc_context,49,3.912023005428146,0.6049382716049383,0,3,2022,2014,9,1
marvin_lewis,2023,noncalling_hc_context,48,3.8918202981106265,0.6,0,3,2018,2014,9,1
matt_eberflus,2023,noncalling_hc_context,17,2.8903717578961645,0.3469387755102041,0,1,2022,2014,9,0
matt_nagy,2023,noncalling_hc_context,6,1.9459101490553132,0.15789473684210525,0,1,2020,2014,9,0
matt_patricia,2023,noncalling_hc_context,27,3.332204510175204,0.4576271186440678,0,2,2020,2014,9,0
matt_rhule,2023,noncalling_hc_context,38,3.6635616461296463,0.5428571428571428,0,3,2022,2014,9,0
mike_mccarthy,2023,noncalling_hc_context,63,4.1588830833596715,0.6631578947368421,0,4,2022,2014,9,1
mike_mccoy,2023,noncalling_hc_context,32,3.4965075614664802,0.5,0,2,2015,2014,9,1
mike_mularkey,2023,noncalling_hc_context,32,3.4965075614664802,0.5,0,2,2017,2014,9,1
mike_pettine,2023,noncalling_hc_context,16,2.833213344056216,0.3333333333333333,0,1,2014,2014,9,0
mike_smith,2023,noncalling_hc_context,16,2.833213344056216,0.3333333333333333,0,1,2014,2014,9,1
mike_tomlin,2023,noncalling_hc_context,146,4.990432586778736,0.8202247191011236,0,9,2022,2014,9,1
mike_vrabel,2023,noncalling_hc_context,82,4.418840607796598,0.7192982456140351,0,5,2022,2014,9,0
mike_zimmer,2023,noncalling_hc_context,129,4.867534450455582,0.8012422360248447,0,8,2021,2014,9,0
pat_shurmur,2023,noncalling_hc_context,1,0.6931471805599453,0.030303030303030304,0,1,2015,2014,9,1
pete_carroll,2023,noncalling_hc_context,146,4.990432586778736,0.8202247191011236,0,9,2022,2014,9,1
raheem_morris,2023,noncalling_hc_context,11,2.4849066497880004,0.2558139534883721,0,1,2020,2014,9,1
rex_ryan,2023,noncalling_hc_context,47,3.871201010907891,0.5949367088607594,0,3,2016,2014,9,1
rich_bisaccia,2023,noncalling_hc_context,12,2.5649493574615367,0.2727272727272727,0,1,2021,2014,9,0
robert_saleh,2023,noncalling_hc_context,34,3.5553480614894135,0.5151515151515151,0,2,2022,2014,9,0
romeo_crennel,2023,noncalling_hc_context,12,2.5649493574615367,0.2727272727272727,0,1,2020,2014,9,1
ron_rivera,2023,noncalling_hc_context,146,4.990432586778736,0.8202247191011236,0,9,2022,2014,9,1
sean_mcdermott,2023,noncalling_hc_context,81,4.406719247264253,0.7168141592920354,0,5,2022,2014,9,0
steve_spagnuolo,2023,noncalling_hc_context,4,1.6094379124341003,0.1111111111111111,0,1,2017,2014,9,1
steve_wilks,2023,noncalling_hc_context,28,3.367295829986474,0.4666666666666667,0,2,2022,2014,9,0
todd_bowles,2023,noncalling_hc_context,81,4.406719247264253,0.7168141592920354,0,5,2022,2014,9,1
tom_coughlin,2023,noncalling_hc_context,32,3.4965075614664802,0.5,0,2,2015,2014,9,1
urban_meyer,2023,noncalling_hc_context,13,2.6390573296152584,0.28888888888888886,0,1,2021,2014,9,0
vance_joseph,2023,noncalling_hc_context,32,3.4965075614664802,0.5,0,2,2018,2014,9,0
vic_fangio,2023,noncalling_hc_context,49,3.912023005428146,0.6049382716049383,0,3,2021,2014,9,0
aaron_kromer,2023,unknown_caller_hc_games,6,1.9459101490553132,0.15789473684210525,0,1,2012,1999,24,0
al_groh,2023,unknown_caller_hc_games,16,2.833213344056216,0.3333333333333333,0,1,2000,1999,24,0
andy_reid,2023,unknown_caller_hc_games,240,5.484796933490655,0.8823529411764706,0,15,2013,1999,24,0
art_shell,2023,unknown_caller_hc_games,16,2.833213344056216,0.3333333333333333,0,1,2006,1999,24,0
bill_belichick,2023,unknown_caller_hc_games,257,5.552959584921617,0.889273356401384,0,16,2022,1999,24,0
bill_callahan,2023,unknown_caller_hc_games,32,3.4965075614664802,0.5,0,2,2003,1999,24,0
bill_cowher,2023,unknown_caller_hc_games,128,4.859812404361672,0.8,0,8,2006,1999,24,0
bill_parcells,2023,unknown_caller_hc_games,80,4.394449154672439,0.7142857142857143,0,5,2006,1999,24,0
bobby_petrino,2023,unknown_caller_hc_games,12,2.5649493574615367,0.2727272727272727,0,1,2007,1999,24,0
bobby_ross,2023,unknown_caller_hc_games,23,3.1780538303479458,0.41818181818181815,0,2,2000,1999,24,0
brad_childress,2023,unknown_caller_hc_games,74,4.31748811353631,0.6981132075471698,0,5,2010,1999,24,0
brian_billick,2023,unknown_caller_hc_games,144,4.976733742420574,0.8181818181818182,0,9,2007,1999,24,0
brian_flores,2023,unknown_caller_hc_games,17,2.8903717578961645,0.3469387755102041,0,1,2021,1999,24,0
bruce_arians,2023,unknown_caller_hc_games,32,3.4965075614664802,0.5,0,2,2014,1999,24,0
bruce_coslet,2023,unknown_caller_hc_games,19,2.995732273553991,0.37254901960784315,0,2,2000,1999,24,0
butch_davis,2023,unknown_caller_hc_games,59,4.0943445622221,0.6483516483516484,0,4,2004,1999,24,0
cam_cameron,2023,unknown_caller_hc_games,16,2.833213344056216,0.3333333333333333,0,1,2007,1999,24,0
chan_gailey,2023,unknown_caller_hc_games,64,4.174387269895637,0.6666666666666666,0,4,2012,1999,24,0
chip_kelly,2023,unknown_caller_hc_games,16,2.833213344056216,0.3333333333333333,0,1,2013,1999,24,0
chris_palmer,2023,unknown_caller_hc_games,32,3.4965075614664802,0.5,0,2,2000,1999,24,0
chuck_pagano,2023,unknown_caller_hc_games,32,3.4965075614664802,0.5,0,2,2013,1999,24,0
dan_campbell,2023,unknown_caller_hc_games,17,2.8903717578961645,0.3469387755102041,0,1,2021,1999,24,0
dan_quinn,2023,unknown_caller_hc_games,16,2.833213344056216,0.3333333333333333,0,1,2019,1999,24,0
dan_reeves,2023,unknown_caller_hc_games,77,4.356708826689592,0.7064220183486238,0,5,2003,1999,24,0
dave_campo,2023,unknown_caller_hc_games,48,3.8918202981106265,0.6,0,3,2002,1999,24,0
dave_mcginnis,2023,unknown_caller_hc_games,55,4.02535169073515,0.632183908045977,0,4,2003,1999,24,0
dave_wannstedt,2023,unknown_caller_hc_games,73,4.30406509320417,0.6952380952380952,0,5,2004,1999,24,0
dennis_allen,2023,unknown_caller_hc_games,36,3.6109179126442243,0.5294117647058824,0,3,2014,1999,24,0
dennis_erickson,2023,unknown_caller_hc_games,32,3.4965075614664802,0.5,0,2,2004,1999,24,0
dennis_green,2023,unknown_caller_hc_games,95,4.564348191467836,0.7480314960629921,0,6,2006,1999,24,0
dick_jauron,2023,unknown_caller_hc_games,142,4.962844630259907,0.8160919540229885,0,10,2009,1999,24,0
dick_lebeau,2023,unknown_caller_hc_games,45,3.828641396489095,0.5844155844155844,0,3,2002,1999,24,0
dick_vermeil,2023,unknown_caller_hc_games,96,4.574710978503383,0.75,0,6,2005,1999,24,0
dom_capers,2023,unknown_caller_hc_games,64,4.174387269895637,0.6666666666666666,0,4,2005,1999,24,0
doug_marrone,2023,unknown_caller_hc_games,16,2.833213344056216,0.3333333333333333,0,1,2013,1999,24,0
emmitt_thomas,2023,unknown_caller_hc_games,4,1.6094379124341003,0.1111111111111111,0,1,2007,1999,24,0
eric_mangini,2023,unknown_caller_hc_games,80,4.394449154672439,0.7142857142857143,0,5,2010,1999,24,0
eric_studesville,2023,unknown_caller_hc_games,4,1.6094379124341003,0.1111111111111111,0,1,2010,1999,24,0
gary_kubiak,2023,unknown_caller_hc_games,141,4.955827057601261,0.815028901734104,0,9,2016,1999,24,0
gary_moeller,2023,unknown_caller_hc_games,9,2.302585092994046,0.21951219512195122,0,1,2000,1999,24,0
george_seifert,2023,unknown_caller_hc_games,48,3.8918202981106265,0.6,0,3,2001,1999,24,0
greg_schiano,2023,unknown_caller_hc_games,32,3.4965075614664802,0.5,0,2,2013,1999,24,0
gregg_williams,2023,unknown_caller_hc_games,48,3.8918202981106265,0.6,0,3,2003,1999,24,0
gunther_cunningham,2023,unknown_caller_hc_games,32,3.4965075614664802,0.5,0,2,2000,1999,24,0
gus_bradley,2023,unknown_caller_hc_games,32,3.4965075614664802,0.5,0,2,2014,1999,24,0
herm_edwards,2023,unknown_caller_hc_games,128,4.859812404361672,0.8,0,8,2008,1999,24,0
hue_jackson,2023,unknown_caller_hc_games,16,2.833213344056216,0.3333333333333333,0,1,2011,1999,24,0
jack_del_rio,2023,unknown_caller_hc_games,139,4.941642422609304,0.8128654970760234,0,9,2011,1999,24,0
jason_garrett,2023,unknown_caller_hc_games,56,4.04305126783455,0.6363636363636364,0,4,2013,1999,24,0
jeff_fisher,2023,unknown_caller_hc_games,224,5.41610040220442,0.875,0,14,2013,1999,24,0
jim_bates,2023,unknown_caller_hc_games,7,2.0794415416798357,0.1794871794871795,0,1,2004,1999,24,0
jim_caldwell,2023,unknown_caller_hc_games,48,3.8918202981106265,0.6,0,3,2011,1999,24,0
jim_fassel,2023,unknown_caller_hc_games,80,4.394449154672439,0.7142857142857143,0,5,2003,1999,24,0
jim_harbaugh,2023,unknown_caller_hc_games,64,4.174387269895637,0.6666666666666666,0,4,2014,1999,24,0
jim_haslett,2023,unknown_caller_hc_games,108,4.6913478822291435,0.7714285714285715,0,7,2008,1999,24,0
jim_mora,2023,unknown_caller_hc_games,112,4.727387818712341,0.7777777777777778,0,7,2009,1999,24,0
jim_schwartz,2023,unknown_caller_hc_games,80,4.394449154672439,0.7142857142857143,0,5,2013,1999,24,0
jim_tomsula,2023,unknown_caller_hc_games,1,0.6931471805599453,0.030303030303030304,0,1,2010,1999,24,0
jim_zorn,2023,unknown_caller_hc_games,32,3.4965075614664802,0.5,0,2,2009,1999,24,0
jimmy_johnson,2023,unknown_caller_hc_games,16,2.833213344056216,0.3333333333333333,0,1,1999,1999,24,0
joe_gibbs,2023,unknown_caller_hc_games,64,4.174387269895637,0.6666666666666666,0,4,2007,1999,24,0
joe_philbin,2023,unknown_caller_hc_games,32,3.4965075614664802,0.5,0,2,2013,1999,24,0
joe_vitt,2023,unknown_caller_hc_games,21,3.091042453358316,0.39622641509433965,0,2,2012,1999,24,0
john_fox,2023,unknown_caller_hc_games,208,5.342334251964811,0.8666666666666667,0,13,2016,1999,24,0
john_harbaugh,2023,unknown_caller_hc_games,112,4.727387818712341,0.7777777777777778,0,7,2019,1999,24,0
jon_gruden,2023,unknown_caller_hc_games,160,5.081404364984463,0.8333333333333334,0,10,2008,1999,24,0
josh_mcdaniels,2023,unknown_caller_hc_games,28,3.367295829986474,0.4666666666666667,0,2,2010,1999,24,0
ken_whisenhunt,2023,unknown_caller_hc_games,96,4.574710978503383,0.75,0,6,2012,1999,24,0
kliff_kingsbury,2023,unknown_caller_hc_games,16,2.833213344056216,0.3333333333333333,0,1,2019,1999,24,0
lane_kiffin,2023,unknown_caller_hc_games,20,3.044522437723423,0.38461538461538464,0,2,2008,1999,24,0
leslie_frazier,2023,unknown_caller_hc_games,54,4.007333185232471,0.627906976744186,0,4,2013,1999,24,0
lovie_smith,2023,unknown_caller_hc_games,144,4.976733742420574,0.8181818181818182,0,9,2012,1999,24,0
marc_trestman,2023,unknown_caller_hc_games,32,3.4965075614664802,0.5,0,2,2014,1999,24,0
marty_mornhinweg,2023,unknown_caller_hc_games,32,3.4965075614664802,0.5,0,2,2002,1999,24,0
marty_schottenheimer,2023,unknown_caller_hc_games,96,4.574710978503383,0.75,0,6,2006,1999,24,0
marvin_lewis,2023,unknown_caller_hc_games,208,5.342334251964811,0.8666666666666667,0,13,2016,1999,24,0
matt_patricia,2023,unknown_caller_hc_games,16,2.833213344056216,0.3333333333333333,0,1,2019,1999,24,0
mel_tucker,2023,unknown_caller_hc_games,5,1.791759469228055,0.13513513513513514,0,1,2011,1999,24,0
mike_ditka,2023,unknown_caller_hc_games,16,2.833213344056216,0.3333333333333333,0,1,1999,1999,24,0
mike_holmgren,2023,unknown_caller_hc_games,160,5.081404364984463,0.8333333333333334,0,10,2008,1999,24,0
mike_martz,2023,unknown_caller_hc_games,85,4.454347296253507,0.7264957264957265,0,6,2005,1999,24,0
mike_mccarthy,2023,unknown_caller_hc_games,128,4.859812404361672,0.8,0,8,2013,1999,24,0
mike_mccoy,2023,unknown_caller_hc_games,32,3.4965075614664802,0.5,0,2,2016,1999,24,0
mike_mularkey,2023,unknown_caller_hc_games,48,3.8918202981106265,0.6,0,3,2012,1999,24,0
mike_munchak,2023,unknown_caller_hc_games,48,3.8918202981106265,0.6,0,3,2013,1999,24,0
mike_nolan,2023,unknown_caller_hc_games,55,4.02535169073515,0.632183908045977,0,4,2008,1999,24,0
mike_pettine,2023,unknown_caller_hc_games,16,2.833213344056216,0.3333333333333333,0,1,2015,1999,24,0
mike_riley,2023,unknown_caller_hc_games,48,3.8918202981106265,0.6,0,3,2001,1999,24,0
mike_shanahan,2023,unknown_caller_hc_games,224,5.41610040220442,0.875,0,14,2013,1999,24,0
mike_sherman,2023,unknown_caller_hc_games,96,4.574710978503383,0.75,0,6,2005,1999,24,0
mike_singletary,2023,unknown_caller_hc_games,40,3.713572066704308,0.5555555555555556,0,3,2010,1999,24,0
mike_smith,2023,unknown_caller_hc_games,96,4.574710978503383,0.75,0,6,2013,1999,24,0
mike_tice,2023,unknown_caller_hc_games,65,4.189654742026425,0.6701030927835051,0,5,2005,1999,24,0
mike_tomlin,2023,unknown_caller_hc_games,112,4.727387818712341,0.7777777777777778,0,7,2013,1999,24,0
nick_saban,2023,unknown_caller_hc_games,32,3.4965075614664802,0.5,0,2,2006,1999,24,0
nick_sirianni,2023,unknown_caller_hc_games,17,2.8903717578961645,0.3469387755102041,0,1,2022,1999,24,0
norv_turner,2023,unknown_caller_hc_games,147,4.997212273764115,0.8212290502793296,0,10,2012,1999,24,0
pat_shurmur,2023,unknown_caller_hc_games,48,3.8918202981106265,0.6,0,3,2019,1999,24,0
perry_fewell,2023,unknown_caller_hc_games,7,2.0794415416798357,0.1794871794871795,0,1,2009,1999,24,0
pete_carroll,2023,unknown_caller_hc_games,80,4.394449154672439,0.7142857142857143,0,5,2013,1999,24,0
raheem_morris,2023,unknown_caller_hc_games,48,3.8918202981106265,0.6,0,3,2011,1999,24,0
ray_rhodes,2023,unknown_caller_hc_games,16,2.833213344056216,0.3333333333333333,0,1,1999,1999,24,0
rex_ryan,2023,unknown_caller_hc_games,80,4.394449154672439,0.7142857142857143,0,5,2013,1999,24,0
rob_chudzinski,2023,unknown_caller_hc_games,16,2.833213344056216,0.3333333333333333,0,1,2013,1999,24,0
rod_marinelli,2023,unknown_caller_hc_games,48,3.8918202981106265,0.6,0,3,2008,1999,24,0
romeo_crennel,2023,unknown_caller_hc_games,83,4.430816798843313,0.7217391304347827,0,6,2012,1999,24,0
ron_rivera,2023,unknown_caller_hc_games,48,3.8918202981106265,0.6,0,3,2013,1999,24,0
scott_linehan,2023,unknown_caller_hc_games,36,3.6109179126442243,0.5294117647058824,0,3,2008,1999,24,0
sean_mcdermott,2023,unknown_caller_hc_games,16,2.833213344056216,0.3333333333333333,0,1,2019,1999,24,0
sean_payton,2023,unknown_caller_hc_games,144,4.976733742420574,0.8181818181818182,0,9,2019,1999,24,0
steve_mariucci,2023,unknown_caller_hc_games,107,4.68213122712422,0.7697841726618705,0,7,2005,1999,24,0
steve_spagnuolo,2023,unknown_caller_hc_games,48,3.8918202981106265,0.6,0,3,2011,1999,24,0
steve_spurrier,2023,unknown_caller_hc_games,32,3.4965075614664802,0.5,0,2,2003,1999,24,0
terry_robiskie,2023,unknown_caller_hc_games,18,2.9444389791664403,0.36,0,2,2004,1999,24,0
todd_bowles,2023,unknown_caller_hc_games,3,1.3862943611198906,0.08571428571428572,0,1,2011,1999,24,0
todd_haley,2023,unknown_caller_hc_games,45,3.828641396489095,0.5844155844155844,0,3,2011,1999,24,0
tom_cable,2023,unknown_caller_hc_games,44,3.8066624897703196,0.5789473684210527,0,3,2010,1999,24,0
tom_coughlin,2023,unknown_caller_hc_games,224,5.41610040220442,0.875,0,14,2013,1999,24,0
tony_dungy,2023,unknown_caller_hc_games,160,5.081404364984463,0.8333333333333334,0,10,2008,1999,24,0
tony_sparano,2023,unknown_caller_hc_games,73,4.30406509320417,0.6952380952380952,0,5,2014,1999,24,0
vince_tobin,2023,unknown_caller_hc_games,25,3.258096538021482,0.43859649122807015,0,2,2000,1999,24,0
wade_phillips,2023,unknown_caller_hc_games,94,4.553876891600541,0.746031746031746,0,8,2013,1999,24,0
adam_gase,2024,caller,112,4.727387818712341,0.7777777777777778,0,7,2020,2014,10,0
andy_reid,2024,caller,158,5.0689042022202315,0.8315789473684211,0,10,2023,2014,10,1
anthony_lynn,2024,caller,14,2.70805020110221,0.30434782608695654,0,1,2016,2014,10,0
arthur_smith,2024,caller,83,4.430816798843313,0.7217391304347827,0,5,2023,2014,10,0
ben_johnson,2024,caller,34,3.5553480614894135,0.5151515151515151,0,2,2023,2014,10,0
ben_mcadoo,2024,caller,70,4.2626798770413155,0.6862745098039216,0,5,2022,2014,10,0
bill_lazor,2024,caller,63,4.1588830833596715,0.6631578947368421,0,5,2020,2014,10,0
bill_musgrave,2024,caller,48,3.8918202981106265,0.6,0,3,2018,2014,10,0
bill_obrien,2024,caller,94,4.553876891600541,0.746031746031746,0,6,2023,2014,10,0
bobby_slowik,2024,caller,17,2.8903717578961645,0.3469387755102041,0,1,2023,2014,10,0
brian_daboll,2024,caller,49,3.912023005428146,0.6049382716049383,0,3,2021,2014,10,0
brian_johnson,2024,caller,17,2.8903717578961645,0.3469387755102041,0,1,2023,2014,10,0
brian_schottenheimer,2024,caller,64,4.174387269895637,0.6666666666666666,0,4,2020,2014,10,0
bruce_arians,2024,caller,48,3.8918202981106265,0.6,0,3,2017,2014,10,1
byron_leftwich,2024,caller,66,4.204692619390966,0.673469387755102,0,4,2022,2014,10,0
chad_oshea,2024,caller,16,2.833213344056216,0.3333333333333333,0,1,2019,2014,10,0
chan_gailey,2024,caller,48,3.8918202981106265,0.6,0,3,2020,2014,10,1
chip_kelly,2024,caller,48,3.8918202981106265,0.6,0,3,2016,2014,10,1
darrell_bevell,2024,caller,97,4.584967478670572,0.751937984496124,0,6,2021,2014,10,0
dave_canales,2024,caller,17,2.8903717578961645,0.3469387755102041,0,1,2023,2014,10,0
dirk_koetter,2024,caller,96,4.574710978503383,0.75,0,6,2020,2014,10,0
doug_pederson,2024,caller,114,4.74493212836325,0.7808219178082192,0,7,2023,2014,10,0
dowell_loggains,2024,caller,16,2.833213344056216,0.3333333333333333,0,1,2017,2014,10,0
drew_petzing,2024,caller,17,2.8903717578961645,0.3469387755102041,0,1,2023,2014,10,0
eric_bieniemy,2024,caller,17,2.8903717578961645,0.3469387755102041,0,1,2023,2014,10,0
frank_cignetti,2024,caller,12,2.5649493574615367,0.2727272727272727,0,1,2015,2014,10,0
frank_reich,2024,caller,131,4.882801922586371,0.803680981595092,0,8,2023,2014,10,0
freddie_kitchens,2024,caller,24,3.2188758248682006,0.42857142857142855,0,2,2019,2014,10,0
gary_kubiak,2024,caller,48,3.8918202981106265,0.6,0,3,2020,2014,10,1
geep_chryst,2024,caller,16,2.833213344056216,0.3333333333333333,0,1,2015,2014,10,0
george_godsey,2024,caller,19,2.995732273553991,0.37254901960784315,0,2,2016,2014,10,0
greg_olson,2024,caller,23,3.1780538303479458,0.41818181818181815,0,2,2016,2014,10,0
greg_roman,2024,caller,68,4.23410650459726,0.68,0,5,2022,2014,10,0
hue_jackson,2024,caller,48,3.8918202981106265,0.6,0,3,2017,2014,10,1
jason_garrett,2024,caller,33,3.5263605246161616,0.5076923076923077,0,2,2021,2014,10,1
jason_michael,2024,caller,9,2.302585092994046,0.21951219512195122,0,1,2015,2014,10,0
jay_gruden,2024,caller,69,4.248495242049359,0.6831683168316832,0,5,2020,2014,10,0
jeremy_bates,2024,caller,16,2.833213344056216,0.3333333333333333,0,1,2018,2014,10,0
jim_bob_cooter,2024,caller,57,4.060443010546419,0.6404494382022472,0,4,2018,2014,10,0
joe_brady,2024,caller,33,3.5263605246161616,0.5076923076923077,0,2,2021,2014,10,0
joe_lombardi,2024,caller,57,4.060443010546419,0.6404494382022472,0,4,2022,2014,10,0
john_defilippo,2024,caller,32,3.4965075614664802,0.5,0,2,2019,2014,10,0
john_morton,2024,caller,16,2.833213344056216,0.3333333333333333,0,1,2017,2014,10,0
jon_gruden,2024,caller,65,4.189654742026425,0.6701030927835051,0,4,2021,2014,10,1
josh_mcdaniels,2024,caller,147,4.997212273764115,0.8212290502793296,0,9,2023,2014,10,1
kellen_moore,2024,caller,83,4.430816798843313,0.7217391304347827,0,5,2023,2014,10,0
ken_dorsey,2024,caller,33,3.5263605246161616,0.5076923076923077,0,2,2023,2014,10,0
ken_whisenhunt,2024,caller,62,4.143134726391533,0.6595744680851063,0,5,2019,2014,10,1
ken_zampese,2024,caller,2,1.0986122886681098,0.058823529411764705,0,1,2017,2014,10,0
kevin_oconnell,2024,caller,45,3.828641396489095,0.5844155844155844,0,3,2023,2014,10,0
kevin_stefanski,2024,caller,83,4.430816798843313,0.7217391304347827,0,5,2023,2014,10,0
kliff_kingsbury,2024,caller,50,3.9318256327243257,0.6097560975609756,0,3,2022,2014,10,0
klint_kubiak,2024,caller,17,2.8903717578961645,0.3469387755102041,0,1,2021,2014,10,0
kyle_shanahan,2024,caller,163,5.099866427824199,0.8358974358974359,0,10,2023,2014,10,0
luke_getsy,2024,caller,34,3.5553480614894135,0.5151515151515151,0,2,2023,2014,10,0
marc_trestman,2024,caller,21,3.091042453358316,0.39622641509433965,0,2,2016,2014,10,1
marcus_arroyo,2024,caller,16,2.833213344056216,0.3333333333333333,0,1,2014,2014,10,0
marty_mornhinweg,2024,caller,59,4.0943445622221,0.6483516483516484,0,4,2018,2014,10,1
matt_canada,2024,caller,51,3.9512437185814275,0.6144578313253012,0,3,2023,2014,10,0
matt_lafleur,2024,caller,99,4.605170185988092,0.7557251908396947,0,6,2023,2014,10,0
matt_nagy,2024,caller,64,4.174387269895637,0.6666666666666666,0,5,2021,2014,10,0
mike_kafka,2024,caller,34,3.5553480614894135,0.5151515151515151,0,2,2023,2014,10,0
mike_lafleur,2024,caller,34,3.5553480614894135,0.5151515151515151,0,2,2022,2014,10,0
mike_mccarthy,2024,caller,84,4.442651256490317,0.7241379310344828,0,6,2023,2014,10,1
mike_mccoy,2024,caller,32,3.4965075614664802,0.5,0,2,2018,2014,10,1
mike_mcdaniel,2024,caller,34,3.5553480614894135,0.5151515151515151,0,2,2023,2014,10,0
mike_shula,2024,caller,64,4.174387269895637,0.6666666666666666,0,4,2017,2014,10,0
mike_sullivan,2024,caller,11,2.4849066497880004,0.2558139534883721,0,1,2017,2014,10,0
nathaniel_hackett,2024,caller,91,4.5217885770490405,0.7398373983739838,0,6,2023,2014,10,0
nick_sirianni,2024,caller,17,2.8903717578961645,0.3469387755102041,0,1,2021,2014,10,0
norv_turner,2024,caller,71,4.276666119016055,0.6893203883495146,0,5,2019,2014,10,1
pat_shurmur,2024,caller,74,4.31748811353631,0.6981132075471698,0,5,2021,2014,10,1
pep_hamilton,2024,caller,41,3.7376696182833684,0.5616438356164384,0,3,2022,2014,10,0
pete_carmichael,2024,caller,34,3.5553480614894135,0.5151515151515151,0,2,2023,2014,10,0
randy_fichtner,2024,caller,48,3.8918202981106265,0.6,0,3,2020,2014,10,0
rich_scangarello,2024,caller,16,2.833213344056216,0.3333333333333333,0,1,2019,2014,10,0
rick_dennison,2024,caller,16,2.833213344056216,0.3333333333333333,0,1,2017,2014,10,0
rob_boras,2024,caller,20,3.044522437723423,0.38461538461538464,0,2,2016,2014,10,0
rob_chudzinski,2024,caller,40,3.713572066704308,0.5555555555555556,0,3,2017,2014,10,1
scott_linehan,2024,caller,80,4.394449154672439,0.7142857142857143,0,5,2018,2014,10,1
scott_turner,2024,caller,50,3.9318256327243257,0.6097560975609756,0,3,2022,2014,10,0
sean_mcvay,2024,caller,147,4.997212273764115,0.8212290502793296,0,9,2023,2014,10,0
sean_payton,2024,caller,114,4.74493212836325,0.7808219178082192,0,7,2023,2014,10,1
shane_steichen,2024,caller,42,3.7612001156935624,0.5675675675675675,0,3,2023,2014,10,0
shane_waldron,2024,caller,51,3.9512437185814275,0.6144578313253012,0,3,2023,2014,10,0
steve_sarkisian,2024,caller,32,3.4965075614664802,0.5,0,2,2018,2014,10,0
terry_robiskie,2024,caller,32,3.4965075614664802,0.5,0,2,2017,2014,10,1
tim_kelly,2024,caller,50,3.9318256327243257,0.6097560975609756,0,3,2023,2014,10,0
todd_downing,2024,caller,50,3.9318256327243257,0.6097560975609756,0,3,2022,2014,10,0
todd_haley,2024,caller,72,4.290459441148391,0.6923076923076923,0,5,2018,2014,10,1
todd_monken,2024,caller,17,2.8903717578961645,0.3469387755102041,0,1,2023,2014,10,0
tom_clements,2024,caller,13,2.6390573296152584,0.28888888888888886,0,1,2015,2014,10,0
zac_taylor,2024,caller,87,4.477336814478207,0.7310924369747899,0,6,2023,2014,10,0
aaron_kromer,2024,hc_resume,6,1.9459101490553132,0.15789473684210525,0,1,2012,1999,25,0
adam_gase,2024,hc_resume,80,4.394449154672439,0.7142857142857143,0,5,2020,1999,25,0
al_groh,2024,hc_resume,16,2.833213344056216,0.3333333333333333,0,1,2000,1999,25,0
andy_reid,2024,hc_resume,403,6.0014148779611505,0.9264367816091954,0,25,2023,1999,25,0
anthony_lynn,2024,hc_resume,65,4.189654742026425,0.6701030927835051,0,5,2020,1999,25,0
antonio_pierce,2024,hc_resume,9,2.302585092994046,0.21951219512195122,0,1,2023,1999,25,0
art_shell,2024,hc_resume,16,2.833213344056216,0.3333333333333333,0,1,2006,1999,25,0
arthur_smith,2024,hc_resume,51,3.9512437185814275,0.6144578313253012,0,3,2023,1999,25,0
ben_mcadoo,2024,hc_resume,28,3.367295829986474,0.4666666666666667,0,2,2017,1999,25,0
bill_belichick,2024,hc_resume,387,5.961005339623274,0.9236276849642004,0,24,2023,1999,25,0
bill_callahan,2024,hc_resume,43,3.784189633918261,0.5733333333333334,0,3,2019,1999,25,0
bill_cowher,2024,hc_resume,128,4.859812404361672,0.8,0,8,2006,1999,25,0
bill_obrien,2024,hc_resume,100,4.61512051684126,0.7575757575757576,0,7,2020,1999,25,0
bill_parcells,2024,hc_resume,80,4.394449154672439,0.7142857142857143,0,5,2006,1999,25,0
bobby_petrino,2024,hc_resume,12,2.5649493574615367,0.2727272727272727,0,1,2007,1999,25,0
bobby_ross,2024,hc_resume,23,3.1780538303479458,0.41818181818181815,0,2,2000,1999,25,0
brad_childress,2024,hc_resume,74,4.31748811353631,0.6981132075471698,0,5,2010,1999,25,0
brandon_staley,2024,hc_resume,48,3.8918202981106265,0.6,0,3,2023,1999,25,0
brian_billick,2024,hc_resume,144,4.976733742420574,0.8181818181818182,0,9,2007,1999,25,0
brian_daboll,2024,hc_resume,34,3.5553480614894135,0.5151515151515151,0,2,2023,1999,25,0
brian_flores,2024,hc_resume,49,3.912023005428146,0.6049382716049383,0,3,2021,1999,25,0
bruce_arians,2024,hc_resume,129,4.867534450455582,0.8012422360248447,0,8,2021,1999,25,0
bruce_coslet,2024,hc_resume,19,2.995732273553991,0.37254901960784315,0,2,2000,1999,25,0
butch_davis,2024,hc_resume,59,4.0943445622221,0.6483516483516484,0,4,2004,1999,25,0
cam_cameron,2024,hc_resume,16,2.833213344056216,0.3333333333333333,0,1,2007,1999,25,0
chan_gailey,2024,hc_resume,64,4.174387269895637,0.6666666666666666,0,4,2012,1999,25,0
chip_kelly,2024,hc_resume,63,4.1588830833596715,0.6631578947368421,0,4,2016,1999,25,0
chris_palmer,2024,hc_resume,32,3.4965075614664802,0.5,0,2,2000,1999,25,0
chris_tabor,2024,hc_resume,6,1.9459101490553132,0.15789473684210525,0,1,2023,1999,25,0
chuck_pagano,2024,hc_resume,96,4.574710978503383,0.75,0,6,2017,1999,25,0
dan_campbell,2024,hc_resume,51,3.9512437185814275,0.6144578313253012,0,3,2023,1999,25,0
dan_quinn,2024,hc_resume,85,4.454347296253507,0.7264957264957265,0,6,2020,1999,25,0
dan_reeves,2024,hc_resume,77,4.356708826689592,0.7064220183486238,0,5,2003,1999,25,0
darrell_bevell,2024,hc_resume,9,2.302585092994046,0.21951219512195122,0,2,2021,1999,25,0
dave_campo,2024,hc_resume,48,3.8918202981106265,0.6,0,3,2002,1999,25,0
dave_mcginnis,2024,hc_resume,55,4.02535169073515,0.632183908045977,0,4,2003,1999,25,0
dave_wannstedt,2024,hc_resume,73,4.30406509320417,0.6952380952380952,0,5,2004,1999,25,0
david_culley,2024,hc_resume,17,2.8903717578961645,0.3469387755102041,0,1,2021,1999,25,0
demeco_ryans,2024,hc_resume,17,2.8903717578961645,0.3469387755102041,0,1,2023,1999,25,0
dennis_allen,2024,hc_resume,70,4.2626798770413155,0.6862745098039216,0,5,2023,1999,25,0
dennis_erickson,2024,hc_resume,32,3.4965075614664802,0.5,0,2,2004,1999,25,0
dennis_green,2024,hc_resume,95,4.564348191467836,0.7480314960629921,0,6,2006,1999,25,0
dick_jauron,2024,hc_resume,142,4.962844630259907,0.8160919540229885,0,10,2009,1999,25,0
dick_lebeau,2024,hc_resume,45,3.828641396489095,0.5844155844155844,0,3,2002,1999,25,0
dick_vermeil,2024,hc_resume,96,4.574710978503383,0.75,0,6,2005,1999,25,0
dirk_koetter,2024,hc_resume,48,3.8918202981106265,0.6,0,3,2018,1999,25,0
dom_capers,2024,hc_resume,64,4.174387269895637,0.6666666666666666,0,4,2005,1999,25,0
doug_marrone,2024,hc_resume,98,4.59511985013459,0.7538461538461538,0,7,2020,1999,25,0
doug_pederson,2024,hc_resume,114,4.74493212836325,0.7808219178082192,0,7,2023,1999,25,0
emmitt_thomas,2024,hc_resume,4,1.6094379124341003,0.1111111111111111,0,1,2007,1999,25,0
eric_mangini,2024,hc_resume,80,4.394449154672439,0.7142857142857143,0,5,2010,1999,25,0
eric_studesville,2024,hc_resume,4,1.6094379124341003,0.1111111111111111,0,1,2010,1999,25,0
frank_reich,2024,hc_resume,85,4.454347296253507,0.7264957264957265,0,6,2023,1999,25,0
freddie_kitchens,2024,hc_resume,16,2.833213344056216,0.3333333333333333,0,1,2019,1999,25,0
gary_kubiak,2024,hc_resume,157,5.062595033026967,0.8306878306878307,0,10,2016,1999,25,0
gary_moeller,2024,hc_resume,9,2.302585092994046,0.21951219512195122,0,1,2000,1999,25,0
george_seifert,2024,hc_resume,48,3.8918202981106265,0.6,0,3,2001,1999,25,0
giff_smith,2024,hc_resume,3,1.3862943611198906,0.08571428571428572,0,1,2023,1999,25,0
greg_schiano,2024,hc_resume,32,3.4965075614664802,0.5,0,2,2013,1999,25,0
gregg_williams,2024,hc_resume,56,4.04305126783455,0.6363636363636364,0,4,2018,1999,25,0
gunther_cunningham,2024,hc_resume,32,3.4965075614664802,0.5,0,2,2000,1999,25,0
gus_bradley,2024,hc_resume,62,4.143134726391533,0.6595744680851063,0,4,2016,1999,25,0
herm_edwards,2024,hc_resume,128,4.859812404361672,0.8,0,8,2008,1999,25,0
hue_jackson,2024,hc_resume,56,4.04305126783455,0.6363636363636364,0,4,2018,1999,25,0
jack_del_rio,2024,hc_resume,187,5.236441962829949,0.8538812785388128,0,12,2017,1999,25,0
jason_garrett,2024,hc_resume,152,5.030437921392435,0.8260869565217391,0,10,2019,1999,25,0
jay_gruden,2024,hc_resume,85,4.454347296253507,0.7264957264957265,0,6,2019,1999,25,0
jay_rosburg,2024,hc_resume,2,1.0986122886681098,0.058823529411764705,0,1,2022,1999,25,0
jeff_fisher,2024,hc_resume,272,5.60947179518496,0.8947368421052632,0,17,2016,1999,25,0
jeff_saturday,2024,hc_resume,8,2.1972245773362196,0.2,0,1,2022,1999,25,0
jim_bates,2024,hc_resume,7,2.0794415416798357,0.1794871794871795,0,1,2004,1999,25,0
jim_caldwell,2024,hc_resume,112,4.727387818712341,0.7777777777777778,0,7,2017,1999,25,0
jim_fassel,2024,hc_resume,80,4.394449154672439,0.7142857142857143,0,5,2003,1999,25,0
jim_harbaugh,2024,hc_resume,64,4.174387269895637,0.6666666666666666,0,4,2014,1999,25,0
jim_haslett,2024,hc_resume,108,4.6913478822291435,0.7714285714285715,0,7,2008,1999,25,0
jim_mora,2024,hc_resume,112,4.727387818712341,0.7777777777777778,0,7,2009,1999,25,0
jim_schwartz,2024,hc_resume,80,4.394449154672439,0.7142857142857143,0,5,2013,1999,25,0
jim_tomsula,2024,hc_resume,17,2.8903717578961645,0.3469387755102041,0,2,2015,1999,25,0
jim_zorn,2024,hc_resume,32,3.4965075614664802,0.5,0,2,2009,1999,25,0
jimmy_johnson,2024,hc_resume,16,2.833213344056216,0.3333333333333333,0,1,1999,1999,25,0
joe_gibbs,2024,hc_resume,64,4.174387269895637,0.6666666666666666,0,4,2007,1999,25,0
joe_judge,2024,hc_resume,33,3.5263605246161616,0.5076923076923077,0,2,2021,1999,25,0
joe_philbin,2024,hc_resume,68,4.23410650459726,0.68,0,5,2018,1999,25,0
joe_vitt,2024,hc_resume,21,3.091042453358316,0.39622641509433965,0,2,2012,1999,25,0
john_fox,2024,hc_resume,256,5.54907608489522,0.8888888888888888,0,16,2017,1999,25,0
john_harbaugh,2024,hc_resume,259,5.560681631015528,0.8900343642611683,0,16,2023,1999,25,0
jon_gruden,2024,hc_resume,213,5.365976015021851,0.8693877551020408,0,14,2021,1999,25,0
jonathan_gannon,2024,hc_resume,17,2.8903717578961645,0.3469387755102041,0,1,2023,1999,25,0
josh_mcdaniels,2024,hc_resume,53,3.9889840465642745,0.6235294117647059,0,4,2023,1999,25,0
ken_whisenhunt,2024,hc_resume,128,4.859812404361672,0.8,0,8,2015,1999,25,0
kevin_oconnell,2024,hc_resume,34,3.5553480614894135,0.5151515151515151,0,2,2023,1999,25,0
kevin_stefanski,2024,hc_resume,67,4.219507705176107,0.6767676767676768,0,4,2023,1999,25,0
kliff_kingsbury,2024,hc_resume,66,4.204692619390966,0.673469387755102,0,4,2022,1999,25,0
kyle_shanahan,2024,hc_resume,115,4.7535901911063645,0.782312925170068,0,7,2023,1999,25,0
lane_kiffin,2024,hc_resume,20,3.044522437723423,0.38461538461538464,0,2,2008,1999,25,0
leslie_frazier,2024,hc_resume,54,4.007333185232471,0.627906976744186,0,4,2013,1999,25,0
lovie_smith,2024,hc_resume,193,5.267858159063328,0.8577777777777778,0,12,2022,1999,25,0
marc_trestman,2024,hc_resume,32,3.4965075614664802,0.5,0,2,2014,1999,25,0
marty_mornhinweg,2024,hc_resume,32,3.4965075614664802,0.5,0,2,2002,1999,25,0
marty_schottenheimer,2024,hc_resume,96,4.574710978503383,0.75,0,6,2006,1999,25,0
marvin_lewis,2024,hc_resume,256,5.54907608489522,0.8888888888888888,0,16,2018,1999,25,0
matt_eberflus,2024,hc_resume,34,3.5553480614894135,0.5151515151515151,0,2,2023,1999,25,0
matt_lafleur,2024,hc_resume,83,4.430816798843313,0.7217391304347827,0,5,2023,1999,25,0
matt_nagy,2024,hc_resume,65,4.189654742026425,0.6701030927835051,0,4,2021,1999,25,0
matt_patricia,2024,hc_resume,43,3.784189633918261,0.5733333333333334,0,3,2020,1999,25,0
matt_rhule,2024,hc_resume,38,3.6635616461296463,0.5428571428571428,0,3,2022,1999,25,0
mel_tucker,2024,hc_resume,5,1.791759469228055,0.13513513513513514,0,1,2011,1999,25,0
mike_ditka,2024,hc_resume,16,2.833213344056216,0.3333333333333333,0,1,1999,1999,25,0
mike_holmgren,2024,hc_resume,160,5.081404364984463,0.8333333333333334,0,10,2008,1999,25,0
mike_martz,2024,hc_resume,85,4.454347296253507,0.7264957264957265,0,6,2005,1999,25,0
mike_mccarthy,2024,hc_resume,271,5.605802066295998,0.8943894389438944,0,17,2023,1999,25,0
mike_mccoy,2024,hc_resume,64,4.174387269895637,0.6666666666666666,0,4,2016,1999,25,0
mike_mcdaniel,2024,hc_resume,34,3.5553480614894135,0.5151515151515151,0,2,2023,1999,25,0
mike_mularkey,2024,hc_resume,80,4.394449154672439,0.7142857142857143,0,5,2017,1999,25,0
mike_munchak,2024,hc_resume,48,3.8918202981106265,0.6,0,3,2013,1999,25,0
mike_nolan,2024,hc_resume,55,4.02535169073515,0.632183908045977,0,4,2008,1999,25,0
mike_pettine,2024,hc_resume,32,3.4965075614664802,0.5,0,2,2015,1999,25,0
mike_riley,2024,hc_resume,48,3.8918202981106265,0.6,0,3,2001,1999,25,0
mike_shanahan,2024,hc_resume,224,5.41610040220442,0.875,0,14,2013,1999,25,0
mike_sherman,2024,hc_resume,96,4.574710978503383,0.75,0,6,2005,1999,25,0
mike_singletary,2024,hc_resume,40,3.713572066704308,0.5555555555555556,0,3,2010,1999,25,0
mike_smith,2024,hc_resume,112,4.727387818712341,0.7777777777777778,0,7,2014,1999,25,0
mike_tice,2024,hc_resume,65,4.189654742026425,0.6701030927835051,0,5,2005,1999,25,0
mike_tomlin,2024,hc_resume,275,5.62040086571715,0.8957654723127035,0,17,2023,1999,25,0
mike_vrabel,2024,hc_resume,99,4.605170185988092,0.7557251908396947,0,6,2023,1999,25,0
mike_zimmer,2024,hc_resume,129,4.867534450455582,0.8012422360248447,0,8,2021,1999,25,0
nathaniel_hackett,2024,hc_resume,15,2.772588722239781,0.3191489361702128,0,1,2022,1999,25,0
nick_saban,2024,hc_resume,32,3.4965075614664802,0.5,0,2,2006,1999,25,0
nick_sirianni,2024,hc_resume,51,3.9512437185814275,0.6144578313253012,0,3,2023,1999,25,0
norv_turner,2024,hc_resume,147,4.997212273764115,0.8212290502793296,0,10,2012,1999,25,0
pat_shurmur,2024,hc_resume,65,4.189654742026425,0.6701030927835051,0,5,2019,1999,25,0
perry_fewell,2024,hc_resume,7,2.0794415416798357,0.1794871794871795,0,1,2009,1999,25,0
pete_carroll,2024,hc_resume,243,5.497168225293202,0.8836363636363637,0,15,2023,1999,25,0
raheem_morris,2024,hc_resume,59,4.0943445622221,0.6483516483516484,0,4,2020,1999,25,0
ray_rhodes,2024,hc_resume,16,2.833213344056216,0.3333333333333333,0,1,1999,1999,25,0
rex_ryan,2024,hc_resume,127,4.852030263919617,0.7987421383647799,0,8,2016,1999,25,0
rich_bisaccia,2024,hc_resume,12,2.5649493574615367,0.2727272727272727,0,1,2021,1999,25,0
rob_chudzinski,2024,hc_resume,16,2.833213344056216,0.3333333333333333,0,1,2013,1999,25,0
robert_saleh,2024,hc_resume,51,3.9512437185814275,0.6144578313253012,0,3,2023,1999,25,0
rod_marinelli,2024,hc_resume,48,3.8918202981106265,0.6,0,3,2008,1999,25,0
romeo_crennel,2024,hc_resume,95,4.564348191467836,0.7480314960629921,0,7,2020,1999,25,0
ron_rivera,2024,hc_resume,211,5.356586274672012,0.8683127572016461,0,13,2023,1999,25,0
scott_linehan,2024,hc_resume,36,3.6109179126442243,0.5294117647058824,0,3,2008,1999,25,0
sean_mcdermott,2024,hc_resume,114,4.74493212836325,0.7808219178082192,0,7,2023,1999,25,0
sean_mcvay,2024,hc_resume,115,4.7535901911063645,0.782312925170068,0,7,2023,1999,25,0
sean_payton,2024,hc_resume,258,5.556828061699537,0.8896551724137931,0,16,2023,1999,25,0
shane_steichen,2024,hc_resume,17,2.8903717578961645,0.3469387755102041,0,1,2023,1999,25,0
steve_mariucci,2024,hc_resume,107,4.68213122712422,0.7697841726618705,0,7,2005,1999,25,0
steve_spagnuolo,2024,hc_resume,52,3.970291913552122,0.6190476190476191,0,4,2017,1999,25,0
steve_spurrier,2024,hc_resume,32,3.4965075614664802,0.5,0,2,2003,1999,25,0
steve_wilks,2024,hc_resume,28,3.367295829986474,0.4666666666666667,0,2,2022,1999,25,0
terry_robiskie,2024,hc_resume,18,2.9444389791664403,0.36,0,2,2004,1999,25,0
todd_bowles,2024,hc_resume,101,4.624972813284271,0.7593984962406015,0,7,2023,1999,25,0
todd_haley,2024,hc_resume,45,3.828641396489095,0.5844155844155844,0,3,2011,1999,25,0
tom_cable,2024,hc_resume,44,3.8066624897703196,0.5789473684210527,0,3,2010,1999,25,0
tom_coughlin,2024,hc_resume,256,5.54907608489522,0.8888888888888888,0,16,2015,1999,25,0
tony_dungy,2024,hc_resume,160,5.081404364984463,0.8333333333333334,0,10,2008,1999,25,0
tony_sparano,2024,hc_resume,73,4.30406509320417,0.6952380952380952,0,5,2014,1999,25,0
urban_meyer,2024,hc_resume,13,2.6390573296152584,0.28888888888888886,0,1,2021,1999,25,0
vance_joseph,2024,hc_resume,32,3.4965075614664802,0.5,0,2,2018,1999,25,0
vic_fangio,2024,hc_resume,49,3.912023005428146,0.6049382716049383,0,3,2021,1999,25,0
vince_tobin,2024,hc_resume,25,3.258096538021482,0.43859649122807015,0,2,2000,1999,25,0
wade_phillips,2024,hc_resume,94,4.553876891600541,0.746031746031746,0,8,2013,1999,25,0
zac_taylor,2024,hc_resume,82,4.418840607796598,0.7192982456140351,0,5,2023,1999,25,0
andy_reid,2024,noncalling_hc_context,5,1.791759469228055,0.13513513513513514,0,1,2017,2014,10,1
anthony_lynn,2024,noncalling_hc_context,64,4.174387269895637,0.6666666666666666,0,4,2020,2014,10,0
antonio_pierce,2024,noncalling_hc_context,9,2.302585092994046,0.21951219512195122,0,1,2023,2014,10,0
ben_mcadoo,2024,noncalling_hc_context,7,2.0794415416798357,0.1794871794871795,0,1,2017,2014,10,0
bill_belichick,2024,noncalling_hc_context,130,4.875197323201151,0.8024691358024691,0,8,2023,2014,10,1
bill_callahan,2024,noncalling_hc_context,11,2.4849066497880004,0.2558139534883721,0,1,2019,2014,10,1
bill_obrien,2024,noncalling_hc_context,23,3.1780538303479458,0.41818181818181815,0,3,2020,2014,10,0
brandon_staley,2024,noncalling_hc_context,48,3.8918202981106265,0.6,0,3,2023,2014,10,0
brian_daboll,2024,noncalling_hc_context,34,3.5553480614894135,0.5151515151515151,0,2,2023,2014,10,0
brian_flores,2024,noncalling_hc_context,32,3.4965075614664802,0.5,0,2,2020,2014,10,0
bruce_arians,2024,noncalling_hc_context,49,3.912023005428146,0.6049382716049383,0,3,2021,2014,10,1
chris_tabor,2024,noncalling_hc_context,6,1.9459101490553132,0.15789473684210525,0,1,2023,2014,10,0
chuck_pagano,2024,noncalling_hc_context,64,4.174387269895637,0.6666666666666666,0,4,2017,2014,10,1
dan_campbell,2024,noncalling_hc_context,34,3.5553480614894135,0.5151515151515151,0,2,2023,2014,10,0
dan_quinn,2024,noncalling_hc_context,69,4.248495242049359,0.6831683168316832,0,5,2020,2014,10,0
david_culley,2024,noncalling_hc_context,17,2.8903717578961645,0.3469387755102041,0,1,2021,2014,10,0
demeco_ryans,2024,noncalling_hc_context,17,2.8903717578961645,0.3469387755102041,0,1,2023,2014,10,0
dennis_allen,2024,noncalling_hc_context,34,3.5553480614894135,0.5151515151515151,0,2,2023,2014,10,1
doug_marrone,2024,noncalling_hc_context,82,4.418840607796598,0.7192982456140351,0,6,2020,2014,10,1
giff_smith,2024,noncalling_hc_context,3,1.3862943611198906,0.08571428571428572,0,1,2023,2014,10,0
gregg_williams,2024,noncalling_hc_context,8,2.1972245773362196,0.2,0,1,2018,2014,10,1
gus_bradley,2024,noncalling_hc_context,30,3.4339872044851463,0.4838709677419355,0,2,2016,2014,10,1
hue_jackson,2024,noncalling_hc_context,8,2.1972245773362196,0.2,0,1,2018,2014,10,1
jack_del_rio,2024,noncalling_hc_context,48,3.8918202981106265,0.6,0,3,2017,2014,10,1
jason_garrett,2024,noncalling_hc_context,96,4.574710978503383,0.75,0,6,2019,2014,10,1
jay_gruden,2024,noncalling_hc_context,32,3.4965075614664802,0.5,0,2,2016,2014,10,0
jay_rosburg,2024,noncalling_hc_context,2,1.0986122886681098,0.058823529411764705,0,1,2022,2014,10,0
jeff_fisher,2024,noncalling_hc_context,48,3.8918202981106265,0.6,0,3,2016,2014,10,1
jeff_saturday,2024,noncalling_hc_context,8,2.1972245773362196,0.2,0,1,2022,2014,10,0
jim_caldwell,2024,noncalling_hc_context,64,4.174387269895637,0.6666666666666666,0,4,2017,2014,10,1
jim_tomsula,2024,noncalling_hc_context,16,2.833213344056216,0.3333333333333333,0,1,2015,2014,10,1
joe_judge,2024,noncalling_hc_context,33,3.5263605246161616,0.5076923076923077,0,2,2021,2014,10,0
joe_philbin,2024,noncalling_hc_context,36,3.6109179126442243,0.5294117647058824,0,3,2018,2014,10,1
john_fox,2024,noncalling_hc_context,48,3.8918202981106265,0.6,0,3,2017,2014,10,1
john_harbaugh,2024,noncalling_hc_context,147,4.997212273764115,0.8212290502793296,0,9,2023,2014,10,1
jonathan_gannon,2024,noncalling_hc_context,17,2.8903717578961645,0.3469387755102041,0,1,2023,2014,10,0
ken_whisenhunt,2024,noncalling_hc_context,9,2.302585092994046,0.21951219512195122,0,1,2015,2014,10,1
lovie_smith,2024,noncalling_hc_context,49,3.912023005428146,0.6049382716049383,0,3,2022,2014,10,1
marvin_lewis,2024,noncalling_hc_context,48,3.8918202981106265,0.6,0,3,2018,2014,10,1
matt_eberflus,2024,noncalling_hc_context,34,3.5553480614894135,0.5151515151515151,0,2,2023,2014,10,0
matt_nagy,2024,noncalling_hc_context,6,1.9459101490553132,0.15789473684210525,0,1,2020,2014,10,0
matt_patricia,2024,noncalling_hc_context,27,3.332204510175204,0.4576271186440678,0,2,2020,2014,10,0
matt_rhule,2024,noncalling_hc_context,38,3.6635616461296463,0.5428571428571428,0,3,2022,2014,10,0
mike_mccarthy,2024,noncalling_hc_context,63,4.1588830833596715,0.6631578947368421,0,4,2022,2014,10,1
mike_mccoy,2024,noncalling_hc_context,32,3.4965075614664802,0.5,0,2,2015,2014,10,1
mike_mularkey,2024,noncalling_hc_context,32,3.4965075614664802,0.5,0,2,2017,2014,10,1
mike_pettine,2024,noncalling_hc_context,16,2.833213344056216,0.3333333333333333,0,1,2014,2014,10,0
mike_smith,2024,noncalling_hc_context,16,2.833213344056216,0.3333333333333333,0,1,2014,2014,10,1
mike_tomlin,2024,noncalling_hc_context,163,5.099866427824199,0.8358974358974359,0,10,2023,2014,10,1
mike_vrabel,2024,noncalling_hc_context,99,4.605170185988092,0.7557251908396947,0,6,2023,2014,10,0
mike_zimmer,2024,noncalling_hc_context,129,4.867534450455582,0.8012422360248447,0,8,2021,2014,10,0
nick_sirianni,2024,noncalling_hc_context,17,2.8903717578961645,0.3469387755102041,0,1,2023,2014,10,0
pat_shurmur,2024,noncalling_hc_context,1,0.6931471805599453,0.030303030303030304,0,1,2015,2014,10,1
pete_carroll,2024,noncalling_hc_context,163,5.099866427824199,0.8358974358974359,0,10,2023,2014,10,1
raheem_morris,2024,noncalling_hc_context,11,2.4849066497880004,0.2558139534883721,0,1,2020,2014,10,1
rex_ryan,2024,noncalling_hc_context,47,3.871201010907891,0.5949367088607594,0,3,2016,2014,10,1
rich_bisaccia,2024,noncalling_hc_context,12,2.5649493574615367,0.2727272727272727,0,1,2021,2014,10,0
robert_saleh,2024,noncalling_hc_context,51,3.9512437185814275,0.6144578313253012,0,3,2023,2014,10,0
romeo_crennel,2024,noncalling_hc_context,12,2.5649493574615367,0.2727272727272727,0,1,2020,2014,10,1
ron_rivera,2024,noncalling_hc_context,163,5.099866427824199,0.8358974358974359,0,10,2023,2014,10,1
sean_mcdermott,2024,noncalling_hc_context,98,4.59511985013459,0.7538461538461538,0,6,2023,2014,10,0
steve_spagnuolo,2024,noncalling_hc_context,4,1.6094379124341003,0.1111111111111111,0,1,2017,2014,10,1
steve_wilks,2024,noncalling_hc_context,28,3.367295829986474,0.4666666666666667,0,2,2022,2014,10,0
todd_bowles,2024,noncalling_hc_context,98,4.59511985013459,0.7538461538461538,0,6,2023,2014,10,1
tom_coughlin,2024,noncalling_hc_context,32,3.4965075614664802,0.5,0,2,2015,2014,10,1
urban_meyer,2024,noncalling_hc_context,13,2.6390573296152584,0.28888888888888886,0,1,2021,2014,10,0
vance_joseph,2024,noncalling_hc_context,32,3.4965075614664802,0.5,0,2,2018,2014,10,0
vic_fangio,2024,noncalling_hc_context,49,3.912023005428146,0.6049382716049383,0,3,2021,2014,10,0
aaron_kromer,2024,unknown_caller_hc_games,6,1.9459101490553132,0.15789473684210525,0,1,2012,1999,25,0
al_groh,2024,unknown_caller_hc_games,16,2.833213344056216,0.3333333333333333,0,1,2000,1999,25,0
andy_reid,2024,unknown_caller_hc_games,240,5.484796933490655,0.8823529411764706,0,15,2013,1999,25,0
art_shell,2024,unknown_caller_hc_games,16,2.833213344056216,0.3333333333333333,0,1,2006,1999,25,0
bill_belichick,2024,unknown_caller_hc_games,257,5.552959584921617,0.889273356401384,0,16,2022,1999,25,0
bill_callahan,2024,unknown_caller_hc_games,32,3.4965075614664802,0.5,0,2,2003,1999,25,0
bill_cowher,2024,unknown_caller_hc_games,128,4.859812404361672,0.8,0,8,2006,1999,25,0
bill_parcells,2024,unknown_caller_hc_games,80,4.394449154672439,0.7142857142857143,0,5,2006,1999,25,0
bobby_petrino,2024,unknown_caller_hc_games,12,2.5649493574615367,0.2727272727272727,0,1,2007,1999,25,0
bobby_ross,2024,unknown_caller_hc_games,23,3.1780538303479458,0.41818181818181815,0,2,2000,1999,25,0
brad_childress,2024,unknown_caller_hc_games,74,4.31748811353631,0.6981132075471698,0,5,2010,1999,25,0
brian_billick,2024,unknown_caller_hc_games,144,4.976733742420574,0.8181818181818182,0,9,2007,1999,25,0
brian_flores,2024,unknown_caller_hc_games,17,2.8903717578961645,0.3469387755102041,0,1,2021,1999,25,0
bruce_arians,2024,unknown_caller_hc_games,32,3.4965075614664802,0.5,0,2,2014,1999,25,0
bruce_coslet,2024,unknown_caller_hc_games,19,2.995732273553991,0.37254901960784315,0,2,2000,1999,25,0
butch_davis,2024,unknown_caller_hc_games,59,4.0943445622221,0.6483516483516484,0,4,2004,1999,25,0
cam_cameron,2024,unknown_caller_hc_games,16,2.833213344056216,0.3333333333333333,0,1,2007,1999,25,0
chan_gailey,2024,unknown_caller_hc_games,64,4.174387269895637,0.6666666666666666,0,4,2012,1999,25,0
chip_kelly,2024,unknown_caller_hc_games,16,2.833213344056216,0.3333333333333333,0,1,2013,1999,25,0
chris_palmer,2024,unknown_caller_hc_games,32,3.4965075614664802,0.5,0,2,2000,1999,25,0
chuck_pagano,2024,unknown_caller_hc_games,32,3.4965075614664802,0.5,0,2,2013,1999,25,0
dan_campbell,2024,unknown_caller_hc_games,17,2.8903717578961645,0.3469387755102041,0,1,2021,1999,25,0
dan_quinn,2024,unknown_caller_hc_games,16,2.833213344056216,0.3333333333333333,0,1,2019,1999,25,0
dan_reeves,2024,unknown_caller_hc_games,77,4.356708826689592,0.7064220183486238,0,5,2003,1999,25,0
dave_campo,2024,unknown_caller_hc_games,48,3.8918202981106265,0.6,0,3,2002,1999,25,0
dave_mcginnis,2024,unknown_caller_hc_games,55,4.02535169073515,0.632183908045977,0,4,2003,1999,25,0
dave_wannstedt,2024,unknown_caller_hc_games,73,4.30406509320417,0.6952380952380952,0,5,2004,1999,25,0
dennis_allen,2024,unknown_caller_hc_games,36,3.6109179126442243,0.5294117647058824,0,3,2014,1999,25,0
dennis_erickson,2024,unknown_caller_hc_games,32,3.4965075614664802,0.5,0,2,2004,1999,25,0
dennis_green,2024,unknown_caller_hc_games,95,4.564348191467836,0.7480314960629921,0,6,2006,1999,25,0
dick_jauron,2024,unknown_caller_hc_games,142,4.962844630259907,0.8160919540229885,0,10,2009,1999,25,0
dick_lebeau,2024,unknown_caller_hc_games,45,3.828641396489095,0.5844155844155844,0,3,2002,1999,25,0
dick_vermeil,2024,unknown_caller_hc_games,96,4.574710978503383,0.75,0,6,2005,1999,25,0
dom_capers,2024,unknown_caller_hc_games,64,4.174387269895637,0.6666666666666666,0,4,2005,1999,25,0
doug_marrone,2024,unknown_caller_hc_games,16,2.833213344056216,0.3333333333333333,0,1,2013,1999,25,0
emmitt_thomas,2024,unknown_caller_hc_games,4,1.6094379124341003,0.1111111111111111,0,1,2007,1999,25,0
eric_mangini,2024,unknown_caller_hc_games,80,4.394449154672439,0.7142857142857143,0,5,2010,1999,25,0
eric_studesville,2024,unknown_caller_hc_games,4,1.6094379124341003,0.1111111111111111,0,1,2010,1999,25,0
gary_kubiak,2024,unknown_caller_hc_games,141,4.955827057601261,0.815028901734104,0,9,2016,1999,25,0
gary_moeller,2024,unknown_caller_hc_games,9,2.302585092994046,0.21951219512195122,0,1,2000,1999,25,0
george_seifert,2024,unknown_caller_hc_games,48,3.8918202981106265,0.6,0,3,2001,1999,25,0
greg_schiano,2024,unknown_caller_hc_games,32,3.4965075614664802,0.5,0,2,2013,1999,25,0
gregg_williams,2024,unknown_caller_hc_games,48,3.8918202981106265,0.6,0,3,2003,1999,25,0
gunther_cunningham,2024,unknown_caller_hc_games,32,3.4965075614664802,0.5,0,2,2000,1999,25,0
gus_bradley,2024,unknown_caller_hc_games,32,3.4965075614664802,0.5,0,2,2014,1999,25,0
herm_edwards,2024,unknown_caller_hc_games,128,4.859812404361672,0.8,0,8,2008,1999,25,0
hue_jackson,2024,unknown_caller_hc_games,16,2.833213344056216,0.3333333333333333,0,1,2011,1999,25,0
jack_del_rio,2024,unknown_caller_hc_games,139,4.941642422609304,0.8128654970760234,0,9,2011,1999,25,0
jason_garrett,2024,unknown_caller_hc_games,56,4.04305126783455,0.6363636363636364,0,4,2013,1999,25,0
jeff_fisher,2024,unknown_caller_hc_games,224,5.41610040220442,0.875,0,14,2013,1999,25,0
jim_bates,2024,unknown_caller_hc_games,7,2.0794415416798357,0.1794871794871795,0,1,2004,1999,25,0
jim_caldwell,2024,unknown_caller_hc_games,48,3.8918202981106265,0.6,0,3,2011,1999,25,0
jim_fassel,2024,unknown_caller_hc_games,80,4.394449154672439,0.7142857142857143,0,5,2003,1999,25,0
jim_harbaugh,2024,unknown_caller_hc_games,64,4.174387269895637,0.6666666666666666,0,4,2014,1999,25,0
jim_haslett,2024,unknown_caller_hc_games,108,4.6913478822291435,0.7714285714285715,0,7,2008,1999,25,0
jim_mora,2024,unknown_caller_hc_games,112,4.727387818712341,0.7777777777777778,0,7,2009,1999,25,0
jim_schwartz,2024,unknown_caller_hc_games,80,4.394449154672439,0.7142857142857143,0,5,2013,1999,25,0
jim_tomsula,2024,unknown_caller_hc_games,1,0.6931471805599453,0.030303030303030304,0,1,2010,1999,25,0
jim_zorn,2024,unknown_caller_hc_games,32,3.4965075614664802,0.5,0,2,2009,1999,25,0
jimmy_johnson,2024,unknown_caller_hc_games,16,2.833213344056216,0.3333333333333333,0,1,1999,1999,25,0
joe_gibbs,2024,unknown_caller_hc_games,64,4.174387269895637,0.6666666666666666,0,4,2007,1999,25,0
joe_philbin,2024,unknown_caller_hc_games,32,3.4965075614664802,0.5,0,2,2013,1999,25,0
joe_vitt,2024,unknown_caller_hc_games,21,3.091042453358316,0.39622641509433965,0,2,2012,1999,25,0
john_fox,2024,unknown_caller_hc_games,208,5.342334251964811,0.8666666666666667,0,13,2016,1999,25,0
john_harbaugh,2024,unknown_caller_hc_games,112,4.727387818712341,0.7777777777777778,0,7,2019,1999,25,0
jon_gruden,2024,unknown_caller_hc_games,160,5.081404364984463,0.8333333333333334,0,10,2008,1999,25,0
josh_mcdaniels,2024,unknown_caller_hc_games,28,3.367295829986474,0.4666666666666667,0,2,2010,1999,25,0
ken_whisenhunt,2024,unknown_caller_hc_games,96,4.574710978503383,0.75,0,6,2012,1999,25,0
kliff_kingsbury,2024,unknown_caller_hc_games,16,2.833213344056216,0.3333333333333333,0,1,2019,1999,25,0
lane_kiffin,2024,unknown_caller_hc_games,20,3.044522437723423,0.38461538461538464,0,2,2008,1999,25,0
leslie_frazier,2024,unknown_caller_hc_games,54,4.007333185232471,0.627906976744186,0,4,2013,1999,25,0
lovie_smith,2024,unknown_caller_hc_games,144,4.976733742420574,0.8181818181818182,0,9,2012,1999,25,0
marc_trestman,2024,unknown_caller_hc_games,32,3.4965075614664802,0.5,0,2,2014,1999,25,0
marty_mornhinweg,2024,unknown_caller_hc_games,32,3.4965075614664802,0.5,0,2,2002,1999,25,0
marty_schottenheimer,2024,unknown_caller_hc_games,96,4.574710978503383,0.75,0,6,2006,1999,25,0
marvin_lewis,2024,unknown_caller_hc_games,208,5.342334251964811,0.8666666666666667,0,13,2016,1999,25,0
matt_patricia,2024,unknown_caller_hc_games,16,2.833213344056216,0.3333333333333333,0,1,2019,1999,25,0
mel_tucker,2024,unknown_caller_hc_games,5,1.791759469228055,0.13513513513513514,0,1,2011,1999,25,0
mike_ditka,2024,unknown_caller_hc_games,16,2.833213344056216,0.3333333333333333,0,1,1999,1999,25,0
mike_holmgren,2024,unknown_caller_hc_games,160,5.081404364984463,0.8333333333333334,0,10,2008,1999,25,0
mike_martz,2024,unknown_caller_hc_games,85,4.454347296253507,0.7264957264957265,0,6,2005,1999,25,0
mike_mccarthy,2024,unknown_caller_hc_games,128,4.859812404361672,0.8,0,8,2013,1999,25,0
mike_mccoy,2024,unknown_caller_hc_games,32,3.4965075614664802,0.5,0,2,2016,1999,25,0
mike_mularkey,2024,unknown_caller_hc_games,48,3.8918202981106265,0.6,0,3,2012,1999,25,0
mike_munchak,2024,unknown_caller_hc_games,48,3.8918202981106265,0.6,0,3,2013,1999,25,0
mike_nolan,2024,unknown_caller_hc_games,55,4.02535169073515,0.632183908045977,0,4,2008,1999,25,0
mike_pettine,2024,unknown_caller_hc_games,16,2.833213344056216,0.3333333333333333,0,1,2015,1999,25,0
mike_riley,2024,unknown_caller_hc_games,48,3.8918202981106265,0.6,0,3,2001,1999,25,0
mike_shanahan,2024,unknown_caller_hc_games,224,5.41610040220442,0.875,0,14,2013,1999,25,0
mike_sherman,2024,unknown_caller_hc_games,96,4.574710978503383,0.75,0,6,2005,1999,25,0
mike_singletary,2024,unknown_caller_hc_games,40,3.713572066704308,0.5555555555555556,0,3,2010,1999,25,0
mike_smith,2024,unknown_caller_hc_games,96,4.574710978503383,0.75,0,6,2013,1999,25,0
mike_tice,2024,unknown_caller_hc_games,65,4.189654742026425,0.6701030927835051,0,5,2005,1999,25,0
mike_tomlin,2024,unknown_caller_hc_games,112,4.727387818712341,0.7777777777777778,0,7,2013,1999,25,0
nick_saban,2024,unknown_caller_hc_games,32,3.4965075614664802,0.5,0,2,2006,1999,25,0
nick_sirianni,2024,unknown_caller_hc_games,17,2.8903717578961645,0.3469387755102041,0,1,2022,1999,25,0
norv_turner,2024,unknown_caller_hc_games,147,4.997212273764115,0.8212290502793296,0,10,2012,1999,25,0
pat_shurmur,2024,unknown_caller_hc_games,48,3.8918202981106265,0.6,0,3,2019,1999,25,0
perry_fewell,2024,unknown_caller_hc_games,7,2.0794415416798357,0.1794871794871795,0,1,2009,1999,25,0
pete_carroll,2024,unknown_caller_hc_games,80,4.394449154672439,0.7142857142857143,0,5,2013,1999,25,0
raheem_morris,2024,unknown_caller_hc_games,48,3.8918202981106265,0.6,0,3,2011,1999,25,0
ray_rhodes,2024,unknown_caller_hc_games,16,2.833213344056216,0.3333333333333333,0,1,1999,1999,25,0
rex_ryan,2024,unknown_caller_hc_games,80,4.394449154672439,0.7142857142857143,0,5,2013,1999,25,0
rob_chudzinski,2024,unknown_caller_hc_games,16,2.833213344056216,0.3333333333333333,0,1,2013,1999,25,0
rod_marinelli,2024,unknown_caller_hc_games,48,3.8918202981106265,0.6,0,3,2008,1999,25,0
romeo_crennel,2024,unknown_caller_hc_games,83,4.430816798843313,0.7217391304347827,0,6,2012,1999,25,0
ron_rivera,2024,unknown_caller_hc_games,48,3.8918202981106265,0.6,0,3,2013,1999,25,0
scott_linehan,2024,unknown_caller_hc_games,36,3.6109179126442243,0.5294117647058824,0,3,2008,1999,25,0
sean_mcdermott,2024,unknown_caller_hc_games,16,2.833213344056216,0.3333333333333333,0,1,2019,1999,25,0
sean_payton,2024,unknown_caller_hc_games,144,4.976733742420574,0.8181818181818182,0,9,2019,1999,25,0
steve_mariucci,2024,unknown_caller_hc_games,107,4.68213122712422,0.7697841726618705,0,7,2005,1999,25,0
steve_spagnuolo,2024,unknown_caller_hc_games,48,3.8918202981106265,0.6,0,3,2011,1999,25,0
steve_spurrier,2024,unknown_caller_hc_games,32,3.4965075614664802,0.5,0,2,2003,1999,25,0
terry_robiskie,2024,unknown_caller_hc_games,18,2.9444389791664403,0.36,0,2,2004,1999,25,0
todd_bowles,2024,unknown_caller_hc_games,3,1.3862943611198906,0.08571428571428572,0,1,2011,1999,25,0
todd_haley,2024,unknown_caller_hc_games,45,3.828641396489095,0.5844155844155844,0,3,2011,1999,25,0
tom_cable,2024,unknown_caller_hc_games,44,3.8066624897703196,0.5789473684210527,0,3,2010,1999,25,0
tom_coughlin,2024,unknown_caller_hc_games,224,5.41610040220442,0.875,0,14,2013,1999,25,0
tony_dungy,2024,unknown_caller_hc_games,160,5.081404364984463,0.8333333333333334,0,10,2008,1999,25,0
tony_sparano,2024,unknown_caller_hc_games,73,4.30406509320417,0.6952380952380952,0,5,2014,1999,25,0
vince_tobin,2024,unknown_caller_hc_games,25,3.258096538021482,0.43859649122807015,0,2,2000,1999,25,0
wade_phillips,2024,unknown_caller_hc_games,94,4.553876891600541,0.746031746031746,0,8,2013,1999,25,0
adam_gase,2025,caller,112,4.727387818712341,0.7777777777777778,0,7,2020,2014,11,0
alex_van_pelt,2025,caller,17,2.8903717578961645,0.3469387755102041,0,1,2024,2014,11,0
andy_reid,2025,caller,175,5.170483995038151,0.8454106280193237,0,11,2024,2014,11,1
anthony_lynn,2025,caller,14,2.70805020110221,0.30434782608695654,0,1,2016,2014,11,0
arthur_smith,2025,caller,100,4.61512051684126,0.7575757575757576,0,6,2024,2014,11,0
ben_johnson,2025,caller,51,3.9512437185814275,0.6144578313253012,0,3,2024,2014,11,0
ben_mcadoo,2025,caller,70,4.2626798770413155,0.6862745098039216,0,5,2022,2014,11,0
bill_lazor,2025,caller,63,4.1588830833596715,0.6631578947368421,0,5,2020,2014,11,0
bill_musgrave,2025,caller,48,3.8918202981106265,0.6,0,3,2018,2014,11,0
bill_obrien,2025,caller,94,4.553876891600541,0.746031746031746,0,6,2023,2014,11,0
bobby_slowik,2025,caller,34,3.5553480614894135,0.5151515151515151,0,2,2024,2014,11,0
brian_callahan,2025,caller,17,2.8903717578961645,0.3469387755102041,0,1,2024,2014,11,0
brian_daboll,2025,caller,66,4.204692619390966,0.673469387755102,0,4,2024,2014,11,0
brian_johnson,2025,caller,17,2.8903717578961645,0.3469387755102041,0,1,2023,2014,11,0
brian_schottenheimer,2025,caller,64,4.174387269895637,0.6666666666666666,0,4,2020,2014,11,0
bruce_arians,2025,caller,48,3.8918202981106265,0.6,0,3,2017,2014,11,1
byron_leftwich,2025,caller,66,4.204692619390966,0.673469387755102,0,4,2022,2014,11,0
chad_oshea,2025,caller,16,2.833213344056216,0.3333333333333333,0,1,2019,2014,11,0
chan_gailey,2025,caller,48,3.8918202981106265,0.6,0,3,2020,2014,11,1
chip_kelly,2025,caller,48,3.8918202981106265,0.6,0,3,2016,2014,11,1
darrell_bevell,2025,caller,97,4.584967478670572,0.751937984496124,0,6,2021,2014,11,0
dave_canales,2025,caller,34,3.5553480614894135,0.5151515151515151,0,2,2024,2014,11,0
dirk_koetter,2025,caller,96,4.574710978503383,0.75,0,6,2020,2014,11,0
doug_pederson,2025,caller,114,4.74493212836325,0.7808219178082192,0,7,2023,2014,11,0
dowell_loggains,2025,caller,16,2.833213344056216,0.3333333333333333,0,1,2017,2014,11,0
drew_petzing,2025,caller,34,3.5553480614894135,0.5151515151515151,0,2,2024,2014,11,0
eric_bieniemy,2025,caller,17,2.8903717578961645,0.3469387755102041,0,1,2023,2014,11,0
frank_cignetti,2025,caller,12,2.5649493574615367,0.2727272727272727,0,1,2015,2014,11,0
frank_reich,2025,caller,131,4.882801922586371,0.803680981595092,0,8,2023,2014,11,0
freddie_kitchens,2025,caller,24,3.2188758248682006,0.42857142857142855,0,2,2019,2014,11,0
gary_kubiak,2025,caller,48,3.8918202981106265,0.6,0,3,2020,2014,11,1
geep_chryst,2025,caller,16,2.833213344056216,0.3333333333333333,0,1,2015,2014,11,0
george_godsey,2025,caller,19,2.995732273553991,0.37254901960784315,0,2,2016,2014,11,0
greg_olson,2025,caller,23,3.1780538303479458,0.41818181818181815,0,2,2016,2014,11,0
greg_roman,2025,caller,85,4.454347296253507,0.7264957264957265,0,6,2024,2014,11,0
hue_jackson,2025,caller,48,3.8918202981106265,0.6,0,3,2017,2014,11,1
jason_garrett,2025,caller,33,3.5263605246161616,0.5076923076923077,0,2,2021,2014,11,1
jason_michael,2025,caller,9,2.302585092994046,0.21951219512195122,0,1,2015,2014,11,0
jay_gruden,2025,caller,69,4.248495242049359,0.6831683168316832,0,5,2020,2014,11,0
jeremy_bates,2025,caller,16,2.833213344056216,0.3333333333333333,0,1,2018,2014,11,0
jim_bob_cooter,2025,caller,57,4.060443010546419,0.6404494382022472,0,4,2018,2014,11,0
joe_brady,2025,caller,50,3.9318256327243257,0.6097560975609756,0,3,2024,2014,11,0
joe_lombardi,2025,caller,57,4.060443010546419,0.6404494382022472,0,4,2022,2014,11,0
john_defilippo,2025,caller,32,3.4965075614664802,0.5,0,2,2019,2014,11,0
john_morton,2025,caller,16,2.833213344056216,0.3333333333333333,0,1,2017,2014,11,0
jon_gruden,2025,caller,65,4.189654742026425,0.6701030927835051,0,4,2021,2014,11,1
josh_mcdaniels,2025,caller,147,4.997212273764115,0.8212290502793296,0,9,2023,2014,11,1
kellen_moore,2025,caller,100,4.61512051684126,0.7575757575757576,0,6,2024,2014,11,0
ken_dorsey,2025,caller,33,3.5263605246161616,0.5076923076923077,0,2,2023,2014,11,0
ken_whisenhunt,2025,caller,62,4.143134726391533,0.6595744680851063,0,5,2019,2014,11,1
ken_zampese,2025,caller,2,1.0986122886681098,0.058823529411764705,0,1,2017,2014,11,0
kevin_oconnell,2025,caller,62,4.143134726391533,0.6595744680851063,0,4,2024,2014,11,0
kevin_stefanski,2025,caller,100,4.61512051684126,0.7575757575757576,0,6,2024,2014,11,0
kliff_kingsbury,2025,caller,67,4.219507705176107,0.6767676767676768,0,4,2024,2014,11,0
klint_kubiak,2025,caller,34,3.5553480614894135,0.5151515151515151,0,2,2024,2014,11,0
kyle_shanahan,2025,caller,180,5.198497031265826,0.8490566037735849,0,11,2024,2014,11,0
liam_coen,2025,caller,17,2.8903717578961645,0.3469387755102041,0,1,2024,2014,11,0
luke_getsy,2025,caller,51,3.9512437185814275,0.6144578313253012,0,3,2024,2014,11,0
marc_trestman,2025,caller,21,3.091042453358316,0.39622641509433965,0,2,2016,2014,11,1
marcus_arroyo,2025,caller,16,2.833213344056216,0.3333333333333333,0,1,2014,2014,11,0
marty_mornhinweg,2025,caller,59,4.0943445622221,0.6483516483516484,0,4,2018,2014,11,1
matt_canada,2025,caller,51,3.9512437185814275,0.6144578313253012,0,3,2023,2014,11,0
matt_lafleur,2025,caller,116,4.762173934797756,0.7837837837837838,0,7,2024,2014,11,0
matt_nagy,2025,caller,64,4.174387269895637,0.6666666666666666,0,5,2021,2014,11,0
mike_kafka,2025,caller,34,3.5553480614894135,0.5151515151515151,0,2,2023,2014,11,0
mike_lafleur,2025,caller,34,3.5553480614894135,0.5151515151515151,0,2,2022,2014,11,0
mike_mccarthy,2025,caller,101,4.624972813284271,0.7593984962406015,0,7,2024,2014,11,1
mike_mccoy,2025,caller,32,3.4965075614664802,0.5,0,2,2018,2014,11,1
mike_mcdaniel,2025,caller,51,3.9512437185814275,0.6144578313253012,0,3,2024,2014,11,0
mike_shula,2025,caller,64,4.174387269895637,0.6666666666666666,0,4,2017,2014,11,0
mike_sullivan,2025,caller,11,2.4849066497880004,0.2558139534883721,0,1,2017,2014,11,0
nathaniel_hackett,2025,caller,108,4.6913478822291435,0.7714285714285715,0,7,2024,2014,11,0
nick_sirianni,2025,caller,17,2.8903717578961645,0.3469387755102041,0,1,2021,2014,11,0
norv_turner,2025,caller,71,4.276666119016055,0.6893203883495146,0,5,2019,2014,11,1
pat_shurmur,2025,caller,74,4.31748811353631,0.6981132075471698,0,5,2021,2014,11,1
pep_hamilton,2025,caller,41,3.7376696182833684,0.5616438356164384,0,3,2022,2014,11,0
pete_carmichael,2025,caller,34,3.5553480614894135,0.5151515151515151,0,2,2023,2014,11,0
press_taylor,2025,caller,17,2.8903717578961645,0.3469387755102041,0,1,2024,2014,11,0
randy_fichtner,2025,caller,48,3.8918202981106265,0.6,0,3,2020,2014,11,0
rich_scangarello,2025,caller,16,2.833213344056216,0.3333333333333333,0,1,2019,2014,11,0
rick_dennison,2025,caller,16,2.833213344056216,0.3333333333333333,0,1,2017,2014,11,0
rob_boras,2025,caller,20,3.044522437723423,0.38461538461538464,0,2,2016,2014,11,0
rob_chudzinski,2025,caller,40,3.713572066704308,0.5555555555555556,0,3,2017,2014,11,1
ryan_grubb,2025,caller,17,2.8903717578961645,0.3469387755102041,0,1,2024,2014,11,0
scott_linehan,2025,caller,80,4.394449154672439,0.7142857142857143,0,5,2018,2014,11,1
scott_turner,2025,caller,50,3.9318256327243257,0.6097560975609756,0,3,2022,2014,11,0
sean_mcvay,2025,caller,164,5.10594547390058,0.8367346938775511,0,10,2024,2014,11,0
sean_payton,2025,caller,131,4.882801922586371,0.803680981595092,0,8,2024,2014,11,1
shane_steichen,2025,caller,59,4.0943445622221,0.6483516483516484,0,4,2024,2014,11,0
shane_waldron,2025,caller,68,4.23410650459726,0.68,0,4,2024,2014,11,0
steve_sarkisian,2025,caller,32,3.4965075614664802,0.5,0,2,2018,2014,11,0
terry_robiskie,2025,caller,32,3.4965075614664802,0.5,0,2,2017,2014,11,1
tim_kelly,2025,caller,50,3.9318256327243257,0.6097560975609756,0,3,2023,2014,11,0
todd_downing,2025,caller,50,3.9318256327243257,0.6097560975609756,0,3,2022,2014,11,0
todd_haley,2025,caller,72,4.290459441148391,0.6923076923076923,0,5,2018,2014,11,1
todd_monken,2025,caller,34,3.5553480614894135,0.5151515151515151,0,2,2024,2014,11,0
tom_clements,2025,caller,13,2.6390573296152584,0.28888888888888886,0,1,2015,2014,11,0
zac_robinson,2025,caller,17,2.8903717578961645,0.3469387755102041,0,1,2024,2014,11,0
zac_taylor,2025,caller,104,4.653960350157523,0.7647058823529411,0,7,2024,2014,11,0
aaron_kromer,2025,hc_resume,6,1.9459101490553132,0.15789473684210525,0,1,2012,1999,26,0
adam_gase,2025,hc_resume,80,4.394449154672439,0.7142857142857143,0,5,2020,1999,26,0
al_groh,2025,hc_resume,16,2.833213344056216,0.3333333333333333,0,1,2000,1999,26,0
andy_reid,2025,hc_resume,420,6.042632833682381,0.9292035398230089,0,26,2024,1999,26,0
anthony_lynn,2025,hc_resume,65,4.189654742026425,0.6701030927835051,0,5,2020,1999,26,0
antonio_pierce,2025,hc_resume,26,3.295836866004329,0.4482758620689655,0,2,2024,1999,26,0
art_shell,2025,hc_resume,16,2.833213344056216,0.3333333333333333,0,1,2006,1999,26,0
arthur_smith,2025,hc_resume,51,3.9512437185814275,0.6144578313253012,0,3,2023,1999,26,0
ben_mcadoo,2025,hc_resume,28,3.367295829986474,0.4666666666666667,0,2,2017,1999,26,0
bill_belichick,2025,hc_resume,387,5.961005339623274,0.9236276849642004,0,24,2023,1999,26,0
bill_callahan,2025,hc_resume,43,3.784189633918261,0.5733333333333334,0,3,2019,1999,26,0
bill_cowher,2025,hc_resume,128,4.859812404361672,0.8,0,8,2006,1999,26,0
bill_obrien,2025,hc_resume,100,4.61512051684126,0.7575757575757576,0,7,2020,1999,26,0
bill_parcells,2025,hc_resume,80,4.394449154672439,0.7142857142857143,0,5,2006,1999,26,0
bobby_petrino,2025,hc_resume,12,2.5649493574615367,0.2727272727272727,0,1,2007,1999,26,0
bobby_ross,2025,hc_resume,23,3.1780538303479458,0.41818181818181815,0,2,2000,1999,26,0
brad_childress,2025,hc_resume,74,4.31748811353631,0.6981132075471698,0,5,2010,1999,26,0
brandon_staley,2025,hc_resume,48,3.8918202981106265,0.6,0,3,2023,1999,26,0
brian_billick,2025,hc_resume,144,4.976733742420574,0.8181818181818182,0,9,2007,1999,26,0
brian_callahan,2025,hc_resume,17,2.8903717578961645,0.3469387755102041,0,1,2024,1999,26,0
brian_daboll,2025,hc_resume,51,3.9512437185814275,0.6144578313253012,0,3,2024,1999,26,0
brian_flores,2025,hc_resume,49,3.912023005428146,0.6049382716049383,0,3,2021,1999,26,0
bruce_arians,2025,hc_resume,129,4.867534450455582,0.8012422360248447,0,8,2021,1999,26,0
bruce_coslet,2025,hc_resume,19,2.995732273553991,0.37254901960784315,0,2,2000,1999,26,0
butch_davis,2025,hc_resume,59,4.0943445622221,0.6483516483516484,0,4,2004,1999,26,0
cam_cameron,2025,hc_resume,16,2.833213344056216,0.3333333333333333,0,1,2007,1999,26,0
chan_gailey,2025,hc_resume,64,4.174387269895637,0.6666666666666666,0,4,2012,1999,26,0
chip_kelly,2025,hc_resume,63,4.1588830833596715,0.6631578947368421,0,4,2016,1999,26,0
chris_palmer,2025,hc_resume,32,3.4965075614664802,0.5,0,2,2000,1999,26,0
chris_tabor,2025,hc_resume,6,1.9459101490553132,0.15789473684210525,0,1,2023,1999,26,0
chuck_pagano,2025,hc_resume,96,4.574710978503383,0.75,0,6,2017,1999,26,0
dan_campbell,2025,hc_resume,68,4.23410650459726,0.68,0,4,2024,1999,26,0
dan_quinn,2025,hc_resume,102,4.634728988229636,0.7611940298507462,0,7,2024,1999,26,0
dan_reeves,2025,hc_resume,77,4.356708826689592,0.7064220183486238,0,5,2003,1999,26,0
darrell_bevell,2025,hc_resume,9,2.302585092994046,0.21951219512195122,0,2,2021,1999,26,0
dave_campo,2025,hc_resume,48,3.8918202981106265,0.6,0,3,2002,1999,26,0
dave_canales,2025,hc_resume,17,2.8903717578961645,0.3469387755102041,0,1,2024,1999,26,0
dave_mcginnis,2025,hc_resume,55,4.02535169073515,0.632183908045977,0,4,2003,1999,26,0
dave_wannstedt,2025,hc_resume,73,4.30406509320417,0.6952380952380952,0,5,2004,1999,26,0
david_culley,2025,hc_resume,17,2.8903717578961645,0.3469387755102041,0,1,2021,1999,26,0
demeco_ryans,2025,hc_resume,34,3.5553480614894135,0.5151515151515151,0,2,2024,1999,26,0
dennis_allen,2025,hc_resume,87,4.477336814478207,0.7310924369747899,0,6,2024,1999,26,0
dennis_erickson,2025,hc_resume,32,3.4965075614664802,0.5,0,2,2004,1999,26,0
dennis_green,2025,hc_resume,95,4.564348191467836,0.7480314960629921,0,6,2006,1999,26,0
dick_jauron,2025,hc_resume,142,4.962844630259907,0.8160919540229885,0,10,2009,1999,26,0
dick_lebeau,2025,hc_resume,45,3.828641396489095,0.5844155844155844,0,3,2002,1999,26,0
dick_vermeil,2025,hc_resume,96,4.574710978503383,0.75,0,6,2005,1999,26,0
dirk_koetter,2025,hc_resume,48,3.8918202981106265,0.6,0,3,2018,1999,26,0
dom_capers,2025,hc_resume,64,4.174387269895637,0.6666666666666666,0,4,2005,1999,26,0
doug_marrone,2025,hc_resume,98,4.59511985013459,0.7538461538461538,0,7,2020,1999,26,0
doug_pederson,2025,hc_resume,131,4.882801922586371,0.803680981595092,0,8,2024,1999,26,0
emmitt_thomas,2025,hc_resume,4,1.6094379124341003,0.1111111111111111,0,1,2007,1999,26,0
eric_mangini,2025,hc_resume,80,4.394449154672439,0.7142857142857143,0,5,2010,1999,26,0
eric_studesville,2025,hc_resume,4,1.6094379124341003,0.1111111111111111,0,1,2010,1999,26,0
frank_reich,2025,hc_resume,85,4.454347296253507,0.7264957264957265,0,6,2023,1999,26,0
freddie_kitchens,2025,hc_resume,16,2.833213344056216,0.3333333333333333,0,1,2019,1999,26,0
gary_kubiak,2025,hc_resume,157,5.062595033026967,0.8306878306878307,0,10,2016,1999,26,0
gary_moeller,2025,hc_resume,9,2.302585092994046,0.21951219512195122,0,1,2000,1999,26,0
george_seifert,2025,hc_resume,48,3.8918202981106265,0.6,0,3,2001,1999,26,0
giff_smith,2025,hc_resume,3,1.3862943611198906,0.08571428571428572,0,1,2023,1999,26,0
greg_schiano,2025,hc_resume,32,3.4965075614664802,0.5,0,2,2013,1999,26,0
gregg_williams,2025,hc_resume,56,4.04305126783455,0.6363636363636364,0,4,2018,1999,26,0
gunther_cunningham,2025,hc_resume,32,3.4965075614664802,0.5,0,2,2000,1999,26,0
gus_bradley,2025,hc_resume,62,4.143134726391533,0.6595744680851063,0,4,2016,1999,26,0
herm_edwards,2025,hc_resume,128,4.859812404361672,0.8,0,8,2008,1999,26,0
hue_jackson,2025,hc_resume,56,4.04305126783455,0.6363636363636364,0,4,2018,1999,26,0
jack_del_rio,2025,hc_resume,187,5.236441962829949,0.8538812785388128,0,12,2017,1999,26,0
jason_garrett,2025,hc_resume,152,5.030437921392435,0.8260869565217391,0,10,2019,1999,26,0
jay_gruden,2025,hc_resume,85,4.454347296253507,0.7264957264957265,0,6,2019,1999,26,0
jay_rosburg,2025,hc_resume,2,1.0986122886681098,0.058823529411764705,0,1,2022,1999,26,0
jeff_fisher,2025,hc_resume,272,5.60947179518496,0.8947368421052632,0,17,2016,1999,26,0
jeff_saturday,2025,hc_resume,8,2.1972245773362196,0.2,0,1,2022,1999,26,0
jerod_mayo,2025,hc_resume,17,2.8903717578961645,0.3469387755102041,0,1,2024,1999,26,0
jim_bates,2025,hc_resume,7,2.0794415416798357,0.1794871794871795,0,1,2004,1999,26,0
jim_caldwell,2025,hc_resume,112,4.727387818712341,0.7777777777777778,0,7,2017,1999,26,0
jim_fassel,2025,hc_resume,80,4.394449154672439,0.7142857142857143,0,5,2003,1999,26,0
jim_harbaugh,2025,hc_resume,81,4.406719247264253,0.7168141592920354,0,5,2024,1999,26,0
jim_haslett,2025,hc_resume,108,4.6913478822291435,0.7714285714285715,0,7,2008,1999,26,0
jim_mora,2025,hc_resume,112,4.727387818712341,0.7777777777777778,0,7,2009,1999,26,0
jim_schwartz,2025,hc_resume,80,4.394449154672439,0.7142857142857143,0,5,2013,1999,26,0
jim_tomsula,2025,hc_resume,17,2.8903717578961645,0.3469387755102041,0,2,2015,1999,26,0
jim_zorn,2025,hc_resume,32,3.4965075614664802,0.5,0,2,2009,1999,26,0
jimmy_johnson,2025,hc_resume,16,2.833213344056216,0.3333333333333333,0,1,1999,1999,26,0
joe_gibbs,2025,hc_resume,64,4.174387269895637,0.6666666666666666,0,4,2007,1999,26,0
joe_judge,2025,hc_resume,33,3.5263605246161616,0.5076923076923077,0,2,2021,1999,26,0
joe_philbin,2025,hc_resume,68,4.23410650459726,0.68,0,5,2018,1999,26,0
joe_vitt,2025,hc_resume,21,3.091042453358316,0.39622641509433965,0,2,2012,1999,26,0
john_fox,2025,hc_resume,256,5.54907608489522,0.8888888888888888,0,16,2017,1999,26,0
john_harbaugh,2025,hc_resume,276,5.6240175061873385,0.8961038961038961,0,17,2024,1999,26,0
jon_gruden,2025,hc_resume,213,5.365976015021851,0.8693877551020408,0,14,2021,1999,26,0
jonathan_gannon,2025,hc_resume,34,3.5553480614894135,0.5151515151515151,0,2,2024,1999,26,0
josh_mcdaniels,2025,hc_resume,53,3.9889840465642745,0.6235294117647059,0,4,2023,1999,26,0
ken_whisenhunt,2025,hc_resume,128,4.859812404361672,0.8,0,8,2015,1999,26,0
kevin_oconnell,2025,hc_resume,51,3.9512437185814275,0.6144578313253012,0,3,2024,1999,26,0
kevin_stefanski,2025,hc_resume,84,4.442651256490317,0.7241379310344828,0,5,2024,1999,26,0
kliff_kingsbury,2025,hc_resume,66,4.204692619390966,0.673469387755102,0,4,2022,1999,26,0
kyle_shanahan,2025,hc_resume,132,4.890349128221754,0.8048780487804879,0,8,2024,1999,26,0
lane_kiffin,2025,hc_resume,20,3.044522437723423,0.38461538461538464,0,2,2008,1999,26,0
leslie_frazier,2025,hc_resume,54,4.007333185232471,0.627906976744186,0,4,2013,1999,26,0
lovie_smith,2025,hc_resume,193,5.267858159063328,0.8577777777777778,0,12,2022,1999,26,0
marc_trestman,2025,hc_resume,32,3.4965075614664802,0.5,0,2,2014,1999,26,0
marty_mornhinweg,2025,hc_resume,32,3.4965075614664802,0.5,0,2,2002,1999,26,0
marty_schottenheimer,2025,hc_resume,96,4.574710978503383,0.75,0,6,2006,1999,26,0
marvin_lewis,2025,hc_resume,256,5.54907608489522,0.8888888888888888,0,16,2018,1999,26,0
matt_eberflus,2025,hc_resume,51,3.9512437185814275,0.6144578313253012,0,3,2024,1999,26,0
matt_lafleur,2025,hc_resume,100,4.61512051684126,0.7575757575757576,0,6,2024,1999,26,0
matt_nagy,2025,hc_resume,65,4.189654742026425,0.6701030927835051,0,4,2021,1999,26,0
matt_patricia,2025,hc_resume,43,3.784189633918261,0.5733333333333334,0,3,2020,1999,26,0
matt_rhule,2025,hc_resume,38,3.6635616461296463,0.5428571428571428,0,3,2022,1999,26,0
mel_tucker,2025,hc_resume,5,1.791759469228055,0.13513513513513514,0,1,2011,1999,26,0
mike_ditka,2025,hc_resume,16,2.833213344056216,0.3333333333333333,0,1,1999,1999,26,0
mike_holmgren,2025,hc_resume,160,5.081404364984463,0.8333333333333334,0,10,2008,1999,26,0
mike_macdonald,2025,hc_resume,17,2.8903717578961645,0.3469387755102041,0,1,2024,1999,26,0
mike_martz,2025,hc_resume,85,4.454347296253507,0.7264957264957265,0,6,2005,1999,26,0
mike_mccarthy,2025,hc_resume,288,5.666426688112432,0.9,0,18,2024,1999,26,0
mike_mccoy,2025,hc_resume,64,4.174387269895637,0.6666666666666666,0,4,2016,1999,26,0
mike_mcdaniel,2025,hc_resume,51,3.9512437185814275,0.6144578313253012,0,3,2024,1999,26,0
mike_mularkey,2025,hc_resume,80,4.394449154672439,0.7142857142857143,0,5,2017,1999,26,0
mike_munchak,2025,hc_resume,48,3.8918202981106265,0.6,0,3,2013,1999,26,0
mike_nolan,2025,hc_resume,55,4.02535169073515,0.632183908045977,0,4,2008,1999,26,0
mike_pettine,2025,hc_resume,32,3.4965075614664802,0.5,0,2,2015,1999,26,0
mike_riley,2025,hc_resume,48,3.8918202981106265,0.6,0,3,2001,1999,26,0
mike_shanahan,2025,hc_resume,224,5.41610040220442,0.875,0,14,2013,1999,26,0
mike_sherman,2025,hc_resume,96,4.574710978503383,0.75,0,6,2005,1999,26,0
mike_singletary,2025,hc_resume,40,3.713572066704308,0.5555555555555556,0,3,2010,1999,26,0
mike_smith,2025,hc_resume,112,4.727387818712341,0.7777777777777778,0,7,2014,1999,26,0
mike_tice,2025,hc_resume,65,4.189654742026425,0.6701030927835051,0,5,2005,1999,26,0
mike_tomlin,2025,hc_resume,292,5.680172609017068,0.9012345679012346,0,18,2024,1999,26,0
mike_vrabel,2025,hc_resume,99,4.605170185988092,0.7557251908396947,0,6,2023,1999,26,0
mike_zimmer,2025,hc_resume,129,4.867534450455582,0.8012422360248447,0,8,2021,1999,26,0
nathaniel_hackett,2025,hc_resume,15,2.772588722239781,0.3191489361702128,0,1,2022,1999,26,0
nick_saban,2025,hc_resume,32,3.4965075614664802,0.5,0,2,2006,1999,26,0
nick_sirianni,2025,hc_resume,68,4.23410650459726,0.68,0,4,2024,1999,26,0
norv_turner,2025,hc_resume,147,4.997212273764115,0.8212290502793296,0,10,2012,1999,26,0
pat_shurmur,2025,hc_resume,65,4.189654742026425,0.6701030927835051,0,5,2019,1999,26,0
perry_fewell,2025,hc_resume,7,2.0794415416798357,0.1794871794871795,0,1,2009,1999,26,0
pete_carroll,2025,hc_resume,243,5.497168225293202,0.8836363636363637,0,15,2023,1999,26,0
raheem_morris,2025,hc_resume,76,4.343805421853684,0.7037037037037037,0,5,2024,1999,26,0
ray_rhodes,2025,hc_resume,16,2.833213344056216,0.3333333333333333,0,1,1999,1999,26,0
rex_ryan,2025,hc_resume,127,4.852030263919617,0.7987421383647799,0,8,2016,1999,26,0
rich_bisaccia,2025,hc_resume,12,2.5649493574615367,0.2727272727272727,0,1,2021,1999,26,0
rob_chudzinski,2025,hc_resume,16,2.833213344056216,0.3333333333333333,0,1,2013,1999,26,0
robert_saleh,2025,hc_resume,68,4.23410650459726,0.68,0,4,2024,1999,26,0
rod_marinelli,2025,hc_resume,48,3.8918202981106265,0.6,0,3,2008,1999,26,0
romeo_crennel,2025,hc_resume,95,4.564348191467836,0.7480314960629921,0,7,2020,1999,26,0
ron_rivera,2025,hc_resume,211,5.356586274672012,0.8683127572016461,0,13,2023,1999,26,0
scott_linehan,2025,hc_resume,36,3.6109179126442243,0.5294117647058824,0,3,2008,1999,26,0
sean_mcdermott,2025,hc_resume,131,4.882801922586371,0.803680981595092,0,8,2024,1999,26,0
sean_mcvay,2025,hc_resume,132,4.890349128221754,0.8048780487804879,0,8,2024,1999,26,0
sean_payton,2025,hc_resume,275,5.62040086571715,0.8957654723127035,0,17,2024,1999,26,0
shane_steichen,2025,hc_resume,34,3.5553480614894135,0.5151515151515151,0,2,2024,1999,26,0
steve_mariucci,2025,hc_resume,107,4.68213122712422,0.7697841726618705,0,7,2005,1999,26,0
steve_spagnuolo,2025,hc_resume,52,3.970291913552122,0.6190476190476191,0,4,2017,1999,26,0
steve_spurrier,2025,hc_resume,32,3.4965075614664802,0.5,0,2,2003,1999,26,0
steve_wilks,2025,hc_resume,28,3.367295829986474,0.4666666666666667,0,2,2022,1999,26,0
terry_robiskie,2025,hc_resume,18,2.9444389791664403,0.36,0,2,2004,1999,26,0
todd_bowles,2025,hc_resume,118,4.77912349311153,0.7866666666666666,0,8,2024,1999,26,0
todd_haley,2025,hc_resume,45,3.828641396489095,0.5844155844155844,0,3,2011,1999,26,0
tom_cable,2025,hc_resume,44,3.8066624897703196,0.5789473684210527,0,3,2010,1999,26,0
tom_coughlin,2025,hc_resume,256,5.54907608489522,0.8888888888888888,0,16,2015,1999,26,0
tony_dungy,2025,hc_resume,160,5.081404364984463,0.8333333333333334,0,10,2008,1999,26,0
tony_sparano,2025,hc_resume,73,4.30406509320417,0.6952380952380952,0,5,2014,1999,26,0
urban_meyer,2025,hc_resume,13,2.6390573296152584,0.28888888888888886,0,1,2021,1999,26,0
vance_joseph,2025,hc_resume,32,3.4965075614664802,0.5,0,2,2018,1999,26,0
vic_fangio,2025,hc_resume,49,3.912023005428146,0.6049382716049383,0,3,2021,1999,26,0
vince_tobin,2025,hc_resume,25,3.258096538021482,0.43859649122807015,0,2,2000,1999,26,0
wade_phillips,2025,hc_resume,94,4.553876891600541,0.746031746031746,0,8,2013,1999,26,0
zac_taylor,2025,hc_resume,99,4.605170185988092,0.7557251908396947,0,6,2024,1999,26,0
andy_reid,2025,noncalling_hc_context,5,1.791759469228055,0.13513513513513514,0,1,2017,2014,11,1
anthony_lynn,2025,noncalling_hc_context,64,4.174387269895637,0.6666666666666666,0,4,2020,2014,11,0
antonio_pierce,2025,noncalling_hc_context,26,3.295836866004329,0.4482758620689655,0,2,2024,2014,11,0
ben_mcadoo,2025,noncalling_hc_context,7,2.0794415416798357,0.1794871794871795,0,1,2017,2014,11,0
bill_belichick,2025,noncalling_hc_context,130,4.875197323201151,0.8024691358024691,0,8,2023,2014,11,1
bill_callahan,2025,noncalling_hc_context,11,2.4849066497880004,0.2558139534883721,0,1,2019,2014,11,1
bill_obrien,2025,noncalling_hc_context,23,3.1780538303479458,0.41818181818181815,0,3,2020,2014,11,0
brandon_staley,2025,noncalling_hc_context,48,3.8918202981106265,0.6,0,3,2023,2014,11,0
brian_daboll,2025,noncalling_hc_context,34,3.5553480614894135,0.5151515151515151,0,2,2023,2014,11,0
brian_flores,2025,noncalling_hc_context,32,3.4965075614664802,0.5,0,2,2020,2014,11,0
bruce_arians,2025,noncalling_hc_context,49,3.912023005428146,0.6049382716049383,0,3,2021,2014,11,1
chris_tabor,2025,noncalling_hc_context,6,1.9459101490553132,0.15789473684210525,0,1,2023,2014,11,0
chuck_pagano,2025,noncalling_hc_context,64,4.174387269895637,0.6666666666666666,0,4,2017,2014,11,1
dan_campbell,2025,noncalling_hc_context,51,3.9512437185814275,0.6144578313253012,0,3,2024,2014,11,0
dan_quinn,2025,noncalling_hc_context,86,4.465908118654584,0.7288135593220338,0,6,2024,2014,11,0
david_culley,2025,noncalling_hc_context,17,2.8903717578961645,0.3469387755102041,0,1,2021,2014,11,0
demeco_ryans,2025,noncalling_hc_context,34,3.5553480614894135,0.5151515151515151,0,2,2024,2014,11,0
dennis_allen,2025,noncalling_hc_context,51,3.9512437185814275,0.6144578313253012,0,3,2024,2014,11,1
doug_marrone,2025,noncalling_hc_context,82,4.418840607796598,0.7192982456140351,0,6,2020,2014,11,1
doug_pederson,2025,noncalling_hc_context,17,2.8903717578961645,0.3469387755102041,0,1,2024,2014,11,0
giff_smith,2025,noncalling_hc_context,3,1.3862943611198906,0.08571428571428572,0,1,2023,2014,11,0
gregg_williams,2025,noncalling_hc_context,8,2.1972245773362196,0.2,0,1,2018,2014,11,1
gus_bradley,2025,noncalling_hc_context,30,3.4339872044851463,0.4838709677419355,0,2,2016,2014,11,1
hue_jackson,2025,noncalling_hc_context,8,2.1972245773362196,0.2,0,1,2018,2014,11,1
jack_del_rio,2025,noncalling_hc_context,48,3.8918202981106265,0.6,0,3,2017,2014,11,1
jason_garrett,2025,noncalling_hc_context,96,4.574710978503383,0.75,0,6,2019,2014,11,1
jay_gruden,2025,noncalling_hc_context,32,3.4965075614664802,0.5,0,2,2016,2014,11,0
jay_rosburg,2025,noncalling_hc_context,2,1.0986122886681098,0.058823529411764705,0,1,2022,2014,11,0
jeff_fisher,2025,noncalling_hc_context,48,3.8918202981106265,0.6,0,3,2016,2014,11,1
jeff_saturday,2025,noncalling_hc_context,8,2.1972245773362196,0.2,0,1,2022,2014,11,0
jerod_mayo,2025,noncalling_hc_context,17,2.8903717578961645,0.3469387755102041,0,1,2024,2014,11,0
jim_caldwell,2025,noncalling_hc_context,64,4.174387269895637,0.6666666666666666,0,4,2017,2014,11,1
jim_harbaugh,2025,noncalling_hc_context,17,2.8903717578961645,0.3469387755102041,0,1,2024,2014,11,1
jim_tomsula,2025,noncalling_hc_context,16,2.833213344056216,0.3333333333333333,0,1,2015,2014,11,1
joe_judge,2025,noncalling_hc_context,33,3.5263605246161616,0.5076923076923077,0,2,2021,2014,11,0
joe_philbin,2025,noncalling_hc_context,36,3.6109179126442243,0.5294117647058824,0,3,2018,2014,11,1
john_fox,2025,noncalling_hc_context,48,3.8918202981106265,0.6,0,3,2017,2014,11,1
john_harbaugh,2025,noncalling_hc_context,164,5.10594547390058,0.8367346938775511,0,10,2024,2014,11,1
jonathan_gannon,2025,noncalling_hc_context,34,3.5553480614894135,0.5151515151515151,0,2,2024,2014,11,0
ken_whisenhunt,2025,noncalling_hc_context,9,2.302585092994046,0.21951219512195122,0,1,2015,2014,11,1
lovie_smith,2025,noncalling_hc_context,49,3.912023005428146,0.6049382716049383,0,3,2022,2014,11,1
marvin_lewis,2025,noncalling_hc_context,48,3.8918202981106265,0.6,0,3,2018,2014,11,1
matt_eberflus,2025,noncalling_hc_context,51,3.9512437185814275,0.6144578313253012,0,3,2024,2014,11,0
matt_nagy,2025,noncalling_hc_context,6,1.9459101490553132,0.15789473684210525,0,1,2020,2014,11,0
matt_patricia,2025,noncalling_hc_context,27,3.332204510175204,0.4576271186440678,0,2,2020,2014,11,0
matt_rhule,2025,noncalling_hc_context,38,3.6635616461296463,0.5428571428571428,0,3,2022,2014,11,0
mike_macdonald,2025,noncalling_hc_context,17,2.8903717578961645,0.3469387755102041,0,1,2024,2014,11,0
mike_mccarthy,2025,noncalling_hc_context,63,4.1588830833596715,0.6631578947368421,0,4,2022,2014,11,1
mike_mccoy,2025,noncalling_hc_context,32,3.4965075614664802,0.5,0,2,2015,2014,11,1
mike_mularkey,2025,noncalling_hc_context,32,3.4965075614664802,0.5,0,2,2017,2014,11,1
mike_pettine,2025,noncalling_hc_context,16,2.833213344056216,0.3333333333333333,0,1,2014,2014,11,0
mike_smith,2025,noncalling_hc_context,16,2.833213344056216,0.3333333333333333,0,1,2014,2014,11,1
mike_tomlin,2025,noncalling_hc_context,180,5.198497031265826,0.8490566037735849,0,11,2024,2014,11,1
mike_vrabel,2025,noncalling_hc_context,99,4.605170185988092,0.7557251908396947,0,6,2023,2014,11,0
mike_zimmer,2025,noncalling_hc_context,129,4.867534450455582,0.8012422360248447,0,8,2021,2014,11,0
nick_sirianni,2025,noncalling_hc_context,34,3.5553480614894135,0.5151515151515151,0,2,2024,2014,11,0
pat_shurmur,2025,noncalling_hc_context,1,0.6931471805599453,0.030303030303030304,0,1,2015,2014,11,1
pete_carroll,2025,noncalling_hc_context,163,5.099866427824199,0.8358974358974359,0,10,2023,2014,11,1
raheem_morris,2025,noncalling_hc_context,28,3.367295829986474,0.4666666666666667,0,2,2024,2014,11,1
rex_ryan,2025,noncalling_hc_context,47,3.871201010907891,0.5949367088607594,0,3,2016,2014,11,1
rich_bisaccia,2025,noncalling_hc_context,12,2.5649493574615367,0.2727272727272727,0,1,2021,2014,11,0
robert_saleh,2025,noncalling_hc_context,68,4.23410650459726,0.68,0,4,2024,2014,11,0
romeo_crennel,2025,noncalling_hc_context,12,2.5649493574615367,0.2727272727272727,0,1,2020,2014,11,1
ron_rivera,2025,noncalling_hc_context,163,5.099866427824199,0.8358974358974359,0,10,2023,2014,11,1
sean_mcdermott,2025,noncalling_hc_context,115,4.7535901911063645,0.782312925170068,0,7,2024,2014,11,0
steve_spagnuolo,2025,noncalling_hc_context,4,1.6094379124341003,0.1111111111111111,0,1,2017,2014,11,1
steve_wilks,2025,noncalling_hc_context,28,3.367295829986474,0.4666666666666667,0,2,2022,2014,11,0
todd_bowles,2025,noncalling_hc_context,115,4.7535901911063645,0.782312925170068,0,7,2024,2014,11,1
tom_coughlin,2025,noncalling_hc_context,32,3.4965075614664802,0.5,0,2,2015,2014,11,1
urban_meyer,2025,noncalling_hc_context,13,2.6390573296152584,0.28888888888888886,0,1,2021,2014,11,0
vance_joseph,2025,noncalling_hc_context,32,3.4965075614664802,0.5,0,2,2018,2014,11,0
vic_fangio,2025,noncalling_hc_context,49,3.912023005428146,0.6049382716049383,0,3,2021,2014,11,0
aaron_kromer,2025,unknown_caller_hc_games,6,1.9459101490553132,0.15789473684210525,0,1,2012,1999,26,0
al_groh,2025,unknown_caller_hc_games,16,2.833213344056216,0.3333333333333333,0,1,2000,1999,26,0
andy_reid,2025,unknown_caller_hc_games,240,5.484796933490655,0.8823529411764706,0,15,2013,1999,26,0
art_shell,2025,unknown_caller_hc_games,16,2.833213344056216,0.3333333333333333,0,1,2006,1999,26,0
bill_belichick,2025,unknown_caller_hc_games,257,5.552959584921617,0.889273356401384,0,16,2022,1999,26,0
bill_callahan,2025,unknown_caller_hc_games,32,3.4965075614664802,0.5,0,2,2003,1999,26,0
bill_cowher,2025,unknown_caller_hc_games,128,4.859812404361672,0.8,0,8,2006,1999,26,0
bill_parcells,2025,unknown_caller_hc_games,80,4.394449154672439,0.7142857142857143,0,5,2006,1999,26,0
bobby_petrino,2025,unknown_caller_hc_games,12,2.5649493574615367,0.2727272727272727,0,1,2007,1999,26,0
bobby_ross,2025,unknown_caller_hc_games,23,3.1780538303479458,0.41818181818181815,0,2,2000,1999,26,0
brad_childress,2025,unknown_caller_hc_games,74,4.31748811353631,0.6981132075471698,0,5,2010,1999,26,0
brian_billick,2025,unknown_caller_hc_games,144,4.976733742420574,0.8181818181818182,0,9,2007,1999,26,0
brian_flores,2025,unknown_caller_hc_games,17,2.8903717578961645,0.3469387755102041,0,1,2021,1999,26,0
bruce_arians,2025,unknown_caller_hc_games,32,3.4965075614664802,0.5,0,2,2014,1999,26,0
bruce_coslet,2025,unknown_caller_hc_games,19,2.995732273553991,0.37254901960784315,0,2,2000,1999,26,0
butch_davis,2025,unknown_caller_hc_games,59,4.0943445622221,0.6483516483516484,0,4,2004,1999,26,0
cam_cameron,2025,unknown_caller_hc_games,16,2.833213344056216,0.3333333333333333,0,1,2007,1999,26,0
chan_gailey,2025,unknown_caller_hc_games,64,4.174387269895637,0.6666666666666666,0,4,2012,1999,26,0
chip_kelly,2025,unknown_caller_hc_games,16,2.833213344056216,0.3333333333333333,0,1,2013,1999,26,0
chris_palmer,2025,unknown_caller_hc_games,32,3.4965075614664802,0.5,0,2,2000,1999,26,0
chuck_pagano,2025,unknown_caller_hc_games,32,3.4965075614664802,0.5,0,2,2013,1999,26,0
dan_campbell,2025,unknown_caller_hc_games,17,2.8903717578961645,0.3469387755102041,0,1,2021,1999,26,0
dan_quinn,2025,unknown_caller_hc_games,16,2.833213344056216,0.3333333333333333,0,1,2019,1999,26,0
dan_reeves,2025,unknown_caller_hc_games,77,4.356708826689592,0.7064220183486238,0,5,2003,1999,26,0
dave_campo,2025,unknown_caller_hc_games,48,3.8918202981106265,0.6,0,3,2002,1999,26,0
dave_mcginnis,2025,unknown_caller_hc_games,55,4.02535169073515,0.632183908045977,0,4,2003,1999,26,0
dave_wannstedt,2025,unknown_caller_hc_games,73,4.30406509320417,0.6952380952380952,0,5,2004,1999,26,0
dennis_allen,2025,unknown_caller_hc_games,36,3.6109179126442243,0.5294117647058824,0,3,2014,1999,26,0
dennis_erickson,2025,unknown_caller_hc_games,32,3.4965075614664802,0.5,0,2,2004,1999,26,0
dennis_green,2025,unknown_caller_hc_games,95,4.564348191467836,0.7480314960629921,0,6,2006,1999,26,0
dick_jauron,2025,unknown_caller_hc_games,142,4.962844630259907,0.8160919540229885,0,10,2009,1999,26,0
dick_lebeau,2025,unknown_caller_hc_games,45,3.828641396489095,0.5844155844155844,0,3,2002,1999,26,0
dick_vermeil,2025,unknown_caller_hc_games,96,4.574710978503383,0.75,0,6,2005,1999,26,0
dom_capers,2025,unknown_caller_hc_games,64,4.174387269895637,0.6666666666666666,0,4,2005,1999,26,0
doug_marrone,2025,unknown_caller_hc_games,16,2.833213344056216,0.3333333333333333,0,1,2013,1999,26,0
emmitt_thomas,2025,unknown_caller_hc_games,4,1.6094379124341003,0.1111111111111111,0,1,2007,1999,26,0
eric_mangini,2025,unknown_caller_hc_games,80,4.394449154672439,0.7142857142857143,0,5,2010,1999,26,0
eric_studesville,2025,unknown_caller_hc_games,4,1.6094379124341003,0.1111111111111111,0,1,2010,1999,26,0
gary_kubiak,2025,unknown_caller_hc_games,141,4.955827057601261,0.815028901734104,0,9,2016,1999,26,0
gary_moeller,2025,unknown_caller_hc_games,9,2.302585092994046,0.21951219512195122,0,1,2000,1999,26,0
george_seifert,2025,unknown_caller_hc_games,48,3.8918202981106265,0.6,0,3,2001,1999,26,0
greg_schiano,2025,unknown_caller_hc_games,32,3.4965075614664802,0.5,0,2,2013,1999,26,0
gregg_williams,2025,unknown_caller_hc_games,48,3.8918202981106265,0.6,0,3,2003,1999,26,0
gunther_cunningham,2025,unknown_caller_hc_games,32,3.4965075614664802,0.5,0,2,2000,1999,26,0
gus_bradley,2025,unknown_caller_hc_games,32,3.4965075614664802,0.5,0,2,2014,1999,26,0
herm_edwards,2025,unknown_caller_hc_games,128,4.859812404361672,0.8,0,8,2008,1999,26,0
hue_jackson,2025,unknown_caller_hc_games,16,2.833213344056216,0.3333333333333333,0,1,2011,1999,26,0
jack_del_rio,2025,unknown_caller_hc_games,139,4.941642422609304,0.8128654970760234,0,9,2011,1999,26,0
jason_garrett,2025,unknown_caller_hc_games,56,4.04305126783455,0.6363636363636364,0,4,2013,1999,26,0
jeff_fisher,2025,unknown_caller_hc_games,224,5.41610040220442,0.875,0,14,2013,1999,26,0
jim_bates,2025,unknown_caller_hc_games,7,2.0794415416798357,0.1794871794871795,0,1,2004,1999,26,0
jim_caldwell,2025,unknown_caller_hc_games,48,3.8918202981106265,0.6,0,3,2011,1999,26,0
jim_fassel,2025,unknown_caller_hc_games,80,4.394449154672439,0.7142857142857143,0,5,2003,1999,26,0
jim_harbaugh,2025,unknown_caller_hc_games,64,4.174387269895637,0.6666666666666666,0,4,2014,1999,26,0
jim_haslett,2025,unknown_caller_hc_games,108,4.6913478822291435,0.7714285714285715,0,7,2008,1999,26,0
jim_mora,2025,unknown_caller_hc_games,112,4.727387818712341,0.7777777777777778,0,7,2009,1999,26,0
jim_schwartz,2025,unknown_caller_hc_games,80,4.394449154672439,0.7142857142857143,0,5,2013,1999,26,0
jim_tomsula,2025,unknown_caller_hc_games,1,0.6931471805599453,0.030303030303030304,0,1,2010,1999,26,0
jim_zorn,2025,unknown_caller_hc_games,32,3.4965075614664802,0.5,0,2,2009,1999,26,0
jimmy_johnson,2025,unknown_caller_hc_games,16,2.833213344056216,0.3333333333333333,0,1,1999,1999,26,0
joe_gibbs,2025,unknown_caller_hc_games,64,4.174387269895637,0.6666666666666666,0,4,2007,1999,26,0
joe_philbin,2025,unknown_caller_hc_games,32,3.4965075614664802,0.5,0,2,2013,1999,26,0
joe_vitt,2025,unknown_caller_hc_games,21,3.091042453358316,0.39622641509433965,0,2,2012,1999,26,0
john_fox,2025,unknown_caller_hc_games,208,5.342334251964811,0.8666666666666667,0,13,2016,1999,26,0
john_harbaugh,2025,unknown_caller_hc_games,112,4.727387818712341,0.7777777777777778,0,7,2019,1999,26,0
jon_gruden,2025,unknown_caller_hc_games,160,5.081404364984463,0.8333333333333334,0,10,2008,1999,26,0
josh_mcdaniels,2025,unknown_caller_hc_games,28,3.367295829986474,0.4666666666666667,0,2,2010,1999,26,0
ken_whisenhunt,2025,unknown_caller_hc_games,96,4.574710978503383,0.75,0,6,2012,1999,26,0
kliff_kingsbury,2025,unknown_caller_hc_games,16,2.833213344056216,0.3333333333333333,0,1,2019,1999,26,0
lane_kiffin,2025,unknown_caller_hc_games,20,3.044522437723423,0.38461538461538464,0,2,2008,1999,26,0
leslie_frazier,2025,unknown_caller_hc_games,54,4.007333185232471,0.627906976744186,0,4,2013,1999,26,0
lovie_smith,2025,unknown_caller_hc_games,144,4.976733742420574,0.8181818181818182,0,9,2012,1999,26,0
marc_trestman,2025,unknown_caller_hc_games,32,3.4965075614664802,0.5,0,2,2014,1999,26,0
marty_mornhinweg,2025,unknown_caller_hc_games,32,3.4965075614664802,0.5,0,2,2002,1999,26,0
marty_schottenheimer,2025,unknown_caller_hc_games,96,4.574710978503383,0.75,0,6,2006,1999,26,0
marvin_lewis,2025,unknown_caller_hc_games,208,5.342334251964811,0.8666666666666667,0,13,2016,1999,26,0
matt_patricia,2025,unknown_caller_hc_games,16,2.833213344056216,0.3333333333333333,0,1,2019,1999,26,0
mel_tucker,2025,unknown_caller_hc_games,5,1.791759469228055,0.13513513513513514,0,1,2011,1999,26,0
mike_ditka,2025,unknown_caller_hc_games,16,2.833213344056216,0.3333333333333333,0,1,1999,1999,26,0
mike_holmgren,2025,unknown_caller_hc_games,160,5.081404364984463,0.8333333333333334,0,10,2008,1999,26,0
mike_martz,2025,unknown_caller_hc_games,85,4.454347296253507,0.7264957264957265,0,6,2005,1999,26,0
mike_mccarthy,2025,unknown_caller_hc_games,128,4.859812404361672,0.8,0,8,2013,1999,26,0
mike_mccoy,2025,unknown_caller_hc_games,32,3.4965075614664802,0.5,0,2,2016,1999,26,0
mike_mularkey,2025,unknown_caller_hc_games,48,3.8918202981106265,0.6,0,3,2012,1999,26,0
mike_munchak,2025,unknown_caller_hc_games,48,3.8918202981106265,0.6,0,3,2013,1999,26,0
mike_nolan,2025,unknown_caller_hc_games,55,4.02535169073515,0.632183908045977,0,4,2008,1999,26,0
mike_pettine,2025,unknown_caller_hc_games,16,2.833213344056216,0.3333333333333333,0,1,2015,1999,26,0
mike_riley,2025,unknown_caller_hc_games,48,3.8918202981106265,0.6,0,3,2001,1999,26,0
mike_shanahan,2025,unknown_caller_hc_games,224,5.41610040220442,0.875,0,14,2013,1999,26,0
mike_sherman,2025,unknown_caller_hc_games,96,4.574710978503383,0.75,0,6,2005,1999,26,0
mike_singletary,2025,unknown_caller_hc_games,40,3.713572066704308,0.5555555555555556,0,3,2010,1999,26,0
mike_smith,2025,unknown_caller_hc_games,96,4.574710978503383,0.75,0,6,2013,1999,26,0
mike_tice,2025,unknown_caller_hc_games,65,4.189654742026425,0.6701030927835051,0,5,2005,1999,26,0
mike_tomlin,2025,unknown_caller_hc_games,112,4.727387818712341,0.7777777777777778,0,7,2013,1999,26,0
nick_saban,2025,unknown_caller_hc_games,32,3.4965075614664802,0.5,0,2,2006,1999,26,0
nick_sirianni,2025,unknown_caller_hc_games,17,2.8903717578961645,0.3469387755102041,0,1,2022,1999,26,0
norv_turner,2025,unknown_caller_hc_games,147,4.997212273764115,0.8212290502793296,0,10,2012,1999,26,0
pat_shurmur,2025,unknown_caller_hc_games,48,3.8918202981106265,0.6,0,3,2019,1999,26,0
perry_fewell,2025,unknown_caller_hc_games,7,2.0794415416798357,0.1794871794871795,0,1,2009,1999,26,0
pete_carroll,2025,unknown_caller_hc_games,80,4.394449154672439,0.7142857142857143,0,5,2013,1999,26,0
raheem_morris,2025,unknown_caller_hc_games,48,3.8918202981106265,0.6,0,3,2011,1999,26,0
ray_rhodes,2025,unknown_caller_hc_games,16,2.833213344056216,0.3333333333333333,0,1,1999,1999,26,0
rex_ryan,2025,unknown_caller_hc_games,80,4.394449154672439,0.7142857142857143,0,5,2013,1999,26,0
rob_chudzinski,2025,unknown_caller_hc_games,16,2.833213344056216,0.3333333333333333,0,1,2013,1999,26,0
rod_marinelli,2025,unknown_caller_hc_games,48,3.8918202981106265,0.6,0,3,2008,1999,26,0
romeo_crennel,2025,unknown_caller_hc_games,83,4.430816798843313,0.7217391304347827,0,6,2012,1999,26,0
ron_rivera,2025,unknown_caller_hc_games,48,3.8918202981106265,0.6,0,3,2013,1999,26,0
scott_linehan,2025,unknown_caller_hc_games,36,3.6109179126442243,0.5294117647058824,0,3,2008,1999,26,0
sean_mcdermott,2025,unknown_caller_hc_games,16,2.833213344056216,0.3333333333333333,0,1,2019,1999,26,0
sean_payton,2025,unknown_caller_hc_games,144,4.976733742420574,0.8181818181818182,0,9,2019,1999,26,0
steve_mariucci,2025,unknown_caller_hc_games,107,4.68213122712422,0.7697841726618705,0,7,2005,1999,26,0
steve_spagnuolo,2025,unknown_caller_hc_games,48,3.8918202981106265,0.6,0,3,2011,1999,26,0
steve_spurrier,2025,unknown_caller_hc_games,32,3.4965075614664802,0.5,0,2,2003,1999,26,0
terry_robiskie,2025,unknown_caller_hc_games,18,2.9444389791664403,0.36,0,2,2004,1999,26,0
todd_bowles,2025,unknown_caller_hc_games,3,1.3862943611198906,0.08571428571428572,0,1,2011,1999,26,0
todd_haley,2025,unknown_caller_hc_games,45,3.828641396489095,0.5844155844155844,0,3,2011,1999,26,0
tom_cable,2025,unknown_caller_hc_games,44,3.8066624897703196,0.5789473684210527,0,3,2010,1999,26,0
tom_coughlin,2025,unknown_caller_hc_games,224,5.41610040220442,0.875,0,14,2013,1999,26,0
tony_dungy,2025,unknown_caller_hc_games,160,5.081404364984463,0.8333333333333334,0,10,2008,1999,26,0
tony_sparano,2025,unknown_caller_hc_games,73,4.30406509320417,0.6952380952380952,0,5,2014,1999,26,0
vince_tobin,2025,unknown_caller_hc_games,25,3.258096538021482,0.43859649122807015,0,2,2000,1999,26,0
wade_phillips,2025,unknown_caller_hc_games,94,4.553876891600541,0.746031746031746,0,8,2013,1999,26,0
adam_gase,2026,caller,112,4.727387818712341,0.7777777777777778,0,7,2020,2014,12,0
alex_van_pelt,2026,caller,17,2.8903717578961645,0.3469387755102041,0,1,2024,2014,12,0
andy_reid,2026,caller,192,5.262690188904886,0.8571428571428571,0,12,2025,2014,12,1
anthony_lynn,2026,caller,14,2.70805020110221,0.30434782608695654,0,1,2016,2014,12,0
arthur_smith,2026,caller,117,4.770684624465665,0.785234899328859,0,7,2025,2014,12,0
ben_johnson,2026,caller,68,4.23410650459726,0.68,0,4,2025,2014,12,0
ben_mcadoo,2026,caller,70,4.2626798770413155,0.6862745098039216,0,5,2022,2014,12,0
bill_lazor,2026,caller,63,4.1588830833596715,0.6631578947368421,0,5,2020,2014,12,0
bill_musgrave,2026,caller,48,3.8918202981106265,0.6,0,3,2018,2014,12,0
bill_obrien,2026,caller,94,4.553876891600541,0.746031746031746,0,6,2023,2014,12,0
bobby_slowik,2026,caller,34,3.5553480614894135,0.5151515151515151,0,2,2024,2014,12,0
brian_callahan,2026,caller,34,3.5553480614894135,0.5151515151515151,0,2,2025,2014,12,0
brian_daboll,2026,caller,66,4.204692619390966,0.673469387755102,0,4,2024,2014,12,0
brian_johnson,2026,caller,17,2.8903717578961645,0.3469387755102041,0,1,2023,2014,12,0
brian_schottenheimer,2026,caller,81,4.406719247264253,0.7168141592920354,0,5,2025,2014,12,0
bruce_arians,2026,caller,48,3.8918202981106265,0.6,0,3,2017,2014,12,1
byron_leftwich,2026,caller,66,4.204692619390966,0.673469387755102,0,4,2022,2014,12,0
chad_oshea,2026,caller,16,2.833213344056216,0.3333333333333333,0,1,2019,2014,12,0
chan_gailey,2026,caller,48,3.8918202981106265,0.6,0,3,2020,2014,12,1
chip_kelly,2026,caller,65,4.189654742026425,0.6701030927835051,0,4,2025,2014,12,1
darrell_bevell,2026,caller,97,4.584967478670572,0.751937984496124,0,6,2021,2014,12,0
dave_canales,2026,caller,51,3.9512437185814275,0.6144578313253012,0,3,2025,2014,12,0
dirk_koetter,2026,caller,96,4.574710978503383,0.75,0,6,2020,2014,12,0
doug_pederson,2026,caller,114,4.74493212836325,0.7808219178082192,0,7,2023,2014,12,0
dowell_loggains,2026,caller,16,2.833213344056216,0.3333333333333333,0,1,2017,2014,12,0
drew_petzing,2026,caller,51,3.9512437185814275,0.6144578313253012,0,3,2025,2014,12,0
eric_bieniemy,2026,caller,17,2.8903717578961645,0.3469387755102041,0,1,2023,2014,12,0
frank_cignetti,2026,caller,12,2.5649493574615367,0.2727272727272727,0,1,2015,2014,12,0
frank_reich,2026,caller,131,4.882801922586371,0.803680981595092,0,8,2023,2014,12,0
freddie_kitchens,2026,caller,24,3.2188758248682006,0.42857142857142855,0,2,2019,2014,12,0
gary_kubiak,2026,caller,48,3.8918202981106265,0.6,0,3,2020,2014,12,1
geep_chryst,2026,caller,16,2.833213344056216,0.3333333333333333,0,1,2015,2014,12,0
george_godsey,2026,caller,19,2.995732273553991,0.37254901960784315,0,2,2016,2014,12,0
greg_olson,2026,caller,23,3.1780538303479458,0.41818181818181815,0,2,2016,2014,12,0
greg_roman,2026,caller,102,4.634728988229636,0.7611940298507462,0,7,2025,2014,12,0
hue_jackson,2026,caller,48,3.8918202981106265,0.6,0,3,2017,2014,12,1
jason_garrett,2026,caller,33,3.5263605246161616,0.5076923076923077,0,2,2021,2014,12,1
jason_michael,2026,caller,9,2.302585092994046,0.21951219512195122,0,1,2015,2014,12,0
jay_gruden,2026,caller,69,4.248495242049359,0.6831683168316832,0,5,2020,2014,12,0
jeremy_bates,2026,caller,16,2.833213344056216,0.3333333333333333,0,1,2018,2014,12,0
jim_bob_cooter,2026,caller,57,4.060443010546419,0.6404494382022472,0,4,2018,2014,12,0
joe_brady,2026,caller,67,4.219507705176107,0.6767676767676768,0,4,2025,2014,12,0
joe_lombardi,2026,caller,57,4.060443010546419,0.6404494382022472,0,4,2022,2014,12,0
john_defilippo,2026,caller,32,3.4965075614664802,0.5,0,2,2019,2014,12,0
john_morton,2026,caller,33,3.5263605246161616,0.5076923076923077,0,2,2025,2014,12,0
jon_gruden,2026,caller,65,4.189654742026425,0.6701030927835051,0,4,2021,2014,12,1
josh_grizzard,2026,caller,17,2.8903717578961645,0.3469387755102041,0,1,2025,2014,12,0
josh_mcdaniels,2026,caller,164,5.10594547390058,0.8367346938775511,0,10,2025,2014,12,1
kellen_moore,2026,caller,117,4.770684624465665,0.785234899328859,0,7,2025,2014,12,0
ken_dorsey,2026,caller,33,3.5263605246161616,0.5076923076923077,0,2,2023,2014,12,0
ken_whisenhunt,2026,caller,62,4.143134726391533,0.6595744680851063,0,5,2019,2014,12,1
ken_zampese,2026,caller,2,1.0986122886681098,0.058823529411764705,0,1,2017,2014,12,0
kevin_oconnell,2026,caller,79,4.382026634673881,0.7117117117117117,0,5,2025,2014,12,0
kevin_patullo,2026,caller,17,2.8903717578961645,0.3469387755102041,0,1,2025,2014,12,0
kevin_stefanski,2026,caller,117,4.770684624465665,0.785234899328859,0,7,2025,2014,12,0
kliff_kingsbury,2026,caller,84,4.442651256490317,0.7241379310344828,0,5,2025,2014,12,0
klint_kubiak,2026,caller,51,3.9512437185814275,0.6144578313253012,0,3,2025,2014,12,0
kyle_shanahan,2026,caller,197,5.288267030694535,0.8602620087336245,0,12,2025,2014,12,0
liam_coen,2026,caller,34,3.5553480614894135,0.5151515151515151,0,2,2025,2014,12,0
luke_getsy,2026,caller,51,3.9512437185814275,0.6144578313253012,0,3,2024,2014,12,0
marc_trestman,2026,caller,21,3.091042453358316,0.39622641509433965,0,2,2016,2014,12,1
marcus_arroyo,2026,caller,16,2.833213344056216,0.3333333333333333,0,1,2014,2014,12,0
marty_mornhinweg,2026,caller,59,4.0943445622221,0.6483516483516484,0,4,2018,2014,12,1
matt_canada,2026,caller,51,3.9512437185814275,0.6144578313253012,0,3,2023,2014,12,0
matt_lafleur,2026,caller,133,4.897839799950911,0.806060606060606,0,8,2025,2014,12,0
matt_nagy,2026,caller,64,4.174387269895637,0.6666666666666666,0,5,2021,2014,12,0
mike_kafka,2026,caller,51,3.9512437185814275,0.6144578313253012,0,3,2025,2014,12,0
mike_lafleur,2026,caller,34,3.5553480614894135,0.5151515151515151,0,2,2022,2014,12,0
mike_mccarthy,2026,caller,101,4.624972813284271,0.7593984962406015,0,7,2024,2014,12,1
mike_mccoy,2026,caller,32,3.4965075614664802,0.5,0,2,2018,2014,12,1
mike_mcdaniel,2026,caller,68,4.23410650459726,0.68,0,4,2025,2014,12,0
mike_shula,2026,caller,64,4.174387269895637,0.6666666666666666,0,4,2017,2014,12,0
mike_sullivan,2026,caller,11,2.4849066497880004,0.2558139534883721,0,1,2017,2014,12,0
nathaniel_hackett,2026,caller,108,4.6913478822291435,0.7714285714285715,0,7,2024,2014,12,0
nick_caley,2026,caller,17,2.8903717578961645,0.3469387755102041,0,1,2025,2014,12,0
nick_sirianni,2026,caller,17,2.8903717578961645,0.3469387755102041,0,1,2021,2014,12,0
norv_turner,2026,caller,71,4.276666119016055,0.6893203883495146,0,5,2019,2014,12,1
pat_shurmur,2026,caller,74,4.31748811353631,0.6981132075471698,0,5,2021,2014,12,1
pep_hamilton,2026,caller,41,3.7376696182833684,0.5616438356164384,0,3,2022,2014,12,0
pete_carmichael,2026,caller,34,3.5553480614894135,0.5151515151515151,0,2,2023,2014,12,0
press_taylor,2026,caller,17,2.8903717578961645,0.3469387755102041,0,1,2024,2014,12,0
randy_fichtner,2026,caller,48,3.8918202981106265,0.6,0,3,2020,2014,12,0
rich_scangarello,2026,caller,16,2.833213344056216,0.3333333333333333,0,1,2019,2014,12,0
rick_dennison,2026,caller,16,2.833213344056216,0.3333333333333333,0,1,2017,2014,12,0
rob_boras,2026,caller,20,3.044522437723423,0.38461538461538464,0,2,2016,2014,12,0
rob_chudzinski,2026,caller,40,3.713572066704308,0.5555555555555556,0,3,2017,2014,12,1
ryan_grubb,2026,caller,17,2.8903717578961645,0.3469387755102041,0,1,2024,2014,12,0
scott_linehan,2026,caller,80,4.394449154672439,0.7142857142857143,0,5,2018,2014,12,1
scott_turner,2026,caller,50,3.9318256327243257,0.6097560975609756,0,3,2022,2014,12,0
sean_mcvay,2026,caller,181,5.204006687076795,0.8497652582159625,0,11,2025,2014,12,0
sean_payton,2026,caller,148,5.003946305945459,0.8222222222222222,0,9,2025,2014,12,1
shane_steichen,2026,caller,76,4.343805421853684,0.7037037037037037,0,5,2025,2014,12,0
shane_waldron,2026,caller,68,4.23410650459726,0.68,0,4,2024,2014,12,0
steve_sarkisian,2026,caller,32,3.4965075614664802,0.5,0,2,2018,2014,12,0
tanner_engstrand,2026,caller,17,2.8903717578961645,0.3469387755102041,0,1,2025,2014,12,0
terry_robiskie,2026,caller,32,3.4965075614664802,0.5,0,2,2017,2014,12,1
tim_kelly,2026,caller,50,3.9318256327243257,0.6097560975609756,0,3,2023,2014,12,0
todd_downing,2026,caller,50,3.9318256327243257,0.6097560975609756,0,3,2022,2014,12,0
todd_haley,2026,caller,72,4.290459441148391,0.6923076923076923,0,5,2018,2014,12,1
todd_monken,2026,caller,51,3.9512437185814275,0.6144578313253012,0,3,2025,2014,12,0
tom_clements,2026,caller,13,2.6390573296152584,0.28888888888888886,0,1,2015,2014,12,0
zac_robinson,2026,caller,34,3.5553480614894135,0.5151515151515151,0,2,2025,2014,12,0
zac_taylor,2026,caller,121,4.804021044733257,0.7908496732026143,0,8,2025,2014,12,0
aaron_glenn,2026,hc_resume,17,2.8903717578961645,0.3469387755102041,0,1,2025,1999,27,0
aaron_kromer,2026,hc_resume,6,1.9459101490553132,0.15789473684210525,0,1,2012,1999,27,0
adam_gase,2026,hc_resume,80,4.394449154672439,0.7142857142857143,0,5,2020,1999,27,0
al_groh,2026,hc_resume,16,2.833213344056216,0.3333333333333333,0,1,2000,1999,27,0
andy_reid,2026,hc_resume,437,6.082218910376446,0.9317697228144989,0,27,2025,1999,27,0
anthony_lynn,2026,hc_resume,65,4.189654742026425,0.6701030927835051,0,5,2020,1999,27,0
antonio_pierce,2026,hc_resume,26,3.295836866004329,0.4482758620689655,0,2,2024,1999,27,0
art_shell,2026,hc_resume,16,2.833213344056216,0.3333333333333333,0,1,2006,1999,27,0
arthur_smith,2026,hc_resume,51,3.9512437185814275,0.6144578313253012,0,3,2023,1999,27,0
ben_johnson,2026,hc_resume,17,2.8903717578961645,0.3469387755102041,0,1,2025,1999,27,0
ben_mcadoo,2026,hc_resume,28,3.367295829986474,0.4666666666666667,0,2,2017,1999,27,0
bill_belichick,2026,hc_resume,387,5.961005339623274,0.9236276849642004,0,24,2023,1999,27,0
bill_callahan,2026,hc_resume,43,3.784189633918261,0.5733333333333334,0,3,2019,1999,27,0
bill_cowher,2026,hc_resume,128,4.859812404361672,0.8,0,8,2006,1999,27,0
bill_obrien,2026,hc_resume,100,4.61512051684126,0.7575757575757576,0,7,2020,1999,27,0
bill_parcells,2026,hc_resume,80,4.394449154672439,0.7142857142857143,0,5,2006,1999,27,0
bobby_petrino,2026,hc_resume,12,2.5649493574615367,0.2727272727272727,0,1,2007,1999,27,0
bobby_ross,2026,hc_resume,23,3.1780538303479458,0.41818181818181815,0,2,2000,1999,27,0
brad_childress,2026,hc_resume,74,4.31748811353631,0.6981132075471698,0,5,2010,1999,27,0
brandon_staley,2026,hc_resume,48,3.8918202981106265,0.6,0,3,2023,1999,27,0
brian_billick,2026,hc_resume,144,4.976733742420574,0.8181818181818182,0,9,2007,1999,27,0
brian_callahan,2026,hc_resume,34,3.5553480614894135,0.5151515151515151,0,2,2025,1999,27,0
brian_daboll,2026,hc_resume,68,4.23410650459726,0.68,0,4,2025,1999,27,0
brian_flores,2026,hc_resume,49,3.912023005428146,0.6049382716049383,0,3,2021,1999,27,0
brian_schottenheimer,2026,hc_resume,17,2.8903717578961645,0.3469387755102041,0,1,2025,1999,27,0
bruce_arians,2026,hc_resume,129,4.867534450455582,0.8012422360248447,0,8,2021,1999,27,0
bruce_coslet,2026,hc_resume,19,2.995732273553991,0.37254901960784315,0,2,2000,1999,27,0
butch_davis,2026,hc_resume,59,4.0943445622221,0.6483516483516484,0,4,2004,1999,27,0
cam_cameron,2026,hc_resume,16,2.833213344056216,0.3333333333333333,0,1,2007,1999,27,0
chan_gailey,2026,hc_resume,64,4.174387269895637,0.6666666666666666,0,4,2012,1999,27,0
chip_kelly,2026,hc_resume,63,4.1588830833596715,0.6631578947368421,0,4,2016,1999,27,0
chris_palmer,2026,hc_resume,32,3.4965075614664802,0.5,0,2,2000,1999,27,0
chris_tabor,2026,hc_resume,6,1.9459101490553132,0.15789473684210525,0,1,2023,1999,27,0
chuck_pagano,2026,hc_resume,96,4.574710978503383,0.75,0,6,2017,1999,27,0
dan_campbell,2026,hc_resume,85,4.454347296253507,0.7264957264957265,0,5,2025,1999,27,0
dan_quinn,2026,hc_resume,119,4.787491742782046,0.7880794701986755,0,8,2025,1999,27,0
dan_reeves,2026,hc_resume,77,4.356708826689592,0.7064220183486238,0,5,2003,1999,27,0
darrell_bevell,2026,hc_resume,9,2.302585092994046,0.21951219512195122,0,2,2021,1999,27,0
dave_campo,2026,hc_resume,48,3.8918202981106265,0.6,0,3,2002,1999,27,0
dave_canales,2026,hc_resume,34,3.5553480614894135,0.5151515151515151,0,2,2025,1999,27,0
dave_mcginnis,2026,hc_resume,55,4.02535169073515,0.632183908045977,0,4,2003,1999,27,0
dave_wannstedt,2026,hc_resume,73,4.30406509320417,0.6952380952380952,0,5,2004,1999,27,0
david_culley,2026,hc_resume,17,2.8903717578961645,0.3469387755102041,0,1,2021,1999,27,0
demeco_ryans,2026,hc_resume,51,3.9512437185814275,0.6144578313253012,0,3,2025,1999,27,0
dennis_allen,2026,hc_resume,87,4.477336814478207,0.7310924369747899,0,6,2024,1999,27,0
dennis_erickson,2026,hc_resume,32,3.4965075614664802,0.5,0,2,2004,1999,27,0
dennis_green,2026,hc_resume,95,4.564348191467836,0.7480314960629921,0,6,2006,1999,27,0
dick_jauron,2026,hc_resume,142,4.962844630259907,0.8160919540229885,0,10,2009,1999,27,0
dick_lebeau,2026,hc_resume,45,3.828641396489095,0.5844155844155844,0,3,2002,1999,27,0
dick_vermeil,2026,hc_resume,96,4.574710978503383,0.75,0,6,2005,1999,27,0
dirk_koetter,2026,hc_resume,48,3.8918202981106265,0.6,0,3,2018,1999,27,0
dom_capers,2026,hc_resume,64,4.174387269895637,0.6666666666666666,0,4,2005,1999,27,0
doug_marrone,2026,hc_resume,98,4.59511985013459,0.7538461538461538,0,7,2020,1999,27,0
doug_pederson,2026,hc_resume,131,4.882801922586371,0.803680981595092,0,8,2024,1999,27,0
emmitt_thomas,2026,hc_resume,4,1.6094379124341003,0.1111111111111111,0,1,2007,1999,27,0
eric_mangini,2026,hc_resume,80,4.394449154672439,0.7142857142857143,0,5,2010,1999,27,0
eric_studesville,2026,hc_resume,4,1.6094379124341003,0.1111111111111111,0,1,2010,1999,27,0
frank_reich,2026,hc_resume,85,4.454347296253507,0.7264957264957265,0,6,2023,1999,27,0
freddie_kitchens,2026,hc_resume,16,2.833213344056216,0.3333333333333333,0,1,2019,1999,27,0
gary_kubiak,2026,hc_resume,157,5.062595033026967,0.8306878306878307,0,10,2016,1999,27,0
gary_moeller,2026,hc_resume,9,2.302585092994046,0.21951219512195122,0,1,2000,1999,27,0
george_seifert,2026,hc_resume,48,3.8918202981106265,0.6,0,3,2001,1999,27,0
giff_smith,2026,hc_resume,3,1.3862943611198906,0.08571428571428572,0,1,2023,1999,27,0
greg_schiano,2026,hc_resume,32,3.4965075614664802,0.5,0,2,2013,1999,27,0
gregg_williams,2026,hc_resume,56,4.04305126783455,0.6363636363636364,0,4,2018,1999,27,0
gunther_cunningham,2026,hc_resume,32,3.4965075614664802,0.5,0,2,2000,1999,27,0
gus_bradley,2026,hc_resume,62,4.143134726391533,0.6595744680851063,0,4,2016,1999,27,0
herm_edwards,2026,hc_resume,128,4.859812404361672,0.8,0,8,2008,1999,27,0
hue_jackson,2026,hc_resume,56,4.04305126783455,0.6363636363636364,0,4,2018,1999,27,0
jack_del_rio,2026,hc_resume,187,5.236441962829949,0.8538812785388128,0,12,2017,1999,27,0
jason_garrett,2026,hc_resume,152,5.030437921392435,0.8260869565217391,0,10,2019,1999,27,0
jay_gruden,2026,hc_resume,85,4.454347296253507,0.7264957264957265,0,6,2019,1999,27,0
jay_rosburg,2026,hc_resume,2,1.0986122886681098,0.058823529411764705,0,1,2022,1999,27,0
jeff_fisher,2026,hc_resume,272,5.60947179518496,0.8947368421052632,0,17,2016,1999,27,0
jeff_saturday,2026,hc_resume,8,2.1972245773362196,0.2,0,1,2022,1999,27,0
jerod_mayo,2026,hc_resume,17,2.8903717578961645,0.3469387755102041,0,1,2024,1999,27,0
jim_bates,2026,hc_resume,7,2.0794415416798357,0.1794871794871795,0,1,2004,1999,27,0
jim_caldwell,2026,hc_resume,112,4.727387818712341,0.7777777777777778,0,7,2017,1999,27,0
jim_fassel,2026,hc_resume,80,4.394449154672439,0.7142857142857143,0,5,2003,1999,27,0
jim_harbaugh,2026,hc_resume,98,4.59511985013459,0.7538461538461538,0,6,2025,1999,27,0
jim_haslett,2026,hc_resume,108,4.6913478822291435,0.7714285714285715,0,7,2008,1999,27,0
jim_mora,2026,hc_resume,112,4.727387818712341,0.7777777777777778,0,7,2009,1999,27,0
jim_schwartz,2026,hc_resume,80,4.394449154672439,0.7142857142857143,0,5,2013,1999,27,0
jim_tomsula,2026,hc_resume,17,2.8903717578961645,0.3469387755102041,0,2,2015,1999,27,0
jim_zorn,2026,hc_resume,32,3.4965075614664802,0.5,0,2,2009,1999,27,0
jimmy_johnson,2026,hc_resume,16,2.833213344056216,0.3333333333333333,0,1,1999,1999,27,0
joe_gibbs,2026,hc_resume,64,4.174387269895637,0.6666666666666666,0,4,2007,1999,27,0
joe_judge,2026,hc_resume,33,3.5263605246161616,0.5076923076923077,0,2,2021,1999,27,0
joe_philbin,2026,hc_resume,68,4.23410650459726,0.68,0,5,2018,1999,27,0
joe_vitt,2026,hc_resume,21,3.091042453358316,0.39622641509433965,0,2,2012,1999,27,0
john_fox,2026,hc_resume,256,5.54907608489522,0.8888888888888888,0,16,2017,1999,27,0
john_harbaugh,2026,hc_resume,293,5.683579767338681,0.9015384615384615,0,18,2025,1999,27,0
jon_gruden,2026,hc_resume,213,5.365976015021851,0.8693877551020408,0,14,2021,1999,27,0
jonathan_gannon,2026,hc_resume,51,3.9512437185814275,0.6144578313253012,0,3,2025,1999,27,0
josh_mcdaniels,2026,hc_resume,53,3.9889840465642745,0.6235294117647059,0,4,2023,1999,27,0
kellen_moore,2026,hc_resume,17,2.8903717578961645,0.3469387755102041,0,1,2025,1999,27,0
ken_whisenhunt,2026,hc_resume,128,4.859812404361672,0.8,0,8,2015,1999,27,0
kevin_oconnell,2026,hc_resume,68,4.23410650459726,0.68,0,4,2025,1999,27,0
kevin_stefanski,2026,hc_resume,101,4.624972813284271,0.7593984962406015,0,6,2025,1999,27,0
kliff_kingsbury,2026,hc_resume,66,4.204692619390966,0.673469387755102,0,4,2022,1999,27,0
kyle_shanahan,2026,hc_resume,149,5.0106352940962555,0.8232044198895028,0,9,2025,1999,27,0
lane_kiffin,2026,hc_resume,20,3.044522437723423,0.38461538461538464,0,2,2008,1999,27,0
leslie_frazier,2026,hc_resume,54,4.007333185232471,0.627906976744186,0,4,2013,1999,27,0
liam_coen,2026,hc_resume,17,2.8903717578961645,0.3469387755102041,0,1,2025,1999,27,0
lovie_smith,2026,hc_resume,193,5.267858159063328,0.8577777777777778,0,12,2022,1999,27,0
marc_trestman,2026,hc_resume,32,3.4965075614664802,0.5,0,2,2014,1999,27,0
marty_mornhinweg,2026,hc_resume,32,3.4965075614664802,0.5,0,2,2002,1999,27,0
marty_schottenheimer,2026,hc_resume,96,4.574710978503383,0.75,0,6,2006,1999,27,0
marvin_lewis,2026,hc_resume,256,5.54907608489522,0.8888888888888888,0,16,2018,1999,27,0
matt_eberflus,2026,hc_resume,51,3.9512437185814275,0.6144578313253012,0,3,2024,1999,27,0
matt_lafleur,2026,hc_resume,117,4.770684624465665,0.785234899328859,0,7,2025,1999,27,0
matt_nagy,2026,hc_resume,65,4.189654742026425,0.6701030927835051,0,4,2021,1999,27,0
matt_patricia,2026,hc_resume,43,3.784189633918261,0.5733333333333334,0,3,2020,1999,27,0
matt_rhule,2026,hc_resume,38,3.6635616461296463,0.5428571428571428,0,3,2022,1999,27,0
mel_tucker,2026,hc_resume,5,1.791759469228055,0.13513513513513514,0,1,2011,1999,27,0
mike_ditka,2026,hc_resume,16,2.833213344056216,0.3333333333333333,0,1,1999,1999,27,0
mike_holmgren,2026,hc_resume,160,5.081404364984463,0.8333333333333334,0,10,2008,1999,27,0
mike_macdonald,2026,hc_resume,34,3.5553480614894135,0.5151515151515151,0,2,2025,1999,27,0
mike_martz,2026,hc_resume,85,4.454347296253507,0.7264957264957265,0,6,2005,1999,27,0
mike_mccarthy,2026,hc_resume,288,5.666426688112432,0.9,0,18,2024,1999,27,0
mike_mccoy,2026,hc_resume,64,4.174387269895637,0.6666666666666666,0,4,2016,1999,27,0
mike_mcdaniel,2026,hc_resume,68,4.23410650459726,0.68,0,4,2025,1999,27,0
mike_mularkey,2026,hc_resume,80,4.394449154672439,0.7142857142857143,0,5,2017,1999,27,0
mike_munchak,2026,hc_resume,48,3.8918202981106265,0.6,0,3,2013,1999,27,0
mike_nolan,2026,hc_resume,55,4.02535169073515,0.632183908045977,0,4,2008,1999,27,0
mike_pettine,2026,hc_resume,32,3.4965075614664802,0.5,0,2,2015,1999,27,0
mike_riley,2026,hc_resume,48,3.8918202981106265,0.6,0,3,2001,1999,27,0
mike_shanahan,2026,hc_resume,224,5.41610040220442,0.875,0,14,2013,1999,27,0
mike_sherman,2026,hc_resume,96,4.574710978503383,0.75,0,6,2005,1999,27,0
mike_singletary,2026,hc_resume,40,3.713572066704308,0.5555555555555556,0,3,2010,1999,27,0
mike_smith,2026,hc_resume,112,4.727387818712341,0.7777777777777778,0,7,2014,1999,27,0
mike_tice,2026,hc_resume,65,4.189654742026425,0.6701030927835051,0,5,2005,1999,27,0
mike_tomlin,2026,hc_resume,309,5.736572297479192,0.906158357771261,0,19,2025,1999,27,0
mike_vrabel,2026,hc_resume,116,4.762173934797756,0.7837837837837838,0,7,2025,1999,27,0
mike_zimmer,2026,hc_resume,129,4.867534450455582,0.8012422360248447,0,8,2021,1999,27,0
nathaniel_hackett,2026,hc_resume,15,2.772588722239781,0.3191489361702128,0,1,2022,1999,27,0
nick_saban,2026,hc_resume,32,3.4965075614664802,0.5,0,2,2006,1999,27,0
nick_sirianni,2026,hc_resume,85,4.454347296253507,0.7264957264957265,0,5,2025,1999,27,0
norv_turner,2026,hc_resume,147,4.997212273764115,0.8212290502793296,0,10,2012,1999,27,0
pat_shurmur,2026,hc_resume,65,4.189654742026425,0.6701030927835051,0,5,2019,1999,27,0
perry_fewell,2026,hc_resume,7,2.0794415416798357,0.1794871794871795,0,1,2009,1999,27,0
pete_carroll,2026,hc_resume,260,5.564520407322694,0.8904109589041096,0,16,2025,1999,27,0
raheem_morris,2026,hc_resume,93,4.543294782270004,0.744,0,6,2025,1999,27,0
ray_rhodes,2026,hc_resume,16,2.833213344056216,0.3333333333333333,0,1,1999,1999,27,0
rex_ryan,2026,hc_resume,127,4.852030263919617,0.7987421383647799,0,8,2016,1999,27,0
rich_bisaccia,2026,hc_resume,12,2.5649493574615367,0.2727272727272727,0,1,2021,1999,27,0
rob_chudzinski,2026,hc_resume,16,2.833213344056216,0.3333333333333333,0,1,2013,1999,27,0
robert_saleh,2026,hc_resume,68,4.23410650459726,0.68,0,4,2024,1999,27,0
rod_marinelli,2026,hc_resume,48,3.8918202981106265,0.6,0,3,2008,1999,27,0
romeo_crennel,2026,hc_resume,95,4.564348191467836,0.7480314960629921,0,7,2020,1999,27,0
ron_rivera,2026,hc_resume,211,5.356586274672012,0.8683127572016461,0,13,2023,1999,27,0
scott_linehan,2026,hc_resume,36,3.6109179126442243,0.5294117647058824,0,3,2008,1999,27,0
sean_mcdermott,2026,hc_resume,148,5.003946305945459,0.8222222222222222,0,9,2025,1999,27,0
sean_mcvay,2026,hc_resume,149,5.0106352940962555,0.8232044198895028,0,9,2025,1999,27,0
sean_payton,2026,hc_resume,292,5.680172609017068,0.9012345679012346,0,18,2025,1999,27,0
shane_steichen,2026,hc_resume,51,3.9512437185814275,0.6144578313253012,0,3,2025,1999,27,0
steve_mariucci,2026,hc_resume,107,4.68213122712422,0.7697841726618705,0,7,2005,1999,27,0
steve_spagnuolo,2026,hc_resume,52,3.970291913552122,0.6190476190476191,0,4,2017,1999,27,0
steve_spurrier,2026,hc_resume,32,3.4965075614664802,0.5,0,2,2003,1999,27,0
steve_wilks,2026,hc_resume,28,3.367295829986474,0.4666666666666667,0,2,2022,1999,27,0
terry_robiskie,2026,hc_resume,18,2.9444389791664403,0.36,0,2,2004,1999,27,0
todd_bowles,2026,hc_resume,135,4.912654885736052,0.8083832335329342,0,9,2025,1999,27,0
todd_haley,2026,hc_resume,45,3.828641396489095,0.5844155844155844,0,3,2011,1999,27,0
tom_cable,2026,hc_resume,44,3.8066624897703196,0.5789473684210527,0,3,2010,1999,27,0
tom_coughlin,2026,hc_resume,256,5.54907608489522,0.8888888888888888,0,16,2015,1999,27,0
tony_dungy,2026,hc_resume,160,5.081404364984463,0.8333333333333334,0,10,2008,1999,27,0
tony_sparano,2026,hc_resume,73,4.30406509320417,0.6952380952380952,0,5,2014,1999,27,0
urban_meyer,2026,hc_resume,13,2.6390573296152584,0.28888888888888886,0,1,2021,1999,27,0
vance_joseph,2026,hc_resume,32,3.4965075614664802,0.5,0,2,2018,1999,27,0
vic_fangio,2026,hc_resume,49,3.912023005428146,0.6049382716049383,0,3,2021,1999,27,0
vince_tobin,2026,hc_resume,25,3.258096538021482,0.43859649122807015,0,2,2000,1999,27,0
wade_phillips,2026,hc_resume,94,4.553876891600541,0.746031746031746,0,8,2013,1999,27,0
zac_taylor,2026,hc_resume,116,4.762173934797756,0.7837837837837838,0,7,2025,1999,27,0
aaron_glenn,2026,noncalling_hc_context,17,2.8903717578961645,0.3469387755102041,0,1,2025,2014,12,0
andy_reid,2026,noncalling_hc_context,5,1.791759469228055,0.13513513513513514,0,1,2017,2014,12,1
anthony_lynn,2026,noncalling_hc_context,64,4.174387269895637,0.6666666666666666,0,4,2020,2014,12,0
antonio_pierce,2026,noncalling_hc_context,26,3.295836866004329,0.4482758620689655,0,2,2024,2014,12,0
ben_mcadoo,2026,noncalling_hc_context,7,2.0794415416798357,0.1794871794871795,0,1,2017,2014,12,0
bill_belichick,2026,noncalling_hc_context,130,4.875197323201151,0.8024691358024691,0,8,2023,2014,12,1
bill_callahan,2026,noncalling_hc_context,11,2.4849066497880004,0.2558139534883721,0,1,2019,2014,12,1
bill_obrien,2026,noncalling_hc_context,23,3.1780538303479458,0.41818181818181815,0,3,2020,2014,12,0
brandon_staley,2026,noncalling_hc_context,48,3.8918202981106265,0.6,0,3,2023,2014,12,0
brian_daboll,2026,noncalling_hc_context,51,3.9512437185814275,0.6144578313253012,0,3,2025,2014,12,0
brian_flores,2026,noncalling_hc_context,32,3.4965075614664802,0.5,0,2,2020,2014,12,0
bruce_arians,2026,noncalling_hc_context,49,3.912023005428146,0.6049382716049383,0,3,2021,2014,12,1
chris_tabor,2026,noncalling_hc_context,6,1.9459101490553132,0.15789473684210525,0,1,2023,2014,12,0
chuck_pagano,2026,noncalling_hc_context,64,4.174387269895637,0.6666666666666666,0,4,2017,2014,12,1
dan_campbell,2026,noncalling_hc_context,68,4.23410650459726,0.68,0,4,2025,2014,12,0
dan_quinn,2026,noncalling_hc_context,103,4.6443908991413725,0.762962962962963,0,7,2025,2014,12,0
david_culley,2026,noncalling_hc_context,17,2.8903717578961645,0.3469387755102041,0,1,2021,2014,12,0
demeco_ryans,2026,noncalling_hc_context,51,3.9512437185814275,0.6144578313253012,0,3,2025,2014,12,0
dennis_allen,2026,noncalling_hc_context,51,3.9512437185814275,0.6144578313253012,0,3,2024,2014,12,1
doug_marrone,2026,noncalling_hc_context,82,4.418840607796598,0.7192982456140351,0,6,2020,2014,12,1
doug_pederson,2026,noncalling_hc_context,17,2.8903717578961645,0.3469387755102041,0,1,2024,2014,12,0
giff_smith,2026,noncalling_hc_context,3,1.3862943611198906,0.08571428571428572,0,1,2023,2014,12,0
gregg_williams,2026,noncalling_hc_context,8,2.1972245773362196,0.2,0,1,2018,2014,12,1
gus_bradley,2026,noncalling_hc_context,30,3.4339872044851463,0.4838709677419355,0,2,2016,2014,12,1
hue_jackson,2026,noncalling_hc_context,8,2.1972245773362196,0.2,0,1,2018,2014,12,1
jack_del_rio,2026,noncalling_hc_context,48,3.8918202981106265,0.6,0,3,2017,2014,12,1
jason_garrett,2026,noncalling_hc_context,96,4.574710978503383,0.75,0,6,2019,2014,12,1
jay_gruden,2026,noncalling_hc_context,32,3.4965075614664802,0.5,0,2,2016,2014,12,0
jay_rosburg,2026,noncalling_hc_context,2,1.0986122886681098,0.058823529411764705,0,1,2022,2014,12,0
jeff_fisher,2026,noncalling_hc_context,48,3.8918202981106265,0.6,0,3,2016,2014,12,1
jeff_saturday,2026,noncalling_hc_context,8,2.1972245773362196,0.2,0,1,2022,2014,12,0
jerod_mayo,2026,noncalling_hc_context,17,2.8903717578961645,0.3469387755102041,0,1,2024,2014,12,0
jim_caldwell,2026,noncalling_hc_context,64,4.174387269895637,0.6666666666666666,0,4,2017,2014,12,1
jim_harbaugh,2026,noncalling_hc_context,34,3.5553480614894135,0.5151515151515151,0,2,2025,2014,12,1
jim_tomsula,2026,noncalling_hc_context,16,2.833213344056216,0.3333333333333333,0,1,2015,2014,12,1
joe_judge,2026,noncalling_hc_context,33,3.5263605246161616,0.5076923076923077,0,2,2021,2014,12,0
joe_philbin,2026,noncalling_hc_context,36,3.6109179126442243,0.5294117647058824,0,3,2018,2014,12,1
john_fox,2026,noncalling_hc_context,48,3.8918202981106265,0.6,0,3,2017,2014,12,1
john_harbaugh,2026,noncalling_hc_context,181,5.204006687076795,0.8497652582159625,0,11,2025,2014,12,1
jonathan_gannon,2026,noncalling_hc_context,51,3.9512437185814275,0.6144578313253012,0,3,2025,2014,12,0
ken_whisenhunt,2026,noncalling_hc_context,9,2.302585092994046,0.21951219512195122,0,1,2015,2014,12,1
lovie_smith,2026,noncalling_hc_context,49,3.912023005428146,0.6049382716049383,0,3,2022,2014,12,1
marvin_lewis,2026,noncalling_hc_context,48,3.8918202981106265,0.6,0,3,2018,2014,12,1
matt_eberflus,2026,noncalling_hc_context,51,3.9512437185814275,0.6144578313253012,0,3,2024,2014,12,0
matt_nagy,2026,noncalling_hc_context,6,1.9459101490553132,0.15789473684210525,0,1,2020,2014,12,0
matt_patricia,2026,noncalling_hc_context,27,3.332204510175204,0.4576271186440678,0,2,2020,2014,12,0
matt_rhule,2026,noncalling_hc_context,38,3.6635616461296463,0.5428571428571428,0,3,2022,2014,12,0
mike_macdonald,2026,noncalling_hc_context,34,3.5553480614894135,0.5151515151515151,0,2,2025,2014,12,0
mike_mccarthy,2026,noncalling_hc_context,63,4.1588830833596715,0.6631578947368421,0,4,2022,2014,12,1
mike_mccoy,2026,noncalling_hc_context,32,3.4965075614664802,0.5,0,2,2015,2014,12,1
mike_mularkey,2026,noncalling_hc_context,32,3.4965075614664802,0.5,0,2,2017,2014,12,1
mike_pettine,2026,noncalling_hc_context,16,2.833213344056216,0.3333333333333333,0,1,2014,2014,12,0
mike_smith,2026,noncalling_hc_context,16,2.833213344056216,0.3333333333333333,0,1,2014,2014,12,1
mike_tomlin,2026,noncalling_hc_context,197,5.288267030694535,0.8602620087336245,0,12,2025,2014,12,1
mike_vrabel,2026,noncalling_hc_context,116,4.762173934797756,0.7837837837837838,0,7,2025,2014,12,0
mike_zimmer,2026,noncalling_hc_context,129,4.867534450455582,0.8012422360248447,0,8,2021,2014,12,0
nick_sirianni,2026,noncalling_hc_context,51,3.9512437185814275,0.6144578313253012,0,3,2025,2014,12,0
pat_shurmur,2026,noncalling_hc_context,1,0.6931471805599453,0.030303030303030304,0,1,2015,2014,12,1
pete_carroll,2026,noncalling_hc_context,180,5.198497031265826,0.8490566037735849,0,11,2025,2014,12,1
raheem_morris,2026,noncalling_hc_context,45,3.828641396489095,0.5844155844155844,0,3,2025,2014,12,1
rex_ryan,2026,noncalling_hc_context,47,3.871201010907891,0.5949367088607594,0,3,2016,2014,12,1
rich_bisaccia,2026,noncalling_hc_context,12,2.5649493574615367,0.2727272727272727,0,1,2021,2014,12,0
robert_saleh,2026,noncalling_hc_context,68,4.23410650459726,0.68,0,4,2024,2014,12,0
romeo_crennel,2026,noncalling_hc_context,12,2.5649493574615367,0.2727272727272727,0,1,2020,2014,12,1
ron_rivera,2026,noncalling_hc_context,163,5.099866427824199,0.8358974358974359,0,10,2023,2014,12,1
sean_mcdermott,2026,noncalling_hc_context,132,4.890349128221754,0.8048780487804879,0,8,2025,2014,12,0
steve_spagnuolo,2026,noncalling_hc_context,4,1.6094379124341003,0.1111111111111111,0,1,2017,2014,12,1
steve_wilks,2026,noncalling_hc_context,28,3.367295829986474,0.4666666666666667,0,2,2022,2014,12,0
todd_bowles,2026,noncalling_hc_context,132,4.890349128221754,0.8048780487804879,0,8,2025,2014,12,1
tom_coughlin,2026,noncalling_hc_context,32,3.4965075614664802,0.5,0,2,2015,2014,12,1
urban_meyer,2026,noncalling_hc_context,13,2.6390573296152584,0.28888888888888886,0,1,2021,2014,12,0
vance_joseph,2026,noncalling_hc_context,32,3.4965075614664802,0.5,0,2,2018,2014,12,0
vic_fangio,2026,noncalling_hc_context,49,3.912023005428146,0.6049382716049383,0,3,2021,2014,12,0
aaron_kromer,2026,unknown_caller_hc_games,6,1.9459101490553132,0.15789473684210525,0,1,2012,1999,27,0
al_groh,2026,unknown_caller_hc_games,16,2.833213344056216,0.3333333333333333,0,1,2000,1999,27,0
andy_reid,2026,unknown_caller_hc_games,240,5.484796933490655,0.8823529411764706,0,15,2013,1999,27,0
art_shell,2026,unknown_caller_hc_games,16,2.833213344056216,0.3333333333333333,0,1,2006,1999,27,0
bill_belichick,2026,unknown_caller_hc_games,257,5.552959584921617,0.889273356401384,0,16,2022,1999,27,0
bill_callahan,2026,unknown_caller_hc_games,32,3.4965075614664802,0.5,0,2,2003,1999,27,0
bill_cowher,2026,unknown_caller_hc_games,128,4.859812404361672,0.8,0,8,2006,1999,27,0
bill_parcells,2026,unknown_caller_hc_games,80,4.394449154672439,0.7142857142857143,0,5,2006,1999,27,0
bobby_petrino,2026,unknown_caller_hc_games,12,2.5649493574615367,0.2727272727272727,0,1,2007,1999,27,0
bobby_ross,2026,unknown_caller_hc_games,23,3.1780538303479458,0.41818181818181815,0,2,2000,1999,27,0
brad_childress,2026,unknown_caller_hc_games,74,4.31748811353631,0.6981132075471698,0,5,2010,1999,27,0
brian_billick,2026,unknown_caller_hc_games,144,4.976733742420574,0.8181818181818182,0,9,2007,1999,27,0
brian_flores,2026,unknown_caller_hc_games,17,2.8903717578961645,0.3469387755102041,0,1,2021,1999,27,0
bruce_arians,2026,unknown_caller_hc_games,32,3.4965075614664802,0.5,0,2,2014,1999,27,0
bruce_coslet,2026,unknown_caller_hc_games,19,2.995732273553991,0.37254901960784315,0,2,2000,1999,27,0
butch_davis,2026,unknown_caller_hc_games,59,4.0943445622221,0.6483516483516484,0,4,2004,1999,27,0
cam_cameron,2026,unknown_caller_hc_games,16,2.833213344056216,0.3333333333333333,0,1,2007,1999,27,0
chan_gailey,2026,unknown_caller_hc_games,64,4.174387269895637,0.6666666666666666,0,4,2012,1999,27,0
chip_kelly,2026,unknown_caller_hc_games,16,2.833213344056216,0.3333333333333333,0,1,2013,1999,27,0
chris_palmer,2026,unknown_caller_hc_games,32,3.4965075614664802,0.5,0,2,2000,1999,27,0
chuck_pagano,2026,unknown_caller_hc_games,32,3.4965075614664802,0.5,0,2,2013,1999,27,0
dan_campbell,2026,unknown_caller_hc_games,17,2.8903717578961645,0.3469387755102041,0,1,2021,1999,27,0
dan_quinn,2026,unknown_caller_hc_games,16,2.833213344056216,0.3333333333333333,0,1,2019,1999,27,0
dan_reeves,2026,unknown_caller_hc_games,77,4.356708826689592,0.7064220183486238,0,5,2003,1999,27,0
dave_campo,2026,unknown_caller_hc_games,48,3.8918202981106265,0.6,0,3,2002,1999,27,0
dave_mcginnis,2026,unknown_caller_hc_games,55,4.02535169073515,0.632183908045977,0,4,2003,1999,27,0
dave_wannstedt,2026,unknown_caller_hc_games,73,4.30406509320417,0.6952380952380952,0,5,2004,1999,27,0
dennis_allen,2026,unknown_caller_hc_games,36,3.6109179126442243,0.5294117647058824,0,3,2014,1999,27,0
dennis_erickson,2026,unknown_caller_hc_games,32,3.4965075614664802,0.5,0,2,2004,1999,27,0
dennis_green,2026,unknown_caller_hc_games,95,4.564348191467836,0.7480314960629921,0,6,2006,1999,27,0
dick_jauron,2026,unknown_caller_hc_games,142,4.962844630259907,0.8160919540229885,0,10,2009,1999,27,0
dick_lebeau,2026,unknown_caller_hc_games,45,3.828641396489095,0.5844155844155844,0,3,2002,1999,27,0
dick_vermeil,2026,unknown_caller_hc_games,96,4.574710978503383,0.75,0,6,2005,1999,27,0
dom_capers,2026,unknown_caller_hc_games,64,4.174387269895637,0.6666666666666666,0,4,2005,1999,27,0
doug_marrone,2026,unknown_caller_hc_games,16,2.833213344056216,0.3333333333333333,0,1,2013,1999,27,0
emmitt_thomas,2026,unknown_caller_hc_games,4,1.6094379124341003,0.1111111111111111,0,1,2007,1999,27,0
eric_mangini,2026,unknown_caller_hc_games,80,4.394449154672439,0.7142857142857143,0,5,2010,1999,27,0
eric_studesville,2026,unknown_caller_hc_games,4,1.6094379124341003,0.1111111111111111,0,1,2010,1999,27,0
gary_kubiak,2026,unknown_caller_hc_games,141,4.955827057601261,0.815028901734104,0,9,2016,1999,27,0
gary_moeller,2026,unknown_caller_hc_games,9,2.302585092994046,0.21951219512195122,0,1,2000,1999,27,0
george_seifert,2026,unknown_caller_hc_games,48,3.8918202981106265,0.6,0,3,2001,1999,27,0
greg_schiano,2026,unknown_caller_hc_games,32,3.4965075614664802,0.5,0,2,2013,1999,27,0
gregg_williams,2026,unknown_caller_hc_games,48,3.8918202981106265,0.6,0,3,2003,1999,27,0
gunther_cunningham,2026,unknown_caller_hc_games,32,3.4965075614664802,0.5,0,2,2000,1999,27,0
gus_bradley,2026,unknown_caller_hc_games,32,3.4965075614664802,0.5,0,2,2014,1999,27,0
herm_edwards,2026,unknown_caller_hc_games,128,4.859812404361672,0.8,0,8,2008,1999,27,0
hue_jackson,2026,unknown_caller_hc_games,16,2.833213344056216,0.3333333333333333,0,1,2011,1999,27,0
jack_del_rio,2026,unknown_caller_hc_games,139,4.941642422609304,0.8128654970760234,0,9,2011,1999,27,0
jason_garrett,2026,unknown_caller_hc_games,56,4.04305126783455,0.6363636363636364,0,4,2013,1999,27,0
jeff_fisher,2026,unknown_caller_hc_games,224,5.41610040220442,0.875,0,14,2013,1999,27,0
jim_bates,2026,unknown_caller_hc_games,7,2.0794415416798357,0.1794871794871795,0,1,2004,1999,27,0
jim_caldwell,2026,unknown_caller_hc_games,48,3.8918202981106265,0.6,0,3,2011,1999,27,0
jim_fassel,2026,unknown_caller_hc_games,80,4.394449154672439,0.7142857142857143,0,5,2003,1999,27,0
jim_harbaugh,2026,unknown_caller_hc_games,64,4.174387269895637,0.6666666666666666,0,4,2014,1999,27,0
jim_haslett,2026,unknown_caller_hc_games,108,4.6913478822291435,0.7714285714285715,0,7,2008,1999,27,0
jim_mora,2026,unknown_caller_hc_games,112,4.727387818712341,0.7777777777777778,0,7,2009,1999,27,0
jim_schwartz,2026,unknown_caller_hc_games,80,4.394449154672439,0.7142857142857143,0,5,2013,1999,27,0
jim_tomsula,2026,unknown_caller_hc_games,1,0.6931471805599453,0.030303030303030304,0,1,2010,1999,27,0
jim_zorn,2026,unknown_caller_hc_games,32,3.4965075614664802,0.5,0,2,2009,1999,27,0
jimmy_johnson,2026,unknown_caller_hc_games,16,2.833213344056216,0.3333333333333333,0,1,1999,1999,27,0
joe_gibbs,2026,unknown_caller_hc_games,64,4.174387269895637,0.6666666666666666,0,4,2007,1999,27,0
joe_philbin,2026,unknown_caller_hc_games,32,3.4965075614664802,0.5,0,2,2013,1999,27,0
joe_vitt,2026,unknown_caller_hc_games,21,3.091042453358316,0.39622641509433965,0,2,2012,1999,27,0
john_fox,2026,unknown_caller_hc_games,208,5.342334251964811,0.8666666666666667,0,13,2016,1999,27,0
john_harbaugh,2026,unknown_caller_hc_games,112,4.727387818712341,0.7777777777777778,0,7,2019,1999,27,0
jon_gruden,2026,unknown_caller_hc_games,160,5.081404364984463,0.8333333333333334,0,10,2008,1999,27,0
josh_mcdaniels,2026,unknown_caller_hc_games,28,3.367295829986474,0.4666666666666667,0,2,2010,1999,27,0
ken_whisenhunt,2026,unknown_caller_hc_games,96,4.574710978503383,0.75,0,6,2012,1999,27,0
kliff_kingsbury,2026,unknown_caller_hc_games,16,2.833213344056216,0.3333333333333333,0,1,2019,1999,27,0
lane_kiffin,2026,unknown_caller_hc_games,20,3.044522437723423,0.38461538461538464,0,2,2008,1999,27,0
leslie_frazier,2026,unknown_caller_hc_games,54,4.007333185232471,0.627906976744186,0,4,2013,1999,27,0
lovie_smith,2026,unknown_caller_hc_games,144,4.976733742420574,0.8181818181818182,0,9,2012,1999,27,0
marc_trestman,2026,unknown_caller_hc_games,32,3.4965075614664802,0.5,0,2,2014,1999,27,0
marty_mornhinweg,2026,unknown_caller_hc_games,32,3.4965075614664802,0.5,0,2,2002,1999,27,0
marty_schottenheimer,2026,unknown_caller_hc_games,96,4.574710978503383,0.75,0,6,2006,1999,27,0
marvin_lewis,2026,unknown_caller_hc_games,208,5.342334251964811,0.8666666666666667,0,13,2016,1999,27,0
matt_patricia,2026,unknown_caller_hc_games,16,2.833213344056216,0.3333333333333333,0,1,2019,1999,27,0
mel_tucker,2026,unknown_caller_hc_games,5,1.791759469228055,0.13513513513513514,0,1,2011,1999,27,0
mike_ditka,2026,unknown_caller_hc_games,16,2.833213344056216,0.3333333333333333,0,1,1999,1999,27,0
mike_holmgren,2026,unknown_caller_hc_games,160,5.081404364984463,0.8333333333333334,0,10,2008,1999,27,0
mike_martz,2026,unknown_caller_hc_games,85,4.454347296253507,0.7264957264957265,0,6,2005,1999,27,0
mike_mccarthy,2026,unknown_caller_hc_games,128,4.859812404361672,0.8,0,8,2013,1999,27,0
mike_mccoy,2026,unknown_caller_hc_games,32,3.4965075614664802,0.5,0,2,2016,1999,27,0
mike_mularkey,2026,unknown_caller_hc_games,48,3.8918202981106265,0.6,0,3,2012,1999,27,0
mike_munchak,2026,unknown_caller_hc_games,48,3.8918202981106265,0.6,0,3,2013,1999,27,0
mike_nolan,2026,unknown_caller_hc_games,55,4.02535169073515,0.632183908045977,0,4,2008,1999,27,0
mike_pettine,2026,unknown_caller_hc_games,16,2.833213344056216,0.3333333333333333,0,1,2015,1999,27,0
mike_riley,2026,unknown_caller_hc_games,48,3.8918202981106265,0.6,0,3,2001,1999,27,0
mike_shanahan,2026,unknown_caller_hc_games,224,5.41610040220442,0.875,0,14,2013,1999,27,0
mike_sherman,2026,unknown_caller_hc_games,96,4.574710978503383,0.75,0,6,2005,1999,27,0
mike_singletary,2026,unknown_caller_hc_games,40,3.713572066704308,0.5555555555555556,0,3,2010,1999,27,0
mike_smith,2026,unknown_caller_hc_games,96,4.574710978503383,0.75,0,6,2013,1999,27,0
mike_tice,2026,unknown_caller_hc_games,65,4.189654742026425,0.6701030927835051,0,5,2005,1999,27,0
mike_tomlin,2026,unknown_caller_hc_games,112,4.727387818712341,0.7777777777777778,0,7,2013,1999,27,0
nick_saban,2026,unknown_caller_hc_games,32,3.4965075614664802,0.5,0,2,2006,1999,27,0
nick_sirianni,2026,unknown_caller_hc_games,17,2.8903717578961645,0.3469387755102041,0,1,2022,1999,27,0
norv_turner,2026,unknown_caller_hc_games,147,4.997212273764115,0.8212290502793296,0,10,2012,1999,27,0
pat_shurmur,2026,unknown_caller_hc_games,48,3.8918202981106265,0.6,0,3,2019,1999,27,0
perry_fewell,2026,unknown_caller_hc_games,7,2.0794415416798357,0.1794871794871795,0,1,2009,1999,27,0
pete_carroll,2026,unknown_caller_hc_games,80,4.394449154672439,0.7142857142857143,0,5,2013,1999,27,0
raheem_morris,2026,unknown_caller_hc_games,48,3.8918202981106265,0.6,0,3,2011,1999,27,0
ray_rhodes,2026,unknown_caller_hc_games,16,2.833213344056216,0.3333333333333333,0,1,1999,1999,27,0
rex_ryan,2026,unknown_caller_hc_games,80,4.394449154672439,0.7142857142857143,0,5,2013,1999,27,0
rob_chudzinski,2026,unknown_caller_hc_games,16,2.833213344056216,0.3333333333333333,0,1,2013,1999,27,0
rod_marinelli,2026,unknown_caller_hc_games,48,3.8918202981106265,0.6,0,3,2008,1999,27,0
romeo_crennel,2026,unknown_caller_hc_games,83,4.430816798843313,0.7217391304347827,0,6,2012,1999,27,0
ron_rivera,2026,unknown_caller_hc_games,48,3.8918202981106265,0.6,0,3,2013,1999,27,0
scott_linehan,2026,unknown_caller_hc_games,36,3.6109179126442243,0.5294117647058824,0,3,2008,1999,27,0
sean_mcdermott,2026,unknown_caller_hc_games,16,2.833213344056216,0.3333333333333333,0,1,2019,1999,27,0
sean_payton,2026,unknown_caller_hc_games,144,4.976733742420574,0.8181818181818182,0,9,2019,1999,27,0
steve_mariucci,2026,unknown_caller_hc_games,107,4.68213122712422,0.7697841726618705,0,7,2005,1999,27,0
steve_spagnuolo,2026,unknown_caller_hc_games,48,3.8918202981106265,0.6,0,3,2011,1999,27,0
steve_spurrier,2026,unknown_caller_hc_games,32,3.4965075614664802,0.5,0,2,2003,1999,27,0
terry_robiskie,2026,unknown_caller_hc_games,18,2.9444389791664403,0.36,0,2,2004,1999,27,0
todd_bowles,2026,unknown_caller_hc_games,3,1.3862943611198906,0.08571428571428572,0,1,2011,1999,27,0
todd_haley,2026,unknown_caller_hc_games,45,3.828641396489095,0.5844155844155844,0,3,2011,1999,27,0
tom_cable,2026,unknown_caller_hc_games,44,3.8066624897703196,0.5789473684210527,0,3,2010,1999,27,0
tom_coughlin,2026,unknown_caller_hc_games,224,5.41610040220442,0.875,0,14,2013,1999,27,0
tony_dungy,2026,unknown_caller_hc_games,160,5.081404364984463,0.8333333333333334,0,10,2008,1999,27,0
tony_sparano,2026,unknown_caller_hc_games,73,4.30406509320417,0.6952380952380952,0,5,2014,1999,27,0
vince_tobin,2026,unknown_caller_hc_games,25,3.258096538021482,0.43859649122807015,0,2,2000,1999,27,0
wade_phillips,2026,unknown_caller_hc_games,94,4.553876891600541,0.746031746031746,0,8,2013,1999,27,0
