season,team,week,game_id,head_coach,hc_person_id,pc_person_id
1999,ARI,1,1999_01_ARI_PHI,Vince Tobin,vince_tobin,
1999,ATL,1,1999_01_MIN_ATL,Dan Reeves,dan_reeves,
1999,BAL,1,1999_01_BAL_STL,Brian Billick,brian_billick,
1999,BUF,1,1999_01_BUF_IND,Wade Phillips,wade_phillips,
1999,CAR,1,1999_01_CAR_NO,George Seifert,george_seifert,
1999,CHI,1,1999_01_KC_CHI,Dick Jauron,dick_jauron,
1999,CIN,1,1999_01_CIN_TEN,Bruce Coslet,bruce_coslet,
1999,CLE,1,1999_01_PIT_CLE,Chris Palmer,chris_palmer,
1999,DAL,1,1999_01_DAL_WAS,Chan Gailey,chan_gailey,
1999,DEN,1,1999_01_MIA_DEN,Mike Shanahan,mike_shanahan,
1999,DET,1,1999_01_DET_SEA,Bobby Ross,bobby_ross,
1999,GB,1,1999_01_OAK_GB,Ray Rhodes,ray_rhodes,
1999,IND,1,1999_01_BUF_IND,Jim Mora,jim_mora,
1999,JAX,1,1999_01_SF_JAX,Tom Coughlin,tom_coughlin,
1999,KC,1,1999_01_KC_CHI,Gunther Cunningham,gunther_cunningham,
1999,LA,1,1999_01_BAL_STL,Dick Vermeil,dick_vermeil,
1999,LV,1,1999_01_OAK_GB,Jon Gruden,jon_gruden,
1999,MIA,1,1999_01_MIA_DEN,Jimmy Johnson,jimmy_johnson,
1999,MIN,1,1999_01_MIN_ATL,Dennis Green,dennis_green,
1999,NE,1,1999_01_NE_NYJ,Pete Carroll,pete_carroll,
1999,NO,1,1999_01_CAR_NO,Mike Ditka,mike_ditka,
1999,NYG,1,1999_01_NYG_TB,Jim Fassel,jim_fassel,
1999,NYJ,1,1999_01_NE_NYJ,Bill Parcells,bill_parcells,
1999,PHI,1,1999_01_ARI_PHI,Andy Reid,andy_reid,
1999,PIT,1,1999_01_PIT_CLE,Bill Cowher,bill_cowher,
1999,SEA,1,1999_01_DET_SEA,Mike Holmgren,mike_holmgren,
1999,SF,1,1999_01_SF_JAX,Steve Mariucci,steve_mariucci,
1999,TB,1,1999_01_NYG_TB,Tony Dungy,tony_dungy,
1999,TEN,1,1999_01_CIN_TEN,Jeff Fisher,jeff_fisher,
1999,WAS,1,1999_01_DAL_WAS,Norv Turner,norv_turner,
1999,ARI,2,1999_02_ARI_MIA,Vince Tobin,vince_tobin,
1999,ATL,2,1999_02_ATL_DAL,Dan Reeves,dan_reeves,
1999,BAL,2,1999_02_PIT_BAL,Brian Billick,brian_billick,
1999,BUF,2,1999_02_NYJ_BUF,Wade Phillips,wade_phillips,
1999,CAR,2,1999_02_JAX_CAR,George Seifert,george_seifert,
1999,CHI,2,1999_02_SEA_CHI,Dick Jauron,dick_jauron,
1999,CIN,2,1999_02_SD_CIN,Bruce Coslet,bruce_coslet,
1999,CLE,2,1999_02_CLE_TEN,Chris Palmer,chris_palmer,
1999,DAL,2,1999_02_ATL_DAL,Chan Gailey,chan_gailey,
1999,DEN,2,1999_02_DEN_KC,Mike Shanahan,mike_shanahan,
1999,DET,2,1999_02_GB_DET,Bobby Ross,bobby_ross,
1999,GB,2,1999_02_GB_DET,Ray Rhodes,ray_rhodes,
1999,IND,2,1999_02_IND_NE,Jim Mora,jim_mora,
1999,JAX,2,1999_02_JAX_CAR,Tom Coughlin,tom_coughlin,
1999,KC,2,1999_02_DEN_KC,Gunther Cunningham,gunther_cunningham,
1999,LAC,2,1999_02_SD_CIN,Mike Riley,mike_riley,
1999,LV,2,1999_02_OAK_MIN,Jon Gruden,jon_gruden,
1999,MIA,2,1999_02_ARI_MIA,Jimmy Johnson,jimmy_johnson,
1999,MIN,2,1999_02_OAK_MIN,Dennis Green,dennis_green,
1999,NE,2,1999_02_IND_NE,Pete Carroll,pete_carroll,
1999,NO,2,1999_02_NO_SF,Mike Ditka,mike_ditka,
1999,NYG,2,1999_02_WAS_NYG,Jim Fassel,jim_fassel,
1999,NYJ,2,1999_02_NYJ_BUF,Bill Parcells,bill_parcells,
1999,PHI,2,1999_02_TB_PHI,Andy Reid,andy_reid,
1999,PIT,2,1999_02_PIT_BAL,Bill Cowher,bill_cowher,
1999,SEA,2,1999_02_SEA_CHI,Mike Holmgren,mike_holmgren,
1999,SF,2,1999_02_NO_SF,Steve Mariucci,steve_mariucci,
1999,TB,2,1999_02_TB_PHI,Tony Dungy,tony_dungy,
1999,TEN,2,1999_02_CLE_TEN,Jeff Fisher,jeff_fisher,
1999,WAS,2,1999_02_WAS_NYG,Norv Turner,norv_turner,
1999,ARI,3,1999_03_SF_ARI,Vince Tobin,vince_tobin,
1999,ATL,3,1999_03_ATL_STL,Dan Reeves,dan_reeves,
1999,BAL,3,1999_03_CLE_BAL,Brian Billick,brian_billick,
1999,BUF,3,1999_03_PHI_BUF,Wade Phillips,wade_phillips,
1999,CAR,3,1999_03_CIN_CAR,George Seifert,george_seifert,
1999,CHI,3,1999_03_CHI_OAK,Dick Jauron,dick_jauron,
1999,CIN,3,1999_03_CIN_CAR,Bruce Coslet,bruce_coslet,
1999,CLE,3,1999_03_CLE_BAL,Chris Palmer,chris_palmer,
1999,DEN,3,1999_03_DEN_TB,Mike Shanahan,mike_shanahan,
1999,DET,3,1999_03_DET_KC,Bobby Ross,bobby_ross,
1999,GB,3,1999_03_MIN_GB,Ray Rhodes,ray_rhodes,
1999,IND,3,1999_03_IND_SD,Jim Mora,jim_mora,
1999,JAX,3,1999_03_TEN_JAX,Tom Coughlin,tom_coughlin,
1999,KC,3,1999_03_DET_KC,Gunther Cunningham,gunther_cunningham,
1999,LA,3,1999_03_ATL_STL,Dick Vermeil,dick_vermeil,
1999,LAC,3,1999_03_IND_SD,Mike Riley,mike_riley,
1999,LV,3,1999_03_CHI_OAK,Jon Gruden,jon_gruden,
1999,MIN,3,1999_03_MIN_GB,Dennis Green,dennis_green,
1999,NE,3,1999_03_NYG_NE,Pete Carroll,pete_carroll,
1999,NYG,3,1999_03_NYG_NE,Jim Fassel,jim_fassel,
1999,NYJ,3,1999_03_WAS_NYJ,Bill Parcells,bill_parcells,
1999,PHI,3,1999_03_PHI_BUF,Andy Reid,andy_reid,
1999,PIT,3,1999_03_SEA_PIT,Bill Cowher,bill_cowher,
1999,SEA,3,1999_03_SEA_PIT,Mike Holmgren,mike_holmgren,
1999,SF,3,1999_03_SF_ARI,Steve Mariucci,steve_mariucci,
1999,TB,3,1999_03_DEN_TB,Tony Dungy,tony_dungy,
1999,TEN,3,1999_03_TEN_JAX,Jeff Fisher,jeff_fisher,
1999,WAS,3,1999_03_WAS_NYJ,Norv Turner,norv_turner,
1999,ARI,4,1999_04_ARI_DAL,Vince Tobin,vince_tobin,
1999,ATL,4,1999_04_BAL_ATL,Dan Reeves,dan_reeves,
1999,BAL,4,1999_04_BAL_ATL,Brian Billick,brian_billick,
1999,BUF,4,1999_04_BUF_MIA,Wade Phillips,wade_phillips,
1999,CAR,4,1999_04_CAR_WAS,George Seifert,george_seifert,
1999,CHI,4,1999_04_NO_CHI,Dick Jauron,dick_jauron,
1999,CIN,4,1999_04_STL_CIN,Bruce Coslet,bruce_coslet,
1999,CLE,4,1999_04_NE_CLE,Chris Palmer,chris_palmer,
1999,DAL,4,1999_04_ARI_DAL,Chan Gailey,chan_gailey,
1999,DEN,4,1999_04_NYJ_DEN,Mike Shanahan,mike_shanahan,
1999,JAX,4,1999_04_JAX_PIT,Tom Coughlin,tom_coughlin,
1999,KC,4,1999_04_KC_SD,Gunther Cunningham,gunther_cunningham,
1999,LA,4,1999_04_STL_CIN,Dick Vermeil,dick_vermeil,
1999,LAC,4,1999_04_KC_SD,Mike Riley,mike_riley,
1999,LV,4,1999_04_OAK_SEA,Jon Gruden,jon_gruden,
1999,MIA,4,1999_04_BUF_MIA,Jimmy Johnson,jimmy_johnson,
1999,MIN,4,1999_04_TB_MIN,Dennis Green,dennis_green,
1999,NE,4,1999_04_NE_CLE,Pete Carroll,pete_carroll,
1999,NO,4,1999_04_NO_CHI,Mike Ditka,mike_ditka,
1999,NYG,4,1999_04_PHI_NYG,Jim Fassel,jim_fassel,
1999,NYJ,4,1999_04_NYJ_DEN,Bill Parcells,bill_parcells,
1999,PHI,4,1999_04_PHI_NYG,Andy Reid,andy_reid,
1999,PIT,4,1999_04_JAX_PIT,Bill Cowher,bill_cowher,
1999,SEA,4,1999_04_OAK_SEA,Mike Holmgren,mike_holmgren,
1999,SF,4,1999_04_TEN_SF,Steve Mariucci,steve_mariucci,
1999,TB,4,1999_04_TB_MIN,Tony Dungy,tony_dungy,
1999,TEN,4,1999_04_TEN_SF,Jeff Fisher,jeff_fisher,
1999,WAS,4,1999_04_CAR_WAS,Norv Turner,norv_turner,
1999,ARI,5,1999_05_NYG_ARI,Vince Tobin,vince_tobin,
1999,ATL,5,1999_05_ATL_NO,Dan Reeves,dan_reeves,
1999,BAL,5,1999_05_BAL_TEN,Brian Billick,brian_billick,
1999,BUF,5,1999_05_PIT_BUF,Wade Phillips,wade_phillips,
1999,CHI,5,1999_05_CHI_MIN,Dick Jauron,dick_jauron,
1999,CIN,5,1999_05_CIN_CLE,Bruce Coslet,bruce_coslet,
1999,CLE,5,1999_05_CIN_CLE,Chris Palmer,chris_palmer,
1999,DAL,5,1999_05_DAL_PHI,Chan Gailey,chan_gailey,
1999,DEN,5,1999_05_DEN_OAK,Mike Shanahan,mike_shanahan,
1999,DET,5,1999_05_SD_DET,Bobby Ross,bobby_ross,
1999,GB,5,1999_05_TB_GB,Ray Rhodes,ray_rhodes,
1999,IND,5,1999_05_MIA_IND,Jim Mora,jim_mora,
1999,JAX,5,1999_05_JAX_NYJ,Tom Coughlin,tom_coughlin,
1999,KC,5,1999_05_NE_KC,Gunther Cunningham,gunther_cunningham,
1999,LA,5,1999_05_SF_STL,Dick Vermeil,dick_vermeil,
1999,LAC,5,1999_05_SD_DET,Mike Riley,mike_riley,
1999,LV,5,1999_05_DEN_OAK,Jon Gruden,jon_gruden,
1999,MIA,5,1999_05_MIA_IND,Jimmy Johnson,jimmy_johnson,
1999,MIN,5,1999_05_CHI_MIN,Dennis Green,dennis_green,
1999,NE,5,1999_05_NE_KC,Pete Carroll,pete_carroll,
1999,NO,5,1999_05_ATL_NO,Mike Ditka,mike_ditka,
1999,NYG,5,1999_05_NYG_ARI,Jim Fassel,jim_fassel,
1999,NYJ,5,1999_05_JAX_NYJ,Bill Parcells,bill_parcells,
1999,PHI,5,1999_05_DAL_PHI,Andy Reid,andy_reid,
1999,PIT,5,1999_05_PIT_BUF,Bill Cowher,bill_cowher,
1999,SF,5,1999_05_SF_STL,Steve Mariucci,steve_mariucci,
1999,TB,5,1999_05_TB_GB,Tony Dungy,tony_dungy,
1999,TEN,5,1999_05_BAL_TEN,Jeff Fisher,jeff_fisher,
1999,ARI,6,1999_06_WAS_ARI,Vince Tobin,vince_tobin,
1999,ATL,6,1999_06_STL_ATL,Dan Reeves,dan_reeves,
1999,BUF,6,1999_06_OAK_BUF,Wade Phillips,wade_phillips,
1999,CAR,6,1999_06_CAR_SF,George Seifert,george_seifert,
1999,CHI,6,1999_06_PHI_CHI,Dick Jauron,dick_jauron,
1999,CIN,6,1999_06_PIT_CIN,Bruce Coslet,bruce_coslet,
1999,CLE,6,1999_06_CLE_JAX,Chris Palmer,chris_palmer,
1999,DAL,6,1999_06_DAL_NYG,Chan Gailey,chan_gailey,
1999,DEN,6,1999_06_GB_DEN,Mike Shanahan,mike_shanahan,
1999,DET,6,1999_06_MIN_DET,Bobby Ross,bobby_ross,
1999,GB,6,1999_06_GB_DEN,Ray Rhodes,ray_rhodes,
1999,IND,6,1999_06_IND_NYJ,Jim Mora,jim_mora,
1999,JAX,6,1999_06_CLE_JAX,Tom Coughlin,tom_coughlin,
1999,LA,6,1999_06_STL_ATL,Dick Vermeil,dick_vermeil,
1999,LAC,6,1999_06_SEA_SD,Mike Riley,mike_riley,
1999,LV,6,1999_06_OAK_BUF,Jon Gruden,jon_gruden,
1999,MIA,6,1999_06_MIA_NE,Jimmy Johnson,jimmy_johnson,
1999,MIN,6,1999_06_MIN_DET,Dennis Green,dennis_green,
1999,NE,6,1999_06_MIA_NE,Pete Carroll,pete_carroll,
1999,NO,6,1999_06_TEN_NO,Mike Ditka,mike_ditka,
1999,NYG,6,1999_06_DAL_NYG,Jim Fassel,jim_fassel,
1999,NYJ,6,1999_06_IND_NYJ,Bill Parcells,bill_parcells,
1999,PHI,6,1999_06_PHI_CHI,Andy Reid,andy_reid,
1999,PIT,6,1999_06_PIT_CIN,Bill Cowher,bill_cowher,
1999,SEA,6,1999_06_SEA_SD,Mike Holmgren,mike_holmgren,
1999,SF,6,1999_06_CAR_SF,Steve Mariucci,steve_mariucci,
1999,TEN,6,1999_06_TEN_NO,Jeff Fisher,jeff_fisher,
1999,WAS,6,1999_06_WAS_ARI,Norv Turner,norv_turner,
1999,ATL,7,1999_07_ATL_PIT,Dan Reeves,dan_reeves,
1999,BAL,7,1999_07_KC_BAL,Brian Billick,brian_billick,
1999,BUF,7,1999_07_BUF_SEA,Wade Phillips,wade_phillips,
1999,CAR,7,1999_07_DET_CAR,George Seifert,george_seifert,
1999,CHI,7,1999_07_CHI_TB,Dick Jauron,dick_jauron,
1999,CIN,7,1999_07_CIN_IND,Bruce Coslet,bruce_coslet,
1999,CLE,7,1999_07_CLE_STL,Chris Palmer,chris_palmer,
1999,DAL,7,1999_07_WAS_DAL,Chan Gailey,chan_gailey,
1999,DEN,7,1999_07_DEN_NE,Mike Shanahan,mike_shanahan,
1999,DET,7,1999_07_DET_CAR,Bobby Ross,bobby_ross,
1999,GB,7,1999_07_GB_SD,Ray Rhodes,ray_rhodes,
1999,IND,7,1999_07_CIN_IND,Jim Mora,jim_mora,
1999,KC,7,1999_07_KC_BAL,Gunther Cunningham,gunther_cunningham,
1999,LA,7,1999_07_CLE_STL,Dick Vermeil,dick_vermeil,
1999,LAC,7,1999_07_GB_SD,Mike Riley,mike_riley,
1999,LV,7,1999_07_NYJ_OAK,Jon Gruden,jon_gruden,
1999,MIA,7,1999_07_PHI_MIA,Jimmy Johnson,jimmy_johnson,
1999,MIN,7,1999_07_SF_MIN,Dennis Green,dennis_green,
1999,NE,7,1999_07_DEN_NE,Pete Carroll,pete_carroll,
1999,NO,7,1999_07_NO_NYG,Mike Ditka,mike_ditka,
1999,NYG,7,1999_07_NO_NYG,Jim Fassel,jim_fassel,
1999,NYJ,7,1999_07_NYJ_OAK,Bill Parcells,bill_parcells,
1999,PHI,7,1999_07_PHI_MIA,Andy Reid,andy_reid,
1999,PIT,7,1999_07_ATL_PIT,Bill Cowher,bill_cowher,
1999,SEA,7,1999_07_BUF_SEA,Mike Holmgren,mike_holmgren,
1999,SF,7,1999_07_SF_MIN,Steve Mariucci,steve_mariucci,
1999,TB,7,1999_07_CHI_TB,Tony Dungy,tony_dungy,
1999,WAS,7,1999_07_WAS_DAL,Norv Turner,norv_turner,
1999,ARI,8,1999_08_NE_ARI,Vince Tobin,vince_tobin,
1999,ATL,8,1999_08_CAR_ATL,Dan Reeves,dan_reeves,
1999,BAL,8,1999_08_BUF_BAL,Brian Billick,brian_billick,
1999,BUF,8,1999_08_BUF_BAL,Wade Phillips,wade_phillips,
1999,CAR,8,1999_08_CAR_ATL,George Seifert,george_seifert,
1999,CHI,8,1999_08_CHI_WAS,Dick Jauron,dick_jauron,
1999,CIN,8,1999_08_JAX_CIN,Bruce Coslet,bruce_coslet,
1999,CLE,8,1999_08_CLE_NO,Chris Palmer,chris_palmer,
1999,DAL,8,1999_08_DAL_IND,Chan Gailey,chan_gailey,
1999,DEN,8,1999_08_MIN_DEN,Mike Shanahan,mike_shanahan,
1999,DET,8,1999_08_TB_DET,Bobby Ross,bobby_ross,
1999,GB,8,1999_08_SEA_GB,Ray Rhodes,ray_rhodes,
1999,IND,8,1999_08_DAL_IND,Jim Mora,jim_mora,
1999,JAX,8,1999_08_JAX_CIN,Tom Coughlin,tom_coughlin,
1999,KC,8,1999_08_SD_KC,Gunther Cunningham,gunther_cunningham,
1999,LA,8,1999_08_STL_TEN,Dick Vermeil,dick_vermeil,
1999,LAC,8,1999_08_SD_KC,Mike Riley,mike_riley,
1999,LV,8,1999_08_MIA_OAK,Jon Gruden,jon_gruden,
1999,MIA,8,1999_08_MIA_OAK,Jimmy Johnson,jimmy_johnson,
1999,MIN,8,1999_08_MIN_DEN,Dennis Green,dennis_green,
1999,NE,8,1999_08_NE_ARI,Pete Carroll,pete_carroll,
1999,NO,8,1999_08_CLE_NO,Mike Ditka,mike_ditka,
1999,NYG,8,1999_08_NYG_PHI,Jim Fassel,jim_fassel,
1999,PHI,8,1999_08_NYG_PHI,Andy Reid,andy_reid,
1999,SEA,8,1999_08_SEA_GB,Mike Holmgren,mike_holmgren,
1999,TB,8,1999_08_TB_DET,Tony Dungy,tony_dungy,
1999,TEN,8,1999_08_STL_TEN,Jeff Fisher,jeff_fisher,
1999,WAS,8,1999_08_CHI_WAS,Norv Turner,norv_turner,
1999,ARI,9,1999_09_ARI_NYJ,Vince Tobin,vince_tobin,
1999,ATL,9,1999_09_JAX_ATL,Dan Reeves,dan_reeves,
1999,BAL,9,1999_09_BAL_CLE,Brian Billick,brian_billick,
1999,BUF,9,1999_09_BUF_WAS,Wade Phillips,wade_phillips,
1999,CAR,9,1999_09_PHI_CAR,George Seifert,george_seifert,
1999,CHI,9,1999_09_CHI_GB,Dick Jauron,dick_jauron,
1999,CIN,9,1999_09_CIN_SEA,Bruce Coslet,bruce_coslet,
1999,CLE,9,1999_09_BAL_CLE,Chris Palmer,chris_palmer,
1999,DAL,9,1999_09_DAL_MIN,Chan Gailey,chan_gailey,
1999,DEN,9,1999_09_DEN_SD,Mike Shanahan,mike_shanahan,
1999,DET,9,1999_09_STL_DET,Bobby Ross,bobby_ross,
1999,GB,9,1999_09_CHI_GB,Ray Rhodes,ray_rhodes,
1999,IND,9,1999_09_KC_IND,Jim Mora,jim_mora,
1999,JAX,9,1999_09_JAX_ATL,Tom Coughlin,tom_coughlin,
1999,KC,9,1999_09_KC_IND,Gunther Cunningham,gunther_cunningham,
1999,LA,9,1999_09_STL_DET,Dick Vermeil,dick_vermeil,
1999,LAC,9,1999_09_DEN_SD,Mike Riley,mike_riley,
1999,MIA,9,1999_09_TEN_MIA,Jimmy Johnson,jimmy_johnson,
1999,MIN,9,1999_09_DAL_MIN,Dennis Green,dennis_green,
1999,NO,9,1999_09_TB_NO,Mike Ditka,mike_ditka,
1999,NYJ,9,1999_09_ARI_NYJ,Bill Parcells,bill_parcells,
1999,PHI,9,1999_09_PHI_CAR,Andy Reid,andy_reid,
1999,PIT,9,1999_09_PIT_SF,Bill Cowher,bill_cowher,
1999,SEA,9,1999_09_CIN_SEA,Mike Holmgren,mike_holmgren,
1999,SF,9,1999_09_PIT_SF,Steve Mariucci,steve_mariucci,
1999,TB,9,1999_09_TB_NO,Tony Dungy,tony_dungy,
1999,TEN,9,1999_09_TEN_MIA,Jeff Fisher,jeff_fisher,
1999,WAS,9,1999_09_BUF_WAS,Norv Turner,norv_turner,
1999,ARI,10,1999_10_DET_ARI,Vince Tobin,vince_tobin,
1999,BAL,10,1999_10_BAL_JAX,Brian Billick,brian_billick,
1999,BUF,10,1999_10_MIA_BUF,Wade Phillips,wade_phillips,
1999,CAR,10,1999_10_CAR_STL,George Seifert,george_seifert,
1999,CHI,10,1999_10_MIN_CHI,Dick Jauron,dick_jauron,
1999,CIN,10,1999_10_TEN_CIN,Bruce Coslet,bruce_coslet,
1999,CLE,10,1999_10_CLE_PIT,Chris Palmer,chris_palmer,
1999,DAL,10,1999_10_GB_DAL,Chan Gailey,chan_gailey,
1999,DEN,10,1999_10_DEN_SEA,Mike Shanahan,mike_shanahan,
1999,DET,10,1999_10_DET_ARI,Bobby Ross,bobby_ross,
1999,GB,10,1999_10_GB_DAL,Ray Rhodes,ray_rhodes,
1999,IND,10,1999_10_IND_NYG,Jim Mora,jim_mora,
1999,JAX,10,1999_10_BAL_JAX,Tom Coughlin,tom_coughlin,
1999,KC,10,1999_10_KC_TB,Gunther Cunningham,gunther_cunningham,
1999,LA,10,1999_10_CAR_STL,Dick Vermeil,dick_vermeil,
1999,LAC,10,1999_10_SD_OAK,Mike Riley,mike_riley,
1999,LV,10,1999_10_SD_OAK,Jon Gruden,jon_gruden,
1999,MIA,10,1999_10_MIA_BUF,Jimmy Johnson,jimmy_johnson,
1999,MIN,10,1999_10_MIN_CHI,Dennis Green,dennis_green,
1999,NE,10,1999_10_NYJ_NE,Pete Carroll,pete_carroll,
1999,NO,10,1999_10_SF_NO,Mike Ditka,mike_ditka,
1999,NYG,10,1999_10_IND_NYG,Jim Fassel,jim_fassel,
1999,NYJ,10,1999_10_NYJ_NE,Bill Parcells,bill_parcells,
1999,PHI,10,1999_10_WAS_PHI,Andy Reid,andy_reid,
1999,PIT,10,1999_10_CLE_PIT,Bill Cowher,bill_cowher,
1999,SEA,10,1999_10_DEN_SEA,Mike Holmgren,mike_holmgren,
1999,SF,10,1999_10_SF_NO,Steve Mariucci,steve_mariucci,
1999,TB,10,1999_10_KC_TB,Tony Dungy,tony_dungy,
1999,TEN,10,1999_10_TEN_CIN,Jeff Fisher,jeff_fisher,
1999,WAS,10,1999_10_WAS_PHI,Norv Turner,norv_turner,
1999,ARI,11,1999_11_DAL_ARI,Vince Tobin,vince_tobin,
1999,ATL,11,1999_11_ATL_TB,Dan Reeves,dan_reeves,
1999,BAL,11,1999_11_BAL_CIN,Brian Billick,brian_billick,
1999,BUF,11,1999_11_BUF_NYJ,Wade Phillips,wade_phillips,
1999,CAR,11,1999_11_CAR_CLE,George Seifert,george_seifert,
1999,CHI,11,1999_11_CHI_SD,Dick Jauron,dick_jauron,
1999,CIN,11,1999_11_BAL_CIN,Bruce Coslet,bruce_coslet,
1999,CLE,11,1999_11_CAR_CLE,Chris Palmer,chris_palmer,
1999,DAL,11,1999_11_DAL_ARI,Chan Gailey,chan_gailey,
1999,DEN,11,1999_11_OAK_DEN,Mike Shanahan,mike_shanahan,
1999,DET,11,1999_11_DET_GB,Bobby Ross,bobby_ross,
1999,GB,11,1999_11_DET_GB,Ray Rhodes,ray_rhodes,
1999,IND,11,1999_11_IND_PHI,Jim Mora,jim_mora,
1999,JAX,11,1999_11_NO_JAX,Tom Coughlin,tom_coughlin,
1999,KC,11,1999_11_SEA_KC,Gunther Cunningham,gunther_cunningham,
1999,LA,11,1999_11_STL_SF,Dick Vermeil,dick_vermeil,
1999,LAC,11,1999_11_CHI_SD,Mike Riley,mike_riley,
1999,LV,11,1999_11_OAK_DEN,Jon Gruden,jon_gruden,
1999,MIA,11,1999_11_NE_MIA,Jimmy Johnson,jimmy_johnson,
1999,NE,11,1999_11_NE_MIA,Pete Carroll,pete_carroll,
1999,NO,11,1999_11_NO_JAX,Mike Ditka,mike_ditka,
1999,NYG,11,1999_11_NYG_WAS,Jim Fassel,jim_fassel,
1999,NYJ,11,1999_11_BUF_NYJ,Bill Parcells,bill_parcells,
1999,PHI,11,1999_11_IND_PHI,Andy Reid,andy_reid,
1999,PIT,11,1999_11_PIT_TEN,Bill Cowher,bill_cowher,
1999,SEA,11,1999_11_SEA_KC,Mike Holmgren,mike_holmgren,
1999,SF,11,1999_11_STL_SF,Steve Mariucci,steve_mariucci,
1999,TB,11,1999_11_ATL_TB,Tony Dungy,tony_dungy,
1999,TEN,11,1999_11_PIT_TEN,Jeff Fisher,jeff_fisher,
1999,WAS,11,1999_11_NYG_WAS,Norv Turner,norv_turner,
1999,ARI,12,1999_12_ARI_NYG,Vince Tobin,vince_tobin,
1999,ATL,12,1999_12_ATL_CAR,Dan Reeves,dan_reeves,
1999,BAL,12,1999_12_JAX_BAL,Brian Billick,brian_billick,
1999,BUF,12,1999_12_NE_BUF,Wade Phillips,wade_phillips,
1999,CAR,12,1999_12_ATL_CAR,George Seifert,george_seifert,
1999,CHI,12,1999_12_CHI_DET,Dick Jauron,dick_jauron,
1999,CIN,12,1999_12_CIN_PIT,Bruce Coslet,bruce_coslet,
1999,CLE,12,1999_12_TEN_CLE,Chris Palmer,chris_palmer,
1999,DAL,12,1999_12_MIA_DAL,Chan Gailey,chan_gailey,
1999,DET,12,1999_12_CHI_DET,Bobby Ross,bobby_ross,
1999,GB,12,1999_12_GB_SF,Ray Rhodes,ray_rhodes,
1999,IND,12,1999_12_NYJ_IND,Jim Mora,jim_mora,
1999,JAX,12,1999_12_JAX_BAL,Tom Coughlin,tom_coughlin,
1999,KC,12,1999_12_KC_OAK,Gunther Cunningham,gunther_cunningham,
1999,LA,12,1999_12_NO_STL,Dick Vermeil,dick_vermeil,
1999,LAC,12,1999_12_SD_MIN,Mike Riley,mike_riley,
1999,LV,12,1999_12_KC_OAK,Jon Gruden,jon_gruden,
1999,MIA,12,1999_12_MIA_DAL,Jimmy Johnson,jimmy_johnson,
1999,MIN,12,1999_12_SD_MIN,Dennis Green,dennis_green,
1999,NE,12,1999_12_NE_BUF,Pete Carroll,pete_carroll,
1999,NO,12,1999_12_NO_STL,Mike Ditka,mike_ditka,
1999,NYG,12,1999_12_ARI_NYG,Jim Fassel,jim_fassel,
1999,NYJ,12,1999_12_NYJ_IND,Bill Parcells,bill_parcells,
1999,PHI,12,1999_12_PHI_WAS,Andy Reid,andy_reid,
1999,PIT,12,1999_12_CIN_PIT,Bill Cowher,bill_cowher,
1999,SEA,12,1999_12_TB_SEA,Mike Holmgren,mike_holmgren,
1999,SF,12,1999_12_GB_SF,Steve Mariucci,steve_mariucci,
1999,TB,12,1999_12_TB_SEA,Tony Dungy,tony_dungy,
1999,TEN,12,1999_12_TEN_CLE,Jeff Fisher,jeff_fisher,
1999,WAS,12,1999_12_PHI_WAS,Norv Turner,norv_turner,
1999,ARI,13,1999_13_PHI_ARI,Vince Tobin,vince_tobin,
1999,ATL,13,1999_13_NO_ATL,Dan Reeves,dan_reeves,
1999,BAL,13,1999_13_TEN_BAL,Brian Billick,brian_billick,
1999,CAR,13,1999_13_STL_CAR,George Seifert,george_seifert,
1999,CHI,13,1999_13_GB_CHI,Dick Jauron,dick_jauron,
1999,CIN,13,1999_13_SF_CIN,Bruce Coslet,bruce_coslet,
1999,CLE,13,1999_13_CLE_SD,Chris Palmer,chris_palmer,
1999,DAL,13,1999_13_DAL_NE,Chan Gailey,chan_gailey,
1999,DEN,13,1999_13_KC_DEN,Mike Shanahan,mike_shanahan,
1999,DET,13,1999_13_WAS_DET,Bobby Ross,bobby_ross,
1999,GB,13,1999_13_GB_CHI,Ray Rhodes,ray_rhodes,
1999,IND,13,1999_13_IND_MIA,Jim Mora,jim_mora,
1999,JAX,13,1999_13_PIT_JAX,Tom Coughlin,tom_coughlin,
1999,KC,13,1999_13_KC_DEN,Gunther Cunningham,gunther_cunningham,
1999,LA,13,1999_13_STL_CAR,Dick Vermeil,dick_vermeil,
1999,LAC,13,1999_13_CLE_SD,Mike Riley,mike_riley,
1999,LV,13,1999_13_SEA_OAK,Jon Gruden,jon_gruden,
1999,MIA,13,1999_13_IND_MIA,Jimmy Johnson,jimmy_johnson,
1999,MIN,13,1999_13_MIN_TB,Dennis Green,dennis_green,
1999,NE,13,1999_13_DAL_NE,Pete Carroll,pete_carroll,
1999,NO,13,1999_13_NO_ATL,Mike Ditka,mike_ditka,
1999,NYG,13,1999_13_NYJ_NYG,Jim Fassel,jim_fassel,
1999,NYJ,13,1999_13_NYJ_NYG,Bill Parcells,bill_parcells,
1999,PHI,13,1999_13_PHI_ARI,Andy Reid,andy_reid,
1999,PIT,13,1999_13_PIT_JAX,Bill Cowher,bill_cowher,
1999,SEA,13,1999_13_SEA_OAK,Mike Holmgren,mike_holmgren,
1999,SF,13,1999_13_SF_CIN,Steve Mariucci,steve_mariucci,
1999,TB,13,1999_13_MIN_TB,Tony Dungy,tony_dungy,
1999,TEN,13,1999_13_TEN_BAL,Jeff Fisher,jeff_fisher,
1999,WAS,13,1999_13_WAS_DET,Norv Turner,norv_turner,
1999,ARI,14,1999_14_ARI_WAS,Vince Tobin,vince_tobin,
1999,ATL,14,1999_14_ATL_SF,Dan Reeves,dan_reeves,
1999,BAL,14,1999_14_BAL_PIT,Brian Billick,brian_billick,
1999,BUF,14,1999_14_NYG_BUF,Wade Phillips,wade_phillips,
1999,CAR,14,1999_14_CAR_GB,George Seifert,george_seifert,
1999,CIN,14,1999_14_CLE_CIN,Bruce Coslet,bruce_coslet,
1999,CLE,14,1999_14_CLE_CIN,Chris Palmer,chris_palmer,
1999,DAL,14,1999_14_PHI_DAL,Chan Gailey,chan_gailey,
1999,DEN,14,1999_14_DEN_JAX,Mike Shanahan,mike_shanahan,
1999,DET,14,1999_14_DET_TB,Bobby Ross,bobby_ross,
1999,GB,14,1999_14_CAR_GB,Ray Rhodes,ray_rhodes,
1999,IND,14,1999_14_NE_IND,Jim Mora,jim_mora,
1999,JAX,14,1999_14_DEN_JAX,Tom Coughlin,tom_coughlin,
1999,KC,14,1999_14_MIN_KC,Gunther Cunningham,gunther_cunningham,
1999,LA,14,1999_14_STL_NO,Dick Vermeil,dick_vermeil,
1999,LAC,14,1999_14_SD_SEA,Mike Riley,mike_riley,
1999,LV,14,1999_14_OAK_TEN,Jon Gruden,jon_gruden,
1999,MIA,14,1999_14_MIA_NYJ,Jimmy Johnson,jimmy_johnson,
1999,MIN,14,1999_14_MIN_KC,Dennis Green,dennis_green,
1999,NE,14,1999_14_NE_IND,Pete Carroll,pete_carroll,
1999,NO,14,1999_14_STL_NO,Mike Ditka,mike_ditka,
1999,NYG,14,1999_14_NYG_BUF,Jim Fassel,jim_fassel,
1999,NYJ,14,1999_14_MIA_NYJ,Bill Parcells,bill_parcells,
1999,PHI,14,1999_14_PHI_DAL,Andy Reid,andy_reid,
1999,PIT,14,1999_14_BAL_PIT,Bill Cowher,bill_cowher,
1999,SEA,14,1999_14_SD_SEA,Mike Holmgren,mike_holmgren,
1999,SF,14,1999_14_ATL_SF,Steve Mariucci,steve_mariucci,
1999,TB,14,1999_14_DET_TB,Tony Dungy,tony_dungy,
1999,TEN,14,1999_14_OAK_TEN,Jeff Fisher,jeff_fisher,
1999,WAS,14,1999_14_ARI_WAS,Norv Turner,norv_turner,
1999,ARI,15,1999_15_BUF_ARI,Vince Tobin,vince_tobin,
1999,ATL,15,1999_15_ATL_TEN,Dan Reeves,dan_reeves,
1999,BAL,15,1999_15_NO_BAL,Brian Billick,brian_billick,
1999,BUF,15,1999_15_BUF_ARI,Wade Phillips,wade_phillips,
1999,CAR,15,1999_15_SF_CAR,George Seifert,george_seifert,
1999,CHI,15,1999_15_DET_CHI,Dick Jauron,dick_jauron,
1999,CLE,15,1999_15_JAX_CLE,Chris Palmer,chris_palmer,
1999,DAL,15,1999_15_NYJ_DAL,Chan Gailey,chan_gailey,
1999,DEN,15,1999_15_SEA_DEN,Mike Shanahan,mike_shanahan,
1999,DET,15,1999_15_DET_CHI,Bobby Ross,bobby_ross,
1999,GB,15,1999_15_GB_MIN,Ray Rhodes,ray_rhodes,
1999,IND,15,1999_15_WAS_IND,Jim Mora,jim_mora,
1999,JAX,15,1999_15_JAX_CLE,Tom Coughlin,tom_coughlin,
1999,KC,15,1999_15_PIT_KC,Gunther Cunningham,gunther_cunningham,
1999,LA,15,1999_15_NYG_STL,Dick Vermeil,dick_vermeil,
1999,LAC,15,1999_15_SD_MIA,Mike Riley,mike_riley,
1999,LV,15,1999_15_TB_OAK,Jon Gruden,jon_gruden,
1999,MIA,15,1999_15_SD_MIA,Jimmy Johnson,jimmy_johnson,
1999,MIN,15,1999_15_GB_MIN,Dennis Green,dennis_green,
1999,NE,15,1999_15_NE_PHI,Pete Carroll,pete_carroll,
1999,NO,15,1999_15_NO_BAL,Mike Ditka,mike_ditka,
1999,NYG,15,1999_15_NYG_STL,Jim Fassel,jim_fassel,
1999,NYJ,15,1999_15_NYJ_DAL,Bill Parcells,bill_parcells,
1999,PHI,15,1999_15_NE_PHI,Andy Reid,andy_reid,
1999,PIT,15,1999_15_PIT_KC,Bill Cowher,bill_cowher,
1999,SEA,15,1999_15_SEA_DEN,Mike Holmgren,mike_holmgren,
1999,SF,15,1999_15_SF_CAR,Steve Mariucci,steve_mariucci,
1999,TB,15,1999_15_TB_OAK,Tony Dungy,tony_dungy,
1999,TEN,15,1999_15_ATL_TEN,Jeff Fisher,jeff_fisher,
1999,WAS,15,1999_15_WAS_IND,Norv Turner,norv_turner,
1999,ARI,16,1999_16_ARI_ATL,Vince Tobin,vince_tobin,
1999,ATL,16,1999_16_ARI_ATL,Dan Reeves,dan_reeves,
1999,BAL,16,1999_16_CIN_BAL,Brian Billick,brian_billick,
1999,BUF,16,1999_16_BUF_NE,Wade Phillips,wade_phillips,
1999,CAR,16,1999_16_CAR_PIT,George Seifert,george_seifert,
1999,CHI,16,1999_16_CHI_STL,Dick Jauron,dick_jauron,
1999,CIN,16,1999_16_CIN_BAL,Bruce Coslet,bruce_coslet,
1999,CLE,16,1999_16_IND_CLE,Chris Palmer,chris_palmer,
1999,DAL,16,1999_16_DAL_NO,Chan Gailey,chan_gailey,
1999,DEN,16,1999_16_DEN_DET,Mike Shanahan,mike_shanahan,
1999,DET,16,1999_16_DEN_DET,Bobby Ross,bobby_ross,
1999,GB,16,1999_16_GB_TB,Ray Rhodes,ray_rhodes,
1999,IND,16,1999_16_IND_CLE,Jim Mora,jim_mora,
1999,JAX,16,1999_16_JAX_TEN,Tom Coughlin,tom_coughlin,
1999,KC,16,1999_16_KC_SEA,Gunther Cunningham,gunther_cunningham,
1999,LA,16,1999_16_CHI_STL,Dick Vermeil,dick_vermeil,
1999,LAC,16,1999_16_OAK_SD,Mike Riley,mike_riley,
1999,LV,16,1999_16_OAK_SD,Jon Gruden,jon_gruden,
1999,MIA,16,1999_16_NYJ_MIA,Jimmy Johnson,jimmy_johnson,
1999,MIN,16,1999_16_MIN_NYG,Dennis Green,dennis_green,
1999,NE,16,1999_16_BUF_NE,Pete Carroll,pete_carroll,
1999,NO,16,1999_16_DAL_NO,Mike Ditka,mike_ditka,
1999,NYG,16,1999_16_MIN_NYG,Jim Fassel,jim_fassel,
1999,NYJ,16,1999_16_NYJ_MIA,Bill Parcells,bill_parcells,
1999,PIT,16,1999_16_CAR_PIT,Bill Cowher,bill_cowher,
1999,SEA,16,1999_16_KC_SEA,Mike Holmgren,mike_holmgren,
1999,SF,16,1999_16_WAS_SF,Steve Mariucci,steve_mariucci,
1999,TB,16,1999_16_GB_TB,Tony Dungy,tony_dungy,
1999,TEN,16,1999_16_JAX_TEN,Jeff Fisher,jeff_fisher,
1999,WAS,16,1999_16_WAS_SF,Norv Turner,norv_turner,
1999,ARI,17,1999_17_ARI_GB,Vince Tobin,vince_tobin,
1999,ATL,17,1999_17_SF_ATL,Dan Reeves,dan_reeves,
1999,BAL,17,1999_17_BAL_NE,Brian Billick,brian_billick,
1999,BUF,17,1999_17_IND_BUF,Wade Phillips,wade_phillips,
1999,CAR,17,1999_17_NO_CAR,George Seifert,george_seifert,
1999,CHI,17,1999_17_TB_CHI,Dick Jauron,dick_jauron,
1999,CIN,17,1999_17_CIN_JAX,Bruce Coslet,bruce_coslet,
1999,DAL,17,1999_17_NYG_DAL,Chan Gailey,chan_gailey,
1999,DEN,17,1999_17_SD_DEN,Mike Shanahan,mike_shanahan,
1999,DET,17,1999_17_DET_MIN,Bobby Ross,bobby_ross,
1999,GB,17,1999_17_ARI_GB,Ray Rhodes,ray_rhodes,
1999,IND,17,1999_17_IND_BUF,Jim Mora,jim_mora,
1999,JAX,17,1999_17_CIN_JAX,Tom Coughlin,tom_coughlin,
1999,KC,17,1999_17_OAK_KC,Gunther Cunningham,gunther_cunningham,
1999,LA,17,1999_17_STL_PHI,Dick Vermeil,dick_vermeil,
1999,LAC,17,1999_17_SD_DEN,Mike Riley,mike_riley,
1999,LV,17,1999_17_OAK_KC,Jon Gruden,jon_gruden,
1999,MIA,17,1999_17_MIA_WAS,Jimmy Johnson,jimmy_johnson,
1999,MIN,17,1999_17_DET_MIN,Dennis Green,dennis_green,
1999,NE,17,1999_17_BAL_NE,Pete Carroll,pete_carroll,
1999,NO,17,1999_17_NO_CAR,Mike Ditka,mike_ditka,
1999,NYG,17,1999_17_NYG_DAL,Jim Fassel,jim_fassel,
1999,NYJ,17,1999_17_SEA_NYJ,Bill Parcells,bill_parcells,
1999,PHI,17,1999_17_STL_PHI,Andy Reid,andy_reid,
1999,PIT,17,1999_17_TEN_PIT,Bill Cowher,bill_cowher,
1999,SEA,17,1999_17_SEA_NYJ,Mike Holmgren,mike_holmgren,
1999,SF,17,1999_17_SF_ATL,Steve Mariucci,steve_mariucci,
1999,TB,17,1999_17_TB_CHI,Tony Dungy,tony_dungy,
1999,TEN,17,1999_17_TEN_PIT,Jeff Fisher,jeff_fisher,
1999,WAS,17,1999_17_MIA_WAS,Norv Turner,norv_turner,
2000,ARI,1,2000_01_ARI_NYG,Vince Tobin,vince_tobin,
2000,ATL,1,2000_01_SF_ATL,Dan Reeves,dan_reeves,
2000,BAL,1,2000_01_BAL_PIT,Brian Billick,brian_billick,
2000,BUF,1,2000_01_TEN_BUF,Wade Phillips,wade_phillips,
2000,CAR,1,2000_01_CAR_WAS,George Seifert,george_seifert,
2000,CHI,1,2000_01_CHI_MIN,Dick Jauron,dick_jauron,
2000,CLE,1,2000_01_JAX_CLE,Chris Palmer,chris_palmer,
2000,DAL,1,2000_01_PHI_DAL,Dave Campo,dave_campo,
2000,DEN,1,2000_01_DEN_STL,Mike Shanahan,mike_shanahan,
2000,DET,1,2000_01_DET_NO,Bobby Ross,bobby_ross,
2000,GB,1,2000_01_NYJ_GB,Mike Sherman,mike_sherman,
2000,IND,1,2000_01_IND_KC,Jim Mora,jim_mora,
2000,JAX,1,2000_01_JAX_CLE,Tom Coughlin,tom_coughlin,
2000,KC,1,2000_01_IND_KC,Gunther Cunningham,gunther_cunningham,
2000,LA,1,2000_01_DEN_STL,Mike Martz,mike_martz,
2000,LAC,1,2000_01_SD_OAK,Mike Riley,mike_riley,
2000,LV,1,2000_01_SD_OAK,Jon Gruden,jon_gruden,
2000,MIA,1,2000_01_SEA_MIA,Dave Wannstedt,dave_wannstedt,
2000,MIN,1,2000_01_CHI_MIN,Dennis Green,dennis_green,
2000,NE,1,2000_01_TB_NE,Bill Belichick,bill_belichick,
2000,NO,1,2000_01_DET_NO,Jim Haslett,jim_haslett,
2000,NYG,1,2000_01_ARI_NYG,Jim Fassel,jim_fassel,
2000,NYJ,1,2000_01_NYJ_GB,Al Groh,al_groh,
2000,PHI,1,2000_01_PHI_DAL,Andy Reid,andy_reid,
2000,PIT,1,2000_01_BAL_PIT,Bill Cowher,bill_cowher,
2000,SEA,1,2000_01_SEA_MIA,Mike Holmgren,mike_holmgren,
2000,SF,1,2000_01_SF_ATL,Steve Mariucci,steve_mariucci,
2000,TB,1,2000_01_TB_NE,Tony Dungy,tony_dungy,
2000,TEN,1,2000_01_TEN_BUF,Jeff Fisher,jeff_fisher,
2000,WAS,1,2000_01_CAR_WAS,Norv Turner,norv_turner,
2000,ARI,2,2000_02_DAL_ARI,Vince Tobin,vince_tobin,
2000,ATL,2,2000_02_ATL_DEN,Dan Reeves,dan_reeves,
2000,BAL,2,2000_02_JAX_BAL,Brian Billick,brian_billick,
2000,BUF,2,2000_02_GB_BUF,Wade Phillips,wade_phillips,
2000,CAR,2,2000_02_CAR_SF,George Seifert,george_seifert,
2000,CHI,2,2000_02_CHI_TB,Dick Jauron,dick_jauron,
2000,CIN,2,2000_02_CLE_CIN,Bruce Coslet,bruce_coslet,
2000,CLE,2,2000_02_CLE_CIN,Chris Palmer,chris_palmer,
2000,DAL,2,2000_02_DAL_ARI,Dave Campo,dave_campo,
2000,DEN,2,2000_02_ATL_DEN,Mike Shanahan,mike_shanahan,
2000,DET,2,2000_02_WAS_DET,Bobby Ross,bobby_ross,
2000,GB,2,2000_02_GB_BUF,Mike Sherman,mike_sherman,
2000,IND,2,2000_02_OAK_IND,Jim Mora,jim_mora,
2000,JAX,2,2000_02_JAX_BAL,Tom Coughlin,tom_coughlin,
2000,KC,2,2000_02_KC_TEN,Gunther Cunningham,gunther_cunningham,
2000,LA,2,2000_02_STL_SEA,Mike Martz,mike_martz,
2000,LAC,2,2000_02_NO_SD,Mike Riley,mike_riley,
2000,LV,2,2000_02_OAK_IND,Jon Gruden,jon_gruden,
2000,MIA,2,2000_02_MIA_MIN,Dave Wannstedt,dave_wannstedt,
2000,MIN,2,2000_02_MIA_MIN,Dennis Green,dennis_green,
2000,NE,2,2000_02_NE_NYJ,Bill Belichick,bill_belichick,
2000,NO,2,2000_02_NO_SD,Jim Haslett,jim_haslett,
2000,NYG,2,2000_02_NYG_PHI,Jim Fassel,jim_fassel,
2000,NYJ,2,2000_02_NE_NYJ,Al Groh,al_groh,
2000,PHI,2,2000_02_NYG_PHI,Andy Reid,andy_reid,
2000,SEA,2,2000_02_STL_SEA,Mike Holmgren,mike_holmgren,
2000,SF,2,2000_02_CAR_SF,Steve Mariucci,steve_mariucci,
2000,TB,2,2000_02_CHI_TB,Tony Dungy,tony_dungy,
2000,TEN,2,2000_02_KC_TEN,Jeff Fisher,jeff_fisher,
2000,WAS,2,2000_02_WAS_DET,Norv Turner,norv_turner,
2000,ATL,3,2000_03_ATL_CAR,Dan Reeves,dan_reeves,
2000,BAL,3,2000_03_BAL_MIA,Brian Billick,brian_billick,
2000,BUF,3,2000_03_BUF_NYJ,Wade Phillips,wade_phillips,
2000,CAR,3,2000_03_ATL_CAR,George Seifert,george_seifert,
2000,CHI,3,2000_03_NYG_CHI,Dick Jauron,dick_jauron,
2000,CIN,3,2000_03_CIN_JAX,Bruce Coslet,bruce_coslet,
2000,CLE,3,2000_03_PIT_CLE,Chris Palmer,chris_palmer,
2000,DAL,3,2000_03_DAL_WAS,Dave Campo,dave_campo,
2000,DEN,3,2000_03_DEN_OAK,Mike Shanahan,mike_shanahan,
2000,DET,3,2000_03_TB_DET,Bobby Ross,bobby_ross,
2000,GB,3,2000_03_PHI_GB,Mike Sherman,mike_sherman,
2000,JAX,3,2000_03_CIN_JAX,Tom Coughlin,tom_coughlin,
2000,KC,3,2000_03_SD_KC,Gunther Cunningham,gunther_cunningham,
2000,LA,3,2000_03_SF_STL,Mike Martz,mike_martz,
2000,LAC,3,2000_03_SD_KC,Mike Riley,mike_riley,
2000,LV,3,2000_03_DEN_OAK,Jon Gruden,jon_gruden,
2000,MIA,3,2000_03_BAL_MIA,Dave Wannstedt,dave_wannstedt,
2000,MIN,3,2000_03_MIN_NE,Dennis Green,dennis_green,
2000,NE,3,2000_03_MIN_NE,Bill Belichick,bill_belichick,
2000,NO,3,2000_03_NO_SEA,Jim Haslett,jim_haslett,
2000,NYG,3,2000_03_NYG_CHI,Jim Fassel,jim_fassel,
2000,NYJ,3,2000_03_BUF_NYJ,Al Groh,al_groh,
2000,PHI,3,2000_03_PHI_GB,Andy Reid,andy_reid,
2000,PIT,3,2000_03_PIT_CLE,Bill Cowher,bill_cowher,
2000,SEA,3,2000_03_NO_SEA,Mike Holmgren,mike_holmgren,
2000,SF,3,2000_03_SF_STL,Steve Mariucci,steve_mariucci,
2000,TB,3,2000_03_TB_DET,Tony Dungy,tony_dungy,
2000,WAS,3,2000_03_DAL_WAS,Norv Turner,norv_turner,
2000,ARI,4,2000_04_GB_ARI,Vince Tobin,vince_tobin,
2000,ATL,4,2000_04_STL_ATL,Dan Reeves,dan_reeves,
2000,BAL,4,2000_04_CIN_BAL,Brian Billick,brian_billick,
2000,CHI,4,2000_04_DET_CHI,Dick Jauron,dick_jauron,
2000,CIN,4,2000_04_CIN_BAL,Bruce Coslet,bruce_coslet,
2000,CLE,4,2000_04_CLE_OAK,Chris Palmer,chris_palmer,
2000,DAL,4,2000_04_SF_DAL,Dave Campo,dave_campo,
2000,DEN,4,2000_04_KC_DEN,Mike Shanahan,mike_shanahan,
2000,DET,4,2000_04_DET_CHI,Bobby Ross,bobby_ross,
2000,GB,4,2000_04_GB_ARI,Mike Sherman,mike_sherman,
2000,IND,4,2000_04_JAX_IND,Jim Mora,jim_mora,
2000,JAX,4,2000_04_JAX_IND,Tom Coughlin,tom_coughlin,
2000,KC,4,2000_04_KC_DEN,Gunther Cunningham,gunther_cunningham,
2000,LA,4,2000_04_STL_ATL,Mike Martz,mike_martz,
2000,LAC,4,2000_04_SEA_SD,Mike Riley,mike_riley,
2000,LV,4,2000_04_CLE_OAK,Jon Gruden,jon_gruden,
2000,MIA,4,2000_04_NE_MIA,Dave Wannstedt,dave_wannstedt,
2000,NE,4,2000_04_NE_MIA,Bill Belichick,bill_belichick,
2000,NO,4,2000_04_PHI_NO,Jim Haslett,jim_haslett,
2000,NYG,4,2000_04_WAS_NYG,Jim Fassel,jim_fassel,
2000,NYJ,4,2000_04_NYJ_TB,Al Groh,al_groh,
2000,PHI,4,2000_04_PHI_NO,Andy Reid,andy_reid,
2000,PIT,4,2000_04_TEN_PIT,Bill Cowher,bill_cowher,
2000,SEA,4,2000_04_SEA_SD,Mike Holmgren,mike_holmgren,
2000,SF,4,2000_04_SF_DAL,Steve Mariucci,steve_mariucci,
2000,TB,4,2000_04_NYJ_TB,Tony Dungy,tony_dungy,
2000,TEN,4,2000_04_TEN_PIT,Jeff Fisher,jeff_fisher,
2000,WAS,4,2000_04_WAS_NYG,Terry Robiskie,terry_robiskie,
2000,ARI,5,2000_05_ARI_SF,Vince Tobin,vince_tobin,
2000,ATL,5,2000_05_ATL_PHI,Dan Reeves,dan_reeves,
2000,BAL,5,2000_05_BAL_CLE,Brian Billick,brian_billick,
2000,BUF,5,2000_05_IND_BUF,Wade Phillips,wade_phillips,
2000,CAR,5,2000_05_DAL_CAR,George Seifert,george_seifert,
2000,CHI,5,2000_05_CHI_GB,Dick Jauron,dick_jauron,
2000,CIN,5,2000_05_MIA_CIN,Dick LeBeau,dick_lebeau,
2000,CLE,5,2000_05_BAL_CLE,Chris Palmer,chris_palmer,
2000,DAL,5,2000_05_DAL_CAR,Dave Campo,dave_campo,
2000,DEN,5,2000_05_NE_DEN,Mike Shanahan,mike_shanahan,
2000,DET,5,2000_05_MIN_DET,Bobby Ross,bobby_ross,
2000,GB,5,2000_05_CHI_GB,Mike Sherman,mike_sherman,
2000,IND,5,2000_05_IND_BUF,Jim Mora,jim_mora,
2000,JAX,5,2000_05_PIT_JAX,Tom Coughlin,tom_coughlin,
2000,KC,5,2000_05_SEA_KC,Gunther Cunningham,gunther_cunningham,
2000,LA,5,2000_05_SD_STL,Mike Martz,mike_martz,
2000,LAC,5,2000_05_SD_STL,Mike Riley,mike_riley,
2000,MIA,5,2000_05_MIA_CIN,Dave Wannstedt,dave_wannstedt,
2000,MIN,5,2000_05_MIN_DET,Dennis Green,dennis_green,
2000,NE,5,2000_05_NE_DEN,Bill Belichick,bill_belichick,
2000,NYG,5,2000_05_NYG_TEN,Jim Fassel,jim_fassel,
2000,PHI,5,2000_05_ATL_PHI,Andy Reid,andy_reid,
2000,PIT,5,2000_05_PIT_JAX,Bill Cowher,bill_cowher,
2000,SEA,5,2000_05_SEA_KC,Mike Holmgren,mike_holmgren,
2000,SF,5,2000_05_ARI_SF,Steve Mariucci,steve_mariucci,
2000,TB,5,2000_05_TB_WAS,Tony Dungy,tony_dungy,
2000,TEN,5,2000_05_NYG_TEN,Jeff Fisher,jeff_fisher,
2000,WAS,5,2000_05_TB_WAS,Terry Robiskie,terry_robiskie,
2000,ARI,6,2000_06_CLE_ARI,Vince Tobin,vince_tobin,
2000,ATL,6,2000_06_NYG_ATL,Dan Reeves,dan_reeves,
2000,BAL,6,2000_06_BAL_JAX,Brian Billick,brian_billick,
2000,BUF,6,2000_06_BUF_MIA,Wade Phillips,wade_phillips,
2000,CAR,6,2000_06_SEA_CAR,George Seifert,george_seifert,
2000,CHI,6,2000_06_NO_CHI,Dick Jauron,dick_jauron,
2000,CIN,6,2000_06_TEN_CIN,Dick LeBeau,dick_lebeau,
2000,CLE,6,2000_06_CLE_ARI,Chris Palmer,chris_palmer,
2000,DEN,6,2000_06_DEN_SD,Mike Shanahan,mike_shanahan,
2000,DET,6,2000_06_GB_DET,Bobby Ross,bobby_ross,
2000,GB,6,2000_06_GB_DET,Mike Sherman,mike_sherman,
2000,IND,6,2000_06_IND_NE,Jim Mora,jim_mora,
2000,JAX,6,2000_06_BAL_JAX,Tom Coughlin,tom_coughlin,
2000,LAC,6,2000_06_DEN_SD,Mike Riley,mike_riley,
2000,LV,6,2000_06_OAK_SF,Jon Gruden,jon_gruden,
2000,MIA,6,2000_06_BUF_MIA,Dave Wannstedt,dave_wannstedt,
2000,MIN,6,2000_06_TB_MIN,Dennis Green,dennis_green,
2000,NE,6,2000_06_IND_NE,Bill Belichick,bill_belichick,
2000,NO,6,2000_06_NO_CHI,Jim Haslett,jim_haslett,
2000,NYG,6,2000_06_NYG_ATL,Jim Fassel,jim_fassel,
2000,NYJ,6,2000_06_PIT_NYJ,Al Groh,al_groh,
2000,PHI,6,2000_06_WAS_PHI,Andy Reid,andy_reid,
2000,PIT,6,2000_06_PIT_NYJ,Bill Cowher,bill_cowher,
2000,SEA,6,2000_06_SEA_CAR,Mike Holmgren,mike_holmgren,
2000,SF,6,2000_06_OAK_SF,Steve Mariucci,steve_mariucci,
2000,TB,6,2000_06_TB_MIN,Tony Dungy,tony_dungy,
2000,TEN,6,2000_06_TEN_CIN,Jeff Fisher,jeff_fisher,
2000,WAS,6,2000_06_WAS_PHI,Terry Robiskie,terry_robiskie,
2000,ARI,7,2000_07_PHI_ARI,Vince Tobin,vince_tobin,
2000,ATL,7,2000_07_ATL_STL,Dan Reeves,dan_reeves,
2000,BAL,7,2000_07_BAL_WAS,Brian Billick,brian_billick,
2000,BUF,7,2000_07_SD_BUF,Wade Phillips,wade_phillips,
2000,CAR,7,2000_07_CAR_NO,George Seifert,george_seifert,
2000,CHI,7,2000_07_MIN_CHI,Dick Jauron,dick_jauron,
2000,CIN,7,2000_07_CIN_PIT,Dick LeBeau,dick_lebeau,
2000,CLE,7,2000_07_CLE_DEN,Chris Palmer,chris_palmer,
2000,DAL,7,2000_07_DAL_NYG,Dave Campo,dave_campo,
2000,DEN,7,2000_07_CLE_DEN,Mike Shanahan,mike_shanahan,
2000,GB,7,2000_07_SF_GB,Mike Sherman,mike_sherman,
2000,IND,7,2000_07_IND_SEA,Jim Mora,jim_mora,
2000,JAX,7,2000_07_JAX_TEN,Tom Coughlin,tom_coughlin,
2000,KC,7,2000_07_OAK_KC,Gunther Cunningham,gunther_cunningham,
2000,LA,7,2000_07_ATL_STL,Mike Martz,mike_martz,
2000,LAC,7,2000_07_SD_BUF,Mike Riley,mike_riley,
2000,LV,7,2000_07_OAK_KC,Jon Gruden,jon_gruden,
2000,MIN,7,2000_07_MIN_CHI,Dennis Green,dennis_green,
2000,NE,7,2000_07_NYJ_NE,Bill Belichick,bill_belichick,
2000,NO,7,2000_07_CAR_NO,Jim Haslett,jim_haslett,
2000,NYG,7,2000_07_DAL_NYG,Jim Fassel,jim_fassel,
2000,NYJ,7,2000_07_NYJ_NE,Al Groh,al_groh,
2000,PHI,7,2000_07_PHI_ARI,Andy Reid,andy_reid,
2000,PIT,7,2000_07_CIN_PIT,Bill Cowher,bill_cowher,
2000,SEA,7,2000_07_IND_SEA,Mike Holmgren,mike_holmgren,
2000,SF,7,2000_07_SF_GB,Steve Mariucci,steve_mariucci,
2000,TEN,7,2000_07_JAX_TEN,Jeff Fisher,jeff_fisher,
2000,WAS,7,2000_07_BAL_WAS,Terry Robiskie,terry_robiskie,
2000,ARI,8,2000_08_ARI_DAL,Vince Tobin,vince_tobin,
2000,ATL,8,2000_08_NO_ATL,Dan Reeves,dan_reeves,
2000,BAL,8,2000_08_TEN_BAL,Brian Billick,brian_billick,
2000,BUF,8,2000_08_BUF_MIN,Wade Phillips,wade_phillips,
2000,CAR,8,2000_08_SF_CAR,George Seifert,george_seifert,
2000,CHI,8,2000_08_CHI_PHI,Dick Jauron,dick_jauron,
2000,CIN,8,2000_08_DEN_CIN,Dick LeBeau,dick_lebeau,
2000,CLE,8,2000_08_CLE_PIT,Chris Palmer,chris_palmer,
2000,DAL,8,2000_08_ARI_DAL,Dave Campo,dave_campo,
2000,DEN,8,2000_08_DEN_CIN,Mike Shanahan,mike_shanahan,
2000,DET,8,2000_08_DET_TB,Bobby Ross,bobby_ross,
2000,IND,8,2000_08_NE_IND,Jim Mora,jim_mora,
2000,JAX,8,2000_08_WAS_JAX,Tom Coughlin,tom_coughlin,
2000,KC,8,2000_08_STL_KC,Gunther Cunningham,gunther_cunningham,
2000,LA,8,2000_08_STL_KC,Mike Martz,mike_martz,
2000,LV,8,2000_08_SEA_OAK,Jon Gruden,jon_gruden,
2000,MIA,8,2000_08_MIA_NYJ,Dave Wannstedt,dave_wannstedt,
2000,MIN,8,2000_08_BUF_MIN,Dennis Green,dennis_green,
2000,NE,8,2000_08_NE_IND,Bill Belichick,bill_belichick,
2000,NO,8,2000_08_NO_ATL,Jim Haslett,jim_haslett,
2000,NYJ,8,2000_08_MIA_NYJ,Al Groh,al_groh,
2000,PHI,8,2000_08_CHI_PHI,Andy Reid,andy_reid,
2000,PIT,8,2000_08_CLE_PIT,Bill Cowher,bill_cowher,
2000,SEA,8,2000_08_SEA_OAK,Mike Holmgren,mike_holmgren,
2000,SF,8,2000_08_SF_CAR,Steve Mariucci,steve_mariucci,
2000,TB,8,2000_08_DET_TB,Tony Dungy,tony_dungy,
2000,TEN,8,2000_08_TEN_BAL,Jeff Fisher,jeff_fisher,
2000,WAS,8,2000_08_WAS_JAX,Terry Robiskie,terry_robiskie,
2000,ARI,9,2000_09_NO_ARI,Vince Tobin,vince_tobin,
2000,ATL,9,2000_09_CAR_ATL,Dan Reeves,dan_reeves,
2000,BAL,9,2000_09_PIT_BAL,Brian Billick,brian_billick,
2000,BUF,9,2000_09_NYJ_BUF,Wade Phillips,wade_phillips,
2000,CAR,9,2000_09_CAR_ATL,George Seifert,george_seifert,
2000,CIN,9,2000_09_CIN_CLE,Dick LeBeau,dick_lebeau,
2000,CLE,9,2000_09_CIN_CLE,Chris Palmer,chris_palmer,
2000,DAL,9,2000_09_JAX_DAL,Dave Campo,dave_campo,
2000,DET,9,2000_09_DET_IND,Gary Moeller,gary_moeller,
2000,GB,9,2000_09_GB_MIA,Mike Sherman,mike_sherman,
2000,IND,9,2000_09_DET_IND,Jim Mora,jim_mora,
2000,JAX,9,2000_09_JAX_DAL,Tom Coughlin,tom_coughlin,
2000,KC,9,2000_09_KC_SEA,Gunther Cunningham,gunther_cunningham,
2000,LA,9,2000_09_STL_SF,Mike Martz,mike_martz,
2000,LAC,9,2000_09_OAK_SD,Mike Riley,mike_riley,
2000,LV,9,2000_09_OAK_SD,Jon Gruden,jon_gruden,
2000,MIA,9,2000_09_GB_MIA,Dave Wannstedt,dave_wannstedt,
2000,MIN,9,2000_09_MIN_TB,Dennis Green,dennis_green,
2000,NO,9,2000_09_NO_ARI,Jim Haslett,jim_haslett,
2000,NYG,9,2000_09_PHI_NYG,Jim Fassel,jim_fassel,
2000,NYJ,9,2000_09_NYJ_BUF,Al Groh,al_groh,
2000,PHI,9,2000_09_PHI_NYG,Andy Reid,andy_reid,
2000,PIT,9,2000_09_PIT_BAL,Bill Cowher,bill_cowher,
2000,SEA,9,2000_09_KC_SEA,Mike Holmgren,mike_holmgren,
2000,SF,9,2000_09_STL_SF,Steve Mariucci,steve_mariucci,
2000,TB,9,2000_09_MIN_TB,Tony Dungy,tony_dungy,
2000,TEN,9,2000_09_TEN_WAS,Jeff Fisher,jeff_fisher,
2000,WAS,9,2000_09_TEN_WAS,Terry Robiskie,terry_robiskie,
2000,ARI,10,2000_10_WAS_ARI,Vince Tobin,vince_tobin,
2000,ATL,10,2000_10_TB_ATL,Dan Reeves,dan_reeves,
2000,BAL,10,2000_10_BAL_CIN,Brian Billick,brian_billick,
2000,BUF,10,2000_10_BUF_NE,Wade Phillips,wade_phillips,
2000,CAR,10,2000_10_CAR_STL,George Seifert,george_seifert,
2000,CHI,10,2000_10_IND_CHI,Dick Jauron,dick_jauron,
2000,CIN,10,2000_10_BAL_CIN,Dick LeBeau,dick_lebeau,
2000,CLE,10,2000_10_NYG_CLE,Chris Palmer,chris_palmer,
2000,DAL,10,2000_10_DAL_PHI,Dave Campo,dave_campo,
2000,DEN,10,2000_10_DEN_NYJ,Mike Shanahan,mike_shanahan,
2000,DET,10,2000_10_MIA_DET,Gary Moeller,gary_moeller,
2000,GB,10,2000_10_MIN_GB,Mike Sherman,mike_sherman,
2000,IND,10,2000_10_IND_CHI,Jim Mora,jim_mora,
2000,KC,10,2000_10_KC_OAK,Gunther Cunningham,gunther_cunningham,
2000,LA,10,2000_10_CAR_STL,Mike Martz,mike_martz,
2000,LAC,10,2000_10_SD_SEA,Mike Riley,mike_riley,
2000,LV,10,2000_10_KC_OAK,Jon Gruden,jon_gruden,
2000,MIA,10,2000_10_MIA_DET,Dave Wannstedt,dave_wannstedt,
2000,MIN,10,2000_10_MIN_GB,Dennis Green,dennis_green,
2000,NE,10,2000_10_BUF_NE,Bill Belichick,bill_belichick,
2000,NO,10,2000_10_SF_NO,Jim Haslett,jim_haslett,
2000,NYG,10,2000_10_NYG_CLE,Jim Fassel,jim_fassel,
2000,NYJ,10,2000_10_DEN_NYJ,Al Groh,al_groh,
2000,PHI,10,2000_10_DAL_PHI,Andy Reid,andy_reid,
2000,PIT,10,2000_10_PIT_TEN,Bill Cowher,bill_cowher,
2000,SEA,10,2000_10_SD_SEA,Mike Holmgren,mike_holmgren,
2000,SF,10,2000_10_SF_NO,Steve Mariucci,steve_mariucci,
2000,TB,10,2000_10_TB_ATL,Tony Dungy,tony_dungy,
2000,TEN,10,2000_10_PIT_TEN,Jeff Fisher,jeff_fisher,
2000,WAS,10,2000_10_WAS_ARI,Terry Robiskie,terry_robiskie,
2000,ARI,11,2000_11_ARI_MIN,Dave McGinnis,dave_mcginnis,
2000,ATL,11,2000_11_ATL_DET,Dan Reeves,dan_reeves,
2000,BAL,11,2000_11_BAL_TEN,Brian Billick,brian_billick,
2000,BUF,11,2000_11_CHI_BUF,Wade Phillips,wade_phillips,
2000,CAR,11,2000_11_NO_CAR,George Seifert,george_seifert,
2000,CHI,11,2000_11_CHI_BUF,Dick Jauron,dick_jauron,
2000,CIN,11,2000_11_CIN_DAL,Dick LeBeau,dick_lebeau,
2000,CLE,11,2000_11_NE_CLE,Chris Palmer,chris_palmer,
2000,DAL,11,2000_11_CIN_DAL,Dave Campo,dave_campo,
2000,DEN,11,2000_11_OAK_DEN,Mike Shanahan,mike_shanahan,
2000,DET,11,2000_11_ATL_DET,Gary Moeller,gary_moeller,
2000,GB,11,2000_11_GB_TB,Mike Sherman,mike_sherman,
2000,IND,11,2000_11_NYJ_IND,Jim Mora,jim_mora,
2000,JAX,11,2000_11_SEA_JAX,Tom Coughlin,tom_coughlin,
2000,KC,11,2000_11_KC_SF,Gunther Cunningham,gunther_cunningham,
2000,LA,11,2000_11_STL_NYG,Mike Martz,mike_martz,
2000,LAC,11,2000_11_MIA_SD,Mike Riley,mike_riley,
2000,LV,11,2000_11_OAK_DEN,Jon Gruden,jon_gruden,
2000,MIA,11,2000_11_MIA_SD,Dave Wannstedt,dave_wannstedt,
2000,MIN,11,2000_11_ARI_MIN,Dennis Green,dennis_green,
2000,NE,11,2000_11_NE_CLE,Bill Belichick,bill_belichick,
2000,NO,11,2000_11_NO_CAR,Jim Haslett,jim_haslett,
2000,NYG,11,2000_11_STL_NYG,Jim Fassel,jim_fassel,
2000,NYJ,11,2000_11_NYJ_IND,Al Groh,al_groh,
2000,PHI,11,2000_11_PHI_PIT,Andy Reid,andy_reid,
2000,PIT,11,2000_11_PHI_PIT,Bill Cowher,bill_cowher,
2000,SEA,11,2000_11_SEA_JAX,Mike Holmgren,mike_holmgren,
2000,SF,11,2000_11_KC_SF,Steve Mariucci,steve_mariucci,
2000,TB,11,2000_11_GB_TB,Tony Dungy,tony_dungy,
2000,TEN,11,2000_11_BAL_TEN,Jeff Fisher,jeff_fisher,
2000,ARI,12,2000_12_ARI_PHI,Dave McGinnis,dave_mcginnis,
2000,ATL,12,2000_12_ATL_SF,Dan Reeves,dan_reeves,
2000,BAL,12,2000_12_DAL_BAL,Brian Billick,brian_billick,
2000,BUF,12,2000_12_BUF_KC,Wade Phillips,wade_phillips,
2000,CAR,12,2000_12_CAR_MIN,George Seifert,george_seifert,
2000,CHI,12,2000_12_TB_CHI,Dick Jauron,dick_jauron,
2000,CIN,12,2000_12_CIN_NE,Dick LeBeau,dick_lebeau,
2000,CLE,12,2000_12_CLE_TEN,Chris Palmer,chris_palmer,
2000,DAL,12,2000_12_DAL_BAL,Dave Campo,dave_campo,
2000,DEN,12,2000_12_SD_DEN,Mike Shanahan,mike_shanahan,
2000,DET,12,2000_12_DET_NYG,Gary Moeller,gary_moeller,
2000,GB,12,2000_12_IND_GB,Mike Sherman,mike_sherman,
2000,IND,12,2000_12_IND_GB,Jim Mora,jim_mora,
2000,JAX,12,2000_12_JAX_PIT,Tom Coughlin,tom_coughlin,
2000,KC,12,2000_12_BUF_KC,Gunther Cunningham,gunther_cunningham,
2000,LA,12,2000_12_WAS_STL,Mike Martz,mike_martz,
2000,LAC,12,2000_12_SD_DEN,Mike Riley,mike_riley,
2000,LV,12,2000_12_OAK_NO,Jon Gruden,jon_gruden,
2000,MIA,12,2000_12_NYJ_MIA,Dave Wannstedt,dave_wannstedt,
2000,MIN,12,2000_12_CAR_MIN,Dennis Green,dennis_green,
2000,NE,12,2000_12_CIN_NE,Bill Belichick,bill_belichick,
2000,NO,12,2000_12_OAK_NO,Jim Haslett,jim_haslett,
2000,NYG,12,2000_12_DET_NYG,Jim Fassel,jim_fassel,
2000,NYJ,12,2000_12_NYJ_MIA,Al Groh,al_groh,
2000,PHI,12,2000_12_ARI_PHI,Andy Reid,andy_reid,
2000,PIT,12,2000_12_JAX_PIT,Bill Cowher,bill_cowher,
2000,SF,12,2000_12_ATL_SF,Steve Mariucci,steve_mariucci,
2000,TB,12,2000_12_TB_CHI,Tony Dungy,tony_dungy,
2000,TEN,12,2000_12_CLE_TEN,Jeff Fisher,jeff_fisher,
2000,WAS,12,2000_12_WAS_STL,Terry Robiskie,terry_robiskie,
2000,ARI,13,2000_13_NYG_ARI,Dave McGinnis,dave_mcginnis,
2000,ATL,13,2000_13_ATL_OAK,Dan Reeves,dan_reeves,
2000,BAL,13,2000_13_CLE_BAL,Brian Billick,brian_billick,
2000,BUF,13,2000_13_BUF_TB,Wade Phillips,wade_phillips,
2000,CAR,13,2000_13_GB_CAR,George Seifert,george_seifert,
2000,CHI,13,2000_13_CHI_NYJ,Dick Jauron,dick_jauron,
2000,CIN,13,2000_13_PIT_CIN,Dick LeBeau,dick_lebeau,
2000,CLE,13,2000_13_CLE_BAL,Chris Palmer,chris_palmer,
2000,DAL,13,2000_13_MIN_DAL,Dave Campo,dave_campo,
2000,DEN,13,2000_13_DEN_SEA,Mike Shanahan,mike_shanahan,
2000,DET,13,2000_13_NE_DET,Gary Moeller,gary_moeller,
2000,GB,13,2000_13_GB_CAR,Mike Sherman,mike_sherman,
2000,IND,13,2000_13_MIA_IND,Jim Mora,jim_mora,
2000,JAX,13,2000_13_TEN_JAX,Tom Coughlin,tom_coughlin,
2000,KC,13,2000_13_KC_SD,Gunther Cunningham,gunther_cunningham,
2000,LA,13,2000_13_NO_STL,Mike Martz,mike_martz,
2000,LAC,13,2000_13_KC_SD,Mike Riley,mike_riley,
2000,LV,13,2000_13_ATL_OAK,Jon Gruden,jon_gruden,
2000,MIA,13,2000_13_MIA_IND,Dave Wannstedt,dave_wannstedt,
2000,MIN,13,2000_13_MIN_DAL,Dennis Green,dennis_green,
2000,NE,13,2000_13_NE_DET,Bill Belichick,bill_belichick,
2000,NO,13,2000_13_NO_STL,Jim Haslett,jim_haslett,
2000,NYG,13,2000_13_NYG_ARI,Jim Fassel,jim_fassel,
2000,NYJ,13,2000_13_CHI_NYJ,Al Groh,al_groh,
2000,PHI,13,2000_13_PHI_WAS,Andy Reid,andy_reid,
2000,PIT,13,2000_13_PIT_CIN,Bill Cowher,bill_cowher,
2000,SEA,13,2000_13_DEN_SEA,Mike Holmgren,mike_holmgren,
2000,TB,13,2000_13_BUF_TB,Tony Dungy,tony_dungy,
2000,TEN,13,2000_13_TEN_JAX,Jeff Fisher,jeff_fisher,
2000,WAS,13,2000_13_PHI_WAS,Terry Robiskie,terry_robiskie,
2000,ARI,14,2000_14_ARI_CIN,Dave McGinnis,dave_mcginnis,
2000,ATL,14,2000_14_SEA_ATL,Dan Reeves,dan_reeves,
2000,BUF,14,2000_14_MIA_BUF,Wade Phillips,wade_phillips,
2000,CAR,14,2000_14_STL_CAR,George Seifert,george_seifert,
2000,CHI,14,2000_14_GB_CHI,Dick Jauron,dick_jauron,
2000,CIN,14,2000_14_ARI_CIN,Dick LeBeau,dick_lebeau,
2000,CLE,14,2000_14_CLE_JAX,Chris Palmer,chris_palmer,
2000,DAL,14,2000_14_DAL_TB,Dave Campo,dave_campo,
2000,DEN,14,2000_14_DEN_NO,Mike Shanahan,mike_shanahan,
2000,DET,14,2000_14_DET_MIN,Gary Moeller,gary_moeller,
2000,GB,14,2000_14_GB_CHI,Mike Sherman,mike_sherman,
2000,IND,14,2000_14_IND_NYJ,Jim Mora,jim_mora,
2000,JAX,14,2000_14_CLE_JAX,Tom Coughlin,tom_coughlin,
2000,KC,14,2000_14_KC_NE,Gunther Cunningham,gunther_cunningham,
2000,LA,14,2000_14_STL_CAR,Mike Martz,mike_martz,
2000,LAC,14,2000_14_SF_SD,Mike Riley,mike_riley,
2000,LV,14,2000_14_OAK_PIT,Jon Gruden,jon_gruden,
2000,MIA,14,2000_14_MIA_BUF,Dave Wannstedt,dave_wannstedt,
2000,MIN,14,2000_14_DET_MIN,Dennis Green,dennis_green,
2000,NE,14,2000_14_KC_NE,Bill Belichick,bill_belichick,
2000,NO,14,2000_14_DEN_NO,Jim Haslett,jim_haslett,
2000,NYG,14,2000_14_NYG_WAS,Jim Fassel,jim_fassel,
2000,NYJ,14,2000_14_IND_NYJ,Al Groh,al_groh,
2000,PHI,14,2000_14_TEN_PHI,Andy Reid,andy_reid,
2000,PIT,14,2000_14_OAK_PIT,Bill Cowher,bill_cowher,
2000,SEA,14,2000_14_SEA_ATL,Mike Holmgren,mike_holmgren,
2000,SF,14,2000_14_SF_SD,Steve Mariucci,steve_mariucci,
2000,TB,14,2000_14_DAL_TB,Tony Dungy,tony_dungy,
2000,TEN,14,2000_14_TEN_PHI,Jeff Fisher,jeff_fisher,
2000,WAS,14,2000_14_NYG_WAS,Terry Robiskie,terry_robiskie,
2000,ARI,15,2000_15_ARI_JAX,Dave McGinnis,dave_mcginnis,
2000,BAL,15,2000_15_SD_BAL,Brian Billick,brian_billick,
2000,BUF,15,2000_15_BUF_IND,Wade Phillips,wade_phillips,
2000,CAR,15,2000_15_CAR_KC,George Seifert,george_seifert,
2000,CHI,15,2000_15_NE_CHI,Dick Jauron,dick_jauron,
2000,CIN,15,2000_15_CIN_TEN,Dick LeBeau,dick_lebeau,
2000,CLE,15,2000_15_PHI_CLE,Chris Palmer,chris_palmer,
2000,DAL,15,2000_15_WAS_DAL,Dave Campo,dave_campo,
2000,DEN,15,2000_15_SEA_DEN,Mike Shanahan,mike_shanahan,
2000,DET,15,2000_15_DET_GB,Gary Moeller,gary_moeller,
2000,GB,15,2000_15_DET_GB,Mike Sherman,mike_sherman,
2000,IND,15,2000_15_BUF_IND,Jim Mora,jim_mora,
2000,JAX,15,2000_15_ARI_JAX,Tom Coughlin,tom_coughlin,
2000,KC,15,2000_15_CAR_KC,Gunther Cunningham,gunther_cunningham,
2000,LA,15,2000_15_MIN_STL,Mike Martz,mike_martz,
2000,LAC,15,2000_15_SD_BAL,Mike Riley,mike_riley,
2000,LV,15,2000_15_NYJ_OAK,Jon Gruden,jon_gruden,
2000,MIA,15,2000_15_TB_MIA,Dave Wannstedt,dave_wannstedt,
2000,MIN,15,2000_15_MIN_STL,Dennis Green,dennis_green,
2000,NE,15,2000_15_NE_CHI,Bill Belichick,bill_belichick,
2000,NO,15,2000_15_NO_SF,Jim Haslett,jim_haslett,
2000,NYG,15,2000_15_PIT_NYG,Jim Fassel,jim_fassel,
2000,NYJ,15,2000_15_NYJ_OAK,Al Groh,al_groh,
2000,PHI,15,2000_15_PHI_CLE,Andy Reid,andy_reid,
2000,PIT,15,2000_15_PIT_NYG,Bill Cowher,bill_cowher,
2000,SEA,15,2000_15_SEA_DEN,Mike Holmgren,mike_holmgren,
2000,SF,15,2000_15_NO_SF,Steve Mariucci,steve_mariucci,
2000,TB,15,2000_15_TB_MIA,Tony Dungy,tony_dungy,
2000,TEN,15,2000_15_CIN_TEN,Jeff Fisher,jeff_fisher,
2000,WAS,15,2000_15_WAS_DAL,Terry Robiskie,terry_robiskie,
2000,ARI,16,2000_16_BAL_ARI,Dave McGinnis,dave_mcginnis,
2000,ATL,16,2000_16_ATL_NO,Dan Reeves,dan_reeves,
2000,BAL,16,2000_16_BAL_ARI,Brian Billick,brian_billick,
2000,BUF,16,2000_16_NE_BUF,Wade Phillips,wade_phillips,
2000,CAR,16,2000_16_SD_CAR,George Seifert,george_seifert,
2000,CHI,16,2000_16_CHI_SF,Dick Jauron,dick_jauron,
2000,CIN,16,2000_16_JAX_CIN,Dick LeBeau,dick_lebeau,
2000,CLE,16,2000_16_TEN_CLE,Chris Palmer,chris_palmer,
2000,DAL,16,2000_16_NYG_DAL,Dave Campo,dave_campo,
2000,DEN,16,2000_16_DEN_KC,Mike Shanahan,mike_shanahan,
2000,DET,16,2000_16_DET_NYJ,Gary Moeller,gary_moeller,
2000,GB,16,2000_16_GB_MIN,Mike Sherman,mike_sherman,
2000,IND,16,2000_16_IND_MIA,Jim Mora,jim_mora,
2000,JAX,16,2000_16_JAX_CIN,Tom Coughlin,tom_coughlin,
2000,KC,16,2000_16_DEN_KC,Gunther Cunningham,gunther_cunningham,
2000,LA,16,2000_16_STL_TB,Mike Martz,mike_martz,
2000,LAC,16,2000_16_SD_CAR,Mike Riley,mike_riley,
2000,LV,16,2000_16_OAK_SEA,Jon Gruden,jon_gruden,
2000,MIA,16,2000_16_IND_MIA,Dave Wannstedt,dave_wannstedt,
2000,MIN,16,2000_16_GB_MIN,Dennis Green,dennis_green,
2000,NE,16,2000_16_NE_BUF,Bill Belichick,bill_belichick,
2000,NO,16,2000_16_ATL_NO,Jim Haslett,jim_haslett,
2000,NYG,16,2000_16_NYG_DAL,Jim Fassel,jim_fassel,
2000,NYJ,16,2000_16_DET_NYJ,Al Groh,al_groh,
2000,PIT,16,2000_16_WAS_PIT,Bill Cowher,bill_cowher,
2000,SEA,16,2000_16_OAK_SEA,Mike Holmgren,mike_holmgren,
2000,SF,16,2000_16_CHI_SF,Steve Mariucci,steve_mariucci,
2000,TB,16,2000_16_STL_TB,Tony Dungy,tony_dungy,
2000,TEN,16,2000_16_TEN_CLE,Jeff Fisher,jeff_fisher,
2000,WAS,16,2000_16_WAS_PIT,Terry Robiskie,terry_robiskie,
2000,ARI,17,2000_17_ARI_WAS,Dave McGinnis,dave_mcginnis,
2000,ATL,17,2000_17_KC_ATL,Dan Reeves,dan_reeves,
2000,BAL,17,2000_17_NYJ_BAL,Brian Billick,brian_billick,
2000,BUF,17,2000_17_BUF_SEA,Wade Phillips,wade_phillips,
2000,CAR,17,2000_17_CAR_OAK,George Seifert,george_seifert,
2000,CHI,17,2000_17_CHI_DET,Dick Jauron,dick_jauron,
2000,CIN,17,2000_17_CIN_PHI,Dick LeBeau,dick_lebeau,
2000,DAL,17,2000_17_DAL_TEN,Dave Campo,dave_campo,
2000,DEN,17,2000_17_SF_DEN,Mike Shanahan,mike_shanahan,
2000,DET,17,2000_17_CHI_DET,Gary Moeller,gary_moeller,
2000,GB,17,2000_17_TB_GB,Mike Sherman,mike_sherman,
2000,IND,17,2000_17_MIN_IND,Jim Mora,jim_mora,
2000,JAX,17,2000_17_JAX_NYG,Tom Coughlin,tom_coughlin,
2000,KC,17,2000_17_KC_ATL,Gunther Cunningham,gunther_cunningham,
2000,LA,17,2000_17_STL_NO,Mike Martz,mike_martz,
2000,LAC,17,2000_17_PIT_SD,Mike Riley,mike_riley,
2000,LV,17,2000_17_CAR_OAK,Jon Gruden,jon_gruden,
2000,MIA,17,2000_17_MIA_NE,Dave Wannstedt,dave_wannstedt,
2000,MIN,17,2000_17_MIN_IND,Dennis Green,dennis_green,
2000,NE,17,2000_17_MIA_NE,Bill Belichick,bill_belichick,
2000,NO,17,2000_17_STL_NO,Jim Haslett,jim_haslett,
2000,NYG,17,2000_17_JAX_NYG,Jim Fassel,jim_fassel,
2000,NYJ,17,2000_17_NYJ_BAL,Al Groh,al_groh,
2000,PHI,17,2000_17_CIN_PHI,Andy Reid,andy_reid,
2000,PIT,17,2000_17_PIT_SD,Bill Cowher,bill_cowher,
2000,SEA,17,2000_17_BUF_SEA,Mike Holmgren,mike_holmgren,
2000,SF,17,2000_17_SF_DEN,Steve Mariucci,steve_mariucci,
2000,TB,17,2000_17_TB_GB,Tony Dungy,tony_dungy,
2000,TEN,17,2000_17_DAL_TEN,Jeff Fisher,jeff_fisher,
2000,WAS,17,2000_17_ARI_WAS,Terry Robiskie,terry_robiskie,
2001,ATL,1,2001_01_ATL_SF,Dan Reeves,dan_reeves,
2001,BAL,1,2001_01_CHI_BAL,Brian Billick,brian_billick,
2001,BUF,1,2001_01_NO_BUF,Gregg Williams,gregg_williams,
2001,CAR,1,2001_01_CAR_MIN,George Seifert,george_seifert,
2001,CHI,1,2001_01_CHI_BAL,Dick Jauron,dick_jauron,
2001,CIN,1,2001_01_NE_CIN,Dick LeBeau,dick_lebeau,
2001,CLE,1,2001_01_SEA_CLE,Butch Davis,butch_davis,
2001,DAL,1,2001_01_TB_DAL,Dave Campo,dave_campo,
2001,DEN,1,2001_01_NYG_DEN,Mike Shanahan,mike_shanahan,
2001,DET,1,2001_01_DET_GB,Marty Mornhinweg,marty_mornhinweg,
2001,GB,1,2001_01_DET_GB,Mike Sherman,mike_sherman,
2001,IND,1,2001_01_IND_NYJ,Jim Mora,jim_mora,
2001,JAX,1,2001_01_PIT_JAX,Tom Coughlin,tom_coughlin,
2001,KC,1,2001_01_OAK_KC,Dick Vermeil,dick_vermeil,
2001,LA,1,2001_01_STL_PHI,Mike Martz,mike_martz,
2001,LAC,1,2001_01_WAS_SD,Mike Riley,mike_riley,
2001,LV,1,2001_01_OAK_KC,Jon Gruden,jon_gruden,
2001,MIA,1,2001_01_MIA_TEN,Dave Wannstedt,dave_wannstedt,
2001,MIN,1,2001_01_CAR_MIN,Dennis Green,dennis_green,
2001,NE,1,2001_01_NE_CIN,Bill Belichick,bill_belichick,
2001,NO,1,2001_01_NO_BUF,Jim Haslett,jim_haslett,
2001,NYG,1,2001_01_NYG_DEN,Jim Fassel,jim_fassel,
2001,NYJ,1,2001_01_IND_NYJ,Herm Edwards,herm_edwards,
2001,PHI,1,2001_01_STL_PHI,Andy Reid,andy_reid,
2001,PIT,1,2001_01_PIT_JAX,Bill Cowher,bill_cowher,
2001,SEA,1,2001_01_SEA_CLE,Mike Holmgren,mike_holmgren,
2001,SF,1,2001_01_ATL_SF,Steve Mariucci,steve_mariucci,
2001,TB,1,2001_01_TB_DAL,Tony Dungy,tony_dungy,
2001,TEN,1,2001_01_MIA_TEN,Jeff Fisher,jeff_fisher,
2001,WAS,1,2001_01_WAS_SD,Marty Schottenheimer,marty_schottenheimer,
2001,ARI,2,2001_02_DEN_ARI,Dave McGinnis,dave_mcginnis,
2001,ATL,2,2001_02_CAR_ATL,Dan Reeves,dan_reeves,
2001,BAL,2,2001_02_BAL_CIN,Brian Billick,brian_billick,
2001,BUF,2,2001_02_BUF_IND,Gregg Williams,gregg_williams,
2001,CAR,2,2001_02_CAR_ATL,George Seifert,george_seifert,
2001,CHI,2,2001_02_MIN_CHI,Dick Jauron,dick_jauron,
2001,CIN,2,2001_02_BAL_CIN,Dick LeBeau,dick_lebeau,
2001,CLE,2,2001_02_DET_CLE,Butch Davis,butch_davis,
2001,DAL,2,2001_02_SD_DAL,Dave Campo,dave_campo,
2001,DEN,2,2001_02_DEN_ARI,Mike Shanahan,mike_shanahan,
2001,DET,2,2001_02_DET_CLE,Marty Mornhinweg,marty_mornhinweg,
2001,GB,2,2001_02_WAS_GB,Mike Sherman,mike_sherman,
2001,IND,2,2001_02_BUF_IND,Jim Mora,jim_mora,
2001,JAX,2,2001_02_TEN_JAX,Tom Coughlin,tom_coughlin,
2001,KC,2,2001_02_NYG_KC,Dick Vermeil,dick_vermeil,
2001,LA,2,2001_02_STL_SF,Mike Martz,mike_martz,
2001,LAC,2,2001_02_SD_DAL,Mike Riley,mike_riley,
2001,LV,2,2001_02_OAK_MIA,Jon Gruden,jon_gruden,
2001,MIA,2,2001_02_OAK_MIA,Dave Wannstedt,dave_wannstedt,
2001,MIN,2,2001_02_MIN_CHI,Dennis Green,dennis_green,
2001,NE,2,2001_02_NYJ_NE,Bill Belichick,bill_belichick,
2001,NYG,2,2001_02_NYG_KC,Jim Fassel,jim_fassel,
2001,NYJ,2,2001_02_NYJ_NE,Herm Edwards,herm_edwards,
2001,PHI,2,2001_02_PHI_SEA,Andy Reid,andy_reid,
2001,SEA,2,2001_02_PHI_SEA,Mike Holmgren,mike_holmgren,
2001,SF,2,2001_02_STL_SF,Steve Mariucci,steve_mariucci,
2001,TEN,2,2001_02_TEN_JAX,Jeff Fisher,jeff_fisher,
2001,WAS,2,2001_02_WAS_GB,Marty Schottenheimer,marty_schottenheimer,
2001,ARI,3,2001_03_ATL_ARI,Dave McGinnis,dave_mcginnis,
2001,ATL,3,2001_03_ATL_ARI,Dan Reeves,dan_reeves,
2001,BAL,3,2001_03_BAL_DEN,Brian Billick,brian_billick,
2001,BUF,3,2001_03_PIT_BUF,Gregg Williams,gregg_williams,
2001,CAR,3,2001_03_GB_CAR,George Seifert,george_seifert,
2001,CIN,3,2001_03_CIN_SD,Dick LeBeau,dick_lebeau,
2001,CLE,3,2001_03_CLE_JAX,Butch Davis,butch_davis,
2001,DAL,3,2001_03_DAL_PHI,Dave Campo,dave_campo,
2001,DEN,3,2001_03_BAL_DEN,Mike Shanahan,mike_shanahan,
2001,GB,3,2001_03_GB_CAR,Mike Sherman,mike_sherman,
2001,IND,3,2001_03_IND_NE,Jim Mora,jim_mora,
2001,JAX,3,2001_03_CLE_JAX,Tom Coughlin,tom_coughlin,
2001,KC,3,2001_03_KC_WAS,Dick Vermeil,dick_vermeil,
2001,LA,3,2001_03_MIA_STL,Mike Martz,mike_martz,
2001,LAC,3,2001_03_CIN_SD,Mike Riley,mike_riley,
2001,LV,3,2001_03_SEA_OAK,Jon Gruden,jon_gruden,
2001,MIA,3,2001_03_MIA_STL,Dave Wannstedt,dave_wannstedt,
2001,MIN,3,2001_03_TB_MIN,Dennis Green,dennis_green,
2001,NE,3,2001_03_IND_NE,Bill Belichick,bill_belichick,
2001,NO,3,2001_03_NO_NYG,Jim Haslett,jim_haslett,
2001,NYG,3,2001_03_NO_NYG,Jim Fassel,jim_fassel,
2001,NYJ,3,2001_03_SF_NYJ,Herm Edwards,herm_edwards,
2001,PHI,3,2001_03_DAL_PHI,Andy Reid,andy_reid,
2001,PIT,3,2001_03_PIT_BUF,Bill Cowher,bill_cowher,
2001,SEA,3,2001_03_SEA_OAK,Mike Holmgren,mike_holmgren,
2001,SF,3,2001_03_SF_NYJ,Steve Mariucci,steve_mariucci,
2001,TB,3,2001_03_TB_MIN,Tony Dungy,tony_dungy,
2001,WAS,3,2001_03_KC_WAS,Marty Schottenheimer,marty_schottenheimer,
2001,ARI,4,2001_04_ARI_PHI,Dave McGinnis,dave_mcginnis,
2001,ATL,4,2001_04_CHI_ATL,Dan Reeves,dan_reeves,
2001,BAL,4,2001_04_TEN_BAL,Brian Billick,brian_billick,
2001,BUF,4,2001_04_NYJ_BUF,Gregg Williams,gregg_williams,
2001,CAR,4,2001_04_CAR_SF,George Seifert,george_seifert,
2001,CHI,4,2001_04_CHI_ATL,Dick Jauron,dick_jauron,
2001,CIN,4,2001_04_CIN_PIT,Dick LeBeau,dick_lebeau,
2001,CLE,4,2001_04_SD_CLE,Butch Davis,butch_davis,
2001,DAL,4,2001_04_DAL_OAK,Dave Campo,dave_campo,
2001,DEN,4,2001_04_KC_DEN,Mike Shanahan,mike_shanahan,
2001,DET,4,2001_04_STL_DET,Marty Mornhinweg,marty_mornhinweg,
2001,GB,4,2001_04_GB_TB,Mike Sherman,mike_sherman,
2001,JAX,4,2001_04_JAX_SEA,Tom Coughlin,tom_coughlin,
2001,KC,4,2001_04_KC_DEN,Dick Vermeil,dick_vermeil,
2001,LA,4,2001_04_STL_DET,Mike Martz,mike_martz,
2001,LAC,4,2001_04_SD_CLE,Mike Riley,mike_riley,
2001,LV,4,2001_04_DAL_OAK,Jon Gruden,jon_gruden,
2001,MIA,4,2001_04_NE_MIA,Dave Wannstedt,dave_wannstedt,
2001,MIN,4,2001_04_MIN_NO,Dennis Green,dennis_green,
2001,NE,4,2001_04_NE_MIA,Bill Belichick,bill_belichick,
2001,NO,4,2001_04_MIN_NO,Jim Haslett,jim_haslett,
2001,NYG,4,2001_04_WAS_NYG,Jim Fassel,jim_fassel,
2001,NYJ,4,2001_04_NYJ_BUF,Herm Edwards,herm_edwards,
2001,PHI,4,2001_04_ARI_PHI,Andy Reid,andy_reid,
2001,PIT,4,2001_04_CIN_PIT,Bill Cowher,bill_cowher,
2001,SEA,4,2001_04_JAX_SEA,Mike Holmgren,mike_holmgren,
2001,SF,4,2001_04_CAR_SF,Steve Mariucci,steve_mariucci,
2001,TB,4,2001_04_GB_TB,Tony Dungy,tony_dungy,
2001,TEN,4,2001_04_TEN_BAL,Jeff Fisher,jeff_fisher,
2001,WAS,4,2001_04_WAS_NYG,Marty Schottenheimer,marty_schottenheimer,
2001,ARI,5,2001_05_ARI_CHI,Dave McGinnis,dave_mcginnis,
2001,ATL,5,2001_05_SF_ATL,Dan Reeves,dan_reeves,
2001,BAL,5,2001_05_BAL_GB,Brian Billick,brian_billick,
2001,CAR,5,2001_05_NO_CAR,George Seifert,george_seifert,
2001,CHI,5,2001_05_ARI_CHI,Dick Jauron,dick_jauron,
2001,CIN,5,2001_05_CLE_CIN,Dick LeBeau,dick_lebeau,
2001,CLE,5,2001_05_CLE_CIN,Butch Davis,butch_davis,
2001,DAL,5,2001_05_WAS_DAL,Dave Campo,dave_campo,
2001,DEN,5,2001_05_DEN_SEA,Mike Shanahan,mike_shanahan,
2001,DET,5,2001_05_DET_MIN,Marty Mornhinweg,marty_mornhinweg,
2001,GB,5,2001_05_BAL_GB,Mike Sherman,mike_sherman,
2001,IND,5,2001_05_OAK_IND,Jim Mora,jim_mora,
2001,KC,5,2001_05_PIT_KC,Dick Vermeil,dick_vermeil,
2001,LA,5,2001_05_NYG_STL,Mike Martz,mike_martz,
2001,LAC,5,2001_05_SD_NE,Mike Riley,mike_riley,
2001,LV,5,2001_05_OAK_IND,Jon Gruden,jon_gruden,
2001,MIA,5,2001_05_MIA_NYJ,Dave Wannstedt,dave_wannstedt,
2001,MIN,5,2001_05_DET_MIN,Dennis Green,dennis_green,
2001,NE,5,2001_05_SD_NE,Bill Belichick,bill_belichick,
2001,NO,5,2001_05_NO_CAR,Jim Haslett,jim_haslett,
2001,NYG,5,2001_05_NYG_STL,Jim Fassel,jim_fassel,
2001,NYJ,5,2001_05_MIA_NYJ,Herm Edwards,herm_edwards,
2001,PIT,5,2001_05_PIT_KC,Bill Cowher,bill_cowher,
2001,SEA,5,2001_05_DEN_SEA,Mike Holmgren,mike_holmgren,
2001,SF,5,2001_05_SF_ATL,Steve Mariucci,steve_mariucci,
2001,TB,5,2001_05_TB_TEN,Tony Dungy,tony_dungy,
2001,TEN,5,2001_05_TB_TEN,Jeff Fisher,jeff_fisher,
2001,WAS,5,2001_05_WAS_DAL,Marty Schottenheimer,marty_schottenheimer,
2001,ARI,6,2001_06_KC_ARI,Dave McGinnis,dave_mcginnis,
2001,ATL,6,2001_06_ATL_NO,Dan Reeves,dan_reeves,
2001,BAL,6,2001_06_BAL_CLE,Brian Billick,brian_billick,
2001,BUF,6,2001_06_BUF_JAX,Gregg Williams,gregg_williams,
2001,CAR,6,2001_06_CAR_WAS,George Seifert,george_seifert,
2001,CHI,6,2001_06_CHI_CIN,Dick Jauron,dick_jauron,
2001,CIN,6,2001_06_CHI_CIN,Dick LeBeau,dick_lebeau,
2001,CLE,6,2001_06_BAL_CLE,Butch Davis,butch_davis,
2001,DEN,6,2001_06_DEN_SD,Mike Shanahan,mike_shanahan,
2001,DET,6,2001_06_TEN_DET,Marty Mornhinweg,marty_mornhinweg,
2001,GB,6,2001_06_GB_MIN,Mike Sherman,mike_sherman,
2001,IND,6,2001_06_NE_IND,Jim Mora,jim_mora,
2001,JAX,6,2001_06_BUF_JAX,Tom Coughlin,tom_coughlin,
2001,KC,6,2001_06_KC_ARI,Dick Vermeil,dick_vermeil,
2001,LA,6,2001_06_STL_NYJ,Mike Martz,mike_martz,
2001,LAC,6,2001_06_DEN_SD,Mike Riley,mike_riley,
2001,MIN,6,2001_06_GB_MIN,Dennis Green,dennis_green,
2001,NE,6,2001_06_NE_IND,Bill Belichick,bill_belichick,
2001,NO,6,2001_06_ATL_NO,Jim Haslett,jim_haslett,
2001,NYG,6,2001_06_PHI_NYG,Jim Fassel,jim_fassel,
2001,NYJ,6,2001_06_STL_NYJ,Herm Edwards,herm_edwards,
2001,PHI,6,2001_06_PHI_NYG,Andy Reid,andy_reid,
2001,PIT,6,2001_06_PIT_TB,Bill Cowher,bill_cowher,
2001,TB,6,2001_06_PIT_TB,Tony Dungy,tony_dungy,
2001,TEN,6,2001_06_TEN_DET,Jeff Fisher,jeff_fisher,
2001,WAS,6,2001_06_CAR_WAS,Marty Schottenheimer,marty_schottenheimer,
2001,ARI,7,2001_07_ARI_DAL,Dave McGinnis,dave_mcginnis,
2001,BAL,7,2001_07_JAX_BAL,Brian Billick,brian_billick,
2001,BUF,7,2001_07_BUF_SD,Gregg Williams,gregg_williams,
2001,CAR,7,2001_07_NYJ_CAR,George Seifert,george_seifert,
2001,CHI,7,2001_07_SF_CHI,Dick Jauron,dick_jauron,
2001,CIN,7,2001_07_CIN_DET,Dick LeBeau,dick_lebeau,
2001,DAL,7,2001_07_ARI_DAL,Dave Campo,dave_campo,
2001,DEN,7,2001_07_NE_DEN,Mike Shanahan,mike_shanahan,
2001,DET,7,2001_07_CIN_DET,Marty Mornhinweg,marty_mornhinweg,
2001,IND,7,2001_07_IND_KC,Jim Mora,jim_mora,
2001,JAX,7,2001_07_JAX_BAL,Tom Coughlin,tom_coughlin,
2001,KC,7,2001_07_IND_KC,Dick Vermeil,dick_vermeil,
2001,LA,7,2001_07_NO_STL,Mike Martz,mike_martz,
2001,LAC,7,2001_07_BUF_SD,Mike Riley,mike_riley,
2001,LV,7,2001_07_OAK_PHI,Jon Gruden,jon_gruden,
2001,MIA,7,2001_07_MIA_SEA,Dave Wannstedt,dave_wannstedt,
2001,MIN,7,2001_07_MIN_TB,Dennis Green,dennis_green,
2001,NE,7,2001_07_NE_DEN,Bill Belichick,bill_belichick,
2001,NO,7,2001_07_NO_STL,Jim Haslett,jim_haslett,
2001,NYG,7,2001_07_NYG_WAS,Jim Fassel,jim_fassel,
2001,NYJ,7,2001_07_NYJ_CAR,Herm Edwards,herm_edwards,
2001,PHI,7,2001_07_OAK_PHI,Andy Reid,andy_reid,
2001,PIT,7,2001_07_TEN_PIT,Bill Cowher,bill_cowher,
2001,SEA,7,2001_07_MIA_SEA,Mike Holmgren,mike_holmgren,
2001,SF,7,2001_07_SF_CHI,Steve Mariucci,steve_mariucci,
2001,TB,7,2001_07_MIN_TB,Tony Dungy,tony_dungy,
2001,TEN,7,2001_07_TEN_PIT,Jeff Fisher,jeff_fisher,
2001,WAS,7,2001_07_NYG_WAS,Marty Schottenheimer,marty_schottenheimer,
2001,ARI,8,2001_08_PHI_ARI,Dave McGinnis,dave_mcginnis,
2001,ATL,8,2001_08_NE_ATL,Dan Reeves,dan_reeves,
2001,BAL,8,2001_08_BAL_PIT,Brian Billick,brian_billick,
2001,BUF,8,2001_08_IND_BUF,Gregg Williams,gregg_williams,
2001,CAR,8,2001_08_CAR_MIA,George Seifert,george_seifert,
2001,CHI,8,2001_08_CLE_CHI,Dick Jauron,dick_jauron,
2001,CLE,8,2001_08_CLE_CHI,Butch Davis,butch_davis,
2001,DAL,8,2001_08_DAL_NYG,Dave Campo,dave_campo,
2001,DEN,8,2001_08_DEN_OAK,Mike Shanahan,mike_shanahan,
2001,DET,8,2001_08_DET_SF,Marty Mornhinweg,marty_mornhinweg,
2001,GB,8,2001_08_TB_GB,Mike Sherman,mike_sherman,
2001,IND,8,2001_08_IND_BUF,Jim Mora,jim_mora,
2001,JAX,8,2001_08_JAX_TEN,Tom Coughlin,tom_coughlin,
2001,KC,8,2001_08_KC_SD,Dick Vermeil,dick_vermeil,
2001,LAC,8,2001_08_KC_SD,Mike Riley,mike_riley,
2001,LV,8,2001_08_DEN_OAK,Jon Gruden,jon_gruden,
2001,MIA,8,2001_08_CAR_MIA,Dave Wannstedt,dave_wannstedt,
2001,NE,8,2001_08_NE_ATL,Bill Belichick,bill_belichick,
2001,NO,8,2001_08_NYJ_NO,Jim Haslett,jim_haslett,
2001,NYG,8,2001_08_DAL_NYG,Jim Fassel,jim_fassel,
2001,NYJ,8,2001_08_NYJ_NO,Herm Edwards,herm_edwards,
2001,PHI,8,2001_08_PHI_ARI,Andy Reid,andy_reid,
2001,PIT,8,2001_08_BAL_PIT,Bill Cowher,bill_cowher,
2001,SEA,8,2001_08_SEA_WAS,Mike Holmgren,mike_holmgren,
2001,SF,8,2001_08_DET_SF,Steve Mariucci,steve_mariucci,
2001,TB,8,2001_08_TB_GB,Tony Dungy,tony_dungy,
2001,TEN,8,2001_08_JAX_TEN,Jeff Fisher,jeff_fisher,
2001,WAS,8,2001_08_SEA_WAS,Marty Schottenheimer,marty_schottenheimer,
2001,ARI,9,2001_09_NYG_ARI,Dave McGinnis,dave_mcginnis,
2001,ATL,9,2001_09_DAL_ATL,Dan Reeves,dan_reeves,
2001,BAL,9,2001_09_BAL_TEN,Brian Billick,brian_billick,
2001,BUF,9,2001_09_BUF_NE,Gregg Williams,gregg_williams,
2001,CAR,9,2001_09_CAR_STL,George Seifert,george_seifert,
2001,CHI,9,2001_09_GB_CHI,Dick Jauron,dick_jauron,
2001,CIN,9,2001_09_CIN_JAX,Dick LeBeau,dick_lebeau,
2001,CLE,9,2001_09_PIT_CLE,Butch Davis,butch_davis,
2001,DAL,9,2001_09_DAL_ATL,Dave Campo,dave_campo,
2001,DEN,9,2001_09_SD_DEN,Mike Shanahan,mike_shanahan,
2001,DET,9,2001_09_TB_DET,Marty Mornhinweg,marty_mornhinweg,
2001,GB,9,2001_09_GB_CHI,Mike Sherman,mike_sherman,
2001,IND,9,2001_09_MIA_IND,Jim Mora,jim_mora,
2001,JAX,9,2001_09_CIN_JAX,Tom Coughlin,tom_coughlin,
2001,KC,9,2001_09_KC_NYJ,Dick Vermeil,dick_vermeil,
2001,LA,9,2001_09_CAR_STL,Mike Martz,mike_martz,
2001,LAC,9,2001_09_SD_DEN,Mike Riley,mike_riley,
2001,LV,9,2001_09_OAK_SEA,Jon Gruden,jon_gruden,
2001,MIA,9,2001_09_MIA_IND,Dave Wannstedt,dave_wannstedt,
2001,MIN,9,2001_09_MIN_PHI,Dennis Green,dennis_green,
2001,NE,9,2001_09_BUF_NE,Bill Belichick,bill_belichick,
2001,NO,9,2001_09_NO_SF,Jim Haslett,jim_haslett,
2001,NYG,9,2001_09_NYG_ARI,Jim Fassel,jim_fassel,
2001,NYJ,9,2001_09_KC_NYJ,Herm Edwards,herm_edwards,
2001,PHI,9,2001_09_MIN_PHI,Andy Reid,andy_reid,
2001,PIT,9,2001_09_PIT_CLE,Bill Cowher,bill_cowher,
2001,SEA,9,2001_09_OAK_SEA,Mike Holmgren,mike_holmgren,
2001,SF,9,2001_09_NO_SF,Steve Mariucci,steve_mariucci,
2001,TB,9,2001_09_TB_DET,Tony Dungy,tony_dungy,
2001,TEN,9,2001_09_BAL_TEN,Jeff Fisher,jeff_fisher,
2001,ARI,10,2001_10_DET_ARI,Dave McGinnis,dave_mcginnis,
2001,ATL,10,2001_10_ATL_GB,Dan Reeves,dan_reeves,
2001,BAL,10,2001_10_CLE_BAL,Brian Billick,brian_billick,
2001,BUF,10,2001_10_SEA_BUF,Gregg Williams,gregg_williams,
2001,CAR,10,2001_10_SF_CAR,George Seifert,george_seifert,
2001,CHI,10,2001_10_CHI_TB,Dick Jauron,dick_jauron,
2001,CIN,10,2001_10_TEN_CIN,Dick LeBeau,dick_lebeau,
2001,CLE,10,2001_10_CLE_BAL,Butch Davis,butch_davis,
2001,DAL,10,2001_10_PHI_DAL,Dave Campo,dave_campo,
2001,DEN,10,2001_10_WAS_DEN,Mike Shanahan,mike_shanahan,
2001,DET,10,2001_10_DET_ARI,Marty Mornhinweg,marty_mornhinweg,
2001,GB,10,2001_10_ATL_GB,Mike Sherman,mike_sherman,
2001,IND,10,2001_10_IND_NO,Jim Mora,jim_mora,
2001,JAX,10,2001_10_JAX_PIT,Tom Coughlin,tom_coughlin,
2001,LA,10,2001_10_STL_NE,Mike Martz,mike_martz,
2001,LAC,10,2001_10_SD_OAK,Mike Riley,mike_riley,
2001,LV,10,2001_10_SD_OAK,Jon Gruden,jon_gruden,
2001,MIA,10,2001_10_NYJ_MIA,Dave Wannstedt,dave_wannstedt,
2001,MIN,10,2001_10_NYG_MIN,Dennis Green,dennis_green,
2001,NE,10,2001_10_STL_NE,Bill Belichick,bill_belichick,
2001,NO,10,2001_10_IND_NO,Jim Haslett,jim_haslett,
2001,NYG,10,2001_10_NYG_MIN,Jim Fassel,jim_fassel,
2001,NYJ,10,2001_10_NYJ_MIA,Herm Edwards,herm_edwards,
2001,PHI,10,2001_10_PHI_DAL,Andy Reid,andy_reid,
2001,PIT,10,2001_10_JAX_PIT,Bill Cowher,bill_cowher,
2001,SEA,10,2001_10_SEA_BUF,Mike Holmgren,mike_holmgren,
2001,SF,10,2001_10_SF_CAR,Steve Mariucci,steve_mariucci,
2001,TB,10,2001_10_CHI_TB,Tony Dungy,tony_dungy,
2001,TEN,10,2001_10_TEN_CIN,Jeff Fisher,jeff_fisher,
2001,WAS,10,2001_10_WAS_DEN,Marty Schottenheimer,marty_schottenheimer,
2001,ARI,11,2001_11_ARI_SD,Dave McGinnis,dave_mcginnis,
2001,ATL,11,2001_11_ATL_CAR,Dan Reeves,dan_reeves,
2001,BAL,11,2001_11_BAL_JAX,Brian Billick,brian_billick,
2001,BUF,11,2001_11_MIA_BUF,Gregg Williams,gregg_williams,
2001,CAR,11,2001_11_ATL_CAR,George Seifert,george_seifert,
2001,CHI,11,2001_11_CHI_MIN,Dick Jauron,dick_jauron,
2001,CIN,11,2001_11_CIN_CLE,Dick LeBeau,dick_lebeau,
2001,CLE,11,2001_11_CIN_CLE,Butch Davis,butch_davis,
2001,DAL,11,2001_11_DEN_DAL,Dave Campo,dave_campo,
2001,DEN,11,2001_11_DEN_DAL,Mike Shanahan,mike_shanahan,
2001,DET,11,2001_11_GB_DET,Marty Mornhinweg,marty_mornhinweg,
2001,GB,11,2001_11_GB_DET,Mike Sherman,mike_sherman,
2001,IND,11,2001_11_SF_IND,Jim Mora,jim_mora,
2001,JAX,11,2001_11_BAL_JAX,Tom Coughlin,tom_coughlin,
2001,KC,11,2001_11_SEA_KC,Dick Vermeil,dick_vermeil,
2001,LA,11,2001_11_TB_STL,Mike Martz,mike_martz,
2001,LAC,11,2001_11_ARI_SD,Mike Riley,mike_riley,
2001,LV,11,2001_11_OAK_NYG,Jon Gruden,jon_gruden,
2001,MIA,11,2001_11_MIA_BUF,Dave Wannstedt,dave_wannstedt,
2001,MIN,11,2001_11_CHI_MIN,Dennis Green,dennis_green,
2001,NE,11,2001_11_NO_NE,Bill Belichick,bill_belichick,
2001,NO,11,2001_11_NO_NE,Jim Haslett,jim_haslett,
2001,NYG,11,2001_11_OAK_NYG,Jim Fassel,jim_fassel,
2001,PHI,11,2001_11_WAS_PHI,Andy Reid,andy_reid,
2001,PIT,11,2001_11_PIT_TEN,Bill Cowher,bill_cowher,
2001,SEA,11,2001_11_SEA_KC,Mike Holmgren,mike_holmgren,
2001,SF,11,2001_11_SF_IND,Steve Mariucci,steve_mariucci,
2001,TB,11,2001_11_TB_STL,Tony Dungy,tony_dungy,
2001,TEN,11,2001_11_PIT_TEN,Jeff Fisher,jeff_fisher,
2001,WAS,11,2001_11_WAS_PHI,Marty Schottenheimer,marty_schottenheimer,
2001,ARI,12,2001_12_ARI_OAK,Dave McGinnis,dave_mcginnis,
2001,ATL,12,2001_12_STL_ATL,Dan Reeves,dan_reeves,
2001,BAL,12,2001_12_IND_BAL,Brian Billick,brian_billick,
2001,BUF,12,2001_12_BUF_SF,Gregg Williams,gregg_williams,
2001,CAR,12,2001_12_CAR_NO,George Seifert,george_seifert,
2001,CHI,12,2001_12_DET_CHI,Dick Jauron,dick_jauron,
2001,CIN,12,2001_12_TB_CIN,Dick LeBeau,dick_lebeau,
2001,CLE,12,2001_12_TEN_CLE,Butch Davis,butch_davis,
2001,DAL,12,2001_12_DAL_WAS,Dave Campo,dave_campo,
2001,DEN,12,2001_12_DEN_MIA,Mike Shanahan,mike_shanahan,
2001,DET,12,2001_12_DET_CHI,Marty Mornhinweg,marty_mornhinweg,
2001,GB,12,2001_12_GB_JAX,Mike Sherman,mike_sherman,
2001,IND,12,2001_12_IND_BAL,Jim Mora,jim_mora,
2001,JAX,12,2001_12_GB_JAX,Tom Coughlin,tom_coughlin,
2001,KC,12,2001_12_PHI_KC,Dick Vermeil,dick_vermeil,
2001,LA,12,2001_12_STL_ATL,Mike Martz,mike_martz,
2001,LAC,12,2001_12_SD_SEA,Mike Riley,mike_riley,
2001,LV,12,2001_12_ARI_OAK,Jon Gruden,jon_gruden,
2001,MIA,12,2001_12_DEN_MIA,Dave Wannstedt,dave_wannstedt,
2001,MIN,12,2001_12_MIN_PIT,Dennis Green,dennis_green,
2001,NE,12,2001_12_NE_NYJ,Bill Belichick,bill_belichick,
2001,NO,12,2001_12_CAR_NO,Jim Haslett,jim_haslett,
2001,NYJ,12,2001_12_NE_NYJ,Herm Edwards,herm_edwards,
2001,PHI,12,2001_12_PHI_KC,Andy Reid,andy_reid,
2001,PIT,12,2001_12_MIN_PIT,Bill Cowher,bill_cowher,
2001,SEA,12,2001_12_SD_SEA,Mike Holmgren,mike_holmgren,
2001,SF,12,2001_12_BUF_SF,Steve Mariucci,steve_mariucci,
2001,TB,12,2001_12_TB_CIN,Tony Dungy,tony_dungy,
2001,TEN,12,2001_12_TEN_CLE,Jeff Fisher,jeff_fisher,
2001,WAS,12,2001_12_DAL_WAS,Marty Schottenheimer,marty_schottenheimer,
2001,ARI,13,2001_13_WAS_ARI,Dave McGinnis,dave_mcginnis,
2001,ATL,13,2001_13_NO_ATL,Dan Reeves,dan_reeves,
2001,BUF,13,2001_13_CAR_BUF,Gregg Williams,gregg_williams,
2001,CAR,13,2001_13_CAR_BUF,George Seifert,george_seifert,
2001,CHI,13,2001_13_CHI_GB,Dick Jauron,dick_jauron,
2001,CIN,13,2001_13_JAX_CIN,Dick LeBeau,dick_lebeau,
2001,CLE,13,2001_13_CLE_NE,Butch Davis,butch_davis,
2001,DAL,13,2001_13_NYG_DAL,Dave Campo,dave_campo,
2001,DEN,13,2001_13_SEA_DEN,Mike Shanahan,mike_shanahan,
2001,DET,13,2001_13_DET_TB,Marty Mornhinweg,marty_mornhinweg,
2001,GB,13,2001_13_CHI_GB,Mike Sherman,mike_sherman,
2001,IND,13,2001_13_IND_MIA,Jim Mora,jim_mora,
2001,JAX,13,2001_13_JAX_CIN,Tom Coughlin,tom_coughlin,
2001,KC,13,2001_13_KC_OAK,Dick Vermeil,dick_vermeil,
2001,LA,13,2001_13_SF_STL,Mike Martz,mike_martz,
2001,LAC,13,2001_13_SD_PHI,Mike Riley,mike_riley,
2001,LV,13,2001_13_KC_OAK,Jon Gruden,jon_gruden,
2001,MIA,13,2001_13_IND_MIA,Dave Wannstedt,dave_wannstedt,
2001,MIN,13,2001_13_TEN_MIN,Dennis Green,dennis_green,
2001,NE,13,2001_13_CLE_NE,Bill Belichick,bill_belichick,
2001,NO,13,2001_13_NO_ATL,Jim Haslett,jim_haslett,
2001,NYG,13,2001_13_NYG_DAL,Jim Fassel,jim_fassel,
2001,NYJ,13,2001_13_NYJ_PIT,Herm Edwards,herm_edwards,
2001,PHI,13,2001_13_SD_PHI,Andy Reid,andy_reid,
2001,PIT,13,2001_13_NYJ_PIT,Bill Cowher,bill_cowher,
2001,SEA,13,2001_13_SEA_DEN,Mike Holmgren,mike_holmgren,
2001,SF,13,2001_13_SF_STL,Steve Mariucci,steve_mariucci,
2001,TB,13,2001_13_DET_TB,Tony Dungy,tony_dungy,
2001,TEN,13,2001_13_TEN_MIN,Jeff Fisher,jeff_fisher,
2001,WAS,13,2001_13_WAS_ARI,Marty Schottenheimer,marty_schottenheimer,
2001,ARI,14,2001_14_ARI_NYG,Dave McGinnis,dave_mcginnis,
2001,ATL,14,2001_14_ATL_IND,Dan Reeves,dan_reeves,
2001,BAL,14,2001_14_PIT_BAL,Brian Billick,brian_billick,
2001,BUF,14,2001_14_NE_BUF,Gregg Williams,gregg_williams,
2001,CHI,14,2001_14_TB_CHI,Dick Jauron,dick_jauron,
2001,CIN,14,2001_14_CIN_NYJ,Dick LeBeau,dick_lebeau,
2001,CLE,14,2001_14_JAX_CLE,Butch Davis,butch_davis,
2001,DAL,14,2001_14_DAL_SEA,Dave Campo,dave_campo,
2001,DEN,14,2001_14_DEN_KC,Mike Shanahan,mike_shanahan,
2001,DET,14,2001_14_MIN_DET,Marty Mornhinweg,marty_mornhinweg,
2001,GB,14,2001_14_GB_TEN,Mike Sherman,mike_sherman,
2001,IND,14,2001_14_ATL_IND,Jim Mora,jim_mora,
2001,JAX,14,2001_14_JAX_CLE,Tom Coughlin,tom_coughlin,
2001,KC,14,2001_14_DEN_KC,Dick Vermeil,dick_vermeil,
2001,LA,14,2001_14_STL_NO,Mike Martz,mike_martz,
2001,LAC,14,2001_14_OAK_SD,Mike Riley,mike_riley,
2001,LV,14,2001_14_OAK_SD,Jon Gruden,jon_gruden,
2001,MIA,14,2001_14_MIA_SF,Dave Wannstedt,dave_wannstedt,
2001,MIN,14,2001_14_MIN_DET,Dennis Green,dennis_green,
2001,NE,14,2001_14_NE_BUF,Bill Belichick,bill_belichick,
2001,NO,14,2001_14_STL_NO,Jim Haslett,jim_haslett,
2001,NYG,14,2001_14_ARI_NYG,Jim Fassel,jim_fassel,
2001,NYJ,14,2001_14_CIN_NYJ,Herm Edwards,herm_edwards,
2001,PHI,14,2001_14_PHI_WAS,Andy Reid,andy_reid,
2001,PIT,14,2001_14_PIT_BAL,Bill Cowher,bill_cowher,
2001,SEA,14,2001_14_DAL_SEA,Mike Holmgren,mike_holmgren,
2001,SF,14,2001_14_MIA_SF,Steve Mariucci,steve_mariucci,
2001,TB,14,2001_14_TB_CHI,Tony Dungy,tony_dungy,
2001,TEN,14,2001_14_GB_TEN,Jeff Fisher,jeff_fisher,
2001,WAS,14,2001_14_PHI_WAS,Marty Schottenheimer,marty_schottenheimer,
2001,ARI,15,2001_15_DAL_ARI,Dave McGinnis,dave_mcginnis,
2001,ATL,15,2001_15_BUF_ATL,Dan Reeves,dan_reeves,
2001,BAL,15,2001_15_CIN_BAL,Brian Billick,brian_billick,
2001,BUF,15,2001_15_BUF_ATL,Gregg Williams,gregg_williams,
2001,CAR,15,2001_15_STL_CAR,George Seifert,george_seifert,
2001,CHI,15,2001_15_CHI_WAS,Dick Jauron,dick_jauron,
2001,CIN,15,2001_15_CIN_BAL,Dick LeBeau,dick_lebeau,
2001,CLE,15,2001_15_CLE_GB,Butch Davis,butch_davis,
2001,DAL,15,2001_15_DAL_ARI,Dave Campo,dave_campo,
2001,DET,15,2001_15_DET_PIT,Marty Mornhinweg,marty_mornhinweg,
2001,GB,15,2001_15_CLE_GB,Mike Sherman,mike_sherman,
2001,IND,15,2001_15_NYJ_IND,Jim Mora,jim_mora,
2001,JAX,15,2001_15_JAX_MIN,Tom Coughlin,tom_coughlin,
2001,KC,15,2001_15_SD_KC,Dick Vermeil,dick_vermeil,
2001,LA,15,2001_15_STL_CAR,Mike Martz,mike_martz,
2001,LAC,15,2001_15_SD_KC,Mike Riley,mike_riley,
2001,LV,15,2001_15_TEN_OAK,Jon Gruden,jon_gruden,
2001,MIA,15,2001_15_MIA_NE,Dave Wannstedt,dave_wannstedt,
2001,MIN,15,2001_15_JAX_MIN,Dennis Green,dennis_green,
2001,NE,15,2001_15_MIA_NE,Bill Belichick,bill_belichick,
2001,NO,15,2001_15_NO_TB,Jim Haslett,jim_haslett,
2001,NYG,15,2001_15_SEA_NYG,Jim Fassel,jim_fassel,
2001,NYJ,15,2001_15_NYJ_IND,Herm Edwards,herm_edwards,
2001,PHI,15,2001_15_PHI_SF,Andy Reid,andy_reid,
2001,PIT,15,2001_15_DET_PIT,Bill Cowher,bill_cowher,
2001,SEA,15,2001_15_SEA_NYG,Mike Holmgren,mike_holmgren,
2001,SF,15,2001_15_PHI_SF,Steve Mariucci,steve_mariucci,
2001,TB,15,2001_15_NO_TB,Tony Dungy,tony_dungy,
2001,TEN,15,2001_15_TEN_OAK,Jeff Fisher,jeff_fisher,
2001,WAS,15,2001_15_CHI_WAS,Marty Schottenheimer,marty_schottenheimer,
2001,ARI,16,2001_16_ARI_CAR,Dave McGinnis,dave_mcginnis,
2001,ATL,16,2001_16_ATL_MIA,Dan Reeves,dan_reeves,
2001,BAL,16,2001_16_BAL_TB,Brian Billick,brian_billick,
2001,BUF,16,2001_16_BUF_NYJ,Gregg Williams,gregg_williams,
2001,CAR,16,2001_16_ARI_CAR,George Seifert,george_seifert,
2001,CHI,16,2001_16_CHI_DET,Dick Jauron,dick_jauron,
2001,CIN,16,2001_16_PIT_CIN,Dick LeBeau,dick_lebeau,
2001,CLE,16,2001_16_CLE_TEN,Butch Davis,butch_davis,
2001,DAL,16,2001_16_SF_DAL,Dave Campo,dave_campo,
2001,DEN,16,2001_16_OAK_DEN,Mike Shanahan,mike_shanahan,
2001,DET,16,2001_16_CHI_DET,Marty Mornhinweg,marty_mornhinweg,
2001,GB,16,2001_16_MIN_GB,Mike Sherman,mike_sherman,
2001,IND,16,2001_16_IND_STL,Jim Mora,jim_mora,
2001,JAX,16,2001_16_KC_JAX,Tom Coughlin,tom_coughlin,
2001,KC,16,2001_16_KC_JAX,Dick Vermeil,dick_vermeil,
2001,LA,16,2001_16_IND_STL,Mike Martz,mike_martz,
2001,LAC,16,2001_16_SEA_SD,Mike Riley,mike_riley,
2001,LV,16,2001_16_OAK_DEN,Jon Gruden,jon_gruden,
2001,MIA,16,2001_16_ATL_MIA,Dave Wannstedt,dave_wannstedt,
2001,MIN,16,2001_16_MIN_GB,Dennis Green,dennis_green,
2001,NO,16,2001_16_WAS_NO,Jim Haslett,jim_haslett,
2001,NYG,16,2001_16_NYG_PHI,Jim Fassel,jim_fassel,
2001,NYJ,16,2001_16_BUF_NYJ,Herm Edwards,herm_edwards,
2001,PHI,16,2001_16_NYG_PHI,Andy Reid,andy_reid,
2001,PIT,16,2001_16_PIT_CIN,Bill Cowher,bill_cowher,
2001,SEA,16,2001_16_SEA_SD,Mike Holmgren,mike_holmgren,
2001,SF,16,2001_16_SF_DAL,Steve Mariucci,steve_mariucci,
2001,TB,16,2001_16_BAL_TB,Tony Dungy,tony_dungy,
2001,TEN,16,2001_16_CLE_TEN,Jeff Fisher,jeff_fisher,
2001,WAS,16,2001_16_WAS_NO,Marty Schottenheimer,marty_schottenheimer,
2001,ARI,17,2001_17_ARI_WAS,Dave McGinnis,dave_mcginnis,
2001,ATL,17,2001_17_ATL_STL,Dan Reeves,dan_reeves,
2001,BAL,17,2001_17_MIN_BAL,Brian Billick,brian_billick,
2001,BUF,17,2001_17_BUF_MIA,Gregg Williams,gregg_williams,
2001,CAR,17,2001_17_NE_CAR,George Seifert,george_seifert,
2001,CHI,17,2001_17_JAX_CHI,Dick Jauron,dick_jauron,
2001,CIN,17,2001_17_CIN_TEN,Dick LeBeau,dick_lebeau,
2001,CLE,17,2001_17_CLE_PIT,Butch Davis,butch_davis,
2001,DAL,17,2001_17_DAL_DET,Dave Campo,dave_campo,
2001,DEN,17,2001_17_DEN_IND,Mike Shanahan,mike_shanahan,
2001,DET,17,2001_17_DAL_DET,Marty Mornhinweg,marty_mornhinweg,
2001,GB,17,2001_17_GB_NYG,Mike Sherman,mike_sherman,
2001,IND,17,2001_17_DEN_IND,Jim Mora,jim_mora,
2001,JAX,17,2001_17_JAX_CHI,Tom Coughlin,tom_coughlin,
2001,KC,17,2001_17_KC_SEA,Dick Vermeil,dick_vermeil,
2001,LA,17,2001_17_ATL_STL,Mike Martz,mike_martz,
2001,LV,17,2001_17_NYJ_OAK,Jon Gruden,jon_gruden,
2001,MIA,17,2001_17_BUF_MIA,Dave Wannstedt,dave_wannstedt,
2001,MIN,17,2001_17_MIN_BAL,Mike Tice,mike_tice,
2001,NE,17,2001_17_NE_CAR,Bill Belichick,bill_belichick,
2001,NO,17,2001_17_SF_NO,Jim Haslett,jim_haslett,
2001,NYG,17,2001_17_GB_NYG,Jim Fassel,jim_fassel,
2001,NYJ,17,2001_17_NYJ_OAK,Herm Edwards,herm_edwards,
2001,PHI,17,2001_17_PHI_TB,Andy Reid,andy_reid,
2001,PIT,17,2001_17_CLE_PIT,Bill Cowher,bill_cowher,
2001,SEA,17,2001_17_KC_SEA,Mike Holmgren,mike_holmgren,
2001,SF,17,2001_17_SF_NO,Steve Mariucci,steve_mariucci,
2001,TB,17,2001_17_PHI_TB,Tony Dungy,tony_dungy,
2001,TEN,17,2001_17_CIN_TEN,Jeff Fisher,jeff_fisher,
2001,WAS,17,2001_17_ARI_WAS,Marty Schottenheimer,marty_schottenheimer,
2002,ARI,1,2002_01_ARI_WAS,Dave McGinnis,dave_mcginnis,
2002,ATL,1,2002_01_ATL_GB,Dan Reeves,dan_reeves,
2002,BAL,1,2002_01_BAL_CAR,Brian Billick,brian_billick,
2002,BUF,1,2002_01_NYJ_BUF,Gregg Williams,gregg_williams,
2002,CAR,1,2002_01_BAL_CAR,John Fox,john_fox,
2002,CHI,1,2002_01_MIN_CHI,Dick Jauron,dick_jauron,
2002,CIN,1,2002_01_SD_CIN,Dick LeBeau,dick_lebeau,
2002,CLE,1,2002_01_KC_CLE,Butch Davis,butch_davis,
2002,DAL,1,2002_01_DAL_HOU,Dave Campo,dave_campo,
2002,DEN,1,2002_01_STL_DEN,Mike Shanahan,mike_shanahan,
2002,DET,1,2002_01_DET_MIA,Marty Mornhinweg,marty_mornhinweg,
2002,GB,1,2002_01_ATL_GB,Mike Sherman,mike_sherman,
2002,HOU,1,2002_01_DAL_HOU,Dom Capers,dom_capers,
2002,IND,1,2002_01_IND_JAX,Tony Dungy,tony_dungy,
2002,JAX,1,2002_01_IND_JAX,Tom Coughlin,tom_coughlin,
2002,KC,1,2002_01_KC_CLE,Dick Vermeil,dick_vermeil,
2002,LA,1,2002_01_STL_DEN,Mike Martz,mike_martz,
2002,LAC,1,2002_01_SD_CIN,Marty Schottenheimer,marty_schottenheimer,
2002,LV,1,2002_01_SEA_OAK,Bill Callahan,bill_callahan,
2002,MIA,1,2002_01_DET_MIA,Dave Wannstedt,dave_wannstedt,
2002,MIN,1,2002_01_MIN_CHI,Mike Tice,mike_tice,
2002,NE,1,2002_01_PIT_NE,Bill Belichick,bill_belichick,
2002,NO,1,2002_01_NO_TB,Jim Haslett,jim_haslett,
2002,NYG,1,2002_01_SF_NYG,Jim Fassel,jim_fassel,
2002,NYJ,1,2002_01_NYJ_BUF,Herm Edwards,herm_edwards,
2002,PHI,1,2002_01_PHI_TEN,Andy Reid,andy_reid,
2002,PIT,1,2002_01_PIT_NE,Bill Cowher,bill_cowher,
2002,SEA,1,2002_01_SEA_OAK,Mike Holmgren,mike_holmgren,
2002,SF,1,2002_01_SF_NYG,Steve Mariucci,steve_mariucci,
2002,TB,1,2002_01_NO_TB,Jon Gruden,jon_gruden,
2002,TEN,1,2002_01_PHI_TEN,Jeff Fisher,jeff_fisher,
2002,WAS,1,2002_01_ARI_WAS,Steve Spurrier,steve_spurrier,
2002,ARI,2,2002_02_ARI_SEA,Dave McGinnis,dave_mcginnis,
2002,ATL,2,2002_02_CHI_ATL,Dan Reeves,dan_reeves,
2002,BAL,2,2002_02_TB_BAL,Brian Billick,brian_billick,
2002,BUF,2,2002_02_BUF_MIN,Gregg Williams,gregg_williams,
2002,CAR,2,2002_02_DET_CAR,John Fox,john_fox,
2002,CHI,2,2002_02_CHI_ATL,Dick Jauron,dick_jauron,
2002,CIN,2,2002_02_CIN_CLE,Dick LeBeau,dick_lebeau,
2002,CLE,2,2002_02_CIN_CLE,Butch Davis,butch_davis,
2002,DAL,2,2002_02_TEN_DAL,Dave Campo,dave_campo,
2002,DEN,2,2002_02_DEN_SF,Mike Shanahan,mike_shanahan,
2002,DET,2,2002_02_DET_CAR,Marty Mornhinweg,marty_mornhinweg,
2002,GB,2,2002_02_GB_NO,Mike Sherman,mike_sherman,
2002,HOU,2,2002_02_HOU_SD,Dom Capers,dom_capers,
2002,IND,2,2002_02_MIA_IND,Tony Dungy,tony_dungy,
2002,JAX,2,2002_02_JAX_KC,Tom Coughlin,tom_coughlin,
2002,KC,2,2002_02_JAX_KC,Dick Vermeil,dick_vermeil,
2002,LA,2,2002_02_NYG_STL,Mike Martz,mike_martz,
2002,LAC,2,2002_02_HOU_SD,Marty Schottenheimer,marty_schottenheimer,
2002,LV,2,2002_02_OAK_PIT,Bill Callahan,bill_callahan,
2002,MIA,2,2002_02_MIA_IND,Dave Wannstedt,dave_wannstedt,
2002,MIN,2,2002_02_BUF_MIN,Mike Tice,mike_tice,
2002,NE,2,2002_02_NE_NYJ,Bill Belichick,bill_belichick,
2002,NO,2,2002_02_GB_NO,Jim Haslett,jim_haslett,
2002,NYG,2,2002_02_NYG_STL,Jim Fassel,jim_fassel,
2002,NYJ,2,2002_02_NE_NYJ,Herm Edwards,herm_edwards,
2002,PHI,2,2002_02_PHI_WAS,Andy Reid,andy_reid,
2002,PIT,2,2002_02_OAK_PIT,Bill Cowher,bill_cowher,
2002,SEA,2,2002_02_ARI_SEA,Mike Holmgren,mike_holmgren,
2002,SF,2,2002_02_DEN_SF,Steve Mariucci,steve_mariucci,
2002,TB,2,2002_02_TB_BAL,Jon Gruden,jon_gruden,
2002,TEN,2,2002_02_TEN_DAL,Jeff Fisher,jeff_fisher,
2002,WAS,2,2002_02_PHI_WAS,Steve Spurrier,steve_spurrier,
2002,ARI,3,2002_03_SD_ARI,Dave McGinnis,dave_mcginnis,
2002,ATL,3,2002_03_CIN_ATL,Dan Reeves,dan_reeves,
2002,BUF,3,2002_03_BUF_DEN,Gregg Williams,gregg_williams,
2002,CAR,3,2002_03_CAR_MIN,John Fox,john_fox,
2002,CHI,3,2002_03_NO_CHI,Dick Jauron,dick_jauron,
2002,CIN,3,2002_03_CIN_ATL,Dick LeBeau,dick_lebeau,
2002,CLE,3,2002_03_CLE_TEN,Butch Davis,butch_davis,
2002,DAL,3,2002_03_DAL_PHI,Dave Campo,dave_campo,
2002,DEN,3,2002_03_BUF_DEN,Mike Shanahan,mike_shanahan,
2002,DET,3,2002_03_GB_DET,Marty Mornhinweg,marty_mornhinweg,
2002,GB,3,2002_03_GB_DET,Mike Sherman,mike_sherman,
2002,HOU,3,2002_03_IND_HOU,Dom Capers,dom_capers,
2002,IND,3,2002_03_IND_HOU,Tony Dungy,tony_dungy,
2002,KC,3,2002_03_KC_NE,Dick Vermeil,dick_vermeil,
2002,LA,3,2002_03_STL_TB,Mike Martz,mike_martz,
2002,LAC,3,2002_03_SD_ARI,Marty Schottenheimer,marty_schottenheimer,
2002,MIA,3,2002_03_NYJ_MIA,Dave Wannstedt,dave_wannstedt,
2002,MIN,3,2002_03_CAR_MIN,Mike Tice,mike_tice,
2002,NE,3,2002_03_KC_NE,Bill Belichick,bill_belichick,
2002,NO,3,2002_03_NO_CHI,Jim Haslett,jim_haslett,
2002,NYG,3,2002_03_SEA_NYG,Jim Fassel,jim_fassel,
2002,NYJ,3,2002_03_NYJ_MIA,Herm Edwards,herm_edwards,
2002,PHI,3,2002_03_DAL_PHI,Andy Reid,andy_reid,
2002,SEA,3,2002_03_SEA_NYG,Mike Holmgren,mike_holmgren,
2002,SF,3,2002_03_WAS_SF,Steve Mariucci,steve_mariucci,
2002,TB,3,2002_03_STL_TB,Jon Gruden,jon_gruden,
2002,TEN,3,2002_03_CLE_TEN,Jeff Fisher,jeff_fisher,
2002,WAS,3,2002_03_WAS_SF,Steve Spurrier,steve_spurrier,
2002,ARI,4,2002_04_NYG_ARI,Dave McGinnis,dave_mcginnis,
2002,BAL,4,2002_04_DEN_BAL,Brian Billick,brian_billick,
2002,BUF,4,2002_04_CHI_BUF,Gregg Williams,gregg_williams,
2002,CAR,4,2002_04_CAR_GB,John Fox,john_fox,
2002,CHI,4,2002_04_CHI_BUF,Dick Jauron,dick_jauron,
2002,CIN,4,2002_04_TB_CIN,Dick LeBeau,dick_lebeau,
2002,CLE,4,2002_04_CLE_PIT,Butch Davis,butch_davis,
2002,DAL,4,2002_04_DAL_STL,Dave Campo,dave_campo,
2002,DEN,4,2002_04_DEN_BAL,Mike Shanahan,mike_shanahan,
2002,DET,4,2002_04_NO_DET,Marty Mornhinweg,marty_mornhinweg,
2002,GB,4,2002_04_CAR_GB,Mike Sherman,mike_sherman,
2002,HOU,4,2002_04_HOU_PHI,Dom Capers,dom_capers,
2002,JAX,4,2002_04_NYJ_JAX,Tom Coughlin,tom_coughlin,
2002,KC,4,2002_04_MIA_KC,Dick Vermeil,dick_vermeil,
2002,LA,4,2002_04_DAL_STL,Mike Martz,mike_martz,
2002,LAC,4,2002_04_NE_SD,Marty Schottenheimer,marty_schottenheimer,
2002,LV,4,2002_04_TEN_OAK,Bill Callahan,bill_callahan,
2002,MIA,4,2002_04_MIA_KC,Dave Wannstedt,dave_wannstedt,
2002,MIN,4,2002_04_MIN_SEA,Mike Tice,mike_tice,
2002,NE,4,2002_04_NE_SD,Bill Belichick,bill_belichick,
2002,NO,4,2002_04_NO_DET,Jim Haslett,jim_haslett,
2002,NYG,4,2002_04_NYG_ARI,Jim Fassel,jim_fassel,
2002,NYJ,4,2002_04_NYJ_JAX,Herm Edwards,herm_edwards,
2002,PHI,4,2002_04_HOU_PHI,Andy Reid,andy_reid,
2002,PIT,4,2002_04_CLE_PIT,Bill Cowher,bill_cowher,
2002,SEA,4,2002_04_MIN_SEA,Mike Holmgren,mike_holmgren,
2002,TB,4,2002_04_TB_CIN,Jon Gruden,jon_gruden,
2002,TEN,4,2002_04_TEN_OAK,Jeff Fisher,jeff_fisher,
2002,ARI,5,2002_05_ARI_CAR,Dave McGinnis,dave_mcginnis,
2002,ATL,5,2002_05_TB_ATL,Dan Reeves,dan_reeves,
2002,BAL,5,2002_05_BAL_CLE,Brian Billick,brian_billick,
2002,BUF,5,2002_05_OAK_BUF,Gregg Williams,gregg_williams,
2002,CAR,5,2002_05_ARI_CAR,John Fox,john_fox,
2002,CHI,5,2002_05_GB_CHI,Dick Jauron,dick_jauron,
2002,CIN,5,2002_05_CIN_IND,Dick LeBeau,dick_lebeau,
2002,CLE,5,2002_05_BAL_CLE,Butch Davis,butch_davis,
2002,DAL,5,2002_05_NYG_DAL,Dave Campo,dave_campo,
2002,DEN,5,2002_05_SD_DEN,Mike Shanahan,mike_shanahan,
2002,GB,5,2002_05_GB_CHI,Mike Sherman,mike_sherman,
2002,IND,5,2002_05_CIN_IND,Tony Dungy,tony_dungy,
2002,JAX,5,2002_05_PHI_JAX,Tom Coughlin,tom_coughlin,
2002,KC,5,2002_05_KC_NYJ,Dick Vermeil,dick_vermeil,
2002,LA,5,2002_05_STL_SF,Mike Martz,mike_martz,
2002,LAC,5,2002_05_SD_DEN,Marty Schottenheimer,marty_schottenheimer,
2002,LV,5,2002_05_OAK_BUF,Bill Callahan,bill_callahan,
2002,MIA,5,2002_05_NE_MIA,Dave Wannstedt,dave_wannstedt,
2002,NE,5,2002_05_NE_MIA,Bill Belichick,bill_belichick,
2002,NO,5,2002_05_PIT_NO,Jim Haslett,jim_haslett,
2002,NYG,5,2002_05_NYG_DAL,Jim Fassel,jim_fassel,
2002,NYJ,5,2002_05_KC_NYJ,Herm Edwards,herm_edwards,
2002,PHI,5,2002_05_PHI_JAX,Andy Reid,andy_reid,
2002,PIT,5,2002_05_PIT_NO,Bill Cowher,bill_cowher,
2002,SF,5,2002_05_STL_SF,Steve Mariucci,steve_mariucci,
2002,TB,5,2002_05_TB_ATL,Jon Gruden,jon_gruden,
2002,TEN,5,2002_05_WAS_TEN,Jeff Fisher,jeff_fisher,
2002,WAS,5,2002_05_WAS_TEN,Steve Spurrier,steve_spurrier,
2002,ATL,6,2002_06_ATL_NYG,Dan Reeves,dan_reeves,
2002,BAL,6,2002_06_BAL_IND,Brian Billick,brian_billick,
2002,BUF,6,2002_06_BUF_HOU,Gregg Williams,gregg_williams,
2002,CAR,6,2002_06_CAR_DAL,John Fox,john_fox,
2002,CIN,6,2002_06_PIT_CIN,Dick LeBeau,dick_lebeau,
2002,CLE,6,2002_06_CLE_TB,Butch Davis,butch_davis,
2002,DAL,6,2002_06_CAR_DAL,Dave Campo,dave_campo,
2002,DEN,6,2002_06_MIA_DEN,Mike Shanahan,mike_shanahan,
2002,DET,6,2002_06_DET_MIN,Marty Mornhinweg,marty_mornhinweg,
2002,GB,6,2002_06_GB_NE,Mike Sherman,mike_sherman,
2002,HOU,6,2002_06_BUF_HOU,Dom Capers,dom_capers,
2002,IND,6,2002_06_BAL_IND,Tony Dungy,tony_dungy,
2002,JAX,6,2002_06_JAX_TEN,Tom Coughlin,tom_coughlin,
2002,KC,6,2002_06_KC_SD,Dick Vermeil,dick_vermeil,
2002,LA,6,2002_06_OAK_STL,Mike Martz,mike_martz,
2002,LAC,6,2002_06_KC_SD,Marty Schottenheimer,marty_schottenheimer,
2002,LV,6,2002_06_OAK_STL,Bill Callahan,bill_callahan,
2002,MIA,6,2002_06_MIA_DEN,Dave Wannstedt,dave_wannstedt,
2002,MIN,6,2002_06_DET_MIN,Mike Tice,mike_tice,
2002,NE,6,2002_06_GB_NE,Bill Belichick,bill_belichick,
2002,NO,6,2002_06_NO_WAS,Jim Haslett,jim_haslett,
2002,NYG,6,2002_06_ATL_NYG,Jim Fassel,jim_fassel,
2002,PIT,6,2002_06_PIT_CIN,Bill Cowher,bill_cowher,
2002,SEA,6,2002_06_SF_SEA,Mike Holmgren,mike_holmgren,
2002,SF,6,2002_06_SF_SEA,Steve Mariucci,steve_mariucci,
2002,TB,6,2002_06_CLE_TB,Jon Gruden,jon_gruden,
2002,TEN,6,2002_06_JAX_TEN,Jeff Fisher,jeff_fisher,
2002,WAS,6,2002_06_NO_WAS,Steve Spurrier,steve_spurrier,
2002,ARI,7,2002_07_DAL_ARI,Dave McGinnis,dave_mcginnis,
2002,ATL,7,2002_07_CAR_ATL,Dan Reeves,dan_reeves,
2002,BAL,7,2002_07_JAX_BAL,Brian Billick,brian_billick,
2002,BUF,7,2002_07_BUF_MIA,Gregg Williams,gregg_williams,
2002,CAR,7,2002_07_CAR_ATL,John Fox,john_fox,
2002,CHI,7,2002_07_CHI_DET,Dick Jauron,dick_jauron,
2002,CLE,7,2002_07_HOU_CLE,Butch Davis,butch_davis,
2002,DAL,7,2002_07_DAL_ARI,Dave Campo,dave_campo,
2002,DEN,7,2002_07_DEN_KC,Mike Shanahan,mike_shanahan,
2002,DET,7,2002_07_CHI_DET,Marty Mornhinweg,marty_mornhinweg,
2002,GB,7,2002_07_WAS_GB,Mike Sherman,mike_sherman,
2002,HOU,7,2002_07_HOU_CLE,Dom Capers,dom_capers,
2002,IND,7,2002_07_IND_PIT,Tony Dungy,tony_dungy,
2002,JAX,7,2002_07_JAX_BAL,Tom Coughlin,tom_coughlin,
2002,KC,7,2002_07_DEN_KC,Dick Vermeil,dick_vermeil,
2002,LA,7,2002_07_SEA_STL,Mike Martz,mike_martz,
2002,LAC,7,2002_07_SD_OAK,Marty Schottenheimer,marty_schottenheimer,
2002,LV,7,2002_07_SD_OAK,Bill Callahan,bill_callahan,
2002,MIA,7,2002_07_BUF_MIA,Dave Wannstedt,dave_wannstedt,
2002,MIN,7,2002_07_MIN_NYJ,Mike Tice,mike_tice,
2002,NO,7,2002_07_SF_NO,Jim Haslett,jim_haslett,
2002,NYJ,7,2002_07_MIN_NYJ,Herm Edwards,herm_edwards,
2002,PHI,7,2002_07_TB_PHI,Andy Reid,andy_reid,
2002,PIT,7,2002_07_IND_PIT,Bill Cowher,bill_cowher,
2002,SEA,7,2002_07_SEA_STL,Mike Holmgren,mike_holmgren,
2002,SF,7,2002_07_SF_NO,Steve Mariucci,steve_mariucci,
2002,TB,7,2002_07_TB_PHI,Jon Gruden,jon_gruden,
2002,WAS,7,2002_07_WAS_GB,Steve Spurrier,steve_spurrier,
2002,ARI,8,2002_08_ARI_SF,Dave McGinnis,dave_mcginnis,
2002,ATL,8,2002_08_ATL_NO,Dan Reeves,dan_reeves,
2002,BAL,8,2002_08_PIT_BAL,Brian Billick,brian_billick,
2002,BUF,8,2002_08_DET_BUF,Gregg Williams,gregg_williams,
2002,CAR,8,2002_08_TB_CAR,John Fox,john_fox,
2002,CHI,8,2002_08_CHI_MIN,Dick Jauron,dick_jauron,
2002,CIN,8,2002_08_TEN_CIN,Dick LeBeau,dick_lebeau,
2002,CLE,8,2002_08_CLE_NYJ,Butch Davis,butch_davis,
2002,DAL,8,2002_08_SEA_DAL,Dave Campo,dave_campo,
2002,DEN,8,2002_08_DEN_NE,Mike Shanahan,mike_shanahan,
2002,DET,8,2002_08_DET_BUF,Marty Mornhinweg,marty_mornhinweg,
2002,HOU,8,2002_08_HOU_JAX,Dom Capers,dom_capers,
2002,IND,8,2002_08_IND_WAS,Tony Dungy,tony_dungy,
2002,JAX,8,2002_08_HOU_JAX,Tom Coughlin,tom_coughlin,
2002,KC,8,2002_08_OAK_KC,Dick Vermeil,dick_vermeil,
2002,LV,8,2002_08_OAK_KC,Bill Callahan,bill_callahan,
2002,MIN,8,2002_08_CHI_MIN,Mike Tice,mike_tice,
2002,NE,8,2002_08_DEN_NE,Bill Belichick,bill_belichick,
2002,NO,8,2002_08_ATL_NO,Jim Haslett,jim_haslett,
2002,NYG,8,2002_08_NYG_PHI,Jim Fassel,jim_fassel,
2002,NYJ,8,2002_08_CLE_NYJ,Herm Edwards,herm_edwards,
2002,PHI,8,2002_08_NYG_PHI,Andy Reid,andy_reid,
2002,PIT,8,2002_08_PIT_BAL,Bill Cowher,bill_cowher,
2002,SEA,8,2002_08_SEA_DAL,Mike Holmgren,mike_holmgren,
2002,SF,8,2002_08_ARI_SF,Steve Mariucci,steve_mariucci,
2002,TB,8,2002_08_TB_CAR,Jon Gruden,jon_gruden,
2002,TEN,8,2002_08_TEN_CIN,Jeff Fisher,jeff_fisher,
2002,WAS,8,2002_08_IND_WAS,Steve Spurrier,steve_spurrier,
2002,ARI,9,2002_09_STL_ARI,Dave McGinnis,dave_mcginnis,
2002,ATL,9,2002_09_BAL_ATL,Dan Reeves,dan_reeves,
2002,BAL,9,2002_09_BAL_ATL,Brian Billick,brian_billick,
2002,BUF,9,2002_09_NE_BUF,Gregg Williams,gregg_williams,
2002,CHI,9,2002_09_PHI_CHI,Dick Jauron,dick_jauron,
2002,CIN,9,2002_09_CIN_HOU,Dick LeBeau,dick_lebeau,
2002,CLE,9,2002_09_PIT_CLE,Butch Davis,butch_davis,
2002,DAL,9,2002_09_DAL_DET,Dave Campo,dave_campo,
2002,DET,9,2002_09_DAL_DET,Marty Mornhinweg,marty_mornhinweg,
2002,GB,9,2002_09_MIA_GB,Mike Sherman,mike_sherman,
2002,HOU,9,2002_09_CIN_HOU,Dom Capers,dom_capers,
2002,IND,9,2002_09_TEN_IND,Tony Dungy,tony_dungy,
2002,JAX,9,2002_09_JAX_NYG,Tom Coughlin,tom_coughlin,
2002,LA,9,2002_09_STL_ARI,Mike Martz,mike_martz,
2002,LAC,9,2002_09_NYJ_SD,Marty Schottenheimer,marty_schottenheimer,
2002,LV,9,2002_09_SF_OAK,Bill Callahan,bill_callahan,
2002,MIA,9,2002_09_MIA_GB,Dave Wannstedt,dave_wannstedt,
2002,MIN,9,2002_09_MIN_TB,Mike Tice,mike_tice,
2002,NE,9,2002_09_NE_BUF,Bill Belichick,bill_belichick,
2002,NYG,9,2002_09_JAX_NYG,Jim Fassel,jim_fassel,
2002,NYJ,9,2002_09_NYJ_SD,Herm Edwards,herm_edwards,
2002,PHI,9,2002_09_PHI_CHI,Andy Reid,andy_reid,
2002,PIT,9,2002_09_PIT_CLE,Bill Cowher,bill_cowher,
2002,SEA,9,2002_09_WAS_SEA,Mike Holmgren,mike_holmgren,
2002,SF,9,2002_09_SF_OAK,Steve Mariucci,steve_mariucci,
2002,TB,9,2002_09_MIN_TB,Jon Gruden,jon_gruden,
2002,TEN,9,2002_09_TEN_IND,Jeff Fisher,jeff_fisher,
2002,WAS,9,2002_09_WAS_SEA,Steve Spurrier,steve_spurrier,
2002,ARI,10,2002_10_SEA_ARI,Dave McGinnis,dave_mcginnis,
2002,ATL,10,2002_10_ATL_PIT,Dan Reeves,dan_reeves,
2002,BAL,10,2002_10_CIN_BAL,Brian Billick,brian_billick,
2002,CAR,10,2002_10_NO_CAR,John Fox,john_fox,
2002,CHI,10,2002_10_NE_CHI,Dick Jauron,dick_jauron,
2002,CIN,10,2002_10_CIN_BAL,Dick LeBeau,dick_lebeau,
2002,DEN,10,2002_10_OAK_DEN,Mike Shanahan,mike_shanahan,
2002,DET,10,2002_10_DET_GB,Marty Mornhinweg,marty_mornhinweg,
2002,GB,10,2002_10_DET_GB,Mike Sherman,mike_sherman,
2002,HOU,10,2002_10_HOU_TEN,Dom Capers,dom_capers,
2002,IND,10,2002_10_IND_PHI,Tony Dungy,tony_dungy,
2002,JAX,10,2002_10_WAS_JAX,Tom Coughlin,tom_coughlin,
2002,KC,10,2002_10_KC_SF,Dick Vermeil,dick_vermeil,
2002,LA,10,2002_10_SD_STL,Mike Martz,mike_martz,
2002,LAC,10,2002_10_SD_STL,Marty Schottenheimer,marty_schottenheimer,
2002,LV,10,2002_10_OAK_DEN,Bill Callahan,bill_callahan,
2002,MIA,10,2002_10_MIA_NYJ,Dave Wannstedt,dave_wannstedt,
2002,MIN,10,2002_10_NYG_MIN,Mike Tice,mike_tice,
2002,NE,10,2002_10_NE_CHI,Bill Belichick,bill_belichick,
2002,NO,10,2002_10_NO_CAR,Jim Haslett,jim_haslett,
2002,NYG,10,2002_10_NYG_MIN,Jim Fassel,jim_fassel,
2002,NYJ,10,2002_10_MIA_NYJ,Herm Edwards,herm_edwards,
2002,PHI,10,2002_10_IND_PHI,Andy Reid,andy_reid,
2002,PIT,10,2002_10_ATL_PIT,Bill Cowher,bill_cowher,
2002,SEA,10,2002_10_SEA_ARI,Mike Holmgren,mike_holmgren,
2002,SF,10,2002_10_KC_SF,Steve Mariucci,steve_mariucci,
2002,TEN,10,2002_10_HOU_TEN,Jeff Fisher,jeff_fisher,
2002,WAS,10,2002_10_WAS_JAX,Steve Spurrier,steve_spurrier,
2002,ARI,11,2002_11_ARI_PHI,Dave McGinnis,dave_mcginnis,
2002,ATL,11,2002_11_NO_ATL,Dan Reeves,dan_reeves,
2002,BAL,11,2002_11_BAL_MIA,Brian Billick,brian_billick,
2002,BUF,11,2002_11_BUF_KC,Gregg Williams,gregg_williams,
2002,CAR,11,2002_11_CAR_TB,John Fox,john_fox,
2002,CHI,11,2002_11_CHI_STL,Dick Jauron,dick_jauron,
2002,CIN,11,2002_11_CLE_CIN,Dick LeBeau,dick_lebeau,
2002,CLE,11,2002_11_CLE_CIN,Butch Davis,butch_davis,
2002,DAL,11,2002_11_DAL_IND,Dave Campo,dave_campo,
2002,DEN,11,2002_11_DEN_SEA,Mike Shanahan,mike_shanahan,
2002,DET,11,2002_11_NYJ_DET,Marty Mornhinweg,marty_mornhinweg,
2002,GB,11,2002_11_GB_MIN,Mike Sherman,mike_sherman,
2002,HOU,11,2002_11_JAX_HOU,Dom Capers,dom_capers,
2002,IND,11,2002_11_DAL_IND,Tony Dungy,tony_dungy,
2002,JAX,11,2002_11_JAX_HOU,Tom Coughlin,tom_coughlin,
2002,KC,11,2002_11_BUF_KC,Dick Vermeil,dick_vermeil,
2002,LA,11,2002_11_CHI_STL,Mike Martz,mike_martz,
2002,LAC,11,2002_11_SF_SD,Marty Schottenheimer,marty_schottenheimer,
2002,LV,11,2002_11_NE_OAK,Bill Callahan,bill_callahan,
2002,MIA,11,2002_11_BAL_MIA,Dave Wannstedt,dave_wannstedt,
2002,MIN,11,2002_11_GB_MIN,Mike Tice,mike_tice,
2002,NE,11,2002_11_NE_OAK,Bill Belichick,bill_belichick,
2002,NO,11,2002_11_NO_ATL,Jim Haslett,jim_haslett,
2002,NYG,11,2002_11_WAS_NYG,Jim Fassel,jim_fassel,
2002,NYJ,11,2002_11_NYJ_DET,Herm Edwards,herm_edwards,
2002,PHI,11,2002_11_ARI_PHI,Andy Reid,andy_reid,
2002,PIT,11,2002_11_PIT_TEN,Bill Cowher,bill_cowher,
2002,SEA,11,2002_11_DEN_SEA,Mike Holmgren,mike_holmgren,
2002,SF,11,2002_11_SF_SD,Steve Mariucci,steve_mariucci,
2002,TB,11,2002_11_CAR_TB,Jon Gruden,jon_gruden,
2002,TEN,11,2002_11_PIT_TEN,Jeff Fisher,jeff_fisher,
2002,WAS,11,2002_11_WAS_NYG,Steve Spurrier,steve_spurrier,
2002,ARI,12,2002_12_OAK_ARI,Dave McGinnis,dave_mcginnis,
2002,ATL,12,2002_12_ATL_CAR,Dan Reeves,dan_reeves,
2002,BAL,12,2002_12_TEN_BAL,Brian Billick,brian_billick,
2002,BUF,12,2002_12_BUF_NYJ,Gregg Williams,gregg_williams,
2002,CAR,12,2002_12_ATL_CAR,John Fox,john_fox,
2002,CHI,12,2002_12_DET_CHI,Dick Jauron,dick_jauron,
2002,CIN,12,2002_12_CIN_PIT,Dick LeBeau,dick_lebeau,
2002,CLE,12,2002_12_CLE_NO,Butch Davis,butch_davis,
2002,DAL,12,2002_12_JAX_DAL,Dave Campo,dave_campo,
2002,DEN,12,2002_12_IND_DEN,Mike Shanahan,mike_shanahan,
2002,DET,12,2002_12_DET_CHI,Marty Mornhinweg,marty_mornhinweg,
2002,GB,12,2002_12_GB_TB,Mike Sherman,mike_sherman,
2002,HOU,12,2002_12_NYG_HOU,Dom Capers,dom_capers,
2002,IND,12,2002_12_IND_DEN,Tony Dungy,tony_dungy,
2002,JAX,12,2002_12_JAX_DAL,Tom Coughlin,tom_coughlin,
2002,KC,12,2002_12_KC_SEA,Dick Vermeil,dick_vermeil,
2002,LA,12,2002_12_STL_WAS,Mike Martz,mike_martz,
2002,LAC,12,2002_12_SD_MIA,Marty Schottenheimer,marty_schottenheimer,
2002,LV,12,2002_12_OAK_ARI,Bill Callahan,bill_callahan,
2002,MIA,12,2002_12_SD_MIA,Dave Wannstedt,dave_wannstedt,
2002,MIN,12,2002_12_MIN_NE,Mike Tice,mike_tice,
2002,NE,12,2002_12_MIN_NE,Bill Belichick,bill_belichick,
2002,NO,12,2002_12_CLE_NO,Jim Haslett,jim_haslett,
2002,NYG,12,2002_12_NYG_HOU,Jim Fassel,jim_fassel,
2002,NYJ,12,2002_12_BUF_NYJ,Herm Edwards,herm_edwards,
2002,PHI,12,2002_12_PHI_SF,Andy Reid,andy_reid,
2002,PIT,12,2002_12_CIN_PIT,Bill Cowher,bill_cowher,
2002,SEA,12,2002_12_KC_SEA,Mike Holmgren,mike_holmgren,
2002,SF,12,2002_12_PHI_SF,Steve Mariucci,steve_mariucci,
2002,TB,12,2002_12_GB_TB,Jon Gruden,jon_gruden,
2002,TEN,12,2002_12_TEN_BAL,Jeff Fisher,jeff_fisher,
2002,WAS,12,2002_12_STL_WAS,Steve Spurrier,steve_spurrier,
2002,ARI,13,2002_13_ARI_KC,Dave McGinnis,dave_mcginnis,
2002,ATL,13,2002_13_ATL_MIN,Dan Reeves,dan_reeves,
2002,BAL,13,2002_13_BAL_CIN,Brian Billick,brian_billick,
2002,BUF,13,2002_13_MIA_BUF,Gregg Williams,gregg_williams,
2002,CAR,13,2002_13_CAR_CLE,John Fox,john_fox,
2002,CHI,13,2002_13_CHI_GB,Dick Jauron,dick_jauron,
2002,CIN,13,2002_13_BAL_CIN,Dick LeBeau,dick_lebeau,
2002,CLE,13,2002_13_CAR_CLE,Butch Davis,butch_davis,
2002,DAL,13,2002_13_WAS_DAL,Dave Campo,dave_campo,
2002,DEN,13,2002_13_DEN_SD,Mike Shanahan,mike_shanahan,
2002,DET,13,2002_13_NE_DET,Marty Mornhinweg,marty_mornhinweg,
2002,GB,13,2002_13_CHI_GB,Mike Sherman,mike_sherman,
2002,HOU,13,2002_13_HOU_IND,Dom Capers,dom_capers,
2002,IND,13,2002_13_HOU_IND,Tony Dungy,tony_dungy,
2002,JAX,13,2002_13_PIT_JAX,Tom Coughlin,tom_coughlin,
2002,KC,13,2002_13_ARI_KC,Dick Vermeil,dick_vermeil,
2002,LA,13,2002_13_STL_PHI,Mike Martz,mike_martz,
2002,LAC,13,2002_13_DEN_SD,Marty Schottenheimer,marty_schottenheimer,
2002,LV,13,2002_13_NYJ_OAK,Bill Callahan,bill_callahan,
2002,MIA,13,2002_13_MIA_BUF,Dave Wannstedt,dave_wannstedt,
2002,MIN,13,2002_13_ATL_MIN,Mike Tice,mike_tice,
2002,NE,13,2002_13_NE_DET,Bill Belichick,bill_belichick,
2002,NO,13,2002_13_TB_NO,Jim Haslett,jim_haslett,
2002,NYG,13,2002_13_TEN_NYG,Jim Fassel,jim_fassel,
2002,NYJ,13,2002_13_NYJ_OAK,Herm Edwards,herm_edwards,
2002,PHI,13,2002_13_STL_PHI,Andy Reid,andy_reid,
2002,PIT,13,2002_13_PIT_JAX,Bill Cowher,bill_cowher,
2002,SEA,13,2002_13_SEA_SF,Mike Holmgren,mike_holmgren,
2002,SF,13,2002_13_SEA_SF,Steve Mariucci,steve_mariucci,
2002,TB,13,2002_13_TB_NO,Jon Gruden,jon_gruden,
2002,TEN,13,2002_13_TEN_NYG,Jeff Fisher,jeff_fisher,
2002,WAS,13,2002_13_WAS_DAL,Steve Spurrier,steve_spurrier,
2002,ARI,14,2002_14_DET_ARI,Dave McGinnis,dave_mcginnis,
2002,ATL,14,2002_14_ATL_TB,Dan Reeves,dan_reeves,
2002,BAL,14,2002_14_NO_BAL,Brian Billick,brian_billick,
2002,BUF,14,2002_14_BUF_NE,Gregg Williams,gregg_williams,
2002,CAR,14,2002_14_CIN_CAR,John Fox,john_fox,
2002,CHI,14,2002_14_CHI_MIA,Dick Jauron,dick_jauron,
2002,CIN,14,2002_14_CIN_CAR,Dick LeBeau,dick_lebeau,
2002,CLE,14,2002_14_CLE_JAX,Butch Davis,butch_davis,
2002,DAL,14,2002_14_SF_DAL,Dave Campo,dave_campo,
2002,DEN,14,2002_14_DEN_NYJ,Mike Shanahan,mike_shanahan,
2002,DET,14,2002_14_DET_ARI,Marty Mornhinweg,marty_mornhinweg,
2002,GB,14,2002_14_MIN_GB,Mike Sherman,mike_sherman,
2002,HOU,14,2002_14_HOU_PIT,Dom Capers,dom_capers,
2002,IND,14,2002_14_IND_TEN,Tony Dungy,tony_dungy,
2002,JAX,14,2002_14_CLE_JAX,Tom Coughlin,tom_coughlin,
2002,KC,14,2002_14_STL_KC,Dick Vermeil,dick_vermeil,
2002,LA,14,2002_14_STL_KC,Mike Martz,mike_martz,
2002,LAC,14,2002_14_OAK_SD,Marty Schottenheimer,marty_schottenheimer,
2002,LV,14,2002_14_OAK_SD,Bill Callahan,bill_callahan,
2002,MIA,14,2002_14_CHI_MIA,Dave Wannstedt,dave_wannstedt,
2002,MIN,14,2002_14_MIN_GB,Mike Tice,mike_tice,
2002,NE,14,2002_14_BUF_NE,Bill Belichick,bill_belichick,
2002,NO,14,2002_14_NO_BAL,Jim Haslett,jim_haslett,
2002,NYG,14,2002_14_NYG_WAS,Jim Fassel,jim_fassel,
2002,NYJ,14,2002_14_DEN_NYJ,Herm Edwards,herm_edwards,
2002,PHI,14,2002_14_PHI_SEA,Andy Reid,andy_reid,
2002,PIT,14,2002_14_HOU_PIT,Bill Cowher,bill_cowher,
2002,SEA,14,2002_14_PHI_SEA,Mike Holmgren,mike_holmgren,
2002,SF,14,2002_14_SF_DAL,Steve Mariucci,steve_mariucci,
2002,TB,14,2002_14_ATL_TB,Jon Gruden,jon_gruden,
2002,TEN,14,2002_14_IND_TEN,Jeff Fisher,jeff_fisher,
2002,WAS,14,2002_14_NYG_WAS,Steve Spurrier,steve_spurrier,
2002,ARI,15,2002_15_ARI_STL,Dave McGinnis,dave_mcginnis,
2002,ATL,15,2002_15_SEA_ATL,Dan Reeves,dan_reeves,
2002,BAL,15,2002_15_BAL_HOU,Brian Billick,brian_billick,
2002,BUF,15,2002_15_SD_BUF,Gregg Williams,gregg_williams,
2002,CAR,15,2002_15_CAR_PIT,John Fox,john_fox,
2002,CHI,15,2002_15_NYJ_CHI,Dick Jauron,dick_jauron,
2002,CIN,15,2002_15_JAX_CIN,Dick LeBeau,dick_lebeau,
2002,CLE,15,2002_15_IND_CLE,Butch Davis,butch_davis,
2002,DAL,15,2002_15_DAL_NYG,Dave Campo,dave_campo,
2002,DEN,15,2002_15_KC_DEN,Mike Shanahan,mike_shanahan,
2002,DET,15,2002_15_TB_DET,Marty Mornhinweg,marty_mornhinweg,
2002,GB,15,2002_15_GB_SF,Mike Sherman,mike_sherman,
2002,HOU,15,2002_15_BAL_HOU,Dom Capers,dom_capers,
2002,IND,15,2002_15_IND_CLE,Tony Dungy,tony_dungy,
2002,JAX,15,2002_15_JAX_CIN,Tom Coughlin,tom_coughlin,
2002,KC,15,2002_15_KC_DEN,Dick Vermeil,dick_vermeil,
2002,LA,15,2002_15_ARI_STL,Mike Martz,mike_martz,
2002,LAC,15,2002_15_SD_BUF,Marty Schottenheimer,marty_schottenheimer,
2002,LV,15,2002_15_OAK_MIA,Bill Callahan,bill_callahan,
2002,MIA,15,2002_15_OAK_MIA,Dave Wannstedt,dave_wannstedt,
2002,MIN,15,2002_15_MIN_NO,Mike Tice,mike_tice,
2002,NE,15,2002_15_NE_TEN,Bill Belichick,bill_belichick,
2002,NO,15,2002_15_MIN_NO,Jim Haslett,jim_haslett,
2002,NYG,15,2002_15_DAL_NYG,Jim Fassel,jim_fassel,
2002,NYJ,15,2002_15_NYJ_CHI,Herm Edwards,herm_edwards,
2002,PHI,15,2002_15_WAS_PHI,Andy Reid,andy_reid,
2002,PIT,15,2002_15_CAR_PIT,Bill Cowher,bill_cowher,
2002,SEA,15,2002_15_SEA_ATL,Mike Holmgren,mike_holmgren,
2002,SF,15,2002_15_GB_SF,Steve Mariucci,steve_mariucci,
2002,TB,15,2002_15_TB_DET,Jon Gruden,jon_gruden,
2002,TEN,15,2002_15_NE_TEN,Jeff Fisher,jeff_fisher,
2002,WAS,15,2002_15_WAS_PHI,Steve Spurrier,steve_spurrier,
2002,ARI,16,2002_16_SF_ARI,Dave McGinnis,dave_mcginnis,
2002,ATL,16,2002_16_DET_ATL,Dan Reeves,dan_reeves,
2002,BAL,16,2002_16_CLE_BAL,Brian Billick,brian_billick,
2002,BUF,16,2002_16_BUF_GB,Gregg Williams,gregg_williams,
2002,CAR,16,2002_16_CHI_CAR,John Fox,john_fox,
2002,CHI,16,2002_16_CHI_CAR,Dick Jauron,dick_jauron,
2002,CIN,16,2002_16_NO_CIN,Dick LeBeau,dick_lebeau,
2002,CLE,16,2002_16_CLE_BAL,Butch Davis,butch_davis,
2002,DAL,16,2002_16_PHI_DAL,Dave Campo,dave_campo,
2002,DEN,16,2002_16_DEN_OAK,Mike Shanahan,mike_shanahan,
2002,DET,16,2002_16_DET_ATL,Marty Mornhinweg,marty_mornhinweg,
2002,GB,16,2002_16_BUF_GB,Mike Sherman,mike_sherman,
2002,HOU,16,2002_16_HOU_WAS,Dom Capers,dom_capers,
2002,IND,16,2002_16_NYG_IND,Tony Dungy,tony_dungy,
2002,JAX,16,2002_16_TEN_JAX,Tom Coughlin,tom_coughlin,
2002,KC,16,2002_16_SD_KC,Dick Vermeil,dick_vermeil,
2002,LA,16,2002_16_STL_SEA,Mike Martz,mike_martz,
2002,LAC,16,2002_16_SD_KC,Marty Schottenheimer,marty_schottenheimer,
2002,LV,16,2002_16_DEN_OAK,Bill Callahan,bill_callahan,
2002,MIA,16,2002_16_MIA_MIN,Dave Wannstedt,dave_wannstedt,
2002,MIN,16,2002_16_MIA_MIN,Mike Tice,mike_tice,
2002,NE,16,2002_16_NYJ_NE,Bill Belichick,bill_belichick,
2002,NO,16,2002_16_NO_CIN,Jim Haslett,jim_haslett,
2002,NYG,16,2002_16_NYG_IND,Jim Fassel,jim_fassel,
2002,NYJ,16,2002_16_NYJ_NE,Herm Edwards,herm_edwards,
2002,PHI,16,2002_16_PHI_DAL,Andy Reid,andy_reid,
2002,PIT,16,2002_16_PIT_TB,Bill Cowher,bill_cowher,
2002,SEA,16,2002_16_STL_SEA,Mike Holmgren,mike_holmgren,
2002,SF,16,2002_16_SF_ARI,Steve Mariucci,steve_mariucci,
2002,TB,16,2002_16_PIT_TB,Jon Gruden,jon_gruden,
2002,TEN,16,2002_16_TEN_JAX,Jeff Fisher,jeff_fisher,
2002,WAS,16,2002_16_HOU_WAS,Steve Spurrier,steve_spurrier,
2002,ARI,17,2002_17_ARI_DEN,Dave McGinnis,dave_mcginnis,
2002,ATL,17,2002_17_ATL_CLE,Dan Reeves,dan_reeves,
2002,BAL,17,2002_17_BAL_PIT,Brian Billick,brian_billick,
2002,BUF,17,2002_17_CIN_BUF,Gregg Williams,gregg_williams,
2002,CAR,17,2002_17_CAR_NO,John Fox,john_fox,
2002,CHI,17,2002_17_TB_CHI,Dick Jauron,dick_jauron,
2002,CIN,17,2002_17_CIN_BUF,Dick LeBeau,dick_lebeau,
2002,CLE,17,2002_17_ATL_CLE,Butch Davis,butch_davis,
2002,DAL,17,2002_17_DAL_WAS,Dave Campo,dave_campo,
2002,DEN,17,2002_17_ARI_DEN,Mike Shanahan,mike_shanahan,
2002,DET,17,2002_17_MIN_DET,Marty Mornhinweg,marty_mornhinweg,
2002,GB,17,2002_17_GB_NYJ,Mike Sherman,mike_sherman,
2002,HOU,17,2002_17_TEN_HOU,Dom Capers,dom_capers,
2002,IND,17,2002_17_JAX_IND,Tony Dungy,tony_dungy,
2002,JAX,17,2002_17_JAX_IND,Tom Coughlin,tom_coughlin,
2002,KC,17,2002_17_KC_OAK,Dick Vermeil,dick_vermeil,
2002,LA,17,2002_17_SF_STL,Mike Martz,mike_martz,
2002,LAC,17,2002_17_SEA_SD,Marty Schottenheimer,marty_schottenheimer,
2002,LV,17,2002_17_KC_OAK,Bill Callahan,bill_callahan,
2002,MIA,17,2002_17_MIA_NE,Dave Wannstedt,dave_wannstedt,
2002,MIN,17,2002_17_MIN_DET,Mike Tice,mike_tice,
2002,NE,17,2002_17_MIA_NE,Bill Belichick,bill_belichick,
2002,NO,17,2002_17_CAR_NO,Jim Haslett,jim_haslett,
2002,NYG,17,2002_17_PHI_NYG,Jim Fassel,jim_fassel,
2002,NYJ,17,2002_17_GB_NYJ,Herm Edwards,herm_edwards,
2002,PHI,17,2002_17_PHI_NYG,Andy Reid,andy_reid,
2002,PIT,17,2002_17_BAL_PIT,Bill Cowher,bill_cowher,
2002,SEA,17,2002_17_SEA_SD,Mike Holmgren,mike_holmgren,
2002,SF,17,2002_17_SF_STL,Steve Mariucci,steve_mariucci,
2002,TB,17,2002_17_TB_CHI,Jon Gruden,jon_gruden,
2002,TEN,17,2002_17_TEN_HOU,Jeff Fisher,jeff_fisher,
2002,WAS,17,2002_17_DAL_WAS,Steve Spurrier,steve_spurrier,
2003,ARI,1,2003_01_ARI_DET,Dave McGinnis,dave_mcginnis,
2003,ATL,1,2003_01_ATL_DAL,Dan Reeves,dan_reeves,
2003,BAL,1,2003_01_BAL_PIT,Brian Billick,brian_billick,
2003,BUF,1,2003_01_NE_BUF,Gregg Williams,gregg_williams,
2003,CAR,1,2003_01_JAX_CAR,John Fox,john_fox,
2003,CHI,1,2003_01_CHI_SF,Dick Jauron,dick_jauron,
2003,CIN,1,2003_01_DEN_CIN,Marvin Lewis,marvin_lewis,
2003,CLE,1,2003_01_IND_CLE,Butch Davis,butch_davis,
2003,DAL,1,2003_01_ATL_DAL,Bill Parcells,bill_parcells,
2003,DEN,1,2003_01_DEN_CIN,Mike Shanahan,mike_shanahan,
2003,DET,1,2003_01_ARI_DET,Steve Mariucci,steve_mariucci,
2003,GB,1,2003_01_MIN_GB,Mike Sherman,mike_sherman,
2003,HOU,1,2003_01_HOU_MIA,Dom Capers,dom_capers,
2003,IND,1,2003_01_IND_CLE,Tony Dungy,tony_dungy,
2003,JAX,1,2003_01_JAX_CAR,Jack Del Rio,jack_del_rio,
2003,KC,1,2003_01_SD_KC,Dick Vermeil,dick_vermeil,
2003,LA,1,2003_01_STL_NYG,Mike Martz,mike_martz,
2003,LAC,1,2003_01_SD_KC,Marty Schottenheimer,marty_schottenheimer,
2003,LV,1,2003_01_OAK_TEN,Bill Callahan,bill_callahan,
2003,MIA,1,2003_01_HOU_MIA,Dave Wannstedt,dave_wannstedt,
2003,MIN,1,2003_01_MIN_GB,Mike Tice,mike_tice,
2003,NE,1,2003_01_NE_BUF,Bill Belichick,bill_belichick,
2003,NO,1,2003_01_NO_SEA,Jim Haslett,jim_haslett,
2003,NYG,1,2003_01_STL_NYG,Jim Fassel,jim_fassel,
2003,NYJ,1,2003_01_NYJ_WAS,Herm Edwards,herm_edwards,
2003,PHI,1,2003_01_TB_PHI,Andy Reid,andy_reid,
2003,PIT,1,2003_01_BAL_PIT,Bill Cowher,bill_cowher,
2003,SEA,1,2003_01_NO_SEA,Mike Holmgren,mike_holmgren,
2003,SF,1,2003_01_CHI_SF,Dennis Erickson,dennis_erickson,
2003,TB,1,2003_01_TB_PHI,Jon Gruden,jon_gruden,
2003,TEN,1,2003_01_OAK_TEN,Jeff Fisher,jeff_fisher,
2003,WAS,1,2003_01_NYJ_WAS,Steve Spurrier,steve_spurrier,
2003,ARI,2,2003_02_SEA_ARI,Dave McGinnis,dave_mcginnis,
2003,ATL,2,2003_02_WAS_ATL,Dan Reeves,dan_reeves,
2003,BAL,2,2003_02_CLE_BAL,Brian Billick,brian_billick,
2003,BUF,2,2003_02_BUF_JAX,Gregg Williams,gregg_williams,
2003,CAR,2,2003_02_CAR_TB,John Fox,john_fox,
2003,CHI,2,2003_02_CHI_MIN,Dick Jauron,dick_jauron,
2003,CIN,2,2003_02_CIN_OAK,Marvin Lewis,marvin_lewis,
2003,CLE,2,2003_02_CLE_BAL,Butch Davis,butch_davis,
2003,DAL,2,2003_02_DAL_NYG,Bill Parcells,bill_parcells,
2003,DEN,2,2003_02_DEN_SD,Mike Shanahan,mike_shanahan,
2003,DET,2,2003_02_DET_GB,Steve Mariucci,steve_mariucci,
2003,GB,2,2003_02_DET_GB,Mike Sherman,mike_sherman,
2003,HOU,2,2003_02_HOU_NO,Dom Capers,dom_capers,
2003,IND,2,2003_02_TEN_IND,Tony Dungy,tony_dungy,
2003,JAX,2,2003_02_BUF_JAX,Jack Del Rio,jack_del_rio,
2003,KC,2,2003_02_PIT_KC,Dick Vermeil,dick_vermeil,
2003,LA,2,2003_02_SF_STL,Mike Martz,mike_martz,
2003,LAC,2,2003_02_DEN_SD,Marty Schottenheimer,marty_schottenheimer,
2003,LV,2,2003_02_CIN_OAK,Bill Callahan,bill_callahan,
2003,MIA,2,2003_02_MIA_NYJ,Dave Wannstedt,dave_wannstedt,
2003,MIN,2,2003_02_CHI_MIN,Mike Tice,mike_tice,
2003,NE,2,2003_02_NE_PHI,Bill Belichick,bill_belichick,
2003,NO,2,2003_02_HOU_NO,Jim Haslett,jim_haslett,
2003,NYG,2,2003_02_DAL_NYG,Jim Fassel,jim_fassel,
2003,NYJ,2,2003_02_MIA_NYJ,Herm Edwards,herm_edwards,
2003,PHI,2,2003_02_NE_PHI,Andy Reid,andy_reid,
2003,PIT,2,2003_02_PIT_KC,Bill Cowher,bill_cowher,
2003,SEA,2,2003_02_SEA_ARI,Mike Holmgren,mike_holmgren,
2003,SF,2,2003_02_SF_STL,Dennis Erickson,dennis_erickson,
2003,TB,2,2003_02_CAR_TB,Jon Gruden,jon_gruden,
2003,TEN,2,2003_02_TEN_IND,Jeff Fisher,jeff_fisher,
2003,WAS,2,2003_02_WAS_ATL,Steve Spurrier,steve_spurrier,
2003,ARI,3,2003_03_GB_ARI,Dave McGinnis,dave_mcginnis,
2003,ATL,3,2003_03_TB_ATL,Dan Reeves,dan_reeves,
2003,BAL,3,2003_03_BAL_SD,Brian Billick,brian_billick,
2003,BUF,3,2003_03_BUF_MIA,Gregg Williams,gregg_williams,
2003,CIN,3,2003_03_PIT_CIN,Marvin Lewis,marvin_lewis,
2003,CLE,3,2003_03_CLE_SF,Butch Davis,butch_davis,
2003,DEN,3,2003_03_OAK_DEN,Mike Shanahan,mike_shanahan,
2003,DET,3,2003_03_MIN_DET,Steve Mariucci,steve_mariucci,
2003,GB,3,2003_03_GB_ARI,Mike Sherman,mike_sherman,
2003,HOU,3,2003_03_KC_HOU,Dom Capers,dom_capers,
2003,IND,3,2003_03_JAX_IND,Tony Dungy,tony_dungy,
2003,JAX,3,2003_03_JAX_IND,Jack Del Rio,jack_del_rio,
2003,KC,3,2003_03_KC_HOU,Dick Vermeil,dick_vermeil,
2003,LA,3,2003_03_STL_SEA,Mike Martz,mike_martz,
2003,LAC,3,2003_03_BAL_SD,Marty Schottenheimer,marty_schottenheimer,
2003,LV,3,2003_03_OAK_DEN,Bill Callahan,bill_callahan,
2003,MIA,3,2003_03_BUF_MIA,Dave Wannstedt,dave_wannstedt,
2003,MIN,3,2003_03_MIN_DET,Mike Tice,mike_tice,
2003,NE,3,2003_03_NYJ_NE,Bill Belichick,bill_belichick,
2003,NO,3,2003_03_NO_TEN,Jim Haslett,jim_haslett,
2003,NYG,3,2003_03_NYG_WAS,Jim Fassel,jim_fassel,
2003,NYJ,3,2003_03_NYJ_NE,Herm Edwards,herm_edwards,
2003,PIT,3,2003_03_PIT_CIN,Bill Cowher,bill_cowher,
2003,SEA,3,2003_03_STL_SEA,Mike Holmgren,mike_holmgren,
2003,SF,3,2003_03_CLE_SF,Dennis Erickson,dennis_erickson,
2003,TB,3,2003_03_TB_ATL,Jon Gruden,jon_gruden,
2003,TEN,3,2003_03_NO_TEN,Jeff Fisher,jeff_fisher,
2003,WAS,3,2003_03_NYG_WAS,Steve Spurrier,steve_spurrier,
2003,ARI,4,2003_04_ARI_STL,Dave McGinnis,dave_mcginnis,
2003,ATL,4,2003_04_ATL_CAR,Dan Reeves,dan_reeves,
2003,BAL,4,2003_04_KC_BAL,Brian Billick,brian_billick,
2003,BUF,4,2003_04_PHI_BUF,Gregg Williams,gregg_williams,
2003,CAR,4,2003_04_ATL_CAR,John Fox,john_fox,
2003,CHI,4,2003_04_GB_CHI,Dick Jauron,dick_jauron,
2003,CIN,4,2003_04_CIN_CLE,Marvin Lewis,marvin_lewis,
2003,CLE,4,2003_04_CIN_CLE,Butch Davis,butch_davis,
2003,DAL,4,2003_04_DAL_NYJ,Bill Parcells,bill_parcells,
2003,DEN,4,2003_04_DET_DEN,Mike Shanahan,mike_shanahan,
2003,DET,4,2003_04_DET_DEN,Steve Mariucci,steve_mariucci,
2003,GB,4,2003_04_GB_CHI,Mike Sherman,mike_sherman,
2003,HOU,4,2003_04_JAX_HOU,Dom Capers,dom_capers,
2003,IND,4,2003_04_IND_NO,Tony Dungy,tony_dungy,
2003,JAX,4,2003_04_JAX_HOU,Jack Del Rio,jack_del_rio,
2003,KC,4,2003_04_KC_BAL,Dick Vermeil,dick_vermeil,
2003,LA,4,2003_04_ARI_STL,Mike Martz,mike_martz,
2003,LAC,4,2003_04_SD_OAK,Marty Schottenheimer,marty_schottenheimer,
2003,LV,4,2003_04_SD_OAK,Bill Callahan,bill_callahan,
2003,MIN,4,2003_04_SF_MIN,Mike Tice,mike_tice,
2003,NE,4,2003_04_NE_WAS,Bill Belichick,bill_belichick,
2003,NO,4,2003_04_IND_NO,Jim Haslett,jim_haslett,
2003,NYJ,4,2003_04_DAL_NYJ,Herm Edwards,herm_edwards,
2003,PHI,4,2003_04_PHI_BUF,Andy Reid,andy_reid,
2003,PIT,4,2003_04_TEN_PIT,Bill Cowher,bill_cowher,
2003,SF,4,2003_04_SF_MIN,Dennis Erickson,dennis_erickson,
2003,TEN,4,2003_04_TEN_PIT,Jeff Fisher,jeff_fisher,
2003,WAS,4,2003_04_NE_WAS,Steve Spurrier,steve_spurrier,
2003,ARI,5,2003_05_ARI_DAL,Dave McGinnis,dave_mcginnis,
2003,ATL,5,2003_05_MIN_ATL,Dan Reeves,dan_reeves,
2003,BUF,5,2003_05_CIN_BUF,Gregg Williams,gregg_williams,
2003,CAR,5,2003_05_NO_CAR,John Fox,john_fox,
2003,CHI,5,2003_05_OAK_CHI,Dick Jauron,dick_jauron,
2003,CIN,5,2003_05_CIN_BUF,Marvin Lewis,marvin_lewis,
2003,CLE,5,2003_05_CLE_PIT,Butch Davis,butch_davis,
2003,DAL,5,2003_05_ARI_DAL,Bill Parcells,bill_parcells,
2003,DEN,5,2003_05_DEN_KC,Mike Shanahan,mike_shanahan,
2003,DET,5,2003_05_DET_SF,Steve Mariucci,steve_mariucci,
2003,GB,5,2003_05_SEA_GB,Mike Sherman,mike_sherman,
2003,IND,5,2003_05_IND_TB,Tony Dungy,tony_dungy,
2003,JAX,5,2003_05_SD_JAX,Jack Del Rio,jack_del_rio,
2003,KC,5,2003_05_DEN_KC,Dick Vermeil,dick_vermeil,
2003,LAC,5,2003_05_SD_JAX,Marty Schottenheimer,marty_schottenheimer,
2003,LV,5,2003_05_OAK_CHI,Bill Callahan,bill_callahan,
2003,MIA,5,2003_05_MIA_NYG,Dave Wannstedt,dave_wannstedt,
2003,MIN,5,2003_05_MIN_ATL,Mike Tice,mike_tice,
2003,NE,5,2003_05_TEN_NE,Bill Belichick,bill_belichick,
2003,NO,5,2003_05_NO_CAR,Jim Haslett,jim_haslett,
2003,NYG,5,2003_05_MIA_NYG,Jim Fassel,jim_fassel,
2003,PHI,5,2003_05_WAS_PHI,Andy Reid,andy_reid,
2003,PIT,5,2003_05_CLE_PIT,Bill Cowher,bill_cowher,
2003,SEA,5,2003_05_SEA_GB,Mike Holmgren,mike_holmgren,
2003,SF,5,2003_05_DET_SF,Dennis Erickson,dennis_erickson,
2003,TB,5,2003_05_IND_TB,Jon Gruden,jon_gruden,
2003,TEN,5,2003_05_TEN_NE,Jeff Fisher,jeff_fisher,
2003,WAS,5,2003_05_WAS_PHI,Steve Spurrier,steve_spurrier,
2003,ARI,6,2003_06_BAL_ARI,Dave McGinnis,dave_mcginnis,
2003,ATL,6,2003_06_ATL_STL,Dan Reeves,dan_reeves,
2003,BAL,6,2003_06_BAL_ARI,Brian Billick,brian_billick,
2003,BUF,6,2003_06_BUF_NYJ,Gregg Williams,gregg_williams,
2003,CAR,6,2003_06_CAR_IND,John Fox,john_fox,
2003,CHI,6,2003_06_CHI_NO,Dick Jauron,dick_jauron,
2003,CLE,6,2003_06_OAK_CLE,Butch Davis,butch_davis,
2003,DAL,6,2003_06_PHI_DAL,Bill Parcells,bill_parcells,
2003,DEN,6,2003_06_PIT_DEN,Mike Shanahan,mike_shanahan,
2003,GB,6,2003_06_KC_GB,Mike Sherman,mike_sherman,
2003,HOU,6,2003_06_HOU_TEN,Dom Capers,dom_capers,
2003,IND,6,2003_06_CAR_IND,Tony Dungy,tony_dungy,
2003,JAX,6,2003_06_MIA_JAX,Jack Del Rio,jack_del_rio,
2003,KC,6,2003_06_KC_GB,Dick Vermeil,dick_vermeil,
2003,LA,6,2003_06_ATL_STL,Mike Martz,mike_martz,
2003,LV,6,2003_06_OAK_CLE,Bill Callahan,bill_callahan,
2003,MIA,6,2003_06_MIA_JAX,Dave Wannstedt,dave_wannstedt,
2003,NE,6,2003_06_NYG_NE,Bill Belichick,bill_belichick,
2003,NO,6,2003_06_CHI_NO,Jim Haslett,jim_haslett,
2003,NYG,6,2003_06_NYG_NE,Jim Fassel,jim_fassel,
2003,NYJ,6,2003_06_BUF_NYJ,Herm Edwards,herm_edwards,
2003,PHI,6,2003_06_PHI_DAL,Andy Reid,andy_reid,
2003,PIT,6,2003_06_PIT_DEN,Bill Cowher,bill_cowher,
2003,SEA,6,2003_06_SF_SEA,Mike Holmgren,mike_holmgren,
2003,SF,6,2003_06_SF_SEA,Dennis Erickson,dennis_erickson,
2003,TB,6,2003_06_TB_WAS,Jon Gruden,jon_gruden,
2003,TEN,6,2003_06_HOU_TEN,Jeff Fisher,jeff_fisher,
2003,WAS,6,2003_06_TB_WAS,Steve Spurrier,steve_spurrier,
2003,ATL,7,2003_07_NO_ATL,Dan Reeves,dan_reeves,
2003,BAL,7,2003_07_BAL_CIN,Brian Billick,brian_billick,
2003,BUF,7,2003_07_WAS_BUF,Gregg Williams,gregg_williams,
2003,CAR,7,2003_07_TEN_CAR,John Fox,john_fox,
2003,CHI,7,2003_07_CHI_SEA,Dick Jauron,dick_jauron,
2003,CIN,7,2003_07_BAL_CIN,Marvin Lewis,marvin_lewis,
2003,CLE,7,2003_07_SD_CLE,Butch Davis,butch_davis,
2003,DAL,7,2003_07_DAL_DET,Bill Parcells,bill_parcells,
2003,DEN,7,2003_07_DEN_MIN,Mike Shanahan,mike_shanahan,
2003,DET,7,2003_07_DAL_DET,Steve Mariucci,steve_mariucci,
2003,GB,7,2003_07_GB_STL,Mike Sherman,mike_sherman,
2003,HOU,7,2003_07_NYJ_HOU,Dom Capers,dom_capers,
2003,KC,7,2003_07_KC_OAK,Dick Vermeil,dick_vermeil,
2003,LA,7,2003_07_GB_STL,Mike Martz,mike_martz,
2003,LAC,7,2003_07_SD_CLE,Marty Schottenheimer,marty_schottenheimer,
2003,LV,7,2003_07_KC_OAK,Bill Callahan,bill_callahan,
2003,MIA,7,2003_07_NE_MIA,Dave Wannstedt,dave_wannstedt,
2003,MIN,7,2003_07_DEN_MIN,Mike Tice,mike_tice,
2003,NE,7,2003_07_NE_MIA,Bill Belichick,bill_belichick,
2003,NO,7,2003_07_NO_ATL,Jim Haslett,jim_haslett,
2003,NYG,7,2003_07_PHI_NYG,Jim Fassel,jim_fassel,
2003,NYJ,7,2003_07_NYJ_HOU,Herm Edwards,herm_edwards,
2003,PHI,7,2003_07_PHI_NYG,Andy Reid,andy_reid,
2003,SEA,7,2003_07_CHI_SEA,Mike Holmgren,mike_holmgren,
2003,SF,7,2003_07_TB_SF,Dennis Erickson,dennis_erickson,
2003,TB,7,2003_07_TB_SF,Jon Gruden,jon_gruden,
2003,TEN,7,2003_07_TEN_CAR,Jeff Fisher,jeff_fisher,
2003,WAS,7,2003_07_WAS_BUF,Steve Spurrier,steve_spurrier,
2003,ARI,8,2003_08_SF_ARI,Dave McGinnis,dave_mcginnis,
2003,BAL,8,2003_08_DEN_BAL,Brian Billick,brian_billick,
2003,BUF,8,2003_08_BUF_KC,Gregg Williams,gregg_williams,
2003,CAR,8,2003_08_CAR_NO,John Fox,john_fox,
2003,CHI,8,2003_08_DET_CHI,Dick Jauron,dick_jauron,
2003,CIN,8,2003_08_SEA_CIN,Marvin Lewis,marvin_lewis,
2003,CLE,8,2003_08_CLE_NE,Butch Davis,butch_davis,
2003,DAL,8,2003_08_DAL_TB,Bill Parcells,bill_parcells,
2003,DEN,8,2003_08_DEN_BAL,Mike Shanahan,mike_shanahan,
2003,DET,8,2003_08_DET_CHI,Steve Mariucci,steve_mariucci,
2003,HOU,8,2003_08_HOU_IND,Dom Capers,dom_capers,
2003,IND,8,2003_08_HOU_IND,Tony Dungy,tony_dungy,
2003,JAX,8,2003_08_TEN_JAX,Jack Del Rio,jack_del_rio,
2003,KC,8,2003_08_BUF_KC,Dick Vermeil,dick_vermeil,
2003,LA,8,2003_08_STL_PIT,Mike Martz,mike_martz,
2003,LAC,8,2003_08_MIA_SD,Marty Schottenheimer,marty_schottenheimer,
2003,MIA,8,2003_08_MIA_SD,Dave Wannstedt,dave_wannstedt,
2003,MIN,8,2003_08_NYG_MIN,Mike Tice,mike_tice,
2003,NE,8,2003_08_CLE_NE,Bill Belichick,bill_belichick,
2003,NO,8,2003_08_CAR_NO,Jim Haslett,jim_haslett,
2003,NYG,8,2003_08_NYG_MIN,Jim Fassel,jim_fassel,
2003,NYJ,8,2003_08_NYJ_PHI,Herm Edwards,herm_edwards,
2003,PHI,8,2003_08_NYJ_PHI,Andy Reid,andy_reid,
2003,PIT,8,2003_08_STL_PIT,Bill Cowher,bill_cowher,
2003,SEA,8,2003_08_SEA_CIN,Mike Holmgren,mike_holmgren,
2003,SF,8,2003_08_SF_ARI,Dennis Erickson,dennis_erickson,
2003,TB,8,2003_08_DAL_TB,Jon Gruden,jon_gruden,
2003,TEN,8,2003_08_TEN_JAX,Jeff Fisher,jeff_fisher,
2003,ARI,9,2003_09_CIN_ARI,Dave McGinnis,dave_mcginnis,
2003,ATL,9,2003_09_PHI_ATL,Dan Reeves,dan_reeves,
2003,BAL,9,2003_09_JAX_BAL,Brian Billick,brian_billick,
2003,CAR,9,2003_09_CAR_HOU,John Fox,john_fox,
2003,CHI,9,2003_09_SD_CHI,Dick Jauron,dick_jauron,
2003,CIN,9,2003_09_CIN_ARI,Marvin Lewis,marvin_lewis,
2003,DAL,9,2003_09_WAS_DAL,Bill Parcells,bill_parcells,
2003,DEN,9,2003_09_NE_DEN,Mike Shanahan,mike_shanahan,
2003,DET,9,2003_09_OAK_DET,Steve Mariucci,steve_mariucci,
2003,GB,9,2003_09_GB_MIN,Mike Sherman,mike_sherman,
2003,HOU,9,2003_09_CAR_HOU,Dom Capers,dom_capers,
2003,IND,9,2003_09_IND_MIA,Tony Dungy,tony_dungy,
2003,JAX,9,2003_09_JAX_BAL,Jack Del Rio,jack_del_rio,
2003,LA,9,2003_09_STL_SF,Mike Martz,mike_martz,
2003,LAC,9,2003_09_SD_CHI,Marty Schottenheimer,marty_schottenheimer,
2003,LV,9,2003_09_OAK_DET,Bill Callahan,bill_callahan,
2003,MIA,9,2003_09_IND_MIA,Dave Wannstedt,dave_wannstedt,
2003,MIN,9,2003_09_GB_MIN,Mike Tice,mike_tice,
2003,NE,9,2003_09_NE_DEN,Bill Belichick,bill_belichick,
2003,NO,9,2003_09_NO_TB,Jim Haslett,jim_haslett,
2003,NYG,9,2003_09_NYG_NYJ,Jim Fassel,jim_fassel,
2003,NYJ,9,2003_09_NYG_NYJ,Herm Edwards,herm_edwards,
2003,PHI,9,2003_09_PHI_ATL,Andy Reid,andy_reid,
2003,PIT,9,2003_09_PIT_SEA,Bill Cowher,bill_cowher,
2003,SEA,9,2003_09_PIT_SEA,Mike Holmgren,mike_holmgren,
2003,SF,9,2003_09_STL_SF,Dennis Erickson,dennis_erickson,
2003,TB,9,2003_09_NO_TB,Jon Gruden,jon_gruden,
2003,WAS,9,2003_09_WAS_DAL,Steve Spurrier,steve_spurrier,
2003,ARI,10,2003_10_ARI_PIT,Dave McGinnis,dave_mcginnis,
2003,ATL,10,2003_10_ATL_NYG,Dan Reeves,dan_reeves,
2003,BAL,10,2003_10_BAL_STL,Brian Billick,brian_billick,
2003,BUF,10,2003_10_BUF_DAL,Gregg Williams,gregg_williams,
2003,CAR,10,2003_10_TB_CAR,John Fox,john_fox,
2003,CHI,10,2003_10_CHI_DET,Dick Jauron,dick_jauron,
2003,CIN,10,2003_10_HOU_CIN,Marvin Lewis,marvin_lewis,
2003,CLE,10,2003_10_CLE_KC,Butch Davis,butch_davis,
2003,DAL,10,2003_10_BUF_DAL,Bill Parcells,bill_parcells,
2003,DET,10,2003_10_CHI_DET,Steve Mariucci,steve_mariucci,
2003,GB,10,2003_10_PHI_GB,Mike Sherman,mike_sherman,
2003,HOU,10,2003_10_HOU_CIN,Dom Capers,dom_capers,
2003,IND,10,2003_10_IND_JAX,Tony Dungy,tony_dungy,
2003,JAX,10,2003_10_IND_JAX,Jack Del Rio,jack_del_rio,
2003,KC,10,2003_10_CLE_KC,Dick Vermeil,dick_vermeil,
2003,LA,10,2003_10_BAL_STL,Mike Martz,mike_martz,
2003,LAC,10,2003_10_MIN_SD,Marty Schottenheimer,marty_schottenheimer,
2003,LV,10,2003_10_NYJ_OAK,Bill Callahan,bill_callahan,
2003,MIA,10,2003_10_MIA_TEN,Dave Wannstedt,dave_wannstedt,
2003,MIN,10,2003_10_MIN_SD,Mike Tice,mike_tice,
2003,NYG,10,2003_10_ATL_NYG,Jim Fassel,jim_fassel,
2003,NYJ,10,2003_10_NYJ_OAK,Herm Edwards,herm_edwards,
2003,PHI,10,2003_10_PHI_GB,Andy Reid,andy_reid,
2003,PIT,10,2003_10_ARI_PIT,Bill Cowher,bill_cowher,
2003,SEA,10,2003_10_SEA_WAS,Mike Holmgren,mike_holmgren,
2003,TB,10,2003_10_TB_CAR,Jon Gruden,jon_gruden,
2003,TEN,10,2003_10_MIA_TEN,Jeff Fisher,jeff_fisher,
2003,WAS,10,2003_10_SEA_WAS,Steve Spurrier,steve_spurrier,
2003,ARI,11,2003_11_ARI_CLE,Dave McGinnis,dave_mcginnis,
2003,ATL,11,2003_11_ATL_NO,Dan Reeves,dan_reeves,
2003,BAL,11,2003_11_BAL_MIA,Brian Billick,brian_billick,
2003,BUF,11,2003_11_HOU_BUF,Gregg Williams,gregg_williams,
2003,CAR,11,2003_11_WAS_CAR,John Fox,john_fox,
2003,CHI,11,2003_11_STL_CHI,Dick Jauron,dick_jauron,
2003,CIN,11,2003_11_KC_CIN,Marvin Lewis,marvin_lewis,
2003,CLE,11,2003_11_ARI_CLE,Butch Davis,butch_davis,
2003,DAL,11,2003_11_DAL_NE,Bill Parcells,bill_parcells,
2003,DEN,11,2003_11_SD_DEN,Mike Shanahan,mike_shanahan,
2003,DET,11,2003_11_DET_SEA,Steve Mariucci,steve_mariucci,
2003,GB,11,2003_11_GB_TB,Mike Sherman,mike_sherman,
2003,HOU,11,2003_11_HOU_BUF,Dom Capers,dom_capers,
2003,IND,11,2003_11_NYJ_IND,Tony Dungy,tony_dungy,
2003,JAX,11,2003_11_JAX_TEN,Jack Del Rio,jack_del_rio,
2003,KC,11,2003_11_KC_CIN,Dick Vermeil,dick_vermeil,
2003,LA,11,2003_11_STL_CHI,Mike Martz,mike_martz,
2003,LAC,11,2003_11_SD_DEN,Marty Schottenheimer,marty_schottenheimer,
2003,LV,11,2003_11_MIN_OAK,Bill Callahan,bill_callahan,
2003,MIA,11,2003_11_BAL_MIA,Dave Wannstedt,dave_wannstedt,
2003,MIN,11,2003_11_MIN_OAK,Mike Tice,mike_tice,
2003,NE,11,2003_11_DAL_NE,Bill Belichick,bill_belichick,
2003,NO,11,2003_11_ATL_NO,Jim Haslett,jim_haslett,
2003,NYG,11,2003_11_NYG_PHI,Jim Fassel,jim_fassel,
2003,NYJ,11,2003_11_NYJ_IND,Herm Edwards,herm_edwards,
2003,PHI,11,2003_11_NYG_PHI,Andy Reid,andy_reid,
2003,PIT,11,2003_11_PIT_SF,Bill Cowher,bill_cowher,
2003,SEA,11,2003_11_DET_SEA,Mike Holmgren,mike_holmgren,
2003,SF,11,2003_11_PIT_SF,Dennis Erickson,dennis_erickson,
2003,TB,11,2003_11_GB_TB,Jon Gruden,jon_gruden,
2003,TEN,11,2003_11_JAX_TEN,Jeff Fisher,jeff_fisher,
2003,WAS,11,2003_11_WAS_CAR,Steve Spurrier,steve_spurrier,
2003,ARI,12,2003_12_STL_ARI,Dave McGinnis,dave_mcginnis,
2003,ATL,12,2003_12_TEN_ATL,Dan Reeves,dan_reeves,
2003,BAL,12,2003_12_SEA_BAL,Brian Billick,brian_billick,
2003,BUF,12,2003_12_IND_BUF,Gregg Williams,gregg_williams,
2003,CAR,12,2003_12_CAR_DAL,John Fox,john_fox,
2003,CHI,12,2003_12_CHI_DEN,Dick Jauron,dick_jauron,
2003,CIN,12,2003_12_CIN_SD,Marvin Lewis,marvin_lewis,
2003,CLE,12,2003_12_PIT_CLE,Butch Davis,butch_davis,
2003,DAL,12,2003_12_CAR_DAL,Bill Parcells,bill_parcells,
2003,DEN,12,2003_12_CHI_DEN,Mike Shanahan,mike_shanahan,
2003,DET,12,2003_12_DET_MIN,Steve Mariucci,steve_mariucci,
2003,GB,12,2003_12_SF_GB,Mike Sherman,mike_sherman,
2003,HOU,12,2003_12_NE_HOU,Dom Capers,dom_capers,
2003,IND,12,2003_12_IND_BUF,Tony Dungy,tony_dungy,
2003,JAX,12,2003_12_JAX_NYJ,Jack Del Rio,jack_del_rio,
2003,KC,12,2003_12_OAK_KC,Dick Vermeil,dick_vermeil,
2003,LA,12,2003_12_STL_ARI,Mike Martz,mike_martz,
2003,LAC,12,2003_12_CIN_SD,Marty Schottenheimer,marty_schottenheimer,
2003,LV,12,2003_12_OAK_KC,Bill Callahan,bill_callahan,
2003,MIA,12,2003_12_WAS_MIA,Dave Wannstedt,dave_wannstedt,
2003,MIN,12,2003_12_DET_MIN,Mike Tice,mike_tice,
2003,NE,12,2003_12_NE_HOU,Bill Belichick,bill_belichick,
2003,NO,12,2003_12_NO_PHI,Jim Haslett,jim_haslett,
2003,NYG,12,2003_12_NYG_TB,Jim Fassel,jim_fassel,
2003,NYJ,12,2003_12_JAX_NYJ,Herm Edwards,herm_edwards,
2003,PHI,12,2003_12_NO_PHI,Andy Reid,andy_reid,
2003,PIT,12,2003_12_PIT_CLE,Bill Cowher,bill_cowher,
2003,SEA,12,2003_12_SEA_BAL,Mike Holmgren,mike_holmgren,
2003,SF,12,2003_12_SF_GB,Dennis Erickson,dennis_erickson,
2003,TB,12,2003_12_NYG_TB,Jon Gruden,jon_gruden,
2003,TEN,12,2003_12_TEN_ATL,Jeff Fisher,jeff_fisher,
2003,WAS,12,2003_12_WAS_MIA,Steve Spurrier,steve_spurrier,
2003,ARI,13,2003_13_ARI_CHI,Dave McGinnis,dave_mcginnis,
2003,ATL,13,2003_13_ATL_HOU,Dan Reeves,dan_reeves,
2003,BAL,13,2003_13_SF_BAL,Brian Billick,brian_billick,
2003,BUF,13,2003_13_BUF_NYG,Gregg Williams,gregg_williams,
2003,CAR,13,2003_13_PHI_CAR,John Fox,john_fox,
2003,CHI,13,2003_13_ARI_CHI,Dick Jauron,dick_jauron,
2003,CIN,13,2003_13_CIN_PIT,Marvin Lewis,marvin_lewis,
2003,CLE,13,2003_13_CLE_SEA,Butch Davis,butch_davis,
2003,DAL,13,2003_13_MIA_DAL,Bill Parcells,bill_parcells,
2003,DEN,13,2003_13_DEN_OAK,Mike Shanahan,mike_shanahan,
2003,DET,13,2003_13_GB_DET,Steve Mariucci,steve_mariucci,
2003,GB,13,2003_13_GB_DET,Mike Sherman,mike_sherman,
2003,HOU,13,2003_13_ATL_HOU,Dom Capers,dom_capers,
2003,IND,13,2003_13_NE_IND,Tony Dungy,tony_dungy,
2003,JAX,13,2003_13_TB_JAX,Jack Del Rio,jack_del_rio,
2003,KC,13,2003_13_KC_SD,Dick Vermeil,dick_vermeil,
2003,LA,13,2003_13_MIN_STL,Mike Martz,mike_martz,
2003,LAC,13,2003_13_KC_SD,Marty Schottenheimer,marty_schottenheimer,
2003,LV,13,2003_13_DEN_OAK,Bill Callahan,bill_callahan,
2003,MIA,13,2003_13_MIA_DAL,Dave Wannstedt,dave_wannstedt,
2003,MIN,13,2003_13_MIN_STL,Mike Tice,mike_tice,
2003,NE,13,2003_13_NE_IND,Bill Belichick,bill_belichick,
2003,NO,13,2003_13_NO_WAS,Jim Haslett,jim_haslett,
2003,NYG,13,2003_13_BUF_NYG,Jim Fassel,jim_fassel,
2003,NYJ,13,2003_13_TEN_NYJ,Herm Edwards,herm_edwards,
2003,PHI,13,2003_13_PHI_CAR,Andy Reid,andy_reid,
2003,PIT,13,2003_13_CIN_PIT,Bill Cowher,bill_cowher,
2003,SEA,13,2003_13_CLE_SEA,Mike Holmgren,mike_holmgren,
2003,SF,13,2003_13_SF_BAL,Dennis Erickson,dennis_erickson,
2003,TB,13,2003_13_TB_JAX,Jon Gruden,jon_gruden,
2003,TEN,13,2003_13_TEN_NYJ,Jeff Fisher,jeff_fisher,
2003,WAS,13,2003_13_NO_WAS,Steve Spurrier,steve_spurrier,
2003,ARI,14,2003_14_ARI_SF,Dave McGinnis,dave_mcginnis,
2003,ATL,14,2003_14_CAR_ATL,Dan Reeves,dan_reeves,
2003,BAL,14,2003_14_CIN_BAL,Brian Billick,brian_billick,
2003,BUF,14,2003_14_NYJ_BUF,Gregg Williams,gregg_williams,
2003,CAR,14,2003_14_CAR_ATL,John Fox,john_fox,
2003,CHI,14,2003_14_CHI_GB,Dick Jauron,dick_jauron,
2003,CIN,14,2003_14_CIN_BAL,Marvin Lewis,marvin_lewis,
2003,CLE,14,2003_14_STL_CLE,Butch Davis,butch_davis,
2003,DAL,14,2003_14_DAL_PHI,Bill Parcells,bill_parcells,
2003,DEN,14,2003_14_KC_DEN,Mike Shanahan,mike_shanahan,
2003,DET,14,2003_14_SD_DET,Steve Mariucci,steve_mariucci,
2003,GB,14,2003_14_CHI_GB,Mike Sherman,mike_sherman,
2003,HOU,14,2003_14_HOU_JAX,Dom Capers,dom_capers,
2003,IND,14,2003_14_IND_TEN,Tony Dungy,tony_dungy,
2003,JAX,14,2003_14_HOU_JAX,Jack Del Rio,jack_del_rio,
2003,KC,14,2003_14_KC_DEN,Dick Vermeil,dick_vermeil,
2003,LA,14,2003_14_STL_CLE,Mike Martz,mike_martz,
2003,LAC,14,2003_14_SD_DET,Marty Schottenheimer,marty_schottenheimer,
2003,LV,14,2003_14_OAK_PIT,Bill Callahan,bill_callahan,
2003,MIA,14,2003_14_MIA_NE,Dave Wannstedt,dave_wannstedt,
2003,MIN,14,2003_14_SEA_MIN,Mike Tice,mike_tice,
2003,NE,14,2003_14_MIA_NE,Bill Belichick,bill_belichick,
2003,NO,14,2003_14_TB_NO,Jim Haslett,jim_haslett,
2003,NYG,14,2003_14_WAS_NYG,Jim Fassel,jim_fassel,
2003,NYJ,14,2003_14_NYJ_BUF,Herm Edwards,herm_edwards,
2003,PHI,14,2003_14_DAL_PHI,Andy Reid,andy_reid,
2003,PIT,14,2003_14_OAK_PIT,Bill Cowher,bill_cowher,
2003,SEA,14,2003_14_SEA_MIN,Mike Holmgren,mike_holmgren,
2003,SF,14,2003_14_ARI_SF,Dennis Erickson,dennis_erickson,
2003,TB,14,2003_14_TB_NO,Jon Gruden,jon_gruden,
2003,TEN,14,2003_14_IND_TEN,Jeff Fisher,jeff_fisher,
2003,WAS,14,2003_14_WAS_NYG,Steve Spurrier,steve_spurrier,
2003,ARI,15,2003_15_CAR_ARI,Dave McGinnis,dave_mcginnis,
2003,ATL,15,2003_15_ATL_IND,Wade Phillips,wade_phillips,
2003,BAL,15,2003_15_BAL_OAK,Brian Billick,brian_billick,
2003,BUF,15,2003_15_BUF_TEN,Gregg Williams,gregg_williams,
2003,CAR,15,2003_15_CAR_ARI,John Fox,john_fox,
2003,CHI,15,2003_15_MIN_CHI,Dick Jauron,dick_jauron,
2003,CIN,15,2003_15_SF_CIN,Marvin Lewis,marvin_lewis,
2003,CLE,15,2003_15_CLE_DEN,Butch Davis,butch_davis,
2003,DAL,15,2003_15_DAL_WAS,Bill Parcells,bill_parcells,
2003,DEN,15,2003_15_CLE_DEN,Mike Shanahan,mike_shanahan,
2003,DET,15,2003_15_DET_KC,Steve Mariucci,steve_mariucci,
2003,GB,15,2003_15_GB_SD,Mike Sherman,mike_sherman,
2003,HOU,15,2003_15_HOU_TB,Dom Capers,dom_capers,
2003,IND,15,2003_15_ATL_IND,Tony Dungy,tony_dungy,
2003,JAX,15,2003_15_JAX_NE,Jack Del Rio,jack_del_rio,
2003,KC,15,2003_15_DET_KC,Dick Vermeil,dick_vermeil,
2003,LA,15,2003_15_SEA_STL,Mike Martz,mike_martz,
2003,LAC,15,2003_15_GB_SD,Marty Schottenheimer,marty_schottenheimer,
2003,LV,15,2003_15_BAL_OAK,Bill Callahan,bill_callahan,
2003,MIA,15,2003_15_PHI_MIA,Dave Wannstedt,dave_wannstedt,
2003,MIN,15,2003_15_MIN_CHI,Mike Tice,mike_tice,
2003,NE,15,2003_15_JAX_NE,Bill Belichick,bill_belichick,
2003,NO,15,2003_15_NYG_NO,Jim Haslett,jim_haslett,
2003,NYG,15,2003_15_NYG_NO,Jim Fassel,jim_fassel,
2003,NYJ,15,2003_15_PIT_NYJ,Herm Edwards,herm_edwards,
2003,PHI,15,2003_15_PHI_MIA,Andy Reid,andy_reid,
2003,PIT,15,2003_15_PIT_NYJ,Bill Cowher,bill_cowher,
2003,SEA,15,2003_15_SEA_STL,Mike Holmgren,mike_holmgren,
2003,SF,15,2003_15_SF_CIN,Dennis Erickson,dennis_erickson,
2003,TB,15,2003_15_HOU_TB,Jon Gruden,jon_gruden,
2003,TEN,15,2003_15_BUF_TEN,Jeff Fisher,jeff_fisher,
2003,WAS,15,2003_15_DAL_WAS,Steve Spurrier,steve_spurrier,
2003,ARI,16,2003_16_ARI_SEA,Dave McGinnis,dave_mcginnis,
2003,ATL,16,2003_16_ATL_TB,Wade Phillips,wade_phillips,
2003,BAL,16,2003_16_BAL_CLE,Brian Billick,brian_billick,
2003,BUF,16,2003_16_MIA_BUF,Gregg Williams,gregg_williams,
2003,CAR,16,2003_16_DET_CAR,John Fox,john_fox,
2003,CHI,16,2003_16_WAS_CHI,Dick Jauron,dick_jauron,
2003,CIN,16,2003_16_CIN_STL,Marvin Lewis,marvin_lewis,
2003,CLE,16,2003_16_BAL_CLE,Butch Davis,butch_davis,
2003,DAL,16,2003_16_NYG_DAL,Bill Parcells,bill_parcells,
2003,DEN,16,2003_16_DEN_IND,Mike Shanahan,mike_shanahan,
2003,DET,16,2003_16_DET_CAR,Steve Mariucci,steve_mariucci,
2003,GB,16,2003_16_GB_OAK,Mike Sherman,mike_sherman,
2003,HOU,16,2003_16_TEN_HOU,Dom Capers,dom_capers,
2003,IND,16,2003_16_DEN_IND,Tony Dungy,tony_dungy,
2003,JAX,16,2003_16_NO_JAX,Jack Del Rio,jack_del_rio,
2003,KC,16,2003_16_KC_MIN,Dick Vermeil,dick_vermeil,
2003,LA,16,2003_16_CIN_STL,Mike Martz,mike_martz,
2003,LAC,16,2003_16_SD_PIT,Marty Schottenheimer,marty_schottenheimer,
2003,LV,16,2003_16_GB_OAK,Bill Callahan,bill_callahan,
2003,MIA,16,2003_16_MIA_BUF,Dave Wannstedt,dave_wannstedt,
2003,MIN,16,2003_16_KC_MIN,Mike Tice,mike_tice,
2003,NE,16,2003_16_NE_NYJ,Bill Belichick,bill_belichick,
2003,NO,16,2003_16_NO_JAX,Jim Haslett,jim_haslett,
2003,NYG,16,2003_16_NYG_DAL,Jim Fassel,jim_fassel,
2003,NYJ,16,2003_16_NE_NYJ,Herm Edwards,herm_edwards,
2003,PHI,16,2003_16_SF_PHI,Andy Reid,andy_reid,
2003,PIT,16,2003_16_SD_PIT,Bill Cowher,bill_cowher,
2003,SEA,16,2003_16_ARI_SEA,Mike Holmgren,mike_holmgren,
2003,SF,16,2003_16_SF_PHI,Dennis Erickson,dennis_erickson,
2003,TB,16,2003_16_ATL_TB,Jon Gruden,jon_gruden,
2003,TEN,16,2003_16_TEN_HOU,Jeff Fisher,jeff_fisher,
2003,WAS,16,2003_16_WAS_CHI,Steve Spurrier,steve_spurrier,
2003,ARI,17,2003_17_MIN_ARI,Dave McGinnis,dave_mcginnis,
2003,ATL,17,2003_17_JAX_ATL,Wade Phillips,wade_phillips,
2003,BAL,17,2003_17_PIT_BAL,Brian Billick,brian_billick,
2003,BUF,17,2003_17_BUF_NE,Gregg Williams,gregg_williams,
2003,CAR,17,2003_17_CAR_NYG,John Fox,john_fox,
2003,CHI,17,2003_17_CHI_KC,Dick Jauron,dick_jauron,
2003,CIN,17,2003_17_CLE_CIN,Marvin Lewis,marvin_lewis,
2003,CLE,17,2003_17_CLE_CIN,Butch Davis,butch_davis,
2003,DAL,17,2003_17_DAL_NO,Bill Parcells,bill_parcells,
2003,DEN,17,2003_17_DEN_GB,Mike Shanahan,mike_shanahan,
2003,DET,17,2003_17_STL_DET,Steve Mariucci,steve_mariucci,
2003,GB,17,2003_17_DEN_GB,Mike Sherman,mike_sherman,
2003,HOU,17,2003_17_IND_HOU,Dom Capers,dom_capers,
2003,IND,17,2003_17_IND_HOU,Tony Dungy,tony_dungy,
2003,JAX,17,2003_17_JAX_ATL,Jack Del Rio,jack_del_rio,
2003,KC,17,2003_17_CHI_KC,Dick Vermeil,dick_vermeil,
2003,LA,17,2003_17_STL_DET,Mike Martz,mike_martz,
2003,LAC,17,2003_17_OAK_SD,Marty Schottenheimer,marty_schottenheimer,
2003,LV,17,2003_17_OAK_SD,Bill Callahan,bill_callahan,
2003,MIA,17,2003_17_NYJ_MIA,Dave Wannstedt,dave_wannstedt,
2003,MIN,17,2003_17_MIN_ARI,Mike Tice,mike_tice,
2003,NE,17,2003_17_BUF_NE,Bill Belichick,bill_belichick,
2003,NO,17,2003_17_DAL_NO,Jim Haslett,jim_haslett,
2003,NYG,17,2003_17_CAR_NYG,Jim Fassel,jim_fassel,
2003,NYJ,17,2003_17_NYJ_MIA,Herm Edwards,herm_edwards,
2003,PHI,17,2003_17_PHI_WAS,Andy Reid,andy_reid,
2003,PIT,17,2003_17_PIT_BAL,Bill Cowher,bill_cowher,
2003,SEA,17,2003_17_SEA_SF,Mike Holmgren,mike_holmgren,
2003,SF,17,2003_17_SEA_SF,Dennis Erickson,dennis_erickson,
2003,TB,17,2003_17_TB_TEN,Jon Gruden,jon_gruden,
2003,TEN,17,2003_17_TB_TEN,Jeff Fisher,jeff_fisher,
2003,WAS,17,2003_17_PHI_WAS,Steve Spurrier,steve_spurrier,
2004,ARI,1,2004_01_ARI_STL,Dennis Green,dennis_green,
2004,ATL,1,2004_01_ATL_SF,Jim Mora,jim_mora,
2004,BAL,1,2004_01_BAL_CLE,Brian Billick,brian_billick,
2004,BUF,1,2004_01_JAX_BUF,Mike Mularkey,mike_mularkey,
2004,CAR,1,2004_01_GB_CAR,John Fox,john_fox,
2004,CHI,1,2004_01_DET_CHI,Lovie Smith,lovie_smith,
2004,CIN,1,2004_01_CIN_NYJ,Marvin Lewis,marvin_lewis,
2004,CLE,1,2004_01_BAL_CLE,Butch Davis,butch_davis,
2004,DAL,1,2004_01_DAL_MIN,Bill Parcells,bill_parcells,
2004,DEN,1,2004_01_KC_DEN,Mike Shanahan,mike_shanahan,
2004,DET,1,2004_01_DET_CHI,Steve Mariucci,steve_mariucci,
2004,GB,1,2004_01_GB_CAR,Mike Sherman,mike_sherman,
2004,HOU,1,2004_01_SD_HOU,Dom Capers,dom_capers,
2004,IND,1,2004_01_IND_NE,Tony Dungy,tony_dungy,
2004,JAX,1,2004_01_JAX_BUF,Jack Del Rio,jack_del_rio,
2004,KC,1,2004_01_KC_DEN,Dick Vermeil,dick_vermeil,
2004,LA,1,2004_01_ARI_STL,Mike Martz,mike_martz,
2004,LAC,1,2004_01_SD_HOU,Marty Schottenheimer,marty_schottenheimer,
2004,LV,1,2004_01_OAK_PIT,Norv Turner,norv_turner,
2004,MIA,1,2004_01_TEN_MIA,Dave Wannstedt,dave_wannstedt,
2004,MIN,1,2004_01_DAL_MIN,Mike Tice,mike_tice,
2004,NE,1,2004_01_IND_NE,Bill Belichick,bill_belichick,
2004,NO,1,2004_01_SEA_NO,Jim Haslett,jim_haslett,
2004,NYG,1,2004_01_NYG_PHI,Tom Coughlin,tom_coughlin,
2004,NYJ,1,2004_01_CIN_NYJ,Herm Edwards,herm_edwards,
2004,PHI,1,2004_01_NYG_PHI,Andy Reid,andy_reid,
2004,PIT,1,2004_01_OAK_PIT,Bill Cowher,bill_cowher,
2004,SEA,1,2004_01_SEA_NO,Mike Holmgren,mike_holmgren,
2004,SF,1,2004_01_ATL_SF,Dennis Erickson,dennis_erickson,
2004,TB,1,2004_01_TB_WAS,Jon Gruden,jon_gruden,
2004,TEN,1,2004_01_TEN_MIA,Jeff Fisher,jeff_fisher,
2004,WAS,1,2004_01_TB_WAS,Joe Gibbs,joe_gibbs,
2004,ARI,2,2004_02_NE_ARI,Dennis Green,dennis_green,
2004,ATL,2,2004_02_STL_ATL,Jim Mora,jim_mora,
2004,BAL,2,2004_02_PIT_BAL,Brian Billick,brian_billick,
2004,BUF,2,2004_02_BUF_OAK,Mike Mularkey,mike_mularkey,
2004,CAR,2,2004_02_CAR_KC,John Fox,john_fox,
2004,CHI,2,2004_02_CHI_GB,Lovie Smith,lovie_smith,
2004,CIN,2,2004_02_MIA_CIN,Marvin Lewis,marvin_lewis,
2004,CLE,2,2004_02_CLE_DAL,Butch Davis,butch_davis,
2004,DAL,2,2004_02_CLE_DAL,Bill Parcells,bill_parcells,
2004,DEN,2,2004_02_DEN_JAX,Mike Shanahan,mike_shanahan,
2004,DET,2,2004_02_HOU_DET,Steve Mariucci,steve_mariucci,
2004,GB,2,2004_02_CHI_GB,Mike Sherman,mike_sherman,
2004,HOU,2,2004_02_HOU_DET,Dom Capers,dom_capers,
2004,IND,2,2004_02_IND_TEN,Tony Dungy,tony_dungy,
2004,JAX,2,2004_02_DEN_JAX,Jack Del Rio,jack_del_rio,
2004,KC,2,2004_02_CAR_KC,Dick Vermeil,dick_vermeil,
2004,LA,2,2004_02_STL_ATL,Mike Martz,mike_martz,
2004,LAC,2,2004_02_NYJ_SD,Marty Schottenheimer,marty_schottenheimer,
2004,LV,2,2004_02_BUF_OAK,Norv Turner,norv_turner,
2004,MIA,2,2004_02_MIA_CIN,Dave Wannstedt,dave_wannstedt,
2004,MIN,2,2004_02_MIN_PHI,Mike Tice,mike_tice,
2004,NE,2,2004_02_NE_ARI,Bill Belichick,bill_belichick,
2004,NO,2,2004_02_SF_NO,Jim Haslett,jim_haslett,
2004,NYG,2,2004_02_WAS_NYG,Tom Coughlin,tom_coughlin,
2004,NYJ,2,2004_02_NYJ_SD,Herm Edwards,herm_edwards,
2004,PHI,2,2004_02_MIN_PHI,Andy Reid,andy_reid,
2004,PIT,2,2004_02_PIT_BAL,Bill Cowher,bill_cowher,
2004,SEA,2,2004_02_SEA_TB,Mike Holmgren,mike_holmgren,
2004,SF,2,2004_02_SF_NO,Dennis Erickson,dennis_erickson,
2004,TB,2,2004_02_SEA_TB,Jon Gruden,jon_gruden,
2004,TEN,2,2004_02_IND_TEN,Jeff Fisher,jeff_fisher,
2004,WAS,2,2004_02_WAS_NYG,Joe Gibbs,joe_gibbs,
2004,ARI,3,2004_03_ARI_ATL,Dennis Green,dennis_green,
2004,ATL,3,2004_03_ARI_ATL,Jim Mora,jim_mora,
2004,BAL,3,2004_03_BAL_CIN,Brian Billick,brian_billick,
2004,CHI,3,2004_03_CHI_MIN,Lovie Smith,lovie_smith,
2004,CIN,3,2004_03_BAL_CIN,Marvin Lewis,marvin_lewis,
2004,CLE,3,2004_03_CLE_NYG,Butch Davis,butch_davis,
2004,DAL,3,2004_03_DAL_WAS,Bill Parcells,bill_parcells,
2004,DEN,3,2004_03_SD_DEN,Mike Shanahan,mike_shanahan,
2004,DET,3,2004_03_PHI_DET,Steve Mariucci,steve_mariucci,
2004,GB,3,2004_03_GB_IND,Mike Sherman,mike_sherman,
2004,HOU,3,2004_03_HOU_KC,Dom Capers,dom_capers,
2004,IND,3,2004_03_GB_IND,Tony Dungy,tony_dungy,
2004,JAX,3,2004_03_JAX_TEN,Jack Del Rio,jack_del_rio,
2004,KC,3,2004_03_HOU_KC,Dick Vermeil,dick_vermeil,
2004,LA,3,2004_03_NO_STL,Mike Martz,mike_martz,
2004,LAC,3,2004_03_SD_DEN,Marty Schottenheimer,marty_schottenheimer,
2004,LV,3,2004_03_TB_OAK,Norv Turner,norv_turner,
2004,MIA,3,2004_03_PIT_MIA,Dave Wannstedt,dave_wannstedt,
2004,MIN,3,2004_03_CHI_MIN,Mike Tice,mike_tice,
2004,NO,3,2004_03_NO_STL,Jim Haslett,jim_haslett,
2004,NYG,3,2004_03_CLE_NYG,Tom Coughlin,tom_coughlin,
2004,PHI,3,2004_03_PHI_DET,Andy Reid,andy_reid,
2004,PIT,3,2004_03_PIT_MIA,Bill Cowher,bill_cowher,
2004,SEA,3,2004_03_SF_SEA,Mike Holmgren,mike_holmgren,
2004,SF,3,2004_03_SF_SEA,Dennis Erickson,dennis_erickson,
2004,TB,3,2004_03_TB_OAK,Jon Gruden,jon_gruden,
2004,TEN,3,2004_03_JAX_TEN,Jeff Fisher,jeff_fisher,
2004,WAS,3,2004_03_DAL_WAS,Joe Gibbs,joe_gibbs,
2004,ARI,4,2004_04_NO_ARI,Dennis Green,dennis_green,
2004,ATL,4,2004_04_ATL_CAR,Jim Mora,jim_mora,
2004,BAL,4,2004_04_KC_BAL,Brian Billick,brian_billick,
2004,BUF,4,2004_04_NE_BUF,Mike Mularkey,mike_mularkey,
2004,CAR,4,2004_04_ATL_CAR,John Fox,john_fox,
2004,CHI,4,2004_04_PHI_CHI,Lovie Smith,lovie_smith,
2004,CIN,4,2004_04_CIN_PIT,Marvin Lewis,marvin_lewis,
2004,CLE,4,2004_04_WAS_CLE,Butch Davis,butch_davis,
2004,DEN,4,2004_04_DEN_TB,Mike Shanahan,mike_shanahan,
2004,GB,4,2004_04_NYG_GB,Mike Sherman,mike_sherman,
2004,HOU,4,2004_04_OAK_HOU,Dom Capers,dom_capers,
2004,IND,4,2004_04_IND_JAX,Tony Dungy,tony_dungy,
2004,JAX,4,2004_04_IND_JAX,Jack Del Rio,jack_del_rio,
2004,KC,4,2004_04_KC_BAL,Dick Vermeil,dick_vermeil,
2004,LA,4,2004_04_STL_SF,Mike Martz,mike_martz,
2004,LAC,4,2004_04_TEN_SD,Marty Schottenheimer,marty_schottenheimer,
2004,LV,4,2004_04_OAK_HOU,Norv Turner,norv_turner,
2004,MIA,4,2004_04_NYJ_MIA,Dave Wannstedt,dave_wannstedt,
2004,NE,4,2004_04_NE_BUF,Bill Belichick,bill_belichick,
2004,NO,4,2004_04_NO_ARI,Jim Haslett,jim_haslett,
2004,NYG,4,2004_04_NYG_GB,Tom Coughlin,tom_coughlin,
2004,NYJ,4,2004_04_NYJ_MIA,Herm Edwards,herm_edwards,
2004,PHI,4,2004_04_PHI_CHI,Andy Reid,andy_reid,
2004,PIT,4,2004_04_CIN_PIT,Bill Cowher,bill_cowher,
2004,SF,4,2004_04_STL_SF,Dennis Erickson,dennis_erickson,
2004,TB,4,2004_04_DEN_TB,Jon Gruden,jon_gruden,
2004,TEN,4,2004_04_TEN_SD,Jeff Fisher,jeff_fisher,
2004,WAS,4,2004_04_WAS_CLE,Joe Gibbs,joe_gibbs,
2004,ARI,5,2004_05_ARI_SF,Dennis Green,dennis_green,
2004,ATL,5,2004_05_DET_ATL,Jim Mora,jim_mora,
2004,BAL,5,2004_05_BAL_WAS,Brian Billick,brian_billick,
2004,BUF,5,2004_05_BUF_NYJ,Mike Mularkey,mike_mularkey,
2004,CAR,5,2004_05_CAR_DEN,John Fox,john_fox,
2004,CLE,5,2004_05_CLE_PIT,Butch Davis,butch_davis,
2004,DAL,5,2004_05_NYG_DAL,Bill Parcells,bill_parcells,
2004,DEN,5,2004_05_CAR_DEN,Mike Shanahan,mike_shanahan,
2004,DET,5,2004_05_DET_ATL,Steve Mariucci,steve_mariucci,
2004,GB,5,2004_05_TEN_GB,Mike Sherman,mike_sherman,
2004,HOU,5,2004_05_MIN_HOU,Dom Capers,dom_capers,
2004,IND,5,2004_05_OAK_IND,Tony Dungy,tony_dungy,
2004,JAX,5,2004_05_JAX_SD,Jack Del Rio,jack_del_rio,
2004,LA,5,2004_05_STL_SEA,Mike Martz,mike_martz,
2004,LAC,5,2004_05_JAX_SD,Marty Schottenheimer,marty_schottenheimer,
2004,LV,5,2004_05_OAK_IND,Norv Turner,norv_turner,
2004,MIA,5,2004_05_MIA_NE,Dave Wannstedt,dave_wannstedt,
2004,MIN,5,2004_05_MIN_HOU,Mike Tice,mike_tice,
2004,NE,5,2004_05_MIA_NE,Bill Belichick,bill_belichick,
2004,NO,5,2004_05_TB_NO,Jim Haslett,jim_haslett,
2004,NYG,5,2004_05_NYG_DAL,Tom Coughlin,tom_coughlin,
2004,NYJ,5,2004_05_BUF_NYJ,Herm Edwards,herm_edwards,
2004,PIT,5,2004_05_CLE_PIT,Bill Cowher,bill_cowher,
2004,SEA,5,2004_05_STL_SEA,Mike Holmgren,mike_holmgren,
2004,SF,5,2004_05_ARI_SF,Dennis Erickson,dennis_erickson,
2004,TB,5,2004_05_TB_NO,Jon Gruden,jon_gruden,
2004,TEN,5,2004_05_TEN_GB,Jeff Fisher,jeff_fisher,
2004,WAS,5,2004_05_BAL_WAS,Joe Gibbs,joe_gibbs,
2004,ATL,6,2004_06_SD_ATL,Jim Mora,jim_mora,
2004,BUF,6,2004_06_MIA_BUF,Mike Mularkey,mike_mularkey,
2004,CAR,6,2004_06_CAR_PHI,John Fox,john_fox,
2004,CHI,6,2004_06_WAS_CHI,Lovie Smith,lovie_smith,
2004,CIN,6,2004_06_CIN_CLE,Marvin Lewis,marvin_lewis,
2004,CLE,6,2004_06_CIN_CLE,Butch Davis,butch_davis,
2004,DAL,6,2004_06_PIT_DAL,Bill Parcells,bill_parcells,
2004,DEN,6,2004_06_DEN_OAK,Mike Shanahan,mike_shanahan,
2004,DET,6,2004_06_GB_DET,Steve Mariucci,steve_mariucci,
2004,GB,6,2004_06_GB_DET,Mike Sherman,mike_sherman,
2004,HOU,6,2004_06_HOU_TEN,Dom Capers,dom_capers,
2004,JAX,6,2004_06_KC_JAX,Jack Del Rio,jack_del_rio,
2004,KC,6,2004_06_KC_JAX,Dick Vermeil,dick_vermeil,
2004,LA,6,2004_06_TB_STL,Mike Martz,mike_martz,
2004,LAC,6,2004_06_SD_ATL,Marty Schottenheimer,marty_schottenheimer,
2004,LV,6,2004_06_DEN_OAK,Norv Turner,norv_turner,
2004,MIA,6,2004_06_MIA_BUF,Dave Wannstedt,dave_wannstedt,
2004,MIN,6,2004_06_MIN_NO,Mike Tice,mike_tice,
2004,NE,6,2004_06_SEA_NE,Bill Belichick,bill_belichick,
2004,NO,6,2004_06_MIN_NO,Jim Haslett,jim_haslett,
2004,NYJ,6,2004_06_SF_NYJ,Herm Edwards,herm_edwards,
2004,PHI,6,2004_06_CAR_PHI,Andy Reid,andy_reid,
2004,PIT,6,2004_06_PIT_DAL,Bill Cowher,bill_cowher,
2004,SEA,6,2004_06_SEA_NE,Mike Holmgren,mike_holmgren,
2004,SF,6,2004_06_SF_NYJ,Dennis Erickson,dennis_erickson,
2004,TB,6,2004_06_TB_STL,Jon Gruden,jon_gruden,
2004,TEN,6,2004_06_HOU_TEN,Jeff Fisher,jeff_fisher,
2004,WAS,6,2004_06_WAS_CHI,Joe Gibbs,joe_gibbs,
2004,ARI,7,2004_07_SEA_ARI,Dennis Green,dennis_green,
2004,ATL,7,2004_07_ATL_KC,Jim Mora,jim_mora,
2004,BAL,7,2004_07_BUF_BAL,Brian Billick,brian_billick,
2004,BUF,7,2004_07_BUF_BAL,Mike Mularkey,mike_mularkey,
2004,CAR,7,2004_07_SD_CAR,John Fox,john_fox,
2004,CHI,7,2004_07_CHI_TB,Lovie Smith,lovie_smith,
2004,CIN,7,2004_07_DEN_CIN,Marvin Lewis,marvin_lewis,
2004,CLE,7,2004_07_PHI_CLE,Butch Davis,butch_davis,
2004,DAL,7,2004_07_DAL_GB,Bill Parcells,bill_parcells,
2004,DEN,7,2004_07_DEN_CIN,Mike Shanahan,mike_shanahan,
2004,DET,7,2004_07_DET_NYG,Steve Mariucci,steve_mariucci,
2004,GB,7,2004_07_DAL_GB,Mike Sherman,mike_sherman,
2004,IND,7,2004_07_JAX_IND,Tony Dungy,tony_dungy,
2004,JAX,7,2004_07_JAX_IND,Jack Del Rio,jack_del_rio,
2004,KC,7,2004_07_ATL_KC,Dick Vermeil,dick_vermeil,
2004,LA,7,2004_07_STL_MIA,Mike Martz,mike_martz,
2004,LAC,7,2004_07_SD_CAR,Marty Schottenheimer,marty_schottenheimer,
2004,LV,7,2004_07_NO_OAK,Norv Turner,norv_turner,
2004,MIA,7,2004_07_STL_MIA,Dave Wannstedt,dave_wannstedt,
2004,MIN,7,2004_07_TEN_MIN,Mike Tice,mike_tice,
2004,NE,7,2004_07_NYJ_NE,Bill Belichick,bill_belichick,
2004,NO,7,2004_07_NO_OAK,Jim Haslett,jim_haslett,
2004,NYG,7,2004_07_DET_NYG,Tom Coughlin,tom_coughlin,
2004,NYJ,7,2004_07_NYJ_NE,Herm Edwards,herm_edwards,
2004,PHI,7,2004_07_PHI_CLE,Andy Reid,andy_reid,
2004,SEA,7,2004_07_SEA_ARI,Mike Holmgren,mike_holmgren,
2004,TB,7,2004_07_CHI_TB,Jon Gruden,jon_gruden,
2004,TEN,7,2004_07_TEN_MIN,Jeff Fisher,jeff_fisher,
2004,ARI,8,2004_08_ARI_BUF,Dennis Green,dennis_green,
2004,ATL,8,2004_08_ATL_DEN,Jim Mora,jim_mora,
2004,BAL,8,2004_08_BAL_PHI,Brian Billick,brian_billick,
2004,BUF,8,2004_08_ARI_BUF,Mike Mularkey,mike_mularkey,
2004,CAR,8,2004_08_CAR_SEA,John Fox,john_fox,
2004,CHI,8,2004_08_SF_CHI,Lovie Smith,lovie_smith,
2004,CIN,8,2004_08_CIN_TEN,Marvin Lewis,marvin_lewis,
2004,DAL,8,2004_08_DET_DAL,Bill Parcells,bill_parcells,
2004,DEN,8,2004_08_ATL_DEN,Mike Shanahan,mike_shanahan,
2004,DET,8,2004_08_DET_DAL,Steve Mariucci,steve_mariucci,
2004,GB,8,2004_08_GB_WAS,Mike Sherman,mike_sherman,
2004,HOU,8,2004_08_JAX_HOU,Dom Capers,dom_capers,
2004,IND,8,2004_08_IND_KC,Tony Dungy,tony_dungy,
2004,JAX,8,2004_08_JAX_HOU,Jack Del Rio,jack_del_rio,
2004,KC,8,2004_08_IND_KC,Dick Vermeil,dick_vermeil,
2004,LAC,8,2004_08_OAK_SD,Marty Schottenheimer,marty_schottenheimer,
2004,LV,8,2004_08_OAK_SD,Norv Turner,norv_turner,
2004,MIA,8,2004_08_MIA_NYJ,Dave Wannstedt,dave_wannstedt,
2004,MIN,8,2004_08_NYG_MIN,Mike Tice,mike_tice,
2004,NE,8,2004_08_NE_PIT,Bill Belichick,bill_belichick,
2004,NYG,8,2004_08_NYG_MIN,Tom Coughlin,tom_coughlin,
2004,NYJ,8,2004_08_MIA_NYJ,Herm Edwards,herm_edwards,
2004,PHI,8,2004_08_BAL_PHI,Andy Reid,andy_reid,
2004,PIT,8,2004_08_NE_PIT,Bill Cowher,bill_cowher,
2004,SEA,8,2004_08_CAR_SEA,Mike Holmgren,mike_holmgren,
2004,SF,8,2004_08_SF_CHI,Dennis Erickson,dennis_erickson,
2004,TEN,8,2004_08_CIN_TEN,Jeff Fisher,jeff_fisher,
2004,WAS,8,2004_08_GB_WAS,Joe Gibbs,joe_gibbs,
2004,ARI,9,2004_09_ARI_MIA,Dennis Green,dennis_green,
2004,BAL,9,2004_09_CLE_BAL,Brian Billick,brian_billick,
2004,BUF,9,2004_09_NYJ_BUF,Mike Mularkey,mike_mularkey,
2004,CAR,9,2004_09_OAK_CAR,John Fox,john_fox,
2004,CHI,9,2004_09_CHI_NYG,Lovie Smith,lovie_smith,
2004,CIN,9,2004_09_DAL_CIN,Marvin Lewis,marvin_lewis,
2004,CLE,9,2004_09_CLE_BAL,Butch Davis,butch_davis,
2004,DAL,9,2004_09_DAL_CIN,Bill Parcells,bill_parcells,
2004,DEN,9,2004_09_HOU_DEN,Mike Shanahan,mike_shanahan,
2004,DET,9,2004_09_WAS_DET,Steve Mariucci,steve_mariucci,
2004,HOU,9,2004_09_HOU_DEN,Dom Capers,dom_capers,
2004,IND,9,2004_09_MIN_IND,Tony Dungy,tony_dungy,
2004,KC,9,2004_09_KC_TB,Dick Vermeil,dick_vermeil,
2004,LA,9,2004_09_NE_STL,Mike Martz,mike_martz,
2004,LAC,9,2004_09_NO_SD,Marty Schottenheimer,marty_schottenheimer,
2004,LV,9,2004_09_OAK_CAR,Norv Turner,norv_turner,
2004,MIA,9,2004_09_ARI_MIA,Dave Wannstedt,dave_wannstedt,
2004,MIN,9,2004_09_MIN_IND,Mike Tice,mike_tice,
2004,NE,9,2004_09_NE_STL,Bill Belichick,bill_belichick,
2004,NO,9,2004_09_NO_SD,Jim Haslett,jim_haslett,
2004,NYG,9,2004_09_CHI_NYG,Tom Coughlin,tom_coughlin,
2004,NYJ,9,2004_09_NYJ_BUF,Herm Edwards,herm_edwards,
2004,PHI,9,2004_09_PHI_PIT,Andy Reid,andy_reid,
2004,PIT,9,2004_09_PHI_PIT,Bill Cowher,bill_cowher,
2004,SEA,9,2004_09_SEA_SF,Mike Holmgren,mike_holmgren,
2004,SF,9,2004_09_SEA_SF,Dennis Erickson,dennis_erickson,
2004,TB,9,2004_09_KC_TB,Jon Gruden,jon_gruden,
2004,WAS,9,2004_09_WAS_DET,Joe Gibbs,joe_gibbs,
2004,ARI,10,2004_10_NYG_ARI,Dennis Green,dennis_green,
2004,ATL,10,2004_10_TB_ATL,Jim Mora,jim_mora,
2004,BAL,10,2004_10_BAL_NYJ,Brian Billick,brian_billick,
2004,BUF,10,2004_10_BUF_NE,Mike Mularkey,mike_mularkey,
2004,CAR,10,2004_10_CAR_SF,John Fox,john_fox,
2004,CHI,10,2004_10_CHI_TEN,Lovie Smith,lovie_smith,
2004,CIN,10,2004_10_CIN_WAS,Marvin Lewis,marvin_lewis,
2004,CLE,10,2004_10_PIT_CLE,Butch Davis,butch_davis,
2004,DAL,10,2004_10_PHI_DAL,Bill Parcells,bill_parcells,
2004,DET,10,2004_10_DET_JAX,Steve Mariucci,steve_mariucci,
2004,GB,10,2004_10_MIN_GB,Mike Sherman,mike_sherman,
2004,HOU,10,2004_10_HOU_IND,Dom Capers,dom_capers,
2004,IND,10,2004_10_HOU_IND,Tony Dungy,tony_dungy,
2004,JAX,10,2004_10_DET_JAX,Jack Del Rio,jack_del_rio,
2004,KC,10,2004_10_KC_NO,Dick Vermeil,dick_vermeil,
2004,LA,10,2004_10_SEA_STL,Mike Martz,mike_martz,
2004,MIN,10,2004_10_MIN_GB,Mike Tice,mike_tice,
2004,NE,10,2004_10_BUF_NE,Bill Belichick,bill_belichick,
2004,NO,10,2004_10_KC_NO,Jim Haslett,jim_haslett,
2004,NYG,10,2004_10_NYG_ARI,Tom Coughlin,tom_coughlin,
2004,NYJ,10,2004_10_BAL_NYJ,Herm Edwards,herm_edwards,
2004,PHI,10,2004_10_PHI_DAL,Andy Reid,andy_reid,
2004,PIT,10,2004_10_PIT_CLE,Bill Cowher,bill_cowher,
2004,SEA,10,2004_10_SEA_STL,Mike Holmgren,mike_holmgren,
2004,SF,10,2004_10_CAR_SF,Dennis Erickson,dennis_erickson,
2004,TB,10,2004_10_TB_ATL,Jon Gruden,jon_gruden,
2004,TEN,10,2004_10_CHI_TEN,Jeff Fisher,jeff_fisher,
2004,WAS,10,2004_10_CIN_WAS,Joe Gibbs,joe_gibbs,
2004,ARI,11,2004_11_ARI_CAR,Dennis Green,dennis_green,
2004,ATL,11,2004_11_ATL_NYG,Jim Mora,jim_mora,
2004,BAL,11,2004_11_DAL_BAL,Brian Billick,brian_billick,
2004,BUF,11,2004_11_STL_BUF,Mike Mularkey,mike_mularkey,
2004,CAR,11,2004_11_ARI_CAR,John Fox,john_fox,
2004,CHI,11,2004_11_IND_CHI,Lovie Smith,lovie_smith,
2004,CIN,11,2004_11_PIT_CIN,Marvin Lewis,marvin_lewis,
2004,CLE,11,2004_11_NYJ_CLE,Butch Davis,butch_davis,
2004,DAL,11,2004_11_DAL_BAL,Bill Parcells,bill_parcells,
2004,DEN,11,2004_11_DEN_NO,Mike Shanahan,mike_shanahan,
2004,DET,11,2004_11_DET_MIN,Steve Mariucci,steve_mariucci,
2004,GB,11,2004_11_GB_HOU,Mike Sherman,mike_sherman,
2004,HOU,11,2004_11_GB_HOU,Dom Capers,dom_capers,
2004,IND,11,2004_11_IND_CHI,Tony Dungy,tony_dungy,
2004,JAX,11,2004_11_TEN_JAX,Jack Del Rio,jack_del_rio,
2004,KC,11,2004_11_NE_KC,Dick Vermeil,dick_vermeil,
2004,LA,11,2004_11_STL_BUF,Mike Martz,mike_martz,
2004,LAC,11,2004_11_SD_OAK,Marty Schottenheimer,marty_schottenheimer,
2004,LV,11,2004_11_SD_OAK,Norv Turner,norv_turner,
2004,MIA,11,2004_11_MIA_SEA,Jim Bates,jim_bates,
2004,MIN,11,2004_11_DET_MIN,Mike Tice,mike_tice,
2004,NE,11,2004_11_NE_KC,Bill Belichick,bill_belichick,
2004,NO,11,2004_11_DEN_NO,Jim Haslett,jim_haslett,
2004,NYG,11,2004_11_ATL_NYG,Tom Coughlin,tom_coughlin,
2004,NYJ,11,2004_11_NYJ_CLE,Herm Edwards,herm_edwards,
2004,PHI,11,2004_11_WAS_PHI,Andy Reid,andy_reid,
2004,PIT,11,2004_11_PIT_CIN,Bill Cowher,bill_cowher,
2004,SEA,11,2004_11_MIA_SEA,Mike Holmgren,mike_holmgren,
2004,SF,11,2004_11_SF_TB,Dennis Erickson,dennis_erickson,
2004,TB,11,2004_11_SF_TB,Jon Gruden,jon_gruden,
2004,TEN,11,2004_11_TEN_JAX,Jeff Fisher,jeff_fisher,
2004,WAS,11,2004_11_WAS_PHI,Joe Gibbs,joe_gibbs,
2004,ARI,12,2004_12_NYJ_ARI,Dennis Green,dennis_green,
2004,ATL,12,2004_12_NO_ATL,Jim Mora,jim_mora,
2004,BAL,12,2004_12_BAL_NE,Brian Billick,brian_billick,
2004,BUF,12,2004_12_BUF_SEA,Mike Mularkey,mike_mularkey,
2004,CAR,12,2004_12_TB_CAR,John Fox,john_fox,
2004,CHI,12,2004_12_CHI_DAL,Lovie Smith,lovie_smith,
2004,CIN,12,2004_12_CLE_CIN,Marvin Lewis,marvin_lewis,
2004,CLE,12,2004_12_CLE_CIN,Butch Davis,butch_davis,
2004,DAL,12,2004_12_CHI_DAL,Bill Parcells,bill_parcells,
2004,DEN,12,2004_12_OAK_DEN,Mike Shanahan,mike_shanahan,
2004,DET,12,2004_12_IND_DET,Steve Mariucci,steve_mariucci,
2004,GB,12,2004_12_STL_GB,Mike Sherman,mike_sherman,
2004,HOU,12,2004_12_TEN_HOU,Dom Capers,dom_capers,
2004,IND,12,2004_12_IND_DET,Tony Dungy,tony_dungy,
2004,JAX,12,2004_12_JAX_MIN,Jack Del Rio,jack_del_rio,
2004,KC,12,2004_12_SD_KC,Dick Vermeil,dick_vermeil,
2004,LA,12,2004_12_STL_GB,Mike Martz,mike_martz,
2004,LAC,12,2004_12_SD_KC,Marty Schottenheimer,marty_schottenheimer,
2004,LV,12,2004_12_OAK_DEN,Norv Turner,norv_turner,
2004,MIA,12,2004_12_MIA_SF,Jim Bates,jim_bates,
2004,MIN,12,2004_12_JAX_MIN,Mike Tice,mike_tice,
2004,NE,12,2004_12_BAL_NE,Bill Belichick,bill_belichick,
2004,NO,12,2004_12_NO_ATL,Jim Haslett,jim_haslett,
2004,NYG,12,2004_12_PHI_NYG,Tom Coughlin,tom_coughlin,
2004,NYJ,12,2004_12_NYJ_ARI,Herm Edwards,herm_edwards,
2004,PHI,12,2004_12_PHI_NYG,Andy Reid,andy_reid,
2004,PIT,12,2004_12_WAS_PIT,Bill Cowher,bill_cowher,
2004,SEA,12,2004_12_BUF_SEA,Mike Holmgren,mike_holmgren,
2004,SF,12,2004_12_MIA_SF,Dennis Erickson,dennis_erickson,
2004,TB,12,2004_12_TB_CAR,Jon Gruden,jon_gruden,
2004,TEN,12,2004_12_TEN_HOU,Jeff Fisher,jeff_fisher,
2004,WAS,12,2004_12_WAS_PIT,Joe Gibbs,joe_gibbs,
2004,ARI,13,2004_13_ARI_DET,Dennis Green,dennis_green,
2004,ATL,13,2004_13_ATL_TB,Jim Mora,jim_mora,
2004,BAL,13,2004_13_CIN_BAL,Brian Billick,brian_billick,
2004,BUF,13,2004_13_BUF_MIA,Mike Mularkey,mike_mularkey,
2004,CAR,13,2004_13_CAR_NO,John Fox,john_fox,
2004,CHI,13,2004_13_MIN_CHI,Lovie Smith,lovie_smith,
2004,CIN,13,2004_13_CIN_BAL,Marvin Lewis,marvin_lewis,
2004,CLE,13,2004_13_NE_CLE,Terry Robiskie,terry_robiskie,
2004,DAL,13,2004_13_DAL_SEA,Bill Parcells,bill_parcells,
2004,DEN,13,2004_13_DEN_SD,Mike Shanahan,mike_shanahan,
2004,DET,13,2004_13_ARI_DET,Steve Mariucci,steve_mariucci,
2004,GB,13,2004_13_GB_PHI,Mike Sherman,mike_sherman,
2004,HOU,13,2004_13_HOU_NYJ,Dom Capers,dom_capers,
2004,IND,13,2004_13_TEN_IND,Tony Dungy,tony_dungy,
2004,JAX,13,2004_13_PIT_JAX,Jack Del Rio,jack_del_rio,
2004,KC,13,2004_13_KC_OAK,Dick Vermeil,dick_vermeil,
2004,LA,13,2004_13_SF_STL,Mike Martz,mike_martz,
2004,LAC,13,2004_13_DEN_SD,Marty Schottenheimer,marty_schottenheimer,
2004,LV,13,2004_13_KC_OAK,Norv Turner,norv_turner,
2004,MIA,13,2004_13_BUF_MIA,Jim Bates,jim_bates,
2004,MIN,13,2004_13_MIN_CHI,Mike Tice,mike_tice,
2004,NE,13,2004_13_NE_CLE,Bill Belichick,bill_belichick,
2004,NO,13,2004_13_CAR_NO,Jim Haslett,jim_haslett,
2004,NYG,13,2004_13_NYG_WAS,Tom Coughlin,tom_coughlin,
2004,NYJ,13,2004_13_HOU_NYJ,Herm Edwards,herm_edwards,
2004,PHI,13,2004_13_GB_PHI,Andy Reid,andy_reid,
2004,PIT,13,2004_13_PIT_JAX,Bill Cowher,bill_cowher,
2004,SEA,13,2004_13_DAL_SEA,Mike Holmgren,mike_holmgren,
2004,SF,13,2004_13_SF_STL,Dennis Erickson,dennis_erickson,
2004,TB,13,2004_13_ATL_TB,Jon Gruden,jon_gruden,
2004,TEN,13,2004_13_TEN_IND,Jeff Fisher,jeff_fisher,
2004,WAS,13,2004_13_NYG_WAS,Joe Gibbs,joe_gibbs,
2004,ARI,14,2004_14_SF_ARI,Dennis Green,dennis_green,
2004,ATL,14,2004_14_OAK_ATL,Jim Mora,jim_mora,
2004,BAL,14,2004_14_NYG_BAL,Brian Billick,brian_billick,
2004,BUF,14,2004_14_CLE_BUF,Mike Mularkey,mike_mularkey,
2004,CAR,14,2004_14_STL_CAR,John Fox,john_fox,
2004,CHI,14,2004_14_CHI_JAX,Lovie Smith,lovie_smith,
2004,CIN,14,2004_14_CIN_NE,Marvin Lewis,marvin_lewis,
2004,CLE,14,2004_14_CLE_BUF,Terry Robiskie,terry_robiskie,
2004,DAL,14,2004_14_NO_DAL,Bill Parcells,bill_parcells,
2004,DEN,14,2004_14_MIA_DEN,Mike Shanahan,mike_shanahan,
2004,DET,14,2004_14_DET_GB,Steve Mariucci,steve_mariucci,
2004,GB,14,2004_14_DET_GB,Mike Sherman,mike_sherman,
2004,HOU,14,2004_14_IND_HOU,Dom Capers,dom_capers,
2004,IND,14,2004_14_IND_HOU,Tony Dungy,tony_dungy,
2004,JAX,14,2004_14_CHI_JAX,Jack Del Rio,jack_del_rio,
2004,KC,14,2004_14_KC_TEN,Dick Vermeil,dick_vermeil,
2004,LA,14,2004_14_STL_CAR,Mike Martz,mike_martz,
2004,LAC,14,2004_14_TB_SD,Marty Schottenheimer,marty_schottenheimer,
2004,LV,14,2004_14_OAK_ATL,Norv Turner,norv_turner,
2004,MIA,14,2004_14_MIA_DEN,Jim Bates,jim_bates,
2004,MIN,14,2004_14_SEA_MIN,Mike Tice,mike_tice,
2004,NE,14,2004_14_CIN_NE,Bill Belichick,bill_belichick,
2004,NO,14,2004_14_NO_DAL,Jim Haslett,jim_haslett,
2004,NYG,14,2004_14_NYG_BAL,Tom Coughlin,tom_coughlin,
2004,NYJ,14,2004_14_NYJ_PIT,Herm Edwards,herm_edwards,
2004,PHI,14,2004_14_PHI_WAS,Andy Reid,andy_reid,
2004,PIT,14,2004_14_NYJ_PIT,Bill Cowher,bill_cowher,
2004,SEA,14,2004_14_SEA_MIN,Mike Holmgren,mike_holmgren,
2004,SF,14,2004_14_SF_ARI,Dennis Erickson,dennis_erickson,
2004,TB,14,2004_14_TB_SD,Jon Gruden,jon_gruden,
2004,TEN,14,2004_14_KC_TEN,Jeff Fisher,jeff_fisher,
2004,WAS,14,2004_14_PHI_WAS,Joe Gibbs,joe_gibbs,
2004,ARI,15,2004_15_STL_ARI,Dennis Green,dennis_green,
2004,ATL,15,2004_15_CAR_ATL,Jim Mora,jim_mora,
2004,BAL,15,2004_15_BAL_IND,Brian Billick,brian_billick,
2004,BUF,15,2004_15_BUF_CIN,Mike Mularkey,mike_mularkey,
2004,CAR,15,2004_15_CAR_ATL,John Fox,john_fox,
2004,CHI,15,2004_15_HOU_CHI,Lovie Smith,lovie_smith,
2004,CIN,15,2004_15_BUF_CIN,Marvin Lewis,marvin_lewis,
2004,CLE,15,2004_15_SD_CLE,Terry Robiskie,terry_robiskie,
2004,DAL,15,2004_15_DAL_PHI,Bill Parcells,bill_parcells,
2004,DEN,15,2004_15_DEN_KC,Mike Shanahan,mike_shanahan,
2004,DET,15,2004_15_MIN_DET,Steve Mariucci,steve_mariucci,
2004,GB,15,2004_15_JAX_GB,Mike Sherman,mike_sherman,
2004,HOU,15,2004_15_HOU_CHI,Dom Capers,dom_capers,
2004,IND,15,2004_15_BAL_IND,Tony Dungy,tony_dungy,
2004,JAX,15,2004_15_JAX_GB,Jack Del Rio,jack_del_rio,
2004,KC,15,2004_15_DEN_KC,Dick Vermeil,dick_vermeil,
2004,LA,15,2004_15_STL_ARI,Mike Martz,mike_martz,
2004,LAC,15,2004_15_SD_CLE,Marty Schottenheimer,marty_schottenheimer,
2004,LV,15,2004_15_TEN_OAK,Norv Turner,norv_turner,
2004,MIA,15,2004_15_NE_MIA,Jim Bates,jim_bates,
2004,MIN,15,2004_15_MIN_DET,Mike Tice,mike_tice,
2004,NE,15,2004_15_NE_MIA,Bill Belichick,bill_belichick,
2004,NO,15,2004_15_NO_TB,Jim Haslett,jim_haslett,
2004,NYG,15,2004_15_PIT_NYG,Tom Coughlin,tom_coughlin,
2004,NYJ,15,2004_15_SEA_NYJ,Herm Edwards,herm_edwards,
2004,PHI,15,2004_15_DAL_PHI,Andy Reid,andy_reid,
2004,PIT,15,2004_15_PIT_NYG,Bill Cowher,bill_cowher,
2004,SEA,15,2004_15_SEA_NYJ,Mike Holmgren,mike_holmgren,
2004,SF,15,2004_15_WAS_SF,Dennis Erickson,dennis_erickson,
2004,TB,15,2004_15_NO_TB,Jon Gruden,jon_gruden,
2004,TEN,15,2004_15_TEN_OAK,Jeff Fisher,jeff_fisher,
2004,WAS,15,2004_15_WAS_SF,Joe Gibbs,joe_gibbs,
2004,ARI,16,2004_16_ARI_SEA,Dennis Green,dennis_green,
2004,ATL,16,2004_16_ATL_NO,Jim Mora,jim_mora,
2004,BAL,16,2004_16_BAL_PIT,Brian Billick,brian_billick,
2004,BUF,16,2004_16_BUF_SF,Mike Mularkey,mike_mularkey,
2004,CAR,16,2004_16_CAR_TB,John Fox,john_fox,
2004,CHI,16,2004_16_CHI_DET,Lovie Smith,lovie_smith,
2004,CIN,16,2004_16_NYG_CIN,Marvin Lewis,marvin_lewis,
2004,CLE,16,2004_16_CLE_MIA,Terry Robiskie,terry_robiskie,
2004,DAL,16,2004_16_WAS_DAL,Bill Parcells,bill_parcells,
2004,DEN,16,2004_16_DEN_TEN,Mike Shanahan,mike_shanahan,
2004,DET,16,2004_16_CHI_DET,Steve Mariucci,steve_mariucci,
2004,GB,16,2004_16_GB_MIN,Mike Sherman,mike_sherman,
2004,HOU,16,2004_16_HOU_JAX,Dom Capers,dom_capers,
2004,IND,16,2004_16_SD_IND,Tony Dungy,tony_dungy,
2004,JAX,16,2004_16_HOU_JAX,Jack Del Rio,jack_del_rio,
2004,KC,16,2004_16_OAK_KC,Dick Vermeil,dick_vermeil,
2004,LA,16,2004_16_PHI_STL,Mike Martz,mike_martz,
2004,LAC,16,2004_16_SD_IND,Marty Schottenheimer,marty_schottenheimer,
2004,LV,16,2004_16_OAK_KC,Norv Turner,norv_turner,
2004,MIA,16,2004_16_CLE_MIA,Jim Bates,jim_bates,
2004,MIN,16,2004_16_GB_MIN,Mike Tice,mike_tice,
2004,NE,16,2004_16_NE_NYJ,Bill Belichick,bill_belichick,
2004,NO,16,2004_16_ATL_NO,Jim Haslett,jim_haslett,
2004,NYG,16,2004_16_NYG_CIN,Tom Coughlin,tom_coughlin,
2004,NYJ,16,2004_16_NE_NYJ,Herm Edwards,herm_edwards,
2004,PHI,16,2004_16_PHI_STL,Andy Reid,andy_reid,
2004,PIT,16,2004_16_BAL_PIT,Bill Cowher,bill_cowher,
2004,SEA,16,2004_16_ARI_SEA,Mike Holmgren,mike_holmgren,
2004,SF,16,2004_16_BUF_SF,Dennis Erickson,dennis_erickson,
2004,TB,16,2004_16_CAR_TB,Jon Gruden,jon_gruden,
2004,TEN,16,2004_16_DEN_TEN,Jeff Fisher,jeff_fisher,
2004,WAS,16,2004_16_WAS_DAL,Joe Gibbs,joe_gibbs,
2004,ARI,17,2004_17_TB_ARI,Dennis Green,dennis_green,
2004,ATL,17,2004_17_ATL_SEA,Jim Mora,jim_mora,
2004,BAL,17,2004_17_MIA_BAL,Brian Billick,brian_billick,
2004,BUF,17,2004_17_PIT_BUF,Mike Mularkey,mike_mularkey,
2004,CAR,17,2004_17_NO_CAR,John Fox,john_fox,
2004,CHI,17,2004_17_GB_CHI,Lovie Smith,lovie_smith,
2004,CIN,17,2004_17_CIN_PHI,Marvin Lewis,marvin_lewis,
2004,CLE,17,2004_17_CLE_HOU,Terry Robiskie,terry_robiskie,
2004,DAL,17,2004_17_DAL_NYG,Bill Parcells,bill_parcells,
2004,DEN,17,2004_17_IND_DEN,Mike Shanahan,mike_shanahan,
2004,DET,17,2004_17_DET_TEN,Steve Mariucci,steve_mariucci,
2004,GB,17,2004_17_GB_CHI,Mike Sherman,mike_sherman,
2004,HOU,17,2004_17_CLE_HOU,Dom Capers,dom_capers,
2004,IND,17,2004_17_IND_DEN,Tony Dungy,tony_dungy,
2004,JAX,17,2004_17_JAX_OAK,Jack Del Rio,jack_del_rio,
2004,KC,17,2004_17_KC_SD,Dick Vermeil,dick_vermeil,
2004,LA,17,2004_17_NYJ_STL,Mike Martz,mike_martz,
2004,LAC,17,2004_17_KC_SD,Marty Schottenheimer,marty_schottenheimer,
2004,LV,17,2004_17_JAX_OAK,Norv Turner,norv_turner,
2004,MIA,17,2004_17_MIA_BAL,Jim Bates,jim_bates,
2004,MIN,17,2004_17_MIN_WAS,Mike Tice,mike_tice,
2004,NE,17,2004_17_SF_NE,Bill Belichick,bill_belichick,
2004,NO,17,2004_17_NO_CAR,Jim Haslett,jim_haslett,
2004,NYG,17,2004_17_DAL_NYG,Tom Coughlin,tom_coughlin,
2004,NYJ,17,2004_17_NYJ_STL,Herm Edwards,herm_edwards,
2004,PHI,17,2004_17_CIN_PHI,Andy Reid,andy_reid,
2004,PIT,17,2004_17_PIT_BUF,Bill Cowher,bill_cowher,
2004,SEA,17,2004_17_ATL_SEA,Mike Holmgren,mike_holmgren,
2004,SF,17,2004_17_SF_NE,Dennis Erickson,dennis_erickson,
2004,TB,17,2004_17_TB_ARI,Jon Gruden,jon_gruden,
2004,TEN,17,2004_17_DET_TEN,Jeff Fisher,jeff_fisher,
2004,WAS,17,2004_17_MIN_WAS,Joe Gibbs,joe_gibbs,
2005,ARI,1,2005_01_ARI_NYG,Dennis Green,dennis_green,
2005,ATL,1,2005_01_PHI_ATL,Jim Mora,jim_mora,
2005,BAL,1,2005_01_IND_BAL,Brian Billick,brian_billick,
2005,BUF,1,2005_01_HOU_BUF,Mike Mularkey,mike_mularkey,
2005,CAR,1,2005_01_NO_CAR,John Fox,john_fox,
2005,CHI,1,2005_01_CHI_WAS,Lovie Smith,lovie_smith,
2005,CIN,1,2005_01_CIN_CLE,Marvin Lewis,marvin_lewis,
2005,CLE,1,2005_01_CIN_CLE,Romeo Crennel,romeo_crennel,
2005,DAL,1,2005_01_DAL_SD,Bill Parcells,bill_parcells,
2005,DEN,1,2005_01_DEN_MIA,Mike Shanahan,mike_shanahan,
2005,DET,1,2005_01_GB_DET,Steve Mariucci,steve_mariucci,
2005,GB,1,2005_01_GB_DET,Mike Sherman,mike_sherman,
2005,HOU,1,2005_01_HOU_BUF,Dom Capers,dom_capers,
2005,IND,1,2005_01_IND_BAL,Tony Dungy,tony_dungy,
2005,JAX,1,2005_01_SEA_JAX,Jack Del Rio,jack_del_rio,
2005,KC,1,2005_01_NYJ_KC,Dick Vermeil,dick_vermeil,
2005,LA,1,2005_01_STL_SF,Mike Martz,mike_martz,
2005,LAC,1,2005_01_DAL_SD,Marty Schottenheimer,marty_schottenheimer,
2005,LV,1,2005_01_OAK_NE,Norv Turner,norv_turner,
2005,MIA,1,2005_01_DEN_MIA,Nick Saban,nick_saban,
2005,MIN,1,2005_01_TB_MIN,Mike Tice,mike_tice,
2005,NE,1,2005_01_OAK_NE,Bill Belichick,bill_belichick,
2005,NO,1,2005_01_NO_CAR,Jim Haslett,jim_haslett,
2005,NYG,1,2005_01_ARI_NYG,Tom Coughlin,tom_coughlin,
2005,NYJ,1,2005_01_NYJ_KC,Herm Edwards,herm_edwards,
2005,PHI,1,2005_01_PHI_ATL,Andy Reid,andy_reid,
2005,PIT,1,2005_01_TEN_PIT,Bill Cowher,bill_cowher,
2005,SEA,1,2005_01_SEA_JAX,Mike Holmgren,mike_holmgren,
2005,SF,1,2005_01_STL_SF,Mike Nolan,mike_nolan,
2005,TB,1,2005_01_TB_MIN,Jon Gruden,jon_gruden,
2005,TEN,1,2005_01_TEN_PIT,Jeff Fisher,jeff_fisher,
2005,WAS,1,2005_01_CHI_WAS,Joe Gibbs,joe_gibbs,
2005,ARI,2,2005_02_STL_ARI,Dennis Green,dennis_green,
2005,ATL,2,2005_02_ATL_SEA,Jim Mora,jim_mora,
2005,BAL,2,2005_02_BAL_TEN,Brian Billick,brian_billick,
2005,BUF,2,2005_02_BUF_TB,Mike Mularkey,mike_mularkey,
2005,CAR,2,2005_02_NE_CAR,John Fox,john_fox,
2005,CHI,2,2005_02_DET_CHI,Lovie Smith,lovie_smith,
2005,CIN,2,2005_02_MIN_CIN,Marvin Lewis,marvin_lewis,
2005,CLE,2,2005_02_CLE_GB,Romeo Crennel,romeo_crennel,
2005,DAL,2,2005_02_WAS_DAL,Bill Parcells,bill_parcells,
2005,DEN,2,2005_02_SD_DEN,Mike Shanahan,mike_shanahan,
2005,DET,2,2005_02_DET_CHI,Steve Mariucci,steve_mariucci,
2005,GB,2,2005_02_CLE_GB,Mike Sherman,mike_sherman,
2005,HOU,2,2005_02_PIT_HOU,Dom Capers,dom_capers,
2005,IND,2,2005_02_JAX_IND,Tony Dungy,tony_dungy,
2005,JAX,2,2005_02_JAX_IND,Jack Del Rio,jack_del_rio,
2005,KC,2,2005_02_KC_OAK,Dick Vermeil,dick_vermeil,
2005,LA,2,2005_02_STL_ARI,Mike Martz,mike_martz,
2005,LAC,2,2005_02_SD_DEN,Marty Schottenheimer,marty_schottenheimer,
2005,LV,2,2005_02_KC_OAK,Norv Turner,norv_turner,
2005,MIA,2,2005_02_MIA_NYJ,Nick Saban,nick_saban,
2005,MIN,2,2005_02_MIN_CIN,Mike Tice,mike_tice,
2005,NE,2,2005_02_NE_CAR,Bill Belichick,bill_belichick,
2005,NO,2,2005_02_NYG_NO,Jim Haslett,jim_haslett,
2005,NYG,2,2005_02_NYG_NO,Tom Coughlin,tom_coughlin,
2005,NYJ,2,2005_02_MIA_NYJ,Herm Edwards,herm_edwards,
2005,PHI,2,2005_02_SF_PHI,Andy Reid,andy_reid,
2005,PIT,2,2005_02_PIT_HOU,Bill Cowher,bill_cowher,
2005,SEA,2,2005_02_ATL_SEA,Mike Holmgren,mike_holmgren,
2005,SF,2,2005_02_SF_PHI,Mike Nolan,mike_nolan,
2005,TB,2,2005_02_BUF_TB,Jon Gruden,jon_gruden,
2005,TEN,2,2005_02_BAL_TEN,Jeff Fisher,jeff_fisher,
2005,WAS,2,2005_02_WAS_DAL,Joe Gibbs,joe_gibbs,
2005,ARI,3,2005_03_ARI_SEA,Dennis Green,dennis_green,
2005,ATL,3,2005_03_ATL_BUF,Jim Mora,jim_mora,
2005,BUF,3,2005_03_ATL_BUF,Mike Mularkey,mike_mularkey,
2005,CAR,3,2005_03_CAR_MIA,John Fox,john_fox,
2005,CHI,3,2005_03_CIN_CHI,Lovie Smith,lovie_smith,
2005,CIN,3,2005_03_CIN_CHI,Marvin Lewis,marvin_lewis,
2005,CLE,3,2005_03_CLE_IND,Romeo Crennel,romeo_crennel,
2005,DAL,3,2005_03_DAL_SF,Bill Parcells,bill_parcells,
2005,DEN,3,2005_03_KC_DEN,Mike Shanahan,mike_shanahan,
2005,GB,3,2005_03_TB_GB,Mike Sherman,mike_sherman,
2005,IND,3,2005_03_CLE_IND,Tony Dungy,tony_dungy,
2005,JAX,3,2005_03_JAX_NYJ,Jack Del Rio,jack_del_rio,
2005,KC,3,2005_03_KC_DEN,Dick Vermeil,dick_vermeil,
2005,LA,3,2005_03_TEN_STL,Mike Martz,mike_martz,
2005,LAC,3,2005_03_NYG_SD,Marty Schottenheimer,marty_schottenheimer,
2005,LV,3,2005_03_OAK_PHI,Norv Turner,norv_turner,
2005,MIA,3,2005_03_CAR_MIA,Nick Saban,nick_saban,
2005,MIN,3,2005_03_NO_MIN,Mike Tice,mike_tice,
2005,NE,3,2005_03_NE_PIT,Bill Belichick,bill_belichick,
2005,NO,3,2005_03_NO_MIN,Jim Haslett,jim_haslett,
2005,NYG,3,2005_03_NYG_SD,Tom Coughlin,tom_coughlin,
2005,NYJ,3,2005_03_JAX_NYJ,Herm Edwards,herm_edwards,
2005,PHI,3,2005_03_OAK_PHI,Andy Reid,andy_reid,
2005,PIT,3,2005_03_NE_PIT,Bill Cowher,bill_cowher,
2005,SEA,3,2005_03_ARI_SEA,Mike Holmgren,mike_holmgren,
2005,SF,3,2005_03_DAL_SF,Mike Nolan,mike_nolan,
2005,TB,3,2005_03_TB_GB,Jon Gruden,jon_gruden,
2005,TEN,3,2005_03_TEN_STL,Jeff Fisher,jeff_fisher,
2005,ARI,4,2005_04_SF_ARI,Dennis Green,dennis_green,
2005,ATL,4,2005_04_MIN_ATL,Jim Mora,jim_mora,
2005,BAL,4,2005_04_NYJ_BAL,Brian Billick,brian_billick,
2005,BUF,4,2005_04_BUF_NO,Mike Mularkey,mike_mularkey,
2005,CAR,4,2005_04_GB_CAR,John Fox,john_fox,
2005,CIN,4,2005_04_HOU_CIN,Marvin Lewis,marvin_lewis,
2005,DAL,4,2005_04_DAL_OAK,Bill Parcells,bill_parcells,
2005,DEN,4,2005_04_DEN_JAX,Mike Shanahan,mike_shanahan,
2005,DET,4,2005_04_DET_TB,Steve Mariucci,steve_mariucci,
2005,GB,4,2005_04_GB_CAR,Mike Sherman,mike_sherman,
2005,HOU,4,2005_04_HOU_CIN,Dom Capers,dom_capers,
2005,IND,4,2005_04_IND_TEN,Tony Dungy,tony_dungy,
2005,JAX,4,2005_04_DEN_JAX,Jack Del Rio,jack_del_rio,
2005,KC,4,2005_04_PHI_KC,Dick Vermeil,dick_vermeil,
2005,LA,4,2005_04_STL_NYG,Mike Martz,mike_martz,
2005,LAC,4,2005_04_SD_NE,Marty Schottenheimer,marty_schottenheimer,
2005,LV,4,2005_04_DAL_OAK,Norv Turner,norv_turner,
2005,MIN,4,2005_04_MIN_ATL,Mike Tice,mike_tice,
2005,NE,4,2005_04_SD_NE,Bill Belichick,bill_belichick,
2005,NO,4,2005_04_BUF_NO,Jim Haslett,jim_haslett,
2005,NYG,4,2005_04_STL_NYG,Tom Coughlin,tom_coughlin,
2005,NYJ,4,2005_04_NYJ_BAL,Herm Edwards,herm_edwards,
2005,PHI,4,2005_04_PHI_KC,Andy Reid,andy_reid,
2005,SEA,4,2005_04_SEA_WAS,Mike Holmgren,mike_holmgren,
2005,SF,4,2005_04_SF_ARI,Mike Nolan,mike_nolan,
2005,TB,4,2005_04_DET_TB,Jon Gruden,jon_gruden,
2005,TEN,4,2005_04_IND_TEN,Jeff Fisher,jeff_fisher,
2005,WAS,4,2005_04_SEA_WAS,Joe Gibbs,joe_gibbs,
2005,ARI,5,2005_05_CAR_ARI,Dennis Green,dennis_green,
2005,ATL,5,2005_05_NE_ATL,Jim Mora,jim_mora,
2005,BAL,5,2005_05_BAL_DET,Brian Billick,brian_billick,
2005,BUF,5,2005_05_MIA_BUF,Mike Mularkey,mike_mularkey,
2005,CAR,5,2005_05_CAR_ARI,John Fox,john_fox,
2005,CHI,5,2005_05_CHI_CLE,Lovie Smith,lovie_smith,
2005,CIN,5,2005_05_CIN_JAX,Marvin Lewis,marvin_lewis,
2005,CLE,5,2005_05_CHI_CLE,Romeo Crennel,romeo_crennel,
2005,DAL,5,2005_05_PHI_DAL,Bill Parcells,bill_parcells,
2005,DEN,5,2005_05_WAS_DEN,Mike Shanahan,mike_shanahan,
2005,DET,5,2005_05_BAL_DET,Steve Mariucci,steve_mariucci,
2005,GB,5,2005_05_NO_GB,Mike Sherman,mike_sherman,
2005,HOU,5,2005_05_TEN_HOU,Dom Capers,dom_capers,
2005,IND,5,2005_05_IND_SF,Tony Dungy,tony_dungy,
2005,JAX,5,2005_05_CIN_JAX,Jack Del Rio,jack_del_rio,
2005,LA,5,2005_05_SEA_STL,Mike Martz,mike_martz,
2005,LAC,5,2005_05_PIT_SD,Marty Schottenheimer,marty_schottenheimer,
2005,MIA,5,2005_05_MIA_BUF,Nick Saban,nick_saban,
2005,NE,5,2005_05_NE_ATL,Bill Belichick,bill_belichick,
2005,NO,5,2005_05_NO_GB,Jim Haslett,jim_haslett,
2005,NYJ,5,2005_05_TB_NYJ,Herm Edwards,herm_edwards,
2005,PHI,5,2005_05_PHI_DAL,Andy Reid,andy_reid,
2005,PIT,5,2005_05_PIT_SD,Bill Cowher,bill_cowher,
2005,SEA,5,2005_05_SEA_STL,Mike Holmgren,mike_holmgren,
2005,SF,5,2005_05_IND_SF,Mike Nolan,mike_nolan,
2005,TB,5,2005_05_TB_NYJ,Jon Gruden,jon_gruden,
2005,TEN,5,2005_05_TEN_HOU,Jeff Fisher,jeff_fisher,
2005,WAS,5,2005_05_WAS_DEN,Joe Gibbs,joe_gibbs,
2005,ATL,6,2005_06_ATL_NO,Jim Mora,jim_mora,
2005,BAL,6,2005_06_CLE_BAL,Brian Billick,brian_billick,
2005,BUF,6,2005_06_NYJ_BUF,Mike Mularkey,mike_mularkey,
2005,CAR,6,2005_06_CAR_DET,John Fox,john_fox,
2005,CHI,6,2005_06_MIN_CHI,Lovie Smith,lovie_smith,
2005,CIN,6,2005_06_CIN_TEN,Marvin Lewis,marvin_lewis,
2005,CLE,6,2005_06_CLE_BAL,Romeo Crennel,romeo_crennel,
2005,DAL,6,2005_06_NYG_DAL,Bill Parcells,bill_parcells,
2005,DEN,6,2005_06_NE_DEN,Mike Shanahan,mike_shanahan,
2005,DET,6,2005_06_CAR_DET,Steve Mariucci,steve_mariucci,
2005,HOU,6,2005_06_HOU_SEA,Dom Capers,dom_capers,
2005,IND,6,2005_06_STL_IND,Tony Dungy,tony_dungy,
2005,JAX,6,2005_06_JAX_PIT,Jack Del Rio,jack_del_rio,
2005,KC,6,2005_06_WAS_KC,Dick Vermeil,dick_vermeil,
2005,LA,6,2005_06_STL_IND,Joe Vitt,joe_vitt,
2005,LAC,6,2005_06_SD_OAK,Marty Schottenheimer,marty_schottenheimer,
2005,LV,6,2005_06_SD_OAK,Norv Turner,norv_turner,
2005,MIA,6,2005_06_MIA_TB,Nick Saban,nick_saban,
2005,MIN,6,2005_06_MIN_CHI,Mike Tice,mike_tice,
2005,NE,6,2005_06_NE_DEN,Bill Belichick,bill_belichick,
2005,NO,6,2005_06_ATL_NO,Jim Haslett,jim_haslett,
2005,NYG,6,2005_06_NYG_DAL,Tom Coughlin,tom_coughlin,
2005,NYJ,6,2005_06_NYJ_BUF,Herm Edwards,herm_edwards,
2005,PIT,6,2005_06_JAX_PIT,Bill Cowher,bill_cowher,
2005,SEA,6,2005_06_HOU_SEA,Mike Holmgren,mike_holmgren,
2005,TB,6,2005_06_MIA_TB,Jon Gruden,jon_gruden,
2005,TEN,6,2005_06_CIN_TEN,Jeff Fisher,jeff_fisher,
2005,WAS,6,2005_06_WAS_KC,Joe Gibbs,joe_gibbs,
2005,ARI,7,2005_07_TEN_ARI,Dennis Green,dennis_green,
2005,ATL,7,2005_07_NYJ_ATL,Jim Mora,jim_mora,
2005,BAL,7,2005_07_BAL_CHI,Brian Billick,brian_billick,
2005,BUF,7,2005_07_BUF_OAK,Mike Mularkey,mike_mularkey,
2005,CHI,7,2005_07_BAL_CHI,Lovie Smith,lovie_smith,
2005,CIN,7,2005_07_PIT_CIN,Marvin Lewis,marvin_lewis,
2005,CLE,7,2005_07_DET_CLE,Romeo Crennel,romeo_crennel,
2005,DAL,7,2005_07_DAL_SEA,Bill Parcells,bill_parcells,
2005,DEN,7,2005_07_DEN_NYG,Mike Shanahan,mike_shanahan,
2005,DET,7,2005_07_DET_CLE,Steve Mariucci,steve_mariucci,
2005,GB,7,2005_07_GB_MIN,Mike Sherman,mike_sherman,
2005,HOU,7,2005_07_IND_HOU,Dom Capers,dom_capers,
2005,IND,7,2005_07_IND_HOU,Tony Dungy,tony_dungy,
2005,KC,7,2005_07_KC_MIA,Dick Vermeil,dick_vermeil,
2005,LA,7,2005_07_NO_STL,Joe Vitt,joe_vitt,
2005,LAC,7,2005_07_SD_PHI,Marty Schottenheimer,marty_schottenheimer,
2005,LV,7,2005_07_BUF_OAK,Norv Turner,norv_turner,
2005,MIA,7,2005_07_KC_MIA,Nick Saban,nick_saban,
2005,MIN,7,2005_07_GB_MIN,Mike Tice,mike_tice,
2005,NO,7,2005_07_NO_STL,Jim Haslett,jim_haslett,
2005,NYG,7,2005_07_DEN_NYG,Tom Coughlin,tom_coughlin,
2005,NYJ,7,2005_07_NYJ_ATL,Herm Edwards,herm_edwards,
2005,PHI,7,2005_07_SD_PHI,Andy Reid,andy_reid,
2005,PIT,7,2005_07_PIT_CIN,Bill Cowher,bill_cowher,
2005,SEA,7,2005_07_DAL_SEA,Mike Holmgren,mike_holmgren,
2005,SF,7,2005_07_SF_WAS,Mike Nolan,mike_nolan,
2005,TEN,7,2005_07_TEN_ARI,Jeff Fisher,jeff_fisher,
2005,WAS,7,2005_07_SF_WAS,Joe Gibbs,joe_gibbs,
2005,ARI,8,2005_08_ARI_DAL,Dennis Green,dennis_green,
2005,BAL,8,2005_08_BAL_PIT,Brian Billick,brian_billick,
2005,BUF,8,2005_08_BUF_NE,Mike Mularkey,mike_mularkey,
2005,CAR,8,2005_08_MIN_CAR,John Fox,john_fox,
2005,CHI,8,2005_08_CHI_DET,Lovie Smith,lovie_smith,
2005,CIN,8,2005_08_GB_CIN,Marvin Lewis,marvin_lewis,
2005,CLE,8,2005_08_CLE_HOU,Romeo Crennel,romeo_crennel,
2005,DAL,8,2005_08_ARI_DAL,Bill Parcells,bill_parcells,
2005,DEN,8,2005_08_PHI_DEN,Mike Shanahan,mike_shanahan,
2005,DET,8,2005_08_CHI_DET,Steve Mariucci,steve_mariucci,
2005,GB,8,2005_08_GB_CIN,Mike Sherman,mike_sherman,
2005,HOU,8,2005_08_CLE_HOU,Dom Capers,dom_capers,
2005,JAX,8,2005_08_JAX_STL,Jack Del Rio,jack_del_rio,
2005,KC,8,2005_08_KC_SD,Dick Vermeil,dick_vermeil,
2005,LA,8,2005_08_JAX_STL,Joe Vitt,joe_vitt,
2005,LAC,8,2005_08_KC_SD,Marty Schottenheimer,marty_schottenheimer,
2005,LV,8,2005_08_OAK_TEN,Norv Turner,norv_turner,
2005,MIA,8,2005_08_MIA_NO,Nick Saban,nick_saban,
2005,MIN,8,2005_08_MIN_CAR,Mike Tice,mike_tice,
2005,NE,8,2005_08_BUF_NE,Bill Belichick,bill_belichick,
2005,NO,8,2005_08_MIA_NO,Jim Haslett,jim_haslett,
2005,NYG,8,2005_08_WAS_NYG,Tom Coughlin,tom_coughlin,
2005,PHI,8,2005_08_PHI_DEN,Andy Reid,andy_reid,
2005,PIT,8,2005_08_BAL_PIT,Bill Cowher,bill_cowher,
2005,SF,8,2005_08_TB_SF,Mike Nolan,mike_nolan,
2005,TB,8,2005_08_TB_SF,Jon Gruden,jon_gruden,
2005,TEN,8,2005_08_OAK_TEN,Jeff Fisher,jeff_fisher,
2005,WAS,8,2005_08_WAS_NYG,Joe Gibbs,joe_gibbs,
2005,ARI,9,2005_09_SEA_ARI,Dennis Green,dennis_green,
2005,ATL,9,2005_09_ATL_MIA,Jim Mora,jim_mora,
2005,BAL,9,2005_09_CIN_BAL,Brian Billick,brian_billick,
2005,CAR,9,2005_09_CAR_TB,John Fox,john_fox,
2005,CHI,9,2005_09_CHI_NO,Lovie Smith,lovie_smith,
2005,CIN,9,2005_09_CIN_BAL,Marvin Lewis,marvin_lewis,
2005,CLE,9,2005_09_TEN_CLE,Romeo Crennel,romeo_crennel,
2005,DET,9,2005_09_DET_MIN,Steve Mariucci,steve_mariucci,
2005,GB,9,2005_09_PIT_GB,Mike Sherman,mike_sherman,
2005,HOU,9,2005_09_HOU_JAX,Dom Capers,dom_capers,
2005,IND,9,2005_09_IND_NE,Tony Dungy,tony_dungy,
2005,JAX,9,2005_09_HOU_JAX,Jack Del Rio,jack_del_rio,
2005,KC,9,2005_09_OAK_KC,Dick Vermeil,dick_vermeil,
2005,LAC,9,2005_09_SD_NYJ,Marty Schottenheimer,marty_schottenheimer,
2005,LV,9,2005_09_OAK_KC,Norv Turner,norv_turner,
2005,MIA,9,2005_09_ATL_MIA,Nick Saban,nick_saban,
2005,MIN,9,2005_09_DET_MIN,Mike Tice,mike_tice,
2005,NE,9,2005_09_IND_NE,Bill Belichick,bill_belichick,
2005,NO,9,2005_09_CHI_NO,Jim Haslett,jim_haslett,
2005,NYG,9,2005_09_NYG_SF,Tom Coughlin,tom_coughlin,
2005,NYJ,9,2005_09_SD_NYJ,Herm Edwards,herm_edwards,
2005,PHI,9,2005_09_PHI_WAS,Andy Reid,andy_reid,
2005,PIT,9,2005_09_PIT_GB,Bill Cowher,bill_cowher,
2005,SEA,9,2005_09_SEA_ARI,Mike Holmgren,mike_holmgren,
2005,SF,9,2005_09_NYG_SF,Mike Nolan,mike_nolan,
2005,TB,9,2005_09_CAR_TB,Jon Gruden,jon_gruden,
2005,TEN,9,2005_09_TEN_CLE,Jeff Fisher,jeff_fisher,
2005,WAS,9,2005_09_PHI_WAS,Joe Gibbs,joe_gibbs,
2005,ARI,10,2005_10_ARI_DET,Dennis Green,dennis_green,
2005,ATL,10,2005_10_GB_ATL,Jim Mora,jim_mora,
2005,BAL,10,2005_10_BAL_JAX,Brian Billick,brian_billick,
2005,BUF,10,2005_10_KC_BUF,Mike Mularkey,mike_mularkey,
2005,CAR,10,2005_10_NYJ_CAR,John Fox,john_fox,
2005,CHI,10,2005_10_SF_CHI,Lovie Smith,lovie_smith,
2005,CLE,10,2005_10_CLE_PIT,Romeo Crennel,romeo_crennel,
2005,DAL,10,2005_10_DAL_PHI,Bill Parcells,bill_parcells,
2005,DEN,10,2005_10_DEN_OAK,Mike Shanahan,mike_shanahan,
2005,DET,10,2005_10_ARI_DET,Steve Mariucci,steve_mariucci,
2005,GB,10,2005_10_GB_ATL,Mike Sherman,mike_sherman,
2005,HOU,10,2005_10_HOU_IND,Dom Capers,dom_capers,
2005,IND,10,2005_10_HOU_IND,Tony Dungy,tony_dungy,
2005,JAX,10,2005_10_BAL_JAX,Jack Del Rio,jack_del_rio,
2005,KC,10,2005_10_KC_BUF,Dick Vermeil,dick_vermeil,
2005,LA,10,2005_10_STL_SEA,Joe Vitt,joe_vitt,
2005,LV,10,2005_10_DEN_OAK,Norv Turner,norv_turner,
2005,MIA,10,2005_10_NE_MIA,Nick Saban,nick_saban,
2005,MIN,10,2005_10_MIN_NYG,Mike Tice,mike_tice,
2005,NE,10,2005_10_NE_MIA,Bill Belichick,bill_belichick,
2005,NYG,10,2005_10_MIN_NYG,Tom Coughlin,tom_coughlin,
2005,NYJ,10,2005_10_NYJ_CAR,Herm Edwards,herm_edwards,
2005,PHI,10,2005_10_DAL_PHI,Andy Reid,andy_reid,
2005,PIT,10,2005_10_CLE_PIT,Bill Cowher,bill_cowher,
2005,SEA,10,2005_10_STL_SEA,Mike Holmgren,mike_holmgren,
2005,SF,10,2005_10_SF_CHI,Mike Nolan,mike_nolan,
2005,TB,10,2005_10_WAS_TB,Jon Gruden,jon_gruden,
2005,WAS,10,2005_10_WAS_TB,Joe Gibbs,joe_gibbs,
2005,ARI,11,2005_11_ARI_STL,Dennis Green,dennis_green,
2005,ATL,11,2005_11_TB_ATL,Jim Mora,jim_mora,
2005,BAL,11,2005_11_PIT_BAL,Brian Billick,brian_billick,
2005,BUF,11,2005_11_BUF_SD,Mike Mularkey,mike_mularkey,
2005,CAR,11,2005_11_CAR_CHI,John Fox,john_fox,
2005,CHI,11,2005_11_CAR_CHI,Lovie Smith,lovie_smith,
2005,CIN,11,2005_11_IND_CIN,Marvin Lewis,marvin_lewis,
2005,CLE,11,2005_11_MIA_CLE,Romeo Crennel,romeo_crennel,
2005,DAL,11,2005_11_DET_DAL,Bill Parcells,bill_parcells,
2005,DEN,11,2005_11_NYJ_DEN,Mike Shanahan,mike_shanahan,
2005,DET,11,2005_11_DET_DAL,Steve Mariucci,steve_mariucci,
2005,GB,11,2005_11_MIN_GB,Mike Sherman,mike_sherman,
2005,HOU,11,2005_11_KC_HOU,Dom Capers,dom_capers,
2005,IND,11,2005_11_IND_CIN,Tony Dungy,tony_dungy,
2005,JAX,11,2005_11_JAX_TEN,Jack Del Rio,jack_del_rio,
2005,KC,11,2005_11_KC_HOU,Dick Vermeil,dick_vermeil,
2005,LA,11,2005_11_ARI_STL,Joe Vitt,joe_vitt,
2005,LAC,11,2005_11_BUF_SD,Marty Schottenheimer,marty_schottenheimer,
2005,LV,11,2005_11_OAK_WAS,Norv Turner,norv_turner,
2005,MIA,11,2005_11_MIA_CLE,Nick Saban,nick_saban,
2005,MIN,11,2005_11_MIN_GB,Mike Tice,mike_tice,
2005,NE,11,2005_11_NO_NE,Bill Belichick,bill_belichick,
2005,NO,11,2005_11_NO_NE,Jim Haslett,jim_haslett,
2005,NYG,11,2005_11_PHI_NYG,Tom Coughlin,tom_coughlin,
2005,NYJ,11,2005_11_NYJ_DEN,Herm Edwards,herm_edwards,
2005,PHI,11,2005_11_PHI_NYG,Andy Reid,andy_reid,
2005,PIT,11,2005_11_PIT_BAL,Bill Cowher,bill_cowher,
2005,SEA,11,2005_11_SEA_SF,Mike Holmgren,mike_holmgren,
2005,SF,11,2005_11_SEA_SF,Mike Nolan,mike_nolan,
2005,TB,11,2005_11_TB_ATL,Jon Gruden,jon_gruden,
2005,TEN,11,2005_11_JAX_TEN,Jeff Fisher,jeff_fisher,
2005,WAS,11,2005_11_OAK_WAS,Joe Gibbs,joe_gibbs,
2005,ARI,12,2005_12_JAX_ARI,Dennis Green,dennis_green,
2005,ATL,12,2005_12_ATL_DET,Jim Mora,jim_mora,
2005,BAL,12,2005_12_BAL_CIN,Brian Billick,brian_billick,
2005,BUF,12,2005_12_CAR_BUF,Mike Mularkey,mike_mularkey,
2005,CAR,12,2005_12_CAR_BUF,John Fox,john_fox,
2005,CHI,12,2005_12_CHI_TB,Lovie Smith,lovie_smith,
2005,CIN,12,2005_12_BAL_CIN,Marvin Lewis,marvin_lewis,
2005,CLE,12,2005_12_CLE_MIN,Romeo Crennel,romeo_crennel,
2005,DAL,12,2005_12_DEN_DAL,Bill Parcells,bill_parcells,
2005,DEN,12,2005_12_DEN_DAL,Mike Shanahan,mike_shanahan,
2005,DET,12,2005_12_ATL_DET,Steve Mariucci,steve_mariucci,
2005,GB,12,2005_12_GB_PHI,Mike Sherman,mike_sherman,
2005,HOU,12,2005_12_STL_HOU,Dom Capers,dom_capers,
2005,IND,12,2005_12_PIT_IND,Tony Dungy,tony_dungy,
2005,JAX,12,2005_12_JAX_ARI,Jack Del Rio,jack_del_rio,
2005,KC,12,2005_12_NE_KC,Dick Vermeil,dick_vermeil,
2005,LA,12,2005_12_STL_HOU,Joe Vitt,joe_vitt,
2005,LAC,12,2005_12_SD_WAS,Marty Schottenheimer,marty_schottenheimer,
2005,LV,12,2005_12_MIA_OAK,Norv Turner,norv_turner,
2005,MIA,12,2005_12_MIA_OAK,Nick Saban,nick_saban,
2005,MIN,12,2005_12_CLE_MIN,Mike Tice,mike_tice,
2005,NE,12,2005_12_NE_KC,Bill Belichick,bill_belichick,
2005,NO,12,2005_12_NO_NYJ,Jim Haslett,jim_haslett,
2005,NYG,12,2005_12_NYG_SEA,Tom Coughlin,tom_coughlin,
2005,NYJ,12,2005_12_NO_NYJ,Herm Edwards,herm_edwards,
2005,PHI,12,2005_12_GB_PHI,Andy Reid,andy_reid,
2005,PIT,12,2005_12_PIT_IND,Bill Cowher,bill_cowher,
2005,SEA,12,2005_12_NYG_SEA,Mike Holmgren,mike_holmgren,
2005,SF,12,2005_12_SF_TEN,Mike Nolan,mike_nolan,
2005,TB,12,2005_12_CHI_TB,Jon Gruden,jon_gruden,
2005,TEN,12,2005_12_SF_TEN,Jeff Fisher,jeff_fisher,
2005,WAS,12,2005_12_SD_WAS,Joe Gibbs,joe_gibbs,
2005,ARI,13,2005_13_ARI_SF,Dennis Green,dennis_green,
2005,ATL,13,2005_13_ATL_CAR,Jim Mora,jim_mora,
2005,BAL,13,2005_13_HOU_BAL,Brian Billick,brian_billick,
2005,BUF,13,2005_13_BUF_MIA,Mike Mularkey,mike_mularkey,
2005,CAR,13,2005_13_ATL_CAR,John Fox,john_fox,
2005,CHI,13,2005_13_GB_CHI,Lovie Smith,lovie_smith,
2005,CIN,13,2005_13_CIN_PIT,Marvin Lewis,marvin_lewis,
2005,CLE,13,2005_13_JAX_CLE,Romeo Crennel,romeo_crennel,
2005,DAL,13,2005_13_DAL_NYG,Bill Parcells,bill_parcells,
2005,DEN,13,2005_13_DEN_KC,Mike Shanahan,mike_shanahan,
2005,DET,13,2005_13_MIN_DET,Dick Jauron,dick_jauron,
2005,GB,13,2005_13_GB_CHI,Mike Sherman,mike_sherman,
2005,HOU,13,2005_13_HOU_BAL,Dom Capers,dom_capers,
2005,IND,13,2005_13_TEN_IND,Tony Dungy,tony_dungy,
2005,JAX,13,2005_13_JAX_CLE,Jack Del Rio,jack_del_rio,
2005,KC,13,2005_13_DEN_KC,Dick Vermeil,dick_vermeil,
2005,LA,13,2005_13_WAS_STL,Joe Vitt,joe_vitt,
2005,LAC,13,2005_13_OAK_SD,Marty Schottenheimer,marty_schottenheimer,
2005,LV,13,2005_13_OAK_SD,Norv Turner,norv_turner,
2005,MIA,13,2005_13_BUF_MIA,Nick Saban,nick_saban,
2005,MIN,13,2005_13_MIN_DET,Mike Tice,mike_tice,
2005,NE,13,2005_13_NYJ_NE,Bill Belichick,bill_belichick,
2005,NO,13,2005_13_TB_NO,Jim Haslett,jim_haslett,
2005,NYG,13,2005_13_DAL_NYG,Tom Coughlin,tom_coughlin,
2005,NYJ,13,2005_13_NYJ_NE,Herm Edwards,herm_edwards,
2005,PHI,13,2005_13_SEA_PHI,Andy Reid,andy_reid,
2005,PIT,13,2005_13_CIN_PIT,Bill Cowher,bill_cowher,
2005,SEA,13,2005_13_SEA_PHI,Mike Holmgren,mike_holmgren,
2005,SF,13,2005_13_ARI_SF,Mike Nolan,mike_nolan,
2005,TB,13,2005_13_TB_NO,Jon Gruden,jon_gruden,
2005,TEN,13,2005_13_TEN_IND,Jeff Fisher,jeff_fisher,
2005,WAS,13,2005_13_WAS_STL,Joe Gibbs,joe_gibbs,
2005,ARI,14,2005_14_WAS_ARI,Dennis Green,dennis_green,
2005,ATL,14,2005_14_NO_ATL,Jim Mora,jim_mora,
2005,BAL,14,2005_14_BAL_DEN,Brian Billick,brian_billick,
2005,BUF,14,2005_14_NE_BUF,Mike Mularkey,mike_mularkey,
2005,CAR,14,2005_14_TB_CAR,John Fox,john_fox,
2005,CHI,14,2005_14_CHI_PIT,Lovie Smith,lovie_smith,
2005,CIN,14,2005_14_CLE_CIN,Marvin Lewis,marvin_lewis,
2005,CLE,14,2005_14_CLE_CIN,Romeo Crennel,romeo_crennel,
2005,DAL,14,2005_14_KC_DAL,Bill Parcells,bill_parcells,
2005,DEN,14,2005_14_BAL_DEN,Mike Shanahan,mike_shanahan,
2005,DET,14,2005_14_DET_GB,Dick Jauron,dick_jauron,
2005,GB,14,2005_14_DET_GB,Mike Sherman,mike_sherman,
2005,HOU,14,2005_14_HOU_TEN,Dom Capers,dom_capers,
2005,IND,14,2005_14_IND_JAX,Tony Dungy,tony_dungy,
2005,JAX,14,2005_14_IND_JAX,Jack Del Rio,jack_del_rio,
2005,KC,14,2005_14_KC_DAL,Dick Vermeil,dick_vermeil,
2005,LA,14,2005_14_STL_MIN,Joe Vitt,joe_vitt,
2005,LAC,14,2005_14_MIA_SD,Marty Schottenheimer,marty_schottenheimer,
2005,LV,14,2005_14_OAK_NYJ,Norv Turner,norv_turner,
2005,MIA,14,2005_14_MIA_SD,Nick Saban,nick_saban,
2005,MIN,14,2005_14_STL_MIN,Mike Tice,mike_tice,
2005,NE,14,2005_14_NE_BUF,Bill Belichick,bill_belichick,
2005,NO,14,2005_14_NO_ATL,Jim Haslett,jim_haslett,
2005,NYG,14,2005_14_NYG_PHI,Tom Coughlin,tom_coughlin,
2005,NYJ,14,2005_14_OAK_NYJ,Herm Edwards,herm_edwards,
2005,PHI,14,2005_14_NYG_PHI,Andy Reid,andy_reid,
2005,PIT,14,2005_14_CHI_PIT,Bill Cowher,bill_cowher,
2005,SEA,14,2005_14_SF_SEA,Mike Holmgren,mike_holmgren,
2005,SF,14,2005_14_SF_SEA,Mike Nolan,mike_nolan,
2005,TB,14,2005_14_TB_CAR,Jon Gruden,jon_gruden,
2005,TEN,14,2005_14_HOU_TEN,Jeff Fisher,jeff_fisher,
2005,WAS,14,2005_14_WAS_ARI,Joe Gibbs,joe_gibbs,
2005,ARI,15,2005_15_ARI_HOU,Dennis Green,dennis_green,
2005,ATL,15,2005_15_ATL_CHI,Jim Mora,jim_mora,
2005,BAL,15,2005_15_GB_BAL,Brian Billick,brian_billick,
2005,BUF,15,2005_15_DEN_BUF,Mike Mularkey,mike_mularkey,
2005,CAR,15,2005_15_CAR_NO,John Fox,john_fox,
2005,CHI,15,2005_15_ATL_CHI,Lovie Smith,lovie_smith,
2005,CIN,15,2005_15_CIN_DET,Marvin Lewis,marvin_lewis,
2005,CLE,15,2005_15_CLE_OAK,Romeo Crennel,romeo_crennel,
2005,DAL,15,2005_15_DAL_WAS,Bill Parcells,bill_parcells,
2005,DEN,15,2005_15_DEN_BUF,Mike Shanahan,mike_shanahan,
2005,DET,15,2005_15_CIN_DET,Dick Jauron,dick_jauron,
2005,GB,15,2005_15_GB_BAL,Mike Sherman,mike_sherman,
2005,HOU,15,2005_15_ARI_HOU,Dom Capers,dom_capers,
2005,IND,15,2005_15_SD_IND,Tony Dungy,tony_dungy,
2005,JAX,15,2005_15_SF_JAX,Jack Del Rio,jack_del_rio,
2005,KC,15,2005_15_KC_NYG,Dick Vermeil,dick_vermeil,
2005,LA,15,2005_15_PHI_STL,Joe Vitt,joe_vitt,
2005,LAC,15,2005_15_SD_IND,Marty Schottenheimer,marty_schottenheimer,
2005,LV,15,2005_15_CLE_OAK,Norv Turner,norv_turner,
2005,MIA,15,2005_15_NYJ_MIA,Nick Saban,nick_saban,
2005,MIN,15,2005_15_PIT_MIN,Mike Tice,mike_tice,
2005,NE,15,2005_15_TB_NE,Bill Belichick,bill_belichick,
2005,NO,15,2005_15_CAR_NO,Jim Haslett,jim_haslett,
2005,NYG,15,2005_15_KC_NYG,Tom Coughlin,tom_coughlin,
2005,NYJ,15,2005_15_NYJ_MIA,Herm Edwards,herm_edwards,
2005,PHI,15,2005_15_PHI_STL,Andy Reid,andy_reid,
2005,PIT,15,2005_15_PIT_MIN,Bill Cowher,bill_cowher,
2005,SEA,15,2005_15_SEA_TEN,Mike Holmgren,mike_holmgren,
2005,SF,15,2005_15_SF_JAX,Mike Nolan,mike_nolan,
2005,TB,15,2005_15_TB_NE,Jon Gruden,jon_gruden,
2005,TEN,15,2005_15_SEA_TEN,Jeff Fisher,jeff_fisher,
2005,WAS,15,2005_15_DAL_WAS,Joe Gibbs,joe_gibbs,
2005,ARI,16,2005_16_PHI_ARI,Dennis Green,dennis_green,
2005,ATL,16,2005_16_ATL_TB,Jim Mora,jim_mora,
2005,BAL,16,2005_16_MIN_BAL,Brian Billick,brian_billick,
2005,BUF,16,2005_16_BUF_CIN,Mike Mularkey,mike_mularkey,
2005,CAR,16,2005_16_DAL_CAR,John Fox,john_fox,
2005,CHI,16,2005_16_CHI_GB,Lovie Smith,lovie_smith,
2005,CIN,16,2005_16_BUF_CIN,Marvin Lewis,marvin_lewis,
2005,CLE,16,2005_16_PIT_CLE,Romeo Crennel,romeo_crennel,
2005,DAL,16,2005_16_DAL_CAR,Bill Parcells,bill_parcells,
2005,DEN,16,2005_16_OAK_DEN,Mike Shanahan,mike_shanahan,
2005,DET,16,2005_16_DET_NO,Dick Jauron,dick_jauron,
2005,GB,16,2005_16_CHI_GB,Mike Sherman,mike_sherman,
2005,HOU,16,2005_16_JAX_HOU,Dom Capers,dom_capers,
2005,IND,16,2005_16_IND_SEA,Tony Dungy,tony_dungy,
2005,JAX,16,2005_16_JAX_HOU,Jack Del Rio,jack_del_rio,
2005,KC,16,2005_16_SD_KC,Dick Vermeil,dick_vermeil,
2005,LA,16,2005_16_SF_STL,Joe Vitt,joe_vitt,
2005,LAC,16,2005_16_SD_KC,Marty Schottenheimer,marty_schottenheimer,
2005,LV,16,2005_16_OAK_DEN,Norv Turner,norv_turner,
2005,MIA,16,2005_16_TEN_MIA,Nick Saban,nick_saban,
2005,MIN,16,2005_16_MIN_BAL,Mike Tice,mike_tice,
2005,NE,16,2005_16_NE_NYJ,Bill Belichick,bill_belichick,
2005,NO,16,2005_16_DET_NO,Jim Haslett,jim_haslett,
2005,NYG,16,2005_16_NYG_WAS,Tom Coughlin,tom_coughlin,
2005,NYJ,16,2005_16_NE_NYJ,Herm Edwards,herm_edwards,
2005,PHI,16,2005_16_PHI_ARI,Andy Reid,andy_reid,
2005,PIT,16,2005_16_PIT_CLE,Bill Cowher,bill_cowher,
2005,SEA,16,2005_16_IND_SEA,Mike Holmgren,mike_holmgren,
2005,SF,16,2005_16_SF_STL,Mike Nolan,mike_nolan,
2005,TB,16,2005_16_ATL_TB,Jon Gruden,jon_gruden,
2005,TEN,16,2005_16_TEN_MIA,Jeff Fisher,jeff_fisher,
2005,WAS,16,2005_16_NYG_WAS,Joe Gibbs,joe_gibbs,
2005,ARI,17,2005_17_ARI_IND,Dennis Green,dennis_green,
2005,ATL,17,2005_17_CAR_ATL,Jim Mora,jim_mora,
2005,BAL,17,2005_17_BAL_CLE,Brian Billick,brian_billick,
2005,BUF,17,2005_17_BUF_NYJ,Mike Mularkey,mike_mularkey,
2005,CAR,17,2005_17_CAR_ATL,John Fox,john_fox,
2005,CHI,17,2005_17_CHI_MIN,Lovie Smith,lovie_smith,
2005,CIN,17,2005_17_CIN_KC,Marvin Lewis,marvin_lewis,
2005,CLE,17,2005_17_BAL_CLE,Romeo Crennel,romeo_crennel,
2005,DAL,17,2005_17_STL_DAL,Bill Parcells,bill_parcells,
2005,DEN,17,2005_17_DEN_SD,Mike Shanahan,mike_shanahan,
2005,DET,17,2005_17_DET_PIT,Dick Jauron,dick_jauron,
2005,GB,17,2005_17_SEA_GB,Mike Sherman,mike_sherman,
2005,HOU,17,2005_17_HOU_SF,Dom Capers,dom_capers,
2005,IND,17,2005_17_ARI_IND,Tony Dungy,tony_dungy,
2005,JAX,17,2005_17_TEN_JAX,Jack Del Rio,jack_del_rio,
2005,KC,17,2005_17_CIN_KC,Dick Vermeil,dick_vermeil,
2005,LA,17,2005_17_STL_DAL,Joe Vitt,joe_vitt,
2005,LAC,17,2005_17_DEN_SD,Marty Schottenheimer,marty_schottenheimer,
2005,LV,17,2005_17_NYG_OAK,Norv Turner,norv_turner,
2005,MIA,17,2005_17_MIA_NE,Nick Saban,nick_saban,
2005,MIN,17,2005_17_CHI_MIN,Mike Tice,mike_tice,
2005,NE,17,2005_17_MIA_NE,Bill Belichick,bill_belichick,
2005,NO,17,2005_17_NO_TB,Jim Haslett,jim_haslett,
2005,NYG,17,2005_17_NYG_OAK,Tom Coughlin,tom_coughlin,
2005,NYJ,17,2005_17_BUF_NYJ,Herm Edwards,herm_edwards,
2005,PHI,17,2005_17_WAS_PHI,Andy Reid,andy_reid,
2005,PIT,17,2005_17_DET_PIT,Bill Cowher,bill_cowher,
2005,SEA,17,2005_17_SEA_GB,Mike Holmgren,mike_holmgren,
2005,SF,17,2005_17_HOU_SF,Mike Nolan,mike_nolan,
2005,TB,17,2005_17_NO_TB,Jon Gruden,jon_gruden,
2005,TEN,17,2005_17_TEN_JAX,Jeff Fisher,jeff_fisher,
2005,WAS,17,2005_17_WAS_PHI,Joe Gibbs,joe_gibbs,
2006,ARI,1,2006_01_SF_ARI,Dennis Green,dennis_green,
2006,ATL,1,2006_01_ATL_CAR,Jim Mora,jim_mora,
2006,BAL,1,2006_01_BAL_TB,Brian Billick,brian_billick,
2006,BUF,1,2006_01_BUF_NE,Dick Jauron,dick_jauron,
2006,CAR,1,2006_01_ATL_CAR,John Fox,john_fox,
2006,CHI,1,2006_01_CHI_GB,Lovie Smith,lovie_smith,
2006,CIN,1,2006_01_CIN_KC,Marvin Lewis,marvin_lewis,
2006,CLE,1,2006_01_NO_CLE,Romeo Crennel,romeo_crennel,
2006,DAL,1,2006_01_DAL_JAX,Bill Parcells,bill_parcells,
2006,DEN,1,2006_01_DEN_STL,Mike Shanahan,mike_shanahan,
2006,DET,1,2006_01_SEA_DET,Rod Marinelli,rod_marinelli,
2006,GB,1,2006_01_CHI_GB,Mike McCarthy,mike_mccarthy,
2006,HOU,1,2006_01_PHI_HOU,Gary Kubiak,gary_kubiak,
2006,IND,1,2006_01_IND_NYG,Tony Dungy,tony_dungy,
2006,JAX,1,2006_01_DAL_JAX,Jack Del Rio,jack_del_rio,
2006,KC,1,2006_01_CIN_KC,Herm Edwards,herm_edwards,
2006,LA,1,2006_01_DEN_STL,Scott Linehan,scott_linehan,
2006,LAC,1,2006_01_SD_OAK,Marty Schottenheimer,marty_schottenheimer,
2006,LV,1,2006_01_SD_OAK,Art Shell,art_shell,
2006,MIA,1,2006_01_MIA_PIT,Nick Saban,nick_saban,
2006,MIN,1,2006_01_MIN_WAS,Brad Childress,brad_childress,
2006,NE,1,2006_01_BUF_NE,Bill Belichick,bill_belichick,
2006,NO,1,2006_01_NO_CLE,Sean Payton,sean_payton,
2006,NYG,1,2006_01_IND_NYG,Tom Coughlin,tom_coughlin,
2006,NYJ,1,2006_01_NYJ_TEN,Eric Mangini,eric_mangini,
2006,PHI,1,2006_01_PHI_HOU,Andy Reid,andy_reid,
2006,PIT,1,2006_01_MIA_PIT,Bill Cowher,bill_cowher,
2006,SEA,1,2006_01_SEA_DET,Mike Holmgren,mike_holmgren,
2006,SF,1,2006_01_SF_ARI,Mike Nolan,mike_nolan,
2006,TB,1,2006_01_BAL_TB,Jon Gruden,jon_gruden,
2006,TEN,1,2006_01_NYJ_TEN,Jeff Fisher,jeff_fisher,
2006,WAS,1,2006_01_MIN_WAS,Joe Gibbs,joe_gibbs,
2006,ARI,2,2006_02_ARI_SEA,Dennis Green,dennis_green,
2006,ATL,2,2006_02_TB_ATL,Jim Mora,jim_mora,
2006,BAL,2,2006_02_OAK_BAL,Brian Billick,brian_billick,
2006,BUF,2,2006_02_BUF_MIA,Dick Jauron,dick_jauron,
2006,CAR,2,2006_02_CAR_MIN,John Fox,john_fox,
2006,CHI,2,2006_02_DET_CHI,Lovie Smith,lovie_smith,
2006,CIN,2,2006_02_CLE_CIN,Marvin Lewis,marvin_lewis,
2006,CLE,2,2006_02_CLE_CIN,Romeo Crennel,romeo_crennel,
2006,DAL,2,2006_02_WAS_DAL,Bill Parcells,bill_parcells,
2006,DEN,2,2006_02_KC_DEN,Mike Shanahan,mike_shanahan,
2006,DET,2,2006_02_DET_CHI,Rod Marinelli,rod_marinelli,
2006,GB,2,2006_02_NO_GB,Mike McCarthy,mike_mccarthy,
2006,HOU,2,2006_02_HOU_IND,Gary Kubiak,gary_kubiak,
2006,IND,2,2006_02_HOU_IND,Tony Dungy,tony_dungy,
2006,JAX,2,2006_02_PIT_JAX,Jack Del Rio,jack_del_rio,
2006,KC,2,2006_02_KC_DEN,Herm Edwards,herm_edwards,
2006,LA,2,2006_02_STL_SF,Scott Linehan,scott_linehan,
2006,LAC,2,2006_02_TEN_SD,Marty Schottenheimer,marty_schottenheimer,
2006,LV,2,2006_02_OAK_BAL,Art Shell,art_shell,
2006,MIA,2,2006_02_BUF_MIA,Nick Saban,nick_saban,
2006,MIN,2,2006_02_CAR_MIN,Brad Childress,brad_childress,
2006,NE,2,2006_02_NE_NYJ,Bill Belichick,bill_belichick,
2006,NO,2,2006_02_NO_GB,Sean Payton,sean_payton,
2006,NYG,2,2006_02_NYG_PHI,Tom Coughlin,tom_coughlin,
2006,NYJ,2,2006_02_NE_NYJ,Eric Mangini,eric_mangini,
2006,PHI,2,2006_02_NYG_PHI,Andy Reid,andy_reid,
2006,PIT,2,2006_02_PIT_JAX,Bill Cowher,bill_cowher,
2006,SEA,2,2006_02_ARI_SEA,Mike Holmgren,mike_holmgren,
2006,SF,2,2006_02_STL_SF,Mike Nolan,mike_nolan,
2006,TB,2,2006_02_TB_ATL,Jon Gruden,jon_gruden,
2006,TEN,2,2006_02_TEN_SD,Jeff Fisher,jeff_fisher,
2006,WAS,2,2006_02_WAS_DAL,Joe Gibbs,joe_gibbs,
2006,ARI,3,2006_03_STL_ARI,Dennis Green,dennis_green,
2006,ATL,3,2006_03_ATL_NO,Jim Mora,jim_mora,
2006,BAL,3,2006_03_BAL_CLE,Brian Billick,brian_billick,
2006,BUF,3,2006_03_NYJ_BUF,Dick Jauron,dick_jauron,
2006,CAR,3,2006_03_CAR_TB,John Fox,john_fox,
2006,CHI,3,2006_03_CHI_MIN,Lovie Smith,lovie_smith,
2006,CIN,3,2006_03_CIN_PIT,Marvin Lewis,marvin_lewis,
2006,CLE,3,2006_03_BAL_CLE,Romeo Crennel,romeo_crennel,
2006,DEN,3,2006_03_DEN_NE,Mike Shanahan,mike_shanahan,
2006,DET,3,2006_03_GB_DET,Rod Marinelli,rod_marinelli,
2006,GB,3,2006_03_GB_DET,Mike McCarthy,mike_mccarthy,
2006,HOU,3,2006_03_WAS_HOU,Gary Kubiak,gary_kubiak,
2006,IND,3,2006_03_JAX_IND,Tony Dungy,tony_dungy,
2006,JAX,3,2006_03_JAX_IND,Jack Del Rio,jack_del_rio,
2006,LA,3,2006_03_STL_ARI,Scott Linehan,scott_linehan,
2006,MIA,3,2006_03_TEN_MIA,Nick Saban,nick_saban,
2006,MIN,3,2006_03_CHI_MIN,Brad Childress,brad_childress,
2006,NE,3,2006_03_DEN_NE,Bill Belichick,bill_belichick,
2006,NO,3,2006_03_ATL_NO,Sean Payton,sean_payton,
2006,NYG,3,2006_03_NYG_SEA,Tom Coughlin,tom_coughlin,
2006,NYJ,3,2006_03_NYJ_BUF,Eric Mangini,eric_mangini,
2006,PHI,3,2006_03_PHI_SF,Andy Reid,andy_reid,
2006,PIT,3,2006_03_CIN_PIT,Bill Cowher,bill_cowher,
2006,SEA,3,2006_03_NYG_SEA,Mike Holmgren,mike_holmgren,
2006,SF,3,2006_03_PHI_SF,Mike Nolan,mike_nolan,
2006,TB,3,2006_03_CAR_TB,Jon Gruden,jon_gruden,
2006,TEN,3,2006_03_TEN_MIA,Jeff Fisher,jeff_fisher,
2006,WAS,3,2006_03_WAS_HOU,Joe Gibbs,joe_gibbs,
2006,ARI,4,2006_04_ARI_ATL,Dennis Green,dennis_green,
2006,ATL,4,2006_04_ARI_ATL,Jim Mora,jim_mora,
2006,BAL,4,2006_04_SD_BAL,Brian Billick,brian_billick,
2006,BUF,4,2006_04_MIN_BUF,Dick Jauron,dick_jauron,
2006,CAR,4,2006_04_NO_CAR,John Fox,john_fox,
2006,CHI,4,2006_04_SEA_CHI,Lovie Smith,lovie_smith,
2006,CIN,4,2006_04_NE_CIN,Marvin Lewis,marvin_lewis,
2006,CLE,4,2006_04_CLE_OAK,Romeo Crennel,romeo_crennel,
2006,DAL,4,2006_04_DAL_TEN,Bill Parcells,bill_parcells,
2006,DET,4,2006_04_DET_STL,Rod Marinelli,rod_marinelli,
2006,GB,4,2006_04_GB_PHI,Mike McCarthy,mike_mccarthy,
2006,HOU,4,2006_04_MIA_HOU,Gary Kubiak,gary_kubiak,
2006,IND,4,2006_04_IND_NYJ,Tony Dungy,tony_dungy,
2006,JAX,4,2006_04_JAX_WAS,Jack Del Rio,jack_del_rio,
2006,KC,4,2006_04_SF_KC,Herm Edwards,herm_edwards,
2006,LA,4,2006_04_DET_STL,Scott Linehan,scott_linehan,
2006,LAC,4,2006_04_SD_BAL,Marty Schottenheimer,marty_schottenheimer,
2006,LV,4,2006_04_CLE_OAK,Art Shell,art_shell,
2006,MIA,4,2006_04_MIA_HOU,Nick Saban,nick_saban,
2006,MIN,4,2006_04_MIN_BUF,Brad Childress,brad_childress,
2006,NE,4,2006_04_NE_CIN,Bill Belichick,bill_belichick,
2006,NO,4,2006_04_NO_CAR,Sean Payton,sean_payton,
2006,NYJ,4,2006_04_IND_NYJ,Eric Mangini,eric_mangini,
2006,PHI,4,2006_04_GB_PHI,Andy Reid,andy_reid,
2006,SEA,4,2006_04_SEA_CHI,Mike Holmgren,mike_holmgren,
2006,SF,4,2006_04_SF_KC,Mike Nolan,mike_nolan,
2006,TEN,4,2006_04_DAL_TEN,Jeff Fisher,jeff_fisher,
2006,WAS,4,2006_04_JAX_WAS,Joe Gibbs,joe_gibbs,
2006,ARI,5,2006_05_KC_ARI,Dennis Green,dennis_green,
2006,BAL,5,2006_05_BAL_DEN,Brian Billick,brian_billick,
2006,BUF,5,2006_05_BUF_CHI,Dick Jauron,dick_jauron,
2006,CAR,5,2006_05_CLE_CAR,John Fox,john_fox,
2006,CHI,5,2006_05_BUF_CHI,Lovie Smith,lovie_smith,
2006,CLE,5,2006_05_CLE_CAR,Romeo Crennel,romeo_crennel,
2006,DAL,5,2006_05_DAL_PHI,Bill Parcells,bill_parcells,
2006,DEN,5,2006_05_BAL_DEN,Mike Shanahan,mike_shanahan,
2006,DET,5,2006_05_DET_MIN,Rod Marinelli,rod_marinelli,
2006,GB,5,2006_05_STL_GB,Mike McCarthy,mike_mccarthy,
2006,IND,5,2006_05_TEN_IND,Tony Dungy,tony_dungy,
2006,JAX,5,2006_05_NYJ_JAX,Jack Del Rio,jack_del_rio,
2006,KC,5,2006_05_KC_ARI,Herm Edwards,herm_edwards,
2006,LA,5,2006_05_STL_GB,Scott Linehan,scott_linehan,
2006,LAC,5,2006_05_PIT_SD,Marty Schottenheimer,marty_schottenheimer,
2006,LV,5,2006_05_OAK_SF,Art Shell,art_shell,
2006,MIA,5,2006_05_MIA_NE,Nick Saban,nick_saban,
2006,MIN,5,2006_05_DET_MIN,Brad Childress,brad_childress,
2006,NE,5,2006_05_MIA_NE,Bill Belichick,bill_belichick,
2006,NO,5,2006_05_TB_NO,Sean Payton,sean_payton,
2006,NYG,5,2006_05_WAS_NYG,Tom Coughlin,tom_coughlin,
2006,NYJ,5,2006_05_NYJ_JAX,Eric Mangini,eric_mangini,
2006,PHI,5,2006_05_DAL_PHI,Andy Reid,andy_reid,
2006,PIT,5,2006_05_PIT_SD,Bill Cowher,bill_cowher,
2006,SF,5,2006_05_OAK_SF,Mike Nolan,mike_nolan,
2006,TB,5,2006_05_TB_NO,Jon Gruden,jon_gruden,
2006,TEN,5,2006_05_TEN_IND,Jeff Fisher,jeff_fisher,
2006,WAS,5,2006_05_WAS_NYG,Joe Gibbs,joe_gibbs,
2006,ARI,6,2006_06_CHI_ARI,Dennis Green,dennis_green,
2006,ATL,6,2006_06_NYG_ATL,Jim Mora,jim_mora,
2006,BAL,6,2006_06_CAR_BAL,Brian Billick,brian_billick,
2006,BUF,6,2006_06_BUF_DET,Dick Jauron,dick_jauron,
2006,CAR,6,2006_06_CAR_BAL,John Fox,john_fox,
2006,CHI,6,2006_06_CHI_ARI,Lovie Smith,lovie_smith,
2006,CIN,6,2006_06_CIN_TB,Marvin Lewis,marvin_lewis,
2006,DAL,6,2006_06_HOU_DAL,Bill Parcells,bill_parcells,
2006,DEN,6,2006_06_OAK_DEN,Mike Shanahan,mike_shanahan,
2006,DET,6,2006_06_BUF_DET,Rod Marinelli,rod_marinelli,
2006,HOU,6,2006_06_HOU_DAL,Gary Kubiak,gary_kubiak,
2006,KC,6,2006_06_KC_PIT,Herm Edwards,herm_edwards,
2006,LA,6,2006_06_SEA_STL,Scott Linehan,scott_linehan,
2006,LAC,6,2006_06_SD_SF,Marty Schottenheimer,marty_schottenheimer,
2006,LV,6,2006_06_OAK_DEN,Art Shell,art_shell,
2006,MIA,6,2006_06_MIA_NYJ,Nick Saban,nick_saban,
2006,NO,6,2006_06_PHI_NO,Sean Payton,sean_payton,
2006,NYG,6,2006_06_NYG_ATL,Tom Coughlin,tom_coughlin,
2006,NYJ,6,2006_06_MIA_NYJ,Eric Mangini,eric_mangini,
2006,PHI,6,2006_06_PHI_NO,Andy Reid,andy_reid,
2006,PIT,6,2006_06_KC_PIT,Bill Cowher,bill_cowher,
2006,SEA,6,2006_06_SEA_STL,Mike Holmgren,mike_holmgren,
2006,SF,6,2006_06_SD_SF,Mike Nolan,mike_nolan,
2006,TB,6,2006_06_CIN_TB,Jon Gruden,jon_gruden,
2006,TEN,6,2006_06_TEN_WAS,Jeff Fisher,jeff_fisher,
2006,WAS,6,2006_06_TEN_WAS,Joe Gibbs,joe_gibbs,
2006,ARI,7,2006_07_ARI_OAK,Dennis Green,dennis_green,
2006,ATL,7,2006_07_PIT_ATL,Jim Mora,jim_mora,
2006,BUF,7,2006_07_NE_BUF,Dick Jauron,dick_jauron,
2006,CAR,7,2006_07_CAR_CIN,John Fox,john_fox,
2006,CIN,7,2006_07_CAR_CIN,Marvin Lewis,marvin_lewis,
2006,CLE,7,2006_07_DEN_CLE,Romeo Crennel,romeo_crennel,
2006,DAL,7,2006_07_NYG_DAL,Bill Parcells,bill_parcells,
2006,DEN,7,2006_07_DEN_CLE,Mike Shanahan,mike_shanahan,
2006,DET,7,2006_07_DET_NYJ,Rod Marinelli,rod_marinelli,
2006,GB,7,2006_07_GB_MIA,Mike McCarthy,mike_mccarthy,
2006,HOU,7,2006_07_JAX_HOU,Gary Kubiak,gary_kubiak,
2006,IND,7,2006_07_WAS_IND,Tony Dungy,tony_dungy,
2006,JAX,7,2006_07_JAX_HOU,Jack Del Rio,jack_del_rio,
2006,KC,7,2006_07_SD_KC,Herm Edwards,herm_edwards,
2006,LAC,7,2006_07_SD_KC,Marty Schottenheimer,marty_schottenheimer,
2006,LV,7,2006_07_ARI_OAK,Art Shell,art_shell,
2006,MIA,7,2006_07_GB_MIA,Nick Saban,nick_saban,
2006,MIN,7,2006_07_MIN_SEA,Brad Childress,brad_childress,
2006,NE,7,2006_07_NE_BUF,Bill Belichick,bill_belichick,
2006,NYG,7,2006_07_NYG_DAL,Tom Coughlin,tom_coughlin,
2006,NYJ,7,2006_07_DET_NYJ,Eric Mangini,eric_mangini,
2006,PHI,7,2006_07_PHI_TB,Andy Reid,andy_reid,
2006,PIT,7,2006_07_PIT_ATL,Bill Cowher,bill_cowher,
2006,SEA,7,2006_07_MIN_SEA,Mike Holmgren,mike_holmgren,
2006,TB,7,2006_07_PHI_TB,Jon Gruden,jon_gruden,
2006,WAS,7,2006_07_WAS_IND,Joe Gibbs,joe_gibbs,
2006,ARI,8,2006_08_ARI_GB,Dennis Green,dennis_green,
2006,ATL,8,2006_08_ATL_CIN,Jim Mora,jim_mora,
2006,BAL,8,2006_08_BAL_NO,Brian Billick,brian_billick,
2006,CAR,8,2006_08_DAL_CAR,John Fox,john_fox,
2006,CHI,8,2006_08_SF_CHI,Lovie Smith,lovie_smith,
2006,CIN,8,2006_08_ATL_CIN,Marvin Lewis,marvin_lewis,
2006,CLE,8,2006_08_NYJ_CLE,Romeo Crennel,romeo_crennel,
2006,DAL,8,2006_08_DAL_CAR,Bill Parcells,bill_parcells,
2006,DEN,8,2006_08_IND_DEN,Mike Shanahan,mike_shanahan,
2006,GB,8,2006_08_ARI_GB,Mike McCarthy,mike_mccarthy,
2006,HOU,8,2006_08_HOU_TEN,Gary Kubiak,gary_kubiak,
2006,IND,8,2006_08_IND_DEN,Tony Dungy,tony_dungy,
2006,JAX,8,2006_08_JAX_PHI,Jack Del Rio,jack_del_rio,
2006,KC,8,2006_08_SEA_KC,Herm Edwards,herm_edwards,
2006,LA,8,2006_08_STL_SD,Scott Linehan,scott_linehan,
2006,LAC,8,2006_08_STL_SD,Marty Schottenheimer,marty_schottenheimer,
2006,LV,8,2006_08_PIT_OAK,Art Shell,art_shell,
2006,MIN,8,2006_08_NE_MIN,Brad Childress,brad_childress,
2006,NE,8,2006_08_NE_MIN,Bill Belichick,bill_belichick,
2006,NO,8,2006_08_BAL_NO,Sean Payton,sean_payton,
2006,NYG,8,2006_08_TB_NYG,Tom Coughlin,tom_coughlin,
2006,NYJ,8,2006_08_NYJ_CLE,Eric Mangini,eric_mangini,
2006,PHI,8,2006_08_JAX_PHI,Andy Reid,andy_reid,
2006,PIT,8,2006_08_PIT_OAK,Bill Cowher,bill_cowher,
2006,SEA,8,2006_08_SEA_KC,Mike Holmgren,mike_holmgren,
2006,SF,8,2006_08_SF_CHI,Mike Nolan,mike_nolan,
2006,TB,8,2006_08_TB_NYG,Jon Gruden,jon_gruden,
2006,TEN,8,2006_08_HOU_TEN,Jeff Fisher,jeff_fisher,
2006,ATL,9,2006_09_ATL_DET,Jim Mora,jim_mora,
2006,BAL,9,2006_09_CIN_BAL,Brian Billick,brian_billick,
2006,BUF,9,2006_09_GB_BUF,Dick Jauron,dick_jauron,
2006,CHI,9,2006_09_MIA_CHI,Lovie Smith,lovie_smith,
2006,CIN,9,2006_09_CIN_BAL,Marvin Lewis,marvin_lewis,
2006,CLE,9,2006_09_CLE_SD,Romeo Crennel,romeo_crennel,
2006,DAL,9,2006_09_DAL_WAS,Bill Parcells,bill_parcells,
2006,DEN,9,2006_09_DEN_PIT,Mike Shanahan,mike_shanahan,
2006,DET,9,2006_09_ATL_DET,Rod Marinelli,rod_marinelli,
2006,GB,9,2006_09_GB_BUF,Mike McCarthy,mike_mccarthy,
2006,HOU,9,2006_09_HOU_NYG,Gary Kubiak,gary_kubiak,
2006,IND,9,2006_09_IND_NE,Tony Dungy,tony_dungy,
2006,JAX,9,2006_09_TEN_JAX,Jack Del Rio,jack_del_rio,
2006,KC,9,2006_09_KC_STL,Herm Edwards,herm_edwards,
2006,LA,9,2006_09_KC_STL,Scott Linehan,scott_linehan,
2006,LAC,9,2006_09_CLE_SD,Marty Schottenheimer,marty_schottenheimer,
2006,LV,9,2006_09_OAK_SEA,Art Shell,art_shell,
2006,MIA,9,2006_09_MIA_CHI,Nick Saban,nick_saban,
2006,MIN,9,2006_09_MIN_SF,Brad Childress,brad_childress,
2006,NE,9,2006_09_IND_NE,Bill Belichick,bill_belichick,
2006,NO,9,2006_09_NO_TB,Sean Payton,sean_payton,
2006,NYG,9,2006_09_HOU_NYG,Tom Coughlin,tom_coughlin,
2006,PIT,9,2006_09_DEN_PIT,Bill Cowher,bill_cowher,
2006,SEA,9,2006_09_OAK_SEA,Mike Holmgren,mike_holmgren,
2006,SF,9,2006_09_MIN_SF,Mike Nolan,mike_nolan,
2006,TB,9,2006_09_NO_TB,Jon Gruden,jon_gruden,
2006,TEN,9,2006_09_TEN_JAX,Jeff Fisher,jeff_fisher,
2006,WAS,9,2006_09_DAL_WAS,Joe Gibbs,joe_gibbs,
2006,ARI,10,2006_10_DAL_ARI,Dennis Green,dennis_green,
2006,ATL,10,2006_10_CLE_ATL,Jim Mora,jim_mora,
2006,BAL,10,2006_10_BAL_TEN,Brian Billick,brian_billick,
2006,BUF,10,2006_10_BUF_IND,Dick Jauron,dick_jauron,
2006,CAR,10,2006_10_TB_CAR,John Fox,john_fox,
2006,CHI,10,2006_10_CHI_NYG,Lovie Smith,lovie_smith,
2006,CIN,10,2006_10_SD_CIN,Marvin Lewis,marvin_lewis,
2006,CLE,10,2006_10_CLE_ATL,Romeo Crennel,romeo_crennel,
2006,DAL,10,2006_10_DAL_ARI,Bill Parcells,bill_parcells,
2006,DEN,10,2006_10_DEN_OAK,Mike Shanahan,mike_shanahan,
2006,DET,10,2006_10_SF_DET,Rod Marinelli,rod_marinelli,
2006,GB,10,2006_10_GB_MIN,Mike McCarthy,mike_mccarthy,
2006,HOU,10,2006_10_HOU_JAX,Gary Kubiak,gary_kubiak,
2006,IND,10,2006_10_BUF_IND,Tony Dungy,tony_dungy,
2006,JAX,10,2006_10_HOU_JAX,Jack Del Rio,jack_del_rio,
2006,KC,10,2006_10_KC_MIA,Herm Edwards,herm_edwards,
2006,LA,10,2006_10_STL_SEA,Scott Linehan,scott_linehan,
2006,LAC,10,2006_10_SD_CIN,Marty Schottenheimer,marty_schottenheimer,
2006,LV,10,2006_10_DEN_OAK,Art Shell,art_shell,
2006,MIA,10,2006_10_KC_MIA,Nick Saban,nick_saban,
2006,MIN,10,2006_10_GB_MIN,Brad Childress,brad_childress,
2006,NE,10,2006_10_NYJ_NE,Bill Belichick,bill_belichick,
2006,NO,10,2006_10_NO_PIT,Sean Payton,sean_payton,
2006,NYG,10,2006_10_CHI_NYG,Tom Coughlin,tom_coughlin,
2006,NYJ,10,2006_10_NYJ_NE,Eric Mangini,eric_mangini,
2006,PHI,10,2006_10_WAS_PHI,Andy Reid,andy_reid,
2006,PIT,10,2006_10_NO_PIT,Bill Cowher,bill_cowher,
2006,SEA,10,2006_10_STL_SEA,Mike Holmgren,mike_holmgren,
2006,SF,10,2006_10_SF_DET,Mike Nolan,mike_nolan,
2006,TB,10,2006_10_TB_CAR,Jon Gruden,jon_gruden,
2006,TEN,10,2006_10_BAL_TEN,Jeff Fisher,jeff_fisher,
2006,WAS,10,2006_10_WAS_PHI,Joe Gibbs,joe_gibbs,
2006,ARI,11,2006_11_DET_ARI,Dennis Green,dennis_green,
2006,ATL,11,2006_11_ATL_BAL,Jim Mora,jim_mora,
2006,BAL,11,2006_11_ATL_BAL,Brian Billick,brian_billick,
2006,BUF,11,2006_11_BUF_HOU,Dick Jauron,dick_jauron,
2006,CAR,11,2006_11_STL_CAR,John Fox,john_fox,
2006,CHI,11,2006_11_CHI_NYJ,Lovie Smith,lovie_smith,
2006,CIN,11,2006_11_CIN_NO,Marvin Lewis,marvin_lewis,
2006,CLE,11,2006_11_PIT_CLE,Romeo Crennel,romeo_crennel,
2006,DAL,11,2006_11_IND_DAL,Bill Parcells,bill_parcells,
2006,DEN,11,2006_11_SD_DEN,Mike Shanahan,mike_shanahan,
2006,DET,11,2006_11_DET_ARI,Rod Marinelli,rod_marinelli,
2006,GB,11,2006_11_NE_GB,Mike McCarthy,mike_mccarthy,
2006,HOU,11,2006_11_BUF_HOU,Gary Kubiak,gary_kubiak,
2006,IND,11,2006_11_IND_DAL,Tony Dungy,tony_dungy,
2006,JAX,11,2006_11_NYG_JAX,Jack Del Rio,jack_del_rio,
2006,KC,11,2006_11_OAK_KC,Herm Edwards,herm_edwards,
2006,LA,11,2006_11_STL_CAR,Scott Linehan,scott_linehan,
2006,LAC,11,2006_11_SD_DEN,Marty Schottenheimer,marty_schottenheimer,
2006,LV,11,2006_11_OAK_KC,Art Shell,art_shell,
2006,MIA,11,2006_11_MIN_MIA,Nick Saban,nick_saban,
2006,MIN,11,2006_11_MIN_MIA,Brad Childress,brad_childress,
2006,NE,11,2006_11_NE_GB,Bill Belichick,bill_belichick,
2006,NO,11,2006_11_CIN_NO,Sean Payton,sean_payton,
2006,NYG,11,2006_11_NYG_JAX,Tom Coughlin,tom_coughlin,
2006,NYJ,11,2006_11_CHI_NYJ,Eric Mangini,eric_mangini,
2006,PHI,11,2006_11_TEN_PHI,Andy Reid,andy_reid,
2006,PIT,11,2006_11_PIT_CLE,Bill Cowher,bill_cowher,
2006,SEA,11,2006_11_SEA_SF,Mike Holmgren,mike_holmgren,
2006,SF,11,2006_11_SEA_SF,Mike Nolan,mike_nolan,
2006,TB,11,2006_11_WAS_TB,Jon Gruden,jon_gruden,
2006,TEN,11,2006_11_TEN_PHI,Jeff Fisher,jeff_fisher,
2006,WAS,11,2006_11_WAS_TB,Joe Gibbs,joe_gibbs,
2006,ARI,12,2006_12_ARI_MIN,Dennis Green,dennis_green,
2006,ATL,12,2006_12_NO_ATL,Jim Mora,jim_mora,
2006,BAL,12,2006_12_PIT_BAL,Brian Billick,brian_billick,
2006,BUF,12,2006_12_JAX_BUF,Dick Jauron,dick_jauron,
2006,CAR,12,2006_12_CAR_WAS,John Fox,john_fox,
2006,CHI,12,2006_12_CHI_NE,Lovie Smith,lovie_smith,
2006,CIN,12,2006_12_CIN_CLE,Marvin Lewis,marvin_lewis,
2006,CLE,12,2006_12_CIN_CLE,Romeo Crennel,romeo_crennel,
2006,DAL,12,2006_12_TB_DAL,Bill Parcells,bill_parcells,
2006,DEN,12,2006_12_DEN_KC,Mike Shanahan,mike_shanahan,
2006,DET,12,2006_12_MIA_DET,Rod Marinelli,rod_marinelli,
2006,GB,12,2006_12_GB_SEA,Mike McCarthy,mike_mccarthy,
2006,HOU,12,2006_12_HOU_NYJ,Gary Kubiak,gary_kubiak,
2006,IND,12,2006_12_PHI_IND,Tony Dungy,tony_dungy,
2006,JAX,12,2006_12_JAX_BUF,Jack Del Rio,jack_del_rio,
2006,KC,12,2006_12_DEN_KC,Herm Edwards,herm_edwards,
2006,LA,12,2006_12_SF_STL,Scott Linehan,scott_linehan,
2006,LAC,12,2006_12_OAK_SD,Marty Schottenheimer,marty_schottenheimer,
2006,LV,12,2006_12_OAK_SD,Art Shell,art_shell,
2006,MIA,12,2006_12_MIA_DET,Nick Saban,nick_saban,
2006,MIN,12,2006_12_ARI_MIN,Brad Childress,brad_childress,
2006,NE,12,2006_12_CHI_NE,Bill Belichick,bill_belichick,
2006,NO,12,2006_12_NO_ATL,Sean Payton,sean_payton,
2006,NYG,12,2006_12_NYG_TEN,Tom Coughlin,tom_coughlin,
2006,NYJ,12,2006_12_HOU_NYJ,Eric Mangini,eric_mangini,
2006,PHI,12,2006_12_PHI_IND,Andy Reid,andy_reid,
2006,PIT,12,2006_12_PIT_BAL,Bill Cowher,bill_cowher,
2006,SEA,12,2006_12_GB_SEA,Mike Holmgren,mike_holmgren,
2006,SF,12,2006_12_SF_STL,Mike Nolan,mike_nolan,
2006,TB,12,2006_12_TB_DAL,Jon Gruden,jon_gruden,
2006,TEN,12,2006_12_NYG_TEN,Jeff Fisher,jeff_fisher,
2006,WAS,12,2006_12_CAR_WAS,Joe Gibbs,joe_gibbs,
2006,ARI,13,2006_13_ARI_STL,Dennis Green,dennis_green,
2006,ATL,13,2006_13_ATL_WAS,Jim Mora,jim_mora,
2006,BAL,13,2006_13_BAL_CIN,Brian Billick,brian_billick,
2006,BUF,13,2006_13_SD_BUF,Dick Jauron,dick_jauron,
2006,CAR,13,2006_13_CAR_PHI,John Fox,john_fox,
2006,CHI,13,2006_13_MIN_CHI,Lovie Smith,lovie_smith,
2006,CIN,13,2006_13_BAL_CIN,Marvin Lewis,marvin_lewis,
2006,CLE,13,2006_13_KC_CLE,Romeo Crennel,romeo_crennel,
2006,DAL,13,2006_13_DAL_NYG,Bill Parcells,bill_parcells,
2006,DEN,13,2006_13_SEA_DEN,Mike Shanahan,mike_shanahan,
2006,DET,13,2006_13_DET_NE,Rod Marinelli,rod_marinelli,
2006,GB,13,2006_13_NYJ_GB,Mike McCarthy,mike_mccarthy,
2006,HOU,13,2006_13_HOU_OAK,Gary Kubiak,gary_kubiak,
2006,IND,13,2006_13_IND_TEN,Tony Dungy,tony_dungy,
2006,JAX,13,2006_13_JAX_MIA,Jack Del Rio,jack_del_rio,
2006,KC,13,2006_13_KC_CLE,Herm Edwards,herm_edwards,
2006,LA,13,2006_13_ARI_STL,Scott Linehan,scott_linehan,
2006,LAC,13,2006_13_SD_BUF,Marty Schottenheimer,marty_schottenheimer,
2006,LV,13,2006_13_HOU_OAK,Art Shell,art_shell,
2006,MIA,13,2006_13_JAX_MIA,Nick Saban,nick_saban,
2006,MIN,13,2006_13_MIN_CHI,Brad Childress,brad_childress,
2006,NE,13,2006_13_DET_NE,Bill Belichick,bill_belichick,
2006,NO,13,2006_13_SF_NO,Sean Payton,sean_payton,
2006,NYG,13,2006_13_DAL_NYG,Tom Coughlin,tom_coughlin,
2006,NYJ,13,2006_13_NYJ_GB,Eric Mangini,eric_mangini,
2006,PHI,13,2006_13_CAR_PHI,Andy Reid,andy_reid,
2006,PIT,13,2006_13_TB_PIT,Bill Cowher,bill_cowher,
2006,SEA,13,2006_13_SEA_DEN,Mike Holmgren,mike_holmgren,
2006,SF,13,2006_13_SF_NO,Mike Nolan,mike_nolan,
2006,TB,13,2006_13_TB_PIT,Jon Gruden,jon_gruden,
2006,TEN,13,2006_13_IND_TEN,Jeff Fisher,jeff_fisher,
2006,WAS,13,2006_13_ATL_WAS,Joe Gibbs,joe_gibbs,
2006,ARI,14,2006_14_SEA_ARI,Dennis Green,dennis_green,
2006,ATL,14,2006_14_ATL_TB,Jim Mora,jim_mora,
2006,BAL,14,2006_14_BAL_KC,Brian Billick,brian_billick,
2006,BUF,14,2006_14_BUF_NYJ,Dick Jauron,dick_jauron,
2006,CAR,14,2006_14_NYG_CAR,John Fox,john_fox,
2006,CHI,14,2006_14_CHI_STL,Lovie Smith,lovie_smith,
2006,CIN,14,2006_14_OAK_CIN,Marvin Lewis,marvin_lewis,
2006,CLE,14,2006_14_CLE_PIT,Romeo Crennel,romeo_crennel,
2006,DAL,14,2006_14_NO_DAL,Bill Parcells,bill_parcells,
2006,DEN,14,2006_14_DEN_SD,Mike Shanahan,mike_shanahan,
2006,DET,14,2006_14_MIN_DET,Rod Marinelli,rod_marinelli,
2006,GB,14,2006_14_GB_SF,Mike McCarthy,mike_mccarthy,
2006,HOU,14,2006_14_TEN_HOU,Gary Kubiak,gary_kubiak,
2006,IND,14,2006_14_IND_JAX,Tony Dungy,tony_dungy,
2006,JAX,14,2006_14_IND_JAX,Jack Del Rio,jack_del_rio,
2006,KC,14,2006_14_BAL_KC,Herm Edwards,herm_edwards,
2006,LA,14,2006_14_CHI_STL,Scott Linehan,scott_linehan,
2006,LAC,14,2006_14_DEN_SD,Marty Schottenheimer,marty_schottenheimer,
2006,LV,14,2006_14_OAK_CIN,Art Shell,art_shell,
2006,MIA,14,2006_14_NE_MIA,Nick Saban,nick_saban,
2006,MIN,14,2006_14_MIN_DET,Brad Childress,brad_childress,
2006,NE,14,2006_14_NE_MIA,Bill Belichick,bill_belichick,
2006,NO,14,2006_14_NO_DAL,Sean Payton,sean_payton,
2006,NYG,14,2006_14_NYG_CAR,Tom Coughlin,tom_coughlin,
2006,NYJ,14,2006_14_BUF_NYJ,Eric Mangini,eric_mangini,
2006,PHI,14,2006_14_PHI_WAS,Andy Reid,andy_reid,
2006,PIT,14,2006_14_CLE_PIT,Bill Cowher,bill_cowher,
2006,SEA,14,2006_14_SEA_ARI,Mike Holmgren,mike_holmgren,
2006,SF,14,2006_14_GB_SF,Mike Nolan,mike_nolan,
2006,TB,14,2006_14_ATL_TB,Jon Gruden,jon_gruden,
2006,TEN,14,2006_14_TEN_HOU,Jeff Fisher,jeff_fisher,
2006,WAS,14,2006_14_PHI_WAS,Joe Gibbs,joe_gibbs,
2006,ARI,15,2006_15_DEN_ARI,Dennis Green,dennis_green,
2006,ATL,15,2006_15_DAL_ATL,Jim Mora,jim_mora,
2006,BAL,15,2006_15_CLE_BAL,Brian Billick,brian_billick,
2006,BUF,15,2006_15_MIA_BUF,Dick Jauron,dick_jauron,
2006,CAR,15,2006_15_PIT_CAR,John Fox,john_fox,
2006,CHI,15,2006_15_TB_CHI,Lovie Smith,lovie_smith,
2006,CIN,15,2006_15_CIN_IND,Marvin Lewis,marvin_lewis,
2006,CLE,15,2006_15_CLE_BAL,Romeo Crennel,romeo_crennel,
2006,DAL,15,2006_15_DAL_ATL,Bill Parcells,bill_parcells,
2006,DEN,15,2006_15_DEN_ARI,Mike Shanahan,mike_shanahan,
2006,DET,15,2006_15_DET_GB,Rod Marinelli,rod_marinelli,
2006,GB,15,2006_15_DET_GB,Mike McCarthy,mike_mccarthy,
2006,HOU,15,2006_15_HOU_NE,Gary Kubiak,gary_kubiak,
2006,IND,15,2006_15_CIN_IND,Tony Dungy,tony_dungy,
2006,JAX,15,2006_15_JAX_TEN,Jack Del Rio,jack_del_rio,
2006,KC,15,2006_15_KC_SD,Herm Edwards,herm_edwards,
2006,LA,15,2006_15_STL_OAK,Scott Linehan,scott_linehan,
2006,LAC,15,2006_15_KC_SD,Marty Schottenheimer,marty_schottenheimer,
2006,LV,15,2006_15_STL_OAK,Art Shell,art_shell,
2006,MIA,15,2006_15_MIA_BUF,Nick Saban,nick_saban,
2006,MIN,15,2006_15_NYJ_MIN,Brad Childress,brad_childress,
2006,NE,15,2006_15_HOU_NE,Bill Belichick,bill_belichick,
2006,NO,15,2006_15_WAS_NO,Sean Payton,sean_payton,
2006,NYG,15,2006_15_PHI_NYG,Tom Coughlin,tom_coughlin,
2006,NYJ,15,2006_15_NYJ_MIN,Eric Mangini,eric_mangini,
2006,PHI,15,2006_15_PHI_NYG,Andy Reid,andy_reid,
2006,PIT,15,2006_15_PIT_CAR,Bill Cowher,bill_cowher,
2006,SEA,15,2006_15_SF_SEA,Mike Holmgren,mike_holmgren,
2006,SF,15,2006_15_SF_SEA,Mike Nolan,mike_nolan,
2006,TB,15,2006_15_TB_CHI,Jon Gruden,jon_gruden,
2006,TEN,15,2006_15_JAX_TEN,Jeff Fisher,jeff_fisher,
2006,WAS,15,2006_15_WAS_NO,Joe Gibbs,joe_gibbs,
2006,ARI,16,2006_16_ARI_SF,Dennis Green,dennis_green,
2006,ATL,16,2006_16_CAR_ATL,Jim Mora,jim_mora,
2006,BAL,16,2006_16_BAL_PIT,Brian Billick,brian_billick,
2006,BUF,16,2006_16_TEN_BUF,Dick Jauron,dick_jauron,
2006,CAR,16,2006_16_CAR_ATL,John Fox,john_fox,
2006,CHI,16,2006_16_CHI_DET,Lovie Smith,lovie_smith,
2006,CIN,16,2006_16_CIN_DEN,Marvin Lewis,marvin_lewis,
2006,CLE,16,2006_16_TB_CLE,Romeo Crennel,romeo_crennel,
2006,DAL,16,2006_16_PHI_DAL,Bill Parcells,bill_parcells,
2006,DEN,16,2006_16_CIN_DEN,Mike Shanahan,mike_shanahan,
2006,DET,16,2006_16_CHI_DET,Rod Marinelli,rod_marinelli,
2006,GB,16,2006_16_MIN_GB,Mike McCarthy,mike_mccarthy,
2006,HOU,16,2006_16_IND_HOU,Gary Kubiak,gary_kubiak,
2006,IND,16,2006_16_IND_HOU,Tony Dungy,tony_dungy,
2006,JAX,16,2006_16_NE_JAX,Jack Del Rio,jack_del_rio,
2006,KC,16,2006_16_KC_OAK,Herm Edwards,herm_edwards,
2006,LA,16,2006_16_WAS_STL,Scott Linehan,scott_linehan,
2006,LAC,16,2006_16_SD_SEA,Marty Schottenheimer,marty_schottenheimer,
2006,LV,16,2006_16_KC_OAK,Art Shell,art_shell,
2006,MIA,16,2006_16_NYJ_MIA,Nick Saban,nick_saban,
2006,MIN,16,2006_16_MIN_GB,Brad Childress,brad_childress,
2006,NE,16,2006_16_NE_JAX,Bill Belichick,bill_belichick,
2006,NO,16,2006_16_NO_NYG,Sean Payton,sean_payton,
2006,NYG,16,2006_16_NO_NYG,Tom Coughlin,tom_coughlin,
2006,NYJ,16,2006_16_NYJ_MIA,Eric Mangini,eric_mangini,
2006,PHI,16,2006_16_PHI_DAL,Andy Reid,andy_reid,
2006,PIT,16,2006_16_BAL_PIT,Bill Cowher,bill_cowher,
2006,SEA,16,2006_16_SD_SEA,Mike Holmgren,mike_holmgren,
2006,SF,16,2006_16_ARI_SF,Mike Nolan,mike_nolan,
2006,TB,16,2006_16_TB_CLE,Jon Gruden,jon_gruden,
2006,TEN,16,2006_16_TEN_BUF,Jeff Fisher,jeff_fisher,
2006,WAS,16,2006_16_WAS_STL,Joe Gibbs,joe_gibbs,
2006,ARI,17,2006_17_ARI_SD,Dennis Green,dennis_green,
2006,ATL,17,2006_17_ATL_PHI,Jim Mora,jim_mora,
2006,BAL,17,2006_17_BUF_BAL,Brian Billick,brian_billick,
2006,BUF,17,2006_17_BUF_BAL,Dick Jauron,dick_jauron,
2006,CAR,17,2006_17_CAR_NO,John Fox,john_fox,
2006,CHI,17,2006_17_GB_CHI,Lovie Smith,lovie_smith,
2006,CIN,17,2006_17_PIT_CIN,Marvin Lewis,marvin_lewis,
2006,CLE,17,2006_17_CLE_HOU,Romeo Crennel,romeo_crennel,
2006,DAL,17,2006_17_DET_DAL,Bill Parcells,bill_parcells,
2006,DEN,17,2006_17_SF_DEN,Mike Shanahan,mike_shanahan,
2006,DET,17,2006_17_DET_DAL,Rod Marinelli,rod_marinelli,
2006,GB,17,2006_17_GB_CHI,Mike McCarthy,mike_mccarthy,
2006,HOU,17,2006_17_CLE_HOU,Gary Kubiak,gary_kubiak,
2006,IND,17,2006_17_MIA_IND,Tony Dungy,tony_dungy,
2006,JAX,17,2006_17_JAX_KC,Jack Del Rio,jack_del_rio,
2006,KC,17,2006_17_JAX_KC,Herm Edwards,herm_edwards,
2006,LA,17,2006_17_STL_MIN,Scott Linehan,scott_linehan,
2006,LAC,17,2006_17_ARI_SD,Marty Schottenheimer,marty_schottenheimer,
2006,LV,17,2006_17_OAK_NYJ,Art Shell,art_shell,
2006,MIA,17,2006_17_MIA_IND,Nick Saban,nick_saban,
2006,MIN,17,2006_17_STL_MIN,Brad Childress,brad_childress,
2006,NE,17,2006_17_NE_TEN,Bill Belichick,bill_belichick,
2006,NO,17,2006_17_CAR_NO,Sean Payton,sean_payton,
2006,NYG,17,2006_17_NYG_WAS,Tom Coughlin,tom_coughlin,
2006,NYJ,17,2006_17_OAK_NYJ,Eric Mangini,eric_mangini,
2006,PHI,17,2006_17_ATL_PHI,Andy Reid,andy_reid,
2006,PIT,17,2006_17_PIT_CIN,Bill Cowher,bill_cowher,
2006,SEA,17,2006_17_SEA_TB,Mike Holmgren,mike_holmgren,
2006,SF,17,2006_17_SF_DEN,Mike Nolan,mike_nolan,
2006,TB,17,2006_17_SEA_TB,Jon Gruden,jon_gruden,
2006,TEN,17,2006_17_NE_TEN,Jeff Fisher,jeff_fisher,
2006,WAS,17,2006_17_NYG_WAS,Joe Gibbs,joe_gibbs,
2007,ARI,1,2007_01_ARI_SF,Ken Whisenhunt,ken_whisenhunt,
2007,ATL,1,2007_01_ATL_MIN,Bobby Petrino,bobby_petrino,
2007,BAL,1,2007_01_BAL_CIN,Brian Billick,brian_billick,
2007,BUF,1,2007_01_DEN_BUF,Dick Jauron,dick_jauron,
2007,CAR,1,2007_01_CAR_STL,John Fox,john_fox,
2007,CHI,1,2007_01_CHI_SD,Lovie Smith,lovie_smith,
2007,CIN,1,2007_01_BAL_CIN,Marvin Lewis,marvin_lewis,
2007,CLE,1,2007_01_PIT_CLE,Romeo Crennel,romeo_crennel,
2007,DAL,1,2007_01_NYG_DAL,Wade Phillips,wade_phillips,
2007,DEN,1,2007_01_DEN_BUF,Mike Shanahan,mike_shanahan,
2007,DET,1,2007_01_DET_OAK,Rod Marinelli,rod_marinelli,
2007,GB,1,2007_01_PHI_GB,Mike McCarthy,mike_mccarthy,
2007,HOU,1,2007_01_KC_HOU,Gary Kubiak,gary_kubiak,
2007,IND,1,2007_01_NO_IND,Tony Dungy,tony_dungy,
2007,JAX,1,2007_01_TEN_JAX,Jack Del Rio,jack_del_rio,
2007,KC,1,2007_01_KC_HOU,Herm Edwards,herm_edwards,
2007,LA,1,2007_01_CAR_STL,Scott Linehan,scott_linehan,
2007,LAC,1,2007_01_CHI_SD,Norv Turner,norv_turner,
2007,LV,1,2007_01_DET_OAK,Lane Kiffin,lane_kiffin,
2007,MIA,1,2007_01_MIA_WAS,Cam Cameron,cam_cameron,
2007,MIN,1,2007_01_ATL_MIN,Brad Childress,brad_childress,
2007,NE,1,2007_01_NE_NYJ,Bill Belichick,bill_belichick,
2007,NO,1,2007_01_NO_IND,Sean Payton,sean_payton,
2007,NYG,1,2007_01_NYG_DAL,Tom Coughlin,tom_coughlin,
2007,NYJ,1,2007_01_NE_NYJ,Eric Mangini,eric_mangini,
2007,PHI,1,2007_01_PHI_GB,Andy Reid,andy_reid,
2007,PIT,1,2007_01_PIT_CLE,Mike Tomlin,mike_tomlin,
2007,SEA,1,2007_01_TB_SEA,Mike Holmgren,mike_holmgren,
2007,SF,1,2007_01_ARI_SF,Mike Nolan,mike_nolan,
2007,TB,1,2007_01_TB_SEA,Jon Gruden,jon_gruden,
2007,TEN,1,2007_01_TEN_JAX,Jeff Fisher,jeff_fisher,
2007,WAS,1,2007_01_MIA_WAS,Joe Gibbs,joe_gibbs,
2007,ARI,2,2007_02_SEA_ARI,Ken Whisenhunt,ken_whisenhunt,
2007,ATL,2,2007_02_ATL_JAX,Bobby Petrino,bobby_petrino,
2007,BAL,2,2007_02_NYJ_BAL,Brian Billick,brian_billick,
2007,BUF,2,2007_02_BUF_PIT,Dick Jauron,dick_jauron,
2007,CAR,2,2007_02_HOU_CAR,John Fox,john_fox,
2007,CHI,2,2007_02_KC_CHI,Lovie Smith,lovie_smith,
2007,CIN,2,2007_02_CIN_CLE,Marvin Lewis,marvin_lewis,
2007,CLE,2,2007_02_CIN_CLE,Romeo Crennel,romeo_crennel,
2007,DAL,2,2007_02_DAL_MIA,Wade Phillips,wade_phillips,
2007,DEN,2,2007_02_OAK_DEN,Mike Shanahan,mike_shanahan,
2007,DET,2,2007_02_MIN_DET,Rod Marinelli,rod_marinelli,
2007,GB,2,2007_02_GB_NYG,Mike McCarthy,mike_mccarthy,
2007,HOU,2,2007_02_HOU_CAR,Gary Kubiak,gary_kubiak,
2007,IND,2,2007_02_IND_TEN,Tony Dungy,tony_dungy,
2007,JAX,2,2007_02_ATL_JAX,Jack Del Rio,jack_del_rio,
2007,KC,2,2007_02_KC_CHI,Herm Edwards,herm_edwards,
2007,LA,2,2007_02_SF_STL,Scott Linehan,scott_linehan,
2007,LAC,2,2007_02_SD_NE,Norv Turner,norv_turner,
2007,LV,2,2007_02_OAK_DEN,Lane Kiffin,lane_kiffin,
2007,MIA,2,2007_02_DAL_MIA,Cam Cameron,cam_cameron,
2007,MIN,2,2007_02_MIN_DET,Brad Childress,brad_childress,
2007,NE,2,2007_02_SD_NE,Bill Belichick,bill_belichick,
2007,NO,2,2007_02_NO_TB,Sean Payton,sean_payton,
2007,NYG,2,2007_02_GB_NYG,Tom Coughlin,tom_coughlin,
2007,NYJ,2,2007_02_NYJ_BAL,Eric Mangini,eric_mangini,
2007,PHI,2,2007_02_WAS_PHI,Andy Reid,andy_reid,
2007,PIT,2,2007_02_BUF_PIT,Mike Tomlin,mike_tomlin,
2007,SEA,2,2007_02_SEA_ARI,Mike Holmgren,mike_holmgren,
2007,SF,2,2007_02_SF_STL,Mike Nolan,mike_nolan,
2007,TB,2,2007_02_NO_TB,Jon Gruden,jon_gruden,
2007,TEN,2,2007_02_IND_TEN,Jeff Fisher,jeff_fisher,
2007,WAS,2,2007_02_WAS_PHI,Joe Gibbs,joe_gibbs,
2007,ARI,3,2007_03_ARI_BAL,Ken Whisenhunt,ken_whisenhunt,
2007,ATL,3,2007_03_CAR_ATL,Bobby Petrino,bobby_petrino,
2007,BAL,3,2007_03_ARI_BAL,Brian Billick,brian_billick,
2007,BUF,3,2007_03_BUF_NE,Dick Jauron,dick_jauron,
2007,CAR,3,2007_03_CAR_ATL,John Fox,john_fox,
2007,CHI,3,2007_03_DAL_CHI,Lovie Smith,lovie_smith,
2007,CIN,3,2007_03_CIN_SEA,Marvin Lewis,marvin_lewis,
2007,CLE,3,2007_03_CLE_OAK,Romeo Crennel,romeo_crennel,
2007,DAL,3,2007_03_DAL_CHI,Wade Phillips,wade_phillips,
2007,DEN,3,2007_03_JAX_DEN,Mike Shanahan,mike_shanahan,
2007,DET,3,2007_03_DET_PHI,Rod Marinelli,rod_marinelli,
2007,GB,3,2007_03_SD_GB,Mike McCarthy,mike_mccarthy,
2007,HOU,3,2007_03_IND_HOU,Gary Kubiak,gary_kubiak,
2007,IND,3,2007_03_IND_HOU,Tony Dungy,tony_dungy,
2007,JAX,3,2007_03_JAX_DEN,Jack Del Rio,jack_del_rio,
2007,KC,3,2007_03_MIN_KC,Herm Edwards,herm_edwards,
2007,LA,3,2007_03_STL_TB,Scott Linehan,scott_linehan,
2007,LAC,3,2007_03_SD_GB,Norv Turner,norv_turner,
2007,LV,3,2007_03_CLE_OAK,Lane Kiffin,lane_kiffin,
2007,MIA,3,2007_03_MIA_NYJ,Cam Cameron,cam_cameron,
2007,MIN,3,2007_03_MIN_KC,Brad Childress,brad_childress,
2007,NE,3,2007_03_BUF_NE,Bill Belichick,bill_belichick,
2007,NO,3,2007_03_TEN_NO,Sean Payton,sean_payton,
2007,NYG,3,2007_03_NYG_WAS,Tom Coughlin,tom_coughlin,
2007,NYJ,3,2007_03_MIA_NYJ,Eric Mangini,eric_mangini,
2007,PHI,3,2007_03_DET_PHI,Andy Reid,andy_reid,
2007,PIT,3,2007_03_SF_PIT,Mike Tomlin,mike_tomlin,
2007,SEA,3,2007_03_CIN_SEA,Mike Holmgren,mike_holmgren,
2007,SF,3,2007_03_SF_PIT,Mike Nolan,mike_nolan,
2007,TB,3,2007_03_STL_TB,Jon Gruden,jon_gruden,
2007,TEN,3,2007_03_TEN_NO,Jeff Fisher,jeff_fisher,
2007,WAS,3,2007_03_NYG_WAS,Joe Gibbs,joe_gibbs,
2007,ARI,4,2007_04_PIT_ARI,Ken Whisenhunt,ken_whisenhunt,
2007,ATL,4,2007_04_HOU_ATL,Bobby Petrino,bobby_petrino,
2007,BAL,4,2007_04_BAL_CLE,Brian Billick,brian_billick,
2007,BUF,4,2007_04_NYJ_BUF,Dick Jauron,dick_jauron,
2007,CAR,4,2007_04_TB_CAR,John Fox,john_fox,
2007,CHI,4,2007_04_CHI_DET,Lovie Smith,lovie_smith,
2007,CIN,4,2007_04_NE_CIN,Marvin Lewis,marvin_lewis,
2007,CLE,4,2007_04_BAL_CLE,Romeo Crennel,romeo_crennel,
2007,DAL,4,2007_04_STL_DAL,Wade Phillips,wade_phillips,
2007,DEN,4,2007_04_DEN_IND,Mike Shanahan,mike_shanahan,
2007,DET,4,2007_04_CHI_DET,Rod Marinelli,rod_marinelli,
2007,GB,4,2007_04_GB_MIN,Mike McCarthy,mike_mccarthy,
2007,HOU,4,2007_04_HOU_ATL,Gary Kubiak,gary_kubiak,
2007,IND,4,2007_04_DEN_IND,Tony Dungy,tony_dungy,
2007,KC,4,2007_04_KC_SD,Herm Edwards,herm_edwards,
2007,LA,4,2007_04_STL_DAL,Scott Linehan,scott_linehan,
2007,LAC,4,2007_04_KC_SD,Norv Turner,norv_turner,
2007,LV,4,2007_04_OAK_MIA,Lane Kiffin,lane_kiffin,
2007,MIA,4,2007_04_OAK_MIA,Cam Cameron,cam_cameron,
2007,MIN,4,2007_04_GB_MIN,Brad Childress,brad_childress,
2007,NE,4,2007_04_NE_CIN,Bill Belichick,bill_belichick,
2007,NYG,4,2007_04_PHI_NYG,Tom Coughlin,tom_coughlin,
2007,NYJ,4,2007_04_NYJ_BUF,Eric Mangini,eric_mangini,
2007,PHI,4,2007_04_PHI_NYG,Andy Reid,andy_reid,
2007,PIT,4,2007_04_PIT_ARI,Mike Tomlin,mike_tomlin,
2007,SEA,4,2007_04_SEA_SF,Mike Holmgren,mike_holmgren,
2007,SF,4,2007_04_SEA_SF,Mike Nolan,mike_nolan,
2007,TB,4,2007_04_TB_CAR,Jon Gruden,jon_gruden,
2007,ARI,5,2007_05_ARI_STL,Ken Whisenhunt,ken_whisenhunt,
2007,ATL,5,2007_05_ATL_TEN,Bobby Petrino,bobby_petrino,
2007,BAL,5,2007_05_BAL_SF,Brian Billick,brian_billick,
2007,BUF,5,2007_05_DAL_BUF,Dick Jauron,dick_jauron,
2007,CAR,5,2007_05_CAR_NO,John Fox,john_fox,
2007,CHI,5,2007_05_CHI_GB,Lovie Smith,lovie_smith,
2007,CLE,5,2007_05_CLE_NE,Romeo Crennel,romeo_crennel,
2007,DAL,5,2007_05_DAL_BUF,Wade Phillips,wade_phillips,
2007,DEN,5,2007_05_SD_DEN,Mike Shanahan,mike_shanahan,
2007,DET,5,2007_05_DET_WAS,Rod Marinelli,rod_marinelli,
2007,GB,5,2007_05_CHI_GB,Mike McCarthy,mike_mccarthy,
2007,HOU,5,2007_05_MIA_HOU,Gary Kubiak,gary_kubiak,
2007,IND,5,2007_05_TB_IND,Tony Dungy,tony_dungy,
2007,JAX,5,2007_05_JAX_KC,Jack Del Rio,jack_del_rio,
2007,KC,5,2007_05_JAX_KC,Herm Edwards,herm_edwards,
2007,LA,5,2007_05_ARI_STL,Scott Linehan,scott_linehan,
2007,LAC,5,2007_05_SD_DEN,Norv Turner,norv_turner,
2007,MIA,5,2007_05_MIA_HOU,Cam Cameron,cam_cameron,
2007,NE,5,2007_05_CLE_NE,Bill Belichick,bill_belichick,
2007,NO,5,2007_05_CAR_NO,Sean Payton,sean_payton,
2007,NYG,5,2007_05_NYJ_NYG,Tom Coughlin,tom_coughlin,
2007,NYJ,5,2007_05_NYJ_NYG,Eric Mangini,eric_mangini,
2007,PIT,5,2007_05_SEA_PIT,Mike Tomlin,mike_tomlin,
2007,SEA,5,2007_05_SEA_PIT,Mike Holmgren,mike_holmgren,
2007,SF,5,2007_05_BAL_SF,Mike Nolan,mike_nolan,
2007,TB,5,2007_05_TB_IND,Jon Gruden,jon_gruden,
2007,TEN,5,2007_05_ATL_TEN,Jeff Fisher,jeff_fisher,
2007,WAS,5,2007_05_DET_WAS,Joe Gibbs,joe_gibbs,
2007,ARI,6,2007_06_CAR_ARI,Ken Whisenhunt,ken_whisenhunt,
2007,ATL,6,2007_06_NYG_ATL,Bobby Petrino,bobby_petrino,
2007,BAL,6,2007_06_STL_BAL,Brian Billick,brian_billick,
2007,CAR,6,2007_06_CAR_ARI,John Fox,john_fox,
2007,CHI,6,2007_06_MIN_CHI,Lovie Smith,lovie_smith,
2007,CIN,6,2007_06_CIN_KC,Marvin Lewis,marvin_lewis,
2007,CLE,6,2007_06_MIA_CLE,Romeo Crennel,romeo_crennel,
2007,DAL,6,2007_06_NE_DAL,Wade Phillips,wade_phillips,
2007,GB,6,2007_06_WAS_GB,Mike McCarthy,mike_mccarthy,
2007,HOU,6,2007_06_HOU_JAX,Gary Kubiak,gary_kubiak,
2007,JAX,6,2007_06_HOU_JAX,Jack Del Rio,jack_del_rio,
2007,KC,6,2007_06_CIN_KC,Herm Edwards,herm_edwards,
2007,LA,6,2007_06_STL_BAL,Scott Linehan,scott_linehan,
2007,LAC,6,2007_06_OAK_SD,Norv Turner,norv_turner,
2007,LV,6,2007_06_OAK_SD,Lane Kiffin,lane_kiffin,
2007,MIA,6,2007_06_MIA_CLE,Cam Cameron,cam_cameron,
2007,MIN,6,2007_06_MIN_CHI,Brad Childress,brad_childress,
2007,NE,6,2007_06_NE_DAL,Bill Belichick,bill_belichick,
2007,NO,6,2007_06_NO_SEA,Sean Payton,sean_payton,
2007,NYG,6,2007_06_NYG_ATL,Tom Coughlin,tom_coughlin,
2007,NYJ,6,2007_06_PHI_NYJ,Eric Mangini,eric_mangini,
2007,PHI,6,2007_06_PHI_NYJ,Andy Reid,andy_reid,
2007,SEA,6,2007_06_NO_SEA,Mike Holmgren,mike_holmgren,
2007,TB,6,2007_06_TEN_TB,Jon Gruden,jon_gruden,
2007,TEN,6,2007_06_TEN_TB,Jeff Fisher,jeff_fisher,
2007,WAS,6,2007_06_WAS_GB,Joe Gibbs,joe_gibbs,
2007,ARI,7,2007_07_ARI_WAS,Ken Whisenhunt,ken_whisenhunt,
2007,ATL,7,2007_07_ATL_NO,Bobby Petrino,bobby_petrino,
2007,BAL,7,2007_07_BAL_BUF,Brian Billick,brian_billick,
2007,BUF,7,2007_07_BAL_BUF,Dick Jauron,dick_jauron,
2007,CHI,7,2007_07_CHI_PHI,Lovie Smith,lovie_smith,
2007,CIN,7,2007_07_NYJ_CIN,Marvin Lewis,marvin_lewis,
2007,DAL,7,2007_07_MIN_DAL,Wade Phillips,wade_phillips,
2007,DEN,7,2007_07_PIT_DEN,Mike Shanahan,mike_shanahan,
2007,DET,7,2007_07_TB_DET,Rod Marinelli,rod_marinelli,
2007,HOU,7,2007_07_TEN_HOU,Gary Kubiak,gary_kubiak,
2007,IND,7,2007_07_IND_JAX,Tony Dungy,tony_dungy,
2007,JAX,7,2007_07_IND_JAX,Jack Del Rio,jack_del_rio,
2007,KC,7,2007_07_KC_OAK,Herm Edwards,herm_edwards,
2007,LA,7,2007_07_STL_SEA,Scott Linehan,scott_linehan,
2007,LV,7,2007_07_KC_OAK,Lane Kiffin,lane_kiffin,
2007,MIA,7,2007_07_NE_MIA,Cam Cameron,cam_cameron,
2007,MIN,7,2007_07_MIN_DAL,Brad Childress,brad_childress,
2007,NE,7,2007_07_NE_MIA,Bill Belichick,bill_belichick,
2007,NO,7,2007_07_ATL_NO,Sean Payton,sean_payton,
2007,NYG,7,2007_07_SF_NYG,Tom Coughlin,tom_coughlin,
2007,NYJ,7,2007_07_NYJ_CIN,Eric Mangini,eric_mangini,
2007,PHI,7,2007_07_CHI_PHI,Andy Reid,andy_reid,
2007,PIT,7,2007_07_PIT_DEN,Mike Tomlin,mike_tomlin,
2007,SEA,7,2007_07_STL_SEA,Mike Holmgren,mike_holmgren,
2007,SF,7,2007_07_SF_NYG,Mike Nolan,mike_nolan,
2007,TB,7,2007_07_TB_DET,Jon Gruden,jon_gruden,
2007,TEN,7,2007_07_TEN_HOU,Jeff Fisher,jeff_fisher,
2007,WAS,7,2007_07_ARI_WAS,Joe Gibbs,joe_gibbs,
2007,BUF,8,2007_08_BUF_NYJ,Dick Jauron,dick_jauron,
2007,CAR,8,2007_08_IND_CAR,John Fox,john_fox,
2007,CHI,8,2007_08_DET_CHI,Lovie Smith,lovie_smith,
2007,CIN,8,2007_08_PIT_CIN,Marvin Lewis,marvin_lewis,
2007,CLE,8,2007_08_CLE_STL,Romeo Crennel,romeo_crennel,
2007,DEN,8,2007_08_GB_DEN,Mike Shanahan,mike_shanahan,
2007,DET,8,2007_08_DET_CHI,Rod Marinelli,rod_marinelli,
2007,GB,8,2007_08_GB_DEN,Mike McCarthy,mike_mccarthy,
2007,HOU,8,2007_08_HOU_SD,Gary Kubiak,gary_kubiak,
2007,IND,8,2007_08_IND_CAR,Tony Dungy,tony_dungy,
2007,JAX,8,2007_08_JAX_TB,Jack Del Rio,jack_del_rio,
2007,LA,8,2007_08_CLE_STL,Scott Linehan,scott_linehan,
2007,LAC,8,2007_08_HOU_SD,Norv Turner,norv_turner,
2007,LV,8,2007_08_OAK_TEN,Lane Kiffin,lane_kiffin,
2007,MIA,8,2007_08_NYG_MIA,Cam Cameron,cam_cameron,
2007,MIN,8,2007_08_PHI_MIN,Brad Childress,brad_childress,
2007,NE,8,2007_08_WAS_NE,Bill Belichick,bill_belichick,
2007,NO,8,2007_08_NO_SF,Sean Payton,sean_payton,
2007,NYG,8,2007_08_NYG_MIA,Tom Coughlin,tom_coughlin,
2007,NYJ,8,2007_08_BUF_NYJ,Eric Mangini,eric_mangini,
2007,PHI,8,2007_08_PHI_MIN,Andy Reid,andy_reid,
2007,PIT,8,2007_08_PIT_CIN,Mike Tomlin,mike_tomlin,
2007,SF,8,2007_08_NO_SF,Mike Nolan,mike_nolan,
2007,TB,8,2007_08_JAX_TB,Jon Gruden,jon_gruden,
2007,TEN,8,2007_08_OAK_TEN,Jeff Fisher,jeff_fisher,
2007,WAS,8,2007_08_WAS_NE,Joe Gibbs,joe_gibbs,
2007,ARI,9,2007_09_ARI_TB,Ken Whisenhunt,ken_whisenhunt,
2007,ATL,9,2007_09_SF_ATL,Bobby Petrino,bobby_petrino,
2007,BAL,9,2007_09_BAL_PIT,Brian Billick,brian_billick,
2007,BUF,9,2007_09_CIN_BUF,Dick Jauron,dick_jauron,
2007,CAR,9,2007_09_CAR_TEN,John Fox,john_fox,
2007,CIN,9,2007_09_CIN_BUF,Marvin Lewis,marvin_lewis,
2007,CLE,9,2007_09_SEA_CLE,Romeo Crennel,romeo_crennel,
2007,DAL,9,2007_09_DAL_PHI,Wade Phillips,wade_phillips,
2007,DEN,9,2007_09_DEN_DET,Mike Shanahan,mike_shanahan,
2007,DET,9,2007_09_DEN_DET,Rod Marinelli,rod_marinelli,
2007,GB,9,2007_09_GB_KC,Mike McCarthy,mike_mccarthy,
2007,HOU,9,2007_09_HOU_OAK,Gary Kubiak,gary_kubiak,
2007,IND,9,2007_09_NE_IND,Tony Dungy,tony_dungy,
2007,JAX,9,2007_09_JAX_NO,Jack Del Rio,jack_del_rio,
2007,KC,9,2007_09_GB_KC,Herm Edwards,herm_edwards,
2007,LAC,9,2007_09_SD_MIN,Norv Turner,norv_turner,
2007,LV,9,2007_09_HOU_OAK,Lane Kiffin,lane_kiffin,
2007,MIN,9,2007_09_SD_MIN,Brad Childress,brad_childress,
2007,NE,9,2007_09_NE_IND,Bill Belichick,bill_belichick,
2007,NO,9,2007_09_JAX_NO,Sean Payton,sean_payton,
2007,NYJ,9,2007_09_WAS_NYJ,Eric Mangini,eric_mangini,
2007,PHI,9,2007_09_DAL_PHI,Andy Reid,andy_reid,
2007,PIT,9,2007_09_BAL_PIT,Mike Tomlin,mike_tomlin,
2007,SEA,9,2007_09_SEA_CLE,Mike Holmgren,mike_holmgren,
2007,SF,9,2007_09_SF_ATL,Mike Nolan,mike_nolan,
2007,TB,9,2007_09_ARI_TB,Jon Gruden,jon_gruden,
2007,TEN,9,2007_09_CAR_TEN,Jeff Fisher,jeff_fisher,
2007,WAS,9,2007_09_WAS_NYJ,Joe Gibbs,joe_gibbs,
2007,ARI,10,2007_10_DET_ARI,Ken Whisenhunt,ken_whisenhunt,
2007,ATL,10,2007_10_ATL_CAR,Bobby Petrino,bobby_petrino,
2007,BAL,10,2007_10_CIN_BAL,Brian Billick,brian_billick,
2007,BUF,10,2007_10_BUF_MIA,Dick Jauron,dick_jauron,
2007,CAR,10,2007_10_ATL_CAR,John Fox,john_fox,
2007,CHI,10,2007_10_CHI_OAK,Lovie Smith,lovie_smith,
2007,CIN,10,2007_10_CIN_BAL,Marvin Lewis,marvin_lewis,
2007,CLE,10,2007_10_CLE_PIT,Romeo Crennel,romeo_crennel,
2007,DAL,10,2007_10_DAL_NYG,Wade Phillips,wade_phillips,
2007,DEN,10,2007_10_DEN_KC,Mike Shanahan,mike_shanahan,
2007,DET,10,2007_10_DET_ARI,Rod Marinelli,rod_marinelli,
2007,GB,10,2007_10_MIN_GB,Mike McCarthy,mike_mccarthy,
2007,IND,10,2007_10_IND_SD,Tony Dungy,tony_dungy,
2007,JAX,10,2007_10_JAX_TEN,Jack Del Rio,jack_del_rio,
2007,KC,10,2007_10_DEN_KC,Herm Edwards,herm_edwards,
2007,LA,10,2007_10_STL_NO,Scott Linehan,scott_linehan,
2007,LAC,10,2007_10_IND_SD,Norv Turner,norv_turner,
2007,LV,10,2007_10_CHI_OAK,Lane Kiffin,lane_kiffin,
2007,MIA,10,2007_10_BUF_MIA,Cam Cameron,cam_cameron,
2007,MIN,10,2007_10_MIN_GB,Brad Childress,brad_childress,
2007,NO,10,2007_10_STL_NO,Sean Payton,sean_payton,
2007,NYG,10,2007_10_DAL_NYG,Tom Coughlin,tom_coughlin,
2007,PHI,10,2007_10_PHI_WAS,Andy Reid,andy_reid,
2007,PIT,10,2007_10_CLE_PIT,Mike Tomlin,mike_tomlin,
2007,SEA,10,2007_10_SF_SEA,Mike Holmgren,mike_holmgren,
2007,SF,10,2007_10_SF_SEA,Mike Nolan,mike_nolan,
2007,TEN,10,2007_10_JAX_TEN,Jeff Fisher,jeff_fisher,
2007,WAS,10,2007_10_PHI_WAS,Joe Gibbs,joe_gibbs,
2007,ARI,11,2007_11_ARI_CIN,Ken Whisenhunt,ken_whisenhunt,
2007,ATL,11,2007_11_TB_ATL,Bobby Petrino,bobby_petrino,
2007,BAL,11,2007_11_CLE_BAL,Brian Billick,brian_billick,
2007,BUF,11,2007_11_NE_BUF,Dick Jauron,dick_jauron,
2007,CAR,11,2007_11_CAR_GB,John Fox,john_fox,
2007,CHI,11,2007_11_CHI_SEA,Lovie Smith,lovie_smith,
2007,CIN,11,2007_11_ARI_CIN,Marvin Lewis,marvin_lewis,
2007,CLE,11,2007_11_CLE_BAL,Romeo Crennel,romeo_crennel,
2007,DAL,11,2007_11_WAS_DAL,Wade Phillips,wade_phillips,
2007,DEN,11,2007_11_TEN_DEN,Mike Shanahan,mike_shanahan,
2007,DET,11,2007_11_NYG_DET,Rod Marinelli,rod_marinelli,
2007,GB,11,2007_11_CAR_GB,Mike McCarthy,mike_mccarthy,
2007,HOU,11,2007_11_NO_HOU,Gary Kubiak,gary_kubiak,
2007,IND,11,2007_11_KC_IND,Tony Dungy,tony_dungy,
2007,JAX,11,2007_11_SD_JAX,Jack Del Rio,jack_del_rio,
2007,KC,11,2007_11_KC_IND,Herm Edwards,herm_edwards,
2007,LA,11,2007_11_STL_SF,Scott Linehan,scott_linehan,
2007,LAC,11,2007_11_SD_JAX,Norv Turner,norv_turner,
2007,LV,11,2007_11_OAK_MIN,Lane Kiffin,lane_kiffin,
2007,MIA,11,2007_11_MIA_PHI,Cam Cameron,cam_cameron,
2007,MIN,11,2007_11_OAK_MIN,Brad Childress,brad_childress,
2007,NE,11,2007_11_NE_BUF,Bill Belichick,bill_belichick,
2007,NO,11,2007_11_NO_HOU,Sean Payton,sean_payton,
2007,NYG,11,2007_11_NYG_DET,Tom Coughlin,tom_coughlin,
2007,NYJ,11,2007_11_PIT_NYJ,Eric Mangini,eric_mangini,
2007,PHI,11,2007_11_MIA_PHI,Andy Reid,andy_reid,
2007,PIT,11,2007_11_PIT_NYJ,Mike Tomlin,mike_tomlin,
2007,SEA,11,2007_11_CHI_SEA,Mike Holmgren,mike_holmgren,
2007,SF,11,2007_11_STL_SF,Mike Nolan,mike_nolan,
2007,TB,11,2007_11_TB_ATL,Jon Gruden,jon_gruden,
2007,TEN,11,2007_11_TEN_DEN,Jeff Fisher,jeff_fisher,
2007,WAS,11,2007_11_WAS_DAL,Joe Gibbs,joe_gibbs,
2007,ARI,12,2007_12_SF_ARI,Ken Whisenhunt,ken_whisenhunt,
2007,ATL,12,2007_12_IND_ATL,Bobby Petrino,bobby_petrino,
2007,BAL,12,2007_12_BAL_SD,Brian Billick,brian_billick,
2007,BUF,12,2007_12_BUF_JAX,Dick Jauron,dick_jauron,
2007,CAR,12,2007_12_NO_CAR,John Fox,john_fox,
2007,CHI,12,2007_12_DEN_CHI,Lovie Smith,lovie_smith,
2007,CIN,12,2007_12_TEN_CIN,Marvin Lewis,marvin_lewis,
2007,CLE,12,2007_12_HOU_CLE,Romeo Crennel,romeo_crennel,
2007,DAL,12,2007_12_NYJ_DAL,Wade Phillips,wade_phillips,
2007,DEN,12,2007_12_DEN_CHI,Mike Shanahan,mike_shanahan,
2007,DET,12,2007_12_GB_DET,Rod Marinelli,rod_marinelli,
2007,GB,12,2007_12_GB_DET,Mike McCarthy,mike_mccarthy,
2007,HOU,12,2007_12_HOU_CLE,Gary Kubiak,gary_kubiak,
2007,IND,12,2007_12_IND_ATL,Tony Dungy,tony_dungy,
2007,JAX,12,2007_12_BUF_JAX,Jack Del Rio,jack_del_rio,
2007,KC,12,2007_12_OAK_KC,Herm Edwards,herm_edwards,
2007,LA,12,2007_12_SEA_STL,Scott Linehan,scott_linehan,
2007,LAC,12,2007_12_BAL_SD,Norv Turner,norv_turner,
2007,LV,12,2007_12_OAK_KC,Lane Kiffin,lane_kiffin,
2007,MIA,12,2007_12_MIA_PIT,Cam Cameron,cam_cameron,
2007,MIN,12,2007_12_MIN_NYG,Brad Childress,brad_childress,
2007,NE,12,2007_12_PHI_NE,Bill Belichick,bill_belichick,
2007,NO,12,2007_12_NO_CAR,Sean Payton,sean_payton,
2007,NYG,12,2007_12_MIN_NYG,Tom Coughlin,tom_coughlin,
2007,NYJ,12,2007_12_NYJ_DAL,Eric Mangini,eric_mangini,
2007,PHI,12,2007_12_PHI_NE,Andy Reid,andy_reid,
2007,PIT,12,2007_12_MIA_PIT,Mike Tomlin,mike_tomlin,
2007,SEA,12,2007_12_SEA_STL,Mike Holmgren,mike_holmgren,
2007,SF,12,2007_12_SF_ARI,Mike Nolan,mike_nolan,
2007,TB,12,2007_12_WAS_TB,Jon Gruden,jon_gruden,
2007,TEN,12,2007_12_TEN_CIN,Jeff Fisher,jeff_fisher,
2007,WAS,12,2007_12_WAS_TB,Joe Gibbs,joe_gibbs,
2007,ARI,13,2007_13_CLE_ARI,Ken Whisenhunt,ken_whisenhunt,
2007,ATL,13,2007_13_ATL_STL,Bobby Petrino,bobby_petrino,
2007,BAL,13,2007_13_NE_BAL,Brian Billick,brian_billick,
2007,BUF,13,2007_13_BUF_WAS,Dick Jauron,dick_jauron,
2007,CAR,13,2007_13_SF_CAR,John Fox,john_fox,
2007,CHI,13,2007_13_NYG_CHI,Lovie Smith,lovie_smith,
2007,CIN,13,2007_13_CIN_PIT,Marvin Lewis,marvin_lewis,
2007,CLE,13,2007_13_CLE_ARI,Romeo Crennel,romeo_crennel,
2007,DAL,13,2007_13_GB_DAL,Wade Phillips,wade_phillips,
2007,DEN,13,2007_13_DEN_OAK,Mike Shanahan,mike_shanahan,
2007,DET,13,2007_13_DET_MIN,Rod Marinelli,rod_marinelli,
2007,GB,13,2007_13_GB_DAL,Mike McCarthy,mike_mccarthy,
2007,HOU,13,2007_13_HOU_TEN,Gary Kubiak,gary_kubiak,
2007,IND,13,2007_13_JAX_IND,Tony Dungy,tony_dungy,
2007,JAX,13,2007_13_JAX_IND,Jack Del Rio,jack_del_rio,
2007,KC,13,2007_13_SD_KC,Herm Edwards,herm_edwards,
2007,LA,13,2007_13_ATL_STL,Scott Linehan,scott_linehan,
2007,LAC,13,2007_13_SD_KC,Norv Turner,norv_turner,
2007,LV,13,2007_13_DEN_OAK,Lane Kiffin,lane_kiffin,
2007,MIA,13,2007_13_NYJ_MIA,Cam Cameron,cam_cameron,
2007,MIN,13,2007_13_DET_MIN,Brad Childress,brad_childress,
2007,NE,13,2007_13_NE_BAL,Bill Belichick,bill_belichick,
2007,NO,13,2007_13_TB_NO,Sean Payton,sean_payton,
2007,NYG,13,2007_13_NYG_CHI,Tom Coughlin,tom_coughlin,
2007,NYJ,13,2007_13_NYJ_MIA,Eric Mangini,eric_mangini,
2007,PHI,13,2007_13_SEA_PHI,Andy Reid,andy_reid,
2007,PIT,13,2007_13_CIN_PIT,Mike Tomlin,mike_tomlin,
2007,SEA,13,2007_13_SEA_PHI,Mike Holmgren,mike_holmgren,
2007,SF,13,2007_13_SF_CAR,Mike Nolan,mike_nolan,
2007,TB,13,2007_13_TB_NO,Jon Gruden,jon_gruden,
2007,TEN,13,2007_13_HOU_TEN,Jeff Fisher,jeff_fisher,
2007,WAS,13,2007_13_BUF_WAS,Joe Gibbs,joe_gibbs,
2007,ARI,14,2007_14_ARI_SEA,Ken Whisenhunt,ken_whisenhunt,
2007,ATL,14,2007_14_NO_ATL,Emmitt Thomas,emmitt_thomas,
2007,BAL,14,2007_14_IND_BAL,Brian Billick,brian_billick,
2007,BUF,14,2007_14_MIA_BUF,Dick Jauron,dick_jauron,
2007,CAR,14,2007_14_CAR_JAX,John Fox,john_fox,
2007,CHI,14,2007_14_CHI_WAS,Lovie Smith,lovie_smith,
2007,CIN,14,2007_14_STL_CIN,Marvin Lewis,marvin_lewis,
2007,CLE,14,2007_14_CLE_NYJ,Romeo Crennel,romeo_crennel,
2007,DAL,14,2007_14_DAL_DET,Wade Phillips,wade_phillips,
2007,DEN,14,2007_14_KC_DEN,Mike Shanahan,mike_shanahan,
2007,DET,14,2007_14_DAL_DET,Rod Marinelli,rod_marinelli,
2007,GB,14,2007_14_OAK_GB,Mike McCarthy,mike_mccarthy,
2007,HOU,14,2007_14_TB_HOU,Gary Kubiak,gary_kubiak,
2007,IND,14,2007_14_IND_BAL,Tony Dungy,tony_dungy,
2007,JAX,14,2007_14_CAR_JAX,Jack Del Rio,jack_del_rio,
2007,KC,14,2007_14_KC_DEN,Herm Edwards,herm_edwards,
2007,LA,14,2007_14_STL_CIN,Scott Linehan,scott_linehan,
2007,LAC,14,2007_14_SD_TEN,Norv Turner,norv_turner,
2007,LV,14,2007_14_OAK_GB,Lane Kiffin,lane_kiffin,
2007,MIA,14,2007_14_MIA_BUF,Cam Cameron,cam_cameron,
2007,MIN,14,2007_14_MIN_SF,Brad Childress,brad_childress,
2007,NE,14,2007_14_PIT_NE,Bill Belichick,bill_belichick,
2007,NO,14,2007_14_NO_ATL,Sean Payton,sean_payton,
2007,NYG,14,2007_14_NYG_PHI,Tom Coughlin,tom_coughlin,
2007,NYJ,14,2007_14_CLE_NYJ,Eric Mangini,eric_mangini,
2007,PHI,14,2007_14_NYG_PHI,Andy Reid,andy_reid,
2007,PIT,14,2007_14_PIT_NE,Mike Tomlin,mike_tomlin,
2007,SEA,14,2007_14_ARI_SEA,Mike Holmgren,mike_holmgren,
2007,SF,14,2007_14_MIN_SF,Mike Nolan,mike_nolan,
2007,TB,14,2007_14_TB_HOU,Jon Gruden,jon_gruden,
2007,TEN,14,2007_14_SD_TEN,Jeff Fisher,jeff_fisher,
2007,WAS,14,2007_14_CHI_WAS,Joe Gibbs,joe_gibbs,
2007,ARI,15,2007_15_ARI_NO,Ken Whisenhunt,ken_whisenhunt,
2007,ATL,15,2007_15_ATL_TB,Emmitt Thomas,emmitt_thomas,
2007,BAL,15,2007_15_BAL_MIA,Brian Billick,brian_billick,
2007,BUF,15,2007_15_BUF_CLE,Dick Jauron,dick_jauron,
2007,CAR,15,2007_15_SEA_CAR,John Fox,john_fox,
2007,CHI,15,2007_15_CHI_MIN,Lovie Smith,lovie_smith,
2007,CIN,15,2007_15_CIN_SF,Marvin Lewis,marvin_lewis,
2007,CLE,15,2007_15_BUF_CLE,Romeo Crennel,romeo_crennel,
2007,DAL,15,2007_15_PHI_DAL,Wade Phillips,wade_phillips,
2007,DEN,15,2007_15_DEN_HOU,Mike Shanahan,mike_shanahan,
2007,DET,15,2007_15_DET_SD,Rod Marinelli,rod_marinelli,
2007,GB,15,2007_15_GB_STL,Mike McCarthy,mike_mccarthy,
2007,HOU,15,2007_15_DEN_HOU,Gary Kubiak,gary_kubiak,
2007,IND,15,2007_15_IND_OAK,Tony Dungy,tony_dungy,
2007,JAX,15,2007_15_JAX_PIT,Jack Del Rio,jack_del_rio,
2007,KC,15,2007_15_TEN_KC,Herm Edwards,herm_edwards,
2007,LA,15,2007_15_GB_STL,Scott Linehan,scott_linehan,
2007,LAC,15,2007_15_DET_SD,Norv Turner,norv_turner,
2007,LV,15,2007_15_IND_OAK,Lane Kiffin,lane_kiffin,
2007,MIA,15,2007_15_BAL_MIA,Cam Cameron,cam_cameron,
2007,MIN,15,2007_15_CHI_MIN,Brad Childress,brad_childress,
2007,NE,15,2007_15_NYJ_NE,Bill Belichick,bill_belichick,
2007,NO,15,2007_15_ARI_NO,Sean Payton,sean_payton,
2007,NYG,15,2007_15_WAS_NYG,Tom Coughlin,tom_coughlin,
2007,NYJ,15,2007_15_NYJ_NE,Eric Mangini,eric_mangini,
2007,PHI,15,2007_15_PHI_DAL,Andy Reid,andy_reid,
2007,PIT,15,2007_15_JAX_PIT,Mike Tomlin,mike_tomlin,
2007,SEA,15,2007_15_SEA_CAR,Mike Holmgren,mike_holmgren,
2007,SF,15,2007_15_CIN_SF,Mike Nolan,mike_nolan,
2007,TB,15,2007_15_ATL_TB,Jon Gruden,jon_gruden,
2007,TEN,15,2007_15_TEN_KC,Jeff Fisher,jeff_fisher,
2007,WAS,15,2007_15_WAS_NYG,Joe Gibbs,joe_gibbs,
2007,ARI,16,2007_16_ATL_ARI,Ken Whisenhunt,ken_whisenhunt,
2007,ATL,16,2007_16_ATL_ARI,Emmitt Thomas,emmitt_thomas,
2007,BAL,16,2007_16_BAL_SEA,Brian Billick,brian_billick,
2007,BUF,16,2007_16_NYG_BUF,Dick Jauron,dick_jauron,
2007,CAR,16,2007_16_DAL_CAR,John Fox,john_fox,
2007,CHI,16,2007_16_GB_CHI,Lovie Smith,lovie_smith,
2007,CIN,16,2007_16_CLE_CIN,Marvin Lewis,marvin_lewis,
2007,CLE,16,2007_16_CLE_CIN,Romeo Crennel,romeo_crennel,
2007,DAL,16,2007_16_DAL_CAR,Wade Phillips,wade_phillips,
2007,DEN,16,2007_16_DEN_SD,Mike Shanahan,mike_shanahan,
2007,DET,16,2007_16_KC_DET,Rod Marinelli,rod_marinelli,
2007,GB,16,2007_16_GB_CHI,Mike McCarthy,mike_mccarthy,
2007,HOU,16,2007_16_HOU_IND,Gary Kubiak,gary_kubiak,
2007,IND,16,2007_16_HOU_IND,Tony Dungy,tony_dungy,
2007,JAX,16,2007_16_OAK_JAX,Jack Del Rio,jack_del_rio,
2007,KC,16,2007_16_KC_DET,Herm Edwards,herm_edwards,
2007,LA,16,2007_16_PIT_STL,Scott Linehan,scott_linehan,
2007,LAC,16,2007_16_DEN_SD,Norv Turner,norv_turner,
2007,LV,16,2007_16_OAK_JAX,Lane Kiffin,lane_kiffin,
2007,MIA,16,2007_16_MIA_NE,Cam Cameron,cam_cameron,
2007,MIN,16,2007_16_WAS_MIN,Brad Childress,brad_childress,
2007,NE,16,2007_16_MIA_NE,Bill Belichick,bill_belichick,
2007,NO,16,2007_16_PHI_NO,Sean Payton,sean_payton,
2007,NYG,16,2007_16_NYG_BUF,Tom Coughlin,tom_coughlin,
2007,NYJ,16,2007_16_NYJ_TEN,Eric Mangini,eric_mangini,
2007,PHI,16,2007_16_PHI_NO,Andy Reid,andy_reid,
2007,PIT,16,2007_16_PIT_STL,Mike Tomlin,mike_tomlin,
2007,SEA,16,2007_16_BAL_SEA,Mike Holmgren,mike_holmgren,
2007,SF,16,2007_16_TB_SF,Mike Nolan,mike_nolan,
2007,TB,16,2007_16_TB_SF,Jon Gruden,jon_gruden,
2007,TEN,16,2007_16_NYJ_TEN,Jeff Fisher,jeff_fisher,
2007,WAS,16,2007_16_WAS_MIN,Joe Gibbs,joe_gibbs,
2007,ARI,17,2007_17_STL_ARI,Ken Whisenhunt,ken_whisenhunt,
2007,ATL,17,2007_17_SEA_ATL,Emmitt Thomas,emmitt_thomas,
2007,BAL,17,2007_17_PIT_BAL,Brian Billick,brian_billick,
2007,BUF,17,2007_17_BUF_PHI,Dick Jauron,dick_jauron,
2007,CAR,17,2007_17_CAR_TB,John Fox,john_fox,
2007,CHI,17,2007_17_NO_CHI,Lovie Smith,lovie_smith,
2007,CIN,17,2007_17_CIN_MIA,Marvin Lewis,marvin_lewis,
2007,CLE,17,2007_17_SF_CLE,Romeo Crennel,romeo_crennel,
2007,DAL,17,2007_17_DAL_WAS,Wade Phillips,wade_phillips,
2007,DEN,17,2007_17_MIN_DEN,Mike Shanahan,mike_shanahan,
2007,DET,17,2007_17_DET_GB,Rod Marinelli,rod_marinelli,
2007,GB,17,2007_17_DET_GB,Mike McCarthy,mike_mccarthy,
2007,HOU,17,2007_17_JAX_HOU,Gary Kubiak,gary_kubiak,
2007,IND,17,2007_17_TEN_IND,Tony Dungy,tony_dungy,
2007,JAX,17,2007_17_JAX_HOU,Jack Del Rio,jack_del_rio,
2007,KC,17,2007_17_KC_NYJ,Herm Edwards,herm_edwards,
2007,LA,17,2007_17_STL_ARI,Scott Linehan,scott_linehan,
2007,LAC,17,2007_17_SD_OAK,Norv Turner,norv_turner,
2007,LV,17,2007_17_SD_OAK,Lane Kiffin,lane_kiffin,
2007,MIA,17,2007_17_CIN_MIA,Cam Cameron,cam_cameron,
2007,MIN,17,2007_17_MIN_DEN,Brad Childress,brad_childress,
2007,NE,17,2007_17_NE_NYG,Bill Belichick,bill_belichick,
2007,NO,17,2007_17_NO_CHI,Sean Payton,sean_payton,
2007,NYG,17,2007_17_NE_NYG,Tom Coughlin,tom_coughlin,
2007,NYJ,17,2007_17_KC_NYJ,Eric Mangini,eric_mangini,
2007,PHI,17,2007_17_BUF_PHI,Andy Reid,andy_reid,
2007,PIT,17,2007_17_PIT_BAL,Mike Tomlin,mike_tomlin,
2007,SEA,17,2007_17_SEA_ATL,Mike Holmgren,mike_holmgren,
2007,SF,17,2007_17_SF_CLE,Mike Nolan,mike_nolan,
2007,TB,17,2007_17_CAR_TB,Jon Gruden,jon_gruden,
2007,TEN,17,2007_17_TEN_IND,Jeff Fisher,jeff_fisher,
2007,WAS,17,2007_17_DAL_WAS,Joe Gibbs,joe_gibbs,
2008,ARI,1,2008_01_ARI_SF,Ken Whisenhunt,ken_whisenhunt,
2008,ATL,1,2008_01_DET_ATL,Mike Smith,mike_smith,
2008,BAL,1,2008_01_CIN_BAL,John Harbaugh,john_harbaugh,
2008,BUF,1,2008_01_SEA_BUF,Dick Jauron,dick_jauron,
2008,CAR,1,2008_01_CAR_SD,John Fox,john_fox,
2008,CHI,1,2008_01_CHI_IND,Lovie Smith,lovie_smith,
2008,CIN,1,2008_01_CIN_BAL,Marvin Lewis,marvin_lewis,
2008,CLE,1,2008_01_DAL_CLE,Romeo Crennel,romeo_crennel,
2008,DAL,1,2008_01_DAL_CLE,Wade Phillips,wade_phillips,
2008,DEN,1,2008_01_DEN_OAK,Mike Shanahan,mike_shanahan,
2008,DET,1,2008_01_DET_ATL,Rod Marinelli,rod_marinelli,
2008,GB,1,2008_01_MIN_GB,Mike McCarthy,mike_mccarthy,
2008,HOU,1,2008_01_HOU_PIT,Gary Kubiak,gary_kubiak,
2008,IND,1,2008_01_CHI_IND,Tony Dungy,tony_dungy,
2008,JAX,1,2008_01_JAX_TEN,Jack Del Rio,jack_del_rio,
2008,KC,1,2008_01_KC_NE,Herm Edwards,herm_edwards,
2008,LA,1,2008_01_STL_PHI,Scott Linehan,scott_linehan,
2008,LAC,1,2008_01_CAR_SD,Norv Turner,norv_turner,
2008,LV,1,2008_01_DEN_OAK,Lane Kiffin,lane_kiffin,
2008,MIA,1,2008_01_NYJ_MIA,Tony Sparano,tony_sparano,
2008,MIN,1,2008_01_MIN_GB,Brad Childress,brad_childress,
2008,NE,1,2008_01_KC_NE,Bill Belichick,bill_belichick,
2008,NO,1,2008_01_TB_NO,Sean Payton,sean_payton,
2008,NYG,1,2008_01_WAS_NYG,Tom Coughlin,tom_coughlin,
2008,NYJ,1,2008_01_NYJ_MIA,Eric Mangini,eric_mangini,
2008,PHI,1,2008_01_STL_PHI,Andy Reid,andy_reid,
2008,PIT,1,2008_01_HOU_PIT,Mike Tomlin,mike_tomlin,
2008,SEA,1,2008_01_SEA_BUF,Mike Holmgren,mike_holmgren,
2008,SF,1,2008_01_ARI_SF,Mike Nolan,mike_nolan,
2008,TB,1,2008_01_TB_NO,Jon Gruden,jon_gruden,
2008,TEN,1,2008_01_JAX_TEN,Jeff Fisher,jeff_fisher,
2008,WAS,1,2008_01_WAS_NYG,Jim Zorn,jim_zorn,
2008,ARI,2,2008_02_MIA_ARI,Ken Whisenhunt,ken_whisenhunt,
2008,ATL,2,2008_02_ATL_TB,Mike Smith,mike_smith,
2008,BUF,2,2008_02_BUF_JAX,Dick Jauron,dick_jauron,
2008,CAR,2,2008_02_CHI_CAR,John Fox,john_fox,
2008,CHI,2,2008_02_CHI_CAR,Lovie Smith,lovie_smith,
2008,CIN,2,2008_02_TEN_CIN,Marvin Lewis,marvin_lewis,
2008,CLE,2,2008_02_PIT_CLE,Romeo Crennel,romeo_crennel,
2008,DAL,2,2008_02_PHI_DAL,Wade Phillips,wade_phillips,
2008,DEN,2,2008_02_SD_DEN,Mike Shanahan,mike_shanahan,
2008,DET,2,2008_02_GB_DET,Rod Marinelli,rod_marinelli,
2008,GB,2,2008_02_GB_DET,Mike McCarthy,mike_mccarthy,
2008,IND,2,2008_02_IND_MIN,Tony Dungy,tony_dungy,
2008,JAX,2,2008_02_BUF_JAX,Jack Del Rio,jack_del_rio,
2008,KC,2,2008_02_OAK_KC,Herm Edwards,herm_edwards,
2008,LA,2,2008_02_NYG_STL,Scott Linehan,scott_linehan,
2008,LAC,2,2008_02_SD_DEN,Norv Turner,norv_turner,
2008,LV,2,2008_02_OAK_KC,Lane Kiffin,lane_kiffin,
2008,MIA,2,2008_02_MIA_ARI,Tony Sparano,tony_sparano,
2008,MIN,2,2008_02_IND_MIN,Brad Childress,brad_childress,
2008,NE,2,2008_02_NE_NYJ,Bill Belichick,bill_belichick,
2008,NO,2,2008_02_NO_WAS,Sean Payton,sean_payton,
2008,NYG,2,2008_02_NYG_STL,Tom Coughlin,tom_coughlin,
2008,NYJ,2,2008_02_NE_NYJ,Eric Mangini,eric_mangini,
2008,PHI,2,2008_02_PHI_DAL,Andy Reid,andy_reid,
2008,PIT,2,2008_02_PIT_CLE,Mike Tomlin,mike_tomlin,
2008,SEA,2,2008_02_SF_SEA,Mike Holmgren,mike_holmgren,
2008,SF,2,2008_02_SF_SEA,Mike Nolan,mike_nolan,
2008,TB,2,2008_02_ATL_TB,Jon Gruden,jon_gruden,
2008,TEN,2,2008_02_TEN_CIN,Jeff Fisher,jeff_fisher,
2008,WAS,2,2008_02_NO_WAS,Jim Zorn,jim_zorn,
2008,ARI,3,2008_03_ARI_WAS,Ken Whisenhunt,ken_whisenhunt,
2008,ATL,3,2008_03_KC_ATL,Mike Smith,mike_smith,
2008,BAL,3,2008_03_CLE_BAL,John Harbaugh,john_harbaugh,
2008,BUF,3,2008_03_OAK_BUF,Dick Jauron,dick_jauron,
2008,CAR,3,2008_03_CAR_MIN,John Fox,john_fox,
2008,CHI,3,2008_03_TB_CHI,Lovie Smith,lovie_smith,
2008,CIN,3,2008_03_CIN_NYG,Marvin Lewis,marvin_lewis,
2008,CLE,3,2008_03_CLE_BAL,Romeo Crennel,romeo_crennel,
2008,DAL,3,2008_03_DAL_GB,Wade Phillips,wade_phillips,
2008,DEN,3,2008_03_NO_DEN,Mike Shanahan,mike_shanahan,
2008,DET,3,2008_03_DET_SF,Rod Marinelli,rod_marinelli,
2008,GB,3,2008_03_DAL_GB,Mike McCarthy,mike_mccarthy,
2008,HOU,3,2008_03_HOU_TEN,Gary Kubiak,gary_kubiak,
2008,IND,3,2008_03_JAX_IND,Tony Dungy,tony_dungy,
2008,JAX,3,2008_03_JAX_IND,Jack Del Rio,jack_del_rio,
2008,KC,3,2008_03_KC_ATL,Herm Edwards,herm_edwards,
2008,LA,3,2008_03_STL_SEA,Scott Linehan,scott_linehan,
2008,LAC,3,2008_03_NYJ_SD,Norv Turner,norv_turner,
2008,LV,3,2008_03_OAK_BUF,Lane Kiffin,lane_kiffin,
2008,MIA,3,2008_03_MIA_NE,Tony Sparano,tony_sparano,
2008,MIN,3,2008_03_CAR_MIN,Brad Childress,brad_childress,
2008,NE,3,2008_03_MIA_NE,Bill Belichick,bill_belichick,
2008,NO,3,2008_03_NO_DEN,Sean Payton,sean_payton,
2008,NYG,3,2008_03_CIN_NYG,Tom Coughlin,tom_coughlin,
2008,NYJ,3,2008_03_NYJ_SD,Eric Mangini,eric_mangini,
2008,PHI,3,2008_03_PIT_PHI,Andy Reid,andy_reid,
2008,PIT,3,2008_03_PIT_PHI,Mike Tomlin,mike_tomlin,
2008,SEA,3,2008_03_STL_SEA,Mike Holmgren,mike_holmgren,
2008,SF,3,2008_03_DET_SF,Mike Nolan,mike_nolan,
2008,TB,3,2008_03_TB_CHI,Jon Gruden,jon_gruden,
2008,TEN,3,2008_03_HOU_TEN,Jeff Fisher,jeff_fisher,
2008,WAS,3,2008_03_ARI_WAS,Jim Zorn,jim_zorn,
2008,ARI,4,2008_04_ARI_NYJ,Ken Whisenhunt,ken_whisenhunt,
2008,ATL,4,2008_04_ATL_CAR,Mike Smith,mike_smith,
2008,BAL,4,2008_04_BAL_PIT,John Harbaugh,john_harbaugh,
2008,BUF,4,2008_04_BUF_STL,Dick Jauron,dick_jauron,
2008,CAR,4,2008_04_ATL_CAR,John Fox,john_fox,
2008,CHI,4,2008_04_PHI_CHI,Lovie Smith,lovie_smith,
2008,CIN,4,2008_04_CLE_CIN,Marvin Lewis,marvin_lewis,
2008,CLE,4,2008_04_CLE_CIN,Romeo Crennel,romeo_crennel,
2008,DAL,4,2008_04_WAS_DAL,Wade Phillips,wade_phillips,
2008,DEN,4,2008_04_DEN_KC,Mike Shanahan,mike_shanahan,
2008,GB,4,2008_04_GB_TB,Mike McCarthy,mike_mccarthy,
2008,HOU,4,2008_04_HOU_JAX,Gary Kubiak,gary_kubiak,
2008,JAX,4,2008_04_HOU_JAX,Jack Del Rio,jack_del_rio,
2008,KC,4,2008_04_DEN_KC,Herm Edwards,herm_edwards,
2008,LA,4,2008_04_BUF_STL,Scott Linehan,scott_linehan,
2008,LAC,4,2008_04_SD_OAK,Norv Turner,norv_turner,
2008,LV,4,2008_04_SD_OAK,Lane Kiffin,lane_kiffin,
2008,MIN,4,2008_04_MIN_TEN,Brad Childress,brad_childress,
2008,NO,4,2008_04_SF_NO,Sean Payton,sean_payton,
2008,NYJ,4,2008_04_ARI_NYJ,Eric Mangini,eric_mangini,
2008,PHI,4,2008_04_PHI_CHI,Andy Reid,andy_reid,
2008,PIT,4,2008_04_BAL_PIT,Mike Tomlin,mike_tomlin,
2008,SF,4,2008_04_SF_NO,Mike Nolan,mike_nolan,
2008,TB,4,2008_04_GB_TB,Jon Gruden,jon_gruden,
2008,TEN,4,2008_04_MIN_TEN,Jeff Fisher,jeff_fisher,
2008,WAS,4,2008_04_WAS_DAL,Jim Zorn,jim_zorn,
2008,ARI,5,2008_05_BUF_ARI,Ken Whisenhunt,ken_whisenhunt,
2008,ATL,5,2008_05_ATL_GB,Mike Smith,mike_smith,
2008,BAL,5,2008_05_TEN_BAL,John Harbaugh,john_harbaugh,
2008,BUF,5,2008_05_BUF_ARI,Dick Jauron,dick_jauron,
2008,CAR,5,2008_05_KC_CAR,John Fox,john_fox,
2008,CHI,5,2008_05_CHI_DET,Lovie Smith,lovie_smith,
2008,CIN,5,2008_05_CIN_DAL,Marvin Lewis,marvin_lewis,
2008,DAL,5,2008_05_CIN_DAL,Wade Phillips,wade_phillips,
2008,DEN,5,2008_05_TB_DEN,Mike Shanahan,mike_shanahan,
2008,DET,5,2008_05_CHI_DET,Rod Marinelli,rod_marinelli,
2008,GB,5,2008_05_ATL_GB,Mike McCarthy,mike_mccarthy,
2008,HOU,5,2008_05_IND_HOU,Gary Kubiak,gary_kubiak,
2008,IND,5,2008_05_IND_HOU,Tony Dungy,tony_dungy,
2008,JAX,5,2008_05_PIT_JAX,Jack Del Rio,jack_del_rio,
2008,KC,5,2008_05_KC_CAR,Herm Edwards,herm_edwards,
2008,LAC,5,2008_05_SD_MIA,Norv Turner,norv_turner,
2008,MIA,5,2008_05_SD_MIA,Tony Sparano,tony_sparano,
2008,MIN,5,2008_05_MIN_NO,Brad Childress,brad_childress,
2008,NE,5,2008_05_NE_SF,Bill Belichick,bill_belichick,
2008,NO,5,2008_05_MIN_NO,Sean Payton,sean_payton,
2008,NYG,5,2008_05_SEA_NYG,Tom Coughlin,tom_coughlin,
2008,PHI,5,2008_05_WAS_PHI,Andy Reid,andy_reid,
2008,PIT,5,2008_05_PIT_JAX,Mike Tomlin,mike_tomlin,
2008,SEA,5,2008_05_SEA_NYG,Mike Holmgren,mike_holmgren,
2008,SF,5,2008_05_NE_SF,Mike Nolan,mike_nolan,
2008,TB,5,2008_05_TB_DEN,Jon Gruden,jon_gruden,
2008,TEN,5,2008_05_TEN_BAL,Jeff Fisher,jeff_fisher,
2008,WAS,5,2008_05_WAS_PHI,Jim Zorn,jim_zorn,
2008,ARI,6,2008_06_DAL_ARI,Ken Whisenhunt,ken_whisenhunt,
2008,ATL,6,2008_06_CHI_ATL,Mike Smith,mike_smith,
2008,BAL,6,2008_06_BAL_IND,John Harbaugh,john_harbaugh,
2008,CAR,6,2008_06_CAR_TB,John Fox,john_fox,
2008,CHI,6,2008_06_CHI_ATL,Lovie Smith,lovie_smith,
2008,CIN,6,2008_06_CIN_NYJ,Marvin Lewis,marvin_lewis,
2008,CLE,6,2008_06_NYG_CLE,Romeo Crennel,romeo_crennel,
2008,DAL,6,2008_06_DAL_ARI,Wade Phillips,wade_phillips,
2008,DEN,6,2008_06_JAX_DEN,Mike Shanahan,mike_shanahan,
2008,DET,6,2008_06_DET_MIN,Rod Marinelli,rod_marinelli,
2008,GB,6,2008_06_GB_SEA,Mike McCarthy,mike_mccarthy,
2008,HOU,6,2008_06_MIA_HOU,Gary Kubiak,gary_kubiak,
2008,IND,6,2008_06_BAL_IND,Tony Dungy,tony_dungy,
2008,JAX,6,2008_06_JAX_DEN,Jack Del Rio,jack_del_rio,
2008,LA,6,2008_06_STL_WAS,Jim Haslett,jim_haslett,
2008,LAC,6,2008_06_NE_SD,Norv Turner,norv_turner,
2008,LV,6,2008_06_OAK_NO,Tom Cable,tom_cable,
2008,MIA,6,2008_06_MIA_HOU,Tony Sparano,tony_sparano,
2008,MIN,6,2008_06_DET_MIN,Brad Childress,brad_childress,
2008,NE,6,2008_06_NE_SD,Bill Belichick,bill_belichick,
2008,NO,6,2008_06_OAK_NO,Sean Payton,sean_payton,
2008,NYG,6,2008_06_NYG_CLE,Tom Coughlin,tom_coughlin,
2008,NYJ,6,2008_06_CIN_NYJ,Eric Mangini,eric_mangini,
2008,PHI,6,2008_06_PHI_SF,Andy Reid,andy_reid,
2008,SEA,6,2008_06_GB_SEA,Mike Holmgren,mike_holmgren,
2008,SF,6,2008_06_PHI_SF,Mike Nolan,mike_nolan,
2008,TB,6,2008_06_CAR_TB,Jon Gruden,jon_gruden,
2008,WAS,6,2008_06_STL_WAS,Jim Zorn,jim_zorn,
2008,BAL,7,2008_07_BAL_MIA,John Harbaugh,john_harbaugh,
2008,BUF,7,2008_07_SD_BUF,Dick Jauron,dick_jauron,
2008,CAR,7,2008_07_NO_CAR,John Fox,john_fox,
2008,CHI,7,2008_07_MIN_CHI,Lovie Smith,lovie_smith,
2008,CIN,7,2008_07_PIT_CIN,Marvin Lewis,marvin_lewis,
2008,CLE,7,2008_07_CLE_WAS,Romeo Crennel,romeo_crennel,
2008,DAL,7,2008_07_DAL_STL,Wade Phillips,wade_phillips,
2008,DEN,7,2008_07_DEN_NE,Mike Shanahan,mike_shanahan,
2008,DET,7,2008_07_DET_HOU,Rod Marinelli,rod_marinelli,
2008,GB,7,2008_07_IND_GB,Mike McCarthy,mike_mccarthy,
2008,HOU,7,2008_07_DET_HOU,Gary Kubiak,gary_kubiak,
2008,IND,7,2008_07_IND_GB,Tony Dungy,tony_dungy,
2008,KC,7,2008_07_TEN_KC,Herm Edwards,herm_edwards,
2008,LA,7,2008_07_DAL_STL,Jim Haslett,jim_haslett,
2008,LAC,7,2008_07_SD_BUF,Norv Turner,norv_turner,
2008,LV,7,2008_07_NYJ_OAK,Tom Cable,tom_cable,
2008,MIA,7,2008_07_BAL_MIA,Tony Sparano,tony_sparano,
2008,MIN,7,2008_07_MIN_CHI,Brad Childress,brad_childress,
2008,NE,7,2008_07_DEN_NE,Bill Belichick,bill_belichick,
2008,NO,7,2008_07_NO_CAR,Sean Payton,sean_payton,
2008,NYG,7,2008_07_SF_NYG,Tom Coughlin,tom_coughlin,
2008,NYJ,7,2008_07_NYJ_OAK,Eric Mangini,eric_mangini,
2008,PIT,7,2008_07_PIT_CIN,Mike Tomlin,mike_tomlin,
2008,SEA,7,2008_07_SEA_TB,Mike Holmgren,mike_holmgren,
2008,SF,7,2008_07_SF_NYG,Mike Nolan,mike_nolan,
2008,TB,7,2008_07_SEA_TB,Jon Gruden,jon_gruden,
2008,TEN,7,2008_07_TEN_KC,Jeff Fisher,jeff_fisher,
2008,WAS,7,2008_07_CLE_WAS,Jim Zorn,jim_zorn,
2008,ARI,8,2008_08_ARI_CAR,Ken Whisenhunt,ken_whisenhunt,
2008,ATL,8,2008_08_ATL_PHI,Mike Smith,mike_smith,
2008,BAL,8,2008_08_OAK_BAL,John Harbaugh,john_harbaugh,
2008,BUF,8,2008_08_BUF_MIA,Dick Jauron,dick_jauron,
2008,CAR,8,2008_08_ARI_CAR,John Fox,john_fox,
2008,CIN,8,2008_08_CIN_HOU,Marvin Lewis,marvin_lewis,
2008,CLE,8,2008_08_CLE_JAX,Romeo Crennel,romeo_crennel,
2008,DAL,8,2008_08_TB_DAL,Wade Phillips,wade_phillips,
2008,DET,8,2008_08_WAS_DET,Rod Marinelli,rod_marinelli,
2008,HOU,8,2008_08_CIN_HOU,Gary Kubiak,gary_kubiak,
2008,IND,8,2008_08_IND_TEN,Tony Dungy,tony_dungy,
2008,JAX,8,2008_08_CLE_JAX,Jack Del Rio,jack_del_rio,
2008,KC,8,2008_08_KC_NYJ,Herm Edwards,herm_edwards,
2008,LA,8,2008_08_STL_NE,Jim Haslett,jim_haslett,
2008,LAC,8,2008_08_SD_NO,Norv Turner,norv_turner,
2008,LV,8,2008_08_OAK_BAL,Tom Cable,tom_cable,
2008,MIA,8,2008_08_BUF_MIA,Tony Sparano,tony_sparano,
2008,NE,8,2008_08_STL_NE,Bill Belichick,bill_belichick,
2008,NO,8,2008_08_SD_NO,Sean Payton,sean_payton,
2008,NYG,8,2008_08_NYG_PIT,Tom Coughlin,tom_coughlin,
2008,NYJ,8,2008_08_KC_NYJ,Eric Mangini,eric_mangini,
2008,PHI,8,2008_08_ATL_PHI,Andy Reid,andy_reid,
2008,PIT,8,2008_08_NYG_PIT,Mike Tomlin,mike_tomlin,
2008,SEA,8,2008_08_SEA_SF,Mike Holmgren,mike_holmgren,
2008,SF,8,2008_08_SEA_SF,Mike Singletary,mike_singletary,
2008,TB,8,2008_08_TB_DAL,Jon Gruden,jon_gruden,
2008,TEN,8,2008_08_IND_TEN,Jeff Fisher,jeff_fisher,
2008,WAS,8,2008_08_WAS_DET,Jim Zorn,jim_zorn,
2008,ARI,9,2008_09_ARI_STL,Ken Whisenhunt,ken_whisenhunt,
2008,ATL,9,2008_09_ATL_OAK,Mike Smith,mike_smith,
2008,BAL,9,2008_09_BAL_CLE,John Harbaugh,john_harbaugh,
2008,BUF,9,2008_09_NYJ_BUF,Dick Jauron,dick_jauron,
2008,CHI,9,2008_09_DET_CHI,Lovie Smith,lovie_smith,
2008,CIN,9,2008_09_JAX_CIN,Marvin Lewis,marvin_lewis,
2008,CLE,9,2008_09_BAL_CLE,Romeo Crennel,romeo_crennel,
2008,DAL,9,2008_09_DAL_NYG,Wade Phillips,wade_phillips,
2008,DEN,9,2008_09_MIA_DEN,Mike Shanahan,mike_shanahan,
2008,DET,9,2008_09_DET_CHI,Rod Marinelli,rod_marinelli,
2008,GB,9,2008_09_GB_TEN,Mike McCarthy,mike_mccarthy,
2008,HOU,9,2008_09_HOU_MIN,Gary Kubiak,gary_kubiak,
2008,IND,9,2008_09_NE_IND,Tony Dungy,tony_dungy,
2008,JAX,9,2008_09_JAX_CIN,Jack Del Rio,jack_del_rio,
2008,KC,9,2008_09_TB_KC,Herm Edwards,herm_edwards,
2008,LA,9,2008_09_ARI_STL,Jim Haslett,jim_haslett,
2008,LV,9,2008_09_ATL_OAK,Tom Cable,tom_cable,
2008,MIA,9,2008_09_MIA_DEN,Tony Sparano,tony_sparano,
2008,MIN,9,2008_09_HOU_MIN,Brad Childress,brad_childress,
2008,NE,9,2008_09_NE_IND,Bill Belichick,bill_belichick,
2008,NYG,9,2008_09_DAL_NYG,Tom Coughlin,tom_coughlin,
2008,NYJ,9,2008_09_NYJ_BUF,Eric Mangini,eric_mangini,
2008,PHI,9,2008_09_PHI_SEA,Andy Reid,andy_reid,
2008,PIT,9,2008_09_PIT_WAS,Mike Tomlin,mike_tomlin,
2008,SEA,9,2008_09_PHI_SEA,Mike Holmgren,mike_holmgren,
2008,TB,9,2008_09_TB_KC,Jon Gruden,jon_gruden,
2008,TEN,9,2008_09_GB_TEN,Jeff Fisher,jeff_fisher,
2008,WAS,9,2008_09_PIT_WAS,Jim Zorn,jim_zorn,
2008,ARI,10,2008_10_SF_ARI,Ken Whisenhunt,ken_whisenhunt,
2008,ATL,10,2008_10_NO_ATL,Mike Smith,mike_smith,
2008,BAL,10,2008_10_BAL_HOU,John Harbaugh,john_harbaugh,
2008,BUF,10,2008_10_BUF_NE,Dick Jauron,dick_jauron,
2008,CAR,10,2008_10_CAR_OAK,John Fox,john_fox,
2008,CHI,10,2008_10_TEN_CHI,Lovie Smith,lovie_smith,
2008,CLE,10,2008_10_DEN_CLE,Romeo Crennel,romeo_crennel,
2008,DEN,10,2008_10_DEN_CLE,Mike Shanahan,mike_shanahan,
2008,DET,10,2008_10_JAX_DET,Rod Marinelli,rod_marinelli,
2008,GB,10,2008_10_GB_MIN,Mike McCarthy,mike_mccarthy,
2008,HOU,10,2008_10_BAL_HOU,Gary Kubiak,gary_kubiak,
2008,IND,10,2008_10_IND_PIT,Tony Dungy,tony_dungy,
2008,JAX,10,2008_10_JAX_DET,Jack Del Rio,jack_del_rio,
2008,KC,10,2008_10_KC_SD,Herm Edwards,herm_edwards,
2008,LA,10,2008_10_STL_NYJ,Jim Haslett,jim_haslett,
2008,LAC,10,2008_10_KC_SD,Norv Turner,norv_turner,
2008,LV,10,2008_10_CAR_OAK,Tom Cable,tom_cable,
2008,MIA,10,2008_10_SEA_MIA,Tony Sparano,tony_sparano,
2008,MIN,10,2008_10_GB_MIN,Brad Childress,brad_childress,
2008,NE,10,2008_10_BUF_NE,Bill Belichick,bill_belichick,
2008,NO,10,2008_10_NO_ATL,Sean Payton,sean_payton,
2008,NYG,10,2008_10_NYG_PHI,Tom Coughlin,tom_coughlin,
2008,NYJ,10,2008_10_STL_NYJ,Eric Mangini,eric_mangini,
2008,PHI,10,2008_10_NYG_PHI,Andy Reid,andy_reid,
2008,PIT,10,2008_10_IND_PIT,Mike Tomlin,mike_tomlin,
2008,SEA,10,2008_10_SEA_MIA,Mike Holmgren,mike_holmgren,
2008,SF,10,2008_10_SF_ARI,Mike Singletary,mike_singletary,
2008,TEN,10,2008_10_TEN_CHI,Jeff Fisher,jeff_fisher,
2008,ARI,11,2008_11_ARI_SEA,Ken Whisenhunt,ken_whisenhunt,
2008,ATL,11,2008_11_DEN_ATL,Mike Smith,mike_smith,
2008,BAL,11,2008_11_BAL_NYG,John Harbaugh,john_harbaugh,
2008,BUF,11,2008_11_CLE_BUF,Dick Jauron,dick_jauron,
2008,CAR,11,2008_11_DET_CAR,John Fox,john_fox,
2008,CHI,11,2008_11_CHI_GB,Lovie Smith,lovie_smith,
2008,CIN,11,2008_11_PHI_CIN,Marvin Lewis,marvin_lewis,
2008,CLE,11,2008_11_CLE_BUF,Romeo Crennel,romeo_crennel,
2008,DAL,11,2008_11_DAL_WAS,Wade Phillips,wade_phillips,
2008,DEN,11,2008_11_DEN_ATL,Mike Shanahan,mike_shanahan,
2008,DET,11,2008_11_DET_CAR,Rod Marinelli,rod_marinelli,
2008,GB,11,2008_11_CHI_GB,Mike McCarthy,mike_mccarthy,
2008,HOU,11,2008_11_HOU_IND,Gary Kubiak,gary_kubiak,
2008,IND,11,2008_11_HOU_IND,Tony Dungy,tony_dungy,
2008,JAX,11,2008_11_TEN_JAX,Jack Del Rio,jack_del_rio,
2008,KC,11,2008_11_NO_KC,Herm Edwards,herm_edwards,
2008,LA,11,2008_11_STL_SF,Jim Haslett,jim_haslett,
2008,LAC,11,2008_11_SD_PIT,Norv Turner,norv_turner,
2008,LV,11,2008_11_OAK_MIA,Tom Cable,tom_cable,
2008,MIA,11,2008_11_OAK_MIA,Tony Sparano,tony_sparano,
2008,MIN,11,2008_11_MIN_TB,Brad Childress,brad_childress,
2008,NE,11,2008_11_NYJ_NE,Bill Belichick,bill_belichick,
2008,NO,11,2008_11_NO_KC,Sean Payton,sean_payton,
2008,NYG,11,2008_11_BAL_NYG,Tom Coughlin,tom_coughlin,
2008,NYJ,11,2008_11_NYJ_NE,Eric Mangini,eric_mangini,
2008,PHI,11,2008_11_PHI_CIN,Andy Reid,andy_reid,
2008,PIT,11,2008_11_SD_PIT,Mike Tomlin,mike_tomlin,
2008,SEA,11,2008_11_ARI_SEA,Mike Holmgren,mike_holmgren,
2008,SF,11,2008_11_STL_SF,Mike Singletary,mike_singletary,
2008,TB,11,2008_11_MIN_TB,Jon Gruden,jon_gruden,
2008,TEN,11,2008_11_TEN_JAX,Jeff Fisher,jeff_fisher,
2008,WAS,11,2008_11_DAL_WAS,Jim Zorn,jim_zorn,
2008,ARI,12,2008_12_NYG_ARI,Ken Whisenhunt,ken_whisenhunt,
2008,ATL,12,2008_12_CAR_ATL,Mike Smith,mike_smith,
2008,BAL,12,2008_12_PHI_BAL,John Harbaugh,john_harbaugh,
2008,BUF,12,2008_12_BUF_KC,Dick Jauron,dick_jauron,
2008,CAR,12,2008_12_CAR_ATL,John Fox,john_fox,
2008,CHI,12,2008_12_CHI_STL,Lovie Smith,lovie_smith,
2008,CIN,12,2008_12_CIN_PIT,Marvin Lewis,marvin_lewis,
2008,CLE,12,2008_12_HOU_CLE,Romeo Crennel,romeo_crennel,
2008,DAL,12,2008_12_SF_DAL,Wade Phillips,wade_phillips,
2008,DEN,12,2008_12_OAK_DEN,Mike Shanahan,mike_shanahan,
2008,DET,12,2008_12_TB_DET,Rod Marinelli,rod_marinelli,
2008,GB,12,2008_12_GB_NO,Mike McCarthy,mike_mccarthy,
2008,HOU,12,2008_12_HOU_CLE,Gary Kubiak,gary_kubiak,
2008,IND,12,2008_12_IND_SD,Tony Dungy,tony_dungy,
2008,JAX,12,2008_12_MIN_JAX,Jack Del Rio,jack_del_rio,
2008,KC,12,2008_12_BUF_KC,Herm Edwards,herm_edwards,
2008,LA,12,2008_12_CHI_STL,Jim Haslett,jim_haslett,
2008,LAC,12,2008_12_IND_SD,Norv Turner,norv_turner,
2008,LV,12,2008_12_OAK_DEN,Tom Cable,tom_cable,
2008,MIA,12,2008_12_NE_MIA,Tony Sparano,tony_sparano,
2008,MIN,12,2008_12_MIN_JAX,Brad Childress,brad_childress,
2008,NE,12,2008_12_NE_MIA,Bill Belichick,bill_belichick,
2008,NO,12,2008_12_GB_NO,Sean Payton,sean_payton,
2008,NYG,12,2008_12_NYG_ARI,Tom Coughlin,tom_coughlin,
2008,NYJ,12,2008_12_NYJ_TEN,Eric Mangini,eric_mangini,
2008,PHI,12,2008_12_PHI_BAL,Andy Reid,andy_reid,
2008,PIT,12,2008_12_CIN_PIT,Mike Tomlin,mike_tomlin,
2008,SEA,12,2008_12_WAS_SEA,Mike Holmgren,mike_holmgren,
2008,SF,12,2008_12_SF_DAL,Mike Singletary,mike_singletary,
2008,TB,12,2008_12_TB_DET,Jon Gruden,jon_gruden,
2008,TEN,12,2008_12_NYJ_TEN,Jeff Fisher,jeff_fisher,
2008,WAS,12,2008_12_WAS_SEA,Jim Zorn,jim_zorn,
2008,ARI,13,2008_13_ARI_PHI,Ken Whisenhunt,ken_whisenhunt,
2008,ATL,13,2008_13_ATL_SD,Mike Smith,mike_smith,
2008,BAL,13,2008_13_BAL_CIN,John Harbaugh,john_harbaugh,
2008,BUF,13,2008_13_SF_BUF,Dick Jauron,dick_jauron,
2008,CAR,13,2008_13_CAR_GB,John Fox,john_fox,
2008,CHI,13,2008_13_CHI_MIN,Lovie Smith,lovie_smith,
2008,CIN,13,2008_13_BAL_CIN,Marvin Lewis,marvin_lewis,
2008,CLE,13,2008_13_IND_CLE,Romeo Crennel,romeo_crennel,
2008,DAL,13,2008_13_SEA_DAL,Wade Phillips,wade_phillips,
2008,DEN,13,2008_13_DEN_NYJ,Mike Shanahan,mike_shanahan,
2008,DET,13,2008_13_TEN_DET,Rod Marinelli,rod_marinelli,
2008,GB,13,2008_13_CAR_GB,Mike McCarthy,mike_mccarthy,
2008,HOU,13,2008_13_JAX_HOU,Gary Kubiak,gary_kubiak,
2008,IND,13,2008_13_IND_CLE,Tony Dungy,tony_dungy,
2008,JAX,13,2008_13_JAX_HOU,Jack Del Rio,jack_del_rio,
2008,KC,13,2008_13_KC_OAK,Herm Edwards,herm_edwards,
2008,LA,13,2008_13_MIA_STL,Jim Haslett,jim_haslett,
2008,LAC,13,2008_13_ATL_SD,Norv Turner,norv_turner,
2008,LV,13,2008_13_KC_OAK,Tom Cable,tom_cable,
2008,MIA,13,2008_13_MIA_STL,Tony Sparano,tony_sparano,
2008,MIN,13,2008_13_CHI_MIN,Brad Childress,brad_childress,
2008,NE,13,2008_13_PIT_NE,Bill Belichick,bill_belichick,
2008,NO,13,2008_13_NO_TB,Sean Payton,sean_payton,
2008,NYG,13,2008_13_NYG_WAS,Tom Coughlin,tom_coughlin,
2008,NYJ,13,2008_13_DEN_NYJ,Eric Mangini,eric_mangini,
2008,PHI,13,2008_13_ARI_PHI,Andy Reid,andy_reid,
2008,PIT,13,2008_13_PIT_NE,Mike Tomlin,mike_tomlin,
2008,SEA,13,2008_13_SEA_DAL,Mike Holmgren,mike_holmgren,
2008,SF,13,2008_13_SF_BUF,Mike Singletary,mike_singletary,
2008,TB,13,2008_13_NO_TB,Jon Gruden,jon_gruden,
2008,TEN,13,2008_13_TEN_DET,Jeff Fisher,jeff_fisher,
2008,WAS,13,2008_13_NYG_WAS,Jim Zorn,jim_zorn,
2008,ARI,14,2008_14_STL_ARI,Ken Whisenhunt,ken_whisenhunt,
2008,ATL,14,2008_14_ATL_NO,Mike Smith,mike_smith,
2008,BAL,14,2008_14_WAS_BAL,John Harbaugh,john_harbaugh,
2008,BUF,14,2008_14_MIA_BUF,Dick Jauron,dick_jauron,
2008,CAR,14,2008_14_TB_CAR,John Fox,john_fox,
2008,CHI,14,2008_14_JAX_CHI,Lovie Smith,lovie_smith,
2008,CIN,14,2008_14_CIN_IND,Marvin Lewis,marvin_lewis,
2008,CLE,14,2008_14_CLE_TEN,Romeo Crennel,romeo_crennel,
2008,DAL,14,2008_14_DAL_PIT,Wade Phillips,wade_phillips,
2008,DEN,14,2008_14_KC_DEN,Mike Shanahan,mike_shanahan,
2008,DET,14,2008_14_MIN_DET,Rod Marinelli,rod_marinelli,
2008,GB,14,2008_14_HOU_GB,Mike McCarthy,mike_mccarthy,
2008,HOU,14,2008_14_HOU_GB,Gary Kubiak,gary_kubiak,
2008,IND,14,2008_14_CIN_IND,Tony Dungy,tony_dungy,
2008,JAX,14,2008_14_JAX_CHI,Jack Del Rio,jack_del_rio,
2008,KC,14,2008_14_KC_DEN,Herm Edwards,herm_edwards,
2008,LA,14,2008_14_STL_ARI,Jim Haslett,jim_haslett,
2008,LAC,14,2008_14_OAK_SD,Norv Turner,norv_turner,
2008,LV,14,2008_14_OAK_SD,Tom Cable,tom_cable,
2008,MIA,14,2008_14_MIA_BUF,Tony Sparano,tony_sparano,
2008,MIN,14,2008_14_MIN_DET,Brad Childress,brad_childress,
2008,NE,14,2008_14_NE_SEA,Bill Belichick,bill_belichick,
2008,NO,14,2008_14_ATL_NO,Sean Payton,sean_payton,
2008,NYG,14,2008_14_PHI_NYG,Tom Coughlin,tom_coughlin,
2008,NYJ,14,2008_14_NYJ_SF,Eric Mangini,eric_mangini,
2008,PHI,14,2008_14_PHI_NYG,Andy Reid,andy_reid,
2008,PIT,14,2008_14_DAL_PIT,Mike Tomlin,mike_tomlin,
2008,SEA,14,2008_14_NE_SEA,Mike Holmgren,mike_holmgren,
2008,SF,14,2008_14_NYJ_SF,Mike Singletary,mike_singletary,
2008,TB,14,2008_14_TB_CAR,Jon Gruden,jon_gruden,
2008,TEN,14,2008_14_CLE_TEN,Jeff Fisher,jeff_fisher,
2008,WAS,14,2008_14_WAS_BAL,Jim Zorn,jim_zorn,
2008,ARI,15,2008_15_MIN_ARI,Ken Whisenhunt,ken_whisenhunt,
2008,ATL,15,2008_15_TB_ATL,Mike Smith,mike_smith,
2008,BAL,15,2008_15_PIT_BAL,John Harbaugh,john_harbaugh,
2008,BUF,15,2008_15_BUF_NYJ,Dick Jauron,dick_jauron,
2008,CAR,15,2008_15_DEN_CAR,John Fox,john_fox,
2008,CHI,15,2008_15_NO_CHI,Lovie Smith,lovie_smith,
2008,CIN,15,2008_15_WAS_CIN,Marvin Lewis,marvin_lewis,
2008,CLE,15,2008_15_CLE_PHI,Romeo Crennel,romeo_crennel,
2008,DAL,15,2008_15_NYG_DAL,Wade Phillips,wade_phillips,
2008,DEN,15,2008_15_DEN_CAR,Mike Shanahan,mike_shanahan,
2008,DET,15,2008_15_DET_IND,Rod Marinelli,rod_marinelli,
2008,GB,15,2008_15_GB_JAX,Mike McCarthy,mike_mccarthy,
2008,HOU,15,2008_15_TEN_HOU,Gary Kubiak,gary_kubiak,
2008,IND,15,2008_15_DET_IND,Tony Dungy,tony_dungy,
2008,JAX,15,2008_15_GB_JAX,Jack Del Rio,jack_del_rio,
2008,KC,15,2008_15_SD_KC,Herm Edwards,herm_edwards,
2008,LA,15,2008_15_SEA_STL,Jim Haslett,jim_haslett,
2008,LAC,15,2008_15_SD_KC,Norv Turner,norv_turner,
2008,LV,15,2008_15_NE_OAK,Tom Cable,tom_cable,
2008,MIA,15,2008_15_SF_MIA,Tony Sparano,tony_sparano,
2008,MIN,15,2008_15_MIN_ARI,Brad Childress,brad_childress,
2008,NE,15,2008_15_NE_OAK,Bill Belichick,bill_belichick,
2008,NO,15,2008_15_NO_CHI,Sean Payton,sean_payton,
2008,NYG,15,2008_15_NYG_DAL,Tom Coughlin,tom_coughlin,
2008,NYJ,15,2008_15_BUF_NYJ,Eric Mangini,eric_mangini,
2008,PHI,15,2008_15_CLE_PHI,Andy Reid,andy_reid,
2008,PIT,15,2008_15_PIT_BAL,Mike Tomlin,mike_tomlin,
2008,SEA,15,2008_15_SEA_STL,Mike Holmgren,mike_holmgren,
2008,SF,15,2008_15_SF_MIA,Mike Singletary,mike_singletary,
2008,TB,15,2008_15_TB_ATL,Jon Gruden,jon_gruden,
2008,TEN,15,2008_15_TEN_HOU,Jeff Fisher,jeff_fisher,
2008,WAS,15,2008_15_WAS_CIN,Jim Zorn,jim_zorn,
2008,ARI,16,2008_16_ARI_NE,Ken Whisenhunt,ken_whisenhunt,
2008,ATL,16,2008_16_ATL_MIN,Mike Smith,mike_smith,
2008,BAL,16,2008_16_BAL_DAL,John Harbaugh,john_harbaugh,
2008,BUF,16,2008_16_BUF_DEN,Dick Jauron,dick_jauron,
2008,CAR,16,2008_16_CAR_NYG,John Fox,john_fox,
2008,CHI,16,2008_16_GB_CHI,Lovie Smith,lovie_smith,
2008,CIN,16,2008_16_CIN_CLE,Marvin Lewis,marvin_lewis,
2008,CLE,16,2008_16_CIN_CLE,Romeo Crennel,romeo_crennel,
2008,DAL,16,2008_16_BAL_DAL,Wade Phillips,wade_phillips,
2008,DEN,16,2008_16_BUF_DEN,Mike Shanahan,mike_shanahan,
2008,DET,16,2008_16_NO_DET,Rod Marinelli,rod_marinelli,
2008,GB,16,2008_16_GB_CHI,Mike McCarthy,mike_mccarthy,
2008,HOU,16,2008_16_HOU_OAK,Gary Kubiak,gary_kubiak,
2008,IND,16,2008_16_IND_JAX,Tony Dungy,tony_dungy,
2008,JAX,16,2008_16_IND_JAX,Jack Del Rio,jack_del_rio,
2008,KC,16,2008_16_MIA_KC,Herm Edwards,herm_edwards,
2008,LA,16,2008_16_SF_STL,Jim Haslett,jim_haslett,
2008,LAC,16,2008_16_SD_TB,Norv Turner,norv_turner,
2008,LV,16,2008_16_HOU_OAK,Tom Cable,tom_cable,
2008,MIA,16,2008_16_MIA_KC,Tony Sparano,tony_sparano,
2008,MIN,16,2008_16_ATL_MIN,Brad Childress,brad_childress,
2008,NE,16,2008_16_ARI_NE,Bill Belichick,bill_belichick,
2008,NO,16,2008_16_NO_DET,Sean Payton,sean_payton,
2008,NYG,16,2008_16_CAR_NYG,Tom Coughlin,tom_coughlin,
2008,NYJ,16,2008_16_NYJ_SEA,Eric Mangini,eric_mangini,
2008,PHI,16,2008_16_PHI_WAS,Andy Reid,andy_reid,
2008,PIT,16,2008_16_PIT_TEN,Mike Tomlin,mike_tomlin,
2008,SEA,16,2008_16_NYJ_SEA,Mike Holmgren,mike_holmgren,
2008,SF,16,2008_16_SF_STL,Mike Singletary,mike_singletary,
2008,TB,16,2008_16_SD_TB,Jon Gruden,jon_gruden,
2008,TEN,16,2008_16_PIT_TEN,Jeff Fisher,jeff_fisher,
2008,WAS,16,2008_16_PHI_WAS,Jim Zorn,jim_zorn,
2008,ARI,17,2008_17_SEA_ARI,Ken Whisenhunt,ken_whisenhunt,
2008,ATL,17,2008_17_STL_ATL,Mike Smith,mike_smith,
2008,BAL,17,2008_17_JAX_BAL,John Harbaugh,john_harbaugh,
2008,BUF,17,2008_17_NE_BUF,Dick Jauron,dick_jauron,
2008,CAR,17,2008_17_CAR_NO,John Fox,john_fox,
2008,CHI,17,2008_17_CHI_HOU,Lovie Smith,lovie_smith,
2008,CIN,17,2008_17_KC_CIN,Marvin Lewis,marvin_lewis,
2008,CLE,17,2008_17_CLE_PIT,Romeo Crennel,romeo_crennel,
2008,DAL,17,2008_17_DAL_PHI,Wade Phillips,wade_phillips,
2008,DEN,17,2008_17_DEN_SD,Mike Shanahan,mike_shanahan,
2008,DET,17,2008_17_DET_GB,Rod Marinelli,rod_marinelli,
2008,GB,17,2008_17_DET_GB,Mike McCarthy,mike_mccarthy,
2008,HOU,17,2008_17_CHI_HOU,Gary Kubiak,gary_kubiak,
2008,IND,17,2008_17_TEN_IND,Tony Dungy,tony_dungy,
2008,JAX,17,2008_17_JAX_BAL,Jack Del Rio,jack_del_rio,
2008,KC,17,2008_17_KC_CIN,Herm Edwards,herm_edwards,
2008,LA,17,2008_17_STL_ATL,Jim Haslett,jim_haslett,
2008,LAC,17,2008_17_DEN_SD,Norv Turner,norv_turner,
2008,LV,17,2008_17_OAK_TB,Tom Cable,tom_cable,
2008,MIA,17,2008_17_MIA_NYJ,Tony Sparano,tony_sparano,
2008,MIN,17,2008_17_NYG_MIN,Brad Childress,brad_childress,
2008,NE,17,2008_17_NE_BUF,Bill Belichick,bill_belichick,
2008,NO,17,2008_17_CAR_NO,Sean Payton,sean_payton,
2008,NYG,17,2008_17_NYG_MIN,Tom Coughlin,tom_coughlin,
2008,NYJ,17,2008_17_MIA_NYJ,Eric Mangini,eric_mangini,
2008,PHI,17,2008_17_DAL_PHI,Andy Reid,andy_reid,
2008,PIT,17,2008_17_CLE_PIT,Mike Tomlin,mike_tomlin,
2008,SEA,17,2008_17_SEA_ARI,Mike Holmgren,mike_holmgren,
2008,SF,17,2008_17_WAS_SF,Mike Singletary,mike_singletary,
2008,TB,17,2008_17_OAK_TB,Jon Gruden,jon_gruden,
2008,TEN,17,2008_17_TEN_IND,Jeff Fisher,jeff_fisher,
2008,WAS,17,2008_17_WAS_SF,Jim Zorn,jim_zorn,
2009,ARI,1,2009_01_SF_ARI,Ken Whisenhunt,ken_whisenhunt,
2009,ATL,1,2009_01_MIA_ATL,Mike Smith,mike_smith,
2009,BAL,1,2009_01_KC_BAL,John Harbaugh,john_harbaugh,
2009,BUF,1,2009_01_BUF_NE,Dick Jauron,dick_jauron,
2009,CAR,1,2009_01_PHI_CAR,John Fox,john_fox,
2009,CHI,1,2009_01_CHI_GB,Lovie Smith,lovie_smith,
2009,CIN,1,2009_01_DEN_CIN,Marvin Lewis,marvin_lewis,
2009,CLE,1,2009_01_MIN_CLE,Eric Mangini,eric_mangini,
2009,DAL,1,2009_01_DAL_TB,Wade Phillips,wade_phillips,
2009,DEN,1,2009_01_DEN_CIN,Josh McDaniels,josh_mcdaniels,
2009,DET,1,2009_01_DET_NO,Jim Schwartz,jim_schwartz,
2009,GB,1,2009_01_CHI_GB,Mike McCarthy,mike_mccarthy,
2009,HOU,1,2009_01_NYJ_HOU,Gary Kubiak,gary_kubiak,
2009,IND,1,2009_01_JAX_IND,Jim Caldwell,jim_caldwell,
2009,JAX,1,2009_01_JAX_IND,Jack Del Rio,jack_del_rio,
2009,KC,1,2009_01_KC_BAL,Todd Haley,todd_haley,
2009,LA,1,2009_01_STL_SEA,Steve Spagnuolo,steve_spagnuolo,
2009,LAC,1,2009_01_SD_OAK,Norv Turner,norv_turner,
2009,LV,1,2009_01_SD_OAK,Tom Cable,tom_cable,
2009,MIA,1,2009_01_MIA_ATL,Tony Sparano,tony_sparano,
2009,MIN,1,2009_01_MIN_CLE,Brad Childress,brad_childress,
2009,NE,1,2009_01_BUF_NE,Bill Belichick,bill_belichick,
2009,NO,1,2009_01_DET_NO,Sean Payton,sean_payton,
2009,NYG,1,2009_01_WAS_NYG,Tom Coughlin,tom_coughlin,
2009,NYJ,1,2009_01_NYJ_HOU,Rex Ryan,rex_ryan,
2009,PHI,1,2009_01_PHI_CAR,Andy Reid,andy_reid,
2009,PIT,1,2009_01_TEN_PIT,Mike Tomlin,mike_tomlin,
2009,SEA,1,2009_01_STL_SEA,Jim Mora,jim_mora,
2009,SF,1,2009_01_SF_ARI,Mike Singletary,mike_singletary,
2009,TB,1,2009_01_DAL_TB,Raheem Morris,raheem_morris,
2009,TEN,1,2009_01_TEN_PIT,Jeff Fisher,jeff_fisher,
2009,WAS,1,2009_01_WAS_NYG,Jim Zorn,jim_zorn,
2009,ARI,2,2009_02_ARI_JAX,Ken Whisenhunt,ken_whisenhunt,
2009,ATL,2,2009_02_CAR_ATL,Mike Smith,mike_smith,
2009,BAL,2,2009_02_BAL_SD,John Harbaugh,john_harbaugh,
2009,BUF,2,2009_02_TB_BUF,Dick Jauron,dick_jauron,
2009,CAR,2,2009_02_CAR_ATL,John Fox,john_fox,
2009,CHI,2,2009_02_PIT_CHI,Lovie Smith,lovie_smith,
2009,CIN,2,2009_02_CIN_GB,Marvin Lewis,marvin_lewis,
2009,CLE,2,2009_02_CLE_DEN,Eric Mangini,eric_mangini,
2009,DAL,2,2009_02_NYG_DAL,Wade Phillips,wade_phillips,
2009,DEN,2,2009_02_CLE_DEN,Josh McDaniels,josh_mcdaniels,
2009,DET,2,2009_02_MIN_DET,Jim Schwartz,jim_schwartz,
2009,GB,2,2009_02_CIN_GB,Mike McCarthy,mike_mccarthy,
2009,HOU,2,2009_02_HOU_TEN,Gary Kubiak,gary_kubiak,
2009,IND,2,2009_02_IND_MIA,Jim Caldwell,jim_caldwell,
2009,JAX,2,2009_02_ARI_JAX,Jack Del Rio,jack_del_rio,
2009,KC,2,2009_02_OAK_KC,Todd Haley,todd_haley,
2009,LA,2,2009_02_STL_WAS,Steve Spagnuolo,steve_spagnuolo,
2009,LAC,2,2009_02_BAL_SD,Norv Turner,norv_turner,
2009,LV,2,2009_02_OAK_KC,Tom Cable,tom_cable,
2009,MIA,2,2009_02_IND_MIA,Tony Sparano,tony_sparano,
2009,MIN,2,2009_02_MIN_DET,Brad Childress,brad_childress,
2009,NE,2,2009_02_NE_NYJ,Bill Belichick,bill_belichick,
2009,NO,2,2009_02_NO_PHI,Sean Payton,sean_payton,
2009,NYG,2,2009_02_NYG_DAL,Tom Coughlin,tom_coughlin,
2009,NYJ,2,2009_02_NE_NYJ,Rex Ryan,rex_ryan,
2009,PHI,2,2009_02_NO_PHI,Andy Reid,andy_reid,
2009,PIT,2,2009_02_PIT_CHI,Mike Tomlin,mike_tomlin,
2009,SEA,2,2009_02_SEA_SF,Jim Mora,jim_mora,
2009,SF,2,2009_02_SEA_SF,Mike Singletary,mike_singletary,
2009,TB,2,2009_02_TB_BUF,Raheem Morris,raheem_morris,
2009,TEN,2,2009_02_HOU_TEN,Jeff Fisher,jeff_fisher,
2009,WAS,2,2009_02_STL_WAS,Jim Zorn,jim_zorn,
2009,ARI,3,2009_03_IND_ARI,Ken Whisenhunt,ken_whisenhunt,
2009,ATL,3,2009_03_ATL_NE,Mike Smith,mike_smith,
2009,BAL,3,2009_03_CLE_BAL,John Harbaugh,john_harbaugh,
2009,BUF,3,2009_03_NO_BUF,Dick Jauron,dick_jauron,
2009,CAR,3,2009_03_CAR_DAL,John Fox,john_fox,
2009,CHI,3,2009_03_CHI_SEA,Lovie Smith,lovie_smith,
2009,CIN,3,2009_03_PIT_CIN,Marvin Lewis,marvin_lewis,
2009,CLE,3,2009_03_CLE_BAL,Eric Mangini,eric_mangini,
2009,DAL,3,2009_03_CAR_DAL,Wade Phillips,wade_phillips,
2009,DEN,3,2009_03_DEN_OAK,Josh McDaniels,josh_mcdaniels,
2009,DET,3,2009_03_WAS_DET,Jim Schwartz,jim_schwartz,
2009,GB,3,2009_03_GB_STL,Mike McCarthy,mike_mccarthy,
2009,HOU,3,2009_03_JAX_HOU,Gary Kubiak,gary_kubiak,
2009,IND,3,2009_03_IND_ARI,Jim Caldwell,jim_caldwell,
2009,JAX,3,2009_03_JAX_HOU,Jack Del Rio,jack_del_rio,
2009,KC,3,2009_03_KC_PHI,Todd Haley,todd_haley,
2009,LA,3,2009_03_GB_STL,Steve Spagnuolo,steve_spagnuolo,
2009,LAC,3,2009_03_MIA_SD,Norv Turner,norv_turner,
2009,LV,3,2009_03_DEN_OAK,Tom Cable,tom_cable,
2009,MIA,3,2009_03_MIA_SD,Tony Sparano,tony_sparano,
2009,MIN,3,2009_03_SF_MIN,Brad Childress,brad_childress,
2009,NE,3,2009_03_ATL_NE,Bill Belichick,bill_belichick,
2009,NO,3,2009_03_NO_BUF,Sean Payton,sean_payton,
2009,NYG,3,2009_03_NYG_TB,Tom Coughlin,tom_coughlin,
2009,NYJ,3,2009_03_TEN_NYJ,Rex Ryan,rex_ryan,
2009,PHI,3,2009_03_KC_PHI,Andy Reid,andy_reid,
2009,PIT,3,2009_03_PIT_CIN,Mike Tomlin,mike_tomlin,
2009,SEA,3,2009_03_CHI_SEA,Jim Mora,jim_mora,
2009,SF,3,2009_03_SF_MIN,Mike Singletary,mike_singletary,
2009,TB,3,2009_03_NYG_TB,Raheem Morris,raheem_morris,
2009,TEN,3,2009_03_TEN_NYJ,Jeff Fisher,jeff_fisher,
2009,WAS,3,2009_03_WAS_DET,Jim Zorn,jim_zorn,
2009,BAL,4,2009_04_BAL_NE,John Harbaugh,john_harbaugh,
2009,BUF,4,2009_04_BUF_MIA,Dick Jauron,dick_jauron,
2009,CHI,4,2009_04_DET_CHI,Lovie Smith,lovie_smith,
2009,CIN,4,2009_04_CIN_CLE,Marvin Lewis,marvin_lewis,
2009,CLE,4,2009_04_CIN_CLE,Eric Mangini,eric_mangini,
2009,DAL,4,2009_04_DAL_DEN,Wade Phillips,wade_phillips,
2009,DEN,4,2009_04_DAL_DEN,Josh McDaniels,josh_mcdaniels,
2009,DET,4,2009_04_DET_CHI,Jim Schwartz,jim_schwartz,
2009,GB,4,2009_04_GB_MIN,Mike McCarthy,mike_mccarthy,
2009,HOU,4,2009_04_OAK_HOU,Gary Kubiak,gary_kubiak,
2009,IND,4,2009_04_SEA_IND,Jim Caldwell,jim_caldwell,
2009,JAX,4,2009_04_TEN_JAX,Jack Del Rio,jack_del_rio,
2009,KC,4,2009_04_NYG_KC,Todd Haley,todd_haley,
2009,LA,4,2009_04_STL_SF,Steve Spagnuolo,steve_spagnuolo,
2009,LAC,4,2009_04_SD_PIT,Norv Turner,norv_turner,
2009,LV,4,2009_04_OAK_HOU,Tom Cable,tom_cable,
2009,MIA,4,2009_04_BUF_MIA,Tony Sparano,tony_sparano,
2009,MIN,4,2009_04_GB_MIN,Brad Childress,brad_childress,
2009,NE,4,2009_04_BAL_NE,Bill Belichick,bill_belichick,
2009,NO,4,2009_04_NYJ_NO,Sean Payton,sean_payton,
2009,NYG,4,2009_04_NYG_KC,Tom Coughlin,tom_coughlin,
2009,NYJ,4,2009_04_NYJ_NO,Rex Ryan,rex_ryan,
2009,PIT,4,2009_04_SD_PIT,Mike Tomlin,mike_tomlin,
2009,SEA,4,2009_04_SEA_IND,Jim Mora,jim_mora,
2009,SF,4,2009_04_STL_SF,Mike Singletary,mike_singletary,
2009,TB,4,2009_04_TB_WAS,Raheem Morris,raheem_morris,
2009,TEN,4,2009_04_TEN_JAX,Jeff Fisher,jeff_fisher,
2009,WAS,4,2009_04_TB_WAS,Jim Zorn,jim_zorn,
2009,ARI,5,2009_05_HOU_ARI,Ken Whisenhunt,ken_whisenhunt,
2009,ATL,5,2009_05_ATL_SF,Mike Smith,mike_smith,
2009,BAL,5,2009_05_CIN_BAL,John Harbaugh,john_harbaugh,
2009,BUF,5,2009_05_CLE_BUF,Dick Jauron,dick_jauron,
2009,CAR,5,2009_05_WAS_CAR,John Fox,john_fox,
2009,CIN,5,2009_05_CIN_BAL,Marvin Lewis,marvin_lewis,
2009,CLE,5,2009_05_CLE_BUF,Eric Mangini,eric_mangini,
2009,DAL,5,2009_05_DAL_KC,Wade Phillips,wade_phillips,
2009,DEN,5,2009_05_NE_DEN,Josh McDaniels,josh_mcdaniels,
2009,DET,5,2009_05_PIT_DET,Jim Schwartz,jim_schwartz,
2009,HOU,5,2009_05_HOU_ARI,Gary Kubiak,gary_kubiak,
2009,IND,5,2009_05_IND_TEN,Jim Caldwell,jim_caldwell,
2009,JAX,5,2009_05_JAX_SEA,Jack Del Rio,jack_del_rio,
2009,KC,5,2009_05_DAL_KC,Todd Haley,todd_haley,
2009,LA,5,2009_05_MIN_STL,Steve Spagnuolo,steve_spagnuolo,
2009,LV,5,2009_05_OAK_NYG,Tom Cable,tom_cable,
2009,MIA,5,2009_05_NYJ_MIA,Tony Sparano,tony_sparano,
2009,MIN,5,2009_05_MIN_STL,Brad Childress,brad_childress,
2009,NE,5,2009_05_NE_DEN,Bill Belichick,bill_belichick,
2009,NYG,5,2009_05_OAK_NYG,Tom Coughlin,tom_coughlin,
2009,NYJ,5,2009_05_NYJ_MIA,Rex Ryan,rex_ryan,
2009,PHI,5,2009_05_TB_PHI,Andy Reid,andy_reid,
2009,PIT,5,2009_05_PIT_DET,Mike Tomlin,mike_tomlin,
2009,SEA,5,2009_05_JAX_SEA,Jim Mora,jim_mora,
2009,SF,5,2009_05_ATL_SF,Mike Singletary,mike_singletary,
2009,TB,5,2009_05_TB_PHI,Raheem Morris,raheem_morris,
2009,TEN,5,2009_05_IND_TEN,Jeff Fisher,jeff_fisher,
2009,WAS,5,2009_05_WAS_CAR,Jim Zorn,jim_zorn,
2009,ARI,6,2009_06_ARI_SEA,Ken Whisenhunt,ken_whisenhunt,
2009,ATL,6,2009_06_CHI_ATL,Mike Smith,mike_smith,
2009,BAL,6,2009_06_BAL_MIN,John Harbaugh,john_harbaugh,
2009,BUF,6,2009_06_BUF_NYJ,Dick Jauron,dick_jauron,
2009,CAR,6,2009_06_CAR_TB,John Fox,john_fox,
2009,CHI,6,2009_06_CHI_ATL,Lovie Smith,lovie_smith,
2009,CIN,6,2009_06_HOU_CIN,Marvin Lewis,marvin_lewis,
2009,CLE,6,2009_06_CLE_PIT,Eric Mangini,eric_mangini,
2009,DEN,6,2009_06_DEN_SD,Josh McDaniels,josh_mcdaniels,
2009,DET,6,2009_06_DET_GB,Jim Schwartz,jim_schwartz,
2009,GB,6,2009_06_DET_GB,Mike McCarthy,mike_mccarthy,
2009,HOU,6,2009_06_HOU_CIN,Gary Kubiak,gary_kubiak,
2009,JAX,6,2009_06_STL_JAX,Jack Del Rio,jack_del_rio,
2009,KC,6,2009_06_KC_WAS,Todd Haley,todd_haley,
2009,LA,6,2009_06_STL_JAX,Steve Spagnuolo,steve_spagnuolo,
2009,LAC,6,2009_06_DEN_SD,Norv Turner,norv_turner,
2009,LV,6,2009_06_PHI_OAK,Tom Cable,tom_cable,
2009,MIN,6,2009_06_BAL_MIN,Brad Childress,brad_childress,
2009,NE,6,2009_06_TEN_NE,Bill Belichick,bill_belichick,
2009,NO,6,2009_06_NYG_NO,Sean Payton,sean_payton,
2009,NYG,6,2009_06_NYG_NO,Tom Coughlin,tom_coughlin,
2009,NYJ,6,2009_06_BUF_NYJ,Rex Ryan,rex_ryan,
2009,PHI,6,2009_06_PHI_OAK,Andy Reid,andy_reid,
2009,PIT,6,2009_06_CLE_PIT,Mike Tomlin,mike_tomlin,
2009,SEA,6,2009_06_ARI_SEA,Jim Mora,jim_mora,
2009,TB,6,2009_06_CAR_TB,Raheem Morris,raheem_morris,
2009,TEN,6,2009_06_TEN_NE,Jeff Fisher,jeff_fisher,
2009,WAS,6,2009_06_KC_WAS,Jim Zorn,jim_zorn,
2009,ARI,7,2009_07_ARI_NYG,Ken Whisenhunt,ken_whisenhunt,
2009,ATL,7,2009_07_ATL_DAL,Mike Smith,mike_smith,
2009,BUF,7,2009_07_BUF_CAR,Dick Jauron,dick_jauron,
2009,CAR,7,2009_07_BUF_CAR,John Fox,john_fox,
2009,CHI,7,2009_07_CHI_CIN,Lovie Smith,lovie_smith,
2009,CIN,7,2009_07_CHI_CIN,Marvin Lewis,marvin_lewis,
2009,CLE,7,2009_07_GB_CLE,Eric Mangini,eric_mangini,
2009,DAL,7,2009_07_ATL_DAL,Wade Phillips,wade_phillips,
2009,GB,7,2009_07_GB_CLE,Mike McCarthy,mike_mccarthy,
2009,HOU,7,2009_07_SF_HOU,Gary Kubiak,gary_kubiak,
2009,IND,7,2009_07_IND_STL,Jim Caldwell,jim_caldwell,
2009,KC,7,2009_07_SD_KC,Todd Haley,todd_haley,
2009,LA,7,2009_07_IND_STL,Steve Spagnuolo,steve_spagnuolo,
2009,LAC,7,2009_07_SD_KC,Norv Turner,norv_turner,
2009,LV,7,2009_07_NYJ_OAK,Tom Cable,tom_cable,
2009,MIA,7,2009_07_NO_MIA,Tony Sparano,tony_sparano,
2009,MIN,7,2009_07_MIN_PIT,Brad Childress,brad_childress,
2009,NE,7,2009_07_NE_TB,Bill Belichick,bill_belichick,
2009,NO,7,2009_07_NO_MIA,Sean Payton,sean_payton,
2009,NYG,7,2009_07_ARI_NYG,Tom Coughlin,tom_coughlin,
2009,NYJ,7,2009_07_NYJ_OAK,Rex Ryan,rex_ryan,
2009,PHI,7,2009_07_PHI_WAS,Andy Reid,andy_reid,
2009,PIT,7,2009_07_MIN_PIT,Mike Tomlin,mike_tomlin,
2009,SF,7,2009_07_SF_HOU,Mike Singletary,mike_singletary,
2009,TB,7,2009_07_NE_TB,Raheem Morris,raheem_morris,
2009,WAS,7,2009_07_PHI_WAS,Jim Zorn,jim_zorn,
2009,ARI,8,2009_08_CAR_ARI,Ken Whisenhunt,ken_whisenhunt,
2009,ATL,8,2009_08_ATL_NO,Mike Smith,mike_smith,
2009,BAL,8,2009_08_DEN_BAL,John Harbaugh,john_harbaugh,
2009,BUF,8,2009_08_HOU_BUF,Dick Jauron,dick_jauron,
2009,CAR,8,2009_08_CAR_ARI,John Fox,john_fox,
2009,CHI,8,2009_08_CLE_CHI,Lovie Smith,lovie_smith,
2009,CLE,8,2009_08_CLE_CHI,Eric Mangini,eric_mangini,
2009,DAL,8,2009_08_SEA_DAL,Wade Phillips,wade_phillips,
2009,DEN,8,2009_08_DEN_BAL,Josh McDaniels,josh_mcdaniels,
2009,DET,8,2009_08_STL_DET,Jim Schwartz,jim_schwartz,
2009,GB,8,2009_08_MIN_GB,Mike McCarthy,mike_mccarthy,
2009,HOU,8,2009_08_HOU_BUF,Gary Kubiak,gary_kubiak,
2009,IND,8,2009_08_SF_IND,Jim Caldwell,jim_caldwell,
2009,JAX,8,2009_08_JAX_TEN,Jack Del Rio,jack_del_rio,
2009,LA,8,2009_08_STL_DET,Steve Spagnuolo,steve_spagnuolo,
2009,LAC,8,2009_08_OAK_SD,Norv Turner,norv_turner,
2009,LV,8,2009_08_OAK_SD,Tom Cable,tom_cable,
2009,MIA,8,2009_08_MIA_NYJ,Tony Sparano,tony_sparano,
2009,MIN,8,2009_08_MIN_GB,Brad Childress,brad_childress,
2009,NO,8,2009_08_ATL_NO,Sean Payton,sean_payton,
2009,NYG,8,2009_08_NYG_PHI,Tom Coughlin,tom_coughlin,
2009,NYJ,8,2009_08_MIA_NYJ,Rex Ryan,rex_ryan,
2009,PHI,8,2009_08_NYG_PHI,Andy Reid,andy_reid,
2009,SEA,8,2009_08_SEA_DAL,Jim Mora,jim_mora,
2009,SF,8,2009_08_SF_IND,Mike Singletary,mike_singletary,
2009,TEN,8,2009_08_JAX_TEN,Jeff Fisher,jeff_fisher,
2009,ARI,9,2009_09_ARI_CHI,Ken Whisenhunt,ken_whisenhunt,
2009,ATL,9,2009_09_WAS_ATL,Mike Smith,mike_smith,
2009,BAL,9,2009_09_BAL_CIN,John Harbaugh,john_harbaugh,
2009,CAR,9,2009_09_CAR_NO,John Fox,john_fox,
2009,CHI,9,2009_09_ARI_CHI,Lovie Smith,lovie_smith,
2009,CIN,9,2009_09_BAL_CIN,Marvin Lewis,marvin_lewis,
2009,DAL,9,2009_09_DAL_PHI,Wade Phillips,wade_phillips,
2009,DEN,9,2009_09_PIT_DEN,Josh McDaniels,josh_mcdaniels,
2009,DET,9,2009_09_DET_SEA,Jim Schwartz,jim_schwartz,
2009,GB,9,2009_09_GB_TB,Mike McCarthy,mike_mccarthy,
2009,HOU,9,2009_09_HOU_IND,Gary Kubiak,gary_kubiak,
2009,IND,9,2009_09_HOU_IND,Jim Caldwell,jim_caldwell,
2009,JAX,9,2009_09_KC_JAX,Jack Del Rio,jack_del_rio,
2009,KC,9,2009_09_KC_JAX,Todd Haley,todd_haley,
2009,LAC,9,2009_09_SD_NYG,Norv Turner,norv_turner,
2009,MIA,9,2009_09_MIA_NE,Tony Sparano,tony_sparano,
2009,NE,9,2009_09_MIA_NE,Bill Belichick,bill_belichick,
2009,NO,9,2009_09_CAR_NO,Sean Payton,sean_payton,
2009,NYG,9,2009_09_SD_NYG,Tom Coughlin,tom_coughlin,
2009,PHI,9,2009_09_DAL_PHI,Andy Reid,andy_reid,
2009,PIT,9,2009_09_PIT_DEN,Mike Tomlin,mike_tomlin,
2009,SEA,9,2009_09_DET_SEA,Jim Mora,jim_mora,
2009,SF,9,2009_09_TEN_SF,Mike Singletary,mike_singletary,
2009,TB,9,2009_09_GB_TB,Raheem Morris,raheem_morris,
2009,TEN,9,2009_09_TEN_SF,Jeff Fisher,jeff_fisher,
2009,WAS,9,2009_09_WAS_ATL,Jim Zorn,jim_zorn,
2009,ARI,10,2009_10_SEA_ARI,Ken Whisenhunt,ken_whisenhunt,
2009,ATL,10,2009_10_ATL_CAR,Mike Smith,mike_smith,
2009,BAL,10,2009_10_BAL_CLE,John Harbaugh,john_harbaugh,
2009,BUF,10,2009_10_BUF_TEN,Dick Jauron,dick_jauron,
2009,CAR,10,2009_10_ATL_CAR,John Fox,john_fox,
2009,CHI,10,2009_10_CHI_SF,Lovie Smith,lovie_smith,
2009,CIN,10,2009_10_CIN_PIT,Marvin Lewis,marvin_lewis,
2009,CLE,10,2009_10_BAL_CLE,Eric Mangini,eric_mangini,
2009,DAL,10,2009_10_DAL_GB,Wade Phillips,wade_phillips,
2009,DEN,10,2009_10_DEN_WAS,Josh McDaniels,josh_mcdaniels,
2009,DET,10,2009_10_DET_MIN,Jim Schwartz,jim_schwartz,
2009,GB,10,2009_10_DAL_GB,Mike McCarthy,mike_mccarthy,
2009,IND,10,2009_10_NE_IND,Jim Caldwell,jim_caldwell,
2009,JAX,10,2009_10_JAX_NYJ,Jack Del Rio,jack_del_rio,
2009,KC,10,2009_10_KC_OAK,Todd Haley,todd_haley,
2009,LA,10,2009_10_NO_STL,Steve Spagnuolo,steve_spagnuolo,
2009,LAC,10,2009_10_PHI_SD,Norv Turner,norv_turner,
2009,LV,10,2009_10_KC_OAK,Tom Cable,tom_cable,
2009,MIA,10,2009_10_TB_MIA,Tony Sparano,tony_sparano,
2009,MIN,10,2009_10_DET_MIN,Brad Childress,brad_childress,
2009,NE,10,2009_10_NE_IND,Bill Belichick,bill_belichick,
2009,NO,10,2009_10_NO_STL,Sean Payton,sean_payton,
2009,NYJ,10,2009_10_JAX_NYJ,Rex Ryan,rex_ryan,
2009,PHI,10,2009_10_PHI_SD,Andy Reid,andy_reid,
2009,PIT,10,2009_10_CIN_PIT,Mike Tomlin,mike_tomlin,
2009,SEA,10,2009_10_SEA_ARI,Jim Mora,jim_mora,
2009,SF,10,2009_10_CHI_SF,Mike Singletary,mike_singletary,
2009,TB,10,2009_10_TB_MIA,Raheem Morris,raheem_morris,
2009,TEN,10,2009_10_BUF_TEN,Jeff Fisher,jeff_fisher,
2009,WAS,10,2009_10_DEN_WAS,Jim Zorn,jim_zorn,
2009,ARI,11,2009_11_ARI_STL,Ken Whisenhunt,ken_whisenhunt,
2009,ATL,11,2009_11_ATL_NYG,Mike Smith,mike_smith,
2009,BAL,11,2009_11_IND_BAL,John Harbaugh,john_harbaugh,
2009,BUF,11,2009_11_BUF_JAX,Perry Fewell,perry_fewell,
2009,CAR,11,2009_11_MIA_CAR,John Fox,john_fox,
2009,CHI,11,2009_11_PHI_CHI,Lovie Smith,lovie_smith,
2009,CIN,11,2009_11_CIN_OAK,Marvin Lewis,marvin_lewis,
2009,CLE,11,2009_11_CLE_DET,Eric Mangini,eric_mangini,
2009,DAL,11,2009_11_WAS_DAL,Wade Phillips,wade_phillips,
2009,DEN,11,2009_11_SD_DEN,Josh McDaniels,josh_mcdaniels,
2009,DET,11,2009_11_CLE_DET,Jim Schwartz,jim_schwartz,
2009,GB,11,2009_11_SF_GB,Mike McCarthy,mike_mccarthy,
2009,HOU,11,2009_11_TEN_HOU,Gary Kubiak,gary_kubiak,
2009,IND,11,2009_11_IND_BAL,Jim Caldwell,jim_caldwell,
2009,JAX,11,2009_11_BUF_JAX,Jack Del Rio,jack_del_rio,
2009,KC,11,2009_11_PIT_KC,Todd Haley,todd_haley,
2009,LA,11,2009_11_ARI_STL,Steve Spagnuolo,steve_spagnuolo,
2009,LAC,11,2009_11_SD_DEN,Norv Turner,norv_turner,
2009,LV,11,2009_11_CIN_OAK,Tom Cable,tom_cable,
2009,MIA,11,2009_11_MIA_CAR,Tony Sparano,tony_sparano,
2009,MIN,11,2009_11_SEA_MIN,Brad Childress,brad_childress,
2009,NE,11,2009_11_NYJ_NE,Bill Belichick,bill_belichick,
2009,NO,11,2009_11_NO_TB,Sean Payton,sean_payton,
2009,NYG,11,2009_11_ATL_NYG,Tom Coughlin,tom_coughlin,
2009,NYJ,11,2009_11_NYJ_NE,Rex Ryan,rex_ryan,
2009,PHI,11,2009_11_PHI_CHI,Andy Reid,andy_reid,
2009,PIT,11,2009_11_PIT_KC,Mike Tomlin,mike_tomlin,
2009,SEA,11,2009_11_SEA_MIN,Jim Mora,jim_mora,
2009,SF,11,2009_11_SF_GB,Mike Singletary,mike_singletary,
2009,TB,11,2009_11_NO_TB,Raheem Morris,raheem_morris,
2009,TEN,11,2009_11_TEN_HOU,Jeff Fisher,jeff_fisher,
2009,WAS,11,2009_11_WAS_DAL,Jim Zorn,jim_zorn,
2009,ARI,12,2009_12_ARI_TEN,Ken Whisenhunt,ken_whisenhunt,
2009,ATL,12,2009_12_TB_ATL,Mike Smith,mike_smith,
2009,BAL,12,2009_12_PIT_BAL,John Harbaugh,john_harbaugh,
2009,BUF,12,2009_12_MIA_BUF,Perry Fewell,perry_fewell,
2009,CAR,12,2009_12_CAR_NYJ,John Fox,john_fox,
2009,CHI,12,2009_12_CHI_MIN,Lovie Smith,lovie_smith,
2009,CIN,12,2009_12_CLE_CIN,Marvin Lewis,marvin_lewis,
2009,CLE,12,2009_12_CLE_CIN,Eric Mangini,eric_mangini,
2009,DAL,12,2009_12_OAK_DAL,Wade Phillips,wade_phillips,
2009,DEN,12,2009_12_NYG_DEN,Josh McDaniels,josh_mcdaniels,
2009,DET,12,2009_12_GB_DET,Jim Schwartz,jim_schwartz,
2009,GB,12,2009_12_GB_DET,Mike McCarthy,mike_mccarthy,
2009,HOU,12,2009_12_IND_HOU,Gary Kubiak,gary_kubiak,
2009,IND,12,2009_12_IND_HOU,Jim Caldwell,jim_caldwell,
2009,JAX,12,2009_12_JAX_SF,Jack Del Rio,jack_del_rio,
2009,KC,12,2009_12_KC_SD,Todd Haley,todd_haley,
2009,LA,12,2009_12_SEA_STL,Steve Spagnuolo,steve_spagnuolo,
2009,LAC,12,2009_12_KC_SD,Norv Turner,norv_turner,
2009,LV,12,2009_12_OAK_DAL,Tom Cable,tom_cable,
2009,MIA,12,2009_12_MIA_BUF,Tony Sparano,tony_sparano,
2009,MIN,12,2009_12_CHI_MIN,Brad Childress,brad_childress,
2009,NE,12,2009_12_NE_NO,Bill Belichick,bill_belichick,
2009,NO,12,2009_12_NE_NO,Sean Payton,sean_payton,
2009,NYG,12,2009_12_NYG_DEN,Tom Coughlin,tom_coughlin,
2009,NYJ,12,2009_12_CAR_NYJ,Rex Ryan,rex_ryan,
2009,PHI,12,2009_12_WAS_PHI,Andy Reid,andy_reid,
2009,PIT,12,2009_12_PIT_BAL,Mike Tomlin,mike_tomlin,
2009,SEA,12,2009_12_SEA_STL,Jim Mora,jim_mora,
2009,SF,12,2009_12_JAX_SF,Mike Singletary,mike_singletary,
2009,TB,12,2009_12_TB_ATL,Raheem Morris,raheem_morris,
2009,TEN,12,2009_12_ARI_TEN,Jeff Fisher,jeff_fisher,
2009,WAS,12,2009_12_WAS_PHI,Jim Zorn,jim_zorn,
2009,ARI,13,2009_13_MIN_ARI,Ken Whisenhunt,ken_whisenhunt,
2009,ATL,13,2009_13_PHI_ATL,Mike Smith,mike_smith,
2009,BAL,13,2009_13_BAL_GB,John Harbaugh,john_harbaugh,
2009,BUF,13,2009_13_NYJ_BUF,Perry Fewell,perry_fewell,
2009,CAR,13,2009_13_TB_CAR,John Fox,john_fox,
2009,CHI,13,2009_13_STL_CHI,Lovie Smith,lovie_smith,
2009,CIN,13,2009_13_DET_CIN,Marvin Lewis,marvin_lewis,
2009,CLE,13,2009_13_SD_CLE,Eric Mangini,eric_mangini,
2009,DAL,13,2009_13_DAL_NYG,Wade Phillips,wade_phillips,
2009,DEN,13,2009_13_DEN_KC,Josh McDaniels,josh_mcdaniels,
2009,DET,13,2009_13_DET_CIN,Jim Schwartz,jim_schwartz,
2009,GB,13,2009_13_BAL_GB,Mike McCarthy,mike_mccarthy,
2009,HOU,13,2009_13_HOU_JAX,Gary Kubiak,gary_kubiak,
2009,IND,13,2009_13_TEN_IND,Jim Caldwell,jim_caldwell,
2009,JAX,13,2009_13_HOU_JAX,Jack Del Rio,jack_del_rio,
2009,KC,13,2009_13_DEN_KC,Todd Haley,todd_haley,
2009,LA,13,2009_13_STL_CHI,Steve Spagnuolo,steve_spagnuolo,
2009,LAC,13,2009_13_SD_CLE,Norv Turner,norv_turner,
2009,LV,13,2009_13_OAK_PIT,Tom Cable,tom_cable,
2009,MIA,13,2009_13_NE_MIA,Tony Sparano,tony_sparano,
2009,MIN,13,2009_13_MIN_ARI,Brad Childress,brad_childress,
2009,NE,13,2009_13_NE_MIA,Bill Belichick,bill_belichick,
2009,NO,13,2009_13_NO_WAS,Sean Payton,sean_payton,
2009,NYG,13,2009_13_DAL_NYG,Tom Coughlin,tom_coughlin,
2009,NYJ,13,2009_13_NYJ_BUF,Rex Ryan,rex_ryan,
2009,PHI,13,2009_13_PHI_ATL,Andy Reid,andy_reid,
2009,PIT,13,2009_13_OAK_PIT,Mike Tomlin,mike_tomlin,
2009,SEA,13,2009_13_SF_SEA,Jim Mora,jim_mora,
2009,SF,13,2009_13_SF_SEA,Mike Singletary,mike_singletary,
2009,TB,13,2009_13_TB_CAR,Raheem Morris,raheem_morris,
2009,TEN,13,2009_13_TEN_IND,Jeff Fisher,jeff_fisher,
2009,WAS,13,2009_13_NO_WAS,Jim Zorn,jim_zorn,
2009,ARI,14,2009_14_ARI_SF,Ken Whisenhunt,ken_whisenhunt,
2009,ATL,14,2009_14_NO_ATL,Mike Smith,mike_smith,
2009,BAL,14,2009_14_DET_BAL,John Harbaugh,john_harbaugh,
2009,BUF,14,2009_14_BUF_KC,Perry Fewell,perry_fewell,
2009,CAR,14,2009_14_CAR_NE,John Fox,john_fox,
2009,CHI,14,2009_14_GB_CHI,Lovie Smith,lovie_smith,
2009,CIN,14,2009_14_CIN_MIN,Marvin Lewis,marvin_lewis,
2009,CLE,14,2009_14_PIT_CLE,Eric Mangini,eric_mangini,
2009,DAL,14,2009_14_SD_DAL,Wade Phillips,wade_phillips,
2009,DEN,14,2009_14_DEN_IND,Josh McDaniels,josh_mcdaniels,
2009,DET,14,2009_14_DET_BAL,Jim Schwartz,jim_schwartz,
2009,GB,14,2009_14_GB_CHI,Mike McCarthy,mike_mccarthy,
2009,HOU,14,2009_14_SEA_HOU,Gary Kubiak,gary_kubiak,
2009,IND,14,2009_14_DEN_IND,Jim Caldwell,jim_caldwell,
2009,JAX,14,2009_14_MIA_JAX,Jack Del Rio,jack_del_rio,
2009,KC,14,2009_14_BUF_KC,Todd Haley,todd_haley,
2009,LA,14,2009_14_STL_TEN,Steve Spagnuolo,steve_spagnuolo,
2009,LAC,14,2009_14_SD_DAL,Norv Turner,norv_turner,
2009,LV,14,2009_14_WAS_OAK,Tom Cable,tom_cable,
2009,MIA,14,2009_14_MIA_JAX,Tony Sparano,tony_sparano,
2009,MIN,14,2009_14_CIN_MIN,Brad Childress,brad_childress,
2009,NE,14,2009_14_CAR_NE,Bill Belichick,bill_belichick,
2009,NO,14,2009_14_NO_ATL,Sean Payton,sean_payton,
2009,NYG,14,2009_14_PHI_NYG,Tom Coughlin,tom_coughlin,
2009,NYJ,14,2009_14_NYJ_TB,Rex Ryan,rex_ryan,
2009,PHI,14,2009_14_PHI_NYG,Andy Reid,andy_reid,
2009,PIT,14,2009_14_PIT_CLE,Mike Tomlin,mike_tomlin,
2009,SEA,14,2009_14_SEA_HOU,Jim Mora,jim_mora,
2009,SF,14,2009_14_ARI_SF,Mike Singletary,mike_singletary,
2009,TB,14,2009_14_NYJ_TB,Raheem Morris,raheem_morris,
2009,TEN,14,2009_14_STL_TEN,Jeff Fisher,jeff_fisher,
2009,WAS,14,2009_14_WAS_OAK,Jim Zorn,jim_zorn,
2009,ARI,15,2009_15_ARI_DET,Ken Whisenhunt,ken_whisenhunt,
2009,ATL,15,2009_15_ATL_NYJ,Mike Smith,mike_smith,
2009,BAL,15,2009_15_CHI_BAL,John Harbaugh,john_harbaugh,
2009,BUF,15,2009_15_NE_BUF,Perry Fewell,perry_fewell,
2009,CAR,15,2009_15_MIN_CAR,John Fox,john_fox,
2009,CHI,15,2009_15_CHI_BAL,Lovie Smith,lovie_smith,
2009,CIN,15,2009_15_CIN_SD,Marvin Lewis,marvin_lewis,
2009,CLE,15,2009_15_CLE_KC,Eric Mangini,eric_mangini,
2009,DAL,15,2009_15_DAL_NO,Wade Phillips,wade_phillips,
2009,DEN,15,2009_15_OAK_DEN,Josh McDaniels,josh_mcdaniels,
2009,DET,15,2009_15_ARI_DET,Jim Schwartz,jim_schwartz,
2009,GB,15,2009_15_GB_PIT,Mike McCarthy,mike_mccarthy,
2009,HOU,15,2009_15_HOU_STL,Gary Kubiak,gary_kubiak,
2009,IND,15,2009_15_IND_JAX,Jim Caldwell,jim_caldwell,
2009,JAX,15,2009_15_IND_JAX,Jack Del Rio,jack_del_rio,
2009,KC,15,2009_15_CLE_KC,Todd Haley,todd_haley,
2009,LA,15,2009_15_HOU_STL,Steve Spagnuolo,steve_spagnuolo,
2009,LAC,15,2009_15_CIN_SD,Norv Turner,norv_turner,
2009,LV,15,2009_15_OAK_DEN,Tom Cable,tom_cable,
2009,MIA,15,2009_15_MIA_TEN,Tony Sparano,tony_sparano,
2009,MIN,15,2009_15_MIN_CAR,Brad Childress,brad_childress,
2009,NE,15,2009_15_NE_BUF,Bill Belichick,bill_belichick,
2009,NO,15,2009_15_DAL_NO,Sean Payton,sean_payton,
2009,NYG,15,2009_15_NYG_WAS,Tom Coughlin,tom_coughlin,
2009,NYJ,15,2009_15_ATL_NYJ,Rex Ryan,rex_ryan,
2009,PHI,15,2009_15_SF_PHI,Andy Reid,andy_reid,
2009,PIT,15,2009_15_GB_PIT,Mike Tomlin,mike_tomlin,
2009,SEA,15,2009_15_TB_SEA,Jim Mora,jim_mora,
2009,SF,15,2009_15_SF_PHI,Mike Singletary,mike_singletary,
2009,TB,15,2009_15_TB_SEA,Raheem Morris,raheem_morris,
2009,TEN,15,2009_15_MIA_TEN,Jeff Fisher,jeff_fisher,
2009,WAS,15,2009_15_NYG_WAS,Jim Zorn,jim_zorn,
2009,ARI,16,2009_16_STL_ARI,Ken Whisenhunt,ken_whisenhunt,
2009,ATL,16,2009_16_BUF_ATL,Mike Smith,mike_smith,
2009,BAL,16,2009_16_BAL_PIT,John Harbaugh,john_harbaugh,
2009,BUF,16,2009_16_BUF_ATL,Perry Fewell,perry_fewell,
2009,CAR,16,2009_16_CAR_NYG,John Fox,john_fox,
2009,CHI,16,2009_16_MIN_CHI,Lovie Smith,lovie_smith,
2009,CIN,16,2009_16_KC_CIN,Marvin Lewis,marvin_lewis,
2009,CLE,16,2009_16_OAK_CLE,Eric Mangini,eric_mangini,
2009,DAL,16,2009_16_DAL_WAS,Wade Phillips,wade_phillips,
2009,DEN,16,2009_16_DEN_PHI,Josh McDaniels,josh_mcdaniels,
2009,DET,16,2009_16_DET_SF,Jim Schwartz,jim_schwartz,
2009,GB,16,2009_16_SEA_GB,Mike McCarthy,mike_mccarthy,
2009,HOU,16,2009_16_HOU_MIA,Gary Kubiak,gary_kubiak,
2009,IND,16,2009_16_NYJ_IND,Jim Caldwell,jim_caldwell,
2009,JAX,16,2009_16_JAX_NE,Jack Del Rio,jack_del_rio,
2009,KC,16,2009_16_KC_CIN,Todd Haley,todd_haley,
2009,LA,16,2009_16_STL_ARI,Steve Spagnuolo,steve_spagnuolo,
2009,LAC,16,2009_16_SD_TEN,Norv Turner,norv_turner,
2009,LV,16,2009_16_OAK_CLE,Tom Cable,tom_cable,
2009,MIA,16,2009_16_HOU_MIA,Tony Sparano,tony_sparano,
2009,MIN,16,2009_16_MIN_CHI,Brad Childress,brad_childress,
2009,NE,16,2009_16_JAX_NE,Bill Belichick,bill_belichick,
2009,NO,16,2009_16_TB_NO,Sean Payton,sean_payton,
2009,NYG,16,2009_16_CAR_NYG,Tom Coughlin,tom_coughlin,
2009,NYJ,16,2009_16_NYJ_IND,Rex Ryan,rex_ryan,
2009,PHI,16,2009_16_DEN_PHI,Andy Reid,andy_reid,
2009,PIT,16,2009_16_BAL_PIT,Mike Tomlin,mike_tomlin,
2009,SEA,16,2009_16_SEA_GB,Jim Mora,jim_mora,
2009,SF,16,2009_16_DET_SF,Mike Singletary,mike_singletary,
2009,TB,16,2009_16_TB_NO,Raheem Morris,raheem_morris,
2009,TEN,16,2009_16_SD_TEN,Jeff Fisher,jeff_fisher,
2009,WAS,16,2009_16_DAL_WAS,Jim Zorn,jim_zorn,
2009,ARI,17,2009_17_GB_ARI,Ken Whisenhunt,ken_whisenhunt,
2009,ATL,17,2009_17_ATL_TB,Mike Smith,mike_smith,
2009,BAL,17,2009_17_BAL_OAK,John Harbaugh,john_harbaugh,
2009,BUF,17,2009_17_IND_BUF,Perry Fewell,perry_fewell,
2009,CAR,17,2009_17_NO_CAR,John Fox,john_fox,
2009,CHI,17,2009_17_CHI_DET,Lovie Smith,lovie_smith,
2009,CIN,17,2009_17_CIN_NYJ,Marvin Lewis,marvin_lewis,
2009,CLE,17,2009_17_JAX_CLE,Eric Mangini,eric_mangini,
2009,DAL,17,2009_17_PHI_DAL,Wade Phillips,wade_phillips,
2009,DEN,17,2009_17_KC_DEN,Josh McDaniels,josh_mcdaniels,
2009,DET,17,2009_17_CHI_DET,Jim Schwartz,jim_schwartz,
2009,GB,17,2009_17_GB_ARI,Mike McCarthy,mike_mccarthy,
2009,HOU,17,2009_17_NE_HOU,Gary Kubiak,gary_kubiak,
2009,IND,17,2009_17_IND_BUF,Jim Caldwell,jim_caldwell,
2009,JAX,17,2009_17_JAX_CLE,Jack Del Rio,jack_del_rio,
2009,KC,17,2009_17_KC_DEN,Todd Haley,todd_haley,
2009,LA,17,2009_17_SF_STL,Steve Spagnuolo,steve_spagnuolo,
2009,LAC,17,2009_17_WAS_SD,Norv Turner,norv_turner,
2009,LV,17,2009_17_BAL_OAK,Tom Cable,tom_cable,
2009,MIA,17,2009_17_PIT_MIA,Tony Sparano,tony_sparano,
2009,MIN,17,2009_17_NYG_MIN,Brad Childress,brad_childress,
2009,NE,17,2009_17_NE_HOU,Bill Belichick,bill_belichick,
2009,NO,17,2009_17_NO_CAR,Sean Payton,sean_payton,
2009,NYG,17,2009_17_NYG_MIN,Tom Coughlin,tom_coughlin,
2009,NYJ,17,2009_17_CIN_NYJ,Rex Ryan,rex_ryan,
2009,PHI,17,2009_17_PHI_DAL,Andy Reid,andy_reid,
2009,PIT,17,2009_17_PIT_MIA,Mike Tomlin,mike_tomlin,
2009,SEA,17,2009_17_TEN_SEA,Jim Mora,jim_mora,
2009,SF,17,2009_17_SF_STL,Mike Singletary,mike_singletary,
2009,TB,17,2009_17_ATL_TB,Raheem Morris,raheem_morris,
2009,TEN,17,2009_17_TEN_SEA,Jeff Fisher,jeff_fisher,
2009,WAS,17,2009_17_WAS_SD,Jim Zorn,jim_zorn,
2010,ARI,1,2010_01_ARI_STL,Ken Whisenhunt,ken_whisenhunt,
2010,ATL,1,2010_01_ATL_PIT,Mike Smith,mike_smith,
2010,BAL,1,2010_01_BAL_NYJ,John Harbaugh,john_harbaugh,
2010,BUF,1,2010_01_MIA_BUF,Chan Gailey,chan_gailey,
2010,CAR,1,2010_01_CAR_NYG,John Fox,john_fox,
2010,CHI,1,2010_01_DET_CHI,Lovie Smith,lovie_smith,
2010,CIN,1,2010_01_CIN_NE,Marvin Lewis,marvin_lewis,
2010,CLE,1,2010_01_CLE_TB,Eric Mangini,eric_mangini,
2010,DAL,1,2010_01_DAL_WAS,Wade Phillips,wade_phillips,
2010,DEN,1,2010_01_DEN_JAX,Josh McDaniels,josh_mcdaniels,
2010,DET,1,2010_01_DET_CHI,Jim Schwartz,jim_schwartz,
2010,GB,1,2010_01_GB_PHI,Mike McCarthy,mike_mccarthy,
2010,HOU,1,2010_01_IND_HOU,Gary Kubiak,gary_kubiak,
2010,IND,1,2010_01_IND_HOU,Jim Caldwell,jim_caldwell,
2010,JAX,1,2010_01_DEN_JAX,Jack Del Rio,jack_del_rio,
2010,KC,1,2010_01_SD_KC,Todd Haley,todd_haley,
2010,LA,1,2010_01_ARI_STL,Steve Spagnuolo,steve_spagnuolo,
2010,LAC,1,2010_01_SD_KC,Norv Turner,norv_turner,
2010,LV,1,2010_01_OAK_TEN,Tom Cable,tom_cable,
2010,MIA,1,2010_01_MIA_BUF,Tony Sparano,tony_sparano,
2010,MIN,1,2010_01_MIN_NO,Brad Childress,brad_childress,
2010,NE,1,2010_01_CIN_NE,Bill Belichick,bill_belichick,
2010,NO,1,2010_01_MIN_NO,Sean Payton,sean_payton,
2010,NYG,1,2010_01_CAR_NYG,Tom Coughlin,tom_coughlin,
2010,NYJ,1,2010_01_BAL_NYJ,Rex Ryan,rex_ryan,
2010,PHI,1,2010_01_GB_PHI,Andy Reid,andy_reid,
2010,PIT,1,2010_01_ATL_PIT,Mike Tomlin,mike_tomlin,
2010,SEA,1,2010_01_SF_SEA,Pete Carroll,pete_carroll,
2010,SF,1,2010_01_SF_SEA,Mike Singletary,mike_singletary,
2010,TB,1,2010_01_CLE_TB,Raheem Morris,raheem_morris,
2010,TEN,1,2010_01_OAK_TEN,Jeff Fisher,jeff_fisher,
2010,WAS,1,2010_01_DAL_WAS,Mike Shanahan,mike_shanahan,
2010,ARI,2,2010_02_ARI_ATL,Ken Whisenhunt,ken_whisenhunt,
2010,ATL,2,2010_02_ARI_ATL,Mike Smith,mike_smith,
2010,BAL,2,2010_02_BAL_CIN,John Harbaugh,john_harbaugh,
2010,BUF,2,2010_02_BUF_GB,Chan Gailey,chan_gailey,
2010,CAR,2,2010_02_TB_CAR,John Fox,john_fox,
2010,CHI,2,2010_02_CHI_DAL,Lovie Smith,lovie_smith,
2010,CIN,2,2010_02_BAL_CIN,Marvin Lewis,marvin_lewis,
2010,CLE,2,2010_02_KC_CLE,Eric Mangini,eric_mangini,
2010,DAL,2,2010_02_CHI_DAL,Wade Phillips,wade_phillips,
2010,DEN,2,2010_02_SEA_DEN,Josh McDaniels,josh_mcdaniels,
2010,DET,2,2010_02_PHI_DET,Jim Schwartz,jim_schwartz,
2010,GB,2,2010_02_BUF_GB,Mike McCarthy,mike_mccarthy,
2010,HOU,2,2010_02_HOU_WAS,Gary Kubiak,gary_kubiak,
2010,IND,2,2010_02_NYG_IND,Jim Caldwell,jim_caldwell,
2010,JAX,2,2010_02_JAX_SD,Jack Del Rio,jack_del_rio,
2010,KC,2,2010_02_KC_CLE,Todd Haley,todd_haley,
2010,LA,2,2010_02_STL_OAK,Steve Spagnuolo,steve_spagnuolo,
2010,LAC,2,2010_02_JAX_SD,Norv Turner,norv_turner,
2010,LV,2,2010_02_STL_OAK,Tom Cable,tom_cable,
2010,MIA,2,2010_02_MIA_MIN,Tony Sparano,tony_sparano,
2010,MIN,2,2010_02_MIA_MIN,Brad Childress,brad_childress,
2010,NE,2,2010_02_NE_NYJ,Bill Belichick,bill_belichick,
2010,NO,2,2010_02_NO_SF,Sean Payton,sean_payton,
2010,NYG,2,2010_02_NYG_IND,Tom Coughlin,tom_coughlin,
2010,NYJ,2,2010_02_NE_NYJ,Rex Ryan,rex_ryan,
2010,PHI,2,2010_02_PHI_DET,Andy Reid,andy_reid,
2010,PIT,2,2010_02_PIT_TEN,Mike Tomlin,mike_tomlin,
2010,SEA,2,2010_02_SEA_DEN,Pete Carroll,pete_carroll,
2010,SF,2,2010_02_NO_SF,Mike Singletary,mike_singletary,
2010,TB,2,2010_02_TB_CAR,Raheem Morris,raheem_morris,
2010,TEN,2,2010_02_PIT_TEN,Jeff Fisher,jeff_fisher,
2010,WAS,2,2010_02_HOU_WAS,Mike Shanahan,mike_shanahan,
2010,ARI,3,2010_03_OAK_ARI,Ken Whisenhunt,ken_whisenhunt,
2010,ATL,3,2010_03_ATL_NO,Mike Smith,mike_smith,
2010,BAL,3,2010_03_CLE_BAL,John Harbaugh,john_harbaugh,
2010,BUF,3,2010_03_BUF_NE,Chan Gailey,chan_gailey,
2010,CAR,3,2010_03_CIN_CAR,John Fox,john_fox,
2010,CHI,3,2010_03_GB_CHI,Lovie Smith,lovie_smith,
2010,CIN,3,2010_03_CIN_CAR,Marvin Lewis,marvin_lewis,
2010,CLE,3,2010_03_CLE_BAL,Eric Mangini,eric_mangini,
2010,DAL,3,2010_03_DAL_HOU,Wade Phillips,wade_phillips,
2010,DEN,3,2010_03_IND_DEN,Josh McDaniels,josh_mcdaniels,
2010,DET,3,2010_03_DET_MIN,Jim Schwartz,jim_schwartz,
2010,GB,3,2010_03_GB_CHI,Mike McCarthy,mike_mccarthy,
2010,HOU,3,2010_03_DAL_HOU,Gary Kubiak,gary_kubiak,
2010,IND,3,2010_03_IND_DEN,Jim Caldwell,jim_caldwell,
2010,JAX,3,2010_03_PHI_JAX,Jack Del Rio,jack_del_rio,
2010,KC,3,2010_03_SF_KC,Todd Haley,todd_haley,
2010,LA,3,2010_03_WAS_STL,Steve Spagnuolo,steve_spagnuolo,
2010,LAC,3,2010_03_SD_SEA,Norv Turner,norv_turner,
2010,LV,3,2010_03_OAK_ARI,Tom Cable,tom_cable,
2010,MIA,3,2010_03_NYJ_MIA,Tony Sparano,tony_sparano,
2010,MIN,3,2010_03_DET_MIN,Brad Childress,brad_childress,
2010,NE,3,2010_03_BUF_NE,Bill Belichick,bill_belichick,
2010,NO,3,2010_03_ATL_NO,Sean Payton,sean_payton,
2010,NYG,3,2010_03_TEN_NYG,Tom Coughlin,tom_coughlin,
2010,NYJ,3,2010_03_NYJ_MIA,Rex Ryan,rex_ryan,
2010,PHI,3,2010_03_PHI_JAX,Andy Reid,andy_reid,
2010,PIT,3,2010_03_PIT_TB,Mike Tomlin,mike_tomlin,
2010,SEA,3,2010_03_SD_SEA,Pete Carroll,pete_carroll,
2010,SF,3,2010_03_SF_KC,Mike Singletary,mike_singletary,
2010,TB,3,2010_03_PIT_TB,Raheem Morris,raheem_morris,
2010,TEN,3,2010_03_TEN_NYG,Jeff Fisher,jeff_fisher,
2010,WAS,3,2010_03_WAS_STL,Mike Shanahan,mike_shanahan,
2010,ARI,4,2010_04_ARI_SD,Ken Whisenhunt,ken_whisenhunt,
2010,ATL,4,2010_04_SF_ATL,Mike Smith,mike_smith,
2010,BAL,4,2010_04_BAL_PIT,John Harbaugh,john_harbaugh,
2010,BUF,4,2010_04_NYJ_BUF,Chan Gailey,chan_gailey,
2010,CAR,4,2010_04_CAR_NO,John Fox,john_fox,
2010,CHI,4,2010_04_CHI_NYG,Lovie Smith,lovie_smith,
2010,CIN,4,2010_04_CIN_CLE,Marvin Lewis,marvin_lewis,
2010,CLE,4,2010_04_CIN_CLE,Eric Mangini,eric_mangini,
2010,DEN,4,2010_04_DEN_TEN,Josh McDaniels,josh_mcdaniels,
2010,DET,4,2010_04_DET_GB,Jim Schwartz,jim_schwartz,
2010,GB,4,2010_04_DET_GB,Mike McCarthy,mike_mccarthy,
2010,HOU,4,2010_04_HOU_OAK,Gary Kubiak,gary_kubiak,
2010,IND,4,2010_04_IND_JAX,Jim Caldwell,jim_caldwell,
2010,JAX,4,2010_04_IND_JAX,Jack Del Rio,jack_del_rio,
2010,LA,4,2010_04_SEA_STL,Steve Spagnuolo,steve_spagnuolo,
2010,LAC,4,2010_04_ARI_SD,Norv Turner,norv_turner,
2010,LV,4,2010_04_HOU_OAK,Tom Cable,tom_cable,
2010,MIA,4,2010_04_NE_MIA,Tony Sparano,tony_sparano,
2010,NE,4,2010_04_NE_MIA,Bill Belichick,bill_belichick,
2010,NO,4,2010_04_CAR_NO,Sean Payton,sean_payton,
2010,NYG,4,2010_04_CHI_NYG,Tom Coughlin,tom_coughlin,
2010,NYJ,4,2010_04_NYJ_BUF,Rex Ryan,rex_ryan,
2010,PHI,4,2010_04_WAS_PHI,Andy Reid,andy_reid,
2010,PIT,4,2010_04_BAL_PIT,Mike Tomlin,mike_tomlin,
2010,SEA,4,2010_04_SEA_STL,Pete Carroll,pete_carroll,
2010,SF,4,2010_04_SF_ATL,Mike Singletary,mike_singletary,
2010,TEN,4,2010_04_DEN_TEN,Jeff Fisher,jeff_fisher,
2010,WAS,4,2010_04_WAS_PHI,Mike Shanahan,mike_shanahan,
2010,ARI,5,2010_05_NO_ARI,Ken Whisenhunt,ken_whisenhunt,
2010,ATL,5,2010_05_ATL_CLE,Mike Smith,mike_smith,
2010,BAL,5,2010_05_DEN_BAL,John Harbaugh,john_harbaugh,
2010,BUF,5,2010_05_JAX_BUF,Chan Gailey,chan_gailey,
2010,CAR,5,2010_05_CHI_CAR,John Fox,john_fox,
2010,CHI,5,2010_05_CHI_CAR,Lovie Smith,lovie_smith,
2010,CIN,5,2010_05_TB_CIN,Marvin Lewis,marvin_lewis,
2010,CLE,5,2010_05_ATL_CLE,Eric Mangini,eric_mangini,
2010,DAL,5,2010_05_TEN_DAL,Wade Phillips,wade_phillips,
2010,DEN,5,2010_05_DEN_BAL,Josh McDaniels,josh_mcdaniels,
2010,DET,5,2010_05_STL_DET,Jim Schwartz,jim_schwartz,
2010,GB,5,2010_05_GB_WAS,Mike McCarthy,mike_mccarthy,
2010,HOU,5,2010_05_NYG_HOU,Gary Kubiak,gary_kubiak,
2010,IND,5,2010_05_KC_IND,Jim Caldwell,jim_caldwell,
2010,JAX,5,2010_05_JAX_BUF,Jack Del Rio,jack_del_rio,
2010,KC,5,2010_05_KC_IND,Todd Haley,todd_haley,
2010,LA,5,2010_05_STL_DET,Steve Spagnuolo,steve_spagnuolo,
2010,LAC,5,2010_05_SD_OAK,Norv Turner,norv_turner,
2010,LV,5,2010_05_SD_OAK,Tom Cable,tom_cable,
2010,MIN,5,2010_05_MIN_NYJ,Brad Childress,brad_childress,
2010,NO,5,2010_05_NO_ARI,Sean Payton,sean_payton,
2010,NYG,5,2010_05_NYG_HOU,Tom Coughlin,tom_coughlin,
2010,NYJ,5,2010_05_MIN_NYJ,Rex Ryan,rex_ryan,
2010,PHI,5,2010_05_PHI_SF,Andy Reid,andy_reid,
2010,SF,5,2010_05_PHI_SF,Mike Singletary,mike_singletary,
2010,TB,5,2010_05_TB_CIN,Raheem Morris,raheem_morris,
2010,TEN,5,2010_05_TEN_DAL,Jeff Fisher,jeff_fisher,
2010,WAS,5,2010_05_GB_WAS,Mike Shanahan,mike_shanahan,
2010,ATL,6,2010_06_ATL_PHI,Mike Smith,mike_smith,
2010,BAL,6,2010_06_BAL_NE,John Harbaugh,john_harbaugh,
2010,CHI,6,2010_06_SEA_CHI,Lovie Smith,lovie_smith,
2010,CLE,6,2010_06_CLE_PIT,Eric Mangini,eric_mangini,
2010,DAL,6,2010_06_DAL_MIN,Wade Phillips,wade_phillips,
2010,DEN,6,2010_06_NYJ_DEN,Josh McDaniels,josh_mcdaniels,
2010,DET,6,2010_06_DET_NYG,Jim Schwartz,jim_schwartz,
2010,GB,6,2010_06_MIA_GB,Mike McCarthy,mike_mccarthy,
2010,HOU,6,2010_06_KC_HOU,Gary Kubiak,gary_kubiak,
2010,IND,6,2010_06_IND_WAS,Jim Caldwell,jim_caldwell,
2010,JAX,6,2010_06_TEN_JAX,Jack Del Rio,jack_del_rio,
2010,KC,6,2010_06_KC_HOU,Todd Haley,todd_haley,
2010,LA,6,2010_06_SD_STL,Steve Spagnuolo,steve_spagnuolo,
2010,LAC,6,2010_06_SD_STL,Norv Turner,norv_turner,
2010,LV,6,2010_06_OAK_SF,Tom Cable,tom_cable,
2010,MIA,6,2010_06_MIA_GB,Tony Sparano,tony_sparano,
2010,MIN,6,2010_06_DAL_MIN,Brad Childress,brad_childress,
2010,NE,6,2010_06_BAL_NE,Bill Belichick,bill_belichick,
2010,NO,6,2010_06_NO_TB,Sean Payton,sean_payton,
2010,NYG,6,2010_06_DET_NYG,Tom Coughlin,tom_coughlin,
2010,NYJ,6,2010_06_NYJ_DEN,Rex Ryan,rex_ryan,
2010,PHI,6,2010_06_ATL_PHI,Andy Reid,andy_reid,
2010,PIT,6,2010_06_CLE_PIT,Mike Tomlin,mike_tomlin,
2010,SEA,6,2010_06_SEA_CHI,Pete Carroll,pete_carroll,
2010,SF,6,2010_06_OAK_SF,Mike Singletary,mike_singletary,
2010,TB,6,2010_06_NO_TB,Raheem Morris,raheem_morris,
2010,TEN,6,2010_06_TEN_JAX,Jeff Fisher,jeff_fisher,
2010,WAS,6,2010_06_IND_WAS,Mike Shanahan,mike_shanahan,
2010,ARI,7,2010_07_ARI_SEA,Ken Whisenhunt,ken_whisenhunt,
2010,ATL,7,2010_07_CIN_ATL,Mike Smith,mike_smith,
2010,BAL,7,2010_07_BUF_BAL,John Harbaugh,john_harbaugh,
2010,BUF,7,2010_07_BUF_BAL,Chan Gailey,chan_gailey,
2010,CAR,7,2010_07_SF_CAR,John Fox,john_fox,
2010,CHI,7,2010_07_WAS_CHI,Lovie Smith,lovie_smith,
2010,CIN,7,2010_07_CIN_ATL,Marvin Lewis,marvin_lewis,
2010,CLE,7,2010_07_CLE_NO,Eric Mangini,eric_mangini,
2010,DAL,7,2010_07_NYG_DAL,Wade Phillips,wade_phillips,
2010,DEN,7,2010_07_OAK_DEN,Josh McDaniels,josh_mcdaniels,
2010,GB,7,2010_07_MIN_GB,Mike McCarthy,mike_mccarthy,
2010,JAX,7,2010_07_JAX_KC,Jack Del Rio,jack_del_rio,
2010,KC,7,2010_07_JAX_KC,Todd Haley,todd_haley,
2010,LA,7,2010_07_STL_TB,Steve Spagnuolo,steve_spagnuolo,
2010,LAC,7,2010_07_NE_SD,Norv Turner,norv_turner,
2010,LV,7,2010_07_OAK_DEN,Tom Cable,tom_cable,
2010,MIA,7,2010_07_PIT_MIA,Tony Sparano,tony_sparano,
2010,MIN,7,2010_07_MIN_GB,Brad Childress,brad_childress,
2010,NE,7,2010_07_NE_SD,Bill Belichick,bill_belichick,
2010,NO,7,2010_07_CLE_NO,Sean Payton,sean_payton,
2010,NYG,7,2010_07_NYG_DAL,Tom Coughlin,tom_coughlin,
2010,PHI,7,2010_07_PHI_TEN,Andy Reid,andy_reid,
2010,PIT,7,2010_07_PIT_MIA,Mike Tomlin,mike_tomlin,
2010,SEA,7,2010_07_ARI_SEA,Pete Carroll,pete_carroll,
2010,SF,7,2010_07_SF_CAR,Mike Singletary,mike_singletary,
2010,TB,7,2010_07_STL_TB,Raheem Morris,raheem_morris,
2010,TEN,7,2010_07_PHI_TEN,Jeff Fisher,jeff_fisher,
2010,WAS,7,2010_07_WAS_CHI,Mike Shanahan,mike_shanahan,
2010,ARI,8,2010_08_TB_ARI,Ken Whisenhunt,ken_whisenhunt,
2010,BUF,8,2010_08_BUF_KC,Chan Gailey,chan_gailey,
2010,CAR,8,2010_08_CAR_STL,John Fox,john_fox,
2010,CIN,8,2010_08_MIA_CIN,Marvin Lewis,marvin_lewis,
2010,DAL,8,2010_08_JAX_DAL,Wade Phillips,wade_phillips,
2010,DEN,8,2010_08_DEN_SF,Josh McDaniels,josh_mcdaniels,
2010,DET,8,2010_08_WAS_DET,Jim Schwartz,jim_schwartz,
2010,GB,8,2010_08_GB_NYJ,Mike McCarthy,mike_mccarthy,
2010,HOU,8,2010_08_HOU_IND,Gary Kubiak,gary_kubiak,
2010,IND,8,2010_08_HOU_IND,Jim Caldwell,jim_caldwell,
2010,JAX,8,2010_08_JAX_DAL,Jack Del Rio,jack_del_rio,
2010,KC,8,2010_08_BUF_KC,Todd Haley,todd_haley,
2010,LA,8,2010_08_CAR_STL,Steve Spagnuolo,steve_spagnuolo,
2010,LAC,8,2010_08_TEN_SD,Norv Turner,norv_turner,
2010,LV,8,2010_08_SEA_OAK,Tom Cable,tom_cable,
2010,MIA,8,2010_08_MIA_CIN,Tony Sparano,tony_sparano,
2010,MIN,8,2010_08_MIN_NE,Brad Childress,brad_childress,
2010,NE,8,2010_08_MIN_NE,Bill Belichick,bill_belichick,
2010,NO,8,2010_08_PIT_NO,Sean Payton,sean_payton,
2010,NYJ,8,2010_08_GB_NYJ,Rex Ryan,rex_ryan,
2010,PIT,8,2010_08_PIT_NO,Mike Tomlin,mike_tomlin,
2010,SEA,8,2010_08_SEA_OAK,Pete Carroll,pete_carroll,
2010,SF,8,2010_08_DEN_SF,Mike Singletary,mike_singletary,
2010,TB,8,2010_08_TB_ARI,Raheem Morris,raheem_morris,
2010,TEN,8,2010_08_TEN_SD,Jeff Fisher,jeff_fisher,
2010,WAS,8,2010_08_WAS_DET,Mike Shanahan,mike_shanahan,
2010,ARI,9,2010_09_ARI_MIN,Ken Whisenhunt,ken_whisenhunt,
2010,ATL,9,2010_09_TB_ATL,Mike Smith,mike_smith,
2010,BAL,9,2010_09_MIA_BAL,John Harbaugh,john_harbaugh,
2010,BUF,9,2010_09_CHI_BUF,Chan Gailey,chan_gailey,
2010,CAR,9,2010_09_NO_CAR,John Fox,john_fox,
2010,CHI,9,2010_09_CHI_BUF,Lovie Smith,lovie_smith,
2010,CIN,9,2010_09_PIT_CIN,Marvin Lewis,marvin_lewis,
2010,CLE,9,2010_09_NE_CLE,Eric Mangini,eric_mangini,
2010,DAL,9,2010_09_DAL_GB,Wade Phillips,wade_phillips,
2010,DET,9,2010_09_NYJ_DET,Jim Schwartz,jim_schwartz,
2010,GB,9,2010_09_DAL_GB,Mike McCarthy,mike_mccarthy,
2010,HOU,9,2010_09_SD_HOU,Gary Kubiak,gary_kubiak,
2010,IND,9,2010_09_IND_PHI,Jim Caldwell,jim_caldwell,
2010,KC,9,2010_09_KC_OAK,Todd Haley,todd_haley,
2010,LAC,9,2010_09_SD_HOU,Norv Turner,norv_turner,
2010,LV,9,2010_09_KC_OAK,Tom Cable,tom_cable,
2010,MIA,9,2010_09_MIA_BAL,Tony Sparano,tony_sparano,
2010,MIN,9,2010_09_ARI_MIN,Brad Childress,brad_childress,
2010,NE,9,2010_09_NE_CLE,Bill Belichick,bill_belichick,
2010,NO,9,2010_09_NO_CAR,Sean Payton,sean_payton,
2010,NYG,9,2010_09_NYG_SEA,Tom Coughlin,tom_coughlin,
2010,NYJ,9,2010_09_NYJ_DET,Rex Ryan,rex_ryan,
2010,PHI,9,2010_09_IND_PHI,Andy Reid,andy_reid,
2010,PIT,9,2010_09_PIT_CIN,Mike Tomlin,mike_tomlin,
2010,SEA,9,2010_09_NYG_SEA,Pete Carroll,pete_carroll,
2010,TB,9,2010_09_TB_ATL,Raheem Morris,raheem_morris,
2010,ARI,10,2010_10_SEA_ARI,Ken Whisenhunt,ken_whisenhunt,
2010,ATL,10,2010_10_BAL_ATL,Mike Smith,mike_smith,
2010,BAL,10,2010_10_BAL_ATL,John Harbaugh,john_harbaugh,
2010,BUF,10,2010_10_DET_BUF,Chan Gailey,chan_gailey,
2010,CAR,10,2010_10_CAR_TB,John Fox,john_fox,
2010,CHI,10,2010_10_MIN_CHI,Lovie Smith,lovie_smith,
2010,CIN,10,2010_10_CIN_IND,Marvin Lewis,marvin_lewis,
2010,CLE,10,2010_10_NYJ_CLE,Eric Mangini,eric_mangini,
2010,DAL,10,2010_10_DAL_NYG,Jason Garrett,jason_garrett,
2010,DEN,10,2010_10_KC_DEN,Josh McDaniels,josh_mcdaniels,
2010,DET,10,2010_10_DET_BUF,Jim Schwartz,jim_schwartz,
2010,HOU,10,2010_10_HOU_JAX,Gary Kubiak,gary_kubiak,
2010,IND,10,2010_10_CIN_IND,Jim Caldwell,jim_caldwell,
2010,JAX,10,2010_10_HOU_JAX,Jack Del Rio,jack_del_rio,
2010,KC,10,2010_10_KC_DEN,Todd Haley,todd_haley,
2010,LA,10,2010_10_STL_SF,Steve Spagnuolo,steve_spagnuolo,
2010,MIA,10,2010_10_TEN_MIA,Tony Sparano,tony_sparano,
2010,MIN,10,2010_10_MIN_CHI,Brad Childress,brad_childress,
2010,NE,10,2010_10_NE_PIT,Bill Belichick,bill_belichick,
2010,NYG,10,2010_10_DAL_NYG,Tom Coughlin,tom_coughlin,
2010,NYJ,10,2010_10_NYJ_CLE,Rex Ryan,rex_ryan,
2010,PHI,10,2010_10_PHI_WAS,Andy Reid,andy_reid,
2010,PIT,10,2010_10_NE_PIT,Mike Tomlin,mike_tomlin,
2010,SEA,10,2010_10_SEA_ARI,Pete Carroll,pete_carroll,
2010,SF,10,2010_10_STL_SF,Mike Singletary,mike_singletary,
2010,TB,10,2010_10_CAR_TB,Raheem Morris,raheem_morris,
2010,TEN,10,2010_10_TEN_MIA,Jeff Fisher,jeff_fisher,
2010,WAS,10,2010_10_PHI_WAS,Mike Shanahan,mike_shanahan,
2010,ARI,11,2010_11_ARI_KC,Ken Whisenhunt,ken_whisenhunt,
2010,ATL,11,2010_11_ATL_STL,Mike Smith,mike_smith,
2010,BAL,11,2010_11_BAL_CAR,John Harbaugh,john_harbaugh,
2010,BUF,11,2010_11_BUF_CIN,Chan Gailey,chan_gailey,
2010,CAR,11,2010_11_BAL_CAR,John Fox,john_fox,
2010,CHI,11,2010_11_CHI_MIA,Lovie Smith,lovie_smith,
2010,CIN,11,2010_11_BUF_CIN,Marvin Lewis,marvin_lewis,
2010,CLE,11,2010_11_CLE_JAX,Eric Mangini,eric_mangini,
2010,DAL,11,2010_11_DET_DAL,Jason Garrett,jason_garrett,
2010,DEN,11,2010_11_DEN_SD,Josh McDaniels,josh_mcdaniels,
2010,DET,11,2010_11_DET_DAL,Jim Schwartz,jim_schwartz,
2010,GB,11,2010_11_GB_MIN,Mike McCarthy,mike_mccarthy,
2010,HOU,11,2010_11_HOU_NYJ,Gary Kubiak,gary_kubiak,
2010,IND,11,2010_11_IND_NE,Jim Caldwell,jim_caldwell,
2010,JAX,11,2010_11_CLE_JAX,Jack Del Rio,jack_del_rio,
2010,KC,11,2010_11_ARI_KC,Todd Haley,todd_haley,
2010,LA,11,2010_11_ATL_STL,Steve Spagnuolo,steve_spagnuolo,
2010,LAC,11,2010_11_DEN_SD,Norv Turner,norv_turner,
2010,LV,11,2010_11_OAK_PIT,Tom Cable,tom_cable,
2010,MIA,11,2010_11_CHI_MIA,Tony Sparano,tony_sparano,
2010,MIN,11,2010_11_GB_MIN,Brad Childress,brad_childress,
2010,NE,11,2010_11_IND_NE,Bill Belichick,bill_belichick,
2010,NO,11,2010_11_SEA_NO,Sean Payton,sean_payton,
2010,NYG,11,2010_11_NYG_PHI,Tom Coughlin,tom_coughlin,
2010,NYJ,11,2010_11_HOU_NYJ,Rex Ryan,rex_ryan,
2010,PHI,11,2010_11_NYG_PHI,Andy Reid,andy_reid,
2010,PIT,11,2010_11_OAK_PIT,Mike Tomlin,mike_tomlin,
2010,SEA,11,2010_11_SEA_NO,Pete Carroll,pete_carroll,
2010,SF,11,2010_11_TB_SF,Mike Singletary,mike_singletary,
2010,TB,11,2010_11_TB_SF,Raheem Morris,raheem_morris,
2010,TEN,11,2010_11_WAS_TEN,Jeff Fisher,jeff_fisher,
2010,WAS,11,2010_11_WAS_TEN,Mike Shanahan,mike_shanahan,
2010,ARI,12,2010_12_SF_ARI,Ken Whisenhunt,ken_whisenhunt,
2010,ATL,12,2010_12_GB_ATL,Mike Smith,mike_smith,
2010,BAL,12,2010_12_TB_BAL,John Harbaugh,john_harbaugh,
2010,BUF,12,2010_12_PIT_BUF,Chan Gailey,chan_gailey,
2010,CAR,12,2010_12_CAR_CLE,John Fox,john_fox,
2010,CHI,12,2010_12_PHI_CHI,Lovie Smith,lovie_smith,
2010,CIN,12,2010_12_CIN_NYJ,Marvin Lewis,marvin_lewis,
2010,CLE,12,2010_12_CAR_CLE,Eric Mangini,eric_mangini,
2010,DAL,12,2010_12_NO_DAL,Jason Garrett,jason_garrett,
2010,DEN,12,2010_12_STL_DEN,Josh McDaniels,josh_mcdaniels,
2010,DET,12,2010_12_NE_DET,Jim Schwartz,jim_schwartz,
2010,GB,12,2010_12_GB_ATL,Mike McCarthy,mike_mccarthy,
2010,HOU,12,2010_12_TEN_HOU,Gary Kubiak,gary_kubiak,
2010,IND,12,2010_12_SD_IND,Jim Caldwell,jim_caldwell,
2010,JAX,12,2010_12_JAX_NYG,Jack Del Rio,jack_del_rio,
2010,KC,12,2010_12_KC_SEA,Todd Haley,todd_haley,
2010,LA,12,2010_12_STL_DEN,Steve Spagnuolo,steve_spagnuolo,
2010,LAC,12,2010_12_SD_IND,Norv Turner,norv_turner,
2010,LV,12,2010_12_MIA_OAK,Tom Cable,tom_cable,
2010,MIA,12,2010_12_MIA_OAK,Tony Sparano,tony_sparano,
2010,MIN,12,2010_12_MIN_WAS,Leslie Frazier,leslie_frazier,
2010,NE,12,2010_12_NE_DET,Bill Belichick,bill_belichick,
2010,NO,12,2010_12_NO_DAL,Sean Payton,sean_payton,
2010,NYG,12,2010_12_JAX_NYG,Tom Coughlin,tom_coughlin,
2010,NYJ,12,2010_12_CIN_NYJ,Rex Ryan,rex_ryan,
2010,PHI,12,2010_12_PHI_CHI,Andy Reid,andy_reid,
2010,PIT,12,2010_12_PIT_BUF,Mike Tomlin,mike_tomlin,
2010,SEA,12,2010_12_KC_SEA,Pete Carroll,pete_carroll,
2010,SF,12,2010_12_SF_ARI,Mike Singletary,mike_singletary,
2010,TB,12,2010_12_TB_BAL,Raheem Morris,raheem_morris,
2010,TEN,12,2010_12_TEN_HOU,Jeff Fisher,jeff_fisher,
2010,WAS,12,2010_12_MIN_WAS,Mike Shanahan,mike_shanahan,
2010,ARI,13,2010_13_STL_ARI,Ken Whisenhunt,ken_whisenhunt,
2010,ATL,13,2010_13_ATL_TB,Mike Smith,mike_smith,
2010,BAL,13,2010_13_PIT_BAL,John Harbaugh,john_harbaugh,
2010,BUF,13,2010_13_BUF_MIN,Chan Gailey,chan_gailey,
2010,CAR,13,2010_13_CAR_SEA,John Fox,john_fox,
2010,CHI,13,2010_13_CHI_DET,Lovie Smith,lovie_smith,
2010,CIN,13,2010_13_NO_CIN,Marvin Lewis,marvin_lewis,
2010,CLE,13,2010_13_CLE_MIA,Eric Mangini,eric_mangini,
2010,DAL,13,2010_13_DAL_IND,Jason Garrett,jason_garrett,
2010,DEN,13,2010_13_DEN_KC,Josh McDaniels,josh_mcdaniels,
2010,DET,13,2010_13_CHI_DET,Jim Schwartz,jim_schwartz,
2010,GB,13,2010_13_SF_GB,Mike McCarthy,mike_mccarthy,
2010,HOU,13,2010_13_HOU_PHI,Gary Kubiak,gary_kubiak,
2010,IND,13,2010_13_DAL_IND,Jim Caldwell,jim_caldwell,
2010,JAX,13,2010_13_JAX_TEN,Jack Del Rio,jack_del_rio,
2010,KC,13,2010_13_DEN_KC,Todd Haley,todd_haley,
2010,LA,13,2010_13_STL_ARI,Steve Spagnuolo,steve_spagnuolo,
2010,LAC,13,2010_13_OAK_SD,Norv Turner,norv_turner,
2010,LV,13,2010_13_OAK_SD,Tom Cable,tom_cable,
2010,MIA,13,2010_13_CLE_MIA,Tony Sparano,tony_sparano,
2010,MIN,13,2010_13_BUF_MIN,Leslie Frazier,leslie_frazier,
2010,NE,13,2010_13_NYJ_NE,Bill Belichick,bill_belichick,
2010,NO,13,2010_13_NO_CIN,Sean Payton,sean_payton,
2010,NYG,13,2010_13_WAS_NYG,Tom Coughlin,tom_coughlin,
2010,NYJ,13,2010_13_NYJ_NE,Rex Ryan,rex_ryan,
2010,PHI,13,2010_13_HOU_PHI,Andy Reid,andy_reid,
2010,PIT,13,2010_13_PIT_BAL,Mike Tomlin,mike_tomlin,
2010,SEA,13,2010_13_CAR_SEA,Pete Carroll,pete_carroll,
2010,SF,13,2010_13_SF_GB,Mike Singletary,mike_singletary,
2010,TB,13,2010_13_ATL_TB,Raheem Morris,raheem_morris,
2010,TEN,13,2010_13_JAX_TEN,Jeff Fisher,jeff_fisher,
2010,WAS,13,2010_13_WAS_NYG,Mike Shanahan,mike_shanahan,
2010,ARI,14,2010_14_DEN_ARI,Ken Whisenhunt,ken_whisenhunt,
2010,ATL,14,2010_14_ATL_CAR,Mike Smith,mike_smith,
2010,BAL,14,2010_14_BAL_HOU,John Harbaugh,john_harbaugh,
2010,BUF,14,2010_14_CLE_BUF,Chan Gailey,chan_gailey,
2010,CAR,14,2010_14_ATL_CAR,John Fox,john_fox,
2010,CHI,14,2010_14_NE_CHI,Lovie Smith,lovie_smith,
2010,CIN,14,2010_14_CIN_PIT,Marvin Lewis,marvin_lewis,
2010,CLE,14,2010_14_CLE_BUF,Eric Mangini,eric_mangini,
2010,DAL,14,2010_14_PHI_DAL,Jason Garrett,jason_garrett,
2010,DEN,14,2010_14_DEN_ARI,Eric Studesville,eric_studesville,
2010,DET,14,2010_14_GB_DET,Jim Schwartz,jim_schwartz,
2010,GB,14,2010_14_GB_DET,Mike McCarthy,mike_mccarthy,
2010,HOU,14,2010_14_BAL_HOU,Gary Kubiak,gary_kubiak,
2010,IND,14,2010_14_IND_TEN,Jim Caldwell,jim_caldwell,
2010,JAX,14,2010_14_OAK_JAX,Jack Del Rio,jack_del_rio,
2010,KC,14,2010_14_KC_SD,Todd Haley,todd_haley,
2010,LA,14,2010_14_STL_NO,Steve Spagnuolo,steve_spagnuolo,
2010,LAC,14,2010_14_KC_SD,Norv Turner,norv_turner,
2010,LV,14,2010_14_OAK_JAX,Tom Cable,tom_cable,
2010,MIA,14,2010_14_MIA_NYJ,Tony Sparano,tony_sparano,
2010,MIN,14,2010_14_NYG_MIN,Leslie Frazier,leslie_frazier,
2010,NE,14,2010_14_NE_CHI,Bill Belichick,bill_belichick,
2010,NO,14,2010_14_STL_NO,Sean Payton,sean_payton,
2010,NYG,14,2010_14_NYG_MIN,Tom Coughlin,tom_coughlin,
2010,NYJ,14,2010_14_MIA_NYJ,Rex Ryan,rex_ryan,
2010,PHI,14,2010_14_PHI_DAL,Andy Reid,andy_reid,
2010,PIT,14,2010_14_CIN_PIT,Mike Tomlin,mike_tomlin,
2010,SEA,14,2010_14_SEA_SF,Pete Carroll,pete_carroll,
2010,SF,14,2010_14_SEA_SF,Mike Singletary,mike_singletary,
2010,TB,14,2010_14_TB_WAS,Raheem Morris,raheem_morris,
2010,TEN,14,2010_14_IND_TEN,Jeff Fisher,jeff_fisher,
2010,WAS,14,2010_14_TB_WAS,Mike Shanahan,mike_shanahan,
2010,ARI,15,2010_15_ARI_CAR,Ken Whisenhunt,ken_whisenhunt,
2010,ATL,15,2010_15_ATL_SEA,Mike Smith,mike_smith,
2010,BAL,15,2010_15_NO_BAL,John Harbaugh,john_harbaugh,
2010,BUF,15,2010_15_BUF_MIA,Chan Gailey,chan_gailey,
2010,CAR,15,2010_15_ARI_CAR,John Fox,john_fox,
2010,CHI,15,2010_15_CHI_MIN,Lovie Smith,lovie_smith,
2010,CIN,15,2010_15_CLE_CIN,Marvin Lewis,marvin_lewis,
2010,CLE,15,2010_15_CLE_CIN,Eric Mangini,eric_mangini,
2010,DAL,15,2010_15_WAS_DAL,Jason Garrett,jason_garrett,
2010,DEN,15,2010_15_DEN_OAK,Eric Studesville,eric_studesville,
2010,DET,15,2010_15_DET_TB,Jim Schwartz,jim_schwartz,
2010,GB,15,2010_15_GB_NE,Mike McCarthy,mike_mccarthy,
2010,HOU,15,2010_15_HOU_TEN,Gary Kubiak,gary_kubiak,
2010,IND,15,2010_15_JAX_IND,Jim Caldwell,jim_caldwell,
2010,JAX,15,2010_15_JAX_IND,Jack Del Rio,jack_del_rio,
2010,KC,15,2010_15_KC_STL,Todd Haley,todd_haley,
2010,LA,15,2010_15_KC_STL,Steve Spagnuolo,steve_spagnuolo,
2010,LAC,15,2010_15_SF_SD,Norv Turner,norv_turner,
2010,LV,15,2010_15_DEN_OAK,Tom Cable,tom_cable,
2010,MIA,15,2010_15_BUF_MIA,Tony Sparano,tony_sparano,
2010,MIN,15,2010_15_CHI_MIN,Leslie Frazier,leslie_frazier,
2010,NE,15,2010_15_GB_NE,Bill Belichick,bill_belichick,
2010,NO,15,2010_15_NO_BAL,Sean Payton,sean_payton,
2010,NYG,15,2010_15_PHI_NYG,Tom Coughlin,tom_coughlin,
2010,NYJ,15,2010_15_NYJ_PIT,Rex Ryan,rex_ryan,
2010,PHI,15,2010_15_PHI_NYG,Andy Reid,andy_reid,
2010,PIT,15,2010_15_NYJ_PIT,Mike Tomlin,mike_tomlin,
2010,SEA,15,2010_15_ATL_SEA,Pete Carroll,pete_carroll,
2010,SF,15,2010_15_SF_SD,Mike Singletary,mike_singletary,
2010,TB,15,2010_15_DET_TB,Raheem Morris,raheem_morris,
2010,TEN,15,2010_15_HOU_TEN,Jeff Fisher,jeff_fisher,
2010,WAS,15,2010_15_WAS_DAL,Mike Shanahan,mike_shanahan,
2010,ARI,16,2010_16_DAL_ARI,Ken Whisenhunt,ken_whisenhunt,
2010,ATL,16,2010_16_NO_ATL,Mike Smith,mike_smith,
2010,BAL,16,2010_16_BAL_CLE,John Harbaugh,john_harbaugh,
2010,BUF,16,2010_16_NE_BUF,Chan Gailey,chan_gailey,
2010,CAR,16,2010_16_CAR_PIT,John Fox,john_fox,
2010,CHI,16,2010_16_NYJ_CHI,Lovie Smith,lovie_smith,
2010,CIN,16,2010_16_SD_CIN,Marvin Lewis,marvin_lewis,
2010,CLE,16,2010_16_BAL_CLE,Eric Mangini,eric_mangini,
2010,DAL,16,2010_16_DAL_ARI,Jason Garrett,jason_garrett,
2010,DEN,16,2010_16_HOU_DEN,Eric Studesville,eric_studesville,
2010,DET,16,2010_16_DET_MIA,Jim Schwartz,jim_schwartz,
2010,GB,16,2010_16_NYG_GB,Mike McCarthy,mike_mccarthy,
2010,HOU,16,2010_16_HOU_DEN,Gary Kubiak,gary_kubiak,
2010,IND,16,2010_16_IND_OAK,Jim Caldwell,jim_caldwell,
2010,JAX,16,2010_16_WAS_JAX,Jack Del Rio,jack_del_rio,
2010,KC,16,2010_16_TEN_KC,Todd Haley,todd_haley,
2010,LA,16,2010_16_SF_STL,Steve Spagnuolo,steve_spagnuolo,
2010,LAC,16,2010_16_SD_CIN,Norv Turner,norv_turner,
2010,LV,16,2010_16_IND_OAK,Tom Cable,tom_cable,
2010,MIA,16,2010_16_DET_MIA,Tony Sparano,tony_sparano,
2010,MIN,16,2010_16_MIN_PHI,Leslie Frazier,leslie_frazier,
2010,NE,16,2010_16_NE_BUF,Bill Belichick,bill_belichick,
2010,NO,16,2010_16_NO_ATL,Sean Payton,sean_payton,
2010,NYG,16,2010_16_NYG_GB,Tom Coughlin,tom_coughlin,
2010,NYJ,16,2010_16_NYJ_CHI,Rex Ryan,rex_ryan,
2010,PHI,16,2010_16_MIN_PHI,Andy Reid,andy_reid,
2010,PIT,16,2010_16_CAR_PIT,Mike Tomlin,mike_tomlin,
2010,SEA,16,2010_16_SEA_TB,Pete Carroll,pete_carroll,
2010,SF,16,2010_16_SF_STL,Mike Singletary,mike_singletary,
2010,TB,16,2010_16_SEA_TB,Raheem Morris,raheem_morris,
2010,TEN,16,2010_16_TEN_KC,Jeff Fisher,jeff_fisher,
2010,WAS,16,2010_16_WAS_JAX,Mike Shanahan,mike_shanahan,
2010,ARI,17,2010_17_ARI_SF,Ken Whisenhunt,ken_whisenhunt,
2010,ATL,17,2010_17_CAR_ATL,Mike Smith,mike_smith,
2010,BAL,17,2010_17_CIN_BAL,John Harbaugh,john_harbaugh,
2010,BUF,17,2010_17_BUF_NYJ,Chan Gailey,chan_gailey,
2010,CAR,17,2010_17_CAR_ATL,John Fox,john_fox,
2010,CHI,17,2010_17_CHI_GB,Lovie Smith,lovie_smith,
2010,CIN,17,2010_17_CIN_BAL,Marvin Lewis,marvin_lewis,
2010,CLE,17,2010_17_PIT_CLE,Eric Mangini,eric_mangini,
2010,DAL,17,2010_17_DAL_PHI,Jason Garrett,jason_garrett,
2010,DEN,17,2010_17_SD_DEN,Eric Studesville,eric_studesville,
2010,DET,17,2010_17_MIN_DET,Jim Schwartz,jim_schwartz,
2010,GB,17,2010_17_CHI_GB,Mike McCarthy,mike_mccarthy,
2010,HOU,17,2010_17_JAX_HOU,Gary Kubiak,gary_kubiak,
2010,IND,17,2010_17_TEN_IND,Jim Caldwell,jim_caldwell,
2010,JAX,17,2010_17_JAX_HOU,Jack Del Rio,jack_del_rio,
2010,KC,17,2010_17_OAK_KC,Todd Haley,todd_haley,
2010,LA,17,2010_17_STL_SEA,Steve Spagnuolo,steve_spagnuolo,
2010,LAC,17,2010_17_SD_DEN,Norv Turner,norv_turner,
2010,LV,17,2010_17_OAK_KC,Tom Cable,tom_cable,
2010,MIA,17,2010_17_MIA_NE,Tony Sparano,tony_sparano,
2010,MIN,17,2010_17_MIN_DET,Leslie Frazier,leslie_frazier,
2010,NE,17,2010_17_MIA_NE,Bill Belichick,bill_belichick,
2010,NO,17,2010_17_TB_NO,Sean Payton,sean_payton,
2010,NYG,17,2010_17_NYG_WAS,Tom Coughlin,tom_coughlin,
2010,NYJ,17,2010_17_BUF_NYJ,Rex Ryan,rex_ryan,
2010,PHI,17,2010_17_DAL_PHI,Andy Reid,andy_reid,
2010,PIT,17,2010_17_PIT_CLE,Mike Tomlin,mike_tomlin,
2010,SEA,17,2010_17_STL_SEA,Pete Carroll,pete_carroll,
2010,SF,17,2010_17_ARI_SF,Jim Tomsula,jim_tomsula,
2010,TB,17,2010_17_TB_NO,Raheem Morris,raheem_morris,
2010,TEN,17,2010_17_TEN_IND,Jeff Fisher,jeff_fisher,
2010,WAS,17,2010_17_NYG_WAS,Mike Shanahan,mike_shanahan,
2011,ARI,1,2011_01_CAR_ARI,Ken Whisenhunt,ken_whisenhunt,
2011,ATL,1,2011_01_ATL_CHI,Mike Smith,mike_smith,
2011,BAL,1,2011_01_PIT_BAL,John Harbaugh,john_harbaugh,
2011,BUF,1,2011_01_BUF_KC,Chan Gailey,chan_gailey,
2011,CAR,1,2011_01_CAR_ARI,Ron Rivera,ron_rivera,
2011,CHI,1,2011_01_ATL_CHI,Lovie Smith,lovie_smith,
2011,CIN,1,2011_01_CIN_CLE,Marvin Lewis,marvin_lewis,
2011,CLE,1,2011_01_CIN_CLE,Pat Shurmur,pat_shurmur,
2011,DAL,1,2011_01_DAL_NYJ,Jason Garrett,jason_garrett,
2011,DEN,1,2011_01_OAK_DEN,John Fox,john_fox,
2011,DET,1,2011_01_DET_TB,Jim Schwartz,jim_schwartz,
2011,GB,1,2011_01_NO_GB,Mike McCarthy,mike_mccarthy,
2011,HOU,1,2011_01_IND_HOU,Gary Kubiak,gary_kubiak,
2011,IND,1,2011_01_IND_HOU,Jim Caldwell,jim_caldwell,
2011,JAX,1,2011_01_TEN_JAX,Jack Del Rio,jack_del_rio,
2011,KC,1,2011_01_BUF_KC,Todd Haley,todd_haley,
2011,LA,1,2011_01_PHI_STL,Steve Spagnuolo,steve_spagnuolo,
2011,LAC,1,2011_01_MIN_SD,Norv Turner,norv_turner,
2011,LV,1,2011_01_OAK_DEN,Hue Jackson,hue_jackson,
2011,MIA,1,2011_01_NE_MIA,Tony Sparano,tony_sparano,
2011,MIN,1,2011_01_MIN_SD,Leslie Frazier,leslie_frazier,
2011,NE,1,2011_01_NE_MIA,Bill Belichick,bill_belichick,
2011,NO,1,2011_01_NO_GB,Sean Payton,sean_payton,
2011,NYG,1,2011_01_NYG_WAS,Tom Coughlin,tom_coughlin,
2011,NYJ,1,2011_01_DAL_NYJ,Rex Ryan,rex_ryan,
2011,PHI,1,2011_01_PHI_STL,Andy Reid,andy_reid,
2011,PIT,1,2011_01_PIT_BAL,Mike Tomlin,mike_tomlin,
2011,SEA,1,2011_01_SEA_SF,Pete Carroll,pete_carroll,
2011,SF,1,2011_01_SEA_SF,Jim Harbaugh,jim_harbaugh,
2011,TB,1,2011_01_DET_TB,Raheem Morris,raheem_morris,
2011,TEN,1,2011_01_TEN_JAX,Mike Munchak,mike_munchak,
2011,WAS,1,2011_01_NYG_WAS,Mike Shanahan,mike_shanahan,
2011,ARI,2,2011_02_ARI_WAS,Ken Whisenhunt,ken_whisenhunt,
2011,ATL,2,2011_02_PHI_ATL,Mike Smith,mike_smith,
2011,BAL,2,2011_02_BAL_TEN,John Harbaugh,john_harbaugh,
2011,BUF,2,2011_02_OAK_BUF,Chan Gailey,chan_gailey,
2011,CAR,2,2011_02_GB_CAR,Ron Rivera,ron_rivera,
2011,CHI,2,2011_02_CHI_NO,Lovie Smith,lovie_smith,
2011,CIN,2,2011_02_CIN_DEN,Marvin Lewis,marvin_lewis,
2011,CLE,2,2011_02_CLE_IND,Pat Shurmur,pat_shurmur,
2011,DAL,2,2011_02_DAL_SF,Jason Garrett,jason_garrett,
2011,DEN,2,2011_02_CIN_DEN,John Fox,john_fox,
2011,DET,2,2011_02_KC_DET,Jim Schwartz,jim_schwartz,
2011,GB,2,2011_02_GB_CAR,Mike McCarthy,mike_mccarthy,
2011,HOU,2,2011_02_HOU_MIA,Gary Kubiak,gary_kubiak,
2011,IND,2,2011_02_CLE_IND,Jim Caldwell,jim_caldwell,
2011,JAX,2,2011_02_JAX_NYJ,Jack Del Rio,jack_del_rio,
2011,KC,2,2011_02_KC_DET,Todd Haley,todd_haley,
2011,LA,2,2011_02_STL_NYG,Steve Spagnuolo,steve_spagnuolo,
2011,LAC,2,2011_02_SD_NE,Norv Turner,norv_turner,
2011,LV,2,2011_02_OAK_BUF,Hue Jackson,hue_jackson,
2011,MIA,2,2011_02_HOU_MIA,Tony Sparano,tony_sparano,
2011,MIN,2,2011_02_TB_MIN,Leslie Frazier,leslie_frazier,
2011,NE,2,2011_02_SD_NE,Bill Belichick,bill_belichick,
2011,NO,2,2011_02_CHI_NO,Sean Payton,sean_payton,
2011,NYG,2,2011_02_STL_NYG,Tom Coughlin,tom_coughlin,
2011,NYJ,2,2011_02_JAX_NYJ,Rex Ryan,rex_ryan,
2011,PHI,2,2011_02_PHI_ATL,Andy Reid,andy_reid,
2011,PIT,2,2011_02_SEA_PIT,Mike Tomlin,mike_tomlin,
2011,SEA,2,2011_02_SEA_PIT,Pete Carroll,pete_carroll,
2011,SF,2,2011_02_DAL_SF,Jim Harbaugh,jim_harbaugh,
2011,TB,2,2011_02_TB_MIN,Raheem Morris,raheem_morris,
2011,TEN,2,2011_02_BAL_TEN,Mike Munchak,mike_munchak,
2011,WAS,2,2011_02_ARI_WAS,Mike Shanahan,mike_shanahan,
2011,ARI,3,2011_03_ARI_SEA,Ken Whisenhunt,ken_whisenhunt,
2011,ATL,3,2011_03_ATL_TB,Mike Smith,mike_smith,
2011,BAL,3,2011_03_BAL_STL,John Harbaugh,john_harbaugh,
2011,BUF,3,2011_03_NE_BUF,Chan Gailey,chan_gailey,
2011,CAR,3,2011_03_JAX_CAR,Ron Rivera,ron_rivera,
2011,CHI,3,2011_03_GB_CHI,Lovie Smith,lovie_smith,
2011,CIN,3,2011_03_SF_CIN,Marvin Lewis,marvin_lewis,
2011,CLE,3,2011_03_MIA_CLE,Pat Shurmur,pat_shurmur,
2011,DAL,3,2011_03_WAS_DAL,Jason Garrett,jason_garrett,
2011,DEN,3,2011_03_DEN_TEN,John Fox,john_fox,
2011,DET,3,2011_03_DET_MIN,Jim Schwartz,jim_schwartz,
2011,GB,3,2011_03_GB_CHI,Mike McCarthy,mike_mccarthy,
2011,HOU,3,2011_03_HOU_NO,Gary Kubiak,gary_kubiak,
2011,IND,3,2011_03_PIT_IND,Jim Caldwell,jim_caldwell,
2011,JAX,3,2011_03_JAX_CAR,Jack Del Rio,jack_del_rio,
2011,KC,3,2011_03_KC_SD,Todd Haley,todd_haley,
2011,LA,3,2011_03_BAL_STL,Steve Spagnuolo,steve_spagnuolo,
2011,LAC,3,2011_03_KC_SD,Norv Turner,norv_turner,
2011,LV,3,2011_03_NYJ_OAK,Hue Jackson,hue_jackson,
2011,MIA,3,2011_03_MIA_CLE,Tony Sparano,tony_sparano,
2011,MIN,3,2011_03_DET_MIN,Leslie Frazier,leslie_frazier,
2011,NE,3,2011_03_NE_BUF,Bill Belichick,bill_belichick,
2011,NO,3,2011_03_HOU_NO,Sean Payton,sean_payton,
2011,NYG,3,2011_03_NYG_PHI,Tom Coughlin,tom_coughlin,
2011,NYJ,3,2011_03_NYJ_OAK,Rex Ryan,rex_ryan,
2011,PHI,3,2011_03_NYG_PHI,Andy Reid,andy_reid,
2011,PIT,3,2011_03_PIT_IND,Mike Tomlin,mike_tomlin,
2011,SEA,3,2011_03_ARI_SEA,Pete Carroll,pete_carroll,
2011,SF,3,2011_03_SF_CIN,Jim Harbaugh,jim_harbaugh,
2011,TB,3,2011_03_ATL_TB,Raheem Morris,raheem_morris,
2011,TEN,3,2011_03_DEN_TEN,Mike Munchak,mike_munchak,
2011,WAS,3,2011_03_WAS_DAL,Mike Shanahan,mike_shanahan,
2011,ARI,4,2011_04_NYG_ARI,Ken Whisenhunt,ken_whisenhunt,
2011,ATL,4,2011_04_ATL_SEA,Mike Smith,mike_smith,
2011,BAL,4,2011_04_NYJ_BAL,John Harbaugh,john_harbaugh,
2011,BUF,4,2011_04_BUF_CIN,Chan Gailey,chan_gailey,
2011,CAR,4,2011_04_CAR_CHI,Ron Rivera,ron_rivera,
2011,CHI,4,2011_04_CAR_CHI,Lovie Smith,lovie_smith,
2011,CIN,4,2011_04_BUF_CIN,Marvin Lewis,marvin_lewis,
2011,CLE,4,2011_04_TEN_CLE,Pat Shurmur,pat_shurmur,
2011,DAL,4,2011_04_DET_DAL,Jason Garrett,jason_garrett,
2011,DEN,4,2011_04_DEN_GB,John Fox,john_fox,
2011,DET,4,2011_04_DET_DAL,Jim Schwartz,jim_schwartz,
2011,GB,4,2011_04_DEN_GB,Mike McCarthy,mike_mccarthy,
2011,HOU,4,2011_04_PIT_HOU,Gary Kubiak,gary_kubiak,
2011,IND,4,2011_04_IND_TB,Jim Caldwell,jim_caldwell,
2011,JAX,4,2011_04_NO_JAX,Jack Del Rio,jack_del_rio,
2011,KC,4,2011_04_MIN_KC,Todd Haley,todd_haley,
2011,LA,4,2011_04_WAS_STL,Steve Spagnuolo,steve_spagnuolo,
2011,LAC,4,2011_04_MIA_SD,Norv Turner,norv_turner,
2011,LV,4,2011_04_NE_OAK,Hue Jackson,hue_jackson,
2011,MIA,4,2011_04_MIA_SD,Tony Sparano,tony_sparano,
2011,MIN,4,2011_04_MIN_KC,Leslie Frazier,leslie_frazier,
2011,NE,4,2011_04_NE_OAK,Bill Belichick,bill_belichick,
2011,NO,4,2011_04_NO_JAX,Sean Payton,sean_payton,
2011,NYG,4,2011_04_NYG_ARI,Tom Coughlin,tom_coughlin,
2011,NYJ,4,2011_04_NYJ_BAL,Rex Ryan,rex_ryan,
2011,PHI,4,2011_04_SF_PHI,Andy Reid,andy_reid,
2011,PIT,4,2011_04_PIT_HOU,Mike Tomlin,mike_tomlin,
2011,SEA,4,2011_04_ATL_SEA,Pete Carroll,pete_carroll,
2011,SF,4,2011_04_SF_PHI,Jim Harbaugh,jim_harbaugh,
2011,TB,4,2011_04_IND_TB,Raheem Morris,raheem_morris,
2011,TEN,4,2011_04_TEN_CLE,Mike Munchak,mike_munchak,
2011,WAS,4,2011_04_WAS_STL,Mike Shanahan,mike_shanahan,
2011,ARI,5,2011_05_ARI_MIN,Ken Whisenhunt,ken_whisenhunt,
2011,ATL,5,2011_05_GB_ATL,Mike Smith,mike_smith,
2011,BUF,5,2011_05_PHI_BUF,Chan Gailey,chan_gailey,
2011,CAR,5,2011_05_NO_CAR,Ron Rivera,ron_rivera,
2011,CHI,5,2011_05_CHI_DET,Lovie Smith,lovie_smith,
2011,CIN,5,2011_05_CIN_JAX,Marvin Lewis,marvin_lewis,
2011,DEN,5,2011_05_SD_DEN,John Fox,john_fox,
2011,DET,5,2011_05_CHI_DET,Jim Schwartz,jim_schwartz,
2011,GB,5,2011_05_GB_ATL,Mike McCarthy,mike_mccarthy,
2011,HOU,5,2011_05_OAK_HOU,Gary Kubiak,gary_kubiak,
2011,IND,5,2011_05_KC_IND,Jim Caldwell,jim_caldwell,
2011,JAX,5,2011_05_CIN_JAX,Jack Del Rio,jack_del_rio,
2011,KC,5,2011_05_KC_IND,Todd Haley,todd_haley,
2011,LAC,5,2011_05_SD_DEN,Norv Turner,norv_turner,
2011,LV,5,2011_05_OAK_HOU,Hue Jackson,hue_jackson,
2011,MIN,5,2011_05_ARI_MIN,Leslie Frazier,leslie_frazier,
2011,NE,5,2011_05_NYJ_NE,Bill Belichick,bill_belichick,
2011,NO,5,2011_05_NO_CAR,Sean Payton,sean_payton,
2011,NYG,5,2011_05_SEA_NYG,Tom Coughlin,tom_coughlin,
2011,NYJ,5,2011_05_NYJ_NE,Rex Ryan,rex_ryan,
2011,PHI,5,2011_05_PHI_BUF,Andy Reid,andy_reid,
2011,PIT,5,2011_05_TEN_PIT,Mike Tomlin,mike_tomlin,
2011,SEA,5,2011_05_SEA_NYG,Pete Carroll,pete_carroll,
2011,SF,5,2011_05_TB_SF,Jim Harbaugh,jim_harbaugh,
2011,TB,5,2011_05_TB_SF,Raheem Morris,raheem_morris,
2011,TEN,5,2011_05_TEN_PIT,Mike Munchak,mike_munchak,
2011,ATL,6,2011_06_CAR_ATL,Mike Smith,mike_smith,
2011,BAL,6,2011_06_HOU_BAL,John Harbaugh,john_harbaugh,
2011,BUF,6,2011_06_BUF_NYG,Chan Gailey,chan_gailey,
2011,CAR,6,2011_06_CAR_ATL,Ron Rivera,ron_rivera,
2011,CHI,6,2011_06_MIN_CHI,Lovie Smith,lovie_smith,
2011,CIN,6,2011_06_IND_CIN,Marvin Lewis,marvin_lewis,
2011,CLE,6,2011_06_CLE_OAK,Pat Shurmur,pat_shurmur,
2011,DAL,6,2011_06_DAL_NE,Jason Garrett,jason_garrett,
2011,DET,6,2011_06_SF_DET,Jim Schwartz,jim_schwartz,
2011,GB,6,2011_06_STL_GB,Mike McCarthy,mike_mccarthy,
2011,HOU,6,2011_06_HOU_BAL,Gary Kubiak,gary_kubiak,
2011,IND,6,2011_06_IND_CIN,Jim Caldwell,jim_caldwell,
2011,JAX,6,2011_06_JAX_PIT,Jack Del Rio,jack_del_rio,
2011,LA,6,2011_06_STL_GB,Steve Spagnuolo,steve_spagnuolo,
2011,LV,6,2011_06_CLE_OAK,Hue Jackson,hue_jackson,
2011,MIA,6,2011_06_MIA_NYJ,Tony Sparano,tony_sparano,
2011,MIN,6,2011_06_MIN_CHI,Leslie Frazier,leslie_frazier,
2011,NE,6,2011_06_DAL_NE,Bill Belichick,bill_belichick,
2011,NO,6,2011_06_NO_TB,Sean Payton,sean_payton,
2011,NYG,6,2011_06_BUF_NYG,Tom Coughlin,tom_coughlin,
2011,NYJ,6,2011_06_MIA_NYJ,Rex Ryan,rex_ryan,
2011,PHI,6,2011_06_PHI_WAS,Andy Reid,andy_reid,
2011,PIT,6,2011_06_JAX_PIT,Mike Tomlin,mike_tomlin,
2011,SF,6,2011_06_SF_DET,Jim Harbaugh,jim_harbaugh,
2011,TB,6,2011_06_NO_TB,Raheem Morris,raheem_morris,
2011,WAS,6,2011_06_PHI_WAS,Mike Shanahan,mike_shanahan,
2011,ARI,7,2011_07_PIT_ARI,Ken Whisenhunt,ken_whisenhunt,
2011,ATL,7,2011_07_ATL_DET,Mike Smith,mike_smith,
2011,BAL,7,2011_07_BAL_JAX,John Harbaugh,john_harbaugh,
2011,CAR,7,2011_07_WAS_CAR,Ron Rivera,ron_rivera,
2011,CHI,7,2011_07_CHI_TB,Lovie Smith,lovie_smith,
2011,CLE,7,2011_07_SEA_CLE,Pat Shurmur,pat_shurmur,
2011,DAL,7,2011_07_STL_DAL,Jason Garrett,jason_garrett,
2011,DEN,7,2011_07_DEN_MIA,John Fox,john_fox,
2011,DET,7,2011_07_ATL_DET,Jim Schwartz,jim_schwartz,
2011,GB,7,2011_07_GB_MIN,Mike McCarthy,mike_mccarthy,
2011,HOU,7,2011_07_HOU_TEN,Gary Kubiak,gary_kubiak,
2011,IND,7,2011_07_IND_NO,Jim Caldwell,jim_caldwell,
2011,JAX,7,2011_07_BAL_JAX,Jack Del Rio,jack_del_rio,
2011,KC,7,2011_07_KC_OAK,Todd Haley,todd_haley,
2011,LA,7,2011_07_STL_DAL,Steve Spagnuolo,steve_spagnuolo,
2011,LAC,7,2011_07_SD_NYJ,Norv Turner,norv_turner,
2011,LV,7,2011_07_KC_OAK,Hue Jackson,hue_jackson,
2011,MIA,7,2011_07_DEN_MIA,Tony Sparano,tony_sparano,
2011,MIN,7,2011_07_GB_MIN,Leslie Frazier,leslie_frazier,
2011,NO,7,2011_07_IND_NO,Sean Payton,sean_payton,
2011,NYJ,7,2011_07_SD_NYJ,Rex Ryan,rex_ryan,
2011,PIT,7,2011_07_PIT_ARI,Mike Tomlin,mike_tomlin,
2011,SEA,7,2011_07_SEA_CLE,Pete Carroll,pete_carroll,
2011,TB,7,2011_07_CHI_TB,Raheem Morris,raheem_morris,
2011,TEN,7,2011_07_HOU_TEN,Mike Munchak,mike_munchak,
2011,WAS,7,2011_07_WAS_CAR,Mike Shanahan,mike_shanahan,
2011,ARI,8,2011_08_ARI_BAL,Ken Whisenhunt,ken_whisenhunt,
2011,BAL,8,2011_08_ARI_BAL,John Harbaugh,john_harbaugh,
2011,BUF,8,2011_08_WAS_BUF,Chan Gailey,chan_gailey,
2011,CAR,8,2011_08_MIN_CAR,Ron Rivera,ron_rivera,
2011,CIN,8,2011_08_CIN_SEA,Marvin Lewis,marvin_lewis,
2011,CLE,8,2011_08_CLE_SF,Pat Shurmur,pat_shurmur,
2011,DAL,8,2011_08_DAL_PHI,Jason Garrett,jason_garrett,
2011,DEN,8,2011_08_DET_DEN,John Fox,john_fox,
2011,DET,8,2011_08_DET_DEN,Jim Schwartz,jim_schwartz,
2011,HOU,8,2011_08_JAX_HOU,Gary Kubiak,gary_kubiak,
2011,IND,8,2011_08_IND_TEN,Jim Caldwell,jim_caldwell,
2011,JAX,8,2011_08_JAX_HOU,Jack Del Rio,jack_del_rio,
2011,KC,8,2011_08_SD_KC,Todd Haley,todd_haley,
2011,LA,8,2011_08_NO_STL,Steve Spagnuolo,steve_spagnuolo,
2011,LAC,8,2011_08_SD_KC,Norv Turner,norv_turner,
2011,MIA,8,2011_08_MIA_NYG,Tony Sparano,tony_sparano,
2011,MIN,8,2011_08_MIN_CAR,Leslie Frazier,leslie_frazier,
2011,NE,8,2011_08_NE_PIT,Bill Belichick,bill_belichick,
2011,NO,8,2011_08_NO_STL,Sean Payton,sean_payton,
2011,NYG,8,2011_08_MIA_NYG,Tom Coughlin,tom_coughlin,
2011,PHI,8,2011_08_DAL_PHI,Andy Reid,andy_reid,
2011,PIT,8,2011_08_NE_PIT,Mike Tomlin,mike_tomlin,
2011,SEA,8,2011_08_CIN_SEA,Pete Carroll,pete_carroll,
2011,SF,8,2011_08_CLE_SF,Jim Harbaugh,jim_harbaugh,
2011,TEN,8,2011_08_IND_TEN,Mike Munchak,mike_munchak,
2011,WAS,8,2011_08_WAS_BUF,Mike Shanahan,mike_shanahan,
2011,ARI,9,2011_09_STL_ARI,Ken Whisenhunt,ken_whisenhunt,
2011,ATL,9,2011_09_ATL_IND,Mike Smith,mike_smith,
2011,BAL,9,2011_09_BAL_PIT,John Harbaugh,john_harbaugh,
2011,BUF,9,2011_09_NYJ_BUF,Chan Gailey,chan_gailey,
2011,CHI,9,2011_09_CHI_PHI,Lovie Smith,lovie_smith,
2011,CIN,9,2011_09_CIN_TEN,Marvin Lewis,marvin_lewis,
2011,CLE,9,2011_09_CLE_HOU,Pat Shurmur,pat_shurmur,
2011,DAL,9,2011_09_SEA_DAL,Jason Garrett,jason_garrett,
2011,DEN,9,2011_09_DEN_OAK,John Fox,john_fox,
2011,GB,9,2011_09_GB_SD,Mike McCarthy,mike_mccarthy,
2011,HOU,9,2011_09_CLE_HOU,Gary Kubiak,gary_kubiak,
2011,IND,9,2011_09_ATL_IND,Jim Caldwell,jim_caldwell,
2011,KC,9,2011_09_MIA_KC,Todd Haley,todd_haley,
2011,LA,9,2011_09_STL_ARI,Steve Spagnuolo,steve_spagnuolo,
2011,LAC,9,2011_09_GB_SD,Norv Turner,norv_turner,
2011,LV,9,2011_09_DEN_OAK,Hue Jackson,hue_jackson,
2011,MIA,9,2011_09_MIA_KC,Tony Sparano,tony_sparano,
2011,NE,9,2011_09_NYG_NE,Bill Belichick,bill_belichick,
2011,NO,9,2011_09_TB_NO,Sean Payton,sean_payton,
2011,NYG,9,2011_09_NYG_NE,Tom Coughlin,tom_coughlin,
2011,NYJ,9,2011_09_NYJ_BUF,Rex Ryan,rex_ryan,
2011,PHI,9,2011_09_CHI_PHI,Andy Reid,andy_reid,
2011,PIT,9,2011_09_BAL_PIT,Mike Tomlin,mike_tomlin,
2011,SEA,9,2011_09_SEA_DAL,Pete Carroll,pete_carroll,
2011,SF,9,2011_09_SF_WAS,Jim Harbaugh,jim_harbaugh,
2011,TB,9,2011_09_TB_NO,Raheem Morris,raheem_morris,
2011,TEN,9,2011_09_CIN_TEN,Mike Munchak,mike_munchak,
2011,WAS,9,2011_09_SF_WAS,Mike Shanahan,mike_shanahan,
2011,ARI,10,2011_10_ARI_PHI,Ken Whisenhunt,ken_whisenhunt,
2011,ATL,10,2011_10_NO_ATL,Mike Smith,mike_smith,
2011,BAL,10,2011_10_BAL_SEA,John Harbaugh,john_harbaugh,
2011,BUF,10,2011_10_BUF_DAL,Chan Gailey,chan_gailey,
2011,CAR,10,2011_10_TEN_CAR,Ron Rivera,ron_rivera,
2011,CHI,10,2011_10_DET_CHI,Lovie Smith,lovie_smith,
2011,CIN,10,2011_10_PIT_CIN,Marvin Lewis,marvin_lewis,
2011,CLE,10,2011_10_STL_CLE,Pat Shurmur,pat_shurmur,
2011,DAL,10,2011_10_BUF_DAL,Jason Garrett,jason_garrett,
2011,DEN,10,2011_10_DEN_KC,John Fox,john_fox,
2011,DET,10,2011_10_DET_CHI,Jim Schwartz,jim_schwartz,
2011,GB,10,2011_10_MIN_GB,Mike McCarthy,mike_mccarthy,
2011,HOU,10,2011_10_HOU_TB,Gary Kubiak,gary_kubiak,
2011,IND,10,2011_10_JAX_IND,Jim Caldwell,jim_caldwell,
2011,JAX,10,2011_10_JAX_IND,Jack Del Rio,jack_del_rio,
2011,KC,10,2011_10_DEN_KC,Todd Haley,todd_haley,
2011,LA,10,2011_10_STL_CLE,Steve Spagnuolo,steve_spagnuolo,
2011,LAC,10,2011_10_OAK_SD,Norv Turner,norv_turner,
2011,LV,10,2011_10_OAK_SD,Hue Jackson,hue_jackson,
2011,MIA,10,2011_10_WAS_MIA,Tony Sparano,tony_sparano,
2011,MIN,10,2011_10_MIN_GB,Leslie Frazier,leslie_frazier,
2011,NE,10,2011_10_NE_NYJ,Bill Belichick,bill_belichick,
2011,NO,10,2011_10_NO_ATL,Sean Payton,sean_payton,
2011,NYG,10,2011_10_NYG_SF,Tom Coughlin,tom_coughlin,
2011,NYJ,10,2011_10_NE_NYJ,Rex Ryan,rex_ryan,
2011,PHI,10,2011_10_ARI_PHI,Andy Reid,andy_reid,
2011,PIT,10,2011_10_PIT_CIN,Mike Tomlin,mike_tomlin,
2011,SEA,10,2011_10_BAL_SEA,Pete Carroll,pete_carroll,
2011,SF,10,2011_10_NYG_SF,Jim Harbaugh,jim_harbaugh,
2011,TB,10,2011_10_HOU_TB,Raheem Morris,raheem_morris,
2011,TEN,10,2011_10_TEN_CAR,Mike Munchak,mike_munchak,
2011,WAS,10,2011_10_WAS_MIA,Mike Shanahan,mike_shanahan,
2011,ARI,11,2011_11_ARI_SF,Ken Whisenhunt,ken_whisenhunt,
2011,ATL,11,2011_11_TEN_ATL,Mike Smith,mike_smith,
2011,BAL,11,2011_11_CIN_BAL,John Harbaugh,john_harbaugh,
2011,BUF,11,2011_11_BUF_MIA,Chan Gailey,chan_gailey,
2011,CAR,11,2011_11_CAR_DET,Ron Rivera,ron_rivera,
2011,CHI,11,2011_11_SD_CHI,Lovie Smith,lovie_smith,
2011,CIN,11,2011_11_CIN_BAL,Marvin Lewis,marvin_lewis,
2011,CLE,11,2011_11_JAX_CLE,Pat Shurmur,pat_shurmur,
2011,DAL,11,2011_11_DAL_WAS,Jason Garrett,jason_garrett,
2011,DEN,11,2011_11_NYJ_DEN,John Fox,john_fox,
2011,DET,11,2011_11_CAR_DET,Jim Schwartz,jim_schwartz,
2011,GB,11,2011_11_TB_GB,Mike McCarthy,mike_mccarthy,
2011,JAX,11,2011_11_JAX_CLE,Jack Del Rio,jack_del_rio,
2011,KC,11,2011_11_KC_NE,Todd Haley,todd_haley,
2011,LA,11,2011_11_SEA_STL,Steve Spagnuolo,steve_spagnuolo,
2011,LAC,11,2011_11_SD_CHI,Norv Turner,norv_turner,
2011,LV,11,2011_11_OAK_MIN,Hue Jackson,hue_jackson,
2011,MIA,11,2011_11_BUF_MIA,Tony Sparano,tony_sparano,
2011,MIN,11,2011_11_OAK_MIN,Leslie Frazier,leslie_frazier,
2011,NE,11,2011_11_KC_NE,Bill Belichick,bill_belichick,
2011,NYG,11,2011_11_PHI_NYG,Tom Coughlin,tom_coughlin,
2011,NYJ,11,2011_11_NYJ_DEN,Rex Ryan,rex_ryan,
2011,PHI,11,2011_11_PHI_NYG,Andy Reid,andy_reid,
2011,SEA,11,2011_11_SEA_STL,Pete Carroll,pete_carroll,
2011,SF,11,2011_11_ARI_SF,Jim Harbaugh,jim_harbaugh,
2011,TB,11,2011_11_TB_GB,Raheem Morris,raheem_morris,
2011,TEN,11,2011_11_TEN_ATL,Mike Munchak,mike_munchak,
2011,WAS,11,2011_11_DAL_WAS,Mike Shanahan,mike_shanahan,
2011,ARI,12,2011_12_ARI_STL,Ken Whisenhunt,ken_whisenhunt,
2011,ATL,12,2011_12_MIN_ATL,Mike Smith,mike_smith,
2011,BAL,12,2011_12_SF_BAL,John Harbaugh,john_harbaugh,
2011,BUF,12,2011_12_BUF_NYJ,Chan Gailey,chan_gailey,
2011,CAR,12,2011_12_CAR_IND,Ron Rivera,ron_rivera,
2011,CHI,12,2011_12_CHI_OAK,Lovie Smith,lovie_smith,
2011,CIN,12,2011_12_CLE_CIN,Marvin Lewis,marvin_lewis,
2011,CLE,12,2011_12_CLE_CIN,Pat Shurmur,pat_shurmur,
2011,DAL,12,2011_12_MIA_DAL,Jason Garrett,jason_garrett,
2011,DEN,12,2011_12_DEN_SD,John Fox,john_fox,
2011,DET,12,2011_12_GB_DET,Jim Schwartz,jim_schwartz,
2011,GB,12,2011_12_GB_DET,Mike McCarthy,mike_mccarthy,
2011,HOU,12,2011_12_HOU_JAX,Gary Kubiak,gary_kubiak,
2011,IND,12,2011_12_CAR_IND,Jim Caldwell,jim_caldwell,
2011,JAX,12,2011_12_HOU_JAX,Jack Del Rio,jack_del_rio,
2011,KC,12,2011_12_PIT_KC,Todd Haley,todd_haley,
2011,LA,12,2011_12_ARI_STL,Steve Spagnuolo,steve_spagnuolo,
2011,LAC,12,2011_12_DEN_SD,Norv Turner,norv_turner,
2011,LV,12,2011_12_CHI_OAK,Hue Jackson,hue_jackson,
2011,MIA,12,2011_12_MIA_DAL,Tony Sparano,tony_sparano,
2011,MIN,12,2011_12_MIN_ATL,Leslie Frazier,leslie_frazier,
2011,NE,12,2011_12_NE_PHI,Bill Belichick,bill_belichick,
2011,NO,12,2011_12_NYG_NO,Sean Payton,sean_payton,
2011,NYG,12,2011_12_NYG_NO,Tom Coughlin,tom_coughlin,
2011,NYJ,12,2011_12_BUF_NYJ,Rex Ryan,rex_ryan,
2011,PHI,12,2011_12_NE_PHI,Andy Reid,andy_reid,
2011,PIT,12,2011_12_PIT_KC,Mike Tomlin,mike_tomlin,
2011,SEA,12,2011_12_WAS_SEA,Pete Carroll,pete_carroll,
2011,SF,12,2011_12_SF_BAL,Jim Harbaugh,jim_harbaugh,
2011,TB,12,2011_12_TB_TEN,Raheem Morris,raheem_morris,
2011,TEN,12,2011_12_TB_TEN,Mike Munchak,mike_munchak,
2011,WAS,12,2011_12_WAS_SEA,Mike Shanahan,mike_shanahan,
2011,ARI,13,2011_13_DAL_ARI,Ken Whisenhunt,ken_whisenhunt,
2011,ATL,13,2011_13_ATL_HOU,Mike Smith,mike_smith,
2011,BAL,13,2011_13_BAL_CLE,John Harbaugh,john_harbaugh,
2011,BUF,13,2011_13_TEN_BUF,Chan Gailey,chan_gailey,
2011,CAR,13,2011_13_CAR_TB,Ron Rivera,ron_rivera,
2011,CHI,13,2011_13_KC_CHI,Lovie Smith,lovie_smith,
2011,CIN,13,2011_13_CIN_PIT,Marvin Lewis,marvin_lewis,
2011,CLE,13,2011_13_BAL_CLE,Pat Shurmur,pat_shurmur,
2011,DAL,13,2011_13_DAL_ARI,Jason Garrett,jason_garrett,
2011,DEN,13,2011_13_DEN_MIN,John Fox,john_fox,
2011,DET,13,2011_13_DET_NO,Jim Schwartz,jim_schwartz,
2011,GB,13,2011_13_GB_NYG,Mike McCarthy,mike_mccarthy,
2011,HOU,13,2011_13_ATL_HOU,Gary Kubiak,gary_kubiak,
2011,IND,13,2011_13_IND_NE,Jim Caldwell,jim_caldwell,
2011,JAX,13,2011_13_SD_JAX,Mel Tucker,mel_tucker,
2011,KC,13,2011_13_KC_CHI,Todd Haley,todd_haley,
2011,LA,13,2011_13_STL_SF,Steve Spagnuolo,steve_spagnuolo,
2011,LAC,13,2011_13_SD_JAX,Norv Turner,norv_turner,
2011,LV,13,2011_13_OAK_MIA,Hue Jackson,hue_jackson,
2011,MIA,13,2011_13_OAK_MIA,Tony Sparano,tony_sparano,
2011,MIN,13,2011_13_DEN_MIN,Leslie Frazier,leslie_frazier,
2011,NE,13,2011_13_IND_NE,Bill Belichick,bill_belichick,
2011,NO,13,2011_13_DET_NO,Sean Payton,sean_payton,
2011,NYG,13,2011_13_GB_NYG,Tom Coughlin,tom_coughlin,
2011,NYJ,13,2011_13_NYJ_WAS,Rex Ryan,rex_ryan,
2011,PHI,13,2011_13_PHI_SEA,Andy Reid,andy_reid,
2011,PIT,13,2011_13_CIN_PIT,Mike Tomlin,mike_tomlin,
2011,SEA,13,2011_13_PHI_SEA,Pete Carroll,pete_carroll,
2011,SF,13,2011_13_STL_SF,Jim Harbaugh,jim_harbaugh,
2011,TB,13,2011_13_CAR_TB,Raheem Morris,raheem_morris,
2011,TEN,13,2011_13_TEN_BUF,Mike Munchak,mike_munchak,
2011,WAS,13,2011_13_NYJ_WAS,Mike Shanahan,mike_shanahan,
2011,ARI,14,2011_14_SF_ARI,Ken Whisenhunt,ken_whisenhunt,
2011,ATL,14,2011_14_ATL_CAR,Mike Smith,mike_smith,
2011,BAL,14,2011_14_IND_BAL,John Harbaugh,john_harbaugh,
2011,BUF,14,2011_14_BUF_SD,Chan Gailey,chan_gailey,
2011,CAR,14,2011_14_ATL_CAR,Ron Rivera,ron_rivera,
2011,CHI,14,2011_14_CHI_DEN,Lovie Smith,lovie_smith,
2011,CIN,14,2011_14_HOU_CIN,Marvin Lewis,marvin_lewis,
2011,CLE,14,2011_14_CLE_PIT,Pat Shurmur,pat_shurmur,
2011,DAL,14,2011_14_NYG_DAL,Jason Garrett,jason_garrett,
2011,DEN,14,2011_14_CHI_DEN,John Fox,john_fox,
2011,DET,14,2011_14_MIN_DET,Jim Schwartz,jim_schwartz,
2011,GB,14,2011_14_OAK_GB,Mike McCarthy,mike_mccarthy,
2011,HOU,14,2011_14_HOU_CIN,Gary Kubiak,gary_kubiak,
2011,IND,14,2011_14_IND_BAL,Jim Caldwell,jim_caldwell,
2011,JAX,14,2011_14_TB_JAX,Mel Tucker,mel_tucker,
2011,KC,14,2011_14_KC_NYJ,Todd Haley,todd_haley,
2011,LA,14,2011_14_STL_SEA,Steve Spagnuolo,steve_spagnuolo,
2011,LAC,14,2011_14_BUF_SD,Norv Turner,norv_turner,
2011,LV,14,2011_14_OAK_GB,Hue Jackson,hue_jackson,
2011,MIA,14,2011_14_PHI_MIA,Tony Sparano,tony_sparano,
2011,MIN,14,2011_14_MIN_DET,Leslie Frazier,leslie_frazier,
2011,NE,14,2011_14_NE_WAS,Bill Belichick,bill_belichick,
2011,NO,14,2011_14_NO_TEN,Sean Payton,sean_payton,
2011,NYG,14,2011_14_NYG_DAL,Tom Coughlin,tom_coughlin,
2011,NYJ,14,2011_14_KC_NYJ,Rex Ryan,rex_ryan,
2011,PHI,14,2011_14_PHI_MIA,Andy Reid,andy_reid,
2011,PIT,14,2011_14_CLE_PIT,Mike Tomlin,mike_tomlin,
2011,SEA,14,2011_14_STL_SEA,Pete Carroll,pete_carroll,
2011,SF,14,2011_14_SF_ARI,Jim Harbaugh,jim_harbaugh,
2011,TB,14,2011_14_TB_JAX,Raheem Morris,raheem_morris,
2011,TEN,14,2011_14_NO_TEN,Mike Munchak,mike_munchak,
2011,WAS,14,2011_14_NE_WAS,Mike Shanahan,mike_shanahan,
2011,ARI,15,2011_15_CLE_ARI,Ken Whisenhunt,ken_whisenhunt,
2011,ATL,15,2011_15_JAX_ATL,Mike Smith,mike_smith,
2011,BAL,15,2011_15_BAL_SD,John Harbaugh,john_harbaugh,
2011,BUF,15,2011_15_MIA_BUF,Chan Gailey,chan_gailey,
2011,CAR,15,2011_15_CAR_HOU,Ron Rivera,ron_rivera,
2011,CHI,15,2011_15_SEA_CHI,Lovie Smith,lovie_smith,
2011,CIN,15,2011_15_CIN_STL,Marvin Lewis,marvin_lewis,
2011,CLE,15,2011_15_CLE_ARI,Pat Shurmur,pat_shurmur,
2011,DAL,15,2011_15_DAL_TB,Jason Garrett,jason_garrett,
2011,DEN,15,2011_15_NE_DEN,John Fox,john_fox,
2011,DET,15,2011_15_DET_OAK,Jim Schwartz,jim_schwartz,
2011,GB,15,2011_15_GB_KC,Mike McCarthy,mike_mccarthy,
2011,HOU,15,2011_15_CAR_HOU,Gary Kubiak,gary_kubiak,
2011,IND,15,2011_15_TEN_IND,Jim Caldwell,jim_caldwell,
2011,JAX,15,2011_15_JAX_ATL,Mel Tucker,mel_tucker,
2011,KC,15,2011_15_GB_KC,Romeo Crennel,romeo_crennel,
2011,LA,15,2011_15_CIN_STL,Steve Spagnuolo,steve_spagnuolo,
2011,LAC,15,2011_15_BAL_SD,Norv Turner,norv_turner,
2011,LV,15,2011_15_DET_OAK,Hue Jackson,hue_jackson,
2011,MIA,15,2011_15_MIA_BUF,Todd Bowles,todd_bowles,
2011,MIN,15,2011_15_NO_MIN,Leslie Frazier,leslie_frazier,
2011,NE,15,2011_15_NE_DEN,Bill Belichick,bill_belichick,
2011,NO,15,2011_15_NO_MIN,Sean Payton,sean_payton,
2011,NYG,15,2011_15_WAS_NYG,Tom Coughlin,tom_coughlin,
2011,NYJ,15,2011_15_NYJ_PHI,Rex Ryan,rex_ryan,
2011,PHI,15,2011_15_NYJ_PHI,Andy Reid,andy_reid,
2011,PIT,15,2011_15_PIT_SF,Mike Tomlin,mike_tomlin,
2011,SEA,15,2011_15_SEA_CHI,Pete Carroll,pete_carroll,
2011,SF,15,2011_15_PIT_SF,Jim Harbaugh,jim_harbaugh,
2011,TB,15,2011_15_DAL_TB,Raheem Morris,raheem_morris,
2011,TEN,15,2011_15_TEN_IND,Mike Munchak,mike_munchak,
2011,WAS,15,2011_15_WAS_NYG,Mike Shanahan,mike_shanahan,
2011,ARI,16,2011_16_ARI_CIN,Ken Whisenhunt,ken_whisenhunt,
2011,ATL,16,2011_16_ATL_NO,Mike Smith,mike_smith,
2011,BAL,16,2011_16_CLE_BAL,John Harbaugh,john_harbaugh,
2011,BUF,16,2011_16_DEN_BUF,Chan Gailey,chan_gailey,
2011,CAR,16,2011_16_TB_CAR,Ron Rivera,ron_rivera,
2011,CHI,16,2011_16_CHI_GB,Lovie Smith,lovie_smith,
2011,CIN,16,2011_16_ARI_CIN,Marvin Lewis,marvin_lewis,
2011,CLE,16,2011_16_CLE_BAL,Pat Shurmur,pat_shurmur,
2011,DAL,16,2011_16_PHI_DAL,Jason Garrett,jason_garrett,
2011,DEN,16,2011_16_DEN_BUF,John Fox,john_fox,
2011,DET,16,2011_16_SD_DET,Jim Schwartz,jim_schwartz,
2011,GB,16,2011_16_CHI_GB,Mike McCarthy,mike_mccarthy,
2011,HOU,16,2011_16_HOU_IND,Gary Kubiak,gary_kubiak,
2011,IND,16,2011_16_HOU_IND,Jim Caldwell,jim_caldwell,
2011,JAX,16,2011_16_JAX_TEN,Mel Tucker,mel_tucker,
2011,KC,16,2011_16_OAK_KC,Romeo Crennel,romeo_crennel,
2011,LA,16,2011_16_STL_PIT,Steve Spagnuolo,steve_spagnuolo,
2011,LAC,16,2011_16_SD_DET,Norv Turner,norv_turner,
2011,LV,16,2011_16_OAK_KC,Hue Jackson,hue_jackson,
2011,MIA,16,2011_16_MIA_NE,Todd Bowles,todd_bowles,
2011,MIN,16,2011_16_MIN_WAS,Leslie Frazier,leslie_frazier,
2011,NE,16,2011_16_MIA_NE,Bill Belichick,bill_belichick,
2011,NO,16,2011_16_ATL_NO,Sean Payton,sean_payton,
2011,NYG,16,2011_16_NYG_NYJ,Tom Coughlin,tom_coughlin,
2011,NYJ,16,2011_16_NYG_NYJ,Rex Ryan,rex_ryan,
2011,PHI,16,2011_16_PHI_DAL,Andy Reid,andy_reid,
2011,PIT,16,2011_16_STL_PIT,Mike Tomlin,mike_tomlin,
2011,SEA,16,2011_16_SF_SEA,Pete Carroll,pete_carroll,
2011,SF,16,2011_16_SF_SEA,Jim Harbaugh,jim_harbaugh,
2011,TB,16,2011_16_TB_CAR,Raheem Morris,raheem_morris,
2011,TEN,16,2011_16_JAX_TEN,Mike Munchak,mike_munchak,
2011,WAS,16,2011_16_MIN_WAS,Mike Shanahan,mike_shanahan,
2011,ARI,17,2011_17_SEA_ARI,Ken Whisenhunt,ken_whisenhunt,
2011,ATL,17,2011_17_TB_ATL,Mike Smith,mike_smith,
2011,BAL,17,2011_17_BAL_CIN,John Harbaugh,john_harbaugh,
2011,BUF,17,2011_17_BUF_NE,Chan Gailey,chan_gailey,
2011,CAR,17,2011_17_CAR_NO,Ron Rivera,ron_rivera,
2011,CHI,17,2011_17_CHI_MIN,Lovie Smith,lovie_smith,
2011,CIN,17,2011_17_BAL_CIN,Marvin Lewis,marvin_lewis,
2011,CLE,17,2011_17_PIT_CLE,Pat Shurmur,pat_shurmur,
2011,DAL,17,2011_17_DAL_NYG,Jason Garrett,jason_garrett,
2011,DEN,17,2011_17_KC_DEN,John Fox,john_fox,
2011,DET,17,2011_17_DET_GB,Jim Schwartz,jim_schwartz,
2011,GB,17,2011_17_DET_GB,Mike McCarthy,mike_mccarthy,
2011,HOU,17,2011_17_TEN_HOU,Gary Kubiak,gary_kubiak,
2011,IND,17,2011_17_IND_JAX,Jim Caldwell,jim_caldwell,
2011,JAX,17,2011_17_IND_JAX,Mel Tucker,mel_tucker,
2011,KC,17,2011_17_KC_DEN,Romeo Crennel,romeo_crennel,
2011,LA,17,2011_17_SF_STL,Steve Spagnuolo,steve_spagnuolo,
2011,LAC,17,2011_17_SD_OAK,Norv Turner,norv_turner,
2011,LV,17,2011_17_SD_OAK,Hue Jackson,hue_jackson,
2011,MIA,17,2011_17_NYJ_MIA,Todd Bowles,todd_bowles,
2011,MIN,17,2011_17_CHI_MIN,Leslie Frazier,leslie_frazier,
2011,NE,17,2011_17_BUF_NE,Bill Belichick,bill_belichick,
2011,NO,17,2011_17_CAR_NO,Sean Payton,sean_payton,
2011,NYG,17,2011_17_DAL_NYG,Tom Coughlin,tom_coughlin,
2011,NYJ,17,2011_17_NYJ_MIA,Rex Ryan,rex_ryan,
2011,PHI,17,2011_17_WAS_PHI,Andy Reid,andy_reid,
2011,PIT,17,2011_17_PIT_CLE,Mike Tomlin,mike_tomlin,
2011,SEA,17,2011_17_SEA_ARI,Pete Carroll,pete_carroll,
2011,SF,17,2011_17_SF_STL,Jim Harbaugh,jim_harbaugh,
2011,TB,17,2011_17_TB_ATL,Raheem Morris,raheem_morris,
2011,TEN,17,2011_17_TEN_HOU,Mike Munchak,mike_munchak,
2011,WAS,17,2011_17_WAS_PHI,Mike Shanahan,mike_shanahan,
2012,ARI,1,2012_01_SEA_ARI,Ken Whisenhunt,ken_whisenhunt,
2012,ATL,1,2012_01_ATL_KC,Mike Smith,mike_smith,
2012,BAL,1,2012_01_CIN_BAL,John Harbaugh,john_harbaugh,
2012,BUF,1,2012_01_BUF_NYJ,Chan Gailey,chan_gailey,
2012,CAR,1,2012_01_CAR_TB,Ron Rivera,ron_rivera,
2012,CHI,1,2012_01_IND_CHI,Lovie Smith,lovie_smith,
2012,CIN,1,2012_01_CIN_BAL,Marvin Lewis,marvin_lewis,
2012,CLE,1,2012_01_PHI_CLE,Pat Shurmur,pat_shurmur,
2012,DAL,1,2012_01_DAL_NYG,Jason Garrett,jason_garrett,
2012,DEN,1,2012_01_PIT_DEN,John Fox,john_fox,
2012,DET,1,2012_01_STL_DET,Jim Schwartz,jim_schwartz,
2012,GB,1,2012_01_SF_GB,Mike McCarthy,mike_mccarthy,
2012,HOU,1,2012_01_MIA_HOU,Gary Kubiak,gary_kubiak,
2012,IND,1,2012_01_IND_CHI,Chuck Pagano,chuck_pagano,
2012,JAX,1,2012_01_JAX_MIN,Mike Mularkey,mike_mularkey,
2012,KC,1,2012_01_ATL_KC,Romeo Crennel,romeo_crennel,
2012,LA,1,2012_01_STL_DET,Jeff Fisher,jeff_fisher,
2012,LAC,1,2012_01_SD_OAK,Norv Turner,norv_turner,
2012,LV,1,2012_01_SD_OAK,Dennis Allen,dennis_allen,
2012,MIA,1,2012_01_MIA_HOU,Joe Philbin,joe_philbin,
2012,MIN,1,2012_01_JAX_MIN,Leslie Frazier,leslie_frazier,
2012,NE,1,2012_01_NE_TEN,Bill Belichick,bill_belichick,
2012,NO,1,2012_01_WAS_NO,Aaron Kromer,aaron_kromer,
2012,NYG,1,2012_01_DAL_NYG,Tom Coughlin,tom_coughlin,
2012,NYJ,1,2012_01_BUF_NYJ,Rex Ryan,rex_ryan,
2012,PHI,1,2012_01_PHI_CLE,Andy Reid,andy_reid,
2012,PIT,1,2012_01_PIT_DEN,Mike Tomlin,mike_tomlin,
2012,SEA,1,2012_01_SEA_ARI,Pete Carroll,pete_carroll,
2012,SF,1,2012_01_SF_GB,Jim Harbaugh,jim_harbaugh,
2012,TB,1,2012_01_CAR_TB,Greg Schiano,greg_schiano,
2012,TEN,1,2012_01_NE_TEN,Mike Munchak,mike_munchak,
2012,WAS,1,2012_01_WAS_NO,Mike Shanahan,mike_shanahan,
2012,ARI,2,2012_02_ARI_NE,Ken Whisenhunt,ken_whisenhunt,
2012,ATL,2,2012_02_DEN_ATL,Mike Smith,mike_smith,
2012,BAL,2,2012_02_BAL_PHI,John Harbaugh,john_harbaugh,
2012,BUF,2,2012_02_KC_BUF,Chan Gailey,chan_gailey,
2012,CAR,2,2012_02_NO_CAR,Ron Rivera,ron_rivera,
2012,CHI,2,2012_02_CHI_GB,Lovie Smith,lovie_smith,
2012,CIN,2,2012_02_CLE_CIN,Marvin Lewis,marvin_lewis,
2012,CLE,2,2012_02_CLE_CIN,Pat Shurmur,pat_shurmur,
2012,DAL,2,2012_02_DAL_SEA,Jason Garrett,jason_garrett,
2012,DEN,2,2012_02_DEN_ATL,John Fox,john_fox,
2012,DET,2,2012_02_DET_SF,Jim Schwartz,jim_schwartz,
2012,GB,2,2012_02_CHI_GB,Mike McCarthy,mike_mccarthy,
2012,HOU,2,2012_02_HOU_JAX,Gary Kubiak,gary_kubiak,
2012,IND,2,2012_02_MIN_IND,Chuck Pagano,chuck_pagano,
2012,JAX,2,2012_02_HOU_JAX,Mike Mularkey,mike_mularkey,
2012,KC,2,2012_02_KC_BUF,Romeo Crennel,romeo_crennel,
2012,LA,2,2012_02_WAS_STL,Jeff Fisher,jeff_fisher,
2012,LAC,2,2012_02_TEN_SD,Norv Turner,norv_turner,
2012,LV,2,2012_02_OAK_MIA,Dennis Allen,dennis_allen,
2012,MIA,2,2012_02_OAK_MIA,Joe Philbin,joe_philbin,
2012,MIN,2,2012_02_MIN_IND,Leslie Frazier,leslie_frazier,
2012,NE,2,2012_02_ARI_NE,Bill Belichick,bill_belichick,
2012,NO,2,2012_02_NO_CAR,Aaron Kromer,aaron_kromer,
2012,NYG,2,2012_02_TB_NYG,Tom Coughlin,tom_coughlin,
2012,NYJ,2,2012_02_NYJ_PIT,Rex Ryan,rex_ryan,
2012,PHI,2,2012_02_BAL_PHI,Andy Reid,andy_reid,
2012,PIT,2,2012_02_NYJ_PIT,Mike Tomlin,mike_tomlin,
2012,SEA,2,2012_02_DAL_SEA,Pete Carroll,pete_carroll,
2012,SF,2,2012_02_DET_SF,Jim Harbaugh,jim_harbaugh,
2012,TB,2,2012_02_TB_NYG,Greg Schiano,greg_schiano,
2012,TEN,2,2012_02_TEN_SD,Mike Munchak,mike_munchak,
2012,WAS,2,2012_02_WAS_STL,Mike Shanahan,mike_shanahan,
2012,ARI,3,2012_03_PHI_ARI,Ken Whisenhunt,ken_whisenhunt,
2012,ATL,3,2012_03_ATL_SD,Mike Smith,mike_smith,
2012,BAL,3,2012_03_NE_BAL,John Harbaugh,john_harbaugh,
2012,BUF,3,2012_03_BUF_CLE,Chan Gailey,chan_gailey,
2012,CAR,3,2012_03_NYG_CAR,Ron Rivera,ron_rivera,
2012,CHI,3,2012_03_STL_CHI,Lovie Smith,lovie_smith,
2012,CIN,3,2012_03_CIN_WAS,Marvin Lewis,marvin_lewis,
2012,CLE,3,2012_03_BUF_CLE,Pat Shurmur,pat_shurmur,
2012,DAL,3,2012_03_TB_DAL,Jason Garrett,jason_garrett,
2012,DEN,3,2012_03_HOU_DEN,John Fox,john_fox,
2012,DET,3,2012_03_DET_TEN,Jim Schwartz,jim_schwartz,
2012,GB,3,2012_03_GB_SEA,Mike McCarthy,mike_mccarthy,
2012,HOU,3,2012_03_HOU_DEN,Gary Kubiak,gary_kubiak,
2012,IND,3,2012_03_JAX_IND,Chuck Pagano,chuck_pagano,
2012,JAX,3,2012_03_JAX_IND,Mike Mularkey,mike_mularkey,
2012,KC,3,2012_03_KC_NO,Romeo Crennel,romeo_crennel,
2012,LA,3,2012_03_STL_CHI,Jeff Fisher,jeff_fisher,
2012,LAC,3,2012_03_ATL_SD,Norv Turner,norv_turner,
2012,LV,3,2012_03_PIT_OAK,Dennis Allen,dennis_allen,
2012,MIA,3,2012_03_NYJ_MIA,Joe Philbin,joe_philbin,
2012,MIN,3,2012_03_SF_MIN,Leslie Frazier,leslie_frazier,
2012,NE,3,2012_03_NE_BAL,Bill Belichick,bill_belichick,
2012,NO,3,2012_03_KC_NO,Aaron Kromer,aaron_kromer,
2012,NYG,3,2012_03_NYG_CAR,Tom Coughlin,tom_coughlin,
2012,NYJ,3,2012_03_NYJ_MIA,Rex Ryan,rex_ryan,
2012,PHI,3,2012_03_PHI_ARI,Andy Reid,andy_reid,
2012,PIT,3,2012_03_PIT_OAK,Mike Tomlin,mike_tomlin,
2012,SEA,3,2012_03_GB_SEA,Pete Carroll,pete_carroll,
2012,SF,3,2012_03_SF_MIN,Jim Harbaugh,jim_harbaugh,
2012,TB,3,2012_03_TB_DAL,Greg Schiano,greg_schiano,
2012,TEN,3,2012_03_DET_TEN,Mike Munchak,mike_munchak,
2012,WAS,3,2012_03_CIN_WAS,Mike Shanahan,mike_shanahan,
2012,ARI,4,2012_04_MIA_ARI,Ken Whisenhunt,ken_whisenhunt,
2012,ATL,4,2012_04_CAR_ATL,Mike Smith,mike_smith,
2012,BAL,4,2012_04_CLE_BAL,John Harbaugh,john_harbaugh,
2012,BUF,4,2012_04_NE_BUF,Chan Gailey,chan_gailey,
2012,CAR,4,2012_04_CAR_ATL,Ron Rivera,ron_rivera,
2012,CHI,4,2012_04_CHI_DAL,Lovie Smith,lovie_smith,
2012,CIN,4,2012_04_CIN_JAX,Marvin Lewis,marvin_lewis,
2012,CLE,4,2012_04_CLE_BAL,Pat Shurmur,pat_shurmur,
2012,DAL,4,2012_04_CHI_DAL,Jason Garrett,jason_garrett,
2012,DEN,4,2012_04_OAK_DEN,John Fox,john_fox,
2012,DET,4,2012_04_MIN_DET,Jim Schwartz,jim_schwartz,
2012,GB,4,2012_04_NO_GB,Mike McCarthy,mike_mccarthy,
2012,HOU,4,2012_04_TEN_HOU,Gary Kubiak,gary_kubiak,
2012,JAX,4,2012_04_CIN_JAX,Mike Mularkey,mike_mularkey,
2012,KC,4,2012_04_SD_KC,Romeo Crennel,romeo_crennel,
2012,LA,4,2012_04_SEA_STL,Jeff Fisher,jeff_fisher,
2012,LAC,4,2012_04_SD_KC,Norv Turner,norv_turner,
2012,LV,4,2012_04_OAK_DEN,Dennis Allen,dennis_allen,
2012,MIA,4,2012_04_MIA_ARI,Joe Philbin,joe_philbin,
2012,MIN,4,2012_04_MIN_DET,Leslie Frazier,leslie_frazier,
2012,NE,4,2012_04_NE_BUF,Bill Belichick,bill_belichick,
2012,NO,4,2012_04_NO_GB,Aaron Kromer,aaron_kromer,
2012,NYG,4,2012_04_NYG_PHI,Tom Coughlin,tom_coughlin,
2012,NYJ,4,2012_04_SF_NYJ,Rex Ryan,rex_ryan,
2012,PHI,4,2012_04_NYG_PHI,Andy Reid,andy_reid,
2012,SEA,4,2012_04_SEA_STL,Pete Carroll,pete_carroll,
2012,SF,4,2012_04_SF_NYJ,Jim Harbaugh,jim_harbaugh,
2012,TB,4,2012_04_WAS_TB,Greg Schiano,greg_schiano,
2012,TEN,4,2012_04_TEN_HOU,Mike Munchak,mike_munchak,
2012,WAS,4,2012_04_WAS_TB,Mike Shanahan,mike_shanahan,
2012,ARI,5,2012_05_ARI_STL,Ken Whisenhunt,ken_whisenhunt,
2012,ATL,5,2012_05_ATL_WAS,Mike Smith,mike_smith,
2012,BAL,5,2012_05_BAL_KC,John Harbaugh,john_harbaugh,
2012,BUF,5,2012_05_BUF_SF,Chan Gailey,chan_gailey,
2012,CAR,5,2012_05_SEA_CAR,Ron Rivera,ron_rivera,
2012,CHI,5,2012_05_CHI_JAX,Lovie Smith,lovie_smith,
2012,CIN,5,2012_05_MIA_CIN,Marvin Lewis,marvin_lewis,
2012,CLE,5,2012_05_CLE_NYG,Pat Shurmur,pat_shurmur,
2012,DEN,5,2012_05_DEN_NE,John Fox,john_fox,
2012,GB,5,2012_05_GB_IND,Mike McCarthy,mike_mccarthy,
2012,HOU,5,2012_05_HOU_NYJ,Gary Kubiak,gary_kubiak,
2012,IND,5,2012_05_GB_IND,Chuck Pagano,chuck_pagano,
2012,JAX,5,2012_05_CHI_JAX,Mike Mularkey,mike_mularkey,
2012,KC,5,2012_05_BAL_KC,Romeo Crennel,romeo_crennel,
2012,LA,5,2012_05_ARI_STL,Jeff Fisher,jeff_fisher,
2012,LAC,5,2012_05_SD_NO,Norv Turner,norv_turner,
2012,MIA,5,2012_05_MIA_CIN,Joe Philbin,joe_philbin,
2012,MIN,5,2012_05_TEN_MIN,Leslie Frazier,leslie_frazier,
2012,NE,5,2012_05_DEN_NE,Bill Belichick,bill_belichick,
2012,NO,5,2012_05_SD_NO,Aaron Kromer,aaron_kromer,
2012,NYG,5,2012_05_CLE_NYG,Tom Coughlin,tom_coughlin,
2012,NYJ,5,2012_05_HOU_NYJ,Rex Ryan,rex_ryan,
2012,PHI,5,2012_05_PHI_PIT,Andy Reid,andy_reid,
2012,PIT,5,2012_05_PHI_PIT,Mike Tomlin,mike_tomlin,
2012,SEA,5,2012_05_SEA_CAR,Pete Carroll,pete_carroll,
2012,SF,5,2012_05_BUF_SF,Jim Harbaugh,jim_harbaugh,
2012,TEN,5,2012_05_TEN_MIN,Mike Munchak,mike_munchak,
2012,WAS,5,2012_05_ATL_WAS,Mike Shanahan,mike_shanahan,
2012,ARI,6,2012_06_BUF_ARI,Ken Whisenhunt,ken_whisenhunt,
2012,ATL,6,2012_06_OAK_ATL,Mike Smith,mike_smith,
2012,BAL,6,2012_06_DAL_BAL,John Harbaugh,john_harbaugh,
2012,BUF,6,2012_06_BUF_ARI,Chan Gailey,chan_gailey,
2012,CIN,6,2012_06_CIN_CLE,Marvin Lewis,marvin_lewis,
2012,CLE,6,2012_06_CIN_CLE,Pat Shurmur,pat_shurmur,
2012,DAL,6,2012_06_DAL_BAL,Jason Garrett,jason_garrett,
2012,DEN,6,2012_06_DEN_SD,John Fox,john_fox,
2012,DET,6,2012_06_DET_PHI,Jim Schwartz,jim_schwartz,
2012,GB,6,2012_06_GB_HOU,Mike McCarthy,mike_mccarthy,
2012,HOU,6,2012_06_GB_HOU,Gary Kubiak,gary_kubiak,
2012,IND,6,2012_06_IND_NYJ,Chuck Pagano,chuck_pagano,
2012,KC,6,2012_06_KC_TB,Romeo Crennel,romeo_crennel,
2012,LA,6,2012_06_STL_MIA,Jeff Fisher,jeff_fisher,
2012,LAC,6,2012_06_DEN_SD,Norv Turner,norv_turner,
2012,LV,6,2012_06_OAK_ATL,Dennis Allen,dennis_allen,
2012,MIA,6,2012_06_STL_MIA,Joe Philbin,joe_philbin,
2012,MIN,6,2012_06_MIN_WAS,Leslie Frazier,leslie_frazier,
2012,NE,6,2012_06_NE_SEA,Bill Belichick,bill_belichick,
2012,NYG,6,2012_06_NYG_SF,Tom Coughlin,tom_coughlin,
2012,NYJ,6,2012_06_IND_NYJ,Rex Ryan,rex_ryan,
2012,PHI,6,2012_06_DET_PHI,Andy Reid,andy_reid,
2012,PIT,6,2012_06_PIT_TEN,Mike Tomlin,mike_tomlin,
2012,SEA,6,2012_06_NE_SEA,Pete Carroll,pete_carroll,
2012,SF,6,2012_06_NYG_SF,Jim Harbaugh,jim_harbaugh,
2012,TB,6,2012_06_KC_TB,Greg Schiano,greg_schiano,
2012,TEN,6,2012_06_PIT_TEN,Mike Munchak,mike_munchak,
2012,WAS,6,2012_06_MIN_WAS,Mike Shanahan,mike_shanahan,
2012,ARI,7,2012_07_ARI_MIN,Ken Whisenhunt,ken_whisenhunt,
2012,BAL,7,2012_07_BAL_HOU,John Harbaugh,john_harbaugh,
2012,BUF,7,2012_07_TEN_BUF,Chan Gailey,chan_gailey,
2012,CAR,7,2012_07_DAL_CAR,Ron Rivera,ron_rivera,
2012,CHI,7,2012_07_DET_CHI,Lovie Smith,lovie_smith,
2012,CIN,7,2012_07_PIT_CIN,Marvin Lewis,marvin_lewis,
2012,CLE,7,2012_07_CLE_IND,Pat Shurmur,pat_shurmur,
2012,DAL,7,2012_07_DAL_CAR,Jason Garrett,jason_garrett,
2012,DET,7,2012_07_DET_CHI,Jim Schwartz,jim_schwartz,
2012,GB,7,2012_07_GB_STL,Mike McCarthy,mike_mccarthy,
2012,HOU,7,2012_07_BAL_HOU,Gary Kubiak,gary_kubiak,
2012,IND,7,2012_07_CLE_IND,Chuck Pagano,chuck_pagano,
2012,JAX,7,2012_07_JAX_OAK,Mike Mularkey,mike_mularkey,
2012,LA,7,2012_07_GB_STL,Jeff Fisher,jeff_fisher,
2012,LV,7,2012_07_JAX_OAK,Dennis Allen,dennis_allen,
2012,MIN,7,2012_07_ARI_MIN,Leslie Frazier,leslie_frazier,
2012,NE,7,2012_07_NYJ_NE,Bill Belichick,bill_belichick,
2012,NO,7,2012_07_NO_TB,Aaron Kromer,aaron_kromer,
2012,NYG,7,2012_07_WAS_NYG,Tom Coughlin,tom_coughlin,
2012,NYJ,7,2012_07_NYJ_NE,Rex Ryan,rex_ryan,
2012,PIT,7,2012_07_PIT_CIN,Mike Tomlin,mike_tomlin,
2012,SEA,7,2012_07_SEA_SF,Pete Carroll,pete_carroll,
2012,SF,7,2012_07_SEA_SF,Jim Harbaugh,jim_harbaugh,
2012,TB,7,2012_07_NO_TB,Greg Schiano,greg_schiano,
2012,TEN,7,2012_07_TEN_BUF,Mike Munchak,mike_munchak,
2012,WAS,7,2012_07_WAS_NYG,Mike Shanahan,mike_shanahan,
2012,ARI,8,2012_08_SF_ARI,Ken Whisenhunt,ken_whisenhunt,
2012,ATL,8,2012_08_ATL_PHI,Mike Smith,mike_smith,
2012,CAR,8,2012_08_CAR_CHI,Ron Rivera,ron_rivera,
2012,CHI,8,2012_08_CAR_CHI,Lovie Smith,lovie_smith,
2012,CLE,8,2012_08_SD_CLE,Pat Shurmur,pat_shurmur,
2012,DAL,8,2012_08_NYG_DAL,Jason Garrett,jason_garrett,
2012,DEN,8,2012_08_NO_DEN,John Fox,john_fox,
2012,DET,8,2012_08_SEA_DET,Jim Schwartz,jim_schwartz,
2012,GB,8,2012_08_JAX_GB,Mike McCarthy,mike_mccarthy,
2012,IND,8,2012_08_IND_TEN,Chuck Pagano,chuck_pagano,
2012,JAX,8,2012_08_JAX_GB,Mike Mularkey,mike_mularkey,
2012,KC,8,2012_08_OAK_KC,Romeo Crennel,romeo_crennel,
2012,LA,8,2012_08_NE_STL,Jeff Fisher,jeff_fisher,
2012,LAC,8,2012_08_SD_CLE,Norv Turner,norv_turner,
2012,LV,8,2012_08_OAK_KC,Dennis Allen,dennis_allen,
2012,MIA,8,2012_08_MIA_NYJ,Joe Philbin,joe_philbin,
2012,MIN,8,2012_08_TB_MIN,Leslie Frazier,leslie_frazier,
2012,NE,8,2012_08_NE_STL,Bill Belichick,bill_belichick,
2012,NO,8,2012_08_NO_DEN,Joe Vitt,joe_vitt,
2012,NYG,8,2012_08_NYG_DAL,Tom Coughlin,tom_coughlin,
2012,NYJ,8,2012_08_MIA_NYJ,Rex Ryan,rex_ryan,
2012,PHI,8,2012_08_ATL_PHI,Andy Reid,andy_reid,
2012,PIT,8,2012_08_WAS_PIT,Mike Tomlin,mike_tomlin,
2012,SEA,8,2012_08_SEA_DET,Pete Carroll,pete_carroll,
2012,SF,8,2012_08_SF_ARI,Jim Harbaugh,jim_harbaugh,
2012,TB,8,2012_08_TB_MIN,Greg Schiano,greg_schiano,
2012,TEN,8,2012_08_IND_TEN,Mike Munchak,mike_munchak,
2012,WAS,8,2012_08_WAS_PIT,Mike Shanahan,mike_shanahan,
2012,ARI,9,2012_09_ARI_GB,Ken Whisenhunt,ken_whisenhunt,
2012,ATL,9,2012_09_DAL_ATL,Mike Smith,mike_smith,
2012,BAL,9,2012_09_BAL_CLE,John Harbaugh,john_harbaugh,
2012,BUF,9,2012_09_BUF_HOU,Chan Gailey,chan_gailey,
2012,CAR,9,2012_09_CAR_WAS,Ron Rivera,ron_rivera,
2012,CHI,9,2012_09_CHI_TEN,Lovie Smith,lovie_smith,
2012,CIN,9,2012_09_DEN_CIN,Marvin Lewis,marvin_lewis,
2012,CLE,9,2012_09_BAL_CLE,Pat Shurmur,pat_shurmur,
2012,DAL,9,2012_09_DAL_ATL,Jason Garrett,jason_garrett,
2012,DEN,9,2012_09_DEN_CIN,John Fox,john_fox,
2012,DET,9,2012_09_DET_JAX,Jim Schwartz,jim_schwartz,
2012,GB,9,2012_09_ARI_GB,Mike McCarthy,mike_mccarthy,
2012,HOU,9,2012_09_BUF_HOU,Gary Kubiak,gary_kubiak,
2012,IND,9,2012_09_MIA_IND,Chuck Pagano,chuck_pagano,
2012,JAX,9,2012_09_DET_JAX,Mike Mularkey,mike_mularkey,
2012,KC,9,2012_09_KC_SD,Romeo Crennel,romeo_crennel,
2012,LAC,9,2012_09_KC_SD,Norv Turner,norv_turner,
2012,LV,9,2012_09_TB_OAK,Dennis Allen,dennis_allen,
2012,MIA,9,2012_09_MIA_IND,Joe Philbin,joe_philbin,
2012,MIN,9,2012_09_MIN_SEA,Leslie Frazier,leslie_frazier,
2012,NO,9,2012_09_PHI_NO,Joe Vitt,joe_vitt,
2012,NYG,9,2012_09_PIT_NYG,Tom Coughlin,tom_coughlin,
2012,PHI,9,2012_09_PHI_NO,Andy Reid,andy_reid,
2012,PIT,9,2012_09_PIT_NYG,Mike Tomlin,mike_tomlin,
2012,SEA,9,2012_09_MIN_SEA,Pete Carroll,pete_carroll,
2012,TB,9,2012_09_TB_OAK,Greg Schiano,greg_schiano,
2012,TEN,9,2012_09_CHI_TEN,Mike Munchak,mike_munchak,
2012,WAS,9,2012_09_CAR_WAS,Mike Shanahan,mike_shanahan,
2012,ATL,10,2012_10_ATL_NO,Mike Smith,mike_smith,
2012,BAL,10,2012_10_OAK_BAL,John Harbaugh,john_harbaugh,
2012,BUF,10,2012_10_BUF_NE,Chan Gailey,chan_gailey,
2012,CAR,10,2012_10_DEN_CAR,Ron Rivera,ron_rivera,
2012,CHI,10,2012_10_HOU_CHI,Lovie Smith,lovie_smith,
2012,CIN,10,2012_10_NYG_CIN,Marvin Lewis,marvin_lewis,
2012,DAL,10,2012_10_DAL_PHI,Jason Garrett,jason_garrett,
2012,DEN,10,2012_10_DEN_CAR,John Fox,john_fox,
2012,DET,10,2012_10_DET_MIN,Jim Schwartz,jim_schwartz,
2012,HOU,10,2012_10_HOU_CHI,Gary Kubiak,gary_kubiak,
2012,IND,10,2012_10_IND_JAX,Chuck Pagano,chuck_pagano,
2012,JAX,10,2012_10_IND_JAX,Mike Mularkey,mike_mularkey,
2012,KC,10,2012_10_KC_PIT,Romeo Crennel,romeo_crennel,
2012,LA,10,2012_10_STL_SF,Jeff Fisher,jeff_fisher,
2012,LAC,10,2012_10_SD_TB,Norv Turner,norv_turner,
2012,LV,10,2012_10_OAK_BAL,Dennis Allen,dennis_allen,
2012,MIA,10,2012_10_TEN_MIA,Joe Philbin,joe_philbin,
2012,MIN,10,2012_10_DET_MIN,Leslie Frazier,leslie_frazier,
2012,NE,10,2012_10_BUF_NE,Bill Belichick,bill_belichick,
2012,NO,10,2012_10_ATL_NO,Joe Vitt,joe_vitt,
2012,NYG,10,2012_10_NYG_CIN,Tom Coughlin,tom_coughlin,
2012,NYJ,10,2012_10_NYJ_SEA,Rex Ryan,rex_ryan,
2012,PHI,10,2012_10_DAL_PHI,Andy Reid,andy_reid,
2012,PIT,10,2012_10_KC_PIT,Mike Tomlin,mike_tomlin,
2012,SEA,10,2012_10_NYJ_SEA,Pete Carroll,pete_carroll,
2012,SF,10,2012_10_STL_SF,Jim Harbaugh,jim_harbaugh,
2012,TB,10,2012_10_SD_TB,Greg Schiano,greg_schiano,
2012,TEN,10,2012_10_TEN_MIA,Mike Munchak,mike_munchak,
2012,ARI,11,2012_11_ARI_ATL,Ken Whisenhunt,ken_whisenhunt,
2012,ATL,11,2012_11_ARI_ATL,Mike Smith,mike_smith,
2012,BAL,11,2012_11_BAL_PIT,John Harbaugh,john_harbaugh,
2012,BUF,11,2012_11_MIA_BUF,Chan Gailey,chan_gailey,
2012,CAR,11,2012_11_TB_CAR,Ron Rivera,ron_rivera,
2012,CHI,11,2012_11_CHI_SF,Lovie Smith,lovie_smith,
2012,CIN,11,2012_11_CIN_KC,Marvin Lewis,marvin_lewis,
2012,CLE,11,2012_11_CLE_DAL,Pat Shurmur,pat_shurmur,
2012,DAL,11,2012_11_CLE_DAL,Jason Garrett,jason_garrett,
2012,DEN,11,2012_11_SD_DEN,John Fox,john_fox,
2012,DET,11,2012_11_GB_DET,Jim Schwartz,jim_schwartz,
2012,GB,11,2012_11_GB_DET,Mike McCarthy,mike_mccarthy,
2012,HOU,11,2012_11_JAX_HOU,Gary Kubiak,gary_kubiak,
2012,IND,11,2012_11_IND_NE,Chuck Pagano,chuck_pagano,
2012,JAX,11,2012_11_JAX_HOU,Mike Mularkey,mike_mularkey,
2012,KC,11,2012_11_CIN_KC,Romeo Crennel,romeo_crennel,
2012,LA,11,2012_11_NYJ_STL,Jeff Fisher,jeff_fisher,
2012,LAC,11,2012_11_SD_DEN,Norv Turner,norv_turner,
2012,LV,11,2012_11_NO_OAK,Dennis Allen,dennis_allen,
2012,MIA,11,2012_11_MIA_BUF,Joe Philbin,joe_philbin,
2012,NE,11,2012_11_IND_NE,Bill Belichick,bill_belichick,
2012,NO,11,2012_11_NO_OAK,Joe Vitt,joe_vitt,
2012,NYJ,11,2012_11_NYJ_STL,Rex Ryan,rex_ryan,
2012,PHI,11,2012_11_PHI_WAS,Andy Reid,andy_reid,
2012,PIT,11,2012_11_BAL_PIT,Mike Tomlin,mike_tomlin,
2012,SF,11,2012_11_CHI_SF,Jim Harbaugh,jim_harbaugh,
2012,TB,11,2012_11_TB_CAR,Greg Schiano,greg_schiano,
2012,WAS,11,2012_11_PHI_WAS,Mike Shanahan,mike_shanahan,
2012,ARI,12,2012_12_STL_ARI,Ken Whisenhunt,ken_whisenhunt,
2012,ATL,12,2012_12_ATL_TB,Mike Smith,mike_smith,
2012,BAL,12,2012_12_BAL_SD,John Harbaugh,john_harbaugh,
2012,BUF,12,2012_12_BUF_IND,Chan Gailey,chan_gailey,
2012,CAR,12,2012_12_CAR_PHI,Ron Rivera,ron_rivera,
2012,CHI,12,2012_12_MIN_CHI,Lovie Smith,lovie_smith,
2012,CIN,12,2012_12_OAK_CIN,Marvin Lewis,marvin_lewis,
2012,CLE,12,2012_12_PIT_CLE,Pat Shurmur,pat_shurmur,
2012,DAL,12,2012_12_WAS_DAL,Jason Garrett,jason_garrett,
2012,DEN,12,2012_12_DEN_KC,John Fox,john_fox,
2012,DET,12,2012_12_HOU_DET,Jim Schwartz,jim_schwartz,
2012,GB,12,2012_12_GB_NYG,Mike McCarthy,mike_mccarthy,
2012,HOU,12,2012_12_HOU_DET,Gary Kubiak,gary_kubiak,
2012,IND,12,2012_12_BUF_IND,Chuck Pagano,chuck_pagano,
2012,JAX,12,2012_12_TEN_JAX,Mike Mularkey,mike_mularkey,
2012,KC,12,2012_12_DEN_KC,Romeo Crennel,romeo_crennel,
2012,LA,12,2012_12_STL_ARI,Jeff Fisher,jeff_fisher,
2012,LAC,12,2012_12_BAL_SD,Norv Turner,norv_turner,
2012,LV,12,2012_12_OAK_CIN,Dennis Allen,dennis_allen,
2012,MIA,12,2012_12_SEA_MIA,Joe Philbin,joe_philbin,
2012,MIN,12,2012_12_MIN_CHI,Leslie Frazier,leslie_frazier,
2012,NE,12,2012_12_NE_NYJ,Bill Belichick,bill_belichick,
2012,NO,12,2012_12_SF_NO,Joe Vitt,joe_vitt,
2012,NYG,12,2012_12_GB_NYG,Tom Coughlin,tom_coughlin,
2012,NYJ,12,2012_12_NE_NYJ,Rex Ryan,rex_ryan,
2012,PHI,12,2012_12_CAR_PHI,Andy Reid,andy_reid,
2012,PIT,12,2012_12_PIT_CLE,Mike Tomlin,mike_tomlin,
2012,SEA,12,2012_12_SEA_MIA,Pete Carroll,pete_carroll,
2012,SF,12,2012_12_SF_NO,Jim Harbaugh,jim_harbaugh,
2012,TB,12,2012_12_ATL_TB,Greg Schiano,greg_schiano,
2012,TEN,12,2012_12_TEN_JAX,Mike Munchak,mike_munchak,
2012,WAS,12,2012_12_WAS_DAL,Mike Shanahan,mike_shanahan,
2012,ARI,13,2012_13_ARI_NYJ,Ken Whisenhunt,ken_whisenhunt,
2012,ATL,13,2012_13_NO_ATL,Mike Smith,mike_smith,
2012,BAL,13,2012_13_PIT_BAL,John Harbaugh,john_harbaugh,
2012,BUF,13,2012_13_JAX_BUF,Chan Gailey,chan_gailey,
2012,CAR,13,2012_13_CAR_KC,Ron Rivera,ron_rivera,
2012,CHI,13,2012_13_SEA_CHI,Lovie Smith,lovie_smith,
2012,CIN,13,2012_13_CIN_SD,Marvin Lewis,marvin_lewis,
2012,CLE,13,2012_13_CLE_OAK,Pat Shurmur,pat_shurmur,
2012,DAL,13,2012_13_PHI_DAL,Jason Garrett,jason_garrett,
2012,DEN,13,2012_13_TB_DEN,John Fox,john_fox,
2012,DET,13,2012_13_IND_DET,Jim Schwartz,jim_schwartz,
2012,GB,13,2012_13_MIN_GB,Mike McCarthy,mike_mccarthy,
2012,HOU,13,2012_13_HOU_TEN,Gary Kubiak,gary_kubiak,
2012,IND,13,2012_13_IND_DET,Chuck Pagano,chuck_pagano,
2012,JAX,13,2012_13_JAX_BUF,Mike Mularkey,mike_mularkey,
2012,KC,13,2012_13_CAR_KC,Romeo Crennel,romeo_crennel,
2012,LA,13,2012_13_SF_STL,Jeff Fisher,jeff_fisher,
2012,LAC,13,2012_13_CIN_SD,Norv Turner,norv_turner,
2012,LV,13,2012_13_CLE_OAK,Dennis Allen,dennis_allen,
2012,MIA,13,2012_13_NE_MIA,Joe Philbin,joe_philbin,
2012,MIN,13,2012_13_MIN_GB,Leslie Frazier,leslie_frazier,
2012,NE,13,2012_13_NE_MIA,Bill Belichick,bill_belichick,
2012,NO,13,2012_13_NO_ATL,Joe Vitt,joe_vitt,
2012,NYG,13,2012_13_NYG_WAS,Tom Coughlin,tom_coughlin,
2012,NYJ,13,2012_13_ARI_NYJ,Rex Ryan,rex_ryan,
2012,PHI,13,2012_13_PHI_DAL,Andy Reid,andy_reid,
2012,PIT,13,2012_13_PIT_BAL,Mike Tomlin,mike_tomlin,
2012,SEA,13,2012_13_SEA_CHI,Pete Carroll,pete_carroll,
2012,SF,13,2012_13_SF_STL,Jim Harbaugh,jim_harbaugh,
2012,TB,13,2012_13_TB_DEN,Greg Schiano,greg_schiano,
2012,TEN,13,2012_13_HOU_TEN,Mike Munchak,mike_munchak,
2012,WAS,13,2012_13_NYG_WAS,Mike Shanahan,mike_shanahan,
2012,ARI,14,2012_14_ARI_SEA,Ken Whisenhunt,ken_whisenhunt,
2012,ATL,14,2012_14_ATL_CAR,Mike Smith,mike_smith,
2012,BAL,14,2012_14_BAL_WAS,John Harbaugh,john_harbaugh,
2012,BUF,14,2012_14_STL_BUF,Chan Gailey,chan_gailey,
2012,CAR,14,2012_14_ATL_CAR,Ron Rivera,ron_rivera,
2012,CHI,14,2012_14_CHI_MIN,Lovie Smith,lovie_smith,
2012,CIN,14,2012_14_DAL_CIN,Marvin Lewis,marvin_lewis,
2012,CLE,14,2012_14_KC_CLE,Pat Shurmur,pat_shurmur,
2012,DAL,14,2012_14_DAL_CIN,Jason Garrett,jason_garrett,
2012,DEN,14,2012_14_DEN_OAK,John Fox,john_fox,
2012,DET,14,2012_14_DET_GB,Jim Schwartz,jim_schwartz,
2012,GB,14,2012_14_DET_GB,Mike McCarthy,mike_mccarthy,
2012,HOU,14,2012_14_HOU_NE,Gary Kubiak,gary_kubiak,
2012,IND,14,2012_14_TEN_IND,Chuck Pagano,chuck_pagano,
2012,JAX,14,2012_14_NYJ_JAX,Mike Mularkey,mike_mularkey,
2012,KC,14,2012_14_KC_CLE,Romeo Crennel,romeo_crennel,
2012,LA,14,2012_14_STL_BUF,Jeff Fisher,jeff_fisher,
2012,LAC,14,2012_14_SD_PIT,Norv Turner,norv_turner,
2012,LV,14,2012_14_DEN_OAK,Dennis Allen,dennis_allen,
2012,MIA,14,2012_14_MIA_SF,Joe Philbin,joe_philbin,
2012,MIN,14,2012_14_CHI_MIN,Leslie Frazier,leslie_frazier,
2012,NE,14,2012_14_HOU_NE,Bill Belichick,bill_belichick,
2012,NO,14,2012_14_NO_NYG,Joe Vitt,joe_vitt,
2012,NYG,14,2012_14_NO_NYG,Tom Coughlin,tom_coughlin,
2012,NYJ,14,2012_14_NYJ_JAX,Rex Ryan,rex_ryan,
2012,PHI,14,2012_14_PHI_TB,Andy Reid,andy_reid,
2012,PIT,14,2012_14_SD_PIT,Mike Tomlin,mike_tomlin,
2012,SEA,14,2012_14_ARI_SEA,Pete Carroll,pete_carroll,
2012,SF,14,2012_14_MIA_SF,Jim Harbaugh,jim_harbaugh,
2012,TB,14,2012_14_PHI_TB,Greg Schiano,greg_schiano,
2012,TEN,14,2012_14_TEN_IND,Mike Munchak,mike_munchak,
2012,WAS,14,2012_14_BAL_WAS,Mike Shanahan,mike_shanahan,
2012,ARI,15,2012_15_DET_ARI,Ken Whisenhunt,ken_whisenhunt,
2012,ATL,15,2012_15_NYG_ATL,Mike Smith,mike_smith,
2012,BAL,15,2012_15_DEN_BAL,John Harbaugh,john_harbaugh,
2012,BUF,15,2012_15_SEA_BUF,Chan Gailey,chan_gailey,
2012,CAR,15,2012_15_CAR_SD,Ron Rivera,ron_rivera,
2012,CHI,15,2012_15_GB_CHI,Lovie Smith,lovie_smith,
2012,CIN,15,2012_15_CIN_PHI,Marvin Lewis,marvin_lewis,
2012,CLE,15,2012_15_WAS_CLE,Pat Shurmur,pat_shurmur,
2012,DAL,15,2012_15_PIT_DAL,Jason Garrett,jason_garrett,
2012,DEN,15,2012_15_DEN_BAL,John Fox,john_fox,
2012,DET,15,2012_15_DET_ARI,Jim Schwartz,jim_schwartz,
2012,GB,15,2012_15_GB_CHI,Mike McCarthy,mike_mccarthy,
2012,HOU,15,2012_15_IND_HOU,Gary Kubiak,gary_kubiak,
2012,IND,15,2012_15_IND_HOU,Chuck Pagano,chuck_pagano,
2012,JAX,15,2012_15_JAX_MIA,Mike Mularkey,mike_mularkey,
2012,KC,15,2012_15_KC_OAK,Romeo Crennel,romeo_crennel,
2012,LA,15,2012_15_MIN_STL,Jeff Fisher,jeff_fisher,
2012,LAC,15,2012_15_CAR_SD,Norv Turner,norv_turner,
2012,LV,15,2012_15_KC_OAK,Dennis Allen,dennis_allen,
2012,MIA,15,2012_15_JAX_MIA,Joe Philbin,joe_philbin,
2012,MIN,15,2012_15_MIN_STL,Leslie Frazier,leslie_frazier,
2012,NE,15,2012_15_SF_NE,Bill Belichick,bill_belichick,
2012,NO,15,2012_15_TB_NO,Joe Vitt,joe_vitt,
2012,NYG,15,2012_15_NYG_ATL,Tom Coughlin,tom_coughlin,
2012,NYJ,15,2012_15_NYJ_TEN,Rex Ryan,rex_ryan,
2012,PHI,15,2012_15_CIN_PHI,Andy Reid,andy_reid,
2012,PIT,15,2012_15_PIT_DAL,Mike Tomlin,mike_tomlin,
2012,SEA,15,2012_15_SEA_BUF,Pete Carroll,pete_carroll,
2012,SF,15,2012_15_SF_NE,Jim Harbaugh,jim_harbaugh,
2012,TB,15,2012_15_TB_NO,Greg Schiano,greg_schiano,
2012,TEN,15,2012_15_NYJ_TEN,Mike Munchak,mike_munchak,
2012,WAS,15,2012_15_WAS_CLE,Mike Shanahan,mike_shanahan,
2012,ARI,16,2012_16_CHI_ARI,Ken Whisenhunt,ken_whisenhunt,
2012,ATL,16,2012_16_ATL_DET,Mike Smith,mike_smith,
2012,BAL,16,2012_16_NYG_BAL,John Harbaugh,john_harbaugh,
2012,BUF,16,2012_16_BUF_MIA,Chan Gailey,chan_gailey,
2012,CAR,16,2012_16_OAK_CAR,Ron Rivera,ron_rivera,
2012,CHI,16,2012_16_CHI_ARI,Lovie Smith,lovie_smith,
2012,CIN,16,2012_16_CIN_PIT,Marvin Lewis,marvin_lewis,
2012,CLE,16,2012_16_CLE_DEN,Pat Shurmur,pat_shurmur,
2012,DAL,16,2012_16_NO_DAL,Jason Garrett,jason_garrett,
2012,DEN,16,2012_16_CLE_DEN,John Fox,john_fox,
2012,DET,16,2012_16_ATL_DET,Jim Schwartz,jim_schwartz,
2012,GB,16,2012_16_TEN_GB,Mike McCarthy,mike_mccarthy,
2012,HOU,16,2012_16_MIN_HOU,Gary Kubiak,gary_kubiak,
2012,IND,16,2012_16_IND_KC,Chuck Pagano,chuck_pagano,
2012,JAX,16,2012_16_NE_JAX,Mike Mularkey,mike_mularkey,
2012,KC,16,2012_16_IND_KC,Romeo Crennel,romeo_crennel,
2012,LA,16,2012_16_STL_TB,Jeff Fisher,jeff_fisher,
2012,LAC,16,2012_16_SD_NYJ,Norv Turner,norv_turner,
2012,LV,16,2012_16_OAK_CAR,Dennis Allen,dennis_allen,
2012,MIA,16,2012_16_BUF_MIA,Joe Philbin,joe_philbin,
2012,MIN,16,2012_16_MIN_HOU,Leslie Frazier,leslie_frazier,
2012,NE,16,2012_16_NE_JAX,Bill Belichick,bill_belichick,
2012,NO,16,2012_16_NO_DAL,Joe Vitt,joe_vitt,
2012,NYG,16,2012_16_NYG_BAL,Tom Coughlin,tom_coughlin,
2012,NYJ,16,2012_16_SD_NYJ,Rex Ryan,rex_ryan,
2012,PHI,16,2012_16_WAS_PHI,Andy Reid,andy_reid,
2012,PIT,16,2012_16_CIN_PIT,Mike Tomlin,mike_tomlin,
2012,SEA,16,2012_16_SF_SEA,Pete Carroll,pete_carroll,
2012,SF,16,2012_16_SF_SEA,Jim Harbaugh,jim_harbaugh,
2012,TB,16,2012_16_STL_TB,Greg Schiano,greg_schiano,
2012,TEN,16,2012_16_TEN_GB,Mike Munchak,mike_munchak,
2012,WAS,16,2012_16_WAS_PHI,Mike Shanahan,mike_shanahan,
2012,ARI,17,2012_17_ARI_SF,Ken Whisenhunt,ken_whisenhunt,
2012,ATL,17,2012_17_TB_ATL,Mike Smith,mike_smith,
2012,BAL,17,2012_17_BAL_CIN,John Harbaugh,john_harbaugh,
2012,BUF,17,2012_17_NYJ_BUF,Chan Gailey,chan_gailey,
2012,CAR,17,2012_17_CAR_NO,Ron Rivera,ron_rivera,
2012,CHI,17,2012_17_CHI_DET,Lovie Smith,lovie_smith,
2012,CIN,17,2012_17_BAL_CIN,Marvin Lewis,marvin_lewis,
2012,CLE,17,2012_17_CLE_PIT,Pat Shurmur,pat_shurmur,
2012,DAL,17,2012_17_DAL_WAS,Jason Garrett,jason_garrett,
2012,DEN,17,2012_17_KC_DEN,John Fox,john_fox,
2012,DET,17,2012_17_CHI_DET,Jim Schwartz,jim_schwartz,
2012,GB,17,2012_17_GB_MIN,Mike McCarthy,mike_mccarthy,
2012,HOU,17,2012_17_HOU_IND,Gary Kubiak,gary_kubiak,
2012,IND,17,2012_17_HOU_IND,Chuck Pagano,chuck_pagano,
2012,JAX,17,2012_17_JAX_TEN,Mike Mularkey,mike_mularkey,
2012,KC,17,2012_17_KC_DEN,Romeo Crennel,romeo_crennel,
2012,LA,17,2012_17_STL_SEA,Jeff Fisher,jeff_fisher,
2012,LAC,17,2012_17_OAK_SD,Norv Turner,norv_turner,
2012,LV,17,2012_17_OAK_SD,Dennis Allen,dennis_allen,
2012,MIA,17,2012_17_MIA_NE,Joe Philbin,joe_philbin,
2012,MIN,17,2012_17_GB_MIN,Leslie Frazier,leslie_frazier,
2012,NE,17,2012_17_MIA_NE,Bill Belichick,bill_belichick,
2012,NO,17,2012_17_CAR_NO,Joe Vitt,joe_vitt,
2012,NYG,17,2012_17_PHI_NYG,Tom Coughlin,tom_coughlin,
2012,NYJ,17,2012_17_NYJ_BUF,Rex Ryan,rex_ryan,
2012,PHI,17,2012_17_PHI_NYG,Andy Reid,andy_reid,
2012,PIT,17,2012_17_CLE_PIT,Mike Tomlin,mike_tomlin,
2012,SEA,17,2012_17_STL_SEA,Pete Carroll,pete_carroll,
2012,SF,17,2012_17_ARI_SF,Jim Harbaugh,jim_harbaugh,
2012,TB,17,2012_17_TB_ATL,Greg Schiano,greg_schiano,
2012,TEN,17,2012_17_JAX_TEN,Mike Munchak,mike_munchak,
2012,WAS,17,2012_17_DAL_WAS,Mike Shanahan,mike_shanahan,
2013,ARI,1,2013_01_ARI_STL,Bruce Arians,bruce_arians,
2013,ATL,1,2013_01_ATL_NO,Mike Smith,mike_smith,
2013,BAL,1,2013_01_BAL_DEN,John Harbaugh,john_harbaugh,
2013,BUF,1,2013_01_NE_BUF,Doug Marrone,doug_marrone,
2013,CAR,1,2013_01_SEA_CAR,Ron Rivera,ron_rivera,
2013,CHI,1,2013_01_CIN_CHI,Marc Trestman,marc_trestman,
2013,CIN,1,2013_01_CIN_CHI,Marvin Lewis,marvin_lewis,
2013,CLE,1,2013_01_MIA_CLE,Rob Chudzinski,rob_chudzinski,
2013,DAL,1,2013_01_NYG_DAL,Jason Garrett,jason_garrett,
2013,DEN,1,2013_01_BAL_DEN,John Fox,john_fox,
2013,DET,1,2013_01_MIN_DET,Jim Schwartz,jim_schwartz,
2013,GB,1,2013_01_GB_SF,Mike McCarthy,mike_mccarthy,
2013,HOU,1,2013_01_HOU_SD,Gary Kubiak,gary_kubiak,
2013,IND,1,2013_01_OAK_IND,Chuck Pagano,chuck_pagano,
2013,JAX,1,2013_01_KC_JAX,Gus Bradley,gus_bradley,
2013,KC,1,2013_01_KC_JAX,Andy Reid,andy_reid,
2013,LA,1,2013_01_ARI_STL,Jeff Fisher,jeff_fisher,
2013,LAC,1,2013_01_HOU_SD,Mike McCoy,mike_mccoy,
2013,LV,1,2013_01_OAK_IND,Dennis Allen,dennis_allen,
2013,MIA,1,2013_01_MIA_CLE,Joe Philbin,joe_philbin,
2013,MIN,1,2013_01_MIN_DET,Leslie Frazier,leslie_frazier,
2013,NE,1,2013_01_NE_BUF,Bill Belichick,bill_belichick,
2013,NO,1,2013_01_ATL_NO,Sean Payton,sean_payton,
2013,NYG,1,2013_01_NYG_DAL,Tom Coughlin,tom_coughlin,
2013,NYJ,1,2013_01_TB_NYJ,Rex Ryan,rex_ryan,
2013,PHI,1,2013_01_PHI_WAS,Chip Kelly,chip_kelly,
2013,PIT,1,2013_01_TEN_PIT,Mike Tomlin,mike_tomlin,
2013,SEA,1,2013_01_SEA_CAR,Pete Carroll,pete_carroll,
2013,SF,1,2013_01_GB_SF,Jim Harbaugh,jim_harbaugh,
2013,TB,1,2013_01_TB_NYJ,Greg Schiano,greg_schiano,
2013,TEN,1,2013_01_TEN_PIT,Mike Munchak,mike_munchak,
2013,WAS,1,2013_01_PHI_WAS,Mike Shanahan,mike_shanahan,
2013,ARI,2,2013_02_DET_ARI,Bruce Arians,bruce_arians,
2013,ATL,2,2013_02_STL_ATL,Mike Smith,mike_smith,
2013,BAL,2,2013_02_CLE_BAL,John Harbaugh,john_harbaugh,
2013,BUF,2,2013_02_CAR_BUF,Doug Marrone,doug_marrone,
2013,CAR,2,2013_02_CAR_BUF,Ron Rivera,ron_rivera,
2013,CHI,2,2013_02_MIN_CHI,Marc Trestman,marc_trestman,
2013,CIN,2,2013_02_PIT_CIN,Marvin Lewis,marvin_lewis,
2013,CLE,2,2013_02_CLE_BAL,Rob Chudzinski,rob_chudzinski,
2013,DAL,2,2013_02_DAL_KC,Jason Garrett,jason_garrett,
2013,DEN,2,2013_02_DEN_NYG,John Fox,john_fox,
2013,DET,2,2013_02_DET_ARI,Jim Schwartz,jim_schwartz,
2013,GB,2,2013_02_WAS_GB,Mike McCarthy,mike_mccarthy,
2013,HOU,2,2013_02_TEN_HOU,Gary Kubiak,gary_kubiak,
2013,IND,2,2013_02_MIA_IND,Chuck Pagano,chuck_pagano,
2013,JAX,2,2013_02_JAX_OAK,Gus Bradley,gus_bradley,
2013,KC,2,2013_02_DAL_KC,Andy Reid,andy_reid,
2013,LA,2,2013_02_STL_ATL,Jeff Fisher,jeff_fisher,
2013,LAC,2,2013_02_SD_PHI,Mike McCoy,mike_mccoy,
2013,LV,2,2013_02_JAX_OAK,Dennis Allen,dennis_allen,
2013,MIA,2,2013_02_MIA_IND,Joe Philbin,joe_philbin,
2013,MIN,2,2013_02_MIN_CHI,Leslie Frazier,leslie_frazier,
2013,NE,2,2013_02_NYJ_NE,Bill Belichick,bill_belichick,
2013,NO,2,2013_02_NO_TB,Sean Payton,sean_payton,
2013,NYG,2,2013_02_DEN_NYG,Tom Coughlin,tom_coughlin,
2013,NYJ,2,2013_02_NYJ_NE,Rex Ryan,rex_ryan,
2013,PHI,2,2013_02_SD_PHI,Chip Kelly,chip_kelly,
2013,PIT,2,2013_02_PIT_CIN,Mike Tomlin,mike_tomlin,
2013,SEA,2,2013_02_SF_SEA,Pete Carroll,pete_carroll,
2013,SF,2,2013_02_SF_SEA,Jim Harbaugh,jim_harbaugh,
2013,TB,2,2013_02_NO_TB,Greg Schiano,greg_schiano,
2013,TEN,2,2013_02_TEN_HOU,Mike Munchak,mike_munchak,
2013,WAS,2,2013_02_WAS_GB,Mike Shanahan,mike_shanahan,
2013,ARI,3,2013_03_ARI_NO,Bruce Arians,bruce_arians,
2013,ATL,3,2013_03_ATL_MIA,Mike Smith,mike_smith,
2013,BAL,3,2013_03_HOU_BAL,John Harbaugh,john_harbaugh,
2013,BUF,3,2013_03_BUF_NYJ,Doug Marrone,doug_marrone,
2013,CAR,3,2013_03_NYG_CAR,Ron Rivera,ron_rivera,
2013,CHI,3,2013_03_CHI_PIT,Marc Trestman,marc_trestman,
2013,CIN,3,2013_03_GB_CIN,Marvin Lewis,marvin_lewis,
2013,CLE,3,2013_03_CLE_MIN,Rob Chudzinski,rob_chudzinski,
2013,DAL,3,2013_03_STL_DAL,Jason Garrett,jason_garrett,
2013,DEN,3,2013_03_OAK_DEN,John Fox,john_fox,
2013,DET,3,2013_03_DET_WAS,Jim Schwartz,jim_schwartz,
2013,GB,3,2013_03_GB_CIN,Mike McCarthy,mike_mccarthy,
2013,HOU,3,2013_03_HOU_BAL,Gary Kubiak,gary_kubiak,
2013,IND,3,2013_03_IND_SF,Chuck Pagano,chuck_pagano,
2013,JAX,3,2013_03_JAX_SEA,Gus Bradley,gus_bradley,
2013,KC,3,2013_03_KC_PHI,Andy Reid,andy_reid,
2013,LA,3,2013_03_STL_DAL,Jeff Fisher,jeff_fisher,
2013,LAC,3,2013_03_SD_TEN,Mike McCoy,mike_mccoy,
2013,LV,3,2013_03_OAK_DEN,Dennis Allen,dennis_allen,
2013,MIA,3,2013_03_ATL_MIA,Joe Philbin,joe_philbin,
2013,MIN,3,2013_03_CLE_MIN,Leslie Frazier,leslie_frazier,
2013,NE,3,2013_03_TB_NE,Bill Belichick,bill_belichick,
2013,NO,3,2013_03_ARI_NO,Sean Payton,sean_payton,
2013,NYG,3,2013_03_NYG_CAR,Tom Coughlin,tom_coughlin,
2013,NYJ,3,2013_03_BUF_NYJ,Rex Ryan,rex_ryan,
2013,PHI,3,2013_03_KC_PHI,Chip Kelly,chip_kelly,
2013,PIT,3,2013_03_CHI_PIT,Mike Tomlin,mike_tomlin,
2013,SEA,3,2013_03_JAX_SEA,Pete Carroll,pete_carroll,
2013,SF,3,2013_03_IND_SF,Jim Harbaugh,jim_harbaugh,
2013,TB,3,2013_03_TB_NE,Greg Schiano,greg_schiano,
2013,TEN,3,2013_03_SD_TEN,Mike Munchak,mike_munchak,
2013,WAS,3,2013_03_DET_WAS,Mike Shanahan,mike_shanahan,
2013,ARI,4,2013_04_ARI_TB,Bruce Arians,bruce_arians,
2013,ATL,4,2013_04_NE_ATL,Mike Smith,mike_smith,
2013,BAL,4,2013_04_BAL_BUF,John Harbaugh,john_harbaugh,
2013,BUF,4,2013_04_BAL_BUF,Doug Marrone,doug_marrone,
2013,CHI,4,2013_04_CHI_DET,Marc Trestman,marc_trestman,
2013,CIN,4,2013_04_CIN_CLE,Marvin Lewis,marvin_lewis,
2013,CLE,4,2013_04_CIN_CLE,Rob Chudzinski,rob_chudzinski,
2013,DAL,4,2013_04_DAL_SD,Jason Garrett,jason_garrett,
2013,DEN,4,2013_04_PHI_DEN,John Fox,john_fox,
2013,DET,4,2013_04_CHI_DET,Jim Schwartz,jim_schwartz,
2013,HOU,4,2013_04_SEA_HOU,Gary Kubiak,gary_kubiak,
2013,IND,4,2013_04_IND_JAX,Chuck Pagano,chuck_pagano,
2013,JAX,4,2013_04_IND_JAX,Gus Bradley,gus_bradley,
2013,KC,4,2013_04_NYG_KC,Andy Reid,andy_reid,
2013,LA,4,2013_04_SF_STL,Jeff Fisher,jeff_fisher,
2013,LAC,4,2013_04_DAL_SD,Mike McCoy,mike_mccoy,
2013,LV,4,2013_04_WAS_OAK,Dennis Allen,dennis_allen,
2013,MIA,4,2013_04_MIA_NO,Joe Philbin,joe_philbin,
2013,MIN,4,2013_04_PIT_MIN,Leslie Frazier,leslie_frazier,
2013,NE,4,2013_04_NE_ATL,Bill Belichick,bill_belichick,
2013,NO,4,2013_04_MIA_NO,Sean Payton,sean_payton,
2013,NYG,4,2013_04_NYG_KC,Tom Coughlin,tom_coughlin,
2013,NYJ,4,2013_04_NYJ_TEN,Rex Ryan,rex_ryan,
2013,PHI,4,2013_04_PHI_DEN,Chip Kelly,chip_kelly,
2013,PIT,4,2013_04_PIT_MIN,Mike Tomlin,mike_tomlin,
2013,SEA,4,2013_04_SEA_HOU,Pete Carroll,pete_carroll,
2013,SF,4,2013_04_SF_STL,Jim Harbaugh,jim_harbaugh,
2013,TB,4,2013_04_ARI_TB,Greg Schiano,greg_schiano,
2013,TEN,4,2013_04_NYJ_TEN,Mike Munchak,mike_munchak,
2013,WAS,4,2013_04_WAS_OAK,Mike Shanahan,mike_shanahan,
2013,ARI,5,2013_05_CAR_ARI,Bruce Arians,bruce_arians,
2013,ATL,5,2013_05_NYJ_ATL,Mike Smith,mike_smith,
2013,BAL,5,2013_05_BAL_MIA,John Harbaugh,john_harbaugh,
2013,BUF,5,2013_05_BUF_CLE,Doug Marrone,doug_marrone,
2013,CAR,5,2013_05_CAR_ARI,Ron Rivera,ron_rivera,
2013,CHI,5,2013_05_NO_CHI,Marc Trestman,marc_trestman,
2013,CIN,5,2013_05_NE_CIN,Marvin Lewis,marvin_lewis,
2013,CLE,5,2013_05_BUF_CLE,Rob Chudzinski,rob_chudzinski,
2013,DAL,5,2013_05_DEN_DAL,Jason Garrett,jason_garrett,
2013,DEN,5,2013_05_DEN_DAL,John Fox,john_fox,
2013,DET,5,2013_05_DET_GB,Jim Schwartz,jim_schwartz,
2013,GB,5,2013_05_DET_GB,Mike McCarthy,mike_mccarthy,
2013,HOU,5,2013_05_HOU_SF,Gary Kubiak,gary_kubiak,
2013,IND,5,2013_05_SEA_IND,Chuck Pagano,chuck_pagano,
2013,JAX,5,2013_05_JAX_STL,Gus Bradley,gus_bradley,
2013,KC,5,2013_05_KC_TEN,Andy Reid,andy_reid,
2013,LA,5,2013_05_JAX_STL,Jeff Fisher,jeff_fisher,
2013,LAC,5,2013_05_SD_OAK,Mike McCoy,mike_mccoy,
2013,LV,5,2013_05_SD_OAK,Dennis Allen,dennis_allen,
2013,MIA,5,2013_05_BAL_MIA,Joe Philbin,joe_philbin,
2013,NE,5,2013_05_NE_CIN,Bill Belichick,bill_belichick,
2013,NO,5,2013_05_NO_CHI,Sean Payton,sean_payton,
2013,NYG,5,2013_05_PHI_NYG,Tom Coughlin,tom_coughlin,
2013,NYJ,5,2013_05_NYJ_ATL,Rex Ryan,rex_ryan,
2013,PHI,5,2013_05_PHI_NYG,Chip Kelly,chip_kelly,
2013,SEA,5,2013_05_SEA_IND,Pete Carroll,pete_carroll,
2013,SF,5,2013_05_HOU_SF,Jim Harbaugh,jim_harbaugh,
2013,TEN,5,2013_05_KC_TEN,Mike Munchak,mike_munchak,
2013,ARI,6,2013_06_ARI_SF,Bruce Arians,bruce_arians,
2013,BAL,6,2013_06_GB_BAL,John Harbaugh,john_harbaugh,
2013,BUF,6,2013_06_CIN_BUF,Doug Marrone,doug_marrone,
2013,CAR,6,2013_06_CAR_MIN,Ron Rivera,ron_rivera,
2013,CHI,6,2013_06_NYG_CHI,Marc Trestman,marc_trestman,
2013,CIN,6,2013_06_CIN_BUF,Marvin Lewis,marvin_lewis,
2013,CLE,6,2013_06_DET_CLE,Rob Chudzinski,rob_chudzinski,
2013,DAL,6,2013_06_WAS_DAL,Jason Garrett,jason_garrett,
2013,DEN,6,2013_06_JAX_DEN,John Fox,john_fox,
2013,DET,6,2013_06_DET_CLE,Jim Schwartz,jim_schwartz,
2013,GB,6,2013_06_GB_BAL,Mike McCarthy,mike_mccarthy,
2013,HOU,6,2013_06_STL_HOU,Gary Kubiak,gary_kubiak,
2013,IND,6,2013_06_IND_SD,Chuck Pagano,chuck_pagano,
2013,JAX,6,2013_06_JAX_DEN,Gus Bradley,gus_bradley,
2013,KC,6,2013_06_OAK_KC,Andy Reid,andy_reid,
2013,LA,6,2013_06_STL_HOU,Jeff Fisher,jeff_fisher,
2013,LAC,6,2013_06_IND_SD,Mike McCoy,mike_mccoy,
2013,LV,6,2013_06_OAK_KC,Dennis Allen,dennis_allen,
2013,MIN,6,2013_06_CAR_MIN,Leslie Frazier,leslie_frazier,
2013,NE,6,2013_06_NO_NE,Bill Belichick,bill_belichick,
2013,NO,6,2013_06_NO_NE,Sean Payton,sean_payton,
2013,NYG,6,2013_06_NYG_CHI,Tom Coughlin,tom_coughlin,
2013,NYJ,6,2013_06_PIT_NYJ,Rex Ryan,rex_ryan,
2013,PHI,6,2013_06_PHI_TB,Chip Kelly,chip_kelly,
2013,PIT,6,2013_06_PIT_NYJ,Mike Tomlin,mike_tomlin,
2013,SEA,6,2013_06_TEN_SEA,Pete Carroll,pete_carroll,
2013,SF,6,2013_06_ARI_SF,Jim Harbaugh,jim_harbaugh,
2013,TB,6,2013_06_PHI_TB,Greg Schiano,greg_schiano,
2013,TEN,6,2013_06_TEN_SEA,Mike Munchak,mike_munchak,
2013,WAS,6,2013_06_WAS_DAL,Mike Shanahan,mike_shanahan,
2013,ARI,7,2013_07_SEA_ARI,Bruce Arians,bruce_arians,
2013,ATL,7,2013_07_TB_ATL,Mike Smith,mike_smith,
2013,BAL,7,2013_07_BAL_PIT,John Harbaugh,john_harbaugh,
2013,BUF,7,2013_07_BUF_MIA,Doug Marrone,doug_marrone,
2013,CAR,7,2013_07_STL_CAR,Ron Rivera,ron_rivera,
2013,CHI,7,2013_07_CHI_WAS,Marc Trestman,marc_trestman,
2013,CIN,7,2013_07_CIN_DET,Marvin Lewis,marvin_lewis,
2013,CLE,7,2013_07_CLE_GB,Rob Chudzinski,rob_chudzinski,
2013,DAL,7,2013_07_DAL_PHI,Jason Garrett,jason_garrett,
2013,DEN,7,2013_07_DEN_IND,John Fox,john_fox,
2013,DET,7,2013_07_CIN_DET,Jim Schwartz,jim_schwartz,
2013,GB,7,2013_07_CLE_GB,Mike McCarthy,mike_mccarthy,
2013,HOU,7,2013_07_HOU_KC,Gary Kubiak,gary_kubiak,
2013,IND,7,2013_07_DEN_IND,Chuck Pagano,chuck_pagano,
2013,JAX,7,2013_07_SD_JAX,Gus Bradley,gus_bradley,
2013,KC,7,2013_07_HOU_KC,Andy Reid,andy_reid,
2013,LA,7,2013_07_STL_CAR,Jeff Fisher,jeff_fisher,
2013,LAC,7,2013_07_SD_JAX,Mike McCoy,mike_mccoy,
2013,MIA,7,2013_07_BUF_MIA,Joe Philbin,joe_philbin,
2013,MIN,7,2013_07_MIN_NYG,Leslie Frazier,leslie_frazier,
2013,NE,7,2013_07_NE_NYJ,Bill Belichick,bill_belichick,
2013,NYG,7,2013_07_MIN_NYG,Tom Coughlin,tom_coughlin,
2013,NYJ,7,2013_07_NE_NYJ,Rex Ryan,rex_ryan,
2013,PHI,7,2013_07_DAL_PHI,Chip Kelly,chip_kelly,
2013,PIT,7,2013_07_BAL_PIT,Mike Tomlin,mike_tomlin,
2013,SEA,7,2013_07_SEA_ARI,Pete Carroll,pete_carroll,
2013,SF,7,2013_07_SF_TEN,Jim Harbaugh,jim_harbaugh,
2013,TB,7,2013_07_TB_ATL,Greg Schiano,greg_schiano,
2013,TEN,7,2013_07_SF_TEN,Mike Munchak,mike_munchak,
2013,WAS,7,2013_07_CHI_WAS,Mike Shanahan,mike_shanahan,
2013,ARI,8,2013_08_ATL_ARI,Bruce Arians,bruce_arians,
2013,ATL,8,2013_08_ATL_ARI,Mike Smith,mike_smith,
2013,BUF,8,2013_08_BUF_NO,Doug Marrone,doug_marrone,
2013,CAR,8,2013_08_CAR_TB,Ron Rivera,ron_rivera,
2013,CIN,8,2013_08_NYJ_CIN,Marvin Lewis,marvin_lewis,
2013,CLE,8,2013_08_CLE_KC,Rob Chudzinski,rob_chudzinski,
2013,DAL,8,2013_08_DAL_DET,Jason Garrett,jason_garrett,
2013,DEN,8,2013_08_WAS_DEN,John Fox,john_fox,
2013,DET,8,2013_08_DAL_DET,Jim Schwartz,jim_schwartz,
2013,GB,8,2013_08_GB_MIN,Mike McCarthy,mike_mccarthy,
2013,JAX,8,2013_08_SF_JAX,Gus Bradley,gus_bradley,
2013,KC,8,2013_08_CLE_KC,Andy Reid,andy_reid,
2013,LA,8,2013_08_SEA_STL,Jeff Fisher,jeff_fisher,
2013,LV,8,2013_08_PIT_OAK,Dennis Allen,dennis_allen,
2013,MIA,8,2013_08_MIA_NE,Joe Philbin,joe_philbin,
2013,MIN,8,2013_08_GB_MIN,Leslie Frazier,leslie_frazier,
2013,NE,8,2013_08_MIA_NE,Bill Belichick,bill_belichick,
2013,NO,8,2013_08_BUF_NO,Sean Payton,sean_payton,
2013,NYG,8,2013_08_NYG_PHI,Tom Coughlin,tom_coughlin,
2013,NYJ,8,2013_08_NYJ_CIN,Rex Ryan,rex_ryan,
2013,PHI,8,2013_08_NYG_PHI,Chip Kelly,chip_kelly,
2013,PIT,8,2013_08_PIT_OAK,Mike Tomlin,mike_tomlin,
2013,SEA,8,2013_08_SEA_STL,Pete Carroll,pete_carroll,
2013,SF,8,2013_08_SF_JAX,Jim Harbaugh,jim_harbaugh,
2013,TB,8,2013_08_CAR_TB,Greg Schiano,greg_schiano,
2013,WAS,8,2013_08_WAS_DEN,Mike Shanahan,mike_shanahan,
2013,ATL,9,2013_09_ATL_CAR,Mike Smith,mike_smith,
2013,BAL,9,2013_09_BAL_CLE,John Harbaugh,john_harbaugh,
2013,BUF,9,2013_09_KC_BUF,Doug Marrone,doug_marrone,
2013,CAR,9,2013_09_ATL_CAR,Ron Rivera,ron_rivera,
2013,CHI,9,2013_09_CHI_GB,Marc Trestman,marc_trestman,
2013,CIN,9,2013_09_CIN_MIA,Marvin Lewis,marvin_lewis,
2013,CLE,9,2013_09_BAL_CLE,Rob Chudzinski,rob_chudzinski,
2013,DAL,9,2013_09_MIN_DAL,Jason Garrett,jason_garrett,
2013,GB,9,2013_09_CHI_GB,Mike McCarthy,mike_mccarthy,
2013,HOU,9,2013_09_IND_HOU,Gary Kubiak,gary_kubiak,
2013,IND,9,2013_09_IND_HOU,Chuck Pagano,chuck_pagano,
2013,KC,9,2013_09_KC_BUF,Andy Reid,andy_reid,
2013,LA,9,2013_09_TEN_STL,Jeff Fisher,jeff_fisher,
2013,LAC,9,2013_09_SD_WAS,Mike McCoy,mike_mccoy,
2013,LV,9,2013_09_PHI_OAK,Dennis Allen,dennis_allen,
2013,MIA,9,2013_09_CIN_MIA,Joe Philbin,joe_philbin,
2013,MIN,9,2013_09_MIN_DAL,Leslie Frazier,leslie_frazier,
2013,NE,9,2013_09_PIT_NE,Bill Belichick,bill_belichick,
2013,NO,9,2013_09_NO_NYJ,Sean Payton,sean_payton,
2013,NYJ,9,2013_09_NO_NYJ,Rex Ryan,rex_ryan,
2013,PHI,9,2013_09_PHI_OAK,Chip Kelly,chip_kelly,
2013,PIT,9,2013_09_PIT_NE,Mike Tomlin,mike_tomlin,
2013,SEA,9,2013_09_TB_SEA,Pete Carroll,pete_carroll,
2013,TB,9,2013_09_TB_SEA,Greg Schiano,greg_schiano,
2013,TEN,9,2013_09_TEN_STL,Mike Munchak,mike_munchak,
2013,WAS,9,2013_09_SD_WAS,Mike Shanahan,mike_shanahan,
2013,ARI,10,2013_10_HOU_ARI,Bruce Arians,bruce_arians,
2013,ATL,10,2013_10_SEA_ATL,Mike Smith,mike_smith,
2013,BAL,10,2013_10_CIN_BAL,John Harbaugh,john_harbaugh,
2013,BUF,10,2013_10_BUF_PIT,Doug Marrone,doug_marrone,
2013,CAR,10,2013_10_CAR_SF,Ron Rivera,ron_rivera,
2013,CHI,10,2013_10_DET_CHI,Marc Trestman,marc_trestman,
2013,CIN,10,2013_10_CIN_BAL,Marvin Lewis,marvin_lewis,
2013,DAL,10,2013_10_DAL_NO,Jason Garrett,jason_garrett,
2013,DEN,10,2013_10_DEN_SD,John Fox,john_fox,
2013,DET,10,2013_10_DET_CHI,Jim Schwartz,jim_schwartz,
2013,GB,10,2013_10_PHI_GB,Mike McCarthy,mike_mccarthy,
2013,HOU,10,2013_10_HOU_ARI,Gary Kubiak,gary_kubiak,
2013,IND,10,2013_10_STL_IND,Chuck Pagano,chuck_pagano,
2013,JAX,10,2013_10_JAX_TEN,Gus Bradley,gus_bradley,
2013,LA,10,2013_10_STL_IND,Jeff Fisher,jeff_fisher,
2013,LAC,10,2013_10_DEN_SD,Mike McCoy,mike_mccoy,
2013,LV,10,2013_10_OAK_NYG,Dennis Allen,dennis_allen,
2013,MIA,10,2013_10_MIA_TB,Joe Philbin,joe_philbin,
2013,MIN,10,2013_10_WAS_MIN,Leslie Frazier,leslie_frazier,
2013,NO,10,2013_10_DAL_NO,Sean Payton,sean_payton,
2013,NYG,10,2013_10_OAK_NYG,Tom Coughlin,tom_coughlin,
2013,PHI,10,2013_10_PHI_GB,Chip Kelly,chip_kelly,
2013,PIT,10,2013_10_BUF_PIT,Mike Tomlin,mike_tomlin,
2013,SEA,10,2013_10_SEA_ATL,Pete Carroll,pete_carroll,
2013,SF,10,2013_10_CAR_SF,Jim Harbaugh,jim_harbaugh,
2013,TB,10,2013_10_MIA_TB,Greg Schiano,greg_schiano,
2013,TEN,10,2013_10_JAX_TEN,Mike Munchak,mike_munchak,
2013,WAS,10,2013_10_WAS_MIN,Mike Shanahan,mike_shanahan,
2013,ARI,11,2013_11_ARI_JAX,Bruce Arians,bruce_arians,
2013,ATL,11,2013_11_ATL_TB,Mike Smith,mike_smith,
2013,BAL,11,2013_11_BAL_CHI,John Harbaugh,john_harbaugh,
2013,BUF,11,2013_11_NYJ_BUF,Doug Marrone,doug_marrone,
2013,CAR,11,2013_11_NE_CAR,Ron Rivera,ron_rivera,
2013,CHI,11,2013_11_BAL_CHI,Marc Trestman,marc_trestman,
2013,CIN,11,2013_11_CLE_CIN,Marvin Lewis,marvin_lewis,
2013,CLE,11,2013_11_CLE_CIN,Rob Chudzinski,rob_chudzinski,
2013,DEN,11,2013_11_KC_DEN,John Fox,john_fox,
2013,DET,11,2013_11_DET_PIT,Jim Schwartz,jim_schwartz,
2013,GB,11,2013_11_GB_NYG,Mike McCarthy,mike_mccarthy,
2013,HOU,11,2013_11_OAK_HOU,Gary Kubiak,gary_kubiak,
2013,IND,11,2013_11_IND_TEN,Chuck Pagano,chuck_pagano,
2013,JAX,11,2013_11_ARI_JAX,Gus Bradley,gus_bradley,
2013,KC,11,2013_11_KC_DEN,Andy Reid,andy_reid,
2013,LAC,11,2013_11_SD_MIA,Mike McCoy,mike_mccoy,
2013,LV,11,2013_11_OAK_HOU,Dennis Allen,dennis_allen,
2013,MIA,11,2013_11_SD_MIA,Joe Philbin,joe_philbin,
2013,MIN,11,2013_11_MIN_SEA,Leslie Frazier,leslie_frazier,
2013,NE,11,2013_11_NE_CAR,Bill Belichick,bill_belichick,
2013,NO,11,2013_11_SF_NO,Sean Payton,sean_payton,
2013,NYG,11,2013_11_GB_NYG,Tom Coughlin,tom_coughlin,
2013,NYJ,11,2013_11_NYJ_BUF,Rex Ryan,rex_ryan,
2013,PHI,11,2013_11_WAS_PHI,Chip Kelly,chip_kelly,
2013,PIT,11,2013_11_DET_PIT,Mike Tomlin,mike_tomlin,
2013,SEA,11,2013_11_MIN_SEA,Pete Carroll,pete_carroll,
2013,SF,11,2013_11_SF_NO,Jim Harbaugh,jim_harbaugh,
2013,TB,11,2013_11_ATL_TB,Greg Schiano,greg_schiano,
2013,TEN,11,2013_11_IND_TEN,Mike Munchak,mike_munchak,
2013,WAS,11,2013_11_WAS_PHI,Mike Shanahan,mike_shanahan,
2013,ARI,12,2013_12_IND_ARI,Bruce Arians,bruce_arians,
2013,ATL,12,2013_12_NO_ATL,Mike Smith,mike_smith,
2013,BAL,12,2013_12_NYJ_BAL,John Harbaugh,john_harbaugh,
2013,CAR,12,2013_12_CAR_MIA,Ron Rivera,ron_rivera,
2013,CHI,12,2013_12_CHI_STL,Marc Trestman,marc_trestman,
2013,CLE,12,2013_12_PIT_CLE,Rob Chudzinski,rob_chudzinski,
2013,DAL,12,2013_12_DAL_NYG,Jason Garrett,jason_garrett,
2013,DEN,12,2013_12_DEN_NE,John Fox,john_fox,
2013,DET,12,2013_12_TB_DET,Jim Schwartz,jim_schwartz,
2013,GB,12,2013_12_MIN_GB,Mike McCarthy,mike_mccarthy,
2013,HOU,12,2013_12_JAX_HOU,Gary Kubiak,gary_kubiak,
2013,IND,12,2013_12_IND_ARI,Chuck Pagano,chuck_pagano,
2013,JAX,12,2013_12_JAX_HOU,Gus Bradley,gus_bradley,
2013,KC,12,2013_12_SD_KC,Andy Reid,andy_reid,
2013,LA,12,2013_12_CHI_STL,Jeff Fisher,jeff_fisher,
2013,LAC,12,2013_12_SD_KC,Mike McCoy,mike_mccoy,
2013,LV,12,2013_12_TEN_OAK,Dennis Allen,dennis_allen,
2013,MIA,12,2013_12_CAR_MIA,Joe Philbin,joe_philbin,
2013,MIN,12,2013_12_MIN_GB,Leslie Frazier,leslie_frazier,
2013,NE,12,2013_12_DEN_NE,Bill Belichick,bill_belichick,
2013,NO,12,2013_12_NO_ATL,Sean Payton,sean_payton,
2013,NYG,12,2013_12_DAL_NYG,Tom Coughlin,tom_coughlin,
2013,NYJ,12,2013_12_NYJ_BAL,Rex Ryan,rex_ryan,
2013,PIT,12,2013_12_PIT_CLE,Mike Tomlin,mike_tomlin,
2013,SF,12,2013_12_SF_WAS,Jim Harbaugh,jim_harbaugh,
2013,TB,12,2013_12_TB_DET,Greg Schiano,greg_schiano,
2013,TEN,12,2013_12_TEN_OAK,Mike Munchak,mike_munchak,
2013,WAS,12,2013_12_SF_WAS,Mike Shanahan,mike_shanahan,
2013,ARI,13,2013_13_ARI_PHI,Bruce Arians,bruce_arians,
2013,ATL,13,2013_13_ATL_BUF,Mike Smith,mike_smith,
2013,BAL,13,2013_13_PIT_BAL,John Harbaugh,john_harbaugh,
2013,BUF,13,2013_13_ATL_BUF,Doug Marrone,doug_marrone,
2013,CAR,13,2013_13_TB_CAR,Ron Rivera,ron_rivera,
2013,CHI,13,2013_13_CHI_MIN,Marc Trestman,marc_trestman,
2013,CIN,13,2013_13_CIN_SD,Marvin Lewis,marvin_lewis,
2013,CLE,13,2013_13_JAX_CLE,Rob Chudzinski,rob_chudzinski,
2013,DAL,13,2013_13_OAK_DAL,Jason Garrett,jason_garrett,
2013,DEN,13,2013_13_DEN_KC,John Fox,john_fox,
2013,DET,13,2013_13_GB_DET,Jim Schwartz,jim_schwartz,
2013,GB,13,2013_13_GB_DET,Mike McCarthy,mike_mccarthy,
2013,HOU,13,2013_13_NE_HOU,Gary Kubiak,gary_kubiak,
2013,IND,13,2013_13_TEN_IND,Chuck Pagano,chuck_pagano,
2013,JAX,13,2013_13_JAX_CLE,Gus Bradley,gus_bradley,
2013,KC,13,2013_13_DEN_KC,Andy Reid,andy_reid,
2013,LA,13,2013_13_STL_SF,Jeff Fisher,jeff_fisher,
2013,LAC,13,2013_13_CIN_SD,Mike McCoy,mike_mccoy,
2013,LV,13,2013_13_OAK_DAL,Dennis Allen,dennis_allen,
2013,MIA,13,2013_13_MIA_NYJ,Joe Philbin,joe_philbin,
2013,MIN,13,2013_13_CHI_MIN,Leslie Frazier,leslie_frazier,
2013,NE,13,2013_13_NE_HOU,Bill Belichick,bill_belichick,
2013,NO,13,2013_13_NO_SEA,Sean Payton,sean_payton,
2013,NYG,13,2013_13_NYG_WAS,Tom Coughlin,tom_coughlin,
2013,NYJ,13,2013_13_MIA_NYJ,Rex Ryan,rex_ryan,
2013,PHI,13,2013_13_ARI_PHI,Chip Kelly,chip_kelly,
2013,PIT,13,2013_13_PIT_BAL,Mike Tomlin,mike_tomlin,
2013,SEA,13,2013_13_NO_SEA,Pete Carroll,pete_carroll,
2013,SF,13,2013_13_STL_SF,Jim Harbaugh,jim_harbaugh,
2013,TB,13,2013_13_TB_CAR,Greg Schiano,greg_schiano,
2013,TEN,13,2013_13_TEN_IND,Mike Munchak,mike_munchak,
2013,WAS,13,2013_13_NYG_WAS,Mike Shanahan,mike_shanahan,
2013,ARI,14,2013_14_STL_ARI,Bruce Arians,bruce_arians,
2013,ATL,14,2013_14_ATL_GB,Mike Smith,mike_smith,
2013,BAL,14,2013_14_MIN_BAL,John Harbaugh,john_harbaugh,
2013,BUF,14,2013_14_BUF_TB,Doug Marrone,doug_marrone,
2013,CAR,14,2013_14_CAR_NO,Ron Rivera,ron_rivera,
2013,CHI,14,2013_14_DAL_CHI,Marc Trestman,marc_trestman,
2013,CIN,14,2013_14_IND_CIN,Marvin Lewis,marvin_lewis,
2013,CLE,14,2013_14_CLE_NE,Rob Chudzinski,rob_chudzinski,
2013,DAL,14,2013_14_DAL_CHI,Jason Garrett,jason_garrett,
2013,DEN,14,2013_14_TEN_DEN,John Fox,john_fox,
2013,DET,14,2013_14_DET_PHI,Jim Schwartz,jim_schwartz,
2013,GB,14,2013_14_ATL_GB,Mike McCarthy,mike_mccarthy,
2013,HOU,14,2013_14_HOU_JAX,Gary Kubiak,gary_kubiak,
2013,IND,14,2013_14_IND_CIN,Chuck Pagano,chuck_pagano,
2013,JAX,14,2013_14_HOU_JAX,Gus Bradley,gus_bradley,
2013,KC,14,2013_14_KC_WAS,Andy Reid,andy_reid,
2013,LA,14,2013_14_STL_ARI,Jeff Fisher,jeff_fisher,
2013,LAC,14,2013_14_NYG_SD,Mike McCoy,mike_mccoy,
2013,LV,14,2013_14_OAK_NYJ,Dennis Allen,dennis_allen,
2013,MIA,14,2013_14_MIA_PIT,Joe Philbin,joe_philbin,
2013,MIN,14,2013_14_MIN_BAL,Leslie Frazier,leslie_frazier,
2013,NE,14,2013_14_CLE_NE,Bill Belichick,bill_belichick,
2013,NO,14,2013_14_CAR_NO,Sean Payton,sean_payton,
2013,NYG,14,2013_14_NYG_SD,Tom Coughlin,tom_coughlin,
2013,NYJ,14,2013_14_OAK_NYJ,Rex Ryan,rex_ryan,
2013,PHI,14,2013_14_DET_PHI,Chip Kelly,chip_kelly,
2013,PIT,14,2013_14_MIA_PIT,Mike Tomlin,mike_tomlin,
2013,SEA,14,2013_14_SEA_SF,Pete Carroll,pete_carroll,
2013,SF,14,2013_14_SEA_SF,Jim Harbaugh,jim_harbaugh,
2013,TB,14,2013_14_BUF_TB,Greg Schiano,greg_schiano,
2013,TEN,14,2013_14_TEN_DEN,Mike Munchak,mike_munchak,
2013,WAS,14,2013_14_KC_WAS,Mike Shanahan,mike_shanahan,
2013,ARI,15,2013_15_ARI_TEN,Bruce Arians,bruce_arians,
2013,ATL,15,2013_15_WAS_ATL,Mike Smith,mike_smith,
2013,BAL,15,2013_15_BAL_DET,John Harbaugh,john_harbaugh,
2013,BUF,15,2013_15_BUF_JAX,Doug Marrone,doug_marrone,
2013,CAR,15,2013_15_NYJ_CAR,Ron Rivera,ron_rivera,
2013,CHI,15,2013_15_CHI_CLE,Marc Trestman,marc_trestman,
2013,CIN,15,2013_15_CIN_PIT,Marvin Lewis,marvin_lewis,
2013,CLE,15,2013_15_CHI_CLE,Rob Chudzinski,rob_chudzinski,
2013,DAL,15,2013_15_GB_DAL,Jason Garrett,jason_garrett,
2013,DEN,15,2013_15_SD_DEN,John Fox,john_fox,
2013,DET,15,2013_15_BAL_DET,Jim Schwartz,jim_schwartz,
2013,GB,15,2013_15_GB_DAL,Mike McCarthy,mike_mccarthy,
2013,HOU,15,2013_15_HOU_IND,Wade Phillips,wade_phillips,
2013,IND,15,2013_15_HOU_IND,Chuck Pagano,chuck_pagano,
2013,JAX,15,2013_15_BUF_JAX,Gus Bradley,gus_bradley,
2013,KC,15,2013_15_KC_OAK,Andy Reid,andy_reid,
2013,LA,15,2013_15_NO_STL,Jeff Fisher,jeff_fisher,
2013,LAC,15,2013_15_SD_DEN,Mike McCoy,mike_mccoy,
2013,LV,15,2013_15_KC_OAK,Dennis Allen,dennis_allen,
2013,MIA,15,2013_15_NE_MIA,Joe Philbin,joe_philbin,
2013,MIN,15,2013_15_PHI_MIN,Leslie Frazier,leslie_frazier,
2013,NE,15,2013_15_NE_MIA,Bill Belichick,bill_belichick,
2013,NO,15,2013_15_NO_STL,Sean Payton,sean_payton,
2013,NYG,15,2013_15_SEA_NYG,Tom Coughlin,tom_coughlin,
2013,NYJ,15,2013_15_NYJ_CAR,Rex Ryan,rex_ryan,
2013,PHI,15,2013_15_PHI_MIN,Chip Kelly,chip_kelly,
2013,PIT,15,2013_15_CIN_PIT,Mike Tomlin,mike_tomlin,
2013,SEA,15,2013_15_SEA_NYG,Pete Carroll,pete_carroll,
2013,SF,15,2013_15_SF_TB,Jim Harbaugh,jim_harbaugh,
2013,TB,15,2013_15_SF_TB,Greg Schiano,greg_schiano,
2013,TEN,15,2013_15_ARI_TEN,Mike Munchak,mike_munchak,
2013,WAS,15,2013_15_WAS_ATL,Mike Shanahan,mike_shanahan,
2013,ARI,16,2013_16_ARI_SEA,Bruce Arians,bruce_arians,
2013,ATL,16,2013_16_ATL_SF,Mike Smith,mike_smith,
2013,BAL,16,2013_16_NE_BAL,John Harbaugh,john_harbaugh,
2013,BUF,16,2013_16_MIA_BUF,Doug Marrone,doug_marrone,
2013,CAR,16,2013_16_NO_CAR,Ron Rivera,ron_rivera,
2013,CHI,16,2013_16_CHI_PHI,Marc Trestman,marc_trestman,
2013,CIN,16,2013_16_MIN_CIN,Marvin Lewis,marvin_lewis,
2013,CLE,16,2013_16_CLE_NYJ,Rob Chudzinski,rob_chudzinski,
2013,DAL,16,2013_16_DAL_WAS,Jason Garrett,jason_garrett,
2013,DEN,16,2013_16_DEN_HOU,John Fox,john_fox,
2013,DET,16,2013_16_NYG_DET,Jim Schwartz,jim_schwartz,
2013,GB,16,2013_16_PIT_GB,Mike McCarthy,mike_mccarthy,
2013,HOU,16,2013_16_DEN_HOU,Wade Phillips,wade_phillips,
2013,IND,16,2013_16_IND_KC,Chuck Pagano,chuck_pagano,
2013,JAX,16,2013_16_TEN_JAX,Gus Bradley,gus_bradley,
2013,KC,16,2013_16_IND_KC,Andy Reid,andy_reid,
2013,LA,16,2013_16_TB_STL,Jeff Fisher,jeff_fisher,
2013,LAC,16,2013_16_OAK_SD,Mike McCoy,mike_mccoy,
2013,LV,16,2013_16_OAK_SD,Dennis Allen,dennis_allen,
2013,MIA,16,2013_16_MIA_BUF,Joe Philbin,joe_philbin,
2013,MIN,16,2013_16_MIN_CIN,Leslie Frazier,leslie_frazier,
2013,NE,16,2013_16_NE_BAL,Bill Belichick,bill_belichick,
2013,NO,16,2013_16_NO_CAR,Sean Payton,sean_payton,
2013,NYG,16,2013_16_NYG_DET,Tom Coughlin,tom_coughlin,
2013,NYJ,16,2013_16_CLE_NYJ,Rex Ryan,rex_ryan,
2013,PHI,16,2013_16_CHI_PHI,Chip Kelly,chip_kelly,
2013,PIT,16,2013_16_PIT_GB,Mike Tomlin,mike_tomlin,
2013,SEA,16,2013_16_ARI_SEA,Pete Carroll,pete_carroll,
2013,SF,16,2013_16_ATL_SF,Jim Harbaugh,jim_harbaugh,
2013,TB,16,2013_16_TB_STL,Greg Schiano,greg_schiano,
2013,TEN,16,2013_16_TEN_JAX,Mike Munchak,mike_munchak,
2013,WAS,16,2013_16_DAL_WAS,Mike Shanahan,mike_shanahan,
2013,ARI,17,2013_17_SF_ARI,Bruce Arians,bruce_arians,
2013,ATL,17,2013_17_CAR_ATL,Mike Smith,mike_smith,
2013,BAL,17,2013_17_BAL_CIN,John Harbaugh,john_harbaugh,
2013,BUF,17,2013_17_BUF_NE,Doug Marrone,doug_marrone,
2013,CAR,17,2013_17_CAR_ATL,Ron Rivera,ron_rivera,
2013,CHI,17,2013_17_GB_CHI,Marc Trestman,marc_trestman,
2013,CIN,17,2013_17_BAL_CIN,Marvin Lewis,marvin_lewis,
2013,CLE,17,2013_17_CLE_PIT,Rob Chudzinski,rob_chudzinski,
2013,DAL,17,2013_17_PHI_DAL,Jason Garrett,jason_garrett,
2013,DEN,17,2013_17_DEN_OAK,John Fox,john_fox,
2013,DET,17,2013_17_DET_MIN,Jim Schwartz,jim_schwartz,
2013,GB,17,2013_17_GB_CHI,Mike McCarthy,mike_mccarthy,
2013,HOU,17,2013_17_HOU_TEN,Wade Phillips,wade_phillips,
2013,IND,17,2013_17_JAX_IND,Chuck Pagano,chuck_pagano,
2013,JAX,17,2013_17_JAX_IND,Gus Bradley,gus_bradley,
2013,KC,17,2013_17_KC_SD,Andy Reid,andy_reid,
2013,LA,17,2013_17_STL_SEA,Jeff Fisher,jeff_fisher,
2013,LAC,17,2013_17_KC_SD,Mike McCoy,mike_mccoy,
2013,LV,17,2013_17_DEN_OAK,Dennis Allen,dennis_allen,
2013,MIA,17,2013_17_NYJ_MIA,Joe Philbin,joe_philbin,
2013,MIN,17,2013_17_DET_MIN,Leslie Frazier,leslie_frazier,
2013,NE,17,2013_17_BUF_NE,Bill Belichick,bill_belichick,
2013,NO,17,2013_17_TB_NO,Sean Payton,sean_payton,
2013,NYG,17,2013_17_WAS_NYG,Tom Coughlin,tom_coughlin,
2013,NYJ,17,2013_17_NYJ_MIA,Rex Ryan,rex_ryan,
2013,PHI,17,2013_17_PHI_DAL,Chip Kelly,chip_kelly,
2013,PIT,17,2013_17_CLE_PIT,Mike Tomlin,mike_tomlin,
2013,SEA,17,2013_17_STL_SEA,Pete Carroll,pete_carroll,
2013,SF,17,2013_17_SF_ARI,Jim Harbaugh,jim_harbaugh,
2013,TB,17,2013_17_TB_NO,Greg Schiano,greg_schiano,
2013,TEN,17,2013_17_HOU_TEN,Mike Munchak,mike_munchak,
2013,WAS,17,2013_17_WAS_NYG,Mike Shanahan,mike_shanahan,
2014,ARI,1,2014_01_SD_ARI,Bruce Arians,bruce_arians,
2014,ATL,1,2014_01_NO_ATL,Mike Smith,mike_smith,dirk_koetter
2014,BAL,1,2014_01_CIN_BAL,John Harbaugh,john_harbaugh,gary_kubiak
2014,BUF,1,2014_01_BUF_CHI,Doug Marrone,doug_marrone,nathaniel_hackett
2014,CAR,1,2014_01_CAR_TB,Ron Rivera,ron_rivera,mike_shula
2014,CHI,1,2014_01_BUF_CHI,Marc Trestman,marc_trestman,
2014,CIN,1,2014_01_CIN_BAL,Marvin Lewis,marvin_lewis,hue_jackson
2014,CLE,1,2014_01_CLE_PIT,Mike Pettine,mike_pettine,kyle_shanahan
2014,DAL,1,2014_01_SF_DAL,Jason Garrett,jason_garrett,scott_linehan
2014,DEN,1,2014_01_IND_DEN,John Fox,john_fox,adam_gase
2014,DET,1,2014_01_NYG_DET,Jim Caldwell,jim_caldwell,joe_lombardi
2014,GB,1,2014_01_GB_SEA,Mike McCarthy,mike_mccarthy,mike_mccarthy
2014,HOU,1,2014_01_WAS_HOU,Bill O'Brien,bill_obrien,bill_obrien
2014,IND,1,2014_01_IND_DEN,Chuck Pagano,chuck_pagano,pep_hamilton
2014,JAX,1,2014_01_JAX_PHI,Gus Bradley,gus_bradley,
2014,KC,1,2014_01_TEN_KC,Andy Reid,andy_reid,andy_reid
2014,LA,1,2014_01_MIN_STL,Jeff Fisher,jeff_fisher,brian_schottenheimer
2014,LAC,1,2014_01_SD_ARI,Mike McCoy,mike_mccoy,frank_reich
2014,LV,1,2014_01_OAK_NYJ,Dennis Allen,dennis_allen,
2014,MIA,1,2014_01_NE_MIA,Joe Philbin,joe_philbin,bill_lazor
2014,MIN,1,2014_01_MIN_STL,Mike Zimmer,mike_zimmer,norv_turner
2014,NE,1,2014_01_NE_MIA,Bill Belichick,bill_belichick,josh_mcdaniels
2014,NO,1,2014_01_NO_ATL,Sean Payton,sean_payton,sean_payton
2014,NYG,1,2014_01_NYG_DET,Tom Coughlin,tom_coughlin,ben_mcadoo
2014,NYJ,1,2014_01_OAK_NYJ,Rex Ryan,rex_ryan,marty_mornhinweg
2014,PHI,1,2014_01_JAX_PHI,Chip Kelly,chip_kelly,chip_kelly
2014,PIT,1,2014_01_CLE_PIT,Mike Tomlin,mike_tomlin,todd_haley
2014,SEA,1,2014_01_GB_SEA,Pete Carroll,pete_carroll,darrell_bevell
2014,SF,1,2014_01_SF_DAL,Jim Harbaugh,jim_harbaugh,
2014,TB,1,2014_01_CAR_TB,Lovie Smith,lovie_smith,marcus_arroyo
2014,TEN,1,2014_01_TEN_KC,Ken Whisenhunt,ken_whisenhunt,ken_whisenhunt
2014,WAS,1,2014_01_WAS_HOU,Jay Gruden,jay_gruden,jay_gruden
2014,ARI,2,2014_02_ARI_NYG,Bruce Arians,bruce_arians,
2014,ATL,2,2014_02_ATL_CIN,Mike Smith,mike_smith,dirk_koetter
2014,BAL,2,2014_02_PIT_BAL,John Harbaugh,john_harbaugh,gary_kubiak
2014,BUF,2,2014_02_MIA_BUF,Doug Marrone,doug_marrone,nathaniel_hackett
2014,CAR,2,2014_02_DET_CAR,Ron Rivera,ron_rivera,mike_shula
2014,CHI,2,2014_02_CHI_SF,Marc Trestman,marc_trestman,
2014,CIN,2,2014_02_ATL_CIN,Marvin Lewis,marvin_lewis,hue_jackson
2014,CLE,2,2014_02_NO_CLE,Mike Pettine,mike_pettine,kyle_shanahan
2014,DAL,2,2014_02_DAL_TEN,Jason Garrett,jason_garrett,scott_linehan
2014,DEN,2,2014_02_KC_DEN,John Fox,john_fox,adam_gase
2014,DET,2,2014_02_DET_CAR,Jim Caldwell,jim_caldwell,joe_lombardi
2014,GB,2,2014_02_NYJ_GB,Mike McCarthy,mike_mccarthy,mike_mccarthy
2014,HOU,2,2014_02_HOU_OAK,Bill O'Brien,bill_obrien,bill_obrien
2014,IND,2,2014_02_PHI_IND,Chuck Pagano,chuck_pagano,pep_hamilton
2014,JAX,2,2014_02_JAX_WAS,Gus Bradley,gus_bradley,
2014,KC,2,2014_02_KC_DEN,Andy Reid,andy_reid,andy_reid
2014,LA,2,2014_02_STL_TB,Jeff Fisher,jeff_fisher,brian_schottenheimer
2014,LAC,2,2014_02_SEA_SD,Mike McCoy,mike_mccoy,frank_reich
2014,LV,2,2014_02_HOU_OAK,Dennis Allen,dennis_allen,
2014,MIA,2,2014_02_MIA_BUF,Joe Philbin,joe_philbin,bill_lazor
2014,MIN,2,2014_02_NE_MIN,Mike Zimmer,mike_zimmer,norv_turner
2014,NE,2,2014_02_NE_MIN,Bill Belichick,bill_belichick,josh_mcdaniels
2014,NO,2,2014_02_NO_CLE,Sean Payton,sean_payton,sean_payton
2014,NYG,2,2014_02_ARI_NYG,Tom Coughlin,tom_coughlin,ben_mcadoo
2014,NYJ,2,2014_02_NYJ_GB,Rex Ryan,rex_ryan,marty_mornhinweg
2014,PHI,2,2014_02_PHI_IND,Chip Kelly,chip_kelly,chip_kelly
2014,PIT,2,2014_02_PIT_BAL,Mike Tomlin,mike_tomlin,todd_haley
2014,SEA,2,2014_02_SEA_SD,Pete Carroll,pete_carroll,darrell_bevell
2014,SF,2,2014_02_CHI_SF,Jim Harbaugh,jim_harbaugh,
2014,TB,2,2014_02_STL_TB,Lovie Smith,lovie_smith,marcus_arroyo
2014,TEN,2,2014_02_DAL_TEN,Ken Whisenhunt,ken_whisenhunt,ken_whisenhunt
2014,WAS,2,2014_02_JAX_WAS,Jay Gruden,jay_gruden,jay_gruden
2014,ARI,3,2014_03_SF_ARI,Bruce Arians,bruce_arians,
2014,ATL,3,2014_03_TB_ATL,Mike Smith,mike_smith,dirk_koetter
2014,BAL,3,2014_03_BAL_CLE,John Harbaugh,john_harbaugh,gary_kubiak
2014,BUF,3,2014_03_SD_BUF,Doug Marrone,doug_marrone,nathaniel_hackett
2014,CAR,3,2014_03_PIT_CAR,Ron Rivera,ron_rivera,mike_shula
2014,CHI,3,2014_03_CHI_NYJ,Marc Trestman,marc_trestman,
2014,CIN,3,2014_03_TEN_CIN,Marvin Lewis,marvin_lewis,hue_jackson
2014,CLE,3,2014_03_BAL_CLE,Mike Pettine,mike_pettine,kyle_shanahan
2014,DAL,3,2014_03_DAL_STL,Jason Garrett,jason_garrett,scott_linehan
2014,DEN,3,2014_03_DEN_SEA,John Fox,john_fox,adam_gase
2014,DET,3,2014_03_GB_DET,Jim Caldwell,jim_caldwell,joe_lombardi
2014,GB,3,2014_03_GB_DET,Mike McCarthy,mike_mccarthy,mike_mccarthy
2014,HOU,3,2014_03_HOU_NYG,Bill O'Brien,bill_obrien,bill_obrien
2014,IND,3,2014_03_IND_JAX,Chuck Pagano,chuck_pagano,pep_hamilton
2014,JAX,3,2014_03_IND_JAX,Gus Bradley,gus_bradley,
2014,KC,3,2014_03_KC_MIA,Andy Reid,andy_reid,andy_reid
2014,LA,3,2014_03_DAL_STL,Jeff Fisher,jeff_fisher,brian_schottenheimer
2014,LAC,3,2014_03_SD_BUF,Mike McCoy,mike_mccoy,frank_reich
2014,LV,3,2014_03_OAK_NE,Dennis Allen,dennis_allen,
2014,MIA,3,2014_03_KC_MIA,Joe Philbin,joe_philbin,bill_lazor
2014,MIN,3,2014_03_MIN_NO,Mike Zimmer,mike_zimmer,norv_turner
2014,NE,3,2014_03_OAK_NE,Bill Belichick,bill_belichick,josh_mcdaniels
2014,NO,3,2014_03_MIN_NO,Sean Payton,sean_payton,sean_payton
2014,NYG,3,2014_03_HOU_NYG,Tom Coughlin,tom_coughlin,ben_mcadoo
2014,NYJ,3,2014_03_CHI_NYJ,Rex Ryan,rex_ryan,marty_mornhinweg
2014,PHI,3,2014_03_WAS_PHI,Chip Kelly,chip_kelly,chip_kelly
2014,PIT,3,2014_03_PIT_CAR,Mike Tomlin,mike_tomlin,todd_haley
2014,SEA,3,2014_03_DEN_SEA,Pete Carroll,pete_carroll,darrell_bevell
2014,SF,3,2014_03_SF_ARI,Jim Harbaugh,jim_harbaugh,
2014,TB,3,2014_03_TB_ATL,Lovie Smith,lovie_smith,marcus_arroyo
2014,TEN,3,2014_03_TEN_CIN,Ken Whisenhunt,ken_whisenhunt,ken_whisenhunt
2014,WAS,3,2014_03_WAS_PHI,Jay Gruden,jay_gruden,jay_gruden
2014,ATL,4,2014_04_ATL_MIN,Mike Smith,mike_smith,dirk_koetter
2014,BAL,4,2014_04_CAR_BAL,John Harbaugh,john_harbaugh,gary_kubiak
2014,BUF,4,2014_04_BUF_HOU,Doug Marrone,doug_marrone,nathaniel_hackett
2014,CAR,4,2014_04_CAR_BAL,Ron Rivera,ron_rivera,mike_shula
2014,CHI,4,2014_04_GB_CHI,Marc Trestman,marc_trestman,
2014,DAL,4,2014_04_NO_DAL,Jason Garrett,jason_garrett,scott_linehan
2014,DET,4,2014_04_DET_NYJ,Jim Caldwell,jim_caldwell,joe_lombardi
2014,GB,4,2014_04_GB_CHI,Mike McCarthy,mike_mccarthy,mike_mccarthy
2014,HOU,4,2014_04_BUF_HOU,Bill O'Brien,bill_obrien,bill_obrien
2014,IND,4,2014_04_TEN_IND,Chuck Pagano,chuck_pagano,pep_hamilton
2014,JAX,4,2014_04_JAX_SD,Gus Bradley,gus_bradley,
2014,KC,4,2014_04_NE_KC,Andy Reid,andy_reid,andy_reid
2014,LAC,4,2014_04_JAX_SD,Mike McCoy,mike_mccoy,frank_reich
2014,LV,4,2014_04_MIA_OAK,Dennis Allen,dennis_allen,
2014,MIA,4,2014_04_MIA_OAK,Joe Philbin,joe_philbin,bill_lazor
2014,MIN,4,2014_04_ATL_MIN,Mike Zimmer,mike_zimmer,norv_turner
2014,NE,4,2014_04_NE_KC,Bill Belichick,bill_belichick,josh_mcdaniels
2014,NO,4,2014_04_NO_DAL,Sean Payton,sean_payton,sean_payton
2014,NYG,4,2014_04_NYG_WAS,Tom Coughlin,tom_coughlin,ben_mcadoo
2014,NYJ,4,2014_04_DET_NYJ,Rex Ryan,rex_ryan,marty_mornhinweg
2014,PHI,4,2014_04_PHI_SF,Chip Kelly,chip_kelly,chip_kelly
2014,PIT,4,2014_04_TB_PIT,Mike Tomlin,mike_tomlin,todd_haley
2014,SF,4,2014_04_PHI_SF,Jim Harbaugh,jim_harbaugh,
2014,TB,4,2014_04_TB_PIT,Lovie Smith,lovie_smith,marcus_arroyo
2014,TEN,4,2014_04_TEN_IND,Ken Whisenhunt,ken_whisenhunt,ken_whisenhunt
2014,WAS,4,2014_04_NYG_WAS,Jay Gruden,jay_gruden,jay_gruden
2014,ARI,5,2014_05_ARI_DEN,Bruce Arians,bruce_arians,
2014,ATL,5,2014_05_ATL_NYG,Mike Smith,mike_smith,dirk_koetter
2014,BAL,5,2014_05_BAL_IND,John Harbaugh,john_harbaugh,gary_kubiak
2014,BUF,5,2014_05_BUF_DET,Doug Marrone,doug_marrone,nathaniel_hackett
2014,CAR,5,2014_05_CHI_CAR,Ron Rivera,ron_rivera,mike_shula
2014,CHI,5,2014_05_CHI_CAR,Marc Trestman,marc_trestman,
2014,CIN,5,2014_05_CIN_NE,Marvin Lewis,marvin_lewis,hue_jackson
2014,CLE,5,2014_05_CLE_TEN,Mike Pettine,mike_pettine,kyle_shanahan
2014,DAL,5,2014_05_HOU_DAL,Jason Garrett,jason_garrett,scott_linehan
2014,DEN,5,2014_05_ARI_DEN,John Fox,john_fox,adam_gase
2014,DET,5,2014_05_BUF_DET,Jim Caldwell,jim_caldwell,joe_lombardi
2014,GB,5,2014_05_MIN_GB,Mike McCarthy,mike_mccarthy,mike_mccarthy
2014,HOU,5,2014_05_HOU_DAL,Bill O'Brien,bill_obrien,bill_obrien
2014,IND,5,2014_05_BAL_IND,Chuck Pagano,chuck_pagano,pep_hamilton
2014,JAX,5,2014_05_PIT_JAX,Gus Bradley,gus_bradley,
2014,KC,5,2014_05_KC_SF,Andy Reid,andy_reid,andy_reid
2014,LA,5,2014_05_STL_PHI,Jeff Fisher,jeff_fisher,brian_schottenheimer
2014,LAC,5,2014_05_NYJ_SD,Mike McCoy,mike_mccoy,frank_reich
2014,MIN,5,2014_05_MIN_GB,Mike Zimmer,mike_zimmer,norv_turner
2014,NE,5,2014_05_CIN_NE,Bill Belichick,bill_belichick,josh_mcdaniels
2014,NO,5,2014_05_TB_NO,Sean Payton,sean_payton,sean_payton
2014,NYG,5,2014_05_ATL_NYG,Tom Coughlin,tom_coughlin,ben_mcadoo
2014,NYJ,5,2014_05_NYJ_SD,Rex Ryan,rex_ryan,marty_mornhinweg
2014,PHI,5,2014_05_STL_PHI,Chip Kelly,chip_kelly,chip_kelly
2014,PIT,5,2014_05_PIT_JAX,Mike Tomlin,mike_tomlin,todd_haley
2014,SEA,5,2014_05_SEA_WAS,Pete Carroll,pete_carroll,darrell_bevell
2014,SF,5,2014_05_KC_SF,Jim Harbaugh,jim_harbaugh,
2014,TB,5,2014_05_TB_NO,Lovie Smith,lovie_smith,marcus_arroyo
2014,TEN,5,2014_05_CLE_TEN,Ken Whisenhunt,ken_whisenhunt,ken_whisenhunt
2014,WAS,5,2014_05_SEA_WAS,Jay Gruden,jay_gruden,jay_gruden
2014,ARI,6,2014_06_WAS_ARI,Bruce Arians,bruce_arians,
2014,ATL,6,2014_06_CHI_ATL,Mike Smith,mike_smith,dirk_koetter
2014,BAL,6,2014_06_BAL_TB,John Harbaugh,john_harbaugh,gary_kubiak
2014,BUF,6,2014_06_NE_BUF,Doug Marrone,doug_marrone,nathaniel_hackett
2014,CAR,6,2014_06_CAR_CIN,Ron Rivera,ron_rivera,mike_shula
2014,CHI,6,2014_06_CHI_ATL,Marc Trestman,marc_trestman,
2014,CIN,6,2014_06_CAR_CIN,Marvin Lewis,marvin_lewis,hue_jackson
2014,CLE,6,2014_06_PIT_CLE,Mike Pettine,mike_pettine,kyle_shanahan
2014,DAL,6,2014_06_DAL_SEA,Jason Garrett,jason_garrett,scott_linehan
2014,DEN,6,2014_06_DEN_NYJ,John Fox,john_fox,adam_gase
2014,DET,6,2014_06_DET_MIN,Jim Caldwell,jim_caldwell,joe_lombardi
2014,GB,6,2014_06_GB_MIA,Mike McCarthy,mike_mccarthy,mike_mccarthy
2014,HOU,6,2014_06_IND_HOU,Bill O'Brien,bill_obrien,bill_obrien
2014,IND,6,2014_06_IND_HOU,Chuck Pagano,chuck_pagano,pep_hamilton
2014,JAX,6,2014_06_JAX_TEN,Gus Bradley,gus_bradley,
2014,LA,6,2014_06_SF_STL,Jeff Fisher,jeff_fisher,brian_schottenheimer
2014,LAC,6,2014_06_SD_OAK,Mike McCoy,mike_mccoy,frank_reich
2014,LV,6,2014_06_SD_OAK,Tony Sparano,tony_sparano,
2014,MIA,6,2014_06_GB_MIA,Joe Philbin,joe_philbin,bill_lazor
2014,MIN,6,2014_06_DET_MIN,Mike Zimmer,mike_zimmer,norv_turner
2014,NE,6,2014_06_NE_BUF,Bill Belichick,bill_belichick,josh_mcdaniels
2014,NYG,6,2014_06_NYG_PHI,Tom Coughlin,tom_coughlin,ben_mcadoo
2014,NYJ,6,2014_06_DEN_NYJ,Rex Ryan,rex_ryan,marty_mornhinweg
2014,PHI,6,2014_06_NYG_PHI,Chip Kelly,chip_kelly,chip_kelly
2014,PIT,6,2014_06_PIT_CLE,Mike Tomlin,mike_tomlin,todd_haley
2014,SEA,6,2014_06_DAL_SEA,Pete Carroll,pete_carroll,darrell_bevell
2014,SF,6,2014_06_SF_STL,Jim Harbaugh,jim_harbaugh,
2014,TB,6,2014_06_BAL_TB,Lovie Smith,lovie_smith,marcus_arroyo
2014,TEN,6,2014_06_JAX_TEN,Ken Whisenhunt,ken_whisenhunt,ken_whisenhunt
2014,WAS,6,2014_06_WAS_ARI,Jay Gruden,jay_gruden,jay_gruden
2014,ARI,7,2014_07_ARI_OAK,Bruce Arians,bruce_arians,
2014,ATL,7,2014_07_ATL_BAL,Mike Smith,mike_smith,dirk_koetter
2014,BAL,7,2014_07_ATL_BAL,John Harbaugh,john_harbaugh,gary_kubiak
2014,BUF,7,2014_07_MIN_BUF,Doug Marrone,doug_marrone,nathaniel_hackett
2014,CAR,7,2014_07_CAR_GB,Ron Rivera,ron_rivera,mike_shula
2014,CHI,7,2014_07_MIA_CHI,Marc Trestman,marc_trestman,
2014,CIN,7,2014_07_CIN_IND,Marvin Lewis,marvin_lewis,hue_jackson
2014,CLE,7,2014_07_CLE_JAX,Mike Pettine,mike_pettine,kyle_shanahan
2014,DAL,7,2014_07_NYG_DAL,Jason Garrett,jason_garrett,scott_linehan
2014,DEN,7,2014_07_SF_DEN,John Fox,john_fox,adam_gase
2014,DET,7,2014_07_NO_DET,Jim Caldwell,jim_caldwell,joe_lombardi
2014,GB,7,2014_07_CAR_GB,Mike McCarthy,mike_mccarthy,mike_mccarthy
2014,HOU,7,2014_07_HOU_PIT,Bill O'Brien,bill_obrien,bill_obrien
2014,IND,7,2014_07_CIN_IND,Chuck Pagano,chuck_pagano,pep_hamilton
2014,JAX,7,2014_07_CLE_JAX,Gus Bradley,gus_bradley,
2014,KC,7,2014_07_KC_SD,Andy Reid,andy_reid,andy_reid
2014,LA,7,2014_07_SEA_STL,Jeff Fisher,jeff_fisher,brian_schottenheimer
2014,LAC,7,2014_07_KC_SD,Mike McCoy,mike_mccoy,frank_reich
2014,LV,7,2014_07_ARI_OAK,Tony Sparano,tony_sparano,
2014,MIA,7,2014_07_MIA_CHI,Joe Philbin,joe_philbin,bill_lazor
2014,MIN,7,2014_07_MIN_BUF,Mike Zimmer,mike_zimmer,norv_turner
2014,NE,7,2014_07_NYJ_NE,Bill Belichick,bill_belichick,josh_mcdaniels
2014,NO,7,2014_07_NO_DET,Sean Payton,sean_payton,sean_payton
2014,NYG,7,2014_07_NYG_DAL,Tom Coughlin,tom_coughlin,ben_mcadoo
2014,NYJ,7,2014_07_NYJ_NE,Rex Ryan,rex_ryan,marty_mornhinweg
2014,PIT,7,2014_07_HOU_PIT,Mike Tomlin,mike_tomlin,todd_haley
2014,SEA,7,2014_07_SEA_STL,Pete Carroll,pete_carroll,darrell_bevell
2014,SF,7,2014_07_SF_DEN,Jim Harbaugh,jim_harbaugh,
2014,TEN,7,2014_07_TEN_WAS,Ken Whisenhunt,ken_whisenhunt,ken_whisenhunt
2014,WAS,7,2014_07_TEN_WAS,Jay Gruden,jay_gruden,jay_gruden
2014,ARI,8,2014_08_PHI_ARI,Bruce Arians,bruce_arians,
2014,ATL,8,2014_08_DET_ATL,Mike Smith,mike_smith,dirk_koetter
2014,BAL,8,2014_08_BAL_CIN,John Harbaugh,john_harbaugh,gary_kubiak
2014,BUF,8,2014_08_BUF_NYJ,Doug Marrone,doug_marrone,nathaniel_hackett
2014,CAR,8,2014_08_SEA_CAR,Ron Rivera,ron_rivera,mike_shula
2014,CHI,8,2014_08_CHI_NE,Marc Trestman,marc_trestman,
2014,CIN,8,2014_08_BAL_CIN,Marvin Lewis,marvin_lewis,hue_jackson
2014,CLE,8,2014_08_OAK_CLE,Mike Pettine,mike_pettine,kyle_shanahan
2014,DAL,8,2014_08_WAS_DAL,Jason Garrett,jason_garrett,scott_linehan
2014,DEN,8,2014_08_SD_DEN,John Fox,john_fox,adam_gase
2014,DET,8,2014_08_DET_ATL,Jim Caldwell,jim_caldwell,joe_lombardi
2014,GB,8,2014_08_GB_NO,Mike McCarthy,mike_mccarthy,mike_mccarthy
2014,HOU,8,2014_08_HOU_TEN,Bill O'Brien,bill_obrien,bill_obrien
2014,IND,8,2014_08_IND_PIT,Chuck Pagano,chuck_pagano,pep_hamilton
2014,JAX,8,2014_08_MIA_JAX,Gus Bradley,gus_bradley,
2014,KC,8,2014_08_STL_KC,Andy Reid,andy_reid,andy_reid
2014,LA,8,2014_08_STL_KC,Jeff Fisher,jeff_fisher,brian_schottenheimer
2014,LAC,8,2014_08_SD_DEN,Mike McCoy,mike_mccoy,frank_reich
2014,LV,8,2014_08_OAK_CLE,Tony Sparano,tony_sparano,
2014,MIA,8,2014_08_MIA_JAX,Joe Philbin,joe_philbin,bill_lazor
2014,MIN,8,2014_08_MIN_TB,Mike Zimmer,mike_zimmer,norv_turner
2014,NE,8,2014_08_CHI_NE,Bill Belichick,bill_belichick,josh_mcdaniels
2014,NO,8,2014_08_GB_NO,Sean Payton,sean_payton,sean_payton
2014,NYJ,8,2014_08_BUF_NYJ,Rex Ryan,rex_ryan,marty_mornhinweg
2014,PHI,8,2014_08_PHI_ARI,Chip Kelly,chip_kelly,chip_kelly
2014,PIT,8,2014_08_IND_PIT,Mike Tomlin,mike_tomlin,todd_haley
2014,SEA,8,2014_08_SEA_CAR,Pete Carroll,pete_carroll,darrell_bevell
2014,TB,8,2014_08_MIN_TB,Lovie Smith,lovie_smith,marcus_arroyo
2014,TEN,8,2014_08_HOU_TEN,Ken Whisenhunt,ken_whisenhunt,ken_whisenhunt
2014,WAS,8,2014_08_WAS_DAL,Jay Gruden,jay_gruden,jay_gruden
2014,ARI,9,2014_09_ARI_DAL,Bruce Arians,bruce_arians,
2014,BAL,9,2014_09_BAL_PIT,John Harbaugh,john_harbaugh,gary_kubiak
2014,CAR,9,2014_09_NO_CAR,Ron Rivera,ron_rivera,mike_shula
2014,CIN,9,2014_09_JAX_CIN,Marvin Lewis,marvin_lewis,hue_jackson
2014,CLE,9,2014_09_TB_CLE,Mike Pettine,mike_pettine,kyle_shanahan
2014,DAL,9,2014_09_ARI_DAL,Jason Garrett,jason_garrett,scott_linehan
2014,DEN,9,2014_09_DEN_NE,John Fox,john_fox,adam_gase
2014,HOU,9,2014_09_PHI_HOU,Bill O'Brien,bill_obrien,bill_obrien
2014,IND,9,2014_09_IND_NYG,Chuck Pagano,chuck_pagano,pep_hamilton
2014,JAX,9,2014_09_JAX_CIN,Gus Bradley,gus_bradley,
2014,KC,9,2014_09_NYJ_KC,Andy Reid,andy_reid,andy_reid
2014,LA,9,2014_09_STL_SF,Jeff Fisher,jeff_fisher,brian_schottenheimer
2014,LAC,9,2014_09_SD_MIA,Mike McCoy,mike_mccoy,frank_reich
2014,LV,9,2014_09_OAK_SEA,Tony Sparano,tony_sparano,
2014,MIA,9,2014_09_SD_MIA,Joe Philbin,joe_philbin,bill_lazor
2014,MIN,9,2014_09_WAS_MIN,Mike Zimmer,mike_zimmer,norv_turner
2014,NE,9,2014_09_DEN_NE,Bill Belichick,bill_belichick,josh_mcdaniels
2014,NO,9,2014_09_NO_CAR,Sean Payton,sean_payton,sean_payton
2014,NYG,9,2014_09_IND_NYG,Tom Coughlin,tom_coughlin,ben_mcadoo
2014,NYJ,9,2014_09_NYJ_KC,Rex Ryan,rex_ryan,marty_mornhinweg
2014,PHI,9,2014_09_PHI_HOU,Chip Kelly,chip_kelly,chip_kelly
2014,PIT,9,2014_09_BAL_PIT,Mike Tomlin,mike_tomlin,todd_haley
2014,SEA,9,2014_09_OAK_SEA,Pete Carroll,pete_carroll,darrell_bevell
2014,SF,9,2014_09_STL_SF,Jim Harbaugh,jim_harbaugh,
2014,TB,9,2014_09_TB_CLE,Lovie Smith,lovie_smith,marcus_arroyo
2014,WAS,9,2014_09_WAS_MIN,Jay Gruden,jay_gruden,jay_gruden
2014,ARI,10,2014_10_STL_ARI,Bruce Arians,bruce_arians,
2014,ATL,10,2014_10_ATL_TB,Mike Smith,mike_smith,dirk_koetter
2014,BAL,10,2014_10_TEN_BAL,John Harbaugh,john_harbaugh,gary_kubiak
2014,BUF,10,2014_10_KC_BUF,Doug Marrone,doug_marrone,nathaniel_hackett
2014,CAR,10,2014_10_CAR_PHI,Ron Rivera,ron_rivera,mike_shula
2014,CHI,10,2014_10_CHI_GB,Marc Trestman,marc_trestman,
2014,CIN,10,2014_10_CLE_CIN,Marvin Lewis,marvin_lewis,hue_jackson
2014,CLE,10,2014_10_CLE_CIN,Mike Pettine,mike_pettine,kyle_shanahan
2014,DAL,10,2014_10_DAL_JAX,Jason Garrett,jason_garrett,scott_linehan
2014,DEN,10,2014_10_DEN_OAK,John Fox,john_fox,adam_gase
2014,DET,10,2014_10_MIA_DET,Jim Caldwell,jim_caldwell,joe_lombardi
2014,GB,10,2014_10_CHI_GB,Mike McCarthy,mike_mccarthy,mike_mccarthy
2014,JAX,10,2014_10_DAL_JAX,Gus Bradley,gus_bradley,
2014,KC,10,2014_10_KC_BUF,Andy Reid,andy_reid,andy_reid
2014,LA,10,2014_10_STL_ARI,Jeff Fisher,jeff_fisher,brian_schottenheimer
2014,LV,10,2014_10_DEN_OAK,Tony Sparano,tony_sparano,
2014,MIA,10,2014_10_MIA_DET,Joe Philbin,joe_philbin,bill_lazor
2014,NO,10,2014_10_SF_NO,Sean Payton,sean_payton,sean_payton
2014,NYG,10,2014_10_NYG_SEA,Tom Coughlin,tom_coughlin,ben_mcadoo
2014,NYJ,10,2014_10_PIT_NYJ,Rex Ryan,rex_ryan,marty_mornhinweg
2014,PHI,10,2014_10_CAR_PHI,Chip Kelly,chip_kelly,chip_kelly
2014,PIT,10,2014_10_PIT_NYJ,Mike Tomlin,mike_tomlin,todd_haley
2014,SEA,10,2014_10_NYG_SEA,Pete Carroll,pete_carroll,darrell_bevell
2014,SF,10,2014_10_SF_NO,Jim Harbaugh,jim_harbaugh,
2014,TB,10,2014_10_ATL_TB,Lovie Smith,lovie_smith,marcus_arroyo
2014,TEN,10,2014_10_TEN_BAL,Ken Whisenhunt,ken_whisenhunt,ken_whisenhunt
2014,ARI,11,2014_11_DET_ARI,Bruce Arians,bruce_arians,
2014,ATL,11,2014_11_ATL_CAR,Mike Smith,mike_smith,dirk_koetter
2014,BUF,11,2014_11_BUF_MIA,Doug Marrone,doug_marrone,nathaniel_hackett
2014,CAR,11,2014_11_ATL_CAR,Ron Rivera,ron_rivera,mike_shula
2014,CHI,11,2014_11_MIN_CHI,Marc Trestman,marc_trestman,
2014,CIN,11,2014_11_CIN_NO,Marvin Lewis,marvin_lewis,hue_jackson
2014,CLE,11,2014_11_HOU_CLE,Mike Pettine,mike_pettine,kyle_shanahan
2014,DEN,11,2014_11_DEN_STL,John Fox,john_fox,adam_gase
2014,DET,11,2014_11_DET_ARI,Jim Caldwell,jim_caldwell,joe_lombardi
2014,GB,11,2014_11_PHI_GB,Mike McCarthy,mike_mccarthy,mike_mccarthy
2014,HOU,11,2014_11_HOU_CLE,Bill O'Brien,bill_obrien,bill_obrien
2014,IND,11,2014_11_NE_IND,Chuck Pagano,chuck_pagano,pep_hamilton
2014,KC,11,2014_11_SEA_KC,Andy Reid,andy_reid,andy_reid
2014,LA,11,2014_11_DEN_STL,Jeff Fisher,jeff_fisher,brian_schottenheimer
2014,LAC,11,2014_11_OAK_SD,Mike McCoy,mike_mccoy,frank_reich
2014,LV,11,2014_11_OAK_SD,Tony Sparano,tony_sparano,
2014,MIA,11,2014_11_BUF_MIA,Joe Philbin,joe_philbin,bill_lazor
2014,MIN,11,2014_11_MIN_CHI,Mike Zimmer,mike_zimmer,norv_turner
2014,NE,11,2014_11_NE_IND,Bill Belichick,bill_belichick,josh_mcdaniels
2014,NO,11,2014_11_CIN_NO,Sean Payton,sean_payton,sean_payton
2014,NYG,11,2014_11_SF_NYG,Tom Coughlin,tom_coughlin,ben_mcadoo
2014,PHI,11,2014_11_PHI_GB,Chip Kelly,chip_kelly,chip_kelly
2014,PIT,11,2014_11_PIT_TEN,Mike Tomlin,mike_tomlin,todd_haley
2014,SEA,11,2014_11_SEA_KC,Pete Carroll,pete_carroll,darrell_bevell
2014,SF,11,2014_11_SF_NYG,Jim Harbaugh,jim_harbaugh,
2014,TB,11,2014_11_TB_WAS,Lovie Smith,lovie_smith,marcus_arroyo
2014,TEN,11,2014_11_PIT_TEN,Ken Whisenhunt,ken_whisenhunt,ken_whisenhunt
2014,WAS,11,2014_11_TB_WAS,Jay Gruden,jay_gruden,jay_gruden
2014,ARI,12,2014_12_ARI_SEA,Bruce Arians,bruce_arians,
2014,ATL,12,2014_12_CLE_ATL,Mike Smith,mike_smith,dirk_koetter
2014,BAL,12,2014_12_BAL_NO,John Harbaugh,john_harbaugh,gary_kubiak
2014,BUF,12,2014_12_NYJ_BUF,Doug Marrone,doug_marrone,nathaniel_hackett
2014,CHI,12,2014_12_TB_CHI,Marc Trestman,marc_trestman,
2014,CIN,12,2014_12_CIN_HOU,Marvin Lewis,marvin_lewis,hue_jackson
2014,CLE,12,2014_12_CLE_ATL,Mike Pettine,mike_pettine,kyle_shanahan
2014,DAL,12,2014_12_DAL_NYG,Jason Garrett,jason_garrett,scott_linehan
2014,DEN,12,2014_12_MIA_DEN,John Fox,john_fox,adam_gase
2014,DET,12,2014_12_DET_NE,Jim Caldwell,jim_caldwell,joe_lombardi
2014,GB,12,2014_12_GB_MIN,Mike McCarthy,mike_mccarthy,mike_mccarthy
2014,HOU,12,2014_12_CIN_HOU,Bill O'Brien,bill_obrien,bill_obrien
2014,IND,12,2014_12_JAX_IND,Chuck Pagano,chuck_pagano,pep_hamilton
2014,JAX,12,2014_12_JAX_IND,Gus Bradley,gus_bradley,
2014,KC,12,2014_12_KC_OAK,Andy Reid,andy_reid,andy_reid
2014,LA,12,2014_12_STL_SD,Jeff Fisher,jeff_fisher,brian_schottenheimer
2014,LAC,12,2014_12_STL_SD,Mike McCoy,mike_mccoy,frank_reich
2014,LV,12,2014_12_KC_OAK,Tony Sparano,tony_sparano,
2014,MIA,12,2014_12_MIA_DEN,Joe Philbin,joe_philbin,bill_lazor
2014,MIN,12,2014_12_GB_MIN,Mike Zimmer,mike_zimmer,norv_turner
2014,NE,12,2014_12_DET_NE,Bill Belichick,bill_belichick,josh_mcdaniels
2014,NO,12,2014_12_BAL_NO,Sean Payton,sean_payton,sean_payton
2014,NYG,12,2014_12_DAL_NYG,Tom Coughlin,tom_coughlin,ben_mcadoo
2014,NYJ,12,2014_12_NYJ_BUF,Rex Ryan,rex_ryan,marty_mornhinweg
2014,PHI,12,2014_12_TEN_PHI,Chip Kelly,chip_kelly,chip_kelly
2014,SEA,12,2014_12_ARI_SEA,Pete Carroll,pete_carroll,darrell_bevell
2014,SF,12,2014_12_WAS_SF,Jim Harbaugh,jim_harbaugh,
2014,TB,12,2014_12_TB_CHI,Lovie Smith,lovie_smith,marcus_arroyo
2014,TEN,12,2014_12_TEN_PHI,Ken Whisenhunt,ken_whisenhunt,ken_whisenhunt
2014,WAS,12,2014_12_WAS_SF,Jay Gruden,jay_gruden,jay_gruden
2014,ARI,13,2014_13_ARI_ATL,Bruce Arians,bruce_arians,
2014,ATL,13,2014_13_ARI_ATL,Mike Smith,mike_smith,dirk_koetter
2014,BAL,13,2014_13_SD_BAL,John Harbaugh,john_harbaugh,gary_kubiak
2014,BUF,13,2014_13_CLE_BUF,Doug Marrone,doug_marrone,nathaniel_hackett
2014,CAR,13,2014_13_CAR_MIN,Ron Rivera,ron_rivera,mike_shula
2014,CHI,13,2014_13_CHI_DET,Marc Trestman,marc_trestman,
2014,CIN,13,2014_13_CIN_TB,Marvin Lewis,marvin_lewis,hue_jackson
2014,CLE,13,2014_13_CLE_BUF,Mike Pettine,mike_pettine,kyle_shanahan
2014,DAL,13,2014_13_PHI_DAL,Jason Garrett,jason_garrett,scott_linehan
2014,DEN,13,2014_13_DEN_KC,John Fox,john_fox,adam_gase
2014,DET,13,2014_13_CHI_DET,Jim Caldwell,jim_caldwell,joe_lombardi
2014,GB,13,2014_13_NE_GB,Mike McCarthy,mike_mccarthy,mike_mccarthy
2014,HOU,13,2014_13_TEN_HOU,Bill O'Brien,bill_obrien,bill_obrien
2014,IND,13,2014_13_WAS_IND,Chuck Pagano,chuck_pagano,pep_hamilton
2014,JAX,13,2014_13_NYG_JAX,Gus Bradley,gus_bradley,
2014,KC,13,2014_13_DEN_KC,Andy Reid,andy_reid,andy_reid
2014,LA,13,2014_13_OAK_STL,Jeff Fisher,jeff_fisher,brian_schottenheimer
2014,LAC,13,2014_13_SD_BAL,Mike McCoy,mike_mccoy,frank_reich
2014,LV,13,2014_13_OAK_STL,Tony Sparano,tony_sparano,
2014,MIA,13,2014_13_MIA_NYJ,Joe Philbin,joe_philbin,bill_lazor
2014,MIN,13,2014_13_CAR_MIN,Mike Zimmer,mike_zimmer,norv_turner
2014,NE,13,2014_13_NE_GB,Bill Belichick,bill_belichick,josh_mcdaniels
2014,NO,13,2014_13_NO_PIT,Sean Payton,sean_payton,sean_payton
2014,NYG,13,2014_13_NYG_JAX,Tom Coughlin,tom_coughlin,ben_mcadoo
2014,NYJ,13,2014_13_MIA_NYJ,Rex Ryan,rex_ryan,marty_mornhinweg
2014,PHI,13,2014_13_PHI_DAL,Chip Kelly,chip_kelly,chip_kelly
2014,PIT,13,2014_13_NO_PIT,Mike Tomlin,mike_tomlin,todd_haley
2014,SEA,13,2014_13_SEA_SF,Pete Carroll,pete_carroll,darrell_bevell
2014,SF,13,2014_13_SEA_SF,Jim Harbaugh,jim_harbaugh,
2014,TB,13,2014_13_CIN_TB,Lovie Smith,lovie_smith,marcus_arroyo
2014,TEN,13,2014_13_TEN_HOU,Ken Whisenhunt,ken_whisenhunt,ken_whisenhunt
2014,WAS,13,2014_13_WAS_IND,Jay Gruden,jay_gruden,jay_gruden
2014,ARI,14,2014_14_KC_ARI,Bruce Arians,bruce_arians,
2014,ATL,14,2014_14_ATL_GB,Mike Smith,mike_smith,dirk_koetter
2014,BAL,14,2014_14_BAL_MIA,John Harbaugh,john_harbaugh,gary_kubiak
2014,BUF,14,2014_14_BUF_DEN,Doug Marrone,doug_marrone,nathaniel_hackett
2014,CAR,14,2014_14_CAR_NO,Ron Rivera,ron_rivera,mike_shula
2014,CHI,14,2014_14_DAL_CHI,Marc Trestman,marc_trestman,
2014,CIN,14,2014_14_PIT_CIN,Marvin Lewis,marvin_lewis,hue_jackson
2014,CLE,14,2014_14_IND_CLE,Mike Pettine,mike_pettine,kyle_shanahan
2014,DAL,14,2014_14_DAL_CHI,Jason Garrett,jason_garrett,scott_linehan
2014,DEN,14,2014_14_BUF_DEN,John Fox,john_fox,adam_gase
2014,DET,14,2014_14_TB_DET,Jim Caldwell,jim_caldwell,joe_lombardi
2014,GB,14,2014_14_ATL_GB,Mike McCarthy,mike_mccarthy,mike_mccarthy
2014,HOU,14,2014_14_HOU_JAX,Bill O'Brien,bill_obrien,bill_obrien
2014,IND,14,2014_14_IND_CLE,Chuck Pagano,chuck_pagano,pep_hamilton
2014,JAX,14,2014_14_HOU_JAX,Gus Bradley,gus_bradley,
2014,KC,14,2014_14_KC_ARI,Andy Reid,andy_reid,andy_reid
2014,LA,14,2014_14_STL_WAS,Jeff Fisher,jeff_fisher,brian_schottenheimer
2014,LAC,14,2014_14_NE_SD,Mike McCoy,mike_mccoy,frank_reich
2014,LV,14,2014_14_SF_OAK,Tony Sparano,tony_sparano,
2014,MIA,14,2014_14_BAL_MIA,Joe Philbin,joe_philbin,bill_lazor
2014,MIN,14,2014_14_NYJ_MIN,Mike Zimmer,mike_zimmer,norv_turner
2014,NE,14,2014_14_NE_SD,Bill Belichick,bill_belichick,josh_mcdaniels
2014,NO,14,2014_14_CAR_NO,Sean Payton,sean_payton,sean_payton
2014,NYG,14,2014_14_NYG_TEN,Tom Coughlin,tom_coughlin,ben_mcadoo
2014,NYJ,14,2014_14_NYJ_MIN,Rex Ryan,rex_ryan,marty_mornhinweg
2014,PHI,14,2014_14_SEA_PHI,Chip Kelly,chip_kelly,chip_kelly
2014,PIT,14,2014_14_PIT_CIN,Mike Tomlin,mike_tomlin,todd_haley
2014,SEA,14,2014_14_SEA_PHI,Pete Carroll,pete_carroll,darrell_bevell
2014,SF,14,2014_14_SF_OAK,Jim Harbaugh,jim_harbaugh,
2014,TB,14,2014_14_TB_DET,Lovie Smith,lovie_smith,marcus_arroyo
2014,TEN,14,2014_14_NYG_TEN,Ken Whisenhunt,ken_whisenhunt,ken_whisenhunt
2014,WAS,14,2014_14_STL_WAS,Jay Gruden,jay_gruden,jay_gruden
2014,ARI,15,2014_15_ARI_STL,Bruce Arians,bruce_arians,
2014,ATL,15,2014_15_PIT_ATL,Mike Smith,mike_smith,dirk_koetter
2014,BAL,15,2014_15_JAX_BAL,John Harbaugh,john_harbaugh,gary_kubiak
2014,BUF,15,2014_15_GB_BUF,Doug Marrone,doug_marrone,nathaniel_hackett
2014,CAR,15,2014_15_TB_CAR,Ron Rivera,ron_rivera,mike_shula
2014,CHI,15,2014_15_NO_CHI,Marc Trestman,marc_trestman,
2014,CIN,15,2014_15_CIN_CLE,Marvin Lewis,marvin_lewis,hue_jackson
2014,CLE,15,2014_15_CIN_CLE,Mike Pettine,mike_pettine,kyle_shanahan
2014,DAL,15,2014_15_DAL_PHI,Jason Garrett,jason_garrett,scott_linehan
2014,DEN,15,2014_15_DEN_SD,John Fox,john_fox,adam_gase
2014,DET,15,2014_15_MIN_DET,Jim Caldwell,jim_caldwell,joe_lombardi
2014,GB,15,2014_15_GB_BUF,Mike McCarthy,mike_mccarthy,mike_mccarthy
2014,HOU,15,2014_15_HOU_IND,Bill O'Brien,bill_obrien,bill_obrien
2014,IND,15,2014_15_HOU_IND,Chuck Pagano,chuck_pagano,pep_hamilton
2014,JAX,15,2014_15_JAX_BAL,Gus Bradley,gus_bradley,
2014,KC,15,2014_15_OAK_KC,Andy Reid,andy_reid,andy_reid
2014,LA,15,2014_15_ARI_STL,Jeff Fisher,jeff_fisher,brian_schottenheimer
2014,LAC,15,2014_15_DEN_SD,Mike McCoy,mike_mccoy,frank_reich
2014,LV,15,2014_15_OAK_KC,Tony Sparano,tony_sparano,
2014,MIA,15,2014_15_MIA_NE,Joe Philbin,joe_philbin,bill_lazor
2014,MIN,15,2014_15_MIN_DET,Mike Zimmer,mike_zimmer,norv_turner
2014,NE,15,2014_15_MIA_NE,Bill Belichick,bill_belichick,josh_mcdaniels
2014,NO,15,2014_15_NO_CHI,Sean Payton,sean_payton,sean_payton
2014,NYG,15,2014_15_WAS_NYG,Tom Coughlin,tom_coughlin,ben_mcadoo
2014,NYJ,15,2014_15_NYJ_TEN,Rex Ryan,rex_ryan,marty_mornhinweg
2014,PHI,15,2014_15_DAL_PHI,Chip Kelly,chip_kelly,chip_kelly
2014,PIT,15,2014_15_PIT_ATL,Mike Tomlin,mike_tomlin,todd_haley
2014,SEA,15,2014_15_SF_SEA,Pete Carroll,pete_carroll,darrell_bevell
2014,SF,15,2014_15_SF_SEA,Jim Harbaugh,jim_harbaugh,
2014,TB,15,2014_15_TB_CAR,Lovie Smith,lovie_smith,marcus_arroyo
2014,TEN,15,2014_15_NYJ_TEN,Ken Whisenhunt,ken_whisenhunt,ken_whisenhunt
2014,WAS,15,2014_15_WAS_NYG,Jay Gruden,jay_gruden,jay_gruden
2014,ARI,16,2014_16_SEA_ARI,Bruce Arians,bruce_arians,
2014,ATL,16,2014_16_ATL_NO,Mike Smith,mike_smith,dirk_koetter
2014,BAL,16,2014_16_BAL_HOU,John Harbaugh,john_harbaugh,gary_kubiak
2014,BUF,16,2014_16_BUF_OAK,Doug Marrone,doug_marrone,nathaniel_hackett
2014,CAR,16,2014_16_CLE_CAR,Ron Rivera,ron_rivera,mike_shula
2014,CHI,16,2014_16_DET_CHI,Marc Trestman,marc_trestman,
2014,CIN,16,2014_16_DEN_CIN,Marvin Lewis,marvin_lewis,hue_jackson
2014,CLE,16,2014_16_CLE_CAR,Mike Pettine,mike_pettine,kyle_shanahan
2014,DAL,16,2014_16_IND_DAL,Jason Garrett,jason_garrett,scott_linehan
2014,DEN,16,2014_16_DEN_CIN,John Fox,john_fox,adam_gase
2014,DET,16,2014_16_DET_CHI,Jim Caldwell,jim_caldwell,joe_lombardi
2014,GB,16,2014_16_GB_TB,Mike McCarthy,mike_mccarthy,mike_mccarthy
2014,HOU,16,2014_16_BAL_HOU,Bill O'Brien,bill_obrien,bill_obrien
2014,IND,16,2014_16_IND_DAL,Chuck Pagano,chuck_pagano,pep_hamilton
2014,JAX,16,2014_16_TEN_JAX,Gus Bradley,gus_bradley,
2014,KC,16,2014_16_KC_PIT,Andy Reid,andy_reid,andy_reid
2014,LA,16,2014_16_NYG_STL,Jeff Fisher,jeff_fisher,brian_schottenheimer
2014,LAC,16,2014_16_SD_SF,Mike McCoy,mike_mccoy,frank_reich
2014,LV,16,2014_16_BUF_OAK,Tony Sparano,tony_sparano,
2014,MIA,16,2014_16_MIN_MIA,Joe Philbin,joe_philbin,bill_lazor
2014,MIN,16,2014_16_MIN_MIA,Mike Zimmer,mike_zimmer,norv_turner
2014,NE,16,2014_16_NE_NYJ,Bill Belichick,bill_belichick,josh_mcdaniels
2014,NO,16,2014_16_ATL_NO,Sean Payton,sean_payton,sean_payton
2014,NYG,16,2014_16_NYG_STL,Tom Coughlin,tom_coughlin,ben_mcadoo
2014,NYJ,16,2014_16_NE_NYJ,Rex Ryan,rex_ryan,marty_mornhinweg
2014,PHI,16,2014_16_PHI_WAS,Chip Kelly,chip_kelly,chip_kelly
2014,PIT,16,2014_16_KC_PIT,Mike Tomlin,mike_tomlin,todd_haley
2014,SEA,16,2014_16_SEA_ARI,Pete Carroll,pete_carroll,darrell_bevell
2014,SF,16,2014_16_SD_SF,Jim Harbaugh,jim_harbaugh,
2014,TB,16,2014_16_GB_TB,Lovie Smith,lovie_smith,marcus_arroyo
2014,TEN,16,2014_16_TEN_JAX,Ken Whisenhunt,ken_whisenhunt,ken_whisenhunt
2014,WAS,16,2014_16_PHI_WAS,Jay Gruden,jay_gruden,jay_gruden
2014,ARI,17,2014_17_ARI_SF,Bruce Arians,bruce_arians,
2014,ATL,17,2014_17_CAR_ATL,Mike Smith,mike_smith,dirk_koetter
2014,BAL,17,2014_17_CLE_BAL,John Harbaugh,john_harbaugh,gary_kubiak
2014,BUF,17,2014_17_BUF_NE,Doug Marrone,doug_marrone,nathaniel_hackett
2014,CAR,17,2014_17_CAR_ATL,Ron Rivera,ron_rivera,mike_shula
2014,CHI,17,2014_17_CHI_MIN,Marc Trestman,marc_trestman,
2014,CIN,17,2014_17_CIN_PIT,Marvin Lewis,marvin_lewis,hue_jackson
2014,CLE,17,2014_17_CLE_BAL,Mike Pettine,mike_pettine,kyle_shanahan
2014,DAL,17,2014_17_DAL_WAS,Jason Garrett,jason_garrett,scott_linehan
2014,DEN,17,2014_17_OAK_DEN,John Fox,john_fox,adam_gase
2014,DET,17,2014_17_DET_GB,Jim Caldwell,jim_caldwell,joe_lombardi
2014,GB,17,2014_17_DET_GB,Mike McCarthy,mike_mccarthy,mike_mccarthy
2014,HOU,17,2014_17_JAX_HOU,Bill O'Brien,bill_obrien,bill_obrien
2014,IND,17,2014_17_IND_TEN,Chuck Pagano,chuck_pagano,pep_hamilton
2014,JAX,17,2014_17_JAX_HOU,Gus Bradley,gus_bradley,
2014,KC,17,2014_17_SD_KC,Andy Reid,andy_reid,andy_reid
2014,LA,17,2014_17_STL_SEA,Jeff Fisher,jeff_fisher,brian_schottenheimer
2014,LAC,17,2014_17_SD_KC,Mike McCoy,mike_mccoy,frank_reich
2014,LV,17,2014_17_OAK_DEN,Tony Sparano,tony_sparano,
2014,MIA,17,2014_17_NYJ_MIA,Joe Philbin,joe_philbin,bill_lazor
2014,MIN,17,2014_17_CHI_MIN,Mike Zimmer,mike_zimmer,norv_turner
2014,NE,17,2014_17_BUF_NE,Bill Belichick,bill_belichick,josh_mcdaniels
2014,NO,17,2014_17_NO_TB,Sean Payton,sean_payton,sean_payton
2014,NYG,17,2014_17_PHI_NYG,Tom Coughlin,tom_coughlin,ben_mcadoo
2014,NYJ,17,2014_17_NYJ_MIA,Rex Ryan,rex_ryan,marty_mornhinweg
2014,PHI,17,2014_17_PHI_NYG,Chip Kelly,chip_kelly,chip_kelly
2014,PIT,17,2014_17_CIN_PIT,Mike Tomlin,mike_tomlin,todd_haley
2014,SEA,17,2014_17_STL_SEA,Pete Carroll,pete_carroll,darrell_bevell
2014,SF,17,2014_17_ARI_SF,Jim Harbaugh,jim_harbaugh,
2014,TB,17,2014_17_NO_TB,Lovie Smith,lovie_smith,marcus_arroyo
2014,TEN,17,2014_17_IND_TEN,Ken Whisenhunt,ken_whisenhunt,ken_whisenhunt
2014,WAS,17,2014_17_DAL_WAS,Jay Gruden,jay_gruden,jay_gruden
2015,ARI,1,2015_01_NO_ARI,Bruce Arians,bruce_arians,bruce_arians
2015,ATL,1,2015_01_PHI_ATL,Dan Quinn,dan_quinn,kyle_shanahan
2015,BAL,1,2015_01_BAL_DEN,John Harbaugh,john_harbaugh,marc_trestman
2015,BUF,1,2015_01_IND_BUF,Rex Ryan,rex_ryan,greg_roman
2015,CAR,1,2015_01_CAR_JAX,Ron Rivera,ron_rivera,mike_shula
2015,CHI,1,2015_01_GB_CHI,John Fox,john_fox,adam_gase
2015,CIN,1,2015_01_CIN_OAK,Marvin Lewis,marvin_lewis,
2015,CLE,1,2015_01_CLE_NYJ,Mike Pettine,mike_pettine,
2015,DAL,1,2015_01_NYG_DAL,Jason Garrett,jason_garrett,scott_linehan
2015,DEN,1,2015_01_BAL_DEN,Gary Kubiak,gary_kubiak,gary_kubiak
2015,DET,1,2015_01_DET_SD,Jim Caldwell,jim_caldwell,joe_lombardi
2015,GB,1,2015_01_GB_CHI,Mike McCarthy,mike_mccarthy,tom_clements
2015,HOU,1,2015_01_KC_HOU,Bill O'Brien,bill_obrien,george_godsey
2015,IND,1,2015_01_IND_BUF,Chuck Pagano,chuck_pagano,pep_hamilton
2015,JAX,1,2015_01_CAR_JAX,Gus Bradley,gus_bradley,greg_olson
2015,KC,1,2015_01_KC_HOU,Andy Reid,andy_reid,andy_reid
2015,LA,1,2015_01_SEA_STL,Jeff Fisher,jeff_fisher,frank_cignetti
2015,LAC,1,2015_01_DET_SD,Mike McCoy,mike_mccoy,frank_reich
2015,LV,1,2015_01_CIN_OAK,Jack Del Rio,jack_del_rio,bill_musgrave
2015,MIA,1,2015_01_MIA_WAS,Joe Philbin,joe_philbin,bill_lazor
2015,MIN,1,2015_01_MIN_SF,Mike Zimmer,mike_zimmer,norv_turner
2015,NE,1,2015_01_PIT_NE,Bill Belichick,bill_belichick,josh_mcdaniels
2015,NO,1,2015_01_NO_ARI,Sean Payton,sean_payton,sean_payton
2015,NYG,1,2015_01_NYG_DAL,Tom Coughlin,tom_coughlin,ben_mcadoo
2015,NYJ,1,2015_01_CLE_NYJ,Todd Bowles,todd_bowles,chan_gailey
2015,PHI,1,2015_01_PHI_ATL,Chip Kelly,chip_kelly,chip_kelly
2015,PIT,1,2015_01_PIT_NE,Mike Tomlin,mike_tomlin,todd_haley
2015,SEA,1,2015_01_SEA_STL,Pete Carroll,pete_carroll,darrell_bevell
2015,SF,1,2015_01_MIN_SF,Jim Tomsula,jim_tomsula,geep_chryst
2015,TB,1,2015_01_TEN_TB,Lovie Smith,lovie_smith,dirk_koetter
2015,TEN,1,2015_01_TEN_TB,Ken Whisenhunt,ken_whisenhunt,ken_whisenhunt
2015,WAS,1,2015_01_MIA_WAS,Jay Gruden,jay_gruden,sean_mcvay
2015,ARI,2,2015_02_ARI_CHI,Bruce Arians,bruce_arians,bruce_arians
2015,ATL,2,2015_02_ATL_NYG,Dan Quinn,dan_quinn,kyle_shanahan
2015,BAL,2,2015_02_BAL_OAK,John Harbaugh,john_harbaugh,marc_trestman
2015,BUF,2,2015_02_NE_BUF,Rex Ryan,rex_ryan,greg_roman
2015,CAR,2,2015_02_HOU_CAR,Ron Rivera,ron_rivera,mike_shula
2015,CHI,2,2015_02_ARI_CHI,John Fox,john_fox,adam_gase
2015,CIN,2,2015_02_SD_CIN,Marvin Lewis,marvin_lewis,
2015,CLE,2,2015_02_TEN_CLE,Mike Pettine,mike_pettine,
2015,DAL,2,2015_02_DAL_PHI,Jason Garrett,jason_garrett,scott_linehan
2015,DEN,2,2015_02_DEN_KC,Gary Kubiak,gary_kubiak,gary_kubiak
2015,DET,2,2015_02_DET_MIN,Jim Caldwell,jim_caldwell,joe_lombardi
2015,GB,2,2015_02_SEA_GB,Mike McCarthy,mike_mccarthy,tom_clements
2015,HOU,2,2015_02_HOU_CAR,Bill O'Brien,bill_obrien,george_godsey
2015,IND,2,2015_02_NYJ_IND,Chuck Pagano,chuck_pagano,pep_hamilton
2015,JAX,2,2015_02_MIA_JAX,Gus Bradley,gus_bradley,greg_olson
2015,KC,2,2015_02_DEN_KC,Andy Reid,andy_reid,andy_reid
2015,LA,2,2015_02_STL_WAS,Jeff Fisher,jeff_fisher,frank_cignetti
2015,LAC,2,2015_02_SD_CIN,Mike McCoy,mike_mccoy,frank_reich
2015,LV,2,2015_02_BAL_OAK,Jack Del Rio,jack_del_rio,bill_musgrave
2015,MIA,2,2015_02_MIA_JAX,Joe Philbin,joe_philbin,bill_lazor
2015,MIN,2,2015_02_DET_MIN,Mike Zimmer,mike_zimmer,norv_turner
2015,NE,2,2015_02_NE_BUF,Bill Belichick,bill_belichick,josh_mcdaniels
2015,NO,2,2015_02_TB_NO,Sean Payton,sean_payton,sean_payton
2015,NYG,2,2015_02_ATL_NYG,Tom Coughlin,tom_coughlin,ben_mcadoo
2015,NYJ,2,2015_02_NYJ_IND,Todd Bowles,todd_bowles,chan_gailey
2015,PHI,2,2015_02_DAL_PHI,Chip Kelly,chip_kelly,chip_kelly
2015,PIT,2,2015_02_SF_PIT,Mike Tomlin,mike_tomlin,todd_haley
2015,SEA,2,2015_02_SEA_GB,Pete Carroll,pete_carroll,darrell_bevell
2015,SF,2,2015_02_SF_PIT,Jim Tomsula,jim_tomsula,geep_chryst
2015,TB,2,2015_02_TB_NO,Lovie Smith,lovie_smith,dirk_koetter
2015,TEN,2,2015_02_TEN_CLE,Ken Whisenhunt,ken_whisenhunt,ken_whisenhunt
2015,WAS,2,2015_02_STL_WAS,Jay Gruden,jay_gruden,sean_mcvay
2015,ARI,3,2015_03_SF_ARI,Bruce Arians,bruce_arians,bruce_arians
2015,ATL,3,2015_03_ATL_DAL,Dan Quinn,dan_quinn,kyle_shanahan
2015,BAL,3,2015_03_CIN_BAL,John Harbaugh,john_harbaugh,marc_trestman
2015,BUF,3,2015_03_BUF_MIA,Rex Ryan,rex_ryan,greg_roman
2015,CAR,3,2015_03_NO_CAR,Ron Rivera,ron_rivera,mike_shula
2015,CHI,3,2015_03_CHI_SEA,John Fox,john_fox,adam_gase
2015,CIN,3,2015_03_CIN_BAL,Marvin Lewis,marvin_lewis,
2015,CLE,3,2015_03_OAK_CLE,Mike Pettine,mike_pettine,
2015,DAL,3,2015_03_ATL_DAL,Jason Garrett,jason_garrett,scott_linehan
2015,DEN,3,2015_03_DEN_DET,Gary Kubiak,gary_kubiak,gary_kubiak
2015,DET,3,2015_03_DEN_DET,Jim Caldwell,jim_caldwell,joe_lombardi
2015,GB,3,2015_03_KC_GB,Mike McCarthy,mike_mccarthy,tom_clements
2015,HOU,3,2015_03_TB_HOU,Bill O'Brien,bill_obrien,george_godsey
2015,IND,3,2015_03_IND_TEN,Chuck Pagano,chuck_pagano,pep_hamilton
2015,JAX,3,2015_03_JAX_NE,Gus Bradley,gus_bradley,greg_olson
2015,KC,3,2015_03_KC_GB,Andy Reid,andy_reid,andy_reid
2015,LA,3,2015_03_PIT_STL,Jeff Fisher,jeff_fisher,frank_cignetti
2015,LAC,3,2015_03_SD_MIN,Mike McCoy,mike_mccoy,frank_reich
2015,LV,3,2015_03_OAK_CLE,Jack Del Rio,jack_del_rio,bill_musgrave
2015,MIA,3,2015_03_BUF_MIA,Joe Philbin,joe_philbin,bill_lazor
2015,MIN,3,2015_03_SD_MIN,Mike Zimmer,mike_zimmer,norv_turner
2015,NE,3,2015_03_JAX_NE,Bill Belichick,bill_belichick,josh_mcdaniels
2015,NO,3,2015_03_NO_CAR,Sean Payton,sean_payton,sean_payton
2015,NYG,3,2015_03_WAS_NYG,Tom Coughlin,tom_coughlin,ben_mcadoo
2015,NYJ,3,2015_03_PHI_NYJ,Todd Bowles,todd_bowles,chan_gailey
2015,PHI,3,2015_03_PHI_NYJ,Chip Kelly,chip_kelly,chip_kelly
2015,PIT,3,2015_03_PIT_STL,Mike Tomlin,mike_tomlin,todd_haley
2015,SEA,3,2015_03_CHI_SEA,Pete Carroll,pete_carroll,darrell_bevell
2015,SF,3,2015_03_SF_ARI,Jim Tomsula,jim_tomsula,geep_chryst
2015,TB,3,2015_03_TB_HOU,Lovie Smith,lovie_smith,dirk_koetter
2015,TEN,3,2015_03_IND_TEN,Ken Whisenhunt,ken_whisenhunt,ken_whisenhunt
2015,WAS,3,2015_03_WAS_NYG,Jay Gruden,jay_gruden,sean_mcvay
2015,ARI,4,2015_04_STL_ARI,Bruce Arians,bruce_arians,bruce_arians
2015,ATL,4,2015_04_HOU_ATL,Dan Quinn,dan_quinn,kyle_shanahan
2015,BAL,4,2015_04_BAL_PIT,John Harbaugh,john_harbaugh,marc_trestman
2015,BUF,4,2015_04_NYG_BUF,Rex Ryan,rex_ryan,greg_roman
2015,CAR,4,2015_04_CAR_TB,Ron Rivera,ron_rivera,mike_shula
2015,CHI,4,2015_04_OAK_CHI,John Fox,john_fox,adam_gase
2015,CIN,4,2015_04_KC_CIN,Marvin Lewis,marvin_lewis,
2015,CLE,4,2015_04_CLE_SD,Mike Pettine,mike_pettine,
2015,DAL,4,2015_04_DAL_NO,Jason Garrett,jason_garrett,scott_linehan
2015,DEN,4,2015_04_MIN_DEN,Gary Kubiak,gary_kubiak,gary_kubiak
2015,DET,4,2015_04_DET_SEA,Jim Caldwell,jim_caldwell,joe_lombardi
2015,GB,4,2015_04_GB_SF,Mike McCarthy,mike_mccarthy,tom_clements
2015,HOU,4,2015_04_HOU_ATL,Bill O'Brien,bill_obrien,george_godsey
2015,IND,4,2015_04_JAX_IND,Chuck Pagano,chuck_pagano,pep_hamilton
2015,JAX,4,2015_04_JAX_IND,Gus Bradley,gus_bradley,greg_olson
2015,KC,4,2015_04_KC_CIN,Andy Reid,andy_reid,andy_reid
2015,LA,4,2015_04_STL_ARI,Jeff Fisher,jeff_fisher,frank_cignetti
2015,LAC,4,2015_04_CLE_SD,Mike McCoy,mike_mccoy,frank_reich
2015,LV,4,2015_04_OAK_CHI,Jack Del Rio,jack_del_rio,bill_musgrave
2015,MIA,4,2015_04_NYJ_MIA,Joe Philbin,joe_philbin,bill_lazor
2015,MIN,4,2015_04_MIN_DEN,Mike Zimmer,mike_zimmer,norv_turner
2015,NO,4,2015_04_DAL_NO,Sean Payton,sean_payton,sean_payton
2015,NYG,4,2015_04_NYG_BUF,Tom Coughlin,tom_coughlin,ben_mcadoo
2015,NYJ,4,2015_04_NYJ_MIA,Todd Bowles,todd_bowles,chan_gailey
2015,PHI,4,2015_04_PHI_WAS,Chip Kelly,chip_kelly,chip_kelly
2015,PIT,4,2015_04_BAL_PIT,Mike Tomlin,mike_tomlin,todd_haley
2015,SEA,4,2015_04_DET_SEA,Pete Carroll,pete_carroll,darrell_bevell
2015,SF,4,2015_04_GB_SF,Jim Tomsula,jim_tomsula,geep_chryst
2015,TB,4,2015_04_CAR_TB,Lovie Smith,lovie_smith,dirk_koetter
2015,WAS,4,2015_04_PHI_WAS,Jay Gruden,jay_gruden,sean_mcvay
2015,ARI,5,2015_05_ARI_DET,Bruce Arians,bruce_arians,bruce_arians
2015,ATL,5,2015_05_WAS_ATL,Dan Quinn,dan_quinn,kyle_shanahan
2015,BAL,5,2015_05_CLE_BAL,John Harbaugh,john_harbaugh,marc_trestman
2015,BUF,5,2015_05_BUF_TEN,Rex Ryan,rex_ryan,greg_roman
2015,CHI,5,2015_05_CHI_KC,John Fox,john_fox,adam_gase
2015,CIN,5,2015_05_SEA_CIN,Marvin Lewis,marvin_lewis,
2015,CLE,5,2015_05_CLE_BAL,Mike Pettine,mike_pettine,
2015,DAL,5,2015_05_NE_DAL,Jason Garrett,jason_garrett,scott_linehan
2015,DEN,5,2015_05_DEN_OAK,Gary Kubiak,gary_kubiak,gary_kubiak
2015,DET,5,2015_05_ARI_DET,Jim Caldwell,jim_caldwell,joe_lombardi
2015,GB,5,2015_05_STL_GB,Mike McCarthy,mike_mccarthy,tom_clements
2015,HOU,5,2015_05_IND_HOU,Bill O'Brien,bill_obrien,george_godsey
2015,IND,5,2015_05_IND_HOU,Chuck Pagano,chuck_pagano,pep_hamilton
2015,JAX,5,2015_05_JAX_TB,Gus Bradley,gus_bradley,greg_olson
2015,KC,5,2015_05_CHI_KC,Andy Reid,andy_reid,andy_reid
2015,LA,5,2015_05_STL_GB,Jeff Fisher,jeff_fisher,frank_cignetti
2015,LAC,5,2015_05_PIT_SD,Mike McCoy,mike_mccoy,frank_reich
2015,LV,5,2015_05_DEN_OAK,Jack Del Rio,jack_del_rio,bill_musgrave
2015,NE,5,2015_05_NE_DAL,Bill Belichick,bill_belichick,josh_mcdaniels
2015,NO,5,2015_05_NO_PHI,Sean Payton,sean_payton,sean_payton
2015,NYG,5,2015_05_SF_NYG,Tom Coughlin,tom_coughlin,ben_mcadoo
2015,PHI,5,2015_05_NO_PHI,Chip Kelly,chip_kelly,chip_kelly
2015,PIT,5,2015_05_PIT_SD,Mike Tomlin,mike_tomlin,todd_haley
2015,SEA,5,2015_05_SEA_CIN,Pete Carroll,pete_carroll,darrell_bevell
2015,SF,5,2015_05_SF_NYG,Jim Tomsula,jim_tomsula,geep_chryst
2015,TB,5,2015_05_JAX_TB,Lovie Smith,lovie_smith,dirk_koetter
2015,TEN,5,2015_05_BUF_TEN,Ken Whisenhunt,ken_whisenhunt,ken_whisenhunt
2015,WAS,5,2015_05_WAS_ATL,Jay Gruden,jay_gruden,sean_mcvay
2015,ARI,6,2015_06_ARI_PIT,Bruce Arians,bruce_arians,bruce_arians
2015,ATL,6,2015_06_ATL_NO,Dan Quinn,dan_quinn,kyle_shanahan
2015,BAL,6,2015_06_BAL_SF,John Harbaugh,john_harbaugh,marc_trestman
2015,BUF,6,2015_06_CIN_BUF,Rex Ryan,rex_ryan,greg_roman
2015,CAR,6,2015_06_CAR_SEA,Ron Rivera,ron_rivera,mike_shula
2015,CHI,6,2015_06_CHI_DET,John Fox,john_fox,adam_gase
2015,CIN,6,2015_06_CIN_BUF,Marvin Lewis,marvin_lewis,
2015,CLE,6,2015_06_DEN_CLE,Mike Pettine,mike_pettine,
2015,DEN,6,2015_06_DEN_CLE,Gary Kubiak,gary_kubiak,gary_kubiak
2015,DET,6,2015_06_CHI_DET,Jim Caldwell,jim_caldwell,joe_lombardi
2015,GB,6,2015_06_SD_GB,Mike McCarthy,mike_mccarthy,tom_clements
2015,HOU,6,2015_06_HOU_JAX,Bill O'Brien,bill_obrien,george_godsey
2015,IND,6,2015_06_NE_IND,Chuck Pagano,chuck_pagano,pep_hamilton
2015,JAX,6,2015_06_HOU_JAX,Gus Bradley,gus_bradley,greg_olson
2015,KC,6,2015_06_KC_MIN,Andy Reid,andy_reid,andy_reid
2015,LAC,6,2015_06_SD_GB,Mike McCoy,mike_mccoy,frank_reich
2015,MIA,6,2015_06_MIA_TEN,Joe Philbin,joe_philbin,bill_lazor
2015,MIN,6,2015_06_KC_MIN,Mike Zimmer,mike_zimmer,norv_turner
2015,NE,6,2015_06_NE_IND,Bill Belichick,bill_belichick,josh_mcdaniels
2015,NO,6,2015_06_ATL_NO,Sean Payton,sean_payton,sean_payton
2015,NYG,6,2015_06_NYG_PHI,Tom Coughlin,tom_coughlin,ben_mcadoo
2015,NYJ,6,2015_06_WAS_NYJ,Todd Bowles,todd_bowles,chan_gailey
2015,PHI,6,2015_06_NYG_PHI,Chip Kelly,chip_kelly,chip_kelly
2015,PIT,6,2015_06_ARI_PIT,Mike Tomlin,mike_tomlin,todd_haley
2015,SEA,6,2015_06_CAR_SEA,Pete Carroll,pete_carroll,darrell_bevell
2015,SF,6,2015_06_BAL_SF,Jim Tomsula,jim_tomsula,geep_chryst
2015,TEN,6,2015_06_MIA_TEN,Ken Whisenhunt,ken_whisenhunt,ken_whisenhunt
2015,WAS,6,2015_06_WAS_NYJ,Jay Gruden,jay_gruden,sean_mcvay
2015,ARI,7,2015_07_BAL_ARI,Bruce Arians,bruce_arians,bruce_arians
2015,ATL,7,2015_07_ATL_TEN,Dan Quinn,dan_quinn,kyle_shanahan
2015,BAL,7,2015_07_BAL_ARI,John Harbaugh,john_harbaugh,marc_trestman
2015,BUF,7,2015_07_BUF_JAX,Rex Ryan,rex_ryan,greg_roman
2015,CAR,7,2015_07_PHI_CAR,Ron Rivera,ron_rivera,mike_shula
2015,CLE,7,2015_07_CLE_STL,Mike Pettine,mike_pettine,
2015,DAL,7,2015_07_DAL_NYG,Jason Garrett,jason_garrett,scott_linehan
2015,DET,7,2015_07_MIN_DET,Jim Caldwell,jim_caldwell,joe_lombardi
2015,HOU,7,2015_07_HOU_MIA,Bill O'Brien,bill_obrien,george_godsey
2015,IND,7,2015_07_NO_IND,Chuck Pagano,chuck_pagano,pep_hamilton
2015,JAX,7,2015_07_BUF_JAX,Gus Bradley,gus_bradley,greg_olson
2015,KC,7,2015_07_PIT_KC,Andy Reid,andy_reid,andy_reid
2015,LA,7,2015_07_CLE_STL,Jeff Fisher,jeff_fisher,frank_cignetti
2015,LAC,7,2015_07_OAK_SD,Mike McCoy,mike_mccoy,frank_reich
2015,LV,7,2015_07_OAK_SD,Jack Del Rio,jack_del_rio,bill_musgrave
2015,MIA,7,2015_07_HOU_MIA,Joe Philbin,joe_philbin,bill_lazor
2015,MIN,7,2015_07_MIN_DET,Mike Zimmer,mike_zimmer,norv_turner
2015,NE,7,2015_07_NYJ_NE,Bill Belichick,bill_belichick,josh_mcdaniels
2015,NO,7,2015_07_NO_IND,Sean Payton,sean_payton,sean_payton
2015,NYG,7,2015_07_DAL_NYG,Tom Coughlin,tom_coughlin,ben_mcadoo
2015,NYJ,7,2015_07_NYJ_NE,Todd Bowles,todd_bowles,chan_gailey
2015,PHI,7,2015_07_PHI_CAR,Chip Kelly,chip_kelly,chip_kelly
2015,PIT,7,2015_07_PIT_KC,Mike Tomlin,mike_tomlin,todd_haley
2015,SEA,7,2015_07_SEA_SF,Pete Carroll,pete_carroll,darrell_bevell
2015,SF,7,2015_07_SEA_SF,Jim Tomsula,jim_tomsula,geep_chryst
2015,TB,7,2015_07_TB_WAS,Lovie Smith,lovie_smith,dirk_koetter
2015,TEN,7,2015_07_ATL_TEN,Ken Whisenhunt,ken_whisenhunt,ken_whisenhunt
2015,WAS,7,2015_07_TB_WAS,Jay Gruden,jay_gruden,sean_mcvay
2015,ARI,8,2015_08_ARI_CLE,Bruce Arians,bruce_arians,bruce_arians
2015,ATL,8,2015_08_TB_ATL,Dan Quinn,dan_quinn,kyle_shanahan
2015,BAL,8,2015_08_SD_BAL,John Harbaugh,john_harbaugh,marc_trestman
2015,CAR,8,2015_08_IND_CAR,Ron Rivera,ron_rivera,mike_shula
2015,CHI,8,2015_08_MIN_CHI,John Fox,john_fox,adam_gase
2015,CIN,8,2015_08_CIN_PIT,Marvin Lewis,marvin_lewis,
2015,CLE,8,2015_08_ARI_CLE,Mike Pettine,mike_pettine,
2015,DAL,8,2015_08_SEA_DAL,Jason Garrett,jason_garrett,scott_linehan
2015,DEN,8,2015_08_GB_DEN,Gary Kubiak,gary_kubiak,gary_kubiak
2015,DET,8,2015_08_DET_KC,Jim Caldwell,jim_caldwell,jim_bob_cooter
2015,GB,8,2015_08_GB_DEN,Mike McCarthy,mike_mccarthy,tom_clements
2015,HOU,8,2015_08_TEN_HOU,Bill O'Brien,bill_obrien,george_godsey
2015,IND,8,2015_08_IND_CAR,Chuck Pagano,chuck_pagano,pep_hamilton
2015,KC,8,2015_08_DET_KC,Andy Reid,andy_reid,andy_reid
2015,LA,8,2015_08_SF_STL,Jeff Fisher,jeff_fisher,frank_cignetti
2015,LAC,8,2015_08_SD_BAL,Mike McCoy,mike_mccoy,frank_reich
2015,LV,8,2015_08_NYJ_OAK,Jack Del Rio,jack_del_rio,bill_musgrave
2015,MIA,8,2015_08_MIA_NE,Joe Philbin,joe_philbin,bill_lazor
2015,MIN,8,2015_08_MIN_CHI,Mike Zimmer,mike_zimmer,norv_turner
2015,NE,8,2015_08_MIA_NE,Bill Belichick,bill_belichick,josh_mcdaniels
2015,NO,8,2015_08_NYG_NO,Sean Payton,sean_payton,sean_payton
2015,NYG,8,2015_08_NYG_NO,Tom Coughlin,tom_coughlin,ben_mcadoo
2015,NYJ,8,2015_08_NYJ_OAK,Todd Bowles,todd_bowles,chan_gailey
2015,PIT,8,2015_08_CIN_PIT,Mike Tomlin,mike_tomlin,todd_haley
2015,SEA,8,2015_08_SEA_DAL,Pete Carroll,pete_carroll,darrell_bevell
2015,SF,8,2015_08_SF_STL,Jim Tomsula,jim_tomsula,geep_chryst
2015,TB,8,2015_08_TB_ATL,Lovie Smith,lovie_smith,dirk_koetter
2015,TEN,8,2015_08_TEN_HOU,Ken Whisenhunt,ken_whisenhunt,ken_whisenhunt
2015,ATL,9,2015_09_ATL_SF,Dan Quinn,dan_quinn,kyle_shanahan
2015,BUF,9,2015_09_MIA_BUF,Rex Ryan,rex_ryan,greg_roman
2015,CAR,9,2015_09_GB_CAR,Ron Rivera,ron_rivera,mike_shula
2015,CHI,9,2015_09_CHI_SD,John Fox,john_fox,adam_gase
2015,CIN,9,2015_09_CLE_CIN,Marvin Lewis,marvin_lewis,
2015,CLE,9,2015_09_CLE_CIN,Mike Pettine,mike_pettine,
2015,DAL,9,2015_09_PHI_DAL,Jason Garrett,jason_garrett,scott_linehan
2015,DEN,9,2015_09_DEN_IND,Gary Kubiak,gary_kubiak,gary_kubiak
2015,GB,9,2015_09_GB_CAR,Mike McCarthy,mike_mccarthy,tom_clements
2015,IND,9,2015_09_DEN_IND,Chuck Pagano,chuck_pagano,rob_chudzinski
2015,JAX,9,2015_09_JAX_NYJ,Gus Bradley,gus_bradley,greg_olson
2015,LA,9,2015_09_STL_MIN,Jeff Fisher,jeff_fisher,frank_cignetti
2015,LAC,9,2015_09_CHI_SD,Mike McCoy,mike_mccoy,frank_reich
2015,LV,9,2015_09_OAK_PIT,Jack Del Rio,jack_del_rio,bill_musgrave
2015,MIA,9,2015_09_MIA_BUF,Joe Philbin,joe_philbin,bill_lazor
2015,MIN,9,2015_09_STL_MIN,Mike Zimmer,mike_zimmer,norv_turner
2015,NE,9,2015_09_WAS_NE,Bill Belichick,bill_belichick,josh_mcdaniels
2015,NO,9,2015_09_TEN_NO,Sean Payton,sean_payton,sean_payton
2015,NYG,9,2015_09_NYG_TB,Tom Coughlin,tom_coughlin,ben_mcadoo
2015,NYJ,9,2015_09_JAX_NYJ,Todd Bowles,todd_bowles,chan_gailey
2015,PHI,9,2015_09_PHI_DAL,Chip Kelly,chip_kelly,chip_kelly
2015,PIT,9,2015_09_OAK_PIT,Mike Tomlin,mike_tomlin,todd_haley
2015,SF,9,2015_09_ATL_SF,Jim Tomsula,jim_tomsula,geep_chryst
2015,TB,9,2015_09_NYG_TB,Lovie Smith,lovie_smith,dirk_koetter
2015,TEN,9,2015_09_TEN_NO,Ken Whisenhunt,ken_whisenhunt,jason_michael
2015,WAS,9,2015_09_WAS_NE,Jay Gruden,jay_gruden,sean_mcvay
2015,ARI,10,2015_10_ARI_SEA,Bruce Arians,bruce_arians,bruce_arians
2015,BAL,10,2015_10_JAX_BAL,John Harbaugh,john_harbaugh,marc_trestman
2015,BUF,10,2015_10_BUF_NYJ,Rex Ryan,rex_ryan,greg_roman
2015,CAR,10,2015_10_CAR_TEN,Ron Rivera,ron_rivera,mike_shula
2015,CHI,10,2015_10_CHI_STL,John Fox,john_fox,adam_gase
2015,CIN,10,2015_10_HOU_CIN,Marvin Lewis,marvin_lewis,
2015,CLE,10,2015_10_CLE_PIT,Mike Pettine,mike_pettine,
2015,DAL,10,2015_10_DAL_TB,Jason Garrett,jason_garrett,scott_linehan
2015,DEN,10,2015_10_KC_DEN,Gary Kubiak,gary_kubiak,gary_kubiak
2015,DET,10,2015_10_DET_GB,Jim Caldwell,jim_caldwell,jim_bob_cooter
2015,GB,10,2015_10_DET_GB,Mike McCarthy,mike_mccarthy,tom_clements
2015,HOU,10,2015_10_HOU_CIN,Bill O'Brien,bill_obrien,george_godsey
2015,JAX,10,2015_10_JAX_BAL,Gus Bradley,gus_bradley,greg_olson
2015,KC,10,2015_10_KC_DEN,Andy Reid,andy_reid,andy_reid
2015,LA,10,2015_10_CHI_STL,Jeff Fisher,jeff_fisher,frank_cignetti
2015,LV,10,2015_10_MIN_OAK,Jack Del Rio,jack_del_rio,bill_musgrave
2015,MIA,10,2015_10_MIA_PHI,Joe Philbin,joe_philbin,bill_lazor
2015,MIN,10,2015_10_MIN_OAK,Mike Zimmer,mike_zimmer,norv_turner
2015,NE,10,2015_10_NE_NYG,Bill Belichick,bill_belichick,josh_mcdaniels
2015,NO,10,2015_10_NO_WAS,Sean Payton,sean_payton,sean_payton
2015,NYG,10,2015_10_NE_NYG,Tom Coughlin,tom_coughlin,ben_mcadoo
2015,NYJ,10,2015_10_BUF_NYJ,Todd Bowles,todd_bowles,chan_gailey
2015,PHI,10,2015_10_MIA_PHI,Chip Kelly,chip_kelly,chip_kelly
2015,PIT,10,2015_10_CLE_PIT,Mike Tomlin,mike_tomlin,todd_haley
2015,SEA,10,2015_10_ARI_SEA,Pete Carroll,pete_carroll,darrell_bevell
2015,TB,10,2015_10_DAL_TB,Lovie Smith,lovie_smith,dirk_koetter
2015,TEN,10,2015_10_CAR_TEN,Ken Whisenhunt,ken_whisenhunt,jason_michael
2015,WAS,10,2015_10_NO_WAS,Jay Gruden,jay_gruden,sean_mcvay
2015,ARI,11,2015_11_CIN_ARI,Bruce Arians,bruce_arians,bruce_arians
2015,ATL,11,2015_11_IND_ATL,Dan Quinn,dan_quinn,kyle_shanahan
2015,BAL,11,2015_11_STL_BAL,John Harbaugh,john_harbaugh,marc_trestman
2015,BUF,11,2015_11_BUF_NE,Rex Ryan,rex_ryan,greg_roman
2015,CAR,11,2015_11_WAS_CAR,Ron Rivera,ron_rivera,mike_shula
2015,CHI,11,2015_11_DEN_CHI,John Fox,john_fox,adam_gase
2015,CIN,11,2015_11_CIN_ARI,Marvin Lewis,marvin_lewis,
2015,DAL,11,2015_11_DAL_MIA,Jason Garrett,jason_garrett,scott_linehan
2015,DEN,11,2015_11_DEN_CHI,Gary Kubiak,gary_kubiak,gary_kubiak
2015,DET,11,2015_11_OAK_DET,Jim Caldwell,jim_caldwell,jim_bob_cooter
2015,GB,11,2015_11_GB_MIN,Mike McCarthy,mike_mccarthy,tom_clements
2015,HOU,11,2015_11_NYJ_HOU,Bill O'Brien,bill_obrien,george_godsey
2015,IND,11,2015_11_IND_ATL,Chuck Pagano,chuck_pagano,rob_chudzinski
2015,JAX,11,2015_11_TEN_JAX,Gus Bradley,gus_bradley,greg_olson
2015,KC,11,2015_11_KC_SD,Andy Reid,andy_reid,andy_reid
2015,LA,11,2015_11_STL_BAL,Jeff Fisher,jeff_fisher,frank_cignetti
2015,LAC,11,2015_11_KC_SD,Mike McCoy,mike_mccoy,frank_reich
2015,LV,11,2015_11_OAK_DET,Jack Del Rio,jack_del_rio,bill_musgrave
2015,MIA,11,2015_11_DAL_MIA,Joe Philbin,joe_philbin,bill_lazor
2015,MIN,11,2015_11_GB_MIN,Mike Zimmer,mike_zimmer,norv_turner
2015,NE,11,2015_11_BUF_NE,Bill Belichick,bill_belichick,josh_mcdaniels
2015,NYJ,11,2015_11_NYJ_HOU,Todd Bowles,todd_bowles,chan_gailey
2015,PHI,11,2015_11_TB_PHI,Chip Kelly,chip_kelly,chip_kelly
2015,SEA,11,2015_11_SF_SEA,Pete Carroll,pete_carroll,darrell_bevell
2015,SF,11,2015_11_SF_SEA,Jim Tomsula,jim_tomsula,geep_chryst
2015,TB,11,2015_11_TB_PHI,Lovie Smith,lovie_smith,dirk_koetter
2015,TEN,11,2015_11_TEN_JAX,Ken Whisenhunt,ken_whisenhunt,jason_michael
2015,WAS,11,2015_11_WAS_CAR,Jay Gruden,jay_gruden,sean_mcvay
2015,ARI,12,2015_12_ARI_SF,Bruce Arians,bruce_arians,bruce_arians
2015,ATL,12,2015_12_MIN_ATL,Dan Quinn,dan_quinn,kyle_shanahan
2015,BAL,12,2015_12_BAL_CLE,John Harbaugh,john_harbaugh,marc_trestman
2015,BUF,12,2015_12_BUF_KC,Rex Ryan,rex_ryan,greg_roman
2015,CAR,12,2015_12_CAR_DAL,Ron Rivera,ron_rivera,mike_shula
2015,CHI,12,2015_12_CHI_GB,John Fox,john_fox,adam_gase
2015,CIN,12,2015_12_STL_CIN,Marvin Lewis,marvin_lewis,
2015,CLE,12,2015_12_BAL_CLE,Mike Pettine,mike_pettine,
2015,DAL,12,2015_12_CAR_DAL,Jason Garrett,jason_garrett,scott_linehan
2015,DEN,12,2015_12_NE_DEN,Gary Kubiak,gary_kubiak,gary_kubiak
2015,DET,12,2015_12_PHI_DET,Jim Caldwell,jim_caldwell,jim_bob_cooter
2015,GB,12,2015_12_CHI_GB,Mike McCarthy,mike_mccarthy,tom_clements
2015,HOU,12,2015_12_NO_HOU,Bill O'Brien,bill_obrien,george_godsey
2015,IND,12,2015_12_TB_IND,Chuck Pagano,chuck_pagano,rob_chudzinski
2015,JAX,12,2015_12_SD_JAX,Gus Bradley,gus_bradley,greg_olson
2015,KC,12,2015_12_BUF_KC,Andy Reid,andy_reid,andy_reid
2015,LA,12,2015_12_STL_CIN,Jeff Fisher,jeff_fisher,frank_cignetti
2015,LAC,12,2015_12_SD_JAX,Mike McCoy,mike_mccoy,frank_reich
2015,LV,12,2015_12_OAK_TEN,Jack Del Rio,jack_del_rio,bill_musgrave
2015,MIA,12,2015_12_MIA_NYJ,Joe Philbin,joe_philbin,bill_lazor
2015,MIN,12,2015_12_MIN_ATL,Mike Zimmer,mike_zimmer,norv_turner
2015,NE,12,2015_12_NE_DEN,Bill Belichick,bill_belichick,josh_mcdaniels
2015,NO,12,2015_12_NO_HOU,Sean Payton,sean_payton,sean_payton
2015,NYG,12,2015_12_NYG_WAS,Tom Coughlin,tom_coughlin,ben_mcadoo
2015,NYJ,12,2015_12_MIA_NYJ,Todd Bowles,todd_bowles,chan_gailey
2015,PHI,12,2015_12_PHI_DET,Chip Kelly,chip_kelly,chip_kelly
2015,PIT,12,2015_12_PIT_SEA,Mike Tomlin,mike_tomlin,todd_haley
2015,SEA,12,2015_12_PIT_SEA,Pete Carroll,pete_carroll,darrell_bevell
2015,SF,12,2015_12_ARI_SF,Jim Tomsula,jim_tomsula,geep_chryst
2015,TB,12,2015_12_TB_IND,Lovie Smith,lovie_smith,dirk_koetter
2015,TEN,12,2015_12_OAK_TEN,Ken Whisenhunt,ken_whisenhunt,jason_michael
2015,WAS,12,2015_12_NYG_WAS,Jay Gruden,jay_gruden,sean_mcvay
2015,ARI,13,2015_13_ARI_STL,Bruce Arians,bruce_arians,bruce_arians
2015,ATL,13,2015_13_ATL_TB,Dan Quinn,dan_quinn,kyle_shanahan
2015,BAL,13,2015_13_BAL_MIA,John Harbaugh,john_harbaugh,marc_trestman
2015,BUF,13,2015_13_HOU_BUF,Rex Ryan,rex_ryan,greg_roman
2015,CAR,13,2015_13_CAR_NO,Ron Rivera,ron_rivera,mike_shula
2015,CHI,13,2015_13_SF_CHI,John Fox,john_fox,adam_gase
2015,CIN,13,2015_13_CIN_CLE,Marvin Lewis,marvin_lewis,
2015,CLE,13,2015_13_CIN_CLE,Mike Pettine,mike_pettine,
2015,DAL,13,2015_13_DAL_WAS,Jason Garrett,jason_garrett,scott_linehan
2015,DEN,13,2015_13_DEN_SD,Gary Kubiak,gary_kubiak,gary_kubiak
2015,DET,13,2015_13_GB_DET,Jim Caldwell,jim_caldwell,jim_bob_cooter
2015,GB,13,2015_13_GB_DET,Mike McCarthy,mike_mccarthy,tom_clements
2015,HOU,13,2015_13_HOU_BUF,Bill O'Brien,bill_obrien,george_godsey
2015,IND,13,2015_13_IND_PIT,Chuck Pagano,chuck_pagano,rob_chudzinski
2015,JAX,13,2015_13_JAX_TEN,Gus Bradley,gus_bradley,greg_olson
2015,KC,13,2015_13_KC_OAK,Andy Reid,andy_reid,andy_reid
2015,LA,13,2015_13_ARI_STL,Jeff Fisher,jeff_fisher,frank_cignetti
2015,LAC,13,2015_13_DEN_SD,Mike McCoy,mike_mccoy,frank_reich
2015,LV,13,2015_13_KC_OAK,Jack Del Rio,jack_del_rio,bill_musgrave
2015,MIA,13,2015_13_BAL_MIA,Joe Philbin,joe_philbin,zac_taylor
2015,MIN,13,2015_13_SEA_MIN,Mike Zimmer,mike_zimmer,norv_turner
2015,NE,13,2015_13_PHI_NE,Bill Belichick,bill_belichick,josh_mcdaniels
2015,NO,13,2015_13_CAR_NO,Sean Payton,sean_payton,sean_payton
2015,NYG,13,2015_13_NYJ_NYG,Tom Coughlin,tom_coughlin,ben_mcadoo
2015,NYJ,13,2015_13_NYJ_NYG,Todd Bowles,todd_bowles,chan_gailey
2015,PHI,13,2015_13_PHI_NE,Chip Kelly,chip_kelly,chip_kelly
2015,PIT,13,2015_13_IND_PIT,Mike Tomlin,mike_tomlin,todd_haley
2015,SEA,13,2015_13_SEA_MIN,Pete Carroll,pete_carroll,darrell_bevell
2015,SF,13,2015_13_SF_CHI,Jim Tomsula,jim_tomsula,geep_chryst
2015,TB,13,2015_13_ATL_TB,Lovie Smith,lovie_smith,dirk_koetter
2015,TEN,13,2015_13_JAX_TEN,Ken Whisenhunt,ken_whisenhunt,jason_michael
2015,WAS,13,2015_13_DAL_WAS,Jay Gruden,jay_gruden,sean_mcvay
2015,ARI,14,2015_14_MIN_ARI,Bruce Arians,bruce_arians,bruce_arians
2015,ATL,14,2015_14_ATL_CAR,Dan Quinn,dan_quinn,kyle_shanahan
2015,BAL,14,2015_14_SEA_BAL,John Harbaugh,john_harbaugh,marc_trestman
2015,BUF,14,2015_14_BUF_PHI,Rex Ryan,rex_ryan,greg_roman
2015,CAR,14,2015_14_ATL_CAR,Ron Rivera,ron_rivera,mike_shula
2015,CHI,14,2015_14_WAS_CHI,John Fox,john_fox,adam_gase
2015,CIN,14,2015_14_PIT_CIN,Marvin Lewis,marvin_lewis,
2015,CLE,14,2015_14_SF_CLE,Mike Pettine,mike_pettine,
2015,DAL,14,2015_14_DAL_GB,Jason Garrett,jason_garrett,scott_linehan
2015,DEN,14,2015_14_OAK_DEN,Gary Kubiak,gary_kubiak,gary_kubiak
2015,DET,14,2015_14_DET_STL,Jim Caldwell,jim_caldwell,jim_bob_cooter
2015,GB,14,2015_14_DAL_GB,Mike McCarthy,mike_mccarthy,tom_clements
2015,HOU,14,2015_14_NE_HOU,Bill O'Brien,bill_obrien,george_godsey
2015,IND,14,2015_14_IND_JAX,Chuck Pagano,chuck_pagano,rob_chudzinski
2015,JAX,14,2015_14_IND_JAX,Gus Bradley,gus_bradley,greg_olson
2015,KC,14,2015_14_SD_KC,Andy Reid,andy_reid,andy_reid
2015,LA,14,2015_14_DET_STL,Jeff Fisher,jeff_fisher,rob_boras
2015,LAC,14,2015_14_SD_KC,Mike McCoy,mike_mccoy,frank_reich
2015,LV,14,2015_14_OAK_DEN,Jack Del Rio,jack_del_rio,bill_musgrave
2015,MIA,14,2015_14_NYG_MIA,Joe Philbin,joe_philbin,zac_taylor
2015,MIN,14,2015_14_MIN_ARI,Mike Zimmer,mike_zimmer,norv_turner
2015,NE,14,2015_14_NE_HOU,Bill Belichick,bill_belichick,josh_mcdaniels
2015,NO,14,2015_14_NO_TB,Sean Payton,sean_payton,sean_payton
2015,NYG,14,2015_14_NYG_MIA,Tom Coughlin,tom_coughlin,ben_mcadoo
2015,NYJ,14,2015_14_TEN_NYJ,Todd Bowles,todd_bowles,chan_gailey
2015,PHI,14,2015_14_BUF_PHI,Chip Kelly,chip_kelly,chip_kelly
2015,PIT,14,2015_14_PIT_CIN,Mike Tomlin,mike_tomlin,todd_haley
2015,SEA,14,2015_14_SEA_BAL,Pete Carroll,pete_carroll,darrell_bevell
2015,SF,14,2015_14_SF_CLE,Jim Tomsula,jim_tomsula,geep_chryst
2015,TB,14,2015_14_NO_TB,Lovie Smith,lovie_smith,dirk_koetter
2015,TEN,14,2015_14_TEN_NYJ,Ken Whisenhunt,ken_whisenhunt,jason_michael
2015,WAS,14,2015_14_WAS_CHI,Jay Gruden,jay_gruden,sean_mcvay
2015,ARI,15,2015_15_ARI_PHI,Bruce Arians,bruce_arians,bruce_arians
2015,ATL,15,2015_15_ATL_JAX,Dan Quinn,dan_quinn,kyle_shanahan
2015,BAL,15,2015_15_KC_BAL,John Harbaugh,john_harbaugh,marc_trestman
2015,BUF,15,2015_15_BUF_WAS,Rex Ryan,rex_ryan,greg_roman
2015,CAR,15,2015_15_CAR_NYG,Ron Rivera,ron_rivera,mike_shula
2015,CHI,15,2015_15_CHI_MIN,John Fox,john_fox,adam_gase
2015,CIN,15,2015_15_CIN_SF,Marvin Lewis,marvin_lewis,
2015,CLE,15,2015_15_CLE_SEA,Mike Pettine,mike_pettine,
2015,DAL,15,2015_15_NYJ_DAL,Jason Garrett,jason_garrett,scott_linehan
2015,DEN,15,2015_15_DEN_PIT,Gary Kubiak,gary_kubiak,gary_kubiak
2015,DET,15,2015_15_DET_NO,Jim Caldwell,jim_caldwell,jim_bob_cooter
2015,GB,15,2015_15_GB_OAK,Mike McCarthy,mike_mccarthy,mike_mccarthy
2015,HOU,15,2015_15_HOU_IND,Bill O'Brien,bill_obrien,george_godsey
2015,IND,15,2015_15_HOU_IND,Chuck Pagano,chuck_pagano,rob_chudzinski
2015,JAX,15,2015_15_ATL_JAX,Gus Bradley,gus_bradley,greg_olson
2015,KC,15,2015_15_KC_BAL,Andy Reid,andy_reid,andy_reid
2015,LA,15,2015_15_TB_STL,Jeff Fisher,jeff_fisher,rob_boras
2015,LAC,15,2015_15_MIA_SD,Mike McCoy,mike_mccoy,frank_reich
2015,LV,15,2015_15_GB_OAK,Jack Del Rio,jack_del_rio,bill_musgrave
2015,MIA,15,2015_15_MIA_SD,Joe Philbin,joe_philbin,zac_taylor
2015,MIN,15,2015_15_CHI_MIN,Mike Zimmer,mike_zimmer,norv_turner
2015,NE,15,2015_15_TEN_NE,Bill Belichick,bill_belichick,josh_mcdaniels
2015,NO,15,2015_15_DET_NO,Sean Payton,sean_payton,sean_payton
2015,NYG,15,2015_15_CAR_NYG,Tom Coughlin,tom_coughlin,ben_mcadoo
2015,NYJ,15,2015_15_NYJ_DAL,Todd Bowles,todd_bowles,chan_gailey
2015,PHI,15,2015_15_ARI_PHI,Chip Kelly,chip_kelly,chip_kelly
2015,PIT,15,2015_15_DEN_PIT,Mike Tomlin,mike_tomlin,todd_haley
2015,SEA,15,2015_15_CLE_SEA,Pete Carroll,pete_carroll,darrell_bevell
2015,SF,15,2015_15_CIN_SF,Jim Tomsula,jim_tomsula,geep_chryst
2015,TB,15,2015_15_TB_STL,Lovie Smith,lovie_smith,dirk_koetter
2015,TEN,15,2015_15_TEN_NE,Ken Whisenhunt,ken_whisenhunt,jason_michael
2015,WAS,15,2015_15_BUF_WAS,Jay Gruden,jay_gruden,sean_mcvay
2015,ARI,16,2015_16_GB_ARI,Bruce Arians,bruce_arians,bruce_arians
2015,ATL,16,2015_16_CAR_ATL,Dan Quinn,dan_quinn,kyle_shanahan
2015,BAL,16,2015_16_PIT_BAL,John Harbaugh,john_harbaugh,marc_trestman
2015,BUF,16,2015_16_DAL_BUF,Rex Ryan,rex_ryan,greg_roman
2015,CAR,16,2015_16_CAR_ATL,Ron Rivera,ron_rivera,mike_shula
2015,CHI,16,2015_16_CHI_TB,John Fox,john_fox,adam_gase
2015,CIN,16,2015_16_CIN_DEN,Marvin Lewis,marvin_lewis,
2015,CLE,16,2015_16_CLE_KC,Mike Pettine,mike_pettine,
2015,DAL,16,2015_16_DAL_BUF,Jason Garrett,jason_garrett,scott_linehan
2015,DEN,16,2015_16_CIN_DEN,Gary Kubiak,gary_kubiak,gary_kubiak
2015,DET,16,2015_16_SF_DET,Jim Caldwell,jim_caldwell,jim_bob_cooter
2015,GB,16,2015_16_GB_ARI,Mike McCarthy,mike_mccarthy,mike_mccarthy
2015,HOU,16,2015_16_HOU_TEN,Bill O'Brien,bill_obrien,george_godsey
2015,IND,16,2015_16_IND_MIA,Chuck Pagano,chuck_pagano,rob_chudzinski
2015,JAX,16,2015_16_JAX_NO,Gus Bradley,gus_bradley,greg_olson
2015,KC,16,2015_16_CLE_KC,Andy Reid,andy_reid,andy_reid
2015,LA,16,2015_16_STL_SEA,Jeff Fisher,jeff_fisher,rob_boras
2015,LAC,16,2015_16_SD_OAK,Mike McCoy,mike_mccoy,frank_reich
2015,LV,16,2015_16_SD_OAK,Jack Del Rio,jack_del_rio,bill_musgrave
2015,MIA,16,2015_16_IND_MIA,Joe Philbin,joe_philbin,zac_taylor
2015,MIN,16,2015_16_NYG_MIN,Mike Zimmer,mike_zimmer,norv_turner
2015,NE,16,2015_16_NE_NYJ,Bill Belichick,bill_belichick,josh_mcdaniels
2015,NO,16,2015_16_JAX_NO,Sean Payton,sean_payton,sean_payton
2015,NYG,16,2015_16_NYG_MIN,Tom Coughlin,tom_coughlin,ben_mcadoo
2015,NYJ,16,2015_16_NE_NYJ,Todd Bowles,todd_bowles,chan_gailey
2015,PHI,16,2015_16_WAS_PHI,Chip Kelly,chip_kelly,chip_kelly
2015,PIT,16,2015_16_PIT_BAL,Mike Tomlin,mike_tomlin,todd_haley
2015,SEA,16,2015_16_STL_SEA,Pete Carroll,pete_carroll,darrell_bevell
2015,SF,16,2015_16_SF_DET,Jim Tomsula,jim_tomsula,geep_chryst
2015,TB,16,2015_16_CHI_TB,Lovie Smith,lovie_smith,dirk_koetter
2015,TEN,16,2015_16_HOU_TEN,Ken Whisenhunt,ken_whisenhunt,jason_michael
2015,WAS,16,2015_16_WAS_PHI,Jay Gruden,jay_gruden,sean_mcvay
2015,ARI,17,2015_17_SEA_ARI,Bruce Arians,bruce_arians,bruce_arians
2015,ATL,17,2015_17_NO_ATL,Dan Quinn,dan_quinn,kyle_shanahan
2015,BAL,17,2015_17_BAL_CIN,John Harbaugh,john_harbaugh,marc_trestman
2015,BUF,17,2015_17_NYJ_BUF,Rex Ryan,rex_ryan,greg_roman
2015,CAR,17,2015_17_TB_CAR,Ron Rivera,ron_rivera,mike_shula
2015,CHI,17,2015_17_DET_CHI,John Fox,john_fox,adam_gase
2015,CIN,17,2015_17_BAL_CIN,Marvin Lewis,marvin_lewis,
2015,CLE,17,2015_17_PIT_CLE,Mike Pettine,mike_pettine,
2015,DAL,17,2015_17_WAS_DAL,Jason Garrett,jason_garrett,scott_linehan
2015,DEN,17,2015_17_SD_DEN,Gary Kubiak,gary_kubiak,gary_kubiak
2015,DET,17,2015_17_DET_CHI,Jim Caldwell,jim_caldwell,jim_bob_cooter
2015,GB,17,2015_17_MIN_GB,Mike McCarthy,mike_mccarthy,mike_mccarthy
2015,HOU,17,2015_17_JAX_HOU,Bill O'Brien,bill_obrien,george_godsey
2015,IND,17,2015_17_TEN_IND,Chuck Pagano,chuck_pagano,rob_chudzinski
2015,JAX,17,2015_17_JAX_HOU,Gus Bradley,gus_bradley,greg_olson
2015,KC,17,2015_17_OAK_KC,Andy Reid,andy_reid,andy_reid
2015,LA,17,2015_17_STL_SF,Jeff Fisher,jeff_fisher,rob_boras
2015,LAC,17,2015_17_SD_DEN,Mike McCoy,mike_mccoy,frank_reich
2015,LV,17,2015_17_OAK_KC,Jack Del Rio,jack_del_rio,bill_musgrave
2015,MIA,17,2015_17_NE_MIA,Joe Philbin,joe_philbin,zac_taylor
2015,MIN,17,2015_17_MIN_GB,Mike Zimmer,mike_zimmer,norv_turner
2015,NE,17,2015_17_NE_MIA,Bill Belichick,bill_belichick,josh_mcdaniels
2015,NO,17,2015_17_NO_ATL,Sean Payton,sean_payton,sean_payton
2015,NYG,17,2015_17_PHI_NYG,Tom Coughlin,tom_coughlin,ben_mcadoo
2015,NYJ,17,2015_17_NYJ_BUF,Todd Bowles,todd_bowles,chan_gailey
2015,PHI,17,2015_17_PHI_NYG,Pat Shurmur,pat_shurmur,chip_kelly
2015,PIT,17,2015_17_PIT_CLE,Mike Tomlin,mike_tomlin,todd_haley
2015,SEA,17,2015_17_SEA_ARI,Pete Carroll,pete_carroll,darrell_bevell
2015,SF,17,2015_17_STL_SF,Jim Tomsula,jim_tomsula,geep_chryst
2015,TB,17,2015_17_TB_CAR,Lovie Smith,lovie_smith,dirk_koetter
2015,TEN,17,2015_17_TEN_IND,Ken Whisenhunt,ken_whisenhunt,jason_michael
2015,WAS,17,2015_17_WAS_DAL,Jay Gruden,jay_gruden,sean_mcvay
2016,ARI,1,2016_01_NE_ARI,Bruce Arians,bruce_arians,bruce_arians
2016,ATL,1,2016_01_TB_ATL,Dan Quinn,dan_quinn,kyle_shanahan
2016,BAL,1,2016_01_BUF_BAL,John Harbaugh,john_harbaugh,marc_trestman
2016,BUF,1,2016_01_BUF_BAL,Rex Ryan,rex_ryan,greg_roman
2016,CAR,1,2016_01_CAR_DEN,Ron Rivera,ron_rivera,mike_shula
2016,CHI,1,2016_01_CHI_HOU,John Fox,john_fox,
2016,CIN,1,2016_01_CIN_NYJ,Marvin Lewis,marvin_lewis,
2016,CLE,1,2016_01_CLE_PHI,Hue Jackson,hue_jackson,hue_jackson
2016,DAL,1,2016_01_NYG_DAL,Jason Garrett,jason_garrett,scott_linehan
2016,DEN,1,2016_01_CAR_DEN,Gary Kubiak,gary_kubiak,
2016,DET,1,2016_01_DET_IND,Jim Caldwell,jim_caldwell,jim_bob_cooter
2016,GB,1,2016_01_GB_JAX,Mike McCarthy,mike_mccarthy,mike_mccarthy
2016,HOU,1,2016_01_CHI_HOU,Bill O'Brien,bill_obrien,george_godsey
2016,IND,1,2016_01_DET_IND,Chuck Pagano,chuck_pagano,rob_chudzinski
2016,JAX,1,2016_01_GB_JAX,Gus Bradley,gus_bradley,greg_olson
2016,KC,1,2016_01_SD_KC,Andy Reid,andy_reid,andy_reid
2016,LA,1,2016_01_LA_SF,Jeff Fisher,jeff_fisher,rob_boras
2016,LAC,1,2016_01_SD_KC,Mike McCoy,mike_mccoy,
2016,LV,1,2016_01_OAK_NO,Jack Del Rio,jack_del_rio,bill_musgrave
2016,MIA,1,2016_01_MIA_SEA,Adam Gase,adam_gase,adam_gase
2016,MIN,1,2016_01_MIN_TEN,Mike Zimmer,mike_zimmer,norv_turner
2016,NE,1,2016_01_NE_ARI,Bill Belichick,bill_belichick,josh_mcdaniels
2016,NO,1,2016_01_OAK_NO,Sean Payton,sean_payton,
2016,NYG,1,2016_01_NYG_DAL,Ben McAdoo,ben_mcadoo,ben_mcadoo
2016,NYJ,1,2016_01_CIN_NYJ,Todd Bowles,todd_bowles,chan_gailey
2016,PHI,1,2016_01_CLE_PHI,Doug Pederson,doug_pederson,doug_pederson
2016,PIT,1,2016_01_PIT_WAS,Mike Tomlin,mike_tomlin,todd_haley
2016,SEA,1,2016_01_MIA_SEA,Pete Carroll,pete_carroll,darrell_bevell
2016,SF,1,2016_01_LA_SF,Chip Kelly,chip_kelly,chip_kelly
2016,TB,1,2016_01_TB_ATL,Dirk Koetter,dirk_koetter,dirk_koetter
2016,TEN,1,2016_01_MIN_TEN,Mike Mularkey,mike_mularkey,terry_robiskie
2016,WAS,1,2016_01_PIT_WAS,Jay Gruden,jay_gruden,sean_mcvay
2016,ARI,2,2016_02_TB_ARI,Bruce Arians,bruce_arians,bruce_arians
2016,ATL,2,2016_02_ATL_OAK,Dan Quinn,dan_quinn,kyle_shanahan
2016,BAL,2,2016_02_BAL_CLE,John Harbaugh,john_harbaugh,marc_trestman
2016,BUF,2,2016_02_NYJ_BUF,Rex Ryan,rex_ryan,greg_roman
2016,CAR,2,2016_02_SF_CAR,Ron Rivera,ron_rivera,mike_shula
2016,CHI,2,2016_02_PHI_CHI,John Fox,john_fox,
2016,CIN,2,2016_02_CIN_PIT,Marvin Lewis,marvin_lewis,
2016,CLE,2,2016_02_BAL_CLE,Hue Jackson,hue_jackson,hue_jackson
2016,DAL,2,2016_02_DAL_WAS,Jason Garrett,jason_garrett,scott_linehan
2016,DEN,2,2016_02_IND_DEN,Gary Kubiak,gary_kubiak,
2016,DET,2,2016_02_TEN_DET,Jim Caldwell,jim_caldwell,jim_bob_cooter
2016,GB,2,2016_02_GB_MIN,Mike McCarthy,mike_mccarthy,mike_mccarthy
2016,HOU,2,2016_02_KC_HOU,Bill O'Brien,bill_obrien,george_godsey
2016,IND,2,2016_02_IND_DEN,Chuck Pagano,chuck_pagano,rob_chudzinski
2016,JAX,2,2016_02_JAX_SD,Gus Bradley,gus_bradley,greg_olson
2016,KC,2,2016_02_KC_HOU,Andy Reid,andy_reid,andy_reid
2016,LA,2,2016_02_SEA_LA,Jeff Fisher,jeff_fisher,rob_boras
2016,LAC,2,2016_02_JAX_SD,Mike McCoy,mike_mccoy,
2016,LV,2,2016_02_ATL_OAK,Jack Del Rio,jack_del_rio,bill_musgrave
2016,MIA,2,2016_02_MIA_NE,Adam Gase,adam_gase,adam_gase
2016,MIN,2,2016_02_GB_MIN,Mike Zimmer,mike_zimmer,norv_turner
2016,NE,2,2016_02_MIA_NE,Bill Belichick,bill_belichick,josh_mcdaniels
2016,NO,2,2016_02_NO_NYG,Sean Payton,sean_payton,
2016,NYG,2,2016_02_NO_NYG,Ben McAdoo,ben_mcadoo,ben_mcadoo
2016,NYJ,2,2016_02_NYJ_BUF,Todd Bowles,todd_bowles,chan_gailey
2016,PHI,2,2016_02_PHI_CHI,Doug Pederson,doug_pederson,doug_pederson
2016,PIT,2,2016_02_CIN_PIT,Mike Tomlin,mike_tomlin,todd_haley
2016,SEA,2,2016_02_SEA_LA,Pete Carroll,pete_carroll,darrell_bevell
2016,SF,2,2016_02_SF_CAR,Chip Kelly,chip_kelly,chip_kelly
2016,TB,2,2016_02_TB_ARI,Dirk Koetter,dirk_koetter,dirk_koetter
2016,TEN,2,2016_02_TEN_DET,Mike Mularkey,mike_mularkey,terry_robiskie
2016,WAS,2,2016_02_DAL_WAS,Jay Gruden,jay_gruden,sean_mcvay
2016,ARI,3,2016_03_ARI_BUF,Bruce Arians,bruce_arians,bruce_arians
2016,ATL,3,2016_03_ATL_NO,Dan Quinn,dan_quinn,kyle_shanahan
2016,BAL,3,2016_03_BAL_JAX,John Harbaugh,john_harbaugh,marc_trestman
2016,BUF,3,2016_03_ARI_BUF,Rex Ryan,rex_ryan,anthony_lynn
2016,CAR,3,2016_03_MIN_CAR,Ron Rivera,ron_rivera,mike_shula
2016,CHI,3,2016_03_CHI_DAL,John Fox,john_fox,
2016,CIN,3,2016_03_DEN_CIN,Marvin Lewis,marvin_lewis,
2016,CLE,3,2016_03_CLE_MIA,Hue Jackson,hue_jackson,hue_jackson
2016,DAL,3,2016_03_CHI_DAL,Jason Garrett,jason_garrett,scott_linehan
2016,DEN,3,2016_03_DEN_CIN,Gary Kubiak,gary_kubiak,
2016,DET,3,2016_03_DET_GB,Jim Caldwell,jim_caldwell,jim_bob_cooter
2016,GB,3,2016_03_DET_GB,Mike McCarthy,mike_mccarthy,mike_mccarthy
2016,HOU,3,2016_03_HOU_NE,Bill O'Brien,bill_obrien,george_godsey
2016,IND,3,2016_03_SD_IND,Chuck Pagano,chuck_pagano,rob_chudzinski
2016,JAX,3,2016_03_BAL_JAX,Gus Bradley,gus_bradley,greg_olson
2016,KC,3,2016_03_NYJ_KC,Andy Reid,andy_reid,andy_reid
2016,LA,3,2016_03_LA_TB,Jeff Fisher,jeff_fisher,rob_boras
2016,LAC,3,2016_03_SD_IND,Mike McCoy,mike_mccoy,
2016,LV,3,2016_03_OAK_TEN,Jack Del Rio,jack_del_rio,bill_musgrave
2016,MIA,3,2016_03_CLE_MIA,Adam Gase,adam_gase,adam_gase
2016,MIN,3,2016_03_MIN_CAR,Mike Zimmer,mike_zimmer,norv_turner
2016,NE,3,2016_03_HOU_NE,Bill Belichick,bill_belichick,josh_mcdaniels
2016,NO,3,2016_03_ATL_NO,Sean Payton,sean_payton,
2016,NYG,3,2016_03_WAS_NYG,Ben McAdoo,ben_mcadoo,ben_mcadoo
2016,NYJ,3,2016_03_NYJ_KC,Todd Bowles,todd_bowles,chan_gailey
2016,PHI,3,2016_03_PIT_PHI,Doug Pederson,doug_pederson,doug_pederson
2016,PIT,3,2016_03_PIT_PHI,Mike Tomlin,mike_tomlin,todd_haley
2016,SEA,3,2016_03_SF_SEA,Pete Carroll,pete_carroll,darrell_bevell
2016,SF,3,2016_03_SF_SEA,Chip Kelly,chip_kelly,chip_kelly
2016,TB,3,2016_03_LA_TB,Dirk Koetter,dirk_koetter,dirk_koetter
2016,TEN,3,2016_03_OAK_TEN,Mike Mularkey,mike_mularkey,terry_robiskie
2016,WAS,3,2016_03_WAS_NYG,Jay Gruden,jay_gruden,sean_mcvay
2016,ARI,4,2016_04_LA_ARI,Bruce Arians,bruce_arians,bruce_arians
2016,ATL,4,2016_04_CAR_ATL,Dan Quinn,dan_quinn,kyle_shanahan
2016,BAL,4,2016_04_OAK_BAL,John Harbaugh,john_harbaugh,marc_trestman
2016,BUF,4,2016_04_BUF_NE,Rex Ryan,rex_ryan,anthony_lynn
2016,CAR,4,2016_04_CAR_ATL,Ron Rivera,ron_rivera,mike_shula
2016,CHI,4,2016_04_DET_CHI,John Fox,john_fox,
2016,CIN,4,2016_04_MIA_CIN,Marvin Lewis,marvin_lewis,
2016,CLE,4,2016_04_CLE_WAS,Hue Jackson,hue_jackson,hue_jackson
2016,DAL,4,2016_04_DAL_SF,Jason Garrett,jason_garrett,scott_linehan
2016,DEN,4,2016_04_DEN_TB,Gary Kubiak,gary_kubiak,
2016,DET,4,2016_04_DET_CHI,Jim Caldwell,jim_caldwell,jim_bob_cooter
2016,HOU,4,2016_04_TEN_HOU,Bill O'Brien,bill_obrien,bill_obrien
2016,IND,4,2016_04_IND_JAX,Chuck Pagano,chuck_pagano,rob_chudzinski
2016,JAX,4,2016_04_IND_JAX,Gus Bradley,gus_bradley,greg_olson
2016,KC,4,2016_04_KC_PIT,Andy Reid,andy_reid,andy_reid
2016,LA,4,2016_04_LA_ARI,Jeff Fisher,jeff_fisher,rob_boras
2016,LAC,4,2016_04_NO_SD,Mike McCoy,mike_mccoy,
2016,LV,4,2016_04_OAK_BAL,Jack Del Rio,jack_del_rio,bill_musgrave
2016,MIA,4,2016_04_MIA_CIN,Adam Gase,adam_gase,adam_gase
2016,MIN,4,2016_04_NYG_MIN,Mike Zimmer,mike_zimmer,norv_turner
2016,NE,4,2016_04_BUF_NE,Bill Belichick,bill_belichick,josh_mcdaniels
2016,NO,4,2016_04_NO_SD,Sean Payton,sean_payton,
2016,NYG,4,2016_04_NYG_MIN,Ben McAdoo,ben_mcadoo,ben_mcadoo
2016,NYJ,4,2016_04_SEA_NYJ,Todd Bowles,todd_bowles,chan_gailey
2016,PIT,4,2016_04_KC_PIT,Mike Tomlin,mike_tomlin,todd_haley
2016,SEA,4,2016_04_SEA_NYJ,Pete Carroll,pete_carroll,darrell_bevell
2016,SF,4,2016_04_DAL_SF,Chip Kelly,chip_kelly,chip_kelly
2016,TB,4,2016_04_DEN_TB,Dirk Koetter,dirk_koetter,dirk_koetter
2016,TEN,4,2016_04_TEN_HOU,Mike Mularkey,mike_mularkey,terry_robiskie
2016,WAS,4,2016_04_CLE_WAS,Jay Gruden,jay_gruden,sean_mcvay
2016,ARI,5,2016_05_ARI_SF,Bruce Arians,bruce_arians,bruce_arians
2016,ATL,5,2016_05_ATL_DEN,Dan Quinn,dan_quinn,kyle_shanahan
2016,BAL,5,2016_05_WAS_BAL,John Harbaugh,john_harbaugh,marc_trestman
2016,BUF,5,2016_05_BUF_LA,Rex Ryan,rex_ryan,anthony_lynn
2016,CAR,5,2016_05_TB_CAR,Ron Rivera,ron_rivera,mike_shula
2016,CHI,5,2016_05_CHI_IND,John Fox,john_fox,
2016,CIN,5,2016_05_CIN_DAL,Marvin Lewis,marvin_lewis,
2016,CLE,5,2016_05_NE_CLE,Hue Jackson,hue_jackson,hue_jackson
2016,DAL,5,2016_05_CIN_DAL,Jason Garrett,jason_garrett,scott_linehan
2016,DEN,5,2016_05_ATL_DEN,Gary Kubiak,gary_kubiak,
2016,DET,5,2016_05_PHI_DET,Jim Caldwell,jim_caldwell,jim_bob_cooter
2016,GB,5,2016_05_NYG_GB,Mike McCarthy,mike_mccarthy,mike_mccarthy
2016,HOU,5,2016_05_HOU_MIN,Bill O'Brien,bill_obrien,bill_obrien
2016,IND,5,2016_05_CHI_IND,Chuck Pagano,chuck_pagano,rob_chudzinski
2016,LA,5,2016_05_BUF_LA,Jeff Fisher,jeff_fisher,rob_boras
2016,LAC,5,2016_05_SD_OAK,Mike McCoy,mike_mccoy,
2016,LV,5,2016_05_SD_OAK,Jack Del Rio,jack_del_rio,bill_musgrave
2016,MIA,5,2016_05_TEN_MIA,Adam Gase,adam_gase,adam_gase
2016,MIN,5,2016_05_HOU_MIN,Mike Zimmer,mike_zimmer,norv_turner
2016,NE,5,2016_05_NE_CLE,Bill Belichick,bill_belichick,josh_mcdaniels
2016,NYG,5,2016_05_NYG_GB,Ben McAdoo,ben_mcadoo,ben_mcadoo
2016,NYJ,5,2016_05_NYJ_PIT,Todd Bowles,todd_bowles,chan_gailey
2016,PHI,5,2016_05_PHI_DET,Doug Pederson,doug_pederson,doug_pederson
2016,PIT,5,2016_05_NYJ_PIT,Mike Tomlin,mike_tomlin,todd_haley
2016,SF,5,2016_05_ARI_SF,Chip Kelly,chip_kelly,chip_kelly
2016,TB,5,2016_05_TB_CAR,Dirk Koetter,dirk_koetter,dirk_koetter
2016,TEN,5,2016_05_TEN_MIA,Mike Mularkey,mike_mularkey,terry_robiskie
2016,WAS,5,2016_05_WAS_BAL,Jay Gruden,jay_gruden,sean_mcvay
2016,ARI,6,2016_06_NYJ_ARI,Bruce Arians,bruce_arians,bruce_arians
2016,ATL,6,2016_06_ATL_SEA,Dan Quinn,dan_quinn,kyle_shanahan
2016,BAL,6,2016_06_BAL_NYG,John Harbaugh,john_harbaugh,marty_mornhinweg
2016,BUF,6,2016_06_SF_BUF,Rex Ryan,rex_ryan,anthony_lynn
2016,CAR,6,2016_06_CAR_NO,Ron Rivera,ron_rivera,mike_shula
2016,CHI,6,2016_06_JAX_CHI,John Fox,john_fox,
2016,CIN,6,2016_06_CIN_NE,Marvin Lewis,marvin_lewis,
2016,CLE,6,2016_06_CLE_TEN,Hue Jackson,hue_jackson,hue_jackson
2016,DAL,6,2016_06_DAL_GB,Jason Garrett,jason_garrett,scott_linehan
2016,DEN,6,2016_06_DEN_SD,Gary Kubiak,gary_kubiak,
2016,DET,6,2016_06_LA_DET,Jim Caldwell,jim_caldwell,jim_bob_cooter
2016,GB,6,2016_06_DAL_GB,Mike McCarthy,mike_mccarthy,mike_mccarthy
2016,HOU,6,2016_06_IND_HOU,Bill O'Brien,bill_obrien,bill_obrien
2016,IND,6,2016_06_IND_HOU,Chuck Pagano,chuck_pagano,rob_chudzinski
2016,JAX,6,2016_06_JAX_CHI,Gus Bradley,gus_bradley,greg_olson
2016,KC,6,2016_06_KC_OAK,Andy Reid,andy_reid,andy_reid
2016,LA,6,2016_06_LA_DET,Jeff Fisher,jeff_fisher,rob_boras
2016,LAC,6,2016_06_DEN_SD,Mike McCoy,mike_mccoy,
2016,LV,6,2016_06_KC_OAK,Jack Del Rio,jack_del_rio,bill_musgrave
2016,MIA,6,2016_06_PIT_MIA,Adam Gase,adam_gase,adam_gase
2016,NE,6,2016_06_CIN_NE,Bill Belichick,bill_belichick,josh_mcdaniels
2016,NO,6,2016_06_CAR_NO,Sean Payton,sean_payton,
2016,NYG,6,2016_06_BAL_NYG,Ben McAdoo,ben_mcadoo,ben_mcadoo
2016,NYJ,6,2016_06_NYJ_ARI,Todd Bowles,todd_bowles,chan_gailey
2016,PHI,6,2016_06_PHI_WAS,Doug Pederson,doug_pederson,doug_pederson
2016,PIT,6,2016_06_PIT_MIA,Mike Tomlin,mike_tomlin,todd_haley
2016,SEA,6,2016_06_ATL_SEA,Pete Carroll,pete_carroll,darrell_bevell
2016,SF,6,2016_06_SF_BUF,Chip Kelly,chip_kelly,chip_kelly
2016,TEN,6,2016_06_CLE_TEN,Mike Mularkey,mike_mularkey,terry_robiskie
2016,WAS,6,2016_06_PHI_WAS,Jay Gruden,jay_gruden,sean_mcvay
2016,ARI,7,2016_07_SEA_ARI,Bruce Arians,bruce_arians,bruce_arians
2016,ATL,7,2016_07_SD_ATL,Dan Quinn,dan_quinn,kyle_shanahan
2016,BAL,7,2016_07_BAL_NYJ,John Harbaugh,john_harbaugh,marty_mornhinweg
2016,BUF,7,2016_07_BUF_MIA,Rex Ryan,rex_ryan,anthony_lynn
2016,CHI,7,2016_07_CHI_GB,John Fox,john_fox,
2016,CIN,7,2016_07_CLE_CIN,Marvin Lewis,marvin_lewis,
2016,CLE,7,2016_07_CLE_CIN,Hue Jackson,hue_jackson,hue_jackson
2016,DEN,7,2016_07_HOU_DEN,Gary Kubiak,gary_kubiak,
2016,DET,7,2016_07_WAS_DET,Jim Caldwell,jim_caldwell,jim_bob_cooter
2016,GB,7,2016_07_CHI_GB,Mike McCarthy,mike_mccarthy,mike_mccarthy
2016,HOU,7,2016_07_HOU_DEN,Bill O'Brien,bill_obrien,bill_obrien
2016,IND,7,2016_07_IND_TEN,Chuck Pagano,chuck_pagano,rob_chudzinski
2016,JAX,7,2016_07_OAK_JAX,Gus Bradley,gus_bradley,greg_olson
2016,KC,7,2016_07_NO_KC,Andy Reid,andy_reid,andy_reid
2016,LA,7,2016_07_NYG_LA,Jeff Fisher,jeff_fisher,rob_boras
2016,LAC,7,2016_07_SD_ATL,Mike McCoy,mike_mccoy,
2016,LV,7,2016_07_OAK_JAX,Jack Del Rio,jack_del_rio,bill_musgrave
2016,MIA,7,2016_07_BUF_MIA,Adam Gase,adam_gase,adam_gase
2016,MIN,7,2016_07_MIN_PHI,Mike Zimmer,mike_zimmer,norv_turner
2016,NE,7,2016_07_NE_PIT,Bill Belichick,bill_belichick,josh_mcdaniels
2016,NO,7,2016_07_NO_KC,Sean Payton,sean_payton,
2016,NYG,7,2016_07_NYG_LA,Ben McAdoo,ben_mcadoo,ben_mcadoo
2016,NYJ,7,2016_07_BAL_NYJ,Todd Bowles,todd_bowles,chan_gailey
2016,PHI,7,2016_07_MIN_PHI,Doug Pederson,doug_pederson,doug_pederson
2016,PIT,7,2016_07_NE_PIT,Mike Tomlin,mike_tomlin,todd_haley
2016,SEA,7,2016_07_SEA_ARI,Pete Carroll,pete_carroll,darrell_bevell
2016,SF,7,2016_07_TB_SF,Chip Kelly,chip_kelly,chip_kelly
2016,TB,7,2016_07_TB_SF,Dirk Koetter,dirk_koetter,dirk_koetter
2016,TEN,7,2016_07_IND_TEN,Mike Mularkey,mike_mularkey,terry_robiskie
2016,WAS,7,2016_07_WAS_DET,Jay Gruden,jay_gruden,sean_mcvay
2016,ARI,8,2016_08_ARI_CAR,Bruce Arians,bruce_arians,bruce_arians
2016,ATL,8,2016_08_GB_ATL,Dan Quinn,dan_quinn,kyle_shanahan
2016,BUF,8,2016_08_NE_BUF,Rex Ryan,rex_ryan,anthony_lynn
2016,CAR,8,2016_08_ARI_CAR,Ron Rivera,ron_rivera,mike_shula
2016,CHI,8,2016_08_MIN_CHI,John Fox,john_fox,
2016,CIN,8,2016_08_WAS_CIN,Marvin Lewis,marvin_lewis,
2016,CLE,8,2016_08_NYJ_CLE,Hue Jackson,hue_jackson,hue_jackson
2016,DAL,8,2016_08_PHI_DAL,Jason Garrett,jason_garrett,scott_linehan
2016,DEN,8,2016_08_SD_DEN,Gary Kubiak,gary_kubiak,
2016,DET,8,2016_08_DET_HOU,Jim Caldwell,jim_caldwell,jim_bob_cooter
2016,GB,8,2016_08_GB_ATL,Mike McCarthy,mike_mccarthy,mike_mccarthy
2016,HOU,8,2016_08_DET_HOU,Bill O'Brien,bill_obrien,bill_obrien
2016,IND,8,2016_08_KC_IND,Chuck Pagano,chuck_pagano,rob_chudzinski
2016,JAX,8,2016_08_JAX_TEN,Gus Bradley,gus_bradley,greg_olson
2016,KC,8,2016_08_KC_IND,Andy Reid,andy_reid,andy_reid
2016,LAC,8,2016_08_SD_DEN,Mike McCoy,mike_mccoy,
2016,LV,8,2016_08_OAK_TB,Jack Del Rio,jack_del_rio,bill_musgrave
2016,MIN,8,2016_08_MIN_CHI,Mike Zimmer,mike_zimmer,norv_turner
2016,NE,8,2016_08_NE_BUF,Bill Belichick,bill_belichick,josh_mcdaniels
2016,NO,8,2016_08_SEA_NO,Sean Payton,sean_payton,
2016,NYJ,8,2016_08_NYJ_CLE,Todd Bowles,todd_bowles,chan_gailey
2016,PHI,8,2016_08_PHI_DAL,Doug Pederson,doug_pederson,doug_pederson
2016,SEA,8,2016_08_SEA_NO,Pete Carroll,pete_carroll,darrell_bevell
2016,TB,8,2016_08_OAK_TB,Dirk Koetter,dirk_koetter,dirk_koetter
2016,TEN,8,2016_08_JAX_TEN,Mike Mularkey,mike_mularkey,terry_robiskie
2016,WAS,8,2016_08_WAS_CIN,Jay Gruden,jay_gruden,sean_mcvay
2016,ATL,9,2016_09_ATL_TB,Dan Quinn,dan_quinn,kyle_shanahan
2016,BAL,9,2016_09_PIT_BAL,John Harbaugh,john_harbaugh,marty_mornhinweg
2016,BUF,9,2016_09_BUF_SEA,Rex Ryan,rex_ryan,anthony_lynn
2016,CAR,9,2016_09_CAR_LA,Ron Rivera,ron_rivera,mike_shula
2016,CLE,9,2016_09_DAL_CLE,Hue Jackson,hue_jackson,hue_jackson
2016,DAL,9,2016_09_DAL_CLE,Jason Garrett,jason_garrett,scott_linehan
2016,DEN,9,2016_09_DEN_OAK,Gary Kubiak,gary_kubiak,
2016,DET,9,2016_09_DET_MIN,Jim Caldwell,jim_caldwell,jim_bob_cooter
2016,GB,9,2016_09_IND_GB,Mike McCarthy,mike_mccarthy,mike_mccarthy
2016,IND,9,2016_09_IND_GB,Chuck Pagano,chuck_pagano,rob_chudzinski
2016,JAX,9,2016_09_JAX_KC,Gus Bradley,gus_bradley,nathaniel_hackett
2016,KC,9,2016_09_JAX_KC,Andy Reid,andy_reid,andy_reid
2016,LA,9,2016_09_CAR_LA,Jeff Fisher,jeff_fisher,rob_boras
2016,LAC,9,2016_09_TEN_SD,Mike McCoy,mike_mccoy,
2016,LV,9,2016_09_DEN_OAK,Jack Del Rio,jack_del_rio,bill_musgrave
2016,MIA,9,2016_09_NYJ_MIA,Adam Gase,adam_gase,adam_gase
2016,MIN,9,2016_09_DET_MIN,Mike Zimmer,mike_zimmer,pat_shurmur
2016,NO,9,2016_09_NO_SF,Sean Payton,sean_payton,
2016,NYG,9,2016_09_PHI_NYG,Ben McAdoo,ben_mcadoo,ben_mcadoo
2016,NYJ,9,2016_09_NYJ_MIA,Todd Bowles,todd_bowles,chan_gailey
2016,PHI,9,2016_09_PHI_NYG,Doug Pederson,doug_pederson,doug_pederson
2016,PIT,9,2016_09_PIT_BAL,Mike Tomlin,mike_tomlin,todd_haley
2016,SEA,9,2016_09_BUF_SEA,Pete Carroll,pete_carroll,darrell_bevell
2016,SF,9,2016_09_NO_SF,Chip Kelly,chip_kelly,chip_kelly
2016,TB,9,2016_09_ATL_TB,Dirk Koetter,dirk_koetter,dirk_koetter
2016,TEN,9,2016_09_TEN_SD,Mike Mularkey,mike_mularkey,terry_robiskie
2016,ARI,10,2016_10_SF_ARI,Bruce Arians,bruce_arians,bruce_arians
2016,ATL,10,2016_10_ATL_PHI,Dan Quinn,dan_quinn,kyle_shanahan
2016,BAL,10,2016_10_CLE_BAL,John Harbaugh,john_harbaugh,marty_mornhinweg
2016,CAR,10,2016_10_KC_CAR,Ron Rivera,ron_rivera,mike_shula
2016,CHI,10,2016_10_CHI_TB,John Fox,john_fox,
2016,CIN,10,2016_10_CIN_NYG,Marvin Lewis,marvin_lewis,
2016,CLE,10,2016_10_CLE_BAL,Hue Jackson,hue_jackson,hue_jackson
2016,DAL,10,2016_10_DAL_PIT,Jason Garrett,jason_garrett,scott_linehan
2016,DEN,10,2016_10_DEN_NO,Gary Kubiak,gary_kubiak,
2016,GB,10,2016_10_GB_TEN,Mike McCarthy,mike_mccarthy,mike_mccarthy
2016,HOU,10,2016_10_HOU_JAX,Bill O'Brien,bill_obrien,bill_obrien
2016,JAX,10,2016_10_HOU_JAX,Gus Bradley,gus_bradley,nathaniel_hackett
2016,KC,10,2016_10_KC_CAR,Andy Reid,andy_reid,andy_reid
2016,LA,10,2016_10_LA_NYJ,Jeff Fisher,jeff_fisher,rob_boras
2016,LAC,10,2016_10_MIA_SD,Mike McCoy,mike_mccoy,
2016,MIA,10,2016_10_MIA_SD,Adam Gase,adam_gase,adam_gase
2016,MIN,10,2016_10_MIN_WAS,Mike Zimmer,mike_zimmer,pat_shurmur
2016,NE,10,2016_10_SEA_NE,Bill Belichick,bill_belichick,josh_mcdaniels
2016,NO,10,2016_10_DEN_NO,Sean Payton,sean_payton,
2016,NYG,10,2016_10_CIN_NYG,Ben McAdoo,ben_mcadoo,ben_mcadoo
2016,NYJ,10,2016_10_LA_NYJ,Todd Bowles,todd_bowles,chan_gailey
2016,PHI,10,2016_10_ATL_PHI,Doug Pederson,doug_pederson,doug_pederson
2016,PIT,10,2016_10_DAL_PIT,Mike Tomlin,mike_tomlin,todd_haley
2016,SEA,10,2016_10_SEA_NE,Pete Carroll,pete_carroll,darrell_bevell
2016,SF,10,2016_10_SF_ARI,Chip Kelly,chip_kelly,chip_kelly
2016,TB,10,2016_10_CHI_TB,Dirk Koetter,dirk_koetter,dirk_koetter
2016,TEN,10,2016_10_GB_TEN,Mike Mularkey,mike_mularkey,terry_robiskie
2016,WAS,10,2016_10_MIN_WAS,Jay Gruden,jay_gruden,sean_mcvay
2016,ARI,11,2016_11_ARI_MIN,Bruce Arians,bruce_arians,bruce_arians
2016,BAL,11,2016_11_BAL_DAL,John Harbaugh,john_harbaugh,marty_mornhinweg
2016,BUF,11,2016_11_BUF_CIN,Rex Ryan,rex_ryan,anthony_lynn
2016,CAR,11,2016_11_NO_CAR,Ron Rivera,ron_rivera,mike_shula
2016,CHI,11,2016_11_CHI_NYG,John Fox,john_fox,
2016,CIN,11,2016_11_BUF_CIN,Marvin Lewis,marvin_lewis,
2016,CLE,11,2016_11_PIT_CLE,Hue Jackson,hue_jackson,hue_jackson
2016,DAL,11,2016_11_BAL_DAL,Jason Garrett,jason_garrett,scott_linehan
2016,DET,11,2016_11_JAX_DET,Jim Caldwell,jim_caldwell,jim_bob_cooter
2016,GB,11,2016_11_GB_WAS,Mike McCarthy,mike_mccarthy,mike_mccarthy
2016,HOU,11,2016_11_HOU_OAK,Bill O'Brien,bill_obrien,bill_obrien
2016,IND,11,2016_11_TEN_IND,Chuck Pagano,chuck_pagano,rob_chudzinski
2016,JAX,11,2016_11_JAX_DET,Gus Bradley,gus_bradley,nathaniel_hackett
2016,KC,11,2016_11_TB_KC,Andy Reid,andy_reid,andy_reid
2016,LA,11,2016_11_MIA_LA,Jeff Fisher,jeff_fisher,rob_boras
2016,LV,11,2016_11_HOU_OAK,Jack Del Rio,jack_del_rio,bill_musgrave
2016,MIA,11,2016_11_MIA_LA,Adam Gase,adam_gase,adam_gase
2016,MIN,11,2016_11_ARI_MIN,Mike Zimmer,mike_zimmer,pat_shurmur
2016,NE,11,2016_11_NE_SF,Bill Belichick,bill_belichick,josh_mcdaniels
2016,NO,11,2016_11_NO_CAR,Sean Payton,sean_payton,
2016,NYG,11,2016_11_CHI_NYG,Ben McAdoo,ben_mcadoo,ben_mcadoo
2016,PHI,11,2016_11_PHI_SEA,Doug Pederson,doug_pederson,doug_pederson
2016,PIT,11,2016_11_PIT_CLE,Mike Tomlin,mike_tomlin,todd_haley
2016,SEA,11,2016_11_PHI_SEA,Pete Carroll,pete_carroll,darrell_bevell
2016,SF,11,2016_11_NE_SF,Chip Kelly,chip_kelly,chip_kelly
2016,TB,11,2016_11_TB_KC,Dirk Koetter,dirk_koetter,dirk_koetter
2016,TEN,11,2016_11_TEN_IND,Mike Mularkey,mike_mularkey,terry_robiskie
2016,WAS,11,2016_11_GB_WAS,Jay Gruden,jay_gruden,sean_mcvay
2016,ARI,12,2016_12_ARI_ATL,Bruce Arians,bruce_arians,bruce_arians
2016,ATL,12,2016_12_ARI_ATL,Dan Quinn,dan_quinn,kyle_shanahan
2016,BAL,12,2016_12_CIN_BAL,John Harbaugh,john_harbaugh,marty_mornhinweg
2016,BUF,12,2016_12_JAX_BUF,Rex Ryan,rex_ryan,anthony_lynn
2016,CAR,12,2016_12_CAR_OAK,Ron Rivera,ron_rivera,mike_shula
2016,CHI,12,2016_12_TEN_CHI,John Fox,john_fox,
2016,CIN,12,2016_12_CIN_BAL,Marvin Lewis,marvin_lewis,
2016,CLE,12,2016_12_NYG_CLE,Hue Jackson,hue_jackson,hue_jackson
2016,DAL,12,2016_12_WAS_DAL,Jason Garrett,jason_garrett,scott_linehan
2016,DEN,12,2016_12_KC_DEN,Gary Kubiak,gary_kubiak,
2016,DET,12,2016_12_MIN_DET,Jim Caldwell,jim_caldwell,jim_bob_cooter
2016,GB,12,2016_12_GB_PHI,Mike McCarthy,mike_mccarthy,mike_mccarthy
2016,HOU,12,2016_12_SD_HOU,Bill O'Brien,bill_obrien,bill_obrien
2016,IND,12,2016_12_PIT_IND,Chuck Pagano,chuck_pagano,rob_chudzinski
2016,JAX,12,2016_12_JAX_BUF,Gus Bradley,gus_bradley,nathaniel_hackett
2016,KC,12,2016_12_KC_DEN,Andy Reid,andy_reid,andy_reid
2016,LA,12,2016_12_LA_NO,Jeff Fisher,jeff_fisher,rob_boras
2016,LAC,12,2016_12_SD_HOU,Mike McCoy,mike_mccoy,
2016,LV,12,2016_12_CAR_OAK,Jack Del Rio,jack_del_rio,bill_musgrave
2016,MIA,12,2016_12_SF_MIA,Adam Gase,adam_gase,adam_gase
2016,MIN,12,2016_12_MIN_DET,Mike Zimmer,mike_zimmer,pat_shurmur
2016,NE,12,2016_12_NE_NYJ,Bill Belichick,bill_belichick,josh_mcdaniels
2016,NO,12,2016_12_LA_NO,Sean Payton,sean_payton,
2016,NYG,12,2016_12_NYG_CLE,Ben McAdoo,ben_mcadoo,ben_mcadoo
2016,NYJ,12,2016_12_NE_NYJ,Todd Bowles,todd_bowles,chan_gailey
2016,PHI,12,2016_12_GB_PHI,Doug Pederson,doug_pederson,doug_pederson
2016,PIT,12,2016_12_PIT_IND,Mike Tomlin,mike_tomlin,todd_haley
2016,SEA,12,2016_12_SEA_TB,Pete Carroll,pete_carroll,darrell_bevell
2016,SF,12,2016_12_SF_MIA,Chip Kelly,chip_kelly,chip_kelly
2016,TB,12,2016_12_SEA_TB,Dirk Koetter,dirk_koetter,dirk_koetter
2016,TEN,12,2016_12_TEN_CHI,Mike Mularkey,mike_mularkey,terry_robiskie
2016,WAS,12,2016_12_WAS_DAL,Jay Gruden,jay_gruden,sean_mcvay
2016,ARI,13,2016_13_WAS_ARI,Bruce Arians,bruce_arians,bruce_arians
2016,ATL,13,2016_13_KC_ATL,Dan Quinn,dan_quinn,kyle_shanahan
2016,BAL,13,2016_13_MIA_BAL,John Harbaugh,john_harbaugh,marty_mornhinweg
2016,BUF,13,2016_13_BUF_OAK,Rex Ryan,rex_ryan,anthony_lynn
2016,CAR,13,2016_13_CAR_SEA,Ron Rivera,ron_rivera,mike_shula
2016,CHI,13,2016_13_SF_CHI,John Fox,john_fox,
2016,CIN,13,2016_13_PHI_CIN,Marvin Lewis,marvin_lewis,
2016,DAL,13,2016_13_DAL_MIN,Jason Garrett,jason_garrett,scott_linehan
2016,DEN,13,2016_13_DEN_JAX,Gary Kubiak,gary_kubiak,
2016,DET,13,2016_13_DET_NO,Jim Caldwell,jim_caldwell,jim_bob_cooter
2016,GB,13,2016_13_HOU_GB,Mike McCarthy,mike_mccarthy,mike_mccarthy
2016,HOU,13,2016_13_HOU_GB,Bill O'Brien,bill_obrien,bill_obrien
2016,IND,13,2016_13_IND_NYJ,Chuck Pagano,chuck_pagano,rob_chudzinski
2016,JAX,13,2016_13_DEN_JAX,Gus Bradley,gus_bradley,nathaniel_hackett
2016,KC,13,2016_13_KC_ATL,Andy Reid,andy_reid,andy_reid
2016,LA,13,2016_13_LA_NE,Jeff Fisher,jeff_fisher,rob_boras
2016,LAC,13,2016_13_TB_SD,Mike McCoy,mike_mccoy,
2016,LV,13,2016_13_BUF_OAK,Jack Del Rio,jack_del_rio,bill_musgrave
2016,MIA,13,2016_13_MIA_BAL,Adam Gase,adam_gase,adam_gase
2016,MIN,13,2016_13_DAL_MIN,Mike Zimmer,mike_zimmer,pat_shurmur
2016,NE,13,2016_13_LA_NE,Bill Belichick,bill_belichick,josh_mcdaniels
2016,NO,13,2016_13_DET_NO,Sean Payton,sean_payton,
2016,NYG,13,2016_13_NYG_PIT,Ben McAdoo,ben_mcadoo,ben_mcadoo
2016,NYJ,13,2016_13_IND_NYJ,Todd Bowles,todd_bowles,chan_gailey
2016,PHI,13,2016_13_PHI_CIN,Doug Pederson,doug_pederson,doug_pederson
2016,PIT,13,2016_13_NYG_PIT,Mike Tomlin,mike_tomlin,todd_haley
2016,SEA,13,2016_13_CAR_SEA,Pete Carroll,pete_carroll,darrell_bevell
2016,SF,13,2016_13_SF_CHI,Chip Kelly,chip_kelly,chip_kelly
2016,TB,13,2016_13_TB_SD,Dirk Koetter,dirk_koetter,dirk_koetter
2016,WAS,13,2016_13_WAS_ARI,Jay Gruden,jay_gruden,sean_mcvay
2016,ARI,14,2016_14_ARI_MIA,Bruce Arians,bruce_arians,bruce_arians
2016,ATL,14,2016_14_ATL_LA,Dan Quinn,dan_quinn,kyle_shanahan
2016,BAL,14,2016_14_BAL_NE,John Harbaugh,john_harbaugh,marty_mornhinweg
2016,BUF,14,2016_14_PIT_BUF,Rex Ryan,rex_ryan,anthony_lynn
2016,CAR,14,2016_14_SD_CAR,Ron Rivera,ron_rivera,mike_shula
2016,CHI,14,2016_14_CHI_DET,John Fox,john_fox,
2016,CIN,14,2016_14_CIN_CLE,Marvin Lewis,marvin_lewis,
2016,CLE,14,2016_14_CIN_CLE,Hue Jackson,hue_jackson,hue_jackson
2016,DAL,14,2016_14_DAL_NYG,Jason Garrett,jason_garrett,scott_linehan
2016,DEN,14,2016_14_DEN_TEN,Gary Kubiak,gary_kubiak,
2016,DET,14,2016_14_CHI_DET,Jim Caldwell,jim_caldwell,jim_bob_cooter
2016,GB,14,2016_14_SEA_GB,Mike McCarthy,mike_mccarthy,mike_mccarthy
2016,HOU,14,2016_14_HOU_IND,Bill O'Brien,bill_obrien,bill_obrien
2016,IND,14,2016_14_HOU_IND,Chuck Pagano,chuck_pagano,rob_chudzinski
2016,JAX,14,2016_14_MIN_JAX,Gus Bradley,gus_bradley,nathaniel_hackett
2016,KC,14,2016_14_OAK_KC,Andy Reid,andy_reid,andy_reid
2016,LA,14,2016_14_ATL_LA,Jeff Fisher,jeff_fisher,rob_boras
2016,LAC,14,2016_14_SD_CAR,Mike McCoy,mike_mccoy,
2016,LV,14,2016_14_OAK_KC,Jack Del Rio,jack_del_rio,bill_musgrave
2016,MIA,14,2016_14_ARI_MIA,Adam Gase,adam_gase,adam_gase
2016,MIN,14,2016_14_MIN_JAX,Mike Zimmer,mike_zimmer,pat_shurmur
2016,NE,14,2016_14_BAL_NE,Bill Belichick,bill_belichick,josh_mcdaniels
2016,NO,14,2016_14_NO_TB,Sean Payton,sean_payton,
2016,NYG,14,2016_14_DAL_NYG,Ben McAdoo,ben_mcadoo,ben_mcadoo
2016,NYJ,14,2016_14_NYJ_SF,Todd Bowles,todd_bowles,chan_gailey
2016,PHI,14,2016_14_WAS_PHI,Doug Pederson,doug_pederson,doug_pederson
2016,PIT,14,2016_14_PIT_BUF,Mike Tomlin,mike_tomlin,todd_haley
2016,SEA,14,2016_14_SEA_GB,Pete Carroll,pete_carroll,darrell_bevell
2016,SF,14,2016_14_NYJ_SF,Chip Kelly,chip_kelly,chip_kelly
2016,TB,14,2016_14_NO_TB,Dirk Koetter,dirk_koetter,dirk_koetter
2016,TEN,14,2016_14_DEN_TEN,Mike Mularkey,mike_mularkey,terry_robiskie
2016,WAS,14,2016_14_WAS_PHI,Jay Gruden,jay_gruden,sean_mcvay
2016,ARI,15,2016_15_NO_ARI,Bruce Arians,bruce_arians,bruce_arians
2016,ATL,15,2016_15_SF_ATL,Dan Quinn,dan_quinn,kyle_shanahan
2016,BAL,15,2016_15_PHI_BAL,John Harbaugh,john_harbaugh,marty_mornhinweg
2016,BUF,15,2016_15_CLE_BUF,Rex Ryan,rex_ryan,anthony_lynn
2016,CAR,15,2016_15_CAR_WAS,Ron Rivera,ron_rivera,mike_shula
2016,CHI,15,2016_15_GB_CHI,John Fox,john_fox,
2016,CIN,15,2016_15_PIT_CIN,Marvin Lewis,marvin_lewis,
2016,CLE,15,2016_15_CLE_BUF,Hue Jackson,hue_jackson,hue_jackson
2016,DAL,15,2016_15_TB_DAL,Jason Garrett,jason_garrett,scott_linehan
2016,DEN,15,2016_15_NE_DEN,Gary Kubiak,gary_kubiak,
2016,DET,15,2016_15_DET_NYG,Jim Caldwell,jim_caldwell,jim_bob_cooter
2016,GB,15,2016_15_GB_CHI,Mike McCarthy,mike_mccarthy,mike_mccarthy
2016,HOU,15,2016_15_JAX_HOU,Bill O'Brien,bill_obrien,bill_obrien
2016,IND,15,2016_15_IND_MIN,Chuck Pagano,chuck_pagano,rob_chudzinski
2016,JAX,15,2016_15_JAX_HOU,Gus Bradley,gus_bradley,nathaniel_hackett
2016,KC,15,2016_15_TEN_KC,Andy Reid,andy_reid,andy_reid
2016,LA,15,2016_15_LA_SEA,Jeff Fisher,jeff_fisher,rob_boras
2016,LAC,15,2016_15_OAK_SD,Mike McCoy,mike_mccoy,
2016,LV,15,2016_15_OAK_SD,Jack Del Rio,jack_del_rio,bill_musgrave
2016,MIA,15,2016_15_MIA_NYJ,Adam Gase,adam_gase,adam_gase
2016,MIN,15,2016_15_IND_MIN,Mike Zimmer,mike_zimmer,pat_shurmur
2016,NE,15,2016_15_NE_DEN,Bill Belichick,bill_belichick,josh_mcdaniels
2016,NO,15,2016_15_NO_ARI,Sean Payton,sean_payton,
2016,NYG,15,2016_15_DET_NYG,Ben McAdoo,ben_mcadoo,ben_mcadoo
2016,NYJ,15,2016_15_MIA_NYJ,Todd Bowles,todd_bowles,chan_gailey
2016,PHI,15,2016_15_PHI_BAL,Doug Pederson,doug_pederson,doug_pederson
2016,PIT,15,2016_15_PIT_CIN,Mike Tomlin,mike_tomlin,todd_haley
2016,SEA,15,2016_15_LA_SEA,Pete Carroll,pete_carroll,darrell_bevell
2016,SF,15,2016_15_SF_ATL,Chip Kelly,chip_kelly,chip_kelly
2016,TB,15,2016_15_TB_DAL,Dirk Koetter,dirk_koetter,dirk_koetter
2016,TEN,15,2016_15_TEN_KC,Mike Mularkey,mike_mularkey,terry_robiskie
2016,WAS,15,2016_15_CAR_WAS,Jay Gruden,jay_gruden,sean_mcvay
2016,ARI,16,2016_16_ARI_SEA,Bruce Arians,bruce_arians,bruce_arians
2016,ATL,16,2016_16_ATL_CAR,Dan Quinn,dan_quinn,kyle_shanahan
2016,BAL,16,2016_16_BAL_PIT,John Harbaugh,john_harbaugh,marty_mornhinweg
2016,BUF,16,2016_16_MIA_BUF,Rex Ryan,rex_ryan,anthony_lynn
2016,CAR,16,2016_16_ATL_CAR,Ron Rivera,ron_rivera,mike_shula
2016,CHI,16,2016_16_WAS_CHI,John Fox,john_fox,
2016,CIN,16,2016_16_CIN_HOU,Marvin Lewis,marvin_lewis,
2016,CLE,16,2016_16_SD_CLE,Hue Jackson,hue_jackson,hue_jackson
2016,DAL,16,2016_16_DET_DAL,Jason Garrett,jason_garrett,scott_linehan
2016,DEN,16,2016_16_DEN_KC,Gary Kubiak,gary_kubiak,
2016,DET,16,2016_16_DET_DAL,Jim Caldwell,jim_caldwell,jim_bob_cooter
2016,GB,16,2016_16_MIN_GB,Mike McCarthy,mike_mccarthy,mike_mccarthy
2016,HOU,16,2016_16_CIN_HOU,Bill O'Brien,bill_obrien,bill_obrien
2016,IND,16,2016_16_IND_OAK,Chuck Pagano,chuck_pagano,rob_chudzinski
2016,JAX,16,2016_16_TEN_JAX,Doug Marrone,doug_marrone,nathaniel_hackett
2016,KC,16,2016_16_DEN_KC,Andy Reid,andy_reid,andy_reid
2016,LA,16,2016_16_SF_LA,Jeff Fisher,jeff_fisher,rob_boras
2016,LAC,16,2016_16_SD_CLE,Mike McCoy,mike_mccoy,
2016,LV,16,2016_16_IND_OAK,Jack Del Rio,jack_del_rio,bill_musgrave
2016,MIA,16,2016_16_MIA_BUF,Adam Gase,adam_gase,adam_gase
2016,MIN,16,2016_16_MIN_GB,Mike Zimmer,mike_zimmer,pat_shurmur
2016,NE,16,2016_16_NYJ_NE,Bill Belichick,bill_belichick,josh_mcdaniels
2016,NO,16,2016_16_TB_NO,Sean Payton,sean_payton,
2016,NYG,16,2016_16_NYG_PHI,Ben McAdoo,ben_mcadoo,ben_mcadoo
2016,NYJ,16,2016_16_NYJ_NE,Todd Bowles,todd_bowles,chan_gailey
2016,PHI,16,2016_16_NYG_PHI,Doug Pederson,doug_pederson,doug_pederson
2016,PIT,16,2016_16_BAL_PIT,Mike Tomlin,mike_tomlin,todd_haley
2016,SEA,16,2016_16_ARI_SEA,Pete Carroll,pete_carroll,darrell_bevell
2016,SF,16,2016_16_SF_LA,Chip Kelly,chip_kelly,chip_kelly
2016,TB,16,2016_16_TB_NO,Dirk Koetter,dirk_koetter,dirk_koetter
2016,TEN,16,2016_16_TEN_JAX,Mike Mularkey,mike_mularkey,terry_robiskie
2016,WAS,16,2016_16_WAS_CHI,Jay Gruden,jay_gruden,sean_mcvay
2016,ARI,17,2016_17_ARI_LA,Bruce Arians,bruce_arians,bruce_arians
2016,ATL,17,2016_17_NO_ATL,Dan Quinn,dan_quinn,kyle_shanahan
2016,BAL,17,2016_17_BAL_CIN,John Harbaugh,john_harbaugh,marty_mornhinweg
2016,BUF,17,2016_17_BUF_NYJ,Anthony Lynn,anthony_lynn,anthony_lynn
2016,CAR,17,2016_17_CAR_TB,Ron Rivera,ron_rivera,mike_shula
2016,CHI,17,2016_17_CHI_MIN,John Fox,john_fox,
2016,CIN,17,2016_17_BAL_CIN,Marvin Lewis,marvin_lewis,
2016,CLE,17,2016_17_CLE_PIT,Hue Jackson,hue_jackson,hue_jackson
2016,DAL,17,2016_17_DAL_PHI,Jason Garrett,jason_garrett,scott_linehan
2016,DEN,17,2016_17_OAK_DEN,Gary Kubiak,gary_kubiak,
2016,DET,17,2016_17_GB_DET,Jim Caldwell,jim_caldwell,jim_bob_cooter
2016,GB,17,2016_17_GB_DET,Mike McCarthy,mike_mccarthy,mike_mccarthy
2016,HOU,17,2016_17_HOU_TEN,Bill O'Brien,bill_obrien,bill_obrien
2016,IND,17,2016_17_JAX_IND,Chuck Pagano,chuck_pagano,rob_chudzinski
2016,JAX,17,2016_17_JAX_IND,Doug Marrone,doug_marrone,nathaniel_hackett
2016,KC,17,2016_17_KC_SD,Andy Reid,andy_reid,andy_reid
2016,LA,17,2016_17_ARI_LA,Jeff Fisher,jeff_fisher,rob_boras
2016,LAC,17,2016_17_KC_SD,Mike McCoy,mike_mccoy,
2016,LV,17,2016_17_OAK_DEN,Jack Del Rio,jack_del_rio,bill_musgrave
2016,MIA,17,2016_17_NE_MIA,Adam Gase,adam_gase,adam_gase
2016,MIN,17,2016_17_CHI_MIN,Mike Zimmer,mike_zimmer,pat_shurmur
2016,NE,17,2016_17_NE_MIA,Bill Belichick,bill_belichick,josh_mcdaniels
2016,NO,17,2016_17_NO_ATL,Sean Payton,sean_payton,
2016,NYG,17,2016_17_NYG_WAS,Ben McAdoo,ben_mcadoo,ben_mcadoo
2016,NYJ,17,2016_17_BUF_NYJ,Todd Bowles,todd_bowles,chan_gailey
2016,PHI,17,2016_17_DAL_PHI,Doug Pederson,doug_pederson,doug_pederson
2016,PIT,17,2016_17_CLE_PIT,Mike Tomlin,mike_tomlin,todd_haley
2016,SEA,17,2016_17_SEA_SF,Pete Carroll,pete_carroll,darrell_bevell
2016,SF,17,2016_17_SEA_SF,Chip Kelly,chip_kelly,chip_kelly
2016,TB,17,2016_17_CAR_TB,Dirk Koetter,dirk_koetter,dirk_koetter
2016,TEN,17,2016_17_HOU_TEN,Mike Mularkey,mike_mularkey,terry_robiskie
2016,WAS,17,2016_17_NYG_WAS,Jay Gruden,jay_gruden,sean_mcvay
2017,ARI,1,2017_01_ARI_DET,Bruce Arians,bruce_arians,bruce_arians
2017,ATL,1,2017_01_ATL_CHI,Dan Quinn,dan_quinn,steve_sarkisian
2017,BAL,1,2017_01_BAL_CIN,John Harbaugh,john_harbaugh,marty_mornhinweg
2017,BUF,1,2017_01_NYJ_BUF,Sean McDermott,sean_mcdermott,rick_dennison
2017,CAR,1,2017_01_CAR_SF,Ron Rivera,ron_rivera,mike_shula
2017,CHI,1,2017_01_ATL_CHI,John Fox,john_fox,dowell_loggains
2017,CIN,1,2017_01_BAL_CIN,Marvin Lewis,marvin_lewis,ken_zampese
2017,CLE,1,2017_01_PIT_CLE,Hue Jackson,hue_jackson,hue_jackson
2017,DAL,1,2017_01_NYG_DAL,Jason Garrett,jason_garrett,scott_linehan
2017,DEN,1,2017_01_LAC_DEN,Vance Joseph,vance_joseph,mike_mccoy
2017,DET,1,2017_01_ARI_DET,Jim Caldwell,jim_caldwell,jim_bob_cooter
2017,GB,1,2017_01_SEA_GB,Mike McCarthy,mike_mccarthy,mike_mccarthy
2017,HOU,1,2017_01_JAX_HOU,Bill O'Brien,bill_obrien,bill_obrien
2017,IND,1,2017_01_IND_LA,Chuck Pagano,chuck_pagano,rob_chudzinski
2017,JAX,1,2017_01_JAX_HOU,Doug Marrone,doug_marrone,nathaniel_hackett
2017,KC,1,2017_01_KC_NE,Andy Reid,andy_reid,andy_reid
2017,LA,1,2017_01_IND_LA,Sean McVay,sean_mcvay,sean_mcvay
2017,LAC,1,2017_01_LAC_DEN,Anthony Lynn,anthony_lynn,ken_whisenhunt
2017,LV,1,2017_01_OAK_TEN,Jack Del Rio,jack_del_rio,todd_downing
2017,MIN,1,2017_01_NO_MIN,Mike Zimmer,mike_zimmer,pat_shurmur
2017,NE,1,2017_01_KC_NE,Bill Belichick,bill_belichick,josh_mcdaniels
2017,NO,1,2017_01_NO_MIN,Sean Payton,sean_payton,sean_payton
2017,NYG,1,2017_01_NYG_DAL,Ben McAdoo,ben_mcadoo,ben_mcadoo
2017,NYJ,1,2017_01_NYJ_BUF,Todd Bowles,todd_bowles,john_morton
2017,PHI,1,2017_01_PHI_WAS,Doug Pederson,doug_pederson,doug_pederson
2017,PIT,1,2017_01_PIT_CLE,Mike Tomlin,mike_tomlin,todd_haley
2017,SEA,1,2017_01_SEA_GB,Pete Carroll,pete_carroll,darrell_bevell
2017,SF,1,2017_01_CAR_SF,Kyle Shanahan,kyle_shanahan,kyle_shanahan
2017,TEN,1,2017_01_OAK_TEN,Mike Mularkey,mike_mularkey,terry_robiskie
2017,WAS,1,2017_01_PHI_WAS,Jay Gruden,jay_gruden,jay_gruden
2017,ARI,2,2017_02_ARI_IND,Bruce Arians,bruce_arians,bruce_arians
2017,ATL,2,2017_02_GB_ATL,Dan Quinn,dan_quinn,steve_sarkisian
2017,BAL,2,2017_02_CLE_BAL,John Harbaugh,john_harbaugh,marty_mornhinweg
2017,BUF,2,2017_02_BUF_CAR,Sean McDermott,sean_mcdermott,rick_dennison
2017,CAR,2,2017_02_BUF_CAR,Ron Rivera,ron_rivera,mike_shula
2017,CHI,2,2017_02_CHI_TB,John Fox,john_fox,dowell_loggains
2017,CIN,2,2017_02_HOU_CIN,Marvin Lewis,marvin_lewis,ken_zampese
2017,CLE,2,2017_02_CLE_BAL,Hue Jackson,hue_jackson,hue_jackson
2017,DAL,2,2017_02_DAL_DEN,Jason Garrett,jason_garrett,scott_linehan
2017,DEN,2,2017_02_DAL_DEN,Vance Joseph,vance_joseph,mike_mccoy
2017,DET,2,2017_02_DET_NYG,Jim Caldwell,jim_caldwell,jim_bob_cooter
2017,GB,2,2017_02_GB_ATL,Mike McCarthy,mike_mccarthy,mike_mccarthy
2017,HOU,2,2017_02_HOU_CIN,Bill O'Brien,bill_obrien,bill_obrien
2017,IND,2,2017_02_ARI_IND,Chuck Pagano,chuck_pagano,rob_chudzinski
2017,JAX,2,2017_02_TEN_JAX,Doug Marrone,doug_marrone,nathaniel_hackett
2017,KC,2,2017_02_PHI_KC,Andy Reid,andy_reid,andy_reid
2017,LA,2,2017_02_WAS_LA,Sean McVay,sean_mcvay,sean_mcvay
2017,LAC,2,2017_02_MIA_LAC,Anthony Lynn,anthony_lynn,ken_whisenhunt
2017,LV,2,2017_02_NYJ_OAK,Jack Del Rio,jack_del_rio,todd_downing
2017,MIA,2,2017_02_MIA_LAC,Adam Gase,adam_gase,adam_gase
2017,MIN,2,2017_02_MIN_PIT,Mike Zimmer,mike_zimmer,pat_shurmur
2017,NE,2,2017_02_NE_NO,Bill Belichick,bill_belichick,josh_mcdaniels
2017,NO,2,2017_02_NE_NO,Sean Payton,sean_payton,sean_payton
2017,NYG,2,2017_02_DET_NYG,Ben McAdoo,ben_mcadoo,ben_mcadoo
2017,NYJ,2,2017_02_NYJ_OAK,Todd Bowles,todd_bowles,john_morton
2017,PHI,2,2017_02_PHI_KC,Doug Pederson,doug_pederson,doug_pederson
2017,PIT,2,2017_02_MIN_PIT,Mike Tomlin,mike_tomlin,todd_haley
2017,SEA,2,2017_02_SF_SEA,Pete Carroll,pete_carroll,darrell_bevell
2017,SF,2,2017_02_SF_SEA,Kyle Shanahan,kyle_shanahan,kyle_shanahan
2017,TB,2,2017_02_CHI_TB,Dirk Koetter,dirk_koetter,dirk_koetter
2017,TEN,2,2017_02_TEN_JAX,Mike Mularkey,mike_mularkey,terry_robiskie
2017,WAS,2,2017_02_WAS_LA,Jay Gruden,jay_gruden,jay_gruden
2017,ARI,3,2017_03_DAL_ARI,Bruce Arians,bruce_arians,bruce_arians
2017,ATL,3,2017_03_ATL_DET,Dan Quinn,dan_quinn,steve_sarkisian
2017,BAL,3,2017_03_BAL_JAX,John Harbaugh,john_harbaugh,marty_mornhinweg
2017,BUF,3,2017_03_DEN_BUF,Sean McDermott,sean_mcdermott,rick_dennison
2017,CAR,3,2017_03_NO_CAR,Ron Rivera,ron_rivera,mike_shula
2017,CHI,3,2017_03_PIT_CHI,John Fox,john_fox,dowell_loggains
2017,CIN,3,2017_03_CIN_GB,Marvin Lewis,marvin_lewis,bill_lazor
2017,CLE,3,2017_03_CLE_IND,Hue Jackson,hue_jackson,hue_jackson
2017,DAL,3,2017_03_DAL_ARI,Jason Garrett,jason_garrett,scott_linehan
2017,DEN,3,2017_03_DEN_BUF,Vance Joseph,vance_joseph,mike_mccoy
2017,DET,3,2017_03_ATL_DET,Jim Caldwell,jim_caldwell,jim_bob_cooter
2017,GB,3,2017_03_CIN_GB,Mike McCarthy,mike_mccarthy,mike_mccarthy
2017,HOU,3,2017_03_HOU_NE,Bill O'Brien,bill_obrien,bill_obrien
2017,IND,3,2017_03_CLE_IND,Chuck Pagano,chuck_pagano,rob_chudzinski
2017,JAX,3,2017_03_BAL_JAX,Doug Marrone,doug_marrone,nathaniel_hackett
2017,KC,3,2017_03_KC_LAC,Andy Reid,andy_reid,andy_reid
2017,LA,3,2017_03_LA_SF,Sean McVay,sean_mcvay,sean_mcvay
2017,LAC,3,2017_03_KC_LAC,Anthony Lynn,anthony_lynn,ken_whisenhunt
2017,LV,3,2017_03_OAK_WAS,Jack Del Rio,jack_del_rio,todd_downing
2017,MIA,3,2017_03_MIA_NYJ,Adam Gase,adam_gase,adam_gase
2017,MIN,3,2017_03_TB_MIN,Mike Zimmer,mike_zimmer,pat_shurmur
2017,NE,3,2017_03_HOU_NE,Bill Belichick,bill_belichick,josh_mcdaniels
2017,NO,3,2017_03_NO_CAR,Sean Payton,sean_payton,sean_payton
2017,NYG,3,2017_03_NYG_PHI,Ben McAdoo,ben_mcadoo,ben_mcadoo
2017,NYJ,3,2017_03_MIA_NYJ,Todd Bowles,todd_bowles,john_morton
2017,PHI,3,2017_03_NYG_PHI,Doug Pederson,doug_pederson,doug_pederson
2017,PIT,3,2017_03_PIT_CHI,Mike Tomlin,mike_tomlin,todd_haley
2017,SEA,3,2017_03_SEA_TEN,Pete Carroll,pete_carroll,darrell_bevell
2017,SF,3,2017_03_LA_SF,Kyle Shanahan,kyle_shanahan,kyle_shanahan
2017,TB,3,2017_03_TB_MIN,Dirk Koetter,dirk_koetter,dirk_koetter
2017,TEN,3,2017_03_SEA_TEN,Mike Mularkey,mike_mularkey,terry_robiskie
2017,WAS,3,2017_03_OAK_WAS,Jay Gruden,jay_gruden,jay_gruden
2017,ARI,4,2017_04_SF_ARI,Bruce Arians,bruce_arians,bruce_arians
2017,ATL,4,2017_04_BUF_ATL,Dan Quinn,dan_quinn,steve_sarkisian
2017,BAL,4,2017_04_PIT_BAL,John Harbaugh,john_harbaugh,marty_mornhinweg
2017,BUF,4,2017_04_BUF_ATL,Sean McDermott,sean_mcdermott,rick_dennison
2017,CAR,4,2017_04_CAR_NE,Ron Rivera,ron_rivera,mike_shula
2017,CHI,4,2017_04_CHI_GB,John Fox,john_fox,dowell_loggains
2017,CIN,4,2017_04_CIN_CLE,Marvin Lewis,marvin_lewis,bill_lazor
2017,CLE,4,2017_04_CIN_CLE,Hue Jackson,hue_jackson,hue_jackson
2017,DAL,4,2017_04_LA_DAL,Jason Garrett,jason_garrett,scott_linehan
2017,DEN,4,2017_04_OAK_DEN,Vance Joseph,vance_joseph,mike_mccoy
2017,DET,4,2017_04_DET_MIN,Jim Caldwell,jim_caldwell,jim_bob_cooter
2017,GB,4,2017_04_CHI_GB,Mike McCarthy,mike_mccarthy,mike_mccarthy
2017,HOU,4,2017_04_TEN_HOU,Bill O'Brien,bill_obrien,bill_obrien
2017,IND,4,2017_04_IND_SEA,Chuck Pagano,chuck_pagano,rob_chudzinski
2017,JAX,4,2017_04_JAX_NYJ,Doug Marrone,doug_marrone,nathaniel_hackett
2017,KC,4,2017_04_WAS_KC,Andy Reid,andy_reid,andy_reid
2017,LA,4,2017_04_LA_DAL,Sean McVay,sean_mcvay,sean_mcvay
2017,LAC,4,2017_04_PHI_LAC,Anthony Lynn,anthony_lynn,ken_whisenhunt
2017,LV,4,2017_04_OAK_DEN,Jack Del Rio,jack_del_rio,todd_downing
2017,MIA,4,2017_04_NO_MIA,Adam Gase,adam_gase,adam_gase
2017,MIN,4,2017_04_DET_MIN,Mike Zimmer,mike_zimmer,pat_shurmur
2017,NE,4,2017_04_CAR_NE,Bill Belichick,bill_belichick,josh_mcdaniels
2017,NO,4,2017_04_NO_MIA,Sean Payton,sean_payton,sean_payton
2017,NYG,4,2017_04_NYG_TB,Ben McAdoo,ben_mcadoo,ben_mcadoo
2017,NYJ,4,2017_04_JAX_NYJ,Todd Bowles,todd_bowles,john_morton
2017,PHI,4,2017_04_PHI_LAC,Doug Pederson,doug_pederson,doug_pederson
2017,PIT,4,2017_04_PIT_BAL,Mike Tomlin,mike_tomlin,todd_haley
2017,SEA,4,2017_04_IND_SEA,Pete Carroll,pete_carroll,darrell_bevell
2017,SF,4,2017_04_SF_ARI,Kyle Shanahan,kyle_shanahan,kyle_shanahan
2017,TB,4,2017_04_NYG_TB,Dirk Koetter,dirk_koetter,dirk_koetter
2017,TEN,4,2017_04_TEN_HOU,Mike Mularkey,mike_mularkey,terry_robiskie
2017,WAS,4,2017_04_WAS_KC,Jay Gruden,jay_gruden,jay_gruden
2017,ARI,5,2017_05_ARI_PHI,Bruce Arians,bruce_arians,bruce_arians
2017,BAL,5,2017_05_BAL_OAK,John Harbaugh,john_harbaugh,marty_mornhinweg
2017,BUF,5,2017_05_BUF_CIN,Sean McDermott,sean_mcdermott,rick_dennison
2017,CAR,5,2017_05_CAR_DET,Ron Rivera,ron_rivera,mike_shula
2017,CHI,5,2017_05_MIN_CHI,John Fox,john_fox,dowell_loggains
2017,CIN,5,2017_05_BUF_CIN,Marvin Lewis,marvin_lewis,bill_lazor
2017,CLE,5,2017_05_NYJ_CLE,Hue Jackson,hue_jackson,hue_jackson
2017,DAL,5,2017_05_GB_DAL,Jason Garrett,jason_garrett,scott_linehan
2017,DET,5,2017_05_CAR_DET,Jim Caldwell,jim_caldwell,jim_bob_cooter
2017,GB,5,2017_05_GB_DAL,Mike McCarthy,mike_mccarthy,mike_mccarthy
2017,HOU,5,2017_05_KC_HOU,Bill O'Brien,bill_obrien,bill_obrien
2017,IND,5,2017_05_SF_IND,Chuck Pagano,chuck_pagano,rob_chudzinski
2017,JAX,5,2017_05_JAX_PIT,Doug Marrone,doug_marrone,nathaniel_hackett
2017,KC,5,2017_05_KC_HOU,Andy Reid,andy_reid,andy_reid
2017,LA,5,2017_05_SEA_LA,Sean McVay,sean_mcvay,sean_mcvay
2017,LAC,5,2017_05_LAC_NYG,Anthony Lynn,anthony_lynn,ken_whisenhunt
2017,LV,5,2017_05_BAL_OAK,Jack Del Rio,jack_del_rio,todd_downing
2017,MIA,5,2017_05_TEN_MIA,Adam Gase,adam_gase,adam_gase
2017,MIN,5,2017_05_MIN_CHI,Mike Zimmer,mike_zimmer,pat_shurmur
2017,NE,5,2017_05_NE_TB,Bill Belichick,bill_belichick,josh_mcdaniels
2017,NYG,5,2017_05_LAC_NYG,Ben McAdoo,ben_mcadoo,ben_mcadoo
2017,NYJ,5,2017_05_NYJ_CLE,Todd Bowles,todd_bowles,john_morton
2017,PHI,5,2017_05_ARI_PHI,Doug Pederson,doug_pederson,doug_pederson
2017,PIT,5,2017_05_JAX_PIT,Mike Tomlin,mike_tomlin,todd_haley
2017,SEA,5,2017_05_SEA_LA,Pete Carroll,pete_carroll,darrell_bevell
2017,SF,5,2017_05_SF_IND,Kyle Shanahan,kyle_shanahan,kyle_shanahan
2017,TB,5,2017_05_NE_TB,Dirk Koetter,dirk_koetter,dirk_koetter
2017,TEN,5,2017_05_TEN_MIA,Mike Mularkey,mike_mularkey,terry_robiskie
2017,ARI,6,2017_06_TB_ARI,Bruce Arians,bruce_arians,bruce_arians
2017,ATL,6,2017_06_MIA_ATL,Dan Quinn,dan_quinn,steve_sarkisian
2017,BAL,6,2017_06_CHI_BAL,John Harbaugh,john_harbaugh,marty_mornhinweg
2017,CAR,6,2017_06_PHI_CAR,Ron Rivera,ron_rivera,mike_shula
2017,CHI,6,2017_06_CHI_BAL,John Fox,john_fox,dowell_loggains
2017,CLE,6,2017_06_CLE_HOU,Hue Jackson,hue_jackson,hue_jackson
2017,DEN,6,2017_06_NYG_DEN,Vance Joseph,vance_joseph,mike_mccoy
2017,DET,6,2017_06_DET_NO,Jim Caldwell,jim_caldwell,jim_bob_cooter
2017,GB,6,2017_06_GB_MIN,Mike McCarthy,mike_mccarthy,mike_mccarthy
2017,HOU,6,2017_06_CLE_HOU,Bill O'Brien,bill_obrien,bill_obrien
2017,IND,6,2017_06_IND_TEN,Chuck Pagano,chuck_pagano,rob_chudzinski
2017,JAX,6,2017_06_LA_JAX,Doug Marrone,doug_marrone,nathaniel_hackett
2017,KC,6,2017_06_PIT_KC,Andy Reid,andy_reid,andy_reid
2017,LA,6,2017_06_LA_JAX,Sean McVay,sean_mcvay,sean_mcvay
2017,LAC,6,2017_06_LAC_OAK,Anthony Lynn,anthony_lynn,ken_whisenhunt
2017,LV,6,2017_06_LAC_OAK,Jack Del Rio,jack_del_rio,todd_downing
2017,MIA,6,2017_06_MIA_ATL,Adam Gase,adam_gase,adam_gase
2017,MIN,6,2017_06_GB_MIN,Mike Zimmer,mike_zimmer,pat_shurmur
2017,NE,6,2017_06_NE_NYJ,Bill Belichick,bill_belichick,josh_mcdaniels
2017,NO,6,2017_06_DET_NO,Sean Payton,sean_payton,sean_payton
2017,NYG,6,2017_06_NYG_DEN,Ben McAdoo,ben_mcadoo,mike_sullivan
2017,NYJ,6,2017_06_NE_NYJ,Todd Bowles,todd_bowles,john_morton
2017,PHI,6,2017_06_PHI_CAR,Doug Pederson,doug_pederson,doug_pederson
2017,PIT,6,2017_06_PIT_KC,Mike Tomlin,mike_tomlin,todd_haley
2017,SF,6,2017_06_SF_WAS,Kyle Shanahan,kyle_shanahan,kyle_shanahan
2017,TB,6,2017_06_TB_ARI,Dirk Koetter,dirk_koetter,dirk_koetter
2017,TEN,6,2017_06_IND_TEN,Mike Mularkey,mike_mularkey,terry_robiskie
2017,WAS,6,2017_06_SF_WAS,Jay Gruden,jay_gruden,jay_gruden
2017,ARI,7,2017_07_ARI_LA,Bruce Arians,bruce_arians,bruce_arians
2017,ATL,7,2017_07_ATL_NE,Dan Quinn,dan_quinn,steve_sarkisian
2017,BAL,7,2017_07_BAL_MIN,John Harbaugh,john_harbaugh,marty_mornhinweg
2017,BUF,7,2017_07_TB_BUF,Sean McDermott,sean_mcdermott,rick_dennison
2017,CAR,7,2017_07_CAR_CHI,Ron Rivera,ron_rivera,mike_shula
2017,CHI,7,2017_07_CAR_CHI,John Fox,john_fox,dowell_loggains
2017,CIN,7,2017_07_CIN_PIT,Marvin Lewis,marvin_lewis,bill_lazor
2017,CLE,7,2017_07_TEN_CLE,Hue Jackson,hue_jackson,hue_jackson
2017,DAL,7,2017_07_DAL_SF,Jason Garrett,jason_garrett,scott_linehan
2017,DEN,7,2017_07_DEN_LAC,Vance Joseph,vance_joseph,mike_mccoy
2017,GB,7,2017_07_NO_GB,Mike McCarthy,mike_mccarthy,mike_mccarthy
2017,IND,7,2017_07_JAX_IND,Chuck Pagano,chuck_pagano,rob_chudzinski
2017,JAX,7,2017_07_JAX_IND,Doug Marrone,doug_marrone,nathaniel_hackett
2017,KC,7,2017_07_KC_OAK,Andy Reid,andy_reid,andy_reid
2017,LA,7,2017_07_ARI_LA,Sean McVay,sean_mcvay,sean_mcvay
2017,LAC,7,2017_07_DEN_LAC,Anthony Lynn,anthony_lynn,ken_whisenhunt
2017,LV,7,2017_07_KC_OAK,Jack Del Rio,jack_del_rio,todd_downing
2017,MIA,7,2017_07_NYJ_MIA,Adam Gase,adam_gase,adam_gase
2017,MIN,7,2017_07_BAL_MIN,Mike Zimmer,mike_zimmer,pat_shurmur
2017,NE,7,2017_07_ATL_NE,Bill Belichick,bill_belichick,josh_mcdaniels
2017,NO,7,2017_07_NO_GB,Sean Payton,sean_payton,sean_payton
2017,NYG,7,2017_07_SEA_NYG,Ben McAdoo,ben_mcadoo,mike_sullivan
2017,NYJ,7,2017_07_NYJ_MIA,Todd Bowles,todd_bowles,john_morton
2017,PHI,7,2017_07_WAS_PHI,Doug Pederson,doug_pederson,doug_pederson
2017,PIT,7,2017_07_CIN_PIT,Mike Tomlin,mike_tomlin,todd_haley
2017,SEA,7,2017_07_SEA_NYG,Pete Carroll,pete_carroll,darrell_bevell
2017,SF,7,2017_07_DAL_SF,Kyle Shanahan,kyle_shanahan,kyle_shanahan
2017,TB,7,2017_07_TB_BUF,Dirk Koetter,dirk_koetter,dirk_koetter
2017,TEN,7,2017_07_TEN_CLE,Mike Mularkey,mike_mularkey,terry_robiskie
2017,WAS,7,2017_07_WAS_PHI,Jay Gruden,jay_gruden,jay_gruden
2017,ATL,8,2017_08_ATL_NYJ,Dan Quinn,dan_quinn,steve_sarkisian
2017,BAL,8,2017_08_MIA_BAL,John Harbaugh,john_harbaugh,marty_mornhinweg
2017,BUF,8,2017_08_OAK_BUF,Sean McDermott,sean_mcdermott,rick_dennison
2017,CAR,8,2017_08_CAR_TB,Ron Rivera,ron_rivera,mike_shula
2017,CHI,8,2017_08_CHI_NO,John Fox,john_fox,dowell_loggains
2017,CIN,8,2017_08_IND_CIN,Marvin Lewis,marvin_lewis,bill_lazor
2017,CLE,8,2017_08_MIN_CLE,Hue Jackson,hue_jackson,hue_jackson
2017,DAL,8,2017_08_DAL_WAS,Jason Garrett,jason_garrett,scott_linehan
2017,DEN,8,2017_08_DEN_KC,Vance Joseph,vance_joseph,mike_mccoy
2017,DET,8,2017_08_PIT_DET,Jim Caldwell,jim_caldwell,jim_bob_cooter
2017,HOU,8,2017_08_HOU_SEA,Bill O'Brien,bill_obrien,bill_obrien
2017,IND,8,2017_08_IND_CIN,Chuck Pagano,chuck_pagano,rob_chudzinski
2017,KC,8,2017_08_DEN_KC,Andy Reid,andy_reid,andy_reid
2017,LAC,8,2017_08_LAC_NE,Anthony Lynn,anthony_lynn,ken_whisenhunt
2017,LV,8,2017_08_OAK_BUF,Jack Del Rio,jack_del_rio,todd_downing
2017,MIA,8,2017_08_MIA_BAL,Adam Gase,adam_gase,adam_gase
2017,MIN,8,2017_08_MIN_CLE,Mike Zimmer,mike_zimmer,pat_shurmur
2017,NE,8,2017_08_LAC_NE,Bill Belichick,bill_belichick,josh_mcdaniels
2017,NO,8,2017_08_CHI_NO,Sean Payton,sean_payton,sean_payton
2017,NYJ,8,2017_08_ATL_NYJ,Todd Bowles,todd_bowles,john_morton
2017,PHI,8,2017_08_SF_PHI,Doug Pederson,doug_pederson,doug_pederson
2017,PIT,8,2017_08_PIT_DET,Mike Tomlin,mike_tomlin,todd_haley
2017,SEA,8,2017_08_HOU_SEA,Pete Carroll,pete_carroll,darrell_bevell
2017,SF,8,2017_08_SF_PHI,Kyle Shanahan,kyle_shanahan,kyle_shanahan
2017,TB,8,2017_08_CAR_TB,Dirk Koetter,dirk_koetter,dirk_koetter
2017,WAS,8,2017_08_DAL_WAS,Jay Gruden,jay_gruden,jay_gruden
2017,ARI,9,2017_09_ARI_SF,Bruce Arians,bruce_arians,bruce_arians
2017,ATL,9,2017_09_ATL_CAR,Dan Quinn,dan_quinn,steve_sarkisian
2017,BAL,9,2017_09_BAL_TEN,John Harbaugh,john_harbaugh,marty_mornhinweg
2017,BUF,9,2017_09_BUF_NYJ,Sean McDermott,sean_mcdermott,rick_dennison
2017,CAR,9,2017_09_ATL_CAR,Ron Rivera,ron_rivera,mike_shula
2017,CIN,9,2017_09_CIN_JAX,Marvin Lewis,marvin_lewis,bill_lazor
2017,DAL,9,2017_09_KC_DAL,Jason Garrett,jason_garrett,scott_linehan
2017,DEN,9,2017_09_DEN_PHI,Vance Joseph,vance_joseph,mike_mccoy
2017,DET,9,2017_09_DET_GB,Jim Caldwell,jim_caldwell,jim_bob_cooter
2017,GB,9,2017_09_DET_GB,Mike McCarthy,mike_mccarthy,mike_mccarthy
2017,HOU,9,2017_09_IND_HOU,Bill O'Brien,bill_obrien,bill_obrien
2017,IND,9,2017_09_IND_HOU,Chuck Pagano,chuck_pagano,rob_chudzinski
2017,JAX,9,2017_09_CIN_JAX,Doug Marrone,doug_marrone,nathaniel_hackett
2017,KC,9,2017_09_KC_DAL,Andy Reid,andy_reid,andy_reid
2017,LA,9,2017_09_LA_NYG,Sean McVay,sean_mcvay,sean_mcvay
2017,LV,9,2017_09_OAK_MIA,Jack Del Rio,jack_del_rio,todd_downing
2017,MIA,9,2017_09_OAK_MIA,Adam Gase,adam_gase,adam_gase
2017,NO,9,2017_09_TB_NO,Sean Payton,sean_payton,sean_payton
2017,NYG,9,2017_09_LA_NYG,Ben McAdoo,ben_mcadoo,mike_sullivan
2017,NYJ,9,2017_09_BUF_NYJ,Todd Bowles,todd_bowles,john_morton
2017,PHI,9,2017_09_DEN_PHI,Doug Pederson,doug_pederson,doug_pederson
2017,SEA,9,2017_09_WAS_SEA,Pete Carroll,pete_carroll,darrell_bevell
2017,SF,9,2017_09_ARI_SF,Kyle Shanahan,kyle_shanahan,kyle_shanahan
2017,TB,9,2017_09_TB_NO,Dirk Koetter,dirk_koetter,dirk_koetter
2017,TEN,9,2017_09_BAL_TEN,Mike Mularkey,mike_mularkey,terry_robiskie
2017,WAS,9,2017_09_WAS_SEA,Jay Gruden,jay_gruden,jay_gruden
2017,ARI,10,2017_10_SEA_ARI,Bruce Arians,bruce_arians,bruce_arians
2017,ATL,10,2017_10_DAL_ATL,Dan Quinn,dan_quinn,steve_sarkisian
2017,BUF,10,2017_10_NO_BUF,Sean McDermott,sean_mcdermott,rick_dennison
2017,CAR,10,2017_10_MIA_CAR,Ron Rivera,ron_rivera,mike_shula
2017,CHI,10,2017_10_GB_CHI,John Fox,john_fox,dowell_loggains
2017,CIN,10,2017_10_CIN_TEN,Marvin Lewis,marvin_lewis,bill_lazor
2017,CLE,10,2017_10_CLE_DET,Hue Jackson,hue_jackson,hue_jackson
2017,DAL,10,2017_10_DAL_ATL,Jason Garrett,jason_garrett,scott_linehan
2017,DEN,10,2017_10_NE_DEN,Vance Joseph,vance_joseph,mike_mccoy
2017,DET,10,2017_10_CLE_DET,Jim Caldwell,jim_caldwell,jim_bob_cooter
2017,GB,10,2017_10_GB_CHI,Mike McCarthy,mike_mccarthy,mike_mccarthy
2017,HOU,10,2017_10_HOU_LA,Bill O'Brien,bill_obrien,bill_obrien
2017,IND,10,2017_10_PIT_IND,Chuck Pagano,chuck_pagano,rob_chudzinski
2017,JAX,10,2017_10_LAC_JAX,Doug Marrone,doug_marrone,nathaniel_hackett
2017,LA,10,2017_10_HOU_LA,Sean McVay,sean_mcvay,sean_mcvay
2017,LAC,10,2017_10_LAC_JAX,Anthony Lynn,anthony_lynn,ken_whisenhunt
2017,MIA,10,2017_10_MIA_CAR,Adam Gase,adam_gase,adam_gase
2017,MIN,10,2017_10_MIN_WAS,Mike Zimmer,mike_zimmer,pat_shurmur
2017,NE,10,2017_10_NE_DEN,Bill Belichick,bill_belichick,josh_mcdaniels
2017,NO,10,2017_10_NO_BUF,Sean Payton,sean_payton,sean_payton
2017,NYG,10,2017_10_NYG_SF,Ben McAdoo,ben_mcadoo,mike_sullivan
2017,NYJ,10,2017_10_NYJ_TB,Todd Bowles,todd_bowles,john_morton
2017,PIT,10,2017_10_PIT_IND,Mike Tomlin,mike_tomlin,todd_haley
2017,SEA,10,2017_10_SEA_ARI,Pete Carroll,pete_carroll,darrell_bevell
2017,SF,10,2017_10_NYG_SF,Kyle Shanahan,kyle_shanahan,kyle_shanahan
2017,TB,10,2017_10_NYJ_TB,Dirk Koetter,dirk_koetter,dirk_koetter
2017,TEN,10,2017_10_CIN_TEN,Mike Mularkey,mike_mularkey,terry_robiskie
2017,WAS,10,2017_10_MIN_WAS,Jay Gruden,jay_gruden,jay_gruden
2017,ARI,11,2017_11_ARI_HOU,Bruce Arians,bruce_arians,bruce_arians
2017,ATL,11,2017_11_ATL_SEA,Dan Quinn,dan_quinn,steve_sarkisian
2017,BAL,11,2017_11_BAL_GB,John Harbaugh,john_harbaugh,marty_mornhinweg
2017,BUF,11,2017_11_BUF_LAC,Sean McDermott,sean_mcdermott,rick_dennison
2017,CHI,11,2017_11_DET_CHI,John Fox,john_fox,dowell_loggains
2017,CIN,11,2017_11_CIN_DEN,Marvin Lewis,marvin_lewis,bill_lazor
2017,CLE,11,2017_11_JAX_CLE,Hue Jackson,hue_jackson,hue_jackson
2017,DAL,11,2017_11_PHI_DAL,Jason Garrett,jason_garrett,scott_linehan
2017,DEN,11,2017_11_CIN_DEN,Vance Joseph,vance_joseph,mike_mccoy
2017,DET,11,2017_11_DET_CHI,Jim Caldwell,jim_caldwell,jim_bob_cooter
2017,GB,11,2017_11_BAL_GB,Mike McCarthy,mike_mccarthy,mike_mccarthy
2017,HOU,11,2017_11_ARI_HOU,Bill O'Brien,bill_obrien,bill_obrien
2017,JAX,11,2017_11_JAX_CLE,Doug Marrone,doug_marrone,nathaniel_hackett
2017,KC,11,2017_11_KC_NYG,Andy Reid,andy_reid,andy_reid
2017,LA,11,2017_11_LA_MIN,Sean McVay,sean_mcvay,sean_mcvay
2017,LAC,11,2017_11_BUF_LAC,Anthony Lynn,anthony_lynn,ken_whisenhunt
2017,LV,11,2017_11_NE_OAK,Jack Del Rio,jack_del_rio,todd_downing
2017,MIA,11,2017_11_TB_MIA,Adam Gase,adam_gase,adam_gase
2017,MIN,11,2017_11_LA_MIN,Mike Zimmer,mike_zimmer,pat_shurmur
2017,NE,11,2017_11_NE_OAK,Bill Belichick,bill_belichick,josh_mcdaniels
2017,NO,11,2017_11_WAS_NO,Sean Payton,sean_payton,sean_payton
2017,NYG,11,2017_11_KC_NYG,Ben McAdoo,ben_mcadoo,mike_sullivan
2017,PHI,11,2017_11_PHI_DAL,Doug Pederson,doug_pederson,doug_pederson
2017,PIT,11,2017_11_TEN_PIT,Mike Tomlin,mike_tomlin,todd_haley
2017,SEA,11,2017_11_ATL_SEA,Pete Carroll,pete_carroll,darrell_bevell
2017,TB,11,2017_11_TB_MIA,Dirk Koetter,dirk_koetter,dirk_koetter
2017,TEN,11,2017_11_TEN_PIT,Mike Mularkey,mike_mularkey,terry_robiskie
2017,WAS,11,2017_11_WAS_NO,Jay Gruden,jay_gruden,jay_gruden
2017,ARI,12,2017_12_JAX_ARI,Bruce Arians,bruce_arians,bruce_arians
2017,ATL,12,2017_12_TB_ATL,Dan Quinn,dan_quinn,steve_sarkisian
2017,BAL,12,2017_12_HOU_BAL,John Harbaugh,john_harbaugh,marty_mornhinweg
2017,BUF,12,2017_12_BUF_KC,Sean McDermott,sean_mcdermott,rick_dennison
2017,CAR,12,2017_12_CAR_NYJ,Ron Rivera,ron_rivera,mike_shula
2017,CHI,12,2017_12_CHI_PHI,John Fox,john_fox,dowell_loggains
2017,CIN,12,2017_12_CLE_CIN,Marvin Lewis,marvin_lewis,bill_lazor
2017,CLE,12,2017_12_CLE_CIN,Hue Jackson,hue_jackson,hue_jackson
2017,DAL,12,2017_12_LAC_DAL,Jason Garrett,jason_garrett,scott_linehan
2017,DEN,12,2017_12_DEN_OAK,Vance Joseph,vance_joseph,mike_mccoy
2017,DET,12,2017_12_MIN_DET,Jim Caldwell,jim_caldwell,jim_bob_cooter
2017,GB,12,2017_12_GB_PIT,Mike McCarthy,mike_mccarthy,mike_mccarthy
2017,HOU,12,2017_12_HOU_BAL,Bill O'Brien,bill_obrien,bill_obrien
2017,IND,12,2017_12_TEN_IND,Chuck Pagano,chuck_pagano,rob_chudzinski
2017,JAX,12,2017_12_JAX_ARI,Doug Marrone,doug_marrone,nathaniel_hackett
2017,KC,12,2017_12_BUF_KC,Andy Reid,andy_reid,andy_reid
2017,LA,12,2017_12_NO_LA,Sean McVay,sean_mcvay,sean_mcvay
2017,LAC,12,2017_12_LAC_DAL,Anthony Lynn,anthony_lynn,ken_whisenhunt
2017,LV,12,2017_12_DEN_OAK,Jack Del Rio,jack_del_rio,todd_downing
2017,MIA,12,2017_12_MIA_NE,Adam Gase,adam_gase,adam_gase
2017,MIN,12,2017_12_MIN_DET,Mike Zimmer,mike_zimmer,pat_shurmur
2017,NE,12,2017_12_MIA_NE,Bill Belichick,bill_belichick,josh_mcdaniels
2017,NO,12,2017_12_NO_LA,Sean Payton,sean_payton,sean_payton
2017,NYG,12,2017_12_NYG_WAS,Ben McAdoo,ben_mcadoo,mike_sullivan
2017,NYJ,12,2017_12_CAR_NYJ,Todd Bowles,todd_bowles,john_morton
2017,PHI,12,2017_12_CHI_PHI,Doug Pederson,doug_pederson,doug_pederson
2017,PIT,12,2017_12_GB_PIT,Mike Tomlin,mike_tomlin,todd_haley
2017,SEA,12,2017_12_SEA_SF,Pete Carroll,pete_carroll,darrell_bevell
2017,SF,12,2017_12_SEA_SF,Kyle Shanahan,kyle_shanahan,kyle_shanahan
2017,TB,12,2017_12_TB_ATL,Dirk Koetter,dirk_koetter,dirk_koetter
2017,TEN,12,2017_12_TEN_IND,Mike Mularkey,mike_mularkey,terry_robiskie
2017,WAS,12,2017_12_NYG_WAS,Jay Gruden,jay_gruden,jay_gruden
2017,ARI,13,2017_13_LA_ARI,Bruce Arians,bruce_arians,bruce_arians
2017,ATL,13,2017_13_MIN_ATL,Dan Quinn,dan_quinn,steve_sarkisian
2017,BAL,13,2017_13_DET_BAL,John Harbaugh,john_harbaugh,marty_mornhinweg
2017,BUF,13,2017_13_NE_BUF,Sean McDermott,sean_mcdermott,rick_dennison
2017,CAR,13,2017_13_CAR_NO,Ron Rivera,ron_rivera,mike_shula
2017,CHI,13,2017_13_SF_CHI,John Fox,john_fox,dowell_loggains
2017,CIN,13,2017_13_PIT_CIN,Marvin Lewis,marvin_lewis,bill_lazor
2017,CLE,13,2017_13_CLE_LAC,Hue Jackson,hue_jackson,hue_jackson
2017,DAL,13,2017_13_WAS_DAL,Jason Garrett,jason_garrett,scott_linehan
2017,DEN,13,2017_13_DEN_MIA,Vance Joseph,vance_joseph,mike_mccoy
2017,DET,13,2017_13_DET_BAL,Jim Caldwell,jim_caldwell,jim_bob_cooter
2017,GB,13,2017_13_TB_GB,Mike McCarthy,mike_mccarthy,mike_mccarthy
2017,HOU,13,2017_13_HOU_TEN,Bill O'Brien,bill_obrien,bill_obrien
2017,IND,13,2017_13_IND_JAX,Chuck Pagano,chuck_pagano,rob_chudzinski
2017,JAX,13,2017_13_IND_JAX,Doug Marrone,doug_marrone,nathaniel_hackett
2017,KC,13,2017_13_KC_NYJ,Andy Reid,andy_reid,matt_nagy
2017,LA,13,2017_13_LA_ARI,Sean McVay,sean_mcvay,sean_mcvay
2017,LAC,13,2017_13_CLE_LAC,Anthony Lynn,anthony_lynn,ken_whisenhunt
2017,LV,13,2017_13_NYG_OAK,Jack Del Rio,jack_del_rio,todd_downing
2017,MIA,13,2017_13_DEN_MIA,Adam Gase,adam_gase,adam_gase
2017,MIN,13,2017_13_MIN_ATL,Mike Zimmer,mike_zimmer,pat_shurmur
2017,NE,13,2017_13_NE_BUF,Bill Belichick,bill_belichick,josh_mcdaniels
2017,NO,13,2017_13_CAR_NO,Sean Payton,sean_payton,sean_payton
2017,NYG,13,2017_13_NYG_OAK,Ben McAdoo,ben_mcadoo,mike_sullivan
2017,NYJ,13,2017_13_KC_NYJ,Todd Bowles,todd_bowles,john_morton
2017,PHI,13,2017_13_PHI_SEA,Doug Pederson,doug_pederson,doug_pederson
2017,PIT,13,2017_13_PIT_CIN,Mike Tomlin,mike_tomlin,todd_haley
2017,SEA,13,2017_13_PHI_SEA,Pete Carroll,pete_carroll,darrell_bevell
2017,SF,13,2017_13_SF_CHI,Kyle Shanahan,kyle_shanahan,kyle_shanahan
2017,TB,13,2017_13_TB_GB,Dirk Koetter,dirk_koetter,dirk_koetter
2017,TEN,13,2017_13_HOU_TEN,Mike Mularkey,mike_mularkey,terry_robiskie
2017,WAS,13,2017_13_WAS_DAL,Jay Gruden,jay_gruden,jay_gruden
2017,ARI,14,2017_14_TEN_ARI,Bruce Arians,bruce_arians,bruce_arians
2017,ATL,14,2017_14_NO_ATL,Dan Quinn,dan_quinn,steve_sarkisian
2017,BAL,14,2017_14_BAL_PIT,John Harbaugh,john_harbaugh,marty_mornhinweg
2017,BUF,14,2017_14_IND_BUF,Sean McDermott,sean_mcdermott,rick_dennison
2017,CAR,14,2017_14_MIN_CAR,Ron Rivera,ron_rivera,mike_shula
2017,CHI,14,2017_14_CHI_CIN,John Fox,john_fox,dowell_loggains
2017,CIN,14,2017_14_CHI_CIN,Marvin Lewis,marvin_lewis,bill_lazor
2017,CLE,14,2017_14_GB_CLE,Hue Jackson,hue_jackson,hue_jackson
2017,DAL,14,2017_14_DAL_NYG,Jason Garrett,jason_garrett,scott_linehan
2017,DEN,14,2017_14_NYJ_DEN,Vance Joseph,vance_joseph,mike_mccoy
2017,DET,14,2017_14_DET_TB,Jim Caldwell,jim_caldwell,jim_bob_cooter
2017,GB,14,2017_14_GB_CLE,Mike McCarthy,mike_mccarthy,mike_mccarthy
2017,HOU,14,2017_14_SF_HOU,Bill O'Brien,bill_obrien,bill_obrien
2017,IND,14,2017_14_IND_BUF,Chuck Pagano,chuck_pagano,rob_chudzinski
2017,JAX,14,2017_14_SEA_JAX,Doug Marrone,doug_marrone,nathaniel_hackett
2017,KC,14,2017_14_OAK_KC,Andy Reid,andy_reid,matt_nagy
2017,LA,14,2017_14_PHI_LA,Sean McVay,sean_mcvay,sean_mcvay
2017,LAC,14,2017_14_WAS_LAC,Anthony Lynn,anthony_lynn,ken_whisenhunt
2017,LV,14,2017_14_OAK_KC,Jack Del Rio,jack_del_rio,todd_downing
2017,MIA,14,2017_14_NE_MIA,Adam Gase,adam_gase,adam_gase
2017,MIN,14,2017_14_MIN_CAR,Mike Zimmer,mike_zimmer,pat_shurmur
2017,NE,14,2017_14_NE_MIA,Bill Belichick,bill_belichick,josh_mcdaniels
2017,NO,14,2017_14_NO_ATL,Sean Payton,sean_payton,sean_payton
2017,NYG,14,2017_14_DAL_NYG,Steve Spagnuolo,steve_spagnuolo,mike_sullivan
2017,NYJ,14,2017_14_NYJ_DEN,Todd Bowles,todd_bowles,john_morton
2017,PHI,14,2017_14_PHI_LA,Doug Pederson,doug_pederson,doug_pederson
2017,PIT,14,2017_14_BAL_PIT,Mike Tomlin,mike_tomlin,todd_haley
2017,SEA,14,2017_14_SEA_JAX,Pete Carroll,pete_carroll,darrell_bevell
2017,SF,14,2017_14_SF_HOU,Kyle Shanahan,kyle_shanahan,kyle_shanahan
2017,TB,14,2017_14_DET_TB,Dirk Koetter,dirk_koetter,dirk_koetter
2017,TEN,14,2017_14_TEN_ARI,Mike Mularkey,mike_mularkey,terry_robiskie
2017,WAS,14,2017_14_WAS_LAC,Jay Gruden,jay_gruden,jay_gruden
2017,ARI,15,2017_15_ARI_WAS,Bruce Arians,bruce_arians,bruce_arians
2017,ATL,15,2017_15_ATL_TB,Dan Quinn,dan_quinn,steve_sarkisian
2017,BAL,15,2017_15_BAL_CLE,John Harbaugh,john_harbaugh,marty_mornhinweg
2017,BUF,15,2017_15_MIA_BUF,Sean McDermott,sean_mcdermott,rick_dennison
2017,CAR,15,2017_15_GB_CAR,Ron Rivera,ron_rivera,mike_shula
2017,CHI,15,2017_15_CHI_DET,John Fox,john_fox,dowell_loggains
2017,CIN,15,2017_15_CIN_MIN,Marvin Lewis,marvin_lewis,bill_lazor
2017,CLE,15,2017_15_BAL_CLE,Hue Jackson,hue_jackson,hue_jackson
2017,DAL,15,2017_15_DAL_OAK,Jason Garrett,jason_garrett,scott_linehan
2017,DEN,15,2017_15_DEN_IND,Vance Joseph,vance_joseph,mike_mccoy
2017,DET,15,2017_15_CHI_DET,Jim Caldwell,jim_caldwell,jim_bob_cooter
2017,GB,15,2017_15_GB_CAR,Mike McCarthy,mike_mccarthy,mike_mccarthy
2017,HOU,15,2017_15_HOU_JAX,Bill O'Brien,bill_obrien,bill_obrien
2017,IND,15,2017_15_DEN_IND,Chuck Pagano,chuck_pagano,rob_chudzinski
2017,JAX,15,2017_15_HOU_JAX,Doug Marrone,doug_marrone,nathaniel_hackett
2017,KC,15,2017_15_LAC_KC,Andy Reid,andy_reid,matt_nagy
2017,LA,15,2017_15_LA_SEA,Sean McVay,sean_mcvay,sean_mcvay
2017,LAC,15,2017_15_LAC_KC,Anthony Lynn,anthony_lynn,ken_whisenhunt
2017,LV,15,2017_15_DAL_OAK,Jack Del Rio,jack_del_rio,todd_downing
2017,MIA,15,2017_15_MIA_BUF,Adam Gase,adam_gase,adam_gase
2017,MIN,15,2017_15_CIN_MIN,Mike Zimmer,mike_zimmer,pat_shurmur
2017,NE,15,2017_15_NE_PIT,Bill Belichick,bill_belichick,josh_mcdaniels
2017,NO,15,2017_15_NYJ_NO,Sean Payton,sean_payton,sean_payton
2017,NYG,15,2017_15_PHI_NYG,Steve Spagnuolo,steve_spagnuolo,mike_sullivan
2017,NYJ,15,2017_15_NYJ_NO,Todd Bowles,todd_bowles,john_morton
2017,PHI,15,2017_15_PHI_NYG,Doug Pederson,doug_pederson,doug_pederson
2017,PIT,15,2017_15_NE_PIT,Mike Tomlin,mike_tomlin,todd_haley
2017,SEA,15,2017_15_LA_SEA,Pete Carroll,pete_carroll,darrell_bevell
2017,SF,15,2017_15_TEN_SF,Kyle Shanahan,kyle_shanahan,kyle_shanahan
2017,TB,15,2017_15_ATL_TB,Dirk Koetter,dirk_koetter,dirk_koetter
2017,TEN,15,2017_15_TEN_SF,Mike Mularkey,mike_mularkey,terry_robiskie
2017,WAS,15,2017_15_ARI_WAS,Jay Gruden,jay_gruden,jay_gruden
2017,ARI,16,2017_16_NYG_ARI,Bruce Arians,bruce_arians,bruce_arians
2017,ATL,16,2017_16_ATL_NO,Dan Quinn,dan_quinn,steve_sarkisian
2017,BAL,16,2017_16_IND_BAL,John Harbaugh,john_harbaugh,marty_mornhinweg
2017,BUF,16,2017_16_BUF_NE,Sean McDermott,sean_mcdermott,rick_dennison
2017,CAR,16,2017_16_TB_CAR,Ron Rivera,ron_rivera,mike_shula
2017,CHI,16,2017_16_CLE_CHI,John Fox,john_fox,dowell_loggains
2017,CIN,16,2017_16_DET_CIN,Marvin Lewis,marvin_lewis,bill_lazor
2017,CLE,16,2017_16_CLE_CHI,Hue Jackson,hue_jackson,hue_jackson
2017,DAL,16,2017_16_SEA_DAL,Jason Garrett,jason_garrett,scott_linehan
2017,DEN,16,2017_16_DEN_WAS,Vance Joseph,vance_joseph,mike_mccoy
2017,DET,16,2017_16_DET_CIN,Jim Caldwell,jim_caldwell,jim_bob_cooter
2017,GB,16,2017_16_MIN_GB,Mike McCarthy,mike_mccarthy,mike_mccarthy
2017,HOU,16,2017_16_PIT_HOU,Bill O'Brien,bill_obrien,bill_obrien
2017,IND,16,2017_16_IND_BAL,Chuck Pagano,chuck_pagano,rob_chudzinski
2017,JAX,16,2017_16_JAX_SF,Doug Marrone,doug_marrone,nathaniel_hackett
2017,KC,16,2017_16_MIA_KC,Andy Reid,andy_reid,matt_nagy
2017,LA,16,2017_16_LA_TEN,Sean McVay,sean_mcvay,sean_mcvay
2017,LAC,16,2017_16_LAC_NYJ,Anthony Lynn,anthony_lynn,ken_whisenhunt
2017,LV,16,2017_16_OAK_PHI,Jack Del Rio,jack_del_rio,todd_downing
2017,MIA,16,2017_16_MIA_KC,Adam Gase,adam_gase,adam_gase
2017,MIN,16,2017_16_MIN_GB,Mike Zimmer,mike_zimmer,pat_shurmur
2017,NE,16,2017_16_BUF_NE,Bill Belichick,bill_belichick,josh_mcdaniels
2017,NO,16,2017_16_ATL_NO,Sean Payton,sean_payton,sean_payton
2017,NYG,16,2017_16_NYG_ARI,Steve Spagnuolo,steve_spagnuolo,mike_sullivan
2017,NYJ,16,2017_16_LAC_NYJ,Todd Bowles,todd_bowles,john_morton
2017,PHI,16,2017_16_OAK_PHI,Doug Pederson,doug_pederson,doug_pederson
2017,PIT,16,2017_16_PIT_HOU,Mike Tomlin,mike_tomlin,todd_haley
2017,SEA,16,2017_16_SEA_DAL,Pete Carroll,pete_carroll,darrell_bevell
2017,SF,16,2017_16_JAX_SF,Kyle Shanahan,kyle_shanahan,kyle_shanahan
2017,TB,16,2017_16_TB_CAR,Dirk Koetter,dirk_koetter,dirk_koetter
2017,TEN,16,2017_16_LA_TEN,Mike Mularkey,mike_mularkey,terry_robiskie
2017,WAS,16,2017_16_DEN_WAS,Jay Gruden,jay_gruden,jay_gruden
2017,ARI,17,2017_17_ARI_SEA,Bruce Arians,bruce_arians,bruce_arians
2017,ATL,17,2017_17_CAR_ATL,Dan Quinn,dan_quinn,steve_sarkisian
2017,BAL,17,2017_17_CIN_BAL,John Harbaugh,john_harbaugh,marty_mornhinweg
2017,BUF,17,2017_17_BUF_MIA,Sean McDermott,sean_mcdermott,rick_dennison
2017,CAR,17,2017_17_CAR_ATL,Ron Rivera,ron_rivera,mike_shula
2017,CHI,17,2017_17_CHI_MIN,John Fox,john_fox,dowell_loggains
2017,CIN,17,2017_17_CIN_BAL,Marvin Lewis,marvin_lewis,bill_lazor
2017,CLE,17,2017_17_CLE_PIT,Hue Jackson,hue_jackson,hue_jackson
2017,DAL,17,2017_17_DAL_PHI,Jason Garrett,jason_garrett,scott_linehan
2017,DEN,17,2017_17_KC_DEN,Vance Joseph,vance_joseph,mike_mccoy
2017,DET,17,2017_17_GB_DET,Jim Caldwell,jim_caldwell,jim_bob_cooter
2017,GB,17,2017_17_GB_DET,Mike McCarthy,mike_mccarthy,mike_mccarthy
2017,HOU,17,2017_17_HOU_IND,Bill O'Brien,bill_obrien,bill_obrien
2017,IND,17,2017_17_HOU_IND,Chuck Pagano,chuck_pagano,rob_chudzinski
2017,JAX,17,2017_17_JAX_TEN,Doug Marrone,doug_marrone,nathaniel_hackett
2017,KC,17,2017_17_KC_DEN,Andy Reid,andy_reid,matt_nagy
2017,LA,17,2017_17_SF_LA,Sean McVay,sean_mcvay,sean_mcvay
2017,LAC,17,2017_17_OAK_LAC,Anthony Lynn,anthony_lynn,ken_whisenhunt
2017,LV,17,2017_17_OAK_LAC,Jack Del Rio,jack_del_rio,todd_downing
2017,MIA,17,2017_17_BUF_MIA,Adam Gase,adam_gase,adam_gase
2017,MIN,17,2017_17_CHI_MIN,Mike Zimmer,mike_zimmer,pat_shurmur
2017,NE,17,2017_17_NYJ_NE,Bill Belichick,bill_belichick,josh_mcdaniels
2017,NO,17,2017_17_NO_TB,Sean Payton,sean_payton,sean_payton
2017,NYG,17,2017_17_WAS_NYG,Steve Spagnuolo,steve_spagnuolo,mike_sullivan
2017,NYJ,17,2017_17_NYJ_NE,Todd Bowles,todd_bowles,john_morton
2017,PHI,17,2017_17_DAL_PHI,Doug Pederson,doug_pederson,doug_pederson
2017,PIT,17,2017_17_CLE_PIT,Mike Tomlin,mike_tomlin,todd_haley
2017,SEA,17,2017_17_ARI_SEA,Pete Carroll,pete_carroll,darrell_bevell
2017,SF,17,2017_17_SF_LA,Kyle Shanahan,kyle_shanahan,kyle_shanahan
2017,TB,17,2017_17_NO_TB,Dirk Koetter,dirk_koetter,dirk_koetter
2017,TEN,17,2017_17_JAX_TEN,Mike Mularkey,mike_mularkey,terry_robiskie
2017,WAS,17,2017_17_WAS_NYG,Jay Gruden,jay_gruden,jay_gruden
2018,ARI,1,2018_01_WAS_ARI,Steve Wilks,steve_wilks,mike_mccoy
2018,ATL,1,2018_01_ATL_PHI,Dan Quinn,dan_quinn,steve_sarkisian
2018,BAL,1,2018_01_BUF_BAL,John Harbaugh,john_harbaugh,marty_mornhinweg
2018,BUF,1,2018_01_BUF_BAL,Sean McDermott,sean_mcdermott,brian_daboll
2018,CAR,1,2018_01_DAL_CAR,Ron Rivera,ron_rivera,norv_turner
2018,CHI,1,2018_01_CHI_GB,Matt Nagy,matt_nagy,matt_nagy
2018,CIN,1,2018_01_CIN_IND,Marvin Lewis,marvin_lewis,bill_lazor
2018,CLE,1,2018_01_PIT_CLE,Hue Jackson,hue_jackson,todd_haley
2018,DAL,1,2018_01_DAL_CAR,Jason Garrett,jason_garrett,scott_linehan
2018,DEN,1,2018_01_SEA_DEN,Vance Joseph,vance_joseph,bill_musgrave
2018,DET,1,2018_01_NYJ_DET,Matt Patricia,matt_patricia,jim_bob_cooter
2018,GB,1,2018_01_CHI_GB,Mike McCarthy,mike_mccarthy,mike_mccarthy
2018,HOU,1,2018_01_HOU_NE,Bill O'Brien,bill_obrien,bill_obrien
2018,IND,1,2018_01_CIN_IND,Frank Reich,frank_reich,frank_reich
2018,JAX,1,2018_01_JAX_NYG,Doug Marrone,doug_marrone,nathaniel_hackett
2018,KC,1,2018_01_KC_LAC,Andy Reid,andy_reid,andy_reid
2018,LA,1,2018_01_LA_OAK,Sean McVay,sean_mcvay,sean_mcvay
2018,LAC,1,2018_01_KC_LAC,Anthony Lynn,anthony_lynn,ken_whisenhunt
2018,LV,1,2018_01_LA_OAK,Jon Gruden,jon_gruden,jon_gruden
2018,MIA,1,2018_01_TEN_MIA,Adam Gase,adam_gase,adam_gase
2018,MIN,1,2018_01_SF_MIN,Mike Zimmer,mike_zimmer,john_defilippo
2018,NE,1,2018_01_HOU_NE,Bill Belichick,bill_belichick,josh_mcdaniels
2018,NO,1,2018_01_TB_NO,Sean Payton,sean_payton,sean_payton
2018,NYG,1,2018_01_JAX_NYG,Pat Shurmur,pat_shurmur,pat_shurmur
2018,NYJ,1,2018_01_NYJ_DET,Todd Bowles,todd_bowles,jeremy_bates
2018,PHI,1,2018_01_ATL_PHI,Doug Pederson,doug_pederson,doug_pederson
2018,PIT,1,2018_01_PIT_CLE,Mike Tomlin,mike_tomlin,randy_fichtner
2018,SEA,1,2018_01_SEA_DEN,Pete Carroll,pete_carroll,brian_schottenheimer
2018,SF,1,2018_01_SF_MIN,Kyle Shanahan,kyle_shanahan,kyle_shanahan
2018,TB,1,2018_01_TB_NO,Dirk Koetter,dirk_koetter,dirk_koetter
2018,TEN,1,2018_01_TEN_MIA,Mike Vrabel,mike_vrabel,matt_lafleur
2018,WAS,1,2018_01_WAS_ARI,Jay Gruden,jay_gruden,jay_gruden
2018,ARI,2,2018_02_ARI_LA,Steve Wilks,steve_wilks,mike_mccoy
2018,ATL,2,2018_02_CAR_ATL,Dan Quinn,dan_quinn,steve_sarkisian
2018,BAL,2,2018_02_BAL_CIN,John Harbaugh,john_harbaugh,marty_mornhinweg
2018,BUF,2,2018_02_LAC_BUF,Sean McDermott,sean_mcdermott,brian_daboll
2018,CAR,2,2018_02_CAR_ATL,Ron Rivera,ron_rivera,norv_turner
2018,CHI,2,2018_02_SEA_CHI,Matt Nagy,matt_nagy,matt_nagy
2018,CIN,2,2018_02_BAL_CIN,Marvin Lewis,marvin_lewis,bill_lazor
2018,CLE,2,2018_02_CLE_NO,Hue Jackson,hue_jackson,todd_haley
2018,DAL,2,2018_02_NYG_DAL,Jason Garrett,jason_garrett,scott_linehan
2018,DEN,2,2018_02_OAK_DEN,Vance Joseph,vance_joseph,bill_musgrave
2018,DET,2,2018_02_DET_SF,Matt Patricia,matt_patricia,jim_bob_cooter
2018,GB,2,2018_02_MIN_GB,Mike McCarthy,mike_mccarthy,mike_mccarthy
2018,HOU,2,2018_02_HOU_TEN,Bill O'Brien,bill_obrien,bill_obrien
2018,IND,2,2018_02_IND_WAS,Frank Reich,frank_reich,frank_reich
2018,JAX,2,2018_02_NE_JAX,Doug Marrone,doug_marrone,nathaniel_hackett
2018,KC,2,2018_02_KC_PIT,Andy Reid,andy_reid,andy_reid
2018,LA,2,2018_02_ARI_LA,Sean McVay,sean_mcvay,sean_mcvay
2018,LAC,2,2018_02_LAC_BUF,Anthony Lynn,anthony_lynn,ken_whisenhunt
2018,LV,2,2018_02_OAK_DEN,Jon Gruden,jon_gruden,jon_gruden
2018,MIA,2,2018_02_MIA_NYJ,Adam Gase,adam_gase,adam_gase
2018,MIN,2,2018_02_MIN_GB,Mike Zimmer,mike_zimmer,john_defilippo
2018,NE,2,2018_02_NE_JAX,Bill Belichick,bill_belichick,josh_mcdaniels
2018,NO,2,2018_02_CLE_NO,Sean Payton,sean_payton,sean_payton
2018,NYG,2,2018_02_NYG_DAL,Pat Shurmur,pat_shurmur,pat_shurmur
2018,NYJ,2,2018_02_MIA_NYJ,Todd Bowles,todd_bowles,jeremy_bates
2018,PHI,2,2018_02_PHI_TB,Doug Pederson,doug_pederson,doug_pederson
2018,PIT,2,2018_02_KC_PIT,Mike Tomlin,mike_tomlin,randy_fichtner
2018,SEA,2,2018_02_SEA_CHI,Pete Carroll,pete_carroll,brian_schottenheimer
2018,SF,2,2018_02_DET_SF,Kyle Shanahan,kyle_shanahan,kyle_shanahan
2018,TB,2,2018_02_PHI_TB,Dirk Koetter,dirk_koetter,dirk_koetter
2018,TEN,2,2018_02_HOU_TEN,Mike Vrabel,mike_vrabel,matt_lafleur
2018,WAS,2,2018_02_IND_WAS,Jay Gruden,jay_gruden,jay_gruden
2018,ARI,3,2018_03_CHI_ARI,Steve Wilks,steve_wilks,mike_mccoy
2018,ATL,3,2018_03_NO_ATL,Dan Quinn,dan_quinn,steve_sarkisian
2018,BAL,3,2018_03_DEN_BAL,John Harbaugh,john_harbaugh,marty_mornhinweg
2018,BUF,3,2018_03_BUF_MIN,Sean McDermott,sean_mcdermott,brian_daboll
2018,CAR,3,2018_03_CIN_CAR,Ron Rivera,ron_rivera,norv_turner
2018,CHI,3,2018_03_CHI_ARI,Matt Nagy,matt_nagy,matt_nagy
2018,CIN,3,2018_03_CIN_CAR,Marvin Lewis,marvin_lewis,bill_lazor
2018,CLE,3,2018_03_NYJ_CLE,Hue Jackson,hue_jackson,todd_haley
2018,DAL,3,2018_03_DAL_SEA,Jason Garrett,jason_garrett,scott_linehan
2018,DEN,3,2018_03_DEN_BAL,Vance Joseph,vance_joseph,bill_musgrave
2018,DET,3,2018_03_NE_DET,Matt Patricia,matt_patricia,jim_bob_cooter
2018,GB,3,2018_03_GB_WAS,Mike McCarthy,mike_mccarthy,mike_mccarthy
2018,HOU,3,2018_03_NYG_HOU,Bill O'Brien,bill_obrien,bill_obrien
2018,IND,3,2018_03_IND_PHI,Frank Reich,frank_reich,frank_reich
2018,JAX,3,2018_03_TEN_JAX,Doug Marrone,doug_marrone,nathaniel_hackett
2018,KC,3,2018_03_SF_KC,Andy Reid,andy_reid,andy_reid
2018,LA,3,2018_03_LAC_LA,Sean McVay,sean_mcvay,sean_mcvay
2018,LAC,3,2018_03_LAC_LA,Anthony Lynn,anthony_lynn,ken_whisenhunt
2018,LV,3,2018_03_OAK_MIA,Jon Gruden,jon_gruden,jon_gruden
2018,MIA,3,2018_03_OAK_MIA,Adam Gase,adam_gase,adam_gase
2018,MIN,3,2018_03_BUF_MIN,Mike Zimmer,mike_zimmer,john_defilippo
2018,NE,3,2018_03_NE_DET,Bill Belichick,bill_belichick,josh_mcdaniels
2018,NO,3,2018_03_NO_ATL,Sean Payton,sean_payton,sean_payton
2018,NYG,3,2018_03_NYG_HOU,Pat Shurmur,pat_shurmur,pat_shurmur
2018,NYJ,3,2018_03_NYJ_CLE,Todd Bowles,todd_bowles,jeremy_bates
2018,PHI,3,2018_03_IND_PHI,Doug Pederson,doug_pederson,doug_pederson
2018,PIT,3,2018_03_PIT_TB,Mike Tomlin,mike_tomlin,randy_fichtner
2018,SEA,3,2018_03_DAL_SEA,Pete Carroll,pete_carroll,brian_schottenheimer
2018,SF,3,2018_03_SF_KC,Kyle Shanahan,kyle_shanahan,kyle_shanahan
2018,TB,3,2018_03_PIT_TB,Dirk Koetter,dirk_koetter,dirk_koetter
2018,TEN,3,2018_03_TEN_JAX,Mike Vrabel,mike_vrabel,matt_lafleur
2018,WAS,3,2018_03_GB_WAS,Jay Gruden,jay_gruden,jay_gruden
2018,ARI,4,2018_04_SEA_ARI,Steve Wilks,steve_wilks,mike_mccoy
2018,ATL,4,2018_04_CIN_ATL,Dan Quinn,dan_quinn,steve_sarkisian
2018,BAL,4,2018_04_BAL_PIT,John Harbaugh,john_harbaugh,marty_mornhinweg
2018,BUF,4,2018_04_BUF_GB,Sean McDermott,sean_mcdermott,brian_daboll
2018,CHI,4,2018_04_TB_CHI,Matt Nagy,matt_nagy,matt_nagy
2018,CIN,4,2018_04_CIN_ATL,Marvin Lewis,marvin_lewis,bill_lazor
2018,CLE,4,2018_04_CLE_OAK,Hue Jackson,hue_jackson,todd_haley
2018,DAL,4,2018_04_DET_DAL,Jason Garrett,jason_garrett,scott_linehan
2018,DEN,4,2018_04_KC_DEN,Vance Joseph,vance_joseph,bill_musgrave
2018,DET,4,2018_04_DET_DAL,Matt Patricia,matt_patricia,jim_bob_cooter
2018,GB,4,2018_04_BUF_GB,Mike McCarthy,mike_mccarthy,mike_mccarthy
2018,HOU,4,2018_04_HOU_IND,Bill O'Brien,bill_obrien,bill_obrien
2018,IND,4,2018_04_HOU_IND,Frank Reich,frank_reich,frank_reich
2018,JAX,4,2018_04_NYJ_JAX,Doug Marrone,doug_marrone,nathaniel_hackett
2018,KC,4,2018_04_KC_DEN,Andy Reid,andy_reid,andy_reid
2018,LA,4,2018_04_MIN_LA,Sean McVay,sean_mcvay,sean_mcvay
2018,LAC,4,2018_04_SF_LAC,Anthony Lynn,anthony_lynn,ken_whisenhunt
2018,LV,4,2018_04_CLE_OAK,Jon Gruden,jon_gruden,jon_gruden
2018,MIA,4,2018_04_MIA_NE,Adam Gase,adam_gase,adam_gase
2018,MIN,4,2018_04_MIN_LA,Mike Zimmer,mike_zimmer,john_defilippo
2018,NE,4,2018_04_MIA_NE,Bill Belichick,bill_belichick,josh_mcdaniels
2018,NO,4,2018_04_NO_NYG,Sean Payton,sean_payton,sean_payton
2018,NYG,4,2018_04_NO_NYG,Pat Shurmur,pat_shurmur,pat_shurmur
2018,NYJ,4,2018_04_NYJ_JAX,Todd Bowles,todd_bowles,jeremy_bates
2018,PHI,4,2018_04_PHI_TEN,Doug Pederson,doug_pederson,doug_pederson
2018,PIT,4,2018_04_BAL_PIT,Mike Tomlin,mike_tomlin,randy_fichtner
2018,SEA,4,2018_04_SEA_ARI,Pete Carroll,pete_carroll,brian_schottenheimer
2018,SF,4,2018_04_SF_LAC,Kyle Shanahan,kyle_shanahan,kyle_shanahan
2018,TB,4,2018_04_TB_CHI,Dirk Koetter,dirk_koetter,dirk_koetter
2018,TEN,4,2018_04_PHI_TEN,Mike Vrabel,mike_vrabel,matt_lafleur
2018,ARI,5,2018_05_ARI_SF,Steve Wilks,steve_wilks,mike_mccoy
2018,ATL,5,2018_05_ATL_PIT,Dan Quinn,dan_quinn,steve_sarkisian
2018,BAL,5,2018_05_BAL_CLE,John Harbaugh,john_harbaugh,marty_mornhinweg
2018,BUF,5,2018_05_TEN_BUF,Sean McDermott,sean_mcdermott,brian_daboll
2018,CAR,5,2018_05_NYG_CAR,Ron Rivera,ron_rivera,norv_turner
2018,CIN,5,2018_05_MIA_CIN,Marvin Lewis,marvin_lewis,bill_lazor
2018,CLE,5,2018_05_BAL_CLE,Hue Jackson,hue_jackson,todd_haley
2018,DAL,5,2018_05_DAL_HOU,Jason Garrett,jason_garrett,scott_linehan
2018,DEN,5,2018_05_DEN_NYJ,Vance Joseph,vance_joseph,bill_musgrave
2018,DET,5,2018_05_GB_DET,Matt Patricia,matt_patricia,jim_bob_cooter
2018,GB,5,2018_05_GB_DET,Mike McCarthy,mike_mccarthy,mike_mccarthy
2018,HOU,5,2018_05_DAL_HOU,Bill O'Brien,bill_obrien,bill_obrien
2018,IND,5,2018_05_IND_NE,Frank Reich,frank_reich,frank_reich
2018,JAX,5,2018_05_JAX_KC,Doug Marrone,doug_marrone,nathaniel_hackett
2018,KC,5,2018_05_JAX_KC,Andy Reid,andy_reid,andy_reid
2018,LA,5,2018_05_LA_SEA,Sean McVay,sean_mcvay,sean_mcvay
2018,LAC,5,2018_05_OAK_LAC,Anthony Lynn,anthony_lynn,ken_whisenhunt
2018,LV,5,2018_05_OAK_LAC,Jon Gruden,jon_gruden,jon_gruden
2018,MIA,5,2018_05_MIA_CIN,Adam Gase,adam_gase,adam_gase
2018,MIN,5,2018_05_MIN_PHI,Mike Zimmer,mike_zimmer,john_defilippo
2018,NE,5,2018_05_IND_NE,Bill Belichick,bill_belichick,josh_mcdaniels
2018,NO,5,2018_05_WAS_NO,Sean Payton,sean_payton,sean_payton
2018,NYG,5,2018_05_NYG_CAR,Pat Shurmur,pat_shurmur,pat_shurmur
2018,NYJ,5,2018_05_DEN_NYJ,Todd Bowles,todd_bowles,jeremy_bates
2018,PHI,5,2018_05_MIN_PHI,Doug Pederson,doug_pederson,doug_pederson
2018,PIT,5,2018_05_ATL_PIT,Mike Tomlin,mike_tomlin,randy_fichtner
2018,SEA,5,2018_05_LA_SEA,Pete Carroll,pete_carroll,brian_schottenheimer
2018,SF,5,2018_05_ARI_SF,Kyle Shanahan,kyle_shanahan,kyle_shanahan
2018,TEN,5,2018_05_TEN_BUF,Mike Vrabel,mike_vrabel,matt_lafleur
2018,WAS,5,2018_05_WAS_NO,Jay Gruden,jay_gruden,jay_gruden
2018,ARI,6,2018_06_ARI_MIN,Steve Wilks,steve_wilks,mike_mccoy
2018,ATL,6,2018_06_TB_ATL,Dan Quinn,dan_quinn,steve_sarkisian
2018,BAL,6,2018_06_BAL_TEN,John Harbaugh,john_harbaugh,marty_mornhinweg
2018,BUF,6,2018_06_BUF_HOU,Sean McDermott,sean_mcdermott,brian_daboll
2018,CAR,6,2018_06_CAR_WAS,Ron Rivera,ron_rivera,norv_turner
2018,CHI,6,2018_06_CHI_MIA,Matt Nagy,matt_nagy,matt_nagy
2018,CIN,6,2018_06_PIT_CIN,Marvin Lewis,marvin_lewis,bill_lazor
2018,CLE,6,2018_06_LAC_CLE,Hue Jackson,hue_jackson,todd_haley
2018,DAL,6,2018_06_JAX_DAL,Jason Garrett,jason_garrett,scott_linehan
2018,DEN,6,2018_06_LA_DEN,Vance Joseph,vance_joseph,bill_musgrave
2018,GB,6,2018_06_SF_GB,Mike McCarthy,mike_mccarthy,mike_mccarthy
2018,HOU,6,2018_06_BUF_HOU,Bill O'Brien,bill_obrien,bill_obrien
2018,IND,6,2018_06_IND_NYJ,Frank Reich,frank_reich,frank_reich
2018,JAX,6,2018_06_JAX_DAL,Doug Marrone,doug_marrone,nathaniel_hackett
2018,KC,6,2018_06_KC_NE,Andy Reid,andy_reid,andy_reid
2018,LA,6,2018_06_LA_DEN,Sean McVay,sean_mcvay,sean_mcvay
2018,LAC,6,2018_06_LAC_CLE,Anthony Lynn,anthony_lynn,ken_whisenhunt
2018,LV,6,2018_06_SEA_OAK,Jon Gruden,jon_gruden,jon_gruden
2018,MIA,6,2018_06_CHI_MIA,Adam Gase,adam_gase,adam_gase
2018,MIN,6,2018_06_ARI_MIN,Mike Zimmer,mike_zimmer,john_defilippo
2018,NE,6,2018_06_KC_NE,Bill Belichick,bill_belichick,josh_mcdaniels
2018,NYG,6,2018_06_PHI_NYG,Pat Shurmur,pat_shurmur,pat_shurmur
2018,NYJ,6,2018_06_IND_NYJ,Todd Bowles,todd_bowles,jeremy_bates
2018,PHI,6,2018_06_PHI_NYG,Doug Pederson,doug_pederson,doug_pederson
2018,PIT,6,2018_06_PIT_CIN,Mike Tomlin,mike_tomlin,randy_fichtner
2018,SEA,6,2018_06_SEA_OAK,Pete Carroll,pete_carroll,brian_schottenheimer
2018,SF,6,2018_06_SF_GB,Kyle Shanahan,kyle_shanahan,kyle_shanahan
2018,TB,6,2018_06_TB_ATL,Dirk Koetter,dirk_koetter,dirk_koetter
2018,TEN,6,2018_06_BAL_TEN,Mike Vrabel,mike_vrabel,matt_lafleur
2018,WAS,6,2018_06_CAR_WAS,Jay Gruden,jay_gruden,jay_gruden
2018,ARI,7,2018_07_DEN_ARI,Steve Wilks,steve_wilks,mike_mccoy
2018,ATL,7,2018_07_NYG_ATL,Dan Quinn,dan_quinn,steve_sarkisian
2018,BAL,7,2018_07_NO_BAL,John Harbaugh,john_harbaugh,marty_mornhinweg
2018,BUF,7,2018_07_BUF_IND,Sean McDermott,sean_mcdermott,brian_daboll
2018,CAR,7,2018_07_CAR_PHI,Ron Rivera,ron_rivera,norv_turner
2018,CHI,7,2018_07_NE_CHI,Matt Nagy,matt_nagy,matt_nagy
2018,CIN,7,2018_07_CIN_KC,Marvin Lewis,marvin_lewis,bill_lazor
2018,CLE,7,2018_07_CLE_TB,Hue Jackson,hue_jackson,todd_haley
2018,DAL,7,2018_07_DAL_WAS,Jason Garrett,jason_garrett,scott_linehan
2018,DEN,7,2018_07_DEN_ARI,Vance Joseph,vance_joseph,bill_musgrave
2018,DET,7,2018_07_DET_MIA,Matt Patricia,matt_patricia,jim_bob_cooter
2018,HOU,7,2018_07_HOU_JAX,Bill O'Brien,bill_obrien,bill_obrien
2018,IND,7,2018_07_BUF_IND,Frank Reich,frank_reich,frank_reich
2018,JAX,7,2018_07_HOU_JAX,Doug Marrone,doug_marrone,nathaniel_hackett
2018,KC,7,2018_07_CIN_KC,Andy Reid,andy_reid,andy_reid
2018,LA,7,2018_07_LA_SF,Sean McVay,sean_mcvay,sean_mcvay
2018,LAC,7,2018_07_TEN_LAC,Anthony Lynn,anthony_lynn,ken_whisenhunt
2018,MIA,7,2018_07_DET_MIA,Adam Gase,adam_gase,adam_gase
2018,MIN,7,2018_07_MIN_NYJ,Mike Zimmer,mike_zimmer,john_defilippo
2018,NE,7,2018_07_NE_CHI,Bill Belichick,bill_belichick,josh_mcdaniels
2018,NO,7,2018_07_NO_BAL,Sean Payton,sean_payton,sean_payton
2018,NYG,7,2018_07_NYG_ATL,Pat Shurmur,pat_shurmur,pat_shurmur
2018,NYJ,7,2018_07_MIN_NYJ,Todd Bowles,todd_bowles,jeremy_bates
2018,PHI,7,2018_07_CAR_PHI,Doug Pederson,doug_pederson,doug_pederson
2018,SF,7,2018_07_LA_SF,Kyle Shanahan,kyle_shanahan,kyle_shanahan
2018,TB,7,2018_07_CLE_TB,Dirk Koetter,dirk_koetter,dirk_koetter
2018,TEN,7,2018_07_TEN_LAC,Mike Vrabel,mike_vrabel,matt_lafleur
2018,WAS,7,2018_07_DAL_WAS,Jay Gruden,jay_gruden,jay_gruden
2018,ARI,8,2018_08_SF_ARI,Steve Wilks,steve_wilks,mike_mccoy
2018,BAL,8,2018_08_BAL_CAR,John Harbaugh,john_harbaugh,marty_mornhinweg
2018,BUF,8,2018_08_NE_BUF,Sean McDermott,sean_mcdermott,brian_daboll
2018,CAR,8,2018_08_BAL_CAR,Ron Rivera,ron_rivera,norv_turner
2018,CHI,8,2018_08_NYJ_CHI,Matt Nagy,matt_nagy,matt_nagy
2018,CIN,8,2018_08_TB_CIN,Marvin Lewis,marvin_lewis,bill_lazor
2018,CLE,8,2018_08_CLE_PIT,Hue Jackson,hue_jackson,todd_haley
2018,DEN,8,2018_08_DEN_KC,Vance Joseph,vance_joseph,bill_musgrave
2018,DET,8,2018_08_SEA_DET,Matt Patricia,matt_patricia,jim_bob_cooter
2018,GB,8,2018_08_GB_LA,Mike McCarthy,mike_mccarthy,mike_mccarthy
2018,HOU,8,2018_08_MIA_HOU,Bill O'Brien,bill_obrien,bill_obrien
2018,IND,8,2018_08_IND_OAK,Frank Reich,frank_reich,frank_reich
2018,JAX,8,2018_08_PHI_JAX,Doug Marrone,doug_marrone,nathaniel_hackett
2018,KC,8,2018_08_DEN_KC,Andy Reid,andy_reid,andy_reid
2018,LA,8,2018_08_GB_LA,Sean McVay,sean_mcvay,sean_mcvay
2018,LV,8,2018_08_IND_OAK,Jon Gruden,jon_gruden,jon_gruden
2018,MIA,8,2018_08_MIA_HOU,Adam Gase,adam_gase,adam_gase
2018,MIN,8,2018_08_NO_MIN,Mike Zimmer,mike_zimmer,john_defilippo
2018,NE,8,2018_08_NE_BUF,Bill Belichick,bill_belichick,josh_mcdaniels
2018,NO,8,2018_08_NO_MIN,Sean Payton,sean_payton,sean_payton
2018,NYG,8,2018_08_WAS_NYG,Pat Shurmur,pat_shurmur,pat_shurmur
2018,NYJ,8,2018_08_NYJ_CHI,Todd Bowles,todd_bowles,jeremy_bates
2018,PHI,8,2018_08_PHI_JAX,Doug Pederson,doug_pederson,doug_pederson
2018,PIT,8,2018_08_CLE_PIT,Mike Tomlin,mike_tomlin,randy_fichtner
2018,SEA,8,2018_08_SEA_DET,Pete Carroll,pete_carroll,brian_schottenheimer
2018,SF,8,2018_08_SF_ARI,Kyle Shanahan,kyle_shanahan,kyle_shanahan
2018,TB,8,2018_08_TB_CIN,Dirk Koetter,dirk_koetter,dirk_koetter
2018,WAS,8,2018_08_WAS_NYG,Jay Gruden,jay_gruden,jay_gruden
2018,ATL,9,2018_09_ATL_WAS,Dan Quinn,dan_quinn,steve_sarkisian
2018,BAL,9,2018_09_PIT_BAL,John Harbaugh,john_harbaugh,marty_mornhinweg
2018,BUF,9,2018_09_CHI_BUF,Sean McDermott,sean_mcdermott,brian_daboll
2018,CAR,9,2018_09_TB_CAR,Ron Rivera,ron_rivera,norv_turner
2018,CHI,9,2018_09_CHI_BUF,Matt Nagy,matt_nagy,matt_nagy
2018,CLE,9,2018_09_KC_CLE,Gregg Williams,gregg_williams,freddie_kitchens
2018,DAL,9,2018_09_TEN_DAL,Jason Garrett,jason_garrett,scott_linehan
2018,DEN,9,2018_09_HOU_DEN,Vance Joseph,vance_joseph,bill_musgrave
2018,DET,9,2018_09_DET_MIN,Matt Patricia,matt_patricia,jim_bob_cooter
2018,GB,9,2018_09_GB_NE,Mike McCarthy,mike_mccarthy,mike_mccarthy
2018,HOU,9,2018_09_HOU_DEN,Bill O'Brien,bill_obrien,bill_obrien
2018,KC,9,2018_09_KC_CLE,Andy Reid,andy_reid,andy_reid
2018,LA,9,2018_09_LA_NO,Sean McVay,sean_mcvay,sean_mcvay
2018,LAC,9,2018_09_LAC_SEA,Anthony Lynn,anthony_lynn,ken_whisenhunt
2018,LV,9,2018_09_OAK_SF,Jon Gruden,jon_gruden,jon_gruden
2018,MIA,9,2018_09_NYJ_MIA,Adam Gase,adam_gase,adam_gase
2018,MIN,9,2018_09_DET_MIN,Mike Zimmer,mike_zimmer,john_defilippo
2018,NE,9,2018_09_GB_NE,Bill Belichick,bill_belichick,josh_mcdaniels
2018,NO,9,2018_09_LA_NO,Sean Payton,sean_payton,sean_payton
2018,NYJ,9,2018_09_NYJ_MIA,Todd Bowles,todd_bowles,jeremy_bates
2018,PIT,9,2018_09_PIT_BAL,Mike Tomlin,mike_tomlin,randy_fichtner
2018,SEA,9,2018_09_LAC_SEA,Pete Carroll,pete_carroll,brian_schottenheimer
2018,SF,9,2018_09_OAK_SF,Kyle Shanahan,kyle_shanahan,kyle_shanahan
2018,TB,9,2018_09_TB_CAR,Dirk Koetter,dirk_koetter,dirk_koetter
2018,TEN,9,2018_09_TEN_DAL,Mike Vrabel,mike_vrabel,matt_lafleur
2018,WAS,9,2018_09_ATL_WAS,Jay Gruden,jay_gruden,jay_gruden
2018,ARI,10,2018_10_ARI_KC,Steve Wilks,steve_wilks,mike_mccoy
2018,ATL,10,2018_10_ATL_CLE,Dan Quinn,dan_quinn,steve_sarkisian
2018,BUF,10,2018_10_BUF_NYJ,Sean McDermott,sean_mcdermott,brian_daboll
2018,CAR,10,2018_10_CAR_PIT,Ron Rivera,ron_rivera,norv_turner
2018,CHI,10,2018_10_DET_CHI,Matt Nagy,matt_nagy,matt_nagy
2018,CIN,10,2018_10_NO_CIN,Marvin Lewis,marvin_lewis,bill_lazor
2018,CLE,10,2018_10_ATL_CLE,Gregg Williams,gregg_williams,freddie_kitchens
2018,DAL,10,2018_10_DAL_PHI,Jason Garrett,jason_garrett,scott_linehan
2018,DET,10,2018_10_DET_CHI,Matt Patricia,matt_patricia,jim_bob_cooter
2018,GB,10,2018_10_MIA_GB,Mike McCarthy,mike_mccarthy,mike_mccarthy
2018,IND,10,2018_10_JAX_IND,Frank Reich,frank_reich,frank_reich
2018,JAX,10,2018_10_JAX_IND,Doug Marrone,doug_marrone,nathaniel_hackett
2018,KC,10,2018_10_ARI_KC,Andy Reid,andy_reid,andy_reid
2018,LA,10,2018_10_SEA_LA,Sean McVay,sean_mcvay,sean_mcvay
2018,LAC,10,2018_10_LAC_OAK,Anthony Lynn,anthony_lynn,ken_whisenhunt
2018,LV,10,2018_10_LAC_OAK,Jon Gruden,jon_gruden,jon_gruden
2018,MIA,10,2018_10_MIA_GB,Adam Gase,adam_gase,adam_gase
2018,NE,10,2018_10_NE_TEN,Bill Belichick,bill_belichick,josh_mcdaniels
2018,NO,10,2018_10_NO_CIN,Sean Payton,sean_payton,sean_payton
2018,NYG,10,2018_10_NYG_SF,Pat Shurmur,pat_shurmur,pat_shurmur
2018,NYJ,10,2018_10_BUF_NYJ,Todd Bowles,todd_bowles,jeremy_bates
2018,PHI,10,2018_10_DAL_PHI,Doug Pederson,doug_pederson,doug_pederson
2018,PIT,10,2018_10_CAR_PIT,Mike Tomlin,mike_tomlin,randy_fichtner
2018,SEA,10,2018_10_SEA_LA,Pete Carroll,pete_carroll,brian_schottenheimer
2018,SF,10,2018_10_NYG_SF,Kyle Shanahan,kyle_shanahan,kyle_shanahan
2018,TB,10,2018_10_WAS_TB,Dirk Koetter,dirk_koetter,dirk_koetter
2018,TEN,10,2018_10_NE_TEN,Mike Vrabel,mike_vrabel,matt_lafleur
2018,WAS,10,2018_10_WAS_TB,Jay Gruden,jay_gruden,jay_gruden
2018,ARI,11,2018_11_OAK_ARI,Steve Wilks,steve_wilks,mike_mccoy
2018,ATL,11,2018_11_DAL_ATL,Dan Quinn,dan_quinn,steve_sarkisian
2018,BAL,11,2018_11_CIN_BAL,John Harbaugh,john_harbaugh,marty_mornhinweg
2018,CAR,11,2018_11_CAR_DET,Ron Rivera,ron_rivera,norv_turner
2018,CHI,11,2018_11_MIN_CHI,Matt Nagy,matt_nagy,matt_nagy
2018,CIN,11,2018_11_CIN_BAL,Marvin Lewis,marvin_lewis,bill_lazor
2018,DAL,11,2018_11_DAL_ATL,Jason Garrett,jason_garrett,scott_linehan
2018,DEN,11,2018_11_DEN_LAC,Vance Joseph,vance_joseph,bill_musgrave
2018,DET,11,2018_11_CAR_DET,Matt Patricia,matt_patricia,jim_bob_cooter
2018,GB,11,2018_11_GB_SEA,Mike McCarthy,mike_mccarthy,mike_mccarthy
2018,HOU,11,2018_11_HOU_WAS,Bill O'Brien,bill_obrien,bill_obrien
2018,IND,11,2018_11_TEN_IND,Frank Reich,frank_reich,frank_reich
2018,JAX,11,2018_11_PIT_JAX,Doug Marrone,doug_marrone,nathaniel_hackett
2018,KC,11,2018_11_KC_LA,Andy Reid,andy_reid,andy_reid
2018,LA,11,2018_11_KC_LA,Sean McVay,sean_mcvay,sean_mcvay
2018,LAC,11,2018_11_DEN_LAC,Anthony Lynn,anthony_lynn,ken_whisenhunt
2018,LV,11,2018_11_OAK_ARI,Jon Gruden,jon_gruden,jon_gruden
2018,MIN,11,2018_11_MIN_CHI,Mike Zimmer,mike_zimmer,john_defilippo
2018,NO,11,2018_11_PHI_NO,Sean Payton,sean_payton,sean_payton
2018,NYG,11,2018_11_TB_NYG,Pat Shurmur,pat_shurmur,pat_shurmur
2018,PHI,11,2018_11_PHI_NO,Doug Pederson,doug_pederson,doug_pederson
2018,PIT,11,2018_11_PIT_JAX,Mike Tomlin,mike_tomlin,randy_fichtner
2018,SEA,11,2018_11_GB_SEA,Pete Carroll,pete_carroll,brian_schottenheimer
2018,TB,11,2018_11_TB_NYG,Dirk Koetter,dirk_koetter,dirk_koetter
2018,TEN,11,2018_11_TEN_IND,Mike Vrabel,mike_vrabel,matt_lafleur
2018,WAS,11,2018_11_HOU_WAS,Jay Gruden,jay_gruden,jay_gruden
2018,ARI,12,2018_12_ARI_LAC,Steve Wilks,steve_wilks,mike_mccoy
2018,ATL,12,2018_12_ATL_NO,Dan Quinn,dan_quinn,steve_sarkisian
2018,BAL,12,2018_12_OAK_BAL,John Harbaugh,john_harbaugh,marty_mornhinweg
2018,BUF,12,2018_12_JAX_BUF,Sean McDermott,sean_mcdermott,brian_daboll
2018,CAR,12,2018_12_SEA_CAR,Ron Rivera,ron_rivera,norv_turner
2018,CHI,12,2018_12_CHI_DET,Matt Nagy,matt_nagy,matt_nagy
2018,CIN,12,2018_12_CLE_CIN,Marvin Lewis,marvin_lewis,bill_lazor
2018,CLE,12,2018_12_CLE_CIN,Gregg Williams,gregg_williams,freddie_kitchens
2018,DAL,12,2018_12_WAS_DAL,Jason Garrett,jason_garrett,scott_linehan
2018,DEN,12,2018_12_PIT_DEN,Vance Joseph,vance_joseph,bill_musgrave
2018,DET,12,2018_12_CHI_DET,Matt Patricia,matt_patricia,jim_bob_cooter
2018,GB,12,2018_12_GB_MIN,Mike McCarthy,mike_mccarthy,mike_mccarthy
2018,HOU,12,2018_12_TEN_HOU,Bill O'Brien,bill_obrien,bill_obrien
2018,IND,12,2018_12_MIA_IND,Frank Reich,frank_reich,frank_reich
2018,JAX,12,2018_12_JAX_BUF,Doug Marrone,doug_marrone,nathaniel_hackett
2018,LAC,12,2018_12_ARI_LAC,Anthony Lynn,anthony_lynn,ken_whisenhunt
2018,LV,12,2018_12_OAK_BAL,Jon Gruden,jon_gruden,jon_gruden
2018,MIA,12,2018_12_MIA_IND,Adam Gase,adam_gase,adam_gase
2018,MIN,12,2018_12_GB_MIN,Mike Zimmer,mike_zimmer,john_defilippo
2018,NE,12,2018_12_NE_NYJ,Bill Belichick,bill_belichick,josh_mcdaniels
2018,NO,12,2018_12_ATL_NO,Sean Payton,sean_payton,sean_payton
2018,NYG,12,2018_12_NYG_PHI,Pat Shurmur,pat_shurmur,pat_shurmur
2018,NYJ,12,2018_12_NE_NYJ,Todd Bowles,todd_bowles,jeremy_bates
2018,PHI,12,2018_12_NYG_PHI,Doug Pederson,doug_pederson,doug_pederson
2018,PIT,12,2018_12_PIT_DEN,Mike Tomlin,mike_tomlin,randy_fichtner
2018,SEA,12,2018_12_SEA_CAR,Pete Carroll,pete_carroll,brian_schottenheimer
2018,SF,12,2018_12_SF_TB,Kyle Shanahan,kyle_shanahan,kyle_shanahan
2018,TB,12,2018_12_SF_TB,Dirk Koetter,dirk_koetter,dirk_koetter
2018,TEN,12,2018_12_TEN_HOU,Mike Vrabel,mike_vrabel,matt_lafleur
2018,WAS,12,2018_12_WAS_DAL,Jay Gruden,jay_gruden,jay_gruden
2018,ARI,13,2018_13_ARI_GB,Steve Wilks,steve_wilks,mike_mccoy
2018,ATL,13,2018_13_BAL_ATL,Dan Quinn,dan_quinn,steve_sarkisian
2018,BAL,13,2018_13_BAL_ATL,John Harbaugh,john_harbaugh,marty_mornhinweg
2018,BUF,13,2018_13_BUF_MIA,Sean McDermott,sean_mcdermott,brian_daboll
2018,CAR,13,2018_13_CAR_TB,Ron Rivera,ron_rivera,norv_turner
2018,CHI,13,2018_13_CHI_NYG,Matt Nagy,matt_nagy,matt_nagy
2018,CIN,13,2018_13_DEN_CIN,Marvin Lewis,marvin_lewis,bill_lazor
2018,CLE,13,2018_13_CLE_HOU,Gregg Williams,gregg_williams,freddie_kitchens
2018,DAL,13,2018_13_NO_DAL,Jason Garrett,jason_garrett,scott_linehan
2018,DEN,13,2018_13_DEN_CIN,Vance Joseph,vance_joseph,bill_musgrave
2018,DET,13,2018_13_LA_DET,Matt Patricia,matt_patricia,jim_bob_cooter
2018,GB,13,2018_13_ARI_GB,Mike McCarthy,mike_mccarthy,mike_mccarthy
2018,HOU,13,2018_13_CLE_HOU,Bill O'Brien,bill_obrien,bill_obrien
2018,IND,13,2018_13_IND_JAX,Frank Reich,frank_reich,frank_reich
2018,JAX,13,2018_13_IND_JAX,Doug Marrone,doug_marrone,nathaniel_hackett
2018,KC,13,2018_13_KC_OAK,Andy Reid,andy_reid,andy_reid
2018,LA,13,2018_13_LA_DET,Sean McVay,sean_mcvay,sean_mcvay
2018,LAC,13,2018_13_LAC_PIT,Anthony Lynn,anthony_lynn,ken_whisenhunt
2018,LV,13,2018_13_KC_OAK,Jon Gruden,jon_gruden,jon_gruden
2018,MIA,13,2018_13_BUF_MIA,Adam Gase,adam_gase,adam_gase
2018,MIN,13,2018_13_MIN_NE,Mike Zimmer,mike_zimmer,john_defilippo
2018,NE,13,2018_13_MIN_NE,Bill Belichick,bill_belichick,josh_mcdaniels
2018,NO,13,2018_13_NO_DAL,Sean Payton,sean_payton,sean_payton
2018,NYG,13,2018_13_CHI_NYG,Pat Shurmur,pat_shurmur,pat_shurmur
2018,NYJ,13,2018_13_NYJ_TEN,Todd Bowles,todd_bowles,jeremy_bates
2018,PHI,13,2018_13_WAS_PHI,Doug Pederson,doug_pederson,doug_pederson
2018,PIT,13,2018_13_LAC_PIT,Mike Tomlin,mike_tomlin,randy_fichtner
2018,SEA,13,2018_13_SF_SEA,Pete Carroll,pete_carroll,brian_schottenheimer
2018,SF,13,2018_13_SF_SEA,Kyle Shanahan,kyle_shanahan,kyle_shanahan
2018,TB,13,2018_13_CAR_TB,Dirk Koetter,dirk_koetter,dirk_koetter
2018,TEN,13,2018_13_NYJ_TEN,Mike Vrabel,mike_vrabel,matt_lafleur
2018,WAS,13,2018_13_WAS_PHI,Jay Gruden,jay_gruden,jay_gruden
2018,ARI,14,2018_14_DET_ARI,Steve Wilks,steve_wilks,mike_mccoy
2018,ATL,14,2018_14_ATL_GB,Dan Quinn,dan_quinn,steve_sarkisian
2018,BAL,14,2018_14_BAL_KC,John Harbaugh,john_harbaugh,marty_mornhinweg
2018,BUF,14,2018_14_NYJ_BUF,Sean McDermott,sean_mcdermott,brian_daboll
2018,CAR,14,2018_14_CAR_CLE,Ron Rivera,ron_rivera,norv_turner
2018,CHI,14,2018_14_LA_CHI,Matt Nagy,matt_nagy,matt_nagy
2018,CIN,14,2018_14_CIN_LAC,Marvin Lewis,marvin_lewis,bill_lazor
2018,CLE,14,2018_14_CAR_CLE,Gregg Williams,gregg_williams,freddie_kitchens
2018,DAL,14,2018_14_PHI_DAL,Jason Garrett,jason_garrett,scott_linehan
2018,DEN,14,2018_14_DEN_SF,Vance Joseph,vance_joseph,bill_musgrave
2018,DET,14,2018_14_DET_ARI,Matt Patricia,matt_patricia,jim_bob_cooter
2018,GB,14,2018_14_ATL_GB,Joe Philbin,joe_philbin,mike_mccarthy
2018,HOU,14,2018_14_IND_HOU,Bill O'Brien,bill_obrien,bill_obrien
2018,IND,14,2018_14_IND_HOU,Frank Reich,frank_reich,frank_reich
2018,JAX,14,2018_14_JAX_TEN,Doug Marrone,doug_marrone,nathaniel_hackett
2018,KC,14,2018_14_BAL_KC,Andy Reid,andy_reid,andy_reid
2018,LA,14,2018_14_LA_CHI,Sean McVay,sean_mcvay,sean_mcvay
2018,LAC,14,2018_14_CIN_LAC,Anthony Lynn,anthony_lynn,ken_whisenhunt
2018,LV,14,2018_14_PIT_OAK,Jon Gruden,jon_gruden,jon_gruden
2018,MIA,14,2018_14_NE_MIA,Adam Gase,adam_gase,adam_gase
2018,MIN,14,2018_14_MIN_SEA,Mike Zimmer,mike_zimmer,john_defilippo
2018,NE,14,2018_14_NE_MIA,Bill Belichick,bill_belichick,josh_mcdaniels
2018,NO,14,2018_14_NO_TB,Sean Payton,sean_payton,sean_payton
2018,NYG,14,2018_14_NYG_WAS,Pat Shurmur,pat_shurmur,pat_shurmur
2018,NYJ,14,2018_14_NYJ_BUF,Todd Bowles,todd_bowles,jeremy_bates
2018,PHI,14,2018_14_PHI_DAL,Doug Pederson,doug_pederson,doug_pederson
2018,PIT,14,2018_14_PIT_OAK,Mike Tomlin,mike_tomlin,randy_fichtner
2018,SEA,14,2018_14_MIN_SEA,Pete Carroll,pete_carroll,brian_schottenheimer
2018,SF,14,2018_14_DEN_SF,Kyle Shanahan,kyle_shanahan,kyle_shanahan
2018,TB,14,2018_14_NO_TB,Dirk Koetter,dirk_koetter,dirk_koetter
2018,TEN,14,2018_14_JAX_TEN,Mike Vrabel,mike_vrabel,matt_lafleur
2018,WAS,14,2018_14_NYG_WAS,Jay Gruden,jay_gruden,jay_gruden
2018,ARI,15,2018_15_ARI_ATL,Steve Wilks,steve_wilks,mike_mccoy
2018,ATL,15,2018_15_ARI_ATL,Dan Quinn,dan_quinn,steve_sarkisian
2018,BAL,15,2018_15_TB_BAL,John Harbaugh,john_harbaugh,marty_mornhinweg
2018,BUF,15,2018_15_DET_BUF,Sean McDermott,sean_mcdermott,brian_daboll
2018,CAR,15,2018_15_NO_CAR,Ron Rivera,ron_rivera,norv_turner
2018,CHI,15,2018_15_GB_CHI,Matt Nagy,matt_nagy,matt_nagy
2018,CIN,15,2018_15_OAK_CIN,Marvin Lewis,marvin_lewis,bill_lazor
2018,CLE,15,2018_15_CLE_DEN,Gregg Williams,gregg_williams,freddie_kitchens
2018,DAL,15,2018_15_DAL_IND,Jason Garrett,jason_garrett,scott_linehan
2018,DEN,15,2018_15_CLE_DEN,Vance Joseph,vance_joseph,bill_musgrave
2018,DET,15,2018_15_DET_BUF,Matt Patricia,matt_patricia,jim_bob_cooter
2018,GB,15,2018_15_GB_CHI,Joe Philbin,joe_philbin,mike_mccarthy
2018,HOU,15,2018_15_HOU_NYJ,Bill O'Brien,bill_obrien,bill_obrien
2018,IND,15,2018_15_DAL_IND,Frank Reich,frank_reich,frank_reich
2018,JAX,15,2018_15_WAS_JAX,Doug Marrone,doug_marrone,nathaniel_hackett
2018,KC,15,2018_15_LAC_KC,Andy Reid,andy_reid,andy_reid
2018,LA,15,2018_15_PHI_LA,Sean McVay,sean_mcvay,sean_mcvay
2018,LAC,15,2018_15_LAC_KC,Anthony Lynn,anthony_lynn,ken_whisenhunt
2018,LV,15,2018_15_OAK_CIN,Jon Gruden,jon_gruden,jon_gruden
2018,MIA,15,2018_15_MIA_MIN,Adam Gase,adam_gase,adam_gase
2018,MIN,15,2018_15_MIA_MIN,Mike Zimmer,mike_zimmer,john_defilippo
2018,NE,15,2018_15_NE_PIT,Bill Belichick,bill_belichick,josh_mcdaniels
2018,NO,15,2018_15_NO_CAR,Sean Payton,sean_payton,sean_payton
2018,NYG,15,2018_15_TEN_NYG,Pat Shurmur,pat_shurmur,pat_shurmur
2018,NYJ,15,2018_15_HOU_NYJ,Todd Bowles,todd_bowles,jeremy_bates
2018,PHI,15,2018_15_PHI_LA,Doug Pederson,doug_pederson,doug_pederson
2018,PIT,15,2018_15_NE_PIT,Mike Tomlin,mike_tomlin,randy_fichtner
2018,SEA,15,2018_15_SEA_SF,Pete Carroll,pete_carroll,brian_schottenheimer
2018,SF,15,2018_15_SEA_SF,Kyle Shanahan,kyle_shanahan,kyle_shanahan
2018,TB,15,2018_15_TB_BAL,Dirk Koetter,dirk_koetter,dirk_koetter
2018,TEN,15,2018_15_TEN_NYG,Mike Vrabel,mike_vrabel,matt_lafleur
2018,WAS,15,2018_15_WAS_JAX,Jay Gruden,jay_gruden,jay_gruden
2018,ARI,16,2018_16_LA_ARI,Steve Wilks,steve_wilks,mike_mccoy
2018,ATL,16,2018_16_ATL_CAR,Dan Quinn,dan_quinn,steve_sarkisian
2018,BAL,16,2018_16_BAL_LAC,John Harbaugh,john_harbaugh,marty_mornhinweg
2018,BUF,16,2018_16_BUF_NE,Sean McDermott,sean_mcdermott,brian_daboll
2018,CAR,16,2018_16_ATL_CAR,Ron Rivera,ron_rivera,norv_turner
2018,CHI,16,2018_16_CHI_SF,Matt Nagy,matt_nagy,matt_nagy
2018,CIN,16,2018_16_CIN_CLE,Marvin Lewis,marvin_lewis,bill_lazor
2018,CLE,16,2018_16_CIN_CLE,Gregg Williams,gregg_williams,freddie_kitchens
2018,DAL,16,2018_16_TB_DAL,Jason Garrett,jason_garrett,scott_linehan
2018,DEN,16,2018_16_DEN_OAK,Vance Joseph,vance_joseph,bill_musgrave
2018,DET,16,2018_16_MIN_DET,Matt Patricia,matt_patricia,jim_bob_cooter
2018,GB,16,2018_16_GB_NYJ,Joe Philbin,joe_philbin,mike_mccarthy
2018,HOU,16,2018_16_HOU_PHI,Bill O'Brien,bill_obrien,bill_obrien
2018,IND,16,2018_16_NYG_IND,Frank Reich,frank_reich,frank_reich
2018,JAX,16,2018_16_JAX_MIA,Doug Marrone,doug_marrone,nathaniel_hackett
2018,KC,16,2018_16_KC_SEA,Andy Reid,andy_reid,andy_reid
2018,LA,16,2018_16_LA_ARI,Sean McVay,sean_mcvay,sean_mcvay
2018,LAC,16,2018_16_BAL_LAC,Anthony Lynn,anthony_lynn,ken_whisenhunt
2018,LV,16,2018_16_DEN_OAK,Jon Gruden,jon_gruden,jon_gruden
2018,MIA,16,2018_16_JAX_MIA,Adam Gase,adam_gase,adam_gase
2018,MIN,16,2018_16_MIN_DET,Mike Zimmer,mike_zimmer,john_defilippo
2018,NE,16,2018_16_BUF_NE,Bill Belichick,bill_belichick,josh_mcdaniels
2018,NO,16,2018_16_PIT_NO,Sean Payton,sean_payton,sean_payton
2018,NYG,16,2018_16_NYG_IND,Pat Shurmur,pat_shurmur,pat_shurmur
2018,NYJ,16,2018_16_GB_NYJ,Todd Bowles,todd_bowles,jeremy_bates
2018,PHI,16,2018_16_HOU_PHI,Doug Pederson,doug_pederson,doug_pederson
2018,PIT,16,2018_16_PIT_NO,Mike Tomlin,mike_tomlin,randy_fichtner
2018,SEA,16,2018_16_KC_SEA,Pete Carroll,pete_carroll,brian_schottenheimer
2018,SF,16,2018_16_CHI_SF,Kyle Shanahan,kyle_shanahan,kyle_shanahan
2018,TB,16,2018_16_TB_DAL,Dirk Koetter,dirk_koetter,dirk_koetter
2018,TEN,16,2018_16_WAS_TEN,Mike Vrabel,mike_vrabel,matt_lafleur
2018,WAS,16,2018_16_WAS_TEN,Jay Gruden,jay_gruden,jay_gruden
2018,ARI,17,2018_17_ARI_SEA,Steve Wilks,steve_wilks,mike_mccoy
2018,ATL,17,2018_17_ATL_TB,Dan Quinn,dan_quinn,steve_sarkisian
2018,BAL,17,2018_17_CLE_BAL,John Harbaugh,john_harbaugh,marty_mornhinweg
2018,BUF,17,2018_17_MIA_BUF,Sean McDermott,sean_mcdermott,brian_daboll
2018,CAR,17,2018_17_CAR_NO,Ron Rivera,ron_rivera,norv_turner
2018,CHI,17,2018_17_CHI_MIN,Matt Nagy,matt_nagy,matt_nagy
2018,CIN,17,2018_17_CIN_PIT,Marvin Lewis,marvin_lewis,bill_lazor
2018,CLE,17,2018_17_CLE_BAL,Gregg Williams,gregg_williams,freddie_kitchens
2018,DAL,17,2018_17_DAL_NYG,Jason Garrett,jason_garrett,scott_linehan
2018,DEN,17,2018_17_LAC_DEN,Vance Joseph,vance_joseph,bill_musgrave
2018,DET,17,2018_17_DET_GB,Matt Patricia,matt_patricia,jim_bob_cooter
2018,GB,17,2018_17_DET_GB,Joe Philbin,joe_philbin,mike_mccarthy
2018,HOU,17,2018_17_JAX_HOU,Bill O'Brien,bill_obrien,bill_obrien
2018,IND,17,2018_17_IND_TEN,Frank Reich,frank_reich,frank_reich
2018,JAX,17,2018_17_JAX_HOU,Doug Marrone,doug_marrone,nathaniel_hackett
2018,KC,17,2018_17_OAK_KC,Andy Reid,andy_reid,andy_reid
2018,LA,17,2018_17_SF_LA,Sean McVay,sean_mcvay,sean_mcvay
2018,LAC,17,2018_17_LAC_DEN,Anthony Lynn,anthony_lynn,ken_whisenhunt
2018,LV,17,2018_17_OAK_KC,Jon Gruden,jon_gruden,jon_gruden
2018,MIA,17,2018_17_MIA_BUF,Adam Gase,adam_gase,adam_gase
2018,MIN,17,2018_17_CHI_MIN,Mike Zimmer,mike_zimmer,john_defilippo
2018,NE,17,2018_17_NYJ_NE,Bill Belichick,bill_belichick,josh_mcdaniels
2018,NO,17,2018_17_CAR_NO,Sean Payton,sean_payton,sean_payton
2018,NYG,17,2018_17_DAL_NYG,Pat Shurmur,pat_shurmur,pat_shurmur
2018,NYJ,17,2018_17_NYJ_NE,Todd Bowles,todd_bowles,jeremy_bates
2018,PHI,17,2018_17_PHI_WAS,Doug Pederson,doug_pederson,doug_pederson
2018,PIT,17,2018_17_CIN_PIT,Mike Tomlin,mike_tomlin,randy_fichtner
2018,SEA,17,2018_17_ARI_SEA,Pete Carroll,pete_carroll,brian_schottenheimer
2018,SF,17,2018_17_SF_LA,Kyle Shanahan,kyle_shanahan,kyle_shanahan
2018,TB,17,2018_17_ATL_TB,Dirk Koetter,dirk_koetter,dirk_koetter
2018,TEN,17,2018_17_IND_TEN,Mike Vrabel,mike_vrabel,matt_lafleur
2018,WAS,17,2018_17_PHI_WAS,Jay Gruden,jay_gruden,jay_gruden
2019,ARI,1,2019_01_DET_ARI,Kliff Kingsbury,kliff_kingsbury,
2019,ATL,1,2019_01_ATL_MIN,Dan Quinn,dan_quinn,
2019,BAL,1,2019_01_BAL_MIA,John Harbaugh,john_harbaugh,
2019,BUF,1,2019_01_BUF_NYJ,Sean McDermott,sean_mcdermott,
2019,CAR,1,2019_01_LA_CAR,Ron Rivera,ron_rivera,norv_turner
2019,CHI,1,2019_01_GB_CHI,Matt Nagy,matt_nagy,matt_nagy
2019,CIN,1,2019_01_CIN_SEA,Zac Taylor,zac_taylor,zac_taylor
2019,CLE,1,2019_01_TEN_CLE,Freddie Kitchens,freddie_kitchens,freddie_kitchens
2019,DAL,1,2019_01_NYG_DAL,Jason Garrett,jason_garrett,kellen_moore
2019,DEN,1,2019_01_DEN_OAK,Vic Fangio,vic_fangio,rich_scangarello
2019,DET,1,2019_01_DET_ARI,Matt Patricia,matt_patricia,
2019,GB,1,2019_01_GB_CHI,Matt LaFleur,matt_lafleur,matt_lafleur
2019,HOU,1,2019_01_HOU_NO,Bill O'Brien,bill_obrien,bill_obrien
2019,IND,1,2019_01_IND_LAC,Frank Reich,frank_reich,frank_reich
2019,JAX,1,2019_01_KC_JAX,Doug Marrone,doug_marrone,john_defilippo
2019,KC,1,2019_01_KC_JAX,Andy Reid,andy_reid,andy_reid
2019,LA,1,2019_01_LA_CAR,Sean McVay,sean_mcvay,sean_mcvay
2019,LAC,1,2019_01_IND_LAC,Anthony Lynn,anthony_lynn,ken_whisenhunt
2019,LV,1,2019_01_DEN_OAK,Jon Gruden,jon_gruden,jon_gruden
2019,MIA,1,2019_01_BAL_MIA,Brian Flores,brian_flores,chad_oshea
2019,MIN,1,2019_01_ATL_MIN,Mike Zimmer,mike_zimmer,kevin_stefanski
2019,NE,1,2019_01_PIT_NE,Bill Belichick,bill_belichick,
2019,NO,1,2019_01_HOU_NO,Sean Payton,sean_payton,
2019,NYG,1,2019_01_NYG_DAL,Pat Shurmur,pat_shurmur,
2019,NYJ,1,2019_01_BUF_NYJ,Adam Gase,adam_gase,adam_gase
2019,PHI,1,2019_01_WAS_PHI,Doug Pederson,doug_pederson,doug_pederson
2019,PIT,1,2019_01_PIT_NE,Mike Tomlin,mike_tomlin,randy_fichtner
2019,SEA,1,2019_01_CIN_SEA,Pete Carroll,pete_carroll,brian_schottenheimer
2019,SF,1,2019_01_SF_TB,Kyle Shanahan,kyle_shanahan,kyle_shanahan
2019,TB,1,2019_01_SF_TB,Bruce Arians,bruce_arians,byron_leftwich
2019,TEN,1,2019_01_TEN_CLE,Mike Vrabel,mike_vrabel,arthur_smith
2019,WAS,1,2019_01_WAS_PHI,Jay Gruden,jay_gruden,jay_gruden
2019,ARI,2,2019_02_ARI_BAL,Kliff Kingsbury,kliff_kingsbury,
2019,ATL,2,2019_02_PHI_ATL,Dan Quinn,dan_quinn,
2019,BAL,2,2019_02_ARI_BAL,John Harbaugh,john_harbaugh,
2019,BUF,2,2019_02_BUF_NYG,Sean McDermott,sean_mcdermott,
2019,CAR,2,2019_02_TB_CAR,Ron Rivera,ron_rivera,norv_turner
2019,CHI,2,2019_02_CHI_DEN,Matt Nagy,matt_nagy,matt_nagy
2019,CIN,2,2019_02_SF_CIN,Zac Taylor,zac_taylor,zac_taylor
2019,CLE,2,2019_02_CLE_NYJ,Freddie Kitchens,freddie_kitchens,freddie_kitchens
2019,DAL,2,2019_02_DAL_WAS,Jason Garrett,jason_garrett,kellen_moore
2019,DEN,2,2019_02_CHI_DEN,Vic Fangio,vic_fangio,rich_scangarello
2019,DET,2,2019_02_LAC_DET,Matt Patricia,matt_patricia,
2019,GB,2,2019_02_MIN_GB,Matt LaFleur,matt_lafleur,matt_lafleur
2019,HOU,2,2019_02_JAX_HOU,Bill O'Brien,bill_obrien,bill_obrien
2019,IND,2,2019_02_IND_TEN,Frank Reich,frank_reich,frank_reich
2019,JAX,2,2019_02_JAX_HOU,Doug Marrone,doug_marrone,john_defilippo
2019,KC,2,2019_02_KC_OAK,Andy Reid,andy_reid,andy_reid
2019,LA,2,2019_02_NO_LA,Sean McVay,sean_mcvay,sean_mcvay
2019,LAC,2,2019_02_LAC_DET,Anthony Lynn,anthony_lynn,ken_whisenhunt
2019,LV,2,2019_02_KC_OAK,Jon Gruden,jon_gruden,jon_gruden
2019,MIA,2,2019_02_NE_MIA,Brian Flores,brian_flores,chad_oshea
2019,MIN,2,2019_02_MIN_GB,Mike Zimmer,mike_zimmer,kevin_stefanski
2019,NE,2,2019_02_NE_MIA,Bill Belichick,bill_belichick,
2019,NO,2,2019_02_NO_LA,Sean Payton,sean_payton,
2019,NYG,2,2019_02_BUF_NYG,Pat Shurmur,pat_shurmur,
2019,NYJ,2,2019_02_CLE_NYJ,Adam Gase,adam_gase,adam_gase
2019,PHI,2,2019_02_PHI_ATL,Doug Pederson,doug_pederson,doug_pederson
2019,PIT,2,2019_02_SEA_PIT,Mike Tomlin,mike_tomlin,randy_fichtner
2019,SEA,2,2019_02_SEA_PIT,Pete Carroll,pete_carroll,brian_schottenheimer
2019,SF,2,2019_02_SF_CIN,Kyle Shanahan,kyle_shanahan,kyle_shanahan
2019,TB,2,2019_02_TB_CAR,Bruce Arians,bruce_arians,byron_leftwich
2019,TEN,2,2019_02_IND_TEN,Mike Vrabel,mike_vrabel,arthur_smith
2019,WAS,2,2019_02_DAL_WAS,Jay Gruden,jay_gruden,jay_gruden
2019,ARI,3,2019_03_CAR_ARI,Kliff Kingsbury,kliff_kingsbury,
2019,ATL,3,2019_03_ATL_IND,Dan Quinn,dan_quinn,
2019,BAL,3,2019_03_BAL_KC,John Harbaugh,john_harbaugh,
2019,BUF,3,2019_03_CIN_BUF,Sean McDermott,sean_mcdermott,
2019,CAR,3,2019_03_CAR_ARI,Ron Rivera,ron_rivera,norv_turner
2019,CHI,3,2019_03_CHI_WAS,Matt Nagy,matt_nagy,matt_nagy
2019,CIN,3,2019_03_CIN_BUF,Zac Taylor,zac_taylor,zac_taylor
2019,CLE,3,2019_03_LA_CLE,Freddie Kitchens,freddie_kitchens,freddie_kitchens
2019,DAL,3,2019_03_MIA_DAL,Jason Garrett,jason_garrett,kellen_moore
2019,DEN,3,2019_03_DEN_GB,Vic Fangio,vic_fangio,rich_scangarello
2019,DET,3,2019_03_DET_PHI,Matt Patricia,matt_patricia,
2019,GB,3,2019_03_DEN_GB,Matt LaFleur,matt_lafleur,matt_lafleur
2019,HOU,3,2019_03_HOU_LAC,Bill O'Brien,bill_obrien,bill_obrien
2019,IND,3,2019_03_ATL_IND,Frank Reich,frank_reich,frank_reich
2019,JAX,3,2019_03_TEN_JAX,Doug Marrone,doug_marrone,john_defilippo
2019,KC,3,2019_03_BAL_KC,Andy Reid,andy_reid,andy_reid
2019,LA,3,2019_03_LA_CLE,Sean McVay,sean_mcvay,sean_mcvay
2019,LAC,3,2019_03_HOU_LAC,Anthony Lynn,anthony_lynn,ken_whisenhunt
2019,LV,3,2019_03_OAK_MIN,Jon Gruden,jon_gruden,jon_gruden
2019,MIA,3,2019_03_MIA_DAL,Brian Flores,brian_flores,chad_oshea
2019,MIN,3,2019_03_OAK_MIN,Mike Zimmer,mike_zimmer,kevin_stefanski
2019,NE,3,2019_03_NYJ_NE,Bill Belichick,bill_belichick,
2019,NO,3,2019_03_NO_SEA,Sean Payton,sean_payton,
2019,NYG,3,2019_03_NYG_TB,Pat Shurmur,pat_shurmur,
2019,NYJ,3,2019_03_NYJ_NE,Adam Gase,adam_gase,adam_gase
2019,PHI,3,2019_03_DET_PHI,Doug Pederson,doug_pederson,doug_pederson
2019,PIT,3,2019_03_PIT_SF,Mike Tomlin,mike_tomlin,randy_fichtner
2019,SEA,3,2019_03_NO_SEA,Pete Carroll,pete_carroll,brian_schottenheimer
2019,SF,3,2019_03_PIT_SF,Kyle Shanahan,kyle_shanahan,kyle_shanahan
2019,TB,3,2019_03_NYG_TB,Bruce Arians,bruce_arians,byron_leftwich
2019,TEN,3,2019_03_TEN_JAX,Mike Vrabel,mike_vrabel,arthur_smith
2019,WAS,3,2019_03_CHI_WAS,Jay Gruden,jay_gruden,jay_gruden
2019,ARI,4,2019_04_SEA_ARI,Kliff Kingsbury,kliff_kingsbury,
2019,ATL,4,2019_04_TEN_ATL,Dan Quinn,dan_quinn,
2019,BAL,4,2019_04_CLE_BAL,John Harbaugh,john_harbaugh,
2019,BUF,4,2019_04_NE_BUF,Sean McDermott,sean_mcdermott,
2019,CAR,4,2019_04_CAR_HOU,Ron Rivera,ron_rivera,norv_turner
2019,CHI,4,2019_04_MIN_CHI,Matt Nagy,matt_nagy,matt_nagy
2019,CIN,4,2019_04_CIN_PIT,Zac Taylor,zac_taylor,zac_taylor
2019,CLE,4,2019_04_CLE_BAL,Freddie Kitchens,freddie_kitchens,freddie_kitchens
2019,DAL,4,2019_04_DAL_NO,Jason Garrett,jason_garrett,kellen_moore
2019,DEN,4,2019_04_JAX_DEN,Vic Fangio,vic_fangio,rich_scangarello
2019,DET,4,2019_04_KC_DET,Matt Patricia,matt_patricia,
2019,GB,4,2019_04_PHI_GB,Matt LaFleur,matt_lafleur,matt_lafleur
2019,HOU,4,2019_04_CAR_HOU,Bill O'Brien,bill_obrien,bill_obrien
2019,IND,4,2019_04_OAK_IND,Frank Reich,frank_reich,frank_reich
2019,JAX,4,2019_04_JAX_DEN,Doug Marrone,doug_marrone,john_defilippo
2019,KC,4,2019_04_KC_DET,Andy Reid,andy_reid,andy_reid
2019,LA,4,2019_04_TB_LA,Sean McVay,sean_mcvay,sean_mcvay
2019,LAC,4,2019_04_LAC_MIA,Anthony Lynn,anthony_lynn,ken_whisenhunt
2019,LV,4,2019_04_OAK_IND,Jon Gruden,jon_gruden,jon_gruden
2019,MIA,4,2019_04_LAC_MIA,Brian Flores,brian_flores,chad_oshea
2019,MIN,4,2019_04_MIN_CHI,Mike Zimmer,mike_zimmer,kevin_stefanski
2019,NE,4,2019_04_NE_BUF,Bill Belichick,bill_belichick,
2019,NO,4,2019_04_DAL_NO,Sean Payton,sean_payton,
2019,NYG,4,2019_04_WAS_NYG,Pat Shurmur,pat_shurmur,
2019,PHI,4,2019_04_PHI_GB,Doug Pederson,doug_pederson,doug_pederson
2019,PIT,4,2019_04_CIN_PIT,Mike Tomlin,mike_tomlin,randy_fichtner
2019,SEA,4,2019_04_SEA_ARI,Pete Carroll,pete_carroll,brian_schottenheimer
2019,TB,4,2019_04_TB_LA,Bruce Arians,bruce_arians,byron_leftwich
2019,TEN,4,2019_04_TEN_ATL,Mike Vrabel,mike_vrabel,arthur_smith
2019,WAS,4,2019_04_WAS_NYG,Jay Gruden,jay_gruden,jay_gruden
2019,ARI,5,2019_05_ARI_CIN,Kliff Kingsbury,kliff_kingsbury,
2019,ATL,5,2019_05_ATL_HOU,Dan Quinn,dan_quinn,
2019,BAL,5,2019_05_BAL_PIT,John Harbaugh,john_harbaugh,
2019,BUF,5,2019_05_BUF_TEN,Sean McDermott,sean_mcdermott,
2019,CAR,5,2019_05_JAX_CAR,Ron Rivera,ron_rivera,norv_turner
2019,CHI,5,2019_05_CHI_OAK,Matt Nagy,matt_nagy,matt_nagy
2019,CIN,5,2019_05_ARI_CIN,Zac Taylor,zac_taylor,zac_taylor
2019,CLE,5,2019_05_CLE_SF,Freddie Kitchens,freddie_kitchens,freddie_kitchens
2019,DAL,5,2019_05_GB_DAL,Jason Garrett,jason_garrett,kellen_moore
2019,DEN,5,2019_05_DEN_LAC,Vic Fangio,vic_fangio,rich_scangarello
2019,GB,5,2019_05_GB_DAL,Matt LaFleur,matt_lafleur,matt_lafleur
2019,HOU,5,2019_05_ATL_HOU,Bill O'Brien,bill_obrien,bill_obrien
2019,IND,5,2019_05_IND_KC,Frank Reich,frank_reich,frank_reich
2019,JAX,5,2019_05_JAX_CAR,Doug Marrone,doug_marrone,john_defilippo
2019,KC,5,2019_05_IND_KC,Andy Reid,andy_reid,andy_reid
2019,LA,5,2019_05_LA_SEA,Sean McVay,sean_mcvay,sean_mcvay
2019,LAC,5,2019_05_DEN_LAC,Anthony Lynn,anthony_lynn,ken_whisenhunt
2019,LV,5,2019_05_CHI_OAK,Jon Gruden,jon_gruden,jon_gruden
2019,MIN,5,2019_05_MIN_NYG,Mike Zimmer,mike_zimmer,kevin_stefanski
2019,NE,5,2019_05_NE_WAS,Bill Belichick,bill_belichick,
2019,NO,5,2019_05_TB_NO,Sean Payton,sean_payton,
2019,NYG,5,2019_05_MIN_NYG,Pat Shurmur,pat_shurmur,
2019,NYJ,5,2019_05_NYJ_PHI,Adam Gase,adam_gase,adam_gase
2019,PHI,5,2019_05_NYJ_PHI,Doug Pederson,doug_pederson,doug_pederson
2019,PIT,5,2019_05_BAL_PIT,Mike Tomlin,mike_tomlin,randy_fichtner
2019,SEA,5,2019_05_LA_SEA,Pete Carroll,pete_carroll,brian_schottenheimer
2019,SF,5,2019_05_CLE_SF,Kyle Shanahan,kyle_shanahan,kyle_shanahan
2019,TB,5,2019_05_TB_NO,Bruce Arians,bruce_arians,byron_leftwich
2019,TEN,5,2019_05_BUF_TEN,Mike Vrabel,mike_vrabel,arthur_smith
2019,WAS,5,2019_05_NE_WAS,Jay Gruden,jay_gruden,jay_gruden
2019,ARI,6,2019_06_ATL_ARI,Kliff Kingsbury,kliff_kingsbury,
2019,ATL,6,2019_06_ATL_ARI,Dan Quinn,dan_quinn,
2019,BAL,6,2019_06_CIN_BAL,John Harbaugh,john_harbaugh,
2019,CAR,6,2019_06_CAR_TB,Ron Rivera,ron_rivera,norv_turner
2019,CIN,6,2019_06_CIN_BAL,Zac Taylor,zac_taylor,zac_taylor
2019,CLE,6,2019_06_SEA_CLE,Freddie Kitchens,freddie_kitchens,freddie_kitchens
2019,DAL,6,2019_06_DAL_NYJ,Jason Garrett,jason_garrett,kellen_moore
2019,DEN,6,2019_06_TEN_DEN,Vic Fangio,vic_fangio,rich_scangarello
2019,DET,6,2019_06_DET_GB,Matt Patricia,matt_patricia,
2019,GB,6,2019_06_DET_GB,Matt LaFleur,matt_lafleur,matt_lafleur
2019,HOU,6,2019_06_HOU_KC,Bill O'Brien,bill_obrien,bill_obrien
2019,JAX,6,2019_06_NO_JAX,Doug Marrone,doug_marrone,john_defilippo
2019,KC,6,2019_06_HOU_KC,Andy Reid,andy_reid,andy_reid
2019,LA,6,2019_06_SF_LA,Sean McVay,sean_mcvay,sean_mcvay
2019,LAC,6,2019_06_PIT_LAC,Anthony Lynn,anthony_lynn,ken_whisenhunt
2019,MIA,6,2019_06_WAS_MIA,Brian Flores,brian_flores,chad_oshea
2019,MIN,6,2019_06_PHI_MIN,Mike Zimmer,mike_zimmer,kevin_stefanski
2019,NE,6,2019_06_NYG_NE,Bill Belichick,bill_belichick,
2019,NO,6,2019_06_NO_JAX,Sean Payton,sean_payton,
2019,NYG,6,2019_06_NYG_NE,Pat Shurmur,pat_shurmur,
2019,NYJ,6,2019_06_DAL_NYJ,Adam Gase,adam_gase,adam_gase
2019,PHI,6,2019_06_PHI_MIN,Doug Pederson,doug_pederson,doug_pederson
2019,PIT,6,2019_06_PIT_LAC,Mike Tomlin,mike_tomlin,randy_fichtner
2019,SEA,6,2019_06_SEA_CLE,Pete Carroll,pete_carroll,brian_schottenheimer
2019,SF,6,2019_06_SF_LA,Kyle Shanahan,kyle_shanahan,kyle_shanahan
2019,TB,6,2019_06_CAR_TB,Bruce Arians,bruce_arians,byron_leftwich
2019,TEN,6,2019_06_TEN_DEN,Mike Vrabel,mike_vrabel,arthur_smith
2019,WAS,6,2019_06_WAS_MIA,Bill Callahan,bill_callahan,kevin_oconnell
2019,ARI,7,2019_07_ARI_NYG,Kliff Kingsbury,kliff_kingsbury,
2019,ATL,7,2019_07_LA_ATL,Dan Quinn,dan_quinn,
2019,BAL,7,2019_07_BAL_SEA,John Harbaugh,john_harbaugh,
2019,BUF,7,2019_07_MIA_BUF,Sean McDermott,sean_mcdermott,
2019,CHI,7,2019_07_NO_CHI,Matt Nagy,matt_nagy,matt_nagy
2019,CIN,7,2019_07_JAX_CIN,Zac Taylor,zac_taylor,zac_taylor
2019,DAL,7,2019_07_PHI_DAL,Jason Garrett,jason_garrett,kellen_moore
2019,DEN,7,2019_07_KC_DEN,Vic Fangio,vic_fangio,rich_scangarello
2019,DET,7,2019_07_MIN_DET,Matt Patricia,matt_patricia,
2019,GB,7,2019_07_OAK_GB,Matt LaFleur,matt_lafleur,matt_lafleur
2019,HOU,7,2019_07_HOU_IND,Bill O'Brien,bill_obrien,bill_obrien
2019,IND,7,2019_07_HOU_IND,Frank Reich,frank_reich,frank_reich
2019,JAX,7,2019_07_JAX_CIN,Doug Marrone,doug_marrone,john_defilippo
2019,KC,7,2019_07_KC_DEN,Andy Reid,andy_reid,andy_reid
2019,LA,7,2019_07_LA_ATL,Sean McVay,sean_mcvay,sean_mcvay
2019,LAC,7,2019_07_LAC_TEN,Anthony Lynn,anthony_lynn,ken_whisenhunt
2019,LV,7,2019_07_OAK_GB,Jon Gruden,jon_gruden,jon_gruden
2019,MIA,7,2019_07_MIA_BUF,Brian Flores,brian_flores,chad_oshea
2019,MIN,7,2019_07_MIN_DET,Mike Zimmer,mike_zimmer,kevin_stefanski
2019,NE,7,2019_07_NE_NYJ,Bill Belichick,bill_belichick,
2019,NO,7,2019_07_NO_CHI,Sean Payton,sean_payton,
2019,NYG,7,2019_07_ARI_NYG,Pat Shurmur,pat_shurmur,
2019,NYJ,7,2019_07_NE_NYJ,Adam Gase,adam_gase,adam_gase
2019,PHI,7,2019_07_PHI_DAL,Doug Pederson,doug_pederson,doug_pederson
2019,SEA,7,2019_07_BAL_SEA,Pete Carroll,pete_carroll,brian_schottenheimer
2019,SF,7,2019_07_SF_WAS,Kyle Shanahan,kyle_shanahan,kyle_shanahan
2019,TEN,7,2019_07_LAC_TEN,Mike Vrabel,mike_vrabel,arthur_smith
2019,WAS,7,2019_07_SF_WAS,Bill Callahan,bill_callahan,kevin_oconnell
2019,ARI,8,2019_08_ARI_NO,Kliff Kingsbury,kliff_kingsbury,
2019,ATL,8,2019_08_SEA_ATL,Dan Quinn,dan_quinn,
2019,BUF,8,2019_08_PHI_BUF,Sean McDermott,sean_mcdermott,
2019,CAR,8,2019_08_CAR_SF,Ron Rivera,ron_rivera,norv_turner
2019,CHI,8,2019_08_LAC_CHI,Matt Nagy,matt_nagy,matt_nagy
2019,CIN,8,2019_08_CIN_LA,Zac Taylor,zac_taylor,zac_taylor
2019,CLE,8,2019_08_CLE_NE,Freddie Kitchens,freddie_kitchens,freddie_kitchens
2019,DEN,8,2019_08_DEN_IND,Vic Fangio,vic_fangio,rich_scangarello
2019,DET,8,2019_08_NYG_DET,Matt Patricia,matt_patricia,
2019,GB,8,2019_08_GB_KC,Matt LaFleur,matt_lafleur,matt_lafleur
2019,HOU,8,2019_08_OAK_HOU,Bill O'Brien,bill_obrien,bill_obrien
2019,IND,8,2019_08_DEN_IND,Frank Reich,frank_reich,frank_reich
2019,JAX,8,2019_08_NYJ_JAX,Doug Marrone,doug_marrone,john_defilippo
2019,KC,8,2019_08_GB_KC,Andy Reid,andy_reid,andy_reid
2019,LA,8,2019_08_CIN_LA,Sean McVay,sean_mcvay,sean_mcvay
2019,LAC,8,2019_08_LAC_CHI,Anthony Lynn,anthony_lynn,shane_steichen
2019,LV,8,2019_08_OAK_HOU,Jon Gruden,jon_gruden,jon_gruden
2019,MIA,8,2019_08_MIA_PIT,Brian Flores,brian_flores,chad_oshea
2019,MIN,8,2019_08_WAS_MIN,Mike Zimmer,mike_zimmer,kevin_stefanski
2019,NE,8,2019_08_CLE_NE,Bill Belichick,bill_belichick,
2019,NO,8,2019_08_ARI_NO,Sean Payton,sean_payton,
2019,NYG,8,2019_08_NYG_DET,Pat Shurmur,pat_shurmur,
2019,NYJ,8,2019_08_NYJ_JAX,Adam Gase,adam_gase,adam_gase
2019,PHI,8,2019_08_PHI_BUF,Doug Pederson,doug_pederson,doug_pederson
2019,PIT,8,2019_08_MIA_PIT,Mike Tomlin,mike_tomlin,randy_fichtner
2019,SEA,8,2019_08_SEA_ATL,Pete Carroll,pete_carroll,brian_schottenheimer
2019,SF,8,2019_08_CAR_SF,Kyle Shanahan,kyle_shanahan,kyle_shanahan
2019,TB,8,2019_08_TB_TEN,Bruce Arians,bruce_arians,byron_leftwich
2019,TEN,8,2019_08_TB_TEN,Mike Vrabel,mike_vrabel,arthur_smith
2019,WAS,8,2019_08_WAS_MIN,Bill Callahan,bill_callahan,kevin_oconnell
2019,ARI,9,2019_09_SF_ARI,Kliff Kingsbury,kliff_kingsbury,
2019,BAL,9,2019_09_NE_BAL,John Harbaugh,john_harbaugh,
2019,BUF,9,2019_09_WAS_BUF,Sean McDermott,sean_mcdermott,
2019,CAR,9,2019_09_TEN_CAR,Ron Rivera,ron_rivera,norv_turner
2019,CHI,9,2019_09_CHI_PHI,Matt Nagy,matt_nagy,matt_nagy
2019,CLE,9,2019_09_CLE_DEN,Freddie Kitchens,freddie_kitchens,freddie_kitchens
2019,DAL,9,2019_09_DAL_NYG,Jason Garrett,jason_garrett,kellen_moore
2019,DEN,9,2019_09_CLE_DEN,Vic Fangio,vic_fangio,rich_scangarello
2019,DET,9,2019_09_DET_OAK,Matt Patricia,matt_patricia,
2019,GB,9,2019_09_GB_LAC,Matt LaFleur,matt_lafleur,matt_lafleur
2019,HOU,9,2019_09_HOU_JAX,Bill O'Brien,bill_obrien,bill_obrien
2019,IND,9,2019_09_IND_PIT,Frank Reich,frank_reich,frank_reich
2019,JAX,9,2019_09_HOU_JAX,Doug Marrone,doug_marrone,john_defilippo
2019,KC,9,2019_09_MIN_KC,Andy Reid,andy_reid,andy_reid
2019,LAC,9,2019_09_GB_LAC,Anthony Lynn,anthony_lynn,shane_steichen
2019,LV,9,2019_09_DET_OAK,Jon Gruden,jon_gruden,jon_gruden
2019,MIA,9,2019_09_NYJ_MIA,Brian Flores,brian_flores,chad_oshea
2019,MIN,9,2019_09_MIN_KC,Mike Zimmer,mike_zimmer,kevin_stefanski
2019,NE,9,2019_09_NE_BAL,Bill Belichick,bill_belichick,
2019,NYG,9,2019_09_DAL_NYG,Pat Shurmur,pat_shurmur,
2019,NYJ,9,2019_09_NYJ_MIA,Adam Gase,adam_gase,adam_gase
2019,PHI,9,2019_09_CHI_PHI,Doug Pederson,doug_pederson,doug_pederson
2019,PIT,9,2019_09_IND_PIT,Mike Tomlin,mike_tomlin,randy_fichtner
2019,SEA,9,2019_09_TB_SEA,Pete Carroll,pete_carroll,brian_schottenheimer
2019,SF,9,2019_09_SF_ARI,Kyle Shanahan,kyle_shanahan,kyle_shanahan
2019,TB,9,2019_09_TB_SEA,Bruce Arians,bruce_arians,byron_leftwich
2019,TEN,9,2019_09_TEN_CAR,Mike Vrabel,mike_vrabel,arthur_smith
2019,WAS,9,2019_09_WAS_BUF,Bill Callahan,bill_callahan,kevin_oconnell
2019,ARI,10,2019_10_ARI_TB,Kliff Kingsbury,kliff_kingsbury,
2019,ATL,10,2019_10_ATL_NO,Dan Quinn,dan_quinn,
2019,BAL,10,2019_10_BAL_CIN,John Harbaugh,john_harbaugh,
2019,BUF,10,2019_10_BUF_CLE,Sean McDermott,sean_mcdermott,
2019,CAR,10,2019_10_CAR_GB,Ron Rivera,ron_rivera,norv_turner
2019,CHI,10,2019_10_DET_CHI,Matt Nagy,matt_nagy,matt_nagy
2019,CIN,10,2019_10_BAL_CIN,Zac Taylor,zac_taylor,zac_taylor
2019,CLE,10,2019_10_BUF_CLE,Freddie Kitchens,freddie_kitchens,freddie_kitchens
2019,DAL,10,2019_10_MIN_DAL,Jason Garrett,jason_garrett,kellen_moore
2019,DET,10,2019_10_DET_CHI,Matt Patricia,matt_patricia,
2019,GB,10,2019_10_CAR_GB,Matt LaFleur,matt_lafleur,matt_lafleur
2019,IND,10,2019_10_MIA_IND,Frank Reich,frank_reich,frank_reich
2019,KC,10,2019_10_KC_TEN,Andy Reid,andy_reid,andy_reid
2019,LA,10,2019_10_LA_PIT,Sean McVay,sean_mcvay,sean_mcvay
2019,LAC,10,2019_10_LAC_OAK,Anthony Lynn,anthony_lynn,shane_steichen
2019,LV,10,2019_10_LAC_OAK,Jon Gruden,jon_gruden,jon_gruden
2019,MIA,10,2019_10_MIA_IND,Brian Flores,brian_flores,chad_oshea
2019,MIN,10,2019_10_MIN_DAL,Mike Zimmer,mike_zimmer,kevin_stefanski
2019,NO,10,2019_10_ATL_NO,Sean Payton,sean_payton,
2019,NYG,10,2019_10_NYG_NYJ,Pat Shurmur,pat_shurmur,
2019,NYJ,10,2019_10_NYG_NYJ,Adam Gase,adam_gase,adam_gase
2019,PIT,10,2019_10_LA_PIT,Mike Tomlin,mike_tomlin,randy_fichtner
2019,SEA,10,2019_10_SEA_SF,Pete Carroll,pete_carroll,brian_schottenheimer
2019,SF,10,2019_10_SEA_SF,Kyle Shanahan,kyle_shanahan,kyle_shanahan
2019,TB,10,2019_10_ARI_TB,Bruce Arians,bruce_arians,byron_leftwich
2019,TEN,10,2019_10_KC_TEN,Mike Vrabel,mike_vrabel,arthur_smith
2019,ARI,11,2019_11_ARI_SF,Kliff Kingsbury,kliff_kingsbury,
2019,ATL,11,2019_11_ATL_CAR,Dan Quinn,dan_quinn,
2019,BAL,11,2019_11_HOU_BAL,John Harbaugh,john_harbaugh,
2019,BUF,11,2019_11_BUF_MIA,Sean McDermott,sean_mcdermott,
2019,CAR,11,2019_11_ATL_CAR,Ron Rivera,ron_rivera,norv_turner
2019,CHI,11,2019_11_CHI_LA,Matt Nagy,matt_nagy,matt_nagy
2019,CIN,11,2019_11_CIN_OAK,Zac Taylor,zac_taylor,zac_taylor
2019,CLE,11,2019_11_PIT_CLE,Freddie Kitchens,freddie_kitchens,freddie_kitchens
2019,DAL,11,2019_11_DAL_DET,Jason Garrett,jason_garrett,kellen_moore
2019,DEN,11,2019_11_DEN_MIN,Vic Fangio,vic_fangio,rich_scangarello
2019,DET,11,2019_11_DAL_DET,Matt Patricia,matt_patricia,
2019,HOU,11,2019_11_HOU_BAL,Bill O'Brien,bill_obrien,bill_obrien
2019,IND,11,2019_11_JAX_IND,Frank Reich,frank_reich,frank_reich
2019,JAX,11,2019_11_JAX_IND,Doug Marrone,doug_marrone,john_defilippo
2019,KC,11,2019_11_KC_LAC,Andy Reid,andy_reid,andy_reid
2019,LA,11,2019_11_CHI_LA,Sean McVay,sean_mcvay,sean_mcvay
2019,LAC,11,2019_11_KC_LAC,Anthony Lynn,anthony_lynn,shane_steichen
2019,LV,11,2019_11_CIN_OAK,Jon Gruden,jon_gruden,jon_gruden
2019,MIA,11,2019_11_BUF_MIA,Brian Flores,brian_flores,chad_oshea
2019,MIN,11,2019_11_DEN_MIN,Mike Zimmer,mike_zimmer,kevin_stefanski
2019,NE,11,2019_11_NE_PHI,Bill Belichick,bill_belichick,
2019,NO,11,2019_11_NO_TB,Sean Payton,sean_payton,
2019,NYJ,11,2019_11_NYJ_WAS,Adam Gase,adam_gase,adam_gase
2019,PHI,11,2019_11_NE_PHI,Doug Pederson,doug_pederson,doug_pederson
2019,PIT,11,2019_11_PIT_CLE,Mike Tomlin,mike_tomlin,randy_fichtner
2019,SF,11,2019_11_ARI_SF,Kyle Shanahan,kyle_shanahan,kyle_shanahan
2019,TB,11,2019_11_NO_TB,Bruce Arians,bruce_arians,byron_leftwich
2019,WAS,11,2019_11_NYJ_WAS,Bill Callahan,bill_callahan,kevin_oconnell
2019,ATL,12,2019_12_TB_ATL,Dan Quinn,dan_quinn,
2019,BAL,12,2019_12_BAL_LA,John Harbaugh,john_harbaugh,
2019,BUF,12,2019_12_DEN_BUF,Sean McDermott,sean_mcdermott,
2019,CAR,12,2019_12_CAR_NO,Ron Rivera,ron_rivera,norv_turner
2019,CHI,12,2019_12_NYG_CHI,Matt Nagy,matt_nagy,matt_nagy
2019,CIN,12,2019_12_PIT_CIN,Zac Taylor,zac_taylor,zac_taylor
2019,CLE,12,2019_12_MIA_CLE,Freddie Kitchens,freddie_kitchens,freddie_kitchens
2019,DAL,12,2019_12_DAL_NE,Jason Garrett,jason_garrett,kellen_moore
2019,DEN,12,2019_12_DEN_BUF,Vic Fangio,vic_fangio,rich_scangarello
2019,DET,12,2019_12_DET_WAS,Matt Patricia,matt_patricia,
2019,GB,12,2019_12_GB_SF,Matt LaFleur,matt_lafleur,matt_lafleur
2019,HOU,12,2019_12_IND_HOU,Bill O'Brien,bill_obrien,bill_obrien
2019,IND,12,2019_12_IND_HOU,Frank Reich,frank_reich,frank_reich
2019,JAX,12,2019_12_JAX_TEN,Doug Marrone,doug_marrone,john_defilippo
2019,LA,12,2019_12_BAL_LA,Sean McVay,sean_mcvay,sean_mcvay
2019,LV,12,2019_12_OAK_NYJ,Jon Gruden,jon_gruden,jon_gruden
2019,MIA,12,2019_12_MIA_CLE,Brian Flores,brian_flores,chad_oshea
2019,NE,12,2019_12_DAL_NE,Bill Belichick,bill_belichick,
2019,NO,12,2019_12_CAR_NO,Sean Payton,sean_payton,
2019,NYG,12,2019_12_NYG_CHI,Pat Shurmur,pat_shurmur,
2019,NYJ,12,2019_12_OAK_NYJ,Adam Gase,adam_gase,adam_gase
2019,PHI,12,2019_12_SEA_PHI,Doug Pederson,doug_pederson,doug_pederson
2019,PIT,12,2019_12_PIT_CIN,Mike Tomlin,mike_tomlin,randy_fichtner
2019,SEA,12,2019_12_SEA_PHI,Pete Carroll,pete_carroll,brian_schottenheimer
2019,SF,12,2019_12_GB_SF,Kyle Shanahan,kyle_shanahan,kyle_shanahan
2019,TB,12,2019_12_TB_ATL,Bruce Arians,bruce_arians,byron_leftwich
2019,TEN,12,2019_12_JAX_TEN,Mike Vrabel,mike_vrabel,arthur_smith
2019,WAS,12,2019_12_DET_WAS,Bill Callahan,bill_callahan,kevin_oconnell
2019,ARI,13,2019_13_LA_ARI,Kliff Kingsbury,kliff_kingsbury,
2019,ATL,13,2019_13_NO_ATL,Dan Quinn,dan_quinn,
2019,BAL,13,2019_13_SF_BAL,John Harbaugh,john_harbaugh,
2019,BUF,13,2019_13_BUF_DAL,Sean McDermott,sean_mcdermott,
2019,CAR,13,2019_13_WAS_CAR,Ron Rivera,ron_rivera,norv_turner
2019,CHI,13,2019_13_CHI_DET,Matt Nagy,matt_nagy,matt_nagy
2019,CIN,13,2019_13_NYJ_CIN,Zac Taylor,zac_taylor,zac_taylor
2019,CLE,13,2019_13_CLE_PIT,Freddie Kitchens,freddie_kitchens,freddie_kitchens
2019,DAL,13,2019_13_BUF_DAL,Jason Garrett,jason_garrett,kellen_moore
2019,DEN,13,2019_13_LAC_DEN,Vic Fangio,vic_fangio,rich_scangarello
2019,DET,13,2019_13_CHI_DET,Matt Patricia,matt_patricia,
2019,GB,13,2019_13_GB_NYG,Matt LaFleur,matt_lafleur,matt_lafleur
2019,HOU,13,2019_13_NE_HOU,Bill O'Brien,bill_obrien,bill_obrien
2019,IND,13,2019_13_TEN_IND,Frank Reich,frank_reich,frank_reich
2019,JAX,13,2019_13_TB_JAX,Doug Marrone,doug_marrone,john_defilippo
2019,KC,13,2019_13_OAK_KC,Andy Reid,andy_reid,andy_reid
2019,LA,13,2019_13_LA_ARI,Sean McVay,sean_mcvay,sean_mcvay
2019,LAC,13,2019_13_LAC_DEN,Anthony Lynn,anthony_lynn,shane_steichen
2019,LV,13,2019_13_OAK_KC,Jon Gruden,jon_gruden,jon_gruden
2019,MIA,13,2019_13_PHI_MIA,Brian Flores,brian_flores,chad_oshea
2019,MIN,13,2019_13_MIN_SEA,Mike Zimmer,mike_zimmer,kevin_stefanski
2019,NE,13,2019_13_NE_HOU,Bill Belichick,bill_belichick,
2019,NO,13,2019_13_NO_ATL,Sean Payton,sean_payton,
2019,NYG,13,2019_13_GB_NYG,Pat Shurmur,pat_shurmur,
2019,NYJ,13,2019_13_NYJ_CIN,Adam Gase,adam_gase,adam_gase
2019,PHI,13,2019_13_PHI_MIA,Doug Pederson,doug_pederson,doug_pederson
2019,PIT,13,2019_13_CLE_PIT,Mike Tomlin,mike_tomlin,randy_fichtner
2019,SEA,13,2019_13_MIN_SEA,Pete Carroll,pete_carroll,brian_schottenheimer
2019,SF,13,2019_13_SF_BAL,Kyle Shanahan,kyle_shanahan,kyle_shanahan
2019,TB,13,2019_13_TB_JAX,Bruce Arians,bruce_arians,byron_leftwich
2019,TEN,13,2019_13_TEN_IND,Mike Vrabel,mike_vrabel,arthur_smith
2019,WAS,13,2019_13_WAS_CAR,Bill Callahan,bill_callahan,kevin_oconnell
2019,ARI,14,2019_14_PIT_ARI,Kliff Kingsbury,kliff_kingsbury,
2019,ATL,14,2019_14_CAR_ATL,Dan Quinn,dan_quinn,
2019,BAL,14,2019_14_BAL_BUF,John Harbaugh,john_harbaugh,
2019,BUF,14,2019_14_BAL_BUF,Sean McDermott,sean_mcdermott,
2019,CAR,14,2019_14_CAR_ATL,Ron Rivera,ron_rivera,norv_turner
2019,CHI,14,2019_14_DAL_CHI,Matt Nagy,matt_nagy,matt_nagy
2019,CIN,14,2019_14_CIN_CLE,Zac Taylor,zac_taylor,zac_taylor
2019,CLE,14,2019_14_CIN_CLE,Freddie Kitchens,freddie_kitchens,freddie_kitchens
2019,DAL,14,2019_14_DAL_CHI,Jason Garrett,jason_garrett,kellen_moore
2019,DEN,14,2019_14_DEN_HOU,Vic Fangio,vic_fangio,rich_scangarello
2019,DET,14,2019_14_DET_MIN,Matt Patricia,matt_patricia,
2019,GB,14,2019_14_WAS_GB,Matt LaFleur,matt_lafleur,matt_lafleur
2019,HOU,14,2019_14_DEN_HOU,Bill O'Brien,bill_obrien,bill_obrien
2019,IND,14,2019_14_IND_TB,Frank Reich,frank_reich,frank_reich
2019,JAX,14,2019_14_LAC_JAX,Doug Marrone,doug_marrone,john_defilippo
2019,KC,14,2019_14_KC_NE,Andy Reid,andy_reid,andy_reid
2019,LA,14,2019_14_SEA_LA,Sean McVay,sean_mcvay,sean_mcvay
2019,LAC,14,2019_14_LAC_JAX,Anthony Lynn,anthony_lynn,shane_steichen
2019,LV,14,2019_14_TEN_OAK,Jon Gruden,jon_gruden,jon_gruden
2019,MIA,14,2019_14_MIA_NYJ,Brian Flores,brian_flores,chad_oshea
2019,MIN,14,2019_14_DET_MIN,Mike Zimmer,mike_zimmer,kevin_stefanski
2019,NE,14,2019_14_KC_NE,Bill Belichick,bill_belichick,
2019,NO,14,2019_14_SF_NO,Sean Payton,sean_payton,
2019,NYG,14,2019_14_NYG_PHI,Pat Shurmur,pat_shurmur,
2019,NYJ,14,2019_14_MIA_NYJ,Adam Gase,adam_gase,adam_gase
2019,PHI,14,2019_14_NYG_PHI,Doug Pederson,doug_pederson,doug_pederson
2019,PIT,14,2019_14_PIT_ARI,Mike Tomlin,mike_tomlin,randy_fichtner
2019,SEA,14,2019_14_SEA_LA,Pete Carroll,pete_carroll,brian_schottenheimer
2019,SF,14,2019_14_SF_NO,Kyle Shanahan,kyle_shanahan,kyle_shanahan
2019,TB,14,2019_14_IND_TB,Bruce Arians,bruce_arians,byron_leftwich
2019,TEN,14,2019_14_TEN_OAK,Mike Vrabel,mike_vrabel,arthur_smith
2019,WAS,14,2019_14_WAS_GB,Bill Callahan,bill_callahan,kevin_oconnell
2019,ARI,15,2019_15_CLE_ARI,Kliff Kingsbury,kliff_kingsbury,
2019,ATL,15,2019_15_ATL_SF,Dan Quinn,dan_quinn,
2019,BAL,15,2019_15_NYJ_BAL,John Harbaugh,john_harbaugh,
2019,BUF,15,2019_15_BUF_PIT,Sean McDermott,sean_mcdermott,
2019,CAR,15,2019_15_SEA_CAR,Ron Rivera,ron_rivera,norv_turner
2019,CHI,15,2019_15_CHI_GB,Matt Nagy,matt_nagy,matt_nagy
2019,CIN,15,2019_15_NE_CIN,Zac Taylor,zac_taylor,zac_taylor
2019,CLE,15,2019_15_CLE_ARI,Freddie Kitchens,freddie_kitchens,freddie_kitchens
2019,DAL,15,2019_15_LA_DAL,Jason Garrett,jason_garrett,kellen_moore
2019,DEN,15,2019_15_DEN_KC,Vic Fangio,vic_fangio,rich_scangarello
2019,DET,15,2019_15_TB_DET,Matt Patricia,matt_patricia,
2019,GB,15,2019_15_CHI_GB,Matt LaFleur,matt_lafleur,matt_lafleur
2019,HOU,15,2019_15_HOU_TEN,Bill O'Brien,bill_obrien,bill_obrien
2019,IND,15,2019_15_IND_NO,Frank Reich,frank_reich,frank_reich
2019,JAX,15,2019_15_JAX_OAK,Doug Marrone,doug_marrone,john_defilippo
2019,KC,15,2019_15_DEN_KC,Andy Reid,andy_reid,andy_reid
2019,LA,15,2019_15_LA_DAL,Sean McVay,sean_mcvay,sean_mcvay
2019,LAC,15,2019_15_MIN_LAC,Anthony Lynn,anthony_lynn,shane_steichen
2019,LV,15,2019_15_JAX_OAK,Jon Gruden,jon_gruden,jon_gruden
2019,MIA,15,2019_15_MIA_NYG,Brian Flores,brian_flores,chad_oshea
2019,MIN,15,2019_15_MIN_LAC,Mike Zimmer,mike_zimmer,kevin_stefanski
2019,NE,15,2019_15_NE_CIN,Bill Belichick,bill_belichick,
2019,NO,15,2019_15_IND_NO,Sean Payton,sean_payton,
2019,NYG,15,2019_15_MIA_NYG,Pat Shurmur,pat_shurmur,
2019,NYJ,15,2019_15_NYJ_BAL,Adam Gase,adam_gase,adam_gase
2019,PHI,15,2019_15_PHI_WAS,Doug Pederson,doug_pederson,doug_pederson
2019,PIT,15,2019_15_BUF_PIT,Mike Tomlin,mike_tomlin,randy_fichtner
2019,SEA,15,2019_15_SEA_CAR,Pete Carroll,pete_carroll,brian_schottenheimer
2019,SF,15,2019_15_ATL_SF,Kyle Shanahan,kyle_shanahan,kyle_shanahan
2019,TB,15,2019_15_TB_DET,Bruce Arians,bruce_arians,byron_leftwich
2019,TEN,15,2019_15_HOU_TEN,Mike Vrabel,mike_vrabel,arthur_smith
2019,WAS,15,2019_15_PHI_WAS,Bill Callahan,bill_callahan,kevin_oconnell
2019,ARI,16,2019_16_ARI_SEA,Kliff Kingsbury,kliff_kingsbury,
2019,ATL,16,2019_16_JAX_ATL,Dan Quinn,dan_quinn,
2019,BAL,16,2019_16_BAL_CLE,John Harbaugh,john_harbaugh,
2019,BUF,16,2019_16_BUF_NE,Sean McDermott,sean_mcdermott,
2019,CAR,16,2019_16_CAR_IND,Ron Rivera,ron_rivera,norv_turner
2019,CHI,16,2019_16_KC_CHI,Matt Nagy,matt_nagy,matt_nagy
2019,CIN,16,2019_16_CIN_MIA,Zac Taylor,zac_taylor,zac_taylor
2019,CLE,16,2019_16_BAL_CLE,Freddie Kitchens,freddie_kitchens,freddie_kitchens
2019,DAL,16,2019_16_DAL_PHI,Jason Garrett,jason_garrett,kellen_moore
2019,DEN,16,2019_16_DET_DEN,Vic Fangio,vic_fangio,rich_scangarello
2019,DET,16,2019_16_DET_DEN,Matt Patricia,matt_patricia,
2019,GB,16,2019_16_GB_MIN,Matt LaFleur,matt_lafleur,matt_lafleur
2019,HOU,16,2019_16_HOU_TB,Bill O'Brien,bill_obrien,bill_obrien
2019,IND,16,2019_16_CAR_IND,Frank Reich,frank_reich,frank_reich
2019,JAX,16,2019_16_JAX_ATL,Doug Marrone,doug_marrone,john_defilippo
2019,KC,16,2019_16_KC_CHI,Andy Reid,andy_reid,andy_reid
2019,LA,16,2019_16_LA_SF,Sean McVay,sean_mcvay,sean_mcvay
2019,LAC,16,2019_16_OAK_LAC,Anthony Lynn,anthony_lynn,shane_steichen
2019,LV,16,2019_16_OAK_LAC,Jon Gruden,jon_gruden,jon_gruden
2019,MIA,16,2019_16_CIN_MIA,Brian Flores,brian_flores,chad_oshea
2019,MIN,16,2019_16_GB_MIN,Mike Zimmer,mike_zimmer,kevin_stefanski
2019,NE,16,2019_16_BUF_NE,Bill Belichick,bill_belichick,
2019,NO,16,2019_16_NO_TEN,Sean Payton,sean_payton,
2019,NYG,16,2019_16_NYG_WAS,Pat Shurmur,pat_shurmur,
2019,NYJ,16,2019_16_PIT_NYJ,Adam Gase,adam_gase,adam_gase
2019,PHI,16,2019_16_DAL_PHI,Doug Pederson,doug_pederson,doug_pederson
2019,PIT,16,2019_16_PIT_NYJ,Mike Tomlin,mike_tomlin,randy_fichtner
2019,SEA,16,2019_16_ARI_SEA,Pete Carroll,pete_carroll,brian_schottenheimer
2019,SF,16,2019_16_LA_SF,Kyle Shanahan,kyle_shanahan,kyle_shanahan
2019,TB,16,2019_16_HOU_TB,Bruce Arians,bruce_arians,byron_leftwich
2019,TEN,16,2019_16_NO_TEN,Mike Vrabel,mike_vrabel,arthur_smith
2019,WAS,16,2019_16_NYG_WAS,Bill Callahan,bill_callahan,kevin_oconnell
2019,ARI,17,2019_17_ARI_LA,Kliff Kingsbury,kliff_kingsbury,
2019,ATL,17,2019_17_ATL_TB,Dan Quinn,dan_quinn,
2019,BAL,17,2019_17_PIT_BAL,John Harbaugh,john_harbaugh,
2019,BUF,17,2019_17_NYJ_BUF,Sean McDermott,sean_mcdermott,
2019,CAR,17,2019_17_NO_CAR,Ron Rivera,ron_rivera,norv_turner
2019,CHI,17,2019_17_CHI_MIN,Matt Nagy,matt_nagy,matt_nagy
2019,CIN,17,2019_17_CLE_CIN,Zac Taylor,zac_taylor,zac_taylor
2019,CLE,17,2019_17_CLE_CIN,Freddie Kitchens,freddie_kitchens,freddie_kitchens
2019,DAL,17,2019_17_WAS_DAL,Jason Garrett,jason_garrett,kellen_moore
2019,DEN,17,2019_17_OAK_DEN,Vic Fangio,vic_fangio,rich_scangarello
2019,DET,17,2019_17_GB_DET,Matt Patricia,matt_patricia,
2019,GB,17,2019_17_GB_DET,Matt LaFleur,matt_lafleur,matt_lafleur
2019,HOU,17,2019_17_TEN_HOU,Bill O'Brien,bill_obrien,bill_obrien
2019,IND,17,2019_17_IND_JAX,Frank Reich,frank_reich,frank_reich
2019,JAX,17,2019_17_IND_JAX,Doug Marrone,doug_marrone,john_defilippo
2019,KC,17,2019_17_LAC_KC,Andy Reid,andy_reid,andy_reid
2019,LA,17,2019_17_ARI_LA,Sean McVay,sean_mcvay,sean_mcvay
2019,LAC,17,2019_17_LAC_KC,Anthony Lynn,anthony_lynn,shane_steichen
2019,LV,17,2019_17_OAK_DEN,Jon Gruden,jon_gruden,jon_gruden
2019,MIA,17,2019_17_MIA_NE,Brian Flores,brian_flores,chad_oshea
2019,MIN,17,2019_17_CHI_MIN,Mike Zimmer,mike_zimmer,kevin_stefanski
2019,NE,17,2019_17_MIA_NE,Bill Belichick,bill_belichick,
2019,NO,17,2019_17_NO_CAR,Sean Payton,sean_payton,
2019,NYG,17,2019_17_PHI_NYG,Pat Shurmur,pat_shurmur,
2019,NYJ,17,2019_17_NYJ_BUF,Adam Gase,adam_gase,adam_gase
2019,PHI,17,2019_17_PHI_NYG,Doug Pederson,doug_pederson,doug_pederson
2019,PIT,17,2019_17_PIT_BAL,Mike Tomlin,mike_tomlin,randy_fichtner
2019,SEA,17,2019_17_SF_SEA,Pete Carroll,pete_carroll,brian_schottenheimer
2019,SF,17,2019_17_SF_SEA,Kyle Shanahan,kyle_shanahan,kyle_shanahan
2019,TB,17,2019_17_ATL_TB,Bruce Arians,bruce_arians,byron_leftwich
2019,TEN,17,2019_17_TEN_HOU,Mike Vrabel,mike_vrabel,arthur_smith
2019,WAS,17,2019_17_WAS_DAL,Bill Callahan,bill_callahan,kevin_oconnell
2020,ARI,1,2020_01_ARI_SF,Kliff Kingsbury,kliff_kingsbury,kliff_kingsbury
2020,ATL,1,2020_01_SEA_ATL,Dan Quinn,dan_quinn,dirk_koetter
2020,BAL,1,2020_01_CLE_BAL,John Harbaugh,john_harbaugh,greg_roman
2020,BUF,1,2020_01_NYJ_BUF,Sean McDermott,sean_mcdermott,brian_daboll
2020,CAR,1,2020_01_LV_CAR,Matt Rhule,matt_rhule,joe_brady
2020,CHI,1,2020_01_CHI_DET,Matt Nagy,matt_nagy,matt_nagy
2020,CIN,1,2020_01_LAC_CIN,Zac Taylor,zac_taylor,zac_taylor
2020,CLE,1,2020_01_CLE_BAL,Kevin Stefanski,kevin_stefanski,kevin_stefanski
2020,DAL,1,2020_01_DAL_LA,Mike McCarthy,mike_mccarthy,kellen_moore
2020,DEN,1,2020_01_TEN_DEN,Vic Fangio,vic_fangio,pat_shurmur
2020,DET,1,2020_01_CHI_DET,Matt Patricia,matt_patricia,darrell_bevell
2020,GB,1,2020_01_GB_MIN,Matt LaFleur,matt_lafleur,matt_lafleur
2020,HOU,1,2020_01_HOU_KC,Bill O'Brien,bill_obrien,tim_kelly
2020,IND,1,2020_01_IND_JAX,Frank Reich,frank_reich,frank_reich
2020,JAX,1,2020_01_IND_JAX,Doug Marrone,doug_marrone,jay_gruden
2020,KC,1,2020_01_HOU_KC,Andy Reid,andy_reid,andy_reid
2020,LA,1,2020_01_DAL_LA,Sean McVay,sean_mcvay,sean_mcvay
2020,LAC,1,2020_01_LAC_CIN,Anthony Lynn,anthony_lynn,shane_steichen
2020,LV,1,2020_01_LV_CAR,Jon Gruden,jon_gruden,jon_gruden
2020,MIA,1,2020_01_MIA_NE,Brian Flores,brian_flores,chan_gailey
2020,MIN,1,2020_01_GB_MIN,Mike Zimmer,mike_zimmer,gary_kubiak
2020,NE,1,2020_01_MIA_NE,Bill Belichick,bill_belichick,josh_mcdaniels
2020,NO,1,2020_01_TB_NO,Sean Payton,sean_payton,sean_payton
2020,NYG,1,2020_01_PIT_NYG,Joe Judge,joe_judge,jason_garrett
2020,NYJ,1,2020_01_NYJ_BUF,Adam Gase,adam_gase,adam_gase
2020,PHI,1,2020_01_PHI_WAS,Doug Pederson,doug_pederson,doug_pederson
2020,PIT,1,2020_01_PIT_NYG,Mike Tomlin,mike_tomlin,randy_fichtner
2020,SEA,1,2020_01_SEA_ATL,Pete Carroll,pete_carroll,brian_schottenheimer
2020,SF,1,2020_01_ARI_SF,Kyle Shanahan,kyle_shanahan,kyle_shanahan
2020,TB,1,2020_01_TB_NO,Bruce Arians,bruce_arians,byron_leftwich
2020,TEN,1,2020_01_TEN_DEN,Mike Vrabel,mike_vrabel,arthur_smith
2020,WAS,1,2020_01_PHI_WAS,Ron Rivera,ron_rivera,scott_turner
2020,ARI,2,2020_02_WAS_ARI,Kliff Kingsbury,kliff_kingsbury,kliff_kingsbury
2020,ATL,2,2020_02_ATL_DAL,Dan Quinn,dan_quinn,dirk_koetter
2020,BAL,2,2020_02_BAL_HOU,John Harbaugh,john_harbaugh,greg_roman
2020,BUF,2,2020_02_BUF_MIA,Sean McDermott,sean_mcdermott,brian_daboll
2020,CAR,2,2020_02_CAR_TB,Matt Rhule,matt_rhule,joe_brady
2020,CHI,2,2020_02_NYG_CHI,Matt Nagy,matt_nagy,matt_nagy
2020,CIN,2,2020_02_CIN_CLE,Zac Taylor,zac_taylor,zac_taylor
2020,CLE,2,2020_02_CIN_CLE,Kevin Stefanski,kevin_stefanski,kevin_stefanski
2020,DAL,2,2020_02_ATL_DAL,Mike McCarthy,mike_mccarthy,kellen_moore
2020,DEN,2,2020_02_DEN_PIT,Vic Fangio,vic_fangio,pat_shurmur
2020,DET,2,2020_02_DET_GB,Matt Patricia,matt_patricia,darrell_bevell
2020,GB,2,2020_02_DET_GB,Matt LaFleur,matt_lafleur,matt_lafleur
2020,HOU,2,2020_02_BAL_HOU,Bill O'Brien,bill_obrien,tim_kelly
2020,IND,2,2020_02_MIN_IND,Frank Reich,frank_reich,frank_reich
2020,JAX,2,2020_02_JAX_TEN,Doug Marrone,doug_marrone,jay_gruden
2020,KC,2,2020_02_KC_LAC,Andy Reid,andy_reid,andy_reid
2020,LA,2,2020_02_LA_PHI,Sean McVay,sean_mcvay,sean_mcvay
2020,LAC,2,2020_02_KC_LAC,Anthony Lynn,anthony_lynn,shane_steichen
2020,LV,2,2020_02_NO_LV,Jon Gruden,jon_gruden,jon_gruden
2020,MIA,2,2020_02_BUF_MIA,Brian Flores,brian_flores,chan_gailey
2020,MIN,2,2020_02_MIN_IND,Mike Zimmer,mike_zimmer,gary_kubiak
2020,NE,2,2020_02_NE_SEA,Bill Belichick,bill_belichick,josh_mcdaniels
2020,NO,2,2020_02_NO_LV,Sean Payton,sean_payton,sean_payton
2020,NYG,2,2020_02_NYG_CHI,Joe Judge,joe_judge,jason_garrett
2020,NYJ,2,2020_02_SF_NYJ,Adam Gase,adam_gase,adam_gase
2020,PHI,2,2020_02_LA_PHI,Doug Pederson,doug_pederson,doug_pederson
2020,PIT,2,2020_02_DEN_PIT,Mike Tomlin,mike_tomlin,randy_fichtner
2020,SEA,2,2020_02_NE_SEA,Pete Carroll,pete_carroll,brian_schottenheimer
2020,SF,2,2020_02_SF_NYJ,Kyle Shanahan,kyle_shanahan,kyle_shanahan
2020,TB,2,2020_02_CAR_TB,Bruce Arians,bruce_arians,byron_leftwich
2020,TEN,2,2020_02_JAX_TEN,Mike Vrabel,mike_vrabel,arthur_smith
2020,WAS,2,2020_02_WAS_ARI,Ron Rivera,ron_rivera,scott_turner
2020,ARI,3,2020_03_DET_ARI,Kliff Kingsbury,kliff_kingsbury,kliff_kingsbury
2020,ATL,3,2020_03_CHI_ATL,Dan Quinn,dan_quinn,dirk_koetter
2020,BAL,3,2020_03_KC_BAL,John Harbaugh,john_harbaugh,greg_roman
2020,BUF,3,2020_03_LA_BUF,Sean McDermott,sean_mcdermott,brian_daboll
2020,CAR,3,2020_03_CAR_LAC,Matt Rhule,matt_rhule,joe_brady
2020,CHI,3,2020_03_CHI_ATL,Matt Nagy,matt_nagy,matt_nagy
2020,CIN,3,2020_03_CIN_PHI,Zac Taylor,zac_taylor,zac_taylor
2020,CLE,3,2020_03_WAS_CLE,Kevin Stefanski,kevin_stefanski,kevin_stefanski
2020,DAL,3,2020_03_DAL_SEA,Mike McCarthy,mike_mccarthy,kellen_moore
2020,DEN,3,2020_03_TB_DEN,Vic Fangio,vic_fangio,pat_shurmur
2020,DET,3,2020_03_DET_ARI,Matt Patricia,matt_patricia,darrell_bevell
2020,GB,3,2020_03_GB_NO,Matt LaFleur,matt_lafleur,matt_lafleur
2020,HOU,3,2020_03_HOU_PIT,Bill O'Brien,bill_obrien,tim_kelly
2020,IND,3,2020_03_NYJ_IND,Frank Reich,frank_reich,frank_reich
2020,JAX,3,2020_03_MIA_JAX,Doug Marrone,doug_marrone,jay_gruden
2020,KC,3,2020_03_KC_BAL,Andy Reid,andy_reid,andy_reid
2020,LA,3,2020_03_LA_BUF,Sean McVay,sean_mcvay,sean_mcvay
2020,LAC,3,2020_03_CAR_LAC,Anthony Lynn,anthony_lynn,shane_steichen
2020,LV,3,2020_03_LV_NE,Jon Gruden,jon_gruden,jon_gruden
2020,MIA,3,2020_03_MIA_JAX,Brian Flores,brian_flores,chan_gailey
2020,MIN,3,2020_03_TEN_MIN,Mike Zimmer,mike_zimmer,gary_kubiak
2020,NE,3,2020_03_LV_NE,Bill Belichick,bill_belichick,josh_mcdaniels
2020,NO,3,2020_03_GB_NO,Sean Payton,sean_payton,sean_payton
2020,NYG,3,2020_03_SF_NYG,Joe Judge,joe_judge,jason_garrett
2020,NYJ,3,2020_03_NYJ_IND,Adam Gase,adam_gase,adam_gase
2020,PHI,3,2020_03_CIN_PHI,Doug Pederson,doug_pederson,doug_pederson
2020,PIT,3,2020_03_HOU_PIT,Mike Tomlin,mike_tomlin,randy_fichtner
2020,SEA,3,2020_03_DAL_SEA,Pete Carroll,pete_carroll,brian_schottenheimer
2020,SF,3,2020_03_SF_NYG,Kyle Shanahan,kyle_shanahan,kyle_shanahan
2020,TB,3,2020_03_TB_DEN,Bruce Arians,bruce_arians,byron_leftwich
2020,TEN,3,2020_03_TEN_MIN,Mike Vrabel,mike_vrabel,arthur_smith
2020,WAS,3,2020_03_WAS_CLE,Ron Rivera,ron_rivera,scott_turner
2020,ARI,4,2020_04_ARI_CAR,Kliff Kingsbury,kliff_kingsbury,kliff_kingsbury
2020,ATL,4,2020_04_ATL_GB,Dan Quinn,dan_quinn,dirk_koetter
2020,BAL,4,2020_04_BAL_WAS,John Harbaugh,john_harbaugh,greg_roman
2020,BUF,4,2020_04_BUF_LV,Sean McDermott,sean_mcdermott,brian_daboll
2020,CAR,4,2020_04_ARI_CAR,Matt Rhule,matt_rhule,joe_brady
2020,CHI,4,2020_04_IND_CHI,Matt Nagy,matt_nagy,matt_nagy
2020,CIN,4,2020_04_JAX_CIN,Zac Taylor,zac_taylor,zac_taylor
2020,CLE,4,2020_04_CLE_DAL,Kevin Stefanski,kevin_stefanski,kevin_stefanski
2020,DAL,4,2020_04_CLE_DAL,Mike McCarthy,mike_mccarthy,kellen_moore
2020,DEN,4,2020_04_DEN_NYJ,Vic Fangio,vic_fangio,pat_shurmur
2020,DET,4,2020_04_NO_DET,Matt Patricia,matt_patricia,darrell_bevell
2020,GB,4,2020_04_ATL_GB,Matt LaFleur,matt_lafleur,matt_lafleur
2020,HOU,4,2020_04_MIN_HOU,Bill O'Brien,bill_obrien,tim_kelly
2020,IND,4,2020_04_IND_CHI,Frank Reich,frank_reich,frank_reich
2020,JAX,4,2020_04_JAX_CIN,Doug Marrone,doug_marrone,jay_gruden
2020,KC,4,2020_04_NE_KC,Andy Reid,andy_reid,andy_reid
2020,LA,4,2020_04_NYG_LA,Sean McVay,sean_mcvay,sean_mcvay
2020,LAC,4,2020_04_LAC_TB,Anthony Lynn,anthony_lynn,shane_steichen
2020,LV,4,2020_04_BUF_LV,Jon Gruden,jon_gruden,jon_gruden
2020,MIA,4,2020_04_SEA_MIA,Brian Flores,brian_flores,chan_gailey
2020,MIN,4,2020_04_MIN_HOU,Mike Zimmer,mike_zimmer,gary_kubiak
2020,NE,4,2020_04_NE_KC,Bill Belichick,bill_belichick,josh_mcdaniels
2020,NO,4,2020_04_NO_DET,Sean Payton,sean_payton,sean_payton
2020,NYG,4,2020_04_NYG_LA,Joe Judge,joe_judge,jason_garrett
2020,NYJ,4,2020_04_DEN_NYJ,Adam Gase,adam_gase,adam_gase
2020,PHI,4,2020_04_PHI_SF,Doug Pederson,doug_pederson,doug_pederson
2020,SEA,4,2020_04_SEA_MIA,Pete Carroll,pete_carroll,brian_schottenheimer
2020,SF,4,2020_04_PHI_SF,Kyle Shanahan,kyle_shanahan,kyle_shanahan
2020,TB,4,2020_04_LAC_TB,Bruce Arians,bruce_arians,byron_leftwich
2020,WAS,4,2020_04_BAL_WAS,Ron Rivera,ron_rivera,scott_turner
2020,ARI,5,2020_05_ARI_NYJ,Kliff Kingsbury,kliff_kingsbury,kliff_kingsbury
2020,ATL,5,2020_05_CAR_ATL,Dan Quinn,dan_quinn,dirk_koetter
2020,BAL,5,2020_05_CIN_BAL,John Harbaugh,john_harbaugh,greg_roman
2020,BUF,5,2020_05_BUF_TEN,Sean McDermott,sean_mcdermott,brian_daboll
2020,CAR,5,2020_05_CAR_ATL,Matt Rhule,matt_rhule,joe_brady
2020,CHI,5,2020_05_TB_CHI,Matt Nagy,matt_nagy,matt_nagy
2020,CIN,5,2020_05_CIN_BAL,Zac Taylor,zac_taylor,zac_taylor
2020,CLE,5,2020_05_IND_CLE,Kevin Stefanski,kevin_stefanski,kevin_stefanski
2020,DAL,5,2020_05_NYG_DAL,Mike McCarthy,mike_mccarthy,kellen_moore
2020,HOU,5,2020_05_JAX_HOU,Romeo Crennel,romeo_crennel,tim_kelly
2020,IND,5,2020_05_IND_CLE,Frank Reich,frank_reich,frank_reich
2020,JAX,5,2020_05_JAX_HOU,Doug Marrone,doug_marrone,jay_gruden
2020,KC,5,2020_05_LV_KC,Andy Reid,andy_reid,andy_reid
2020,LA,5,2020_05_LA_WAS,Sean McVay,sean_mcvay,sean_mcvay
2020,LAC,5,2020_05_LAC_NO,Anthony Lynn,anthony_lynn,shane_steichen
2020,LV,5,2020_05_LV_KC,Jon Gruden,jon_gruden,jon_gruden
2020,MIA,5,2020_05_MIA_SF,Brian Flores,brian_flores,chan_gailey
2020,MIN,5,2020_05_MIN_SEA,Mike Zimmer,mike_zimmer,gary_kubiak
2020,NO,5,2020_05_LAC_NO,Sean Payton,sean_payton,sean_payton
2020,NYG,5,2020_05_NYG_DAL,Joe Judge,joe_judge,jason_garrett
2020,NYJ,5,2020_05_ARI_NYJ,Adam Gase,adam_gase,adam_gase
2020,PHI,5,2020_05_PHI_PIT,Doug Pederson,doug_pederson,doug_pederson
2020,PIT,5,2020_05_PHI_PIT,Mike Tomlin,mike_tomlin,randy_fichtner
2020,SEA,5,2020_05_MIN_SEA,Pete Carroll,pete_carroll,brian_schottenheimer
2020,SF,5,2020_05_MIA_SF,Kyle Shanahan,kyle_shanahan,kyle_shanahan
2020,TB,5,2020_05_TB_CHI,Bruce Arians,bruce_arians,byron_leftwich
2020,TEN,5,2020_05_BUF_TEN,Mike Vrabel,mike_vrabel,arthur_smith
2020,WAS,5,2020_05_LA_WAS,Ron Rivera,ron_rivera,scott_turner
2020,ARI,6,2020_06_ARI_DAL,Kliff Kingsbury,kliff_kingsbury,kliff_kingsbury
2020,ATL,6,2020_06_ATL_MIN,Raheem Morris,raheem_morris,dirk_koetter
2020,BAL,6,2020_06_BAL_PHI,John Harbaugh,john_harbaugh,greg_roman
2020,BUF,6,2020_06_KC_BUF,Sean McDermott,sean_mcdermott,brian_daboll
2020,CAR,6,2020_06_CHI_CAR,Matt Rhule,matt_rhule,joe_brady
2020,CHI,6,2020_06_CHI_CAR,Matt Nagy,matt_nagy,matt_nagy
2020,CIN,6,2020_06_CIN_IND,Zac Taylor,zac_taylor,zac_taylor
2020,CLE,6,2020_06_CLE_PIT,Kevin Stefanski,kevin_stefanski,kevin_stefanski
2020,DAL,6,2020_06_ARI_DAL,Mike McCarthy,mike_mccarthy,kellen_moore
2020,DEN,6,2020_06_DEN_NE,Vic Fangio,vic_fangio,pat_shurmur
2020,DET,6,2020_06_DET_JAX,Matt Patricia,matt_patricia,darrell_bevell
2020,GB,6,2020_06_GB_TB,Matt LaFleur,matt_lafleur,matt_lafleur
2020,HOU,6,2020_06_HOU_TEN,Romeo Crennel,romeo_crennel,tim_kelly
2020,IND,6,2020_06_CIN_IND,Frank Reich,frank_reich,frank_reich
2020,JAX,6,2020_06_DET_JAX,Doug Marrone,doug_marrone,jay_gruden
2020,KC,6,2020_06_KC_BUF,Andy Reid,andy_reid,andy_reid
2020,LA,6,2020_06_LA_SF,Sean McVay,sean_mcvay,sean_mcvay
2020,MIA,6,2020_06_NYJ_MIA,Brian Flores,brian_flores,chan_gailey
2020,MIN,6,2020_06_ATL_MIN,Mike Zimmer,mike_zimmer,gary_kubiak
2020,NE,6,2020_06_DEN_NE,Bill Belichick,bill_belichick,josh_mcdaniels
2020,NYG,6,2020_06_WAS_NYG,Joe Judge,joe_judge,jason_garrett
2020,NYJ,6,2020_06_NYJ_MIA,Adam Gase,adam_gase,adam_gase
2020,PHI,6,2020_06_BAL_PHI,Doug Pederson,doug_pederson,doug_pederson
2020,PIT,6,2020_06_CLE_PIT,Mike Tomlin,mike_tomlin,randy_fichtner
2020,SF,6,2020_06_LA_SF,Kyle Shanahan,kyle_shanahan,kyle_shanahan
2020,TB,6,2020_06_GB_TB,Bruce Arians,bruce_arians,byron_leftwich
2020,TEN,6,2020_06_HOU_TEN,Mike Vrabel,mike_vrabel,arthur_smith
2020,WAS,6,2020_06_WAS_NYG,Ron Rivera,ron_rivera,scott_turner
2020,ARI,7,2020_07_SEA_ARI,Kliff Kingsbury,kliff_kingsbury,kliff_kingsbury
2020,ATL,7,2020_07_DET_ATL,Raheem Morris,raheem_morris,dirk_koetter
2020,BUF,7,2020_07_BUF_NYJ,Sean McDermott,sean_mcdermott,brian_daboll
2020,CAR,7,2020_07_CAR_NO,Matt Rhule,matt_rhule,joe_brady
2020,CHI,7,2020_07_CHI_LA,Matt Nagy,matt_nagy,matt_nagy
2020,CIN,7,2020_07_CLE_CIN,Zac Taylor,zac_taylor,zac_taylor
2020,CLE,7,2020_07_CLE_CIN,Kevin Stefanski,kevin_stefanski,kevin_stefanski
2020,DAL,7,2020_07_DAL_WAS,Mike McCarthy,mike_mccarthy,kellen_moore
2020,DEN,7,2020_07_KC_DEN,Vic Fangio,vic_fangio,pat_shurmur
2020,DET,7,2020_07_DET_ATL,Matt Patricia,matt_patricia,darrell_bevell
2020,GB,7,2020_07_GB_HOU,Matt LaFleur,matt_lafleur,matt_lafleur
2020,HOU,7,2020_07_GB_HOU,Romeo Crennel,romeo_crennel,tim_kelly
2020,JAX,7,2020_07_JAX_LAC,Doug Marrone,doug_marrone,jay_gruden
2020,KC,7,2020_07_KC_DEN,Andy Reid,andy_reid,andy_reid
2020,LA,7,2020_07_CHI_LA,Sean McVay,sean_mcvay,sean_mcvay
2020,LAC,7,2020_07_JAX_LAC,Anthony Lynn,anthony_lynn,shane_steichen
2020,LV,7,2020_07_TB_LV,Jon Gruden,jon_gruden,jon_gruden
2020,NE,7,2020_07_SF_NE,Bill Belichick,bill_belichick,josh_mcdaniels
2020,NO,7,2020_07_CAR_NO,Sean Payton,sean_payton,sean_payton
2020,NYG,7,2020_07_NYG_PHI,Joe Judge,joe_judge,jason_garrett
2020,NYJ,7,2020_07_BUF_NYJ,Adam Gase,adam_gase,adam_gase
2020,PHI,7,2020_07_NYG_PHI,Doug Pederson,doug_pederson,doug_pederson
2020,PIT,7,2020_07_PIT_TEN,Mike Tomlin,mike_tomlin,randy_fichtner
2020,SEA,7,2020_07_SEA_ARI,Pete Carroll,pete_carroll,brian_schottenheimer
2020,SF,7,2020_07_SF_NE,Kyle Shanahan,kyle_shanahan,kyle_shanahan
2020,TB,7,2020_07_TB_LV,Bruce Arians,bruce_arians,byron_leftwich
2020,TEN,7,2020_07_PIT_TEN,Mike Vrabel,mike_vrabel,arthur_smith
2020,WAS,7,2020_07_DAL_WAS,Ron Rivera,ron_rivera,scott_turner
2020,ATL,8,2020_08_ATL_CAR,Raheem Morris,raheem_morris,dirk_koetter
2020,BAL,8,2020_08_PIT_BAL,John Harbaugh,john_harbaugh,greg_roman
2020,BUF,8,2020_08_NE_BUF,Sean McDermott,sean_mcdermott,brian_daboll
2020,CAR,8,2020_08_ATL_CAR,Matt Rhule,matt_rhule,joe_brady
2020,CHI,8,2020_08_NO_CHI,Matt Nagy,matt_nagy,matt_nagy
2020,CIN,8,2020_08_TEN_CIN,Zac Taylor,zac_taylor,zac_taylor
2020,CLE,8,2020_08_LV_CLE,Kevin Stefanski,kevin_stefanski,kevin_stefanski
2020,DAL,8,2020_08_DAL_PHI,Mike McCarthy,mike_mccarthy,kellen_moore
2020,DEN,8,2020_08_LAC_DEN,Vic Fangio,vic_fangio,pat_shurmur
2020,DET,8,2020_08_IND_DET,Matt Patricia,matt_patricia,darrell_bevell
2020,GB,8,2020_08_MIN_GB,Matt LaFleur,matt_lafleur,matt_lafleur
2020,IND,8,2020_08_IND_DET,Frank Reich,frank_reich,frank_reich
2020,KC,8,2020_08_NYJ_KC,Andy Reid,andy_reid,andy_reid
2020,LA,8,2020_08_LA_MIA,Sean McVay,sean_mcvay,sean_mcvay
2020,LAC,8,2020_08_LAC_DEN,Anthony Lynn,anthony_lynn,shane_steichen
2020,LV,8,2020_08_LV_CLE,Jon Gruden,jon_gruden,jon_gruden
2020,MIA,8,2020_08_LA_MIA,Brian Flores,brian_flores,chan_gailey
2020,MIN,8,2020_08_MIN_GB,Mike Zimmer,mike_zimmer,gary_kubiak
2020,NE,8,2020_08_NE_BUF,Bill Belichick,bill_belichick,josh_mcdaniels
2020,NO,8,2020_08_NO_CHI,Sean Payton,sean_payton,sean_payton
2020,NYG,8,2020_08_TB_NYG,Joe Judge,joe_judge,jason_garrett
2020,NYJ,8,2020_08_NYJ_KC,Adam Gase,adam_gase,adam_gase
2020,PHI,8,2020_08_DAL_PHI,Doug Pederson,doug_pederson,doug_pederson
2020,PIT,8,2020_08_PIT_BAL,Mike Tomlin,mike_tomlin,randy_fichtner
2020,SEA,8,2020_08_SF_SEA,Pete Carroll,pete_carroll,brian_schottenheimer
2020,SF,8,2020_08_SF_SEA,Kyle Shanahan,kyle_shanahan,kyle_shanahan
2020,TB,8,2020_08_TB_NYG,Bruce Arians,bruce_arians,byron_leftwich
2020,TEN,8,2020_08_TEN_CIN,Mike Vrabel,mike_vrabel,arthur_smith
2020,ARI,9,2020_09_MIA_ARI,Kliff Kingsbury,kliff_kingsbury,kliff_kingsbury
2020,ATL,9,2020_09_DEN_ATL,Raheem Morris,raheem_morris,dirk_koetter
2020,BAL,9,2020_09_BAL_IND,John Harbaugh,john_harbaugh,greg_roman
2020,BUF,9,2020_09_SEA_BUF,Sean McDermott,sean_mcdermott,brian_daboll
2020,CAR,9,2020_09_CAR_KC,Matt Rhule,matt_rhule,joe_brady
2020,CHI,9,2020_09_CHI_TEN,Matt Nagy,matt_nagy,matt_nagy
2020,DAL,9,2020_09_PIT_DAL,Mike McCarthy,mike_mccarthy,kellen_moore
2020,DEN,9,2020_09_DEN_ATL,Vic Fangio,vic_fangio,pat_shurmur
2020,DET,9,2020_09_DET_MIN,Matt Patricia,matt_patricia,darrell_bevell
2020,GB,9,2020_09_GB_SF,Matt LaFleur,matt_lafleur,matt_lafleur
2020,HOU,9,2020_09_HOU_JAX,Romeo Crennel,romeo_crennel,tim_kelly
2020,IND,9,2020_09_BAL_IND,Frank Reich,frank_reich,frank_reich
2020,JAX,9,2020_09_HOU_JAX,Doug Marrone,doug_marrone,jay_gruden
2020,KC,9,2020_09_CAR_KC,Andy Reid,andy_reid,andy_reid
2020,LAC,9,2020_09_LV_LAC,Anthony Lynn,anthony_lynn,shane_steichen
2020,LV,9,2020_09_LV_LAC,Jon Gruden,jon_gruden,jon_gruden
2020,MIA,9,2020_09_MIA_ARI,Brian Flores,brian_flores,chan_gailey
2020,MIN,9,2020_09_DET_MIN,Mike Zimmer,mike_zimmer,gary_kubiak
2020,NE,9,2020_09_NE_NYJ,Bill Belichick,bill_belichick,josh_mcdaniels
2020,NO,9,2020_09_NO_TB,Sean Payton,sean_payton,sean_payton
2020,NYG,9,2020_09_NYG_WAS,Joe Judge,joe_judge,jason_garrett
2020,NYJ,9,2020_09_NE_NYJ,Adam Gase,adam_gase,adam_gase
2020,PIT,9,2020_09_PIT_DAL,Mike Tomlin,mike_tomlin,randy_fichtner
2020,SEA,9,2020_09_SEA_BUF,Pete Carroll,pete_carroll,brian_schottenheimer
2020,SF,9,2020_09_GB_SF,Kyle Shanahan,kyle_shanahan,kyle_shanahan
2020,TB,9,2020_09_NO_TB,Bruce Arians,bruce_arians,byron_leftwich
2020,TEN,9,2020_09_CHI_TEN,Mike Vrabel,mike_vrabel,arthur_smith
2020,WAS,9,2020_09_NYG_WAS,Ron Rivera,ron_rivera,scott_turner
2020,ARI,10,2020_10_BUF_ARI,Kliff Kingsbury,kliff_kingsbury,kliff_kingsbury
2020,BAL,10,2020_10_BAL_NE,John Harbaugh,john_harbaugh,greg_roman
2020,BUF,10,2020_10_BUF_ARI,Sean McDermott,sean_mcdermott,brian_daboll
2020,CAR,10,2020_10_TB_CAR,Matt Rhule,matt_rhule,joe_brady
2020,CHI,10,2020_10_MIN_CHI,Matt Nagy,matt_nagy,matt_nagy
2020,CIN,10,2020_10_CIN_PIT,Zac Taylor,zac_taylor,zac_taylor
2020,CLE,10,2020_10_HOU_CLE,Kevin Stefanski,kevin_stefanski,kevin_stefanski
2020,DEN,10,2020_10_DEN_LV,Vic Fangio,vic_fangio,pat_shurmur
2020,DET,10,2020_10_WAS_DET,Matt Patricia,matt_patricia,darrell_bevell
2020,GB,10,2020_10_JAX_GB,Matt LaFleur,matt_lafleur,matt_lafleur
2020,HOU,10,2020_10_HOU_CLE,Romeo Crennel,romeo_crennel,tim_kelly
2020,IND,10,2020_10_IND_TEN,Frank Reich,frank_reich,frank_reich
2020,JAX,10,2020_10_JAX_GB,Doug Marrone,doug_marrone,jay_gruden
2020,LA,10,2020_10_SEA_LA,Sean McVay,sean_mcvay,sean_mcvay
2020,LAC,10,2020_10_LAC_MIA,Anthony Lynn,anthony_lynn,shane_steichen
2020,LV,10,2020_10_DEN_LV,Jon Gruden,jon_gruden,jon_gruden
2020,MIA,10,2020_10_LAC_MIA,Brian Flores,brian_flores,chan_gailey
2020,MIN,10,2020_10_MIN_CHI,Mike Zimmer,mike_zimmer,gary_kubiak
2020,NE,10,2020_10_BAL_NE,Bill Belichick,bill_belichick,josh_mcdaniels
2020,NO,10,2020_10_SF_NO,Sean Payton,sean_payton,sean_payton
2020,NYG,10,2020_10_PHI_NYG,Joe Judge,joe_judge,jason_garrett
2020,PHI,10,2020_10_PHI_NYG,Doug Pederson,doug_pederson,doug_pederson
2020,PIT,10,2020_10_CIN_PIT,Mike Tomlin,mike_tomlin,randy_fichtner
2020,SEA,10,2020_10_SEA_LA,Pete Carroll,pete_carroll,brian_schottenheimer
2020,SF,10,2020_10_SF_NO,Kyle Shanahan,kyle_shanahan,kyle_shanahan
2020,TB,10,2020_10_TB_CAR,Bruce Arians,bruce_arians,byron_leftwich
2020,TEN,10,2020_10_IND_TEN,Mike Vrabel,mike_vrabel,arthur_smith
2020,WAS,10,2020_10_WAS_DET,Ron Rivera,ron_rivera,scott_turner
2020,ARI,11,2020_11_ARI_SEA,Kliff Kingsbury,kliff_kingsbury,kliff_kingsbury
2020,ATL,11,2020_11_ATL_NO,Raheem Morris,raheem_morris,dirk_koetter
2020,BAL,11,2020_11_TEN_BAL,John Harbaugh,john_harbaugh,greg_roman
2020,CAR,11,2020_11_DET_CAR,Matt Rhule,matt_rhule,joe_brady
2020,CIN,11,2020_11_CIN_WAS,Zac Taylor,zac_taylor,zac_taylor
2020,CLE,11,2020_11_PHI_CLE,Kevin Stefanski,kevin_stefanski,kevin_stefanski
2020,DAL,11,2020_11_DAL_MIN,Mike McCarthy,mike_mccarthy,kellen_moore
2020,DEN,11,2020_11_MIA_DEN,Vic Fangio,vic_fangio,pat_shurmur
2020,DET,11,2020_11_DET_CAR,Matt Patricia,matt_patricia,darrell_bevell
2020,GB,11,2020_11_GB_IND,Matt LaFleur,matt_lafleur,matt_lafleur
2020,HOU,11,2020_11_NE_HOU,Romeo Crennel,romeo_crennel,tim_kelly
2020,IND,11,2020_11_GB_IND,Frank Reich,frank_reich,frank_reich
2020,JAX,11,2020_11_PIT_JAX,Doug Marrone,doug_marrone,jay_gruden
2020,KC,11,2020_11_KC_LV,Andy Reid,andy_reid,andy_reid
2020,LA,11,2020_11_LA_TB,Sean McVay,sean_mcvay,sean_mcvay
2020,LAC,11,2020_11_NYJ_LAC,Anthony Lynn,anthony_lynn,shane_steichen
2020,LV,11,2020_11_KC_LV,Jon Gruden,jon_gruden,jon_gruden
2020,MIA,11,2020_11_MIA_DEN,Brian Flores,brian_flores,chan_gailey
2020,MIN,11,2020_11_DAL_MIN,Mike Zimmer,mike_zimmer,gary_kubiak
2020,NE,11,2020_11_NE_HOU,Bill Belichick,bill_belichick,josh_mcdaniels
2020,NO,11,2020_11_ATL_NO,Sean Payton,sean_payton,sean_payton
2020,NYJ,11,2020_11_NYJ_LAC,Adam Gase,adam_gase,adam_gase
2020,PHI,11,2020_11_PHI_CLE,Doug Pederson,doug_pederson,doug_pederson
2020,PIT,11,2020_11_PIT_JAX,Mike Tomlin,mike_tomlin,randy_fichtner
2020,SEA,11,2020_11_ARI_SEA,Pete Carroll,pete_carroll,brian_schottenheimer
2020,TB,11,2020_11_LA_TB,Bruce Arians,bruce_arians,byron_leftwich
2020,TEN,11,2020_11_TEN_BAL,Mike Vrabel,mike_vrabel,arthur_smith
2020,WAS,11,2020_11_CIN_WAS,Ron Rivera,ron_rivera,scott_turner
2020,ARI,12,2020_12_ARI_NE,Kliff Kingsbury,kliff_kingsbury,kliff_kingsbury
2020,ATL,12,2020_12_LV_ATL,Raheem Morris,raheem_morris,dirk_koetter
2020,BAL,12,2020_12_BAL_PIT,John Harbaugh,john_harbaugh,greg_roman
2020,BUF,12,2020_12_LAC_BUF,Sean McDermott,sean_mcdermott,brian_daboll
2020,CAR,12,2020_12_CAR_MIN,Matt Rhule,matt_rhule,joe_brady
2020,CHI,12,2020_12_CHI_GB,Matt Nagy,matt_nagy,bill_lazor
2020,CIN,12,2020_12_NYG_CIN,Zac Taylor,zac_taylor,zac_taylor
2020,CLE,12,2020_12_CLE_JAX,Kevin Stefanski,kevin_stefanski,kevin_stefanski
2020,DAL,12,2020_12_WAS_DAL,Mike McCarthy,mike_mccarthy,kellen_moore
2020,DEN,12,2020_12_NO_DEN,Vic Fangio,vic_fangio,pat_shurmur
2020,DET,12,2020_12_HOU_DET,Matt Patricia,matt_patricia,darrell_bevell
2020,GB,12,2020_12_CHI_GB,Matt LaFleur,matt_lafleur,matt_lafleur
2020,HOU,12,2020_12_HOU_DET,Romeo Crennel,romeo_crennel,tim_kelly
2020,IND,12,2020_12_TEN_IND,Frank Reich,frank_reich,frank_reich
2020,JAX,12,2020_12_CLE_JAX,Doug Marrone,doug_marrone,jay_gruden
2020,KC,12,2020_12_KC_TB,Andy Reid,andy_reid,andy_reid
2020,LA,12,2020_12_SF_LA,Sean McVay,sean_mcvay,sean_mcvay
2020,LAC,12,2020_12_LAC_BUF,Anthony Lynn,anthony_lynn,shane_steichen
2020,LV,12,2020_12_LV_ATL,Jon Gruden,jon_gruden,jon_gruden
2020,MIA,12,2020_12_MIA_NYJ,Brian Flores,brian_flores,chan_gailey
2020,MIN,12,2020_12_CAR_MIN,Mike Zimmer,mike_zimmer,gary_kubiak
2020,NE,12,2020_12_ARI_NE,Bill Belichick,bill_belichick,josh_mcdaniels
2020,NO,12,2020_12_NO_DEN,Sean Payton,sean_payton,sean_payton
2020,NYG,12,2020_12_NYG_CIN,Joe Judge,joe_judge,jason_garrett
2020,NYJ,12,2020_12_MIA_NYJ,Adam Gase,adam_gase,adam_gase
2020,PHI,12,2020_12_SEA_PHI,Doug Pederson,doug_pederson,doug_pederson
2020,PIT,12,2020_12_BAL_PIT,Mike Tomlin,mike_tomlin,randy_fichtner
2020,SEA,12,2020_12_SEA_PHI,Pete Carroll,pete_carroll,brian_schottenheimer
2020,SF,12,2020_12_SF_LA,Kyle Shanahan,kyle_shanahan,kyle_shanahan
2020,TB,12,2020_12_KC_TB,Bruce Arians,bruce_arians,byron_leftwich
2020,TEN,12,2020_12_TEN_IND,Mike Vrabel,mike_vrabel,arthur_smith
2020,WAS,12,2020_12_WAS_DAL,Ron Rivera,ron_rivera,scott_turner
2020,ARI,13,2020_13_LA_ARI,Kliff Kingsbury,kliff_kingsbury,kliff_kingsbury
2020,ATL,13,2020_13_NO_ATL,Raheem Morris,raheem_morris,dirk_koetter
2020,BAL,13,2020_13_DAL_BAL,John Harbaugh,john_harbaugh,greg_roman
2020,BUF,13,2020_13_BUF_SF,Sean McDermott,sean_mcdermott,brian_daboll
2020,CHI,13,2020_13_DET_CHI,Matt Nagy,matt_nagy,bill_lazor
2020,CIN,13,2020_13_CIN_MIA,Zac Taylor,zac_taylor,zac_taylor
2020,CLE,13,2020_13_CLE_TEN,Kevin Stefanski,kevin_stefanski,kevin_stefanski
2020,DAL,13,2020_13_DAL_BAL,Mike McCarthy,mike_mccarthy,kellen_moore
2020,DEN,13,2020_13_DEN_KC,Vic Fangio,vic_fangio,pat_shurmur
2020,DET,13,2020_13_DET_CHI,Darrell Bevell,darrell_bevell,darrell_bevell
2020,GB,13,2020_13_PHI_GB,Matt LaFleur,matt_lafleur,matt_lafleur
2020,HOU,13,2020_13_IND_HOU,Romeo Crennel,romeo_crennel,tim_kelly
2020,IND,13,2020_13_IND_HOU,Frank Reich,frank_reich,frank_reich
2020,JAX,13,2020_13_JAX_MIN,Doug Marrone,doug_marrone,jay_gruden
2020,KC,13,2020_13_DEN_KC,Andy Reid,andy_reid,andy_reid
2020,LA,13,2020_13_LA_ARI,Sean McVay,sean_mcvay,sean_mcvay
2020,LAC,13,2020_13_NE_LAC,Anthony Lynn,anthony_lynn,shane_steichen
2020,LV,13,2020_13_LV_NYJ,Jon Gruden,jon_gruden,jon_gruden
2020,MIA,13,2020_13_CIN_MIA,Brian Flores,brian_flores,chan_gailey
2020,MIN,13,2020_13_JAX_MIN,Mike Zimmer,mike_zimmer,gary_kubiak
2020,NE,13,2020_13_NE_LAC,Bill Belichick,bill_belichick,josh_mcdaniels
2020,NO,13,2020_13_NO_ATL,Sean Payton,sean_payton,sean_payton
2020,NYG,13,2020_13_NYG_SEA,Joe Judge,joe_judge,jason_garrett
2020,NYJ,13,2020_13_LV_NYJ,Adam Gase,adam_gase,adam_gase
2020,PHI,13,2020_13_PHI_GB,Doug Pederson,doug_pederson,doug_pederson
2020,PIT,13,2020_13_WAS_PIT,Mike Tomlin,mike_tomlin,randy_fichtner
2020,SEA,13,2020_13_NYG_SEA,Pete Carroll,pete_carroll,brian_schottenheimer
2020,SF,13,2020_13_BUF_SF,Kyle Shanahan,kyle_shanahan,kyle_shanahan
2020,TEN,13,2020_13_CLE_TEN,Mike Vrabel,mike_vrabel,arthur_smith
2020,WAS,13,2020_13_WAS_PIT,Ron Rivera,ron_rivera,scott_turner
2020,ARI,14,2020_14_ARI_NYG,Kliff Kingsbury,kliff_kingsbury,kliff_kingsbury
2020,ATL,14,2020_14_ATL_LAC,Raheem Morris,raheem_morris,dirk_koetter
2020,BAL,14,2020_14_BAL_CLE,John Harbaugh,john_harbaugh,greg_roman
2020,BUF,14,2020_14_PIT_BUF,Sean McDermott,sean_mcdermott,brian_daboll
2020,CAR,14,2020_14_DEN_CAR,Matt Rhule,matt_rhule,joe_brady
2020,CHI,14,2020_14_HOU_CHI,Matt Nagy,matt_nagy,bill_lazor
2020,CIN,14,2020_14_DAL_CIN,Zac Taylor,zac_taylor,zac_taylor
2020,CLE,14,2020_14_BAL_CLE,Kevin Stefanski,kevin_stefanski,kevin_stefanski
2020,DAL,14,2020_14_DAL_CIN,Mike McCarthy,mike_mccarthy,kellen_moore
2020,DEN,14,2020_14_DEN_CAR,Vic Fangio,vic_fangio,pat_shurmur
2020,DET,14,2020_14_GB_DET,Darrell Bevell,darrell_bevell,darrell_bevell
2020,GB,14,2020_14_GB_DET,Matt LaFleur,matt_lafleur,matt_lafleur
2020,HOU,14,2020_14_HOU_CHI,Romeo Crennel,romeo_crennel,tim_kelly
2020,IND,14,2020_14_IND_LV,Frank Reich,frank_reich,frank_reich
2020,JAX,14,2020_14_TEN_JAX,Doug Marrone,doug_marrone,jay_gruden
2020,KC,14,2020_14_KC_MIA,Andy Reid,andy_reid,andy_reid
2020,LA,14,2020_14_NE_LA,Sean McVay,sean_mcvay,sean_mcvay
2020,LAC,14,2020_14_ATL_LAC,Anthony Lynn,anthony_lynn,shane_steichen
2020,LV,14,2020_14_IND_LV,Jon Gruden,jon_gruden,jon_gruden
2020,MIA,14,2020_14_KC_MIA,Brian Flores,brian_flores,chan_gailey
2020,MIN,14,2020_14_MIN_TB,Mike Zimmer,mike_zimmer,gary_kubiak
2020,NE,14,2020_14_NE_LA,Bill Belichick,bill_belichick,josh_mcdaniels
2020,NO,14,2020_14_NO_PHI,Sean Payton,sean_payton,sean_payton
2020,NYG,14,2020_14_ARI_NYG,Joe Judge,joe_judge,jason_garrett
2020,NYJ,14,2020_14_NYJ_SEA,Adam Gase,adam_gase,adam_gase
2020,PHI,14,2020_14_NO_PHI,Doug Pederson,doug_pederson,doug_pederson
2020,PIT,14,2020_14_PIT_BUF,Mike Tomlin,mike_tomlin,randy_fichtner
2020,SEA,14,2020_14_NYJ_SEA,Pete Carroll,pete_carroll,brian_schottenheimer
2020,SF,14,2020_14_WAS_SF,Kyle Shanahan,kyle_shanahan,kyle_shanahan
2020,TB,14,2020_14_MIN_TB,Bruce Arians,bruce_arians,byron_leftwich
2020,TEN,14,2020_14_TEN_JAX,Mike Vrabel,mike_vrabel,arthur_smith
2020,WAS,14,2020_14_WAS_SF,Ron Rivera,ron_rivera,scott_turner
2020,ARI,15,2020_15_PHI_ARI,Kliff Kingsbury,kliff_kingsbury,kliff_kingsbury
2020,ATL,15,2020_15_TB_ATL,Raheem Morris,raheem_morris,dirk_koetter
2020,BAL,15,2020_15_JAX_BAL,John Harbaugh,john_harbaugh,greg_roman
2020,BUF,15,2020_15_BUF_DEN,Sean McDermott,sean_mcdermott,brian_daboll
2020,CAR,15,2020_15_CAR_GB,Matt Rhule,matt_rhule,joe_brady
2020,CHI,15,2020_15_CHI_MIN,Matt Nagy,matt_nagy,bill_lazor
2020,CIN,15,2020_15_PIT_CIN,Zac Taylor,zac_taylor,zac_taylor
2020,CLE,15,2020_15_CLE_NYG,Kevin Stefanski,kevin_stefanski,kevin_stefanski
2020,DAL,15,2020_15_SF_DAL,Mike McCarthy,mike_mccarthy,kellen_moore
2020,DEN,15,2020_15_BUF_DEN,Vic Fangio,vic_fangio,pat_shurmur
2020,DET,15,2020_15_DET_TEN,Darrell Bevell,darrell_bevell,darrell_bevell
2020,GB,15,2020_15_CAR_GB,Matt LaFleur,matt_lafleur,matt_lafleur
2020,HOU,15,2020_15_HOU_IND,Romeo Crennel,romeo_crennel,tim_kelly
2020,IND,15,2020_15_HOU_IND,Frank Reich,frank_reich,frank_reich
2020,JAX,15,2020_15_JAX_BAL,Doug Marrone,doug_marrone,jay_gruden
2020,KC,15,2020_15_KC_NO,Andy Reid,andy_reid,andy_reid
2020,LA,15,2020_15_NYJ_LA,Sean McVay,sean_mcvay,sean_mcvay
2020,LAC,15,2020_15_LAC_LV,Anthony Lynn,anthony_lynn,shane_steichen
2020,LV,15,2020_15_LAC_LV,Jon Gruden,jon_gruden,jon_gruden
2020,MIA,15,2020_15_NE_MIA,Brian Flores,brian_flores,chan_gailey
2020,MIN,15,2020_15_CHI_MIN,Mike Zimmer,mike_zimmer,gary_kubiak
2020,NE,15,2020_15_NE_MIA,Bill Belichick,bill_belichick,josh_mcdaniels
2020,NO,15,2020_15_KC_NO,Sean Payton,sean_payton,sean_payton
2020,NYG,15,2020_15_CLE_NYG,Joe Judge,joe_judge,jason_garrett
2020,NYJ,15,2020_15_NYJ_LA,Adam Gase,adam_gase,adam_gase
2020,PHI,15,2020_15_PHI_ARI,Doug Pederson,doug_pederson,doug_pederson
2020,PIT,15,2020_15_PIT_CIN,Mike Tomlin,mike_tomlin,randy_fichtner
2020,SEA,15,2020_15_SEA_WAS,Pete Carroll,pete_carroll,brian_schottenheimer
2020,SF,15,2020_15_SF_DAL,Kyle Shanahan,kyle_shanahan,kyle_shanahan
2020,TB,15,2020_15_TB_ATL,Bruce Arians,bruce_arians,byron_leftwich
2020,TEN,15,2020_15_DET_TEN,Mike Vrabel,mike_vrabel,arthur_smith
2020,WAS,15,2020_15_SEA_WAS,Ron Rivera,ron_rivera,scott_turner
2020,ARI,16,2020_16_SF_ARI,Kliff Kingsbury,kliff_kingsbury,kliff_kingsbury
2020,ATL,16,2020_16_ATL_KC,Raheem Morris,raheem_morris,dirk_koetter
2020,BAL,16,2020_16_NYG_BAL,John Harbaugh,john_harbaugh,greg_roman
2020,BUF,16,2020_16_BUF_NE,Sean McDermott,sean_mcdermott,brian_daboll
2020,CAR,16,2020_16_CAR_WAS,Matt Rhule,matt_rhule,joe_brady
2020,CHI,16,2020_16_CHI_JAX,Matt Nagy,matt_nagy,bill_lazor
2020,CIN,16,2020_16_CIN_HOU,Zac Taylor,zac_taylor,zac_taylor
2020,CLE,16,2020_16_CLE_NYJ,Kevin Stefanski,kevin_stefanski,kevin_stefanski
2020,DAL,16,2020_16_PHI_DAL,Mike McCarthy,mike_mccarthy,kellen_moore
2020,DEN,16,2020_16_DEN_LAC,Vic Fangio,vic_fangio,pat_shurmur
2020,DET,16,2020_16_TB_DET,Darrell Bevell,darrell_bevell,darrell_bevell
2020,GB,16,2020_16_TEN_GB,Matt LaFleur,matt_lafleur,matt_lafleur
2020,HOU,16,2020_16_CIN_HOU,Romeo Crennel,romeo_crennel,tim_kelly
2020,IND,16,2020_16_IND_PIT,Frank Reich,frank_reich,frank_reich
2020,JAX,16,2020_16_CHI_JAX,Doug Marrone,doug_marrone,jay_gruden
2020,KC,16,2020_16_ATL_KC,Andy Reid,andy_reid,andy_reid
2020,LA,16,2020_16_LA_SEA,Sean McVay,sean_mcvay,sean_mcvay
2020,LAC,16,2020_16_DEN_LAC,Anthony Lynn,anthony_lynn,shane_steichen
2020,LV,16,2020_16_MIA_LV,Jon Gruden,jon_gruden,jon_gruden
2020,MIA,16,2020_16_MIA_LV,Brian Flores,brian_flores,chan_gailey
2020,MIN,16,2020_16_MIN_NO,Mike Zimmer,mike_zimmer,gary_kubiak
2020,NE,16,2020_16_BUF_NE,Bill Belichick,bill_belichick,josh_mcdaniels
2020,NO,16,2020_16_MIN_NO,Sean Payton,sean_payton,sean_payton
2020,NYG,16,2020_16_NYG_BAL,Joe Judge,joe_judge,jason_garrett
2020,NYJ,16,2020_16_CLE_NYJ,Adam Gase,adam_gase,adam_gase
2020,PHI,16,2020_16_PHI_DAL,Doug Pederson,doug_pederson,doug_pederson
2020,PIT,16,2020_16_IND_PIT,Mike Tomlin,mike_tomlin,randy_fichtner
2020,SEA,16,2020_16_LA_SEA,Pete Carroll,pete_carroll,brian_schottenheimer
2020,SF,16,2020_16_SF_ARI,Kyle Shanahan,kyle_shanahan,kyle_shanahan
2020,TB,16,2020_16_TB_DET,Bruce Arians,bruce_arians,byron_leftwich
2020,TEN,16,2020_16_TEN_GB,Mike Vrabel,mike_vrabel,arthur_smith
2020,WAS,16,2020_16_CAR_WAS,Ron Rivera,ron_rivera,scott_turner
2020,ARI,17,2020_17_ARI_LA,Kliff Kingsbury,kliff_kingsbury,kliff_kingsbury
2020,ATL,17,2020_17_ATL_TB,Raheem Morris,raheem_morris,dirk_koetter
2020,BAL,17,2020_17_BAL_CIN,John Harbaugh,john_harbaugh,greg_roman
2020,BUF,17,2020_17_MIA_BUF,Sean McDermott,sean_mcdermott,brian_daboll
2020,CAR,17,2020_17_NO_CAR,Matt Rhule,matt_rhule,joe_brady
2020,CHI,17,2020_17_GB_CHI,Matt Nagy,matt_nagy,bill_lazor
2020,CIN,17,2020_17_BAL_CIN,Zac Taylor,zac_taylor,zac_taylor
2020,CLE,17,2020_17_PIT_CLE,Kevin Stefanski,kevin_stefanski,kevin_stefanski
2020,DAL,17,2020_17_DAL_NYG,Mike McCarthy,mike_mccarthy,kellen_moore
2020,DEN,17,2020_17_LV_DEN,Vic Fangio,vic_fangio,pat_shurmur
2020,DET,17,2020_17_MIN_DET,Darrell Bevell,darrell_bevell,darrell_bevell
2020,GB,17,2020_17_GB_CHI,Matt LaFleur,matt_lafleur,matt_lafleur
2020,HOU,17,2020_17_TEN_HOU,Romeo Crennel,romeo_crennel,tim_kelly
2020,IND,17,2020_17_JAX_IND,Frank Reich,frank_reich,frank_reich
2020,JAX,17,2020_17_JAX_IND,Doug Marrone,doug_marrone,jay_gruden
2020,KC,17,2020_17_LAC_KC,Andy Reid,andy_reid,andy_reid
2020,LA,17,2020_17_ARI_LA,Sean McVay,sean_mcvay,sean_mcvay
2020,LAC,17,2020_17_LAC_KC,Anthony Lynn,anthony_lynn,shane_steichen
2020,LV,17,2020_17_LV_DEN,Jon Gruden,jon_gruden,jon_gruden
2020,MIA,17,2020_17_MIA_BUF,Brian Flores,brian_flores,chan_gailey
2020,MIN,17,2020_17_MIN_DET,Mike Zimmer,mike_zimmer,gary_kubiak
2020,NE,17,2020_17_NYJ_NE,Bill Belichick,bill_belichick,josh_mcdaniels
2020,NO,17,2020_17_NO_CAR,Sean Payton,sean_payton,sean_payton
2020,NYG,17,2020_17_DAL_NYG,Joe Judge,joe_judge,jason_garrett
2020,NYJ,17,2020_17_NYJ_NE,Adam Gase,adam_gase,adam_gase
2020,PHI,17,2020_17_WAS_PHI,Doug Pederson,doug_pederson,doug_pederson
2020,PIT,17,2020_17_PIT_CLE,Mike Tomlin,mike_tomlin,randy_fichtner
2020,SEA,17,2020_17_SEA_SF,Pete Carroll,pete_carroll,brian_schottenheimer
2020,SF,17,2020_17_SEA_SF,Kyle Shanahan,kyle_shanahan,kyle_shanahan
2020,TB,17,2020_17_ATL_TB,Bruce Arians,bruce_arians,byron_leftwich
2020,TEN,17,2020_17_TEN_HOU,Mike Vrabel,mike_vrabel,arthur_smith
2020,WAS,17,2020_17_WAS_PHI,Ron Rivera,ron_rivera,scott_turner
2021,ARI,1,2021_01_ARI_TEN,Kliff Kingsbury,kliff_kingsbury,kliff_kingsbury
2021,ATL,1,2021_01_PHI_ATL,Arthur Smith,arthur_smith,arthur_smith
2021,BAL,1,2021_01_BAL_LV,John Harbaugh,john_harbaugh,greg_roman
2021,BUF,1,2021_01_PIT_BUF,Sean McDermott,sean_mcdermott,brian_daboll
2021,CAR,1,2021_01_NYJ_CAR,Matt Rhule,matt_rhule,joe_brady
2021,CHI,1,2021_01_CHI_LA,Matt Nagy,matt_nagy,matt_nagy
2021,CIN,1,2021_01_MIN_CIN,Zac Taylor,zac_taylor,zac_taylor
2021,CLE,1,2021_01_CLE_KC,Kevin Stefanski,kevin_stefanski,kevin_stefanski
2021,DAL,1,2021_01_DAL_TB,Mike McCarthy,mike_mccarthy,kellen_moore
2021,DEN,1,2021_01_DEN_NYG,Vic Fangio,vic_fangio,pat_shurmur
2021,DET,1,2021_01_SF_DET,Dan Campbell,dan_campbell,
2021,GB,1,2021_01_GB_NO,Matt LaFleur,matt_lafleur,matt_lafleur
2021,HOU,1,2021_01_JAX_HOU,David Culley,david_culley,tim_kelly
2021,IND,1,2021_01_SEA_IND,Frank Reich,frank_reich,frank_reich
2021,JAX,1,2021_01_JAX_HOU,Urban Meyer,urban_meyer,darrell_bevell
2021,KC,1,2021_01_CLE_KC,Andy Reid,andy_reid,andy_reid
2021,LA,1,2021_01_CHI_LA,Sean McVay,sean_mcvay,sean_mcvay
2021,LAC,1,2021_01_LAC_WAS,Brandon Staley,brandon_staley,joe_lombardi
2021,LV,1,2021_01_BAL_LV,Jon Gruden,jon_gruden,jon_gruden
2021,MIA,1,2021_01_MIA_NE,Brian Flores,brian_flores,
2021,MIN,1,2021_01_MIN_CIN,Mike Zimmer,mike_zimmer,klint_kubiak
2021,NE,1,2021_01_MIA_NE,Bill Belichick,bill_belichick,josh_mcdaniels
2021,NO,1,2021_01_GB_NO,Sean Payton,sean_payton,sean_payton
2021,NYG,1,2021_01_DEN_NYG,Joe Judge,joe_judge,jason_garrett
2021,NYJ,1,2021_01_NYJ_CAR,Robert Saleh,robert_saleh,mike_lafleur
2021,PHI,1,2021_01_PHI_ATL,Nick Sirianni,nick_sirianni,nick_sirianni
2021,PIT,1,2021_01_PIT_BUF,Mike Tomlin,mike_tomlin,matt_canada
2021,SEA,1,2021_01_SEA_IND,Pete Carroll,pete_carroll,shane_waldron
2021,SF,1,2021_01_SF_DET,Kyle Shanahan,kyle_shanahan,kyle_shanahan
2021,TB,1,2021_01_DAL_TB,Bruce Arians,bruce_arians,byron_leftwich
2021,TEN,1,2021_01_ARI_TEN,Mike Vrabel,mike_vrabel,todd_downing
2021,WAS,1,2021_01_LAC_WAS,Ron Rivera,ron_rivera,scott_turner
2021,ARI,2,2021_02_MIN_ARI,Kliff Kingsbury,kliff_kingsbury,kliff_kingsbury
2021,ATL,2,2021_02_ATL_TB,Arthur Smith,arthur_smith,arthur_smith
2021,BAL,2,2021_02_KC_BAL,John Harbaugh,john_harbaugh,greg_roman
2021,BUF,2,2021_02_BUF_MIA,Sean McDermott,sean_mcdermott,brian_daboll
2021,CAR,2,2021_02_NO_CAR,Matt Rhule,matt_rhule,joe_brady
2021,CHI,2,2021_02_CIN_CHI,Matt Nagy,matt_nagy,matt_nagy
2021,CIN,2,2021_02_CIN_CHI,Zac Taylor,zac_taylor,zac_taylor
2021,CLE,2,2021_02_HOU_CLE,Kevin Stefanski,kevin_stefanski,kevin_stefanski
2021,DAL,2,2021_02_DAL_LAC,Mike McCarthy,mike_mccarthy,kellen_moore
2021,DEN,2,2021_02_DEN_JAX,Vic Fangio,vic_fangio,pat_shurmur
2021,DET,2,2021_02_DET_GB,Dan Campbell,dan_campbell,
2021,GB,2,2021_02_DET_GB,Matt LaFleur,matt_lafleur,matt_lafleur
2021,HOU,2,2021_02_HOU_CLE,David Culley,david_culley,tim_kelly
2021,IND,2,2021_02_LA_IND,Frank Reich,frank_reich,frank_reich
2021,JAX,2,2021_02_DEN_JAX,Urban Meyer,urban_meyer,darrell_bevell
2021,KC,2,2021_02_KC_BAL,Andy Reid,andy_reid,andy_reid
2021,LA,2,2021_02_LA_IND,Sean McVay,sean_mcvay,sean_mcvay
2021,LAC,2,2021_02_DAL_LAC,Brandon Staley,brandon_staley,joe_lombardi
2021,LV,2,2021_02_LV_PIT,Jon Gruden,jon_gruden,jon_gruden
2021,MIA,2,2021_02_BUF_MIA,Brian Flores,brian_flores,
2021,MIN,2,2021_02_MIN_ARI,Mike Zimmer,mike_zimmer,klint_kubiak
2021,NE,2,2021_02_NE_NYJ,Bill Belichick,bill_belichick,josh_mcdaniels
2021,NO,2,2021_02_NO_CAR,Sean Payton,sean_payton,sean_payton
2021,NYG,2,2021_02_NYG_WAS,Joe Judge,joe_judge,jason_garrett
2021,NYJ,2,2021_02_NE_NYJ,Robert Saleh,robert_saleh,mike_lafleur
2021,PHI,2,2021_02_SF_PHI,Nick Sirianni,nick_sirianni,nick_sirianni
2021,PIT,2,2021_02_LV_PIT,Mike Tomlin,mike_tomlin,matt_canada
2021,SEA,2,2021_02_TEN_SEA,Pete Carroll,pete_carroll,shane_waldron
2021,SF,2,2021_02_SF_PHI,Kyle Shanahan,kyle_shanahan,kyle_shanahan
2021,TB,2,2021_02_ATL_TB,Bruce Arians,bruce_arians,byron_leftwich
2021,TEN,2,2021_02_TEN_SEA,Mike Vrabel,mike_vrabel,todd_downing
2021,WAS,2,2021_02_NYG_WAS,Ron Rivera,ron_rivera,scott_turner
2021,ARI,3,2021_03_ARI_JAX,Kliff Kingsbury,kliff_kingsbury,kliff_kingsbury
2021,ATL,3,2021_03_ATL_NYG,Arthur Smith,arthur_smith,arthur_smith
2021,BAL,3,2021_03_BAL_DET,John Harbaugh,john_harbaugh,greg_roman
2021,BUF,3,2021_03_WAS_BUF,Sean McDermott,sean_mcdermott,brian_daboll
2021,CAR,3,2021_03_CAR_HOU,Matt Rhule,matt_rhule,joe_brady
2021,CHI,3,2021_03_CHI_CLE,Matt Nagy,matt_nagy,matt_nagy
2021,CIN,3,2021_03_CIN_PIT,Zac Taylor,zac_taylor,zac_taylor
2021,CLE,3,2021_03_CHI_CLE,Kevin Stefanski,kevin_stefanski,kevin_stefanski
2021,DAL,3,2021_03_PHI_DAL,Mike McCarthy,mike_mccarthy,kellen_moore
2021,DEN,3,2021_03_NYJ_DEN,Vic Fangio,vic_fangio,pat_shurmur
2021,DET,3,2021_03_BAL_DET,Dan Campbell,dan_campbell,
2021,GB,3,2021_03_GB_SF,Matt LaFleur,matt_lafleur,matt_lafleur
2021,HOU,3,2021_03_CAR_HOU,David Culley,david_culley,tim_kelly
2021,IND,3,2021_03_IND_TEN,Frank Reich,frank_reich,frank_reich
2021,JAX,3,2021_03_ARI_JAX,Urban Meyer,urban_meyer,darrell_bevell
2021,KC,3,2021_03_LAC_KC,Andy Reid,andy_reid,andy_reid
2021,LA,3,2021_03_TB_LA,Sean McVay,sean_mcvay,sean_mcvay
2021,LAC,3,2021_03_LAC_KC,Brandon Staley,brandon_staley,joe_lombardi
2021,LV,3,2021_03_MIA_LV,Jon Gruden,jon_gruden,jon_gruden
2021,MIA,3,2021_03_MIA_LV,Brian Flores,brian_flores,
2021,MIN,3,2021_03_SEA_MIN,Mike Zimmer,mike_zimmer,klint_kubiak
2021,NE,3,2021_03_NO_NE,Bill Belichick,bill_belichick,josh_mcdaniels
2021,NO,3,2021_03_NO_NE,Sean Payton,sean_payton,sean_payton
2021,NYG,3,2021_03_ATL_NYG,Joe Judge,joe_judge,jason_garrett
2021,NYJ,3,2021_03_NYJ_DEN,Robert Saleh,robert_saleh,mike_lafleur
2021,PHI,3,2021_03_PHI_DAL,Nick Sirianni,nick_sirianni,nick_sirianni
2021,PIT,3,2021_03_CIN_PIT,Mike Tomlin,mike_tomlin,matt_canada
2021,SEA,3,2021_03_SEA_MIN,Pete Carroll,pete_carroll,shane_waldron
2021,SF,3,2021_03_GB_SF,Kyle Shanahan,kyle_shanahan,kyle_shanahan
2021,TB,3,2021_03_TB_LA,Bruce Arians,bruce_arians,byron_leftwich
2021,TEN,3,2021_03_IND_TEN,Mike Vrabel,mike_vrabel,todd_downing
2021,WAS,3,2021_03_WAS_BUF,Ron Rivera,ron_rivera,scott_turner
2021,ARI,4,2021_04_ARI_LA,Kliff Kingsbury,kliff_kingsbury,kliff_kingsbury
2021,ATL,4,2021_04_WAS_ATL,Arthur Smith,arthur_smith,arthur_smith
2021,BAL,4,2021_04_BAL_DEN,John Harbaugh,john_harbaugh,greg_roman
2021,BUF,4,2021_04_HOU_BUF,Sean McDermott,sean_mcdermott,brian_daboll
2021,CAR,4,2021_04_CAR_DAL,Matt Rhule,matt_rhule,joe_brady
2021,CHI,4,2021_04_DET_CHI,Matt Nagy,matt_nagy,matt_nagy
2021,CIN,4,2021_04_JAX_CIN,Zac Taylor,zac_taylor,zac_taylor
2021,CLE,4,2021_04_CLE_MIN,Kevin Stefanski,kevin_stefanski,kevin_stefanski
2021,DAL,4,2021_04_CAR_DAL,Mike McCarthy,mike_mccarthy,kellen_moore
2021,DEN,4,2021_04_BAL_DEN,Vic Fangio,vic_fangio,pat_shurmur
2021,DET,4,2021_04_DET_CHI,Dan Campbell,dan_campbell,
2021,GB,4,2021_04_PIT_GB,Matt LaFleur,matt_lafleur,matt_lafleur
2021,HOU,4,2021_04_HOU_BUF,David Culley,david_culley,tim_kelly
2021,IND,4,2021_04_IND_MIA,Frank Reich,frank_reich,frank_reich
2021,JAX,4,2021_04_JAX_CIN,Urban Meyer,urban_meyer,darrell_bevell
2021,KC,4,2021_04_KC_PHI,Andy Reid,andy_reid,andy_reid
2021,LA,4,2021_04_ARI_LA,Sean McVay,sean_mcvay,sean_mcvay
2021,LAC,4,2021_04_LV_LAC,Brandon Staley,brandon_staley,joe_lombardi
2021,LV,4,2021_04_LV_LAC,Jon Gruden,jon_gruden,jon_gruden
2021,MIA,4,2021_04_IND_MIA,Brian Flores,brian_flores,
2021,MIN,4,2021_04_CLE_MIN,Mike Zimmer,mike_zimmer,klint_kubiak
2021,NE,4,2021_04_TB_NE,Bill Belichick,bill_belichick,josh_mcdaniels
2021,NO,4,2021_04_NYG_NO,Sean Payton,sean_payton,sean_payton
2021,NYG,4,2021_04_NYG_NO,Joe Judge,joe_judge,jason_garrett
2021,NYJ,4,2021_04_TEN_NYJ,Robert Saleh,robert_saleh,mike_lafleur
2021,PHI,4,2021_04_KC_PHI,Nick Sirianni,nick_sirianni,nick_sirianni
2021,PIT,4,2021_04_PIT_GB,Mike Tomlin,mike_tomlin,matt_canada
2021,SEA,4,2021_04_SEA_SF,Pete Carroll,pete_carroll,shane_waldron
2021,SF,4,2021_04_SEA_SF,Kyle Shanahan,kyle_shanahan,kyle_shanahan
2021,TB,4,2021_04_TB_NE,Bruce Arians,bruce_arians,byron_leftwich
2021,TEN,4,2021_04_TEN_NYJ,Mike Vrabel,mike_vrabel,todd_downing
2021,WAS,4,2021_04_WAS_ATL,Ron Rivera,ron_rivera,scott_turner
2021,ARI,5,2021_05_SF_ARI,Kliff Kingsbury,kliff_kingsbury,kliff_kingsbury
2021,ATL,5,2021_05_NYJ_ATL,Arthur Smith,arthur_smith,arthur_smith
2021,BAL,5,2021_05_IND_BAL,John Harbaugh,john_harbaugh,greg_roman
2021,BUF,5,2021_05_BUF_KC,Sean McDermott,sean_mcdermott,brian_daboll
2021,CAR,5,2021_05_PHI_CAR,Matt Rhule,matt_rhule,joe_brady
2021,CHI,5,2021_05_CHI_LV,Matt Nagy,matt_nagy,matt_nagy
2021,CIN,5,2021_05_GB_CIN,Zac Taylor,zac_taylor,zac_taylor
2021,CLE,5,2021_05_CLE_LAC,Kevin Stefanski,kevin_stefanski,kevin_stefanski
2021,DAL,5,2021_05_NYG_DAL,Mike McCarthy,mike_mccarthy,kellen_moore
2021,DEN,5,2021_05_DEN_PIT,Vic Fangio,vic_fangio,pat_shurmur
2021,DET,5,2021_05_DET_MIN,Dan Campbell,dan_campbell,
2021,GB,5,2021_05_GB_CIN,Matt LaFleur,matt_lafleur,matt_lafleur
2021,HOU,5,2021_05_NE_HOU,David Culley,david_culley,tim_kelly
2021,IND,5,2021_05_IND_BAL,Frank Reich,frank_reich,frank_reich
2021,JAX,5,2021_05_TEN_JAX,Urban Meyer,urban_meyer,darrell_bevell
2021,KC,5,2021_05_BUF_KC,Andy Reid,andy_reid,andy_reid
2021,LA,5,2021_05_LA_SEA,Sean McVay,sean_mcvay,sean_mcvay
2021,LAC,5,2021_05_CLE_LAC,Brandon Staley,brandon_staley,joe_lombardi
2021,LV,5,2021_05_CHI_LV,Jon Gruden,jon_gruden,jon_gruden
2021,MIA,5,2021_05_MIA_TB,Brian Flores,brian_flores,
2021,MIN,5,2021_05_DET_MIN,Mike Zimmer,mike_zimmer,klint_kubiak
2021,NE,5,2021_05_NE_HOU,Bill Belichick,bill_belichick,josh_mcdaniels
2021,NO,5,2021_05_NO_WAS,Sean Payton,sean_payton,sean_payton
2021,NYG,5,2021_05_NYG_DAL,Joe Judge,joe_judge,jason_garrett
2021,NYJ,5,2021_05_NYJ_ATL,Robert Saleh,robert_saleh,mike_lafleur
2021,PHI,5,2021_05_PHI_CAR,Nick Sirianni,nick_sirianni,nick_sirianni
2021,PIT,5,2021_05_DEN_PIT,Mike Tomlin,mike_tomlin,matt_canada
2021,SEA,5,2021_05_LA_SEA,Pete Carroll,pete_carroll,shane_waldron
2021,SF,5,2021_05_SF_ARI,Kyle Shanahan,kyle_shanahan,kyle_shanahan
2021,TB,5,2021_05_MIA_TB,Bruce Arians,bruce_arians,byron_leftwich
2021,TEN,5,2021_05_TEN_JAX,Mike Vrabel,mike_vrabel,todd_downing
2021,WAS,5,2021_05_NO_WAS,Ron Rivera,ron_rivera,scott_turner
2021,ARI,6,2021_06_ARI_CLE,Kliff Kingsbury,kliff_kingsbury,kliff_kingsbury
2021,BAL,6,2021_06_LAC_BAL,John Harbaugh,john_harbaugh,greg_roman
2021,BUF,6,2021_06_BUF_TEN,Sean McDermott,sean_mcdermott,brian_daboll
2021,CAR,6,2021_06_MIN_CAR,Matt Rhule,matt_rhule,joe_brady
2021,CHI,6,2021_06_GB_CHI,Matt Nagy,matt_nagy,matt_nagy
2021,CIN,6,2021_06_CIN_DET,Zac Taylor,zac_taylor,zac_taylor
2021,CLE,6,2021_06_ARI_CLE,Kevin Stefanski,kevin_stefanski,kevin_stefanski
2021,DAL,6,2021_06_DAL_NE,Mike McCarthy,mike_mccarthy,kellen_moore
2021,DEN,6,2021_06_LV_DEN,Vic Fangio,vic_fangio,pat_shurmur
2021,DET,6,2021_06_CIN_DET,Dan Campbell,dan_campbell,
2021,GB,6,2021_06_GB_CHI,Matt LaFleur,matt_lafleur,matt_lafleur
2021,HOU,6,2021_06_HOU_IND,David Culley,david_culley,tim_kelly
2021,IND,6,2021_06_HOU_IND,Frank Reich,frank_reich,frank_reich
2021,JAX,6,2021_06_MIA_JAX,Urban Meyer,urban_meyer,darrell_bevell
2021,KC,6,2021_06_KC_WAS,Andy Reid,andy_reid,andy_reid
2021,LA,6,2021_06_LA_NYG,Sean McVay,sean_mcvay,sean_mcvay
2021,LAC,6,2021_06_LAC_BAL,Brandon Staley,brandon_staley,joe_lombardi
2021,LV,6,2021_06_LV_DEN,Rich Bisaccia,rich_bisaccia,jon_gruden
2021,MIA,6,2021_06_MIA_JAX,Brian Flores,brian_flores,
2021,MIN,6,2021_06_MIN_CAR,Mike Zimmer,mike_zimmer,klint_kubiak
2021,NE,6,2021_06_DAL_NE,Bill Belichick,bill_belichick,josh_mcdaniels
2021,NYG,6,2021_06_LA_NYG,Joe Judge,joe_judge,jason_garrett
2021,PHI,6,2021_06_TB_PHI,Nick Sirianni,nick_sirianni,nick_sirianni
2021,PIT,6,2021_06_SEA_PIT,Mike Tomlin,mike_tomlin,matt_canada
2021,SEA,6,2021_06_SEA_PIT,Pete Carroll,pete_carroll,shane_waldron
2021,TB,6,2021_06_TB_PHI,Bruce Arians,bruce_arians,byron_leftwich
2021,TEN,6,2021_06_BUF_TEN,Mike Vrabel,mike_vrabel,todd_downing
2021,WAS,6,2021_06_KC_WAS,Ron Rivera,ron_rivera,scott_turner
2021,ARI,7,2021_07_HOU_ARI,Kliff Kingsbury,kliff_kingsbury,kliff_kingsbury
2021,ATL,7,2021_07_ATL_MIA,Arthur Smith,arthur_smith,arthur_smith
2021,BAL,7,2021_07_CIN_BAL,John Harbaugh,john_harbaugh,greg_roman
2021,CAR,7,2021_07_CAR_NYG,Matt Rhule,matt_rhule,joe_brady
2021,CHI,7,2021_07_CHI_TB,Matt Nagy,matt_nagy,matt_nagy
2021,CIN,7,2021_07_CIN_BAL,Zac Taylor,zac_taylor,zac_taylor
2021,CLE,7,2021_07_DEN_CLE,Kevin Stefanski,kevin_stefanski,kevin_stefanski
2021,DEN,7,2021_07_DEN_CLE,Vic Fangio,vic_fangio,pat_shurmur
2021,DET,7,2021_07_DET_LA,Dan Campbell,dan_campbell,
2021,GB,7,2021_07_WAS_GB,Matt LaFleur,matt_lafleur,matt_lafleur
2021,HOU,7,2021_07_HOU_ARI,David Culley,david_culley,tim_kelly
2021,IND,7,2021_07_IND_SF,Frank Reich,frank_reich,frank_reich
2021,KC,7,2021_07_KC_TEN,Andy Reid,andy_reid,andy_reid
2021,LA,7,2021_07_DET_LA,Sean McVay,sean_mcvay,sean_mcvay
2021,LV,7,2021_07_PHI_LV,Rich Bisaccia,rich_bisaccia,jon_gruden
2021,MIA,7,2021_07_ATL_MIA,Brian Flores,brian_flores,
2021,NE,7,2021_07_NYJ_NE,Bill Belichick,bill_belichick,josh_mcdaniels
2021,NO,7,2021_07_NO_SEA,Sean Payton,sean_payton,sean_payton
2021,NYG,7,2021_07_CAR_NYG,Joe Judge,joe_judge,jason_garrett
2021,NYJ,7,2021_07_NYJ_NE,Robert Saleh,robert_saleh,mike_lafleur
2021,PHI,7,2021_07_PHI_LV,Nick Sirianni,nick_sirianni,nick_sirianni
2021,SEA,7,2021_07_NO_SEA,Pete Carroll,pete_carroll,shane_waldron
2021,SF,7,2021_07_IND_SF,Kyle Shanahan,kyle_shanahan,kyle_shanahan
2021,TB,7,2021_07_CHI_TB,Bruce Arians,bruce_arians,byron_leftwich
2021,TEN,7,2021_07_KC_TEN,Mike Vrabel,mike_vrabel,todd_downing
2021,WAS,7,2021_07_WAS_GB,Ron Rivera,ron_rivera,scott_turner
2021,ARI,8,2021_08_GB_ARI,Kliff Kingsbury,kliff_kingsbury,kliff_kingsbury
2021,ATL,8,2021_08_CAR_ATL,Arthur Smith,arthur_smith,arthur_smith
2021,BUF,8,2021_08_MIA_BUF,Sean McDermott,sean_mcdermott,brian_daboll
2021,CAR,8,2021_08_CAR_ATL,Matt Rhule,matt_rhule,joe_brady
2021,CHI,8,2021_08_SF_CHI,Matt Nagy,matt_nagy,matt_nagy
2021,CIN,8,2021_08_CIN_NYJ,Zac Taylor,zac_taylor,zac_taylor
2021,CLE,8,2021_08_PIT_CLE,Kevin Stefanski,kevin_stefanski,kevin_stefanski
2021,DAL,8,2021_08_DAL_MIN,Mike McCarthy,mike_mccarthy,kellen_moore
2021,DEN,8,2021_08_WAS_DEN,Vic Fangio,vic_fangio,pat_shurmur
2021,DET,8,2021_08_PHI_DET,Dan Campbell,dan_campbell,
2021,GB,8,2021_08_GB_ARI,Matt LaFleur,matt_lafleur,matt_lafleur
2021,HOU,8,2021_08_LA_HOU,David Culley,david_culley,tim_kelly
2021,IND,8,2021_08_TEN_IND,Frank Reich,frank_reich,frank_reich
2021,JAX,8,2021_08_JAX_SEA,Urban Meyer,urban_meyer,darrell_bevell
2021,KC,8,2021_08_NYG_KC,Andy Reid,andy_reid,andy_reid
2021,LA,8,2021_08_LA_HOU,Sean McVay,sean_mcvay,sean_mcvay
2021,LAC,8,2021_08_NE_LAC,Brandon Staley,brandon_staley,joe_lombardi
2021,MIA,8,2021_08_MIA_BUF,Brian Flores,brian_flores,
2021,MIN,8,2021_08_DAL_MIN,Mike Zimmer,mike_zimmer,klint_kubiak
2021,NE,8,2021_08_NE_LAC,Bill Belichick,bill_belichick,josh_mcdaniels
2021,NO,8,2021_08_TB_NO,Sean Payton,sean_payton,sean_payton
2021,NYG,8,2021_08_NYG_KC,Joe Judge,joe_judge,jason_garrett
2021,NYJ,8,2021_08_CIN_NYJ,Robert Saleh,robert_saleh,mike_lafleur
2021,PHI,8,2021_08_PHI_DET,Nick Sirianni,nick_sirianni,nick_sirianni
2021,PIT,8,2021_08_PIT_CLE,Mike Tomlin,mike_tomlin,matt_canada
2021,SEA,8,2021_08_JAX_SEA,Pete Carroll,pete_carroll,shane_waldron
2021,SF,8,2021_08_SF_CHI,Kyle Shanahan,kyle_shanahan,kyle_shanahan
2021,TB,8,2021_08_TB_NO,Bruce Arians,bruce_arians,byron_leftwich
2021,TEN,8,2021_08_TEN_IND,Mike Vrabel,mike_vrabel,todd_downing
2021,WAS,8,2021_08_WAS_DEN,Ron Rivera,ron_rivera,scott_turner
2021,ARI,9,2021_09_ARI_SF,Kliff Kingsbury,kliff_kingsbury,kliff_kingsbury
2021,ATL,9,2021_09_ATL_NO,Arthur Smith,arthur_smith,arthur_smith
2021,BAL,9,2021_09_MIN_BAL,John Harbaugh,john_harbaugh,greg_roman
2021,BUF,9,2021_09_BUF_JAX,Sean McDermott,sean_mcdermott,brian_daboll
2021,CAR,9,2021_09_NE_CAR,Matt Rhule,matt_rhule,joe_brady
2021,CHI,9,2021_09_CHI_PIT,Matt Nagy,matt_nagy,matt_nagy
2021,CIN,9,2021_09_CLE_CIN,Zac Taylor,zac_taylor,zac_taylor
2021,CLE,9,2021_09_CLE_CIN,Kevin Stefanski,kevin_stefanski,kevin_stefanski
2021,DAL,9,2021_09_DEN_DAL,Mike McCarthy,mike_mccarthy,kellen_moore
2021,DEN,9,2021_09_DEN_DAL,Vic Fangio,vic_fangio,pat_shurmur
2021,GB,9,2021_09_GB_KC,Matt LaFleur,matt_lafleur,matt_lafleur
2021,HOU,9,2021_09_HOU_MIA,David Culley,david_culley,tim_kelly
2021,IND,9,2021_09_NYJ_IND,Frank Reich,frank_reich,frank_reich
2021,JAX,9,2021_09_BUF_JAX,Urban Meyer,urban_meyer,darrell_bevell
2021,KC,9,2021_09_GB_KC,Andy Reid,andy_reid,andy_reid
2021,LA,9,2021_09_TEN_LA,Sean McVay,sean_mcvay,sean_mcvay
2021,LAC,9,2021_09_LAC_PHI,Brandon Staley,brandon_staley,joe_lombardi
2021,LV,9,2021_09_LV_NYG,Rich Bisaccia,rich_bisaccia,jon_gruden
2021,MIA,9,2021_09_HOU_MIA,Brian Flores,brian_flores,
2021,MIN,9,2021_09_MIN_BAL,Mike Zimmer,mike_zimmer,klint_kubiak
2021,NE,9,2021_09_NE_CAR,Bill Belichick,bill_belichick,josh_mcdaniels
2021,NO,9,2021_09_ATL_NO,Sean Payton,sean_payton,sean_payton
2021,NYG,9,2021_09_LV_NYG,Joe Judge,joe_judge,jason_garrett
2021,NYJ,9,2021_09_NYJ_IND,Robert Saleh,robert_saleh,mike_lafleur
2021,PHI,9,2021_09_LAC_PHI,Nick Sirianni,nick_sirianni,nick_sirianni
2021,PIT,9,2021_09_CHI_PIT,Mike Tomlin,mike_tomlin,matt_canada
2021,SF,9,2021_09_ARI_SF,Kyle Shanahan,kyle_shanahan,kyle_shanahan
2021,TEN,9,2021_09_TEN_LA,Mike Vrabel,mike_vrabel,todd_downing
2021,ARI,10,2021_10_CAR_ARI,Kliff Kingsbury,kliff_kingsbury,kliff_kingsbury
2021,ATL,10,2021_10_ATL_DAL,Arthur Smith,arthur_smith,arthur_smith
2021,BAL,10,2021_10_BAL_MIA,John Harbaugh,john_harbaugh,greg_roman
2021,BUF,10,2021_10_BUF_NYJ,Sean McDermott,sean_mcdermott,brian_daboll
2021,CAR,10,2021_10_CAR_ARI,Matt Rhule,matt_rhule,joe_brady
2021,CLE,10,2021_10_CLE_NE,Kevin Stefanski,kevin_stefanski,kevin_stefanski
2021,DAL,10,2021_10_ATL_DAL,Mike McCarthy,mike_mccarthy,kellen_moore
2021,DEN,10,2021_10_PHI_DEN,Vic Fangio,vic_fangio,pat_shurmur
2021,DET,10,2021_10_DET_PIT,Dan Campbell,dan_campbell,
2021,GB,10,2021_10_SEA_GB,Matt LaFleur,matt_lafleur,matt_lafleur
2021,IND,10,2021_10_JAX_IND,Frank Reich,frank_reich,frank_reich
2021,JAX,10,2021_10_JAX_IND,Urban Meyer,urban_meyer,darrell_bevell
2021,KC,10,2021_10_KC_LV,Andy Reid,andy_reid,andy_reid
2021,LA,10,2021_10_LA_SF,Sean McVay,sean_mcvay,sean_mcvay
2021,LAC,10,2021_10_MIN_LAC,Brandon Staley,brandon_staley,joe_lombardi
2021,LV,10,2021_10_KC_LV,Rich Bisaccia,rich_bisaccia,jon_gruden
2021,MIA,10,2021_10_BAL_MIA,Brian Flores,brian_flores,
2021,MIN,10,2021_10_MIN_LAC,Mike Zimmer,mike_zimmer,klint_kubiak
2021,NE,10,2021_10_CLE_NE,Bill Belichick,bill_belichick,josh_mcdaniels
2021,NO,10,2021_10_NO_TEN,Sean Payton,sean_payton,sean_payton
2021,NYJ,10,2021_10_BUF_NYJ,Robert Saleh,robert_saleh,mike_lafleur
2021,PHI,10,2021_10_PHI_DEN,Nick Sirianni,nick_sirianni,nick_sirianni
2021,PIT,10,2021_10_DET_PIT,Mike Tomlin,mike_tomlin,matt_canada
2021,SEA,10,2021_10_SEA_GB,Pete Carroll,pete_carroll,shane_waldron
2021,SF,10,2021_10_LA_SF,Kyle Shanahan,kyle_shanahan,kyle_shanahan
2021,TB,10,2021_10_TB_WAS,Bruce Arians,bruce_arians,byron_leftwich
2021,TEN,10,2021_10_NO_TEN,Mike Vrabel,mike_vrabel,todd_downing
2021,WAS,10,2021_10_TB_WAS,Ron Rivera,ron_rivera,scott_turner
2021,ARI,11,2021_11_ARI_SEA,Kliff Kingsbury,kliff_kingsbury,kliff_kingsbury
2021,ATL,11,2021_11_NE_ATL,Arthur Smith,arthur_smith,arthur_smith
2021,BAL,11,2021_11_BAL_CHI,John Harbaugh,john_harbaugh,greg_roman
2021,BUF,11,2021_11_IND_BUF,Sean McDermott,sean_mcdermott,brian_daboll
2021,CAR,11,2021_11_WAS_CAR,Matt Rhule,matt_rhule,joe_brady
2021,CHI,11,2021_11_BAL_CHI,Matt Nagy,matt_nagy,matt_nagy
2021,CIN,11,2021_11_CIN_LV,Zac Taylor,zac_taylor,zac_taylor
2021,CLE,11,2021_11_DET_CLE,Kevin Stefanski,kevin_stefanski,kevin_stefanski
2021,DAL,11,2021_11_DAL_KC,Mike McCarthy,mike_mccarthy,kellen_moore
2021,DET,11,2021_11_DET_CLE,Dan Campbell,dan_campbell,
2021,GB,11,2021_11_GB_MIN,Matt LaFleur,matt_lafleur,matt_lafleur
2021,HOU,11,2021_11_HOU_TEN,David Culley,david_culley,tim_kelly
2021,IND,11,2021_11_IND_BUF,Frank Reich,frank_reich,frank_reich
2021,JAX,11,2021_11_SF_JAX,Urban Meyer,urban_meyer,darrell_bevell
2021,KC,11,2021_11_DAL_KC,Andy Reid,andy_reid,andy_reid
2021,LAC,11,2021_11_PIT_LAC,Brandon Staley,brandon_staley,joe_lombardi
2021,LV,11,2021_11_CIN_LV,Rich Bisaccia,rich_bisaccia,jon_gruden
2021,MIA,11,2021_11_MIA_NYJ,Brian Flores,brian_flores,
2021,MIN,11,2021_11_GB_MIN,Mike Zimmer,mike_zimmer,klint_kubiak
2021,NE,11,2021_11_NE_ATL,Bill Belichick,bill_belichick,josh_mcdaniels
2021,NO,11,2021_11_NO_PHI,Sean Payton,sean_payton,sean_payton
2021,NYG,11,2021_11_NYG_TB,Joe Judge,joe_judge,jason_garrett
2021,NYJ,11,2021_11_MIA_NYJ,Robert Saleh,robert_saleh,mike_lafleur
2021,PHI,11,2021_11_NO_PHI,Nick Sirianni,nick_sirianni,nick_sirianni
2021,PIT,11,2021_11_PIT_LAC,Mike Tomlin,mike_tomlin,matt_canada
2021,SEA,11,2021_11_ARI_SEA,Pete Carroll,pete_carroll,shane_waldron
2021,SF,11,2021_11_SF_JAX,Kyle Shanahan,kyle_shanahan,kyle_shanahan
2021,TB,11,2021_11_NYG_TB,Bruce Arians,bruce_arians,byron_leftwich
2021,TEN,11,2021_11_HOU_TEN,Mike Vrabel,mike_vrabel,todd_downing
2021,WAS,11,2021_11_WAS_CAR,Ron Rivera,ron_rivera,scott_turner
2021,ATL,12,2021_12_ATL_JAX,Arthur Smith,arthur_smith,arthur_smith
2021,BAL,12,2021_12_CLE_BAL,John Harbaugh,john_harbaugh,greg_roman
2021,BUF,12,2021_12_BUF_NO,Sean McDermott,sean_mcdermott,brian_daboll
2021,CAR,12,2021_12_CAR_MIA,Matt Rhule,matt_rhule,joe_brady
2021,CHI,12,2021_12_CHI_DET,Matt Nagy,matt_nagy,matt_nagy
2021,CIN,12,2021_12_PIT_CIN,Zac Taylor,zac_taylor,zac_taylor
2021,CLE,12,2021_12_CLE_BAL,Kevin Stefanski,kevin_stefanski,kevin_stefanski
2021,DAL,12,2021_12_LV_DAL,Mike McCarthy,mike_mccarthy,kellen_moore
2021,DEN,12,2021_12_LAC_DEN,Vic Fangio,vic_fangio,pat_shurmur
2021,DET,12,2021_12_CHI_DET,Dan Campbell,dan_campbell,
2021,GB,12,2021_12_LA_GB,Matt LaFleur,matt_lafleur,matt_lafleur
2021,HOU,12,2021_12_NYJ_HOU,David Culley,david_culley,tim_kelly
2021,IND,12,2021_12_TB_IND,Frank Reich,frank_reich,frank_reich
2021,JAX,12,2021_12_ATL_JAX,Urban Meyer,urban_meyer,darrell_bevell
2021,LA,12,2021_12_LA_GB,Sean McVay,sean_mcvay,sean_mcvay
2021,LAC,12,2021_12_LAC_DEN,Brandon Staley,brandon_staley,joe_lombardi
2021,LV,12,2021_12_LV_DAL,Rich Bisaccia,rich_bisaccia,jon_gruden
2021,MIA,12,2021_12_CAR_MIA,Brian Flores,brian_flores,
2021,MIN,12,2021_12_MIN_SF,Mike Zimmer,mike_zimmer,klint_kubiak
2021,NE,12,2021_12_TEN_NE,Bill Belichick,bill_belichick,josh_mcdaniels
2021,NO,12,2021_12_BUF_NO,Sean Payton,sean_payton,sean_payton
2021,NYG,12,2021_12_PHI_NYG,Joe Judge,joe_judge,jason_garrett
2021,NYJ,12,2021_12_NYJ_HOU,Robert Saleh,robert_saleh,mike_lafleur
2021,PHI,12,2021_12_PHI_NYG,Nick Sirianni,nick_sirianni,nick_sirianni
2021,PIT,12,2021_12_PIT_CIN,Mike Tomlin,mike_tomlin,matt_canada
2021,SEA,12,2021_12_SEA_WAS,Pete Carroll,pete_carroll,shane_waldron
2021,SF,12,2021_12_MIN_SF,Kyle Shanahan,kyle_shanahan,kyle_shanahan
2021,TB,12,2021_12_TB_IND,Bruce Arians,bruce_arians,byron_leftwich
2021,TEN,12,2021_12_TEN_NE,Mike Vrabel,mike_vrabel,todd_downing
2021,WAS,12,2021_12_SEA_WAS,Ron Rivera,ron_rivera,scott_turner
2021,ARI,13,2021_13_ARI_CHI,Kliff Kingsbury,kliff_kingsbury,kliff_kingsbury
2021,ATL,13,2021_13_TB_ATL,Arthur Smith,arthur_smith,arthur_smith
2021,BAL,13,2021_13_BAL_PIT,John Harbaugh,john_harbaugh,greg_roman
2021,BUF,13,2021_13_NE_BUF,Sean McDermott,sean_mcdermott,brian_daboll
2021,CHI,13,2021_13_ARI_CHI,Matt Nagy,matt_nagy,matt_nagy
2021,CIN,13,2021_13_LAC_CIN,Zac Taylor,zac_taylor,zac_taylor
2021,DAL,13,2021_13_DAL_NO,Mike McCarthy,mike_mccarthy,kellen_moore
2021,DEN,13,2021_13_DEN_KC,Vic Fangio,vic_fangio,pat_shurmur
2021,DET,13,2021_13_MIN_DET,Dan Campbell,dan_campbell,
2021,HOU,13,2021_13_IND_HOU,David Culley,david_culley,tim_kelly
2021,IND,13,2021_13_IND_HOU,Frank Reich,frank_reich,frank_reich
2021,JAX,13,2021_13_JAX_LA,Urban Meyer,urban_meyer,darrell_bevell
2021,KC,13,2021_13_DEN_KC,Andy Reid,andy_reid,andy_reid
2021,LA,13,2021_13_JAX_LA,Sean McVay,sean_mcvay,sean_mcvay
2021,LAC,13,2021_13_LAC_CIN,Brandon Staley,brandon_staley,joe_lombardi
2021,LV,13,2021_13_WAS_LV,Rich Bisaccia,rich_bisaccia,jon_gruden
2021,MIA,13,2021_13_NYG_MIA,Brian Flores,brian_flores,
2021,MIN,13,2021_13_MIN_DET,Mike Zimmer,mike_zimmer,klint_kubiak
2021,NE,13,2021_13_NE_BUF,Bill Belichick,bill_belichick,josh_mcdaniels
2021,NO,13,2021_13_DAL_NO,Sean Payton,sean_payton,sean_payton
2021,NYG,13,2021_13_NYG_MIA,Joe Judge,joe_judge,jason_garrett
2021,NYJ,13,2021_13_PHI_NYJ,Robert Saleh,robert_saleh,mike_lafleur
2021,PHI,13,2021_13_PHI_NYJ,Nick Sirianni,nick_sirianni,nick_sirianni
2021,PIT,13,2021_13_BAL_PIT,Mike Tomlin,mike_tomlin,matt_canada
2021,SEA,13,2021_13_SF_SEA,Pete Carroll,pete_carroll,shane_waldron
2021,SF,13,2021_13_SF_SEA,Kyle Shanahan,kyle_shanahan,kyle_shanahan
2021,TB,13,2021_13_TB_ATL,Bruce Arians,bruce_arians,byron_leftwich
2021,WAS,13,2021_13_WAS_LV,Ron Rivera,ron_rivera,scott_turner
2021,ARI,14,2021_14_LA_ARI,Kliff Kingsbury,kliff_kingsbury,kliff_kingsbury
2021,ATL,14,2021_14_ATL_CAR,Arthur Smith,arthur_smith,arthur_smith
2021,BAL,14,2021_14_BAL_CLE,John Harbaugh,john_harbaugh,greg_roman
2021,BUF,14,2021_14_BUF_TB,Sean McDermott,sean_mcdermott,brian_daboll
2021,CAR,14,2021_14_ATL_CAR,Matt Rhule,matt_rhule,joe_brady
2021,CHI,14,2021_14_CHI_GB,Matt Nagy,matt_nagy,matt_nagy
2021,CIN,14,2021_14_SF_CIN,Zac Taylor,zac_taylor,zac_taylor
2021,CLE,14,2021_14_BAL_CLE,Kevin Stefanski,kevin_stefanski,kevin_stefanski
2021,DAL,14,2021_14_DAL_WAS,Mike McCarthy,mike_mccarthy,kellen_moore
2021,DEN,14,2021_14_DET_DEN,Vic Fangio,vic_fangio,pat_shurmur
2021,DET,14,2021_14_DET_DEN,Dan Campbell,dan_campbell,
2021,GB,14,2021_14_CHI_GB,Matt LaFleur,matt_lafleur,matt_lafleur
2021,HOU,14,2021_14_SEA_HOU,David Culley,david_culley,tim_kelly
2021,JAX,14,2021_14_JAX_TEN,Urban Meyer,urban_meyer,darrell_bevell
2021,KC,14,2021_14_LV_KC,Andy Reid,andy_reid,andy_reid
2021,LA,14,2021_14_LA_ARI,Sean McVay,sean_mcvay,sean_mcvay
2021,LAC,14,2021_14_NYG_LAC,Brandon Staley,brandon_staley,joe_lombardi
2021,LV,14,2021_14_LV_KC,Rich Bisaccia,rich_bisaccia,jon_gruden
2021,MIN,14,2021_14_PIT_MIN,Mike Zimmer,mike_zimmer,klint_kubiak
2021,NO,14,2021_14_NO_NYJ,Sean Payton,sean_payton,sean_payton
2021,NYG,14,2021_14_NYG_LAC,Joe Judge,joe_judge,jason_garrett
2021,NYJ,14,2021_14_NO_NYJ,Robert Saleh,robert_saleh,mike_lafleur
2021,PIT,14,2021_14_PIT_MIN,Mike Tomlin,mike_tomlin,matt_canada
2021,SEA,14,2021_14_SEA_HOU,Pete Carroll,pete_carroll,shane_waldron
2021,SF,14,2021_14_SF_CIN,Kyle Shanahan,kyle_shanahan,kyle_shanahan
2021,TB,14,2021_14_BUF_TB,Bruce Arians,bruce_arians,byron_leftwich
2021,TEN,14,2021_14_JAX_TEN,Mike Vrabel,mike_vrabel,todd_downing
2021,WAS,14,2021_14_DAL_WAS,Ron Rivera,ron_rivera,scott_turner
2021,ARI,15,2021_15_ARI_DET,Kliff Kingsbury,kliff_kingsbury,kliff_kingsbury
2021,ATL,15,2021_15_ATL_SF,Arthur Smith,arthur_smith,arthur_smith
2021,BAL,15,2021_15_GB_BAL,John Harbaugh,john_harbaugh,greg_roman
2021,BUF,15,2021_15_CAR_BUF,Sean McDermott,sean_mcdermott,brian_daboll
2021,CAR,15,2021_15_CAR_BUF,Matt Rhule,matt_rhule,joe_brady
2021,CHI,15,2021_15_MIN_CHI,Matt Nagy,matt_nagy,matt_nagy
2021,CIN,15,2021_15_CIN_DEN,Zac Taylor,zac_taylor,zac_taylor
2021,CLE,15,2021_15_LV_CLE,Kevin Stefanski,kevin_stefanski,kevin_stefanski
2021,DAL,15,2021_15_DAL_NYG,Mike McCarthy,mike_mccarthy,kellen_moore
2021,DEN,15,2021_15_CIN_DEN,Vic Fangio,vic_fangio,pat_shurmur
2021,DET,15,2021_15_ARI_DET,Dan Campbell,dan_campbell,
2021,GB,15,2021_15_GB_BAL,Matt LaFleur,matt_lafleur,matt_lafleur
2021,HOU,15,2021_15_HOU_JAX,David Culley,david_culley,tim_kelly
2021,IND,15,2021_15_NE_IND,Frank Reich,frank_reich,frank_reich
2021,JAX,15,2021_15_HOU_JAX,Darrell Bevell,darrell_bevell,darrell_bevell
2021,KC,15,2021_15_KC_LAC,Andy Reid,andy_reid,andy_reid
2021,LA,15,2021_15_SEA_LA,Sean McVay,sean_mcvay,sean_mcvay
2021,LAC,15,2021_15_KC_LAC,Brandon Staley,brandon_staley,joe_lombardi
2021,LV,15,2021_15_LV_CLE,Rich Bisaccia,rich_bisaccia,jon_gruden
2021,MIA,15,2021_15_NYJ_MIA,Brian Flores,brian_flores,
2021,MIN,15,2021_15_MIN_CHI,Mike Zimmer,mike_zimmer,klint_kubiak
2021,NE,15,2021_15_NE_IND,Bill Belichick,bill_belichick,josh_mcdaniels
2021,NO,15,2021_15_NO_TB,Sean Payton,sean_payton,sean_payton
2021,NYG,15,2021_15_DAL_NYG,Joe Judge,joe_judge,jason_garrett
2021,NYJ,15,2021_15_NYJ_MIA,Robert Saleh,robert_saleh,mike_lafleur
2021,PHI,15,2021_15_WAS_PHI,Nick Sirianni,nick_sirianni,nick_sirianni
2021,PIT,15,2021_15_TEN_PIT,Mike Tomlin,mike_tomlin,matt_canada
2021,SEA,15,2021_15_SEA_LA,Pete Carroll,pete_carroll,shane_waldron
2021,SF,15,2021_15_ATL_SF,Kyle Shanahan,kyle_shanahan,kyle_shanahan
2021,TB,15,2021_15_NO_TB,Bruce Arians,bruce_arians,byron_leftwich
2021,TEN,15,2021_15_TEN_PIT,Mike Vrabel,mike_vrabel,todd_downing
2021,WAS,15,2021_15_WAS_PHI,Ron Rivera,ron_rivera,scott_turner
2021,ARI,16,2021_16_IND_ARI,Kliff Kingsbury,kliff_kingsbury,kliff_kingsbury
2021,ATL,16,2021_16_DET_ATL,Arthur Smith,arthur_smith,arthur_smith
2021,BAL,16,2021_16_BAL_CIN,John Harbaugh,john_harbaugh,greg_roman
2021,BUF,16,2021_16_BUF_NE,Sean McDermott,sean_mcdermott,brian_daboll
2021,CAR,16,2021_16_TB_CAR,Matt Rhule,matt_rhule,joe_brady
2021,CHI,16,2021_16_CHI_SEA,Matt Nagy,matt_nagy,matt_nagy
2021,CIN,16,2021_16_BAL_CIN,Zac Taylor,zac_taylor,zac_taylor
2021,CLE,16,2021_16_CLE_GB,Kevin Stefanski,kevin_stefanski,kevin_stefanski
2021,DAL,16,2021_16_WAS_DAL,Mike McCarthy,mike_mccarthy,kellen_moore
2021,DEN,16,2021_16_DEN_LV,Vic Fangio,vic_fangio,pat_shurmur
2021,DET,16,2021_16_DET_ATL,Dan Campbell,dan_campbell,
2021,GB,16,2021_16_CLE_GB,Matt LaFleur,matt_lafleur,matt_lafleur
2021,HOU,16,2021_16_LAC_HOU,David Culley,david_culley,tim_kelly
2021,IND,16,2021_16_IND_ARI,Frank Reich,frank_reich,frank_reich
2021,JAX,16,2021_16_JAX_NYJ,Darrell Bevell,darrell_bevell,darrell_bevell
2021,KC,16,2021_16_PIT_KC,Andy Reid,andy_reid,andy_reid
2021,LA,16,2021_16_LA_MIN,Sean McVay,sean_mcvay,sean_mcvay
2021,LAC,16,2021_16_LAC_HOU,Brandon Staley,brandon_staley,joe_lombardi
2021,LV,16,2021_16_DEN_LV,Rich Bisaccia,rich_bisaccia,jon_gruden
2021,MIA,16,2021_16_MIA_NO,Brian Flores,brian_flores,
2021,MIN,16,2021_16_LA_MIN,Mike Zimmer,mike_zimmer,klint_kubiak
2021,NE,16,2021_16_BUF_NE,Bill Belichick,bill_belichick,josh_mcdaniels
2021,NO,16,2021_16_MIA_NO,Sean Payton,sean_payton,sean_payton
2021,NYG,16,2021_16_NYG_PHI,Joe Judge,joe_judge,jason_garrett
2021,NYJ,16,2021_16_JAX_NYJ,Robert Saleh,robert_saleh,mike_lafleur
2021,PHI,16,2021_16_NYG_PHI,Nick Sirianni,nick_sirianni,nick_sirianni
2021,PIT,16,2021_16_PIT_KC,Mike Tomlin,mike_tomlin,matt_canada
2021,SEA,16,2021_16_CHI_SEA,Pete Carroll,pete_carroll,shane_waldron
2021,SF,16,2021_16_SF_TEN,Kyle Shanahan,kyle_shanahan,kyle_shanahan
2021,TB,16,2021_16_TB_CAR,Bruce Arians,bruce_arians,byron_leftwich
2021,TEN,16,2021_16_SF_TEN,Mike Vrabel,mike_vrabel,todd_downing
2021,WAS,16,2021_16_WAS_DAL,Ron Rivera,ron_rivera,scott_turner
2021,ARI,17,2021_17_ARI_DAL,Kliff Kingsbury,kliff_kingsbury,kliff_kingsbury
2021,ATL,17,2021_17_ATL_BUF,Arthur Smith,arthur_smith,arthur_smith
2021,BAL,17,2021_17_LA_BAL,John Harbaugh,john_harbaugh,greg_roman
2021,BUF,17,2021_17_ATL_BUF,Sean McDermott,sean_mcdermott,brian_daboll
2021,CAR,17,2021_17_CAR_NO,Matt Rhule,matt_rhule,joe_brady
2021,CHI,17,2021_17_NYG_CHI,Matt Nagy,matt_nagy,matt_nagy
2021,CIN,17,2021_17_KC_CIN,Zac Taylor,zac_taylor,zac_taylor
2021,CLE,17,2021_17_CLE_PIT,Kevin Stefanski,kevin_stefanski,kevin_stefanski
2021,DAL,17,2021_17_ARI_DAL,Mike McCarthy,mike_mccarthy,kellen_moore
2021,DEN,17,2021_17_DEN_LAC,Vic Fangio,vic_fangio,pat_shurmur
2021,DET,17,2021_17_DET_SEA,Dan Campbell,dan_campbell,
2021,GB,17,2021_17_MIN_GB,Matt LaFleur,matt_lafleur,matt_lafleur
2021,HOU,17,2021_17_HOU_SF,David Culley,david_culley,tim_kelly
2021,IND,17,2021_17_LV_IND,Frank Reich,frank_reich,frank_reich
2021,JAX,17,2021_17_JAX_NE,Darrell Bevell,darrell_bevell,darrell_bevell
2021,KC,17,2021_17_KC_CIN,Andy Reid,andy_reid,andy_reid
2021,LA,17,2021_17_LA_BAL,Sean McVay,sean_mcvay,sean_mcvay
2021,LAC,17,2021_17_DEN_LAC,Brandon Staley,brandon_staley,joe_lombardi
2021,LV,17,2021_17_LV_IND,Rich Bisaccia,rich_bisaccia,jon_gruden
2021,MIA,17,2021_17_MIA_TEN,Brian Flores,brian_flores,
2021,MIN,17,2021_17_MIN_GB,Mike Zimmer,mike_zimmer,klint_kubiak
2021,NE,17,2021_17_JAX_NE,Bill Belichick,bill_belichick,josh_mcdaniels
2021,NO,17,2021_17_CAR_NO,Sean Payton,sean_payton,sean_payton
2021,NYG,17,2021_17_NYG_CHI,Joe Judge,joe_judge,jason_garrett
2021,NYJ,17,2021_17_TB_NYJ,Robert Saleh,robert_saleh,mike_lafleur
2021,PHI,17,2021_17_PHI_WAS,Nick Sirianni,nick_sirianni,nick_sirianni
2021,PIT,17,2021_17_CLE_PIT,Mike Tomlin,mike_tomlin,matt_canada
2021,SEA,17,2021_17_DET_SEA,Pete Carroll,pete_carroll,shane_waldron
2021,SF,17,2021_17_HOU_SF,Kyle Shanahan,kyle_shanahan,kyle_shanahan
2021,TB,17,2021_17_TB_NYJ,Bruce Arians,bruce_arians,byron_leftwich
2021,TEN,17,2021_17_MIA_TEN,Mike Vrabel,mike_vrabel,todd_downing
2021,WAS,17,2021_17_PHI_WAS,Ron Rivera,ron_rivera,scott_turner
2021,ARI,18,2021_18_SEA_ARI,Kliff Kingsbury,kliff_kingsbury,kliff_kingsbury
2021,ATL,18,2021_18_NO_ATL,Arthur Smith,arthur_smith,arthur_smith
2021,BAL,18,2021_18_PIT_BAL,John Harbaugh,john_harbaugh,greg_roman
2021,BUF,18,2021_18_NYJ_BUF,Sean McDermott,sean_mcdermott,brian_daboll
2021,CAR,18,2021_18_CAR_TB,Matt Rhule,matt_rhule,joe_brady
2021,CHI,18,2021_18_CHI_MIN,Matt Nagy,matt_nagy,matt_nagy
2021,CIN,18,2021_18_CIN_CLE,Zac Taylor,zac_taylor,zac_taylor
2021,CLE,18,2021_18_CIN_CLE,Kevin Stefanski,kevin_stefanski,kevin_stefanski
2021,DAL,18,2021_18_DAL_PHI,Mike McCarthy,mike_mccarthy,kellen_moore
2021,DEN,18,2021_18_KC_DEN,Vic Fangio,vic_fangio,pat_shurmur
2021,DET,18,2021_18_GB_DET,Dan Campbell,dan_campbell,
2021,GB,18,2021_18_GB_DET,Matt LaFleur,matt_lafleur,matt_lafleur
2021,HOU,18,2021_18_TEN_HOU,David Culley,david_culley,tim_kelly
2021,IND,18,2021_18_IND_JAX,Frank Reich,frank_reich,frank_reich
2021,JAX,18,2021_18_IND_JAX,Darrell Bevell,darrell_bevell,darrell_bevell
2021,KC,18,2021_18_KC_DEN,Andy Reid,andy_reid,andy_reid
2021,LA,18,2021_18_SF_LA,Sean McVay,sean_mcvay,sean_mcvay
2021,LAC,18,2021_18_LAC_LV,Brandon Staley,brandon_staley,joe_lombardi
2021,LV,18,2021_18_LAC_LV,Rich Bisaccia,rich_bisaccia,jon_gruden
2021,MIA,18,2021_18_NE_MIA,Brian Flores,brian_flores,
2021,MIN,18,2021_18_CHI_MIN,Mike Zimmer,mike_zimmer,klint_kubiak
2021,NE,18,2021_18_NE_MIA,Bill Belichick,bill_belichick,josh_mcdaniels
2021,NO,18,2021_18_NO_ATL,Sean Payton,sean_payton,sean_payton
2021,NYG,18,2021_18_WAS_NYG,Joe Judge,joe_judge,jason_garrett
2021,NYJ,18,2021_18_NYJ_BUF,Robert Saleh,robert_saleh,mike_lafleur
2021,PHI,18,2021_18_DAL_PHI,Nick Sirianni,nick_sirianni,nick_sirianni
2021,PIT,18,2021_18_PIT_BAL,Mike Tomlin,mike_tomlin,matt_canada
2021,SEA,18,2021_18_SEA_ARI,Pete Carroll,pete_carroll,shane_waldron
2021,SF,18,2021_18_SF_LA,Kyle Shanahan,kyle_shanahan,kyle_shanahan
2021,TB,18,2021_18_CAR_TB,Bruce Arians,bruce_arians,byron_leftwich
2021,TEN,18,2021_18_TEN_HOU,Mike Vrabel,mike_vrabel,todd_downing
2021,WAS,18,2021_18_WAS_NYG,Ron Rivera,ron_rivera,scott_turner
2022,ARI,1,2022_01_KC_ARI,Kliff Kingsbury,kliff_kingsbury,kliff_kingsbury
2022,ATL,1,2022_01_NO_ATL,Arthur Smith,arthur_smith,arthur_smith
2022,BAL,1,2022_01_BAL_NYJ,John Harbaugh,john_harbaugh,greg_roman
2022,BUF,1,2022_01_BUF_LA,Sean McDermott,sean_mcdermott,ken_dorsey
2022,CAR,1,2022_01_CLE_CAR,Matt Rhule,matt_rhule,ben_mcadoo
2022,CHI,1,2022_01_SF_CHI,Matt Eberflus,matt_eberflus,luke_getsy
2022,CIN,1,2022_01_PIT_CIN,Zac Taylor,zac_taylor,zac_taylor
2022,CLE,1,2022_01_CLE_CAR,Kevin Stefanski,kevin_stefanski,kevin_stefanski
2022,DAL,1,2022_01_TB_DAL,Mike McCarthy,mike_mccarthy,kellen_moore
2022,DEN,1,2022_01_DEN_SEA,Nathaniel Hackett,nathaniel_hackett,nathaniel_hackett
2022,DET,1,2022_01_PHI_DET,Dan Campbell,dan_campbell,ben_johnson
2022,GB,1,2022_01_GB_MIN,Matt LaFleur,matt_lafleur,matt_lafleur
2022,HOU,1,2022_01_IND_HOU,Lovie Smith,lovie_smith,pep_hamilton
2022,IND,1,2022_01_IND_HOU,Frank Reich,frank_reich,frank_reich
2022,JAX,1,2022_01_JAX_WAS,Doug Pederson,doug_pederson,doug_pederson
2022,KC,1,2022_01_KC_ARI,Andy Reid,andy_reid,andy_reid
2022,LA,1,2022_01_BUF_LA,Sean McVay,sean_mcvay,sean_mcvay
2022,LAC,1,2022_01_LV_LAC,Brandon Staley,brandon_staley,joe_lombardi
2022,LV,1,2022_01_LV_LAC,Josh McDaniels,josh_mcdaniels,josh_mcdaniels
2022,MIA,1,2022_01_NE_MIA,Mike McDaniel,mike_mcdaniel,mike_mcdaniel
2022,MIN,1,2022_01_GB_MIN,Kevin O'Connell,kevin_oconnell,kevin_oconnell
2022,NE,1,2022_01_NE_MIA,Bill Belichick,bill_belichick,
2022,NO,1,2022_01_NO_ATL,Dennis Allen,dennis_allen,pete_carmichael
2022,NYG,1,2022_01_NYG_TEN,Brian Daboll,brian_daboll,mike_kafka
2022,NYJ,1,2022_01_BAL_NYJ,Robert Saleh,robert_saleh,mike_lafleur
2022,PHI,1,2022_01_PHI_DET,Nick Sirianni,nick_sirianni,
2022,PIT,1,2022_01_PIT_CIN,Mike Tomlin,mike_tomlin,matt_canada
2022,SEA,1,2022_01_DEN_SEA,Pete Carroll,pete_carroll,shane_waldron
2022,SF,1,2022_01_SF_CHI,Kyle Shanahan,kyle_shanahan,kyle_shanahan
2022,TB,1,2022_01_TB_DAL,Todd Bowles,todd_bowles,byron_leftwich
2022,TEN,1,2022_01_NYG_TEN,Mike Vrabel,mike_vrabel,todd_downing
2022,WAS,1,2022_01_JAX_WAS,Ron Rivera,ron_rivera,scott_turner
2022,ARI,2,2022_02_ARI_LV,Kliff Kingsbury,kliff_kingsbury,kliff_kingsbury
2022,ATL,2,2022_02_ATL_LA,Arthur Smith,arthur_smith,arthur_smith
2022,BAL,2,2022_02_MIA_BAL,John Harbaugh,john_harbaugh,greg_roman
2022,BUF,2,2022_02_TEN_BUF,Sean McDermott,sean_mcdermott,ken_dorsey
2022,CAR,2,2022_02_CAR_NYG,Matt Rhule,matt_rhule,ben_mcadoo
2022,CHI,2,2022_02_CHI_GB,Matt Eberflus,matt_eberflus,luke_getsy
2022,CIN,2,2022_02_CIN_DAL,Zac Taylor,zac_taylor,zac_taylor
2022,CLE,2,2022_02_NYJ_CLE,Kevin Stefanski,kevin_stefanski,kevin_stefanski
2022,DAL,2,2022_02_CIN_DAL,Mike McCarthy,mike_mccarthy,kellen_moore
2022,DEN,2,2022_02_HOU_DEN,Nathaniel Hackett,nathaniel_hackett,nathaniel_hackett
2022,DET,2,2022_02_WAS_DET,Dan Campbell,dan_campbell,ben_johnson
2022,GB,2,2022_02_CHI_GB,Matt LaFleur,matt_lafleur,matt_lafleur
2022,HOU,2,2022_02_HOU_DEN,Lovie Smith,lovie_smith,pep_hamilton
2022,IND,2,2022_02_IND_JAX,Frank Reich,frank_reich,frank_reich
2022,JAX,2,2022_02_IND_JAX,Doug Pederson,doug_pederson,doug_pederson
2022,KC,2,2022_02_LAC_KC,Andy Reid,andy_reid,andy_reid
2022,LA,2,2022_02_ATL_LA,Sean McVay,sean_mcvay,sean_mcvay
2022,LAC,2,2022_02_LAC_KC,Brandon Staley,brandon_staley,joe_lombardi
2022,LV,2,2022_02_ARI_LV,Josh McDaniels,josh_mcdaniels,josh_mcdaniels
2022,MIA,2,2022_02_MIA_BAL,Mike McDaniel,mike_mcdaniel,mike_mcdaniel
2022,MIN,2,2022_02_MIN_PHI,Kevin O'Connell,kevin_oconnell,kevin_oconnell
2022,NE,2,2022_02_NE_PIT,Bill Belichick,bill_belichick,
2022,NO,2,2022_02_TB_NO,Dennis Allen,dennis_allen,pete_carmichael
2022,NYG,2,2022_02_CAR_NYG,Brian Daboll,brian_daboll,mike_kafka
2022,NYJ,2,2022_02_NYJ_CLE,Robert Saleh,robert_saleh,mike_lafleur
2022,PHI,2,2022_02_MIN_PHI,Nick Sirianni,nick_sirianni,
2022,PIT,2,2022_02_NE_PIT,Mike Tomlin,mike_tomlin,matt_canada
2022,SEA,2,2022_02_SEA_SF,Pete Carroll,pete_carroll,shane_waldron
2022,SF,2,2022_02_SEA_SF,Kyle Shanahan,kyle_shanahan,kyle_shanahan
2022,TB,2,2022_02_TB_NO,Todd Bowles,todd_bowles,byron_leftwich
2022,TEN,2,2022_02_TEN_BUF,Mike Vrabel,mike_vrabel,todd_downing
2022,WAS,2,2022_02_WAS_DET,Ron Rivera,ron_rivera,scott_turner
2022,ARI,3,2022_03_LA_ARI,Kliff Kingsbury,kliff_kingsbury,kliff_kingsbury
2022,ATL,3,2022_03_ATL_SEA,Arthur Smith,arthur_smith,arthur_smith
2022,BAL,3,2022_03_BAL_NE,John Harbaugh,john_harbaugh,greg_roman
2022,BUF,3,2022_03_BUF_MIA,Sean McDermott,sean_mcdermott,ken_dorsey
2022,CAR,3,2022_03_NO_CAR,Matt Rhule,matt_rhule,ben_mcadoo
2022,CHI,3,2022_03_HOU_CHI,Matt Eberflus,matt_eberflus,luke_getsy
2022,CIN,3,2022_03_CIN_NYJ,Zac Taylor,zac_taylor,zac_taylor
2022,CLE,3,2022_03_PIT_CLE,Kevin Stefanski,kevin_stefanski,kevin_stefanski
2022,DAL,3,2022_03_DAL_NYG,Mike McCarthy,mike_mccarthy,kellen_moore
2022,DEN,3,2022_03_SF_DEN,Nathaniel Hackett,nathaniel_hackett,nathaniel_hackett
2022,DET,3,2022_03_DET_MIN,Dan Campbell,dan_campbell,ben_johnson
2022,GB,3,2022_03_GB_TB,Matt LaFleur,matt_lafleur,matt_lafleur
2022,HOU,3,2022_03_HOU_CHI,Lovie Smith,lovie_smith,pep_hamilton
2022,IND,3,2022_03_KC_IND,Frank Reich,frank_reich,frank_reich
2022,JAX,3,2022_03_JAX_LAC,Doug Pederson,doug_pederson,doug_pederson
2022,KC,3,2022_03_KC_IND,Andy Reid,andy_reid,andy_reid
2022,LA,3,2022_03_LA_ARI,Sean McVay,sean_mcvay,sean_mcvay
2022,LAC,3,2022_03_JAX_LAC,Brandon Staley,brandon_staley,joe_lombardi
2022,LV,3,2022_03_LV_TEN,Josh McDaniels,josh_mcdaniels,josh_mcdaniels
2022,MIA,3,2022_03_BUF_MIA,Mike McDaniel,mike_mcdaniel,mike_mcdaniel
2022,MIN,3,2022_03_DET_MIN,Kevin O'Connell,kevin_oconnell,kevin_oconnell
2022,NE,3,2022_03_BAL_NE,Bill Belichick,bill_belichick,
2022,NO,3,2022_03_NO_CAR,Dennis Allen,dennis_allen,pete_carmichael
2022,NYG,3,2022_03_DAL_NYG,Brian Daboll,brian_daboll,mike_kafka
2022,NYJ,3,2022_03_CIN_NYJ,Robert Saleh,robert_saleh,mike_lafleur
2022,PHI,3,2022_03_PHI_WAS,Nick Sirianni,nick_sirianni,
2022,PIT,3,2022_03_PIT_CLE,Mike Tomlin,mike_tomlin,matt_canada
2022,SEA,3,2022_03_ATL_SEA,Pete Carroll,pete_carroll,shane_waldron
2022,SF,3,2022_03_SF_DEN,Kyle Shanahan,kyle_shanahan,kyle_shanahan
2022,TB,3,2022_03_GB_TB,Todd Bowles,todd_bowles,byron_leftwich
2022,TEN,3,2022_03_LV_TEN,Mike Vrabel,mike_vrabel,todd_downing
2022,WAS,3,2022_03_PHI_WAS,Ron Rivera,ron_rivera,scott_turner
2022,ARI,4,2022_04_ARI_CAR,Kliff Kingsbury,kliff_kingsbury,kliff_kingsbury
2022,ATL,4,2022_04_CLE_ATL,Arthur Smith,arthur_smith,arthur_smith
2022,BAL,4,2022_04_BUF_BAL,John Harbaugh,john_harbaugh,greg_roman
2022,BUF,4,2022_04_BUF_BAL,Sean McDermott,sean_mcdermott,ken_dorsey
2022,CAR,4,2022_04_ARI_CAR,Matt Rhule,matt_rhule,ben_mcadoo
2022,CHI,4,2022_04_CHI_NYG,Matt Eberflus,matt_eberflus,luke_getsy
2022,CIN,4,2022_04_MIA_CIN,Zac Taylor,zac_taylor,zac_taylor
2022,CLE,4,2022_04_CLE_ATL,Kevin Stefanski,kevin_stefanski,kevin_stefanski
2022,DAL,4,2022_04_WAS_DAL,Mike McCarthy,mike_mccarthy,kellen_moore
2022,DEN,4,2022_04_DEN_LV,Nathaniel Hackett,nathaniel_hackett,nathaniel_hackett
2022,DET,4,2022_04_SEA_DET,Dan Campbell,dan_campbell,ben_johnson
2022,GB,4,2022_04_NE_GB,Matt LaFleur,matt_lafleur,matt_lafleur
2022,HOU,4,2022_04_LAC_HOU,Lovie Smith,lovie_smith,pep_hamilton
2022,IND,4,2022_04_TEN_IND,Frank Reich,frank_reich,frank_reich
2022,JAX,4,2022_04_JAX_PHI,Doug Pederson,doug_pederson,doug_pederson
2022,KC,4,2022_04_KC_TB,Andy Reid,andy_reid,andy_reid
2022,LA,4,2022_04_LA_SF,Sean McVay,sean_mcvay,sean_mcvay
2022,LAC,4,2022_04_LAC_HOU,Brandon Staley,brandon_staley,joe_lombardi
2022,LV,4,2022_04_DEN_LV,Josh McDaniels,josh_mcdaniels,josh_mcdaniels
2022,MIA,4,2022_04_MIA_CIN,Mike McDaniel,mike_mcdaniel,mike_mcdaniel
2022,MIN,4,2022_04_MIN_NO,Kevin O'Connell,kevin_oconnell,kevin_oconnell
2022,NE,4,2022_04_NE_GB,Bill Belichick,bill_belichick,
2022,NO,4,2022_04_MIN_NO,Dennis Allen,dennis_allen,pete_carmichael
2022,NYG,4,2022_04_CHI_NYG,Brian Daboll,brian_daboll,mike_kafka
2022,NYJ,4,2022_04_NYJ_PIT,Robert Saleh,robert_saleh,mike_lafleur
2022,PHI,4,2022_04_JAX_PHI,Nick Sirianni,nick_sirianni,
2022,PIT,4,2022_04_NYJ_PIT,Mike Tomlin,mike_tomlin,matt_canada
2022,SEA,4,2022_04_SEA_DET,Pete Carroll,pete_carroll,shane_waldron
2022,SF,4,2022_04_LA_SF,Kyle Shanahan,kyle_shanahan,kyle_shanahan
2022,TB,4,2022_04_KC_TB,Todd Bowles,todd_bowles,byron_leftwich
2022,TEN,4,2022_04_TEN_IND,Mike Vrabel,mike_vrabel,todd_downing
2022,WAS,4,2022_04_WAS_DAL,Ron Rivera,ron_rivera,scott_turner
2022,ARI,5,2022_05_PHI_ARI,Kliff Kingsbury,kliff_kingsbury,kliff_kingsbury
2022,ATL,5,2022_05_ATL_TB,Arthur Smith,arthur_smith,arthur_smith
2022,BAL,5,2022_05_CIN_BAL,John Harbaugh,john_harbaugh,greg_roman
2022,BUF,5,2022_05_PIT_BUF,Sean McDermott,sean_mcdermott,ken_dorsey
2022,CAR,5,2022_05_SF_CAR,Matt Rhule,matt_rhule,ben_mcadoo
2022,CHI,5,2022_05_CHI_MIN,Matt Eberflus,matt_eberflus,luke_getsy
2022,CIN,5,2022_05_CIN_BAL,Zac Taylor,zac_taylor,zac_taylor
2022,CLE,5,2022_05_LAC_CLE,Kevin Stefanski,kevin_stefanski,kevin_stefanski
2022,DAL,5,2022_05_DAL_LA,Mike McCarthy,mike_mccarthy,kellen_moore
2022,DEN,5,2022_05_IND_DEN,Nathaniel Hackett,nathaniel_hackett,nathaniel_hackett
2022,DET,5,2022_05_DET_NE,Dan Campbell,dan_campbell,ben_johnson
2022,GB,5,2022_05_NYG_GB,Matt LaFleur,matt_lafleur,matt_lafleur
2022,HOU,5,2022_05_HOU_JAX,Lovie Smith,lovie_smith,pep_hamilton
2022,IND,5,2022_05_IND_DEN,Frank Reich,frank_reich,frank_reich
2022,JAX,5,2022_05_HOU_JAX,Doug Pederson,doug_pederson,doug_pederson
2022,KC,5,2022_05_LV_KC,Andy Reid,andy_reid,andy_reid
2022,LA,5,2022_05_DAL_LA,Sean McVay,sean_mcvay,sean_mcvay
2022,LAC,5,2022_05_LAC_CLE,Brandon Staley,brandon_staley,joe_lombardi
2022,LV,5,2022_05_LV_KC,Josh McDaniels,josh_mcdaniels,josh_mcdaniels
2022,MIA,5,2022_05_MIA_NYJ,Mike McDaniel,mike_mcdaniel,mike_mcdaniel
2022,MIN,5,2022_05_CHI_MIN,Kevin O'Connell,kevin_oconnell,kevin_oconnell
2022,NE,5,2022_05_DET_NE,Bill Belichick,bill_belichick,
2022,NO,5,2022_05_SEA_NO,Dennis Allen,dennis_allen,pete_carmichael
2022,NYG,5,2022_05_NYG_GB,Brian Daboll,brian_daboll,mike_kafka
2022,NYJ,5,2022_05_MIA_NYJ,Robert Saleh,robert_saleh,mike_lafleur
2022,PHI,5,2022_05_PHI_ARI,Nick Sirianni,nick_sirianni,
2022,PIT,5,2022_05_PIT_BUF,Mike Tomlin,mike_tomlin,matt_canada
2022,SEA,5,2022_05_SEA_NO,Pete Carroll,pete_carroll,shane_waldron
2022,SF,5,2022_05_SF_CAR,Kyle Shanahan,kyle_shanahan,kyle_shanahan
2022,TB,5,2022_05_ATL_TB,Todd Bowles,todd_bowles,byron_leftwich
2022,TEN,5,2022_05_TEN_WAS,Mike Vrabel,mike_vrabel,todd_downing
2022,WAS,5,2022_05_TEN_WAS,Ron Rivera,ron_rivera,scott_turner
2022,ARI,6,2022_06_ARI_SEA,Kliff Kingsbury,kliff_kingsbury,kliff_kingsbury
2022,ATL,6,2022_06_SF_ATL,Arthur Smith,arthur_smith,arthur_smith
2022,BAL,6,2022_06_BAL_NYG,John Harbaugh,john_harbaugh,greg_roman
2022,BUF,6,2022_06_BUF_KC,Sean McDermott,sean_mcdermott,ken_dorsey
2022,CAR,6,2022_06_CAR_LA,Steve Wilks,steve_wilks,ben_mcadoo
2022,CHI,6,2022_06_WAS_CHI,Matt Eberflus,matt_eberflus,luke_getsy
2022,CIN,6,2022_06_CIN_NO,Zac Taylor,zac_taylor,zac_taylor
2022,CLE,6,2022_06_NE_CLE,Kevin Stefanski,kevin_stefanski,kevin_stefanski
2022,DAL,6,2022_06_DAL_PHI,Mike McCarthy,mike_mccarthy,kellen_moore
2022,DEN,6,2022_06_DEN_LAC,Nathaniel Hackett,nathaniel_hackett,nathaniel_hackett
2022,GB,6,2022_06_NYJ_GB,Matt LaFleur,matt_lafleur,matt_lafleur
2022,IND,6,2022_06_JAX_IND,Frank Reich,frank_reich,frank_reich
2022,JAX,6,2022_06_JAX_IND,Doug Pederson,doug_pederson,doug_pederson
2022,KC,6,2022_06_BUF_KC,Andy Reid,andy_reid,andy_reid
2022,LA,6,2022_06_CAR_LA,Sean McVay,sean_mcvay,sean_mcvay
2022,LAC,6,2022_06_DEN_LAC,Brandon Staley,brandon_staley,joe_lombardi
2022,MIA,6,2022_06_MIN_MIA,Mike McDaniel,mike_mcdaniel,mike_mcdaniel
2022,MIN,6,2022_06_MIN_MIA,Kevin O'Connell,kevin_oconnell,kevin_oconnell
2022,NE,6,2022_06_NE_CLE,Bill Belichick,bill_belichick,
2022,NO,6,2022_06_CIN_NO,Dennis Allen,dennis_allen,pete_carmichael
2022,NYG,6,2022_06_BAL_NYG,Brian Daboll,brian_daboll,mike_kafka
2022,NYJ,6,2022_06_NYJ_GB,Robert Saleh,robert_saleh,mike_lafleur
2022,PHI,6,2022_06_DAL_PHI,Nick Sirianni,nick_sirianni,
2022,PIT,6,2022_06_TB_PIT,Mike Tomlin,mike_tomlin,matt_canada
2022,SEA,6,2022_06_ARI_SEA,Pete Carroll,pete_carroll,shane_waldron
2022,SF,6,2022_06_SF_ATL,Kyle Shanahan,kyle_shanahan,kyle_shanahan
2022,TB,6,2022_06_TB_PIT,Todd Bowles,todd_bowles,byron_leftwich
2022,WAS,6,2022_06_WAS_CHI,Ron Rivera,ron_rivera,scott_turner
2022,ARI,7,2022_07_NO_ARI,Kliff Kingsbury,kliff_kingsbury,kliff_kingsbury
2022,ATL,7,2022_07_ATL_CIN,Arthur Smith,arthur_smith,arthur_smith
2022,BAL,7,2022_07_CLE_BAL,John Harbaugh,john_harbaugh,greg_roman
2022,CAR,7,2022_07_TB_CAR,Steve Wilks,steve_wilks,ben_mcadoo
2022,CHI,7,2022_07_CHI_NE,Matt Eberflus,matt_eberflus,luke_getsy
2022,CIN,7,2022_07_ATL_CIN,Zac Taylor,zac_taylor,zac_taylor
2022,CLE,7,2022_07_CLE_BAL,Kevin Stefanski,kevin_stefanski,kevin_stefanski
2022,DAL,7,2022_07_DET_DAL,Mike McCarthy,mike_mccarthy,kellen_moore
2022,DEN,7,2022_07_NYJ_DEN,Nathaniel Hackett,nathaniel_hackett,nathaniel_hackett
2022,DET,7,2022_07_DET_DAL,Dan Campbell,dan_campbell,ben_johnson
2022,GB,7,2022_07_GB_WAS,Matt LaFleur,matt_lafleur,matt_lafleur
2022,HOU,7,2022_07_HOU_LV,Lovie Smith,lovie_smith,pep_hamilton
2022,IND,7,2022_07_IND_TEN,Frank Reich,frank_reich,frank_reich
2022,JAX,7,2022_07_NYG_JAX,Doug Pederson,doug_pederson,doug_pederson
2022,KC,7,2022_07_KC_SF,Andy Reid,andy_reid,andy_reid
2022,LAC,7,2022_07_SEA_LAC,Brandon Staley,brandon_staley,joe_lombardi
2022,LV,7,2022_07_HOU_LV,Josh McDaniels,josh_mcdaniels,josh_mcdaniels
2022,MIA,7,2022_07_PIT_MIA,Mike McDaniel,mike_mcdaniel,mike_mcdaniel
2022,NE,7,2022_07_CHI_NE,Bill Belichick,bill_belichick,
2022,NO,7,2022_07_NO_ARI,Dennis Allen,dennis_allen,pete_carmichael
2022,NYG,7,2022_07_NYG_JAX,Brian Daboll,brian_daboll,mike_kafka
2022,NYJ,7,2022_07_NYJ_DEN,Robert Saleh,robert_saleh,mike_lafleur
2022,PIT,7,2022_07_PIT_MIA,Mike Tomlin,mike_tomlin,matt_canada
2022,SEA,7,2022_07_SEA_LAC,Pete Carroll,pete_carroll,shane_waldron
2022,SF,7,2022_07_KC_SF,Kyle Shanahan,kyle_shanahan,kyle_shanahan
2022,TB,7,2022_07_TB_CAR,Todd Bowles,todd_bowles,byron_leftwich
2022,TEN,7,2022_07_IND_TEN,Mike Vrabel,mike_vrabel,todd_downing
2022,WAS,7,2022_07_GB_WAS,Ron Rivera,ron_rivera,scott_turner
2022,ARI,8,2022_08_ARI_MIN,Kliff Kingsbury,kliff_kingsbury,kliff_kingsbury
2022,ATL,8,2022_08_CAR_ATL,Arthur Smith,arthur_smith,arthur_smith
2022,BAL,8,2022_08_BAL_TB,John Harbaugh,john_harbaugh,greg_roman
2022,BUF,8,2022_08_GB_BUF,Sean McDermott,sean_mcdermott,ken_dorsey
2022,CAR,8,2022_08_CAR_ATL,Steve Wilks,steve_wilks,ben_mcadoo
2022,CHI,8,2022_08_CHI_DAL,Matt Eberflus,matt_eberflus,luke_getsy
2022,CIN,8,2022_08_CIN_CLE,Zac Taylor,zac_taylor,zac_taylor
2022,CLE,8,2022_08_CIN_CLE,Kevin Stefanski,kevin_stefanski,kevin_stefanski
2022,DAL,8,2022_08_CHI_DAL,Mike McCarthy,mike_mccarthy,kellen_moore
2022,DEN,8,2022_08_DEN_JAX,Nathaniel Hackett,nathaniel_hackett,nathaniel_hackett
2022,DET,8,2022_08_MIA_DET,Dan Campbell,dan_campbell,ben_johnson
2022,GB,8,2022_08_GB_BUF,Matt LaFleur,matt_lafleur,matt_lafleur
2022,HOU,8,2022_08_TEN_HOU,Lovie Smith,lovie_smith,pep_hamilton
2022,IND,8,2022_08_WAS_IND,Frank Reich,frank_reich,frank_reich
2022,JAX,8,2022_08_DEN_JAX,Doug Pederson,doug_pederson,doug_pederson
2022,LA,8,2022_08_SF_LA,Sean McVay,sean_mcvay,sean_mcvay
2022,LV,8,2022_08_LV_NO,Josh McDaniels,josh_mcdaniels,josh_mcdaniels
2022,MIA,8,2022_08_MIA_DET,Mike McDaniel,mike_mcdaniel,mike_mcdaniel
2022,MIN,8,2022_08_ARI_MIN,Kevin O'Connell,kevin_oconnell,kevin_oconnell
2022,NE,8,2022_08_NE_NYJ,Bill Belichick,bill_belichick,
2022,NO,8,2022_08_LV_NO,Dennis Allen,dennis_allen,pete_carmichael
2022,NYG,8,2022_08_NYG_SEA,Brian Daboll,brian_daboll,mike_kafka
2022,NYJ,8,2022_08_NE_NYJ,Robert Saleh,robert_saleh,mike_lafleur
2022,PHI,8,2022_08_PIT_PHI,Nick Sirianni,nick_sirianni,
2022,PIT,8,2022_08_PIT_PHI,Mike Tomlin,mike_tomlin,matt_canada
2022,SEA,8,2022_08_NYG_SEA,Pete Carroll,pete_carroll,shane_waldron
2022,SF,8,2022_08_SF_LA,Kyle Shanahan,kyle_shanahan,kyle_shanahan
2022,TB,8,2022_08_BAL_TB,Todd Bowles,todd_bowles,byron_leftwich
2022,TEN,8,2022_08_TEN_HOU,Mike Vrabel,mike_vrabel,todd_downing
2022,WAS,8,2022_08_WAS_IND,Ron Rivera,ron_rivera,scott_turner
2022,ARI,9,2022_09_SEA_ARI,Kliff Kingsbury,kliff_kingsbury,kliff_kingsbury
2022,ATL,9,2022_09_LAC_ATL,Arthur Smith,arthur_smith,arthur_smith
2022,BAL,9,2022_09_BAL_NO,John Harbaugh,john_harbaugh,greg_roman
2022,BUF,9,2022_09_BUF_NYJ,Sean McDermott,sean_mcdermott,ken_dorsey
2022,CAR,9,2022_09_CAR_CIN,Steve Wilks,steve_wilks,ben_mcadoo
2022,CHI,9,2022_09_MIA_CHI,Matt Eberflus,matt_eberflus,luke_getsy
2022,CIN,9,2022_09_CAR_CIN,Zac Taylor,zac_taylor,zac_taylor
2022,DET,9,2022_09_GB_DET,Dan Campbell,dan_campbell,ben_johnson
2022,GB,9,2022_09_GB_DET,Matt LaFleur,matt_lafleur,matt_lafleur
2022,HOU,9,2022_09_PHI_HOU,Lovie Smith,lovie_smith,pep_hamilton
2022,IND,9,2022_09_IND_NE,Frank Reich,frank_reich,frank_reich
2022,JAX,9,2022_09_LV_JAX,Doug Pederson,doug_pederson,doug_pederson
2022,KC,9,2022_09_TEN_KC,Andy Reid,andy_reid,andy_reid
2022,LA,9,2022_09_LA_TB,Sean McVay,sean_mcvay,sean_mcvay
2022,LAC,9,2022_09_LAC_ATL,Brandon Staley,brandon_staley,joe_lombardi
2022,LV,9,2022_09_LV_JAX,Josh McDaniels,josh_mcdaniels,josh_mcdaniels
2022,MIA,9,2022_09_MIA_CHI,Mike McDaniel,mike_mcdaniel,mike_mcdaniel
2022,MIN,9,2022_09_MIN_WAS,Kevin O'Connell,kevin_oconnell,kevin_oconnell
2022,NE,9,2022_09_IND_NE,Bill Belichick,bill_belichick,
2022,NO,9,2022_09_BAL_NO,Dennis Allen,dennis_allen,pete_carmichael
2022,NYJ,9,2022_09_BUF_NYJ,Robert Saleh,robert_saleh,mike_lafleur
2022,PHI,9,2022_09_PHI_HOU,Nick Sirianni,nick_sirianni,
2022,SEA,9,2022_09_SEA_ARI,Pete Carroll,pete_carroll,shane_waldron
2022,TB,9,2022_09_LA_TB,Todd Bowles,todd_bowles,byron_leftwich
2022,TEN,9,2022_09_TEN_KC,Mike Vrabel,mike_vrabel,todd_downing
2022,WAS,9,2022_09_MIN_WAS,Ron Rivera,ron_rivera,scott_turner
2022,ARI,10,2022_10_ARI_LA,Kliff Kingsbury,kliff_kingsbury,kliff_kingsbury
2022,ATL,10,2022_10_ATL_CAR,Arthur Smith,arthur_smith,arthur_smith
2022,BUF,10,2022_10_MIN_BUF,Sean McDermott,sean_mcdermott,ken_dorsey
2022,CAR,10,2022_10_ATL_CAR,Steve Wilks,steve_wilks,ben_mcadoo
2022,CHI,10,2022_10_DET_CHI,Matt Eberflus,matt_eberflus,luke_getsy
2022,CLE,10,2022_10_CLE_MIA,Kevin Stefanski,kevin_stefanski,kevin_stefanski
2022,DAL,10,2022_10_DAL_GB,Mike McCarthy,mike_mccarthy,kellen_moore
2022,DEN,10,2022_10_DEN_TEN,Nathaniel Hackett,nathaniel_hackett,nathaniel_hackett
2022,DET,10,2022_10_DET_CHI,Dan Campbell,dan_campbell,ben_johnson
2022,GB,10,2022_10_DAL_GB,Matt LaFleur,matt_lafleur,matt_lafleur
2022,HOU,10,2022_10_HOU_NYG,Lovie Smith,lovie_smith,pep_hamilton
2022,IND,10,2022_10_IND_LV,Jeff Saturday,jeff_saturday,frank_reich
2022,JAX,10,2022_10_JAX_KC,Doug Pederson,doug_pederson,doug_pederson
2022,KC,10,2022_10_JAX_KC,Andy Reid,andy_reid,andy_reid
2022,LA,10,2022_10_ARI_LA,Sean McVay,sean_mcvay,sean_mcvay
2022,LAC,10,2022_10_LAC_SF,Brandon Staley,brandon_staley,joe_lombardi
2022,LV,10,2022_10_IND_LV,Josh McDaniels,josh_mcdaniels,josh_mcdaniels
2022,MIA,10,2022_10_CLE_MIA,Mike McDaniel,mike_mcdaniel,mike_mcdaniel
2022,MIN,10,2022_10_MIN_BUF,Kevin O'Connell,kevin_oconnell,kevin_oconnell
2022,NO,10,2022_10_NO_PIT,Dennis Allen,dennis_allen,pete_carmichael
2022,NYG,10,2022_10_HOU_NYG,Brian Daboll,brian_daboll,mike_kafka
2022,PHI,10,2022_10_WAS_PHI,Nick Sirianni,nick_sirianni,
2022,PIT,10,2022_10_NO_PIT,Mike Tomlin,mike_tomlin,matt_canada
2022,SEA,10,2022_10_SEA_TB,Pete Carroll,pete_carroll,shane_waldron
2022,SF,10,2022_10_LAC_SF,Kyle Shanahan,kyle_shanahan,kyle_shanahan
2022,TB,10,2022_10_SEA_TB,Todd Bowles,todd_bowles,byron_leftwich
2022,TEN,10,2022_10_DEN_TEN,Mike Vrabel,mike_vrabel,todd_downing
2022,WAS,10,2022_10_WAS_PHI,Ron Rivera,ron_rivera,scott_turner
2022,ARI,11,2022_11_SF_ARI,Kliff Kingsbury,kliff_kingsbury,kliff_kingsbury
2022,ATL,11,2022_11_CHI_ATL,Arthur Smith,arthur_smith,arthur_smith
2022,BAL,11,2022_11_CAR_BAL,John Harbaugh,john_harbaugh,greg_roman
2022,BUF,11,2022_11_CLE_BUF,Sean McDermott,sean_mcdermott,ken_dorsey
2022,CAR,11,2022_11_CAR_BAL,Steve Wilks,steve_wilks,ben_mcadoo
2022,CHI,11,2022_11_CHI_ATL,Matt Eberflus,matt_eberflus,luke_getsy
2022,CIN,11,2022_11_CIN_PIT,Zac Taylor,zac_taylor,zac_taylor
2022,CLE,11,2022_11_CLE_BUF,Kevin Stefanski,kevin_stefanski,kevin_stefanski
2022,DAL,11,2022_11_DAL_MIN,Mike McCarthy,mike_mccarthy,kellen_moore
2022,DEN,11,2022_11_LV_DEN,Nathaniel Hackett,nathaniel_hackett,nathaniel_hackett
2022,DET,11,2022_11_DET_NYG,Dan Campbell,dan_campbell,ben_johnson
2022,GB,11,2022_11_TEN_GB,Matt LaFleur,matt_lafleur,matt_lafleur
2022,HOU,11,2022_11_WAS_HOU,Lovie Smith,lovie_smith,pep_hamilton
2022,IND,11,2022_11_PHI_IND,Jeff Saturday,jeff_saturday,frank_reich
2022,KC,11,2022_11_KC_LAC,Andy Reid,andy_reid,andy_reid
2022,LA,11,2022_11_LA_NO,Sean McVay,sean_mcvay,sean_mcvay
2022,LAC,11,2022_11_KC_LAC,Brandon Staley,brandon_staley,joe_lombardi
2022,LV,11,2022_11_LV_DEN,Josh McDaniels,josh_mcdaniels,josh_mcdaniels
2022,MIN,11,2022_11_DAL_MIN,Kevin O'Connell,kevin_oconnell,kevin_oconnell
2022,NE,11,2022_11_NYJ_NE,Bill Belichick,bill_belichick,
2022,NO,11,2022_11_LA_NO,Dennis Allen,dennis_allen,pete_carmichael
2022,NYG,11,2022_11_DET_NYG,Brian Daboll,brian_daboll,mike_kafka
2022,NYJ,11,2022_11_NYJ_NE,Robert Saleh,robert_saleh,mike_lafleur
2022,PHI,11,2022_11_PHI_IND,Nick Sirianni,nick_sirianni,
2022,PIT,11,2022_11_CIN_PIT,Mike Tomlin,mike_tomlin,matt_canada
2022,SF,11,2022_11_SF_ARI,Kyle Shanahan,kyle_shanahan,kyle_shanahan
2022,TEN,11,2022_11_TEN_GB,Mike Vrabel,mike_vrabel,todd_downing
2022,WAS,11,2022_11_WAS_HOU,Ron Rivera,ron_rivera,scott_turner
2022,ARI,12,2022_12_LAC_ARI,Kliff Kingsbury,kliff_kingsbury,kliff_kingsbury
2022,ATL,12,2022_12_ATL_WAS,Arthur Smith,arthur_smith,arthur_smith
2022,BAL,12,2022_12_BAL_JAX,John Harbaugh,john_harbaugh,greg_roman
2022,BUF,12,2022_12_BUF_DET,Sean McDermott,sean_mcdermott,ken_dorsey
2022,CAR,12,2022_12_DEN_CAR,Steve Wilks,steve_wilks,ben_mcadoo
2022,CHI,12,2022_12_CHI_NYJ,Matt Eberflus,matt_eberflus,luke_getsy
2022,CIN,12,2022_12_CIN_TEN,Zac Taylor,zac_taylor,zac_taylor
2022,CLE,12,2022_12_TB_CLE,Kevin Stefanski,kevin_stefanski,kevin_stefanski
2022,DAL,12,2022_12_NYG_DAL,Mike McCarthy,mike_mccarthy,kellen_moore
2022,DEN,12,2022_12_DEN_CAR,Nathaniel Hackett,nathaniel_hackett,nathaniel_hackett
2022,DET,12,2022_12_BUF_DET,Dan Campbell,dan_campbell,ben_johnson
2022,GB,12,2022_12_GB_PHI,Matt LaFleur,matt_lafleur,matt_lafleur
2022,HOU,12,2022_12_HOU_MIA,Lovie Smith,lovie_smith,pep_hamilton
2022,IND,12,2022_12_PIT_IND,Jeff Saturday,jeff_saturday,frank_reich
2022,JAX,12,2022_12_BAL_JAX,Doug Pederson,doug_pederson,doug_pederson
2022,KC,12,2022_12_LA_KC,Andy Reid,andy_reid,andy_reid
2022,LA,12,2022_12_LA_KC,Sean McVay,sean_mcvay,sean_mcvay
2022,LAC,12,2022_12_LAC_ARI,Brandon Staley,brandon_staley,joe_lombardi
2022,LV,12,2022_12_LV_SEA,Josh McDaniels,josh_mcdaniels,josh_mcdaniels
2022,MIA,12,2022_12_HOU_MIA,Mike McDaniel,mike_mcdaniel,mike_mcdaniel
2022,MIN,12,2022_12_NE_MIN,Kevin O'Connell,kevin_oconnell,kevin_oconnell
2022,NE,12,2022_12_NE_MIN,Bill Belichick,bill_belichick,
2022,NO,12,2022_12_NO_SF,Dennis Allen,dennis_allen,pete_carmichael
2022,NYG,12,2022_12_NYG_DAL,Brian Daboll,brian_daboll,mike_kafka
2022,NYJ,12,2022_12_CHI_NYJ,Robert Saleh,robert_saleh,mike_lafleur
2022,PHI,12,2022_12_GB_PHI,Nick Sirianni,nick_sirianni,
2022,PIT,12,2022_12_PIT_IND,Mike Tomlin,mike_tomlin,matt_canada
2022,SEA,12,2022_12_LV_SEA,Pete Carroll,pete_carroll,shane_waldron
2022,SF,12,2022_12_NO_SF,Kyle Shanahan,kyle_shanahan,kyle_shanahan
2022,TB,12,2022_12_TB_CLE,Todd Bowles,todd_bowles,byron_leftwich
2022,TEN,12,2022_12_CIN_TEN,Mike Vrabel,mike_vrabel,todd_downing
2022,WAS,12,2022_12_ATL_WAS,Ron Rivera,ron_rivera,scott_turner
2022,ATL,13,2022_13_PIT_ATL,Arthur Smith,arthur_smith,arthur_smith
2022,BAL,13,2022_13_DEN_BAL,John Harbaugh,john_harbaugh,greg_roman
2022,BUF,13,2022_13_BUF_NE,Sean McDermott,sean_mcdermott,ken_dorsey
2022,CHI,13,2022_13_GB_CHI,Matt Eberflus,matt_eberflus,luke_getsy
2022,CIN,13,2022_13_KC_CIN,Zac Taylor,zac_taylor,zac_taylor
2022,CLE,13,2022_13_CLE_HOU,Kevin Stefanski,kevin_stefanski,kevin_stefanski
2022,DAL,13,2022_13_IND_DAL,Mike McCarthy,mike_mccarthy,kellen_moore
2022,DEN,13,2022_13_DEN_BAL,Nathaniel Hackett,nathaniel_hackett,nathaniel_hackett
2022,DET,13,2022_13_JAX_DET,Dan Campbell,dan_campbell,ben_johnson
2022,GB,13,2022_13_GB_CHI,Matt LaFleur,matt_lafleur,matt_lafleur
2022,HOU,13,2022_13_CLE_HOU,Lovie Smith,lovie_smith,pep_hamilton
2022,IND,13,2022_13_IND_DAL,Jeff Saturday,jeff_saturday,frank_reich
2022,JAX,13,2022_13_JAX_DET,Doug Pederson,doug_pederson,doug_pederson
2022,KC,13,2022_13_KC_CIN,Andy Reid,andy_reid,andy_reid
2022,LA,13,2022_13_SEA_LA,Sean McVay,sean_mcvay,sean_mcvay
2022,LAC,13,2022_13_LAC_LV,Brandon Staley,brandon_staley,joe_lombardi
2022,LV,13,2022_13_LAC_LV,Josh McDaniels,josh_mcdaniels,josh_mcdaniels
2022,MIA,13,2022_13_MIA_SF,Mike McDaniel,mike_mcdaniel,mike_mcdaniel
2022,MIN,13,2022_13_NYJ_MIN,Kevin O'Connell,kevin_oconnell,kevin_oconnell
2022,NE,13,2022_13_BUF_NE,Bill Belichick,bill_belichick,
2022,NO,13,2022_13_NO_TB,Dennis Allen,dennis_allen,pete_carmichael
2022,NYG,13,2022_13_WAS_NYG,Brian Daboll,brian_daboll,mike_kafka
2022,NYJ,13,2022_13_NYJ_MIN,Robert Saleh,robert_saleh,mike_lafleur
2022,PHI,13,2022_13_TEN_PHI,Nick Sirianni,nick_sirianni,
2022,PIT,13,2022_13_PIT_ATL,Mike Tomlin,mike_tomlin,matt_canada
2022,SEA,13,2022_13_SEA_LA,Pete Carroll,pete_carroll,shane_waldron
2022,SF,13,2022_13_MIA_SF,Kyle Shanahan,kyle_shanahan,kyle_shanahan
2022,TB,13,2022_13_NO_TB,Todd Bowles,todd_bowles,byron_leftwich
2022,TEN,13,2022_13_TEN_PHI,Mike Vrabel,mike_vrabel,todd_downing
2022,WAS,13,2022_13_WAS_NYG,Ron Rivera,ron_rivera,scott_turner
2022,ARI,14,2022_14_NE_ARI,Kliff Kingsbury,kliff_kingsbury,kliff_kingsbury
2022,BAL,14,2022_14_BAL_PIT,John Harbaugh,john_harbaugh,greg_roman
2022,BUF,14,2022_14_NYJ_BUF,Sean McDermott,sean_mcdermott,ken_dorsey
2022,CAR,14,2022_14_CAR_SEA,Steve Wilks,steve_wilks,ben_mcadoo
2022,CIN,14,2022_14_CLE_CIN,Zac Taylor,zac_taylor,zac_taylor
2022,CLE,14,2022_14_CLE_CIN,Kevin Stefanski,kevin_stefanski,kevin_stefanski
2022,DAL,14,2022_14_HOU_DAL,Mike McCarthy,mike_mccarthy,kellen_moore
2022,DEN,14,2022_14_KC_DEN,Nathaniel Hackett,nathaniel_hackett,nathaniel_hackett
2022,DET,14,2022_14_MIN_DET,Dan Campbell,dan_campbell,ben_johnson
2022,HOU,14,2022_14_HOU_DAL,Lovie Smith,lovie_smith,pep_hamilton
2022,JAX,14,2022_14_JAX_TEN,Doug Pederson,doug_pederson,doug_pederson
2022,KC,14,2022_14_KC_DEN,Andy Reid,andy_reid,andy_reid
2022,LA,14,2022_14_LV_LA,Sean McVay,sean_mcvay,sean_mcvay
2022,LAC,14,2022_14_MIA_LAC,Brandon Staley,brandon_staley,joe_lombardi
2022,LV,14,2022_14_LV_LA,Josh McDaniels,josh_mcdaniels,josh_mcdaniels
2022,MIA,14,2022_14_MIA_LAC,Mike McDaniel,mike_mcdaniel,mike_mcdaniel
2022,MIN,14,2022_14_MIN_DET,Kevin O'Connell,kevin_oconnell,kevin_oconnell
2022,NE,14,2022_14_NE_ARI,Bill Belichick,bill_belichick,
2022,NYG,14,2022_14_PHI_NYG,Brian Daboll,brian_daboll,mike_kafka
2022,NYJ,14,2022_14_NYJ_BUF,Robert Saleh,robert_saleh,mike_lafleur
2022,PHI,14,2022_14_PHI_NYG,Nick Sirianni,nick_sirianni,
2022,PIT,14,2022_14_BAL_PIT,Mike Tomlin,mike_tomlin,matt_canada
2022,SEA,14,2022_14_CAR_SEA,Pete Carroll,pete_carroll,shane_waldron
2022,SF,14,2022_14_TB_SF,Kyle Shanahan,kyle_shanahan,kyle_shanahan
2022,TB,14,2022_14_TB_SF,Todd Bowles,todd_bowles,byron_leftwich
2022,TEN,14,2022_14_JAX_TEN,Mike Vrabel,mike_vrabel,todd_downing
2022,ARI,15,2022_15_ARI_DEN,Kliff Kingsbury,kliff_kingsbury,kliff_kingsbury
2022,ATL,15,2022_15_ATL_NO,Arthur Smith,arthur_smith,arthur_smith
2022,BAL,15,2022_15_BAL_CLE,John Harbaugh,john_harbaugh,greg_roman
2022,BUF,15,2022_15_MIA_BUF,Sean McDermott,sean_mcdermott,ken_dorsey
2022,CAR,15,2022_15_PIT_CAR,Steve Wilks,steve_wilks,ben_mcadoo
2022,CHI,15,2022_15_PHI_CHI,Matt Eberflus,matt_eberflus,luke_getsy
2022,CIN,15,2022_15_CIN_TB,Zac Taylor,zac_taylor,zac_taylor
2022,CLE,15,2022_15_BAL_CLE,Kevin Stefanski,kevin_stefanski,kevin_stefanski
2022,DAL,15,2022_15_DAL_JAX,Mike McCarthy,mike_mccarthy,kellen_moore
2022,DEN,15,2022_15_ARI_DEN,Nathaniel Hackett,nathaniel_hackett,nathaniel_hackett
2022,DET,15,2022_15_DET_NYJ,Dan Campbell,dan_campbell,ben_johnson
2022,GB,15,2022_15_LA_GB,Matt LaFleur,matt_lafleur,matt_lafleur
2022,HOU,15,2022_15_KC_HOU,Lovie Smith,lovie_smith,pep_hamilton
2022,IND,15,2022_15_IND_MIN,Jeff Saturday,jeff_saturday,frank_reich
2022,JAX,15,2022_15_DAL_JAX,Doug Pederson,doug_pederson,doug_pederson
2022,KC,15,2022_15_KC_HOU,Andy Reid,andy_reid,andy_reid
2022,LA,15,2022_15_LA_GB,Sean McVay,sean_mcvay,sean_mcvay
2022,LAC,15,2022_15_TEN_LAC,Brandon Staley,brandon_staley,joe_lombardi
2022,LV,15,2022_15_NE_LV,Josh McDaniels,josh_mcdaniels,josh_mcdaniels
2022,MIA,15,2022_15_MIA_BUF,Mike McDaniel,mike_mcdaniel,mike_mcdaniel
2022,MIN,15,2022_15_IND_MIN,Kevin O'Connell,kevin_oconnell,kevin_oconnell
2022,NE,15,2022_15_NE_LV,Bill Belichick,bill_belichick,
2022,NO,15,2022_15_ATL_NO,Dennis Allen,dennis_allen,pete_carmichael
2022,NYG,15,2022_15_NYG_WAS,Brian Daboll,brian_daboll,mike_kafka
2022,NYJ,15,2022_15_DET_NYJ,Robert Saleh,robert_saleh,mike_lafleur
2022,PHI,15,2022_15_PHI_CHI,Nick Sirianni,nick_sirianni,
2022,PIT,15,2022_15_PIT_CAR,Mike Tomlin,mike_tomlin,matt_canada
2022,SEA,15,2022_15_SF_SEA,Pete Carroll,pete_carroll,shane_waldron
2022,SF,15,2022_15_SF_SEA,Kyle Shanahan,kyle_shanahan,kyle_shanahan
2022,TB,15,2022_15_CIN_TB,Todd Bowles,todd_bowles,byron_leftwich
2022,TEN,15,2022_15_TEN_LAC,Mike Vrabel,mike_vrabel,todd_downing
2022,WAS,15,2022_15_NYG_WAS,Ron Rivera,ron_rivera,scott_turner
2022,ARI,16,2022_16_TB_ARI,Kliff Kingsbury,kliff_kingsbury,kliff_kingsbury
2022,ATL,16,2022_16_ATL_BAL,Arthur Smith,arthur_smith,arthur_smith
2022,BAL,16,2022_16_ATL_BAL,John Harbaugh,john_harbaugh,greg_roman
2022,BUF,16,2022_16_BUF_CHI,Sean McDermott,sean_mcdermott,ken_dorsey
2022,CAR,16,2022_16_DET_CAR,Steve Wilks,steve_wilks,ben_mcadoo
2022,CHI,16,2022_16_BUF_CHI,Matt Eberflus,matt_eberflus,luke_getsy
2022,CIN,16,2022_16_CIN_NE,Zac Taylor,zac_taylor,zac_taylor
2022,CLE,16,2022_16_NO_CLE,Kevin Stefanski,kevin_stefanski,kevin_stefanski
2022,DAL,16,2022_16_PHI_DAL,Mike McCarthy,mike_mccarthy,kellen_moore
2022,DEN,16,2022_16_DEN_LA,Nathaniel Hackett,nathaniel_hackett,nathaniel_hackett
2022,DET,16,2022_16_DET_CAR,Dan Campbell,dan_campbell,ben_johnson
2022,GB,16,2022_16_GB_MIA,Matt LaFleur,matt_lafleur,matt_lafleur
2022,HOU,16,2022_16_HOU_TEN,Lovie Smith,lovie_smith,pep_hamilton
2022,IND,16,2022_16_LAC_IND,Jeff Saturday,jeff_saturday,frank_reich
2022,JAX,16,2022_16_JAX_NYJ,Doug Pederson,doug_pederson,doug_pederson
2022,KC,16,2022_16_SEA_KC,Andy Reid,andy_reid,andy_reid
2022,LA,16,2022_16_DEN_LA,Sean McVay,sean_mcvay,sean_mcvay
2022,LAC,16,2022_16_LAC_IND,Brandon Staley,brandon_staley,joe_lombardi
2022,LV,16,2022_16_LV_PIT,Josh McDaniels,josh_mcdaniels,josh_mcdaniels
2022,MIA,16,2022_16_GB_MIA,Mike McDaniel,mike_mcdaniel,mike_mcdaniel
2022,MIN,16,2022_16_NYG_MIN,Kevin O'Connell,kevin_oconnell,kevin_oconnell
2022,NE,16,2022_16_CIN_NE,Bill Belichick,bill_belichick,
2022,NO,16,2022_16_NO_CLE,Dennis Allen,dennis_allen,pete_carmichael
2022,NYG,16,2022_16_NYG_MIN,Brian Daboll,brian_daboll,mike_kafka
2022,NYJ,16,2022_16_JAX_NYJ,Robert Saleh,robert_saleh,mike_lafleur
2022,PHI,16,2022_16_PHI_DAL,Nick Sirianni,nick_sirianni,
2022,PIT,16,2022_16_LV_PIT,Mike Tomlin,mike_tomlin,matt_canada
2022,SEA,16,2022_16_SEA_KC,Pete Carroll,pete_carroll,shane_waldron
2022,SF,16,2022_16_WAS_SF,Kyle Shanahan,kyle_shanahan,kyle_shanahan
2022,TB,16,2022_16_TB_ARI,Todd Bowles,todd_bowles,byron_leftwich
2022,TEN,16,2022_16_HOU_TEN,Mike Vrabel,mike_vrabel,todd_downing
2022,WAS,16,2022_16_WAS_SF,Ron Rivera,ron_rivera,scott_turner
2022,ARI,17,2022_17_ARI_ATL,Kliff Kingsbury,kliff_kingsbury,kliff_kingsbury
2022,ATL,17,2022_17_ARI_ATL,Arthur Smith,arthur_smith,arthur_smith
2022,BAL,17,2022_17_PIT_BAL,John Harbaugh,john_harbaugh,greg_roman
2022,CAR,17,2022_17_CAR_TB,Steve Wilks,steve_wilks,ben_mcadoo
2022,CHI,17,2022_17_CHI_DET,Matt Eberflus,matt_eberflus,luke_getsy
2022,CLE,17,2022_17_CLE_WAS,Kevin Stefanski,kevin_stefanski,kevin_stefanski
2022,DAL,17,2022_17_DAL_TEN,Mike McCarthy,mike_mccarthy,kellen_moore
2022,DEN,17,2022_17_DEN_KC,Jay Rosburg,jay_rosburg,nathaniel_hackett
2022,DET,17,2022_17_CHI_DET,Dan Campbell,dan_campbell,ben_johnson
2022,GB,17,2022_17_MIN_GB,Matt LaFleur,matt_lafleur,matt_lafleur
2022,HOU,17,2022_17_JAX_HOU,Lovie Smith,lovie_smith,pep_hamilton
2022,IND,17,2022_17_IND_NYG,Jeff Saturday,jeff_saturday,frank_reich
2022,JAX,17,2022_17_JAX_HOU,Doug Pederson,doug_pederson,doug_pederson
2022,KC,17,2022_17_DEN_KC,Andy Reid,andy_reid,andy_reid
2022,LA,17,2022_17_LA_LAC,Sean McVay,sean_mcvay,sean_mcvay
2022,LAC,17,2022_17_LA_LAC,Brandon Staley,brandon_staley,joe_lombardi
2022,LV,17,2022_17_SF_LV,Josh McDaniels,josh_mcdaniels,josh_mcdaniels
2022,MIA,17,2022_17_MIA_NE,Mike McDaniel,mike_mcdaniel,mike_mcdaniel
2022,MIN,17,2022_17_MIN_GB,Kevin O'Connell,kevin_oconnell,kevin_oconnell
2022,NE,17,2022_17_MIA_NE,Bill Belichick,bill_belichick,
2022,NO,17,2022_17_NO_PHI,Dennis Allen,dennis_allen,pete_carmichael
2022,NYG,17,2022_17_IND_NYG,Brian Daboll,brian_daboll,mike_kafka
2022,NYJ,17,2022_17_NYJ_SEA,Robert Saleh,robert_saleh,mike_lafleur
2022,PHI,17,2022_17_NO_PHI,Nick Sirianni,nick_sirianni,
2022,PIT,17,2022_17_PIT_BAL,Mike Tomlin,mike_tomlin,matt_canada
2022,SEA,17,2022_17_NYJ_SEA,Pete Carroll,pete_carroll,shane_waldron
2022,SF,17,2022_17_SF_LV,Kyle Shanahan,kyle_shanahan,kyle_shanahan
2022,TB,17,2022_17_CAR_TB,Todd Bowles,todd_bowles,byron_leftwich
2022,TEN,17,2022_17_DAL_TEN,Mike Vrabel,mike_vrabel,todd_downing
2022,WAS,17,2022_17_CLE_WAS,Ron Rivera,ron_rivera,scott_turner
2022,ARI,18,2022_18_ARI_SF,Kliff Kingsbury,kliff_kingsbury,kliff_kingsbury
2022,ATL,18,2022_18_TB_ATL,Arthur Smith,arthur_smith,arthur_smith
2022,BAL,18,2022_18_BAL_CIN,John Harbaugh,john_harbaugh,greg_roman
2022,BUF,18,2022_18_NE_BUF,Sean McDermott,sean_mcdermott,ken_dorsey
2022,CAR,18,2022_18_CAR_NO,Steve Wilks,steve_wilks,ben_mcadoo
2022,CHI,18,2022_18_MIN_CHI,Matt Eberflus,matt_eberflus,luke_getsy
2022,CIN,18,2022_18_BAL_CIN,Zac Taylor,zac_taylor,zac_taylor
2022,CLE,18,2022_18_CLE_PIT,Kevin Stefanski,kevin_stefanski,kevin_stefanski
2022,DAL,18,2022_18_DAL_WAS,Mike McCarthy,mike_mccarthy,kellen_moore
2022,DEN,18,2022_18_LAC_DEN,Jay Rosburg,jay_rosburg,nathaniel_hackett
2022,DET,18,2022_18_DET_GB,Dan Campbell,dan_campbell,ben_johnson
2022,GB,18,2022_18_DET_GB,Matt LaFleur,matt_lafleur,matt_lafleur
2022,HOU,18,2022_18_HOU_IND,Lovie Smith,lovie_smith,pep_hamilton
2022,IND,18,2022_18_HOU_IND,Jeff Saturday,jeff_saturday,frank_reich
2022,JAX,18,2022_18_TEN_JAX,Doug Pederson,doug_pederson,doug_pederson
2022,KC,18,2022_18_KC_LV,Andy Reid,andy_reid,andy_reid
2022,LA,18,2022_18_LA_SEA,Sean McVay,sean_mcvay,sean_mcvay
2022,LAC,18,2022_18_LAC_DEN,Brandon Staley,brandon_staley,joe_lombardi
2022,LV,18,2022_18_KC_LV,Josh McDaniels,josh_mcdaniels,josh_mcdaniels
2022,MIA,18,2022_18_NYJ_MIA,Mike McDaniel,mike_mcdaniel,mike_mcdaniel
2022,MIN,18,2022_18_MIN_CHI,Kevin O'Connell,kevin_oconnell,kevin_oconnell
2022,NE,18,2022_18_NE_BUF,Bill Belichick,bill_belichick,
2022,NO,18,2022_18_CAR_NO,Dennis Allen,dennis_allen,pete_carmichael
2022,NYG,18,2022_18_NYG_PHI,Brian Daboll,brian_daboll,mike_kafka
2022,NYJ,18,2022_18_NYJ_MIA,Robert Saleh,robert_saleh,mike_lafleur
2022,PHI,18,2022_18_NYG_PHI,Nick Sirianni,nick_sirianni,
2022,PIT,18,2022_18_CLE_PIT,Mike Tomlin,mike_tomlin,matt_canada
2022,SEA,18,2022_18_LA_SEA,Pete Carroll,pete_carroll,shane_waldron
2022,SF,18,2022_18_ARI_SF,Kyle Shanahan,kyle_shanahan,kyle_shanahan
2022,TB,18,2022_18_TB_ATL,Todd Bowles,todd_bowles,byron_leftwich
2022,TEN,18,2022_18_TEN_JAX,Mike Vrabel,mike_vrabel,todd_downing
2022,WAS,18,2022_18_DAL_WAS,Ron Rivera,ron_rivera,scott_turner
2023,ARI,1,2023_01_ARI_WAS,Jonathan Gannon,jonathan_gannon,drew_petzing
2023,ATL,1,2023_01_CAR_ATL,Arthur Smith,arthur_smith,arthur_smith
2023,BAL,1,2023_01_HOU_BAL,John Harbaugh,john_harbaugh,todd_monken
2023,BUF,1,2023_01_BUF_NYJ,Sean McDermott,sean_mcdermott,ken_dorsey
2023,CAR,1,2023_01_CAR_ATL,Frank Reich,frank_reich,frank_reich
2023,CHI,1,2023_01_GB_CHI,Matt Eberflus,matt_eberflus,luke_getsy
2023,CIN,1,2023_01_CIN_CLE,Zac Taylor,zac_taylor,zac_taylor
2023,CLE,1,2023_01_CIN_CLE,Kevin Stefanski,kevin_stefanski,kevin_stefanski
2023,DAL,1,2023_01_DAL_NYG,Mike McCarthy,mike_mccarthy,mike_mccarthy
2023,DEN,1,2023_01_LV_DEN,Sean Payton,sean_payton,sean_payton
2023,DET,1,2023_01_DET_KC,Dan Campbell,dan_campbell,ben_johnson
2023,GB,1,2023_01_GB_CHI,Matt LaFleur,matt_lafleur,matt_lafleur
2023,HOU,1,2023_01_HOU_BAL,DeMeco Ryans,demeco_ryans,bobby_slowik
2023,IND,1,2023_01_JAX_IND,Shane Steichen,shane_steichen,shane_steichen
2023,JAX,1,2023_01_JAX_IND,Doug Pederson,doug_pederson,doug_pederson
2023,KC,1,2023_01_DET_KC,Andy Reid,andy_reid,andy_reid
2023,LA,1,2023_01_LA_SEA,Sean McVay,sean_mcvay,sean_mcvay
2023,LAC,1,2023_01_MIA_LAC,Brandon Staley,brandon_staley,kellen_moore
2023,LV,1,2023_01_LV_DEN,Josh McDaniels,josh_mcdaniels,josh_mcdaniels
2023,MIA,1,2023_01_MIA_LAC,Mike McDaniel,mike_mcdaniel,mike_mcdaniel
2023,MIN,1,2023_01_TB_MIN,Kevin O'Connell,kevin_oconnell,kevin_oconnell
2023,NE,1,2023_01_PHI_NE,Bill Belichick,bill_belichick,bill_obrien
2023,NO,1,2023_01_TEN_NO,Dennis Allen,dennis_allen,pete_carmichael
2023,NYG,1,2023_01_DAL_NYG,Brian Daboll,brian_daboll,mike_kafka
2023,NYJ,1,2023_01_BUF_NYJ,Robert Saleh,robert_saleh,nathaniel_hackett
2023,PHI,1,2023_01_PHI_NE,Nick Sirianni,nick_sirianni,brian_johnson
2023,PIT,1,2023_01_SF_PIT,Mike Tomlin,mike_tomlin,matt_canada
2023,SEA,1,2023_01_LA_SEA,Pete Carroll,pete_carroll,shane_waldron
2023,SF,1,2023_01_SF_PIT,Kyle Shanahan,kyle_shanahan,kyle_shanahan
2023,TB,1,2023_01_TB_MIN,Todd Bowles,todd_bowles,dave_canales
2023,TEN,1,2023_01_TEN_NO,Mike Vrabel,mike_vrabel,tim_kelly
2023,WAS,1,2023_01_ARI_WAS,Ron Rivera,ron_rivera,eric_bieniemy
2023,ARI,2,2023_02_NYG_ARI,Jonathan Gannon,jonathan_gannon,drew_petzing
2023,ATL,2,2023_02_GB_ATL,Arthur Smith,arthur_smith,arthur_smith
2023,BAL,2,2023_02_BAL_CIN,John Harbaugh,john_harbaugh,todd_monken
2023,BUF,2,2023_02_LV_BUF,Sean McDermott,sean_mcdermott,ken_dorsey
2023,CAR,2,2023_02_NO_CAR,Frank Reich,frank_reich,frank_reich
2023,CHI,2,2023_02_CHI_TB,Matt Eberflus,matt_eberflus,luke_getsy
2023,CIN,2,2023_02_BAL_CIN,Zac Taylor,zac_taylor,zac_taylor
2023,CLE,2,2023_02_CLE_PIT,Kevin Stefanski,kevin_stefanski,kevin_stefanski
2023,DAL,2,2023_02_NYJ_DAL,Mike McCarthy,mike_mccarthy,mike_mccarthy
2023,DEN,2,2023_02_WAS_DEN,Sean Payton,sean_payton,sean_payton
2023,DET,2,2023_02_SEA_DET,Dan Campbell,dan_campbell,ben_johnson
2023,GB,2,2023_02_GB_ATL,Matt LaFleur,matt_lafleur,matt_lafleur
2023,HOU,2,2023_02_IND_HOU,DeMeco Ryans,demeco_ryans,bobby_slowik
2023,IND,2,2023_02_IND_HOU,Shane Steichen,shane_steichen,shane_steichen
2023,JAX,2,2023_02_KC_JAX,Doug Pederson,doug_pederson,doug_pederson
2023,KC,2,2023_02_KC_JAX,Andy Reid,andy_reid,andy_reid
2023,LA,2,2023_02_SF_LA,Sean McVay,sean_mcvay,sean_mcvay
2023,LAC,2,2023_02_LAC_TEN,Brandon Staley,brandon_staley,kellen_moore
2023,LV,2,2023_02_LV_BUF,Josh McDaniels,josh_mcdaniels,josh_mcdaniels
2023,MIA,2,2023_02_MIA_NE,Mike McDaniel,mike_mcdaniel,mike_mcdaniel
2023,MIN,2,2023_02_MIN_PHI,Kevin O'Connell,kevin_oconnell,kevin_oconnell
2023,NE,2,2023_02_MIA_NE,Bill Belichick,bill_belichick,bill_obrien
2023,NO,2,2023_02_NO_CAR,Dennis Allen,dennis_allen,pete_carmichael
2023,NYG,2,2023_02_NYG_ARI,Brian Daboll,brian_daboll,mike_kafka
2023,NYJ,2,2023_02_NYJ_DAL,Robert Saleh,robert_saleh,nathaniel_hackett
2023,PHI,2,2023_02_MIN_PHI,Nick Sirianni,nick_sirianni,brian_johnson
2023,PIT,2,2023_02_CLE_PIT,Mike Tomlin,mike_tomlin,matt_canada
2023,SEA,2,2023_02_SEA_DET,Pete Carroll,pete_carroll,shane_waldron
2023,SF,2,2023_02_SF_LA,Kyle Shanahan,kyle_shanahan,kyle_shanahan
2023,TB,2,2023_02_CHI_TB,Todd Bowles,todd_bowles,dave_canales
2023,TEN,2,2023_02_LAC_TEN,Mike Vrabel,mike_vrabel,tim_kelly
2023,WAS,2,2023_02_WAS_DEN,Ron Rivera,ron_rivera,eric_bieniemy
2023,ARI,3,2023_03_DAL_ARI,Jonathan Gannon,jonathan_gannon,drew_petzing
2023,ATL,3,2023_03_ATL_DET,Arthur Smith,arthur_smith,arthur_smith
2023,BAL,3,2023_03_IND_BAL,John Harbaugh,john_harbaugh,todd_monken
2023,BUF,3,2023_03_BUF_WAS,Sean McDermott,sean_mcdermott,ken_dorsey
2023,CAR,3,2023_03_CAR_SEA,Frank Reich,frank_reich,frank_reich
2023,CHI,3,2023_03_CHI_KC,Matt Eberflus,matt_eberflus,luke_getsy
2023,CIN,3,2023_03_LA_CIN,Zac Taylor,zac_taylor,zac_taylor
2023,CLE,3,2023_03_TEN_CLE,Kevin Stefanski,kevin_stefanski,kevin_stefanski
2023,DAL,3,2023_03_DAL_ARI,Mike McCarthy,mike_mccarthy,mike_mccarthy
2023,DEN,3,2023_03_DEN_MIA,Sean Payton,sean_payton,sean_payton
2023,DET,3,2023_03_ATL_DET,Dan Campbell,dan_campbell,ben_johnson
2023,GB,3,2023_03_NO_GB,Matt LaFleur,matt_lafleur,matt_lafleur
2023,HOU,3,2023_03_HOU_JAX,DeMeco Ryans,demeco_ryans,bobby_slowik
2023,IND,3,2023_03_IND_BAL,Shane Steichen,shane_steichen,shane_steichen
2023,JAX,3,2023_03_HOU_JAX,Doug Pederson,doug_pederson,doug_pederson
2023,KC,3,2023_03_CHI_KC,Andy Reid,andy_reid,andy_reid
2023,LA,3,2023_03_LA_CIN,Sean McVay,sean_mcvay,sean_mcvay
2023,LAC,3,2023_03_LAC_MIN,Brandon Staley,brandon_staley,kellen_moore
2023,LV,3,2023_03_PIT_LV,Josh McDaniels,josh_mcdaniels,josh_mcdaniels
2023,MIA,3,2023_03_DEN_MIA,Mike McDaniel,mike_mcdaniel,mike_mcdaniel
2023,MIN,3,2023_03_LAC_MIN,Kevin O'Connell,kevin_oconnell,kevin_oconnell
2023,NE,3,2023_03_NE_NYJ,Bill Belichick,bill_belichick,bill_obrien
2023,NO,3,2023_03_NO_GB,Dennis Allen,dennis_allen,pete_carmichael
2023,NYG,3,2023_03_NYG_SF,Brian Daboll,brian_daboll,mike_kafka
2023,NYJ,3,2023_03_NE_NYJ,Robert Saleh,robert_saleh,nathaniel_hackett
2023,PHI,3,2023_03_PHI_TB,Nick Sirianni,nick_sirianni,brian_johnson
2023,PIT,3,2023_03_PIT_LV,Mike Tomlin,mike_tomlin,matt_canada
2023,SEA,3,2023_03_CAR_SEA,Pete Carroll,pete_carroll,shane_waldron
2023,SF,3,2023_03_NYG_SF,Kyle Shanahan,kyle_shanahan,kyle_shanahan
2023,TB,3,2023_03_PHI_TB,Todd Bowles,todd_bowles,dave_canales
2023,TEN,3,2023_03_TEN_CLE,Mike Vrabel,mike_vrabel,tim_kelly
2023,WAS,3,2023_03_BUF_WAS,Ron Rivera,ron_rivera,eric_bieniemy
2023,ARI,4,2023_04_ARI_SF,Jonathan Gannon,jonathan_gannon,drew_petzing
2023,ATL,4,2023_04_ATL_JAX,Arthur Smith,arthur_smith,arthur_smith
2023,BAL,4,2023_04_BAL_CLE,John Harbaugh,john_harbaugh,todd_monken
2023,BUF,4,2023_04_MIA_BUF,Sean McDermott,sean_mcdermott,ken_dorsey
2023,CAR,4,2023_04_MIN_CAR,Frank Reich,frank_reich,frank_reich
2023,CHI,4,2023_04_DEN_CHI,Matt Eberflus,matt_eberflus,luke_getsy
2023,CIN,4,2023_04_CIN_TEN,Zac Taylor,zac_taylor,zac_taylor
2023,CLE,4,2023_04_BAL_CLE,Kevin Stefanski,kevin_stefanski,kevin_stefanski
2023,DAL,4,2023_04_NE_DAL,Mike McCarthy,mike_mccarthy,mike_mccarthy
2023,DEN,4,2023_04_DEN_CHI,Sean Payton,sean_payton,sean_payton
2023,DET,4,2023_04_DET_GB,Dan Campbell,dan_campbell,ben_johnson
2023,GB,4,2023_04_DET_GB,Matt LaFleur,matt_lafleur,matt_lafleur
2023,HOU,4,2023_04_PIT_HOU,DeMeco Ryans,demeco_ryans,bobby_slowik
2023,IND,4,2023_04_LA_IND,Shane Steichen,shane_steichen,shane_steichen
2023,JAX,4,2023_04_ATL_JAX,Doug Pederson,doug_pederson,doug_pederson
2023,KC,4,2023_04_KC_NYJ,Andy Reid,andy_reid,andy_reid
2023,LA,4,2023_04_LA_IND,Sean McVay,sean_mcvay,sean_mcvay
2023,LAC,4,2023_04_LV_LAC,Brandon Staley,brandon_staley,kellen_moore
2023,LV,4,2023_04_LV_LAC,Josh McDaniels,josh_mcdaniels,josh_mcdaniels
2023,MIA,4,2023_04_MIA_BUF,Mike McDaniel,mike_mcdaniel,mike_mcdaniel
2023,MIN,4,2023_04_MIN_CAR,Kevin O'Connell,kevin_oconnell,kevin_oconnell
2023,NE,4,2023_04_NE_DAL,Bill Belichick,bill_belichick,bill_obrien
2023,NO,4,2023_04_TB_NO,Dennis Allen,dennis_allen,pete_carmichael
2023,NYG,4,2023_04_SEA_NYG,Brian Daboll,brian_daboll,mike_kafka
2023,NYJ,4,2023_04_KC_NYJ,Robert Saleh,robert_saleh,nathaniel_hackett
2023,PHI,4,2023_04_WAS_PHI,Nick Sirianni,nick_sirianni,brian_johnson
2023,PIT,4,2023_04_PIT_HOU,Mike Tomlin,mike_tomlin,matt_canada
2023,SEA,4,2023_04_SEA_NYG,Pete Carroll,pete_carroll,shane_waldron
2023,SF,4,2023_04_ARI_SF,Kyle Shanahan,kyle_shanahan,kyle_shanahan
2023,TB,4,2023_04_TB_NO,Todd Bowles,todd_bowles,dave_canales
2023,TEN,4,2023_04_CIN_TEN,Mike Vrabel,mike_vrabel,tim_kelly
2023,WAS,4,2023_04_WAS_PHI,Ron Rivera,ron_rivera,eric_bieniemy
2023,ARI,5,2023_05_CIN_ARI,Jonathan Gannon,jonathan_gannon,drew_petzing
2023,ATL,5,2023_05_HOU_ATL,Arthur Smith,arthur_smith,arthur_smith
2023,BAL,5,2023_05_BAL_PIT,John Harbaugh,john_harbaugh,todd_monken
2023,BUF,5,2023_05_JAX_BUF,Sean McDermott,sean_mcdermott,ken_dorsey
2023,CAR,5,2023_05_CAR_DET,Frank Reich,frank_reich,frank_reich
2023,CHI,5,2023_05_CHI_WAS,Matt Eberflus,matt_eberflus,luke_getsy
2023,CIN,5,2023_05_CIN_ARI,Zac Taylor,zac_taylor,zac_taylor
2023,DAL,5,2023_05_DAL_SF,Mike McCarthy,mike_mccarthy,mike_mccarthy
2023,DEN,5,2023_05_NYJ_DEN,Sean Payton,sean_payton,sean_payton
2023,DET,5,2023_05_CAR_DET,Dan Campbell,dan_campbell,ben_johnson
2023,GB,5,2023_05_GB_LV,Matt LaFleur,matt_lafleur,matt_lafleur
2023,HOU,5,2023_05_HOU_ATL,DeMeco Ryans,demeco_ryans,bobby_slowik
2023,IND,5,2023_05_TEN_IND,Shane Steichen,shane_steichen,shane_steichen
2023,JAX,5,2023_05_JAX_BUF,Doug Pederson,doug_pederson,doug_pederson
2023,KC,5,2023_05_KC_MIN,Andy Reid,andy_reid,andy_reid
2023,LA,5,2023_05_PHI_LA,Sean McVay,sean_mcvay,sean_mcvay
2023,LV,5,2023_05_GB_LV,Josh McDaniels,josh_mcdaniels,josh_mcdaniels
2023,MIA,5,2023_05_NYG_MIA,Mike McDaniel,mike_mcdaniel,mike_mcdaniel
2023,MIN,5,2023_05_KC_MIN,Kevin O'Connell,kevin_oconnell,kevin_oconnell
2023,NE,5,2023_05_NO_NE,Bill Belichick,bill_belichick,bill_obrien
2023,NO,5,2023_05_NO_NE,Dennis Allen,dennis_allen,pete_carmichael
2023,NYG,5,2023_05_NYG_MIA,Brian Daboll,brian_daboll,mike_kafka
2023,NYJ,5,2023_05_NYJ_DEN,Robert Saleh,robert_saleh,nathaniel_hackett
2023,PHI,5,2023_05_PHI_LA,Nick Sirianni,nick_sirianni,brian_johnson
2023,PIT,5,2023_05_BAL_PIT,Mike Tomlin,mike_tomlin,matt_canada
2023,SF,5,2023_05_DAL_SF,Kyle Shanahan,kyle_shanahan,kyle_shanahan
2023,TEN,5,2023_05_TEN_IND,Mike Vrabel,mike_vrabel,tim_kelly
2023,WAS,5,2023_05_CHI_WAS,Ron Rivera,ron_rivera,eric_bieniemy
2023,ARI,6,2023_06_ARI_LA,Jonathan Gannon,jonathan_gannon,drew_petzing
2023,ATL,6,2023_06_WAS_ATL,Arthur Smith,arthur_smith,arthur_smith
2023,BAL,6,2023_06_BAL_TEN,John Harbaugh,john_harbaugh,todd_monken
2023,BUF,6,2023_06_NYG_BUF,Sean McDermott,sean_mcdermott,ken_dorsey
2023,CAR,6,2023_06_CAR_MIA,Frank Reich,frank_reich,frank_reich
2023,CHI,6,2023_06_MIN_CHI,Matt Eberflus,matt_eberflus,luke_getsy
2023,CIN,6,2023_06_SEA_CIN,Zac Taylor,zac_taylor,zac_taylor
2023,CLE,6,2023_06_SF_CLE,Kevin Stefanski,kevin_stefanski,kevin_stefanski
2023,DAL,6,2023_06_DAL_LAC,Mike McCarthy,mike_mccarthy,mike_mccarthy
2023,DEN,6,2023_06_DEN_KC,Sean Payton,sean_payton,sean_payton
2023,DET,6,2023_06_DET_TB,Dan Campbell,dan_campbell,ben_johnson
2023,HOU,6,2023_06_NO_HOU,DeMeco Ryans,demeco_ryans,bobby_slowik
2023,IND,6,2023_06_IND_JAX,Shane Steichen,shane_steichen,shane_steichen
2023,JAX,6,2023_06_IND_JAX,Doug Pederson,doug_pederson,doug_pederson
2023,KC,6,2023_06_DEN_KC,Andy Reid,andy_reid,andy_reid
2023,LA,6,2023_06_ARI_LA,Sean McVay,sean_mcvay,sean_mcvay
2023,LAC,6,2023_06_DAL_LAC,Brandon Staley,brandon_staley,kellen_moore
2023,LV,6,2023_06_NE_LV,Josh McDaniels,josh_mcdaniels,josh_mcdaniels
2023,MIA,6,2023_06_CAR_MIA,Mike McDaniel,mike_mcdaniel,mike_mcdaniel
2023,MIN,6,2023_06_MIN_CHI,Kevin O'Connell,kevin_oconnell,kevin_oconnell
2023,NE,6,2023_06_NE_LV,Bill Belichick,bill_belichick,bill_obrien
2023,NO,6,2023_06_NO_HOU,Dennis Allen,dennis_allen,pete_carmichael
2023,NYG,6,2023_06_NYG_BUF,Brian Daboll,brian_daboll,mike_kafka
2023,NYJ,6,2023_06_PHI_NYJ,Robert Saleh,robert_saleh,nathaniel_hackett
2023,PHI,6,2023_06_PHI_NYJ,Nick Sirianni,nick_sirianni,brian_johnson
2023,SEA,6,2023_06_SEA_CIN,Pete Carroll,pete_carroll,shane_waldron
2023,SF,6,2023_06_SF_CLE,Kyle Shanahan,kyle_shanahan,kyle_shanahan
2023,TB,6,2023_06_DET_TB,Todd Bowles,todd_bowles,dave_canales
2023,TEN,6,2023_06_BAL_TEN,Mike Vrabel,mike_vrabel,tim_kelly
2023,WAS,6,2023_06_WAS_ATL,Ron Rivera,ron_rivera,eric_bieniemy
2023,ARI,7,2023_07_ARI_SEA,Jonathan Gannon,jonathan_gannon,drew_petzing
2023,ATL,7,2023_07_ATL_TB,Arthur Smith,arthur_smith,arthur_smith
2023,BAL,7,2023_07_DET_BAL,John Harbaugh,john_harbaugh,todd_monken
2023,BUF,7,2023_07_BUF_NE,Sean McDermott,sean_mcdermott,ken_dorsey
2023,CHI,7,2023_07_LV_CHI,Matt Eberflus,matt_eberflus,luke_getsy
2023,CLE,7,2023_07_CLE_IND,Kevin Stefanski,kevin_stefanski,kevin_stefanski
2023,DEN,7,2023_07_GB_DEN,Sean Payton,sean_payton,sean_payton
2023,DET,7,2023_07_DET_BAL,Dan Campbell,dan_campbell,ben_johnson
2023,GB,7,2023_07_GB_DEN,Matt LaFleur,matt_lafleur,matt_lafleur
2023,IND,7,2023_07_CLE_IND,Shane Steichen,shane_steichen,shane_steichen
2023,JAX,7,2023_07_JAX_NO,Doug Pederson,doug_pederson,doug_pederson
2023,KC,7,2023_07_LAC_KC,Andy Reid,andy_reid,andy_reid
2023,LA,7,2023_07_PIT_LA,Sean McVay,sean_mcvay,sean_mcvay
2023,LAC,7,2023_07_LAC_KC,Brandon Staley,brandon_staley,kellen_moore
2023,LV,7,2023_07_LV_CHI,Josh McDaniels,josh_mcdaniels,josh_mcdaniels
2023,MIA,7,2023_07_MIA_PHI,Mike McDaniel,mike_mcdaniel,mike_mcdaniel
2023,MIN,7,2023_07_SF_MIN,Kevin O'Connell,kevin_oconnell,kevin_oconnell
2023,NE,7,2023_07_BUF_NE,Bill Belichick,bill_belichick,bill_obrien
2023,NO,7,2023_07_JAX_NO,Dennis Allen,dennis_allen,pete_carmichael
2023,NYG,7,2023_07_WAS_NYG,Brian Daboll,brian_daboll,mike_kafka
2023,PHI,7,2023_07_MIA_PHI,Nick Sirianni,nick_sirianni,brian_johnson
2023,PIT,7,2023_07_PIT_LA,Mike Tomlin,mike_tomlin,matt_canada
2023,SEA,7,2023_07_ARI_SEA,Pete Carroll,pete_carroll,shane_waldron
2023,SF,7,2023_07_SF_MIN,Kyle Shanahan,kyle_shanahan,kyle_shanahan
2023,TB,7,2023_07_ATL_TB,Todd Bowles,todd_bowles,dave_canales
2023,WAS,7,2023_07_WAS_NYG,Ron Rivera,ron_rivera,eric_bieniemy
2023,ARI,8,2023_08_BAL_ARI,Jonathan Gannon,jonathan_gannon,drew_petzing
2023,ATL,8,2023_08_ATL_TEN,Arthur Smith,arthur_smith,arthur_smith
2023,BAL,8,2023_08_BAL_ARI,John Harbaugh,john_harbaugh,todd_monken
2023,BUF,8,2023_08_TB_BUF,Sean McDermott,sean_mcdermott,ken_dorsey
2023,CAR,8,2023_08_HOU_CAR,Frank Reich,frank_reich,frank_reich
2023,CHI,8,2023_08_CHI_LAC,Matt Eberflus,matt_eberflus,luke_getsy
2023,CIN,8,2023_08_CIN_SF,Zac Taylor,zac_taylor,zac_taylor
2023,CLE,8,2023_08_CLE_SEA,Kevin Stefanski,kevin_stefanski,kevin_stefanski
2023,DAL,8,2023_08_LA_DAL,Mike McCarthy,mike_mccarthy,mike_mccarthy
2023,DEN,8,2023_08_KC_DEN,Sean Payton,sean_payton,sean_payton
2023,DET,8,2023_08_LV_DET,Dan Campbell,dan_campbell,ben_johnson
2023,GB,8,2023_08_MIN_GB,Matt LaFleur,matt_lafleur,matt_lafleur
2023,HOU,8,2023_08_HOU_CAR,DeMeco Ryans,demeco_ryans,bobby_slowik
2023,IND,8,2023_08_NO_IND,Shane Steichen,shane_steichen,shane_steichen
2023,JAX,8,2023_08_JAX_PIT,Doug Pederson,doug_pederson,doug_pederson
2023,KC,8,2023_08_KC_DEN,Andy Reid,andy_reid,andy_reid
2023,LA,8,2023_08_LA_DAL,Sean McVay,sean_mcvay,sean_mcvay
2023,LAC,8,2023_08_CHI_LAC,Brandon Staley,brandon_staley,kellen_moore
2023,LV,8,2023_08_LV_DET,Josh McDaniels,josh_mcdaniels,josh_mcdaniels
2023,MIA,8,2023_08_NE_MIA,Mike McDaniel,mike_mcdaniel,mike_mcdaniel
2023,MIN,8,2023_08_MIN_GB,Kevin O'Connell,kevin_oconnell,kevin_oconnell
2023,NE,8,2023_08_NE_MIA,Bill Belichick,bill_belichick,bill_obrien
2023,NO,8,2023_08_NO_IND,Dennis Allen,dennis_allen,pete_carmichael
2023,NYG,8,2023_08_NYJ_NYG,Brian Daboll,brian_daboll,mike_kafka
2023,NYJ,8,2023_08_NYJ_NYG,Robert Saleh,robert_saleh,nathaniel_hackett
2023,PHI,8,2023_08_PHI_WAS,Nick Sirianni,nick_sirianni,brian_johnson
2023,PIT,8,2023_08_JAX_PIT,Mike Tomlin,mike_tomlin,matt_canada
2023,SEA,8,2023_08_CLE_SEA,Pete Carroll,pete_carroll,shane_waldron
2023,SF,8,2023_08_CIN_SF,Kyle Shanahan,kyle_shanahan,kyle_shanahan
2023,TB,8,2023_08_TB_BUF,Todd Bowles,todd_bowles,dave_canales
2023,TEN,8,2023_08_ATL_TEN,Mike Vrabel,mike_vrabel,tim_kelly
2023,WAS,8,2023_08_PHI_WAS,Ron Rivera,ron_rivera,eric_bieniemy
2023,ARI,9,2023_09_ARI_CLE,Jonathan Gannon,jonathan_gannon,drew_petzing
2023,ATL,9,2023_09_MIN_ATL,Arthur Smith,arthur_smith,arthur_smith
2023,BAL,9,2023_09_SEA_BAL,John Harbaugh,john_harbaugh,todd_monken
2023,BUF,9,2023_09_BUF_CIN,Sean McDermott,sean_mcdermott,ken_dorsey
2023,CAR,9,2023_09_IND_CAR,Frank Reich,frank_reich,frank_reich
2023,CHI,9,2023_09_CHI_NO,Matt Eberflus,matt_eberflus,luke_getsy
2023,CIN,9,2023_09_BUF_CIN,Zac Taylor,zac_taylor,zac_taylor
2023,CLE,9,2023_09_ARI_CLE,Kevin Stefanski,kevin_stefanski,kevin_stefanski
2023,DAL,9,2023_09_DAL_PHI,Mike McCarthy,mike_mccarthy,mike_mccarthy
2023,GB,9,2023_09_LA_GB,Matt LaFleur,matt_lafleur,matt_lafleur
2023,HOU,9,2023_09_TB_HOU,DeMeco Ryans,demeco_ryans,bobby_slowik
2023,IND,9,2023_09_IND_CAR,Shane Steichen,shane_steichen,shane_steichen
2023,KC,9,2023_09_MIA_KC,Andy Reid,andy_reid,andy_reid
2023,LA,9,2023_09_LA_GB,Sean McVay,sean_mcvay,sean_mcvay
2023,LAC,9,2023_09_LAC_NYJ,Brandon Staley,brandon_staley,kellen_moore
2023,LV,9,2023_09_NYG_LV,Antonio Pierce,antonio_pierce,josh_mcdaniels
2023,MIA,9,2023_09_MIA_KC,Mike McDaniel,mike_mcdaniel,mike_mcdaniel
2023,MIN,9,2023_09_MIN_ATL,Kevin O'Connell,kevin_oconnell,kevin_oconnell
2023,NE,9,2023_09_WAS_NE,Bill Belichick,bill_belichick,bill_obrien
2023,NO,9,2023_09_CHI_NO,Dennis Allen,dennis_allen,pete_carmichael
2023,NYG,9,2023_09_NYG_LV,Brian Daboll,brian_daboll,mike_kafka
2023,NYJ,9,2023_09_LAC_NYJ,Robert Saleh,robert_saleh,nathaniel_hackett
2023,PHI,9,2023_09_DAL_PHI,Nick Sirianni,nick_sirianni,brian_johnson
2023,PIT,9,2023_09_TEN_PIT,Mike Tomlin,mike_tomlin,matt_canada
2023,SEA,9,2023_09_SEA_BAL,Pete Carroll,pete_carroll,shane_waldron
2023,TB,9,2023_09_TB_HOU,Todd Bowles,todd_bowles,dave_canales
2023,TEN,9,2023_09_TEN_PIT,Mike Vrabel,mike_vrabel,tim_kelly
2023,WAS,9,2023_09_WAS_NE,Ron Rivera,ron_rivera,eric_bieniemy
2023,ARI,10,2023_10_ATL_ARI,Jonathan Gannon,jonathan_gannon,drew_petzing
2023,ATL,10,2023_10_ATL_ARI,Arthur Smith,arthur_smith,arthur_smith
2023,BAL,10,2023_10_CLE_BAL,John Harbaugh,john_harbaugh,todd_monken
2023,BUF,10,2023_10_DEN_BUF,Sean McDermott,sean_mcdermott,ken_dorsey
2023,CAR,10,2023_10_CAR_CHI,Frank Reich,frank_reich,frank_reich
2023,CHI,10,2023_10_CAR_CHI,Matt Eberflus,matt_eberflus,luke_getsy
2023,CIN,10,2023_10_HOU_CIN,Zac Taylor,zac_taylor,zac_taylor
2023,CLE,10,2023_10_CLE_BAL,Kevin Stefanski,kevin_stefanski,kevin_stefanski
2023,DAL,10,2023_10_NYG_DAL,Mike McCarthy,mike_mccarthy,mike_mccarthy
2023,DEN,10,2023_10_DEN_BUF,Sean Payton,sean_payton,sean_payton
2023,DET,10,2023_10_DET_LAC,Dan Campbell,dan_campbell,ben_johnson
2023,GB,10,2023_10_GB_PIT,Matt LaFleur,matt_lafleur,matt_lafleur
2023,HOU,10,2023_10_HOU_CIN,DeMeco Ryans,demeco_ryans,bobby_slowik
2023,IND,10,2023_10_IND_NE,Shane Steichen,shane_steichen,shane_steichen
2023,JAX,10,2023_10_SF_JAX,Doug Pederson,doug_pederson,doug_pederson
2023,LAC,10,2023_10_DET_LAC,Brandon Staley,brandon_staley,kellen_moore
2023,LV,10,2023_10_NYJ_LV,Antonio Pierce,antonio_pierce,josh_mcdaniels
2023,MIN,10,2023_10_NO_MIN,Kevin O'Connell,kevin_oconnell,kevin_oconnell
2023,NE,10,2023_10_IND_NE,Bill Belichick,bill_belichick,bill_obrien
2023,NO,10,2023_10_NO_MIN,Dennis Allen,dennis_allen,pete_carmichael
2023,NYG,10,2023_10_NYG_DAL,Brian Daboll,brian_daboll,mike_kafka
2023,NYJ,10,2023_10_NYJ_LV,Robert Saleh,robert_saleh,nathaniel_hackett
2023,PIT,10,2023_10_GB_PIT,Mike Tomlin,mike_tomlin,matt_canada
2023,SEA,10,2023_10_WAS_SEA,Pete Carroll,pete_carroll,shane_waldron
2023,SF,10,2023_10_SF_JAX,Kyle Shanahan,kyle_shanahan,kyle_shanahan
2023,TB,10,2023_10_TEN_TB,Todd Bowles,todd_bowles,dave_canales
2023,TEN,10,2023_10_TEN_TB,Mike Vrabel,mike_vrabel,tim_kelly
2023,WAS,10,2023_10_WAS_SEA,Ron Rivera,ron_rivera,eric_bieniemy
2023,ARI,11,2023_11_ARI_HOU,Jonathan Gannon,jonathan_gannon,drew_petzing
2023,BAL,11,2023_11_CIN_BAL,John Harbaugh,john_harbaugh,todd_monken
2023,BUF,11,2023_11_NYJ_BUF,Sean McDermott,sean_mcdermott,ken_dorsey
2023,CAR,11,2023_11_DAL_CAR,Frank Reich,frank_reich,frank_reich
2023,CHI,11,2023_11_CHI_DET,Matt Eberflus,matt_eberflus,luke_getsy
2023,CIN,11,2023_11_CIN_BAL,Zac Taylor,zac_taylor,zac_taylor
2023,CLE,11,2023_11_PIT_CLE,Kevin Stefanski,kevin_stefanski,kevin_stefanski
2023,DAL,11,2023_11_DAL_CAR,Mike McCarthy,mike_mccarthy,mike_mccarthy
2023,DEN,11,2023_11_MIN_DEN,Sean Payton,sean_payton,sean_payton
2023,DET,11,2023_11_CHI_DET,Dan Campbell,dan_campbell,ben_johnson
2023,GB,11,2023_11_LAC_GB,Matt LaFleur,matt_lafleur,matt_lafleur
2023,HOU,11,2023_11_ARI_HOU,DeMeco Ryans,demeco_ryans,bobby_slowik
2023,JAX,11,2023_11_TEN_JAX,Doug Pederson,doug_pederson,doug_pederson
2023,KC,11,2023_11_PHI_KC,Andy Reid,andy_reid,andy_reid
2023,LA,11,2023_11_SEA_LA,Sean McVay,sean_mcvay,sean_mcvay
2023,LAC,11,2023_11_LAC_GB,Brandon Staley,brandon_staley,kellen_moore
2023,LV,11,2023_11_LV_MIA,Antonio Pierce,antonio_pierce,josh_mcdaniels
2023,MIA,11,2023_11_LV_MIA,Mike McDaniel,mike_mcdaniel,mike_mcdaniel
2023,MIN,11,2023_11_MIN_DEN,Kevin O'Connell,kevin_oconnell,kevin_oconnell
2023,NYG,11,2023_11_NYG_WAS,Brian Daboll,brian_daboll,mike_kafka
2023,NYJ,11,2023_11_NYJ_BUF,Robert Saleh,robert_saleh,nathaniel_hackett
2023,PHI,11,2023_11_PHI_KC,Nick Sirianni,nick_sirianni,brian_johnson
2023,PIT,11,2023_11_PIT_CLE,Mike Tomlin,mike_tomlin,matt_canada
2023,SEA,11,2023_11_SEA_LA,Pete Carroll,pete_carroll,shane_waldron
2023,SF,11,2023_11_TB_SF,Kyle Shanahan,kyle_shanahan,kyle_shanahan
2023,TB,11,2023_11_TB_SF,Todd Bowles,todd_bowles,dave_canales
2023,TEN,11,2023_11_TEN_JAX,Mike Vrabel,mike_vrabel,tim_kelly
2023,WAS,11,2023_11_NYG_WAS,Ron Rivera,ron_rivera,eric_bieniemy
2023,ARI,12,2023_12_LA_ARI,Jonathan Gannon,jonathan_gannon,drew_petzing
2023,ATL,12,2023_12_NO_ATL,Arthur Smith,arthur_smith,arthur_smith
2023,BAL,12,2023_12_BAL_LAC,John Harbaugh,john_harbaugh,todd_monken
2023,BUF,12,2023_12_BUF_PHI,Sean McDermott,sean_mcdermott,ken_dorsey
2023,CAR,12,2023_12_CAR_TEN,Frank Reich,frank_reich,frank_reich
2023,CHI,12,2023_12_CHI_MIN,Matt Eberflus,matt_eberflus,luke_getsy
2023,CIN,12,2023_12_PIT_CIN,Zac Taylor,zac_taylor,zac_taylor
2023,CLE,12,2023_12_CLE_DEN,Kevin Stefanski,kevin_stefanski,kevin_stefanski
2023,DAL,12,2023_12_WAS_DAL,Mike McCarthy,mike_mccarthy,mike_mccarthy
2023,DEN,12,2023_12_CLE_DEN,Sean Payton,sean_payton,sean_payton
2023,DET,12,2023_12_GB_DET,Dan Campbell,dan_campbell,ben_johnson
2023,GB,12,2023_12_GB_DET,Matt LaFleur,matt_lafleur,matt_lafleur
2023,HOU,12,2023_12_JAX_HOU,DeMeco Ryans,demeco_ryans,bobby_slowik
2023,IND,12,2023_12_TB_IND,Shane Steichen,shane_steichen,shane_steichen
2023,JAX,12,2023_12_JAX_HOU,Doug Pederson,doug_pederson,doug_pederson
2023,KC,12,2023_12_KC_LV,Andy Reid,andy_reid,andy_reid
2023,LA,12,2023_12_LA_ARI,Sean McVay,sean_mcvay,sean_mcvay
2023,LAC,12,2023_12_BAL_LAC,Brandon Staley,brandon_staley,kellen_moore
2023,LV,12,2023_12_KC_LV,Antonio Pierce,antonio_pierce,josh_mcdaniels
2023,MIA,12,2023_12_MIA_NYJ,Mike McDaniel,mike_mcdaniel,mike_mcdaniel
2023,MIN,12,2023_12_CHI_MIN,Kevin O'Connell,kevin_oconnell,kevin_oconnell
2023,NE,12,2023_12_NE_NYG,Bill Belichick,bill_belichick,bill_obrien
2023,NO,12,2023_12_NO_ATL,Dennis Allen,dennis_allen,pete_carmichael
2023,NYG,12,2023_12_NE_NYG,Brian Daboll,brian_daboll,mike_kafka
2023,NYJ,12,2023_12_MIA_NYJ,Robert Saleh,robert_saleh,nathaniel_hackett
2023,PHI,12,2023_12_BUF_PHI,Nick Sirianni,nick_sirianni,brian_johnson
2023,PIT,12,2023_12_PIT_CIN,Mike Tomlin,mike_tomlin,matt_canada
2023,SEA,12,2023_12_SF_SEA,Pete Carroll,pete_carroll,shane_waldron
2023,SF,12,2023_12_SF_SEA,Kyle Shanahan,kyle_shanahan,kyle_shanahan
2023,TB,12,2023_12_TB_IND,Todd Bowles,todd_bowles,dave_canales
2023,TEN,12,2023_12_CAR_TEN,Mike Vrabel,mike_vrabel,tim_kelly
2023,WAS,12,2023_12_WAS_DAL,Ron Rivera,ron_rivera,eric_bieniemy
2023,ARI,13,2023_13_ARI_PIT,Jonathan Gannon,jonathan_gannon,drew_petzing
2023,ATL,13,2023_13_ATL_NYJ,Arthur Smith,arthur_smith,arthur_smith
2023,CAR,13,2023_13_CAR_TB,Chris Tabor,chris_tabor,frank_reich
2023,CIN,13,2023_13_CIN_JAX,Zac Taylor,zac_taylor,zac_taylor
2023,CLE,13,2023_13_CLE_LA,Kevin Stefanski,kevin_stefanski,kevin_stefanski
2023,DAL,13,2023_13_SEA_DAL,Mike McCarthy,mike_mccarthy,mike_mccarthy
2023,DEN,13,2023_13_DEN_HOU,Sean Payton,sean_payton,sean_payton
2023,DET,13,2023_13_DET_NO,Dan Campbell,dan_campbell,ben_johnson
2023,GB,13,2023_13_KC_GB,Matt LaFleur,matt_lafleur,matt_lafleur
2023,HOU,13,2023_13_DEN_HOU,DeMeco Ryans,demeco_ryans,bobby_slowik
2023,IND,13,2023_13_IND_TEN,Shane Steichen,shane_steichen,shane_steichen
2023,JAX,13,2023_13_CIN_JAX,Doug Pederson,doug_pederson,doug_pederson
2023,KC,13,2023_13_KC_GB,Andy Reid,andy_reid,andy_reid
2023,LA,13,2023_13_CLE_LA,Sean McVay,sean_mcvay,sean_mcvay
2023,LAC,13,2023_13_LAC_NE,Brandon Staley,brandon_staley,kellen_moore
2023,MIA,13,2023_13_MIA_WAS,Mike McDaniel,mike_mcdaniel,mike_mcdaniel
2023,NE,13,2023_13_LAC_NE,Bill Belichick,bill_belichick,bill_obrien
2023,NO,13,2023_13_DET_NO,Dennis Allen,dennis_allen,pete_carmichael
2023,NYJ,13,2023_13_ATL_NYJ,Robert Saleh,robert_saleh,nathaniel_hackett
2023,PHI,13,2023_13_SF_PHI,Nick Sirianni,nick_sirianni,brian_johnson
2023,PIT,13,2023_13_ARI_PIT,Mike Tomlin,mike_tomlin,matt_canada
2023,SEA,13,2023_13_SEA_DAL,Pete Carroll,pete_carroll,shane_waldron
2023,SF,13,2023_13_SF_PHI,Kyle Shanahan,kyle_shanahan,kyle_shanahan
2023,TB,13,2023_13_CAR_TB,Todd Bowles,todd_bowles,dave_canales
2023,TEN,13,2023_13_IND_TEN,Mike Vrabel,mike_vrabel,tim_kelly
2023,WAS,13,2023_13_MIA_WAS,Ron Rivera,ron_rivera,eric_bieniemy
2023,ATL,14,2023_14_TB_ATL,Arthur Smith,arthur_smith,arthur_smith
2023,BAL,14,2023_14_LA_BAL,John Harbaugh,john_harbaugh,todd_monken
2023,BUF,14,2023_14_BUF_KC,Sean McDermott,sean_mcdermott,ken_dorsey
2023,CAR,14,2023_14_CAR_NO,Chris Tabor,chris_tabor,frank_reich
2023,CHI,14,2023_14_DET_CHI,Matt Eberflus,matt_eberflus,luke_getsy
2023,CIN,14,2023_14_IND_CIN,Zac Taylor,zac_taylor,zac_taylor
2023,CLE,14,2023_14_JAX_CLE,Kevin Stefanski,kevin_stefanski,kevin_stefanski
2023,DAL,14,2023_14_PHI_DAL,Mike McCarthy,mike_mccarthy,mike_mccarthy
2023,DEN,14,2023_14_DEN_LAC,Sean Payton,sean_payton,sean_payton
2023,DET,14,2023_14_DET_CHI,Dan Campbell,dan_campbell,ben_johnson
2023,GB,14,2023_14_GB_NYG,Matt LaFleur,matt_lafleur,matt_lafleur
2023,HOU,14,2023_14_HOU_NYJ,DeMeco Ryans,demeco_ryans,bobby_slowik
2023,IND,14,2023_14_IND_CIN,Shane Steichen,shane_steichen,shane_steichen
2023,JAX,14,2023_14_JAX_CLE,Doug Pederson,doug_pederson,doug_pederson
2023,KC,14,2023_14_BUF_KC,Andy Reid,andy_reid,andy_reid
2023,LA,14,2023_14_LA_BAL,Sean McVay,sean_mcvay,sean_mcvay
2023,LAC,14,2023_14_DEN_LAC,Brandon Staley,brandon_staley,kellen_moore
2023,LV,14,2023_14_MIN_LV,Antonio Pierce,antonio_pierce,josh_mcdaniels
2023,MIA,14,2023_14_TEN_MIA,Mike McDaniel,mike_mcdaniel,mike_mcdaniel
2023,MIN,14,2023_14_MIN_LV,Kevin O'Connell,kevin_oconnell,kevin_oconnell
2023,NE,14,2023_14_NE_PIT,Bill Belichick,bill_belichick,bill_obrien
2023,NO,14,2023_14_CAR_NO,Dennis Allen,dennis_allen,pete_carmichael
2023,NYG,14,2023_14_GB_NYG,Brian Daboll,brian_daboll,mike_kafka
2023,NYJ,14,2023_14_HOU_NYJ,Robert Saleh,robert_saleh,nathaniel_hackett
2023,PHI,14,2023_14_PHI_DAL,Nick Sirianni,nick_sirianni,brian_johnson
2023,PIT,14,2023_14_NE_PIT,Mike Tomlin,mike_tomlin,matt_canada
2023,SEA,14,2023_14_SEA_SF,Pete Carroll,pete_carroll,shane_waldron
2023,SF,14,2023_14_SEA_SF,Kyle Shanahan,kyle_shanahan,kyle_shanahan
2023,TB,14,2023_14_TB_ATL,Todd Bowles,todd_bowles,dave_canales
2023,TEN,14,2023_14_TEN_MIA,Mike Vrabel,mike_vrabel,tim_kelly
2023,ARI,15,2023_15_SF_ARI,Jonathan Gannon,jonathan_gannon,drew_petzing
2023,ATL,15,2023_15_ATL_CAR,Arthur Smith,arthur_smith,arthur_smith
2023,BAL,15,2023_15_BAL_JAX,John Harbaugh,john_harbaugh,todd_monken
2023,BUF,15,2023_15_DAL_BUF,Sean McDermott,sean_mcdermott,ken_dorsey
2023,CAR,15,2023_15_ATL_CAR,Chris Tabor,chris_tabor,frank_reich
2023,CHI,15,2023_15_CHI_CLE,Matt Eberflus,matt_eberflus,luke_getsy
2023,CIN,15,2023_15_MIN_CIN,Zac Taylor,zac_taylor,zac_taylor
2023,CLE,15,2023_15_CHI_CLE,Kevin Stefanski,kevin_stefanski,kevin_stefanski
2023,DAL,15,2023_15_DAL_BUF,Mike McCarthy,mike_mccarthy,mike_mccarthy
2023,DEN,15,2023_15_DEN_DET,Sean Payton,sean_payton,sean_payton
2023,DET,15,2023_15_DEN_DET,Dan Campbell,dan_campbell,ben_johnson
2023,GB,15,2023_15_TB_GB,Matt LaFleur,matt_lafleur,matt_lafleur
2023,HOU,15,2023_15_HOU_TEN,DeMeco Ryans,demeco_ryans,bobby_slowik
2023,IND,15,2023_15_PIT_IND,Shane Steichen,shane_steichen,shane_steichen
2023,JAX,15,2023_15_BAL_JAX,Doug Pederson,doug_pederson,doug_pederson
2023,KC,15,2023_15_KC_NE,Andy Reid,andy_reid,andy_reid
2023,LA,15,2023_15_WAS_LA,Sean McVay,sean_mcvay,sean_mcvay
2023,LAC,15,2023_15_LAC_LV,Brandon Staley,brandon_staley,kellen_moore
2023,LV,15,2023_15_LAC_LV,Antonio Pierce,antonio_pierce,josh_mcdaniels
2023,MIA,15,2023_15_NYJ_MIA,Mike McDaniel,mike_mcdaniel,mike_mcdaniel
2023,MIN,15,2023_15_MIN_CIN,Kevin O'Connell,kevin_oconnell,kevin_oconnell
2023,NE,15,2023_15_KC_NE,Bill Belichick,bill_belichick,bill_obrien
2023,NO,15,2023_15_NYG_NO,Dennis Allen,dennis_allen,pete_carmichael
2023,NYG,15,2023_15_NYG_NO,Brian Daboll,brian_daboll,mike_kafka
2023,NYJ,15,2023_15_NYJ_MIA,Robert Saleh,robert_saleh,nathaniel_hackett
2023,PHI,15,2023_15_PHI_SEA,Nick Sirianni,nick_sirianni,brian_johnson
2023,PIT,15,2023_15_PIT_IND,Mike Tomlin,mike_tomlin,matt_canada
2023,SEA,15,2023_15_PHI_SEA,Pete Carroll,pete_carroll,shane_waldron
2023,SF,15,2023_15_SF_ARI,Kyle Shanahan,kyle_shanahan,kyle_shanahan
2023,TB,15,2023_15_TB_GB,Todd Bowles,todd_bowles,dave_canales
2023,TEN,15,2023_15_HOU_TEN,Mike Vrabel,mike_vrabel,tim_kelly
2023,WAS,15,2023_15_WAS_LA,Ron Rivera,ron_rivera,eric_bieniemy
2023,ARI,16,2023_16_ARI_CHI,Jonathan Gannon,jonathan_gannon,drew_petzing
2023,ATL,16,2023_16_IND_ATL,Arthur Smith,arthur_smith,arthur_smith
2023,BAL,16,2023_16_BAL_SF,John Harbaugh,john_harbaugh,todd_monken
2023,BUF,16,2023_16_BUF_LAC,Sean McDermott,sean_mcdermott,ken_dorsey
2023,CAR,16,2023_16_GB_CAR,Chris Tabor,chris_tabor,frank_reich
2023,CHI,16,2023_16_ARI_CHI,Matt Eberflus,matt_eberflus,luke_getsy
2023,CIN,16,2023_16_CIN_PIT,Zac Taylor,zac_taylor,zac_taylor
2023,CLE,16,2023_16_CLE_HOU,Kevin Stefanski,kevin_stefanski,kevin_stefanski
2023,DAL,16,2023_16_DAL_MIA,Mike McCarthy,mike_mccarthy,mike_mccarthy
2023,DEN,16,2023_16_NE_DEN,Sean Payton,sean_payton,sean_payton
2023,DET,16,2023_16_DET_MIN,Dan Campbell,dan_campbell,ben_johnson
2023,GB,16,2023_16_GB_CAR,Matt LaFleur,matt_lafleur,matt_lafleur
2023,HOU,16,2023_16_CLE_HOU,DeMeco Ryans,demeco_ryans,bobby_slowik
2023,IND,16,2023_16_IND_ATL,Shane Steichen,shane_steichen,shane_steichen
2023,JAX,16,2023_16_JAX_TB,Doug Pederson,doug_pederson,doug_pederson
2023,KC,16,2023_16_LV_KC,Andy Reid,andy_reid,andy_reid
2023,LA,16,2023_16_NO_LA,Sean McVay,sean_mcvay,sean_mcvay
2023,LAC,16,2023_16_BUF_LAC,Giff Smith,giff_smith,kellen_moore
2023,LV,16,2023_16_LV_KC,Antonio Pierce,antonio_pierce,josh_mcdaniels
2023,MIA,16,2023_16_DAL_MIA,Mike McDaniel,mike_mcdaniel,mike_mcdaniel
2023,MIN,16,2023_16_DET_MIN,Kevin O'Connell,kevin_oconnell,kevin_oconnell
2023,NE,16,2023_16_NE_DEN,Bill Belichick,bill_belichick,bill_obrien
2023,NO,16,2023_16_NO_LA,Dennis Allen,dennis_allen,pete_carmichael
2023,NYG,16,2023_16_NYG_PHI,Brian Daboll,brian_daboll,mike_kafka
2023,NYJ,16,2023_16_WAS_NYJ,Robert Saleh,robert_saleh,nathaniel_hackett
2023,PHI,16,2023_16_NYG_PHI,Nick Sirianni,nick_sirianni,brian_johnson
2023,PIT,16,2023_16_CIN_PIT,Mike Tomlin,mike_tomlin,matt_canada
2023,SEA,16,2023_16_SEA_TEN,Pete Carroll,pete_carroll,shane_waldron
2023,SF,16,2023_16_BAL_SF,Kyle Shanahan,kyle_shanahan,kyle_shanahan
2023,TB,16,2023_16_JAX_TB,Todd Bowles,todd_bowles,dave_canales
2023,TEN,16,2023_16_SEA_TEN,Mike Vrabel,mike_vrabel,tim_kelly
2023,WAS,16,2023_16_WAS_NYJ,Ron Rivera,ron_rivera,eric_bieniemy
2023,ARI,17,2023_17_ARI_PHI,Jonathan Gannon,jonathan_gannon,drew_petzing
2023,ATL,17,2023_17_ATL_CHI,Arthur Smith,arthur_smith,arthur_smith
2023,BAL,17,2023_17_MIA_BAL,John Harbaugh,john_harbaugh,todd_monken
2023,BUF,17,2023_17_NE_BUF,Sean McDermott,sean_mcdermott,ken_dorsey
2023,CAR,17,2023_17_CAR_JAX,Chris Tabor,chris_tabor,frank_reich
2023,CHI,17,2023_17_ATL_CHI,Matt Eberflus,matt_eberflus,luke_getsy
2023,CIN,17,2023_17_CIN_KC,Zac Taylor,zac_taylor,zac_taylor
2023,CLE,17,2023_17_NYJ_CLE,Kevin Stefanski,kevin_stefanski,kevin_stefanski
2023,DAL,17,2023_17_DET_DAL,Mike McCarthy,mike_mccarthy,mike_mccarthy
2023,DEN,17,2023_17_LAC_DEN,Sean Payton,sean_payton,sean_payton
2023,DET,17,2023_17_DET_DAL,Dan Campbell,dan_campbell,ben_johnson
2023,GB,17,2023_17_GB_MIN,Matt LaFleur,matt_lafleur,matt_lafleur
2023,HOU,17,2023_17_TEN_HOU,DeMeco Ryans,demeco_ryans,bobby_slowik
2023,IND,17,2023_17_LV_IND,Shane Steichen,shane_steichen,shane_steichen
2023,JAX,17,2023_17_CAR_JAX,Doug Pederson,doug_pederson,doug_pederson
2023,KC,17,2023_17_CIN_KC,Andy Reid,andy_reid,andy_reid
2023,LA,17,2023_17_LA_NYG,Sean McVay,sean_mcvay,sean_mcvay
2023,LAC,17,2023_17_LAC_DEN,Giff Smith,giff_smith,kellen_moore
2023,LV,17,2023_17_LV_IND,Antonio Pierce,antonio_pierce,josh_mcdaniels
2023,MIA,17,2023_17_MIA_BAL,Mike McDaniel,mike_mcdaniel,mike_mcdaniel
2023,MIN,17,2023_17_GB_MIN,Kevin O'Connell,kevin_oconnell,kevin_oconnell
2023,NE,17,2023_17_NE_BUF,Bill Belichick,bill_belichick,bill_obrien
2023,NO,17,2023_17_NO_TB,Dennis Allen,dennis_allen,pete_carmichael
2023,NYG,17,2023_17_LA_NYG,Brian Daboll,brian_daboll,mike_kafka
2023,NYJ,17,2023_17_NYJ_CLE,Robert Saleh,robert_saleh,nathaniel_hackett
2023,PHI,17,2023_17_ARI_PHI,Nick Sirianni,nick_sirianni,brian_johnson
2023,PIT,17,2023_17_PIT_SEA,Mike Tomlin,mike_tomlin,matt_canada
2023,SEA,17,2023_17_PIT_SEA,Pete Carroll,pete_carroll,shane_waldron
2023,SF,17,2023_17_SF_WAS,Kyle Shanahan,kyle_shanahan,kyle_shanahan
2023,TB,17,2023_17_NO_TB,Todd Bowles,todd_bowles,dave_canales
2023,TEN,17,2023_17_TEN_HOU,Mike Vrabel,mike_vrabel,tim_kelly
2023,WAS,17,2023_17_SF_WAS,Ron Rivera,ron_rivera,eric_bieniemy
2023,ARI,18,2023_18_SEA_ARI,Jonathan Gannon,jonathan_gannon,drew_petzing
2023,ATL,18,2023_18_ATL_NO,Arthur Smith,arthur_smith,arthur_smith
2023,BAL,18,2023_18_PIT_BAL,John Harbaugh,john_harbaugh,todd_monken
2023,BUF,18,2023_18_BUF_MIA,Sean McDermott,sean_mcdermott,ken_dorsey
2023,CAR,18,2023_18_TB_CAR,Chris Tabor,chris_tabor,frank_reich
2023,CHI,18,2023_18_CHI_GB,Matt Eberflus,matt_eberflus,luke_getsy
2023,CIN,18,2023_18_CLE_CIN,Zac Taylor,zac_taylor,zac_taylor
2023,CLE,18,2023_18_CLE_CIN,Kevin Stefanski,kevin_stefanski,kevin_stefanski
2023,DAL,18,2023_18_DAL_WAS,Mike McCarthy,mike_mccarthy,mike_mccarthy
2023,DEN,18,2023_18_DEN_LV,Sean Payton,sean_payton,sean_payton
2023,DET,18,2023_18_MIN_DET,Dan Campbell,dan_campbell,ben_johnson
2023,GB,18,2023_18_CHI_GB,Matt LaFleur,matt_lafleur,matt_lafleur
2023,HOU,18,2023_18_HOU_IND,DeMeco Ryans,demeco_ryans,bobby_slowik
2023,IND,18,2023_18_HOU_IND,Shane Steichen,shane_steichen,shane_steichen
2023,JAX,18,2023_18_JAX_TEN,Doug Pederson,doug_pederson,doug_pederson
2023,KC,18,2023_18_KC_LAC,Andy Reid,andy_reid,andy_reid
2023,LA,18,2023_18_LA_SF,Sean McVay,sean_mcvay,sean_mcvay
2023,LAC,18,2023_18_KC_LAC,Giff Smith,giff_smith,kellen_moore
2023,LV,18,2023_18_DEN_LV,Antonio Pierce,antonio_pierce,josh_mcdaniels
2023,MIA,18,2023_18_BUF_MIA,Mike McDaniel,mike_mcdaniel,mike_mcdaniel
2023,MIN,18,2023_18_MIN_DET,Kevin O'Connell,kevin_oconnell,kevin_oconnell
2023,NE,18,2023_18_NYJ_NE,Bill Belichick,bill_belichick,bill_obrien
2023,NO,18,2023_18_ATL_NO,Dennis Allen,dennis_allen,pete_carmichael
2023,NYG,18,2023_18_PHI_NYG,Brian Daboll,brian_daboll,mike_kafka
2023,NYJ,18,2023_18_NYJ_NE,Robert Saleh,robert_saleh,nathaniel_hackett
2023,PHI,18,2023_18_PHI_NYG,Nick Sirianni,nick_sirianni,brian_johnson
2023,PIT,18,2023_18_PIT_BAL,Mike Tomlin,mike_tomlin,matt_canada
2023,SEA,18,2023_18_SEA_ARI,Pete Carroll,pete_carroll,shane_waldron
2023,SF,18,2023_18_LA_SF,Kyle Shanahan,kyle_shanahan,kyle_shanahan
2023,TB,18,2023_18_TB_CAR,Todd Bowles,todd_bowles,dave_canales
2023,TEN,18,2023_18_JAX_TEN,Mike Vrabel,mike_vrabel,tim_kelly
2023,WAS,18,2023_18_DAL_WAS,Ron Rivera,ron_rivera,eric_bieniemy
2024,ARI,1,2024_01_ARI_BUF,Jonathan Gannon,jonathan_gannon,drew_petzing
2024,ATL,1,2024_01_PIT_ATL,Raheem Morris,raheem_morris,zac_robinson
2024,BAL,1,2024_01_BAL_KC,John Harbaugh,john_harbaugh,todd_monken
2024,BUF,1,2024_01_ARI_BUF,Sean McDermott,sean_mcdermott,joe_brady
2024,CAR,1,2024_01_CAR_NO,Dave Canales,dave_canales,dave_canales
2024,CHI,1,2024_01_TEN_CHI,Matt Eberflus,matt_eberflus,shane_waldron
2024,CIN,1,2024_01_NE_CIN,Zac Taylor,zac_taylor,zac_taylor
2024,CLE,1,2024_01_DAL_CLE,Kevin Stefanski,kevin_stefanski,kevin_stefanski
2024,DAL,1,2024_01_DAL_CLE,Mike McCarthy,mike_mccarthy,mike_mccarthy
2024,DEN,1,2024_01_DEN_SEA,Sean Payton,sean_payton,sean_payton
2024,DET,1,2024_01_LA_DET,Dan Campbell,dan_campbell,ben_johnson
2024,GB,1,2024_01_GB_PHI,Matt LaFleur,matt_lafleur,matt_lafleur
2024,HOU,1,2024_01_HOU_IND,DeMeco Ryans,demeco_ryans,bobby_slowik
2024,IND,1,2024_01_HOU_IND,Shane Steichen,shane_steichen,shane_steichen
2024,JAX,1,2024_01_JAX_MIA,Doug Pederson,doug_pederson,press_taylor
2024,KC,1,2024_01_BAL_KC,Andy Reid,andy_reid,andy_reid
2024,LA,1,2024_01_LA_DET,Sean McVay,sean_mcvay,sean_mcvay
2024,LAC,1,2024_01_LV_LAC,Jim Harbaugh,jim_harbaugh,greg_roman
2024,LV,1,2024_01_LV_LAC,Antonio Pierce,antonio_pierce,luke_getsy
2024,MIA,1,2024_01_JAX_MIA,Mike McDaniel,mike_mcdaniel,mike_mcdaniel
2024,MIN,1,2024_01_MIN_NYG,Kevin O'Connell,kevin_oconnell,kevin_oconnell
2024,NE,1,2024_01_NE_CIN,Jerod Mayo,jerod_mayo,alex_van_pelt
2024,NO,1,2024_01_CAR_NO,Dennis Allen,dennis_allen,klint_kubiak
2024,NYG,1,2024_01_MIN_NYG,Brian Daboll,brian_daboll,brian_daboll
2024,NYJ,1,2024_01_NYJ_SF,Robert Saleh,robert_saleh,nathaniel_hackett
2024,PHI,1,2024_01_GB_PHI,Nick Sirianni,nick_sirianni,kellen_moore
2024,PIT,1,2024_01_PIT_ATL,Mike Tomlin,mike_tomlin,arthur_smith
2024,SEA,1,2024_01_DEN_SEA,Mike Macdonald,mike_macdonald,ryan_grubb
2024,SF,1,2024_01_NYJ_SF,Kyle Shanahan,kyle_shanahan,kyle_shanahan
2024,TB,1,2024_01_WAS_TB,Todd Bowles,todd_bowles,liam_coen
2024,TEN,1,2024_01_TEN_CHI,Brian Callahan,brian_callahan,brian_callahan
2024,WAS,1,2024_01_WAS_TB,Dan Quinn,dan_quinn,kliff_kingsbury
2024,ARI,2,2024_02_LA_ARI,Jonathan Gannon,jonathan_gannon,drew_petzing
2024,ATL,2,2024_02_ATL_PHI,Raheem Morris,raheem_morris,zac_robinson
2024,BAL,2,2024_02_LV_BAL,John Harbaugh,john_harbaugh,todd_monken
2024,BUF,2,2024_02_BUF_MIA,Sean McDermott,sean_mcdermott,joe_brady
2024,CAR,2,2024_02_LAC_CAR,Dave Canales,dave_canales,dave_canales
2024,CHI,2,2024_02_CHI_HOU,Matt Eberflus,matt_eberflus,shane_waldron
2024,CIN,2,2024_02_CIN_KC,Zac Taylor,zac_taylor,zac_taylor
2024,CLE,2,2024_02_CLE_JAX,Kevin Stefanski,kevin_stefanski,kevin_stefanski
2024,DAL,2,2024_02_NO_DAL,Mike McCarthy,mike_mccarthy,mike_mccarthy
2024,DEN,2,2024_02_PIT_DEN,Sean Payton,sean_payton,sean_payton
2024,DET,2,2024_02_TB_DET,Dan Campbell,dan_campbell,ben_johnson
2024,GB,2,2024_02_IND_GB,Matt LaFleur,matt_lafleur,matt_lafleur
2024,HOU,2,2024_02_CHI_HOU,DeMeco Ryans,demeco_ryans,bobby_slowik
2024,IND,2,2024_02_IND_GB,Shane Steichen,shane_steichen,shane_steichen
2024,JAX,2,2024_02_CLE_JAX,Doug Pederson,doug_pederson,press_taylor
2024,KC,2,2024_02_CIN_KC,Andy Reid,andy_reid,andy_reid
2024,LA,2,2024_02_LA_ARI,Sean McVay,sean_mcvay,sean_mcvay
2024,LAC,2,2024_02_LAC_CAR,Jim Harbaugh,jim_harbaugh,greg_roman
2024,LV,2,2024_02_LV_BAL,Antonio Pierce,antonio_pierce,luke_getsy
2024,MIA,2,2024_02_BUF_MIA,Mike McDaniel,mike_mcdaniel,mike_mcdaniel
2024,MIN,2,2024_02_SF_MIN,Kevin O'Connell,kevin_oconnell,kevin_oconnell
2024,NE,2,2024_02_SEA_NE,Jerod Mayo,jerod_mayo,alex_van_pelt
2024,NO,2,2024_02_NO_DAL,Dennis Allen,dennis_allen,klint_kubiak
2024,NYG,2,2024_02_NYG_WAS,Brian Daboll,brian_daboll,brian_daboll
2024,NYJ,2,2024_02_NYJ_TEN,Robert Saleh,robert_saleh,nathaniel_hackett
2024,PHI,2,2024_02_ATL_PHI,Nick Sirianni,nick_sirianni,kellen_moore
2024,PIT,2,2024_02_PIT_DEN,Mike Tomlin,mike_tomlin,arthur_smith
2024,SEA,2,2024_02_SEA_NE,Mike Macdonald,mike_macdonald,ryan_grubb
2024,SF,2,2024_02_SF_MIN,Kyle Shanahan,kyle_shanahan,kyle_shanahan
2024,TB,2,2024_02_TB_DET,Todd Bowles,todd_bowles,liam_coen
2024,TEN,2,2024_02_NYJ_TEN,Brian Callahan,brian_callahan,brian_callahan
2024,WAS,2,2024_02_NYG_WAS,Dan Quinn,dan_quinn,kliff_kingsbury
2024,ARI,3,2024_03_DET_ARI,Jonathan Gannon,jonathan_gannon,drew_petzing
2024,ATL,3,2024_03_KC_ATL,Raheem Morris,raheem_morris,zac_robinson
2024,BAL,3,2024_03_BAL_DAL,John Harbaugh,john_harbaugh,todd_monken
2024,BUF,3,2024_03_JAX_BUF,Sean McDermott,sean_mcdermott,joe_brady
2024,CAR,3,2024_03_CAR_LV,Dave Canales,dave_canales,dave_canales
2024,CHI,3,2024_03_CHI_IND,Matt Eberflus,matt_eberflus,shane_waldron
2024,CIN,3,2024_03_WAS_CIN,Zac Taylor,zac_taylor,zac_taylor
2024,CLE,3,2024_03_NYG_CLE,Kevin Stefanski,kevin_stefanski,kevin_stefanski
2024,DAL,3,2024_03_BAL_DAL,Mike McCarthy,mike_mccarthy,mike_mccarthy
2024,DEN,3,2024_03_DEN_TB,Sean Payton,sean_payton,sean_payton
2024,DET,3,2024_03_DET_ARI,Dan Campbell,dan_campbell,ben_johnson
2024,GB,3,2024_03_GB_TEN,Matt LaFleur,matt_lafleur,matt_lafleur
2024,HOU,3,2024_03_HOU_MIN,DeMeco Ryans,demeco_ryans,bobby_slowik
2024,IND,3,2024_03_CHI_IND,Shane Steichen,shane_steichen,shane_steichen
2024,JAX,3,2024_03_JAX_BUF,Doug Pederson,doug_pederson,press_taylor
2024,KC,3,2024_03_KC_ATL,Andy Reid,andy_reid,andy_reid
2024,LA,3,2024_03_SF_LA,Sean McVay,sean_mcvay,sean_mcvay
2024,LAC,3,2024_03_LAC_PIT,Jim Harbaugh,jim_harbaugh,greg_roman
2024,LV,3,2024_03_CAR_LV,Antonio Pierce,antonio_pierce,luke_getsy
2024,MIA,3,2024_03_MIA_SEA,Mike McDaniel,mike_mcdaniel,mike_mcdaniel
2024,MIN,3,2024_03_HOU_MIN,Kevin O'Connell,kevin_oconnell,kevin_oconnell
2024,NE,3,2024_03_NE_NYJ,Jerod Mayo,jerod_mayo,alex_van_pelt
2024,NO,3,2024_03_PHI_NO,Dennis Allen,dennis_allen,klint_kubiak
2024,NYG,3,2024_03_NYG_CLE,Brian Daboll,brian_daboll,brian_daboll
2024,NYJ,3,2024_03_NE_NYJ,Robert Saleh,robert_saleh,nathaniel_hackett
2024,PHI,3,2024_03_PHI_NO,Nick Sirianni,nick_sirianni,kellen_moore
2024,PIT,3,2024_03_LAC_PIT,Mike Tomlin,mike_tomlin,arthur_smith
2024,SEA,3,2024_03_MIA_SEA,Mike Macdonald,mike_macdonald,ryan_grubb
2024,SF,3,2024_03_SF_LA,Kyle Shanahan,kyle_shanahan,kyle_shanahan
2024,TB,3,2024_03_DEN_TB,Todd Bowles,todd_bowles,liam_coen
2024,TEN,3,2024_03_GB_TEN,Brian Callahan,brian_callahan,brian_callahan
2024,WAS,3,2024_03_WAS_CIN,Dan Quinn,dan_quinn,kliff_kingsbury
2024,ARI,4,2024_04_WAS_ARI,Jonathan Gannon,jonathan_gannon,drew_petzing
2024,ATL,4,2024_04_NO_ATL,Raheem Morris,raheem_morris,zac_robinson
2024,BAL,4,2024_04_BUF_BAL,John Harbaugh,john_harbaugh,todd_monken
2024,BUF,4,2024_04_BUF_BAL,Sean McDermott,sean_mcdermott,joe_brady
2024,CAR,4,2024_04_CIN_CAR,Dave Canales,dave_canales,dave_canales
2024,CHI,4,2024_04_LA_CHI,Matt Eberflus,matt_eberflus,shane_waldron
2024,CIN,4,2024_04_CIN_CAR,Zac Taylor,zac_taylor,zac_taylor
2024,CLE,4,2024_04_CLE_LV,Kevin Stefanski,kevin_stefanski,kevin_stefanski
2024,DAL,4,2024_04_DAL_NYG,Mike McCarthy,mike_mccarthy,mike_mccarthy
2024,DEN,4,2024_04_DEN_NYJ,Sean Payton,sean_payton,sean_payton
2024,DET,4,2024_04_SEA_DET,Dan Campbell,dan_campbell,ben_johnson
2024,GB,4,2024_04_MIN_GB,Matt LaFleur,matt_lafleur,matt_lafleur
2024,HOU,4,2024_04_JAX_HOU,DeMeco Ryans,demeco_ryans,bobby_slowik
2024,IND,4,2024_04_PIT_IND,Shane Steichen,shane_steichen,shane_steichen
2024,JAX,4,2024_04_JAX_HOU,Doug Pederson,doug_pederson,press_taylor
2024,KC,4,2024_04_KC_LAC,Andy Reid,andy_reid,andy_reid
2024,LA,4,2024_04_LA_CHI,Sean McVay,sean_mcvay,sean_mcvay
2024,LAC,4,2024_04_KC_LAC,Jim Harbaugh,jim_harbaugh,greg_roman
2024,LV,4,2024_04_CLE_LV,Antonio Pierce,antonio_pierce,luke_getsy
2024,MIA,4,2024_04_TEN_MIA,Mike McDaniel,mike_mcdaniel,mike_mcdaniel
2024,MIN,4,2024_04_MIN_GB,Kevin O'Connell,kevin_oconnell,kevin_oconnell
2024,NE,4,2024_04_NE_SF,Jerod Mayo,jerod_mayo,alex_van_pelt
2024,NO,4,2024_04_NO_ATL,Dennis Allen,dennis_allen,klint_kubiak
2024,NYG,4,2024_04_DAL_NYG,Brian Daboll,brian_daboll,brian_daboll
2024,NYJ,4,2024_04_DEN_NYJ,Robert Saleh,robert_saleh,nathaniel_hackett
2024,PHI,4,2024_04_PHI_TB,Nick Sirianni,nick_sirianni,kellen_moore
2024,PIT,4,2024_04_PIT_IND,Mike Tomlin,mike_tomlin,arthur_smith
2024,SEA,4,2024_04_SEA_DET,Mike Macdonald,mike_macdonald,ryan_grubb
2024,SF,4,2024_04_NE_SF,Kyle Shanahan,kyle_shanahan,kyle_shanahan
2024,TB,4,2024_04_PHI_TB,Todd Bowles,todd_bowles,liam_coen
2024,TEN,4,2024_04_TEN_MIA,Brian Callahan,brian_callahan,brian_callahan
2024,WAS,4,2024_04_WAS_ARI,Dan Quinn,dan_quinn,kliff_kingsbury
2024,ARI,5,2024_05_ARI_SF,Jonathan Gannon,jonathan_gannon,drew_petzing
2024,ATL,5,2024_05_TB_ATL,Raheem Morris,raheem_morris,zac_robinson
2024,BAL,5,2024_05_BAL_CIN,John Harbaugh,john_harbaugh,todd_monken
2024,BUF,5,2024_05_BUF_HOU,Sean McDermott,sean_mcdermott,joe_brady
2024,CAR,5,2024_05_CAR_CHI,Dave Canales,dave_canales,dave_canales
2024,CHI,5,2024_05_CAR_CHI,Matt Eberflus,matt_eberflus,shane_waldron
2024,CIN,5,2024_05_BAL_CIN,Zac Taylor,zac_taylor,zac_taylor
2024,CLE,5,2024_05_CLE_WAS,Kevin Stefanski,kevin_stefanski,kevin_stefanski
2024,DAL,5,2024_05_DAL_PIT,Mike McCarthy,mike_mccarthy,mike_mccarthy
2024,DEN,5,2024_05_LV_DEN,Sean Payton,sean_payton,sean_payton
2024,GB,5,2024_05_GB_LA,Matt LaFleur,matt_lafleur,matt_lafleur
2024,HOU,5,2024_05_BUF_HOU,DeMeco Ryans,demeco_ryans,bobby_slowik
2024,IND,5,2024_05_IND_JAX,Shane Steichen,shane_steichen,shane_steichen
2024,JAX,5,2024_05_IND_JAX,Doug Pederson,doug_pederson,press_taylor
2024,KC,5,2024_05_NO_KC,Andy Reid,andy_reid,andy_reid
2024,LA,5,2024_05_GB_LA,Sean McVay,sean_mcvay,sean_mcvay
2024,LV,5,2024_05_LV_DEN,Antonio Pierce,antonio_pierce,luke_getsy
2024,MIA,5,2024_05_MIA_NE,Mike McDaniel,mike_mcdaniel,mike_mcdaniel
2024,MIN,5,2024_05_NYJ_MIN,Kevin O'Connell,kevin_oconnell,kevin_oconnell
2024,NE,5,2024_05_MIA_NE,Jerod Mayo,jerod_mayo,alex_van_pelt
2024,NO,5,2024_05_NO_KC,Dennis Allen,dennis_allen,klint_kubiak
2024,NYG,5,2024_05_NYG_SEA,Brian Daboll,brian_daboll,brian_daboll
2024,NYJ,5,2024_05_NYJ_MIN,Robert Saleh,robert_saleh,nathaniel_hackett
2024,PIT,5,2024_05_DAL_PIT,Mike Tomlin,mike_tomlin,arthur_smith
2024,SEA,5,2024_05_NYG_SEA,Mike Macdonald,mike_macdonald,ryan_grubb
2024,SF,5,2024_05_ARI_SF,Kyle Shanahan,kyle_shanahan,kyle_shanahan
2024,TB,5,2024_05_TB_ATL,Todd Bowles,todd_bowles,liam_coen
2024,WAS,5,2024_05_CLE_WAS,Dan Quinn,dan_quinn,kliff_kingsbury
2024,ARI,6,2024_06_ARI_GB,Jonathan Gannon,jonathan_gannon,drew_petzing
2024,ATL,6,2024_06_ATL_CAR,Raheem Morris,raheem_morris,zac_robinson
2024,BAL,6,2024_06_WAS_BAL,John Harbaugh,john_harbaugh,todd_monken
2024,BUF,6,2024_06_BUF_NYJ,Sean McDermott,sean_mcdermott,joe_brady
2024,CAR,6,2024_06_ATL_CAR,Dave Canales,dave_canales,dave_canales
2024,CHI,6,2024_06_JAX_CHI,Matt Eberflus,matt_eberflus,shane_waldron
2024,CIN,6,2024_06_CIN_NYG,Zac Taylor,zac_taylor,zac_taylor
2024,CLE,6,2024_06_CLE_PHI,Kevin Stefanski,kevin_stefanski,kevin_stefanski
2024,DAL,6,2024_06_DET_DAL,Mike McCarthy,mike_mccarthy,mike_mccarthy
2024,DEN,6,2024_06_LAC_DEN,Sean Payton,sean_payton,sean_payton
2024,DET,6,2024_06_DET_DAL,Dan Campbell,dan_campbell,ben_johnson
2024,GB,6,2024_06_ARI_GB,Matt LaFleur,matt_lafleur,matt_lafleur
2024,HOU,6,2024_06_HOU_NE,DeMeco Ryans,demeco_ryans,bobby_slowik
2024,IND,6,2024_06_IND_TEN,Shane Steichen,shane_steichen,shane_steichen
2024,JAX,6,2024_06_JAX_CHI,Doug Pederson,doug_pederson,press_taylor
2024,LAC,6,2024_06_LAC_DEN,Jim Harbaugh,jim_harbaugh,greg_roman
2024,LV,6,2024_06_PIT_LV,Antonio Pierce,antonio_pierce,luke_getsy
2024,NE,6,2024_06_HOU_NE,Jerod Mayo,jerod_mayo,alex_van_pelt
2024,NO,6,2024_06_TB_NO,Dennis Allen,dennis_allen,klint_kubiak
2024,NYG,6,2024_06_CIN_NYG,Brian Daboll,brian_daboll,brian_daboll
2024,NYJ,6,2024_06_BUF_NYJ,Robert Saleh,robert_saleh,nathaniel_hackett
2024,PHI,6,2024_06_CLE_PHI,Nick Sirianni,nick_sirianni,kellen_moore
2024,PIT,6,2024_06_PIT_LV,Mike Tomlin,mike_tomlin,arthur_smith
2024,SEA,6,2024_06_SF_SEA,Mike Macdonald,mike_macdonald,ryan_grubb
2024,SF,6,2024_06_SF_SEA,Kyle Shanahan,kyle_shanahan,kyle_shanahan
2024,TB,6,2024_06_TB_NO,Todd Bowles,todd_bowles,liam_coen
2024,TEN,6,2024_06_IND_TEN,Brian Callahan,brian_callahan,brian_callahan
2024,WAS,6,2024_06_WAS_BAL,Dan Quinn,dan_quinn,kliff_kingsbury
2024,ARI,7,2024_07_LAC_ARI,Jonathan Gannon,jonathan_gannon,drew_petzing
2024,ATL,7,2024_07_SEA_ATL,Raheem Morris,raheem_morris,zac_robinson
2024,BAL,7,2024_07_BAL_TB,John Harbaugh,john_harbaugh,todd_monken
2024,BUF,7,2024_07_TEN_BUF,Sean McDermott,sean_mcdermott,joe_brady
2024,CAR,7,2024_07_CAR_WAS,Dave Canales,dave_canales,dave_canales
2024,CIN,7,2024_07_CIN_CLE,Zac Taylor,zac_taylor,zac_taylor
2024,CLE,7,2024_07_CIN_CLE,Kevin Stefanski,kevin_stefanski,kevin_stefanski
2024,DEN,7,2024_07_DEN_NO,Sean Payton,sean_payton,sean_payton
2024,DET,7,2024_07_DET_MIN,Dan Campbell,dan_campbell,ben_johnson
2024,GB,7,2024_07_HOU_GB,Matt LaFleur,matt_lafleur,matt_lafleur
2024,HOU,7,2024_07_HOU_GB,DeMeco Ryans,demeco_ryans,bobby_slowik
2024,IND,7,2024_07_MIA_IND,Shane Steichen,shane_steichen,shane_steichen
2024,JAX,7,2024_07_NE_JAX,Doug Pederson,doug_pederson,press_taylor
2024,KC,7,2024_07_KC_SF,Andy Reid,andy_reid,andy_reid
2024,LA,7,2024_07_LV_LA,Sean McVay,sean_mcvay,sean_mcvay
2024,LAC,7,2024_07_LAC_ARI,Jim Harbaugh,jim_harbaugh,greg_roman
2024,LV,7,2024_07_LV_LA,Antonio Pierce,antonio_pierce,luke_getsy
2024,MIA,7,2024_07_MIA_IND,Mike McDaniel,mike_mcdaniel,mike_mcdaniel
2024,MIN,7,2024_07_DET_MIN,Kevin O'Connell,kevin_oconnell,kevin_oconnell
2024,NE,7,2024_07_NE_JAX,Jerod Mayo,jerod_mayo,alex_van_pelt
2024,NO,7,2024_07_DEN_NO,Dennis Allen,dennis_allen,klint_kubiak
2024,NYG,7,2024_07_PHI_NYG,Brian Daboll,brian_daboll,brian_daboll
2024,NYJ,7,2024_07_NYJ_PIT,Robert Saleh,robert_saleh,nathaniel_hackett
2024,PHI,7,2024_07_PHI_NYG,Nick Sirianni,nick_sirianni,kellen_moore
2024,PIT,7,2024_07_NYJ_PIT,Mike Tomlin,mike_tomlin,arthur_smith
2024,SEA,7,2024_07_SEA_ATL,Mike Macdonald,mike_macdonald,ryan_grubb
2024,SF,7,2024_07_KC_SF,Kyle Shanahan,kyle_shanahan,kyle_shanahan
2024,TB,7,2024_07_BAL_TB,Todd Bowles,todd_bowles,liam_coen
2024,TEN,7,2024_07_TEN_BUF,Brian Callahan,brian_callahan,brian_callahan
2024,WAS,7,2024_07_CAR_WAS,Dan Quinn,dan_quinn,kliff_kingsbury
2024,ARI,8,2024_08_ARI_MIA,Jonathan Gannon,jonathan_gannon,drew_petzing
2024,ATL,8,2024_08_ATL_TB,Raheem Morris,raheem_morris,zac_robinson
2024,BAL,8,2024_08_BAL_CLE,John Harbaugh,john_harbaugh,todd_monken
2024,BUF,8,2024_08_BUF_SEA,Sean McDermott,sean_mcdermott,joe_brady
2024,CAR,8,2024_08_CAR_DEN,Dave Canales,dave_canales,dave_canales
2024,CHI,8,2024_08_CHI_WAS,Matt Eberflus,matt_eberflus,shane_waldron
2024,CIN,8,2024_08_PHI_CIN,Zac Taylor,zac_taylor,zac_taylor
2024,CLE,8,2024_08_BAL_CLE,Kevin Stefanski,kevin_stefanski,kevin_stefanski
2024,DAL,8,2024_08_DAL_SF,Mike McCarthy,mike_mccarthy,mike_mccarthy
2024,DEN,8,2024_08_CAR_DEN,Sean Payton,sean_payton,sean_payton
2024,DET,8,2024_08_TEN_DET,Dan Campbell,dan_campbell,ben_johnson
2024,GB,8,2024_08_GB_JAX,Matt LaFleur,matt_lafleur,matt_lafleur
2024,HOU,8,2024_08_IND_HOU,DeMeco Ryans,demeco_ryans,bobby_slowik
2024,IND,8,2024_08_IND_HOU,Shane Steichen,shane_steichen,shane_steichen
2024,JAX,8,2024_08_GB_JAX,Doug Pederson,doug_pederson,press_taylor
2024,KC,8,2024_08_KC_LV,Andy Reid,andy_reid,andy_reid
2024,LA,8,2024_08_MIN_LA,Sean McVay,sean_mcvay,sean_mcvay
2024,LAC,8,2024_08_NO_LAC,Jim Harbaugh,jim_harbaugh,greg_roman
2024,LV,8,2024_08_KC_LV,Antonio Pierce,antonio_pierce,luke_getsy
2024,MIA,8,2024_08_ARI_MIA,Mike McDaniel,mike_mcdaniel,mike_mcdaniel
2024,MIN,8,2024_08_MIN_LA,Kevin O'Connell,kevin_oconnell,kevin_oconnell
2024,NE,8,2024_08_NYJ_NE,Jerod Mayo,jerod_mayo,alex_van_pelt
2024,NO,8,2024_08_NO_LAC,Dennis Allen,dennis_allen,klint_kubiak
2024,NYG,8,2024_08_NYG_PIT,Brian Daboll,brian_daboll,brian_daboll
2024,NYJ,8,2024_08_NYJ_NE,Robert Saleh,robert_saleh,nathaniel_hackett
2024,PHI,8,2024_08_PHI_CIN,Nick Sirianni,nick_sirianni,kellen_moore
2024,PIT,8,2024_08_NYG_PIT,Mike Tomlin,mike_tomlin,arthur_smith
2024,SEA,8,2024_08_BUF_SEA,Mike Macdonald,mike_macdonald,ryan_grubb
2024,SF,8,2024_08_DAL_SF,Kyle Shanahan,kyle_shanahan,kyle_shanahan
2024,TB,8,2024_08_ATL_TB,Todd Bowles,todd_bowles,liam_coen
2024,TEN,8,2024_08_TEN_DET,Brian Callahan,brian_callahan,brian_callahan
2024,WAS,8,2024_08_CHI_WAS,Dan Quinn,dan_quinn,kliff_kingsbury
2024,ARI,9,2024_09_CHI_ARI,Jonathan Gannon,jonathan_gannon,drew_petzing
2024,ATL,9,2024_09_DAL_ATL,Raheem Morris,raheem_morris,zac_robinson
2024,BAL,9,2024_09_DEN_BAL,John Harbaugh,john_harbaugh,todd_monken
2024,BUF,9,2024_09_MIA_BUF,Sean McDermott,sean_mcdermott,joe_brady
2024,CAR,9,2024_09_NO_CAR,Dave Canales,dave_canales,dave_canales
2024,CHI,9,2024_09_CHI_ARI,Matt Eberflus,matt_eberflus,shane_waldron
2024,CIN,9,2024_09_LV_CIN,Zac Taylor,zac_taylor,zac_taylor
2024,CLE,9,2024_09_LAC_CLE,Kevin Stefanski,kevin_stefanski,kevin_stefanski
2024,DAL,9,2024_09_DAL_ATL,Mike McCarthy,mike_mccarthy,mike_mccarthy
2024,DEN,9,2024_09_DEN_BAL,Sean Payton,sean_payton,sean_payton
2024,DET,9,2024_09_DET_GB,Dan Campbell,dan_campbell,ben_johnson
2024,GB,9,2024_09_DET_GB,Matt LaFleur,matt_lafleur,matt_lafleur
2024,HOU,9,2024_09_HOU_NYJ,DeMeco Ryans,demeco_ryans,bobby_slowik
2024,IND,9,2024_09_IND_MIN,Shane Steichen,shane_steichen,shane_steichen
2024,JAX,9,2024_09_JAX_PHI,Doug Pederson,doug_pederson,press_taylor
2024,KC,9,2024_09_TB_KC,Andy Reid,andy_reid,andy_reid
2024,LA,9,2024_09_LA_SEA,Sean McVay,sean_mcvay,sean_mcvay
2024,LAC,9,2024_09_LAC_CLE,Jim Harbaugh,jim_harbaugh,greg_roman
2024,LV,9,2024_09_LV_CIN,Antonio Pierce,antonio_pierce,luke_getsy
2024,MIA,9,2024_09_MIA_BUF,Mike McDaniel,mike_mcdaniel,mike_mcdaniel
2024,MIN,9,2024_09_IND_MIN,Kevin O'Connell,kevin_oconnell,kevin_oconnell
2024,NE,9,2024_09_NE_TEN,Jerod Mayo,jerod_mayo,alex_van_pelt
2024,NO,9,2024_09_NO_CAR,Dennis Allen,dennis_allen,klint_kubiak
2024,NYG,9,2024_09_WAS_NYG,Brian Daboll,brian_daboll,brian_daboll
2024,NYJ,9,2024_09_HOU_NYJ,Robert Saleh,robert_saleh,nathaniel_hackett
2024,PHI,9,2024_09_JAX_PHI,Nick Sirianni,nick_sirianni,kellen_moore
2024,SEA,9,2024_09_LA_SEA,Mike Macdonald,mike_macdonald,ryan_grubb
2024,TB,9,2024_09_TB_KC,Todd Bowles,todd_bowles,liam_coen
2024,TEN,9,2024_09_NE_TEN,Brian Callahan,brian_callahan,brian_callahan
2024,WAS,9,2024_09_WAS_NYG,Dan Quinn,dan_quinn,kliff_kingsbury
2024,ARI,10,2024_10_NYJ_ARI,Jonathan Gannon,jonathan_gannon,drew_petzing
2024,ATL,10,2024_10_ATL_NO,Raheem Morris,raheem_morris,zac_robinson
2024,BAL,10,2024_10_CIN_BAL,John Harbaugh,john_harbaugh,todd_monken
2024,BUF,10,2024_10_BUF_IND,Sean McDermott,sean_mcdermott,joe_brady
2024,CAR,10,2024_10_NYG_CAR,Dave Canales,dave_canales,dave_canales
2024,CHI,10,2024_10_NE_CHI,Matt Eberflus,matt_eberflus,shane_waldron
2024,CIN,10,2024_10_CIN_BAL,Zac Taylor,zac_taylor,zac_taylor
2024,DAL,10,2024_10_PHI_DAL,Mike McCarthy,mike_mccarthy,mike_mccarthy
2024,DEN,10,2024_10_DEN_KC,Sean Payton,sean_payton,sean_payton
2024,DET,10,2024_10_DET_HOU,Dan Campbell,dan_campbell,ben_johnson
2024,HOU,10,2024_10_DET_HOU,DeMeco Ryans,demeco_ryans,bobby_slowik
2024,IND,10,2024_10_BUF_IND,Shane Steichen,shane_steichen,shane_steichen
2024,JAX,10,2024_10_MIN_JAX,Doug Pederson,doug_pederson,press_taylor
2024,KC,10,2024_10_DEN_KC,Andy Reid,andy_reid,andy_reid
2024,LA,10,2024_10_MIA_LA,Sean McVay,sean_mcvay,sean_mcvay
2024,LAC,10,2024_10_TEN_LAC,Jim Harbaugh,jim_harbaugh,greg_roman
2024,MIA,10,2024_10_MIA_LA,Mike McDaniel,mike_mcdaniel,mike_mcdaniel
2024,MIN,10,2024_10_MIN_JAX,Kevin O'Connell,kevin_oconnell,kevin_oconnell
2024,NE,10,2024_10_NE_CHI,Jerod Mayo,jerod_mayo,alex_van_pelt
2024,NO,10,2024_10_ATL_NO,Dennis Allen,dennis_allen,klint_kubiak
2024,NYG,10,2024_10_NYG_CAR,Brian Daboll,brian_daboll,brian_daboll
2024,NYJ,10,2024_10_NYJ_ARI,Robert Saleh,robert_saleh,nathaniel_hackett
2024,PHI,10,2024_10_PHI_DAL,Nick Sirianni,nick_sirianni,kellen_moore
2024,PIT,10,2024_10_PIT_WAS,Mike Tomlin,mike_tomlin,arthur_smith
2024,SF,10,2024_10_SF_TB,Kyle Shanahan,kyle_shanahan,kyle_shanahan
2024,TB,10,2024_10_SF_TB,Todd Bowles,todd_bowles,liam_coen
2024,TEN,10,2024_10_TEN_LAC,Brian Callahan,brian_callahan,brian_callahan
2024,WAS,10,2024_10_PIT_WAS,Dan Quinn,dan_quinn,kliff_kingsbury
2024,ATL,11,2024_11_ATL_DEN,Raheem Morris,raheem_morris,zac_robinson
2024,BAL,11,2024_11_BAL_PIT,John Harbaugh,john_harbaugh,todd_monken
2024,BUF,11,2024_11_KC_BUF,Sean McDermott,sean_mcdermott,joe_brady
2024,CHI,11,2024_11_GB_CHI,Matt Eberflus,matt_eberflus,shane_waldron
2024,CIN,11,2024_11_CIN_LAC,Zac Taylor,zac_taylor,zac_taylor
2024,CLE,11,2024_11_CLE_NO,Kevin Stefanski,kevin_stefanski,kevin_stefanski
2024,DAL,11,2024_11_HOU_DAL,Mike McCarthy,mike_mccarthy,mike_mccarthy
2024,DEN,11,2024_11_ATL_DEN,Sean Payton,sean_payton,sean_payton
2024,DET,11,2024_11_JAX_DET,Dan Campbell,dan_campbell,ben_johnson
2024,GB,11,2024_11_GB_CHI,Matt LaFleur,matt_lafleur,matt_lafleur
2024,HOU,11,2024_11_HOU_DAL,DeMeco Ryans,demeco_ryans,bobby_slowik
2024,IND,11,2024_11_IND_NYJ,Shane Steichen,shane_steichen,shane_steichen
2024,JAX,11,2024_11_JAX_DET,Doug Pederson,doug_pederson,press_taylor
2024,KC,11,2024_11_KC_BUF,Andy Reid,andy_reid,andy_reid
2024,LA,11,2024_11_LA_NE,Sean McVay,sean_mcvay,sean_mcvay
2024,LAC,11,2024_11_CIN_LAC,Jim Harbaugh,jim_harbaugh,greg_roman
2024,LV,11,2024_11_LV_MIA,Antonio Pierce,antonio_pierce,luke_getsy
2024,MIA,11,2024_11_LV_MIA,Mike McDaniel,mike_mcdaniel,mike_mcdaniel
2024,MIN,11,2024_11_MIN_TEN,Kevin O'Connell,kevin_oconnell,kevin_oconnell
2024,NE,11,2024_11_LA_NE,Jerod Mayo,jerod_mayo,alex_van_pelt
2024,NO,11,2024_11_CLE_NO,Dennis Allen,dennis_allen,klint_kubiak
2024,NYJ,11,2024_11_IND_NYJ,Robert Saleh,robert_saleh,nathaniel_hackett
2024,PHI,11,2024_11_WAS_PHI,Nick Sirianni,nick_sirianni,kellen_moore
2024,PIT,11,2024_11_BAL_PIT,Mike Tomlin,mike_tomlin,arthur_smith
2024,SEA,11,2024_11_SEA_SF,Mike Macdonald,mike_macdonald,ryan_grubb
2024,SF,11,2024_11_SEA_SF,Kyle Shanahan,kyle_shanahan,kyle_shanahan
2024,TEN,11,2024_11_MIN_TEN,Brian Callahan,brian_callahan,brian_callahan
2024,WAS,11,2024_11_WAS_PHI,Dan Quinn,dan_quinn,kliff_kingsbury
2024,ARI,12,2024_12_ARI_SEA,Jonathan Gannon,jonathan_gannon,drew_petzing
2024,BAL,12,2024_12_BAL_LAC,John Harbaugh,john_harbaugh,todd_monken
2024,CAR,12,2024_12_KC_CAR,Dave Canales,dave_canales,dave_canales
2024,CHI,12,2024_12_MIN_CHI,Matt Eberflus,matt_eberflus,shane_waldron
2024,CLE,12,2024_12_PIT_CLE,Kevin Stefanski,kevin_stefanski,kevin_stefanski
2024,DAL,12,2024_12_DAL_WAS,Mike McCarthy,mike_mccarthy,mike_mccarthy
2024,DEN,12,2024_12_DEN_LV,Sean Payton,sean_payton,sean_payton
2024,DET,12,2024_12_DET_IND,Dan Campbell,dan_campbell,ben_johnson
2024,GB,12,2024_12_SF_GB,Matt LaFleur,matt_lafleur,matt_lafleur
2024,HOU,12,2024_12_TEN_HOU,DeMeco Ryans,demeco_ryans,bobby_slowik
2024,IND,12,2024_12_DET_IND,Shane Steichen,shane_steichen,shane_steichen
2024,KC,12,2024_12_KC_CAR,Andy Reid,andy_reid,andy_reid
2024,LA,12,2024_12_PHI_LA,Sean McVay,sean_mcvay,sean_mcvay
2024,LAC,12,2024_12_BAL_LAC,Jim Harbaugh,jim_harbaugh,greg_roman
2024,LV,12,2024_12_DEN_LV,Antonio Pierce,antonio_pierce,luke_getsy
2024,MIA,12,2024_12_NE_MIA,Mike McDaniel,mike_mcdaniel,mike_mcdaniel
2024,MIN,12,2024_12_MIN_CHI,Kevin O'Connell,kevin_oconnell,kevin_oconnell
2024,NE,12,2024_12_NE_MIA,Jerod Mayo,jerod_mayo,alex_van_pelt
2024,NYG,12,2024_12_TB_NYG,Brian Daboll,brian_daboll,brian_daboll
2024,PHI,12,2024_12_PHI_LA,Nick Sirianni,nick_sirianni,kellen_moore
2024,PIT,12,2024_12_PIT_CLE,Mike Tomlin,mike_tomlin,arthur_smith
2024,SEA,12,2024_12_ARI_SEA,Mike Macdonald,mike_macdonald,ryan_grubb
2024,SF,12,2024_12_SF_GB,Kyle Shanahan,kyle_shanahan,kyle_shanahan
2024,TB,12,2024_12_TB_NYG,Todd Bowles,todd_bowles,liam_coen
2024,TEN,12,2024_12_TEN_HOU,Brian Callahan,brian_callahan,brian_callahan
2024,WAS,12,2024_12_DAL_WAS,Dan Quinn,dan_quinn,kliff_kingsbury
2024,ARI,13,2024_13_ARI_MIN,Jonathan Gannon,jonathan_gannon,drew_petzing
2024,ATL,13,2024_13_LAC_ATL,Raheem Morris,raheem_morris,zac_robinson
2024,BAL,13,2024_13_PHI_BAL,John Harbaugh,john_harbaugh,todd_monken
2024,BUF,13,2024_13_SF_BUF,Sean McDermott,sean_mcdermott,joe_brady
2024,CAR,13,2024_13_TB_CAR,Dave Canales,dave_canales,dave_canales
2024,CHI,13,2024_13_CHI_DET,Matt Eberflus,matt_eberflus,shane_waldron
2024,CIN,13,2024_13_PIT_CIN,Zac Taylor,zac_taylor,zac_taylor
2024,CLE,13,2024_13_CLE_DEN,Kevin Stefanski,kevin_stefanski,kevin_stefanski
2024,DAL,13,2024_13_NYG_DAL,Mike McCarthy,mike_mccarthy,mike_mccarthy
2024,DEN,13,2024_13_CLE_DEN,Sean Payton,sean_payton,sean_payton
2024,DET,13,2024_13_CHI_DET,Dan Campbell,dan_campbell,ben_johnson
2024,GB,13,2024_13_MIA_GB,Matt LaFleur,matt_lafleur,matt_lafleur
2024,HOU,13,2024_13_HOU_JAX,DeMeco Ryans,demeco_ryans,bobby_slowik
2024,IND,13,2024_13_IND_NE,Shane Steichen,shane_steichen,shane_steichen
2024,JAX,13,2024_13_HOU_JAX,Doug Pederson,doug_pederson,press_taylor
2024,KC,13,2024_13_LV_KC,Andy Reid,andy_reid,andy_reid
2024,LA,13,2024_13_LA_NO,Sean McVay,sean_mcvay,sean_mcvay
2024,LAC,13,2024_13_LAC_ATL,Jim Harbaugh,jim_harbaugh,greg_roman
2024,LV,13,2024_13_LV_KC,Antonio Pierce,antonio_pierce,luke_getsy
2024,MIA,13,2024_13_MIA_GB,Mike McDaniel,mike_mcdaniel,mike_mcdaniel
2024,MIN,13,2024_13_ARI_MIN,Kevin O'Connell,kevin_oconnell,kevin_oconnell
2024,NE,13,2024_13_IND_NE,Jerod Mayo,jerod_mayo,alex_van_pelt
2024,NO,13,2024_13_LA_NO,Dennis Allen,dennis_allen,klint_kubiak
2024,NYG,13,2024_13_NYG_DAL,Brian Daboll,brian_daboll,brian_daboll
2024,NYJ,13,2024_13_SEA_NYJ,Robert Saleh,robert_saleh,nathaniel_hackett
2024,PHI,13,2024_13_PHI_BAL,Nick Sirianni,nick_sirianni,kellen_moore
2024,PIT,13,2024_13_PIT_CIN,Mike Tomlin,mike_tomlin,arthur_smith
2024,SEA,13,2024_13_SEA_NYJ,Mike Macdonald,mike_macdonald,ryan_grubb
2024,SF,13,2024_13_SF_BUF,Kyle Shanahan,kyle_shanahan,kyle_shanahan
2024,TB,13,2024_13_TB_CAR,Todd Bowles,todd_bowles,liam_coen
2024,TEN,13,2024_13_TEN_WAS,Brian Callahan,brian_callahan,brian_callahan
2024,WAS,13,2024_13_TEN_WAS,Dan Quinn,dan_quinn,kliff_kingsbury
2024,ARI,14,2024_14_SEA_ARI,Jonathan Gannon,jonathan_gannon,drew_petzing
2024,ATL,14,2024_14_ATL_MIN,Raheem Morris,raheem_morris,zac_robinson
2024,BUF,14,2024_14_BUF_LA,Sean McDermott,sean_mcdermott,joe_brady
2024,CAR,14,2024_14_CAR_PHI,Dave Canales,dave_canales,dave_canales
2024,CHI,14,2024_14_CHI_SF,Matt Eberflus,matt_eberflus,shane_waldron
2024,CIN,14,2024_14_CIN_DAL,Zac Taylor,zac_taylor,zac_taylor
2024,CLE,14,2024_14_CLE_PIT,Kevin Stefanski,kevin_stefanski,kevin_stefanski
2024,DAL,14,2024_14_CIN_DAL,Mike McCarthy,mike_mccarthy,mike_mccarthy
2024,DET,14,2024_14_GB_DET,Dan Campbell,dan_campbell,ben_johnson
2024,GB,14,2024_14_GB_DET,Matt LaFleur,matt_lafleur,matt_lafleur
2024,JAX,14,2024_14_JAX_TEN,Doug Pederson,doug_pederson,press_taylor
2024,KC,14,2024_14_LAC_KC,Andy Reid,andy_reid,andy_reid
2024,LA,14,2024_14_BUF_LA,Sean McVay,sean_mcvay,sean_mcvay
2024,LAC,14,2024_14_LAC_KC,Jim Harbaugh,jim_harbaugh,greg_roman
2024,LV,14,2024_14_LV_TB,Antonio Pierce,antonio_pierce,luke_getsy
2024,MIA,14,2024_14_NYJ_MIA,Mike McDaniel,mike_mcdaniel,mike_mcdaniel
2024,MIN,14,2024_14_ATL_MIN,Kevin O'Connell,kevin_oconnell,kevin_oconnell
2024,NO,14,2024_14_NO_NYG,Dennis Allen,dennis_allen,klint_kubiak
2024,NYG,14,2024_14_NO_NYG,Brian Daboll,brian_daboll,brian_daboll
2024,NYJ,14,2024_14_NYJ_MIA,Robert Saleh,robert_saleh,nathaniel_hackett
2024,PHI,14,2024_14_CAR_PHI,Nick Sirianni,nick_sirianni,kellen_moore
2024,PIT,14,2024_14_CLE_PIT,Mike Tomlin,mike_tomlin,arthur_smith
2024,SEA,14,2024_14_SEA_ARI,Mike Macdonald,mike_macdonald,ryan_grubb
2024,SF,14,2024_14_CHI_SF,Kyle Shanahan,kyle_shanahan,kyle_shanahan
2024,TB,14,2024_14_LV_TB,Todd Bowles,todd_bowles,liam_coen
2024,TEN,14,2024_14_JAX_TEN,Brian Callahan,brian_callahan,brian_callahan
2024,ARI,15,2024_15_NE_ARI,Jonathan Gannon,jonathan_gannon,drew_petzing
2024,ATL,15,2024_15_ATL_LV,Raheem Morris,raheem_morris,zac_robinson
2024,BAL,15,2024_15_BAL_NYG,John Harbaugh,john_harbaugh,todd_monken
2024,BUF,15,2024_15_BUF_DET,Sean McDermott,sean_mcdermott,joe_brady
2024,CAR,15,2024_15_DAL_CAR,Dave Canales,dave_canales,dave_canales
2024,CHI,15,2024_15_CHI_MIN,Matt Eberflus,matt_eberflus,shane_waldron
2024,CIN,15,2024_15_CIN_TEN,Zac Taylor,zac_taylor,zac_taylor
2024,CLE,15,2024_15_KC_CLE,Kevin Stefanski,kevin_stefanski,kevin_stefanski
2024,DAL,15,2024_15_DAL_CAR,Mike McCarthy,mike_mccarthy,mike_mccarthy
2024,DEN,15,2024_15_IND_DEN,Sean Payton,sean_payton,sean_payton
2024,DET,15,2024_15_BUF_DET,Dan Campbell,dan_campbell,ben_johnson
2024,GB,15,2024_15_GB_SEA,Matt LaFleur,matt_lafleur,matt_lafleur
2024,HOU,15,2024_15_MIA_HOU,DeMeco Ryans,demeco_ryans,bobby_slowik
2024,IND,15,2024_15_IND_DEN,Shane Steichen,shane_steichen,shane_steichen
2024,JAX,15,2024_15_NYJ_JAX,Doug Pederson,doug_pederson,press_taylor
2024,KC,15,2024_15_KC_CLE,Andy Reid,andy_reid,andy_reid
2024,LA,15,2024_15_LA_SF,Sean McVay,sean_mcvay,sean_mcvay
2024,LAC,15,2024_15_TB_LAC,Jim Harbaugh,jim_harbaugh,greg_roman
2024,LV,15,2024_15_ATL_LV,Antonio Pierce,antonio_pierce,luke_getsy
2024,MIA,15,2024_15_MIA_HOU,Mike McDaniel,mike_mcdaniel,mike_mcdaniel
2024,MIN,15,2024_15_CHI_MIN,Kevin O'Connell,kevin_oconnell,kevin_oconnell
2024,NE,15,2024_15_NE_ARI,Jerod Mayo,jerod_mayo,alex_van_pelt
2024,NO,15,2024_15_WAS_NO,Dennis Allen,dennis_allen,klint_kubiak
2024,NYG,15,2024_15_BAL_NYG,Brian Daboll,brian_daboll,brian_daboll
2024,NYJ,15,2024_15_NYJ_JAX,Robert Saleh,robert_saleh,nathaniel_hackett
2024,PHI,15,2024_15_PIT_PHI,Nick Sirianni,nick_sirianni,kellen_moore
2024,PIT,15,2024_15_PIT_PHI,Mike Tomlin,mike_tomlin,arthur_smith
2024,SEA,15,2024_15_GB_SEA,Mike Macdonald,mike_macdonald,ryan_grubb
2024,SF,15,2024_15_LA_SF,Kyle Shanahan,kyle_shanahan,kyle_shanahan
2024,TB,15,2024_15_TB_LAC,Todd Bowles,todd_bowles,liam_coen
2024,TEN,15,2024_15_CIN_TEN,Brian Callahan,brian_callahan,brian_callahan
2024,WAS,15,2024_15_WAS_NO,Dan Quinn,dan_quinn,kliff_kingsbury
2024,ARI,16,2024_16_ARI_CAR,Jonathan Gannon,jonathan_gannon,drew_petzing
2024,ATL,16,2024_16_NYG_ATL,Raheem Morris,raheem_morris,zac_robinson
2024,BAL,16,2024_16_PIT_BAL,John Harbaugh,john_harbaugh,todd_monken
2024,BUF,16,2024_16_NE_BUF,Sean McDermott,sean_mcdermott,joe_brady
2024,CAR,16,2024_16_ARI_CAR,Dave Canales,dave_canales,dave_canales
2024,CHI,16,2024_16_DET_CHI,Matt Eberflus,matt_eberflus,shane_waldron
2024,CIN,16,2024_16_CLE_CIN,Zac Taylor,zac_taylor,zac_taylor
2024,CLE,16,2024_16_CLE_CIN,Kevin Stefanski,kevin_stefanski,kevin_stefanski
2024,DAL,16,2024_16_TB_DAL,Mike McCarthy,mike_mccarthy,mike_mccarthy
2024,DEN,16,2024_16_DEN_LAC,Sean Payton,sean_payton,sean_payton
2024,DET,16,2024_16_DET_CHI,Dan Campbell,dan_campbell,ben_johnson
2024,GB,16,2024_16_NO_GB,Matt LaFleur,matt_lafleur,matt_lafleur
2024,HOU,16,2024_16_HOU_KC,DeMeco Ryans,demeco_ryans,bobby_slowik
2024,IND,16,2024_16_TEN_IND,Shane Steichen,shane_steichen,shane_steichen
2024,JAX,16,2024_16_JAX_LV,Doug Pederson,doug_pederson,press_taylor
2024,KC,16,2024_16_HOU_KC,Andy Reid,andy_reid,andy_reid
2024,LA,16,2024_16_LA_NYJ,Sean McVay,sean_mcvay,sean_mcvay
2024,LAC,16,2024_16_DEN_LAC,Jim Harbaugh,jim_harbaugh,greg_roman
2024,LV,16,2024_16_JAX_LV,Antonio Pierce,antonio_pierce,luke_getsy
2024,MIA,16,2024_16_SF_MIA,Mike McDaniel,mike_mcdaniel,mike_mcdaniel
2024,MIN,16,2024_16_MIN_SEA,Kevin O'Connell,kevin_oconnell,kevin_oconnell
2024,NE,16,2024_16_NE_BUF,Jerod Mayo,jerod_mayo,alex_van_pelt
2024,NO,16,2024_16_NO_GB,Dennis Allen,dennis_allen,klint_kubiak
2024,NYG,16,2024_16_NYG_ATL,Brian Daboll,brian_daboll,brian_daboll
2024,NYJ,16,2024_16_LA_NYJ,Robert Saleh,robert_saleh,nathaniel_hackett
2024,PHI,16,2024_16_PHI_WAS,Nick Sirianni,nick_sirianni,kellen_moore
2024,PIT,16,2024_16_PIT_BAL,Mike Tomlin,mike_tomlin,arthur_smith
2024,SEA,16,2024_16_MIN_SEA,Mike Macdonald,mike_macdonald,ryan_grubb
2024,SF,16,2024_16_SF_MIA,Kyle Shanahan,kyle_shanahan,kyle_shanahan
2024,TB,16,2024_16_TB_DAL,Todd Bowles,todd_bowles,liam_coen
2024,TEN,16,2024_16_TEN_IND,Brian Callahan,brian_callahan,brian_callahan
2024,WAS,16,2024_16_PHI_WAS,Dan Quinn,dan_quinn,kliff_kingsbury
2024,ARI,17,2024_17_ARI_LA,Jonathan Gannon,jonathan_gannon,drew_petzing
2024,ATL,17,2024_17_ATL_WAS,Raheem Morris,raheem_morris,zac_robinson
2024,BAL,17,2024_17_BAL_HOU,John Harbaugh,john_harbaugh,todd_monken
2024,BUF,17,2024_17_NYJ_BUF,Sean McDermott,sean_mcdermott,joe_brady
2024,CAR,17,2024_17_CAR_TB,Dave Canales,dave_canales,dave_canales
2024,CHI,17,2024_17_SEA_CHI,Matt Eberflus,matt_eberflus,shane_waldron
2024,CIN,17,2024_17_DEN_CIN,Zac Taylor,zac_taylor,zac_taylor
2024,CLE,17,2024_17_MIA_CLE,Kevin Stefanski,kevin_stefanski,kevin_stefanski
2024,DAL,17,2024_17_DAL_PHI,Mike McCarthy,mike_mccarthy,mike_mccarthy
2024,DEN,17,2024_17_DEN_CIN,Sean Payton,sean_payton,sean_payton
2024,DET,17,2024_17_DET_SF,Dan Campbell,dan_campbell,ben_johnson
2024,GB,17,2024_17_GB_MIN,Matt LaFleur,matt_lafleur,matt_lafleur
2024,HOU,17,2024_17_BAL_HOU,DeMeco Ryans,demeco_ryans,bobby_slowik
2024,IND,17,2024_17_IND_NYG,Shane Steichen,shane_steichen,shane_steichen
2024,JAX,17,2024_17_TEN_JAX,Doug Pederson,doug_pederson,press_taylor
2024,KC,17,2024_17_KC_PIT,Andy Reid,andy_reid,andy_reid
2024,LA,17,2024_17_ARI_LA,Sean McVay,sean_mcvay,sean_mcvay
2024,LAC,17,2024_17_LAC_NE,Jim Harbaugh,jim_harbaugh,greg_roman
2024,LV,17,2024_17_LV_NO,Antonio Pierce,antonio_pierce,luke_getsy
2024,MIA,17,2024_17_MIA_CLE,Mike McDaniel,mike_mcdaniel,mike_mcdaniel
2024,MIN,17,2024_17_GB_MIN,Kevin O'Connell,kevin_oconnell,kevin_oconnell
2024,NE,17,2024_17_LAC_NE,Jerod Mayo,jerod_mayo,alex_van_pelt
2024,NO,17,2024_17_LV_NO,Dennis Allen,dennis_allen,klint_kubiak
2024,NYG,17,2024_17_IND_NYG,Brian Daboll,brian_daboll,brian_daboll
2024,NYJ,17,2024_17_NYJ_BUF,Robert Saleh,robert_saleh,nathaniel_hackett
2024,PHI,17,2024_17_DAL_PHI,Nick Sirianni,nick_sirianni,kellen_moore
2024,PIT,17,2024_17_KC_PIT,Mike Tomlin,mike_tomlin,arthur_smith
2024,SEA,17,2024_17_SEA_CHI,Mike Macdonald,mike_macdonald,ryan_grubb
2024,SF,17,2024_17_DET_SF,Kyle Shanahan,kyle_shanahan,kyle_shanahan
2024,TB,17,2024_17_CAR_TB,Todd Bowles,todd_bowles,liam_coen
2024,TEN,17,2024_17_TEN_JAX,Brian Callahan,brian_callahan,brian_callahan
2024,WAS,17,2024_17_ATL_WAS,Dan Quinn,dan_quinn,kliff_kingsbury
2024,ARI,18,2024_18_SF_ARI,Jonathan Gannon,jonathan_gannon,drew_petzing
2024,ATL,18,2024_18_CAR_ATL,Raheem Morris,raheem_morris,zac_robinson
2024,BAL,18,2024_18_CLE_BAL,John Harbaugh,john_harbaugh,todd_monken
2024,BUF,18,2024_18_BUF_NE,Sean McDermott,sean_mcdermott,joe_brady
2024,CAR,18,2024_18_CAR_ATL,Dave Canales,dave_canales,dave_canales
2024,CHI,18,2024_18_CHI_GB,Matt Eberflus,matt_eberflus,shane_waldron
2024,CIN,18,2024_18_CIN_PIT,Zac Taylor,zac_taylor,zac_taylor
2024,CLE,18,2024_18_CLE_BAL,Kevin Stefanski,kevin_stefanski,kevin_stefanski
2024,DAL,18,2024_18_WAS_DAL,Mike McCarthy,mike_mccarthy,mike_mccarthy
2024,DEN,18,2024_18_KC_DEN,Sean Payton,sean_payton,sean_payton
2024,DET,18,2024_18_MIN_DET,Dan Campbell,dan_campbell,ben_johnson
2024,GB,18,2024_18_CHI_GB,Matt LaFleur,matt_lafleur,matt_lafleur
2024,HOU,18,2024_18_HOU_TEN,DeMeco Ryans,demeco_ryans,bobby_slowik
2024,IND,18,2024_18_JAX_IND,Shane Steichen,shane_steichen,shane_steichen
2024,JAX,18,2024_18_JAX_IND,Doug Pederson,doug_pederson,press_taylor
2024,KC,18,2024_18_KC_DEN,Andy Reid,andy_reid,andy_reid
2024,LA,18,2024_18_SEA_LA,Sean McVay,sean_mcvay,sean_mcvay
2024,LAC,18,2024_18_LAC_LV,Jim Harbaugh,jim_harbaugh,greg_roman
2024,LV,18,2024_18_LAC_LV,Antonio Pierce,antonio_pierce,luke_getsy
2024,MIA,18,2024_18_MIA_NYJ,Mike McDaniel,mike_mcdaniel,mike_mcdaniel
2024,MIN,18,2024_18_MIN_DET,Kevin O'Connell,kevin_oconnell,kevin_oconnell
2024,NE,18,2024_18_BUF_NE,Jerod Mayo,jerod_mayo,alex_van_pelt
2024,NO,18,2024_18_NO_TB,Dennis Allen,dennis_allen,klint_kubiak
2024,NYG,18,2024_18_NYG_PHI,Brian Daboll,brian_daboll,brian_daboll
2024,NYJ,18,2024_18_MIA_NYJ,Robert Saleh,robert_saleh,nathaniel_hackett
2024,PHI,18,2024_18_NYG_PHI,Nick Sirianni,nick_sirianni,kellen_moore
2024,PIT,18,2024_18_CIN_PIT,Mike Tomlin,mike_tomlin,arthur_smith
2024,SEA,18,2024_18_SEA_LA,Mike Macdonald,mike_macdonald,ryan_grubb
2024,SF,18,2024_18_SF_ARI,Kyle Shanahan,kyle_shanahan,kyle_shanahan
2024,TB,18,2024_18_NO_TB,Todd Bowles,todd_bowles,liam_coen
2024,TEN,18,2024_18_HOU_TEN,Brian Callahan,brian_callahan,brian_callahan
2024,WAS,18,2024_18_WAS_DAL,Dan Quinn,dan_quinn,kliff_kingsbury
2025,ARI,1,2025_01_ARI_NO,Jonathan Gannon,jonathan_gannon,drew_petzing
2025,ATL,1,2025_01_TB_ATL,Raheem Morris,raheem_morris,zac_robinson
2025,BAL,1,2025_01_BAL_BUF,John Harbaugh,john_harbaugh,todd_monken
2025,BUF,1,2025_01_BAL_BUF,Sean McDermott,sean_mcdermott,joe_brady
2025,CAR,1,2025_01_CAR_JAX,Dave Canales,dave_canales,dave_canales
2025,CHI,1,2025_01_MIN_CHI,Ben Johnson,ben_johnson,ben_johnson
2025,CIN,1,2025_01_CIN_CLE,Zac Taylor,zac_taylor,zac_taylor
2025,CLE,1,2025_01_CIN_CLE,Kevin Stefanski,kevin_stefanski,kevin_stefanski
2025,DAL,1,2025_01_DAL_PHI,Brian Schottenheimer,brian_schottenheimer,brian_schottenheimer
2025,DEN,1,2025_01_TEN_DEN,Sean Payton,sean_payton,sean_payton
2025,DET,1,2025_01_DET_GB,Dan Campbell,dan_campbell,john_morton
2025,GB,1,2025_01_DET_GB,Matt LaFleur,matt_lafleur,matt_lafleur
2025,HOU,1,2025_01_HOU_LA,DeMeco Ryans,demeco_ryans,nick_caley
2025,IND,1,2025_01_MIA_IND,Shane Steichen,shane_steichen,shane_steichen
2025,JAX,1,2025_01_CAR_JAX,Liam Coen,liam_coen,liam_coen
2025,KC,1,2025_01_KC_LAC,Andy Reid,andy_reid,andy_reid
2025,LA,1,2025_01_HOU_LA,Sean McVay,sean_mcvay,sean_mcvay
2025,LAC,1,2025_01_KC_LAC,Jim Harbaugh,jim_harbaugh,greg_roman
2025,LV,1,2025_01_LV_NE,Pete Carroll,pete_carroll,chip_kelly
2025,MIA,1,2025_01_MIA_IND,Mike McDaniel,mike_mcdaniel,mike_mcdaniel
2025,MIN,1,2025_01_MIN_CHI,Kevin O'Connell,kevin_oconnell,kevin_oconnell
2025,NE,1,2025_01_LV_NE,Mike Vrabel,mike_vrabel,josh_mcdaniels
2025,NO,1,2025_01_ARI_NO,Kellen Moore,kellen_moore,kellen_moore
2025,NYG,1,2025_01_NYG_WAS,Brian Daboll,brian_daboll,mike_kafka
2025,NYJ,1,2025_01_PIT_NYJ,Aaron Glenn,aaron_glenn,tanner_engstrand
2025,PHI,1,2025_01_DAL_PHI,Nick Sirianni,nick_sirianni,kevin_patullo
2025,PIT,1,2025_01_PIT_NYJ,Mike Tomlin,mike_tomlin,arthur_smith
2025,SEA,1,2025_01_SF_SEA,Mike Macdonald,mike_macdonald,klint_kubiak
2025,SF,1,2025_01_SF_SEA,Kyle Shanahan,kyle_shanahan,kyle_shanahan
2025,TB,1,2025_01_TB_ATL,Todd Bowles,todd_bowles,josh_grizzard
2025,TEN,1,2025_01_TEN_DEN,Brian Callahan,brian_callahan,brian_callahan
2025,WAS,1,2025_01_NYG_WAS,Dan Quinn,dan_quinn,kliff_kingsbury
2025,ARI,2,2025_02_CAR_ARI,Jonathan Gannon,jonathan_gannon,drew_petzing
2025,ATL,2,2025_02_ATL_MIN,Raheem Morris,raheem_morris,zac_robinson
2025,BAL,2,2025_02_CLE_BAL,John Harbaugh,john_harbaugh,todd_monken
2025,BUF,2,2025_02_BUF_NYJ,Sean McDermott,sean_mcdermott,joe_brady
2025,CAR,2,2025_02_CAR_ARI,Dave Canales,dave_canales,dave_canales
2025,CHI,2,2025_02_CHI_DET,Ben Johnson,ben_johnson,ben_johnson
2025,CIN,2,2025_02_JAX_CIN,Zac Taylor,zac_taylor,zac_taylor
2025,CLE,2,2025_02_CLE_BAL,Kevin Stefanski,kevin_stefanski,kevin_stefanski
2025,DAL,2,2025_02_NYG_DAL,Brian Schottenheimer,brian_schottenheimer,brian_schottenheimer
2025,DEN,2,2025_02_DEN_IND,Sean Payton,sean_payton,sean_payton
2025,DET,2,2025_02_CHI_DET,Dan Campbell,dan_campbell,john_morton
2025,GB,2,2025_02_WAS_GB,Matt LaFleur,matt_lafleur,matt_lafleur
2025,HOU,2,2025_02_TB_HOU,DeMeco Ryans,demeco_ryans,nick_caley
2025,IND,2,2025_02_DEN_IND,Shane Steichen,shane_steichen,shane_steichen
2025,JAX,2,2025_02_JAX_CIN,Liam Coen,liam_coen,liam_coen
2025,KC,2,2025_02_PHI_KC,Andy Reid,andy_reid,andy_reid
2025,LA,2,2025_02_LA_TEN,Sean McVay,sean_mcvay,sean_mcvay
2025,LAC,2,2025_02_LAC_LV,Jim Harbaugh,jim_harbaugh,greg_roman
2025,LV,2,2025_02_LAC_LV,Pete Carroll,pete_carroll,chip_kelly
2025,MIA,2,2025_02_NE_MIA,Mike McDaniel,mike_mcdaniel,mike_mcdaniel
2025,MIN,2,2025_02_ATL_MIN,Kevin O'Connell,kevin_oconnell,kevin_oconnell
2025,NE,2,2025_02_NE_MIA,Mike Vrabel,mike_vrabel,josh_mcdaniels
2025,NO,2,2025_02_SF_NO,Kellen Moore,kellen_moore,kellen_moore
2025,NYG,2,2025_02_NYG_DAL,Brian Daboll,brian_daboll,mike_kafka
2025,NYJ,2,2025_02_BUF_NYJ,Aaron Glenn,aaron_glenn,tanner_engstrand
2025,PHI,2,2025_02_PHI_KC,Nick Sirianni,nick_sirianni,kevin_patullo
2025,PIT,2,2025_02_SEA_PIT,Mike Tomlin,mike_tomlin,arthur_smith
2025,SEA,2,2025_02_SEA_PIT,Mike Macdonald,mike_macdonald,klint_kubiak
2025,SF,2,2025_02_SF_NO,Kyle Shanahan,kyle_shanahan,kyle_shanahan
2025,TB,2,2025_02_TB_HOU,Todd Bowles,todd_bowles,josh_grizzard
2025,TEN,2,2025_02_LA_TEN,Brian Callahan,brian_callahan,brian_callahan
2025,WAS,2,2025_02_WAS_GB,Dan Quinn,dan_quinn,kliff_kingsbury
2025,ARI,3,2025_03_ARI_SF,Jonathan Gannon,jonathan_gannon,drew_petzing
2025,ATL,3,2025_03_ATL_CAR,Raheem Morris,raheem_morris,zac_robinson
2025,BAL,3,2025_03_DET_BAL,John Harbaugh,john_harbaugh,todd_monken
2025,BUF,3,2025_03_MIA_BUF,Sean McDermott,sean_mcdermott,joe_brady
2025,CAR,3,2025_03_ATL_CAR,Dave Canales,dave_canales,dave_canales
2025,CHI,3,2025_03_DAL_CHI,Ben Johnson,ben_johnson,ben_johnson
2025,CIN,3,2025_03_CIN_MIN,Zac Taylor,zac_taylor,zac_taylor
2025,CLE,3,2025_03_GB_CLE,Kevin Stefanski,kevin_stefanski,kevin_stefanski
2025,DAL,3,2025_03_DAL_CHI,Brian Schottenheimer,brian_schottenheimer,brian_schottenheimer
2025,DEN,3,2025_03_DEN_LAC,Sean Payton,sean_payton,sean_payton
2025,DET,3,2025_03_DET_BAL,Dan Campbell,dan_campbell,john_morton
2025,GB,3,2025_03_GB_CLE,Matt LaFleur,matt_lafleur,matt_lafleur
2025,HOU,3,2025_03_HOU_JAX,DeMeco Ryans,demeco_ryans,nick_caley
2025,IND,3,2025_03_IND_TEN,Shane Steichen,shane_steichen,shane_steichen
2025,JAX,3,2025_03_HOU_JAX,Liam Coen,liam_coen,liam_coen
2025,KC,3,2025_03_KC_NYG,Andy Reid,andy_reid,andy_reid
2025,LA,3,2025_03_LA_PHI,Sean McVay,sean_mcvay,sean_mcvay
2025,LAC,3,2025_03_DEN_LAC,Jim Harbaugh,jim_harbaugh,greg_roman
2025,LV,3,2025_03_LV_WAS,Pete Carroll,pete_carroll,chip_kelly
2025,MIA,3,2025_03_MIA_BUF,Mike McDaniel,mike_mcdaniel,mike_mcdaniel
2025,MIN,3,2025_03_CIN_MIN,Kevin O'Connell,kevin_oconnell,kevin_oconnell
2025,NE,3,2025_03_PIT_NE,Mike Vrabel,mike_vrabel,josh_mcdaniels
2025,NO,3,2025_03_NO_SEA,Kellen Moore,kellen_moore,kellen_moore
2025,NYG,3,2025_03_KC_NYG,Brian Daboll,brian_daboll,mike_kafka
2025,NYJ,3,2025_03_NYJ_TB,Aaron Glenn,aaron_glenn,tanner_engstrand
2025,PHI,3,2025_03_LA_PHI,Nick Sirianni,nick_sirianni,kevin_patullo
2025,PIT,3,2025_03_PIT_NE,Mike Tomlin,mike_tomlin,arthur_smith
2025,SEA,3,2025_03_NO_SEA,Mike Macdonald,mike_macdonald,klint_kubiak
2025,SF,3,2025_03_ARI_SF,Kyle Shanahan,kyle_shanahan,kyle_shanahan
2025,TB,3,2025_03_NYJ_TB,Todd Bowles,todd_bowles,josh_grizzard
2025,TEN,3,2025_03_IND_TEN,Brian Callahan,brian_callahan,brian_callahan
2025,WAS,3,2025_03_LV_WAS,Dan Quinn,dan_quinn,kliff_kingsbury
2025,ARI,4,2025_04_SEA_ARI,Jonathan Gannon,jonathan_gannon,drew_petzing
2025,ATL,4,2025_04_WAS_ATL,Raheem Morris,raheem_morris,zac_robinson
2025,BAL,4,2025_04_BAL_KC,John Harbaugh,john_harbaugh,todd_monken
2025,BUF,4,2025_04_NO_BUF,Sean McDermott,sean_mcdermott,joe_brady
2025,CAR,4,2025_04_CAR_NE,Dave Canales,dave_canales,dave_canales
2025,CHI,4,2025_04_CHI_LV,Ben Johnson,ben_johnson,ben_johnson
2025,CIN,4,2025_04_CIN_DEN,Zac Taylor,zac_taylor,zac_taylor
2025,CLE,4,2025_04_CLE_DET,Kevin Stefanski,kevin_stefanski,kevin_stefanski
2025,DAL,4,2025_04_GB_DAL,Brian Schottenheimer,brian_schottenheimer,brian_schottenheimer
2025,DEN,4,2025_04_CIN_DEN,Sean Payton,sean_payton,sean_payton
2025,DET,4,2025_04_CLE_DET,Dan Campbell,dan_campbell,john_morton
2025,GB,4,2025_04_GB_DAL,Matt LaFleur,matt_lafleur,matt_lafleur
2025,HOU,4,2025_04_TEN_HOU,DeMeco Ryans,demeco_ryans,nick_caley
2025,IND,4,2025_04_IND_LA,Shane Steichen,shane_steichen,shane_steichen
2025,JAX,4,2025_04_JAX_SF,Liam Coen,liam_coen,liam_coen
2025,KC,4,2025_04_BAL_KC,Andy Reid,andy_reid,andy_reid
2025,LA,4,2025_04_IND_LA,Sean McVay,sean_mcvay,sean_mcvay
2025,LAC,4,2025_04_LAC_NYG,Jim Harbaugh,jim_harbaugh,greg_roman
2025,LV,4,2025_04_CHI_LV,Pete Carroll,pete_carroll,chip_kelly
2025,MIA,4,2025_04_NYJ_MIA,Mike McDaniel,mike_mcdaniel,mike_mcdaniel
2025,MIN,4,2025_04_MIN_PIT,Kevin O'Connell,kevin_oconnell,kevin_oconnell
2025,NE,4,2025_04_CAR_NE,Mike Vrabel,mike_vrabel,josh_mcdaniels
2025,NO,4,2025_04_NO_BUF,Kellen Moore,kellen_moore,kellen_moore
2025,NYG,4,2025_04_LAC_NYG,Brian Daboll,brian_daboll,mike_kafka
2025,NYJ,4,2025_04_NYJ_MIA,Aaron Glenn,aaron_glenn,tanner_engstrand
2025,PHI,4,2025_04_PHI_TB,Nick Sirianni,nick_sirianni,kevin_patullo
2025,PIT,4,2025_04_MIN_PIT,Mike Tomlin,mike_tomlin,arthur_smith
2025,SEA,4,2025_04_SEA_ARI,Mike Macdonald,mike_macdonald,klint_kubiak
2025,SF,4,2025_04_JAX_SF,Kyle Shanahan,kyle_shanahan,kyle_shanahan
2025,TB,4,2025_04_PHI_TB,Todd Bowles,todd_bowles,josh_grizzard
2025,TEN,4,2025_04_TEN_HOU,Brian Callahan,brian_callahan,brian_callahan
2025,WAS,4,2025_04_WAS_ATL,Dan Quinn,dan_quinn,kliff_kingsbury
2025,ARI,5,2025_05_TEN_ARI,Jonathan Gannon,jonathan_gannon,drew_petzing
2025,BAL,5,2025_05_HOU_BAL,John Harbaugh,john_harbaugh,todd_monken
2025,BUF,5,2025_05_NE_BUF,Sean McDermott,sean_mcdermott,joe_brady
2025,CAR,5,2025_05_MIA_CAR,Dave Canales,dave_canales,dave_canales
2025,CIN,5,2025_05_DET_CIN,Zac Taylor,zac_taylor,zac_taylor
2025,CLE,5,2025_05_MIN_CLE,Kevin Stefanski,kevin_stefanski,kevin_stefanski
2025,DAL,5,2025_05_DAL_NYJ,Brian Schottenheimer,brian_schottenheimer,brian_schottenheimer
2025,DEN,5,2025_05_DEN_PHI,Sean Payton,sean_payton,sean_payton
2025,DET,5,2025_05_DET_CIN,Dan Campbell,dan_campbell,john_morton
2025,HOU,5,2025_05_HOU_BAL,DeMeco Ryans,demeco_ryans,nick_caley
2025,IND,5,2025_05_LV_IND,Shane Steichen,shane_steichen,shane_steichen
2025,JAX,5,2025_05_KC_JAX,Liam Coen,liam_coen,liam_coen
2025,KC,5,2025_05_KC_JAX,Andy Reid,andy_reid,andy_reid
2025,LA,5,2025_05_SF_LA,Sean McVay,sean_mcvay,sean_mcvay
2025,LAC,5,2025_05_WAS_LAC,Jim Harbaugh,jim_harbaugh,greg_roman
2025,LV,5,2025_05_LV_IND,Pete Carroll,pete_carroll,chip_kelly
2025,MIA,5,2025_05_MIA_CAR,Mike McDaniel,mike_mcdaniel,mike_mcdaniel
2025,MIN,5,2025_05_MIN_CLE,Kevin O'Connell,kevin_oconnell,kevin_oconnell
2025,NE,5,2025_05_NE_BUF,Mike Vrabel,mike_vrabel,josh_mcdaniels
2025,NO,5,2025_05_NYG_NO,Kellen Moore,kellen_moore,kellen_moore
2025,NYG,5,2025_05_NYG_NO,Brian Daboll,brian_daboll,mike_kafka
2025,NYJ,5,2025_05_DAL_NYJ,Aaron Glenn,aaron_glenn,tanner_engstrand
2025,PHI,5,2025_05_DEN_PHI,Nick Sirianni,nick_sirianni,kevin_patullo
2025,SEA,5,2025_05_TB_SEA,Mike Macdonald,mike_macdonald,klint_kubiak
2025,SF,5,2025_05_SF_LA,Kyle Shanahan,kyle_shanahan,kyle_shanahan
2025,TB,5,2025_05_TB_SEA,Todd Bowles,todd_bowles,josh_grizzard
2025,TEN,5,2025_05_TEN_ARI,Brian Callahan,brian_callahan,brian_callahan
2025,WAS,5,2025_05_WAS_LAC,Dan Quinn,dan_quinn,kliff_kingsbury
2025,ARI,6,2025_06_ARI_IND,Jonathan Gannon,jonathan_gannon,drew_petzing
2025,ATL,6,2025_06_BUF_ATL,Raheem Morris,raheem_morris,zac_robinson
2025,BAL,6,2025_06_LA_BAL,John Harbaugh,john_harbaugh,todd_monken
2025,BUF,6,2025_06_BUF_ATL,Sean McDermott,sean_mcdermott,joe_brady
2025,CAR,6,2025_06_DAL_CAR,Dave Canales,dave_canales,dave_canales
2025,CHI,6,2025_06_CHI_WAS,Ben Johnson,ben_johnson,ben_johnson
2025,CIN,6,2025_06_CIN_GB,Zac Taylor,zac_taylor,zac_taylor
2025,CLE,6,2025_06_CLE_PIT,Kevin Stefanski,kevin_stefanski,kevin_stefanski
2025,DAL,6,2025_06_DAL_CAR,Brian Schottenheimer,brian_schottenheimer,brian_schottenheimer
2025,DEN,6,2025_06_DEN_NYJ,Sean Payton,sean_payton,sean_payton
2025,DET,6,2025_06_DET_KC,Dan Campbell,dan_campbell,john_morton
2025,GB,6,2025_06_CIN_GB,Matt LaFleur,matt_lafleur,matt_lafleur
2025,IND,6,2025_06_ARI_IND,Shane Steichen,shane_steichen,shane_steichen
2025,JAX,6,2025_06_SEA_JAX,Liam Coen,liam_coen,liam_coen
2025,KC,6,2025_06_DET_KC,Andy Reid,andy_reid,andy_reid
2025,LA,6,2025_06_LA_BAL,Sean McVay,sean_mcvay,sean_mcvay
2025,LAC,6,2025_06_LAC_MIA,Jim Harbaugh,jim_harbaugh,greg_roman
2025,LV,6,2025_06_TEN_LV,Pete Carroll,pete_carroll,chip_kelly
2025,MIA,6,2025_06_LAC_MIA,Mike McDaniel,mike_mcdaniel,mike_mcdaniel
2025,NE,6,2025_06_NE_NO,Mike Vrabel,mike_vrabel,josh_mcdaniels
2025,NO,6,2025_06_NE_NO,Kellen Moore,kellen_moore,kellen_moore
2025,NYG,6,2025_06_PHI_NYG,Brian Daboll,brian_daboll,mike_kafka
2025,NYJ,6,2025_06_DEN_NYJ,Aaron Glenn,aaron_glenn,tanner_engstrand
2025,PHI,6,2025_06_PHI_NYG,Nick Sirianni,nick_sirianni,kevin_patullo
2025,PIT,6,2025_06_CLE_PIT,Mike Tomlin,mike_tomlin,arthur_smith
2025,SEA,6,2025_06_SEA_JAX,Mike Macdonald,mike_macdonald,klint_kubiak
2025,SF,6,2025_06_SF_TB,Kyle Shanahan,kyle_shanahan,kyle_shanahan
2025,TB,6,2025_06_SF_TB,Todd Bowles,todd_bowles,josh_grizzard
2025,TEN,6,2025_06_TEN_LV,Brian Callahan,brian_callahan,brian_callahan
2025,WAS,6,2025_06_CHI_WAS,Dan Quinn,dan_quinn,kliff_kingsbury
2025,ARI,7,2025_07_GB_ARI,Jonathan Gannon,jonathan_gannon,drew_petzing
2025,ATL,7,2025_07_ATL_SF,Raheem Morris,raheem_morris,zac_robinson
2025,CAR,7,2025_07_CAR_NYJ,Dave Canales,dave_canales,dave_canales
2025,CHI,7,2025_07_NO_CHI,Ben Johnson,ben_johnson,ben_johnson
2025,CIN,7,2025_07_PIT_CIN,Zac Taylor,zac_taylor,zac_taylor
2025,CLE,7,2025_07_MIA_CLE,Kevin Stefanski,kevin_stefanski,kevin_stefanski
2025,DAL,7,2025_07_WAS_DAL,Brian Schottenheimer,brian_schottenheimer,brian_schottenheimer
2025,DEN,7,2025_07_NYG_DEN,Sean Payton,sean_payton,sean_payton
2025,DET,7,2025_07_TB_DET,Dan Campbell,dan_campbell,john_morton
2025,GB,7,2025_07_GB_ARI,Matt LaFleur,matt_lafleur,matt_lafleur
2025,HOU,7,2025_07_HOU_SEA,DeMeco Ryans,demeco_ryans,nick_caley
2025,IND,7,2025_07_IND_LAC,Shane Steichen,shane_steichen,shane_steichen
2025,JAX,7,2025_07_LA_JAX,Liam Coen,liam_coen,liam_coen
2025,KC,7,2025_07_LV_KC,Andy Reid,andy_reid,andy_reid
2025,LA,7,2025_07_LA_JAX,Sean McVay,sean_mcvay,sean_mcvay
2025,LAC,7,2025_07_IND_LAC,Jim Harbaugh,jim_harbaugh,greg_roman
2025,LV,7,2025_07_LV_KC,Pete Carroll,pete_carroll,chip_kelly
2025,MIA,7,2025_07_MIA_CLE,Mike McDaniel,mike_mcdaniel,mike_mcdaniel
2025,MIN,7,2025_07_PHI_MIN,Kevin O'Connell,kevin_oconnell,kevin_oconnell
2025,NE,7,2025_07_NE_TEN,Mike Vrabel,mike_vrabel,josh_mcdaniels
2025,NO,7,2025_07_NO_CHI,Kellen Moore,kellen_moore,kellen_moore
2025,NYG,7,2025_07_NYG_DEN,Brian Daboll,brian_daboll,mike_kafka
2025,NYJ,7,2025_07_CAR_NYJ,Aaron Glenn,aaron_glenn,tanner_engstrand
2025,PHI,7,2025_07_PHI_MIN,Nick Sirianni,nick_sirianni,kevin_patullo
2025,PIT,7,2025_07_PIT_CIN,Mike Tomlin,mike_tomlin,arthur_smith
2025,SEA,7,2025_07_HOU_SEA,Mike Macdonald,mike_macdonald,klint_kubiak
2025,SF,7,2025_07_ATL_SF,Kyle Shanahan,kyle_shanahan,kyle_shanahan
2025,TB,7,2025_07_TB_DET,Todd Bowles,todd_bowles,josh_grizzard
2025,TEN,7,2025_07_NE_TEN,Brian Callahan,brian_callahan,brian_callahan
2025,WAS,7,2025_07_WAS_DAL,Dan Quinn,dan_quinn,kliff_kingsbury
2025,ATL,8,2025_08_MIA_ATL,Raheem Morris,raheem_morris,zac_robinson
2025,BAL,8,2025_08_CHI_BAL,John Harbaugh,john_harbaugh,todd_monken
2025,BUF,8,2025_08_BUF_CAR,Sean McDermott,sean_mcdermott,joe_brady
2025,CAR,8,2025_08_BUF_CAR,Dave Canales,dave_canales,dave_canales
2025,CHI,8,2025_08_CHI_BAL,Ben Johnson,ben_johnson,ben_johnson
2025,CIN,8,2025_08_NYJ_CIN,Zac Taylor,zac_taylor,zac_taylor
2025,CLE,8,2025_08_CLE_NE,Kevin Stefanski,kevin_stefanski,kevin_stefanski
2025,DAL,8,2025_08_DAL_DEN,Brian Schottenheimer,brian_schottenheimer,brian_schottenheimer
2025,DEN,8,2025_08_DAL_DEN,Sean Payton,sean_payton,sean_payton
2025,GB,8,2025_08_GB_PIT,Matt LaFleur,matt_lafleur,matt_lafleur
2025,HOU,8,2025_08_SF_HOU,DeMeco Ryans,demeco_ryans,nick_caley
2025,IND,8,2025_08_TEN_IND,Shane Steichen,shane_steichen,shane_steichen
2025,KC,8,2025_08_WAS_KC,Andy Reid,andy_reid,andy_reid
2025,LAC,8,2025_08_MIN_LAC,Jim Harbaugh,jim_harbaugh,greg_roman
2025,MIA,8,2025_08_MIA_ATL,Mike McDaniel,mike_mcdaniel,mike_mcdaniel
2025,MIN,8,2025_08_MIN_LAC,Kevin O'Connell,kevin_oconnell,kevin_oconnell
2025,NE,8,2025_08_CLE_NE,Mike Vrabel,mike_vrabel,josh_mcdaniels
2025,NO,8,2025_08_TB_NO,Kellen Moore,kellen_moore,kellen_moore
2025,NYG,8,2025_08_NYG_PHI,Brian Daboll,brian_daboll,mike_kafka
2025,NYJ,8,2025_08_NYJ_CIN,Aaron Glenn,aaron_glenn,tanner_engstrand
2025,PHI,8,2025_08_NYG_PHI,Nick Sirianni,nick_sirianni,kevin_patullo
2025,PIT,8,2025_08_GB_PIT,Mike Tomlin,mike_tomlin,arthur_smith
2025,SF,8,2025_08_SF_HOU,Kyle Shanahan,kyle_shanahan,kyle_shanahan
2025,TB,8,2025_08_TB_NO,Todd Bowles,todd_bowles,josh_grizzard
2025,TEN,8,2025_08_TEN_IND,Brian Callahan,brian_callahan,brian_callahan
2025,WAS,8,2025_08_WAS_KC,Dan Quinn,dan_quinn,kliff_kingsbury
2025,ARI,9,2025_09_ARI_DAL,Jonathan Gannon,jonathan_gannon,drew_petzing
2025,ATL,9,2025_09_ATL_NE,Raheem Morris,raheem_morris,zac_robinson
2025,BAL,9,2025_09_BAL_MIA,John Harbaugh,john_harbaugh,todd_monken
2025,BUF,9,2025_09_KC_BUF,Sean McDermott,sean_mcdermott,joe_brady
2025,CAR,9,2025_09_CAR_GB,Dave Canales,dave_canales,dave_canales
2025,CHI,9,2025_09_CHI_CIN,Ben Johnson,ben_johnson,ben_johnson
2025,CIN,9,2025_09_CHI_CIN,Zac Taylor,zac_taylor,zac_taylor
2025,DAL,9,2025_09_ARI_DAL,Brian Schottenheimer,brian_schottenheimer,brian_schottenheimer
2025,DEN,9,2025_09_DEN_HOU,Sean Payton,sean_payton,sean_payton
2025,DET,9,2025_09_MIN_DET,Dan Campbell,dan_campbell,john_morton
2025,GB,9,2025_09_CAR_GB,Matt LaFleur,matt_lafleur,matt_lafleur
2025,HOU,9,2025_09_DEN_HOU,DeMeco Ryans,demeco_ryans,nick_caley
2025,IND,9,2025_09_IND_PIT,Shane Steichen,shane_steichen,shane_steichen
2025,JAX,9,2025_09_JAX_LV,Liam Coen,liam_coen,liam_coen
2025,KC,9,2025_09_KC_BUF,Andy Reid,andy_reid,andy_reid
2025,LA,9,2025_09_NO_LA,Sean McVay,sean_mcvay,sean_mcvay
2025,LAC,9,2025_09_LAC_TEN,Jim Harbaugh,jim_harbaugh,greg_roman
2025,LV,9,2025_09_JAX_LV,Pete Carroll,pete_carroll,chip_kelly
2025,MIA,9,2025_09_BAL_MIA,Mike McDaniel,mike_mcdaniel,mike_mcdaniel
2025,MIN,9,2025_09_MIN_DET,Kevin O'Connell,kevin_oconnell,kevin_oconnell
2025,NE,9,2025_09_ATL_NE,Mike Vrabel,mike_vrabel,josh_mcdaniels
2025,NO,9,2025_09_NO_LA,Kellen Moore,kellen_moore,kellen_moore
2025,NYG,9,2025_09_SF_NYG,Brian Daboll,brian_daboll,mike_kafka
2025,PIT,9,2025_09_IND_PIT,Mike Tomlin,mike_tomlin,arthur_smith
2025,SEA,9,2025_09_SEA_WAS,Mike Macdonald,mike_macdonald,klint_kubiak
2025,SF,9,2025_09_SF_NYG,Kyle Shanahan,kyle_shanahan,kyle_shanahan
2025,TEN,9,2025_09_LAC_TEN,Brian Callahan,brian_callahan,brian_callahan
2025,WAS,9,2025_09_SEA_WAS,Dan Quinn,dan_quinn,kliff_kingsbury
2025,ARI,10,2025_10_ARI_SEA,Jonathan Gannon,jonathan_gannon,drew_petzing
2025,ATL,10,2025_10_ATL_IND,Raheem Morris,raheem_morris,zac_robinson
2025,BAL,10,2025_10_BAL_MIN,John Harbaugh,john_harbaugh,todd_monken
2025,BUF,10,2025_10_BUF_MIA,Sean McDermott,sean_mcdermott,joe_brady
2025,CAR,10,2025_10_NO_CAR,Dave Canales,dave_canales,dave_canales
2025,CHI,10,2025_10_NYG_CHI,Ben Johnson,ben_johnson,ben_johnson
2025,CLE,10,2025_10_CLE_NYJ,Kevin Stefanski,kevin_stefanski,kevin_stefanski
2025,DEN,10,2025_10_LV_DEN,Sean Payton,sean_payton,sean_payton
2025,DET,10,2025_10_DET_WAS,Dan Campbell,dan_campbell,john_morton
2025,GB,10,2025_10_PHI_GB,Matt LaFleur,matt_lafleur,matt_lafleur
2025,HOU,10,2025_10_JAX_HOU,DeMeco Ryans,demeco_ryans,nick_caley
2025,IND,10,2025_10_ATL_IND,Shane Steichen,shane_steichen,shane_steichen
2025,JAX,10,2025_10_JAX_HOU,Liam Coen,liam_coen,liam_coen
2025,LA,10,2025_10_LA_SF,Sean McVay,sean_mcvay,sean_mcvay
2025,LAC,10,2025_10_PIT_LAC,Jim Harbaugh,jim_harbaugh,greg_roman
2025,LV,10,2025_10_LV_DEN,Pete Carroll,pete_carroll,chip_kelly
2025,MIA,10,2025_10_BUF_MIA,Mike McDaniel,mike_mcdaniel,mike_mcdaniel
2025,MIN,10,2025_10_BAL_MIN,Kevin O'Connell,kevin_oconnell,kevin_oconnell
2025,NE,10,2025_10_NE_TB,Mike Vrabel,mike_vrabel,josh_mcdaniels
2025,NO,10,2025_10_NO_CAR,Kellen Moore,kellen_moore,kellen_moore
2025,NYG,10,2025_10_NYG_CHI,Brian Daboll,brian_daboll,mike_kafka
2025,NYJ,10,2025_10_CLE_NYJ,Aaron Glenn,aaron_glenn,tanner_engstrand
2025,PHI,10,2025_10_PHI_GB,Nick Sirianni,nick_sirianni,kevin_patullo
2025,PIT,10,2025_10_PIT_LAC,Mike Tomlin,mike_tomlin,arthur_smith
2025,SEA,10,2025_10_ARI_SEA,Mike Macdonald,mike_macdonald,klint_kubiak
2025,SF,10,2025_10_LA_SF,Kyle Shanahan,kyle_shanahan,kyle_shanahan
2025,TB,10,2025_10_NE_TB,Todd Bowles,todd_bowles,josh_grizzard
2025,WAS,10,2025_10_DET_WAS,Dan Quinn,dan_quinn,kliff_kingsbury
2025,ARI,11,2025_11_SF_ARI,Jonathan Gannon,jonathan_gannon,drew_petzing
2025,ATL,11,2025_11_CAR_ATL,Raheem Morris,raheem_morris,zac_robinson
2025,BAL,11,2025_11_BAL_CLE,John Harbaugh,john_harbaugh,todd_monken
2025,BUF,11,2025_11_TB_BUF,Sean McDermott,sean_mcdermott,joe_brady
2025,CAR,11,2025_11_CAR_ATL,Dave Canales,dave_canales,dave_canales
2025,CHI,11,2025_11_CHI_MIN,Ben Johnson,ben_johnson,ben_johnson
2025,CIN,11,2025_11_CIN_PIT,Zac Taylor,zac_taylor,zac_taylor
2025,CLE,11,2025_11_BAL_CLE,Kevin Stefanski,kevin_stefanski,kevin_stefanski
2025,DAL,11,2025_11_DAL_LV,Brian Schottenheimer,brian_schottenheimer,brian_schottenheimer
2025,DEN,11,2025_11_KC_DEN,Sean Payton,sean_payton,sean_payton
2025,DET,11,2025_11_DET_PHI,Dan Campbell,dan_campbell,john_morton
2025,GB,11,2025_11_GB_NYG,Matt LaFleur,matt_lafleur,matt_lafleur
2025,HOU,11,2025_11_HOU_TEN,DeMeco Ryans,demeco_ryans,nick_caley
2025,JAX,11,2025_11_LAC_JAX,Liam Coen,liam_coen,liam_coen
2025,KC,11,2025_11_KC_DEN,Andy Reid,andy_reid,andy_reid
2025,LA,11,2025_11_SEA_LA,Sean McVay,sean_mcvay,sean_mcvay
2025,LAC,11,2025_11_LAC_JAX,Jim Harbaugh,jim_harbaugh,greg_roman
2025,LV,11,2025_11_DAL_LV,Pete Carroll,pete_carroll,chip_kelly
2025,MIA,11,2025_11_WAS_MIA,Mike McDaniel,mike_mcdaniel,mike_mcdaniel
2025,MIN,11,2025_11_CHI_MIN,Kevin O'Connell,kevin_oconnell,kevin_oconnell
2025,NE,11,2025_11_NYJ_NE,Mike Vrabel,mike_vrabel,josh_mcdaniels
2025,NYG,11,2025_11_GB_NYG,Brian Daboll,brian_daboll,mike_kafka
2025,NYJ,11,2025_11_NYJ_NE,Aaron Glenn,aaron_glenn,tanner_engstrand
2025,PHI,11,2025_11_DET_PHI,Nick Sirianni,nick_sirianni,kevin_patullo
2025,PIT,11,2025_11_CIN_PIT,Mike Tomlin,mike_tomlin,arthur_smith
2025,SEA,11,2025_11_SEA_LA,Mike Macdonald,mike_macdonald,klint_kubiak
2025,SF,11,2025_11_SF_ARI,Kyle Shanahan,kyle_shanahan,kyle_shanahan
2025,TB,11,2025_11_TB_BUF,Todd Bowles,todd_bowles,josh_grizzard
2025,TEN,11,2025_11_HOU_TEN,Brian Callahan,brian_callahan,brian_callahan
2025,WAS,11,2025_11_WAS_MIA,Dan Quinn,dan_quinn,kliff_kingsbury
2025,ARI,12,2025_12_JAX_ARI,Jonathan Gannon,jonathan_gannon,drew_petzing
2025,ATL,12,2025_12_ATL_NO,Raheem Morris,raheem_morris,zac_robinson
2025,BAL,12,2025_12_NYJ_BAL,John Harbaugh,john_harbaugh,todd_monken
2025,BUF,12,2025_12_BUF_HOU,Sean McDermott,sean_mcdermott,joe_brady
2025,CAR,12,2025_12_CAR_SF,Dave Canales,dave_canales,dave_canales
2025,CHI,12,2025_12_PIT_CHI,Ben Johnson,ben_johnson,ben_johnson
2025,CIN,12,2025_12_NE_CIN,Zac Taylor,zac_taylor,zac_taylor
2025,CLE,12,2025_12_CLE_LV,Kevin Stefanski,kevin_stefanski,kevin_stefanski
2025,DAL,12,2025_12_PHI_DAL,Brian Schottenheimer,brian_schottenheimer,brian_schottenheimer
2025,DET,12,2025_12_NYG_DET,Dan Campbell,dan_campbell,john_morton
2025,GB,12,2025_12_MIN_GB,Matt LaFleur,matt_lafleur,matt_lafleur
2025,HOU,12,2025_12_BUF_HOU,DeMeco Ryans,demeco_ryans,nick_caley
2025,IND,12,2025_12_IND_KC,Shane Steichen,shane_steichen,shane_steichen
2025,JAX,12,2025_12_JAX_ARI,Liam Coen,liam_coen,liam_coen
2025,KC,12,2025_12_IND_KC,Andy Reid,andy_reid,andy_reid
2025,LA,12,2025_12_TB_LA,Sean McVay,sean_mcvay,sean_mcvay
2025,LV,12,2025_12_CLE_LV,Pete Carroll,pete_carroll,chip_kelly
2025,MIN,12,2025_12_MIN_GB,Kevin O'Connell,kevin_oconnell,kevin_oconnell
2025,NE,12,2025_12_NE_CIN,Mike Vrabel,mike_vrabel,josh_mcdaniels
2025,NO,12,2025_12_ATL_NO,Kellen Moore,kellen_moore,kellen_moore
2025,NYG,12,2025_12_NYG_DET,Brian Daboll,brian_daboll,mike_kafka
2025,NYJ,12,2025_12_NYJ_BAL,Aaron Glenn,aaron_glenn,tanner_engstrand
2025,PHI,12,2025_12_PHI_DAL,Nick Sirianni,nick_sirianni,kevin_patullo
2025,PIT,12,2025_12_PIT_CHI,Mike Tomlin,mike_tomlin,arthur_smith
2025,SEA,12,2025_12_SEA_TEN,Mike Macdonald,mike_macdonald,klint_kubiak
2025,SF,12,2025_12_CAR_SF,Kyle Shanahan,kyle_shanahan,kyle_shanahan
2025,TB,12,2025_12_TB_LA,Todd Bowles,todd_bowles,josh_grizzard
2025,TEN,12,2025_12_SEA_TEN,Brian Callahan,brian_callahan,brian_callahan
2025,ARI,13,2025_13_ARI_TB,Jonathan Gannon,jonathan_gannon,drew_petzing
2025,ATL,13,2025_13_ATL_NYJ,Raheem Morris,raheem_morris,zac_robinson
2025,BAL,13,2025_13_CIN_BAL,John Harbaugh,john_harbaugh,todd_monken
2025,BUF,13,2025_13_BUF_PIT,Sean McDermott,sean_mcdermott,joe_brady
2025,CAR,13,2025_13_LA_CAR,Dave Canales,dave_canales,dave_canales
2025,CHI,13,2025_13_CHI_PHI,Ben Johnson,ben_johnson,ben_johnson
2025,CIN,13,2025_13_CIN_BAL,Zac Taylor,zac_taylor,zac_taylor
2025,CLE,13,2025_13_SF_CLE,Kevin Stefanski,kevin_stefanski,kevin_stefanski
2025,DAL,13,2025_13_KC_DAL,Brian Schottenheimer,brian_schottenheimer,brian_schottenheimer
2025,DEN,13,2025_13_DEN_WAS,Sean Payton,sean_payton,sean_payton
2025,DET,13,2025_13_GB_DET,Dan Campbell,dan_campbell,john_morton
2025,GB,13,2025_13_GB_DET,Matt LaFleur,matt_lafleur,matt_lafleur
2025,HOU,13,2025_13_HOU_IND,DeMeco Ryans,demeco_ryans,nick_caley
2025,IND,13,2025_13_HOU_IND,Shane Steichen,shane_steichen,shane_steichen
2025,JAX,13,2025_13_JAX_TEN,Liam Coen,liam_coen,liam_coen
2025,KC,13,2025_13_KC_DAL,Andy Reid,andy_reid,andy_reid
2025,LA,13,2025_13_LA_CAR,Sean McVay,sean_mcvay,sean_mcvay
2025,LAC,13,2025_13_LV_LAC,Jim Harbaugh,jim_harbaugh,greg_roman
2025,LV,13,2025_13_LV_LAC,Pete Carroll,pete_carroll,chip_kelly
2025,MIA,13,2025_13_NO_MIA,Mike McDaniel,mike_mcdaniel,mike_mcdaniel
2025,MIN,13,2025_13_MIN_SEA,Kevin O'Connell,kevin_oconnell,kevin_oconnell
2025,NE,13,2025_13_NYG_NE,Mike Vrabel,mike_vrabel,josh_mcdaniels
2025,NO,13,2025_13_NO_MIA,Kellen Moore,kellen_moore,kellen_moore
2025,NYG,13,2025_13_NYG_NE,Brian Daboll,brian_daboll,mike_kafka
2025,NYJ,13,2025_13_ATL_NYJ,Aaron Glenn,aaron_glenn,tanner_engstrand
2025,PHI,13,2025_13_CHI_PHI,Nick Sirianni,nick_sirianni,kevin_patullo
2025,PIT,13,2025_13_BUF_PIT,Mike Tomlin,mike_tomlin,arthur_smith
2025,SEA,13,2025_13_MIN_SEA,Mike Macdonald,mike_macdonald,klint_kubiak
2025,SF,13,2025_13_SF_CLE,Kyle Shanahan,kyle_shanahan,kyle_shanahan
2025,TB,13,2025_13_ARI_TB,Todd Bowles,todd_bowles,josh_grizzard
2025,TEN,13,2025_13_JAX_TEN,Brian Callahan,brian_callahan,brian_callahan
2025,WAS,13,2025_13_DEN_WAS,Dan Quinn,dan_quinn,kliff_kingsbury
2025,ARI,14,2025_14_LA_ARI,Jonathan Gannon,jonathan_gannon,drew_petzing
2025,ATL,14,2025_14_SEA_ATL,Raheem Morris,raheem_morris,zac_robinson
2025,BAL,14,2025_14_PIT_BAL,John Harbaugh,john_harbaugh,todd_monken
2025,BUF,14,2025_14_CIN_BUF,Sean McDermott,sean_mcdermott,joe_brady
2025,CHI,14,2025_14_CHI_GB,Ben Johnson,ben_johnson,ben_johnson
2025,CIN,14,2025_14_CIN_BUF,Zac Taylor,zac_taylor,zac_taylor
2025,CLE,14,2025_14_TEN_CLE,Kevin Stefanski,kevin_stefanski,kevin_stefanski
2025,DAL,14,2025_14_DAL_DET,Brian Schottenheimer,brian_schottenheimer,brian_schottenheimer
2025,DEN,14,2025_14_DEN_LV,Sean Payton,sean_payton,sean_payton
2025,DET,14,2025_14_DAL_DET,Dan Campbell,dan_campbell,john_morton
2025,GB,14,2025_14_CHI_GB,Matt LaFleur,matt_lafleur,matt_lafleur
2025,HOU,14,2025_14_HOU_KC,DeMeco Ryans,demeco_ryans,nick_caley
2025,IND,14,2025_14_IND_JAX,Shane Steichen,shane_steichen,shane_steichen
2025,JAX,14,2025_14_IND_JAX,Liam Coen,liam_coen,liam_coen
2025,KC,14,2025_14_HOU_KC,Andy Reid,andy_reid,andy_reid
2025,LA,14,2025_14_LA_ARI,Sean McVay,sean_mcvay,sean_mcvay
2025,LAC,14,2025_14_PHI_LAC,Jim Harbaugh,jim_harbaugh,greg_roman
2025,LV,14,2025_14_DEN_LV,Pete Carroll,pete_carroll,chip_kelly
2025,MIA,14,2025_14_MIA_NYJ,Mike McDaniel,mike_mcdaniel,mike_mcdaniel
2025,MIN,14,2025_14_WAS_MIN,Kevin O'Connell,kevin_oconnell,kevin_oconnell
2025,NO,14,2025_14_NO_TB,Kellen Moore,kellen_moore,kellen_moore
2025,NYJ,14,2025_14_MIA_NYJ,Aaron Glenn,aaron_glenn,tanner_engstrand
2025,PHI,14,2025_14_PHI_LAC,Nick Sirianni,nick_sirianni,kevin_patullo
2025,PIT,14,2025_14_PIT_BAL,Mike Tomlin,mike_tomlin,arthur_smith
2025,SEA,14,2025_14_SEA_ATL,Mike Macdonald,mike_macdonald,klint_kubiak
2025,TB,14,2025_14_NO_TB,Todd Bowles,todd_bowles,josh_grizzard
2025,TEN,14,2025_14_TEN_CLE,Brian Callahan,brian_callahan,brian_callahan
2025,WAS,14,2025_14_WAS_MIN,Dan Quinn,dan_quinn,kliff_kingsbury
2025,ARI,15,2025_15_ARI_HOU,Jonathan Gannon,jonathan_gannon,drew_petzing
2025,ATL,15,2025_15_ATL_TB,Raheem Morris,raheem_morris,zac_robinson
2025,BAL,15,2025_15_BAL_CIN,John Harbaugh,john_harbaugh,todd_monken
2025,BUF,15,2025_15_BUF_NE,Sean McDermott,sean_mcdermott,joe_brady
2025,CAR,15,2025_15_CAR_NO,Dave Canales,dave_canales,dave_canales
2025,CHI,15,2025_15_CLE_CHI,Ben Johnson,ben_johnson,ben_johnson
2025,CIN,15,2025_15_BAL_CIN,Zac Taylor,zac_taylor,zac_taylor
2025,CLE,15,2025_15_CLE_CHI,Kevin Stefanski,kevin_stefanski,kevin_stefanski
2025,DAL,15,2025_15_MIN_DAL,Brian Schottenheimer,brian_schottenheimer,brian_schottenheimer
2025,DEN,15,2025_15_GB_DEN,Sean Payton,sean_payton,sean_payton
2025,DET,15,2025_15_DET_LA,Dan Campbell,dan_campbell,john_morton
2025,GB,15,2025_15_GB_DEN,Matt LaFleur,matt_lafleur,matt_lafleur
2025,HOU,15,2025_15_ARI_HOU,DeMeco Ryans,demeco_ryans,nick_caley
2025,IND,15,2025_15_IND_SEA,Shane Steichen,shane_steichen,shane_steichen
2025,JAX,15,2025_15_NYJ_JAX,Liam Coen,liam_coen,liam_coen
2025,KC,15,2025_15_LAC_KC,Andy Reid,andy_reid,andy_reid
2025,LA,15,2025_15_DET_LA,Sean McVay,sean_mcvay,sean_mcvay
2025,LAC,15,2025_15_LAC_KC,Jim Harbaugh,jim_harbaugh,greg_roman
2025,LV,15,2025_15_LV_PHI,Pete Carroll,pete_carroll,chip_kelly
2025,MIA,15,2025_15_MIA_PIT,Mike McDaniel,mike_mcdaniel,mike_mcdaniel
2025,MIN,15,2025_15_MIN_DAL,Kevin O'Connell,kevin_oconnell,kevin_oconnell
2025,NE,15,2025_15_BUF_NE,Mike Vrabel,mike_vrabel,josh_mcdaniels
2025,NO,15,2025_15_CAR_NO,Kellen Moore,kellen_moore,kellen_moore
2025,NYG,15,2025_15_WAS_NYG,Brian Daboll,brian_daboll,mike_kafka
2025,NYJ,15,2025_15_NYJ_JAX,Aaron Glenn,aaron_glenn,tanner_engstrand
2025,PHI,15,2025_15_LV_PHI,Nick Sirianni,nick_sirianni,kevin_patullo
2025,PIT,15,2025_15_MIA_PIT,Mike Tomlin,mike_tomlin,arthur_smith
2025,SEA,15,2025_15_IND_SEA,Mike Macdonald,mike_macdonald,klint_kubiak
2025,SF,15,2025_15_TEN_SF,Kyle Shanahan,kyle_shanahan,kyle_shanahan
2025,TB,15,2025_15_ATL_TB,Todd Bowles,todd_bowles,josh_grizzard
2025,TEN,15,2025_15_TEN_SF,Brian Callahan,brian_callahan,brian_callahan
2025,WAS,15,2025_15_WAS_NYG,Dan Quinn,dan_quinn,kliff_kingsbury
2025,ARI,16,2025_16_ATL_ARI,Jonathan Gannon,jonathan_gannon,drew_petzing
2025,ATL,16,2025_16_ATL_ARI,Raheem Morris,raheem_morris,zac_robinson
2025,BAL,16,2025_16_NE_BAL,John Harbaugh,john_harbaugh,todd_monken
2025,BUF,16,2025_16_BUF_CLE,Sean McDermott,sean_mcdermott,joe_brady
2025,CAR,16,2025_16_TB_CAR,Dave Canales,dave_canales,dave_canales
2025,CHI,16,2025_16_GB_CHI,Ben Johnson,ben_johnson,ben_johnson
2025,CIN,16,2025_16_CIN_MIA,Zac Taylor,zac_taylor,zac_taylor
2025,CLE,16,2025_16_BUF_CLE,Kevin Stefanski,kevin_stefanski,kevin_stefanski
2025,DAL,16,2025_16_LAC_DAL,Brian Schottenheimer,brian_schottenheimer,brian_schottenheimer
2025,DEN,16,2025_16_JAX_DEN,Sean Payton,sean_payton,sean_payton
2025,DET,16,2025_16_PIT_DET,Dan Campbell,dan_campbell,john_morton
2025,GB,16,2025_16_GB_CHI,Matt LaFleur,matt_lafleur,matt_lafleur
2025,HOU,16,2025_16_LV_HOU,DeMeco Ryans,demeco_ryans,nick_caley
2025,IND,16,2025_16_SF_IND,Shane Steichen,shane_steichen,shane_steichen
2025,JAX,16,2025_16_JAX_DEN,Liam Coen,liam_coen,liam_coen
2025,KC,16,2025_16_KC_TEN,Andy Reid,andy_reid,andy_reid
2025,LA,16,2025_16_LA_SEA,Sean McVay,sean_mcvay,sean_mcvay
2025,LAC,16,2025_16_LAC_DAL,Jim Harbaugh,jim_harbaugh,greg_roman
2025,LV,16,2025_16_LV_HOU,Pete Carroll,pete_carroll,chip_kelly
2025,MIA,16,2025_16_CIN_MIA,Mike McDaniel,mike_mcdaniel,mike_mcdaniel
2025,MIN,16,2025_16_MIN_NYG,Kevin O'Connell,kevin_oconnell,kevin_oconnell
2025,NE,16,2025_16_NE_BAL,Mike Vrabel,mike_vrabel,josh_mcdaniels
2025,NO,16,2025_16_NYJ_NO,Kellen Moore,kellen_moore,kellen_moore
2025,NYG,16,2025_16_MIN_NYG,Brian Daboll,brian_daboll,mike_kafka
2025,NYJ,16,2025_16_NYJ_NO,Aaron Glenn,aaron_glenn,tanner_engstrand
2025,PHI,16,2025_16_PHI_WAS,Nick Sirianni,nick_sirianni,kevin_patullo
2025,PIT,16,2025_16_PIT_DET,Mike Tomlin,mike_tomlin,arthur_smith
2025,SEA,16,2025_16_LA_SEA,Mike Macdonald,mike_macdonald,klint_kubiak
2025,SF,16,2025_16_SF_IND,Kyle Shanahan,kyle_shanahan,kyle_shanahan
2025,TB,16,2025_16_TB_CAR,Todd Bowles,todd_bowles,josh_grizzard
2025,TEN,16,2025_16_KC_TEN,Brian Callahan,brian_callahan,brian_callahan
2025,WAS,16,2025_16_PHI_WAS,Dan Quinn,dan_quinn,kliff_kingsbury
2025,ARI,17,2025_17_ARI_CIN,Jonathan Gannon,jonathan_gannon,drew_petzing
2025,ATL,17,2025_17_LA_ATL,Raheem Morris,raheem_morris,zac_robinson
2025,BAL,17,2025_17_BAL_GB,John Harbaugh,john_harbaugh,todd_monken
2025,BUF,17,2025_17_PHI_BUF,Sean McDermott,sean_mcdermott,joe_brady
2025,CAR,17,2025_17_SEA_CAR,Dave Canales,dave_canales,dave_canales
2025,CHI,17,2025_17_CHI_SF,Ben Johnson,ben_johnson,ben_johnson
2025,CIN,17,2025_17_ARI_CIN,Zac Taylor,zac_taylor,zac_taylor
2025,CLE,17,2025_17_PIT_CLE,Kevin Stefanski,kevin_stefanski,kevin_stefanski
2025,DAL,17,2025_17_DAL_WAS,Brian Schottenheimer,brian_schottenheimer,brian_schottenheimer
2025,DEN,17,2025_17_DEN_KC,Sean Payton,sean_payton,sean_payton
2025,DET,17,2025_17_DET_MIN,Dan Campbell,dan_campbell,john_morton
2025,GB,17,2025_17_BAL_GB,Matt LaFleur,matt_lafleur,matt_lafleur
2025,HOU,17,2025_17_HOU_LAC,DeMeco Ryans,demeco_ryans,nick_caley
2025,IND,17,2025_17_JAX_IND,Shane Steichen,shane_steichen,shane_steichen
2025,JAX,17,2025_17_JAX_IND,Liam Coen,liam_coen,liam_coen
2025,KC,17,2025_17_DEN_KC,Andy Reid,andy_reid,andy_reid
2025,LA,17,2025_17_LA_ATL,Sean McVay,sean_mcvay,sean_mcvay
2025,LAC,17,2025_17_HOU_LAC,Jim Harbaugh,jim_harbaugh,greg_roman
2025,LV,17,2025_17_NYG_LV,Pete Carroll,pete_carroll,chip_kelly
2025,MIA,17,2025_17_TB_MIA,Mike McDaniel,mike_mcdaniel,mike_mcdaniel
2025,MIN,17,2025_17_DET_MIN,Kevin O'Connell,kevin_oconnell,kevin_oconnell
2025,NE,17,2025_17_NE_NYJ,Mike Vrabel,mike_vrabel,josh_mcdaniels
2025,NO,17,2025_17_NO_TEN,Kellen Moore,kellen_moore,kellen_moore
2025,NYG,17,2025_17_NYG_LV,Brian Daboll,brian_daboll,mike_kafka
2025,NYJ,17,2025_17_NE_NYJ,Aaron Glenn,aaron_glenn,tanner_engstrand
2025,PHI,17,2025_17_PHI_BUF,Nick Sirianni,nick_sirianni,kevin_patullo
2025,PIT,17,2025_17_PIT_CLE,Mike Tomlin,mike_tomlin,arthur_smith
2025,SEA,17,2025_17_SEA_CAR,Mike Macdonald,mike_macdonald,klint_kubiak
2025,SF,17,2025_17_CHI_SF,Kyle Shanahan,kyle_shanahan,kyle_shanahan
2025,TB,17,2025_17_TB_MIA,Todd Bowles,todd_bowles,josh_grizzard
2025,TEN,17,2025_17_NO_TEN,Brian Callahan,brian_callahan,brian_callahan
2025,WAS,17,2025_17_DAL_WAS,Dan Quinn,dan_quinn,kliff_kingsbury
2025,ARI,18,2025_18_ARI_LA,Jonathan Gannon,jonathan_gannon,drew_petzing
2025,ATL,18,2025_18_NO_ATL,Raheem Morris,raheem_morris,zac_robinson
2025,BAL,18,2025_18_BAL_PIT,John Harbaugh,john_harbaugh,todd_monken
2025,BUF,18,2025_18_NYJ_BUF,Sean McDermott,sean_mcdermott,joe_brady
2025,CAR,18,2025_18_CAR_TB,Dave Canales,dave_canales,dave_canales
2025,CHI,18,2025_18_DET_CHI,Ben Johnson,ben_johnson,ben_johnson
2025,CIN,18,2025_18_CLE_CIN,Zac Taylor,zac_taylor,zac_taylor
2025,CLE,18,2025_18_CLE_CIN,Kevin Stefanski,kevin_stefanski,kevin_stefanski
2025,DAL,18,2025_18_DAL_NYG,Brian Schottenheimer,brian_schottenheimer,brian_schottenheimer
2025,DEN,18,2025_18_LAC_DEN,Sean Payton,sean_payton,sean_payton
2025,DET,18,2025_18_DET_CHI,Dan Campbell,dan_campbell,john_morton
2025,GB,18,2025_18_GB_MIN,Matt LaFleur,matt_lafleur,matt_lafleur
2025,HOU,18,2025_18_IND_HOU,DeMeco Ryans,demeco_ryans,nick_caley
2025,IND,18,2025_18_IND_HOU,Shane Steichen,shane_steichen,shane_steichen
2025,JAX,18,2025_18_TEN_JAX,Liam Coen,liam_coen,liam_coen
2025,KC,18,2025_18_KC_LV,Andy Reid,andy_reid,andy_reid
2025,LA,18,2025_18_ARI_LA,Sean McVay,sean_mcvay,sean_mcvay
2025,LAC,18,2025_18_LAC_DEN,Jim Harbaugh,jim_harbaugh,greg_roman
2025,LV,18,2025_18_KC_LV,Pete Carroll,pete_carroll,chip_kelly
2025,MIA,18,2025_18_MIA_NE,Mike McDaniel,mike_mcdaniel,mike_mcdaniel
2025,MIN,18,2025_18_GB_MIN,Kevin O'Connell,kevin_oconnell,kevin_oconnell
2025,NE,18,2025_18_MIA_NE,Mike Vrabel,mike_vrabel,josh_mcdaniels
2025,NO,18,2025_18_NO_ATL,Kellen Moore,kellen_moore,kellen_moore
2025,NYG,18,2025_18_DAL_NYG,Brian Daboll,brian_daboll,mike_kafka
2025,NYJ,18,2025_18_NYJ_BUF,Aaron Glenn,aaron_glenn,tanner_engstrand
2025,PHI,18,2025_18_WAS_PHI,Nick Sirianni,nick_sirianni,kevin_patullo
2025,PIT,18,2025_18_BAL_PIT,Mike Tomlin,mike_tomlin,arthur_smith
2025,SEA,18,2025_18_SEA_SF,Mike Macdonald,mike_macdonald,klint_kubiak
2025,SF,18,2025_18_SEA_SF,Kyle Shanahan,kyle_shanahan,kyle_shanahan
2025,TB,18,2025_18_CAR_TB,Todd Bowles,todd_bowles,josh_grizzard
2025,TEN,18,2025_18_TEN_JAX,Brian Callahan,brian_callahan,brian_callahan
2025,WAS,18,2025_18_WAS_PHI,Dan Quinn,dan_quinn,kliff_kingsbury
2026,ARI,1,2026_01_ARI_LAC,Jonathan Gannon,jonathan_gannon,mike_lafleur
2026,ATL,1,2026_01_ATL_PIT,Raheem Morris,raheem_morris,tommy_rees
2026,BAL,1,2026_01_BAL_IND,Jesse Minter,jesse_minter,declan_doyle
2026,BUF,1,2026_01_BUF_HOU,Sean McDermott,sean_mcdermott,joe_brady
2026,CAR,1,2026_01_CHI_CAR,Dave Canales,dave_canales,dave_canales
2026,CHI,1,2026_01_CHI_CAR,Ben Johnson,ben_johnson,ben_johnson
2026,CIN,1,2026_01_TB_CIN,Zac Taylor,zac_taylor,zac_taylor
2026,CLE,1,2026_01_CLE_JAX,Todd Monken,todd_monken,todd_monken
2026,DAL,1,2026_01_DAL_NYG,Brian Schottenheimer,brian_schottenheimer,brian_schottenheimer
2026,DEN,1,2026_01_DEN_KC,Sean Payton,sean_payton,sean_payton
2026,DET,1,2026_01_NO_DET,Dan Campbell,dan_campbell,drew_petzing
2026,GB,1,2026_01_GB_MIN,Matt LaFleur,matt_lafleur,matt_lafleur
2026,HOU,1,2026_01_BUF_HOU,DeMeco Ryans,demeco_ryans,nick_caley
2026,IND,1,2026_01_BAL_IND,Shane Steichen,shane_steichen,shane_steichen
2026,JAX,1,2026_01_CLE_JAX,Liam Coen,liam_coen,liam_coen
2026,KC,1,2026_01_DEN_KC,Andy Reid,andy_reid,andy_reid
2026,LA,1,2026_01_SF_LA,Sean McVay,sean_mcvay,sean_mcvay
2026,LAC,1,2026_01_ARI_LAC,Jim Harbaugh,jim_harbaugh,mike_mcdaniel
2026,LV,1,2026_01_MIA_LV,Klint Kubliak,klint_kubliak,klint_kubiak
2026,MIA,1,2026_01_MIA_LV,Jeff Hafley,jeff_hafley,bobby_slowik
2026,MIN,1,2026_01_GB_MIN,Kevin O'Connell,kevin_oconnell,kevin_oconnell
2026,NE,1,2026_01_NE_SEA,Mike Vrabel,mike_vrabel,josh_mcdaniels
2026,NO,1,2026_01_NO_DET,Kellen Moore,kellen_moore,kellen_moore
2026,NYG,1,2026_01_DAL_NYG,John Harbaugh,john_harbaugh,matt_nagy
2026,NYJ,1,2026_01_NYJ_TEN,Aaron Glenn,aaron_glenn,frank_reich
2026,PHI,1,2026_01_WAS_PHI,Nick Sirianni,nick_sirianni,sean_mannion
2026,PIT,1,2026_01_ATL_PIT,Mike McCarthy,mike_mccarthy,mike_mccarthy
2026,SEA,1,2026_01_NE_SEA,Mike Macdonald,mike_macdonald,brian_fleury
2026,SF,1,2026_01_SF_LA,Kyle Shanahan,kyle_shanahan,kyle_shanahan
2026,TB,1,2026_01_TB_CIN,Todd Bowles,todd_bowles,zac_robinson
2026,TEN,1,2026_01_NYJ_TEN,Robert Saleh,robert_saleh,brian_daboll
2026,WAS,1,2026_01_WAS_PHI,Dan Quinn,dan_quinn,david_blough
2026,ARI,2,2026_02_SEA_ARI,Jonathan Gannon,jonathan_gannon,mike_lafleur
2026,ATL,2,2026_02_CAR_ATL,Raheem Morris,raheem_morris,tommy_rees
2026,BAL,2,2026_02_NO_BAL,Jesse Minter,jesse_minter,declan_doyle
2026,BUF,2,2026_02_DET_BUF,Sean McDermott,sean_mcdermott,joe_brady
2026,CAR,2,2026_02_CAR_ATL,Dave Canales,dave_canales,dave_canales
2026,CHI,2,2026_02_MIN_CHI,Ben Johnson,ben_johnson,ben_johnson
2026,CIN,2,2026_02_CIN_HOU,Zac Taylor,zac_taylor,zac_taylor
2026,CLE,2,2026_02_CLE_TB,Todd Monken,todd_monken,todd_monken
2026,DAL,2,2026_02_WAS_DAL,Brian Schottenheimer,brian_schottenheimer,brian_schottenheimer
2026,DEN,2,2026_02_JAX_DEN,Sean Payton,sean_payton,sean_payton
2026,DET,2,2026_02_DET_BUF,Dan Campbell,dan_campbell,drew_petzing
2026,GB,2,2026_02_GB_NYJ,Matt LaFleur,matt_lafleur,matt_lafleur
2026,HOU,2,2026_02_CIN_HOU,DeMeco Ryans,demeco_ryans,nick_caley
2026,IND,2,2026_02_IND_KC,Shane Steichen,shane_steichen,shane_steichen
2026,JAX,2,2026_02_JAX_DEN,Liam Coen,liam_coen,liam_coen
2026,KC,2,2026_02_IND_KC,Andy Reid,andy_reid,andy_reid
2026,LA,2,2026_02_NYG_LA,Sean McVay,sean_mcvay,sean_mcvay
2026,LAC,2,2026_02_LV_LAC,Jim Harbaugh,jim_harbaugh,mike_mcdaniel
2026,LV,2,2026_02_LV_LAC,Klint Kubliak,klint_kubliak,klint_kubiak
2026,MIA,2,2026_02_MIA_SF,Jeff Hafley,jeff_hafley,bobby_slowik
2026,MIN,2,2026_02_MIN_CHI,Kevin O'Connell,kevin_oconnell,kevin_oconnell
2026,NE,2,2026_02_PIT_NE,Mike Vrabel,mike_vrabel,josh_mcdaniels
2026,NO,2,2026_02_NO_BAL,Kellen Moore,kellen_moore,kellen_moore
2026,NYG,2,2026_02_NYG_LA,John Harbaugh,john_harbaugh,matt_nagy
2026,NYJ,2,2026_02_GB_NYJ,Aaron Glenn,aaron_glenn,frank_reich
2026,PHI,2,2026_02_PHI_TEN,Nick Sirianni,nick_sirianni,sean_mannion
2026,PIT,2,2026_02_PIT_NE,Mike McCarthy,mike_mccarthy,mike_mccarthy
2026,SEA,2,2026_02_SEA_ARI,Mike Macdonald,mike_macdonald,brian_fleury
2026,SF,2,2026_02_MIA_SF,Kyle Shanahan,kyle_shanahan,kyle_shanahan
2026,TB,2,2026_02_CLE_TB,Todd Bowles,todd_bowles,zac_robinson
2026,TEN,2,2026_02_PHI_TEN,Robert Saleh,robert_saleh,brian_daboll
2026,WAS,2,2026_02_WAS_DAL,Dan Quinn,dan_quinn,david_blough
2026,ARI,3,2026_03_ARI_SF,Jonathan Gannon,jonathan_gannon,mike_lafleur
2026,ATL,3,2026_03_ATL_GB,Raheem Morris,raheem_morris,tommy_rees
2026,BAL,3,2026_03_BAL_DAL,Jesse Minter,jesse_minter,declan_doyle
2026,BUF,3,2026_03_LAC_BUF,Sean McDermott,sean_mcdermott,joe_brady
2026,CAR,3,2026_03_CAR_CLE,Dave Canales,dave_canales,dave_canales
2026,CHI,3,2026_03_PHI_CHI,Ben Johnson,ben_johnson,ben_johnson
2026,CIN,3,2026_03_CIN_PIT,Zac Taylor,zac_taylor,zac_taylor
2026,CLE,3,2026_03_CAR_CLE,Todd Monken,todd_monken,todd_monken
2026,DAL,3,2026_03_BAL_DAL,Brian Schottenheimer,brian_schottenheimer,brian_schottenheimer
2026,DEN,3,2026_03_LA_DEN,Sean Payton,sean_payton,sean_payton
2026,DET,3,2026_03_NYJ_DET,Dan Campbell,dan_campbell,drew_petzing
2026,GB,3,2026_03_ATL_GB,Matt LaFleur,matt_lafleur,matt_lafleur
2026,HOU,3,2026_03_HOU_IND,DeMeco Ryans,demeco_ryans,nick_caley
2026,IND,3,2026_03_HOU_IND,Shane Steichen,shane_steichen,shane_steichen
2026,JAX,3,2026_03_NE_JAX,Liam Coen,liam_coen,liam_coen
2026,KC,3,2026_03_KC_MIA,Andy Reid,andy_reid,andy_reid
2026,LA,3,2026_03_LA_DEN,Sean McVay,sean_mcvay,sean_mcvay
2026,LAC,3,2026_03_LAC_BUF,Jim Harbaugh,jim_harbaugh,mike_mcdaniel
2026,LV,3,2026_03_LV_NO,Klint Kubliak,klint_kubliak,klint_kubiak
2026,MIA,3,2026_03_KC_MIA,Jeff Hafley,jeff_hafley,bobby_slowik
2026,MIN,3,2026_03_MIN_TB,Kevin O'Connell,kevin_oconnell,kevin_oconnell
2026,NE,3,2026_03_NE_JAX,Mike Vrabel,mike_vrabel,josh_mcdaniels
2026,NO,3,2026_03_LV_NO,Kellen Moore,kellen_moore,kellen_moore
2026,NYG,3,2026_03_TEN_NYG,John Harbaugh,john_harbaugh,matt_nagy
2026,NYJ,3,2026_03_NYJ_DET,Aaron Glenn,aaron_glenn,frank_reich
2026,PHI,3,2026_03_PHI_CHI,Nick Sirianni,nick_sirianni,sean_mannion
2026,PIT,3,2026_03_CIN_PIT,Mike McCarthy,mike_mccarthy,mike_mccarthy
2026,SEA,3,2026_03_SEA_WAS,Mike Macdonald,mike_macdonald,brian_fleury
2026,SF,3,2026_03_ARI_SF,Kyle Shanahan,kyle_shanahan,kyle_shanahan
2026,TB,3,2026_03_MIN_TB,Todd Bowles,todd_bowles,zac_robinson
2026,TEN,3,2026_03_TEN_NYG,Robert Saleh,robert_saleh,brian_daboll
2026,WAS,3,2026_03_SEA_WAS,Dan Quinn,dan_quinn,david_blough
2026,ARI,4,2026_04_ARI_NYG,Jonathan Gannon,jonathan_gannon,mike_lafleur
2026,ATL,4,2026_04_ATL_NO,Raheem Morris,raheem_morris,tommy_rees
2026,BAL,4,2026_04_TEN_BAL,Jesse Minter,jesse_minter,declan_doyle
2026,BUF,4,2026_04_NE_BUF,Sean McDermott,sean_mcdermott,joe_brady
2026,CAR,4,2026_04_DET_CAR,Dave Canales,dave_canales,dave_canales
2026,CHI,4,2026_04_NYJ_CHI,Ben Johnson,ben_johnson,ben_johnson
2026,CIN,4,2026_04_JAX_CIN,Zac Taylor,zac_taylor,zac_taylor
2026,CLE,4,2026_04_PIT_CLE,Todd Monken,todd_monken,todd_monken
2026,DAL,4,2026_04_DAL_HOU,Brian Schottenheimer,brian_schottenheimer,brian_schottenheimer
2026,DEN,4,2026_04_DEN_SF,Sean Payton,sean_payton,sean_payton
2026,DET,4,2026_04_DET_CAR,Dan Campbell,dan_campbell,drew_petzing
2026,GB,4,2026_04_GB_TB,Matt LaFleur,matt_lafleur,matt_lafleur
2026,HOU,4,2026_04_DAL_HOU,DeMeco Ryans,demeco_ryans,nick_caley
2026,IND,4,2026_04_IND_WAS,Shane Steichen,shane_steichen,shane_steichen
2026,JAX,4,2026_04_JAX_CIN,Liam Coen,liam_coen,liam_coen
2026,KC,4,2026_04_KC_LV,Andy Reid,andy_reid,andy_reid
2026,LA,4,2026_04_LA_PHI,Sean McVay,sean_mcvay,sean_mcvay
2026,LAC,4,2026_04_LAC_SEA,Jim Harbaugh,jim_harbaugh,mike_mcdaniel
2026,LV,4,2026_04_KC_LV,Klint Kubliak,klint_kubliak,klint_kubiak
2026,MIA,4,2026_04_MIA_MIN,Jeff Hafley,jeff_hafley,bobby_slowik
2026,MIN,4,2026_04_MIA_MIN,Kevin O'Connell,kevin_oconnell,kevin_oconnell
2026,NE,4,2026_04_NE_BUF,Mike Vrabel,mike_vrabel,josh_mcdaniels
2026,NO,4,2026_04_ATL_NO,Kellen Moore,kellen_moore,kellen_moore
2026,NYG,4,2026_04_ARI_NYG,John Harbaugh,john_harbaugh,matt_nagy
2026,NYJ,4,2026_04_NYJ_CHI,Aaron Glenn,aaron_glenn,frank_reich
2026,PHI,4,2026_04_LA_PHI,Nick Sirianni,nick_sirianni,sean_mannion
2026,PIT,4,2026_04_PIT_CLE,Mike McCarthy,mike_mccarthy,mike_mccarthy
2026,SEA,4,2026_04_LAC_SEA,Mike Macdonald,mike_macdonald,brian_fleury
2026,SF,4,2026_04_DEN_SF,Kyle Shanahan,kyle_shanahan,kyle_shanahan
2026,TB,4,2026_04_GB_TB,Todd Bowles,todd_bowles,zac_robinson
2026,TEN,4,2026_04_TEN_BAL,Robert Saleh,robert_saleh,brian_daboll
2026,WAS,4,2026_04_IND_WAS,Dan Quinn,dan_quinn,david_blough
2026,ARI,5,2026_05_DET_ARI,Jonathan Gannon,jonathan_gannon,mike_lafleur
2026,ATL,5,2026_05_BAL_ATL,Raheem Morris,raheem_morris,tommy_rees
2026,BAL,5,2026_05_BAL_ATL,Jesse Minter,jesse_minter,declan_doyle
2026,BUF,5,2026_05_BUF_LA,Sean McDermott,sean_mcdermott,joe_brady
2026,CHI,5,2026_05_CHI_GB,Ben Johnson,ben_johnson,ben_johnson
2026,CIN,5,2026_05_CIN_MIA,Zac Taylor,zac_taylor,zac_taylor
2026,CLE,5,2026_05_CLE_NYJ,Todd Monken,todd_monken,todd_monken
2026,DAL,5,2026_05_TB_DAL,Brian Schottenheimer,brian_schottenheimer,brian_schottenheimer
2026,DEN,5,2026_05_DEN_LAC,Sean Payton,sean_payton,sean_payton
2026,DET,5,2026_05_DET_ARI,Dan Campbell,dan_campbell,drew_petzing
2026,GB,5,2026_05_CHI_GB,Matt LaFleur,matt_lafleur,matt_lafleur
2026,HOU,5,2026_05_HOU_TEN,DeMeco Ryans,demeco_ryans,nick_caley
2026,IND,5,2026_05_IND_PIT,Shane Steichen,shane_steichen,shane_steichen
2026,JAX,5,2026_05_PHI_JAX,Liam Coen,liam_coen,liam_coen
2026,LA,5,2026_05_BUF_LA,Sean McVay,sean_mcvay,sean_mcvay
2026,LAC,5,2026_05_DEN_LAC,Jim Harbaugh,jim_harbaugh,mike_mcdaniel
2026,LV,5,2026_05_LV_NE,Klint Kubliak,klint_kubliak,klint_kubiak
2026,MIA,5,2026_05_CIN_MIA,Jeff Hafley,jeff_hafley,bobby_slowik
2026,MIN,5,2026_05_MIN_NO,Kevin O'Connell,kevin_oconnell,kevin_oconnell
2026,NE,5,2026_05_LV_NE,Mike Vrabel,mike_vrabel,josh_mcdaniels
2026,NO,5,2026_05_MIN_NO,Kellen Moore,kellen_moore,kellen_moore
2026,NYG,5,2026_05_NYG_WAS,John Harbaugh,john_harbaugh,matt_nagy
2026,NYJ,5,2026_05_CLE_NYJ,Aaron Glenn,aaron_glenn,frank_reich
2026,PHI,5,2026_05_PHI_JAX,Nick Sirianni,nick_sirianni,sean_mannion
2026,PIT,5,2026_05_IND_PIT,Mike McCarthy,mike_mccarthy,mike_mccarthy
2026,SEA,5,2026_05_SF_SEA,Mike Macdonald,mike_macdonald,brian_fleury
2026,SF,5,2026_05_SF_SEA,Kyle Shanahan,kyle_shanahan,kyle_shanahan
2026,TB,5,2026_05_TB_DAL,Todd Bowles,todd_bowles,zac_robinson
2026,TEN,5,2026_05_HOU_TEN,Robert Saleh,robert_saleh,brian_daboll
2026,WAS,5,2026_05_NYG_WAS,Dan Quinn,dan_quinn,david_blough
2026,ARI,6,2026_06_ARI_LA,Jonathan Gannon,jonathan_gannon,mike_lafleur
2026,ATL,6,2026_06_CHI_ATL,Raheem Morris,raheem_morris,tommy_rees
2026,BAL,6,2026_06_BAL_CLE,Jesse Minter,jesse_minter,declan_doyle
2026,BUF,6,2026_06_BUF_LV,Sean McDermott,sean_mcdermott,joe_brady
2026,CAR,6,2026_06_CAR_PHI,Dave Canales,dave_canales,dave_canales
2026,CHI,6,2026_06_CHI_ATL,Ben Johnson,ben_johnson,ben_johnson
2026,CLE,6,2026_06_BAL_CLE,Todd Monken,todd_monken,todd_monken
2026,DAL,6,2026_06_DAL_GB,Brian Schottenheimer,brian_schottenheimer,brian_schottenheimer
2026,DEN,6,2026_06_SEA_DEN,Sean Payton,sean_payton,sean_payton
2026,GB,6,2026_06_DAL_GB,Matt LaFleur,matt_lafleur,matt_lafleur
2026,HOU,6,2026_06_HOU_JAX,DeMeco Ryans,demeco_ryans,nick_caley
2026,IND,6,2026_06_TEN_IND,Shane Steichen,shane_steichen,shane_steichen
2026,JAX,6,2026_06_HOU_JAX,Liam Coen,liam_coen,liam_coen
2026,KC,6,2026_06_LAC_KC,Andy Reid,andy_reid,andy_reid
2026,LA,6,2026_06_ARI_LA,Sean McVay,sean_mcvay,sean_mcvay
2026,LAC,6,2026_06_LAC_KC,Jim Harbaugh,jim_harbaugh,mike_mcdaniel
2026,LV,6,2026_06_BUF_LV,Klint Kubliak,klint_kubliak,klint_kubiak
2026,NE,6,2026_06_NYJ_NE,Mike Vrabel,mike_vrabel,josh_mcdaniels
2026,NO,6,2026_06_NO_NYG,Kellen Moore,kellen_moore,kellen_moore
2026,NYG,6,2026_06_NO_NYG,John Harbaugh,john_harbaugh,matt_nagy
2026,NYJ,6,2026_06_NYJ_NE,Aaron Glenn,aaron_glenn,frank_reich
2026,PHI,6,2026_06_CAR_PHI,Nick Sirianni,nick_sirianni,sean_mannion
2026,PIT,6,2026_06_PIT_TB,Mike McCarthy,mike_mccarthy,mike_mccarthy
2026,SEA,6,2026_06_SEA_DEN,Mike Macdonald,mike_macdonald,brian_fleury
2026,SF,6,2026_06_WAS_SF,Kyle Shanahan,kyle_shanahan,kyle_shanahan
2026,TB,6,2026_06_PIT_TB,Todd Bowles,todd_bowles,zac_robinson
2026,TEN,6,2026_06_TEN_IND,Robert Saleh,robert_saleh,brian_daboll
2026,WAS,6,2026_06_WAS_SF,Dan Quinn,dan_quinn,david_blough
2026,ARI,7,2026_07_DEN_ARI,Jonathan Gannon,jonathan_gannon,mike_lafleur
2026,ATL,7,2026_07_SF_ATL,Raheem Morris,raheem_morris,tommy_rees
2026,BAL,7,2026_07_CIN_BAL,Jesse Minter,jesse_minter,declan_doyle
2026,CAR,7,2026_07_TB_CAR,Dave Canales,dave_canales,dave_canales
2026,CHI,7,2026_07_NE_CHI,Ben Johnson,ben_johnson,ben_johnson
2026,CIN,7,2026_07_CIN_BAL,Zac Taylor,zac_taylor,zac_taylor
2026,CLE,7,2026_07_CLE_TEN,Todd Monken,todd_monken,todd_monken
2026,DAL,7,2026_07_DAL_PHI,Brian Schottenheimer,brian_schottenheimer,brian_schottenheimer
2026,DEN,7,2026_07_DEN_ARI,Sean Payton,sean_payton,sean_payton
2026,DET,7,2026_07_GB_DET,Dan Campbell,dan_campbell,drew_petzing
2026,GB,7,2026_07_GB_DET,Matt LaFleur,matt_lafleur,matt_lafleur
2026,HOU,7,2026_07_NYG_HOU,DeMeco Ryans,demeco_ryans,nick_caley
2026,IND,7,2026_07_IND_MIN,Shane Steichen,shane_steichen,shane_steichen
2026,KC,7,2026_07_KC_SEA,Andy Reid,andy_reid,andy_reid
2026,LA,7,2026_07_LA_LV,Sean McVay,sean_mcvay,sean_mcvay
2026,LV,7,2026_07_LA_LV,Klint Kubliak,klint_kubliak,klint_kubiak
2026,MIA,7,2026_07_MIA_NYJ,Jeff Hafley,jeff_hafley,bobby_slowik
2026,MIN,7,2026_07_IND_MIN,Kevin O'Connell,kevin_oconnell,kevin_oconnell
2026,NE,7,2026_07_NE_CHI,Mike Vrabel,mike_vrabel,josh_mcdaniels
2026,NO,7,2026_07_PIT_NO,Kellen Moore,kellen_moore,kellen_moore
2026,NYG,7,2026_07_NYG_HOU,John Harbaugh,john_harbaugh,matt_nagy
2026,NYJ,7,2026_07_MIA_NYJ,Aaron Glenn,aaron_glenn,frank_reich
2026,PHI,7,2026_07_DAL_PHI,Nick Sirianni,nick_sirianni,sean_mannion
2026,PIT,7,2026_07_PIT_NO,Mike McCarthy,mike_mccarthy,mike_mccarthy
2026,SEA,7,2026_07_KC_SEA,Mike Macdonald,mike_macdonald,brian_fleury
2026,SF,7,2026_07_SF_ATL,Kyle Shanahan,kyle_shanahan,kyle_shanahan
2026,TB,7,2026_07_TB_CAR,Todd Bowles,todd_bowles,zac_robinson
2026,TEN,7,2026_07_CLE_TEN,Robert Saleh,robert_saleh,brian_daboll
2026,ARI,8,2026_08_ARI_DAL,Jonathan Gannon,jonathan_gannon,mike_lafleur
2026,ATL,8,2026_08_ATL_TB,Raheem Morris,raheem_morris,tommy_rees
2026,BAL,8,2026_08_BAL_BUF,Jesse Minter,jesse_minter,declan_doyle
2026,BUF,8,2026_08_BAL_BUF,Sean McDermott,sean_mcdermott,joe_brady
2026,CAR,8,2026_08_CAR_GB,Dave Canales,dave_canales,dave_canales
2026,CHI,8,2026_08_CHI_SEA,Ben Johnson,ben_johnson,ben_johnson
2026,CIN,8,2026_08_TEN_CIN,Zac Taylor,zac_taylor,zac_taylor
2026,CLE,8,2026_08_CLE_PIT,Todd Monken,todd_monken,todd_monken
2026,DAL,8,2026_08_ARI_DAL,Brian Schottenheimer,brian_schottenheimer,brian_schottenheimer
2026,DEN,8,2026_08_KC_DEN,Sean Payton,sean_payton,sean_payton
2026,DET,8,2026_08_MIN_DET,Dan Campbell,dan_campbell,drew_petzing
2026,GB,8,2026_08_CAR_GB,Matt LaFleur,matt_lafleur,matt_lafleur
2026,IND,8,2026_08_IND_JAX,Shane Steichen,shane_steichen,shane_steichen
2026,JAX,8,2026_08_IND_JAX,Liam Coen,liam_coen,liam_coen
2026,KC,8,2026_08_KC_DEN,Andy Reid,andy_reid,andy_reid
2026,LA,8,2026_08_LAC_LA,Sean McVay,sean_mcvay,sean_mcvay
2026,LAC,8,2026_08_LAC_LA,Jim Harbaugh,jim_harbaugh,mike_mcdaniel
2026,LV,8,2026_08_LV_NYJ,Klint Kubliak,klint_kubliak,klint_kubiak
2026,MIA,8,2026_08_NE_MIA,Jeff Hafley,jeff_hafley,bobby_slowik
2026,MIN,8,2026_08_MIN_DET,Kevin O'Connell,kevin_oconnell,kevin_oconnell
2026,NE,8,2026_08_NE_MIA,Mike Vrabel,mike_vrabel,josh_mcdaniels
2026,NYJ,8,2026_08_LV_NYJ,Aaron Glenn,aaron_glenn,frank_reich
2026,PHI,8,2026_08_PHI_WAS,Nick Sirianni,nick_sirianni,sean_mannion
2026,PIT,8,2026_08_CLE_PIT,Mike McCarthy,mike_mccarthy,mike_mccarthy
2026,SEA,8,2026_08_CHI_SEA,Mike Macdonald,mike_macdonald,brian_fleury
2026,TB,8,2026_08_ATL_TB,Todd Bowles,todd_bowles,zac_robinson
2026,TEN,8,2026_08_TEN_CIN,Robert Saleh,robert_saleh,brian_daboll
2026,WAS,8,2026_08_PHI_WAS,Dan Quinn,dan_quinn,david_blough
2026,ARI,9,2026_09_ARI_SEA,Jonathan Gannon,jonathan_gannon,mike_lafleur
2026,ATL,9,2026_09_CIN_ATL,Raheem Morris,raheem_morris,tommy_rees
2026,BAL,9,2026_09_JAX_BAL,Jesse Minter,jesse_minter,declan_doyle
2026,BUF,9,2026_09_BUF_MIN,Sean McDermott,sean_mcdermott,joe_brady
2026,CAR,9,2026_09_DEN_CAR,Dave Canales,dave_canales,dave_canales
2026,CHI,9,2026_09_TB_CHI,Ben Johnson,ben_johnson,ben_johnson
2026,CIN,9,2026_09_CIN_ATL,Zac Taylor,zac_taylor,zac_taylor
2026,CLE,9,2026_09_CLE_NO,Todd Monken,todd_monken,todd_monken
2026,DAL,9,2026_09_DAL_IND,Brian Schottenheimer,brian_schottenheimer,brian_schottenheimer
2026,DEN,9,2026_09_DEN_CAR,Sean Payton,sean_payton,sean_payton
2026,DET,9,2026_09_DET_MIA,Dan Campbell,dan_campbell,drew_petzing
2026,GB,9,2026_09_GB_NE,Matt LaFleur,matt_lafleur,matt_lafleur
2026,HOU,9,2026_09_HOU_LAC,DeMeco Ryans,demeco_ryans,nick_caley
2026,IND,9,2026_09_DAL_IND,Shane Steichen,shane_steichen,shane_steichen
2026,JAX,9,2026_09_JAX_BAL,Liam Coen,liam_coen,liam_coen
2026,KC,9,2026_09_NYJ_KC,Andy Reid,andy_reid,andy_reid
2026,LA,9,2026_09_LA_WAS,Sean McVay,sean_mcvay,sean_mcvay
2026,LAC,9,2026_09_HOU_LAC,Jim Harbaugh,jim_harbaugh,mike_mcdaniel
2026,LV,9,2026_09_LV_SF,Klint Kubliak,klint_kubliak,klint_kubiak
2026,MIA,9,2026_09_DET_MIA,Jeff Hafley,jeff_hafley,bobby_slowik
2026,MIN,9,2026_09_BUF_MIN,Kevin O'Connell,kevin_oconnell,kevin_oconnell
2026,NE,9,2026_09_GB_NE,Mike Vrabel,mike_vrabel,josh_mcdaniels
2026,NO,9,2026_09_CLE_NO,Kellen Moore,kellen_moore,kellen_moore
2026,NYG,9,2026_09_NYG_PHI,John Harbaugh,john_harbaugh,matt_nagy
2026,NYJ,9,2026_09_NYJ_KC,Aaron Glenn,aaron_glenn,frank_reich
2026,PHI,9,2026_09_NYG_PHI,Nick Sirianni,nick_sirianni,sean_mannion
2026,SEA,9,2026_09_ARI_SEA,Mike Macdonald,mike_macdonald,brian_fleury
2026,SF,9,2026_09_LV_SF,Kyle Shanahan,kyle_shanahan,kyle_shanahan
2026,TB,9,2026_09_TB_CHI,Todd Bowles,todd_bowles,zac_robinson
2026,WAS,9,2026_09_LA_WAS,Dan Quinn,dan_quinn,david_blough
2026,ARI,10,2026_10_LA_ARI,Jonathan Gannon,jonathan_gannon,mike_lafleur
2026,ATL,10,2026_10_KC_ATL,Raheem Morris,raheem_morris,tommy_rees
2026,BAL,10,2026_10_LAC_BAL,Jesse Minter,jesse_minter,declan_doyle
2026,BUF,10,2026_10_BUF_NYJ,Sean McDermott,sean_mcdermott,joe_brady
2026,CAR,10,2026_10_CAR_NO,Dave Canales,dave_canales,dave_canales
2026,CIN,10,2026_10_PIT_CIN,Zac Taylor,zac_taylor,zac_taylor
2026,CLE,10,2026_10_HOU_CLE,Todd Monken,todd_monken,todd_monken
2026,DAL,10,2026_10_SF_DAL,Brian Schottenheimer,brian_schottenheimer,brian_schottenheimer
2026,DET,10,2026_10_NE_DET,Dan Campbell,dan_campbell,drew_petzing
2026,GB,10,2026_10_MIN_GB,Matt LaFleur,matt_lafleur,matt_lafleur
2026,HOU,10,2026_10_HOU_CLE,DeMeco Ryans,demeco_ryans,nick_caley
2026,IND,10,2026_10_MIA_IND,Shane Steichen,shane_steichen,shane_steichen
2026,JAX,10,2026_10_JAX_TEN,Liam Coen,liam_coen,liam_coen
2026,KC,10,2026_10_KC_ATL,Andy Reid,andy_reid,andy_reid
2026,LA,10,2026_10_LA_ARI,Sean McVay,sean_mcvay,sean_mcvay
2026,LAC,10,2026_10_LAC_BAL,Jim Harbaugh,jim_harbaugh,mike_mcdaniel
2026,LV,10,2026_10_SEA_LV,Klint Kubliak,klint_kubliak,klint_kubiak
2026,MIA,10,2026_10_MIA_IND,Jeff Hafley,jeff_hafley,bobby_slowik
2026,MIN,10,2026_10_MIN_GB,Kevin O'Connell,kevin_oconnell,kevin_oconnell
2026,NE,10,2026_10_NE_DET,Mike Vrabel,mike_vrabel,josh_mcdaniels
2026,NO,10,2026_10_CAR_NO,Kellen Moore,kellen_moore,kellen_moore
2026,NYG,10,2026_10_WAS_NYG,John Harbaugh,john_harbaugh,matt_nagy
2026,NYJ,10,2026_10_BUF_NYJ,Aaron Glenn,aaron_glenn,frank_reich
2026,PIT,10,2026_10_PIT_CIN,Mike McCarthy,mike_mccarthy,mike_mccarthy
2026,SEA,10,2026_10_SEA_LV,Mike Macdonald,mike_macdonald,brian_fleury
2026,SF,10,2026_10_SF_DAL,Kyle Shanahan,kyle_shanahan,kyle_shanahan
2026,TEN,10,2026_10_JAX_TEN,Robert Saleh,robert_saleh,brian_daboll
2026,WAS,10,2026_10_WAS_NYG,Dan Quinn,dan_quinn,david_blough
2026,ARI,11,2026_11_ARI_KC,Jonathan Gannon,jonathan_gannon,mike_lafleur
2026,BAL,11,2026_11_BAL_CAR,Jesse Minter,jesse_minter,declan_doyle
2026,BUF,11,2026_11_MIA_BUF,Sean McDermott,sean_mcdermott,joe_brady
2026,CAR,11,2026_11_BAL_CAR,Dave Canales,dave_canales,dave_canales
2026,CHI,11,2026_11_NO_CHI,Ben Johnson,ben_johnson,ben_johnson
2026,CIN,11,2026_11_CIN_WAS,Zac Taylor,zac_taylor,zac_taylor
2026,DAL,11,2026_11_TEN_DAL,Brian Schottenheimer,brian_schottenheimer,brian_schottenheimer
2026,DEN,11,2026_11_LV_DEN,Sean Payton,sean_payton,sean_payton
2026,DET,11,2026_11_TB_DET,Dan Campbell,dan_campbell,drew_petzing
2026,HOU,11,2026_11_IND_HOU,DeMeco Ryans,demeco_ryans,nick_caley
2026,IND,11,2026_11_IND_HOU,Shane Steichen,shane_steichen,shane_steichen
2026,JAX,11,2026_11_JAX_NYG,Liam Coen,liam_coen,liam_coen
2026,KC,11,2026_11_ARI_KC,Andy Reid,andy_reid,andy_reid
2026,LAC,11,2026_11_NYJ_LAC,Jim Harbaugh,jim_harbaugh,mike_mcdaniel
2026,LV,11,2026_11_LV_DEN,Klint Kubliak,klint_kubliak,klint_kubiak
2026,MIA,11,2026_11_MIA_BUF,Jeff Hafley,jeff_hafley,bobby_slowik
2026,MIN,11,2026_11_MIN_SF,Kevin O'Connell,kevin_oconnell,kevin_oconnell
2026,NO,11,2026_11_NO_CHI,Kellen Moore,kellen_moore,kellen_moore
2026,NYG,11,2026_11_JAX_NYG,John Harbaugh,john_harbaugh,matt_nagy
2026,NYJ,11,2026_11_NYJ_LAC,Aaron Glenn,aaron_glenn,frank_reich
2026,PHI,11,2026_11_PIT_PHI,Nick Sirianni,nick_sirianni,sean_mannion
2026,PIT,11,2026_11_PIT_PHI,Mike McCarthy,mike_mccarthy,mike_mccarthy
2026,SF,11,2026_11_MIN_SF,Kyle Shanahan,kyle_shanahan,kyle_shanahan
2026,TB,11,2026_11_TB_DET,Todd Bowles,todd_bowles,zac_robinson
2026,TEN,11,2026_11_TEN_DAL,Robert Saleh,robert_saleh,brian_daboll
2026,WAS,11,2026_11_CIN_WAS,Dan Quinn,dan_quinn,david_blough
2026,ARI,12,2026_12_WAS_ARI,Jonathan Gannon,jonathan_gannon,mike_lafleur
2026,ATL,12,2026_12_ATL_MIN,Raheem Morris,raheem_morris,tommy_rees
2026,BAL,12,2026_12_BAL_HOU,Jesse Minter,jesse_minter,declan_doyle
2026,BUF,12,2026_12_KC_BUF,Sean McDermott,sean_mcdermott,joe_brady
2026,CAR,12,2026_12_CAR_TB,Dave Canales,dave_canales,dave_canales
2026,CHI,12,2026_12_CHI_DET,Ben Johnson,ben_johnson,ben_johnson
2026,CIN,12,2026_12_NO_CIN,Zac Taylor,zac_taylor,zac_taylor
2026,CLE,12,2026_12_LV_CLE,Todd Monken,todd_monken,todd_monken
2026,DAL,12,2026_12_PHI_DAL,Brian Schottenheimer,brian_schottenheimer,brian_schottenheimer
2026,DEN,12,2026_12_DEN_PIT,Sean Payton,sean_payton,sean_payton
2026,DET,12,2026_12_CHI_DET,Dan Campbell,dan_campbell,drew_petzing
2026,GB,12,2026_12_GB_LA,Matt LaFleur,matt_lafleur,matt_lafleur
2026,HOU,12,2026_12_BAL_HOU,DeMeco Ryans,demeco_ryans,nick_caley
2026,IND,12,2026_12_NYG_IND,Shane Steichen,shane_steichen,shane_steichen
2026,JAX,12,2026_12_TEN_JAX,Liam Coen,liam_coen,liam_coen
2026,KC,12,2026_12_KC_BUF,Andy Reid,andy_reid,andy_reid
2026,LA,12,2026_12_GB_LA,Sean McVay,sean_mcvay,sean_mcvay
2026,LAC,12,2026_12_NE_LAC,Jim Harbaugh,jim_harbaugh,mike_mcdaniel
2026,LV,12,2026_12_LV_CLE,Klint Kubliak,klint_kubliak,klint_kubiak
2026,MIA,12,2026_12_NYJ_MIA,Jeff Hafley,jeff_hafley,bobby_slowik
2026,MIN,12,2026_12_ATL_MIN,Kevin O'Connell,kevin_oconnell,kevin_oconnell
2026,NE,12,2026_12_NE_LAC,Mike Vrabel,mike_vrabel,josh_mcdaniels
2026,NO,12,2026_12_NO_CIN,Kellen Moore,kellen_moore,kellen_moore
2026,NYG,12,2026_12_NYG_IND,John Harbaugh,john_harbaugh,matt_nagy
2026,NYJ,12,2026_12_NYJ_MIA,Aaron Glenn,aaron_glenn,frank_reich
2026,PHI,12,2026_12_PHI_DAL,Nick Sirianni,nick_sirianni,sean_mannion
2026,PIT,12,2026_12_DEN_PIT,Mike McCarthy,mike_mccarthy,mike_mccarthy
2026,SEA,12,2026_12_SEA_SF,Mike Macdonald,mike_macdonald,brian_fleury
2026,SF,12,2026_12_SEA_SF,Kyle Shanahan,kyle_shanahan,kyle_shanahan
2026,TB,12,2026_12_CAR_TB,Todd Bowles,todd_bowles,zac_robinson
2026,TEN,12,2026_12_TEN_JAX,Robert Saleh,robert_saleh,brian_daboll
2026,WAS,12,2026_12_WAS_ARI,Dan Quinn,dan_quinn,david_blough
2026,ARI,13,2026_13_PHI_ARI,Jonathan Gannon,jonathan_gannon,mike_lafleur
2026,ATL,13,2026_13_DET_ATL,Raheem Morris,raheem_morris,tommy_rees
2026,BUF,13,2026_13_BUF_NE,Sean McDermott,sean_mcdermott,joe_brady
2026,CAR,13,2026_13_CAR_MIN,Dave Canales,dave_canales,dave_canales
2026,CHI,13,2026_13_JAX_CHI,Ben Johnson,ben_johnson,ben_johnson
2026,CIN,13,2026_13_CIN_CLE,Zac Taylor,zac_taylor,zac_taylor
2026,CLE,13,2026_13_CIN_CLE,Todd Monken,todd_monken,todd_monken
2026,DAL,13,2026_13_DAL_SEA,Brian Schottenheimer,brian_schottenheimer,brian_schottenheimer
2026,DEN,13,2026_13_MIA_DEN,Sean Payton,sean_payton,sean_payton
2026,DET,13,2026_13_DET_ATL,Dan Campbell,dan_campbell,drew_petzing
2026,GB,13,2026_13_GB_NO,Matt LaFleur,matt_lafleur,matt_lafleur
2026,HOU,13,2026_13_HOU_PIT,DeMeco Ryans,demeco_ryans,nick_caley
2026,JAX,13,2026_13_JAX_CHI,Liam Coen,liam_coen,liam_coen
2026,KC,13,2026_13_KC_LA,Andy Reid,andy_reid,andy_reid
2026,LA,13,2026_13_KC_LA,Sean McVay,sean_mcvay,sean_mcvay
2026,LAC,13,2026_13_LAC_TB,Jim Harbaugh,jim_harbaugh,mike_mcdaniel
2026,MIA,13,2026_13_MIA_DEN,Jeff Hafley,jeff_hafley,bobby_slowik
2026,MIN,13,2026_13_CAR_MIN,Kevin O'Connell,kevin_oconnell,kevin_oconnell
2026,NE,13,2026_13_BUF_NE,Mike Vrabel,mike_vrabel,josh_mcdaniels
2026,NO,13,2026_13_GB_NO,Kellen Moore,kellen_moore,kellen_moore
2026,NYG,13,2026_13_SF_NYG,John Harbaugh,john_harbaugh,matt_nagy
2026,PHI,13,2026_13_PHI_ARI,Nick Sirianni,nick_sirianni,sean_mannion
2026,PIT,13,2026_13_HOU_PIT,Mike McCarthy,mike_mccarthy,mike_mccarthy
2026,SEA,13,2026_13_DAL_SEA,Mike Macdonald,mike_macdonald,brian_fleury
2026,SF,13,2026_13_SF_NYG,Kyle Shanahan,kyle_shanahan,kyle_shanahan
2026,TB,13,2026_13_LAC_TB,Todd Bowles,todd_bowles,zac_robinson
2026,TEN,13,2026_13_WAS_TEN,Robert Saleh,robert_saleh,brian_daboll
2026,WAS,13,2026_13_WAS_TEN,Dan Quinn,dan_quinn,david_blough
2026,ATL,14,2026_14_ATL_CLE,Raheem Morris,raheem_morris,tommy_rees
2026,BAL,14,2026_14_TB_BAL,Jesse Minter,jesse_minter,declan_doyle
2026,BUF,14,2026_14_BUF_GB,Sean McDermott,sean_mcdermott,joe_brady
2026,CAR,14,2026_14_NO_CAR,Dave Canales,dave_canales,dave_canales
2026,CHI,14,2026_14_CHI_MIA,Ben Johnson,ben_johnson,ben_johnson
2026,CIN,14,2026_14_KC_CIN,Zac Taylor,zac_taylor,zac_taylor
2026,CLE,14,2026_14_ATL_CLE,Todd Monken,todd_monken,todd_monken
2026,DEN,14,2026_14_DEN_NYJ,Sean Payton,sean_payton,sean_payton
2026,DET,14,2026_14_TEN_DET,Dan Campbell,dan_campbell,drew_petzing
2026,GB,14,2026_14_BUF_GB,Matt LaFleur,matt_lafleur,matt_lafleur
2026,HOU,14,2026_14_HOU_WAS,DeMeco Ryans,demeco_ryans,nick_caley
2026,IND,14,2026_14_IND_PHI,Shane Steichen,shane_steichen,shane_steichen
2026,JAX,14,2026_14_PIT_JAX,Liam Coen,liam_coen,liam_coen
2026,KC,14,2026_14_KC_CIN,Andy Reid,andy_reid,andy_reid
2026,LA,14,2026_14_LA_SF,Sean McVay,sean_mcvay,sean_mcvay
2026,LAC,14,2026_14_LAC_LV,Jim Harbaugh,jim_harbaugh,mike_mcdaniel
2026,LV,14,2026_14_LAC_LV,Klint Kubliak,klint_kubliak,klint_kubiak
2026,MIA,14,2026_14_CHI_MIA,Jeff Hafley,jeff_hafley,bobby_slowik
2026,MIN,14,2026_14_MIN_NE,Kevin O'Connell,kevin_oconnell,kevin_oconnell
2026,NE,14,2026_14_MIN_NE,Mike Vrabel,mike_vrabel,josh_mcdaniels
2026,NO,14,2026_14_NO_CAR,Kellen Moore,kellen_moore,kellen_moore
2026,NYG,14,2026_14_NYG_SEA,John Harbaugh,john_harbaugh,matt_nagy
2026,NYJ,14,2026_14_DEN_NYJ,Aaron Glenn,aaron_glenn,frank_reich
2026,PHI,14,2026_14_IND_PHI,Nick Sirianni,nick_sirianni,sean_mannion
2026,PIT,14,2026_14_PIT_JAX,Mike McCarthy,mike_mccarthy,mike_mccarthy
2026,SEA,14,2026_14_NYG_SEA,Mike Macdonald,mike_macdonald,brian_fleury
2026,SF,14,2026_14_LA_SF,Kyle Shanahan,kyle_shanahan,kyle_shanahan
2026,TB,14,2026_14_TB_BAL,Todd Bowles,todd_bowles,zac_robinson
2026,TEN,14,2026_14_TEN_DET,Robert Saleh,robert_saleh,brian_daboll
2026,WAS,14,2026_14_HOU_WAS,Dan Quinn,dan_quinn,david_blough
2026,ARI,15,2026_15_NYJ_ARI,Jonathan Gannon,jonathan_gannon,mike_lafleur
2026,ATL,15,2026_15_ATL_WAS,Raheem Morris,raheem_morris,tommy_rees
2026,BAL,15,2026_15_BAL_PIT,Jesse Minter,jesse_minter,declan_doyle
2026,BUF,15,2026_15_CHI_BUF,Sean McDermott,sean_mcdermott,joe_brady
2026,CAR,15,2026_15_CIN_CAR,Dave Canales,dave_canales,dave_canales
2026,CHI,15,2026_15_CHI_BUF,Ben Johnson,ben_johnson,ben_johnson
2026,CIN,15,2026_15_CIN_CAR,Zac Taylor,zac_taylor,zac_taylor
2026,CLE,15,2026_15_CLE_NYG,Todd Monken,todd_monken,todd_monken
2026,DAL,15,2026_15_DAL_LA,Brian Schottenheimer,brian_schottenheimer,brian_schottenheimer
2026,DEN,15,2026_15_DEN_LV,Sean Payton,sean_payton,sean_payton
2026,DET,15,2026_15_DET_MIN,Dan Campbell,dan_campbell,drew_petzing
2026,GB,15,2026_15_MIA_GB,Matt LaFleur,matt_lafleur,matt_lafleur
2026,HOU,15,2026_15_JAX_HOU,DeMeco Ryans,demeco_ryans,nick_caley
2026,IND,15,2026_15_IND_TEN,Shane Steichen,shane_steichen,shane_steichen
2026,JAX,15,2026_15_JAX_HOU,Liam Coen,liam_coen,liam_coen
2026,KC,15,2026_15_NE_KC,Andy Reid,andy_reid,andy_reid
2026,LA,15,2026_15_DAL_LA,Sean McVay,sean_mcvay,sean_mcvay
2026,LAC,15,2026_15_SF_LAC,Jim Harbaugh,jim_harbaugh,mike_mcdaniel
2026,LV,15,2026_15_DEN_LV,Klint Kubliak,klint_kubliak,klint_kubiak
2026,MIA,15,2026_15_MIA_GB,Jeff Hafley,jeff_hafley,bobby_slowik
2026,MIN,15,2026_15_DET_MIN,Kevin O'Connell,kevin_oconnell,kevin_oconnell
2026,NE,15,2026_15_NE_KC,Mike Vrabel,mike_vrabel,josh_mcdaniels
2026,NO,15,2026_15_NO_TB,Kellen Moore,kellen_moore,kellen_moore
2026,NYG,15,2026_15_CLE_NYG,John Harbaugh,john_harbaugh,matt_nagy
2026,NYJ,15,2026_15_NYJ_ARI,Aaron Glenn,aaron_glenn,frank_reich
2026,PHI,15,2026_15_SEA_PHI,Nick Sirianni,nick_sirianni,sean_mannion
2026,PIT,15,2026_15_BAL_PIT,Mike McCarthy,mike_mccarthy,mike_mccarthy
2026,SEA,15,2026_15_SEA_PHI,Mike Macdonald,mike_macdonald,brian_fleury
2026,SF,15,2026_15_SF_LAC,Kyle Shanahan,kyle_shanahan,kyle_shanahan
2026,TB,15,2026_15_NO_TB,Todd Bowles,todd_bowles,zac_robinson
2026,TEN,15,2026_15_IND_TEN,Robert Saleh,robert_saleh,brian_daboll
2026,WAS,15,2026_15_ATL_WAS,Dan Quinn,dan_quinn,david_blough
2026,ARI,16,2026_16_ARI_NO,Jonathan Gannon,jonathan_gannon,mike_lafleur
2026,ATL,16,2026_16_TB_ATL,Raheem Morris,raheem_morris,tommy_rees
2026,BAL,16,2026_16_CLE_BAL,Jesse Minter,jesse_minter,declan_doyle
2026,BUF,16,2026_16_BUF_DEN,Sean McDermott,sean_mcdermott,joe_brady
2026,CAR,16,2026_16_CAR_PIT,Dave Canales,dave_canales,dave_canales
2026,CHI,16,2026_16_GB_CHI,Ben Johnson,ben_johnson,ben_johnson
2026,CIN,16,2026_16_CIN_IND,Zac Taylor,zac_taylor,zac_taylor
2026,CLE,16,2026_16_CLE_BAL,Todd Monken,todd_monken,todd_monken
2026,DAL,16,2026_16_JAX_DAL,Brian Schottenheimer,brian_schottenheimer,brian_schottenheimer
2026,DEN,16,2026_16_BUF_DEN,Sean Payton,sean_payton,sean_payton
2026,DET,16,2026_16_NYG_DET,Dan Campbell,dan_campbell,drew_petzing
2026,GB,16,2026_16_GB_CHI,Matt LaFleur,matt_lafleur,matt_lafleur
2026,HOU,16,2026_16_HOU_PHI,DeMeco Ryans,demeco_ryans,nick_caley
2026,IND,16,2026_16_CIN_IND,Shane Steichen,shane_steichen,shane_steichen
2026,JAX,16,2026_16_JAX_DAL,Liam Coen,liam_coen,liam_coen
2026,KC,16,2026_16_SF_KC,Andy Reid,andy_reid,andy_reid
2026,LA,16,2026_16_LA_SEA,Sean McVay,sean_mcvay,sean_mcvay
2026,LAC,16,2026_16_LAC_MIA,Jim Harbaugh,jim_harbaugh,mike_mcdaniel
2026,LV,16,2026_16_TEN_LV,Klint Kubliak,klint_kubliak,klint_kubiak
2026,MIA,16,2026_16_LAC_MIA,Jeff Hafley,jeff_hafley,bobby_slowik
2026,MIN,16,2026_16_WAS_MIN,Kevin O'Connell,kevin_oconnell,kevin_oconnell
2026,NE,16,2026_16_NE_NYJ,Mike Vrabel,mike_vrabel,josh_mcdaniels
2026,NO,16,2026_16_ARI_NO,Kellen Moore,kellen_moore,kellen_moore
2026,NYG,16,2026_16_NYG_DET,John Harbaugh,john_harbaugh,matt_nagy
2026,NYJ,16,2026_16_NE_NYJ,Aaron Glenn,aaron_glenn,frank_reich
2026,PHI,16,2026_16_HOU_PHI,Nick Sirianni,nick_sirianni,sean_mannion
2026,PIT,16,2026_16_CAR_PIT,Mike McCarthy,mike_mccarthy,mike_mccarthy
2026,SEA,16,2026_16_LA_SEA,Mike Macdonald,mike_macdonald,brian_fleury
2026,SF,16,2026_16_SF_KC,Kyle Shanahan,kyle_shanahan,kyle_shanahan
2026,TB,16,2026_16_TB_ATL,Todd Bowles,todd_bowles,zac_robinson
2026,TEN,16,2026_16_TEN_LV,Robert Saleh,robert_saleh,brian_daboll
2026,WAS,16,2026_16_WAS_MIN,Dan Quinn,dan_quinn,david_blough
2026,ARI,17,2026_17_LV_ARI,Jonathan Gannon,jonathan_gannon,mike_lafleur
2026,ATL,17,2026_17_NO_ATL,Raheem Morris,raheem_morris,tommy_rees
2026,BAL,17,2026_17_BAL_CIN,Jesse Minter,jesse_minter,declan_doyle
2026,BUF,17,2026_17_BUF_MIA,Sean McDermott,sean_mcdermott,joe_brady
2026,CAR,17,2026_17_SEA_CAR,Dave Canales,dave_canales,dave_canales
2026,CHI,17,2026_17_DET_CHI,Ben Johnson,ben_johnson,ben_johnson
2026,CIN,17,2026_17_BAL_CIN,Zac Taylor,zac_taylor,zac_taylor
2026,CLE,17,2026_17_IND_CLE,Todd Monken,todd_monken,todd_monken
2026,DAL,17,2026_17_NYG_DAL,Brian Schottenheimer,brian_schottenheimer,brian_schottenheimer
2026,DEN,17,2026_17_DEN_NE,Sean Payton,sean_payton,sean_payton
2026,DET,17,2026_17_DET_CHI,Dan Campbell,dan_campbell,drew_petzing
2026,GB,17,2026_17_HOU_GB,Matt LaFleur,matt_lafleur,matt_lafleur
2026,HOU,17,2026_17_HOU_GB,DeMeco Ryans,demeco_ryans,nick_caley
2026,IND,17,2026_17_IND_CLE,Shane Steichen,shane_steichen,shane_steichen
2026,JAX,17,2026_17_WAS_JAX,Liam Coen,liam_coen,liam_coen
2026,KC,17,2026_17_KC_LAC,Andy Reid,andy_reid,andy_reid
2026,LA,17,2026_17_LA_TB,Sean McVay,sean_mcvay,sean_mcvay
2026,LAC,17,2026_17_KC_LAC,Jim Harbaugh,jim_harbaugh,mike_mcdaniel
2026,LV,17,2026_17_LV_ARI,Klint Kubliak,klint_kubliak,klint_kubiak
2026,MIA,17,2026_17_BUF_MIA,Jeff Hafley,jeff_hafley,bobby_slowik
2026,MIN,17,2026_17_MIN_NYJ,Kevin O'Connell,kevin_oconnell,kevin_oconnell
2026,NE,17,2026_17_DEN_NE,Mike Vrabel,mike_vrabel,josh_mcdaniels
2026,NO,17,2026_17_NO_ATL,Kellen Moore,kellen_moore,kellen_moore
2026,NYG,17,2026_17_NYG_DAL,John Harbaugh,john_harbaugh,matt_nagy
2026,NYJ,17,2026_17_MIN_NYJ,Aaron Glenn,aaron_glenn,frank_reich
2026,PHI,17,2026_17_PHI_SF,Nick Sirianni,nick_sirianni,sean_mannion
2026,PIT,17,2026_17_PIT_TEN,Mike McCarthy,mike_mccarthy,mike_mccarthy
2026,SEA,17,2026_17_SEA_CAR,Mike Macdonald,mike_macdonald,brian_fleury
2026,SF,17,2026_17_PHI_SF,Kyle Shanahan,kyle_shanahan,kyle_shanahan
2026,TB,17,2026_17_LA_TB,Todd Bowles,todd_bowles,zac_robinson
2026,TEN,17,2026_17_PIT_TEN,Robert Saleh,robert_saleh,brian_daboll
2026,WAS,17,2026_17_WAS_JAX,Dan Quinn,dan_quinn,david_blough
2026,ARI,18,2026_18_SF_ARI,Jonathan Gannon,jonathan_gannon,mike_lafleur
2026,ATL,18,2026_18_ATL_CAR,Raheem Morris,raheem_morris,tommy_rees
2026,BAL,18,2026_18_PIT_BAL,Jesse Minter,jesse_minter,declan_doyle
2026,BUF,18,2026_18_NYJ_BUF,Sean McDermott,sean_mcdermott,joe_brady
2026,CAR,18,2026_18_ATL_CAR,Dave Canales,dave_canales,dave_canales
2026,CHI,18,2026_18_CHI_MIN,Ben Johnson,ben_johnson,ben_johnson
2026,CIN,18,2026_18_CLE_CIN,Zac Taylor,zac_taylor,zac_taylor
2026,CLE,18,2026_18_CLE_CIN,Todd Monken,todd_monken,todd_monken
2026,DAL,18,2026_18_DAL_WAS,Brian Schottenheimer,brian_schottenheimer,brian_schottenheimer
2026,DEN,18,2026_18_LAC_DEN,Sean Payton,sean_payton,sean_payton
2026,DET,18,2026_18_DET_GB,Dan Campbell,dan_campbell,drew_petzing
2026,GB,18,2026_18_DET_GB,Matt LaFleur,matt_lafleur,matt_lafleur
2026,HOU,18,2026_18_TEN_HOU,DeMeco Ryans,demeco_ryans,nick_caley
2026,IND,18,2026_18_JAX_IND,Shane Steichen,shane_steichen,shane_steichen
2026,JAX,18,2026_18_JAX_IND,Liam Coen,liam_coen,liam_coen
2026,KC,18,2026_18_LV_KC,Andy Reid,andy_reid,andy_reid
2026,LA,18,2026_18_SEA_LA,Sean McVay,sean_mcvay,sean_mcvay
2026,LAC,18,2026_18_LAC_DEN,Jim Harbaugh,jim_harbaugh,mike_mcdaniel
2026,LV,18,2026_18_LV_KC,Klint Kubliak,klint_kubliak,klint_kubiak
2026,MIA,18,2026_18_MIA_NE,Jeff Hafley,jeff_hafley,bobby_slowik
2026,MIN,18,2026_18_CHI_MIN,Kevin O'Connell,kevin_oconnell,kevin_oconnell
2026,NE,18,2026_18_MIA_NE,Mike Vrabel,mike_vrabel,josh_mcdaniels
2026,NO,18,2026_18_TB_NO,Kellen Moore,kellen_moore,kellen_moore
2026,NYG,18,2026_18_PHI_NYG,John Harbaugh,john_harbaugh,matt_nagy
2026,NYJ,18,2026_18_NYJ_BUF,Aaron Glenn,aaron_glenn,frank_reich
2026,PHI,18,2026_18_PHI_NYG,Nick Sirianni,nick_sirianni,sean_mannion
2026,PIT,18,2026_18_PIT_BAL,Mike McCarthy,mike_mccarthy,mike_mccarthy
2026,SEA,18,2026_18_SEA_LA,Mike Macdonald,mike_macdonald,brian_fleury
2026,SF,18,2026_18_SF_ARI,Kyle Shanahan,kyle_shanahan,kyle_shanahan
2026,TB,18,2026_18_TB_NO,Todd Bowles,todd_bowles,zac_robinson
2026,TEN,18,2026_18_TEN_HOU,Robert Saleh,robert_saleh,brian_daboll
2026,WAS,18,2026_18_DAL_WAS,Dan Quinn,dan_quinn,david_blough
