season,week,team,head_coach,game_id
1999,1,ARI,Vince Tobin,1999_01_ARI_PHI
1999,1,ATL,Dan Reeves,1999_01_MIN_ATL
1999,1,BAL,Brian Billick,1999_01_BAL_STL
1999,1,BUF,Wade Phillips,1999_01_BUF_IND
1999,1,CAR,George Seifert,1999_01_CAR_NO
1999,1,CHI,Dick Jauron,1999_01_KC_CHI
1999,1,CIN,Bruce Coslet,1999_01_CIN_TEN
1999,1,CLE,Chris Palmer,1999_01_PIT_CLE
1999,1,DAL,Chan Gailey,1999_01_DAL_WAS
1999,1,DEN,Mike Shanahan,1999_01_MIA_DEN
1999,1,DET,Bobby Ross,1999_01_DET_SEA
1999,1,GB,Ray Rhodes,1999_01_OAK_GB
1999,1,IND,Jim Mora,1999_01_BUF_IND
1999,1,JAX,Tom Coughlin,1999_01_SF_JAX
1999,1,KC,Gunther Cunningham,1999_01_KC_CHI
1999,1,LA,Dick Vermeil,1999_01_BAL_STL
1999,1,LV,Jon Gruden,1999_01_OAK_GB
1999,1,MIA,Jimmy Johnson,1999_01_MIA_DEN
1999,1,MIN,Dennis Green,1999_01_MIN_ATL
1999,1,NE,Pete Carroll,1999_01_NE_NYJ
1999,1,NO,Mike Ditka,1999_01_CAR_NO
1999,1,NYG,Jim Fassel,1999_01_NYG_TB
1999,1,NYJ,Bill Parcells,1999_01_NE_NYJ
1999,1,PHI,Andy Reid,1999_01_ARI_PHI
1999,1,PIT,Bill Cowher,1999_01_PIT_CLE
1999,1,SEA,Mike Holmgren,1999_01_DET_SEA
1999,1,SF,Steve Mariucci,1999_01_SF_JAX
1999,1,TB,Tony Dungy,1999_01_NYG_TB
1999,1,TEN,Jeff Fisher,1999_01_CIN_TEN
1999,1,WAS,Norv Turner,1999_01_DAL_WAS
1999,2,ARI,Vince Tobin,1999_02_ARI_MIA
1999,2,ATL,Dan Reeves,1999_02_ATL_DAL
1999,2,BAL,Brian Billick,1999_02_PIT_BAL
1999,2,BUF,Wade Phillips,1999_02_NYJ_BUF
1999,2,CAR,George Seifert,1999_02_JAX_CAR
1999,2,CHI,Dick Jauron,1999_02_SEA_CHI
1999,2,CIN,Bruce Coslet,1999_02_SD_CIN
1999,2,CLE,Chris Palmer,1999_02_CLE_TEN
1999,2,DAL,Chan Gailey,1999_02_ATL_DAL
1999,2,DEN,Mike Shanahan,1999_02_DEN_KC
1999,2,DET,Bobby Ross,1999_02_GB_DET
1999,2,GB,Ray Rhodes,1999_02_GB_DET
1999,2,IND,Jim Mora,1999_02_IND_NE
1999,2,JAX,Tom Coughlin,1999_02_JAX_CAR
1999,2,KC,Gunther Cunningham,1999_02_DEN_KC
1999,2,LAC,Mike Riley,1999_02_SD_CIN
1999,2,LV,Jon Gruden,1999_02_OAK_MIN
1999,2,MIA,Jimmy Johnson,1999_02_ARI_MIA
1999,2,MIN,Dennis Green,1999_02_OAK_MIN
1999,2,NE,Pete Carroll,1999_02_IND_NE
1999,2,NO,Mike Ditka,1999_02_NO_SF
1999,2,NYG,Jim Fassel,1999_02_WAS_NYG
1999,2,NYJ,Bill Parcells,1999_02_NYJ_BUF
1999,2,PHI,Andy Reid,1999_02_TB_PHI
1999,2,PIT,Bill Cowher,1999_02_PIT_BAL
1999,2,SEA,Mike Holmgren,1999_02_SEA_CHI
1999,2,SF,Steve Mariucci,1999_02_NO_SF
1999,2,TB,Tony Dungy,1999_02_TB_PHI
1999,2,TEN,Jeff Fisher,1999_02_CLE_TEN
1999,2,WAS,Norv Turner,1999_02_WAS_NYG
1999,3,ARI,Vince Tobin,1999_03_SF_ARI
1999,3,ATL,Dan Reeves,1999_03_ATL_STL
1999,3,BAL,Brian Billick,1999_03_CLE_BAL
1999,3,BUF,Wade Phillips,1999_03_PHI_BUF
1999,3,CAR,George Seifert,1999_03_CIN_CAR
1999,3,CHI,Dick Jauron,1999_03_CHI_OAK
1999,3,CIN,Bruce Coslet,1999_03_CIN_CAR
1999,3,CLE,Chris Palmer,1999_03_CLE_BAL
1999,3,DEN,Mike Shanahan,1999_03_DEN_TB
1999,3,DET,Bobby Ross,1999_03_DET_KC
1999,3,GB,Ray Rhodes,1999_03_MIN_GB
1999,3,IND,Jim Mora,1999_03_IND_SD
1999,3,JAX,Tom Coughlin,1999_03_TEN_JAX
1999,3,KC,Gunther Cunningham,1999_03_DET_KC
1999,3,LA,Dick Vermeil,1999_03_ATL_STL
1999,3,LAC,Mike Riley,1999_03_IND_SD
1999,3,LV,Jon Gruden,1999_03_CHI_OAK
1999,3,MIN,Dennis Green,1999_03_MIN_GB
1999,3,NE,Pete Carroll,1999_03_NYG_NE
1999,3,NYG,Jim Fassel,1999_03_NYG_NE
1999,3,NYJ,Bill Parcells,1999_03_WAS_NYJ
1999,3,PHI,Andy Reid,1999_03_PHI_BUF
1999,3,PIT,Bill Cowher,1999_03_SEA_PIT
1999,3,SEA,Mike Holmgren,1999_03_SEA_PIT
1999,3,SF,Steve Mariucci,1999_03_SF_ARI
1999,3,TB,Tony Dungy,1999_03_DEN_TB
1999,3,TEN,Jeff Fisher,1999_03_TEN_JAX
1999,3,WAS,Norv Turner,1999_03_WAS_NYJ
1999,4,ARI,Vince Tobin,1999_04_ARI_DAL
1999,4,ATL,Dan Reeves,1999_04_BAL_ATL
1999,4,BAL,Brian Billick,1999_04_BAL_ATL
1999,4,BUF,Wade Phillips,1999_04_BUF_MIA
1999,4,CAR,George Seifert,1999_04_CAR_WAS
1999,4,CHI,Dick Jauron,1999_04_NO_CHI
1999,4,CIN,Bruce Coslet,1999_04_STL_CIN
1999,4,CLE,Chris Palmer,1999_04_NE_CLE
1999,4,DAL,Chan Gailey,1999_04_ARI_DAL
1999,4,DEN,Mike Shanahan,1999_04_NYJ_DEN
1999,4,JAX,Tom Coughlin,1999_04_JAX_PIT
1999,4,KC,Gunther Cunningham,1999_04_KC_SD
1999,4,LA,Dick Vermeil,1999_04_STL_CIN
1999,4,LAC,Mike Riley,1999_04_KC_SD
1999,4,LV,Jon Gruden,1999_04_OAK_SEA
1999,4,MIA,Jimmy Johnson,1999_04_BUF_MIA
1999,4,MIN,Dennis Green,1999_04_TB_MIN
1999,4,NE,Pete Carroll,1999_04_NE_CLE
1999,4,NO,Mike Ditka,1999_04_NO_CHI
1999,4,NYG,Jim Fassel,1999_04_PHI_NYG
1999,4,NYJ,Bill Parcells,1999_04_NYJ_DEN
1999,4,PHI,Andy Reid,1999_04_PHI_NYG
1999,4,PIT,Bill Cowher,1999_04_JAX_PIT
1999,4,SEA,Mike Holmgren,1999_04_OAK_SEA
1999,4,SF,Steve Mariucci,1999_04_TEN_SF
1999,4,TB,Tony Dungy,1999_04_TB_MIN
1999,4,TEN,Jeff Fisher,1999_04_TEN_SF
1999,4,WAS,Norv Turner,1999_04_CAR_WAS
1999,5,ARI,Vince Tobin,1999_05_NYG_ARI
1999,5,ATL,Dan Reeves,1999_05_ATL_NO
1999,5,BAL,Brian Billick,1999_05_BAL_TEN
1999,5,BUF,Wade Phillips,1999_05_PIT_BUF
1999,5,CHI,Dick Jauron,1999_05_CHI_MIN
1999,5,CIN,Bruce Coslet,1999_05_CIN_CLE
1999,5,CLE,Chris Palmer,1999_05_CIN_CLE
1999,5,DAL,Chan Gailey,1999_05_DAL_PHI
1999,5,DEN,Mike Shanahan,1999_05_DEN_OAK
1999,5,DET,Bobby Ross,1999_05_SD_DET
1999,5,GB,Ray Rhodes,1999_05_TB_GB
1999,5,IND,Jim Mora,1999_05_MIA_IND
1999,5,JAX,Tom Coughlin,1999_05_JAX_NYJ
1999,5,KC,Gunther Cunningham,1999_05_NE_KC
1999,5,LA,Dick Vermeil,1999_05_SF_STL
1999,5,LAC,Mike Riley,1999_05_SD_DET
1999,5,LV,Jon Gruden,1999_05_DEN_OAK
1999,5,MIA,Jimmy Johnson,1999_05_MIA_IND
1999,5,MIN,Dennis Green,1999_05_CHI_MIN
1999,5,NE,Pete Carroll,1999_05_NE_KC
1999,5,NO,Mike Ditka,1999_05_ATL_NO
1999,5,NYG,Jim Fassel,1999_05_NYG_ARI
1999,5,NYJ,Bill Parcells,1999_05_JAX_NYJ
1999,5,PHI,Andy Reid,1999_05_DAL_PHI
1999,5,PIT,Bill Cowher,1999_05_PIT_BUF
1999,5,SF,Steve Mariucci,1999_05_SF_STL
1999,5,TB,Tony Dungy,1999_05_TB_GB
1999,5,TEN,Jeff Fisher,1999_05_BAL_TEN
1999,6,ARI,Vince Tobin,1999_06_WAS_ARI
1999,6,ATL,Dan Reeves,1999_06_STL_ATL
1999,6,BUF,Wade Phillips,1999_06_OAK_BUF
1999,6,CAR,George Seifert,1999_06_CAR_SF
1999,6,CHI,Dick Jauron,1999_06_PHI_CHI
1999,6,CIN,Bruce Coslet,1999_06_PIT_CIN
1999,6,CLE,Chris Palmer,1999_06_CLE_JAX
1999,6,DAL,Chan Gailey,1999_06_DAL_NYG
1999,6,DEN,Mike Shanahan,1999_06_GB_DEN
1999,6,DET,Bobby Ross,1999_06_MIN_DET
1999,6,GB,Ray Rhodes,1999_06_GB_DEN
1999,6,IND,Jim Mora,1999_06_IND_NYJ
1999,6,JAX,Tom Coughlin,1999_06_CLE_JAX
1999,6,LA,Dick Vermeil,1999_06_STL_ATL
1999,6,LAC,Mike Riley,1999_06_SEA_SD
1999,6,LV,Jon Gruden,1999_06_OAK_BUF
1999,6,MIA,Jimmy Johnson,1999_06_MIA_NE
1999,6,MIN,Dennis Green,1999_06_MIN_DET
1999,6,NE,Pete Carroll,1999_06_MIA_NE
1999,6,NO,Mike Ditka,1999_06_TEN_NO
1999,6,NYG,Jim Fassel,1999_06_DAL_NYG
1999,6,NYJ,Bill Parcells,1999_06_IND_NYJ
1999,6,PHI,Andy Reid,1999_06_PHI_CHI
1999,6,PIT,Bill Cowher,1999_06_PIT_CIN
1999,6,SEA,Mike Holmgren,1999_06_SEA_SD
1999,6,SF,Steve Mariucci,1999_06_CAR_SF
1999,6,TEN,Jeff Fisher,1999_06_TEN_NO
1999,6,WAS,Norv Turner,1999_06_WAS_ARI
1999,7,ATL,Dan Reeves,1999_07_ATL_PIT
1999,7,BAL,Brian Billick,1999_07_KC_BAL
1999,7,BUF,Wade Phillips,1999_07_BUF_SEA
1999,7,CAR,George Seifert,1999_07_DET_CAR
1999,7,CHI,Dick Jauron,1999_07_CHI_TB
1999,7,CIN,Bruce Coslet,1999_07_CIN_IND
1999,7,CLE,Chris Palmer,1999_07_CLE_STL
1999,7,DAL,Chan Gailey,1999_07_WAS_DAL
1999,7,DEN,Mike Shanahan,1999_07_DEN_NE
1999,7,DET,Bobby Ross,1999_07_DET_CAR
1999,7,GB,Ray Rhodes,1999_07_GB_SD
1999,7,IND,Jim Mora,1999_07_CIN_IND
1999,7,KC,Gunther Cunningham,1999_07_KC_BAL
1999,7,LA,Dick Vermeil,1999_07_CLE_STL
1999,7,LAC,Mike Riley,1999_07_GB_SD
1999,7,LV,Jon Gruden,1999_07_NYJ_OAK
1999,7,MIA,Jimmy Johnson,1999_07_PHI_MIA
1999,7,MIN,Dennis Green,1999_07_SF_MIN
1999,7,NE,Pete Carroll,1999_07_DEN_NE
1999,7,NO,Mike Ditka,1999_07_NO_NYG
1999,7,NYG,Jim Fassel,1999_07_NO_NYG
1999,7,NYJ,Bill Parcells,1999_07_NYJ_OAK
1999,7,PHI,Andy Reid,1999_07_PHI_MIA
1999,7,PIT,Bill Cowher,1999_07_ATL_PIT
1999,7,SEA,Mike Holmgren,1999_07_BUF_SEA
1999,7,SF,Steve Mariucci,1999_07_SF_MIN
1999,7,TB,Tony Dungy,1999_07_CHI_TB
1999,7,WAS,Norv Turner,1999_07_WAS_DAL
1999,8,ARI,Vince Tobin,1999_08_NE_ARI
1999,8,ATL,Dan Reeves,1999_08_CAR_ATL
1999,8,BAL,Brian Billick,1999_08_BUF_BAL
1999,8,BUF,Wade Phillips,1999_08_BUF_BAL
1999,8,CAR,George Seifert,1999_08_CAR_ATL
1999,8,CHI,Dick Jauron,1999_08_CHI_WAS
1999,8,CIN,Bruce Coslet,1999_08_JAX_CIN
1999,8,CLE,Chris Palmer,1999_08_CLE_NO
1999,8,DAL,Chan Gailey,1999_08_DAL_IND
1999,8,DEN,Mike Shanahan,1999_08_MIN_DEN
1999,8,DET,Bobby Ross,1999_08_TB_DET
1999,8,GB,Ray Rhodes,1999_08_SEA_GB
1999,8,IND,Jim Mora,1999_08_DAL_IND
1999,8,JAX,Tom Coughlin,1999_08_JAX_CIN
1999,8,KC,Gunther Cunningham,1999_08_SD_KC
1999,8,LA,Dick Vermeil,1999_08_STL_TEN
1999,8,LAC,Mike Riley,1999_08_SD_KC
1999,8,LV,Jon Gruden,1999_08_MIA_OAK
1999,8,MIA,Jimmy Johnson,1999_08_MIA_OAK
1999,8,MIN,Dennis Green,1999_08_MIN_DEN
1999,8,NE,Pete Carroll,1999_08_NE_ARI
1999,8,NO,Mike Ditka,1999_08_CLE_NO
1999,8,NYG,Jim Fassel,1999_08_NYG_PHI
1999,8,PHI,Andy Reid,1999_08_NYG_PHI
1999,8,SEA,Mike Holmgren,1999_08_SEA_GB
1999,8,TB,Tony Dungy,1999_08_TB_DET
1999,8,TEN,Jeff Fisher,1999_08_STL_TEN
1999,8,WAS,Norv Turner,1999_08_CHI_WAS
1999,9,ARI,Vince Tobin,1999_09_ARI_NYJ
1999,9,ATL,Dan Reeves,1999_09_JAX_ATL
1999,9,BAL,Brian Billick,1999_09_BAL_CLE
1999,9,BUF,Wade Phillips,1999_09_BUF_WAS
1999,9,CAR,George Seifert,1999_09_PHI_CAR
1999,9,CHI,Dick Jauron,1999_09_CHI_GB
1999,9,CIN,Bruce Coslet,1999_09_CIN_SEA
1999,9,CLE,Chris Palmer,1999_09_BAL_CLE
1999,9,DAL,Chan Gailey,1999_09_DAL_MIN
1999,9,DEN,Mike Shanahan,1999_09_DEN_SD
1999,9,DET,Bobby Ross,1999_09_STL_DET
1999,9,GB,Ray Rhodes,1999_09_CHI_GB
1999,9,IND,Jim Mora,1999_09_KC_IND
1999,9,JAX,Tom Coughlin,1999_09_JAX_ATL
1999,9,KC,Gunther Cunningham,1999_09_KC_IND
1999,9,LA,Dick Vermeil,1999_09_STL_DET
1999,9,LAC,Mike Riley,1999_09_DEN_SD
1999,9,MIA,Jimmy Johnson,1999_09_TEN_MIA
1999,9,MIN,Dennis Green,1999_09_DAL_MIN
1999,9,NO,Mike Ditka,1999_09_TB_NO
1999,9,NYJ,Bill Parcells,1999_09_ARI_NYJ
1999,9,PHI,Andy Reid,1999_09_PHI_CAR
1999,9,PIT,Bill Cowher,1999_09_PIT_SF
1999,9,SEA,Mike Holmgren,1999_09_CIN_SEA
1999,9,SF,Steve Mariucci,1999_09_PIT_SF
1999,9,TB,Tony Dungy,1999_09_TB_NO
1999,9,TEN,Jeff Fisher,1999_09_TEN_MIA
1999,9,WAS,Norv Turner,1999_09_BUF_WAS
1999,10,ARI,Vince Tobin,1999_10_DET_ARI
1999,10,BAL,Brian Billick,1999_10_BAL_JAX
1999,10,BUF,Wade Phillips,1999_10_MIA_BUF
1999,10,CAR,George Seifert,1999_10_CAR_STL
1999,10,CHI,Dick Jauron,1999_10_MIN_CHI
1999,10,CIN,Bruce Coslet,1999_10_TEN_CIN
1999,10,CLE,Chris Palmer,1999_10_CLE_PIT
1999,10,DAL,Chan Gailey,1999_10_GB_DAL
1999,10,DEN,Mike Shanahan,1999_10_DEN_SEA
1999,10,DET,Bobby Ross,1999_10_DET_ARI
1999,10,GB,Ray Rhodes,1999_10_GB_DAL
1999,10,IND,Jim Mora,1999_10_IND_NYG
1999,10,JAX,Tom Coughlin,1999_10_BAL_JAX
1999,10,KC,Gunther Cunningham,1999_10_KC_TB
1999,10,LA,Dick Vermeil,1999_10_CAR_STL
1999,10,LAC,Mike Riley,1999_10_SD_OAK
1999,10,LV,Jon Gruden,1999_10_SD_OAK
1999,10,MIA,Jimmy Johnson,1999_10_MIA_BUF
1999,10,MIN,Dennis Green,1999_10_MIN_CHI
1999,10,NE,Pete Carroll,1999_10_NYJ_NE
1999,10,NO,Mike Ditka,1999_10_SF_NO
1999,10,NYG,Jim Fassel,1999_10_IND_NYG
1999,10,NYJ,Bill Parcells,1999_10_NYJ_NE
1999,10,PHI,Andy Reid,1999_10_WAS_PHI
1999,10,PIT,Bill Cowher,1999_10_CLE_PIT
1999,10,SEA,Mike Holmgren,1999_10_DEN_SEA
1999,10,SF,Steve Mariucci,1999_10_SF_NO
1999,10,TB,Tony Dungy,1999_10_KC_TB
1999,10,TEN,Jeff Fisher,1999_10_TEN_CIN
1999,10,WAS,Norv Turner,1999_10_WAS_PHI
1999,11,ARI,Vince Tobin,1999_11_DAL_ARI
1999,11,ATL,Dan Reeves,1999_11_ATL_TB
1999,11,BAL,Brian Billick,1999_11_BAL_CIN
1999,11,BUF,Wade Phillips,1999_11_BUF_NYJ
1999,11,CAR,George Seifert,1999_11_CAR_CLE
1999,11,CHI,Dick Jauron,1999_11_CHI_SD
1999,11,CIN,Bruce Coslet,1999_11_BAL_CIN
1999,11,CLE,Chris Palmer,1999_11_CAR_CLE
1999,11,DAL,Chan Gailey,1999_11_DAL_ARI
1999,11,DEN,Mike Shanahan,1999_11_OAK_DEN
1999,11,DET,Bobby Ross,1999_11_DET_GB
1999,11,GB,Ray Rhodes,1999_11_DET_GB
1999,11,IND,Jim Mora,1999_11_IND_PHI
1999,11,JAX,Tom Coughlin,1999_11_NO_JAX
1999,11,KC,Gunther Cunningham,1999_11_SEA_KC
1999,11,LA,Dick Vermeil,1999_11_STL_SF
1999,11,LAC,Mike Riley,1999_11_CHI_SD
1999,11,LV,Jon Gruden,1999_11_OAK_DEN
1999,11,MIA,Jimmy Johnson,1999_11_NE_MIA
1999,11,NE,Pete Carroll,1999_11_NE_MIA
1999,11,NO,Mike Ditka,1999_11_NO_JAX
1999,11,NYG,Jim Fassel,1999_11_NYG_WAS
1999,11,NYJ,Bill Parcells,1999_11_BUF_NYJ
1999,11,PHI,Andy Reid,1999_11_IND_PHI
1999,11,PIT,Bill Cowher,1999_11_PIT_TEN
1999,11,SEA,Mike Holmgren,1999_11_SEA_KC
1999,11,SF,Steve Mariucci,1999_11_STL_SF
1999,11,TB,Tony Dungy,1999_11_ATL_TB
1999,11,TEN,Jeff Fisher,1999_11_PIT_TEN
1999,11,WAS,Norv Turner,1999_11_NYG_WAS
1999,12,ARI,Vince Tobin,1999_12_ARI_NYG
1999,12,ATL,Dan Reeves,1999_12_ATL_CAR
1999,12,BAL,Brian Billick,1999_12_JAX_BAL
1999,12,BUF,Wade Phillips,1999_12_NE_BUF
1999,12,CAR,George Seifert,1999_12_ATL_CAR
1999,12,CHI,Dick Jauron,1999_12_CHI_DET
1999,12,CIN,Bruce Coslet,1999_12_CIN_PIT
1999,12,CLE,Chris Palmer,1999_12_TEN_CLE
1999,12,DAL,Chan Gailey,1999_12_MIA_DAL
1999,12,DET,Bobby Ross,1999_12_CHI_DET
1999,12,GB,Ray Rhodes,1999_12_GB_SF
1999,12,IND,Jim Mora,1999_12_NYJ_IND
1999,12,JAX,Tom Coughlin,1999_12_JAX_BAL
1999,12,KC,Gunther Cunningham,1999_12_KC_OAK
1999,12,LA,Dick Vermeil,1999_12_NO_STL
1999,12,LAC,Mike Riley,1999_12_SD_MIN
1999,12,LV,Jon Gruden,1999_12_KC_OAK
1999,12,MIA,Jimmy Johnson,1999_12_MIA_DAL
1999,12,MIN,Dennis Green,1999_12_SD_MIN
1999,12,NE,Pete Carroll,1999_12_NE_BUF
1999,12,NO,Mike Ditka,1999_12_NO_STL
1999,12,NYG,Jim Fassel,1999_12_ARI_NYG
1999,12,NYJ,Bill Parcells,1999_12_NYJ_IND
1999,12,PHI,Andy Reid,1999_12_PHI_WAS
1999,12,PIT,Bill Cowher,1999_12_CIN_PIT
1999,12,SEA,Mike Holmgren,1999_12_TB_SEA
1999,12,SF,Steve Mariucci,1999_12_GB_SF
1999,12,TB,Tony Dungy,1999_12_TB_SEA
1999,12,TEN,Jeff Fisher,1999_12_TEN_CLE
1999,12,WAS,Norv Turner,1999_12_PHI_WAS
1999,13,ARI,Vince Tobin,1999_13_PHI_ARI
1999,13,ATL,Dan Reeves,1999_13_NO_ATL
1999,13,BAL,Brian Billick,1999_13_TEN_BAL
1999,13,CAR,George Seifert,1999_13_STL_CAR
1999,13,CHI,Dick Jauron,1999_13_GB_CHI
1999,13,CIN,Bruce Coslet,1999_13_SF_CIN
1999,13,CLE,Chris Palmer,1999_13_CLE_SD
1999,13,DAL,Chan Gailey,1999_13_DAL_NE
1999,13,DEN,Mike Shanahan,1999_13_KC_DEN
1999,13,DET,Bobby Ross,1999_13_WAS_DET
1999,13,GB,Ray Rhodes,1999_13_GB_CHI
1999,13,IND,Jim Mora,1999_13_IND_MIA
1999,13,JAX,Tom Coughlin,1999_13_PIT_JAX
1999,13,KC,Gunther Cunningham,1999_13_KC_DEN
1999,13,LA,Dick Vermeil,1999_13_STL_CAR
1999,13,LAC,Mike Riley,1999_13_CLE_SD
1999,13,LV,Jon Gruden,1999_13_SEA_OAK
1999,13,MIA,Jimmy Johnson,1999_13_IND_MIA
1999,13,MIN,Dennis Green,1999_13_MIN_TB
1999,13,NE,Pete Carroll,1999_13_DAL_NE
1999,13,NO,Mike Ditka,1999_13_NO_ATL
1999,13,NYG,Jim Fassel,1999_13_NYJ_NYG
1999,13,NYJ,Bill Parcells,1999_13_NYJ_NYG
1999,13,PHI,Andy Reid,1999_13_PHI_ARI
1999,13,PIT,Bill Cowher,1999_13_PIT_JAX
1999,13,SEA,Mike Holmgren,1999_13_SEA_OAK
1999,13,SF,Steve Mariucci,1999_13_SF_CIN
1999,13,TB,Tony Dungy,1999_13_MIN_TB
1999,13,TEN,Jeff Fisher,1999_13_TEN_BAL
1999,13,WAS,Norv Turner,1999_13_WAS_DET
1999,14,ARI,Vince Tobin,1999_14_ARI_WAS
1999,14,ATL,Dan Reeves,1999_14_ATL_SF
1999,14,BAL,Brian Billick,1999_14_BAL_PIT
1999,14,BUF,Wade Phillips,1999_14_NYG_BUF
1999,14,CAR,George Seifert,1999_14_CAR_GB
1999,14,CIN,Bruce Coslet,1999_14_CLE_CIN
1999,14,CLE,Chris Palmer,1999_14_CLE_CIN
1999,14,DAL,Chan Gailey,1999_14_PHI_DAL
1999,14,DEN,Mike Shanahan,1999_14_DEN_JAX
1999,14,DET,Bobby Ross,1999_14_DET_TB
1999,14,GB,Ray Rhodes,1999_14_CAR_GB
1999,14,IND,Jim Mora,1999_14_NE_IND
1999,14,JAX,Tom Coughlin,1999_14_DEN_JAX
1999,14,KC,Gunther Cunningham,1999_14_MIN_KC
1999,14,LA,Dick Vermeil,1999_14_STL_NO
1999,14,LAC,Mike Riley,1999_14_SD_SEA
1999,14,LV,Jon Gruden,1999_14_OAK_TEN
1999,14,MIA,Jimmy Johnson,1999_14_MIA_NYJ
1999,14,MIN,Dennis Green,1999_14_MIN_KC
1999,14,NE,Pete Carroll,1999_14_NE_IND
1999,14,NO,Mike Ditka,1999_14_STL_NO
1999,14,NYG,Jim Fassel,1999_14_NYG_BUF
1999,14,NYJ,Bill Parcells,1999_14_MIA_NYJ
1999,14,PHI,Andy Reid,1999_14_PHI_DAL
1999,14,PIT,Bill Cowher,1999_14_BAL_PIT
1999,14,SEA,Mike Holmgren,1999_14_SD_SEA
1999,14,SF,Steve Mariucci,1999_14_ATL_SF
1999,14,TB,Tony Dungy,1999_14_DET_TB
1999,14,TEN,Jeff Fisher,1999_14_OAK_TEN
1999,14,WAS,Norv Turner,1999_14_ARI_WAS
1999,15,ARI,Vince Tobin,1999_15_BUF_ARI
1999,15,ATL,Dan Reeves,1999_15_ATL_TEN
1999,15,BAL,Brian Billick,1999_15_NO_BAL
1999,15,BUF,Wade Phillips,1999_15_BUF_ARI
1999,15,CAR,George Seifert,1999_15_SF_CAR
1999,15,CHI,Dick Jauron,1999_15_DET_CHI
1999,15,CLE,Chris Palmer,1999_15_JAX_CLE
1999,15,DAL,Chan Gailey,1999_15_NYJ_DAL
1999,15,DEN,Mike Shanahan,1999_15_SEA_DEN
1999,15,DET,Bobby Ross,1999_15_DET_CHI
1999,15,GB,Ray Rhodes,1999_15_GB_MIN
1999,15,IND,Jim Mora,1999_15_WAS_IND
1999,15,JAX,Tom Coughlin,1999_15_JAX_CLE
1999,15,KC,Gunther Cunningham,1999_15_PIT_KC
1999,15,LA,Dick Vermeil,1999_15_NYG_STL
1999,15,LAC,Mike Riley,1999_15_SD_MIA
1999,15,LV,Jon Gruden,1999_15_TB_OAK
1999,15,MIA,Jimmy Johnson,1999_15_SD_MIA
1999,15,MIN,Dennis Green,1999_15_GB_MIN
1999,15,NE,Pete Carroll,1999_15_NE_PHI
1999,15,NO,Mike Ditka,1999_15_NO_BAL
1999,15,NYG,Jim Fassel,1999_15_NYG_STL
1999,15,NYJ,Bill Parcells,1999_15_NYJ_DAL
1999,15,PHI,Andy Reid,1999_15_NE_PHI
1999,15,PIT,Bill Cowher,1999_15_PIT_KC
1999,15,SEA,Mike Holmgren,1999_15_SEA_DEN
1999,15,SF,Steve Mariucci,1999_15_SF_CAR
1999,15,TB,Tony Dungy,1999_15_TB_OAK
1999,15,TEN,Jeff Fisher,1999_15_ATL_TEN
1999,15,WAS,Norv Turner,1999_15_WAS_IND
1999,16,ARI,Vince Tobin,1999_16_ARI_ATL
1999,16,ATL,Dan Reeves,1999_16_ARI_ATL
1999,16,BAL,Brian Billick,1999_16_CIN_BAL
1999,16,BUF,Wade Phillips,1999_16_BUF_NE
1999,16,CAR,George Seifert,1999_16_CAR_PIT
1999,16,CHI,Dick Jauron,1999_16_CHI_STL
1999,16,CIN,Bruce Coslet,1999_16_CIN_BAL
1999,16,CLE,Chris Palmer,1999_16_IND_CLE
1999,16,DAL,Chan Gailey,1999_16_DAL_NO
1999,16,DEN,Mike Shanahan,1999_16_DEN_DET
1999,16,DET,Bobby Ross,1999_16_DEN_DET
1999,16,GB,Ray Rhodes,1999_16_GB_TB
1999,16,IND,Jim Mora,1999_16_IND_CLE
1999,16,JAX,Tom Coughlin,1999_16_JAX_TEN
1999,16,KC,Gunther Cunningham,1999_16_KC_SEA
1999,16,LA,Dick Vermeil,1999_16_CHI_STL
1999,16,LAC,Mike Riley,1999_16_OAK_SD
1999,16,LV,Jon Gruden,1999_16_OAK_SD
1999,16,MIA,Jimmy Johnson,1999_16_NYJ_MIA
1999,16,MIN,Dennis Green,1999_16_MIN_NYG
1999,16,NE,Pete Carroll,1999_16_BUF_NE
1999,16,NO,Mike Ditka,1999_16_DAL_NO
1999,16,NYG,Jim Fassel,1999_16_MIN_NYG
1999,16,NYJ,Bill Parcells,1999_16_NYJ_MIA
1999,16,PIT,Bill Cowher,1999_16_CAR_PIT
1999,16,SEA,Mike Holmgren,1999_16_KC_SEA
1999,16,SF,Steve Mariucci,1999_16_WAS_SF
1999,16,TB,Tony Dungy,1999_16_GB_TB
1999,16,TEN,Jeff Fisher,1999_16_JAX_TEN
1999,16,WAS,Norv Turner,1999_16_WAS_SF
1999,17,ARI,Vince Tobin,1999_17_ARI_GB
1999,17,ATL,Dan Reeves,1999_17_SF_ATL
1999,17,BAL,Brian Billick,1999_17_BAL_NE
1999,17,BUF,Wade Phillips,1999_17_IND_BUF
1999,17,CAR,George Seifert,1999_17_NO_CAR
1999,17,CHI,Dick Jauron,1999_17_TB_CHI
1999,17,CIN,Bruce Coslet,1999_17_CIN_JAX
1999,17,DAL,Chan Gailey,1999_17_NYG_DAL
1999,17,DEN,Mike Shanahan,1999_17_SD_DEN
1999,17,DET,Bobby Ross,1999_17_DET_MIN
1999,17,GB,Ray Rhodes,1999_17_ARI_GB
1999,17,IND,Jim Mora,1999_17_IND_BUF
1999,17,JAX,Tom Coughlin,1999_17_CIN_JAX
1999,17,KC,Gunther Cunningham,1999_17_OAK_KC
1999,17,LA,Dick Vermeil,1999_17_STL_PHI
1999,17,LAC,Mike Riley,1999_17_SD_DEN
1999,17,LV,Jon Gruden,1999_17_OAK_KC
1999,17,MIA,Jimmy Johnson,1999_17_MIA_WAS
1999,17,MIN,Dennis Green,1999_17_DET_MIN
1999,17,NE,Pete Carroll,1999_17_BAL_NE
1999,17,NO,Mike Ditka,1999_17_NO_CAR
1999,17,NYG,Jim Fassel,1999_17_NYG_DAL
1999,17,NYJ,Bill Parcells,1999_17_SEA_NYJ
1999,17,PHI,Andy Reid,1999_17_STL_PHI
1999,17,PIT,Bill Cowher,1999_17_TEN_PIT
1999,17,SEA,Mike Holmgren,1999_17_SEA_NYJ
1999,17,SF,Steve Mariucci,1999_17_SF_ATL
1999,17,TB,Tony Dungy,1999_17_TB_CHI
1999,17,TEN,Jeff Fisher,1999_17_TEN_PIT
1999,17,WAS,Norv Turner,1999_17_MIA_WAS
2000,1,ARI,Vince Tobin,2000_01_ARI_NYG
2000,1,ATL,Dan Reeves,2000_01_SF_ATL
2000,1,BAL,Brian Billick,2000_01_BAL_PIT
2000,1,BUF,Wade Phillips,2000_01_TEN_BUF
2000,1,CAR,George Seifert,2000_01_CAR_WAS
2000,1,CHI,Dick Jauron,2000_01_CHI_MIN
2000,1,CLE,Chris Palmer,2000_01_JAX_CLE
2000,1,DAL,Dave Campo,2000_01_PHI_DAL
2000,1,DEN,Mike Shanahan,2000_01_DEN_STL
2000,1,DET,Bobby Ross,2000_01_DET_NO
2000,1,GB,Mike Sherman,2000_01_NYJ_GB
2000,1,IND,Jim Mora,2000_01_IND_KC
2000,1,JAX,Tom Coughlin,2000_01_JAX_CLE
2000,1,KC,Gunther Cunningham,2000_01_IND_KC
2000,1,LA,Mike Martz,2000_01_DEN_STL
2000,1,LAC,Mike Riley,2000_01_SD_OAK
2000,1,LV,Jon Gruden,2000_01_SD_OAK
2000,1,MIA,Dave Wannstedt,2000_01_SEA_MIA
2000,1,MIN,Dennis Green,2000_01_CHI_MIN
2000,1,NE,Bill Belichick,2000_01_TB_NE
2000,1,NO,Jim Haslett,2000_01_DET_NO
2000,1,NYG,Jim Fassel,2000_01_ARI_NYG
2000,1,NYJ,Al Groh,2000_01_NYJ_GB
2000,1,PHI,Andy Reid,2000_01_PHI_DAL
2000,1,PIT,Bill Cowher,2000_01_BAL_PIT
2000,1,SEA,Mike Holmgren,2000_01_SEA_MIA
2000,1,SF,Steve Mariucci,2000_01_SF_ATL
2000,1,TB,Tony Dungy,2000_01_TB_NE
2000,1,TEN,Jeff Fisher,2000_01_TEN_BUF
2000,1,WAS,Norv Turner,2000_01_CAR_WAS
2000,2,ARI,Vince Tobin,2000_02_DAL_ARI
2000,2,ATL,Dan Reeves,2000_02_ATL_DEN
2000,2,BAL,Brian Billick,2000_02_JAX_BAL
2000,2,BUF,Wade Phillips,2000_02_GB_BUF
2000,2,CAR,George Seifert,2000_02_CAR_SF
2000,2,CHI,Dick Jauron,2000_02_CHI_TB
2000,2,CIN,Bruce Coslet,2000_02_CLE_CIN
2000,2,CLE,Chris Palmer,2000_02_CLE_CIN
2000,2,DAL,Dave Campo,2000_02_DAL_ARI
2000,2,DEN,Mike Shanahan,2000_02_ATL_DEN
2000,2,DET,Bobby Ross,2000_02_WAS_DET
2000,2,GB,Mike Sherman,2000_02_GB_BUF
2000,2,IND,Jim Mora,2000_02_OAK_IND
2000,2,JAX,Tom Coughlin,2000_02_JAX_BAL
2000,2,KC,Gunther Cunningham,2000_02_KC_TEN
2000,2,LA,Mike Martz,2000_02_STL_SEA
2000,2,LAC,Mike Riley,2000_02_NO_SD
2000,2,LV,Jon Gruden,2000_02_OAK_IND
2000,2,MIA,Dave Wannstedt,2000_02_MIA_MIN
2000,2,MIN,Dennis Green,2000_02_MIA_MIN
2000,2,NE,Bill Belichick,2000_02_NE_NYJ
2000,2,NO,Jim Haslett,2000_02_NO_SD
2000,2,NYG,Jim Fassel,2000_02_NYG_PHI
2000,2,NYJ,Al Groh,2000_02_NE_NYJ
2000,2,PHI,Andy Reid,2000_02_NYG_PHI
2000,2,SEA,Mike Holmgren,2000_02_STL_SEA
2000,2,SF,Steve Mariucci,2000_02_CAR_SF
2000,2,TB,Tony Dungy,2000_02_CHI_TB
2000,2,TEN,Jeff Fisher,2000_02_KC_TEN
2000,2,WAS,Norv Turner,2000_02_WAS_DET
2000,3,ATL,Dan Reeves,2000_03_ATL_CAR
2000,3,BAL,Brian Billick,2000_03_BAL_MIA
2000,3,BUF,Wade Phillips,2000_03_BUF_NYJ
2000,3,CAR,George Seifert,2000_03_ATL_CAR
2000,3,CHI,Dick Jauron,2000_03_NYG_CHI
2000,3,CIN,Bruce Coslet,2000_03_CIN_JAX
2000,3,CLE,Chris Palmer,2000_03_PIT_CLE
2000,3,DAL,Dave Campo,2000_03_DAL_WAS
2000,3,DEN,Mike Shanahan,2000_03_DEN_OAK
2000,3,DET,Bobby Ross,2000_03_TB_DET
2000,3,GB,Mike Sherman,2000_03_PHI_GB
2000,3,JAX,Tom Coughlin,2000_03_CIN_JAX
2000,3,KC,Gunther Cunningham,2000_03_SD_KC
2000,3,LA,Mike Martz,2000_03_SF_STL
2000,3,LAC,Mike Riley,2000_03_SD_KC
2000,3,LV,Jon Gruden,2000_03_DEN_OAK
2000,3,MIA,Dave Wannstedt,2000_03_BAL_MIA
2000,3,MIN,Dennis Green,2000_03_MIN_NE
2000,3,NE,Bill Belichick,2000_03_MIN_NE
2000,3,NO,Jim Haslett,2000_03_NO_SEA
2000,3,NYG,Jim Fassel,2000_03_NYG_CHI
2000,3,NYJ,Al Groh,2000_03_BUF_NYJ
2000,3,PHI,Andy Reid,2000_03_PHI_GB
2000,3,PIT,Bill Cowher,2000_03_PIT_CLE
2000,3,SEA,Mike Holmgren,2000_03_NO_SEA
2000,3,SF,Steve Mariucci,2000_03_SF_STL
2000,3,TB,Tony Dungy,2000_03_TB_DET
2000,3,WAS,Norv Turner,2000_03_DAL_WAS
2000,4,ARI,Vince Tobin,2000_04_GB_ARI
2000,4,ATL,Dan Reeves,2000_04_STL_ATL
2000,4,BAL,Brian Billick,2000_04_CIN_BAL
2000,4,CHI,Dick Jauron,2000_04_DET_CHI
2000,4,CIN,Bruce Coslet,2000_04_CIN_BAL
2000,4,CLE,Chris Palmer,2000_04_CLE_OAK
2000,4,DAL,Dave Campo,2000_04_SF_DAL
2000,4,DEN,Mike Shanahan,2000_04_KC_DEN
2000,4,DET,Bobby Ross,2000_04_DET_CHI
2000,4,GB,Mike Sherman,2000_04_GB_ARI
2000,4,IND,Jim Mora,2000_04_JAX_IND
2000,4,JAX,Tom Coughlin,2000_04_JAX_IND
2000,4,KC,Gunther Cunningham,2000_04_KC_DEN
2000,4,LA,Mike Martz,2000_04_STL_ATL
2000,4,LAC,Mike Riley,2000_04_SEA_SD
2000,4,LV,Jon Gruden,2000_04_CLE_OAK
2000,4,MIA,Dave Wannstedt,2000_04_NE_MIA
2000,4,NE,Bill Belichick,2000_04_NE_MIA
2000,4,NO,Jim Haslett,2000_04_PHI_NO
2000,4,NYG,Jim Fassel,2000_04_WAS_NYG
2000,4,NYJ,Al Groh,2000_04_NYJ_TB
2000,4,PHI,Andy Reid,2000_04_PHI_NO
2000,4,PIT,Bill Cowher,2000_04_TEN_PIT
2000,4,SEA,Mike Holmgren,2000_04_SEA_SD
2000,4,SF,Steve Mariucci,2000_04_SF_DAL
2000,4,TB,Tony Dungy,2000_04_NYJ_TB
2000,4,TEN,Jeff Fisher,2000_04_TEN_PIT
2000,4,WAS,Terry Robiskie,2000_04_WAS_NYG
2000,5,ARI,Vince Tobin,2000_05_ARI_SF
2000,5,ATL,Dan Reeves,2000_05_ATL_PHI
2000,5,BAL,Brian Billick,2000_05_BAL_CLE
2000,5,BUF,Wade Phillips,2000_05_IND_BUF
2000,5,CAR,George Seifert,2000_05_DAL_CAR
2000,5,CHI,Dick Jauron,2000_05_CHI_GB
2000,5,CIN,Dick LeBeau,2000_05_MIA_CIN
2000,5,CLE,Chris Palmer,2000_05_BAL_CLE
2000,5,DAL,Dave Campo,2000_05_DAL_CAR
2000,5,DEN,Mike Shanahan,2000_05_NE_DEN
2000,5,DET,Bobby Ross,2000_05_MIN_DET
2000,5,GB,Mike Sherman,2000_05_CHI_GB
2000,5,IND,Jim Mora,2000_05_IND_BUF
2000,5,JAX,Tom Coughlin,2000_05_PIT_JAX
2000,5,KC,Gunther Cunningham,2000_05_SEA_KC
2000,5,LA,Mike Martz,2000_05_SD_STL
2000,5,LAC,Mike Riley,2000_05_SD_STL
2000,5,MIA,Dave Wannstedt,2000_05_MIA_CIN
2000,5,MIN,Dennis Green,2000_05_MIN_DET
2000,5,NE,Bill Belichick,2000_05_NE_DEN
2000,5,NYG,Jim Fassel,2000_05_NYG_TEN
2000,5,PHI,Andy Reid,2000_05_ATL_PHI
2000,5,PIT,Bill Cowher,2000_05_PIT_JAX
2000,5,SEA,Mike Holmgren,2000_05_SEA_KC
2000,5,SF,Steve Mariucci,2000_05_ARI_SF
2000,5,TB,Tony Dungy,2000_05_TB_WAS
2000,5,TEN,Jeff Fisher,2000_05_NYG_TEN
2000,5,WAS,Terry Robiskie,2000_05_TB_WAS
2000,6,ARI,Vince Tobin,2000_06_CLE_ARI
2000,6,ATL,Dan Reeves,2000_06_NYG_ATL
2000,6,BAL,Brian Billick,2000_06_BAL_JAX
2000,6,BUF,Wade Phillips,2000_06_BUF_MIA
2000,6,CAR,George Seifert,2000_06_SEA_CAR
2000,6,CHI,Dick Jauron,2000_06_NO_CHI
2000,6,CIN,Dick LeBeau,2000_06_TEN_CIN
2000,6,CLE,Chris Palmer,2000_06_CLE_ARI
2000,6,DEN,Mike Shanahan,2000_06_DEN_SD
2000,6,DET,Bobby Ross,2000_06_GB_DET
2000,6,GB,Mike Sherman,2000_06_GB_DET
2000,6,IND,Jim Mora,2000_06_IND_NE
2000,6,JAX,Tom Coughlin,2000_06_BAL_JAX
2000,6,LAC,Mike Riley,2000_06_DEN_SD
2000,6,LV,Jon Gruden,2000_06_OAK_SF
2000,6,MIA,Dave Wannstedt,2000_06_BUF_MIA
2000,6,MIN,Dennis Green,2000_06_TB_MIN
2000,6,NE,Bill Belichick,2000_06_IND_NE
2000,6,NO,Jim Haslett,2000_06_NO_CHI
2000,6,NYG,Jim Fassel,2000_06_NYG_ATL
2000,6,NYJ,Al Groh,2000_06_PIT_NYJ
2000,6,PHI,Andy Reid,2000_06_WAS_PHI
2000,6,PIT,Bill Cowher,2000_06_PIT_NYJ
2000,6,SEA,Mike Holmgren,2000_06_SEA_CAR
2000,6,SF,Steve Mariucci,2000_06_OAK_SF
2000,6,TB,Tony Dungy,2000_06_TB_MIN
2000,6,TEN,Jeff Fisher,2000_06_TEN_CIN
2000,6,WAS,Terry Robiskie,2000_06_WAS_PHI
2000,7,ARI,Vince Tobin,2000_07_PHI_ARI
2000,7,ATL,Dan Reeves,2000_07_ATL_STL
2000,7,BAL,Brian Billick,2000_07_BAL_WAS
2000,7,BUF,Wade Phillips,2000_07_SD_BUF
2000,7,CAR,George Seifert,2000_07_CAR_NO
2000,7,CHI,Dick Jauron,2000_07_MIN_CHI
2000,7,CIN,Dick LeBeau,2000_07_CIN_PIT
2000,7,CLE,Chris Palmer,2000_07_CLE_DEN
2000,7,DAL,Dave Campo,2000_07_DAL_NYG
2000,7,DEN,Mike Shanahan,2000_07_CLE_DEN
2000,7,GB,Mike Sherman,2000_07_SF_GB
2000,7,IND,Jim Mora,2000_07_IND_SEA
2000,7,JAX,Tom Coughlin,2000_07_JAX_TEN
2000,7,KC,Gunther Cunningham,2000_07_OAK_KC
2000,7,LA,Mike Martz,2000_07_ATL_STL
2000,7,LAC,Mike Riley,2000_07_SD_BUF
2000,7,LV,Jon Gruden,2000_07_OAK_KC
2000,7,MIN,Dennis Green,2000_07_MIN_CHI
2000,7,NE,Bill Belichick,2000_07_NYJ_NE
2000,7,NO,Jim Haslett,2000_07_CAR_NO
2000,7,NYG,Jim Fassel,2000_07_DAL_NYG
2000,7,NYJ,Al Groh,2000_07_NYJ_NE
2000,7,PHI,Andy Reid,2000_07_PHI_ARI
2000,7,PIT,Bill Cowher,2000_07_CIN_PIT
2000,7,SEA,Mike Holmgren,2000_07_IND_SEA
2000,7,SF,Steve Mariucci,2000_07_SF_GB
2000,7,TEN,Jeff Fisher,2000_07_JAX_TEN
2000,7,WAS,Terry Robiskie,2000_07_BAL_WAS
2000,8,ARI,Vince Tobin,2000_08_ARI_DAL
2000,8,ATL,Dan Reeves,2000_08_NO_ATL
2000,8,BAL,Brian Billick,2000_08_TEN_BAL
2000,8,BUF,Wade Phillips,2000_08_BUF_MIN
2000,8,CAR,George Seifert,2000_08_SF_CAR
2000,8,CHI,Dick Jauron,2000_08_CHI_PHI
2000,8,CIN,Dick LeBeau,2000_08_DEN_CIN
2000,8,CLE,Chris Palmer,2000_08_CLE_PIT
2000,8,DAL,Dave Campo,2000_08_ARI_DAL
2000,8,DEN,Mike Shanahan,2000_08_DEN_CIN
2000,8,DET,Bobby Ross,2000_08_DET_TB
2000,8,IND,Jim Mora,2000_08_NE_IND
2000,8,JAX,Tom Coughlin,2000_08_WAS_JAX
2000,8,KC,Gunther Cunningham,2000_08_STL_KC
2000,8,LA,Mike Martz,2000_08_STL_KC
2000,8,LV,Jon Gruden,2000_08_SEA_OAK
2000,8,MIA,Dave Wannstedt,2000_08_MIA_NYJ
2000,8,MIN,Dennis Green,2000_08_BUF_MIN
2000,8,NE,Bill Belichick,2000_08_NE_IND
2000,8,NO,Jim Haslett,2000_08_NO_ATL
2000,8,NYJ,Al Groh,2000_08_MIA_NYJ
2000,8,PHI,Andy Reid,2000_08_CHI_PHI
2000,8,PIT,Bill Cowher,2000_08_CLE_PIT
2000,8,SEA,Mike Holmgren,2000_08_SEA_OAK
2000,8,SF,Steve Mariucci,2000_08_SF_CAR
2000,8,TB,Tony Dungy,2000_08_DET_TB
2000,8,TEN,Jeff Fisher,2000_08_TEN_BAL
2000,8,WAS,Terry Robiskie,2000_08_WAS_JAX
2000,9,ARI,Vince Tobin,2000_09_NO_ARI
2000,9,ATL,Dan Reeves,2000_09_CAR_ATL
2000,9,BAL,Brian Billick,2000_09_PIT_BAL
2000,9,BUF,Wade Phillips,2000_09_NYJ_BUF
2000,9,CAR,George Seifert,2000_09_CAR_ATL
2000,9,CIN,Dick LeBeau,2000_09_CIN_CLE
2000,9,CLE,Chris Palmer,2000_09_CIN_CLE
2000,9,DAL,Dave Campo,2000_09_JAX_DAL
2000,9,DET,Gary Moeller,2000_09_DET_IND
2000,9,GB,Mike Sherman,2000_09_GB_MIA
2000,9,IND,Jim Mora,2000_09_DET_IND
2000,9,JAX,Tom Coughlin,2000_09_JAX_DAL
2000,9,KC,Gunther Cunningham,2000_09_KC_SEA
2000,9,LA,Mike Martz,2000_09_STL_SF
2000,9,LAC,Mike Riley,2000_09_OAK_SD
2000,9,LV,Jon Gruden,2000_09_OAK_SD
2000,9,MIA,Dave Wannstedt,2000_09_GB_MIA
2000,9,MIN,Dennis Green,2000_09_MIN_TB
2000,9,NO,Jim Haslett,2000_09_NO_ARI
2000,9,NYG,Jim Fassel,2000_09_PHI_NYG
2000,9,NYJ,Al Groh,2000_09_NYJ_BUF
2000,9,PHI,Andy Reid,2000_09_PHI_NYG
2000,9,PIT,Bill Cowher,2000_09_PIT_BAL
2000,9,SEA,Mike Holmgren,2000_09_KC_SEA
2000,9,SF,Steve Mariucci,2000_09_STL_SF
2000,9,TB,Tony Dungy,2000_09_MIN_TB
2000,9,TEN,Jeff Fisher,2000_09_TEN_WAS
2000,9,WAS,Terry Robiskie,2000_09_TEN_WAS
2000,10,ARI,Vince Tobin,2000_10_WAS_ARI
2000,10,ATL,Dan Reeves,2000_10_TB_ATL
2000,10,BAL,Brian Billick,2000_10_BAL_CIN
2000,10,BUF,Wade Phillips,2000_10_BUF_NE
2000,10,CAR,George Seifert,2000_10_CAR_STL
2000,10,CHI,Dick Jauron,2000_10_IND_CHI
2000,10,CIN,Dick LeBeau,2000_10_BAL_CIN
2000,10,CLE,Chris Palmer,2000_10_NYG_CLE
2000,10,DAL,Dave Campo,2000_10_DAL_PHI
2000,10,DEN,Mike Shanahan,2000_10_DEN_NYJ
2000,10,DET,Gary Moeller,2000_10_MIA_DET
2000,10,GB,Mike Sherman,2000_10_MIN_GB
2000,10,IND,Jim Mora,2000_10_IND_CHI
2000,10,KC,Gunther Cunningham,2000_10_KC_OAK
2000,10,LA,Mike Martz,2000_10_CAR_STL
2000,10,LAC,Mike Riley,2000_10_SD_SEA
2000,10,LV,Jon Gruden,2000_10_KC_OAK
2000,10,MIA,Dave Wannstedt,2000_10_MIA_DET
2000,10,MIN,Dennis Green,2000_10_MIN_GB
2000,10,NE,Bill Belichick,2000_10_BUF_NE
2000,10,NO,Jim Haslett,2000_10_SF_NO
2000,10,NYG,Jim Fassel,2000_10_NYG_CLE
2000,10,NYJ,Al Groh,2000_10_DEN_NYJ
2000,10,PHI,Andy Reid,2000_10_DAL_PHI
2000,10,PIT,Bill Cowher,2000_10_PIT_TEN
2000,10,SEA,Mike Holmgren,2000_10_SD_SEA
2000,10,SF,Steve Mariucci,2000_10_SF_NO
2000,10,TB,Tony Dungy,2000_10_TB_ATL
2000,10,TEN,Jeff Fisher,2000_10_PIT_TEN
2000,10,WAS,Terry Robiskie,2000_10_WAS_ARI
2000,11,ARI,Dave McGinnis,2000_11_ARI_MIN
2000,11,ATL,Dan Reeves,2000_11_ATL_DET
2000,11,BAL,Brian Billick,2000_11_BAL_TEN
2000,11,BUF,Wade Phillips,2000_11_CHI_BUF
2000,11,CAR,George Seifert,2000_11_NO_CAR
2000,11,CHI,Dick Jauron,2000_11_CHI_BUF
2000,11,CIN,Dick LeBeau,2000_11_CIN_DAL
2000,11,CLE,Chris Palmer,2000_11_NE_CLE
2000,11,DAL,Dave Campo,2000_11_CIN_DAL
2000,11,DEN,Mike Shanahan,2000_11_OAK_DEN
2000,11,DET,Gary Moeller,2000_11_ATL_DET
2000,11,GB,Mike Sherman,2000_11_GB_TB
2000,11,IND,Jim Mora,2000_11_NYJ_IND
2000,11,JAX,Tom Coughlin,2000_11_SEA_JAX
2000,11,KC,Gunther Cunningham,2000_11_KC_SF
2000,11,LA,Mike Martz,2000_11_STL_NYG
2000,11,LAC,Mike Riley,2000_11_MIA_SD
2000,11,LV,Jon Gruden,2000_11_OAK_DEN
2000,11,MIA,Dave Wannstedt,2000_11_MIA_SD
2000,11,MIN,Dennis Green,2000_11_ARI_MIN
2000,11,NE,Bill Belichick,2000_11_NE_CLE
2000,11,NO,Jim Haslett,2000_11_NO_CAR
2000,11,NYG,Jim Fassel,2000_11_STL_NYG
2000,11,NYJ,Al Groh,2000_11_NYJ_IND
2000,11,PHI,Andy Reid,2000_11_PHI_PIT
2000,11,PIT,Bill Cowher,2000_11_PHI_PIT
2000,11,SEA,Mike Holmgren,2000_11_SEA_JAX
2000,11,SF,Steve Mariucci,2000_11_KC_SF
2000,11,TB,Tony Dungy,2000_11_GB_TB
2000,11,TEN,Jeff Fisher,2000_11_BAL_TEN
2000,12,ARI,Dave McGinnis,2000_12_ARI_PHI
2000,12,ATL,Dan Reeves,2000_12_ATL_SF
2000,12,BAL,Brian Billick,2000_12_DAL_BAL
2000,12,BUF,Wade Phillips,2000_12_BUF_KC
2000,12,CAR,George Seifert,2000_12_CAR_MIN
2000,12,CHI,Dick Jauron,2000_12_TB_CHI
2000,12,CIN,Dick LeBeau,2000_12_CIN_NE
2000,12,CLE,Chris Palmer,2000_12_CLE_TEN
2000,12,DAL,Dave Campo,2000_12_DAL_BAL
2000,12,DEN,Mike Shanahan,2000_12_SD_DEN
2000,12,DET,Gary Moeller,2000_12_DET_NYG
2000,12,GB,Mike Sherman,2000_12_IND_GB
2000,12,IND,Jim Mora,2000_12_IND_GB
2000,12,JAX,Tom Coughlin,2000_12_JAX_PIT
2000,12,KC,Gunther Cunningham,2000_12_BUF_KC
2000,12,LA,Mike Martz,2000_12_WAS_STL
2000,12,LAC,Mike Riley,2000_12_SD_DEN
2000,12,LV,Jon Gruden,2000_12_OAK_NO
2000,12,MIA,Dave Wannstedt,2000_12_NYJ_MIA
2000,12,MIN,Dennis Green,2000_12_CAR_MIN
2000,12,NE,Bill Belichick,2000_12_CIN_NE
2000,12,NO,Jim Haslett,2000_12_OAK_NO
2000,12,NYG,Jim Fassel,2000_12_DET_NYG
2000,12,NYJ,Al Groh,2000_12_NYJ_MIA
2000,12,PHI,Andy Reid,2000_12_ARI_PHI
2000,12,PIT,Bill Cowher,2000_12_JAX_PIT
2000,12,SF,Steve Mariucci,2000_12_ATL_SF
2000,12,TB,Tony Dungy,2000_12_TB_CHI
2000,12,TEN,Jeff Fisher,2000_12_CLE_TEN
2000,12,WAS,Terry Robiskie,2000_12_WAS_STL
2000,13,ARI,Dave McGinnis,2000_13_NYG_ARI
2000,13,ATL,Dan Reeves,2000_13_ATL_OAK
2000,13,BAL,Brian Billick,2000_13_CLE_BAL
2000,13,BUF,Wade Phillips,2000_13_BUF_TB
2000,13,CAR,George Seifert,2000_13_GB_CAR
2000,13,CHI,Dick Jauron,2000_13_CHI_NYJ
2000,13,CIN,Dick LeBeau,2000_13_PIT_CIN
2000,13,CLE,Chris Palmer,2000_13_CLE_BAL
2000,13,DAL,Dave Campo,2000_13_MIN_DAL
2000,13,DEN,Mike Shanahan,2000_13_DEN_SEA
2000,13,DET,Gary Moeller,2000_13_NE_DET
2000,13,GB,Mike Sherman,2000_13_GB_CAR
2000,13,IND,Jim Mora,2000_13_MIA_IND
2000,13,JAX,Tom Coughlin,2000_13_TEN_JAX
2000,13,KC,Gunther Cunningham,2000_13_KC_SD
2000,13,LA,Mike Martz,2000_13_NO_STL
2000,13,LAC,Mike Riley,2000_13_KC_SD
2000,13,LV,Jon Gruden,2000_13_ATL_OAK
2000,13,MIA,Dave Wannstedt,2000_13_MIA_IND
2000,13,MIN,Dennis Green,2000_13_MIN_DAL
2000,13,NE,Bill Belichick,2000_13_NE_DET
2000,13,NO,Jim Haslett,2000_13_NO_STL
2000,13,NYG,Jim Fassel,2000_13_NYG_ARI
2000,13,NYJ,Al Groh,2000_13_CHI_NYJ
2000,13,PHI,Andy Reid,2000_13_PHI_WAS
2000,13,PIT,Bill Cowher,2000_13_PIT_CIN
2000,13,SEA,Mike Holmgren,2000_13_DEN_SEA
2000,13,TB,Tony Dungy,2000_13_BUF_TB
2000,13,TEN,Jeff Fisher,2000_13_TEN_JAX
2000,13,WAS,Terry Robiskie,2000_13_PHI_WAS
2000,14,ARI,Dave McGinnis,2000_14_ARI_CIN
2000,14,ATL,Dan Reeves,2000_14_SEA_ATL
2000,14,BUF,Wade Phillips,2000_14_MIA_BUF
2000,14,CAR,George Seifert,2000_14_STL_CAR
2000,14,CHI,Dick Jauron,2000_14_GB_CHI
2000,14,CIN,Dick LeBeau,2000_14_ARI_CIN
2000,14,CLE,Chris Palmer,2000_14_CLE_JAX
2000,14,DAL,Dave Campo,2000_14_DAL_TB
2000,14,DEN,Mike Shanahan,2000_14_DEN_NO
2000,14,DET,Gary Moeller,2000_14_DET_MIN
2000,14,GB,Mike Sherman,2000_14_GB_CHI
2000,14,IND,Jim Mora,2000_14_IND_NYJ
2000,14,JAX,Tom Coughlin,2000_14_CLE_JAX
2000,14,KC,Gunther Cunningham,2000_14_KC_NE
2000,14,LA,Mike Martz,2000_14_STL_CAR
2000,14,LAC,Mike Riley,2000_14_SF_SD
2000,14,LV,Jon Gruden,2000_14_OAK_PIT
2000,14,MIA,Dave Wannstedt,2000_14_MIA_BUF
2000,14,MIN,Dennis Green,2000_14_DET_MIN
2000,14,NE,Bill Belichick,2000_14_KC_NE
2000,14,NO,Jim Haslett,2000_14_DEN_NO
2000,14,NYG,Jim Fassel,2000_14_NYG_WAS
2000,14,NYJ,Al Groh,2000_14_IND_NYJ
2000,14,PHI,Andy Reid,2000_14_TEN_PHI
2000,14,PIT,Bill Cowher,2000_14_OAK_PIT
2000,14,SEA,Mike Holmgren,2000_14_SEA_ATL
2000,14,SF,Steve Mariucci,2000_14_SF_SD
2000,14,TB,Tony Dungy,2000_14_DAL_TB
2000,14,TEN,Jeff Fisher,2000_14_TEN_PHI
2000,14,WAS,Terry Robiskie,2000_14_NYG_WAS
2000,15,ARI,Dave McGinnis,2000_15_ARI_JAX
2000,15,BAL,Brian Billick,2000_15_SD_BAL
2000,15,BUF,Wade Phillips,2000_15_BUF_IND
2000,15,CAR,George Seifert,2000_15_CAR_KC
2000,15,CHI,Dick Jauron,2000_15_NE_CHI
2000,15,CIN,Dick LeBeau,2000_15_CIN_TEN
2000,15,CLE,Chris Palmer,2000_15_PHI_CLE
2000,15,DAL,Dave Campo,2000_15_WAS_DAL
2000,15,DEN,Mike Shanahan,2000_15_SEA_DEN
2000,15,DET,Gary Moeller,2000_15_DET_GB
2000,15,GB,Mike Sherman,2000_15_DET_GB
2000,15,IND,Jim Mora,2000_15_BUF_IND
2000,15,JAX,Tom Coughlin,2000_15_ARI_JAX
2000,15,KC,Gunther Cunningham,2000_15_CAR_KC
2000,15,LA,Mike Martz,2000_15_MIN_STL
2000,15,LAC,Mike Riley,2000_15_SD_BAL
2000,15,LV,Jon Gruden,2000_15_NYJ_OAK
2000,15,MIA,Dave Wannstedt,2000_15_TB_MIA
2000,15,MIN,Dennis Green,2000_15_MIN_STL
2000,15,NE,Bill Belichick,2000_15_NE_CHI
2000,15,NO,Jim Haslett,2000_15_NO_SF
2000,15,NYG,Jim Fassel,2000_15_PIT_NYG
2000,15,NYJ,Al Groh,2000_15_NYJ_OAK
2000,15,PHI,Andy Reid,2000_15_PHI_CLE
2000,15,PIT,Bill Cowher,2000_15_PIT_NYG
2000,15,SEA,Mike Holmgren,2000_15_SEA_DEN
2000,15,SF,Steve Mariucci,2000_15_NO_SF
2000,15,TB,Tony Dungy,2000_15_TB_MIA
2000,15,TEN,Jeff Fisher,2000_15_CIN_TEN
2000,15,WAS,Terry Robiskie,2000_15_WAS_DAL
2000,16,ARI,Dave McGinnis,2000_16_BAL_ARI
2000,16,ATL,Dan Reeves,2000_16_ATL_NO
2000,16,BAL,Brian Billick,2000_16_BAL_ARI
2000,16,BUF,Wade Phillips,2000_16_NE_BUF
2000,16,CAR,George Seifert,2000_16_SD_CAR
2000,16,CHI,Dick Jauron,2000_16_CHI_SF
2000,16,CIN,Dick LeBeau,2000_16_JAX_CIN
2000,16,CLE,Chris Palmer,2000_16_TEN_CLE
2000,16,DAL,Dave Campo,2000_16_NYG_DAL
2000,16,DEN,Mike Shanahan,2000_16_DEN_KC
2000,16,DET,Gary Moeller,2000_16_DET_NYJ
2000,16,GB,Mike Sherman,2000_16_GB_MIN
2000,16,IND,Jim Mora,2000_16_IND_MIA
2000,16,JAX,Tom Coughlin,2000_16_JAX_CIN
2000,16,KC,Gunther Cunningham,2000_16_DEN_KC
2000,16,LA,Mike Martz,2000_16_STL_TB
2000,16,LAC,Mike Riley,2000_16_SD_CAR
2000,16,LV,Jon Gruden,2000_16_OAK_SEA
2000,16,MIA,Dave Wannstedt,2000_16_IND_MIA
2000,16,MIN,Dennis Green,2000_16_GB_MIN
2000,16,NE,Bill Belichick,2000_16_NE_BUF
2000,16,NO,Jim Haslett,2000_16_ATL_NO
2000,16,NYG,Jim Fassel,2000_16_NYG_DAL
2000,16,NYJ,Al Groh,2000_16_DET_NYJ
2000,16,PIT,Bill Cowher,2000_16_WAS_PIT
2000,16,SEA,Mike Holmgren,2000_16_OAK_SEA
2000,16,SF,Steve Mariucci,2000_16_CHI_SF
2000,16,TB,Tony Dungy,2000_16_STL_TB
2000,16,TEN,Jeff Fisher,2000_16_TEN_CLE
2000,16,WAS,Terry Robiskie,2000_16_WAS_PIT
2000,17,ARI,Dave McGinnis,2000_17_ARI_WAS
2000,17,ATL,Dan Reeves,2000_17_KC_ATL
2000,17,BAL,Brian Billick,2000_17_NYJ_BAL
2000,17,BUF,Wade Phillips,2000_17_BUF_SEA
2000,17,CAR,George Seifert,2000_17_CAR_OAK
2000,17,CHI,Dick Jauron,2000_17_CHI_DET
2000,17,CIN,Dick LeBeau,2000_17_CIN_PHI
2000,17,DAL,Dave Campo,2000_17_DAL_TEN
2000,17,DEN,Mike Shanahan,2000_17_SF_DEN
2000,17,DET,Gary Moeller,2000_17_CHI_DET
2000,17,GB,Mike Sherman,2000_17_TB_GB
2000,17,IND,Jim Mora,2000_17_MIN_IND
2000,17,JAX,Tom Coughlin,2000_17_JAX_NYG
2000,17,KC,Gunther Cunningham,2000_17_KC_ATL
2000,17,LA,Mike Martz,2000_17_STL_NO
2000,17,LAC,Mike Riley,2000_17_PIT_SD
2000,17,LV,Jon Gruden,2000_17_CAR_OAK
2000,17,MIA,Dave Wannstedt,2000_17_MIA_NE
2000,17,MIN,Dennis Green,2000_17_MIN_IND
2000,17,NE,Bill Belichick,2000_17_MIA_NE
2000,17,NO,Jim Haslett,2000_17_STL_NO
2000,17,NYG,Jim Fassel,2000_17_JAX_NYG
2000,17,NYJ,Al Groh,2000_17_NYJ_BAL
2000,17,PHI,Andy Reid,2000_17_CIN_PHI
2000,17,PIT,Bill Cowher,2000_17_PIT_SD
2000,17,SEA,Mike Holmgren,2000_17_BUF_SEA
2000,17,SF,Steve Mariucci,2000_17_SF_DEN
2000,17,TB,Tony Dungy,2000_17_TB_GB
2000,17,TEN,Jeff Fisher,2000_17_DAL_TEN
2000,17,WAS,Terry Robiskie,2000_17_ARI_WAS
2001,1,ATL,Dan Reeves,2001_01_ATL_SF
2001,1,BAL,Brian Billick,2001_01_CHI_BAL
2001,1,BUF,Gregg Williams,2001_01_NO_BUF
2001,1,CAR,George Seifert,2001_01_CAR_MIN
2001,1,CHI,Dick Jauron,2001_01_CHI_BAL
2001,1,CIN,Dick LeBeau,2001_01_NE_CIN
2001,1,CLE,Butch Davis,2001_01_SEA_CLE
2001,1,DAL,Dave Campo,2001_01_TB_DAL
2001,1,DEN,Mike Shanahan,2001_01_NYG_DEN
2001,1,DET,Marty Mornhinweg,2001_01_DET_GB
2001,1,GB,Mike Sherman,2001_01_DET_GB
2001,1,IND,Jim Mora,2001_01_IND_NYJ
2001,1,JAX,Tom Coughlin,2001_01_PIT_JAX
2001,1,KC,Dick Vermeil,2001_01_OAK_KC
2001,1,LA,Mike Martz,2001_01_STL_PHI
2001,1,LAC,Mike Riley,2001_01_WAS_SD
2001,1,LV,Jon Gruden,2001_01_OAK_KC
2001,1,MIA,Dave Wannstedt,2001_01_MIA_TEN
2001,1,MIN,Dennis Green,2001_01_CAR_MIN
2001,1,NE,Bill Belichick,2001_01_NE_CIN
2001,1,NO,Jim Haslett,2001_01_NO_BUF
2001,1,NYG,Jim Fassel,2001_01_NYG_DEN
2001,1,NYJ,Herm Edwards,2001_01_IND_NYJ
2001,1,PHI,Andy Reid,2001_01_STL_PHI
2001,1,PIT,Bill Cowher,2001_01_PIT_JAX
2001,1,SEA,Mike Holmgren,2001_01_SEA_CLE
2001,1,SF,Steve Mariucci,2001_01_ATL_SF
2001,1,TB,Tony Dungy,2001_01_TB_DAL
2001,1,TEN,Jeff Fisher,2001_01_MIA_TEN
2001,1,WAS,Marty Schottenheimer,2001_01_WAS_SD
2001,2,ARI,Dave McGinnis,2001_02_DEN_ARI
2001,2,ATL,Dan Reeves,2001_02_CAR_ATL
2001,2,BAL,Brian Billick,2001_02_BAL_CIN
2001,2,BUF,Gregg Williams,2001_02_BUF_IND
2001,2,CAR,George Seifert,2001_02_CAR_ATL
2001,2,CHI,Dick Jauron,2001_02_MIN_CHI
2001,2,CIN,Dick LeBeau,2001_02_BAL_CIN
2001,2,CLE,Butch Davis,2001_02_DET_CLE
2001,2,DAL,Dave Campo,2001_02_SD_DAL
2001,2,DEN,Mike Shanahan,2001_02_DEN_ARI
2001,2,DET,Marty Mornhinweg,2001_02_DET_CLE
2001,2,GB,Mike Sherman,2001_02_WAS_GB
2001,2,IND,Jim Mora,2001_02_BUF_IND
2001,2,JAX,Tom Coughlin,2001_02_TEN_JAX
2001,2,KC,Dick Vermeil,2001_02_NYG_KC
2001,2,LA,Mike Martz,2001_02_STL_SF
2001,2,LAC,Mike Riley,2001_02_SD_DAL
2001,2,LV,Jon Gruden,2001_02_OAK_MIA
2001,2,MIA,Dave Wannstedt,2001_02_OAK_MIA
2001,2,MIN,Dennis Green,2001_02_MIN_CHI
2001,2,NE,Bill Belichick,2001_02_NYJ_NE
2001,2,NYG,Jim Fassel,2001_02_NYG_KC
2001,2,NYJ,Herm Edwards,2001_02_NYJ_NE
2001,2,PHI,Andy Reid,2001_02_PHI_SEA
2001,2,SEA,Mike Holmgren,2001_02_PHI_SEA
2001,2,SF,Steve Mariucci,2001_02_STL_SF
2001,2,TEN,Jeff Fisher,2001_02_TEN_JAX
2001,2,WAS,Marty Schottenheimer,2001_02_WAS_GB
2001,3,ARI,Dave McGinnis,2001_03_ATL_ARI
2001,3,ATL,Dan Reeves,2001_03_ATL_ARI
2001,3,BAL,Brian Billick,2001_03_BAL_DEN
2001,3,BUF,Gregg Williams,2001_03_PIT_BUF
2001,3,CAR,George Seifert,2001_03_GB_CAR
2001,3,CIN,Dick LeBeau,2001_03_CIN_SD
2001,3,CLE,Butch Davis,2001_03_CLE_JAX
2001,3,DAL,Dave Campo,2001_03_DAL_PHI
2001,3,DEN,Mike Shanahan,2001_03_BAL_DEN
2001,3,GB,Mike Sherman,2001_03_GB_CAR
2001,3,IND,Jim Mora,2001_03_IND_NE
2001,3,JAX,Tom Coughlin,2001_03_CLE_JAX
2001,3,KC,Dick Vermeil,2001_03_KC_WAS
2001,3,LA,Mike Martz,2001_03_MIA_STL
2001,3,LAC,Mike Riley,2001_03_CIN_SD
2001,3,LV,Jon Gruden,2001_03_SEA_OAK
2001,3,MIA,Dave Wannstedt,2001_03_MIA_STL
2001,3,MIN,Dennis Green,2001_03_TB_MIN
2001,3,NE,Bill Belichick,2001_03_IND_NE
2001,3,NO,Jim Haslett,2001_03_NO_NYG
2001,3,NYG,Jim Fassel,2001_03_NO_NYG
2001,3,NYJ,Herm Edwards,2001_03_SF_NYJ
2001,3,PHI,Andy Reid,2001_03_DAL_PHI
2001,3,PIT,Bill Cowher,2001_03_PIT_BUF
2001,3,SEA,Mike Holmgren,2001_03_SEA_OAK
2001,3,SF,Steve Mariucci,2001_03_SF_NYJ
2001,3,TB,Tony Dungy,2001_03_TB_MIN
2001,3,WAS,Marty Schottenheimer,2001_03_KC_WAS
2001,4,ARI,Dave McGinnis,2001_04_ARI_PHI
2001,4,ATL,Dan Reeves,2001_04_CHI_ATL
2001,4,BAL,Brian Billick,2001_04_TEN_BAL
2001,4,BUF,Gregg Williams,2001_04_NYJ_BUF
2001,4,CAR,George Seifert,2001_04_CAR_SF
2001,4,CHI,Dick Jauron,2001_04_CHI_ATL
2001,4,CIN,Dick LeBeau,2001_04_CIN_PIT
2001,4,CLE,Butch Davis,2001_04_SD_CLE
2001,4,DAL,Dave Campo,2001_04_DAL_OAK
2001,4,DEN,Mike Shanahan,2001_04_KC_DEN
2001,4,DET,Marty Mornhinweg,2001_04_STL_DET
2001,4,GB,Mike Sherman,2001_04_GB_TB
2001,4,JAX,Tom Coughlin,2001_04_JAX_SEA
2001,4,KC,Dick Vermeil,2001_04_KC_DEN
2001,4,LA,Mike Martz,2001_04_STL_DET
2001,4,LAC,Mike Riley,2001_04_SD_CLE
2001,4,LV,Jon Gruden,2001_04_DAL_OAK
2001,4,MIA,Dave Wannstedt,2001_04_NE_MIA
2001,4,MIN,Dennis Green,2001_04_MIN_NO
2001,4,NE,Bill Belichick,2001_04_NE_MIA
2001,4,NO,Jim Haslett,2001_04_MIN_NO
2001,4,NYG,Jim Fassel,2001_04_WAS_NYG
2001,4,NYJ,Herm Edwards,2001_04_NYJ_BUF
2001,4,PHI,Andy Reid,2001_04_ARI_PHI
2001,4,PIT,Bill Cowher,2001_04_CIN_PIT
2001,4,SEA,Mike Holmgren,2001_04_JAX_SEA
2001,4,SF,Steve Mariucci,2001_04_CAR_SF
2001,4,TB,Tony Dungy,2001_04_GB_TB
2001,4,TEN,Jeff Fisher,2001_04_TEN_BAL
2001,4,WAS,Marty Schottenheimer,2001_04_WAS_NYG
2001,5,ARI,Dave McGinnis,2001_05_ARI_CHI
2001,5,ATL,Dan Reeves,2001_05_SF_ATL
2001,5,BAL,Brian Billick,2001_05_BAL_GB
2001,5,CAR,George Seifert,2001_05_NO_CAR
2001,5,CHI,Dick Jauron,2001_05_ARI_CHI
2001,5,CIN,Dick LeBeau,2001_05_CLE_CIN
2001,5,CLE,Butch Davis,2001_05_CLE_CIN
2001,5,DAL,Dave Campo,2001_05_WAS_DAL
2001,5,DEN,Mike Shanahan,2001_05_DEN_SEA
2001,5,DET,Marty Mornhinweg,2001_05_DET_MIN
2001,5,GB,Mike Sherman,2001_05_BAL_GB
2001,5,IND,Jim Mora,2001_05_OAK_IND
2001,5,KC,Dick Vermeil,2001_05_PIT_KC
2001,5,LA,Mike Martz,2001_05_NYG_STL
2001,5,LAC,Mike Riley,2001_05_SD_NE
2001,5,LV,Jon Gruden,2001_05_OAK_IND
2001,5,MIA,Dave Wannstedt,2001_05_MIA_NYJ
2001,5,MIN,Dennis Green,2001_05_DET_MIN
2001,5,NE,Bill Belichick,2001_05_SD_NE
2001,5,NO,Jim Haslett,2001_05_NO_CAR
2001,5,NYG,Jim Fassel,2001_05_NYG_STL
2001,5,NYJ,Herm Edwards,2001_05_MIA_NYJ
2001,5,PIT,Bill Cowher,2001_05_PIT_KC
2001,5,SEA,Mike Holmgren,2001_05_DEN_SEA
2001,5,SF,Steve Mariucci,2001_05_SF_ATL
2001,5,TB,Tony Dungy,2001_05_TB_TEN
2001,5,TEN,Jeff Fisher,2001_05_TB_TEN
2001,5,WAS,Marty Schottenheimer,2001_05_WAS_DAL
2001,6,ARI,Dave McGinnis,2001_06_KC_ARI
2001,6,ATL,Dan Reeves,2001_06_ATL_NO
2001,6,BAL,Brian Billick,2001_06_BAL_CLE
2001,6,BUF,Gregg Williams,2001_06_BUF_JAX
2001,6,CAR,George Seifert,2001_06_CAR_WAS
2001,6,CHI,Dick Jauron,2001_06_CHI_CIN
2001,6,CIN,Dick LeBeau,2001_06_CHI_CIN
2001,6,CLE,Butch Davis,2001_06_BAL_CLE
2001,6,DEN,Mike Shanahan,2001_06_DEN_SD
2001,6,DET,Marty Mornhinweg,2001_06_TEN_DET
2001,6,GB,Mike Sherman,2001_06_GB_MIN
2001,6,IND,Jim Mora,2001_06_NE_IND
2001,6,JAX,Tom Coughlin,2001_06_BUF_JAX
2001,6,KC,Dick Vermeil,2001_06_KC_ARI
2001,6,LA,Mike Martz,2001_06_STL_NYJ
2001,6,LAC,Mike Riley,2001_06_DEN_SD
2001,6,MIN,Dennis Green,2001_06_GB_MIN
2001,6,NE,Bill Belichick,2001_06_NE_IND
2001,6,NO,Jim Haslett,2001_06_ATL_NO
2001,6,NYG,Jim Fassel,2001_06_PHI_NYG
2001,6,NYJ,Herm Edwards,2001_06_STL_NYJ
2001,6,PHI,Andy Reid,2001_06_PHI_NYG
2001,6,PIT,Bill Cowher,2001_06_PIT_TB
2001,6,TB,Tony Dungy,2001_06_PIT_TB
2001,6,TEN,Jeff Fisher,2001_06_TEN_DET
2001,6,WAS,Marty Schottenheimer,2001_06_CAR_WAS
2001,7,ARI,Dave McGinnis,2001_07_ARI_DAL
2001,7,BAL,Brian Billick,2001_07_JAX_BAL
2001,7,BUF,Gregg Williams,2001_07_BUF_SD
2001,7,CAR,George Seifert,2001_07_NYJ_CAR
2001,7,CHI,Dick Jauron,2001_07_SF_CHI
2001,7,CIN,Dick LeBeau,2001_07_CIN_DET
2001,7,DAL,Dave Campo,2001_07_ARI_DAL
2001,7,DEN,Mike Shanahan,2001_07_NE_DEN
2001,7,DET,Marty Mornhinweg,2001_07_CIN_DET
2001,7,IND,Jim Mora,2001_07_IND_KC
2001,7,JAX,Tom Coughlin,2001_07_JAX_BAL
2001,7,KC,Dick Vermeil,2001_07_IND_KC
2001,7,LA,Mike Martz,2001_07_NO_STL
2001,7,LAC,Mike Riley,2001_07_BUF_SD
2001,7,LV,Jon Gruden,2001_07_OAK_PHI
2001,7,MIA,Dave Wannstedt,2001_07_MIA_SEA
2001,7,MIN,Dennis Green,2001_07_MIN_TB
2001,7,NE,Bill Belichick,2001_07_NE_DEN
2001,7,NO,Jim Haslett,2001_07_NO_STL
2001,7,NYG,Jim Fassel,2001_07_NYG_WAS
2001,7,NYJ,Herm Edwards,2001_07_NYJ_CAR
2001,7,PHI,Andy Reid,2001_07_OAK_PHI
2001,7,PIT,Bill Cowher,2001_07_TEN_PIT
2001,7,SEA,Mike Holmgren,2001_07_MIA_SEA
2001,7,SF,Steve Mariucci,2001_07_SF_CHI
2001,7,TB,Tony Dungy,2001_07_MIN_TB
2001,7,TEN,Jeff Fisher,2001_07_TEN_PIT
2001,7,WAS,Marty Schottenheimer,2001_07_NYG_WAS
2001,8,ARI,Dave McGinnis,2001_08_PHI_ARI
2001,8,ATL,Dan Reeves,2001_08_NE_ATL
2001,8,BAL,Brian Billick,2001_08_BAL_PIT
2001,8,BUF,Gregg Williams,2001_08_IND_BUF
2001,8,CAR,George Seifert,2001_08_CAR_MIA
2001,8,CHI,Dick Jauron,2001_08_CLE_CHI
2001,8,CLE,Butch Davis,2001_08_CLE_CHI
2001,8,DAL,Dave Campo,2001_08_DAL_NYG
2001,8,DEN,Mike Shanahan,2001_08_DEN_OAK
2001,8,DET,Marty Mornhinweg,2001_08_DET_SF
2001,8,GB,Mike Sherman,2001_08_TB_GB
2001,8,IND,Jim Mora,2001_08_IND_BUF
2001,8,JAX,Tom Coughlin,2001_08_JAX_TEN
2001,8,KC,Dick Vermeil,2001_08_KC_SD
2001,8,LAC,Mike Riley,2001_08_KC_SD
2001,8,LV,Jon Gruden,2001_08_DEN_OAK
2001,8,MIA,Dave Wannstedt,2001_08_CAR_MIA
2001,8,NE,Bill Belichick,2001_08_NE_ATL
2001,8,NO,Jim Haslett,2001_08_NYJ_NO
2001,8,NYG,Jim Fassel,2001_08_DAL_NYG
2001,8,NYJ,Herm Edwards,2001_08_NYJ_NO
2001,8,PHI,Andy Reid,2001_08_PHI_ARI
2001,8,PIT,Bill Cowher,2001_08_BAL_PIT
2001,8,SEA,Mike Holmgren,2001_08_SEA_WAS
2001,8,SF,Steve Mariucci,2001_08_DET_SF
2001,8,TB,Tony Dungy,2001_08_TB_GB
2001,8,TEN,Jeff Fisher,2001_08_JAX_TEN
2001,8,WAS,Marty Schottenheimer,2001_08_SEA_WAS
2001,9,ARI,Dave McGinnis,2001_09_NYG_ARI
2001,9,ATL,Dan Reeves,2001_09_DAL_ATL
2001,9,BAL,Brian Billick,2001_09_BAL_TEN
2001,9,BUF,Gregg Williams,2001_09_BUF_NE
2001,9,CAR,George Seifert,2001_09_CAR_STL
2001,9,CHI,Dick Jauron,2001_09_GB_CHI
2001,9,CIN,Dick LeBeau,2001_09_CIN_JAX
2001,9,CLE,Butch Davis,2001_09_PIT_CLE
2001,9,DAL,Dave Campo,2001_09_DAL_ATL
2001,9,DEN,Mike Shanahan,2001_09_SD_DEN
2001,9,DET,Marty Mornhinweg,2001_09_TB_DET
2001,9,GB,Mike Sherman,2001_09_GB_CHI
2001,9,IND,Jim Mora,2001_09_MIA_IND
2001,9,JAX,Tom Coughlin,2001_09_CIN_JAX
2001,9,KC,Dick Vermeil,2001_09_KC_NYJ
2001,9,LA,Mike Martz,2001_09_CAR_STL
2001,9,LAC,Mike Riley,2001_09_SD_DEN
2001,9,LV,Jon Gruden,2001_09_OAK_SEA
2001,9,MIA,Dave Wannstedt,2001_09_MIA_IND
2001,9,MIN,Dennis Green,2001_09_MIN_PHI
2001,9,NE,Bill Belichick,2001_09_BUF_NE
2001,9,NO,Jim Haslett,2001_09_NO_SF
2001,9,NYG,Jim Fassel,2001_09_NYG_ARI
2001,9,NYJ,Herm Edwards,2001_09_KC_NYJ
2001,9,PHI,Andy Reid,2001_09_MIN_PHI
2001,9,PIT,Bill Cowher,2001_09_PIT_CLE
2001,9,SEA,Mike Holmgren,2001_09_OAK_SEA
2001,9,SF,Steve Mariucci,2001_09_NO_SF
2001,9,TB,Tony Dungy,2001_09_TB_DET
2001,9,TEN,Jeff Fisher,2001_09_BAL_TEN
2001,10,ARI,Dave McGinnis,2001_10_DET_ARI
2001,10,ATL,Dan Reeves,2001_10_ATL_GB
2001,10,BAL,Brian Billick,2001_10_CLE_BAL
2001,10,BUF,Gregg Williams,2001_10_SEA_BUF
2001,10,CAR,George Seifert,2001_10_SF_CAR
2001,10,CHI,Dick Jauron,2001_10_CHI_TB
2001,10,CIN,Dick LeBeau,2001_10_TEN_CIN
2001,10,CLE,Butch Davis,2001_10_CLE_BAL
2001,10,DAL,Dave Campo,2001_10_PHI_DAL
2001,10,DEN,Mike Shanahan,2001_10_WAS_DEN
2001,10,DET,Marty Mornhinweg,2001_10_DET_ARI
2001,10,GB,Mike Sherman,2001_10_ATL_GB
2001,10,IND,Jim Mora,2001_10_IND_NO
2001,10,JAX,Tom Coughlin,2001_10_JAX_PIT
2001,10,LA,Mike Martz,2001_10_STL_NE
2001,10,LAC,Mike Riley,2001_10_SD_OAK
2001,10,LV,Jon Gruden,2001_10_SD_OAK
2001,10,MIA,Dave Wannstedt,2001_10_NYJ_MIA
2001,10,MIN,Dennis Green,2001_10_NYG_MIN
2001,10,NE,Bill Belichick,2001_10_STL_NE
2001,10,NO,Jim Haslett,2001_10_IND_NO
2001,10,NYG,Jim Fassel,2001_10_NYG_MIN
2001,10,NYJ,Herm Edwards,2001_10_NYJ_MIA
2001,10,PHI,Andy Reid,2001_10_PHI_DAL
2001,10,PIT,Bill Cowher,2001_10_JAX_PIT
2001,10,SEA,Mike Holmgren,2001_10_SEA_BUF
2001,10,SF,Steve Mariucci,2001_10_SF_CAR
2001,10,TB,Tony Dungy,2001_10_CHI_TB
2001,10,TEN,Jeff Fisher,2001_10_TEN_CIN
2001,10,WAS,Marty Schottenheimer,2001_10_WAS_DEN
2001,11,ARI,Dave McGinnis,2001_11_ARI_SD
2001,11,ATL,Dan Reeves,2001_11_ATL_CAR
2001,11,BAL,Brian Billick,2001_11_BAL_JAX
2001,11,BUF,Gregg Williams,2001_11_MIA_BUF
2001,11,CAR,George Seifert,2001_11_ATL_CAR
2001,11,CHI,Dick Jauron,2001_11_CHI_MIN
2001,11,CIN,Dick LeBeau,2001_11_CIN_CLE
2001,11,CLE,Butch Davis,2001_11_CIN_CLE
2001,11,DAL,Dave Campo,2001_11_DEN_DAL
2001,11,DEN,Mike Shanahan,2001_11_DEN_DAL
2001,11,DET,Marty Mornhinweg,2001_11_GB_DET
2001,11,GB,Mike Sherman,2001_11_GB_DET
2001,11,IND,Jim Mora,2001_11_SF_IND
2001,11,JAX,Tom Coughlin,2001_11_BAL_JAX
2001,11,KC,Dick Vermeil,2001_11_SEA_KC
2001,11,LA,Mike Martz,2001_11_TB_STL
2001,11,LAC,Mike Riley,2001_11_ARI_SD
2001,11,LV,Jon Gruden,2001_11_OAK_NYG
2001,11,MIA,Dave Wannstedt,2001_11_MIA_BUF
2001,11,MIN,Dennis Green,2001_11_CHI_MIN
2001,11,NE,Bill Belichick,2001_11_NO_NE
2001,11,NO,Jim Haslett,2001_11_NO_NE
2001,11,NYG,Jim Fassel,2001_11_OAK_NYG
2001,11,PHI,Andy Reid,2001_11_WAS_PHI
2001,11,PIT,Bill Cowher,2001_11_PIT_TEN
2001,11,SEA,Mike Holmgren,2001_11_SEA_KC
2001,11,SF,Steve Mariucci,2001_11_SF_IND
2001,11,TB,Tony Dungy,2001_11_TB_STL
2001,11,TEN,Jeff Fisher,2001_11_PIT_TEN
2001,11,WAS,Marty Schottenheimer,2001_11_WAS_PHI
2001,12,ARI,Dave McGinnis,2001_12_ARI_OAK
2001,12,ATL,Dan Reeves,2001_12_STL_ATL
2001,12,BAL,Brian Billick,2001_12_IND_BAL
2001,12,BUF,Gregg Williams,2001_12_BUF_SF
2001,12,CAR,George Seifert,2001_12_CAR_NO
2001,12,CHI,Dick Jauron,2001_12_DET_CHI
2001,12,CIN,Dick LeBeau,2001_12_TB_CIN
2001,12,CLE,Butch Davis,2001_12_TEN_CLE
2001,12,DAL,Dave Campo,2001_12_DAL_WAS
2001,12,DEN,Mike Shanahan,2001_12_DEN_MIA
2001,12,DET,Marty Mornhinweg,2001_12_DET_CHI
2001,12,GB,Mike Sherman,2001_12_GB_JAX
2001,12,IND,Jim Mora,2001_12_IND_BAL
2001,12,JAX,Tom Coughlin,2001_12_GB_JAX
2001,12,KC,Dick Vermeil,2001_12_PHI_KC
2001,12,LA,Mike Martz,2001_12_STL_ATL
2001,12,LAC,Mike Riley,2001_12_SD_SEA
2001,12,LV,Jon Gruden,2001_12_ARI_OAK
2001,12,MIA,Dave Wannstedt,2001_12_DEN_MIA
2001,12,MIN,Dennis Green,2001_12_MIN_PIT
2001,12,NE,Bill Belichick,2001_12_NE_NYJ
2001,12,NO,Jim Haslett,2001_12_CAR_NO
2001,12,NYJ,Herm Edwards,2001_12_NE_NYJ
2001,12,PHI,Andy Reid,2001_12_PHI_KC
2001,12,PIT,Bill Cowher,2001_12_MIN_PIT
2001,12,SEA,Mike Holmgren,2001_12_SD_SEA
2001,12,SF,Steve Mariucci,2001_12_BUF_SF
2001,12,TB,Tony Dungy,2001_12_TB_CIN
2001,12,TEN,Jeff Fisher,2001_12_TEN_CLE
2001,12,WAS,Marty Schottenheimer,2001_12_DAL_WAS
2001,13,ARI,Dave McGinnis,2001_13_WAS_ARI
2001,13,ATL,Dan Reeves,2001_13_NO_ATL
2001,13,BUF,Gregg Williams,2001_13_CAR_BUF
2001,13,CAR,George Seifert,2001_13_CAR_BUF
2001,13,CHI,Dick Jauron,2001_13_CHI_GB
2001,13,CIN,Dick LeBeau,2001_13_JAX_CIN
2001,13,CLE,Butch Davis,2001_13_CLE_NE
2001,13,DAL,Dave Campo,2001_13_NYG_DAL
2001,13,DEN,Mike Shanahan,2001_13_SEA_DEN
2001,13,DET,Marty Mornhinweg,2001_13_DET_TB
2001,13,GB,Mike Sherman,2001_13_CHI_GB
2001,13,IND,Jim Mora,2001_13_IND_MIA
2001,13,JAX,Tom Coughlin,2001_13_JAX_CIN
2001,13,KC,Dick Vermeil,2001_13_KC_OAK
2001,13,LA,Mike Martz,2001_13_SF_STL
2001,13,LAC,Mike Riley,2001_13_SD_PHI
2001,13,LV,Jon Gruden,2001_13_KC_OAK
2001,13,MIA,Dave Wannstedt,2001_13_IND_MIA
2001,13,MIN,Dennis Green,2001_13_TEN_MIN
2001,13,NE,Bill Belichick,2001_13_CLE_NE
2001,13,NO,Jim Haslett,2001_13_NO_ATL
2001,13,NYG,Jim Fassel,2001_13_NYG_DAL
2001,13,NYJ,Herm Edwards,2001_13_NYJ_PIT
2001,13,PHI,Andy Reid,2001_13_SD_PHI
2001,13,PIT,Bill Cowher,2001_13_NYJ_PIT
2001,13,SEA,Mike Holmgren,2001_13_SEA_DEN
2001,13,SF,Steve Mariucci,2001_13_SF_STL
2001,13,TB,Tony Dungy,2001_13_DET_TB
2001,13,TEN,Jeff Fisher,2001_13_TEN_MIN
2001,13,WAS,Marty Schottenheimer,2001_13_WAS_ARI
2001,14,ARI,Dave McGinnis,2001_14_ARI_NYG
2001,14,ATL,Dan Reeves,2001_14_ATL_IND
2001,14,BAL,Brian Billick,2001_14_PIT_BAL
2001,14,BUF,Gregg Williams,2001_14_NE_BUF
2001,14,CHI,Dick Jauron,2001_14_TB_CHI
2001,14,CIN,Dick LeBeau,2001_14_CIN_NYJ
2001,14,CLE,Butch Davis,2001_14_JAX_CLE
2001,14,DAL,Dave Campo,2001_14_DAL_SEA
2001,14,DEN,Mike Shanahan,2001_14_DEN_KC
2001,14,DET,Marty Mornhinweg,2001_14_MIN_DET
2001,14,GB,Mike Sherman,2001_14_GB_TEN
2001,14,IND,Jim Mora,2001_14_ATL_IND
2001,14,JAX,Tom Coughlin,2001_14_JAX_CLE
2001,14,KC,Dick Vermeil,2001_14_DEN_KC
2001,14,LA,Mike Martz,2001_14_STL_NO
2001,14,LAC,Mike Riley,2001_14_OAK_SD
2001,14,LV,Jon Gruden,2001_14_OAK_SD
2001,14,MIA,Dave Wannstedt,2001_14_MIA_SF
2001,14,MIN,Dennis Green,2001_14_MIN_DET
2001,14,NE,Bill Belichick,2001_14_NE_BUF
2001,14,NO,Jim Haslett,2001_14_STL_NO
2001,14,NYG,Jim Fassel,2001_14_ARI_NYG
2001,14,NYJ,Herm Edwards,2001_14_CIN_NYJ
2001,14,PHI,Andy Reid,2001_14_PHI_WAS
2001,14,PIT,Bill Cowher,2001_14_PIT_BAL
2001,14,SEA,Mike Holmgren,2001_14_DAL_SEA
2001,14,SF,Steve Mariucci,2001_14_MIA_SF
2001,14,TB,Tony Dungy,2001_14_TB_CHI
2001,14,TEN,Jeff Fisher,2001_14_GB_TEN
2001,14,WAS,Marty Schottenheimer,2001_14_PHI_WAS
2001,15,ARI,Dave McGinnis,2001_15_DAL_ARI
2001,15,ATL,Dan Reeves,2001_15_BUF_ATL
2001,15,BAL,Brian Billick,2001_15_CIN_BAL
2001,15,BUF,Gregg Williams,2001_15_BUF_ATL
2001,15,CAR,George Seifert,2001_15_STL_CAR
2001,15,CHI,Dick Jauron,2001_15_CHI_WAS
2001,15,CIN,Dick LeBeau,2001_15_CIN_BAL
2001,15,CLE,Butch Davis,2001_15_CLE_GB
2001,15,DAL,Dave Campo,2001_15_DAL_ARI
2001,15,DET,Marty Mornhinweg,2001_15_DET_PIT
2001,15,GB,Mike Sherman,2001_15_CLE_GB
2001,15,IND,Jim Mora,2001_15_NYJ_IND
2001,15,JAX,Tom Coughlin,2001_15_JAX_MIN
2001,15,KC,Dick Vermeil,2001_15_SD_KC
2001,15,LA,Mike Martz,2001_15_STL_CAR
2001,15,LAC,Mike Riley,2001_15_SD_KC
2001,15,LV,Jon Gruden,2001_15_TEN_OAK
2001,15,MIA,Dave Wannstedt,2001_15_MIA_NE
2001,15,MIN,Dennis Green,2001_15_JAX_MIN
2001,15,NE,Bill Belichick,2001_15_MIA_NE
2001,15,NO,Jim Haslett,2001_15_NO_TB
2001,15,NYG,Jim Fassel,2001_15_SEA_NYG
2001,15,NYJ,Herm Edwards,2001_15_NYJ_IND
2001,15,PHI,Andy Reid,2001_15_PHI_SF
2001,15,PIT,Bill Cowher,2001_15_DET_PIT
2001,15,SEA,Mike Holmgren,2001_15_SEA_NYG
2001,15,SF,Steve Mariucci,2001_15_PHI_SF
2001,15,TB,Tony Dungy,2001_15_NO_TB
2001,15,TEN,Jeff Fisher,2001_15_TEN_OAK
2001,15,WAS,Marty Schottenheimer,2001_15_CHI_WAS
2001,16,ARI,Dave McGinnis,2001_16_ARI_CAR
2001,16,ATL,Dan Reeves,2001_16_ATL_MIA
2001,16,BAL,Brian Billick,2001_16_BAL_TB
2001,16,BUF,Gregg Williams,2001_16_BUF_NYJ
2001,16,CAR,George Seifert,2001_16_ARI_CAR
2001,16,CHI,Dick Jauron,2001_16_CHI_DET
2001,16,CIN,Dick LeBeau,2001_16_PIT_CIN
2001,16,CLE,Butch Davis,2001_16_CLE_TEN
2001,16,DAL,Dave Campo,2001_16_SF_DAL
2001,16,DEN,Mike Shanahan,2001_16_OAK_DEN
2001,16,DET,Marty Mornhinweg,2001_16_CHI_DET
2001,16,GB,Mike Sherman,2001_16_MIN_GB
2001,16,IND,Jim Mora,2001_16_IND_STL
2001,16,JAX,Tom Coughlin,2001_16_KC_JAX
2001,16,KC,Dick Vermeil,2001_16_KC_JAX
2001,16,LA,Mike Martz,2001_16_IND_STL
2001,16,LAC,Mike Riley,2001_16_SEA_SD
2001,16,LV,Jon Gruden,2001_16_OAK_DEN
2001,16,MIA,Dave Wannstedt,2001_16_ATL_MIA
2001,16,MIN,Dennis Green,2001_16_MIN_GB
2001,16,NO,Jim Haslett,2001_16_WAS_NO
2001,16,NYG,Jim Fassel,2001_16_NYG_PHI
2001,16,NYJ,Herm Edwards,2001_16_BUF_NYJ
2001,16,PHI,Andy Reid,2001_16_NYG_PHI
2001,16,PIT,Bill Cowher,2001_16_PIT_CIN
2001,16,SEA,Mike Holmgren,2001_16_SEA_SD
2001,16,SF,Steve Mariucci,2001_16_SF_DAL
2001,16,TB,Tony Dungy,2001_16_BAL_TB
2001,16,TEN,Jeff Fisher,2001_16_CLE_TEN
2001,16,WAS,Marty Schottenheimer,2001_16_WAS_NO
2001,17,ARI,Dave McGinnis,2001_17_ARI_WAS
2001,17,ATL,Dan Reeves,2001_17_ATL_STL
2001,17,BAL,Brian Billick,2001_17_MIN_BAL
2001,17,BUF,Gregg Williams,2001_17_BUF_MIA
2001,17,CAR,George Seifert,2001_17_NE_CAR
2001,17,CHI,Dick Jauron,2001_17_JAX_CHI
2001,17,CIN,Dick LeBeau,2001_17_CIN_TEN
2001,17,CLE,Butch Davis,2001_17_CLE_PIT
2001,17,DAL,Dave Campo,2001_17_DAL_DET
2001,17,DEN,Mike Shanahan,2001_17_DEN_IND
2001,17,DET,Marty Mornhinweg,2001_17_DAL_DET
2001,17,GB,Mike Sherman,2001_17_GB_NYG
2001,17,IND,Jim Mora,2001_17_DEN_IND
2001,17,JAX,Tom Coughlin,2001_17_JAX_CHI
2001,17,KC,Dick Vermeil,2001_17_KC_SEA
2001,17,LA,Mike Martz,2001_17_ATL_STL
2001,17,LV,Jon Gruden,2001_17_NYJ_OAK
2001,17,MIA,Dave Wannstedt,2001_17_BUF_MIA
2001,17,MIN,Mike Tice,2001_17_MIN_BAL
2001,17,NE,Bill Belichick,2001_17_NE_CAR
2001,17,NO,Jim Haslett,2001_17_SF_NO
2001,17,NYG,Jim Fassel,2001_17_GB_NYG
2001,17,NYJ,Herm Edwards,2001_17_NYJ_OAK
2001,17,PHI,Andy Reid,2001_17_PHI_TB
2001,17,PIT,Bill Cowher,2001_17_CLE_PIT
2001,17,SEA,Mike Holmgren,2001_17_KC_SEA
2001,17,SF,Steve Mariucci,2001_17_SF_NO
2001,17,TB,Tony Dungy,2001_17_PHI_TB
2001,17,TEN,Jeff Fisher,2001_17_CIN_TEN
2001,17,WAS,Marty Schottenheimer,2001_17_ARI_WAS
2002,1,ARI,Dave McGinnis,2002_01_ARI_WAS
2002,1,ATL,Dan Reeves,2002_01_ATL_GB
2002,1,BAL,Brian Billick,2002_01_BAL_CAR
2002,1,BUF,Gregg Williams,2002_01_NYJ_BUF
2002,1,CAR,John Fox,2002_01_BAL_CAR
2002,1,CHI,Dick Jauron,2002_01_MIN_CHI
2002,1,CIN,Dick LeBeau,2002_01_SD_CIN
2002,1,CLE,Butch Davis,2002_01_KC_CLE
2002,1,DAL,Dave Campo,2002_01_DAL_HOU
2002,1,DEN,Mike Shanahan,2002_01_STL_DEN
2002,1,DET,Marty Mornhinweg,2002_01_DET_MIA
2002,1,GB,Mike Sherman,2002_01_ATL_GB
2002,1,HOU,Dom Capers,2002_01_DAL_HOU
2002,1,IND,Tony Dungy,2002_01_IND_JAX
2002,1,JAX,Tom Coughlin,2002_01_IND_JAX
2002,1,KC,Dick Vermeil,2002_01_KC_CLE
2002,1,LA,Mike Martz,2002_01_STL_DEN
2002,1,LAC,Marty Schottenheimer,2002_01_SD_CIN
2002,1,LV,Bill Callahan,2002_01_SEA_OAK
2002,1,MIA,Dave Wannstedt,2002_01_DET_MIA
2002,1,MIN,Mike Tice,2002_01_MIN_CHI
2002,1,NE,Bill Belichick,2002_01_PIT_NE
2002,1,NO,Jim Haslett,2002_01_NO_TB
2002,1,NYG,Jim Fassel,2002_01_SF_NYG
2002,1,NYJ,Herm Edwards,2002_01_NYJ_BUF
2002,1,PHI,Andy Reid,2002_01_PHI_TEN
2002,1,PIT,Bill Cowher,2002_01_PIT_NE
2002,1,SEA,Mike Holmgren,2002_01_SEA_OAK
2002,1,SF,Steve Mariucci,2002_01_SF_NYG
2002,1,TB,Jon Gruden,2002_01_NO_TB
2002,1,TEN,Jeff Fisher,2002_01_PHI_TEN
2002,1,WAS,Steve Spurrier,2002_01_ARI_WAS
2002,2,ARI,Dave McGinnis,2002_02_ARI_SEA
2002,2,ATL,Dan Reeves,2002_02_CHI_ATL
2002,2,BAL,Brian Billick,2002_02_TB_BAL
2002,2,BUF,Gregg Williams,2002_02_BUF_MIN
2002,2,CAR,John Fox,2002_02_DET_CAR
2002,2,CHI,Dick Jauron,2002_02_CHI_ATL
2002,2,CIN,Dick LeBeau,2002_02_CIN_CLE
2002,2,CLE,Butch Davis,2002_02_CIN_CLE
2002,2,DAL,Dave Campo,2002_02_TEN_DAL
2002,2,DEN,Mike Shanahan,2002_02_DEN_SF
2002,2,DET,Marty Mornhinweg,2002_02_DET_CAR
2002,2,GB,Mike Sherman,2002_02_GB_NO
2002,2,HOU,Dom Capers,2002_02_HOU_SD
2002,2,IND,Tony Dungy,2002_02_MIA_IND
2002,2,JAX,Tom Coughlin,2002_02_JAX_KC
2002,2,KC,Dick Vermeil,2002_02_JAX_KC
2002,2,LA,Mike Martz,2002_02_NYG_STL
2002,2,LAC,Marty Schottenheimer,2002_02_HOU_SD
2002,2,LV,Bill Callahan,2002_02_OAK_PIT
2002,2,MIA,Dave Wannstedt,2002_02_MIA_IND
2002,2,MIN,Mike Tice,2002_02_BUF_MIN
2002,2,NE,Bill Belichick,2002_02_NE_NYJ
2002,2,NO,Jim Haslett,2002_02_GB_NO
2002,2,NYG,Jim Fassel,2002_02_NYG_STL
2002,2,NYJ,Herm Edwards,2002_02_NE_NYJ
2002,2,PHI,Andy Reid,2002_02_PHI_WAS
2002,2,PIT,Bill Cowher,2002_02_OAK_PIT
2002,2,SEA,Mike Holmgren,2002_02_ARI_SEA
2002,2,SF,Steve Mariucci,2002_02_DEN_SF
2002,2,TB,Jon Gruden,2002_02_TB_BAL
2002,2,TEN,Jeff Fisher,2002_02_TEN_DAL
2002,2,WAS,Steve Spurrier,2002_02_PHI_WAS
2002,3,ARI,Dave McGinnis,2002_03_SD_ARI
2002,3,ATL,Dan Reeves,2002_03_CIN_ATL
2002,3,BUF,Gregg Williams,2002_03_BUF_DEN
2002,3,CAR,John Fox,2002_03_CAR_MIN
2002,3,CHI,Dick Jauron,2002_03_NO_CHI
2002,3,CIN,Dick LeBeau,2002_03_CIN_ATL
2002,3,CLE,Butch Davis,2002_03_CLE_TEN
2002,3,DAL,Dave Campo,2002_03_DAL_PHI
2002,3,DEN,Mike Shanahan,2002_03_BUF_DEN
2002,3,DET,Marty Mornhinweg,2002_03_GB_DET
2002,3,GB,Mike Sherman,2002_03_GB_DET
2002,3,HOU,Dom Capers,2002_03_IND_HOU
2002,3,IND,Tony Dungy,2002_03_IND_HOU
2002,3,KC,Dick Vermeil,2002_03_KC_NE
2002,3,LA,Mike Martz,2002_03_STL_TB
2002,3,LAC,Marty Schottenheimer,2002_03_SD_ARI
2002,3,MIA,Dave Wannstedt,2002_03_NYJ_MIA
2002,3,MIN,Mike Tice,2002_03_CAR_MIN
2002,3,NE,Bill Belichick,2002_03_KC_NE
2002,3,NO,Jim Haslett,2002_03_NO_CHI
2002,3,NYG,Jim Fassel,2002_03_SEA_NYG
2002,3,NYJ,Herm Edwards,2002_03_NYJ_MIA
2002,3,PHI,Andy Reid,2002_03_DAL_PHI
2002,3,SEA,Mike Holmgren,2002_03_SEA_NYG
2002,3,SF,Steve Mariucci,2002_03_WAS_SF
2002,3,TB,Jon Gruden,2002_03_STL_TB
2002,3,TEN,Jeff Fisher,2002_03_CLE_TEN
2002,3,WAS,Steve Spurrier,2002_03_WAS_SF
2002,4,ARI,Dave McGinnis,2002_04_NYG_ARI
2002,4,BAL,Brian Billick,2002_04_DEN_BAL
2002,4,BUF,Gregg Williams,2002_04_CHI_BUF
2002,4,CAR,John Fox,2002_04_CAR_GB
2002,4,CHI,Dick Jauron,2002_04_CHI_BUF
2002,4,CIN,Dick LeBeau,2002_04_TB_CIN
2002,4,CLE,Butch Davis,2002_04_CLE_PIT
2002,4,DAL,Dave Campo,2002_04_DAL_STL
2002,4,DEN,Mike Shanahan,2002_04_DEN_BAL
2002,4,DET,Marty Mornhinweg,2002_04_NO_DET
2002,4,GB,Mike Sherman,2002_04_CAR_GB
2002,4,HOU,Dom Capers,2002_04_HOU_PHI
2002,4,JAX,Tom Coughlin,2002_04_NYJ_JAX
2002,4,KC,Dick Vermeil,2002_04_MIA_KC
2002,4,LA,Mike Martz,2002_04_DAL_STL
2002,4,LAC,Marty Schottenheimer,2002_04_NE_SD
2002,4,LV,Bill Callahan,2002_04_TEN_OAK
2002,4,MIA,Dave Wannstedt,2002_04_MIA_KC
2002,4,MIN,Mike Tice,2002_04_MIN_SEA
2002,4,NE,Bill Belichick,2002_04_NE_SD
2002,4,NO,Jim Haslett,2002_04_NO_DET
2002,4,NYG,Jim Fassel,2002_04_NYG_ARI
2002,4,NYJ,Herm Edwards,2002_04_NYJ_JAX
2002,4,PHI,Andy Reid,2002_04_HOU_PHI
2002,4,PIT,Bill Cowher,2002_04_CLE_PIT
2002,4,SEA,Mike Holmgren,2002_04_MIN_SEA
2002,4,TB,Jon Gruden,2002_04_TB_CIN
2002,4,TEN,Jeff Fisher,2002_04_TEN_OAK
2002,5,ARI,Dave McGinnis,2002_05_ARI_CAR
2002,5,ATL,Dan Reeves,2002_05_TB_ATL
2002,5,BAL,Brian Billick,2002_05_BAL_CLE
2002,5,BUF,Gregg Williams,2002_05_OAK_BUF
2002,5,CAR,John Fox,2002_05_ARI_CAR
2002,5,CHI,Dick Jauron,2002_05_GB_CHI
2002,5,CIN,Dick LeBeau,2002_05_CIN_IND
2002,5,CLE,Butch Davis,2002_05_BAL_CLE
2002,5,DAL,Dave Campo,2002_05_NYG_DAL
2002,5,DEN,Mike Shanahan,2002_05_SD_DEN
2002,5,GB,Mike Sherman,2002_05_GB_CHI
2002,5,IND,Tony Dungy,2002_05_CIN_IND
2002,5,JAX,Tom Coughlin,2002_05_PHI_JAX
2002,5,KC,Dick Vermeil,2002_05_KC_NYJ
2002,5,LA,Mike Martz,2002_05_STL_SF
2002,5,LAC,Marty Schottenheimer,2002_05_SD_DEN
2002,5,LV,Bill Callahan,2002_05_OAK_BUF
2002,5,MIA,Dave Wannstedt,2002_05_NE_MIA
2002,5,NE,Bill Belichick,2002_05_NE_MIA
2002,5,NO,Jim Haslett,2002_05_PIT_NO
2002,5,NYG,Jim Fassel,2002_05_NYG_DAL
2002,5,NYJ,Herm Edwards,2002_05_KC_NYJ
2002,5,PHI,Andy Reid,2002_05_PHI_JAX
2002,5,PIT,Bill Cowher,2002_05_PIT_NO
2002,5,SF,Steve Mariucci,2002_05_STL_SF
2002,5,TB,Jon Gruden,2002_05_TB_ATL
2002,5,TEN,Jeff Fisher,2002_05_WAS_TEN
2002,5,WAS,Steve Spurrier,2002_05_WAS_TEN
2002,6,ATL,Dan Reeves,2002_06_ATL_NYG
2002,6,BAL,Brian Billick,2002_06_BAL_IND
2002,6,BUF,Gregg Williams,2002_06_BUF_HOU
2002,6,CAR,John Fox,2002_06_CAR_DAL
2002,6,CIN,Dick LeBeau,2002_06_PIT_CIN
2002,6,CLE,Butch Davis,2002_06_CLE_TB
2002,6,DAL,Dave Campo,2002_06_CAR_DAL
2002,6,DEN,Mike Shanahan,2002_06_MIA_DEN
2002,6,DET,Marty Mornhinweg,2002_06_DET_MIN
2002,6,GB,Mike Sherman,2002_06_GB_NE
2002,6,HOU,Dom Capers,2002_06_BUF_HOU
2002,6,IND,Tony Dungy,2002_06_BAL_IND
2002,6,JAX,Tom Coughlin,2002_06_JAX_TEN
2002,6,KC,Dick Vermeil,2002_06_KC_SD
2002,6,LA,Mike Martz,2002_06_OAK_STL
2002,6,LAC,Marty Schottenheimer,2002_06_KC_SD
2002,6,LV,Bill Callahan,2002_06_OAK_STL
2002,6,MIA,Dave Wannstedt,2002_06_MIA_DEN
2002,6,MIN,Mike Tice,2002_06_DET_MIN
2002,6,NE,Bill Belichick,2002_06_GB_NE
2002,6,NO,Jim Haslett,2002_06_NO_WAS
2002,6,NYG,Jim Fassel,2002_06_ATL_NYG
2002,6,PIT,Bill Cowher,2002_06_PIT_CIN
2002,6,SEA,Mike Holmgren,2002_06_SF_SEA
2002,6,SF,Steve Mariucci,2002_06_SF_SEA
2002,6,TB,Jon Gruden,2002_06_CLE_TB
2002,6,TEN,Jeff Fisher,2002_06_JAX_TEN
2002,6,WAS,Steve Spurrier,2002_06_NO_WAS
2002,7,ARI,Dave McGinnis,2002_07_DAL_ARI
2002,7,ATL,Dan Reeves,2002_07_CAR_ATL
2002,7,BAL,Brian Billick,2002_07_JAX_BAL
2002,7,BUF,Gregg Williams,2002_07_BUF_MIA
2002,7,CAR,John Fox,2002_07_CAR_ATL
2002,7,CHI,Dick Jauron,2002_07_CHI_DET
2002,7,CLE,Butch Davis,2002_07_HOU_CLE
2002,7,DAL,Dave Campo,2002_07_DAL_ARI
2002,7,DEN,Mike Shanahan,2002_07_DEN_KC
2002,7,DET,Marty Mornhinweg,2002_07_CHI_DET
2002,7,GB,Mike Sherman,2002_07_WAS_GB
2002,7,HOU,Dom Capers,2002_07_HOU_CLE
2002,7,IND,Tony Dungy,2002_07_IND_PIT
2002,7,JAX,Tom Coughlin,2002_07_JAX_BAL
2002,7,KC,Dick Vermeil,2002_07_DEN_KC
2002,7,LA,Mike Martz,2002_07_SEA_STL
2002,7,LAC,Marty Schottenheimer,2002_07_SD_OAK
2002,7,LV,Bill Callahan,2002_07_SD_OAK
2002,7,MIA,Dave Wannstedt,2002_07_BUF_MIA
2002,7,MIN,Mike Tice,2002_07_MIN_NYJ
2002,7,NO,Jim Haslett,2002_07_SF_NO
2002,7,NYJ,Herm Edwards,2002_07_MIN_NYJ
2002,7,PHI,Andy Reid,2002_07_TB_PHI
2002,7,PIT,Bill Cowher,2002_07_IND_PIT
2002,7,SEA,Mike Holmgren,2002_07_SEA_STL
2002,7,SF,Steve Mariucci,2002_07_SF_NO
2002,7,TB,Jon Gruden,2002_07_TB_PHI
2002,7,WAS,Steve Spurrier,2002_07_WAS_GB
2002,8,ARI,Dave McGinnis,2002_08_ARI_SF
2002,8,ATL,Dan Reeves,2002_08_ATL_NO
2002,8,BAL,Brian Billick,2002_08_PIT_BAL
2002,8,BUF,Gregg Williams,2002_08_DET_BUF
2002,8,CAR,John Fox,2002_08_TB_CAR
2002,8,CHI,Dick Jauron,2002_08_CHI_MIN
2002,8,CIN,Dick LeBeau,2002_08_TEN_CIN
2002,8,CLE,Butch Davis,2002_08_CLE_NYJ
2002,8,DAL,Dave Campo,2002_08_SEA_DAL
2002,8,DEN,Mike Shanahan,2002_08_DEN_NE
2002,8,DET,Marty Mornhinweg,2002_08_DET_BUF
2002,8,HOU,Dom Capers,2002_08_HOU_JAX
2002,8,IND,Tony Dungy,2002_08_IND_WAS
2002,8,JAX,Tom Coughlin,2002_08_HOU_JAX
2002,8,KC,Dick Vermeil,2002_08_OAK_KC
2002,8,LV,Bill Callahan,2002_08_OAK_KC
2002,8,MIN,Mike Tice,2002_08_CHI_MIN
2002,8,NE,Bill Belichick,2002_08_DEN_NE
2002,8,NO,Jim Haslett,2002_08_ATL_NO
2002,8,NYG,Jim Fassel,2002_08_NYG_PHI
2002,8,NYJ,Herm Edwards,2002_08_CLE_NYJ
2002,8,PHI,Andy Reid,2002_08_NYG_PHI
2002,8,PIT,Bill Cowher,2002_08_PIT_BAL
2002,8,SEA,Mike Holmgren,2002_08_SEA_DAL
2002,8,SF,Steve Mariucci,2002_08_ARI_SF
2002,8,TB,Jon Gruden,2002_08_TB_CAR
2002,8,TEN,Jeff Fisher,2002_08_TEN_CIN
2002,8,WAS,Steve Spurrier,2002_08_IND_WAS
2002,9,ARI,Dave McGinnis,2002_09_STL_ARI
2002,9,ATL,Dan Reeves,2002_09_BAL_ATL
2002,9,BAL,Brian Billick,2002_09_BAL_ATL
2002,9,BUF,Gregg Williams,2002_09_NE_BUF
2002,9,CHI,Dick Jauron,2002_09_PHI_CHI
2002,9,CIN,Dick LeBeau,2002_09_CIN_HOU
2002,9,CLE,Butch Davis,2002_09_PIT_CLE
2002,9,DAL,Dave Campo,2002_09_DAL_DET
2002,9,DET,Marty Mornhinweg,2002_09_DAL_DET
2002,9,GB,Mike Sherman,2002_09_MIA_GB
2002,9,HOU,Dom Capers,2002_09_CIN_HOU
2002,9,IND,Tony Dungy,2002_09_TEN_IND
2002,9,JAX,Tom Coughlin,2002_09_JAX_NYG
2002,9,LA,Mike Martz,2002_09_STL_ARI
2002,9,LAC,Marty Schottenheimer,2002_09_NYJ_SD
2002,9,LV,Bill Callahan,2002_09_SF_OAK
2002,9,MIA,Dave Wannstedt,2002_09_MIA_GB
2002,9,MIN,Mike Tice,2002_09_MIN_TB
2002,9,NE,Bill Belichick,2002_09_NE_BUF
2002,9,NYG,Jim Fassel,2002_09_JAX_NYG
2002,9,NYJ,Herm Edwards,2002_09_NYJ_SD
2002,9,PHI,Andy Reid,2002_09_PHI_CHI
2002,9,PIT,Bill Cowher,2002_09_PIT_CLE
2002,9,SEA,Mike Holmgren,2002_09_WAS_SEA
2002,9,SF,Steve Mariucci,2002_09_SF_OAK
2002,9,TB,Jon Gruden,2002_09_MIN_TB
2002,9,TEN,Jeff Fisher,2002_09_TEN_IND
2002,9,WAS,Steve Spurrier,2002_09_WAS_SEA
2002,10,ARI,Dave McGinnis,2002_10_SEA_ARI
2002,10,ATL,Dan Reeves,2002_10_ATL_PIT
2002,10,BAL,Brian Billick,2002_10_CIN_BAL
2002,10,CAR,John Fox,2002_10_NO_CAR
2002,10,CHI,Dick Jauron,2002_10_NE_CHI
2002,10,CIN,Dick LeBeau,2002_10_CIN_BAL
2002,10,DEN,Mike Shanahan,2002_10_OAK_DEN
2002,10,DET,Marty Mornhinweg,2002_10_DET_GB
2002,10,GB,Mike Sherman,2002_10_DET_GB
2002,10,HOU,Dom Capers,2002_10_HOU_TEN
2002,10,IND,Tony Dungy,2002_10_IND_PHI
2002,10,JAX,Tom Coughlin,2002_10_WAS_JAX
2002,10,KC,Dick Vermeil,2002_10_KC_SF
2002,10,LA,Mike Martz,2002_10_SD_STL
2002,10,LAC,Marty Schottenheimer,2002_10_SD_STL
2002,10,LV,Bill Callahan,2002_10_OAK_DEN
2002,10,MIA,Dave Wannstedt,2002_10_MIA_NYJ
2002,10,MIN,Mike Tice,2002_10_NYG_MIN
2002,10,NE,Bill Belichick,2002_10_NE_CHI
2002,10,NO,Jim Haslett,2002_10_NO_CAR
2002,10,NYG,Jim Fassel,2002_10_NYG_MIN
2002,10,NYJ,Herm Edwards,2002_10_MIA_NYJ
2002,10,PHI,Andy Reid,2002_10_IND_PHI
2002,10,PIT,Bill Cowher,2002_10_ATL_PIT
2002,10,SEA,Mike Holmgren,2002_10_SEA_ARI
2002,10,SF,Steve Mariucci,2002_10_KC_SF
2002,10,TEN,Jeff Fisher,2002_10_HOU_TEN
2002,10,WAS,Steve Spurrier,2002_10_WAS_JAX
2002,11,ARI,Dave McGinnis,2002_11_ARI_PHI
2002,11,ATL,Dan Reeves,2002_11_NO_ATL
2002,11,BAL,Brian Billick,2002_11_BAL_MIA
2002,11,BUF,Gregg Williams,2002_11_BUF_KC
2002,11,CAR,John Fox,2002_11_CAR_TB
2002,11,CHI,Dick Jauron,2002_11_CHI_STL
2002,11,CIN,Dick LeBeau,2002_11_CLE_CIN
2002,11,CLE,Butch Davis,2002_11_CLE_CIN
2002,11,DAL,Dave Campo,2002_11_DAL_IND
2002,11,DEN,Mike Shanahan,2002_11_DEN_SEA
2002,11,DET,Marty Mornhinweg,2002_11_NYJ_DET
2002,11,GB,Mike Sherman,2002_11_GB_MIN
2002,11,HOU,Dom Capers,2002_11_JAX_HOU
2002,11,IND,Tony Dungy,2002_11_DAL_IND
2002,11,JAX,Tom Coughlin,2002_11_JAX_HOU
2002,11,KC,Dick Vermeil,2002_11_BUF_KC
2002,11,LA,Mike Martz,2002_11_CHI_STL
2002,11,LAC,Marty Schottenheimer,2002_11_SF_SD
2002,11,LV,Bill Callahan,2002_11_NE_OAK
2002,11,MIA,Dave Wannstedt,2002_11_BAL_MIA
2002,11,MIN,Mike Tice,2002_11_GB_MIN
2002,11,NE,Bill Belichick,2002_11_NE_OAK
2002,11,NO,Jim Haslett,2002_11_NO_ATL
2002,11,NYG,Jim Fassel,2002_11_WAS_NYG
2002,11,NYJ,Herm Edwards,2002_11_NYJ_DET
2002,11,PHI,Andy Reid,2002_11_ARI_PHI
2002,11,PIT,Bill Cowher,2002_11_PIT_TEN
2002,11,SEA,Mike Holmgren,2002_11_DEN_SEA
2002,11,SF,Steve Mariucci,2002_11_SF_SD
2002,11,TB,Jon Gruden,2002_11_CAR_TB
2002,11,TEN,Jeff Fisher,2002_11_PIT_TEN
2002,11,WAS,Steve Spurrier,2002_11_WAS_NYG
2002,12,ARI,Dave McGinnis,2002_12_OAK_ARI
2002,12,ATL,Dan Reeves,2002_12_ATL_CAR
2002,12,BAL,Brian Billick,2002_12_TEN_BAL
2002,12,BUF,Gregg Williams,2002_12_BUF_NYJ
2002,12,CAR,John Fox,2002_12_ATL_CAR
2002,12,CHI,Dick Jauron,2002_12_DET_CHI
2002,12,CIN,Dick LeBeau,2002_12_CIN_PIT
2002,12,CLE,Butch Davis,2002_12_CLE_NO
2002,12,DAL,Dave Campo,2002_12_JAX_DAL
2002,12,DEN,Mike Shanahan,2002_12_IND_DEN
2002,12,DET,Marty Mornhinweg,2002_12_DET_CHI
2002,12,GB,Mike Sherman,2002_12_GB_TB
2002,12,HOU,Dom Capers,2002_12_NYG_HOU
2002,12,IND,Tony Dungy,2002_12_IND_DEN
2002,12,JAX,Tom Coughlin,2002_12_JAX_DAL
2002,12,KC,Dick Vermeil,2002_12_KC_SEA
2002,12,LA,Mike Martz,2002_12_STL_WAS
2002,12,LAC,Marty Schottenheimer,2002_12_SD_MIA
2002,12,LV,Bill Callahan,2002_12_OAK_ARI
2002,12,MIA,Dave Wannstedt,2002_12_SD_MIA
2002,12,MIN,Mike Tice,2002_12_MIN_NE
2002,12,NE,Bill Belichick,2002_12_MIN_NE
2002,12,NO,Jim Haslett,2002_12_CLE_NO
2002,12,NYG,Jim Fassel,2002_12_NYG_HOU
2002,12,NYJ,Herm Edwards,2002_12_BUF_NYJ
2002,12,PHI,Andy Reid,2002_12_PHI_SF
2002,12,PIT,Bill Cowher,2002_12_CIN_PIT
2002,12,SEA,Mike Holmgren,2002_12_KC_SEA
2002,12,SF,Steve Mariucci,2002_12_PHI_SF
2002,12,TB,Jon Gruden,2002_12_GB_TB
2002,12,TEN,Jeff Fisher,2002_12_TEN_BAL
2002,12,WAS,Steve Spurrier,2002_12_STL_WAS
2002,13,ARI,Dave McGinnis,2002_13_ARI_KC
2002,13,ATL,Dan Reeves,2002_13_ATL_MIN
2002,13,BAL,Brian Billick,2002_13_BAL_CIN
2002,13,BUF,Gregg Williams,2002_13_MIA_BUF
2002,13,CAR,John Fox,2002_13_CAR_CLE
2002,13,CHI,Dick Jauron,2002_13_CHI_GB
2002,13,CIN,Dick LeBeau,2002_13_BAL_CIN
2002,13,CLE,Butch Davis,2002_13_CAR_CLE
2002,13,DAL,Dave Campo,2002_13_WAS_DAL
2002,13,DEN,Mike Shanahan,2002_13_DEN_SD
2002,13,DET,Marty Mornhinweg,2002_13_NE_DET
2002,13,GB,Mike Sherman,2002_13_CHI_GB
2002,13,HOU,Dom Capers,2002_13_HOU_IND
2002,13,IND,Tony Dungy,2002_13_HOU_IND
2002,13,JAX,Tom Coughlin,2002_13_PIT_JAX
2002,13,KC,Dick Vermeil,2002_13_ARI_KC
2002,13,LA,Mike Martz,2002_13_STL_PHI
2002,13,LAC,Marty Schottenheimer,2002_13_DEN_SD
2002,13,LV,Bill Callahan,2002_13_NYJ_OAK
2002,13,MIA,Dave Wannstedt,2002_13_MIA_BUF
2002,13,MIN,Mike Tice,2002_13_ATL_MIN
2002,13,NE,Bill Belichick,2002_13_NE_DET
2002,13,NO,Jim Haslett,2002_13_TB_NO
2002,13,NYG,Jim Fassel,2002_13_TEN_NYG
2002,13,NYJ,Herm Edwards,2002_13_NYJ_OAK
2002,13,PHI,Andy Reid,2002_13_STL_PHI
2002,13,PIT,Bill Cowher,2002_13_PIT_JAX
2002,13,SEA,Mike Holmgren,2002_13_SEA_SF
2002,13,SF,Steve Mariucci,2002_13_SEA_SF
2002,13,TB,Jon Gruden,2002_13_TB_NO
2002,13,TEN,Jeff Fisher,2002_13_TEN_NYG
2002,13,WAS,Steve Spurrier,2002_13_WAS_DAL
2002,14,ARI,Dave McGinnis,2002_14_DET_ARI
2002,14,ATL,Dan Reeves,2002_14_ATL_TB
2002,14,BAL,Brian Billick,2002_14_NO_BAL
2002,14,BUF,Gregg Williams,2002_14_BUF_NE
2002,14,CAR,John Fox,2002_14_CIN_CAR
2002,14,CHI,Dick Jauron,2002_14_CHI_MIA
2002,14,CIN,Dick LeBeau,2002_14_CIN_CAR
2002,14,CLE,Butch Davis,2002_14_CLE_JAX
2002,14,DAL,Dave Campo,2002_14_SF_DAL
2002,14,DEN,Mike Shanahan,2002_14_DEN_NYJ
2002,14,DET,Marty Mornhinweg,2002_14_DET_ARI
2002,14,GB,Mike Sherman,2002_14_MIN_GB
2002,14,HOU,Dom Capers,2002_14_HOU_PIT
2002,14,IND,Tony Dungy,2002_14_IND_TEN
2002,14,JAX,Tom Coughlin,2002_14_CLE_JAX
2002,14,KC,Dick Vermeil,2002_14_STL_KC
2002,14,LA,Mike Martz,2002_14_STL_KC
2002,14,LAC,Marty Schottenheimer,2002_14_OAK_SD
2002,14,LV,Bill Callahan,2002_14_OAK_SD
2002,14,MIA,Dave Wannstedt,2002_14_CHI_MIA
2002,14,MIN,Mike Tice,2002_14_MIN_GB
2002,14,NE,Bill Belichick,2002_14_BUF_NE
2002,14,NO,Jim Haslett,2002_14_NO_BAL
2002,14,NYG,Jim Fassel,2002_14_NYG_WAS
2002,14,NYJ,Herm Edwards,2002_14_DEN_NYJ
2002,14,PHI,Andy Reid,2002_14_PHI_SEA
2002,14,PIT,Bill Cowher,2002_14_HOU_PIT
2002,14,SEA,Mike Holmgren,2002_14_PHI_SEA
2002,14,SF,Steve Mariucci,2002_14_SF_DAL
2002,14,TB,Jon Gruden,2002_14_ATL_TB
2002,14,TEN,Jeff Fisher,2002_14_IND_TEN
2002,14,WAS,Steve Spurrier,2002_14_NYG_WAS
2002,15,ARI,Dave McGinnis,2002_15_ARI_STL
2002,15,ATL,Dan Reeves,2002_15_SEA_ATL
2002,15,BAL,Brian Billick,2002_15_BAL_HOU
2002,15,BUF,Gregg Williams,2002_15_SD_BUF
2002,15,CAR,John Fox,2002_15_CAR_PIT
2002,15,CHI,Dick Jauron,2002_15_NYJ_CHI
2002,15,CIN,Dick LeBeau,2002_15_JAX_CIN
2002,15,CLE,Butch Davis,2002_15_IND_CLE
2002,15,DAL,Dave Campo,2002_15_DAL_NYG
2002,15,DEN,Mike Shanahan,2002_15_KC_DEN
2002,15,DET,Marty Mornhinweg,2002_15_TB_DET
2002,15,GB,Mike Sherman,2002_15_GB_SF
2002,15,HOU,Dom Capers,2002_15_BAL_HOU
2002,15,IND,Tony Dungy,2002_15_IND_CLE
2002,15,JAX,Tom Coughlin,2002_15_JAX_CIN
2002,15,KC,Dick Vermeil,2002_15_KC_DEN
2002,15,LA,Mike Martz,2002_15_ARI_STL
2002,15,LAC,Marty Schottenheimer,2002_15_SD_BUF
2002,15,LV,Bill Callahan,2002_15_OAK_MIA
2002,15,MIA,Dave Wannstedt,2002_15_OAK_MIA
2002,15,MIN,Mike Tice,2002_15_MIN_NO
2002,15,NE,Bill Belichick,2002_15_NE_TEN
2002,15,NO,Jim Haslett,2002_15_MIN_NO
2002,15,NYG,Jim Fassel,2002_15_DAL_NYG
2002,15,NYJ,Herm Edwards,2002_15_NYJ_CHI
2002,15,PHI,Andy Reid,2002_15_WAS_PHI
2002,15,PIT,Bill Cowher,2002_15_CAR_PIT
2002,15,SEA,Mike Holmgren,2002_15_SEA_ATL
2002,15,SF,Steve Mariucci,2002_15_GB_SF
2002,15,TB,Jon Gruden,2002_15_TB_DET
2002,15,TEN,Jeff Fisher,2002_15_NE_TEN
2002,15,WAS,Steve Spurrier,2002_15_WAS_PHI
2002,16,ARI,Dave McGinnis,2002_16_SF_ARI
2002,16,ATL,Dan Reeves,2002_16_DET_ATL
2002,16,BAL,Brian Billick,2002_16_CLE_BAL
2002,16,BUF,Gregg Williams,2002_16_BUF_GB
2002,16,CAR,John Fox,2002_16_CHI_CAR
2002,16,CHI,Dick Jauron,2002_16_CHI_CAR
2002,16,CIN,Dick LeBeau,2002_16_NO_CIN
2002,16,CLE,Butch Davis,2002_16_CLE_BAL
2002,16,DAL,Dave Campo,2002_16_PHI_DAL
2002,16,DEN,Mike Shanahan,2002_16_DEN_OAK
2002,16,DET,Marty Mornhinweg,2002_16_DET_ATL
2002,16,GB,Mike Sherman,2002_16_BUF_GB
2002,16,HOU,Dom Capers,2002_16_HOU_WAS
2002,16,IND,Tony Dungy,2002_16_NYG_IND
2002,16,JAX,Tom Coughlin,2002_16_TEN_JAX
2002,16,KC,Dick Vermeil,2002_16_SD_KC
2002,16,LA,Mike Martz,2002_16_STL_SEA
2002,16,LAC,Marty Schottenheimer,2002_16_SD_KC
2002,16,LV,Bill Callahan,2002_16_DEN_OAK
2002,16,MIA,Dave Wannstedt,2002_16_MIA_MIN
2002,16,MIN,Mike Tice,2002_16_MIA_MIN
2002,16,NE,Bill Belichick,2002_16_NYJ_NE
2002,16,NO,Jim Haslett,2002_16_NO_CIN
2002,16,NYG,Jim Fassel,2002_16_NYG_IND
2002,16,NYJ,Herm Edwards,2002_16_NYJ_NE
2002,16,PHI,Andy Reid,2002_16_PHI_DAL
2002,16,PIT,Bill Cowher,2002_16_PIT_TB
2002,16,SEA,Mike Holmgren,2002_16_STL_SEA
2002,16,SF,Steve Mariucci,2002_16_SF_ARI
2002,16,TB,Jon Gruden,2002_16_PIT_TB
2002,16,TEN,Jeff Fisher,2002_16_TEN_JAX
2002,16,WAS,Steve Spurrier,2002_16_HOU_WAS
2002,17,ARI,Dave McGinnis,2002_17_ARI_DEN
2002,17,ATL,Dan Reeves,2002_17_ATL_CLE
2002,17,BAL,Brian Billick,2002_17_BAL_PIT
2002,17,BUF,Gregg Williams,2002_17_CIN_BUF
2002,17,CAR,John Fox,2002_17_CAR_NO
2002,17,CHI,Dick Jauron,2002_17_TB_CHI
2002,17,CIN,Dick LeBeau,2002_17_CIN_BUF
2002,17,CLE,Butch Davis,2002_17_ATL_CLE
2002,17,DAL,Dave Campo,2002_17_DAL_WAS
2002,17,DEN,Mike Shanahan,2002_17_ARI_DEN
2002,17,DET,Marty Mornhinweg,2002_17_MIN_DET
2002,17,GB,Mike Sherman,2002_17_GB_NYJ
2002,17,HOU,Dom Capers,2002_17_TEN_HOU
2002,17,IND,Tony Dungy,2002_17_JAX_IND
2002,17,JAX,Tom Coughlin,2002_17_JAX_IND
2002,17,KC,Dick Vermeil,2002_17_KC_OAK
2002,17,LA,Mike Martz,2002_17_SF_STL
2002,17,LAC,Marty Schottenheimer,2002_17_SEA_SD
2002,17,LV,Bill Callahan,2002_17_KC_OAK
2002,17,MIA,Dave Wannstedt,2002_17_MIA_NE
2002,17,MIN,Mike Tice,2002_17_MIN_DET
2002,17,NE,Bill Belichick,2002_17_MIA_NE
2002,17,NO,Jim Haslett,2002_17_CAR_NO
2002,17,NYG,Jim Fassel,2002_17_PHI_NYG
2002,17,NYJ,Herm Edwards,2002_17_GB_NYJ
2002,17,PHI,Andy Reid,2002_17_PHI_NYG
2002,17,PIT,Bill Cowher,2002_17_BAL_PIT
2002,17,SEA,Mike Holmgren,2002_17_SEA_SD
2002,17,SF,Steve Mariucci,2002_17_SF_STL
2002,17,TB,Jon Gruden,2002_17_TB_CHI
2002,17,TEN,Jeff Fisher,2002_17_TEN_HOU
2002,17,WAS,Steve Spurrier,2002_17_DAL_WAS
2003,1,ARI,Dave McGinnis,2003_01_ARI_DET
2003,1,ATL,Dan Reeves,2003_01_ATL_DAL
2003,1,BAL,Brian Billick,2003_01_BAL_PIT
2003,1,BUF,Gregg Williams,2003_01_NE_BUF
2003,1,CAR,John Fox,2003_01_JAX_CAR
2003,1,CHI,Dick Jauron,2003_01_CHI_SF
2003,1,CIN,Marvin Lewis,2003_01_DEN_CIN
2003,1,CLE,Butch Davis,2003_01_IND_CLE
2003,1,DAL,Bill Parcells,2003_01_ATL_DAL
2003,1,DEN,Mike Shanahan,2003_01_DEN_CIN
2003,1,DET,Steve Mariucci,2003_01_ARI_DET
2003,1,GB,Mike Sherman,2003_01_MIN_GB
2003,1,HOU,Dom Capers,2003_01_HOU_MIA
2003,1,IND,Tony Dungy,2003_01_IND_CLE
2003,1,JAX,Jack Del Rio,2003_01_JAX_CAR
2003,1,KC,Dick Vermeil,2003_01_SD_KC
2003,1,LA,Mike Martz,2003_01_STL_NYG
2003,1,LAC,Marty Schottenheimer,2003_01_SD_KC
2003,1,LV,Bill Callahan,2003_01_OAK_TEN
2003,1,MIA,Dave Wannstedt,2003_01_HOU_MIA
2003,1,MIN,Mike Tice,2003_01_MIN_GB
2003,1,NE,Bill Belichick,2003_01_NE_BUF
2003,1,NO,Jim Haslett,2003_01_NO_SEA
2003,1,NYG,Jim Fassel,2003_01_STL_NYG
2003,1,NYJ,Herm Edwards,2003_01_NYJ_WAS
2003,1,PHI,Andy Reid,2003_01_TB_PHI
2003,1,PIT,Bill Cowher,2003_01_BAL_PIT
2003,1,SEA,Mike Holmgren,2003_01_NO_SEA
2003,1,SF,Dennis Erickson,2003_01_CHI_SF
2003,1,TB,Jon Gruden,2003_01_TB_PHI
2003,1,TEN,Jeff Fisher,2003_01_OAK_TEN
2003,1,WAS,Steve Spurrier,2003_01_NYJ_WAS
2003,2,ARI,Dave McGinnis,2003_02_SEA_ARI
2003,2,ATL,Dan Reeves,2003_02_WAS_ATL
2003,2,BAL,Brian Billick,2003_02_CLE_BAL
2003,2,BUF,Gregg Williams,2003_02_BUF_JAX
2003,2,CAR,John Fox,2003_02_CAR_TB
2003,2,CHI,Dick Jauron,2003_02_CHI_MIN
2003,2,CIN,Marvin Lewis,2003_02_CIN_OAK
2003,2,CLE,Butch Davis,2003_02_CLE_BAL
2003,2,DAL,Bill Parcells,2003_02_DAL_NYG
2003,2,DEN,Mike Shanahan,2003_02_DEN_SD
2003,2,DET,Steve Mariucci,2003_02_DET_GB
2003,2,GB,Mike Sherman,2003_02_DET_GB
2003,2,HOU,Dom Capers,2003_02_HOU_NO
2003,2,IND,Tony Dungy,2003_02_TEN_IND
2003,2,JAX,Jack Del Rio,2003_02_BUF_JAX
2003,2,KC,Dick Vermeil,2003_02_PIT_KC
2003,2,LA,Mike Martz,2003_02_SF_STL
2003,2,LAC,Marty Schottenheimer,2003_02_DEN_SD
2003,2,LV,Bill Callahan,2003_02_CIN_OAK
2003,2,MIA,Dave Wannstedt,2003_02_MIA_NYJ
2003,2,MIN,Mike Tice,2003_02_CHI_MIN
2003,2,NE,Bill Belichick,2003_02_NE_PHI
2003,2,NO,Jim Haslett,2003_02_HOU_NO
2003,2,NYG,Jim Fassel,2003_02_DAL_NYG
2003,2,NYJ,Herm Edwards,2003_02_MIA_NYJ
2003,2,PHI,Andy Reid,2003_02_NE_PHI
2003,2,PIT,Bill Cowher,2003_02_PIT_KC
2003,2,SEA,Mike Holmgren,2003_02_SEA_ARI
2003,2,SF,Dennis Erickson,2003_02_SF_STL
2003,2,TB,Jon Gruden,2003_02_CAR_TB
2003,2,TEN,Jeff Fisher,2003_02_TEN_IND
2003,2,WAS,Steve Spurrier,2003_02_WAS_ATL
2003,3,ARI,Dave McGinnis,2003_03_GB_ARI
2003,3,ATL,Dan Reeves,2003_03_TB_ATL
2003,3,BAL,Brian Billick,2003_03_BAL_SD
2003,3,BUF,Gregg Williams,2003_03_BUF_MIA
2003,3,CIN,Marvin Lewis,2003_03_PIT_CIN
2003,3,CLE,Butch Davis,2003_03_CLE_SF
2003,3,DEN,Mike Shanahan,2003_03_OAK_DEN
2003,3,DET,Steve Mariucci,2003_03_MIN_DET
2003,3,GB,Mike Sherman,2003_03_GB_ARI
2003,3,HOU,Dom Capers,2003_03_KC_HOU
2003,3,IND,Tony Dungy,2003_03_JAX_IND
2003,3,JAX,Jack Del Rio,2003_03_JAX_IND
2003,3,KC,Dick Vermeil,2003_03_KC_HOU
2003,3,LA,Mike Martz,2003_03_STL_SEA
2003,3,LAC,Marty Schottenheimer,2003_03_BAL_SD
2003,3,LV,Bill Callahan,2003_03_OAK_DEN
2003,3,MIA,Dave Wannstedt,2003_03_BUF_MIA
2003,3,MIN,Mike Tice,2003_03_MIN_DET
2003,3,NE,Bill Belichick,2003_03_NYJ_NE
2003,3,NO,Jim Haslett,2003_03_NO_TEN
2003,3,NYG,Jim Fassel,2003_03_NYG_WAS
2003,3,NYJ,Herm Edwards,2003_03_NYJ_NE
2003,3,PIT,Bill Cowher,2003_03_PIT_CIN
2003,3,SEA,Mike Holmgren,2003_03_STL_SEA
2003,3,SF,Dennis Erickson,2003_03_CLE_SF
2003,3,TB,Jon Gruden,2003_03_TB_ATL
2003,3,TEN,Jeff Fisher,2003_03_NO_TEN
2003,3,WAS,Steve Spurrier,2003_03_NYG_WAS
2003,4,ARI,Dave McGinnis,2003_04_ARI_STL
2003,4,ATL,Dan Reeves,2003_04_ATL_CAR
2003,4,BAL,Brian Billick,2003_04_KC_BAL
2003,4,BUF,Gregg Williams,2003_04_PHI_BUF
2003,4,CAR,John Fox,2003_04_ATL_CAR
2003,4,CHI,Dick Jauron,2003_04_GB_CHI
2003,4,CIN,Marvin Lewis,2003_04_CIN_CLE
2003,4,CLE,Butch Davis,2003_04_CIN_CLE
2003,4,DAL,Bill Parcells,2003_04_DAL_NYJ
2003,4,DEN,Mike Shanahan,2003_04_DET_DEN
2003,4,DET,Steve Mariucci,2003_04_DET_DEN
2003,4,GB,Mike Sherman,2003_04_GB_CHI
2003,4,HOU,Dom Capers,2003_04_JAX_HOU
2003,4,IND,Tony Dungy,2003_04_IND_NO
2003,4,JAX,Jack Del Rio,2003_04_JAX_HOU
2003,4,KC,Dick Vermeil,2003_04_KC_BAL
2003,4,LA,Mike Martz,2003_04_ARI_STL
2003,4,LAC,Marty Schottenheimer,2003_04_SD_OAK
2003,4,LV,Bill Callahan,2003_04_SD_OAK
2003,4,MIN,Mike Tice,2003_04_SF_MIN
2003,4,NE,Bill Belichick,2003_04_NE_WAS
2003,4,NO,Jim Haslett,2003_04_IND_NO
2003,4,NYJ,Herm Edwards,2003_04_DAL_NYJ
2003,4,PHI,Andy Reid,2003_04_PHI_BUF
2003,4,PIT,Bill Cowher,2003_04_TEN_PIT
2003,4,SF,Dennis Erickson,2003_04_SF_MIN
2003,4,TEN,Jeff Fisher,2003_04_TEN_PIT
2003,4,WAS,Steve Spurrier,2003_04_NE_WAS
2003,5,ARI,Dave McGinnis,2003_05_ARI_DAL
2003,5,ATL,Dan Reeves,2003_05_MIN_ATL
2003,5,BUF,Gregg Williams,2003_05_CIN_BUF
2003,5,CAR,John Fox,2003_05_NO_CAR
2003,5,CHI,Dick Jauron,2003_05_OAK_CHI
2003,5,CIN,Marvin Lewis,2003_05_CIN_BUF
2003,5,CLE,Butch Davis,2003_05_CLE_PIT
2003,5,DAL,Bill Parcells,2003_05_ARI_DAL
2003,5,DEN,Mike Shanahan,2003_05_DEN_KC
2003,5,DET,Steve Mariucci,2003_05_DET_SF
2003,5,GB,Mike Sherman,2003_05_SEA_GB
2003,5,IND,Tony Dungy,2003_05_IND_TB
2003,5,JAX,Jack Del Rio,2003_05_SD_JAX
2003,5,KC,Dick Vermeil,2003_05_DEN_KC
2003,5,LAC,Marty Schottenheimer,2003_05_SD_JAX
2003,5,LV,Bill Callahan,2003_05_OAK_CHI
2003,5,MIA,Dave Wannstedt,2003_05_MIA_NYG
2003,5,MIN,Mike Tice,2003_05_MIN_ATL
2003,5,NE,Bill Belichick,2003_05_TEN_NE
2003,5,NO,Jim Haslett,2003_05_NO_CAR
2003,5,NYG,Jim Fassel,2003_05_MIA_NYG
2003,5,PHI,Andy Reid,2003_05_WAS_PHI
2003,5,PIT,Bill Cowher,2003_05_CLE_PIT
2003,5,SEA,Mike Holmgren,2003_05_SEA_GB
2003,5,SF,Dennis Erickson,2003_05_DET_SF
2003,5,TB,Jon Gruden,2003_05_IND_TB
2003,5,TEN,Jeff Fisher,2003_05_TEN_NE
2003,5,WAS,Steve Spurrier,2003_05_WAS_PHI
2003,6,ARI,Dave McGinnis,2003_06_BAL_ARI
2003,6,ATL,Dan Reeves,2003_06_ATL_STL
2003,6,BAL,Brian Billick,2003_06_BAL_ARI
2003,6,BUF,Gregg Williams,2003_06_BUF_NYJ
2003,6,CAR,John Fox,2003_06_CAR_IND
2003,6,CHI,Dick Jauron,2003_06_CHI_NO
2003,6,CLE,Butch Davis,2003_06_OAK_CLE
2003,6,DAL,Bill Parcells,2003_06_PHI_DAL
2003,6,DEN,Mike Shanahan,2003_06_PIT_DEN
2003,6,GB,Mike Sherman,2003_06_KC_GB
2003,6,HOU,Dom Capers,2003_06_HOU_TEN
2003,6,IND,Tony Dungy,2003_06_CAR_IND
2003,6,JAX,Jack Del Rio,2003_06_MIA_JAX
2003,6,KC,Dick Vermeil,2003_06_KC_GB
2003,6,LA,Mike Martz,2003_06_ATL_STL
2003,6,LV,Bill Callahan,2003_06_OAK_CLE
2003,6,MIA,Dave Wannstedt,2003_06_MIA_JAX
2003,6,NE,Bill Belichick,2003_06_NYG_NE
2003,6,NO,Jim Haslett,2003_06_CHI_NO
2003,6,NYG,Jim Fassel,2003_06_NYG_NE
2003,6,NYJ,Herm Edwards,2003_06_BUF_NYJ
2003,6,PHI,Andy Reid,2003_06_PHI_DAL
2003,6,PIT,Bill Cowher,2003_06_PIT_DEN
2003,6,SEA,Mike Holmgren,2003_06_SF_SEA
2003,6,SF,Dennis Erickson,2003_06_SF_SEA
2003,6,TB,Jon Gruden,2003_06_TB_WAS
2003,6,TEN,Jeff Fisher,2003_06_HOU_TEN
2003,6,WAS,Steve Spurrier,2003_06_TB_WAS
2003,7,ATL,Dan Reeves,2003_07_NO_ATL
2003,7,BAL,Brian Billick,2003_07_BAL_CIN
2003,7,BUF,Gregg Williams,2003_07_WAS_BUF
2003,7,CAR,John Fox,2003_07_TEN_CAR
2003,7,CHI,Dick Jauron,2003_07_CHI_SEA
2003,7,CIN,Marvin Lewis,2003_07_BAL_CIN
2003,7,CLE,Butch Davis,2003_07_SD_CLE
2003,7,DAL,Bill Parcells,2003_07_DAL_DET
2003,7,DEN,Mike Shanahan,2003_07_DEN_MIN
2003,7,DET,Steve Mariucci,2003_07_DAL_DET
2003,7,GB,Mike Sherman,2003_07_GB_STL
2003,7,HOU,Dom Capers,2003_07_NYJ_HOU
2003,7,KC,Dick Vermeil,2003_07_KC_OAK
2003,7,LA,Mike Martz,2003_07_GB_STL
2003,7,LAC,Marty Schottenheimer,2003_07_SD_CLE
2003,7,LV,Bill Callahan,2003_07_KC_OAK
2003,7,MIA,Dave Wannstedt,2003_07_NE_MIA
2003,7,MIN,Mike Tice,2003_07_DEN_MIN
2003,7,NE,Bill Belichick,2003_07_NE_MIA
2003,7,NO,Jim Haslett,2003_07_NO_ATL
2003,7,NYG,Jim Fassel,2003_07_PHI_NYG
2003,7,NYJ,Herm Edwards,2003_07_NYJ_HOU
2003,7,PHI,Andy Reid,2003_07_PHI_NYG
2003,7,SEA,Mike Holmgren,2003_07_CHI_SEA
2003,7,SF,Dennis Erickson,2003_07_TB_SF
2003,7,TB,Jon Gruden,2003_07_TB_SF
2003,7,TEN,Jeff Fisher,2003_07_TEN_CAR
2003,7,WAS,Steve Spurrier,2003_07_WAS_BUF
2003,8,ARI,Dave McGinnis,2003_08_SF_ARI
2003,8,BAL,Brian Billick,2003_08_DEN_BAL
2003,8,BUF,Gregg Williams,2003_08_BUF_KC
2003,8,CAR,John Fox,2003_08_CAR_NO
2003,8,CHI,Dick Jauron,2003_08_DET_CHI
2003,8,CIN,Marvin Lewis,2003_08_SEA_CIN
2003,8,CLE,Butch Davis,2003_08_CLE_NE
2003,8,DAL,Bill Parcells,2003_08_DAL_TB
2003,8,DEN,Mike Shanahan,2003_08_DEN_BAL
2003,8,DET,Steve Mariucci,2003_08_DET_CHI
2003,8,HOU,Dom Capers,2003_08_HOU_IND
2003,8,IND,Tony Dungy,2003_08_HOU_IND
2003,8,JAX,Jack Del Rio,2003_08_TEN_JAX
2003,8,KC,Dick Vermeil,2003_08_BUF_KC
2003,8,LA,Mike Martz,2003_08_STL_PIT
2003,8,LAC,Marty Schottenheimer,2003_08_MIA_SD
2003,8,MIA,Dave Wannstedt,2003_08_MIA_SD
2003,8,MIN,Mike Tice,2003_08_NYG_MIN
2003,8,NE,Bill Belichick,2003_08_CLE_NE
2003,8,NO,Jim Haslett,2003_08_CAR_NO
2003,8,NYG,Jim Fassel,2003_08_NYG_MIN
2003,8,NYJ,Herm Edwards,2003_08_NYJ_PHI
2003,8,PHI,Andy Reid,2003_08_NYJ_PHI
2003,8,PIT,Bill Cowher,2003_08_STL_PIT
2003,8,SEA,Mike Holmgren,2003_08_SEA_CIN
2003,8,SF,Dennis Erickson,2003_08_SF_ARI
2003,8,TB,Jon Gruden,2003_08_DAL_TB
2003,8,TEN,Jeff Fisher,2003_08_TEN_JAX
2003,9,ARI,Dave McGinnis,2003_09_CIN_ARI
2003,9,ATL,Dan Reeves,2003_09_PHI_ATL
2003,9,BAL,Brian Billick,2003_09_JAX_BAL
2003,9,CAR,John Fox,2003_09_CAR_HOU
2003,9,CHI,Dick Jauron,2003_09_SD_CHI
2003,9,CIN,Marvin Lewis,2003_09_CIN_ARI
2003,9,DAL,Bill Parcells,2003_09_WAS_DAL
2003,9,DEN,Mike Shanahan,2003_09_NE_DEN
2003,9,DET,Steve Mariucci,2003_09_OAK_DET
2003,9,GB,Mike Sherman,2003_09_GB_MIN
2003,9,HOU,Dom Capers,2003_09_CAR_HOU
2003,9,IND,Tony Dungy,2003_09_IND_MIA
2003,9,JAX,Jack Del Rio,2003_09_JAX_BAL
2003,9,LA,Mike Martz,2003_09_STL_SF
2003,9,LAC,Marty Schottenheimer,2003_09_SD_CHI
2003,9,LV,Bill Callahan,2003_09_OAK_DET
2003,9,MIA,Dave Wannstedt,2003_09_IND_MIA
2003,9,MIN,Mike Tice,2003_09_GB_MIN
2003,9,NE,Bill Belichick,2003_09_NE_DEN
2003,9,NO,Jim Haslett,2003_09_NO_TB
2003,9,NYG,Jim Fassel,2003_09_NYG_NYJ
2003,9,NYJ,Herm Edwards,2003_09_NYG_NYJ
2003,9,PHI,Andy Reid,2003_09_PHI_ATL
2003,9,PIT,Bill Cowher,2003_09_PIT_SEA
2003,9,SEA,Mike Holmgren,2003_09_PIT_SEA
2003,9,SF,Dennis Erickson,2003_09_STL_SF
2003,9,TB,Jon Gruden,2003_09_NO_TB
2003,9,WAS,Steve Spurrier,2003_09_WAS_DAL
2003,10,ARI,Dave McGinnis,2003_10_ARI_PIT
2003,10,ATL,Dan Reeves,2003_10_ATL_NYG
2003,10,BAL,Brian Billick,2003_10_BAL_STL
2003,10,BUF,Gregg Williams,2003_10_BUF_DAL
2003,10,CAR,John Fox,2003_10_TB_CAR
2003,10,CHI,Dick Jauron,2003_10_CHI_DET
2003,10,CIN,Marvin Lewis,2003_10_HOU_CIN
2003,10,CLE,Butch Davis,2003_10_CLE_KC
2003,10,DAL,Bill Parcells,2003_10_BUF_DAL
2003,10,DET,Steve Mariucci,2003_10_CHI_DET
2003,10,GB,Mike Sherman,2003_10_PHI_GB
2003,10,HOU,Dom Capers,2003_10_HOU_CIN
2003,10,IND,Tony Dungy,2003_10_IND_JAX
2003,10,JAX,Jack Del Rio,2003_10_IND_JAX
2003,10,KC,Dick Vermeil,2003_10_CLE_KC
2003,10,LA,Mike Martz,2003_10_BAL_STL
2003,10,LAC,Marty Schottenheimer,2003_10_MIN_SD
2003,10,LV,Bill Callahan,2003_10_NYJ_OAK
2003,10,MIA,Dave Wannstedt,2003_10_MIA_TEN
2003,10,MIN,Mike Tice,2003_10_MIN_SD
2003,10,NYG,Jim Fassel,2003_10_ATL_NYG
2003,10,NYJ,Herm Edwards,2003_10_NYJ_OAK
2003,10,PHI,Andy Reid,2003_10_PHI_GB
2003,10,PIT,Bill Cowher,2003_10_ARI_PIT
2003,10,SEA,Mike Holmgren,2003_10_SEA_WAS
2003,10,TB,Jon Gruden,2003_10_TB_CAR
2003,10,TEN,Jeff Fisher,2003_10_MIA_TEN
2003,10,WAS,Steve Spurrier,2003_10_SEA_WAS
2003,11,ARI,Dave McGinnis,2003_11_ARI_CLE
2003,11,ATL,Dan Reeves,2003_11_ATL_NO
2003,11,BAL,Brian Billick,2003_11_BAL_MIA
2003,11,BUF,Gregg Williams,2003_11_HOU_BUF
2003,11,CAR,John Fox,2003_11_WAS_CAR
2003,11,CHI,Dick Jauron,2003_11_STL_CHI
2003,11,CIN,Marvin Lewis,2003_11_KC_CIN
2003,11,CLE,Butch Davis,2003_11_ARI_CLE
2003,11,DAL,Bill Parcells,2003_11_DAL_NE
2003,11,DEN,Mike Shanahan,2003_11_SD_DEN
2003,11,DET,Steve Mariucci,2003_11_DET_SEA
2003,11,GB,Mike Sherman,2003_11_GB_TB
2003,11,HOU,Dom Capers,2003_11_HOU_BUF
2003,11,IND,Tony Dungy,2003_11_NYJ_IND
2003,11,JAX,Jack Del Rio,2003_11_JAX_TEN
2003,11,KC,Dick Vermeil,2003_11_KC_CIN
2003,11,LA,Mike Martz,2003_11_STL_CHI
2003,11,LAC,Marty Schottenheimer,2003_11_SD_DEN
2003,11,LV,Bill Callahan,2003_11_MIN_OAK
2003,11,MIA,Dave Wannstedt,2003_11_BAL_MIA
2003,11,MIN,Mike Tice,2003_11_MIN_OAK
2003,11,NE,Bill Belichick,2003_11_DAL_NE
2003,11,NO,Jim Haslett,2003_11_ATL_NO
2003,11,NYG,Jim Fassel,2003_11_NYG_PHI
2003,11,NYJ,Herm Edwards,2003_11_NYJ_IND
2003,11,PHI,Andy Reid,2003_11_NYG_PHI
2003,11,PIT,Bill Cowher,2003_11_PIT_SF
2003,11,SEA,Mike Holmgren,2003_11_DET_SEA
2003,11,SF,Dennis Erickson,2003_11_PIT_SF
2003,11,TB,Jon Gruden,2003_11_GB_TB
2003,11,TEN,Jeff Fisher,2003_11_JAX_TEN
2003,11,WAS,Steve Spurrier,2003_11_WAS_CAR
2003,12,ARI,Dave McGinnis,2003_12_STL_ARI
2003,12,ATL,Dan Reeves,2003_12_TEN_ATL
2003,12,BAL,Brian Billick,2003_12_SEA_BAL
2003,12,BUF,Gregg Williams,2003_12_IND_BUF
2003,12,CAR,John Fox,2003_12_CAR_DAL
2003,12,CHI,Dick Jauron,2003_12_CHI_DEN
2003,12,CIN,Marvin Lewis,2003_12_CIN_SD
2003,12,CLE,Butch Davis,2003_12_PIT_CLE
2003,12,DAL,Bill Parcells,2003_12_CAR_DAL
2003,12,DEN,Mike Shanahan,2003_12_CHI_DEN
2003,12,DET,Steve Mariucci,2003_12_DET_MIN
2003,12,GB,Mike Sherman,2003_12_SF_GB
2003,12,HOU,Dom Capers,2003_12_NE_HOU
2003,12,IND,Tony Dungy,2003_12_IND_BUF
2003,12,JAX,Jack Del Rio,2003_12_JAX_NYJ
2003,12,KC,Dick Vermeil,2003_12_OAK_KC
2003,12,LA,Mike Martz,2003_12_STL_ARI
2003,12,LAC,Marty Schottenheimer,2003_12_CIN_SD
2003,12,LV,Bill Callahan,2003_12_OAK_KC
2003,12,MIA,Dave Wannstedt,2003_12_WAS_MIA
2003,12,MIN,Mike Tice,2003_12_DET_MIN
2003,12,NE,Bill Belichick,2003_12_NE_HOU
2003,12,NO,Jim Haslett,2003_12_NO_PHI
2003,12,NYG,Jim Fassel,2003_12_NYG_TB
2003,12,NYJ,Herm Edwards,2003_12_JAX_NYJ
2003,12,PHI,Andy Reid,2003_12_NO_PHI
2003,12,PIT,Bill Cowher,2003_12_PIT_CLE
2003,12,SEA,Mike Holmgren,2003_12_SEA_BAL
2003,12,SF,Dennis Erickson,2003_12_SF_GB
2003,12,TB,Jon Gruden,2003_12_NYG_TB
2003,12,TEN,Jeff Fisher,2003_12_TEN_ATL
2003,12,WAS,Steve Spurrier,2003_12_WAS_MIA
2003,13,ARI,Dave McGinnis,2003_13_ARI_CHI
2003,13,ATL,Dan Reeves,2003_13_ATL_HOU
2003,13,BAL,Brian Billick,2003_13_SF_BAL
2003,13,BUF,Gregg Williams,2003_13_BUF_NYG
2003,13,CAR,John Fox,2003_13_PHI_CAR
2003,13,CHI,Dick Jauron,2003_13_ARI_CHI
2003,13,CIN,Marvin Lewis,2003_13_CIN_PIT
2003,13,CLE,Butch Davis,2003_13_CLE_SEA
2003,13,DAL,Bill Parcells,2003_13_MIA_DAL
2003,13,DEN,Mike Shanahan,2003_13_DEN_OAK
2003,13,DET,Steve Mariucci,2003_13_GB_DET
2003,13,GB,Mike Sherman,2003_13_GB_DET
2003,13,HOU,Dom Capers,2003_13_ATL_HOU
2003,13,IND,Tony Dungy,2003_13_NE_IND
2003,13,JAX,Jack Del Rio,2003_13_TB_JAX
2003,13,KC,Dick Vermeil,2003_13_KC_SD
2003,13,LA,Mike Martz,2003_13_MIN_STL
2003,13,LAC,Marty Schottenheimer,2003_13_KC_SD
2003,13,LV,Bill Callahan,2003_13_DEN_OAK
2003,13,MIA,Dave Wannstedt,2003_13_MIA_DAL
2003,13,MIN,Mike Tice,2003_13_MIN_STL
2003,13,NE,Bill Belichick,2003_13_NE_IND
2003,13,NO,Jim Haslett,2003_13_NO_WAS
2003,13,NYG,Jim Fassel,2003_13_BUF_NYG
2003,13,NYJ,Herm Edwards,2003_13_TEN_NYJ
2003,13,PHI,Andy Reid,2003_13_PHI_CAR
2003,13,PIT,Bill Cowher,2003_13_CIN_PIT
2003,13,SEA,Mike Holmgren,2003_13_CLE_SEA
2003,13,SF,Dennis Erickson,2003_13_SF_BAL
2003,13,TB,Jon Gruden,2003_13_TB_JAX
2003,13,TEN,Jeff Fisher,2003_13_TEN_NYJ
2003,13,WAS,Steve Spurrier,2003_13_NO_WAS
2003,14,ARI,Dave McGinnis,2003_14_ARI_SF
2003,14,ATL,Dan Reeves,2003_14_CAR_ATL
2003,14,BAL,Brian Billick,2003_14_CIN_BAL
2003,14,BUF,Gregg Williams,2003_14_NYJ_BUF
2003,14,CAR,John Fox,2003_14_CAR_ATL
2003,14,CHI,Dick Jauron,2003_14_CHI_GB
2003,14,CIN,Marvin Lewis,2003_14_CIN_BAL
2003,14,CLE,Butch Davis,2003_14_STL_CLE
2003,14,DAL,Bill Parcells,2003_14_DAL_PHI
2003,14,DEN,Mike Shanahan,2003_14_KC_DEN
2003,14,DET,Steve Mariucci,2003_14_SD_DET
2003,14,GB,Mike Sherman,2003_14_CHI_GB
2003,14,HOU,Dom Capers,2003_14_HOU_JAX
2003,14,IND,Tony Dungy,2003_14_IND_TEN
2003,14,JAX,Jack Del Rio,2003_14_HOU_JAX
2003,14,KC,Dick Vermeil,2003_14_KC_DEN
2003,14,LA,Mike Martz,2003_14_STL_CLE
2003,14,LAC,Marty Schottenheimer,2003_14_SD_DET
2003,14,LV,Bill Callahan,2003_14_OAK_PIT
2003,14,MIA,Dave Wannstedt,2003_14_MIA_NE
2003,14,MIN,Mike Tice,2003_14_SEA_MIN
2003,14,NE,Bill Belichick,2003_14_MIA_NE
2003,14,NO,Jim Haslett,2003_14_TB_NO
2003,14,NYG,Jim Fassel,2003_14_WAS_NYG
2003,14,NYJ,Herm Edwards,2003_14_NYJ_BUF
2003,14,PHI,Andy Reid,2003_14_DAL_PHI
2003,14,PIT,Bill Cowher,2003_14_OAK_PIT
2003,14,SEA,Mike Holmgren,2003_14_SEA_MIN
2003,14,SF,Dennis Erickson,2003_14_ARI_SF
2003,14,TB,Jon Gruden,2003_14_TB_NO
2003,14,TEN,Jeff Fisher,2003_14_IND_TEN
2003,14,WAS,Steve Spurrier,2003_14_WAS_NYG
2003,15,ARI,Dave McGinnis,2003_15_CAR_ARI
2003,15,ATL,Wade Phillips,2003_15_ATL_IND
2003,15,BAL,Brian Billick,2003_15_BAL_OAK
2003,15,BUF,Gregg Williams,2003_15_BUF_TEN
2003,15,CAR,John Fox,2003_15_CAR_ARI
2003,15,CHI,Dick Jauron,2003_15_MIN_CHI
2003,15,CIN,Marvin Lewis,2003_15_SF_CIN
2003,15,CLE,Butch Davis,2003_15_CLE_DEN
2003,15,DAL,Bill Parcells,2003_15_DAL_WAS
2003,15,DEN,Mike Shanahan,2003_15_CLE_DEN
2003,15,DET,Steve Mariucci,2003_15_DET_KC
2003,15,GB,Mike Sherman,2003_15_GB_SD
2003,15,HOU,Dom Capers,2003_15_HOU_TB
2003,15,IND,Tony Dungy,2003_15_ATL_IND
2003,15,JAX,Jack Del Rio,2003_15_JAX_NE
2003,15,KC,Dick Vermeil,2003_15_DET_KC
2003,15,LA,Mike Martz,2003_15_SEA_STL
2003,15,LAC,Marty Schottenheimer,2003_15_GB_SD
2003,15,LV,Bill Callahan,2003_15_BAL_OAK
2003,15,MIA,Dave Wannstedt,2003_15_PHI_MIA
2003,15,MIN,Mike Tice,2003_15_MIN_CHI
2003,15,NE,Bill Belichick,2003_15_JAX_NE
2003,15,NO,Jim Haslett,2003_15_NYG_NO
2003,15,NYG,Jim Fassel,2003_15_NYG_NO
2003,15,NYJ,Herm Edwards,2003_15_PIT_NYJ
2003,15,PHI,Andy Reid,2003_15_PHI_MIA
2003,15,PIT,Bill Cowher,2003_15_PIT_NYJ
2003,15,SEA,Mike Holmgren,2003_15_SEA_STL
2003,15,SF,Dennis Erickson,2003_15_SF_CIN
2003,15,TB,Jon Gruden,2003_15_HOU_TB
2003,15,TEN,Jeff Fisher,2003_15_BUF_TEN
2003,15,WAS,Steve Spurrier,2003_15_DAL_WAS
2003,16,ARI,Dave McGinnis,2003_16_ARI_SEA
2003,16,ATL,Wade Phillips,2003_16_ATL_TB
2003,16,BAL,Brian Billick,2003_16_BAL_CLE
2003,16,BUF,Gregg Williams,2003_16_MIA_BUF
2003,16,CAR,John Fox,2003_16_DET_CAR
2003,16,CHI,Dick Jauron,2003_16_WAS_CHI
2003,16,CIN,Marvin Lewis,2003_16_CIN_STL
2003,16,CLE,Butch Davis,2003_16_BAL_CLE
2003,16,DAL,Bill Parcells,2003_16_NYG_DAL
2003,16,DEN,Mike Shanahan,2003_16_DEN_IND
2003,16,DET,Steve Mariucci,2003_16_DET_CAR
2003,16,GB,Mike Sherman,2003_16_GB_OAK
2003,16,HOU,Dom Capers,2003_16_TEN_HOU
2003,16,IND,Tony Dungy,2003_16_DEN_IND
2003,16,JAX,Jack Del Rio,2003_16_NO_JAX
2003,16,KC,Dick Vermeil,2003_16_KC_MIN
2003,16,LA,Mike Martz,2003_16_CIN_STL
2003,16,LAC,Marty Schottenheimer,2003_16_SD_PIT
2003,16,LV,Bill Callahan,2003_16_GB_OAK
2003,16,MIA,Dave Wannstedt,2003_16_MIA_BUF
2003,16,MIN,Mike Tice,2003_16_KC_MIN
2003,16,NE,Bill Belichick,2003_16_NE_NYJ
2003,16,NO,Jim Haslett,2003_16_NO_JAX
2003,16,NYG,Jim Fassel,2003_16_NYG_DAL
2003,16,NYJ,Herm Edwards,2003_16_NE_NYJ
2003,16,PHI,Andy Reid,2003_16_SF_PHI
2003,16,PIT,Bill Cowher,2003_16_SD_PIT
2003,16,SEA,Mike Holmgren,2003_16_ARI_SEA
2003,16,SF,Dennis Erickson,2003_16_SF_PHI
2003,16,TB,Jon Gruden,2003_16_ATL_TB
2003,16,TEN,Jeff Fisher,2003_16_TEN_HOU
2003,16,WAS,Steve Spurrier,2003_16_WAS_CHI
2003,17,ARI,Dave McGinnis,2003_17_MIN_ARI
2003,17,ATL,Wade Phillips,2003_17_JAX_ATL
2003,17,BAL,Brian Billick,2003_17_PIT_BAL
2003,17,BUF,Gregg Williams,2003_17_BUF_NE
2003,17,CAR,John Fox,2003_17_CAR_NYG
2003,17,CHI,Dick Jauron,2003_17_CHI_KC
2003,17,CIN,Marvin Lewis,2003_17_CLE_CIN
2003,17,CLE,Butch Davis,2003_17_CLE_CIN
2003,17,DAL,Bill Parcells,2003_17_DAL_NO
2003,17,DEN,Mike Shanahan,2003_17_DEN_GB
2003,17,DET,Steve Mariucci,2003_17_STL_DET
2003,17,GB,Mike Sherman,2003_17_DEN_GB
2003,17,HOU,Dom Capers,2003_17_IND_HOU
2003,17,IND,Tony Dungy,2003_17_IND_HOU
2003,17,JAX,Jack Del Rio,2003_17_JAX_ATL
2003,17,KC,Dick Vermeil,2003_17_CHI_KC
2003,17,LA,Mike Martz,2003_17_STL_DET
2003,17,LAC,Marty Schottenheimer,2003_17_OAK_SD
2003,17,LV,Bill Callahan,2003_17_OAK_SD
2003,17,MIA,Dave Wannstedt,2003_17_NYJ_MIA
2003,17,MIN,Mike Tice,2003_17_MIN_ARI
2003,17,NE,Bill Belichick,2003_17_BUF_NE
2003,17,NO,Jim Haslett,2003_17_DAL_NO
2003,17,NYG,Jim Fassel,2003_17_CAR_NYG
2003,17,NYJ,Herm Edwards,2003_17_NYJ_MIA
2003,17,PHI,Andy Reid,2003_17_PHI_WAS
2003,17,PIT,Bill Cowher,2003_17_PIT_BAL
2003,17,SEA,Mike Holmgren,2003_17_SEA_SF
2003,17,SF,Dennis Erickson,2003_17_SEA_SF
2003,17,TB,Jon Gruden,2003_17_TB_TEN
2003,17,TEN,Jeff Fisher,2003_17_TB_TEN
2003,17,WAS,Steve Spurrier,2003_17_PHI_WAS
2004,1,ARI,Dennis Green,2004_01_ARI_STL
2004,1,ATL,Jim Mora,2004_01_ATL_SF
2004,1,BAL,Brian Billick,2004_01_BAL_CLE
2004,1,BUF,Mike Mularkey,2004_01_JAX_BUF
2004,1,CAR,John Fox,2004_01_GB_CAR
2004,1,CHI,Lovie Smith,2004_01_DET_CHI
2004,1,CIN,Marvin Lewis,2004_01_CIN_NYJ
2004,1,CLE,Butch Davis,2004_01_BAL_CLE
2004,1,DAL,Bill Parcells,2004_01_DAL_MIN
2004,1,DEN,Mike Shanahan,2004_01_KC_DEN
2004,1,DET,Steve Mariucci,2004_01_DET_CHI
2004,1,GB,Mike Sherman,2004_01_GB_CAR
2004,1,HOU,Dom Capers,2004_01_SD_HOU
2004,1,IND,Tony Dungy,2004_01_IND_NE
2004,1,JAX,Jack Del Rio,2004_01_JAX_BUF
2004,1,KC,Dick Vermeil,2004_01_KC_DEN
2004,1,LA,Mike Martz,2004_01_ARI_STL
2004,1,LAC,Marty Schottenheimer,2004_01_SD_HOU
2004,1,LV,Norv Turner,2004_01_OAK_PIT
2004,1,MIA,Dave Wannstedt,2004_01_TEN_MIA
2004,1,MIN,Mike Tice,2004_01_DAL_MIN
2004,1,NE,Bill Belichick,2004_01_IND_NE
2004,1,NO,Jim Haslett,2004_01_SEA_NO
2004,1,NYG,Tom Coughlin,2004_01_NYG_PHI
2004,1,NYJ,Herm Edwards,2004_01_CIN_NYJ
2004,1,PHI,Andy Reid,2004_01_NYG_PHI
2004,1,PIT,Bill Cowher,2004_01_OAK_PIT
2004,1,SEA,Mike Holmgren,2004_01_SEA_NO
2004,1,SF,Dennis Erickson,2004_01_ATL_SF
2004,1,TB,Jon Gruden,2004_01_TB_WAS
2004,1,TEN,Jeff Fisher,2004_01_TEN_MIA
2004,1,WAS,Joe Gibbs,2004_01_TB_WAS
2004,2,ARI,Dennis Green,2004_02_NE_ARI
2004,2,ATL,Jim Mora,2004_02_STL_ATL
2004,2,BAL,Brian Billick,2004_02_PIT_BAL
2004,2,BUF,Mike Mularkey,2004_02_BUF_OAK
2004,2,CAR,John Fox,2004_02_CAR_KC
2004,2,CHI,Lovie Smith,2004_02_CHI_GB
2004,2,CIN,Marvin Lewis,2004_02_MIA_CIN
2004,2,CLE,Butch Davis,2004_02_CLE_DAL
2004,2,DAL,Bill Parcells,2004_02_CLE_DAL
2004,2,DEN,Mike Shanahan,2004_02_DEN_JAX
2004,2,DET,Steve Mariucci,2004_02_HOU_DET
2004,2,GB,Mike Sherman,2004_02_CHI_GB
2004,2,HOU,Dom Capers,2004_02_HOU_DET
2004,2,IND,Tony Dungy,2004_02_IND_TEN
2004,2,JAX,Jack Del Rio,2004_02_DEN_JAX
2004,2,KC,Dick Vermeil,2004_02_CAR_KC
2004,2,LA,Mike Martz,2004_02_STL_ATL
2004,2,LAC,Marty Schottenheimer,2004_02_NYJ_SD
2004,2,LV,Norv Turner,2004_02_BUF_OAK
2004,2,MIA,Dave Wannstedt,2004_02_MIA_CIN
2004,2,MIN,Mike Tice,2004_02_MIN_PHI
2004,2,NE,Bill Belichick,2004_02_NE_ARI
2004,2,NO,Jim Haslett,2004_02_SF_NO
2004,2,NYG,Tom Coughlin,2004_02_WAS_NYG
2004,2,NYJ,Herm Edwards,2004_02_NYJ_SD
2004,2,PHI,Andy Reid,2004_02_MIN_PHI
2004,2,PIT,Bill Cowher,2004_02_PIT_BAL
2004,2,SEA,Mike Holmgren,2004_02_SEA_TB
2004,2,SF,Dennis Erickson,2004_02_SF_NO
2004,2,TB,Jon Gruden,2004_02_SEA_TB
2004,2,TEN,Jeff Fisher,2004_02_IND_TEN
2004,2,WAS,Joe Gibbs,2004_02_WAS_NYG
2004,3,ARI,Dennis Green,2004_03_ARI_ATL
2004,3,ATL,Jim Mora,2004_03_ARI_ATL
2004,3,BAL,Brian Billick,2004_03_BAL_CIN
2004,3,CHI,Lovie Smith,2004_03_CHI_MIN
2004,3,CIN,Marvin Lewis,2004_03_BAL_CIN
2004,3,CLE,Butch Davis,2004_03_CLE_NYG
2004,3,DAL,Bill Parcells,2004_03_DAL_WAS
2004,3,DEN,Mike Shanahan,2004_03_SD_DEN
2004,3,DET,Steve Mariucci,2004_03_PHI_DET
2004,3,GB,Mike Sherman,2004_03_GB_IND
2004,3,HOU,Dom Capers,2004_03_HOU_KC
2004,3,IND,Tony Dungy,2004_03_GB_IND
2004,3,JAX,Jack Del Rio,2004_03_JAX_TEN
2004,3,KC,Dick Vermeil,2004_03_HOU_KC
2004,3,LA,Mike Martz,2004_03_NO_STL
2004,3,LAC,Marty Schottenheimer,2004_03_SD_DEN
2004,3,LV,Norv Turner,2004_03_TB_OAK
2004,3,MIA,Dave Wannstedt,2004_03_PIT_MIA
2004,3,MIN,Mike Tice,2004_03_CHI_MIN
2004,3,NO,Jim Haslett,2004_03_NO_STL
2004,3,NYG,Tom Coughlin,2004_03_CLE_NYG
2004,3,PHI,Andy Reid,2004_03_PHI_DET
2004,3,PIT,Bill Cowher,2004_03_PIT_MIA
2004,3,SEA,Mike Holmgren,2004_03_SF_SEA
2004,3,SF,Dennis Erickson,2004_03_SF_SEA
2004,3,TB,Jon Gruden,2004_03_TB_OAK
2004,3,TEN,Jeff Fisher,2004_03_JAX_TEN
2004,3,WAS,Joe Gibbs,2004_03_DAL_WAS
2004,4,ARI,Dennis Green,2004_04_NO_ARI
2004,4,ATL,Jim Mora,2004_04_ATL_CAR
2004,4,BAL,Brian Billick,2004_04_KC_BAL
2004,4,BUF,Mike Mularkey,2004_04_NE_BUF
2004,4,CAR,John Fox,2004_04_ATL_CAR
2004,4,CHI,Lovie Smith,2004_04_PHI_CHI
2004,4,CIN,Marvin Lewis,2004_04_CIN_PIT
2004,4,CLE,Butch Davis,2004_04_WAS_CLE
2004,4,DEN,Mike Shanahan,2004_04_DEN_TB
2004,4,GB,Mike Sherman,2004_04_NYG_GB
2004,4,HOU,Dom Capers,2004_04_OAK_HOU
2004,4,IND,Tony Dungy,2004_04_IND_JAX
2004,4,JAX,Jack Del Rio,2004_04_IND_JAX
2004,4,KC,Dick Vermeil,2004_04_KC_BAL
2004,4,LA,Mike Martz,2004_04_STL_SF
2004,4,LAC,Marty Schottenheimer,2004_04_TEN_SD
2004,4,LV,Norv Turner,2004_04_OAK_HOU
2004,4,MIA,Dave Wannstedt,2004_04_NYJ_MIA
2004,4,NE,Bill Belichick,2004_04_NE_BUF
2004,4,NO,Jim Haslett,2004_04_NO_ARI
2004,4,NYG,Tom Coughlin,2004_04_NYG_GB
2004,4,NYJ,Herm Edwards,2004_04_NYJ_MIA
2004,4,PHI,Andy Reid,2004_04_PHI_CHI
2004,4,PIT,Bill Cowher,2004_04_CIN_PIT
2004,4,SF,Dennis Erickson,2004_04_STL_SF
2004,4,TB,Jon Gruden,2004_04_DEN_TB
2004,4,TEN,Jeff Fisher,2004_04_TEN_SD
2004,4,WAS,Joe Gibbs,2004_04_WAS_CLE
2004,5,ARI,Dennis Green,2004_05_ARI_SF
2004,5,ATL,Jim Mora,2004_05_DET_ATL
2004,5,BAL,Brian Billick,2004_05_BAL_WAS
2004,5,BUF,Mike Mularkey,2004_05_BUF_NYJ
2004,5,CAR,John Fox,2004_05_CAR_DEN
2004,5,CLE,Butch Davis,2004_05_CLE_PIT
2004,5,DAL,Bill Parcells,2004_05_NYG_DAL
2004,5,DEN,Mike Shanahan,2004_05_CAR_DEN
2004,5,DET,Steve Mariucci,2004_05_DET_ATL
2004,5,GB,Mike Sherman,2004_05_TEN_GB
2004,5,HOU,Dom Capers,2004_05_MIN_HOU
2004,5,IND,Tony Dungy,2004_05_OAK_IND
2004,5,JAX,Jack Del Rio,2004_05_JAX_SD
2004,5,LA,Mike Martz,2004_05_STL_SEA
2004,5,LAC,Marty Schottenheimer,2004_05_JAX_SD
2004,5,LV,Norv Turner,2004_05_OAK_IND
2004,5,MIA,Dave Wannstedt,2004_05_MIA_NE
2004,5,MIN,Mike Tice,2004_05_MIN_HOU
2004,5,NE,Bill Belichick,2004_05_MIA_NE
2004,5,NO,Jim Haslett,2004_05_TB_NO
2004,5,NYG,Tom Coughlin,2004_05_NYG_DAL
2004,5,NYJ,Herm Edwards,2004_05_BUF_NYJ
2004,5,PIT,Bill Cowher,2004_05_CLE_PIT
2004,5,SEA,Mike Holmgren,2004_05_STL_SEA
2004,5,SF,Dennis Erickson,2004_05_ARI_SF
2004,5,TB,Jon Gruden,2004_05_TB_NO
2004,5,TEN,Jeff Fisher,2004_05_TEN_GB
2004,5,WAS,Joe Gibbs,2004_05_BAL_WAS
2004,6,ATL,Jim Mora,2004_06_SD_ATL
2004,6,BUF,Mike Mularkey,2004_06_MIA_BUF
2004,6,CAR,John Fox,2004_06_CAR_PHI
2004,6,CHI,Lovie Smith,2004_06_WAS_CHI
2004,6,CIN,Marvin Lewis,2004_06_CIN_CLE
2004,6,CLE,Butch Davis,2004_06_CIN_CLE
2004,6,DAL,Bill Parcells,2004_06_PIT_DAL
2004,6,DEN,Mike Shanahan,2004_06_DEN_OAK
2004,6,DET,Steve Mariucci,2004_06_GB_DET
2004,6,GB,Mike Sherman,2004_06_GB_DET
2004,6,HOU,Dom Capers,2004_06_HOU_TEN
2004,6,JAX,Jack Del Rio,2004_06_KC_JAX
2004,6,KC,Dick Vermeil,2004_06_KC_JAX
2004,6,LA,Mike Martz,2004_06_TB_STL
2004,6,LAC,Marty Schottenheimer,2004_06_SD_ATL
2004,6,LV,Norv Turner,2004_06_DEN_OAK
2004,6,MIA,Dave Wannstedt,2004_06_MIA_BUF
2004,6,MIN,Mike Tice,2004_06_MIN_NO
2004,6,NE,Bill Belichick,2004_06_SEA_NE
2004,6,NO,Jim Haslett,2004_06_MIN_NO
2004,6,NYJ,Herm Edwards,2004_06_SF_NYJ
2004,6,PHI,Andy Reid,2004_06_CAR_PHI
2004,6,PIT,Bill Cowher,2004_06_PIT_DAL
2004,6,SEA,Mike Holmgren,2004_06_SEA_NE
2004,6,SF,Dennis Erickson,2004_06_SF_NYJ
2004,6,TB,Jon Gruden,2004_06_TB_STL
2004,6,TEN,Jeff Fisher,2004_06_HOU_TEN
2004,6,WAS,Joe Gibbs,2004_06_WAS_CHI
2004,7,ARI,Dennis Green,2004_07_SEA_ARI
2004,7,ATL,Jim Mora,2004_07_ATL_KC
2004,7,BAL,Brian Billick,2004_07_BUF_BAL
2004,7,BUF,Mike Mularkey,2004_07_BUF_BAL
2004,7,CAR,John Fox,2004_07_SD_CAR
2004,7,CHI,Lovie Smith,2004_07_CHI_TB
2004,7,CIN,Marvin Lewis,2004_07_DEN_CIN
2004,7,CLE,Butch Davis,2004_07_PHI_CLE
2004,7,DAL,Bill Parcells,2004_07_DAL_GB
2004,7,DEN,Mike Shanahan,2004_07_DEN_CIN
2004,7,DET,Steve Mariucci,2004_07_DET_NYG
2004,7,GB,Mike Sherman,2004_07_DAL_GB
2004,7,IND,Tony Dungy,2004_07_JAX_IND
2004,7,JAX,Jack Del Rio,2004_07_JAX_IND
2004,7,KC,Dick Vermeil,2004_07_ATL_KC
2004,7,LA,Mike Martz,2004_07_STL_MIA
2004,7,LAC,Marty Schottenheimer,2004_07_SD_CAR
2004,7,LV,Norv Turner,2004_07_NO_OAK
2004,7,MIA,Dave Wannstedt,2004_07_STL_MIA
2004,7,MIN,Mike Tice,2004_07_TEN_MIN
2004,7,NE,Bill Belichick,2004_07_NYJ_NE
2004,7,NO,Jim Haslett,2004_07_NO_OAK
2004,7,NYG,Tom Coughlin,2004_07_DET_NYG
2004,7,NYJ,Herm Edwards,2004_07_NYJ_NE
2004,7,PHI,Andy Reid,2004_07_PHI_CLE
2004,7,SEA,Mike Holmgren,2004_07_SEA_ARI
2004,7,TB,Jon Gruden,2004_07_CHI_TB
2004,7,TEN,Jeff Fisher,2004_07_TEN_MIN
2004,8,ARI,Dennis Green,2004_08_ARI_BUF
2004,8,ATL,Jim Mora,2004_08_ATL_DEN
2004,8,BAL,Brian Billick,2004_08_BAL_PHI
2004,8,BUF,Mike Mularkey,2004_08_ARI_BUF
2004,8,CAR,John Fox,2004_08_CAR_SEA
2004,8,CHI,Lovie Smith,2004_08_SF_CHI
2004,8,CIN,Marvin Lewis,2004_08_CIN_TEN
2004,8,DAL,Bill Parcells,2004_08_DET_DAL
2004,8,DEN,Mike Shanahan,2004_08_ATL_DEN
2004,8,DET,Steve Mariucci,2004_08_DET_DAL
2004,8,GB,Mike Sherman,2004_08_GB_WAS
2004,8,HOU,Dom Capers,2004_08_JAX_HOU
2004,8,IND,Tony Dungy,2004_08_IND_KC
2004,8,JAX,Jack Del Rio,2004_08_JAX_HOU
2004,8,KC,Dick Vermeil,2004_08_IND_KC
2004,8,LAC,Marty Schottenheimer,2004_08_OAK_SD
2004,8,LV,Norv Turner,2004_08_OAK_SD
2004,8,MIA,Dave Wannstedt,2004_08_MIA_NYJ
2004,8,MIN,Mike Tice,2004_08_NYG_MIN
2004,8,NE,Bill Belichick,2004_08_NE_PIT
2004,8,NYG,Tom Coughlin,2004_08_NYG_MIN
2004,8,NYJ,Herm Edwards,2004_08_MIA_NYJ
2004,8,PHI,Andy Reid,2004_08_BAL_PHI
2004,8,PIT,Bill Cowher,2004_08_NE_PIT
2004,8,SEA,Mike Holmgren,2004_08_CAR_SEA
2004,8,SF,Dennis Erickson,2004_08_SF_CHI
2004,8,TEN,Jeff Fisher,2004_08_CIN_TEN
2004,8,WAS,Joe Gibbs,2004_08_GB_WAS
2004,9,ARI,Dennis Green,2004_09_ARI_MIA
2004,9,BAL,Brian Billick,2004_09_CLE_BAL
2004,9,BUF,Mike Mularkey,2004_09_NYJ_BUF
2004,9,CAR,John Fox,2004_09_OAK_CAR
2004,9,CHI,Lovie Smith,2004_09_CHI_NYG
2004,9,CIN,Marvin Lewis,2004_09_DAL_CIN
2004,9,CLE,Butch Davis,2004_09_CLE_BAL
2004,9,DAL,Bill Parcells,2004_09_DAL_CIN
2004,9,DEN,Mike Shanahan,2004_09_HOU_DEN
2004,9,DET,Steve Mariucci,2004_09_WAS_DET
2004,9,HOU,Dom Capers,2004_09_HOU_DEN
2004,9,IND,Tony Dungy,2004_09_MIN_IND
2004,9,KC,Dick Vermeil,2004_09_KC_TB
2004,9,LA,Mike Martz,2004_09_NE_STL
2004,9,LAC,Marty Schottenheimer,2004_09_NO_SD
2004,9,LV,Norv Turner,2004_09_OAK_CAR
2004,9,MIA,Dave Wannstedt,2004_09_ARI_MIA
2004,9,MIN,Mike Tice,2004_09_MIN_IND
2004,9,NE,Bill Belichick,2004_09_NE_STL
2004,9,NO,Jim Haslett,2004_09_NO_SD
2004,9,NYG,Tom Coughlin,2004_09_CHI_NYG
2004,9,NYJ,Herm Edwards,2004_09_NYJ_BUF
2004,9,PHI,Andy Reid,2004_09_PHI_PIT
2004,9,PIT,Bill Cowher,2004_09_PHI_PIT
2004,9,SEA,Mike Holmgren,2004_09_SEA_SF
2004,9,SF,Dennis Erickson,2004_09_SEA_SF
2004,9,TB,Jon Gruden,2004_09_KC_TB
2004,9,WAS,Joe Gibbs,2004_09_WAS_DET
2004,10,ARI,Dennis Green,2004_10_NYG_ARI
2004,10,ATL,Jim Mora,2004_10_TB_ATL
2004,10,BAL,Brian Billick,2004_10_BAL_NYJ
2004,10,BUF,Mike Mularkey,2004_10_BUF_NE
2004,10,CAR,John Fox,2004_10_CAR_SF
2004,10,CHI,Lovie Smith,2004_10_CHI_TEN
2004,10,CIN,Marvin Lewis,2004_10_CIN_WAS
2004,10,CLE,Butch Davis,2004_10_PIT_CLE
2004,10,DAL,Bill Parcells,2004_10_PHI_DAL
2004,10,DET,Steve Mariucci,2004_10_DET_JAX
2004,10,GB,Mike Sherman,2004_10_MIN_GB
2004,10,HOU,Dom Capers,2004_10_HOU_IND
2004,10,IND,Tony Dungy,2004_10_HOU_IND
2004,10,JAX,Jack Del Rio,2004_10_DET_JAX
2004,10,KC,Dick Vermeil,2004_10_KC_NO
2004,10,LA,Mike Martz,2004_10_SEA_STL
2004,10,MIN,Mike Tice,2004_10_MIN_GB
2004,10,NE,Bill Belichick,2004_10_BUF_NE
2004,10,NO,Jim Haslett,2004_10_KC_NO
2004,10,NYG,Tom Coughlin,2004_10_NYG_ARI
2004,10,NYJ,Herm Edwards,2004_10_BAL_NYJ
2004,10,PHI,Andy Reid,2004_10_PHI_DAL
2004,10,PIT,Bill Cowher,2004_10_PIT_CLE
2004,10,SEA,Mike Holmgren,2004_10_SEA_STL
2004,10,SF,Dennis Erickson,2004_10_CAR_SF
2004,10,TB,Jon Gruden,2004_10_TB_ATL
2004,10,TEN,Jeff Fisher,2004_10_CHI_TEN
2004,10,WAS,Joe Gibbs,2004_10_CIN_WAS
2004,11,ARI,Dennis Green,2004_11_ARI_CAR
2004,11,ATL,Jim Mora,2004_11_ATL_NYG
2004,11,BAL,Brian Billick,2004_11_DAL_BAL
2004,11,BUF,Mike Mularkey,2004_11_STL_BUF
2004,11,CAR,John Fox,2004_11_ARI_CAR
2004,11,CHI,Lovie Smith,2004_11_IND_CHI
2004,11,CIN,Marvin Lewis,2004_11_PIT_CIN
2004,11,CLE,Butch Davis,2004_11_NYJ_CLE
2004,11,DAL,Bill Parcells,2004_11_DAL_BAL
2004,11,DEN,Mike Shanahan,2004_11_DEN_NO
2004,11,DET,Steve Mariucci,2004_11_DET_MIN
2004,11,GB,Mike Sherman,2004_11_GB_HOU
2004,11,HOU,Dom Capers,2004_11_GB_HOU
2004,11,IND,Tony Dungy,2004_11_IND_CHI
2004,11,JAX,Jack Del Rio,2004_11_TEN_JAX
2004,11,KC,Dick Vermeil,2004_11_NE_KC
2004,11,LA,Mike Martz,2004_11_STL_BUF
2004,11,LAC,Marty Schottenheimer,2004_11_SD_OAK
2004,11,LV,Norv Turner,2004_11_SD_OAK
2004,11,MIA,Jim Bates,2004_11_MIA_SEA
2004,11,MIN,Mike Tice,2004_11_DET_MIN
2004,11,NE,Bill Belichick,2004_11_NE_KC
2004,11,NO,Jim Haslett,2004_11_DEN_NO
2004,11,NYG,Tom Coughlin,2004_11_ATL_NYG
2004,11,NYJ,Herm Edwards,2004_11_NYJ_CLE
2004,11,PHI,Andy Reid,2004_11_WAS_PHI
2004,11,PIT,Bill Cowher,2004_11_PIT_CIN
2004,11,SEA,Mike Holmgren,2004_11_MIA_SEA
2004,11,SF,Dennis Erickson,2004_11_SF_TB
2004,11,TB,Jon Gruden,2004_11_SF_TB
2004,11,TEN,Jeff Fisher,2004_11_TEN_JAX
2004,11,WAS,Joe Gibbs,2004_11_WAS_PHI
2004,12,ARI,Dennis Green,2004_12_NYJ_ARI
2004,12,ATL,Jim Mora,2004_12_NO_ATL
2004,12,BAL,Brian Billick,2004_12_BAL_NE
2004,12,BUF,Mike Mularkey,2004_12_BUF_SEA
2004,12,CAR,John Fox,2004_12_TB_CAR
2004,12,CHI,Lovie Smith,2004_12_CHI_DAL
2004,12,CIN,Marvin Lewis,2004_12_CLE_CIN
2004,12,CLE,Butch Davis,2004_12_CLE_CIN
2004,12,DAL,Bill Parcells,2004_12_CHI_DAL
2004,12,DEN,Mike Shanahan,2004_12_OAK_DEN
2004,12,DET,Steve Mariucci,2004_12_IND_DET
2004,12,GB,Mike Sherman,2004_12_STL_GB
2004,12,HOU,Dom Capers,2004_12_TEN_HOU
2004,12,IND,Tony Dungy,2004_12_IND_DET
2004,12,JAX,Jack Del Rio,2004_12_JAX_MIN
2004,12,KC,Dick Vermeil,2004_12_SD_KC
2004,12,LA,Mike Martz,2004_12_STL_GB
2004,12,LAC,Marty Schottenheimer,2004_12_SD_KC
2004,12,LV,Norv Turner,2004_12_OAK_DEN
2004,12,MIA,Jim Bates,2004_12_MIA_SF
2004,12,MIN,Mike Tice,2004_12_JAX_MIN
2004,12,NE,Bill Belichick,2004_12_BAL_NE
2004,12,NO,Jim Haslett,2004_12_NO_ATL
2004,12,NYG,Tom Coughlin,2004_12_PHI_NYG
2004,12,NYJ,Herm Edwards,2004_12_NYJ_ARI
2004,12,PHI,Andy Reid,2004_12_PHI_NYG
2004,12,PIT,Bill Cowher,2004_12_WAS_PIT
2004,12,SEA,Mike Holmgren,2004_12_BUF_SEA
2004,12,SF,Dennis Erickson,2004_12_MIA_SF
2004,12,TB,Jon Gruden,2004_12_TB_CAR
2004,12,TEN,Jeff Fisher,2004_12_TEN_HOU
2004,12,WAS,Joe Gibbs,2004_12_WAS_PIT
2004,13,ARI,Dennis Green,2004_13_ARI_DET
2004,13,ATL,Jim Mora,2004_13_ATL_TB
2004,13,BAL,Brian Billick,2004_13_CIN_BAL
2004,13,BUF,Mike Mularkey,2004_13_BUF_MIA
2004,13,CAR,John Fox,2004_13_CAR_NO
2004,13,CHI,Lovie Smith,2004_13_MIN_CHI
2004,13,CIN,Marvin Lewis,2004_13_CIN_BAL
2004,13,CLE,Terry Robiskie,2004_13_NE_CLE
2004,13,DAL,Bill Parcells,2004_13_DAL_SEA
2004,13,DEN,Mike Shanahan,2004_13_DEN_SD
2004,13,DET,Steve Mariucci,2004_13_ARI_DET
2004,13,GB,Mike Sherman,2004_13_GB_PHI
2004,13,HOU,Dom Capers,2004_13_HOU_NYJ
2004,13,IND,Tony Dungy,2004_13_TEN_IND
2004,13,JAX,Jack Del Rio,2004_13_PIT_JAX
2004,13,KC,Dick Vermeil,2004_13_KC_OAK
2004,13,LA,Mike Martz,2004_13_SF_STL
2004,13,LAC,Marty Schottenheimer,2004_13_DEN_SD
2004,13,LV,Norv Turner,2004_13_KC_OAK
2004,13,MIA,Jim Bates,2004_13_BUF_MIA
2004,13,MIN,Mike Tice,2004_13_MIN_CHI
2004,13,NE,Bill Belichick,2004_13_NE_CLE
2004,13,NO,Jim Haslett,2004_13_CAR_NO
2004,13,NYG,Tom Coughlin,2004_13_NYG_WAS
2004,13,NYJ,Herm Edwards,2004_13_HOU_NYJ
2004,13,PHI,Andy Reid,2004_13_GB_PHI
2004,13,PIT,Bill Cowher,2004_13_PIT_JAX
2004,13,SEA,Mike Holmgren,2004_13_DAL_SEA
2004,13,SF,Dennis Erickson,2004_13_SF_STL
2004,13,TB,Jon Gruden,2004_13_ATL_TB
2004,13,TEN,Jeff Fisher,2004_13_TEN_IND
2004,13,WAS,Joe Gibbs,2004_13_NYG_WAS
2004,14,ARI,Dennis Green,2004_14_SF_ARI
2004,14,ATL,Jim Mora,2004_14_OAK_ATL
2004,14,BAL,Brian Billick,2004_14_NYG_BAL
2004,14,BUF,Mike Mularkey,2004_14_CLE_BUF
2004,14,CAR,John Fox,2004_14_STL_CAR
2004,14,CHI,Lovie Smith,2004_14_CHI_JAX
2004,14,CIN,Marvin Lewis,2004_14_CIN_NE
2004,14,CLE,Terry Robiskie,2004_14_CLE_BUF
2004,14,DAL,Bill Parcells,2004_14_NO_DAL
2004,14,DEN,Mike Shanahan,2004_14_MIA_DEN
2004,14,DET,Steve Mariucci,2004_14_DET_GB
2004,14,GB,Mike Sherman,2004_14_DET_GB
2004,14,HOU,Dom Capers,2004_14_IND_HOU
2004,14,IND,Tony Dungy,2004_14_IND_HOU
2004,14,JAX,Jack Del Rio,2004_14_CHI_JAX
2004,14,KC,Dick Vermeil,2004_14_KC_TEN
2004,14,LA,Mike Martz,2004_14_STL_CAR
2004,14,LAC,Marty Schottenheimer,2004_14_TB_SD
2004,14,LV,Norv Turner,2004_14_OAK_ATL
2004,14,MIA,Jim Bates,2004_14_MIA_DEN
2004,14,MIN,Mike Tice,2004_14_SEA_MIN
2004,14,NE,Bill Belichick,2004_14_CIN_NE
2004,14,NO,Jim Haslett,2004_14_NO_DAL
2004,14,NYG,Tom Coughlin,2004_14_NYG_BAL
2004,14,NYJ,Herm Edwards,2004_14_NYJ_PIT
2004,14,PHI,Andy Reid,2004_14_PHI_WAS
2004,14,PIT,Bill Cowher,2004_14_NYJ_PIT
2004,14,SEA,Mike Holmgren,2004_14_SEA_MIN
2004,14,SF,Dennis Erickson,2004_14_SF_ARI
2004,14,TB,Jon Gruden,2004_14_TB_SD
2004,14,TEN,Jeff Fisher,2004_14_KC_TEN
2004,14,WAS,Joe Gibbs,2004_14_PHI_WAS
2004,15,ARI,Dennis Green,2004_15_STL_ARI
2004,15,ATL,Jim Mora,2004_15_CAR_ATL
2004,15,BAL,Brian Billick,2004_15_BAL_IND
2004,15,BUF,Mike Mularkey,2004_15_BUF_CIN
2004,15,CAR,John Fox,2004_15_CAR_ATL
2004,15,CHI,Lovie Smith,2004_15_HOU_CHI
2004,15,CIN,Marvin Lewis,2004_15_BUF_CIN
2004,15,CLE,Terry Robiskie,2004_15_SD_CLE
2004,15,DAL,Bill Parcells,2004_15_DAL_PHI
2004,15,DEN,Mike Shanahan,2004_15_DEN_KC
2004,15,DET,Steve Mariucci,2004_15_MIN_DET
2004,15,GB,Mike Sherman,2004_15_JAX_GB
2004,15,HOU,Dom Capers,2004_15_HOU_CHI
2004,15,IND,Tony Dungy,2004_15_BAL_IND
2004,15,JAX,Jack Del Rio,2004_15_JAX_GB
2004,15,KC,Dick Vermeil,2004_15_DEN_KC
2004,15,LA,Mike Martz,2004_15_STL_ARI
2004,15,LAC,Marty Schottenheimer,2004_15_SD_CLE
2004,15,LV,Norv Turner,2004_15_TEN_OAK
2004,15,MIA,Jim Bates,2004_15_NE_MIA
2004,15,MIN,Mike Tice,2004_15_MIN_DET
2004,15,NE,Bill Belichick,2004_15_NE_MIA
2004,15,NO,Jim Haslett,2004_15_NO_TB
2004,15,NYG,Tom Coughlin,2004_15_PIT_NYG
2004,15,NYJ,Herm Edwards,2004_15_SEA_NYJ
2004,15,PHI,Andy Reid,2004_15_DAL_PHI
2004,15,PIT,Bill Cowher,2004_15_PIT_NYG
2004,15,SEA,Mike Holmgren,2004_15_SEA_NYJ
2004,15,SF,Dennis Erickson,2004_15_WAS_SF
2004,15,TB,Jon Gruden,2004_15_NO_TB
2004,15,TEN,Jeff Fisher,2004_15_TEN_OAK
2004,15,WAS,Joe Gibbs,2004_15_WAS_SF
2004,16,ARI,Dennis Green,2004_16_ARI_SEA
2004,16,ATL,Jim Mora,2004_16_ATL_NO
2004,16,BAL,Brian Billick,2004_16_BAL_PIT
2004,16,BUF,Mike Mularkey,2004_16_BUF_SF
2004,16,CAR,John Fox,2004_16_CAR_TB
2004,16,CHI,Lovie Smith,2004_16_CHI_DET
2004,16,CIN,Marvin Lewis,2004_16_NYG_CIN
2004,16,CLE,Terry Robiskie,2004_16_CLE_MIA
2004,16,DAL,Bill Parcells,2004_16_WAS_DAL
2004,16,DEN,Mike Shanahan,2004_16_DEN_TEN
2004,16,DET,Steve Mariucci,2004_16_CHI_DET
2004,16,GB,Mike Sherman,2004_16_GB_MIN
2004,16,HOU,Dom Capers,2004_16_HOU_JAX
2004,16,IND,Tony Dungy,2004_16_SD_IND
2004,16,JAX,Jack Del Rio,2004_16_HOU_JAX
2004,16,KC,Dick Vermeil,2004_16_OAK_KC
2004,16,LA,Mike Martz,2004_16_PHI_STL
2004,16,LAC,Marty Schottenheimer,2004_16_SD_IND
2004,16,LV,Norv Turner,2004_16_OAK_KC
2004,16,MIA,Jim Bates,2004_16_CLE_MIA
2004,16,MIN,Mike Tice,2004_16_GB_MIN
2004,16,NE,Bill Belichick,2004_16_NE_NYJ
2004,16,NO,Jim Haslett,2004_16_ATL_NO
2004,16,NYG,Tom Coughlin,2004_16_NYG_CIN
2004,16,NYJ,Herm Edwards,2004_16_NE_NYJ
2004,16,PHI,Andy Reid,2004_16_PHI_STL
2004,16,PIT,Bill Cowher,2004_16_BAL_PIT
2004,16,SEA,Mike Holmgren,2004_16_ARI_SEA
2004,16,SF,Dennis Erickson,2004_16_BUF_SF
2004,16,TB,Jon Gruden,2004_16_CAR_TB
2004,16,TEN,Jeff Fisher,2004_16_DEN_TEN
2004,16,WAS,Joe Gibbs,2004_16_WAS_DAL
2004,17,ARI,Dennis Green,2004_17_TB_ARI
2004,17,ATL,Jim Mora,2004_17_ATL_SEA
2004,17,BAL,Brian Billick,2004_17_MIA_BAL
2004,17,BUF,Mike Mularkey,2004_17_PIT_BUF
2004,17,CAR,John Fox,2004_17_NO_CAR
2004,17,CHI,Lovie Smith,2004_17_GB_CHI
2004,17,CIN,Marvin Lewis,2004_17_CIN_PHI
2004,17,CLE,Terry Robiskie,2004_17_CLE_HOU
2004,17,DAL,Bill Parcells,2004_17_DAL_NYG
2004,17,DEN,Mike Shanahan,2004_17_IND_DEN
2004,17,DET,Steve Mariucci,2004_17_DET_TEN
2004,17,GB,Mike Sherman,2004_17_GB_CHI
2004,17,HOU,Dom Capers,2004_17_CLE_HOU
2004,17,IND,Tony Dungy,2004_17_IND_DEN
2004,17,JAX,Jack Del Rio,2004_17_JAX_OAK
2004,17,KC,Dick Vermeil,2004_17_KC_SD
2004,17,LA,Mike Martz,2004_17_NYJ_STL
2004,17,LAC,Marty Schottenheimer,2004_17_KC_SD
2004,17,LV,Norv Turner,2004_17_JAX_OAK
2004,17,MIA,Jim Bates,2004_17_MIA_BAL
2004,17,MIN,Mike Tice,2004_17_MIN_WAS
2004,17,NE,Bill Belichick,2004_17_SF_NE
2004,17,NO,Jim Haslett,2004_17_NO_CAR
2004,17,NYG,Tom Coughlin,2004_17_DAL_NYG
2004,17,NYJ,Herm Edwards,2004_17_NYJ_STL
2004,17,PHI,Andy Reid,2004_17_CIN_PHI
2004,17,PIT,Bill Cowher,2004_17_PIT_BUF
2004,17,SEA,Mike Holmgren,2004_17_ATL_SEA
2004,17,SF,Dennis Erickson,2004_17_SF_NE
2004,17,TB,Jon Gruden,2004_17_TB_ARI
2004,17,TEN,Jeff Fisher,2004_17_DET_TEN
2004,17,WAS,Joe Gibbs,2004_17_MIN_WAS
2005,1,ARI,Dennis Green,2005_01_ARI_NYG
2005,1,ATL,Jim Mora,2005_01_PHI_ATL
2005,1,BAL,Brian Billick,2005_01_IND_BAL
2005,1,BUF,Mike Mularkey,2005_01_HOU_BUF
2005,1,CAR,John Fox,2005_01_NO_CAR
2005,1,CHI,Lovie Smith,2005_01_CHI_WAS
2005,1,CIN,Marvin Lewis,2005_01_CIN_CLE
2005,1,CLE,Romeo Crennel,2005_01_CIN_CLE
2005,1,DAL,Bill Parcells,2005_01_DAL_SD
2005,1,DEN,Mike Shanahan,2005_01_DEN_MIA
2005,1,DET,Steve Mariucci,2005_01_GB_DET
2005,1,GB,Mike Sherman,2005_01_GB_DET
2005,1,HOU,Dom Capers,2005_01_HOU_BUF
2005,1,IND,Tony Dungy,2005_01_IND_BAL
2005,1,JAX,Jack Del Rio,2005_01_SEA_JAX
2005,1,KC,Dick Vermeil,2005_01_NYJ_KC
2005,1,LA,Mike Martz,2005_01_STL_SF
2005,1,LAC,Marty Schottenheimer,2005_01_DAL_SD
2005,1,LV,Norv Turner,2005_01_OAK_NE
2005,1,MIA,Nick Saban,2005_01_DEN_MIA
2005,1,MIN,Mike Tice,2005_01_TB_MIN
2005,1,NE,Bill Belichick,2005_01_OAK_NE
2005,1,NO,Jim Haslett,2005_01_NO_CAR
2005,1,NYG,Tom Coughlin,2005_01_ARI_NYG
2005,1,NYJ,Herm Edwards,2005_01_NYJ_KC
2005,1,PHI,Andy Reid,2005_01_PHI_ATL
2005,1,PIT,Bill Cowher,2005_01_TEN_PIT
2005,1,SEA,Mike Holmgren,2005_01_SEA_JAX
2005,1,SF,Mike Nolan,2005_01_STL_SF
2005,1,TB,Jon Gruden,2005_01_TB_MIN
2005,1,TEN,Jeff Fisher,2005_01_TEN_PIT
2005,1,WAS,Joe Gibbs,2005_01_CHI_WAS
2005,2,ARI,Dennis Green,2005_02_STL_ARI
2005,2,ATL,Jim Mora,2005_02_ATL_SEA
2005,2,BAL,Brian Billick,2005_02_BAL_TEN
2005,2,BUF,Mike Mularkey,2005_02_BUF_TB
2005,2,CAR,John Fox,2005_02_NE_CAR
2005,2,CHI,Lovie Smith,2005_02_DET_CHI
2005,2,CIN,Marvin Lewis,2005_02_MIN_CIN
2005,2,CLE,Romeo Crennel,2005_02_CLE_GB
2005,2,DAL,Bill Parcells,2005_02_WAS_DAL
2005,2,DEN,Mike Shanahan,2005_02_SD_DEN
2005,2,DET,Steve Mariucci,2005_02_DET_CHI
2005,2,GB,Mike Sherman,2005_02_CLE_GB
2005,2,HOU,Dom Capers,2005_02_PIT_HOU
2005,2,IND,Tony Dungy,2005_02_JAX_IND
2005,2,JAX,Jack Del Rio,2005_02_JAX_IND
2005,2,KC,Dick Vermeil,2005_02_KC_OAK
2005,2,LA,Mike Martz,2005_02_STL_ARI
2005,2,LAC,Marty Schottenheimer,2005_02_SD_DEN
2005,2,LV,Norv Turner,2005_02_KC_OAK
2005,2,MIA,Nick Saban,2005_02_MIA_NYJ
2005,2,MIN,Mike Tice,2005_02_MIN_CIN
2005,2,NE,Bill Belichick,2005_02_NE_CAR
2005,2,NO,Jim Haslett,2005_02_NYG_NO
2005,2,NYG,Tom Coughlin,2005_02_NYG_NO
2005,2,NYJ,Herm Edwards,2005_02_MIA_NYJ
2005,2,PHI,Andy Reid,2005_02_SF_PHI
2005,2,PIT,Bill Cowher,2005_02_PIT_HOU
2005,2,SEA,Mike Holmgren,2005_02_ATL_SEA
2005,2,SF,Mike Nolan,2005_02_SF_PHI
2005,2,TB,Jon Gruden,2005_02_BUF_TB
2005,2,TEN,Jeff Fisher,2005_02_BAL_TEN
2005,2,WAS,Joe Gibbs,2005_02_WAS_DAL
2005,3,ARI,Dennis Green,2005_03_ARI_SEA
2005,3,ATL,Jim Mora,2005_03_ATL_BUF
2005,3,BUF,Mike Mularkey,2005_03_ATL_BUF
2005,3,CAR,John Fox,2005_03_CAR_MIA
2005,3,CHI,Lovie Smith,2005_03_CIN_CHI
2005,3,CIN,Marvin Lewis,2005_03_CIN_CHI
2005,3,CLE,Romeo Crennel,2005_03_CLE_IND
2005,3,DAL,Bill Parcells,2005_03_DAL_SF
2005,3,DEN,Mike Shanahan,2005_03_KC_DEN
2005,3,GB,Mike Sherman,2005_03_TB_GB
2005,3,IND,Tony Dungy,2005_03_CLE_IND
2005,3,JAX,Jack Del Rio,2005_03_JAX_NYJ
2005,3,KC,Dick Vermeil,2005_03_KC_DEN
2005,3,LA,Mike Martz,2005_03_TEN_STL
2005,3,LAC,Marty Schottenheimer,2005_03_NYG_SD
2005,3,LV,Norv Turner,2005_03_OAK_PHI
2005,3,MIA,Nick Saban,2005_03_CAR_MIA
2005,3,MIN,Mike Tice,2005_03_NO_MIN
2005,3,NE,Bill Belichick,2005_03_NE_PIT
2005,3,NO,Jim Haslett,2005_03_NO_MIN
2005,3,NYG,Tom Coughlin,2005_03_NYG_SD
2005,3,NYJ,Herm Edwards,2005_03_JAX_NYJ
2005,3,PHI,Andy Reid,2005_03_OAK_PHI
2005,3,PIT,Bill Cowher,2005_03_NE_PIT
2005,3,SEA,Mike Holmgren,2005_03_ARI_SEA
2005,3,SF,Mike Nolan,2005_03_DAL_SF
2005,3,TB,Jon Gruden,2005_03_TB_GB
2005,3,TEN,Jeff Fisher,2005_03_TEN_STL
2005,4,ARI,Dennis Green,2005_04_SF_ARI
2005,4,ATL,Jim Mora,2005_04_MIN_ATL
2005,4,BAL,Brian Billick,2005_04_NYJ_BAL
2005,4,BUF,Mike Mularkey,2005_04_BUF_NO
2005,4,CAR,John Fox,2005_04_GB_CAR
2005,4,CIN,Marvin Lewis,2005_04_HOU_CIN
2005,4,DAL,Bill Parcells,2005_04_DAL_OAK
2005,4,DEN,Mike Shanahan,2005_04_DEN_JAX
2005,4,DET,Steve Mariucci,2005_04_DET_TB
2005,4,GB,Mike Sherman,2005_04_GB_CAR
2005,4,HOU,Dom Capers,2005_04_HOU_CIN
2005,4,IND,Tony Dungy,2005_04_IND_TEN
2005,4,JAX,Jack Del Rio,2005_04_DEN_JAX
2005,4,KC,Dick Vermeil,2005_04_PHI_KC
2005,4,LA,Mike Martz,2005_04_STL_NYG
2005,4,LAC,Marty Schottenheimer,2005_04_SD_NE
2005,4,LV,Norv Turner,2005_04_DAL_OAK
2005,4,MIN,Mike Tice,2005_04_MIN_ATL
2005,4,NE,Bill Belichick,2005_04_SD_NE
2005,4,NO,Jim Haslett,2005_04_BUF_NO
2005,4,NYG,Tom Coughlin,2005_04_STL_NYG
2005,4,NYJ,Herm Edwards,2005_04_NYJ_BAL
2005,4,PHI,Andy Reid,2005_04_PHI_KC
2005,4,SEA,Mike Holmgren,2005_04_SEA_WAS
2005,4,SF,Mike Nolan,2005_04_SF_ARI
2005,4,TB,Jon Gruden,2005_04_DET_TB
2005,4,TEN,Jeff Fisher,2005_04_IND_TEN
2005,4,WAS,Joe Gibbs,2005_04_SEA_WAS
2005,5,ARI,Dennis Green,2005_05_CAR_ARI
2005,5,ATL,Jim Mora,2005_05_NE_ATL
2005,5,BAL,Brian Billick,2005_05_BAL_DET
2005,5,BUF,Mike Mularkey,2005_05_MIA_BUF
2005,5,CAR,John Fox,2005_05_CAR_ARI
2005,5,CHI,Lovie Smith,2005_05_CHI_CLE
2005,5,CIN,Marvin Lewis,2005_05_CIN_JAX
2005,5,CLE,Romeo Crennel,2005_05_CHI_CLE
2005,5,DAL,Bill Parcells,2005_05_PHI_DAL
2005,5,DEN,Mike Shanahan,2005_05_WAS_DEN
2005,5,DET,Steve Mariucci,2005_05_BAL_DET
2005,5,GB,Mike Sherman,2005_05_NO_GB
2005,5,HOU,Dom Capers,2005_05_TEN_HOU
2005,5,IND,Tony Dungy,2005_05_IND_SF
2005,5,JAX,Jack Del Rio,2005_05_CIN_JAX
2005,5,LA,Mike Martz,2005_05_SEA_STL
2005,5,LAC,Marty Schottenheimer,2005_05_PIT_SD
2005,5,MIA,Nick Saban,2005_05_MIA_BUF
2005,5,NE,Bill Belichick,2005_05_NE_ATL
2005,5,NO,Jim Haslett,2005_05_NO_GB
2005,5,NYJ,Herm Edwards,2005_05_TB_NYJ
2005,5,PHI,Andy Reid,2005_05_PHI_DAL
2005,5,PIT,Bill Cowher,2005_05_PIT_SD
2005,5,SEA,Mike Holmgren,2005_05_SEA_STL
2005,5,SF,Mike Nolan,2005_05_IND_SF
2005,5,TB,Jon Gruden,2005_05_TB_NYJ
2005,5,TEN,Jeff Fisher,2005_05_TEN_HOU
2005,5,WAS,Joe Gibbs,2005_05_WAS_DEN
2005,6,ATL,Jim Mora,2005_06_ATL_NO
2005,6,BAL,Brian Billick,2005_06_CLE_BAL
2005,6,BUF,Mike Mularkey,2005_06_NYJ_BUF
2005,6,CAR,John Fox,2005_06_CAR_DET
2005,6,CHI,Lovie Smith,2005_06_MIN_CHI
2005,6,CIN,Marvin Lewis,2005_06_CIN_TEN
2005,6,CLE,Romeo Crennel,2005_06_CLE_BAL
2005,6,DAL,Bill Parcells,2005_06_NYG_DAL
2005,6,DEN,Mike Shanahan,2005_06_NE_DEN
2005,6,DET,Steve Mariucci,2005_06_CAR_DET
2005,6,HOU,Dom Capers,2005_06_HOU_SEA
2005,6,IND,Tony Dungy,2005_06_STL_IND
2005,6,JAX,Jack Del Rio,2005_06_JAX_PIT
2005,6,KC,Dick Vermeil,2005_06_WAS_KC
2005,6,LA,Joe Vitt,2005_06_STL_IND
2005,6,LAC,Marty Schottenheimer,2005_06_SD_OAK
2005,6,LV,Norv Turner,2005_06_SD_OAK
2005,6,MIA,Nick Saban,2005_06_MIA_TB
2005,6,MIN,Mike Tice,2005_06_MIN_CHI
2005,6,NE,Bill Belichick,2005_06_NE_DEN
2005,6,NO,Jim Haslett,2005_06_ATL_NO
2005,6,NYG,Tom Coughlin,2005_06_NYG_DAL
2005,6,NYJ,Herm Edwards,2005_06_NYJ_BUF
2005,6,PIT,Bill Cowher,2005_06_JAX_PIT
2005,6,SEA,Mike Holmgren,2005_06_HOU_SEA
2005,6,TB,Jon Gruden,2005_06_MIA_TB
2005,6,TEN,Jeff Fisher,2005_06_CIN_TEN
2005,6,WAS,Joe Gibbs,2005_06_WAS_KC
2005,7,ARI,Dennis Green,2005_07_TEN_ARI
2005,7,ATL,Jim Mora,2005_07_NYJ_ATL
2005,7,BAL,Brian Billick,2005_07_BAL_CHI
2005,7,BUF,Mike Mularkey,2005_07_BUF_OAK
2005,7,CHI,Lovie Smith,2005_07_BAL_CHI
2005,7,CIN,Marvin Lewis,2005_07_PIT_CIN
2005,7,CLE,Romeo Crennel,2005_07_DET_CLE
2005,7,DAL,Bill Parcells,2005_07_DAL_SEA
2005,7,DEN,Mike Shanahan,2005_07_DEN_NYG
2005,7,DET,Steve Mariucci,2005_07_DET_CLE
2005,7,GB,Mike Sherman,2005_07_GB_MIN
2005,7,HOU,Dom Capers,2005_07_IND_HOU
2005,7,IND,Tony Dungy,2005_07_IND_HOU
2005,7,KC,Dick Vermeil,2005_07_KC_MIA
2005,7,LA,Joe Vitt,2005_07_NO_STL
2005,7,LAC,Marty Schottenheimer,2005_07_SD_PHI
2005,7,LV,Norv Turner,2005_07_BUF_OAK
2005,7,MIA,Nick Saban,2005_07_KC_MIA
2005,7,MIN,Mike Tice,2005_07_GB_MIN
2005,7,NO,Jim Haslett,2005_07_NO_STL
2005,7,NYG,Tom Coughlin,2005_07_DEN_NYG
2005,7,NYJ,Herm Edwards,2005_07_NYJ_ATL
2005,7,PHI,Andy Reid,2005_07_SD_PHI
2005,7,PIT,Bill Cowher,2005_07_PIT_CIN
2005,7,SEA,Mike Holmgren,2005_07_DAL_SEA
2005,7,SF,Mike Nolan,2005_07_SF_WAS
2005,7,TEN,Jeff Fisher,2005_07_TEN_ARI
2005,7,WAS,Joe Gibbs,2005_07_SF_WAS
2005,8,ARI,Dennis Green,2005_08_ARI_DAL
2005,8,BAL,Brian Billick,2005_08_BAL_PIT
2005,8,BUF,Mike Mularkey,2005_08_BUF_NE
2005,8,CAR,John Fox,2005_08_MIN_CAR
2005,8,CHI,Lovie Smith,2005_08_CHI_DET
2005,8,CIN,Marvin Lewis,2005_08_GB_CIN
2005,8,CLE,Romeo Crennel,2005_08_CLE_HOU
2005,8,DAL,Bill Parcells,2005_08_ARI_DAL
2005,8,DEN,Mike Shanahan,2005_08_PHI_DEN
2005,8,DET,Steve Mariucci,2005_08_CHI_DET
2005,8,GB,Mike Sherman,2005_08_GB_CIN
2005,8,HOU,Dom Capers,2005_08_CLE_HOU
2005,8,JAX,Jack Del Rio,2005_08_JAX_STL
2005,8,KC,Dick Vermeil,2005_08_KC_SD
2005,8,LA,Joe Vitt,2005_08_JAX_STL
2005,8,LAC,Marty Schottenheimer,2005_08_KC_SD
2005,8,LV,Norv Turner,2005_08_OAK_TEN
2005,8,MIA,Nick Saban,2005_08_MIA_NO
2005,8,MIN,Mike Tice,2005_08_MIN_CAR
2005,8,NE,Bill Belichick,2005_08_BUF_NE
2005,8,NO,Jim Haslett,2005_08_MIA_NO
2005,8,NYG,Tom Coughlin,2005_08_WAS_NYG
2005,8,PHI,Andy Reid,2005_08_PHI_DEN
2005,8,PIT,Bill Cowher,2005_08_BAL_PIT
2005,8,SF,Mike Nolan,2005_08_TB_SF
2005,8,TB,Jon Gruden,2005_08_TB_SF
2005,8,TEN,Jeff Fisher,2005_08_OAK_TEN
2005,8,WAS,Joe Gibbs,2005_08_WAS_NYG
2005,9,ARI,Dennis Green,2005_09_SEA_ARI
2005,9,ATL,Jim Mora,2005_09_ATL_MIA
2005,9,BAL,Brian Billick,2005_09_CIN_BAL
2005,9,CAR,John Fox,2005_09_CAR_TB
2005,9,CHI,Lovie Smith,2005_09_CHI_NO
2005,9,CIN,Marvin Lewis,2005_09_CIN_BAL
2005,9,CLE,Romeo Crennel,2005_09_TEN_CLE
2005,9,DET,Steve Mariucci,2005_09_DET_MIN
2005,9,GB,Mike Sherman,2005_09_PIT_GB
2005,9,HOU,Dom Capers,2005_09_HOU_JAX
2005,9,IND,Tony Dungy,2005_09_IND_NE
2005,9,JAX,Jack Del Rio,2005_09_HOU_JAX
2005,9,KC,Dick Vermeil,2005_09_OAK_KC
2005,9,LAC,Marty Schottenheimer,2005_09_SD_NYJ
2005,9,LV,Norv Turner,2005_09_OAK_KC
2005,9,MIA,Nick Saban,2005_09_ATL_MIA
2005,9,MIN,Mike Tice,2005_09_DET_MIN
2005,9,NE,Bill Belichick,2005_09_IND_NE
2005,9,NO,Jim Haslett,2005_09_CHI_NO
2005,9,NYG,Tom Coughlin,2005_09_NYG_SF
2005,9,NYJ,Herm Edwards,2005_09_SD_NYJ
2005,9,PHI,Andy Reid,2005_09_PHI_WAS
2005,9,PIT,Bill Cowher,2005_09_PIT_GB
2005,9,SEA,Mike Holmgren,2005_09_SEA_ARI
2005,9,SF,Mike Nolan,2005_09_NYG_SF
2005,9,TB,Jon Gruden,2005_09_CAR_TB
2005,9,TEN,Jeff Fisher,2005_09_TEN_CLE
2005,9,WAS,Joe Gibbs,2005_09_PHI_WAS
2005,10,ARI,Dennis Green,2005_10_ARI_DET
2005,10,ATL,Jim Mora,2005_10_GB_ATL
2005,10,BAL,Brian Billick,2005_10_BAL_JAX
2005,10,BUF,Mike Mularkey,2005_10_KC_BUF
2005,10,CAR,John Fox,2005_10_NYJ_CAR
2005,10,CHI,Lovie Smith,2005_10_SF_CHI
2005,10,CLE,Romeo Crennel,2005_10_CLE_PIT
2005,10,DAL,Bill Parcells,2005_10_DAL_PHI
2005,10,DEN,Mike Shanahan,2005_10_DEN_OAK
2005,10,DET,Steve Mariucci,2005_10_ARI_DET
2005,10,GB,Mike Sherman,2005_10_GB_ATL
2005,10,HOU,Dom Capers,2005_10_HOU_IND
2005,10,IND,Tony Dungy,2005_10_HOU_IND
2005,10,JAX,Jack Del Rio,2005_10_BAL_JAX
2005,10,KC,Dick Vermeil,2005_10_KC_BUF
2005,10,LA,Joe Vitt,2005_10_STL_SEA
2005,10,LV,Norv Turner,2005_10_DEN_OAK
2005,10,MIA,Nick Saban,2005_10_NE_MIA
2005,10,MIN,Mike Tice,2005_10_MIN_NYG
2005,10,NE,Bill Belichick,2005_10_NE_MIA
2005,10,NYG,Tom Coughlin,2005_10_MIN_NYG
2005,10,NYJ,Herm Edwards,2005_10_NYJ_CAR
2005,10,PHI,Andy Reid,2005_10_DAL_PHI
2005,10,PIT,Bill Cowher,2005_10_CLE_PIT
2005,10,SEA,Mike Holmgren,2005_10_STL_SEA
2005,10,SF,Mike Nolan,2005_10_SF_CHI
2005,10,TB,Jon Gruden,2005_10_WAS_TB
2005,10,WAS,Joe Gibbs,2005_10_WAS_TB
2005,11,ARI,Dennis Green,2005_11_ARI_STL
2005,11,ATL,Jim Mora,2005_11_TB_ATL
2005,11,BAL,Brian Billick,2005_11_PIT_BAL
2005,11,BUF,Mike Mularkey,2005_11_BUF_SD
2005,11,CAR,John Fox,2005_11_CAR_CHI
2005,11,CHI,Lovie Smith,2005_11_CAR_CHI
2005,11,CIN,Marvin Lewis,2005_11_IND_CIN
2005,11,CLE,Romeo Crennel,2005_11_MIA_CLE
2005,11,DAL,Bill Parcells,2005_11_DET_DAL
2005,11,DEN,Mike Shanahan,2005_11_NYJ_DEN
2005,11,DET,Steve Mariucci,2005_11_DET_DAL
2005,11,GB,Mike Sherman,2005_11_MIN_GB
2005,11,HOU,Dom Capers,2005_11_KC_HOU
2005,11,IND,Tony Dungy,2005_11_IND_CIN
2005,11,JAX,Jack Del Rio,2005_11_JAX_TEN
2005,11,KC,Dick Vermeil,2005_11_KC_HOU
2005,11,LA,Joe Vitt,2005_11_ARI_STL
2005,11,LAC,Marty Schottenheimer,2005_11_BUF_SD
2005,11,LV,Norv Turner,2005_11_OAK_WAS
2005,11,MIA,Nick Saban,2005_11_MIA_CLE
2005,11,MIN,Mike Tice,2005_11_MIN_GB
2005,11,NE,Bill Belichick,2005_11_NO_NE
2005,11,NO,Jim Haslett,2005_11_NO_NE
2005,11,NYG,Tom Coughlin,2005_11_PHI_NYG
2005,11,NYJ,Herm Edwards,2005_11_NYJ_DEN
2005,11,PHI,Andy Reid,2005_11_PHI_NYG
2005,11,PIT,Bill Cowher,2005_11_PIT_BAL
2005,11,SEA,Mike Holmgren,2005_11_SEA_SF
2005,11,SF,Mike Nolan,2005_11_SEA_SF
2005,11,TB,Jon Gruden,2005_11_TB_ATL
2005,11,TEN,Jeff Fisher,2005_11_JAX_TEN
2005,11,WAS,Joe Gibbs,2005_11_OAK_WAS
2005,12,ARI,Dennis Green,2005_12_JAX_ARI
2005,12,ATL,Jim Mora,2005_12_ATL_DET
2005,12,BAL,Brian Billick,2005_12_BAL_CIN
2005,12,BUF,Mike Mularkey,2005_12_CAR_BUF
2005,12,CAR,John Fox,2005_12_CAR_BUF
2005,12,CHI,Lovie Smith,2005_12_CHI_TB
2005,12,CIN,Marvin Lewis,2005_12_BAL_CIN
2005,12,CLE,Romeo Crennel,2005_12_CLE_MIN
2005,12,DAL,Bill Parcells,2005_12_DEN_DAL
2005,12,DEN,Mike Shanahan,2005_12_DEN_DAL
2005,12,DET,Steve Mariucci,2005_12_ATL_DET
2005,12,GB,Mike Sherman,2005_12_GB_PHI
2005,12,HOU,Dom Capers,2005_12_STL_HOU
2005,12,IND,Tony Dungy,2005_12_PIT_IND
2005,12,JAX,Jack Del Rio,2005_12_JAX_ARI
2005,12,KC,Dick Vermeil,2005_12_NE_KC
2005,12,LA,Joe Vitt,2005_12_STL_HOU
2005,12,LAC,Marty Schottenheimer,2005_12_SD_WAS
2005,12,LV,Norv Turner,2005_12_MIA_OAK
2005,12,MIA,Nick Saban,2005_12_MIA_OAK
2005,12,MIN,Mike Tice,2005_12_CLE_MIN
2005,12,NE,Bill Belichick,2005_12_NE_KC
2005,12,NO,Jim Haslett,2005_12_NO_NYJ
2005,12,NYG,Tom Coughlin,2005_12_NYG_SEA
2005,12,NYJ,Herm Edwards,2005_12_NO_NYJ
2005,12,PHI,Andy Reid,2005_12_GB_PHI
2005,12,PIT,Bill Cowher,2005_12_PIT_IND
2005,12,SEA,Mike Holmgren,2005_12_NYG_SEA
2005,12,SF,Mike Nolan,2005_12_SF_TEN
2005,12,TB,Jon Gruden,2005_12_CHI_TB
2005,12,TEN,Jeff Fisher,2005_12_SF_TEN
2005,12,WAS,Joe Gibbs,2005_12_SD_WAS
2005,13,ARI,Dennis Green,2005_13_ARI_SF
2005,13,ATL,Jim Mora,2005_13_ATL_CAR
2005,13,BAL,Brian Billick,2005_13_HOU_BAL
2005,13,BUF,Mike Mularkey,2005_13_BUF_MIA
2005,13,CAR,John Fox,2005_13_ATL_CAR
2005,13,CHI,Lovie Smith,2005_13_GB_CHI
2005,13,CIN,Marvin Lewis,2005_13_CIN_PIT
2005,13,CLE,Romeo Crennel,2005_13_JAX_CLE
2005,13,DAL,Bill Parcells,2005_13_DAL_NYG
2005,13,DEN,Mike Shanahan,2005_13_DEN_KC
2005,13,DET,Dick Jauron,2005_13_MIN_DET
2005,13,GB,Mike Sherman,2005_13_GB_CHI
2005,13,HOU,Dom Capers,2005_13_HOU_BAL
2005,13,IND,Tony Dungy,2005_13_TEN_IND
2005,13,JAX,Jack Del Rio,2005_13_JAX_CLE
2005,13,KC,Dick Vermeil,2005_13_DEN_KC
2005,13,LA,Joe Vitt,2005_13_WAS_STL
2005,13,LAC,Marty Schottenheimer,2005_13_OAK_SD
2005,13,LV,Norv Turner,2005_13_OAK_SD
2005,13,MIA,Nick Saban,2005_13_BUF_MIA
2005,13,MIN,Mike Tice,2005_13_MIN_DET
2005,13,NE,Bill Belichick,2005_13_NYJ_NE
2005,13,NO,Jim Haslett,2005_13_TB_NO
2005,13,NYG,Tom Coughlin,2005_13_DAL_NYG
2005,13,NYJ,Herm Edwards,2005_13_NYJ_NE
2005,13,PHI,Andy Reid,2005_13_SEA_PHI
2005,13,PIT,Bill Cowher,2005_13_CIN_PIT
2005,13,SEA,Mike Holmgren,2005_13_SEA_PHI
2005,13,SF,Mike Nolan,2005_13_ARI_SF
2005,13,TB,Jon Gruden,2005_13_TB_NO
2005,13,TEN,Jeff Fisher,2005_13_TEN_IND
2005,13,WAS,Joe Gibbs,2005_13_WAS_STL
2005,14,ARI,Dennis Green,2005_14_WAS_ARI
2005,14,ATL,Jim Mora,2005_14_NO_ATL
2005,14,BAL,Brian Billick,2005_14_BAL_DEN
2005,14,BUF,Mike Mularkey,2005_14_NE_BUF
2005,14,CAR,John Fox,2005_14_TB_CAR
2005,14,CHI,Lovie Smith,2005_14_CHI_PIT
2005,14,CIN,Marvin Lewis,2005_14_CLE_CIN
2005,14,CLE,Romeo Crennel,2005_14_CLE_CIN
2005,14,DAL,Bill Parcells,2005_14_KC_DAL
2005,14,DEN,Mike Shanahan,2005_14_BAL_DEN
2005,14,DET,Dick Jauron,2005_14_DET_GB
2005,14,GB,Mike Sherman,2005_14_DET_GB
2005,14,HOU,Dom Capers,2005_14_HOU_TEN
2005,14,IND,Tony Dungy,2005_14_IND_JAX
2005,14,JAX,Jack Del Rio,2005_14_IND_JAX
2005,14,KC,Dick Vermeil,2005_14_KC_DAL
2005,14,LA,Joe Vitt,2005_14_STL_MIN
2005,14,LAC,Marty Schottenheimer,2005_14_MIA_SD
2005,14,LV,Norv Turner,2005_14_OAK_NYJ
2005,14,MIA,Nick Saban,2005_14_MIA_SD
2005,14,MIN,Mike Tice,2005_14_STL_MIN
2005,14,NE,Bill Belichick,2005_14_NE_BUF
2005,14,NO,Jim Haslett,2005_14_NO_ATL
2005,14,NYG,Tom Coughlin,2005_14_NYG_PHI
2005,14,NYJ,Herm Edwards,2005_14_OAK_NYJ
2005,14,PHI,Andy Reid,2005_14_NYG_PHI
2005,14,PIT,Bill Cowher,2005_14_CHI_PIT
2005,14,SEA,Mike Holmgren,2005_14_SF_SEA
2005,14,SF,Mike Nolan,2005_14_SF_SEA
2005,14,TB,Jon Gruden,2005_14_TB_CAR
2005,14,TEN,Jeff Fisher,2005_14_HOU_TEN
2005,14,WAS,Joe Gibbs,2005_14_WAS_ARI
2005,15,ARI,Dennis Green,2005_15_ARI_HOU
2005,15,ATL,Jim Mora,2005_15_ATL_CHI
2005,15,BAL,Brian Billick,2005_15_GB_BAL
2005,15,BUF,Mike Mularkey,2005_15_DEN_BUF
2005,15,CAR,John Fox,2005_15_CAR_NO
2005,15,CHI,Lovie Smith,2005_15_ATL_CHI
2005,15,CIN,Marvin Lewis,2005_15_CIN_DET
2005,15,CLE,Romeo Crennel,2005_15_CLE_OAK
2005,15,DAL,Bill Parcells,2005_15_DAL_WAS
2005,15,DEN,Mike Shanahan,2005_15_DEN_BUF
2005,15,DET,Dick Jauron,2005_15_CIN_DET
2005,15,GB,Mike Sherman,2005_15_GB_BAL
2005,15,HOU,Dom Capers,2005_15_ARI_HOU
2005,15,IND,Tony Dungy,2005_15_SD_IND
2005,15,JAX,Jack Del Rio,2005_15_SF_JAX
2005,15,KC,Dick Vermeil,2005_15_KC_NYG
2005,15,LA,Joe Vitt,2005_15_PHI_STL
2005,15,LAC,Marty Schottenheimer,2005_15_SD_IND
2005,15,LV,Norv Turner,2005_15_CLE_OAK
2005,15,MIA,Nick Saban,2005_15_NYJ_MIA
2005,15,MIN,Mike Tice,2005_15_PIT_MIN
2005,15,NE,Bill Belichick,2005_15_TB_NE
2005,15,NO,Jim Haslett,2005_15_CAR_NO
2005,15,NYG,Tom Coughlin,2005_15_KC_NYG
2005,15,NYJ,Herm Edwards,2005_15_NYJ_MIA
2005,15,PHI,Andy Reid,2005_15_PHI_STL
2005,15,PIT,Bill Cowher,2005_15_PIT_MIN
2005,15,SEA,Mike Holmgren,2005_15_SEA_TEN
2005,15,SF,Mike Nolan,2005_15_SF_JAX
2005,15,TB,Jon Gruden,2005_15_TB_NE
2005,15,TEN,Jeff Fisher,2005_15_SEA_TEN
2005,15,WAS,Joe Gibbs,2005_15_DAL_WAS
2005,16,ARI,Dennis Green,2005_16_PHI_ARI
2005,16,ATL,Jim Mora,2005_16_ATL_TB
2005,16,BAL,Brian Billick,2005_16_MIN_BAL
2005,16,BUF,Mike Mularkey,2005_16_BUF_CIN
2005,16,CAR,John Fox,2005_16_DAL_CAR
2005,16,CHI,Lovie Smith,2005_16_CHI_GB
2005,16,CIN,Marvin Lewis,2005_16_BUF_CIN
2005,16,CLE,Romeo Crennel,2005_16_PIT_CLE
2005,16,DAL,Bill Parcells,2005_16_DAL_CAR
2005,16,DEN,Mike Shanahan,2005_16_OAK_DEN
2005,16,DET,Dick Jauron,2005_16_DET_NO
2005,16,GB,Mike Sherman,2005_16_CHI_GB
2005,16,HOU,Dom Capers,2005_16_JAX_HOU
2005,16,IND,Tony Dungy,2005_16_IND_SEA
2005,16,JAX,Jack Del Rio,2005_16_JAX_HOU
2005,16,KC,Dick Vermeil,2005_16_SD_KC
2005,16,LA,Joe Vitt,2005_16_SF_STL
2005,16,LAC,Marty Schottenheimer,2005_16_SD_KC
2005,16,LV,Norv Turner,2005_16_OAK_DEN
2005,16,MIA,Nick Saban,2005_16_TEN_MIA
2005,16,MIN,Mike Tice,2005_16_MIN_BAL
2005,16,NE,Bill Belichick,2005_16_NE_NYJ
2005,16,NO,Jim Haslett,2005_16_DET_NO
2005,16,NYG,Tom Coughlin,2005_16_NYG_WAS
2005,16,NYJ,Herm Edwards,2005_16_NE_NYJ
2005,16,PHI,Andy Reid,2005_16_PHI_ARI
2005,16,PIT,Bill Cowher,2005_16_PIT_CLE
2005,16,SEA,Mike Holmgren,2005_16_IND_SEA
2005,16,SF,Mike Nolan,2005_16_SF_STL
2005,16,TB,Jon Gruden,2005_16_ATL_TB
2005,16,TEN,Jeff Fisher,2005_16_TEN_MIA
2005,16,WAS,Joe Gibbs,2005_16_NYG_WAS
2005,17,ARI,Dennis Green,2005_17_ARI_IND
2005,17,ATL,Jim Mora,2005_17_CAR_ATL
2005,17,BAL,Brian Billick,2005_17_BAL_CLE
2005,17,BUF,Mike Mularkey,2005_17_BUF_NYJ
2005,17,CAR,John Fox,2005_17_CAR_ATL
2005,17,CHI,Lovie Smith,2005_17_CHI_MIN
2005,17,CIN,Marvin Lewis,2005_17_CIN_KC
2005,17,CLE,Romeo Crennel,2005_17_BAL_CLE
2005,17,DAL,Bill Parcells,2005_17_STL_DAL
2005,17,DEN,Mike Shanahan,2005_17_DEN_SD
2005,17,DET,Dick Jauron,2005_17_DET_PIT
2005,17,GB,Mike Sherman,2005_17_SEA_GB
2005,17,HOU,Dom Capers,2005_17_HOU_SF
2005,17,IND,Tony Dungy,2005_17_ARI_IND
2005,17,JAX,Jack Del Rio,2005_17_TEN_JAX
2005,17,KC,Dick Vermeil,2005_17_CIN_KC
2005,17,LA,Joe Vitt,2005_17_STL_DAL
2005,17,LAC,Marty Schottenheimer,2005_17_DEN_SD
2005,17,LV,Norv Turner,2005_17_NYG_OAK
2005,17,MIA,Nick Saban,2005_17_MIA_NE
2005,17,MIN,Mike Tice,2005_17_CHI_MIN
2005,17,NE,Bill Belichick,2005_17_MIA_NE
2005,17,NO,Jim Haslett,2005_17_NO_TB
2005,17,NYG,Tom Coughlin,2005_17_NYG_OAK
2005,17,NYJ,Herm Edwards,2005_17_BUF_NYJ
2005,17,PHI,Andy Reid,2005_17_WAS_PHI
2005,17,PIT,Bill Cowher,2005_17_DET_PIT
2005,17,SEA,Mike Holmgren,2005_17_SEA_GB
2005,17,SF,Mike Nolan,2005_17_HOU_SF
2005,17,TB,Jon Gruden,2005_17_NO_TB
2005,17,TEN,Jeff Fisher,2005_17_TEN_JAX
2005,17,WAS,Joe Gibbs,2005_17_WAS_PHI
2006,1,ARI,Dennis Green,2006_01_SF_ARI
2006,1,ATL,Jim Mora,2006_01_ATL_CAR
2006,1,BAL,Brian Billick,2006_01_BAL_TB
2006,1,BUF,Dick Jauron,2006_01_BUF_NE
2006,1,CAR,John Fox,2006_01_ATL_CAR
2006,1,CHI,Lovie Smith,2006_01_CHI_GB
2006,1,CIN,Marvin Lewis,2006_01_CIN_KC
2006,1,CLE,Romeo Crennel,2006_01_NO_CLE
2006,1,DAL,Bill Parcells,2006_01_DAL_JAX
2006,1,DEN,Mike Shanahan,2006_01_DEN_STL
2006,1,DET,Rod Marinelli,2006_01_SEA_DET
2006,1,GB,Mike McCarthy,2006_01_CHI_GB
2006,1,HOU,Gary Kubiak,2006_01_PHI_HOU
2006,1,IND,Tony Dungy,2006_01_IND_NYG
2006,1,JAX,Jack Del Rio,2006_01_DAL_JAX
2006,1,KC,Herm Edwards,2006_01_CIN_KC
2006,1,LA,Scott Linehan,2006_01_DEN_STL
2006,1,LAC,Marty Schottenheimer,2006_01_SD_OAK
2006,1,LV,Art Shell,2006_01_SD_OAK
2006,1,MIA,Nick Saban,2006_01_MIA_PIT
2006,1,MIN,Brad Childress,2006_01_MIN_WAS
2006,1,NE,Bill Belichick,2006_01_BUF_NE
2006,1,NO,Sean Payton,2006_01_NO_CLE
2006,1,NYG,Tom Coughlin,2006_01_IND_NYG
2006,1,NYJ,Eric Mangini,2006_01_NYJ_TEN
2006,1,PHI,Andy Reid,2006_01_PHI_HOU
2006,1,PIT,Bill Cowher,2006_01_MIA_PIT
2006,1,SEA,Mike Holmgren,2006_01_SEA_DET
2006,1,SF,Mike Nolan,2006_01_SF_ARI
2006,1,TB,Jon Gruden,2006_01_BAL_TB
2006,1,TEN,Jeff Fisher,2006_01_NYJ_TEN
2006,1,WAS,Joe Gibbs,2006_01_MIN_WAS
2006,2,ARI,Dennis Green,2006_02_ARI_SEA
2006,2,ATL,Jim Mora,2006_02_TB_ATL
2006,2,BAL,Brian Billick,2006_02_OAK_BAL
2006,2,BUF,Dick Jauron,2006_02_BUF_MIA
2006,2,CAR,John Fox,2006_02_CAR_MIN
2006,2,CHI,Lovie Smith,2006_02_DET_CHI
2006,2,CIN,Marvin Lewis,2006_02_CLE_CIN
2006,2,CLE,Romeo Crennel,2006_02_CLE_CIN
2006,2,DAL,Bill Parcells,2006_02_WAS_DAL
2006,2,DEN,Mike Shanahan,2006_02_KC_DEN
2006,2,DET,Rod Marinelli,2006_02_DET_CHI
2006,2,GB,Mike McCarthy,2006_02_NO_GB
2006,2,HOU,Gary Kubiak,2006_02_HOU_IND
2006,2,IND,Tony Dungy,2006_02_HOU_IND
2006,2,JAX,Jack Del Rio,2006_02_PIT_JAX
2006,2,KC,Herm Edwards,2006_02_KC_DEN
2006,2,LA,Scott Linehan,2006_02_STL_SF
2006,2,LAC,Marty Schottenheimer,2006_02_TEN_SD
2006,2,LV,Art Shell,2006_02_OAK_BAL
2006,2,MIA,Nick Saban,2006_02_BUF_MIA
2006,2,MIN,Brad Childress,2006_02_CAR_MIN
2006,2,NE,Bill Belichick,2006_02_NE_NYJ
2006,2,NO,Sean Payton,2006_02_NO_GB
2006,2,NYG,Tom Coughlin,2006_02_NYG_PHI
2006,2,NYJ,Eric Mangini,2006_02_NE_NYJ
2006,2,PHI,Andy Reid,2006_02_NYG_PHI
2006,2,PIT,Bill Cowher,2006_02_PIT_JAX
2006,2,SEA,Mike Holmgren,2006_02_ARI_SEA
2006,2,SF,Mike Nolan,2006_02_STL_SF
2006,2,TB,Jon Gruden,2006_02_TB_ATL
2006,2,TEN,Jeff Fisher,2006_02_TEN_SD
2006,2,WAS,Joe Gibbs,2006_02_WAS_DAL
2006,3,ARI,Dennis Green,2006_03_STL_ARI
2006,3,ATL,Jim Mora,2006_03_ATL_NO
2006,3,BAL,Brian Billick,2006_03_BAL_CLE
2006,3,BUF,Dick Jauron,2006_03_NYJ_BUF
2006,3,CAR,John Fox,2006_03_CAR_TB
2006,3,CHI,Lovie Smith,2006_03_CHI_MIN
2006,3,CIN,Marvin Lewis,2006_03_CIN_PIT
2006,3,CLE,Romeo Crennel,2006_03_BAL_CLE
2006,3,DEN,Mike Shanahan,2006_03_DEN_NE
2006,3,DET,Rod Marinelli,2006_03_GB_DET
2006,3,GB,Mike McCarthy,2006_03_GB_DET
2006,3,HOU,Gary Kubiak,2006_03_WAS_HOU
2006,3,IND,Tony Dungy,2006_03_JAX_IND
2006,3,JAX,Jack Del Rio,2006_03_JAX_IND
2006,3,LA,Scott Linehan,2006_03_STL_ARI
2006,3,MIA,Nick Saban,2006_03_TEN_MIA
2006,3,MIN,Brad Childress,2006_03_CHI_MIN
2006,3,NE,Bill Belichick,2006_03_DEN_NE
2006,3,NO,Sean Payton,2006_03_ATL_NO
2006,3,NYG,Tom Coughlin,2006_03_NYG_SEA
2006,3,NYJ,Eric Mangini,2006_03_NYJ_BUF
2006,3,PHI,Andy Reid,2006_03_PHI_SF
2006,3,PIT,Bill Cowher,2006_03_CIN_PIT
2006,3,SEA,Mike Holmgren,2006_03_NYG_SEA
2006,3,SF,Mike Nolan,2006_03_PHI_SF
2006,3,TB,Jon Gruden,2006_03_CAR_TB
2006,3,TEN,Jeff Fisher,2006_03_TEN_MIA
2006,3,WAS,Joe Gibbs,2006_03_WAS_HOU
2006,4,ARI,Dennis Green,2006_04_ARI_ATL
2006,4,ATL,Jim Mora,2006_04_ARI_ATL
2006,4,BAL,Brian Billick,2006_04_SD_BAL
2006,4,BUF,Dick Jauron,2006_04_MIN_BUF
2006,4,CAR,John Fox,2006_04_NO_CAR
2006,4,CHI,Lovie Smith,2006_04_SEA_CHI
2006,4,CIN,Marvin Lewis,2006_04_NE_CIN
2006,4,CLE,Romeo Crennel,2006_04_CLE_OAK
2006,4,DAL,Bill Parcells,2006_04_DAL_TEN
2006,4,DET,Rod Marinelli,2006_04_DET_STL
2006,4,GB,Mike McCarthy,2006_04_GB_PHI
2006,4,HOU,Gary Kubiak,2006_04_MIA_HOU
2006,4,IND,Tony Dungy,2006_04_IND_NYJ
2006,4,JAX,Jack Del Rio,2006_04_JAX_WAS
2006,4,KC,Herm Edwards,2006_04_SF_KC
2006,4,LA,Scott Linehan,2006_04_DET_STL
2006,4,LAC,Marty Schottenheimer,2006_04_SD_BAL
2006,4,LV,Art Shell,2006_04_CLE_OAK
2006,4,MIA,Nick Saban,2006_04_MIA_HOU
2006,4,MIN,Brad Childress,2006_04_MIN_BUF
2006,4,NE,Bill Belichick,2006_04_NE_CIN
2006,4,NO,Sean Payton,2006_04_NO_CAR
2006,4,NYJ,Eric Mangini,2006_04_IND_NYJ
2006,4,PHI,Andy Reid,2006_04_GB_PHI
2006,4,SEA,Mike Holmgren,2006_04_SEA_CHI
2006,4,SF,Mike Nolan,2006_04_SF_KC
2006,4,TEN,Jeff Fisher,2006_04_DAL_TEN
2006,4,WAS,Joe Gibbs,2006_04_JAX_WAS
2006,5,ARI,Dennis Green,2006_05_KC_ARI
2006,5,BAL,Brian Billick,2006_05_BAL_DEN
2006,5,BUF,Dick Jauron,2006_05_BUF_CHI
2006,5,CAR,John Fox,2006_05_CLE_CAR
2006,5,CHI,Lovie Smith,2006_05_BUF_CHI
2006,5,CLE,Romeo Crennel,2006_05_CLE_CAR
2006,5,DAL,Bill Parcells,2006_05_DAL_PHI
2006,5,DEN,Mike Shanahan,2006_05_BAL_DEN
2006,5,DET,Rod Marinelli,2006_05_DET_MIN
2006,5,GB,Mike McCarthy,2006_05_STL_GB
2006,5,IND,Tony Dungy,2006_05_TEN_IND
2006,5,JAX,Jack Del Rio,2006_05_NYJ_JAX
2006,5,KC,Herm Edwards,2006_05_KC_ARI
2006,5,LA,Scott Linehan,2006_05_STL_GB
2006,5,LAC,Marty Schottenheimer,2006_05_PIT_SD
2006,5,LV,Art Shell,2006_05_OAK_SF
2006,5,MIA,Nick Saban,2006_05_MIA_NE
2006,5,MIN,Brad Childress,2006_05_DET_MIN
2006,5,NE,Bill Belichick,2006_05_MIA_NE
2006,5,NO,Sean Payton,2006_05_TB_NO
2006,5,NYG,Tom Coughlin,2006_05_WAS_NYG
2006,5,NYJ,Eric Mangini,2006_05_NYJ_JAX
2006,5,PHI,Andy Reid,2006_05_DAL_PHI
2006,5,PIT,Bill Cowher,2006_05_PIT_SD
2006,5,SF,Mike Nolan,2006_05_OAK_SF
2006,5,TB,Jon Gruden,2006_05_TB_NO
2006,5,TEN,Jeff Fisher,2006_05_TEN_IND
2006,5,WAS,Joe Gibbs,2006_05_WAS_NYG
2006,6,ARI,Dennis Green,2006_06_CHI_ARI
2006,6,ATL,Jim Mora,2006_06_NYG_ATL
2006,6,BAL,Brian Billick,2006_06_CAR_BAL
2006,6,BUF,Dick Jauron,2006_06_BUF_DET
2006,6,CAR,John Fox,2006_06_CAR_BAL
2006,6,CHI,Lovie Smith,2006_06_CHI_ARI
2006,6,CIN,Marvin Lewis,2006_06_CIN_TB
2006,6,DAL,Bill Parcells,2006_06_HOU_DAL
2006,6,DEN,Mike Shanahan,2006_06_OAK_DEN
2006,6,DET,Rod Marinelli,2006_06_BUF_DET
2006,6,HOU,Gary Kubiak,2006_06_HOU_DAL
2006,6,KC,Herm Edwards,2006_06_KC_PIT
2006,6,LA,Scott Linehan,2006_06_SEA_STL
2006,6,LAC,Marty Schottenheimer,2006_06_SD_SF
2006,6,LV,Art Shell,2006_06_OAK_DEN
2006,6,MIA,Nick Saban,2006_06_MIA_NYJ
2006,6,NO,Sean Payton,2006_06_PHI_NO
2006,6,NYG,Tom Coughlin,2006_06_NYG_ATL
2006,6,NYJ,Eric Mangini,2006_06_MIA_NYJ
2006,6,PHI,Andy Reid,2006_06_PHI_NO
2006,6,PIT,Bill Cowher,2006_06_KC_PIT
2006,6,SEA,Mike Holmgren,2006_06_SEA_STL
2006,6,SF,Mike Nolan,2006_06_SD_SF
2006,6,TB,Jon Gruden,2006_06_CIN_TB
2006,6,TEN,Jeff Fisher,2006_06_TEN_WAS
2006,6,WAS,Joe Gibbs,2006_06_TEN_WAS
2006,7,ARI,Dennis Green,2006_07_ARI_OAK
2006,7,ATL,Jim Mora,2006_07_PIT_ATL
2006,7,BUF,Dick Jauron,2006_07_NE_BUF
2006,7,CAR,John Fox,2006_07_CAR_CIN
2006,7,CIN,Marvin Lewis,2006_07_CAR_CIN
2006,7,CLE,Romeo Crennel,2006_07_DEN_CLE
2006,7,DAL,Bill Parcells,2006_07_NYG_DAL
2006,7,DEN,Mike Shanahan,2006_07_DEN_CLE
2006,7,DET,Rod Marinelli,2006_07_DET_NYJ
2006,7,GB,Mike McCarthy,2006_07_GB_MIA
2006,7,HOU,Gary Kubiak,2006_07_JAX_HOU
2006,7,IND,Tony Dungy,2006_07_WAS_IND
2006,7,JAX,Jack Del Rio,2006_07_JAX_HOU
2006,7,KC,Herm Edwards,2006_07_SD_KC
2006,7,LAC,Marty Schottenheimer,2006_07_SD_KC
2006,7,LV,Art Shell,2006_07_ARI_OAK
2006,7,MIA,Nick Saban,2006_07_GB_MIA
2006,7,MIN,Brad Childress,2006_07_MIN_SEA
2006,7,NE,Bill Belichick,2006_07_NE_BUF
2006,7,NYG,Tom Coughlin,2006_07_NYG_DAL
2006,7,NYJ,Eric Mangini,2006_07_DET_NYJ
2006,7,PHI,Andy Reid,2006_07_PHI_TB
2006,7,PIT,Bill Cowher,2006_07_PIT_ATL
2006,7,SEA,Mike Holmgren,2006_07_MIN_SEA
2006,7,TB,Jon Gruden,2006_07_PHI_TB
2006,7,WAS,Joe Gibbs,2006_07_WAS_IND
2006,8,ARI,Dennis Green,2006_08_ARI_GB
2006,8,ATL,Jim Mora,2006_08_ATL_CIN
2006,8,BAL,Brian Billick,2006_08_BAL_NO
2006,8,CAR,John Fox,2006_08_DAL_CAR
2006,8,CHI,Lovie Smith,2006_08_SF_CHI
2006,8,CIN,Marvin Lewis,2006_08_ATL_CIN
2006,8,CLE,Romeo Crennel,2006_08_NYJ_CLE
2006,8,DAL,Bill Parcells,2006_08_DAL_CAR
2006,8,DEN,Mike Shanahan,2006_08_IND_DEN
2006,8,GB,Mike McCarthy,2006_08_ARI_GB
2006,8,HOU,Gary Kubiak,2006_08_HOU_TEN
2006,8,IND,Tony Dungy,2006_08_IND_DEN
2006,8,JAX,Jack Del Rio,2006_08_JAX_PHI
2006,8,KC,Herm Edwards,2006_08_SEA_KC
2006,8,LA,Scott Linehan,2006_08_STL_SD
2006,8,LAC,Marty Schottenheimer,2006_08_STL_SD
2006,8,LV,Art Shell,2006_08_PIT_OAK
2006,8,MIN,Brad Childress,2006_08_NE_MIN
2006,8,NE,Bill Belichick,2006_08_NE_MIN
2006,8,NO,Sean Payton,2006_08_BAL_NO
2006,8,NYG,Tom Coughlin,2006_08_TB_NYG
2006,8,NYJ,Eric Mangini,2006_08_NYJ_CLE
2006,8,PHI,Andy Reid,2006_08_JAX_PHI
2006,8,PIT,Bill Cowher,2006_08_PIT_OAK
2006,8,SEA,Mike Holmgren,2006_08_SEA_KC
2006,8,SF,Mike Nolan,2006_08_SF_CHI
2006,8,TB,Jon Gruden,2006_08_TB_NYG
2006,8,TEN,Jeff Fisher,2006_08_HOU_TEN
2006,9,ATL,Jim Mora,2006_09_ATL_DET
2006,9,BAL,Brian Billick,2006_09_CIN_BAL
2006,9,BUF,Dick Jauron,2006_09_GB_BUF
2006,9,CHI,Lovie Smith,2006_09_MIA_CHI
2006,9,CIN,Marvin Lewis,2006_09_CIN_BAL
2006,9,CLE,Romeo Crennel,2006_09_CLE_SD
2006,9,DAL,Bill Parcells,2006_09_DAL_WAS
2006,9,DEN,Mike Shanahan,2006_09_DEN_PIT
2006,9,DET,Rod Marinelli,2006_09_ATL_DET
2006,9,GB,Mike McCarthy,2006_09_GB_BUF
2006,9,HOU,Gary Kubiak,2006_09_HOU_NYG
2006,9,IND,Tony Dungy,2006_09_IND_NE
2006,9,JAX,Jack Del Rio,2006_09_TEN_JAX
2006,9,KC,Herm Edwards,2006_09_KC_STL
2006,9,LA,Scott Linehan,2006_09_KC_STL
2006,9,LAC,Marty Schottenheimer,2006_09_CLE_SD
2006,9,LV,Art Shell,2006_09_OAK_SEA
2006,9,MIA,Nick Saban,2006_09_MIA_CHI
2006,9,MIN,Brad Childress,2006_09_MIN_SF
2006,9,NE,Bill Belichick,2006_09_IND_NE
2006,9,NO,Sean Payton,2006_09_NO_TB
2006,9,NYG,Tom Coughlin,2006_09_HOU_NYG
2006,9,PIT,Bill Cowher,2006_09_DEN_PIT
2006,9,SEA,Mike Holmgren,2006_09_OAK_SEA
2006,9,SF,Mike Nolan,2006_09_MIN_SF
2006,9,TB,Jon Gruden,2006_09_NO_TB
2006,9,TEN,Jeff Fisher,2006_09_TEN_JAX
2006,9,WAS,Joe Gibbs,2006_09_DAL_WAS
2006,10,ARI,Dennis Green,2006_10_DAL_ARI
2006,10,ATL,Jim Mora,2006_10_CLE_ATL
2006,10,BAL,Brian Billick,2006_10_BAL_TEN
2006,10,BUF,Dick Jauron,2006_10_BUF_IND
2006,10,CAR,John Fox,2006_10_TB_CAR
2006,10,CHI,Lovie Smith,2006_10_CHI_NYG
2006,10,CIN,Marvin Lewis,2006_10_SD_CIN
2006,10,CLE,Romeo Crennel,2006_10_CLE_ATL
2006,10,DAL,Bill Parcells,2006_10_DAL_ARI
2006,10,DEN,Mike Shanahan,2006_10_DEN_OAK
2006,10,DET,Rod Marinelli,2006_10_SF_DET
2006,10,GB,Mike McCarthy,2006_10_GB_MIN
2006,10,HOU,Gary Kubiak,2006_10_HOU_JAX
2006,10,IND,Tony Dungy,2006_10_BUF_IND
2006,10,JAX,Jack Del Rio,2006_10_HOU_JAX
2006,10,KC,Herm Edwards,2006_10_KC_MIA
2006,10,LA,Scott Linehan,2006_10_STL_SEA
2006,10,LAC,Marty Schottenheimer,2006_10_SD_CIN
2006,10,LV,Art Shell,2006_10_DEN_OAK
2006,10,MIA,Nick Saban,2006_10_KC_MIA
2006,10,MIN,Brad Childress,2006_10_GB_MIN
2006,10,NE,Bill Belichick,2006_10_NYJ_NE
2006,10,NO,Sean Payton,2006_10_NO_PIT
2006,10,NYG,Tom Coughlin,2006_10_CHI_NYG
2006,10,NYJ,Eric Mangini,2006_10_NYJ_NE
2006,10,PHI,Andy Reid,2006_10_WAS_PHI
2006,10,PIT,Bill Cowher,2006_10_NO_PIT
2006,10,SEA,Mike Holmgren,2006_10_STL_SEA
2006,10,SF,Mike Nolan,2006_10_SF_DET
2006,10,TB,Jon Gruden,2006_10_TB_CAR
2006,10,TEN,Jeff Fisher,2006_10_BAL_TEN
2006,10,WAS,Joe Gibbs,2006_10_WAS_PHI
2006,11,ARI,Dennis Green,2006_11_DET_ARI
2006,11,ATL,Jim Mora,2006_11_ATL_BAL
2006,11,BAL,Brian Billick,2006_11_ATL_BAL
2006,11,BUF,Dick Jauron,2006_11_BUF_HOU
2006,11,CAR,John Fox,2006_11_STL_CAR
2006,11,CHI,Lovie Smith,2006_11_CHI_NYJ
2006,11,CIN,Marvin Lewis,2006_11_CIN_NO
2006,11,CLE,Romeo Crennel,2006_11_PIT_CLE
2006,11,DAL,Bill Parcells,2006_11_IND_DAL
2006,11,DEN,Mike Shanahan,2006_11_SD_DEN
2006,11,DET,Rod Marinelli,2006_11_DET_ARI
2006,11,GB,Mike McCarthy,2006_11_NE_GB
2006,11,HOU,Gary Kubiak,2006_11_BUF_HOU
2006,11,IND,Tony Dungy,2006_11_IND_DAL
2006,11,JAX,Jack Del Rio,2006_11_NYG_JAX
2006,11,KC,Herm Edwards,2006_11_OAK_KC
2006,11,LA,Scott Linehan,2006_11_STL_CAR
2006,11,LAC,Marty Schottenheimer,2006_11_SD_DEN
2006,11,LV,Art Shell,2006_11_OAK_KC
2006,11,MIA,Nick Saban,2006_11_MIN_MIA
2006,11,MIN,Brad Childress,2006_11_MIN_MIA
2006,11,NE,Bill Belichick,2006_11_NE_GB
2006,11,NO,Sean Payton,2006_11_CIN_NO
2006,11,NYG,Tom Coughlin,2006_11_NYG_JAX
2006,11,NYJ,Eric Mangini,2006_11_CHI_NYJ
2006,11,PHI,Andy Reid,2006_11_TEN_PHI
2006,11,PIT,Bill Cowher,2006_11_PIT_CLE
2006,11,SEA,Mike Holmgren,2006_11_SEA_SF
2006,11,SF,Mike Nolan,2006_11_SEA_SF
2006,11,TB,Jon Gruden,2006_11_WAS_TB
2006,11,TEN,Jeff Fisher,2006_11_TEN_PHI
2006,11,WAS,Joe Gibbs,2006_11_WAS_TB
2006,12,ARI,Dennis Green,2006_12_ARI_MIN
2006,12,ATL,Jim Mora,2006_12_NO_ATL
2006,12,BAL,Brian Billick,2006_12_PIT_BAL
2006,12,BUF,Dick Jauron,2006_12_JAX_BUF
2006,12,CAR,John Fox,2006_12_CAR_WAS
2006,12,CHI,Lovie Smith,2006_12_CHI_NE
2006,12,CIN,Marvin Lewis,2006_12_CIN_CLE
2006,12,CLE,Romeo Crennel,2006_12_CIN_CLE
2006,12,DAL,Bill Parcells,2006_12_TB_DAL
2006,12,DEN,Mike Shanahan,2006_12_DEN_KC
2006,12,DET,Rod Marinelli,2006_12_MIA_DET
2006,12,GB,Mike McCarthy,2006_12_GB_SEA
2006,12,HOU,Gary Kubiak,2006_12_HOU_NYJ
2006,12,IND,Tony Dungy,2006_12_PHI_IND
2006,12,JAX,Jack Del Rio,2006_12_JAX_BUF
2006,12,KC,Herm Edwards,2006_12_DEN_KC
2006,12,LA,Scott Linehan,2006_12_SF_STL
2006,12,LAC,Marty Schottenheimer,2006_12_OAK_SD
2006,12,LV,Art Shell,2006_12_OAK_SD
2006,12,MIA,Nick Saban,2006_12_MIA_DET
2006,12,MIN,Brad Childress,2006_12_ARI_MIN
2006,12,NE,Bill Belichick,2006_12_CHI_NE
2006,12,NO,Sean Payton,2006_12_NO_ATL
2006,12,NYG,Tom Coughlin,2006_12_NYG_TEN
2006,12,NYJ,Eric Mangini,2006_12_HOU_NYJ
2006,12,PHI,Andy Reid,2006_12_PHI_IND
2006,12,PIT,Bill Cowher,2006_12_PIT_BAL
2006,12,SEA,Mike Holmgren,2006_12_GB_SEA
2006,12,SF,Mike Nolan,2006_12_SF_STL
2006,12,TB,Jon Gruden,2006_12_TB_DAL
2006,12,TEN,Jeff Fisher,2006_12_NYG_TEN
2006,12,WAS,Joe Gibbs,2006_12_CAR_WAS
2006,13,ARI,Dennis Green,2006_13_ARI_STL
2006,13,ATL,Jim Mora,2006_13_ATL_WAS
2006,13,BAL,Brian Billick,2006_13_BAL_CIN
2006,13,BUF,Dick Jauron,2006_13_SD_BUF
2006,13,CAR,John Fox,2006_13_CAR_PHI
2006,13,CHI,Lovie Smith,2006_13_MIN_CHI
2006,13,CIN,Marvin Lewis,2006_13_BAL_CIN
2006,13,CLE,Romeo Crennel,2006_13_KC_CLE
2006,13,DAL,Bill Parcells,2006_13_DAL_NYG
2006,13,DEN,Mike Shanahan,2006_13_SEA_DEN
2006,13,DET,Rod Marinelli,2006_13_DET_NE
2006,13,GB,Mike McCarthy,2006_13_NYJ_GB
2006,13,HOU,Gary Kubiak,2006_13_HOU_OAK
2006,13,IND,Tony Dungy,2006_13_IND_TEN
2006,13,JAX,Jack Del Rio,2006_13_JAX_MIA
2006,13,KC,Herm Edwards,2006_13_KC_CLE
2006,13,LA,Scott Linehan,2006_13_ARI_STL
2006,13,LAC,Marty Schottenheimer,2006_13_SD_BUF
2006,13,LV,Art Shell,2006_13_HOU_OAK
2006,13,MIA,Nick Saban,2006_13_JAX_MIA
2006,13,MIN,Brad Childress,2006_13_MIN_CHI
2006,13,NE,Bill Belichick,2006_13_DET_NE
2006,13,NO,Sean Payton,2006_13_SF_NO
2006,13,NYG,Tom Coughlin,2006_13_DAL_NYG
2006,13,NYJ,Eric Mangini,2006_13_NYJ_GB
2006,13,PHI,Andy Reid,2006_13_CAR_PHI
2006,13,PIT,Bill Cowher,2006_13_TB_PIT
2006,13,SEA,Mike Holmgren,2006_13_SEA_DEN
2006,13,SF,Mike Nolan,2006_13_SF_NO
2006,13,TB,Jon Gruden,2006_13_TB_PIT
2006,13,TEN,Jeff Fisher,2006_13_IND_TEN
2006,13,WAS,Joe Gibbs,2006_13_ATL_WAS
2006,14,ARI,Dennis Green,2006_14_SEA_ARI
2006,14,ATL,Jim Mora,2006_14_ATL_TB
2006,14,BAL,Brian Billick,2006_14_BAL_KC
2006,14,BUF,Dick Jauron,2006_14_BUF_NYJ
2006,14,CAR,John Fox,2006_14_NYG_CAR
2006,14,CHI,Lovie Smith,2006_14_CHI_STL
2006,14,CIN,Marvin Lewis,2006_14_OAK_CIN
2006,14,CLE,Romeo Crennel,2006_14_CLE_PIT
2006,14,DAL,Bill Parcells,2006_14_NO_DAL
2006,14,DEN,Mike Shanahan,2006_14_DEN_SD
2006,14,DET,Rod Marinelli,2006_14_MIN_DET
2006,14,GB,Mike McCarthy,2006_14_GB_SF
2006,14,HOU,Gary Kubiak,2006_14_TEN_HOU
2006,14,IND,Tony Dungy,2006_14_IND_JAX
2006,14,JAX,Jack Del Rio,2006_14_IND_JAX
2006,14,KC,Herm Edwards,2006_14_BAL_KC
2006,14,LA,Scott Linehan,2006_14_CHI_STL
2006,14,LAC,Marty Schottenheimer,2006_14_DEN_SD
2006,14,LV,Art Shell,2006_14_OAK_CIN
2006,14,MIA,Nick Saban,2006_14_NE_MIA
2006,14,MIN,Brad Childress,2006_14_MIN_DET
2006,14,NE,Bill Belichick,2006_14_NE_MIA
2006,14,NO,Sean Payton,2006_14_NO_DAL
2006,14,NYG,Tom Coughlin,2006_14_NYG_CAR
2006,14,NYJ,Eric Mangini,2006_14_BUF_NYJ
2006,14,PHI,Andy Reid,2006_14_PHI_WAS
2006,14,PIT,Bill Cowher,2006_14_CLE_PIT
2006,14,SEA,Mike Holmgren,2006_14_SEA_ARI
2006,14,SF,Mike Nolan,2006_14_GB_SF
2006,14,TB,Jon Gruden,2006_14_ATL_TB
2006,14,TEN,Jeff Fisher,2006_14_TEN_HOU
2006,14,WAS,Joe Gibbs,2006_14_PHI_WAS
2006,15,ARI,Dennis Green,2006_15_DEN_ARI
2006,15,ATL,Jim Mora,2006_15_DAL_ATL
2006,15,BAL,Brian Billick,2006_15_CLE_BAL
2006,15,BUF,Dick Jauron,2006_15_MIA_BUF
2006,15,CAR,John Fox,2006_15_PIT_CAR
2006,15,CHI,Lovie Smith,2006_15_TB_CHI
2006,15,CIN,Marvin Lewis,2006_15_CIN_IND
2006,15,CLE,Romeo Crennel,2006_15_CLE_BAL
2006,15,DAL,Bill Parcells,2006_15_DAL_ATL
2006,15,DEN,Mike Shanahan,2006_15_DEN_ARI
2006,15,DET,Rod Marinelli,2006_15_DET_GB
2006,15,GB,Mike McCarthy,2006_15_DET_GB
2006,15,HOU,Gary Kubiak,2006_15_HOU_NE
2006,15,IND,Tony Dungy,2006_15_CIN_IND
2006,15,JAX,Jack Del Rio,2006_15_JAX_TEN
2006,15,KC,Herm Edwards,2006_15_KC_SD
2006,15,LA,Scott Linehan,2006_15_STL_OAK
2006,15,LAC,Marty Schottenheimer,2006_15_KC_SD
2006,15,LV,Art Shell,2006_15_STL_OAK
2006,15,MIA,Nick Saban,2006_15_MIA_BUF
2006,15,MIN,Brad Childress,2006_15_NYJ_MIN
2006,15,NE,Bill Belichick,2006_15_HOU_NE
2006,15,NO,Sean Payton,2006_15_WAS_NO
2006,15,NYG,Tom Coughlin,2006_15_PHI_NYG
2006,15,NYJ,Eric Mangini,2006_15_NYJ_MIN
2006,15,PHI,Andy Reid,2006_15_PHI_NYG
2006,15,PIT,Bill Cowher,2006_15_PIT_CAR
2006,15,SEA,Mike Holmgren,2006_15_SF_SEA
2006,15,SF,Mike Nolan,2006_15_SF_SEA
2006,15,TB,Jon Gruden,2006_15_TB_CHI
2006,15,TEN,Jeff Fisher,2006_15_JAX_TEN
2006,15,WAS,Joe Gibbs,2006_15_WAS_NO
2006,16,ARI,Dennis Green,2006_16_ARI_SF
2006,16,ATL,Jim Mora,2006_16_CAR_ATL
2006,16,BAL,Brian Billick,2006_16_BAL_PIT
2006,16,BUF,Dick Jauron,2006_16_TEN_BUF
2006,16,CAR,John Fox,2006_16_CAR_ATL
2006,16,CHI,Lovie Smith,2006_16_CHI_DET
2006,16,CIN,Marvin Lewis,2006_16_CIN_DEN
2006,16,CLE,Romeo Crennel,2006_16_TB_CLE
2006,16,DAL,Bill Parcells,2006_16_PHI_DAL
2006,16,DEN,Mike Shanahan,2006_16_CIN_DEN
2006,16,DET,Rod Marinelli,2006_16_CHI_DET
2006,16,GB,Mike McCarthy,2006_16_MIN_GB
2006,16,HOU,Gary Kubiak,2006_16_IND_HOU
2006,16,IND,Tony Dungy,2006_16_IND_HOU
2006,16,JAX,Jack Del Rio,2006_16_NE_JAX
2006,16,KC,Herm Edwards,2006_16_KC_OAK
2006,16,LA,Scott Linehan,2006_16_WAS_STL
2006,16,LAC,Marty Schottenheimer,2006_16_SD_SEA
2006,16,LV,Art Shell,2006_16_KC_OAK
2006,16,MIA,Nick Saban,2006_16_NYJ_MIA
2006,16,MIN,Brad Childress,2006_16_MIN_GB
2006,16,NE,Bill Belichick,2006_16_NE_JAX
2006,16,NO,Sean Payton,2006_16_NO_NYG
2006,16,NYG,Tom Coughlin,2006_16_NO_NYG
2006,16,NYJ,Eric Mangini,2006_16_NYJ_MIA
2006,16,PHI,Andy Reid,2006_16_PHI_DAL
2006,16,PIT,Bill Cowher,2006_16_BAL_PIT
2006,16,SEA,Mike Holmgren,2006_16_SD_SEA
2006,16,SF,Mike Nolan,2006_16_ARI_SF
2006,16,TB,Jon Gruden,2006_16_TB_CLE
2006,16,TEN,Jeff Fisher,2006_16_TEN_BUF
2006,16,WAS,Joe Gibbs,2006_16_WAS_STL
2006,17,ARI,Dennis Green,2006_17_ARI_SD
2006,17,ATL,Jim Mora,2006_17_ATL_PHI
2006,17,BAL,Brian Billick,2006_17_BUF_BAL
2006,17,BUF,Dick Jauron,2006_17_BUF_BAL
2006,17,CAR,John Fox,2006_17_CAR_NO
2006,17,CHI,Lovie Smith,2006_17_GB_CHI
2006,17,CIN,Marvin Lewis,2006_17_PIT_CIN
2006,17,CLE,Romeo Crennel,2006_17_CLE_HOU
2006,17,DAL,Bill Parcells,2006_17_DET_DAL
2006,17,DEN,Mike Shanahan,2006_17_SF_DEN
2006,17,DET,Rod Marinelli,2006_17_DET_DAL
2006,17,GB,Mike McCarthy,2006_17_GB_CHI
2006,17,HOU,Gary Kubiak,2006_17_CLE_HOU
2006,17,IND,Tony Dungy,2006_17_MIA_IND
2006,17,JAX,Jack Del Rio,2006_17_JAX_KC
2006,17,KC,Herm Edwards,2006_17_JAX_KC
2006,17,LA,Scott Linehan,2006_17_STL_MIN
2006,17,LAC,Marty Schottenheimer,2006_17_ARI_SD
2006,17,LV,Art Shell,2006_17_OAK_NYJ
2006,17,MIA,Nick Saban,2006_17_MIA_IND
2006,17,MIN,Brad Childress,2006_17_STL_MIN
2006,17,NE,Bill Belichick,2006_17_NE_TEN
2006,17,NO,Sean Payton,2006_17_CAR_NO
2006,17,NYG,Tom Coughlin,2006_17_NYG_WAS
2006,17,NYJ,Eric Mangini,2006_17_OAK_NYJ
2006,17,PHI,Andy Reid,2006_17_ATL_PHI
2006,17,PIT,Bill Cowher,2006_17_PIT_CIN
2006,17,SEA,Mike Holmgren,2006_17_SEA_TB
2006,17,SF,Mike Nolan,2006_17_SF_DEN
2006,17,TB,Jon Gruden,2006_17_SEA_TB
2006,17,TEN,Jeff Fisher,2006_17_NE_TEN
2006,17,WAS,Joe Gibbs,2006_17_NYG_WAS
2007,1,ARI,Ken Whisenhunt,2007_01_ARI_SF
2007,1,ATL,Bobby Petrino,2007_01_ATL_MIN
2007,1,BAL,Brian Billick,2007_01_BAL_CIN
2007,1,BUF,Dick Jauron,2007_01_DEN_BUF
2007,1,CAR,John Fox,2007_01_CAR_STL
2007,1,CHI,Lovie Smith,2007_01_CHI_SD
2007,1,CIN,Marvin Lewis,2007_01_BAL_CIN
2007,1,CLE,Romeo Crennel,2007_01_PIT_CLE
2007,1,DAL,Wade Phillips,2007_01_NYG_DAL
2007,1,DEN,Mike Shanahan,2007_01_DEN_BUF
2007,1,DET,Rod Marinelli,2007_01_DET_OAK
2007,1,GB,Mike McCarthy,2007_01_PHI_GB
2007,1,HOU,Gary Kubiak,2007_01_KC_HOU
2007,1,IND,Tony Dungy,2007_01_NO_IND
2007,1,JAX,Jack Del Rio,2007_01_TEN_JAX
2007,1,KC,Herm Edwards,2007_01_KC_HOU
2007,1,LA,Scott Linehan,2007_01_CAR_STL
2007,1,LAC,Norv Turner,2007_01_CHI_SD
2007,1,LV,Lane Kiffin,2007_01_DET_OAK
2007,1,MIA,Cam Cameron,2007_01_MIA_WAS
2007,1,MIN,Brad Childress,2007_01_ATL_MIN
2007,1,NE,Bill Belichick,2007_01_NE_NYJ
2007,1,NO,Sean Payton,2007_01_NO_IND
2007,1,NYG,Tom Coughlin,2007_01_NYG_DAL
2007,1,NYJ,Eric Mangini,2007_01_NE_NYJ
2007,1,PHI,Andy Reid,2007_01_PHI_GB
2007,1,PIT,Mike Tomlin,2007_01_PIT_CLE
2007,1,SEA,Mike Holmgren,2007_01_TB_SEA
2007,1,SF,Mike Nolan,2007_01_ARI_SF
2007,1,TB,Jon Gruden,2007_01_TB_SEA
2007,1,TEN,Jeff Fisher,2007_01_TEN_JAX
2007,1,WAS,Joe Gibbs,2007_01_MIA_WAS
2007,2,ARI,Ken Whisenhunt,2007_02_SEA_ARI
2007,2,ATL,Bobby Petrino,2007_02_ATL_JAX
2007,2,BAL,Brian Billick,2007_02_NYJ_BAL
2007,2,BUF,Dick Jauron,2007_02_BUF_PIT
2007,2,CAR,John Fox,2007_02_HOU_CAR
2007,2,CHI,Lovie Smith,2007_02_KC_CHI
2007,2,CIN,Marvin Lewis,2007_02_CIN_CLE
2007,2,CLE,Romeo Crennel,2007_02_CIN_CLE
2007,2,DAL,Wade Phillips,2007_02_DAL_MIA
2007,2,DEN,Mike Shanahan,2007_02_OAK_DEN
2007,2,DET,Rod Marinelli,2007_02_MIN_DET
2007,2,GB,Mike McCarthy,2007_02_GB_NYG
2007,2,HOU,Gary Kubiak,2007_02_HOU_CAR
2007,2,IND,Tony Dungy,2007_02_IND_TEN
2007,2,JAX,Jack Del Rio,2007_02_ATL_JAX
2007,2,KC,Herm Edwards,2007_02_KC_CHI
2007,2,LA,Scott Linehan,2007_02_SF_STL
2007,2,LAC,Norv Turner,2007_02_SD_NE
2007,2,LV,Lane Kiffin,2007_02_OAK_DEN
2007,2,MIA,Cam Cameron,2007_02_DAL_MIA
2007,2,MIN,Brad Childress,2007_02_MIN_DET
2007,2,NE,Bill Belichick,2007_02_SD_NE
2007,2,NO,Sean Payton,2007_02_NO_TB
2007,2,NYG,Tom Coughlin,2007_02_GB_NYG
2007,2,NYJ,Eric Mangini,2007_02_NYJ_BAL
2007,2,PHI,Andy Reid,2007_02_WAS_PHI
2007,2,PIT,Mike Tomlin,2007_02_BUF_PIT
2007,2,SEA,Mike Holmgren,2007_02_SEA_ARI
2007,2,SF,Mike Nolan,2007_02_SF_STL
2007,2,TB,Jon Gruden,2007_02_NO_TB
2007,2,TEN,Jeff Fisher,2007_02_IND_TEN
2007,2,WAS,Joe Gibbs,2007_02_WAS_PHI
2007,3,ARI,Ken Whisenhunt,2007_03_ARI_BAL
2007,3,ATL,Bobby Petrino,2007_03_CAR_ATL
2007,3,BAL,Brian Billick,2007_03_ARI_BAL
2007,3,BUF,Dick Jauron,2007_03_BUF_NE
2007,3,CAR,John Fox,2007_03_CAR_ATL
2007,3,CHI,Lovie Smith,2007_03_DAL_CHI
2007,3,CIN,Marvin Lewis,2007_03_CIN_SEA
2007,3,CLE,Romeo Crennel,2007_03_CLE_OAK
2007,3,DAL,Wade Phillips,2007_03_DAL_CHI
2007,3,DEN,Mike Shanahan,2007_03_JAX_DEN
2007,3,DET,Rod Marinelli,2007_03_DET_PHI
2007,3,GB,Mike McCarthy,2007_03_SD_GB
2007,3,HOU,Gary Kubiak,2007_03_IND_HOU
2007,3,IND,Tony Dungy,2007_03_IND_HOU
2007,3,JAX,Jack Del Rio,2007_03_JAX_DEN
2007,3,KC,Herm Edwards,2007_03_MIN_KC
2007,3,LA,Scott Linehan,2007_03_STL_TB
2007,3,LAC,Norv Turner,2007_03_SD_GB
2007,3,LV,Lane Kiffin,2007_03_CLE_OAK
2007,3,MIA,Cam Cameron,2007_03_MIA_NYJ
2007,3,MIN,Brad Childress,2007_03_MIN_KC
2007,3,NE,Bill Belichick,2007_03_BUF_NE
2007,3,NO,Sean Payton,2007_03_TEN_NO
2007,3,NYG,Tom Coughlin,2007_03_NYG_WAS
2007,3,NYJ,Eric Mangini,2007_03_MIA_NYJ
2007,3,PHI,Andy Reid,2007_03_DET_PHI
2007,3,PIT,Mike Tomlin,2007_03_SF_PIT
2007,3,SEA,Mike Holmgren,2007_03_CIN_SEA
2007,3,SF,Mike Nolan,2007_03_SF_PIT
2007,3,TB,Jon Gruden,2007_03_STL_TB
2007,3,TEN,Jeff Fisher,2007_03_TEN_NO
2007,3,WAS,Joe Gibbs,2007_03_NYG_WAS
2007,4,ARI,Ken Whisenhunt,2007_04_PIT_ARI
2007,4,ATL,Bobby Petrino,2007_04_HOU_ATL
2007,4,BAL,Brian Billick,2007_04_BAL_CLE
2007,4,BUF,Dick Jauron,2007_04_NYJ_BUF
2007,4,CAR,John Fox,2007_04_TB_CAR
2007,4,CHI,Lovie Smith,2007_04_CHI_DET
2007,4,CIN,Marvin Lewis,2007_04_NE_CIN
2007,4,CLE,Romeo Crennel,2007_04_BAL_CLE
2007,4,DAL,Wade Phillips,2007_04_STL_DAL
2007,4,DEN,Mike Shanahan,2007_04_DEN_IND
2007,4,DET,Rod Marinelli,2007_04_CHI_DET
2007,4,GB,Mike McCarthy,2007_04_GB_MIN
2007,4,HOU,Gary Kubiak,2007_04_HOU_ATL
2007,4,IND,Tony Dungy,2007_04_DEN_IND
2007,4,KC,Herm Edwards,2007_04_KC_SD
2007,4,LA,Scott Linehan,2007_04_STL_DAL
2007,4,LAC,Norv Turner,2007_04_KC_SD
2007,4,LV,Lane Kiffin,2007_04_OAK_MIA
2007,4,MIA,Cam Cameron,2007_04_OAK_MIA
2007,4,MIN,Brad Childress,2007_04_GB_MIN
2007,4,NE,Bill Belichick,2007_04_NE_CIN
2007,4,NYG,Tom Coughlin,2007_04_PHI_NYG
2007,4,NYJ,Eric Mangini,2007_04_NYJ_BUF
2007,4,PHI,Andy Reid,2007_04_PHI_NYG
2007,4,PIT,Mike Tomlin,2007_04_PIT_ARI
2007,4,SEA,Mike Holmgren,2007_04_SEA_SF
2007,4,SF,Mike Nolan,2007_04_SEA_SF
2007,4,TB,Jon Gruden,2007_04_TB_CAR
2007,5,ARI,Ken Whisenhunt,2007_05_ARI_STL
2007,5,ATL,Bobby Petrino,2007_05_ATL_TEN
2007,5,BAL,Brian Billick,2007_05_BAL_SF
2007,5,BUF,Dick Jauron,2007_05_DAL_BUF
2007,5,CAR,John Fox,2007_05_CAR_NO
2007,5,CHI,Lovie Smith,2007_05_CHI_GB
2007,5,CLE,Romeo Crennel,2007_05_CLE_NE
2007,5,DAL,Wade Phillips,2007_05_DAL_BUF
2007,5,DEN,Mike Shanahan,2007_05_SD_DEN
2007,5,DET,Rod Marinelli,2007_05_DET_WAS
2007,5,GB,Mike McCarthy,2007_05_CHI_GB
2007,5,HOU,Gary Kubiak,2007_05_MIA_HOU
2007,5,IND,Tony Dungy,2007_05_TB_IND
2007,5,JAX,Jack Del Rio,2007_05_JAX_KC
2007,5,KC,Herm Edwards,2007_05_JAX_KC
2007,5,LA,Scott Linehan,2007_05_ARI_STL
2007,5,LAC,Norv Turner,2007_05_SD_DEN
2007,5,MIA,Cam Cameron,2007_05_MIA_HOU
2007,5,NE,Bill Belichick,2007_05_CLE_NE
2007,5,NO,Sean Payton,2007_05_CAR_NO
2007,5,NYG,Tom Coughlin,2007_05_NYJ_NYG
2007,5,NYJ,Eric Mangini,2007_05_NYJ_NYG
2007,5,PIT,Mike Tomlin,2007_05_SEA_PIT
2007,5,SEA,Mike Holmgren,2007_05_SEA_PIT
2007,5,SF,Mike Nolan,2007_05_BAL_SF
2007,5,TB,Jon Gruden,2007_05_TB_IND
2007,5,TEN,Jeff Fisher,2007_05_ATL_TEN
2007,5,WAS,Joe Gibbs,2007_05_DET_WAS
2007,6,ARI,Ken Whisenhunt,2007_06_CAR_ARI
2007,6,ATL,Bobby Petrino,2007_06_NYG_ATL
2007,6,BAL,Brian Billick,2007_06_STL_BAL
2007,6,CAR,John Fox,2007_06_CAR_ARI
2007,6,CHI,Lovie Smith,2007_06_MIN_CHI
2007,6,CIN,Marvin Lewis,2007_06_CIN_KC
2007,6,CLE,Romeo Crennel,2007_06_MIA_CLE
2007,6,DAL,Wade Phillips,2007_06_NE_DAL
2007,6,GB,Mike McCarthy,2007_06_WAS_GB
2007,6,HOU,Gary Kubiak,2007_06_HOU_JAX
2007,6,JAX,Jack Del Rio,2007_06_HOU_JAX
2007,6,KC,Herm Edwards,2007_06_CIN_KC
2007,6,LA,Scott Linehan,2007_06_STL_BAL
2007,6,LAC,Norv Turner,2007_06_OAK_SD
2007,6,LV,Lane Kiffin,2007_06_OAK_SD
2007,6,MIA,Cam Cameron,2007_06_MIA_CLE
2007,6,MIN,Brad Childress,2007_06_MIN_CHI
2007,6,NE,Bill Belichick,2007_06_NE_DAL
2007,6,NO,Sean Payton,2007_06_NO_SEA
2007,6,NYG,Tom Coughlin,2007_06_NYG_ATL
2007,6,NYJ,Eric Mangini,2007_06_PHI_NYJ
2007,6,PHI,Andy Reid,2007_06_PHI_NYJ
2007,6,SEA,Mike Holmgren,2007_06_NO_SEA
2007,6,TB,Jon Gruden,2007_06_TEN_TB
2007,6,TEN,Jeff Fisher,2007_06_TEN_TB
2007,6,WAS,Joe Gibbs,2007_06_WAS_GB
2007,7,ARI,Ken Whisenhunt,2007_07_ARI_WAS
2007,7,ATL,Bobby Petrino,2007_07_ATL_NO
2007,7,BAL,Brian Billick,2007_07_BAL_BUF
2007,7,BUF,Dick Jauron,2007_07_BAL_BUF
2007,7,CHI,Lovie Smith,2007_07_CHI_PHI
2007,7,CIN,Marvin Lewis,2007_07_NYJ_CIN
2007,7,DAL,Wade Phillips,2007_07_MIN_DAL
2007,7,DEN,Mike Shanahan,2007_07_PIT_DEN
2007,7,DET,Rod Marinelli,2007_07_TB_DET
2007,7,HOU,Gary Kubiak,2007_07_TEN_HOU
2007,7,IND,Tony Dungy,2007_07_IND_JAX
2007,7,JAX,Jack Del Rio,2007_07_IND_JAX
2007,7,KC,Herm Edwards,2007_07_KC_OAK
2007,7,LA,Scott Linehan,2007_07_STL_SEA
2007,7,LV,Lane Kiffin,2007_07_KC_OAK
2007,7,MIA,Cam Cameron,2007_07_NE_MIA
2007,7,MIN,Brad Childress,2007_07_MIN_DAL
2007,7,NE,Bill Belichick,2007_07_NE_MIA
2007,7,NO,Sean Payton,2007_07_ATL_NO
2007,7,NYG,Tom Coughlin,2007_07_SF_NYG
2007,7,NYJ,Eric Mangini,2007_07_NYJ_CIN
2007,7,PHI,Andy Reid,2007_07_CHI_PHI
2007,7,PIT,Mike Tomlin,2007_07_PIT_DEN
2007,7,SEA,Mike Holmgren,2007_07_STL_SEA
2007,7,SF,Mike Nolan,2007_07_SF_NYG
2007,7,TB,Jon Gruden,2007_07_TB_DET
2007,7,TEN,Jeff Fisher,2007_07_TEN_HOU
2007,7,WAS,Joe Gibbs,2007_07_ARI_WAS
2007,8,BUF,Dick Jauron,2007_08_BUF_NYJ
2007,8,CAR,John Fox,2007_08_IND_CAR
2007,8,CHI,Lovie Smith,2007_08_DET_CHI
2007,8,CIN,Marvin Lewis,2007_08_PIT_CIN
2007,8,CLE,Romeo Crennel,2007_08_CLE_STL
2007,8,DEN,Mike Shanahan,2007_08_GB_DEN
2007,8,DET,Rod Marinelli,2007_08_DET_CHI
2007,8,GB,Mike McCarthy,2007_08_GB_DEN
2007,8,HOU,Gary Kubiak,2007_08_HOU_SD
2007,8,IND,Tony Dungy,2007_08_IND_CAR
2007,8,JAX,Jack Del Rio,2007_08_JAX_TB
2007,8,LA,Scott Linehan,2007_08_CLE_STL
2007,8,LAC,Norv Turner,2007_08_HOU_SD
2007,8,LV,Lane Kiffin,2007_08_OAK_TEN
2007,8,MIA,Cam Cameron,2007_08_NYG_MIA
2007,8,MIN,Brad Childress,2007_08_PHI_MIN
2007,8,NE,Bill Belichick,2007_08_WAS_NE
2007,8,NO,Sean Payton,2007_08_NO_SF
2007,8,NYG,Tom Coughlin,2007_08_NYG_MIA
2007,8,NYJ,Eric Mangini,2007_08_BUF_NYJ
2007,8,PHI,Andy Reid,2007_08_PHI_MIN
2007,8,PIT,Mike Tomlin,2007_08_PIT_CIN
2007,8,SF,Mike Nolan,2007_08_NO_SF
2007,8,TB,Jon Gruden,2007_08_JAX_TB
2007,8,TEN,Jeff Fisher,2007_08_OAK_TEN
2007,8,WAS,Joe Gibbs,2007_08_WAS_NE
2007,9,ARI,Ken Whisenhunt,2007_09_ARI_TB
2007,9,ATL,Bobby Petrino,2007_09_SF_ATL
2007,9,BAL,Brian Billick,2007_09_BAL_PIT
2007,9,BUF,Dick Jauron,2007_09_CIN_BUF
2007,9,CAR,John Fox,2007_09_CAR_TEN
2007,9,CIN,Marvin Lewis,2007_09_CIN_BUF
2007,9,CLE,Romeo Crennel,2007_09_SEA_CLE
2007,9,DAL,Wade Phillips,2007_09_DAL_PHI
2007,9,DEN,Mike Shanahan,2007_09_DEN_DET
2007,9,DET,Rod Marinelli,2007_09_DEN_DET
2007,9,GB,Mike McCarthy,2007_09_GB_KC
2007,9,HOU,Gary Kubiak,2007_09_HOU_OAK
2007,9,IND,Tony Dungy,2007_09_NE_IND
2007,9,JAX,Jack Del Rio,2007_09_JAX_NO
2007,9,KC,Herm Edwards,2007_09_GB_KC
2007,9,LAC,Norv Turner,2007_09_SD_MIN
2007,9,LV,Lane Kiffin,2007_09_HOU_OAK
2007,9,MIN,Brad Childress,2007_09_SD_MIN
2007,9,NE,Bill Belichick,2007_09_NE_IND
2007,9,NO,Sean Payton,2007_09_JAX_NO
2007,9,NYJ,Eric Mangini,2007_09_WAS_NYJ
2007,9,PHI,Andy Reid,2007_09_DAL_PHI
2007,9,PIT,Mike Tomlin,2007_09_BAL_PIT
2007,9,SEA,Mike Holmgren,2007_09_SEA_CLE
2007,9,SF,Mike Nolan,2007_09_SF_ATL
2007,9,TB,Jon Gruden,2007_09_ARI_TB
2007,9,TEN,Jeff Fisher,2007_09_CAR_TEN
2007,9,WAS,Joe Gibbs,2007_09_WAS_NYJ
2007,10,ARI,Ken Whisenhunt,2007_10_DET_ARI
2007,10,ATL,Bobby Petrino,2007_10_ATL_CAR
2007,10,BAL,Brian Billick,2007_10_CIN_BAL
2007,10,BUF,Dick Jauron,2007_10_BUF_MIA
2007,10,CAR,John Fox,2007_10_ATL_CAR
2007,10,CHI,Lovie Smith,2007_10_CHI_OAK
2007,10,CIN,Marvin Lewis,2007_10_CIN_BAL
2007,10,CLE,Romeo Crennel,2007_10_CLE_PIT
2007,10,DAL,Wade Phillips,2007_10_DAL_NYG
2007,10,DEN,Mike Shanahan,2007_10_DEN_KC
2007,10,DET,Rod Marinelli,2007_10_DET_ARI
2007,10,GB,Mike McCarthy,2007_10_MIN_GB
2007,10,IND,Tony Dungy,2007_10_IND_SD
2007,10,JAX,Jack Del Rio,2007_10_JAX_TEN
2007,10,KC,Herm Edwards,2007_10_DEN_KC
2007,10,LA,Scott Linehan,2007_10_STL_NO
2007,10,LAC,Norv Turner,2007_10_IND_SD
2007,10,LV,Lane Kiffin,2007_10_CHI_OAK
2007,10,MIA,Cam Cameron,2007_10_BUF_MIA
2007,10,MIN,Brad Childress,2007_10_MIN_GB
2007,10,NO,Sean Payton,2007_10_STL_NO
2007,10,NYG,Tom Coughlin,2007_10_DAL_NYG
2007,10,PHI,Andy Reid,2007_10_PHI_WAS
2007,10,PIT,Mike Tomlin,2007_10_CLE_PIT
2007,10,SEA,Mike Holmgren,2007_10_SF_SEA
2007,10,SF,Mike Nolan,2007_10_SF_SEA
2007,10,TEN,Jeff Fisher,2007_10_JAX_TEN
2007,10,WAS,Joe Gibbs,2007_10_PHI_WAS
2007,11,ARI,Ken Whisenhunt,2007_11_ARI_CIN
2007,11,ATL,Bobby Petrino,2007_11_TB_ATL
2007,11,BAL,Brian Billick,2007_11_CLE_BAL
2007,11,BUF,Dick Jauron,2007_11_NE_BUF
2007,11,CAR,John Fox,2007_11_CAR_GB
2007,11,CHI,Lovie Smith,2007_11_CHI_SEA
2007,11,CIN,Marvin Lewis,2007_11_ARI_CIN
2007,11,CLE,Romeo Crennel,2007_11_CLE_BAL
2007,11,DAL,Wade Phillips,2007_11_WAS_DAL
2007,11,DEN,Mike Shanahan,2007_11_TEN_DEN
2007,11,DET,Rod Marinelli,2007_11_NYG_DET
2007,11,GB,Mike McCarthy,2007_11_CAR_GB
2007,11,HOU,Gary Kubiak,2007_11_NO_HOU
2007,11,IND,Tony Dungy,2007_11_KC_IND
2007,11,JAX,Jack Del Rio,2007_11_SD_JAX
2007,11,KC,Herm Edwards,2007_11_KC_IND
2007,11,LA,Scott Linehan,2007_11_STL_SF
2007,11,LAC,Norv Turner,2007_11_SD_JAX
2007,11,LV,Lane Kiffin,2007_11_OAK_MIN
2007,11,MIA,Cam Cameron,2007_11_MIA_PHI
2007,11,MIN,Brad Childress,2007_11_OAK_MIN
2007,11,NE,Bill Belichick,2007_11_NE_BUF
2007,11,NO,Sean Payton,2007_11_NO_HOU
2007,11,NYG,Tom Coughlin,2007_11_NYG_DET
2007,11,NYJ,Eric Mangini,2007_11_PIT_NYJ
2007,11,PHI,Andy Reid,2007_11_MIA_PHI
2007,11,PIT,Mike Tomlin,2007_11_PIT_NYJ
2007,11,SEA,Mike Holmgren,2007_11_CHI_SEA
2007,11,SF,Mike Nolan,2007_11_STL_SF
2007,11,TB,Jon Gruden,2007_11_TB_ATL
2007,11,TEN,Jeff Fisher,2007_11_TEN_DEN
2007,11,WAS,Joe Gibbs,2007_11_WAS_DAL
2007,12,ARI,Ken Whisenhunt,2007_12_SF_ARI
2007,12,ATL,Bobby Petrino,2007_12_IND_ATL
2007,12,BAL,Brian Billick,2007_12_BAL_SD
2007,12,BUF,Dick Jauron,2007_12_BUF_JAX
2007,12,CAR,John Fox,2007_12_NO_CAR
2007,12,CHI,Lovie Smith,2007_12_DEN_CHI
2007,12,CIN,Marvin Lewis,2007_12_TEN_CIN
2007,12,CLE,Romeo Crennel,2007_12_HOU_CLE
2007,12,DAL,Wade Phillips,2007_12_NYJ_DAL
2007,12,DEN,Mike Shanahan,2007_12_DEN_CHI
2007,12,DET,Rod Marinelli,2007_12_GB_DET
2007,12,GB,Mike McCarthy,2007_12_GB_DET
2007,12,HOU,Gary Kubiak,2007_12_HOU_CLE
2007,12,IND,Tony Dungy,2007_12_IND_ATL
2007,12,JAX,Jack Del Rio,2007_12_BUF_JAX
2007,12,KC,Herm Edwards,2007_12_OAK_KC
2007,12,LA,Scott Linehan,2007_12_SEA_STL
2007,12,LAC,Norv Turner,2007_12_BAL_SD
2007,12,LV,Lane Kiffin,2007_12_OAK_KC
2007,12,MIA,Cam Cameron,2007_12_MIA_PIT
2007,12,MIN,Brad Childress,2007_12_MIN_NYG
2007,12,NE,Bill Belichick,2007_12_PHI_NE
2007,12,NO,Sean Payton,2007_12_NO_CAR
2007,12,NYG,Tom Coughlin,2007_12_MIN_NYG
2007,12,NYJ,Eric Mangini,2007_12_NYJ_DAL
2007,12,PHI,Andy Reid,2007_12_PHI_NE
2007,12,PIT,Mike Tomlin,2007_12_MIA_PIT
2007,12,SEA,Mike Holmgren,2007_12_SEA_STL
2007,12,SF,Mike Nolan,2007_12_SF_ARI
2007,12,TB,Jon Gruden,2007_12_WAS_TB
2007,12,TEN,Jeff Fisher,2007_12_TEN_CIN
2007,12,WAS,Joe Gibbs,2007_12_WAS_TB
2007,13,ARI,Ken Whisenhunt,2007_13_CLE_ARI
2007,13,ATL,Bobby Petrino,2007_13_ATL_STL
2007,13,BAL,Brian Billick,2007_13_NE_BAL
2007,13,BUF,Dick Jauron,2007_13_BUF_WAS
2007,13,CAR,John Fox,2007_13_SF_CAR
2007,13,CHI,Lovie Smith,2007_13_NYG_CHI
2007,13,CIN,Marvin Lewis,2007_13_CIN_PIT
2007,13,CLE,Romeo Crennel,2007_13_CLE_ARI
2007,13,DAL,Wade Phillips,2007_13_GB_DAL
2007,13,DEN,Mike Shanahan,2007_13_DEN_OAK
2007,13,DET,Rod Marinelli,2007_13_DET_MIN
2007,13,GB,Mike McCarthy,2007_13_GB_DAL
2007,13,HOU,Gary Kubiak,2007_13_HOU_TEN
2007,13,IND,Tony Dungy,2007_13_JAX_IND
2007,13,JAX,Jack Del Rio,2007_13_JAX_IND
2007,13,KC,Herm Edwards,2007_13_SD_KC
2007,13,LA,Scott Linehan,2007_13_ATL_STL
2007,13,LAC,Norv Turner,2007_13_SD_KC
2007,13,LV,Lane Kiffin,2007_13_DEN_OAK
2007,13,MIA,Cam Cameron,2007_13_NYJ_MIA
2007,13,MIN,Brad Childress,2007_13_DET_MIN
2007,13,NE,Bill Belichick,2007_13_NE_BAL
2007,13,NO,Sean Payton,2007_13_TB_NO
2007,13,NYG,Tom Coughlin,2007_13_NYG_CHI
2007,13,NYJ,Eric Mangini,2007_13_NYJ_MIA
2007,13,PHI,Andy Reid,2007_13_SEA_PHI
2007,13,PIT,Mike Tomlin,2007_13_CIN_PIT
2007,13,SEA,Mike Holmgren,2007_13_SEA_PHI
2007,13,SF,Mike Nolan,2007_13_SF_CAR
2007,13,TB,Jon Gruden,2007_13_TB_NO
2007,13,TEN,Jeff Fisher,2007_13_HOU_TEN
2007,13,WAS,Joe Gibbs,2007_13_BUF_WAS
2007,14,ARI,Ken Whisenhunt,2007_14_ARI_SEA
2007,14,ATL,Emmitt Thomas,2007_14_NO_ATL
2007,14,BAL,Brian Billick,2007_14_IND_BAL
2007,14,BUF,Dick Jauron,2007_14_MIA_BUF
2007,14,CAR,John Fox,2007_14_CAR_JAX
2007,14,CHI,Lovie Smith,2007_14_CHI_WAS
2007,14,CIN,Marvin Lewis,2007_14_STL_CIN
2007,14,CLE,Romeo Crennel,2007_14_CLE_NYJ
2007,14,DAL,Wade Phillips,2007_14_DAL_DET
2007,14,DEN,Mike Shanahan,2007_14_KC_DEN
2007,14,DET,Rod Marinelli,2007_14_DAL_DET
2007,14,GB,Mike McCarthy,2007_14_OAK_GB
2007,14,HOU,Gary Kubiak,2007_14_TB_HOU
2007,14,IND,Tony Dungy,2007_14_IND_BAL
2007,14,JAX,Jack Del Rio,2007_14_CAR_JAX
2007,14,KC,Herm Edwards,2007_14_KC_DEN
2007,14,LA,Scott Linehan,2007_14_STL_CIN
2007,14,LAC,Norv Turner,2007_14_SD_TEN
2007,14,LV,Lane Kiffin,2007_14_OAK_GB
2007,14,MIA,Cam Cameron,2007_14_MIA_BUF
2007,14,MIN,Brad Childress,2007_14_MIN_SF
2007,14,NE,Bill Belichick,2007_14_PIT_NE
2007,14,NO,Sean Payton,2007_14_NO_ATL
2007,14,NYG,Tom Coughlin,2007_14_NYG_PHI
2007,14,NYJ,Eric Mangini,2007_14_CLE_NYJ
2007,14,PHI,Andy Reid,2007_14_NYG_PHI
2007,14,PIT,Mike Tomlin,2007_14_PIT_NE
2007,14,SEA,Mike Holmgren,2007_14_ARI_SEA
2007,14,SF,Mike Nolan,2007_14_MIN_SF
2007,14,TB,Jon Gruden,2007_14_TB_HOU
2007,14,TEN,Jeff Fisher,2007_14_SD_TEN
2007,14,WAS,Joe Gibbs,2007_14_CHI_WAS
2007,15,ARI,Ken Whisenhunt,2007_15_ARI_NO
2007,15,ATL,Emmitt Thomas,2007_15_ATL_TB
2007,15,BAL,Brian Billick,2007_15_BAL_MIA
2007,15,BUF,Dick Jauron,2007_15_BUF_CLE
2007,15,CAR,John Fox,2007_15_SEA_CAR
2007,15,CHI,Lovie Smith,2007_15_CHI_MIN
2007,15,CIN,Marvin Lewis,2007_15_CIN_SF
2007,15,CLE,Romeo Crennel,2007_15_BUF_CLE
2007,15,DAL,Wade Phillips,2007_15_PHI_DAL
2007,15,DEN,Mike Shanahan,2007_15_DEN_HOU
2007,15,DET,Rod Marinelli,2007_15_DET_SD
2007,15,GB,Mike McCarthy,2007_15_GB_STL
2007,15,HOU,Gary Kubiak,2007_15_DEN_HOU
2007,15,IND,Tony Dungy,2007_15_IND_OAK
2007,15,JAX,Jack Del Rio,2007_15_JAX_PIT
2007,15,KC,Herm Edwards,2007_15_TEN_KC
2007,15,LA,Scott Linehan,2007_15_GB_STL
2007,15,LAC,Norv Turner,2007_15_DET_SD
2007,15,LV,Lane Kiffin,2007_15_IND_OAK
2007,15,MIA,Cam Cameron,2007_15_BAL_MIA
2007,15,MIN,Brad Childress,2007_15_CHI_MIN
2007,15,NE,Bill Belichick,2007_15_NYJ_NE
2007,15,NO,Sean Payton,2007_15_ARI_NO
2007,15,NYG,Tom Coughlin,2007_15_WAS_NYG
2007,15,NYJ,Eric Mangini,2007_15_NYJ_NE
2007,15,PHI,Andy Reid,2007_15_PHI_DAL
2007,15,PIT,Mike Tomlin,2007_15_JAX_PIT
2007,15,SEA,Mike Holmgren,2007_15_SEA_CAR
2007,15,SF,Mike Nolan,2007_15_CIN_SF
2007,15,TB,Jon Gruden,2007_15_ATL_TB
2007,15,TEN,Jeff Fisher,2007_15_TEN_KC
2007,15,WAS,Joe Gibbs,2007_15_WAS_NYG
2007,16,ARI,Ken Whisenhunt,2007_16_ATL_ARI
2007,16,ATL,Emmitt Thomas,2007_16_ATL_ARI
2007,16,BAL,Brian Billick,2007_16_BAL_SEA
2007,16,BUF,Dick Jauron,2007_16_NYG_BUF
2007,16,CAR,John Fox,2007_16_DAL_CAR
2007,16,CHI,Lovie Smith,2007_16_GB_CHI
2007,16,CIN,Marvin Lewis,2007_16_CLE_CIN
2007,16,CLE,Romeo Crennel,2007_16_CLE_CIN
2007,16,DAL,Wade Phillips,2007_16_DAL_CAR
2007,16,DEN,Mike Shanahan,2007_16_DEN_SD
2007,16,DET,Rod Marinelli,2007_16_KC_DET
2007,16,GB,Mike McCarthy,2007_16_GB_CHI
2007,16,HOU,Gary Kubiak,2007_16_HOU_IND
2007,16,IND,Tony Dungy,2007_16_HOU_IND
2007,16,JAX,Jack Del Rio,2007_16_OAK_JAX
2007,16,KC,Herm Edwards,2007_16_KC_DET
2007,16,LA,Scott Linehan,2007_16_PIT_STL
2007,16,LAC,Norv Turner,2007_16_DEN_SD
2007,16,LV,Lane Kiffin,2007_16_OAK_JAX
2007,16,MIA,Cam Cameron,2007_16_MIA_NE
2007,16,MIN,Brad Childress,2007_16_WAS_MIN
2007,16,NE,Bill Belichick,2007_16_MIA_NE
2007,16,NO,Sean Payton,2007_16_PHI_NO
2007,16,NYG,Tom Coughlin,2007_16_NYG_BUF
2007,16,NYJ,Eric Mangini,2007_16_NYJ_TEN
2007,16,PHI,Andy Reid,2007_16_PHI_NO
2007,16,PIT,Mike Tomlin,2007_16_PIT_STL
2007,16,SEA,Mike Holmgren,2007_16_BAL_SEA
2007,16,SF,Mike Nolan,2007_16_TB_SF
2007,16,TB,Jon Gruden,2007_16_TB_SF
2007,16,TEN,Jeff Fisher,2007_16_NYJ_TEN
2007,16,WAS,Joe Gibbs,2007_16_WAS_MIN
2007,17,ARI,Ken Whisenhunt,2007_17_STL_ARI
2007,17,ATL,Emmitt Thomas,2007_17_SEA_ATL
2007,17,BAL,Brian Billick,2007_17_PIT_BAL
2007,17,BUF,Dick Jauron,2007_17_BUF_PHI
2007,17,CAR,John Fox,2007_17_CAR_TB
2007,17,CHI,Lovie Smith,2007_17_NO_CHI
2007,17,CIN,Marvin Lewis,2007_17_CIN_MIA
2007,17,CLE,Romeo Crennel,2007_17_SF_CLE
2007,17,DAL,Wade Phillips,2007_17_DAL_WAS
2007,17,DEN,Mike Shanahan,2007_17_MIN_DEN
2007,17,DET,Rod Marinelli,2007_17_DET_GB
2007,17,GB,Mike McCarthy,2007_17_DET_GB
2007,17,HOU,Gary Kubiak,2007_17_JAX_HOU
2007,17,IND,Tony Dungy,2007_17_TEN_IND
2007,17,JAX,Jack Del Rio,2007_17_JAX_HOU
2007,17,KC,Herm Edwards,2007_17_KC_NYJ
2007,17,LA,Scott Linehan,2007_17_STL_ARI
2007,17,LAC,Norv Turner,2007_17_SD_OAK
2007,17,LV,Lane Kiffin,2007_17_SD_OAK
2007,17,MIA,Cam Cameron,2007_17_CIN_MIA
2007,17,MIN,Brad Childress,2007_17_MIN_DEN
2007,17,NE,Bill Belichick,2007_17_NE_NYG
2007,17,NO,Sean Payton,2007_17_NO_CHI
2007,17,NYG,Tom Coughlin,2007_17_NE_NYG
2007,17,NYJ,Eric Mangini,2007_17_KC_NYJ
2007,17,PHI,Andy Reid,2007_17_BUF_PHI
2007,17,PIT,Mike Tomlin,2007_17_PIT_BAL
2007,17,SEA,Mike Holmgren,2007_17_SEA_ATL
2007,17,SF,Mike Nolan,2007_17_SF_CLE
2007,17,TB,Jon Gruden,2007_17_CAR_TB
2007,17,TEN,Jeff Fisher,2007_17_TEN_IND
2007,17,WAS,Joe Gibbs,2007_17_DAL_WAS
2008,1,ARI,Ken Whisenhunt,2008_01_ARI_SF
2008,1,ATL,Mike Smith,2008_01_DET_ATL
2008,1,BAL,John Harbaugh,2008_01_CIN_BAL
2008,1,BUF,Dick Jauron,2008_01_SEA_BUF
2008,1,CAR,John Fox,2008_01_CAR_SD
2008,1,CHI,Lovie Smith,2008_01_CHI_IND
2008,1,CIN,Marvin Lewis,2008_01_CIN_BAL
2008,1,CLE,Romeo Crennel,2008_01_DAL_CLE
2008,1,DAL,Wade Phillips,2008_01_DAL_CLE
2008,1,DEN,Mike Shanahan,2008_01_DEN_OAK
2008,1,DET,Rod Marinelli,2008_01_DET_ATL
2008,1,GB,Mike McCarthy,2008_01_MIN_GB
2008,1,HOU,Gary Kubiak,2008_01_HOU_PIT
2008,1,IND,Tony Dungy,2008_01_CHI_IND
2008,1,JAX,Jack Del Rio,2008_01_JAX_TEN
2008,1,KC,Herm Edwards,2008_01_KC_NE
2008,1,LA,Scott Linehan,2008_01_STL_PHI
2008,1,LAC,Norv Turner,2008_01_CAR_SD
2008,1,LV,Lane Kiffin,2008_01_DEN_OAK
2008,1,MIA,Tony Sparano,2008_01_NYJ_MIA
2008,1,MIN,Brad Childress,2008_01_MIN_GB
2008,1,NE,Bill Belichick,2008_01_KC_NE
2008,1,NO,Sean Payton,2008_01_TB_NO
2008,1,NYG,Tom Coughlin,2008_01_WAS_NYG
2008,1,NYJ,Eric Mangini,2008_01_NYJ_MIA
2008,1,PHI,Andy Reid,2008_01_STL_PHI
2008,1,PIT,Mike Tomlin,2008_01_HOU_PIT
2008,1,SEA,Mike Holmgren,2008_01_SEA_BUF
2008,1,SF,Mike Nolan,2008_01_ARI_SF
2008,1,TB,Jon Gruden,2008_01_TB_NO
2008,1,TEN,Jeff Fisher,2008_01_JAX_TEN
2008,1,WAS,Jim Zorn,2008_01_WAS_NYG
2008,2,ARI,Ken Whisenhunt,2008_02_MIA_ARI
2008,2,ATL,Mike Smith,2008_02_ATL_TB
2008,2,BUF,Dick Jauron,2008_02_BUF_JAX
2008,2,CAR,John Fox,2008_02_CHI_CAR
2008,2,CHI,Lovie Smith,2008_02_CHI_CAR
2008,2,CIN,Marvin Lewis,2008_02_TEN_CIN
2008,2,CLE,Romeo Crennel,2008_02_PIT_CLE
2008,2,DAL,Wade Phillips,2008_02_PHI_DAL
2008,2,DEN,Mike Shanahan,2008_02_SD_DEN
2008,2,DET,Rod Marinelli,2008_02_GB_DET
2008,2,GB,Mike McCarthy,2008_02_GB_DET
2008,2,IND,Tony Dungy,2008_02_IND_MIN
2008,2,JAX,Jack Del Rio,2008_02_BUF_JAX
2008,2,KC,Herm Edwards,2008_02_OAK_KC
2008,2,LA,Scott Linehan,2008_02_NYG_STL
2008,2,LAC,Norv Turner,2008_02_SD_DEN
2008,2,LV,Lane Kiffin,2008_02_OAK_KC
2008,2,MIA,Tony Sparano,2008_02_MIA_ARI
2008,2,MIN,Brad Childress,2008_02_IND_MIN
2008,2,NE,Bill Belichick,2008_02_NE_NYJ
2008,2,NO,Sean Payton,2008_02_NO_WAS
2008,2,NYG,Tom Coughlin,2008_02_NYG_STL
2008,2,NYJ,Eric Mangini,2008_02_NE_NYJ
2008,2,PHI,Andy Reid,2008_02_PHI_DAL
2008,2,PIT,Mike Tomlin,2008_02_PIT_CLE
2008,2,SEA,Mike Holmgren,2008_02_SF_SEA
2008,2,SF,Mike Nolan,2008_02_SF_SEA
2008,2,TB,Jon Gruden,2008_02_ATL_TB
2008,2,TEN,Jeff Fisher,2008_02_TEN_CIN
2008,2,WAS,Jim Zorn,2008_02_NO_WAS
2008,3,ARI,Ken Whisenhunt,2008_03_ARI_WAS
2008,3,ATL,Mike Smith,2008_03_KC_ATL
2008,3,BAL,John Harbaugh,2008_03_CLE_BAL
2008,3,BUF,Dick Jauron,2008_03_OAK_BUF
2008,3,CAR,John Fox,2008_03_CAR_MIN
2008,3,CHI,Lovie Smith,2008_03_TB_CHI
2008,3,CIN,Marvin Lewis,2008_03_CIN_NYG
2008,3,CLE,Romeo Crennel,2008_03_CLE_BAL
2008,3,DAL,Wade Phillips,2008_03_DAL_GB
2008,3,DEN,Mike Shanahan,2008_03_NO_DEN
2008,3,DET,Rod Marinelli,2008_03_DET_SF
2008,3,GB,Mike McCarthy,2008_03_DAL_GB
2008,3,HOU,Gary Kubiak,2008_03_HOU_TEN
2008,3,IND,Tony Dungy,2008_03_JAX_IND
2008,3,JAX,Jack Del Rio,2008_03_JAX_IND
2008,3,KC,Herm Edwards,2008_03_KC_ATL
2008,3,LA,Scott Linehan,2008_03_STL_SEA
2008,3,LAC,Norv Turner,2008_03_NYJ_SD
2008,3,LV,Lane Kiffin,2008_03_OAK_BUF
2008,3,MIA,Tony Sparano,2008_03_MIA_NE
2008,3,MIN,Brad Childress,2008_03_CAR_MIN
2008,3,NE,Bill Belichick,2008_03_MIA_NE
2008,3,NO,Sean Payton,2008_03_NO_DEN
2008,3,NYG,Tom Coughlin,2008_03_CIN_NYG
2008,3,NYJ,Eric Mangini,2008_03_NYJ_SD
2008,3,PHI,Andy Reid,2008_03_PIT_PHI
2008,3,PIT,Mike Tomlin,2008_03_PIT_PHI
2008,3,SEA,Mike Holmgren,2008_03_STL_SEA
2008,3,SF,Mike Nolan,2008_03_DET_SF
2008,3,TB,Jon Gruden,2008_03_TB_CHI
2008,3,TEN,Jeff Fisher,2008_03_HOU_TEN
2008,3,WAS,Jim Zorn,2008_03_ARI_WAS
2008,4,ARI,Ken Whisenhunt,2008_04_ARI_NYJ
2008,4,ATL,Mike Smith,2008_04_ATL_CAR
2008,4,BAL,John Harbaugh,2008_04_BAL_PIT
2008,4,BUF,Dick Jauron,2008_04_BUF_STL
2008,4,CAR,John Fox,2008_04_ATL_CAR
2008,4,CHI,Lovie Smith,2008_04_PHI_CHI
2008,4,CIN,Marvin Lewis,2008_04_CLE_CIN
2008,4,CLE,Romeo Crennel,2008_04_CLE_CIN
2008,4,DAL,Wade Phillips,2008_04_WAS_DAL
2008,4,DEN,Mike Shanahan,2008_04_DEN_KC
2008,4,GB,Mike McCarthy,2008_04_GB_TB
2008,4,HOU,Gary Kubiak,2008_04_HOU_JAX
2008,4,JAX,Jack Del Rio,2008_04_HOU_JAX
2008,4,KC,Herm Edwards,2008_04_DEN_KC
2008,4,LA,Scott Linehan,2008_04_BUF_STL
2008,4,LAC,Norv Turner,2008_04_SD_OAK
2008,4,LV,Lane Kiffin,2008_04_SD_OAK
2008,4,MIN,Brad Childress,2008_04_MIN_TEN
2008,4,NO,Sean Payton,2008_04_SF_NO
2008,4,NYJ,Eric Mangini,2008_04_ARI_NYJ
2008,4,PHI,Andy Reid,2008_04_PHI_CHI
2008,4,PIT,Mike Tomlin,2008_04_BAL_PIT
2008,4,SF,Mike Nolan,2008_04_SF_NO
2008,4,TB,Jon Gruden,2008_04_GB_TB
2008,4,TEN,Jeff Fisher,2008_04_MIN_TEN
2008,4,WAS,Jim Zorn,2008_04_WAS_DAL
2008,5,ARI,Ken Whisenhunt,2008_05_BUF_ARI
2008,5,ATL,Mike Smith,2008_05_ATL_GB
2008,5,BAL,John Harbaugh,2008_05_TEN_BAL
2008,5,BUF,Dick Jauron,2008_05_BUF_ARI
2008,5,CAR,John Fox,2008_05_KC_CAR
2008,5,CHI,Lovie Smith,2008_05_CHI_DET
2008,5,CIN,Marvin Lewis,2008_05_CIN_DAL
2008,5,DAL,Wade Phillips,2008_05_CIN_DAL
2008,5,DEN,Mike Shanahan,2008_05_TB_DEN
2008,5,DET,Rod Marinelli,2008_05_CHI_DET
2008,5,GB,Mike McCarthy,2008_05_ATL_GB
2008,5,HOU,Gary Kubiak,2008_05_IND_HOU
2008,5,IND,Tony Dungy,2008_05_IND_HOU
2008,5,JAX,Jack Del Rio,2008_05_PIT_JAX
2008,5,KC,Herm Edwards,2008_05_KC_CAR
2008,5,LAC,Norv Turner,2008_05_SD_MIA
2008,5,MIA,Tony Sparano,2008_05_SD_MIA
2008,5,MIN,Brad Childress,2008_05_MIN_NO
2008,5,NE,Bill Belichick,2008_05_NE_SF
2008,5,NO,Sean Payton,2008_05_MIN_NO
2008,5,NYG,Tom Coughlin,2008_05_SEA_NYG
2008,5,PHI,Andy Reid,2008_05_WAS_PHI
2008,5,PIT,Mike Tomlin,2008_05_PIT_JAX
2008,5,SEA,Mike Holmgren,2008_05_SEA_NYG
2008,5,SF,Mike Nolan,2008_05_NE_SF
2008,5,TB,Jon Gruden,2008_05_TB_DEN
2008,5,TEN,Jeff Fisher,2008_05_TEN_BAL
2008,5,WAS,Jim Zorn,2008_05_WAS_PHI
2008,6,ARI,Ken Whisenhunt,2008_06_DAL_ARI
2008,6,ATL,Mike Smith,2008_06_CHI_ATL
2008,6,BAL,John Harbaugh,2008_06_BAL_IND
2008,6,CAR,John Fox,2008_06_CAR_TB
2008,6,CHI,Lovie Smith,2008_06_CHI_ATL
2008,6,CIN,Marvin Lewis,2008_06_CIN_NYJ
2008,6,CLE,Romeo Crennel,2008_06_NYG_CLE
2008,6,DAL,Wade Phillips,2008_06_DAL_ARI
2008,6,DEN,Mike Shanahan,2008_06_JAX_DEN
2008,6,DET,Rod Marinelli,2008_06_DET_MIN
2008,6,GB,Mike McCarthy,2008_06_GB_SEA
2008,6,HOU,Gary Kubiak,2008_06_MIA_HOU
2008,6,IND,Tony Dungy,2008_06_BAL_IND
2008,6,JAX,Jack Del Rio,2008_06_JAX_DEN
2008,6,LA,Jim Haslett,2008_06_STL_WAS
2008,6,LAC,Norv Turner,2008_06_NE_SD
2008,6,LV,Tom Cable,2008_06_OAK_NO
2008,6,MIA,Tony Sparano,2008_06_MIA_HOU
2008,6,MIN,Brad Childress,2008_06_DET_MIN
2008,6,NE,Bill Belichick,2008_06_NE_SD
2008,6,NO,Sean Payton,2008_06_OAK_NO
2008,6,NYG,Tom Coughlin,2008_06_NYG_CLE
2008,6,NYJ,Eric Mangini,2008_06_CIN_NYJ
2008,6,PHI,Andy Reid,2008_06_PHI_SF
2008,6,SEA,Mike Holmgren,2008_06_GB_SEA
2008,6,SF,Mike Nolan,2008_06_PHI_SF
2008,6,TB,Jon Gruden,2008_06_CAR_TB
2008,6,WAS,Jim Zorn,2008_06_STL_WAS
2008,7,BAL,John Harbaugh,2008_07_BAL_MIA
2008,7,BUF,Dick Jauron,2008_07_SD_BUF
2008,7,CAR,John Fox,2008_07_NO_CAR
2008,7,CHI,Lovie Smith,2008_07_MIN_CHI
2008,7,CIN,Marvin Lewis,2008_07_PIT_CIN
2008,7,CLE,Romeo Crennel,2008_07_CLE_WAS
2008,7,DAL,Wade Phillips,2008_07_DAL_STL
2008,7,DEN,Mike Shanahan,2008_07_DEN_NE
2008,7,DET,Rod Marinelli,2008_07_DET_HOU
2008,7,GB,Mike McCarthy,2008_07_IND_GB
2008,7,HOU,Gary Kubiak,2008_07_DET_HOU
2008,7,IND,Tony Dungy,2008_07_IND_GB
2008,7,KC,Herm Edwards,2008_07_TEN_KC
2008,7,LA,Jim Haslett,2008_07_DAL_STL
2008,7,LAC,Norv Turner,2008_07_SD_BUF
2008,7,LV,Tom Cable,2008_07_NYJ_OAK
2008,7,MIA,Tony Sparano,2008_07_BAL_MIA
2008,7,MIN,Brad Childress,2008_07_MIN_CHI
2008,7,NE,Bill Belichick,2008_07_DEN_NE
2008,7,NO,Sean Payton,2008_07_NO_CAR
2008,7,NYG,Tom Coughlin,2008_07_SF_NYG
2008,7,NYJ,Eric Mangini,2008_07_NYJ_OAK
2008,7,PIT,Mike Tomlin,2008_07_PIT_CIN
2008,7,SEA,Mike Holmgren,2008_07_SEA_TB
2008,7,SF,Mike Nolan,2008_07_SF_NYG
2008,7,TB,Jon Gruden,2008_07_SEA_TB
2008,7,TEN,Jeff Fisher,2008_07_TEN_KC
2008,7,WAS,Jim Zorn,2008_07_CLE_WAS
2008,8,ARI,Ken Whisenhunt,2008_08_ARI_CAR
2008,8,ATL,Mike Smith,2008_08_ATL_PHI
2008,8,BAL,John Harbaugh,2008_08_OAK_BAL
2008,8,BUF,Dick Jauron,2008_08_BUF_MIA
2008,8,CAR,John Fox,2008_08_ARI_CAR
2008,8,CIN,Marvin Lewis,2008_08_CIN_HOU
2008,8,CLE,Romeo Crennel,2008_08_CLE_JAX
2008,8,DAL,Wade Phillips,2008_08_TB_DAL
2008,8,DET,Rod Marinelli,2008_08_WAS_DET
2008,8,HOU,Gary Kubiak,2008_08_CIN_HOU
2008,8,IND,Tony Dungy,2008_08_IND_TEN
2008,8,JAX,Jack Del Rio,2008_08_CLE_JAX
2008,8,KC,Herm Edwards,2008_08_KC_NYJ
2008,8,LA,Jim Haslett,2008_08_STL_NE
2008,8,LAC,Norv Turner,2008_08_SD_NO
2008,8,LV,Tom Cable,2008_08_OAK_BAL
2008,8,MIA,Tony Sparano,2008_08_BUF_MIA
2008,8,NE,Bill Belichick,2008_08_STL_NE
2008,8,NO,Sean Payton,2008_08_SD_NO
2008,8,NYG,Tom Coughlin,2008_08_NYG_PIT
2008,8,NYJ,Eric Mangini,2008_08_KC_NYJ
2008,8,PHI,Andy Reid,2008_08_ATL_PHI
2008,8,PIT,Mike Tomlin,2008_08_NYG_PIT
2008,8,SEA,Mike Holmgren,2008_08_SEA_SF
2008,8,SF,Mike Singletary,2008_08_SEA_SF
2008,8,TB,Jon Gruden,2008_08_TB_DAL
2008,8,TEN,Jeff Fisher,2008_08_IND_TEN
2008,8,WAS,Jim Zorn,2008_08_WAS_DET
2008,9,ARI,Ken Whisenhunt,2008_09_ARI_STL
2008,9,ATL,Mike Smith,2008_09_ATL_OAK
2008,9,BAL,John Harbaugh,2008_09_BAL_CLE
2008,9,BUF,Dick Jauron,2008_09_NYJ_BUF
2008,9,CHI,Lovie Smith,2008_09_DET_CHI
2008,9,CIN,Marvin Lewis,2008_09_JAX_CIN
2008,9,CLE,Romeo Crennel,2008_09_BAL_CLE
2008,9,DAL,Wade Phillips,2008_09_DAL_NYG
2008,9,DEN,Mike Shanahan,2008_09_MIA_DEN
2008,9,DET,Rod Marinelli,2008_09_DET_CHI
2008,9,GB,Mike McCarthy,2008_09_GB_TEN
2008,9,HOU,Gary Kubiak,2008_09_HOU_MIN
2008,9,IND,Tony Dungy,2008_09_NE_IND
2008,9,JAX,Jack Del Rio,2008_09_JAX_CIN
2008,9,KC,Herm Edwards,2008_09_TB_KC
2008,9,LA,Jim Haslett,2008_09_ARI_STL
2008,9,LV,Tom Cable,2008_09_ATL_OAK
2008,9,MIA,Tony Sparano,2008_09_MIA_DEN
2008,9,MIN,Brad Childress,2008_09_HOU_MIN
2008,9,NE,Bill Belichick,2008_09_NE_IND
2008,9,NYG,Tom Coughlin,2008_09_DAL_NYG
2008,9,NYJ,Eric Mangini,2008_09_NYJ_BUF
2008,9,PHI,Andy Reid,2008_09_PHI_SEA
2008,9,PIT,Mike Tomlin,2008_09_PIT_WAS
2008,9,SEA,Mike Holmgren,2008_09_PHI_SEA
2008,9,TB,Jon Gruden,2008_09_TB_KC
2008,9,TEN,Jeff Fisher,2008_09_GB_TEN
2008,9,WAS,Jim Zorn,2008_09_PIT_WAS
2008,10,ARI,Ken Whisenhunt,2008_10_SF_ARI
2008,10,ATL,Mike Smith,2008_10_NO_ATL
2008,10,BAL,John Harbaugh,2008_10_BAL_HOU
2008,10,BUF,Dick Jauron,2008_10_BUF_NE
2008,10,CAR,John Fox,2008_10_CAR_OAK
2008,10,CHI,Lovie Smith,2008_10_TEN_CHI
2008,10,CLE,Romeo Crennel,2008_10_DEN_CLE
2008,10,DEN,Mike Shanahan,2008_10_DEN_CLE
2008,10,DET,Rod Marinelli,2008_10_JAX_DET
2008,10,GB,Mike McCarthy,2008_10_GB_MIN
2008,10,HOU,Gary Kubiak,2008_10_BAL_HOU
2008,10,IND,Tony Dungy,2008_10_IND_PIT
2008,10,JAX,Jack Del Rio,2008_10_JAX_DET
2008,10,KC,Herm Edwards,2008_10_KC_SD
2008,10,LA,Jim Haslett,2008_10_STL_NYJ
2008,10,LAC,Norv Turner,2008_10_KC_SD
2008,10,LV,Tom Cable,2008_10_CAR_OAK
2008,10,MIA,Tony Sparano,2008_10_SEA_MIA
2008,10,MIN,Brad Childress,2008_10_GB_MIN
2008,10,NE,Bill Belichick,2008_10_BUF_NE
2008,10,NO,Sean Payton,2008_10_NO_ATL
2008,10,NYG,Tom Coughlin,2008_10_NYG_PHI
2008,10,NYJ,Eric Mangini,2008_10_STL_NYJ
2008,10,PHI,Andy Reid,2008_10_NYG_PHI
2008,10,PIT,Mike Tomlin,2008_10_IND_PIT
2008,10,SEA,Mike Holmgren,2008_10_SEA_MIA
2008,10,SF,Mike Singletary,2008_10_SF_ARI
2008,10,TEN,Jeff Fisher,2008_10_TEN_CHI
2008,11,ARI,Ken Whisenhunt,2008_11_ARI_SEA
2008,11,ATL,Mike Smith,2008_11_DEN_ATL
2008,11,BAL,John Harbaugh,2008_11_BAL_NYG
2008,11,BUF,Dick Jauron,2008_11_CLE_BUF
2008,11,CAR,John Fox,2008_11_DET_CAR
2008,11,CHI,Lovie Smith,2008_11_CHI_GB
2008,11,CIN,Marvin Lewis,2008_11_PHI_CIN
2008,11,CLE,Romeo Crennel,2008_11_CLE_BUF
2008,11,DAL,Wade Phillips,2008_11_DAL_WAS
2008,11,DEN,Mike Shanahan,2008_11_DEN_ATL
2008,11,DET,Rod Marinelli,2008_11_DET_CAR
2008,11,GB,Mike McCarthy,2008_11_CHI_GB
2008,11,HOU,Gary Kubiak,2008_11_HOU_IND
2008,11,IND,Tony Dungy,2008_11_HOU_IND
2008,11,JAX,Jack Del Rio,2008_11_TEN_JAX
2008,11,KC,Herm Edwards,2008_11_NO_KC
2008,11,LA,Jim Haslett,2008_11_STL_SF
2008,11,LAC,Norv Turner,2008_11_SD_PIT
2008,11,LV,Tom Cable,2008_11_OAK_MIA
2008,11,MIA,Tony Sparano,2008_11_OAK_MIA
2008,11,MIN,Brad Childress,2008_11_MIN_TB
2008,11,NE,Bill Belichick,2008_11_NYJ_NE
2008,11,NO,Sean Payton,2008_11_NO_KC
2008,11,NYG,Tom Coughlin,2008_11_BAL_NYG
2008,11,NYJ,Eric Mangini,2008_11_NYJ_NE
2008,11,PHI,Andy Reid,2008_11_PHI_CIN
2008,11,PIT,Mike Tomlin,2008_11_SD_PIT
2008,11,SEA,Mike Holmgren,2008_11_ARI_SEA
2008,11,SF,Mike Singletary,2008_11_STL_SF
2008,11,TB,Jon Gruden,2008_11_MIN_TB
2008,11,TEN,Jeff Fisher,2008_11_TEN_JAX
2008,11,WAS,Jim Zorn,2008_11_DAL_WAS
2008,12,ARI,Ken Whisenhunt,2008_12_NYG_ARI
2008,12,ATL,Mike Smith,2008_12_CAR_ATL
2008,12,BAL,John Harbaugh,2008_12_PHI_BAL
2008,12,BUF,Dick Jauron,2008_12_BUF_KC
2008,12,CAR,John Fox,2008_12_CAR_ATL
2008,12,CHI,Lovie Smith,2008_12_CHI_STL
2008,12,CIN,Marvin Lewis,2008_12_CIN_PIT
2008,12,CLE,Romeo Crennel,2008_12_HOU_CLE
2008,12,DAL,Wade Phillips,2008_12_SF_DAL
2008,12,DEN,Mike Shanahan,2008_12_OAK_DEN
2008,12,DET,Rod Marinelli,2008_12_TB_DET
2008,12,GB,Mike McCarthy,2008_12_GB_NO
2008,12,HOU,Gary Kubiak,2008_12_HOU_CLE
2008,12,IND,Tony Dungy,2008_12_IND_SD
2008,12,JAX,Jack Del Rio,2008_12_MIN_JAX
2008,12,KC,Herm Edwards,2008_12_BUF_KC
2008,12,LA,Jim Haslett,2008_12_CHI_STL
2008,12,LAC,Norv Turner,2008_12_IND_SD
2008,12,LV,Tom Cable,2008_12_OAK_DEN
2008,12,MIA,Tony Sparano,2008_12_NE_MIA
2008,12,MIN,Brad Childress,2008_12_MIN_JAX
2008,12,NE,Bill Belichick,2008_12_NE_MIA
2008,12,NO,Sean Payton,2008_12_GB_NO
2008,12,NYG,Tom Coughlin,2008_12_NYG_ARI
2008,12,NYJ,Eric Mangini,2008_12_NYJ_TEN
2008,12,PHI,Andy Reid,2008_12_PHI_BAL
2008,12,PIT,Mike Tomlin,2008_12_CIN_PIT
2008,12,SEA,Mike Holmgren,2008_12_WAS_SEA
2008,12,SF,Mike Singletary,2008_12_SF_DAL
2008,12,TB,Jon Gruden,2008_12_TB_DET
2008,12,TEN,Jeff Fisher,2008_12_NYJ_TEN
2008,12,WAS,Jim Zorn,2008_12_WAS_SEA
2008,13,ARI,Ken Whisenhunt,2008_13_ARI_PHI
2008,13,ATL,Mike Smith,2008_13_ATL_SD
2008,13,BAL,John Harbaugh,2008_13_BAL_CIN
2008,13,BUF,Dick Jauron,2008_13_SF_BUF
2008,13,CAR,John Fox,2008_13_CAR_GB
2008,13,CHI,Lovie Smith,2008_13_CHI_MIN
2008,13,CIN,Marvin Lewis,2008_13_BAL_CIN
2008,13,CLE,Romeo Crennel,2008_13_IND_CLE
2008,13,DAL,Wade Phillips,2008_13_SEA_DAL
2008,13,DEN,Mike Shanahan,2008_13_DEN_NYJ
2008,13,DET,Rod Marinelli,2008_13_TEN_DET
2008,13,GB,Mike McCarthy,2008_13_CAR_GB
2008,13,HOU,Gary Kubiak,2008_13_JAX_HOU
2008,13,IND,Tony Dungy,2008_13_IND_CLE
2008,13,JAX,Jack Del Rio,2008_13_JAX_HOU
2008,13,KC,Herm Edwards,2008_13_KC_OAK
2008,13,LA,Jim Haslett,2008_13_MIA_STL
2008,13,LAC,Norv Turner,2008_13_ATL_SD
2008,13,LV,Tom Cable,2008_13_KC_OAK
2008,13,MIA,Tony Sparano,2008_13_MIA_STL
2008,13,MIN,Brad Childress,2008_13_CHI_MIN
2008,13,NE,Bill Belichick,2008_13_PIT_NE
2008,13,NO,Sean Payton,2008_13_NO_TB
2008,13,NYG,Tom Coughlin,2008_13_NYG_WAS
2008,13,NYJ,Eric Mangini,2008_13_DEN_NYJ
2008,13,PHI,Andy Reid,2008_13_ARI_PHI
2008,13,PIT,Mike Tomlin,2008_13_PIT_NE
2008,13,SEA,Mike Holmgren,2008_13_SEA_DAL
2008,13,SF,Mike Singletary,2008_13_SF_BUF
2008,13,TB,Jon Gruden,2008_13_NO_TB
2008,13,TEN,Jeff Fisher,2008_13_TEN_DET
2008,13,WAS,Jim Zorn,2008_13_NYG_WAS
2008,14,ARI,Ken Whisenhunt,2008_14_STL_ARI
2008,14,ATL,Mike Smith,2008_14_ATL_NO
2008,14,BAL,John Harbaugh,2008_14_WAS_BAL
2008,14,BUF,Dick Jauron,2008_14_MIA_BUF
2008,14,CAR,John Fox,2008_14_TB_CAR
2008,14,CHI,Lovie Smith,2008_14_JAX_CHI
2008,14,CIN,Marvin Lewis,2008_14_CIN_IND
2008,14,CLE,Romeo Crennel,2008_14_CLE_TEN
2008,14,DAL,Wade Phillips,2008_14_DAL_PIT
2008,14,DEN,Mike Shanahan,2008_14_KC_DEN
2008,14,DET,Rod Marinelli,2008_14_MIN_DET
2008,14,GB,Mike McCarthy,2008_14_HOU_GB
2008,14,HOU,Gary Kubiak,2008_14_HOU_GB
2008,14,IND,Tony Dungy,2008_14_CIN_IND
2008,14,JAX,Jack Del Rio,2008_14_JAX_CHI
2008,14,KC,Herm Edwards,2008_14_KC_DEN
2008,14,LA,Jim Haslett,2008_14_STL_ARI
2008,14,LAC,Norv Turner,2008_14_OAK_SD
2008,14,LV,Tom Cable,2008_14_OAK_SD
2008,14,MIA,Tony Sparano,2008_14_MIA_BUF
2008,14,MIN,Brad Childress,2008_14_MIN_DET
2008,14,NE,Bill Belichick,2008_14_NE_SEA
2008,14,NO,Sean Payton,2008_14_ATL_NO
2008,14,NYG,Tom Coughlin,2008_14_PHI_NYG
2008,14,NYJ,Eric Mangini,2008_14_NYJ_SF
2008,14,PHI,Andy Reid,2008_14_PHI_NYG
2008,14,PIT,Mike Tomlin,2008_14_DAL_PIT
2008,14,SEA,Mike Holmgren,2008_14_NE_SEA
2008,14,SF,Mike Singletary,2008_14_NYJ_SF
2008,14,TB,Jon Gruden,2008_14_TB_CAR
2008,14,TEN,Jeff Fisher,2008_14_CLE_TEN
2008,14,WAS,Jim Zorn,2008_14_WAS_BAL
2008,15,ARI,Ken Whisenhunt,2008_15_MIN_ARI
2008,15,ATL,Mike Smith,2008_15_TB_ATL
2008,15,BAL,John Harbaugh,2008_15_PIT_BAL
2008,15,BUF,Dick Jauron,2008_15_BUF_NYJ
2008,15,CAR,John Fox,2008_15_DEN_CAR
2008,15,CHI,Lovie Smith,2008_15_NO_CHI
2008,15,CIN,Marvin Lewis,2008_15_WAS_CIN
2008,15,CLE,Romeo Crennel,2008_15_CLE_PHI
2008,15,DAL,Wade Phillips,2008_15_NYG_DAL
2008,15,DEN,Mike Shanahan,2008_15_DEN_CAR
2008,15,DET,Rod Marinelli,2008_15_DET_IND
2008,15,GB,Mike McCarthy,2008_15_GB_JAX
2008,15,HOU,Gary Kubiak,2008_15_TEN_HOU
2008,15,IND,Tony Dungy,2008_15_DET_IND
2008,15,JAX,Jack Del Rio,2008_15_GB_JAX
2008,15,KC,Herm Edwards,2008_15_SD_KC
2008,15,LA,Jim Haslett,2008_15_SEA_STL
2008,15,LAC,Norv Turner,2008_15_SD_KC
2008,15,LV,Tom Cable,2008_15_NE_OAK
2008,15,MIA,Tony Sparano,2008_15_SF_MIA
2008,15,MIN,Brad Childress,2008_15_MIN_ARI
2008,15,NE,Bill Belichick,2008_15_NE_OAK
2008,15,NO,Sean Payton,2008_15_NO_CHI
2008,15,NYG,Tom Coughlin,2008_15_NYG_DAL
2008,15,NYJ,Eric Mangini,2008_15_BUF_NYJ
2008,15,PHI,Andy Reid,2008_15_CLE_PHI
2008,15,PIT,Mike Tomlin,2008_15_PIT_BAL
2008,15,SEA,Mike Holmgren,2008_15_SEA_STL
2008,15,SF,Mike Singletary,2008_15_SF_MIA
2008,15,TB,Jon Gruden,2008_15_TB_ATL
2008,15,TEN,Jeff Fisher,2008_15_TEN_HOU
2008,15,WAS,Jim Zorn,2008_15_WAS_CIN
2008,16,ARI,Ken Whisenhunt,2008_16_ARI_NE
2008,16,ATL,Mike Smith,2008_16_ATL_MIN
2008,16,BAL,John Harbaugh,2008_16_BAL_DAL
2008,16,BUF,Dick Jauron,2008_16_BUF_DEN
2008,16,CAR,John Fox,2008_16_CAR_NYG
2008,16,CHI,Lovie Smith,2008_16_GB_CHI
2008,16,CIN,Marvin Lewis,2008_16_CIN_CLE
2008,16,CLE,Romeo Crennel,2008_16_CIN_CLE
2008,16,DAL,Wade Phillips,2008_16_BAL_DAL
2008,16,DEN,Mike Shanahan,2008_16_BUF_DEN
2008,16,DET,Rod Marinelli,2008_16_NO_DET
2008,16,GB,Mike McCarthy,2008_16_GB_CHI
2008,16,HOU,Gary Kubiak,2008_16_HOU_OAK
2008,16,IND,Tony Dungy,2008_16_IND_JAX
2008,16,JAX,Jack Del Rio,2008_16_IND_JAX
2008,16,KC,Herm Edwards,2008_16_MIA_KC
2008,16,LA,Jim Haslett,2008_16_SF_STL
2008,16,LAC,Norv Turner,2008_16_SD_TB
2008,16,LV,Tom Cable,2008_16_HOU_OAK
2008,16,MIA,Tony Sparano,2008_16_MIA_KC
2008,16,MIN,Brad Childress,2008_16_ATL_MIN
2008,16,NE,Bill Belichick,2008_16_ARI_NE
2008,16,NO,Sean Payton,2008_16_NO_DET
2008,16,NYG,Tom Coughlin,2008_16_CAR_NYG
2008,16,NYJ,Eric Mangini,2008_16_NYJ_SEA
2008,16,PHI,Andy Reid,2008_16_PHI_WAS
2008,16,PIT,Mike Tomlin,2008_16_PIT_TEN
2008,16,SEA,Mike Holmgren,2008_16_NYJ_SEA
2008,16,SF,Mike Singletary,2008_16_SF_STL
2008,16,TB,Jon Gruden,2008_16_SD_TB
2008,16,TEN,Jeff Fisher,2008_16_PIT_TEN
2008,16,WAS,Jim Zorn,2008_16_PHI_WAS
2008,17,ARI,Ken Whisenhunt,2008_17_SEA_ARI
2008,17,ATL,Mike Smith,2008_17_STL_ATL
2008,17,BAL,John Harbaugh,2008_17_JAX_BAL
2008,17,BUF,Dick Jauron,2008_17_NE_BUF
2008,17,CAR,John Fox,2008_17_CAR_NO
2008,17,CHI,Lovie Smith,2008_17_CHI_HOU
2008,17,CIN,Marvin Lewis,2008_17_KC_CIN
2008,17,CLE,Romeo Crennel,2008_17_CLE_PIT
2008,17,DAL,Wade Phillips,2008_17_DAL_PHI
2008,17,DEN,Mike Shanahan,2008_17_DEN_SD
2008,17,DET,Rod Marinelli,2008_17_DET_GB
2008,17,GB,Mike McCarthy,2008_17_DET_GB
2008,17,HOU,Gary Kubiak,2008_17_CHI_HOU
2008,17,IND,Tony Dungy,2008_17_TEN_IND
2008,17,JAX,Jack Del Rio,2008_17_JAX_BAL
2008,17,KC,Herm Edwards,2008_17_KC_CIN
2008,17,LA,Jim Haslett,2008_17_STL_ATL
2008,17,LAC,Norv Turner,2008_17_DEN_SD
2008,17,LV,Tom Cable,2008_17_OAK_TB
2008,17,MIA,Tony Sparano,2008_17_MIA_NYJ
2008,17,MIN,Brad Childress,2008_17_NYG_MIN
2008,17,NE,Bill Belichick,2008_17_NE_BUF
2008,17,NO,Sean Payton,2008_17_CAR_NO
2008,17,NYG,Tom Coughlin,2008_17_NYG_MIN
2008,17,NYJ,Eric Mangini,2008_17_MIA_NYJ
2008,17,PHI,Andy Reid,2008_17_DAL_PHI
2008,17,PIT,Mike Tomlin,2008_17_CLE_PIT
2008,17,SEA,Mike Holmgren,2008_17_SEA_ARI
2008,17,SF,Mike Singletary,2008_17_WAS_SF
2008,17,TB,Jon Gruden,2008_17_OAK_TB
2008,17,TEN,Jeff Fisher,2008_17_TEN_IND
2008,17,WAS,Jim Zorn,2008_17_WAS_SF
2009,1,ARI,Ken Whisenhunt,2009_01_SF_ARI
2009,1,ATL,Mike Smith,2009_01_MIA_ATL
2009,1,BAL,John Harbaugh,2009_01_KC_BAL
2009,1,BUF,Dick Jauron,2009_01_BUF_NE
2009,1,CAR,John Fox,2009_01_PHI_CAR
2009,1,CHI,Lovie Smith,2009_01_CHI_GB
2009,1,CIN,Marvin Lewis,2009_01_DEN_CIN
2009,1,CLE,Eric Mangini,2009_01_MIN_CLE
2009,1,DAL,Wade Phillips,2009_01_DAL_TB
2009,1,DEN,Josh McDaniels,2009_01_DEN_CIN
2009,1,DET,Jim Schwartz,2009_01_DET_NO
2009,1,GB,Mike McCarthy,2009_01_CHI_GB
2009,1,HOU,Gary Kubiak,2009_01_NYJ_HOU
2009,1,IND,Jim Caldwell,2009_01_JAX_IND
2009,1,JAX,Jack Del Rio,2009_01_JAX_IND
2009,1,KC,Todd Haley,2009_01_KC_BAL
2009,1,LA,Steve Spagnuolo,2009_01_STL_SEA
2009,1,LAC,Norv Turner,2009_01_SD_OAK
2009,1,LV,Tom Cable,2009_01_SD_OAK
2009,1,MIA,Tony Sparano,2009_01_MIA_ATL
2009,1,MIN,Brad Childress,2009_01_MIN_CLE
2009,1,NE,Bill Belichick,2009_01_BUF_NE
2009,1,NO,Sean Payton,2009_01_DET_NO
2009,1,NYG,Tom Coughlin,2009_01_WAS_NYG
2009,1,NYJ,Rex Ryan,2009_01_NYJ_HOU
2009,1,PHI,Andy Reid,2009_01_PHI_CAR
2009,1,PIT,Mike Tomlin,2009_01_TEN_PIT
2009,1,SEA,Jim Mora,2009_01_STL_SEA
2009,1,SF,Mike Singletary,2009_01_SF_ARI
2009,1,TB,Raheem Morris,2009_01_DAL_TB
2009,1,TEN,Jeff Fisher,2009_01_TEN_PIT
2009,1,WAS,Jim Zorn,2009_01_WAS_NYG
2009,2,ARI,Ken Whisenhunt,2009_02_ARI_JAX
2009,2,ATL,Mike Smith,2009_02_CAR_ATL
2009,2,BAL,John Harbaugh,2009_02_BAL_SD
2009,2,BUF,Dick Jauron,2009_02_TB_BUF
2009,2,CAR,John Fox,2009_02_CAR_ATL
2009,2,CHI,Lovie Smith,2009_02_PIT_CHI
2009,2,CIN,Marvin Lewis,2009_02_CIN_GB
2009,2,CLE,Eric Mangini,2009_02_CLE_DEN
2009,2,DAL,Wade Phillips,2009_02_NYG_DAL
2009,2,DEN,Josh McDaniels,2009_02_CLE_DEN
2009,2,DET,Jim Schwartz,2009_02_MIN_DET
2009,2,GB,Mike McCarthy,2009_02_CIN_GB
2009,2,HOU,Gary Kubiak,2009_02_HOU_TEN
2009,2,IND,Jim Caldwell,2009_02_IND_MIA
2009,2,JAX,Jack Del Rio,2009_02_ARI_JAX
2009,2,KC,Todd Haley,2009_02_OAK_KC
2009,2,LA,Steve Spagnuolo,2009_02_STL_WAS
2009,2,LAC,Norv Turner,2009_02_BAL_SD
2009,2,LV,Tom Cable,2009_02_OAK_KC
2009,2,MIA,Tony Sparano,2009_02_IND_MIA
2009,2,MIN,Brad Childress,2009_02_MIN_DET
2009,2,NE,Bill Belichick,2009_02_NE_NYJ
2009,2,NO,Sean Payton,2009_02_NO_PHI
2009,2,NYG,Tom Coughlin,2009_02_NYG_DAL
2009,2,NYJ,Rex Ryan,2009_02_NE_NYJ
2009,2,PHI,Andy Reid,2009_02_NO_PHI
2009,2,PIT,Mike Tomlin,2009_02_PIT_CHI
2009,2,SEA,Jim Mora,2009_02_SEA_SF
2009,2,SF,Mike Singletary,2009_02_SEA_SF
2009,2,TB,Raheem Morris,2009_02_TB_BUF
2009,2,TEN,Jeff Fisher,2009_02_HOU_TEN
2009,2,WAS,Jim Zorn,2009_02_STL_WAS
2009,3,ARI,Ken Whisenhunt,2009_03_IND_ARI
2009,3,ATL,Mike Smith,2009_03_ATL_NE
2009,3,BAL,John Harbaugh,2009_03_CLE_BAL
2009,3,BUF,Dick Jauron,2009_03_NO_BUF
2009,3,CAR,John Fox,2009_03_CAR_DAL
2009,3,CHI,Lovie Smith,2009_03_CHI_SEA
2009,3,CIN,Marvin Lewis,2009_03_PIT_CIN
2009,3,CLE,Eric Mangini,2009_03_CLE_BAL
2009,3,DAL,Wade Phillips,2009_03_CAR_DAL
2009,3,DEN,Josh McDaniels,2009_03_DEN_OAK
2009,3,DET,Jim Schwartz,2009_03_WAS_DET
2009,3,GB,Mike McCarthy,2009_03_GB_STL
2009,3,HOU,Gary Kubiak,2009_03_JAX_HOU
2009,3,IND,Jim Caldwell,2009_03_IND_ARI
2009,3,JAX,Jack Del Rio,2009_03_JAX_HOU
2009,3,KC,Todd Haley,2009_03_KC_PHI
2009,3,LA,Steve Spagnuolo,2009_03_GB_STL
2009,3,LAC,Norv Turner,2009_03_MIA_SD
2009,3,LV,Tom Cable,2009_03_DEN_OAK
2009,3,MIA,Tony Sparano,2009_03_MIA_SD
2009,3,MIN,Brad Childress,2009_03_SF_MIN
2009,3,NE,Bill Belichick,2009_03_ATL_NE
2009,3,NO,Sean Payton,2009_03_NO_BUF
2009,3,NYG,Tom Coughlin,2009_03_NYG_TB
2009,3,NYJ,Rex Ryan,2009_03_TEN_NYJ
2009,3,PHI,Andy Reid,2009_03_KC_PHI
2009,3,PIT,Mike Tomlin,2009_03_PIT_CIN
2009,3,SEA,Jim Mora,2009_03_CHI_SEA
2009,3,SF,Mike Singletary,2009_03_SF_MIN
2009,3,TB,Raheem Morris,2009_03_NYG_TB
2009,3,TEN,Jeff Fisher,2009_03_TEN_NYJ
2009,3,WAS,Jim Zorn,2009_03_WAS_DET
2009,4,BAL,John Harbaugh,2009_04_BAL_NE
2009,4,BUF,Dick Jauron,2009_04_BUF_MIA
2009,4,CHI,Lovie Smith,2009_04_DET_CHI
2009,4,CIN,Marvin Lewis,2009_04_CIN_CLE
2009,4,CLE,Eric Mangini,2009_04_CIN_CLE
2009,4,DAL,Wade Phillips,2009_04_DAL_DEN
2009,4,DEN,Josh McDaniels,2009_04_DAL_DEN
2009,4,DET,Jim Schwartz,2009_04_DET_CHI
2009,4,GB,Mike McCarthy,2009_04_GB_MIN
2009,4,HOU,Gary Kubiak,2009_04_OAK_HOU
2009,4,IND,Jim Caldwell,2009_04_SEA_IND
2009,4,JAX,Jack Del Rio,2009_04_TEN_JAX
2009,4,KC,Todd Haley,2009_04_NYG_KC
2009,4,LA,Steve Spagnuolo,2009_04_STL_SF
2009,4,LAC,Norv Turner,2009_04_SD_PIT
2009,4,LV,Tom Cable,2009_04_OAK_HOU
2009,4,MIA,Tony Sparano,2009_04_BUF_MIA
2009,4,MIN,Brad Childress,2009_04_GB_MIN
2009,4,NE,Bill Belichick,2009_04_BAL_NE
2009,4,NO,Sean Payton,2009_04_NYJ_NO
2009,4,NYG,Tom Coughlin,2009_04_NYG_KC
2009,4,NYJ,Rex Ryan,2009_04_NYJ_NO
2009,4,PIT,Mike Tomlin,2009_04_SD_PIT
2009,4,SEA,Jim Mora,2009_04_SEA_IND
2009,4,SF,Mike Singletary,2009_04_STL_SF
2009,4,TB,Raheem Morris,2009_04_TB_WAS
2009,4,TEN,Jeff Fisher,2009_04_TEN_JAX
2009,4,WAS,Jim Zorn,2009_04_TB_WAS
2009,5,ARI,Ken Whisenhunt,2009_05_HOU_ARI
2009,5,ATL,Mike Smith,2009_05_ATL_SF
2009,5,BAL,John Harbaugh,2009_05_CIN_BAL
2009,5,BUF,Dick Jauron,2009_05_CLE_BUF
2009,5,CAR,John Fox,2009_05_WAS_CAR
2009,5,CIN,Marvin Lewis,2009_05_CIN_BAL
2009,5,CLE,Eric Mangini,2009_05_CLE_BUF
2009,5,DAL,Wade Phillips,2009_05_DAL_KC
2009,5,DEN,Josh McDaniels,2009_05_NE_DEN
2009,5,DET,Jim Schwartz,2009_05_PIT_DET
2009,5,HOU,Gary Kubiak,2009_05_HOU_ARI
2009,5,IND,Jim Caldwell,2009_05_IND_TEN
2009,5,JAX,Jack Del Rio,2009_05_JAX_SEA
2009,5,KC,Todd Haley,2009_05_DAL_KC
2009,5,LA,Steve Spagnuolo,2009_05_MIN_STL
2009,5,LV,Tom Cable,2009_05_OAK_NYG
2009,5,MIA,Tony Sparano,2009_05_NYJ_MIA
2009,5,MIN,Brad Childress,2009_05_MIN_STL
2009,5,NE,Bill Belichick,2009_05_NE_DEN
2009,5,NYG,Tom Coughlin,2009_05_OAK_NYG
2009,5,NYJ,Rex Ryan,2009_05_NYJ_MIA
2009,5,PHI,Andy Reid,2009_05_TB_PHI
2009,5,PIT,Mike Tomlin,2009_05_PIT_DET
2009,5,SEA,Jim Mora,2009_05_JAX_SEA
2009,5,SF,Mike Singletary,2009_05_ATL_SF
2009,5,TB,Raheem Morris,2009_05_TB_PHI
2009,5,TEN,Jeff Fisher,2009_05_IND_TEN
2009,5,WAS,Jim Zorn,2009_05_WAS_CAR
2009,6,ARI,Ken Whisenhunt,2009_06_ARI_SEA
2009,6,ATL,Mike Smith,2009_06_CHI_ATL
2009,6,BAL,John Harbaugh,2009_06_BAL_MIN
2009,6,BUF,Dick Jauron,2009_06_BUF_NYJ
2009,6,CAR,John Fox,2009_06_CAR_TB
2009,6,CHI,Lovie Smith,2009_06_CHI_ATL
2009,6,CIN,Marvin Lewis,2009_06_HOU_CIN
2009,6,CLE,Eric Mangini,2009_06_CLE_PIT
2009,6,DEN,Josh McDaniels,2009_06_DEN_SD
2009,6,DET,Jim Schwartz,2009_06_DET_GB
2009,6,GB,Mike McCarthy,2009_06_DET_GB
2009,6,HOU,Gary Kubiak,2009_06_HOU_CIN
2009,6,JAX,Jack Del Rio,2009_06_STL_JAX
2009,6,KC,Todd Haley,2009_06_KC_WAS
2009,6,LA,Steve Spagnuolo,2009_06_STL_JAX
2009,6,LAC,Norv Turner,2009_06_DEN_SD
2009,6,LV,Tom Cable,2009_06_PHI_OAK
2009,6,MIN,Brad Childress,2009_06_BAL_MIN
2009,6,NE,Bill Belichick,2009_06_TEN_NE
2009,6,NO,Sean Payton,2009_06_NYG_NO
2009,6,NYG,Tom Coughlin,2009_06_NYG_NO
2009,6,NYJ,Rex Ryan,2009_06_BUF_NYJ
2009,6,PHI,Andy Reid,2009_06_PHI_OAK
2009,6,PIT,Mike Tomlin,2009_06_CLE_PIT
2009,6,SEA,Jim Mora,2009_06_ARI_SEA
2009,6,TB,Raheem Morris,2009_06_CAR_TB
2009,6,TEN,Jeff Fisher,2009_06_TEN_NE
2009,6,WAS,Jim Zorn,2009_06_KC_WAS
2009,7,ARI,Ken Whisenhunt,2009_07_ARI_NYG
2009,7,ATL,Mike Smith,2009_07_ATL_DAL
2009,7,BUF,Dick Jauron,2009_07_BUF_CAR
2009,7,CAR,John Fox,2009_07_BUF_CAR
2009,7,CHI,Lovie Smith,2009_07_CHI_CIN
2009,7,CIN,Marvin Lewis,2009_07_CHI_CIN
2009,7,CLE,Eric Mangini,2009_07_GB_CLE
2009,7,DAL,Wade Phillips,2009_07_ATL_DAL
2009,7,GB,Mike McCarthy,2009_07_GB_CLE
2009,7,HOU,Gary Kubiak,2009_07_SF_HOU
2009,7,IND,Jim Caldwell,2009_07_IND_STL
2009,7,KC,Todd Haley,2009_07_SD_KC
2009,7,LA,Steve Spagnuolo,2009_07_IND_STL
2009,7,LAC,Norv Turner,2009_07_SD_KC
2009,7,LV,Tom Cable,2009_07_NYJ_OAK
2009,7,MIA,Tony Sparano,2009_07_NO_MIA
2009,7,MIN,Brad Childress,2009_07_MIN_PIT
2009,7,NE,Bill Belichick,2009_07_NE_TB
2009,7,NO,Sean Payton,2009_07_NO_MIA
2009,7,NYG,Tom Coughlin,2009_07_ARI_NYG
2009,7,NYJ,Rex Ryan,2009_07_NYJ_OAK
2009,7,PHI,Andy Reid,2009_07_PHI_WAS
2009,7,PIT,Mike Tomlin,2009_07_MIN_PIT
2009,7,SF,Mike Singletary,2009_07_SF_HOU
2009,7,TB,Raheem Morris,2009_07_NE_TB
2009,7,WAS,Jim Zorn,2009_07_PHI_WAS
2009,8,ARI,Ken Whisenhunt,2009_08_CAR_ARI
2009,8,ATL,Mike Smith,2009_08_ATL_NO
2009,8,BAL,John Harbaugh,2009_08_DEN_BAL
2009,8,BUF,Dick Jauron,2009_08_HOU_BUF
2009,8,CAR,John Fox,2009_08_CAR_ARI
2009,8,CHI,Lovie Smith,2009_08_CLE_CHI
2009,8,CLE,Eric Mangini,2009_08_CLE_CHI
2009,8,DAL,Wade Phillips,2009_08_SEA_DAL
2009,8,DEN,Josh McDaniels,2009_08_DEN_BAL
2009,8,DET,Jim Schwartz,2009_08_STL_DET
2009,8,GB,Mike McCarthy,2009_08_MIN_GB
2009,8,HOU,Gary Kubiak,2009_08_HOU_BUF
2009,8,IND,Jim Caldwell,2009_08_SF_IND
2009,8,JAX,Jack Del Rio,2009_08_JAX_TEN
2009,8,LA,Steve Spagnuolo,2009_08_STL_DET
2009,8,LAC,Norv Turner,2009_08_OAK_SD
2009,8,LV,Tom Cable,2009_08_OAK_SD
2009,8,MIA,Tony Sparano,2009_08_MIA_NYJ
2009,8,MIN,Brad Childress,2009_08_MIN_GB
2009,8,NO,Sean Payton,2009_08_ATL_NO
2009,8,NYG,Tom Coughlin,2009_08_NYG_PHI
2009,8,NYJ,Rex Ryan,2009_08_MIA_NYJ
2009,8,PHI,Andy Reid,2009_08_NYG_PHI
2009,8,SEA,Jim Mora,2009_08_SEA_DAL
2009,8,SF,Mike Singletary,2009_08_SF_IND
2009,8,TEN,Jeff Fisher,2009_08_JAX_TEN
2009,9,ARI,Ken Whisenhunt,2009_09_ARI_CHI
2009,9,ATL,Mike Smith,2009_09_WAS_ATL
2009,9,BAL,John Harbaugh,2009_09_BAL_CIN
2009,9,CAR,John Fox,2009_09_CAR_NO
2009,9,CHI,Lovie Smith,2009_09_ARI_CHI
2009,9,CIN,Marvin Lewis,2009_09_BAL_CIN
2009,9,DAL,Wade Phillips,2009_09_DAL_PHI
2009,9,DEN,Josh McDaniels,2009_09_PIT_DEN
2009,9,DET,Jim Schwartz,2009_09_DET_SEA
2009,9,GB,Mike McCarthy,2009_09_GB_TB
2009,9,HOU,Gary Kubiak,2009_09_HOU_IND
2009,9,IND,Jim Caldwell,2009_09_HOU_IND
2009,9,JAX,Jack Del Rio,2009_09_KC_JAX
2009,9,KC,Todd Haley,2009_09_KC_JAX
2009,9,LAC,Norv Turner,2009_09_SD_NYG
2009,9,MIA,Tony Sparano,2009_09_MIA_NE
2009,9,NE,Bill Belichick,2009_09_MIA_NE
2009,9,NO,Sean Payton,2009_09_CAR_NO
2009,9,NYG,Tom Coughlin,2009_09_SD_NYG
2009,9,PHI,Andy Reid,2009_09_DAL_PHI
2009,9,PIT,Mike Tomlin,2009_09_PIT_DEN
2009,9,SEA,Jim Mora,2009_09_DET_SEA
2009,9,SF,Mike Singletary,2009_09_TEN_SF
2009,9,TB,Raheem Morris,2009_09_GB_TB
2009,9,TEN,Jeff Fisher,2009_09_TEN_SF
2009,9,WAS,Jim Zorn,2009_09_WAS_ATL
2009,10,ARI,Ken Whisenhunt,2009_10_SEA_ARI
2009,10,ATL,Mike Smith,2009_10_ATL_CAR
2009,10,BAL,John Harbaugh,2009_10_BAL_CLE
2009,10,BUF,Dick Jauron,2009_10_BUF_TEN
2009,10,CAR,John Fox,2009_10_ATL_CAR
2009,10,CHI,Lovie Smith,2009_10_CHI_SF
2009,10,CIN,Marvin Lewis,2009_10_CIN_PIT
2009,10,CLE,Eric Mangini,2009_10_BAL_CLE
2009,10,DAL,Wade Phillips,2009_10_DAL_GB
2009,10,DEN,Josh McDaniels,2009_10_DEN_WAS
2009,10,DET,Jim Schwartz,2009_10_DET_MIN
2009,10,GB,Mike McCarthy,2009_10_DAL_GB
2009,10,IND,Jim Caldwell,2009_10_NE_IND
2009,10,JAX,Jack Del Rio,2009_10_JAX_NYJ
2009,10,KC,Todd Haley,2009_10_KC_OAK
2009,10,LA,Steve Spagnuolo,2009_10_NO_STL
2009,10,LAC,Norv Turner,2009_10_PHI_SD
2009,10,LV,Tom Cable,2009_10_KC_OAK
2009,10,MIA,Tony Sparano,2009_10_TB_MIA
2009,10,MIN,Brad Childress,2009_10_DET_MIN
2009,10,NE,Bill Belichick,2009_10_NE_IND
2009,10,NO,Sean Payton,2009_10_NO_STL
2009,10,NYJ,Rex Ryan,2009_10_JAX_NYJ
2009,10,PHI,Andy Reid,2009_10_PHI_SD
2009,10,PIT,Mike Tomlin,2009_10_CIN_PIT
2009,10,SEA,Jim Mora,2009_10_SEA_ARI
2009,10,SF,Mike Singletary,2009_10_CHI_SF
2009,10,TB,Raheem Morris,2009_10_TB_MIA
2009,10,TEN,Jeff Fisher,2009_10_BUF_TEN
2009,10,WAS,Jim Zorn,2009_10_DEN_WAS
2009,11,ARI,Ken Whisenhunt,2009_11_ARI_STL
2009,11,ATL,Mike Smith,2009_11_ATL_NYG
2009,11,BAL,John Harbaugh,2009_11_IND_BAL
2009,11,BUF,Perry Fewell,2009_11_BUF_JAX
2009,11,CAR,John Fox,2009_11_MIA_CAR
2009,11,CHI,Lovie Smith,2009_11_PHI_CHI
2009,11,CIN,Marvin Lewis,2009_11_CIN_OAK
2009,11,CLE,Eric Mangini,2009_11_CLE_DET
2009,11,DAL,Wade Phillips,2009_11_WAS_DAL
2009,11,DEN,Josh McDaniels,2009_11_SD_DEN
2009,11,DET,Jim Schwartz,2009_11_CLE_DET
2009,11,GB,Mike McCarthy,2009_11_SF_GB
2009,11,HOU,Gary Kubiak,2009_11_TEN_HOU
2009,11,IND,Jim Caldwell,2009_11_IND_BAL
2009,11,JAX,Jack Del Rio,2009_11_BUF_JAX
2009,11,KC,Todd Haley,2009_11_PIT_KC
2009,11,LA,Steve Spagnuolo,2009_11_ARI_STL
2009,11,LAC,Norv Turner,2009_11_SD_DEN
2009,11,LV,Tom Cable,2009_11_CIN_OAK
2009,11,MIA,Tony Sparano,2009_11_MIA_CAR
2009,11,MIN,Brad Childress,2009_11_SEA_MIN
2009,11,NE,Bill Belichick,2009_11_NYJ_NE
2009,11,NO,Sean Payton,2009_11_NO_TB
2009,11,NYG,Tom Coughlin,2009_11_ATL_NYG
2009,11,NYJ,Rex Ryan,2009_11_NYJ_NE
2009,11,PHI,Andy Reid,2009_11_PHI_CHI
2009,11,PIT,Mike Tomlin,2009_11_PIT_KC
2009,11,SEA,Jim Mora,2009_11_SEA_MIN
2009,11,SF,Mike Singletary,2009_11_SF_GB
2009,11,TB,Raheem Morris,2009_11_NO_TB
2009,11,TEN,Jeff Fisher,2009_11_TEN_HOU
2009,11,WAS,Jim Zorn,2009_11_WAS_DAL
2009,12,ARI,Ken Whisenhunt,2009_12_ARI_TEN
2009,12,ATL,Mike Smith,2009_12_TB_ATL
2009,12,BAL,John Harbaugh,2009_12_PIT_BAL
2009,12,BUF,Perry Fewell,2009_12_MIA_BUF
2009,12,CAR,John Fox,2009_12_CAR_NYJ
2009,12,CHI,Lovie Smith,2009_12_CHI_MIN
2009,12,CIN,Marvin Lewis,2009_12_CLE_CIN
2009,12,CLE,Eric Mangini,2009_12_CLE_CIN
2009,12,DAL,Wade Phillips,2009_12_OAK_DAL
2009,12,DEN,Josh McDaniels,2009_12_NYG_DEN
2009,12,DET,Jim Schwartz,2009_12_GB_DET
2009,12,GB,Mike McCarthy,2009_12_GB_DET
2009,12,HOU,Gary Kubiak,2009_12_IND_HOU
2009,12,IND,Jim Caldwell,2009_12_IND_HOU
2009,12,JAX,Jack Del Rio,2009_12_JAX_SF
2009,12,KC,Todd Haley,2009_12_KC_SD
2009,12,LA,Steve Spagnuolo,2009_12_SEA_STL
2009,12,LAC,Norv Turner,2009_12_KC_SD
2009,12,LV,Tom Cable,2009_12_OAK_DAL
2009,12,MIA,Tony Sparano,2009_12_MIA_BUF
2009,12,MIN,Brad Childress,2009_12_CHI_MIN
2009,12,NE,Bill Belichick,2009_12_NE_NO
2009,12,NO,Sean Payton,2009_12_NE_NO
2009,12,NYG,Tom Coughlin,2009_12_NYG_DEN
2009,12,NYJ,Rex Ryan,2009_12_CAR_NYJ
2009,12,PHI,Andy Reid,2009_12_WAS_PHI
2009,12,PIT,Mike Tomlin,2009_12_PIT_BAL
2009,12,SEA,Jim Mora,2009_12_SEA_STL
2009,12,SF,Mike Singletary,2009_12_JAX_SF
2009,12,TB,Raheem Morris,2009_12_TB_ATL
2009,12,TEN,Jeff Fisher,2009_12_ARI_TEN
2009,12,WAS,Jim Zorn,2009_12_WAS_PHI
2009,13,ARI,Ken Whisenhunt,2009_13_MIN_ARI
2009,13,ATL,Mike Smith,2009_13_PHI_ATL
2009,13,BAL,John Harbaugh,2009_13_BAL_GB
2009,13,BUF,Perry Fewell,2009_13_NYJ_BUF
2009,13,CAR,John Fox,2009_13_TB_CAR
2009,13,CHI,Lovie Smith,2009_13_STL_CHI
2009,13,CIN,Marvin Lewis,2009_13_DET_CIN
2009,13,CLE,Eric Mangini,2009_13_SD_CLE
2009,13,DAL,Wade Phillips,2009_13_DAL_NYG
2009,13,DEN,Josh McDaniels,2009_13_DEN_KC
2009,13,DET,Jim Schwartz,2009_13_DET_CIN
2009,13,GB,Mike McCarthy,2009_13_BAL_GB
2009,13,HOU,Gary Kubiak,2009_13_HOU_JAX
2009,13,IND,Jim Caldwell,2009_13_TEN_IND
2009,13,JAX,Jack Del Rio,2009_13_HOU_JAX
2009,13,KC,Todd Haley,2009_13_DEN_KC
2009,13,LA,Steve Spagnuolo,2009_13_STL_CHI
2009,13,LAC,Norv Turner,2009_13_SD_CLE
2009,13,LV,Tom Cable,2009_13_OAK_PIT
2009,13,MIA,Tony Sparano,2009_13_NE_MIA
2009,13,MIN,Brad Childress,2009_13_MIN_ARI
2009,13,NE,Bill Belichick,2009_13_NE_MIA
2009,13,NO,Sean Payton,2009_13_NO_WAS
2009,13,NYG,Tom Coughlin,2009_13_DAL_NYG
2009,13,NYJ,Rex Ryan,2009_13_NYJ_BUF
2009,13,PHI,Andy Reid,2009_13_PHI_ATL
2009,13,PIT,Mike Tomlin,2009_13_OAK_PIT
2009,13,SEA,Jim Mora,2009_13_SF_SEA
2009,13,SF,Mike Singletary,2009_13_SF_SEA
2009,13,TB,Raheem Morris,2009_13_TB_CAR
2009,13,TEN,Jeff Fisher,2009_13_TEN_IND
2009,13,WAS,Jim Zorn,2009_13_NO_WAS
2009,14,ARI,Ken Whisenhunt,2009_14_ARI_SF
2009,14,ATL,Mike Smith,2009_14_NO_ATL
2009,14,BAL,John Harbaugh,2009_14_DET_BAL
2009,14,BUF,Perry Fewell,2009_14_BUF_KC
2009,14,CAR,John Fox,2009_14_CAR_NE
2009,14,CHI,Lovie Smith,2009_14_GB_CHI
2009,14,CIN,Marvin Lewis,2009_14_CIN_MIN
2009,14,CLE,Eric Mangini,2009_14_PIT_CLE
2009,14,DAL,Wade Phillips,2009_14_SD_DAL
2009,14,DEN,Josh McDaniels,2009_14_DEN_IND
2009,14,DET,Jim Schwartz,2009_14_DET_BAL
2009,14,GB,Mike McCarthy,2009_14_GB_CHI
2009,14,HOU,Gary Kubiak,2009_14_SEA_HOU
2009,14,IND,Jim Caldwell,2009_14_DEN_IND
2009,14,JAX,Jack Del Rio,2009_14_MIA_JAX
2009,14,KC,Todd Haley,2009_14_BUF_KC
2009,14,LA,Steve Spagnuolo,2009_14_STL_TEN
2009,14,LAC,Norv Turner,2009_14_SD_DAL
2009,14,LV,Tom Cable,2009_14_WAS_OAK
2009,14,MIA,Tony Sparano,2009_14_MIA_JAX
2009,14,MIN,Brad Childress,2009_14_CIN_MIN
2009,14,NE,Bill Belichick,2009_14_CAR_NE
2009,14,NO,Sean Payton,2009_14_NO_ATL
2009,14,NYG,Tom Coughlin,2009_14_PHI_NYG
2009,14,NYJ,Rex Ryan,2009_14_NYJ_TB
2009,14,PHI,Andy Reid,2009_14_PHI_NYG
2009,14,PIT,Mike Tomlin,2009_14_PIT_CLE
2009,14,SEA,Jim Mora,2009_14_SEA_HOU
2009,14,SF,Mike Singletary,2009_14_ARI_SF
2009,14,TB,Raheem Morris,2009_14_NYJ_TB
2009,14,TEN,Jeff Fisher,2009_14_STL_TEN
2009,14,WAS,Jim Zorn,2009_14_WAS_OAK
2009,15,ARI,Ken Whisenhunt,2009_15_ARI_DET
2009,15,ATL,Mike Smith,2009_15_ATL_NYJ
2009,15,BAL,John Harbaugh,2009_15_CHI_BAL
2009,15,BUF,Perry Fewell,2009_15_NE_BUF
2009,15,CAR,John Fox,2009_15_MIN_CAR
2009,15,CHI,Lovie Smith,2009_15_CHI_BAL
2009,15,CIN,Marvin Lewis,2009_15_CIN_SD
2009,15,CLE,Eric Mangini,2009_15_CLE_KC
2009,15,DAL,Wade Phillips,2009_15_DAL_NO
2009,15,DEN,Josh McDaniels,2009_15_OAK_DEN
2009,15,DET,Jim Schwartz,2009_15_ARI_DET
2009,15,GB,Mike McCarthy,2009_15_GB_PIT
2009,15,HOU,Gary Kubiak,2009_15_HOU_STL
2009,15,IND,Jim Caldwell,2009_15_IND_JAX
2009,15,JAX,Jack Del Rio,2009_15_IND_JAX
2009,15,KC,Todd Haley,2009_15_CLE_KC
2009,15,LA,Steve Spagnuolo,2009_15_HOU_STL
2009,15,LAC,Norv Turner,2009_15_CIN_SD
2009,15,LV,Tom Cable,2009_15_OAK_DEN
2009,15,MIA,Tony Sparano,2009_15_MIA_TEN
2009,15,MIN,Brad Childress,2009_15_MIN_CAR
2009,15,NE,Bill Belichick,2009_15_NE_BUF
2009,15,NO,Sean Payton,2009_15_DAL_NO
2009,15,NYG,Tom Coughlin,2009_15_NYG_WAS
2009,15,NYJ,Rex Ryan,2009_15_ATL_NYJ
2009,15,PHI,Andy Reid,2009_15_SF_PHI
2009,15,PIT,Mike Tomlin,2009_15_GB_PIT
2009,15,SEA,Jim Mora,2009_15_TB_SEA
2009,15,SF,Mike Singletary,2009_15_SF_PHI
2009,15,TB,Raheem Morris,2009_15_TB_SEA
2009,15,TEN,Jeff Fisher,2009_15_MIA_TEN
2009,15,WAS,Jim Zorn,2009_15_NYG_WAS
2009,16,ARI,Ken Whisenhunt,2009_16_STL_ARI
2009,16,ATL,Mike Smith,2009_16_BUF_ATL
2009,16,BAL,John Harbaugh,2009_16_BAL_PIT
2009,16,BUF,Perry Fewell,2009_16_BUF_ATL
2009,16,CAR,John Fox,2009_16_CAR_NYG
2009,16,CHI,Lovie Smith,2009_16_MIN_CHI
2009,16,CIN,Marvin Lewis,2009_16_KC_CIN
2009,16,CLE,Eric Mangini,2009_16_OAK_CLE
2009,16,DAL,Wade Phillips,2009_16_DAL_WAS
2009,16,DEN,Josh McDaniels,2009_16_DEN_PHI
2009,16,DET,Jim Schwartz,2009_16_DET_SF
2009,16,GB,Mike McCarthy,2009_16_SEA_GB
2009,16,HOU,Gary Kubiak,2009_16_HOU_MIA
2009,16,IND,Jim Caldwell,2009_16_NYJ_IND
2009,16,JAX,Jack Del Rio,2009_16_JAX_NE
2009,16,KC,Todd Haley,2009_16_KC_CIN
2009,16,LA,Steve Spagnuolo,2009_16_STL_ARI
2009,16,LAC,Norv Turner,2009_16_SD_TEN
2009,16,LV,Tom Cable,2009_16_OAK_CLE
2009,16,MIA,Tony Sparano,2009_16_HOU_MIA
2009,16,MIN,Brad Childress,2009_16_MIN_CHI
2009,16,NE,Bill Belichick,2009_16_JAX_NE
2009,16,NO,Sean Payton,2009_16_TB_NO
2009,16,NYG,Tom Coughlin,2009_16_CAR_NYG
2009,16,NYJ,Rex Ryan,2009_16_NYJ_IND
2009,16,PHI,Andy Reid,2009_16_DEN_PHI
2009,16,PIT,Mike Tomlin,2009_16_BAL_PIT
2009,16,SEA,Jim Mora,2009_16_SEA_GB
2009,16,SF,Mike Singletary,2009_16_DET_SF
2009,16,TB,Raheem Morris,2009_16_TB_NO
2009,16,TEN,Jeff Fisher,2009_16_SD_TEN
2009,16,WAS,Jim Zorn,2009_16_DAL_WAS
2009,17,ARI,Ken Whisenhunt,2009_17_GB_ARI
2009,17,ATL,Mike Smith,2009_17_ATL_TB
2009,17,BAL,John Harbaugh,2009_17_BAL_OAK
2009,17,BUF,Perry Fewell,2009_17_IND_BUF
2009,17,CAR,John Fox,2009_17_NO_CAR
2009,17,CHI,Lovie Smith,2009_17_CHI_DET
2009,17,CIN,Marvin Lewis,2009_17_CIN_NYJ
2009,17,CLE,Eric Mangini,2009_17_JAX_CLE
2009,17,DAL,Wade Phillips,2009_17_PHI_DAL
2009,17,DEN,Josh McDaniels,2009_17_KC_DEN
2009,17,DET,Jim Schwartz,2009_17_CHI_DET
2009,17,GB,Mike McCarthy,2009_17_GB_ARI
2009,17,HOU,Gary Kubiak,2009_17_NE_HOU
2009,17,IND,Jim Caldwell,2009_17_IND_BUF
2009,17,JAX,Jack Del Rio,2009_17_JAX_CLE
2009,17,KC,Todd Haley,2009_17_KC_DEN
2009,17,LA,Steve Spagnuolo,2009_17_SF_STL
2009,17,LAC,Norv Turner,2009_17_WAS_SD
2009,17,LV,Tom Cable,2009_17_BAL_OAK
2009,17,MIA,Tony Sparano,2009_17_PIT_MIA
2009,17,MIN,Brad Childress,2009_17_NYG_MIN
2009,17,NE,Bill Belichick,2009_17_NE_HOU
2009,17,NO,Sean Payton,2009_17_NO_CAR
2009,17,NYG,Tom Coughlin,2009_17_NYG_MIN
2009,17,NYJ,Rex Ryan,2009_17_CIN_NYJ
2009,17,PHI,Andy Reid,2009_17_PHI_DAL
2009,17,PIT,Mike Tomlin,2009_17_PIT_MIA
2009,17,SEA,Jim Mora,2009_17_TEN_SEA
2009,17,SF,Mike Singletary,2009_17_SF_STL
2009,17,TB,Raheem Morris,2009_17_ATL_TB
2009,17,TEN,Jeff Fisher,2009_17_TEN_SEA
2009,17,WAS,Jim Zorn,2009_17_WAS_SD
2010,1,ARI,Ken Whisenhunt,2010_01_ARI_STL
2010,1,ATL,Mike Smith,2010_01_ATL_PIT
2010,1,BAL,John Harbaugh,2010_01_BAL_NYJ
2010,1,BUF,Chan Gailey,2010_01_MIA_BUF
2010,1,CAR,John Fox,2010_01_CAR_NYG
2010,1,CHI,Lovie Smith,2010_01_DET_CHI
2010,1,CIN,Marvin Lewis,2010_01_CIN_NE
2010,1,CLE,Eric Mangini,2010_01_CLE_TB
2010,1,DAL,Wade Phillips,2010_01_DAL_WAS
2010,1,DEN,Josh McDaniels,2010_01_DEN_JAX
2010,1,DET,Jim Schwartz,2010_01_DET_CHI
2010,1,GB,Mike McCarthy,2010_01_GB_PHI
2010,1,HOU,Gary Kubiak,2010_01_IND_HOU
2010,1,IND,Jim Caldwell,2010_01_IND_HOU
2010,1,JAX,Jack Del Rio,2010_01_DEN_JAX
2010,1,KC,Todd Haley,2010_01_SD_KC
2010,1,LA,Steve Spagnuolo,2010_01_ARI_STL
2010,1,LAC,Norv Turner,2010_01_SD_KC
2010,1,LV,Tom Cable,2010_01_OAK_TEN
2010,1,MIA,Tony Sparano,2010_01_MIA_BUF
2010,1,MIN,Brad Childress,2010_01_MIN_NO
2010,1,NE,Bill Belichick,2010_01_CIN_NE
2010,1,NO,Sean Payton,2010_01_MIN_NO
2010,1,NYG,Tom Coughlin,2010_01_CAR_NYG
2010,1,NYJ,Rex Ryan,2010_01_BAL_NYJ
2010,1,PHI,Andy Reid,2010_01_GB_PHI
2010,1,PIT,Mike Tomlin,2010_01_ATL_PIT
2010,1,SEA,Pete Carroll,2010_01_SF_SEA
2010,1,SF,Mike Singletary,2010_01_SF_SEA
2010,1,TB,Raheem Morris,2010_01_CLE_TB
2010,1,TEN,Jeff Fisher,2010_01_OAK_TEN
2010,1,WAS,Mike Shanahan,2010_01_DAL_WAS
2010,2,ARI,Ken Whisenhunt,2010_02_ARI_ATL
2010,2,ATL,Mike Smith,2010_02_ARI_ATL
2010,2,BAL,John Harbaugh,2010_02_BAL_CIN
2010,2,BUF,Chan Gailey,2010_02_BUF_GB
2010,2,CAR,John Fox,2010_02_TB_CAR
2010,2,CHI,Lovie Smith,2010_02_CHI_DAL
2010,2,CIN,Marvin Lewis,2010_02_BAL_CIN
2010,2,CLE,Eric Mangini,2010_02_KC_CLE
2010,2,DAL,Wade Phillips,2010_02_CHI_DAL
2010,2,DEN,Josh McDaniels,2010_02_SEA_DEN
2010,2,DET,Jim Schwartz,2010_02_PHI_DET
2010,2,GB,Mike McCarthy,2010_02_BUF_GB
2010,2,HOU,Gary Kubiak,2010_02_HOU_WAS
2010,2,IND,Jim Caldwell,2010_02_NYG_IND
2010,2,JAX,Jack Del Rio,2010_02_JAX_SD
2010,2,KC,Todd Haley,2010_02_KC_CLE
2010,2,LA,Steve Spagnuolo,2010_02_STL_OAK
2010,2,LAC,Norv Turner,2010_02_JAX_SD
2010,2,LV,Tom Cable,2010_02_STL_OAK
2010,2,MIA,Tony Sparano,2010_02_MIA_MIN
2010,2,MIN,Brad Childress,2010_02_MIA_MIN
2010,2,NE,Bill Belichick,2010_02_NE_NYJ
2010,2,NO,Sean Payton,2010_02_NO_SF
2010,2,NYG,Tom Coughlin,2010_02_NYG_IND
2010,2,NYJ,Rex Ryan,2010_02_NE_NYJ
2010,2,PHI,Andy Reid,2010_02_PHI_DET
2010,2,PIT,Mike Tomlin,2010_02_PIT_TEN
2010,2,SEA,Pete Carroll,2010_02_SEA_DEN
2010,2,SF,Mike Singletary,2010_02_NO_SF
2010,2,TB,Raheem Morris,2010_02_TB_CAR
2010,2,TEN,Jeff Fisher,2010_02_PIT_TEN
2010,2,WAS,Mike Shanahan,2010_02_HOU_WAS
2010,3,ARI,Ken Whisenhunt,2010_03_OAK_ARI
2010,3,ATL,Mike Smith,2010_03_ATL_NO
2010,3,BAL,John Harbaugh,2010_03_CLE_BAL
2010,3,BUF,Chan Gailey,2010_03_BUF_NE
2010,3,CAR,John Fox,2010_03_CIN_CAR
2010,3,CHI,Lovie Smith,2010_03_GB_CHI
2010,3,CIN,Marvin Lewis,2010_03_CIN_CAR
2010,3,CLE,Eric Mangini,2010_03_CLE_BAL
2010,3,DAL,Wade Phillips,2010_03_DAL_HOU
2010,3,DEN,Josh McDaniels,2010_03_IND_DEN
2010,3,DET,Jim Schwartz,2010_03_DET_MIN
2010,3,GB,Mike McCarthy,2010_03_GB_CHI
2010,3,HOU,Gary Kubiak,2010_03_DAL_HOU
2010,3,IND,Jim Caldwell,2010_03_IND_DEN
2010,3,JAX,Jack Del Rio,2010_03_PHI_JAX
2010,3,KC,Todd Haley,2010_03_SF_KC
2010,3,LA,Steve Spagnuolo,2010_03_WAS_STL
2010,3,LAC,Norv Turner,2010_03_SD_SEA
2010,3,LV,Tom Cable,2010_03_OAK_ARI
2010,3,MIA,Tony Sparano,2010_03_NYJ_MIA
2010,3,MIN,Brad Childress,2010_03_DET_MIN
2010,3,NE,Bill Belichick,2010_03_BUF_NE
2010,3,NO,Sean Payton,2010_03_ATL_NO
2010,3,NYG,Tom Coughlin,2010_03_TEN_NYG
2010,3,NYJ,Rex Ryan,2010_03_NYJ_MIA
2010,3,PHI,Andy Reid,2010_03_PHI_JAX
2010,3,PIT,Mike Tomlin,2010_03_PIT_TB
2010,3,SEA,Pete Carroll,2010_03_SD_SEA
2010,3,SF,Mike Singletary,2010_03_SF_KC
2010,3,TB,Raheem Morris,2010_03_PIT_TB
2010,3,TEN,Jeff Fisher,2010_03_TEN_NYG
2010,3,WAS,Mike Shanahan,2010_03_WAS_STL
2010,4,ARI,Ken Whisenhunt,2010_04_ARI_SD
2010,4,ATL,Mike Smith,2010_04_SF_ATL
2010,4,BAL,John Harbaugh,2010_04_BAL_PIT
2010,4,BUF,Chan Gailey,2010_04_NYJ_BUF
2010,4,CAR,John Fox,2010_04_CAR_NO
2010,4,CHI,Lovie Smith,2010_04_CHI_NYG
2010,4,CIN,Marvin Lewis,2010_04_CIN_CLE
2010,4,CLE,Eric Mangini,2010_04_CIN_CLE
2010,4,DEN,Josh McDaniels,2010_04_DEN_TEN
2010,4,DET,Jim Schwartz,2010_04_DET_GB
2010,4,GB,Mike McCarthy,2010_04_DET_GB
2010,4,HOU,Gary Kubiak,2010_04_HOU_OAK
2010,4,IND,Jim Caldwell,2010_04_IND_JAX
2010,4,JAX,Jack Del Rio,2010_04_IND_JAX
2010,4,LA,Steve Spagnuolo,2010_04_SEA_STL
2010,4,LAC,Norv Turner,2010_04_ARI_SD
2010,4,LV,Tom Cable,2010_04_HOU_OAK
2010,4,MIA,Tony Sparano,2010_04_NE_MIA
2010,4,NE,Bill Belichick,2010_04_NE_MIA
2010,4,NO,Sean Payton,2010_04_CAR_NO
2010,4,NYG,Tom Coughlin,2010_04_CHI_NYG
2010,4,NYJ,Rex Ryan,2010_04_NYJ_BUF
2010,4,PHI,Andy Reid,2010_04_WAS_PHI
2010,4,PIT,Mike Tomlin,2010_04_BAL_PIT
2010,4,SEA,Pete Carroll,2010_04_SEA_STL
2010,4,SF,Mike Singletary,2010_04_SF_ATL
2010,4,TEN,Jeff Fisher,2010_04_DEN_TEN
2010,4,WAS,Mike Shanahan,2010_04_WAS_PHI
2010,5,ARI,Ken Whisenhunt,2010_05_NO_ARI
2010,5,ATL,Mike Smith,2010_05_ATL_CLE
2010,5,BAL,John Harbaugh,2010_05_DEN_BAL
2010,5,BUF,Chan Gailey,2010_05_JAX_BUF
2010,5,CAR,John Fox,2010_05_CHI_CAR
2010,5,CHI,Lovie Smith,2010_05_CHI_CAR
2010,5,CIN,Marvin Lewis,2010_05_TB_CIN
2010,5,CLE,Eric Mangini,2010_05_ATL_CLE
2010,5,DAL,Wade Phillips,2010_05_TEN_DAL
2010,5,DEN,Josh McDaniels,2010_05_DEN_BAL
2010,5,DET,Jim Schwartz,2010_05_STL_DET
2010,5,GB,Mike McCarthy,2010_05_GB_WAS
2010,5,HOU,Gary Kubiak,2010_05_NYG_HOU
2010,5,IND,Jim Caldwell,2010_05_KC_IND
2010,5,JAX,Jack Del Rio,2010_05_JAX_BUF
2010,5,KC,Todd Haley,2010_05_KC_IND
2010,5,LA,Steve Spagnuolo,2010_05_STL_DET
2010,5,LAC,Norv Turner,2010_05_SD_OAK
2010,5,LV,Tom Cable,2010_05_SD_OAK
2010,5,MIN,Brad Childress,2010_05_MIN_NYJ
2010,5,NO,Sean Payton,2010_05_NO_ARI
2010,5,NYG,Tom Coughlin,2010_05_NYG_HOU
2010,5,NYJ,Rex Ryan,2010_05_MIN_NYJ
2010,5,PHI,Andy Reid,2010_05_PHI_SF
2010,5,SF,Mike Singletary,2010_05_PHI_SF
2010,5,TB,Raheem Morris,2010_05_TB_CIN
2010,5,TEN,Jeff Fisher,2010_05_TEN_DAL
2010,5,WAS,Mike Shanahan,2010_05_GB_WAS
2010,6,ATL,Mike Smith,2010_06_ATL_PHI
2010,6,BAL,John Harbaugh,2010_06_BAL_NE
2010,6,CHI,Lovie Smith,2010_06_SEA_CHI
2010,6,CLE,Eric Mangini,2010_06_CLE_PIT
2010,6,DAL,Wade Phillips,2010_06_DAL_MIN
2010,6,DEN,Josh McDaniels,2010_06_NYJ_DEN
2010,6,DET,Jim Schwartz,2010_06_DET_NYG
2010,6,GB,Mike McCarthy,2010_06_MIA_GB
2010,6,HOU,Gary Kubiak,2010_06_KC_HOU
2010,6,IND,Jim Caldwell,2010_06_IND_WAS
2010,6,JAX,Jack Del Rio,2010_06_TEN_JAX
2010,6,KC,Todd Haley,2010_06_KC_HOU
2010,6,LA,Steve Spagnuolo,2010_06_SD_STL
2010,6,LAC,Norv Turner,2010_06_SD_STL
2010,6,LV,Tom Cable,2010_06_OAK_SF
2010,6,MIA,Tony Sparano,2010_06_MIA_GB
2010,6,MIN,Brad Childress,2010_06_DAL_MIN
2010,6,NE,Bill Belichick,2010_06_BAL_NE
2010,6,NO,Sean Payton,2010_06_NO_TB
2010,6,NYG,Tom Coughlin,2010_06_DET_NYG
2010,6,NYJ,Rex Ryan,2010_06_NYJ_DEN
2010,6,PHI,Andy Reid,2010_06_ATL_PHI
2010,6,PIT,Mike Tomlin,2010_06_CLE_PIT
2010,6,SEA,Pete Carroll,2010_06_SEA_CHI
2010,6,SF,Mike Singletary,2010_06_OAK_SF
2010,6,TB,Raheem Morris,2010_06_NO_TB
2010,6,TEN,Jeff Fisher,2010_06_TEN_JAX
2010,6,WAS,Mike Shanahan,2010_06_IND_WAS
2010,7,ARI,Ken Whisenhunt,2010_07_ARI_SEA
2010,7,ATL,Mike Smith,2010_07_CIN_ATL
2010,7,BAL,John Harbaugh,2010_07_BUF_BAL
2010,7,BUF,Chan Gailey,2010_07_BUF_BAL
2010,7,CAR,John Fox,2010_07_SF_CAR
2010,7,CHI,Lovie Smith,2010_07_WAS_CHI
2010,7,CIN,Marvin Lewis,2010_07_CIN_ATL
2010,7,CLE,Eric Mangini,2010_07_CLE_NO
2010,7,DAL,Wade Phillips,2010_07_NYG_DAL
2010,7,DEN,Josh McDaniels,2010_07_OAK_DEN
2010,7,GB,Mike McCarthy,2010_07_MIN_GB
2010,7,JAX,Jack Del Rio,2010_07_JAX_KC
2010,7,KC,Todd Haley,2010_07_JAX_KC
2010,7,LA,Steve Spagnuolo,2010_07_STL_TB
2010,7,LAC,Norv Turner,2010_07_NE_SD
2010,7,LV,Tom Cable,2010_07_OAK_DEN
2010,7,MIA,Tony Sparano,2010_07_PIT_MIA
2010,7,MIN,Brad Childress,2010_07_MIN_GB
2010,7,NE,Bill Belichick,2010_07_NE_SD
2010,7,NO,Sean Payton,2010_07_CLE_NO
2010,7,NYG,Tom Coughlin,2010_07_NYG_DAL
2010,7,PHI,Andy Reid,2010_07_PHI_TEN
2010,7,PIT,Mike Tomlin,2010_07_PIT_MIA
2010,7,SEA,Pete Carroll,2010_07_ARI_SEA
2010,7,SF,Mike Singletary,2010_07_SF_CAR
2010,7,TB,Raheem Morris,2010_07_STL_TB
2010,7,TEN,Jeff Fisher,2010_07_PHI_TEN
2010,7,WAS,Mike Shanahan,2010_07_WAS_CHI
2010,8,ARI,Ken Whisenhunt,2010_08_TB_ARI
2010,8,BUF,Chan Gailey,2010_08_BUF_KC
2010,8,CAR,John Fox,2010_08_CAR_STL
2010,8,CIN,Marvin Lewis,2010_08_MIA_CIN
2010,8,DAL,Wade Phillips,2010_08_JAX_DAL
2010,8,DEN,Josh McDaniels,2010_08_DEN_SF
2010,8,DET,Jim Schwartz,2010_08_WAS_DET
2010,8,GB,Mike McCarthy,2010_08_GB_NYJ
2010,8,HOU,Gary Kubiak,2010_08_HOU_IND
2010,8,IND,Jim Caldwell,2010_08_HOU_IND
2010,8,JAX,Jack Del Rio,2010_08_JAX_DAL
2010,8,KC,Todd Haley,2010_08_BUF_KC
2010,8,LA,Steve Spagnuolo,2010_08_CAR_STL
2010,8,LAC,Norv Turner,2010_08_TEN_SD
2010,8,LV,Tom Cable,2010_08_SEA_OAK
2010,8,MIA,Tony Sparano,2010_08_MIA_CIN
2010,8,MIN,Brad Childress,2010_08_MIN_NE
2010,8,NE,Bill Belichick,2010_08_MIN_NE
2010,8,NO,Sean Payton,2010_08_PIT_NO
2010,8,NYJ,Rex Ryan,2010_08_GB_NYJ
2010,8,PIT,Mike Tomlin,2010_08_PIT_NO
2010,8,SEA,Pete Carroll,2010_08_SEA_OAK
2010,8,SF,Mike Singletary,2010_08_DEN_SF
2010,8,TB,Raheem Morris,2010_08_TB_ARI
2010,8,TEN,Jeff Fisher,2010_08_TEN_SD
2010,8,WAS,Mike Shanahan,2010_08_WAS_DET
2010,9,ARI,Ken Whisenhunt,2010_09_ARI_MIN
2010,9,ATL,Mike Smith,2010_09_TB_ATL
2010,9,BAL,John Harbaugh,2010_09_MIA_BAL
2010,9,BUF,Chan Gailey,2010_09_CHI_BUF
2010,9,CAR,John Fox,2010_09_NO_CAR
2010,9,CHI,Lovie Smith,2010_09_CHI_BUF
2010,9,CIN,Marvin Lewis,2010_09_PIT_CIN
2010,9,CLE,Eric Mangini,2010_09_NE_CLE
2010,9,DAL,Wade Phillips,2010_09_DAL_GB
2010,9,DET,Jim Schwartz,2010_09_NYJ_DET
2010,9,GB,Mike McCarthy,2010_09_DAL_GB
2010,9,HOU,Gary Kubiak,2010_09_SD_HOU
2010,9,IND,Jim Caldwell,2010_09_IND_PHI
2010,9,KC,Todd Haley,2010_09_KC_OAK
2010,9,LAC,Norv Turner,2010_09_SD_HOU
2010,9,LV,Tom Cable,2010_09_KC_OAK
2010,9,MIA,Tony Sparano,2010_09_MIA_BAL
2010,9,MIN,Brad Childress,2010_09_ARI_MIN
2010,9,NE,Bill Belichick,2010_09_NE_CLE
2010,9,NO,Sean Payton,2010_09_NO_CAR
2010,9,NYG,Tom Coughlin,2010_09_NYG_SEA
2010,9,NYJ,Rex Ryan,2010_09_NYJ_DET
2010,9,PHI,Andy Reid,2010_09_IND_PHI
2010,9,PIT,Mike Tomlin,2010_09_PIT_CIN
2010,9,SEA,Pete Carroll,2010_09_NYG_SEA
2010,9,TB,Raheem Morris,2010_09_TB_ATL
2010,10,ARI,Ken Whisenhunt,2010_10_SEA_ARI
2010,10,ATL,Mike Smith,2010_10_BAL_ATL
2010,10,BAL,John Harbaugh,2010_10_BAL_ATL
2010,10,BUF,Chan Gailey,2010_10_DET_BUF
2010,10,CAR,John Fox,2010_10_CAR_TB
2010,10,CHI,Lovie Smith,2010_10_MIN_CHI
2010,10,CIN,Marvin Lewis,2010_10_CIN_IND
2010,10,CLE,Eric Mangini,2010_10_NYJ_CLE
2010,10,DAL,Jason Garrett,2010_10_DAL_NYG
2010,10,DEN,Josh McDaniels,2010_10_KC_DEN
2010,10,DET,Jim Schwartz,2010_10_DET_BUF
2010,10,HOU,Gary Kubiak,2010_10_HOU_JAX
2010,10,IND,Jim Caldwell,2010_10_CIN_IND
2010,10,JAX,Jack Del Rio,2010_10_HOU_JAX
2010,10,KC,Todd Haley,2010_10_KC_DEN
2010,10,LA,Steve Spagnuolo,2010_10_STL_SF
2010,10,MIA,Tony Sparano,2010_10_TEN_MIA
2010,10,MIN,Brad Childress,2010_10_MIN_CHI
2010,10,NE,Bill Belichick,2010_10_NE_PIT
2010,10,NYG,Tom Coughlin,2010_10_DAL_NYG
2010,10,NYJ,Rex Ryan,2010_10_NYJ_CLE
2010,10,PHI,Andy Reid,2010_10_PHI_WAS
2010,10,PIT,Mike Tomlin,2010_10_NE_PIT
2010,10,SEA,Pete Carroll,2010_10_SEA_ARI
2010,10,SF,Mike Singletary,2010_10_STL_SF
2010,10,TB,Raheem Morris,2010_10_CAR_TB
2010,10,TEN,Jeff Fisher,2010_10_TEN_MIA
2010,10,WAS,Mike Shanahan,2010_10_PHI_WAS
2010,11,ARI,Ken Whisenhunt,2010_11_ARI_KC
2010,11,ATL,Mike Smith,2010_11_ATL_STL
2010,11,BAL,John Harbaugh,2010_11_BAL_CAR
2010,11,BUF,Chan Gailey,2010_11_BUF_CIN
2010,11,CAR,John Fox,2010_11_BAL_CAR
2010,11,CHI,Lovie Smith,2010_11_CHI_MIA
2010,11,CIN,Marvin Lewis,2010_11_BUF_CIN
2010,11,CLE,Eric Mangini,2010_11_CLE_JAX
2010,11,DAL,Jason Garrett,2010_11_DET_DAL
2010,11,DEN,Josh McDaniels,2010_11_DEN_SD
2010,11,DET,Jim Schwartz,2010_11_DET_DAL
2010,11,GB,Mike McCarthy,2010_11_GB_MIN
2010,11,HOU,Gary Kubiak,2010_11_HOU_NYJ
2010,11,IND,Jim Caldwell,2010_11_IND_NE
2010,11,JAX,Jack Del Rio,2010_11_CLE_JAX
2010,11,KC,Todd Haley,2010_11_ARI_KC
2010,11,LA,Steve Spagnuolo,2010_11_ATL_STL
2010,11,LAC,Norv Turner,2010_11_DEN_SD
2010,11,LV,Tom Cable,2010_11_OAK_PIT
2010,11,MIA,Tony Sparano,2010_11_CHI_MIA
2010,11,MIN,Brad Childress,2010_11_GB_MIN
2010,11,NE,Bill Belichick,2010_11_IND_NE
2010,11,NO,Sean Payton,2010_11_SEA_NO
2010,11,NYG,Tom Coughlin,2010_11_NYG_PHI
2010,11,NYJ,Rex Ryan,2010_11_HOU_NYJ
2010,11,PHI,Andy Reid,2010_11_NYG_PHI
2010,11,PIT,Mike Tomlin,2010_11_OAK_PIT
2010,11,SEA,Pete Carroll,2010_11_SEA_NO
2010,11,SF,Mike Singletary,2010_11_TB_SF
2010,11,TB,Raheem Morris,2010_11_TB_SF
2010,11,TEN,Jeff Fisher,2010_11_WAS_TEN
2010,11,WAS,Mike Shanahan,2010_11_WAS_TEN
2010,12,ARI,Ken Whisenhunt,2010_12_SF_ARI
2010,12,ATL,Mike Smith,2010_12_GB_ATL
2010,12,BAL,John Harbaugh,2010_12_TB_BAL
2010,12,BUF,Chan Gailey,2010_12_PIT_BUF
2010,12,CAR,John Fox,2010_12_CAR_CLE
2010,12,CHI,Lovie Smith,2010_12_PHI_CHI
2010,12,CIN,Marvin Lewis,2010_12_CIN_NYJ
2010,12,CLE,Eric Mangini,2010_12_CAR_CLE
2010,12,DAL,Jason Garrett,2010_12_NO_DAL
2010,12,DEN,Josh McDaniels,2010_12_STL_DEN
2010,12,DET,Jim Schwartz,2010_12_NE_DET
2010,12,GB,Mike McCarthy,2010_12_GB_ATL
2010,12,HOU,Gary Kubiak,2010_12_TEN_HOU
2010,12,IND,Jim Caldwell,2010_12_SD_IND
2010,12,JAX,Jack Del Rio,2010_12_JAX_NYG
2010,12,KC,Todd Haley,2010_12_KC_SEA
2010,12,LA,Steve Spagnuolo,2010_12_STL_DEN
2010,12,LAC,Norv Turner,2010_12_SD_IND
2010,12,LV,Tom Cable,2010_12_MIA_OAK
2010,12,MIA,Tony Sparano,2010_12_MIA_OAK
2010,12,MIN,Leslie Frazier,2010_12_MIN_WAS
2010,12,NE,Bill Belichick,2010_12_NE_DET
2010,12,NO,Sean Payton,2010_12_NO_DAL
2010,12,NYG,Tom Coughlin,2010_12_JAX_NYG
2010,12,NYJ,Rex Ryan,2010_12_CIN_NYJ
2010,12,PHI,Andy Reid,2010_12_PHI_CHI
2010,12,PIT,Mike Tomlin,2010_12_PIT_BUF
2010,12,SEA,Pete Carroll,2010_12_KC_SEA
2010,12,SF,Mike Singletary,2010_12_SF_ARI
2010,12,TB,Raheem Morris,2010_12_TB_BAL
2010,12,TEN,Jeff Fisher,2010_12_TEN_HOU
2010,12,WAS,Mike Shanahan,2010_12_MIN_WAS
2010,13,ARI,Ken Whisenhunt,2010_13_STL_ARI
2010,13,ATL,Mike Smith,2010_13_ATL_TB
2010,13,BAL,John Harbaugh,2010_13_PIT_BAL
2010,13,BUF,Chan Gailey,2010_13_BUF_MIN
2010,13,CAR,John Fox,2010_13_CAR_SEA
2010,13,CHI,Lovie Smith,2010_13_CHI_DET
2010,13,CIN,Marvin Lewis,2010_13_NO_CIN
2010,13,CLE,Eric Mangini,2010_13_CLE_MIA
2010,13,DAL,Jason Garrett,2010_13_DAL_IND
2010,13,DEN,Josh McDaniels,2010_13_DEN_KC
2010,13,DET,Jim Schwartz,2010_13_CHI_DET
2010,13,GB,Mike McCarthy,2010_13_SF_GB
2010,13,HOU,Gary Kubiak,2010_13_HOU_PHI
2010,13,IND,Jim Caldwell,2010_13_DAL_IND
2010,13,JAX,Jack Del Rio,2010_13_JAX_TEN
2010,13,KC,Todd Haley,2010_13_DEN_KC
2010,13,LA,Steve Spagnuolo,2010_13_STL_ARI
2010,13,LAC,Norv Turner,2010_13_OAK_SD
2010,13,LV,Tom Cable,2010_13_OAK_SD
2010,13,MIA,Tony Sparano,2010_13_CLE_MIA
2010,13,MIN,Leslie Frazier,2010_13_BUF_MIN
2010,13,NE,Bill Belichick,2010_13_NYJ_NE
2010,13,NO,Sean Payton,2010_13_NO_CIN
2010,13,NYG,Tom Coughlin,2010_13_WAS_NYG
2010,13,NYJ,Rex Ryan,2010_13_NYJ_NE
2010,13,PHI,Andy Reid,2010_13_HOU_PHI
2010,13,PIT,Mike Tomlin,2010_13_PIT_BAL
2010,13,SEA,Pete Carroll,2010_13_CAR_SEA
2010,13,SF,Mike Singletary,2010_13_SF_GB
2010,13,TB,Raheem Morris,2010_13_ATL_TB
2010,13,TEN,Jeff Fisher,2010_13_JAX_TEN
2010,13,WAS,Mike Shanahan,2010_13_WAS_NYG
2010,14,ARI,Ken Whisenhunt,2010_14_DEN_ARI
2010,14,ATL,Mike Smith,2010_14_ATL_CAR
2010,14,BAL,John Harbaugh,2010_14_BAL_HOU
2010,14,BUF,Chan Gailey,2010_14_CLE_BUF
2010,14,CAR,John Fox,2010_14_ATL_CAR
2010,14,CHI,Lovie Smith,2010_14_NE_CHI
2010,14,CIN,Marvin Lewis,2010_14_CIN_PIT
2010,14,CLE,Eric Mangini,2010_14_CLE_BUF
2010,14,DAL,Jason Garrett,2010_14_PHI_DAL
2010,14,DEN,Eric Studesville,2010_14_DEN_ARI
2010,14,DET,Jim Schwartz,2010_14_GB_DET
2010,14,GB,Mike McCarthy,2010_14_GB_DET
2010,14,HOU,Gary Kubiak,2010_14_BAL_HOU
2010,14,IND,Jim Caldwell,2010_14_IND_TEN
2010,14,JAX,Jack Del Rio,2010_14_OAK_JAX
2010,14,KC,Todd Haley,2010_14_KC_SD
2010,14,LA,Steve Spagnuolo,2010_14_STL_NO
2010,14,LAC,Norv Turner,2010_14_KC_SD
2010,14,LV,Tom Cable,2010_14_OAK_JAX
2010,14,MIA,Tony Sparano,2010_14_MIA_NYJ
2010,14,MIN,Leslie Frazier,2010_14_NYG_MIN
2010,14,NE,Bill Belichick,2010_14_NE_CHI
2010,14,NO,Sean Payton,2010_14_STL_NO
2010,14,NYG,Tom Coughlin,2010_14_NYG_MIN
2010,14,NYJ,Rex Ryan,2010_14_MIA_NYJ
2010,14,PHI,Andy Reid,2010_14_PHI_DAL
2010,14,PIT,Mike Tomlin,2010_14_CIN_PIT
2010,14,SEA,Pete Carroll,2010_14_SEA_SF
2010,14,SF,Mike Singletary,2010_14_SEA_SF
2010,14,TB,Raheem Morris,2010_14_TB_WAS
2010,14,TEN,Jeff Fisher,2010_14_IND_TEN
2010,14,WAS,Mike Shanahan,2010_14_TB_WAS
2010,15,ARI,Ken Whisenhunt,2010_15_ARI_CAR
2010,15,ATL,Mike Smith,2010_15_ATL_SEA
2010,15,BAL,John Harbaugh,2010_15_NO_BAL
2010,15,BUF,Chan Gailey,2010_15_BUF_MIA
2010,15,CAR,John Fox,2010_15_ARI_CAR
2010,15,CHI,Lovie Smith,2010_15_CHI_MIN
2010,15,CIN,Marvin Lewis,2010_15_CLE_CIN
2010,15,CLE,Eric Mangini,2010_15_CLE_CIN
2010,15,DAL,Jason Garrett,2010_15_WAS_DAL
2010,15,DEN,Eric Studesville,2010_15_DEN_OAK
2010,15,DET,Jim Schwartz,2010_15_DET_TB
2010,15,GB,Mike McCarthy,2010_15_GB_NE
2010,15,HOU,Gary Kubiak,2010_15_HOU_TEN
2010,15,IND,Jim Caldwell,2010_15_JAX_IND
2010,15,JAX,Jack Del Rio,2010_15_JAX_IND
2010,15,KC,Todd Haley,2010_15_KC_STL
2010,15,LA,Steve Spagnuolo,2010_15_KC_STL
2010,15,LAC,Norv Turner,2010_15_SF_SD
2010,15,LV,Tom Cable,2010_15_DEN_OAK
2010,15,MIA,Tony Sparano,2010_15_BUF_MIA
2010,15,MIN,Leslie Frazier,2010_15_CHI_MIN
2010,15,NE,Bill Belichick,2010_15_GB_NE
2010,15,NO,Sean Payton,2010_15_NO_BAL
2010,15,NYG,Tom Coughlin,2010_15_PHI_NYG
2010,15,NYJ,Rex Ryan,2010_15_NYJ_PIT
2010,15,PHI,Andy Reid,2010_15_PHI_NYG
2010,15,PIT,Mike Tomlin,2010_15_NYJ_PIT
2010,15,SEA,Pete Carroll,2010_15_ATL_SEA
2010,15,SF,Mike Singletary,2010_15_SF_SD
2010,15,TB,Raheem Morris,2010_15_DET_TB
2010,15,TEN,Jeff Fisher,2010_15_HOU_TEN
2010,15,WAS,Mike Shanahan,2010_15_WAS_DAL
2010,16,ARI,Ken Whisenhunt,2010_16_DAL_ARI
2010,16,ATL,Mike Smith,2010_16_NO_ATL
2010,16,BAL,John Harbaugh,2010_16_BAL_CLE
2010,16,BUF,Chan Gailey,2010_16_NE_BUF
2010,16,CAR,John Fox,2010_16_CAR_PIT
2010,16,CHI,Lovie Smith,2010_16_NYJ_CHI
2010,16,CIN,Marvin Lewis,2010_16_SD_CIN
2010,16,CLE,Eric Mangini,2010_16_BAL_CLE
2010,16,DAL,Jason Garrett,2010_16_DAL_ARI
2010,16,DEN,Eric Studesville,2010_16_HOU_DEN
2010,16,DET,Jim Schwartz,2010_16_DET_MIA
2010,16,GB,Mike McCarthy,2010_16_NYG_GB
2010,16,HOU,Gary Kubiak,2010_16_HOU_DEN
2010,16,IND,Jim Caldwell,2010_16_IND_OAK
2010,16,JAX,Jack Del Rio,2010_16_WAS_JAX
2010,16,KC,Todd Haley,2010_16_TEN_KC
2010,16,LA,Steve Spagnuolo,2010_16_SF_STL
2010,16,LAC,Norv Turner,2010_16_SD_CIN
2010,16,LV,Tom Cable,2010_16_IND_OAK
2010,16,MIA,Tony Sparano,2010_16_DET_MIA
2010,16,MIN,Leslie Frazier,2010_16_MIN_PHI
2010,16,NE,Bill Belichick,2010_16_NE_BUF
2010,16,NO,Sean Payton,2010_16_NO_ATL
2010,16,NYG,Tom Coughlin,2010_16_NYG_GB
2010,16,NYJ,Rex Ryan,2010_16_NYJ_CHI
2010,16,PHI,Andy Reid,2010_16_MIN_PHI
2010,16,PIT,Mike Tomlin,2010_16_CAR_PIT
2010,16,SEA,Pete Carroll,2010_16_SEA_TB
2010,16,SF,Mike Singletary,2010_16_SF_STL
2010,16,TB,Raheem Morris,2010_16_SEA_TB
2010,16,TEN,Jeff Fisher,2010_16_TEN_KC
2010,16,WAS,Mike Shanahan,2010_16_WAS_JAX
2010,17,ARI,Ken Whisenhunt,2010_17_ARI_SF
2010,17,ATL,Mike Smith,2010_17_CAR_ATL
2010,17,BAL,John Harbaugh,2010_17_CIN_BAL
2010,17,BUF,Chan Gailey,2010_17_BUF_NYJ
2010,17,CAR,John Fox,2010_17_CAR_ATL
2010,17,CHI,Lovie Smith,2010_17_CHI_GB
2010,17,CIN,Marvin Lewis,2010_17_CIN_BAL
2010,17,CLE,Eric Mangini,2010_17_PIT_CLE
2010,17,DAL,Jason Garrett,2010_17_DAL_PHI
2010,17,DEN,Eric Studesville,2010_17_SD_DEN
2010,17,DET,Jim Schwartz,2010_17_MIN_DET
2010,17,GB,Mike McCarthy,2010_17_CHI_GB
2010,17,HOU,Gary Kubiak,2010_17_JAX_HOU
2010,17,IND,Jim Caldwell,2010_17_TEN_IND
2010,17,JAX,Jack Del Rio,2010_17_JAX_HOU
2010,17,KC,Todd Haley,2010_17_OAK_KC
2010,17,LA,Steve Spagnuolo,2010_17_STL_SEA
2010,17,LAC,Norv Turner,2010_17_SD_DEN
2010,17,LV,Tom Cable,2010_17_OAK_KC
2010,17,MIA,Tony Sparano,2010_17_MIA_NE
2010,17,MIN,Leslie Frazier,2010_17_MIN_DET
2010,17,NE,Bill Belichick,2010_17_MIA_NE
2010,17,NO,Sean Payton,2010_17_TB_NO
2010,17,NYG,Tom Coughlin,2010_17_NYG_WAS
2010,17,NYJ,Rex Ryan,2010_17_BUF_NYJ
2010,17,PHI,Andy Reid,2010_17_DAL_PHI
2010,17,PIT,Mike Tomlin,2010_17_PIT_CLE
2010,17,SEA,Pete Carroll,2010_17_STL_SEA
2010,17,SF,Jim Tomsula,2010_17_ARI_SF
2010,17,TB,Raheem Morris,2010_17_TB_NO
2010,17,TEN,Jeff Fisher,2010_17_TEN_IND
2010,17,WAS,Mike Shanahan,2010_17_NYG_WAS
2011,1,ARI,Ken Whisenhunt,2011_01_CAR_ARI
2011,1,ATL,Mike Smith,2011_01_ATL_CHI
2011,1,BAL,John Harbaugh,2011_01_PIT_BAL
2011,1,BUF,Chan Gailey,2011_01_BUF_KC
2011,1,CAR,Ron Rivera,2011_01_CAR_ARI
2011,1,CHI,Lovie Smith,2011_01_ATL_CHI
2011,1,CIN,Marvin Lewis,2011_01_CIN_CLE
2011,1,CLE,Pat Shurmur,2011_01_CIN_CLE
2011,1,DAL,Jason Garrett,2011_01_DAL_NYJ
2011,1,DEN,John Fox,2011_01_OAK_DEN
2011,1,DET,Jim Schwartz,2011_01_DET_TB
2011,1,GB,Mike McCarthy,2011_01_NO_GB
2011,1,HOU,Gary Kubiak,2011_01_IND_HOU
2011,1,IND,Jim Caldwell,2011_01_IND_HOU
2011,1,JAX,Jack Del Rio,2011_01_TEN_JAX
2011,1,KC,Todd Haley,2011_01_BUF_KC
2011,1,LA,Steve Spagnuolo,2011_01_PHI_STL
2011,1,LAC,Norv Turner,2011_01_MIN_SD
2011,1,LV,Hue Jackson,2011_01_OAK_DEN
2011,1,MIA,Tony Sparano,2011_01_NE_MIA
2011,1,MIN,Leslie Frazier,2011_01_MIN_SD
2011,1,NE,Bill Belichick,2011_01_NE_MIA
2011,1,NO,Sean Payton,2011_01_NO_GB
2011,1,NYG,Tom Coughlin,2011_01_NYG_WAS
2011,1,NYJ,Rex Ryan,2011_01_DAL_NYJ
2011,1,PHI,Andy Reid,2011_01_PHI_STL
2011,1,PIT,Mike Tomlin,2011_01_PIT_BAL
2011,1,SEA,Pete Carroll,2011_01_SEA_SF
2011,1,SF,Jim Harbaugh,2011_01_SEA_SF
2011,1,TB,Raheem Morris,2011_01_DET_TB
2011,1,TEN,Mike Munchak,2011_01_TEN_JAX
2011,1,WAS,Mike Shanahan,2011_01_NYG_WAS
2011,2,ARI,Ken Whisenhunt,2011_02_ARI_WAS
2011,2,ATL,Mike Smith,2011_02_PHI_ATL
2011,2,BAL,John Harbaugh,2011_02_BAL_TEN
2011,2,BUF,Chan Gailey,2011_02_OAK_BUF
2011,2,CAR,Ron Rivera,2011_02_GB_CAR
2011,2,CHI,Lovie Smith,2011_02_CHI_NO
2011,2,CIN,Marvin Lewis,2011_02_CIN_DEN
2011,2,CLE,Pat Shurmur,2011_02_CLE_IND
2011,2,DAL,Jason Garrett,2011_02_DAL_SF
2011,2,DEN,John Fox,2011_02_CIN_DEN
2011,2,DET,Jim Schwartz,2011_02_KC_DET
2011,2,GB,Mike McCarthy,2011_02_GB_CAR
2011,2,HOU,Gary Kubiak,2011_02_HOU_MIA
2011,2,IND,Jim Caldwell,2011_02_CLE_IND
2011,2,JAX,Jack Del Rio,2011_02_JAX_NYJ
2011,2,KC,Todd Haley,2011_02_KC_DET
2011,2,LA,Steve Spagnuolo,2011_02_STL_NYG
2011,2,LAC,Norv Turner,2011_02_SD_NE
2011,2,LV,Hue Jackson,2011_02_OAK_BUF
2011,2,MIA,Tony Sparano,2011_02_HOU_MIA
2011,2,MIN,Leslie Frazier,2011_02_TB_MIN
2011,2,NE,Bill Belichick,2011_02_SD_NE
2011,2,NO,Sean Payton,2011_02_CHI_NO
2011,2,NYG,Tom Coughlin,2011_02_STL_NYG
2011,2,NYJ,Rex Ryan,2011_02_JAX_NYJ
2011,2,PHI,Andy Reid,2011_02_PHI_ATL
2011,2,PIT,Mike Tomlin,2011_02_SEA_PIT
2011,2,SEA,Pete Carroll,2011_02_SEA_PIT
2011,2,SF,Jim Harbaugh,2011_02_DAL_SF
2011,2,TB,Raheem Morris,2011_02_TB_MIN
2011,2,TEN,Mike Munchak,2011_02_BAL_TEN
2011,2,WAS,Mike Shanahan,2011_02_ARI_WAS
2011,3,ARI,Ken Whisenhunt,2011_03_ARI_SEA
2011,3,ATL,Mike Smith,2011_03_ATL_TB
2011,3,BAL,John Harbaugh,2011_03_BAL_STL
2011,3,BUF,Chan Gailey,2011_03_NE_BUF
2011,3,CAR,Ron Rivera,2011_03_JAX_CAR
2011,3,CHI,Lovie Smith,2011_03_GB_CHI
2011,3,CIN,Marvin Lewis,2011_03_SF_CIN
2011,3,CLE,Pat Shurmur,2011_03_MIA_CLE
2011,3,DAL,Jason Garrett,2011_03_WAS_DAL
2011,3,DEN,John Fox,2011_03_DEN_TEN
2011,3,DET,Jim Schwartz,2011_03_DET_MIN
2011,3,GB,Mike McCarthy,2011_03_GB_CHI
2011,3,HOU,Gary Kubiak,2011_03_HOU_NO
2011,3,IND,Jim Caldwell,2011_03_PIT_IND
2011,3,JAX,Jack Del Rio,2011_03_JAX_CAR
2011,3,KC,Todd Haley,2011_03_KC_SD
2011,3,LA,Steve Spagnuolo,2011_03_BAL_STL
2011,3,LAC,Norv Turner,2011_03_KC_SD
2011,3,LV,Hue Jackson,2011_03_NYJ_OAK
2011,3,MIA,Tony Sparano,2011_03_MIA_CLE
2011,3,MIN,Leslie Frazier,2011_03_DET_MIN
2011,3,NE,Bill Belichick,2011_03_NE_BUF
2011,3,NO,Sean Payton,2011_03_HOU_NO
2011,3,NYG,Tom Coughlin,2011_03_NYG_PHI
2011,3,NYJ,Rex Ryan,2011_03_NYJ_OAK
2011,3,PHI,Andy Reid,2011_03_NYG_PHI
2011,3,PIT,Mike Tomlin,2011_03_PIT_IND
2011,3,SEA,Pete Carroll,2011_03_ARI_SEA
2011,3,SF,Jim Harbaugh,2011_03_SF_CIN
2011,3,TB,Raheem Morris,2011_03_ATL_TB
2011,3,TEN,Mike Munchak,2011_03_DEN_TEN
2011,3,WAS,Mike Shanahan,2011_03_WAS_DAL
2011,4,ARI,Ken Whisenhunt,2011_04_NYG_ARI
2011,4,ATL,Mike Smith,2011_04_ATL_SEA
2011,4,BAL,John Harbaugh,2011_04_NYJ_BAL
2011,4,BUF,Chan Gailey,2011_04_BUF_CIN
2011,4,CAR,Ron Rivera,2011_04_CAR_CHI
2011,4,CHI,Lovie Smith,2011_04_CAR_CHI
2011,4,CIN,Marvin Lewis,2011_04_BUF_CIN
2011,4,CLE,Pat Shurmur,2011_04_TEN_CLE
2011,4,DAL,Jason Garrett,2011_04_DET_DAL
2011,4,DEN,John Fox,2011_04_DEN_GB
2011,4,DET,Jim Schwartz,2011_04_DET_DAL
2011,4,GB,Mike McCarthy,2011_04_DEN_GB
2011,4,HOU,Gary Kubiak,2011_04_PIT_HOU
2011,4,IND,Jim Caldwell,2011_04_IND_TB
2011,4,JAX,Jack Del Rio,2011_04_NO_JAX
2011,4,KC,Todd Haley,2011_04_MIN_KC
2011,4,LA,Steve Spagnuolo,2011_04_WAS_STL
2011,4,LAC,Norv Turner,2011_04_MIA_SD
2011,4,LV,Hue Jackson,2011_04_NE_OAK
2011,4,MIA,Tony Sparano,2011_04_MIA_SD
2011,4,MIN,Leslie Frazier,2011_04_MIN_KC
2011,4,NE,Bill Belichick,2011_04_NE_OAK
2011,4,NO,Sean Payton,2011_04_NO_JAX
2011,4,NYG,Tom Coughlin,2011_04_NYG_ARI
2011,4,NYJ,Rex Ryan,2011_04_NYJ_BAL
2011,4,PHI,Andy Reid,2011_04_SF_PHI
2011,4,PIT,Mike Tomlin,2011_04_PIT_HOU
2011,4,SEA,Pete Carroll,2011_04_ATL_SEA
2011,4,SF,Jim Harbaugh,2011_04_SF_PHI
2011,4,TB,Raheem Morris,2011_04_IND_TB
2011,4,TEN,Mike Munchak,2011_04_TEN_CLE
2011,4,WAS,Mike Shanahan,2011_04_WAS_STL
2011,5,ARI,Ken Whisenhunt,2011_05_ARI_MIN
2011,5,ATL,Mike Smith,2011_05_GB_ATL
2011,5,BUF,Chan Gailey,2011_05_PHI_BUF
2011,5,CAR,Ron Rivera,2011_05_NO_CAR
2011,5,CHI,Lovie Smith,2011_05_CHI_DET
2011,5,CIN,Marvin Lewis,2011_05_CIN_JAX
2011,5,DEN,John Fox,2011_05_SD_DEN
2011,5,DET,Jim Schwartz,2011_05_CHI_DET
2011,5,GB,Mike McCarthy,2011_05_GB_ATL
2011,5,HOU,Gary Kubiak,2011_05_OAK_HOU
2011,5,IND,Jim Caldwell,2011_05_KC_IND
2011,5,JAX,Jack Del Rio,2011_05_CIN_JAX
2011,5,KC,Todd Haley,2011_05_KC_IND
2011,5,LAC,Norv Turner,2011_05_SD_DEN
2011,5,LV,Hue Jackson,2011_05_OAK_HOU
2011,5,MIN,Leslie Frazier,2011_05_ARI_MIN
2011,5,NE,Bill Belichick,2011_05_NYJ_NE
2011,5,NO,Sean Payton,2011_05_NO_CAR
2011,5,NYG,Tom Coughlin,2011_05_SEA_NYG
2011,5,NYJ,Rex Ryan,2011_05_NYJ_NE
2011,5,PHI,Andy Reid,2011_05_PHI_BUF
2011,5,PIT,Mike Tomlin,2011_05_TEN_PIT
2011,5,SEA,Pete Carroll,2011_05_SEA_NYG
2011,5,SF,Jim Harbaugh,2011_05_TB_SF
2011,5,TB,Raheem Morris,2011_05_TB_SF
2011,5,TEN,Mike Munchak,2011_05_TEN_PIT
2011,6,ATL,Mike Smith,2011_06_CAR_ATL
2011,6,BAL,John Harbaugh,2011_06_HOU_BAL
2011,6,BUF,Chan Gailey,2011_06_BUF_NYG
2011,6,CAR,Ron Rivera,2011_06_CAR_ATL
2011,6,CHI,Lovie Smith,2011_06_MIN_CHI
2011,6,CIN,Marvin Lewis,2011_06_IND_CIN
2011,6,CLE,Pat Shurmur,2011_06_CLE_OAK
2011,6,DAL,Jason Garrett,2011_06_DAL_NE
2011,6,DET,Jim Schwartz,2011_06_SF_DET
2011,6,GB,Mike McCarthy,2011_06_STL_GB
2011,6,HOU,Gary Kubiak,2011_06_HOU_BAL
2011,6,IND,Jim Caldwell,2011_06_IND_CIN
2011,6,JAX,Jack Del Rio,2011_06_JAX_PIT
2011,6,LA,Steve Spagnuolo,2011_06_STL_GB
2011,6,LV,Hue Jackson,2011_06_CLE_OAK
2011,6,MIA,Tony Sparano,2011_06_MIA_NYJ
2011,6,MIN,Leslie Frazier,2011_06_MIN_CHI
2011,6,NE,Bill Belichick,2011_06_DAL_NE
2011,6,NO,Sean Payton,2011_06_NO_TB
2011,6,NYG,Tom Coughlin,2011_06_BUF_NYG
2011,6,NYJ,Rex Ryan,2011_06_MIA_NYJ
2011,6,PHI,Andy Reid,2011_06_PHI_WAS
2011,6,PIT,Mike Tomlin,2011_06_JAX_PIT
2011,6,SF,Jim Harbaugh,2011_06_SF_DET
2011,6,TB,Raheem Morris,2011_06_NO_TB
2011,6,WAS,Mike Shanahan,2011_06_PHI_WAS
2011,7,ARI,Ken Whisenhunt,2011_07_PIT_ARI
2011,7,ATL,Mike Smith,2011_07_ATL_DET
2011,7,BAL,John Harbaugh,2011_07_BAL_JAX
2011,7,CAR,Ron Rivera,2011_07_WAS_CAR
2011,7,CHI,Lovie Smith,2011_07_CHI_TB
2011,7,CLE,Pat Shurmur,2011_07_SEA_CLE
2011,7,DAL,Jason Garrett,2011_07_STL_DAL
2011,7,DEN,John Fox,2011_07_DEN_MIA
2011,7,DET,Jim Schwartz,2011_07_ATL_DET
2011,7,GB,Mike McCarthy,2011_07_GB_MIN
2011,7,HOU,Gary Kubiak,2011_07_HOU_TEN
2011,7,IND,Jim Caldwell,2011_07_IND_NO
2011,7,JAX,Jack Del Rio,2011_07_BAL_JAX
2011,7,KC,Todd Haley,2011_07_KC_OAK
2011,7,LA,Steve Spagnuolo,2011_07_STL_DAL
2011,7,LAC,Norv Turner,2011_07_SD_NYJ
2011,7,LV,Hue Jackson,2011_07_KC_OAK
2011,7,MIA,Tony Sparano,2011_07_DEN_MIA
2011,7,MIN,Leslie Frazier,2011_07_GB_MIN
2011,7,NO,Sean Payton,2011_07_IND_NO
2011,7,NYJ,Rex Ryan,2011_07_SD_NYJ
2011,7,PIT,Mike Tomlin,2011_07_PIT_ARI
2011,7,SEA,Pete Carroll,2011_07_SEA_CLE
2011,7,TB,Raheem Morris,2011_07_CHI_TB
2011,7,TEN,Mike Munchak,2011_07_HOU_TEN
2011,7,WAS,Mike Shanahan,2011_07_WAS_CAR
2011,8,ARI,Ken Whisenhunt,2011_08_ARI_BAL
2011,8,BAL,John Harbaugh,2011_08_ARI_BAL
2011,8,BUF,Chan Gailey,2011_08_WAS_BUF
2011,8,CAR,Ron Rivera,2011_08_MIN_CAR
2011,8,CIN,Marvin Lewis,2011_08_CIN_SEA
2011,8,CLE,Pat Shurmur,2011_08_CLE_SF
2011,8,DAL,Jason Garrett,2011_08_DAL_PHI
2011,8,DEN,John Fox,2011_08_DET_DEN
2011,8,DET,Jim Schwartz,2011_08_DET_DEN
2011,8,HOU,Gary Kubiak,2011_08_JAX_HOU
2011,8,IND,Jim Caldwell,2011_08_IND_TEN
2011,8,JAX,Jack Del Rio,2011_08_JAX_HOU
2011,8,KC,Todd Haley,2011_08_SD_KC
2011,8,LA,Steve Spagnuolo,2011_08_NO_STL
2011,8,LAC,Norv Turner,2011_08_SD_KC
2011,8,MIA,Tony Sparano,2011_08_MIA_NYG
2011,8,MIN,Leslie Frazier,2011_08_MIN_CAR
2011,8,NE,Bill Belichick,2011_08_NE_PIT
2011,8,NO,Sean Payton,2011_08_NO_STL
2011,8,NYG,Tom Coughlin,2011_08_MIA_NYG
2011,8,PHI,Andy Reid,2011_08_DAL_PHI
2011,8,PIT,Mike Tomlin,2011_08_NE_PIT
2011,8,SEA,Pete Carroll,2011_08_CIN_SEA
2011,8,SF,Jim Harbaugh,2011_08_CLE_SF
2011,8,TEN,Mike Munchak,2011_08_IND_TEN
2011,8,WAS,Mike Shanahan,2011_08_WAS_BUF
2011,9,ARI,Ken Whisenhunt,2011_09_STL_ARI
2011,9,ATL,Mike Smith,2011_09_ATL_IND
2011,9,BAL,John Harbaugh,2011_09_BAL_PIT
2011,9,BUF,Chan Gailey,2011_09_NYJ_BUF
2011,9,CHI,Lovie Smith,2011_09_CHI_PHI
2011,9,CIN,Marvin Lewis,2011_09_CIN_TEN
2011,9,CLE,Pat Shurmur,2011_09_CLE_HOU
2011,9,DAL,Jason Garrett,2011_09_SEA_DAL
2011,9,DEN,John Fox,2011_09_DEN_OAK
2011,9,GB,Mike McCarthy,2011_09_GB_SD
2011,9,HOU,Gary Kubiak,2011_09_CLE_HOU
2011,9,IND,Jim Caldwell,2011_09_ATL_IND
2011,9,KC,Todd Haley,2011_09_MIA_KC
2011,9,LA,Steve Spagnuolo,2011_09_STL_ARI
2011,9,LAC,Norv Turner,2011_09_GB_SD
2011,9,LV,Hue Jackson,2011_09_DEN_OAK
2011,9,MIA,Tony Sparano,2011_09_MIA_KC
2011,9,NE,Bill Belichick,2011_09_NYG_NE
2011,9,NO,Sean Payton,2011_09_TB_NO
2011,9,NYG,Tom Coughlin,2011_09_NYG_NE
2011,9,NYJ,Rex Ryan,2011_09_NYJ_BUF
2011,9,PHI,Andy Reid,2011_09_CHI_PHI
2011,9,PIT,Mike Tomlin,2011_09_BAL_PIT
2011,9,SEA,Pete Carroll,2011_09_SEA_DAL
2011,9,SF,Jim Harbaugh,2011_09_SF_WAS
2011,9,TB,Raheem Morris,2011_09_TB_NO
2011,9,TEN,Mike Munchak,2011_09_CIN_TEN
2011,9,WAS,Mike Shanahan,2011_09_SF_WAS
2011,10,ARI,Ken Whisenhunt,2011_10_ARI_PHI
2011,10,ATL,Mike Smith,2011_10_NO_ATL
2011,10,BAL,John Harbaugh,2011_10_BAL_SEA
2011,10,BUF,Chan Gailey,2011_10_BUF_DAL
2011,10,CAR,Ron Rivera,2011_10_TEN_CAR
2011,10,CHI,Lovie Smith,2011_10_DET_CHI
2011,10,CIN,Marvin Lewis,2011_10_PIT_CIN
2011,10,CLE,Pat Shurmur,2011_10_STL_CLE
2011,10,DAL,Jason Garrett,2011_10_BUF_DAL
2011,10,DEN,John Fox,2011_10_DEN_KC
2011,10,DET,Jim Schwartz,2011_10_DET_CHI
2011,10,GB,Mike McCarthy,2011_10_MIN_GB
2011,10,HOU,Gary Kubiak,2011_10_HOU_TB
2011,10,IND,Jim Caldwell,2011_10_JAX_IND
2011,10,JAX,Jack Del Rio,2011_10_JAX_IND
2011,10,KC,Todd Haley,2011_10_DEN_KC
2011,10,LA,Steve Spagnuolo,2011_10_STL_CLE
2011,10,LAC,Norv Turner,2011_10_OAK_SD
2011,10,LV,Hue Jackson,2011_10_OAK_SD
2011,10,MIA,Tony Sparano,2011_10_WAS_MIA
2011,10,MIN,Leslie Frazier,2011_10_MIN_GB
2011,10,NE,Bill Belichick,2011_10_NE_NYJ
2011,10,NO,Sean Payton,2011_10_NO_ATL
2011,10,NYG,Tom Coughlin,2011_10_NYG_SF
2011,10,NYJ,Rex Ryan,2011_10_NE_NYJ
2011,10,PHI,Andy Reid,2011_10_ARI_PHI
2011,10,PIT,Mike Tomlin,2011_10_PIT_CIN
2011,10,SEA,Pete Carroll,2011_10_BAL_SEA
2011,10,SF,Jim Harbaugh,2011_10_NYG_SF
2011,10,TB,Raheem Morris,2011_10_HOU_TB
2011,10,TEN,Mike Munchak,2011_10_TEN_CAR
2011,10,WAS,Mike Shanahan,2011_10_WAS_MIA
2011,11,ARI,Ken Whisenhunt,2011_11_ARI_SF
2011,11,ATL,Mike Smith,2011_11_TEN_ATL
2011,11,BAL,John Harbaugh,2011_11_CIN_BAL
2011,11,BUF,Chan Gailey,2011_11_BUF_MIA
2011,11,CAR,Ron Rivera,2011_11_CAR_DET
2011,11,CHI,Lovie Smith,2011_11_SD_CHI
2011,11,CIN,Marvin Lewis,2011_11_CIN_BAL
2011,11,CLE,Pat Shurmur,2011_11_JAX_CLE
2011,11,DAL,Jason Garrett,2011_11_DAL_WAS
2011,11,DEN,John Fox,2011_11_NYJ_DEN
2011,11,DET,Jim Schwartz,2011_11_CAR_DET
2011,11,GB,Mike McCarthy,2011_11_TB_GB
2011,11,JAX,Jack Del Rio,2011_11_JAX_CLE
2011,11,KC,Todd Haley,2011_11_KC_NE
2011,11,LA,Steve Spagnuolo,2011_11_SEA_STL
2011,11,LAC,Norv Turner,2011_11_SD_CHI
2011,11,LV,Hue Jackson,2011_11_OAK_MIN
2011,11,MIA,Tony Sparano,2011_11_BUF_MIA
2011,11,MIN,Leslie Frazier,2011_11_OAK_MIN
2011,11,NE,Bill Belichick,2011_11_KC_NE
2011,11,NYG,Tom Coughlin,2011_11_PHI_NYG
2011,11,NYJ,Rex Ryan,2011_11_NYJ_DEN
2011,11,PHI,Andy Reid,2011_11_PHI_NYG
2011,11,SEA,Pete Carroll,2011_11_SEA_STL
2011,11,SF,Jim Harbaugh,2011_11_ARI_SF
2011,11,TB,Raheem Morris,2011_11_TB_GB
2011,11,TEN,Mike Munchak,2011_11_TEN_ATL
2011,11,WAS,Mike Shanahan,2011_11_DAL_WAS
2011,12,ARI,Ken Whisenhunt,2011_12_ARI_STL
2011,12,ATL,Mike Smith,2011_12_MIN_ATL
2011,12,BAL,John Harbaugh,2011_12_SF_BAL
2011,12,BUF,Chan Gailey,2011_12_BUF_NYJ
2011,12,CAR,Ron Rivera,2011_12_CAR_IND
2011,12,CHI,Lovie Smith,2011_12_CHI_OAK
2011,12,CIN,Marvin Lewis,2011_12_CLE_CIN
2011,12,CLE,Pat Shurmur,2011_12_CLE_CIN
2011,12,DAL,Jason Garrett,2011_12_MIA_DAL
2011,12,DEN,John Fox,2011_12_DEN_SD
2011,12,DET,Jim Schwartz,2011_12_GB_DET
2011,12,GB,Mike McCarthy,2011_12_GB_DET
2011,12,HOU,Gary Kubiak,2011_12_HOU_JAX
2011,12,IND,Jim Caldwell,2011_12_CAR_IND
2011,12,JAX,Jack Del Rio,2011_12_HOU_JAX
2011,12,KC,Todd Haley,2011_12_PIT_KC
2011,12,LA,Steve Spagnuolo,2011_12_ARI_STL
2011,12,LAC,Norv Turner,2011_12_DEN_SD
2011,12,LV,Hue Jackson,2011_12_CHI_OAK
2011,12,MIA,Tony Sparano,2011_12_MIA_DAL
2011,12,MIN,Leslie Frazier,2011_12_MIN_ATL
2011,12,NE,Bill Belichick,2011_12_NE_PHI
2011,12,NO,Sean Payton,2011_12_NYG_NO
2011,12,NYG,Tom Coughlin,2011_12_NYG_NO
2011,12,NYJ,Rex Ryan,2011_12_BUF_NYJ
2011,12,PHI,Andy Reid,2011_12_NE_PHI
2011,12,PIT,Mike Tomlin,2011_12_PIT_KC
2011,12,SEA,Pete Carroll,2011_12_WAS_SEA
2011,12,SF,Jim Harbaugh,2011_12_SF_BAL
2011,12,TB,Raheem Morris,2011_12_TB_TEN
2011,12,TEN,Mike Munchak,2011_12_TB_TEN
2011,12,WAS,Mike Shanahan,2011_12_WAS_SEA
2011,13,ARI,Ken Whisenhunt,2011_13_DAL_ARI
2011,13,ATL,Mike Smith,2011_13_ATL_HOU
2011,13,BAL,John Harbaugh,2011_13_BAL_CLE
2011,13,BUF,Chan Gailey,2011_13_TEN_BUF
2011,13,CAR,Ron Rivera,2011_13_CAR_TB
2011,13,CHI,Lovie Smith,2011_13_KC_CHI
2011,13,CIN,Marvin Lewis,2011_13_CIN_PIT
2011,13,CLE,Pat Shurmur,2011_13_BAL_CLE
2011,13,DAL,Jason Garrett,2011_13_DAL_ARI
2011,13,DEN,John Fox,2011_13_DEN_MIN
2011,13,DET,Jim Schwartz,2011_13_DET_NO
2011,13,GB,Mike McCarthy,2011_13_GB_NYG
2011,13,HOU,Gary Kubiak,2011_13_ATL_HOU
2011,13,IND,Jim Caldwell,2011_13_IND_NE
2011,13,JAX,Mel Tucker,2011_13_SD_JAX
2011,13,KC,Todd Haley,2011_13_KC_CHI
2011,13,LA,Steve Spagnuolo,2011_13_STL_SF
2011,13,LAC,Norv Turner,2011_13_SD_JAX
2011,13,LV,Hue Jackson,2011_13_OAK_MIA
2011,13,MIA,Tony Sparano,2011_13_OAK_MIA
2011,13,MIN,Leslie Frazier,2011_13_DEN_MIN
2011,13,NE,Bill Belichick,2011_13_IND_NE
2011,13,NO,Sean Payton,2011_13_DET_NO
2011,13,NYG,Tom Coughlin,2011_13_GB_NYG
2011,13,NYJ,Rex Ryan,2011_13_NYJ_WAS
2011,13,PHI,Andy Reid,2011_13_PHI_SEA
2011,13,PIT,Mike Tomlin,2011_13_CIN_PIT
2011,13,SEA,Pete Carroll,2011_13_PHI_SEA
2011,13,SF,Jim Harbaugh,2011_13_STL_SF
2011,13,TB,Raheem Morris,2011_13_CAR_TB
2011,13,TEN,Mike Munchak,2011_13_TEN_BUF
2011,13,WAS,Mike Shanahan,2011_13_NYJ_WAS
2011,14,ARI,Ken Whisenhunt,2011_14_SF_ARI
2011,14,ATL,Mike Smith,2011_14_ATL_CAR
2011,14,BAL,John Harbaugh,2011_14_IND_BAL
2011,14,BUF,Chan Gailey,2011_14_BUF_SD
2011,14,CAR,Ron Rivera,2011_14_ATL_CAR
2011,14,CHI,Lovie Smith,2011_14_CHI_DEN
2011,14,CIN,Marvin Lewis,2011_14_HOU_CIN
2011,14,CLE,Pat Shurmur,2011_14_CLE_PIT
2011,14,DAL,Jason Garrett,2011_14_NYG_DAL
2011,14,DEN,John Fox,2011_14_CHI_DEN
2011,14,DET,Jim Schwartz,2011_14_MIN_DET
2011,14,GB,Mike McCarthy,2011_14_OAK_GB
2011,14,HOU,Gary Kubiak,2011_14_HOU_CIN
2011,14,IND,Jim Caldwell,2011_14_IND_BAL
2011,14,JAX,Mel Tucker,2011_14_TB_JAX
2011,14,KC,Todd Haley,2011_14_KC_NYJ
2011,14,LA,Steve Spagnuolo,2011_14_STL_SEA
2011,14,LAC,Norv Turner,2011_14_BUF_SD
2011,14,LV,Hue Jackson,2011_14_OAK_GB
2011,14,MIA,Tony Sparano,2011_14_PHI_MIA
2011,14,MIN,Leslie Frazier,2011_14_MIN_DET
2011,14,NE,Bill Belichick,2011_14_NE_WAS
2011,14,NO,Sean Payton,2011_14_NO_TEN
2011,14,NYG,Tom Coughlin,2011_14_NYG_DAL
2011,14,NYJ,Rex Ryan,2011_14_KC_NYJ
2011,14,PHI,Andy Reid,2011_14_PHI_MIA
2011,14,PIT,Mike Tomlin,2011_14_CLE_PIT
2011,14,SEA,Pete Carroll,2011_14_STL_SEA
2011,14,SF,Jim Harbaugh,2011_14_SF_ARI
2011,14,TB,Raheem Morris,2011_14_TB_JAX
2011,14,TEN,Mike Munchak,2011_14_NO_TEN
2011,14,WAS,Mike Shanahan,2011_14_NE_WAS
2011,15,ARI,Ken Whisenhunt,2011_15_CLE_ARI
2011,15,ATL,Mike Smith,2011_15_JAX_ATL
2011,15,BAL,John Harbaugh,2011_15_BAL_SD
2011,15,BUF,Chan Gailey,2011_15_MIA_BUF
2011,15,CAR,Ron Rivera,2011_15_CAR_HOU
2011,15,CHI,Lovie Smith,2011_15_SEA_CHI
2011,15,CIN,Marvin Lewis,2011_15_CIN_STL
2011,15,CLE,Pat Shurmur,2011_15_CLE_ARI
2011,15,DAL,Jason Garrett,2011_15_DAL_TB
2011,15,DEN,John Fox,2011_15_NE_DEN
2011,15,DET,Jim Schwartz,2011_15_DET_OAK
2011,15,GB,Mike McCarthy,2011_15_GB_KC
2011,15,HOU,Gary Kubiak,2011_15_CAR_HOU
2011,15,IND,Jim Caldwell,2011_15_TEN_IND
2011,15,JAX,Mel Tucker,2011_15_JAX_ATL
2011,15,KC,Romeo Crennel,2011_15_GB_KC
2011,15,LA,Steve Spagnuolo,2011_15_CIN_STL
2011,15,LAC,Norv Turner,2011_15_BAL_SD
2011,15,LV,Hue Jackson,2011_15_DET_OAK
2011,15,MIA,Todd Bowles,2011_15_MIA_BUF
2011,15,MIN,Leslie Frazier,2011_15_NO_MIN
2011,15,NE,Bill Belichick,2011_15_NE_DEN
2011,15,NO,Sean Payton,2011_15_NO_MIN
2011,15,NYG,Tom Coughlin,2011_15_WAS_NYG
2011,15,NYJ,Rex Ryan,2011_15_NYJ_PHI
2011,15,PHI,Andy Reid,2011_15_NYJ_PHI
2011,15,PIT,Mike Tomlin,2011_15_PIT_SF
2011,15,SEA,Pete Carroll,2011_15_SEA_CHI
2011,15,SF,Jim Harbaugh,2011_15_PIT_SF
2011,15,TB,Raheem Morris,2011_15_DAL_TB
2011,15,TEN,Mike Munchak,2011_15_TEN_IND
2011,15,WAS,Mike Shanahan,2011_15_WAS_NYG
2011,16,ARI,Ken Whisenhunt,2011_16_ARI_CIN
2011,16,ATL,Mike Smith,2011_16_ATL_NO
2011,16,BAL,John Harbaugh,2011_16_CLE_BAL
2011,16,BUF,Chan Gailey,2011_16_DEN_BUF
2011,16,CAR,Ron Rivera,2011_16_TB_CAR
2011,16,CHI,Lovie Smith,2011_16_CHI_GB
2011,16,CIN,Marvin Lewis,2011_16_ARI_CIN
2011,16,CLE,Pat Shurmur,2011_16_CLE_BAL
2011,16,DAL,Jason Garrett,2011_16_PHI_DAL
2011,16,DEN,John Fox,2011_16_DEN_BUF
2011,16,DET,Jim Schwartz,2011_16_SD_DET
2011,16,GB,Mike McCarthy,2011_16_CHI_GB
2011,16,HOU,Gary Kubiak,2011_16_HOU_IND
2011,16,IND,Jim Caldwell,2011_16_HOU_IND
2011,16,JAX,Mel Tucker,2011_16_JAX_TEN
2011,16,KC,Romeo Crennel,2011_16_OAK_KC
2011,16,LA,Steve Spagnuolo,2011_16_STL_PIT
2011,16,LAC,Norv Turner,2011_16_SD_DET
2011,16,LV,Hue Jackson,2011_16_OAK_KC
2011,16,MIA,Todd Bowles,2011_16_MIA_NE
2011,16,MIN,Leslie Frazier,2011_16_MIN_WAS
2011,16,NE,Bill Belichick,2011_16_MIA_NE
2011,16,NO,Sean Payton,2011_16_ATL_NO
2011,16,NYG,Tom Coughlin,2011_16_NYG_NYJ
2011,16,NYJ,Rex Ryan,2011_16_NYG_NYJ
2011,16,PHI,Andy Reid,2011_16_PHI_DAL
2011,16,PIT,Mike Tomlin,2011_16_STL_PIT
2011,16,SEA,Pete Carroll,2011_16_SF_SEA
2011,16,SF,Jim Harbaugh,2011_16_SF_SEA
2011,16,TB,Raheem Morris,2011_16_TB_CAR
2011,16,TEN,Mike Munchak,2011_16_JAX_TEN
2011,16,WAS,Mike Shanahan,2011_16_MIN_WAS
2011,17,ARI,Ken Whisenhunt,2011_17_SEA_ARI
2011,17,ATL,Mike Smith,2011_17_TB_ATL
2011,17,BAL,John Harbaugh,2011_17_BAL_CIN
2011,17,BUF,Chan Gailey,2011_17_BUF_NE
2011,17,CAR,Ron Rivera,2011_17_CAR_NO
2011,17,CHI,Lovie Smith,2011_17_CHI_MIN
2011,17,CIN,Marvin Lewis,2011_17_BAL_CIN
2011,17,CLE,Pat Shurmur,2011_17_PIT_CLE
2011,17,DAL,Jason Garrett,2011_17_DAL_NYG
2011,17,DEN,John Fox,2011_17_KC_DEN
2011,17,DET,Jim Schwartz,2011_17_DET_GB
2011,17,GB,Mike McCarthy,2011_17_DET_GB
2011,17,HOU,Gary Kubiak,2011_17_TEN_HOU
2011,17,IND,Jim Caldwell,2011_17_IND_JAX
2011,17,JAX,Mel Tucker,2011_17_IND_JAX
2011,17,KC,Romeo Crennel,2011_17_KC_DEN
2011,17,LA,Steve Spagnuolo,2011_17_SF_STL
2011,17,LAC,Norv Turner,2011_17_SD_OAK
2011,17,LV,Hue Jackson,2011_17_SD_OAK
2011,17,MIA,Todd Bowles,2011_17_NYJ_MIA
2011,17,MIN,Leslie Frazier,2011_17_CHI_MIN
2011,17,NE,Bill Belichick,2011_17_BUF_NE
2011,17,NO,Sean Payton,2011_17_CAR_NO
2011,17,NYG,Tom Coughlin,2011_17_DAL_NYG
2011,17,NYJ,Rex Ryan,2011_17_NYJ_MIA
2011,17,PHI,Andy Reid,2011_17_WAS_PHI
2011,17,PIT,Mike Tomlin,2011_17_PIT_CLE
2011,17,SEA,Pete Carroll,2011_17_SEA_ARI
2011,17,SF,Jim Harbaugh,2011_17_SF_STL
2011,17,TB,Raheem Morris,2011_17_TB_ATL
2011,17,TEN,Mike Munchak,2011_17_TEN_HOU
2011,17,WAS,Mike Shanahan,2011_17_WAS_PHI
2012,1,ARI,Ken Whisenhunt,2012_01_SEA_ARI
2012,1,ATL,Mike Smith,2012_01_ATL_KC
2012,1,BAL,John Harbaugh,2012_01_CIN_BAL
2012,1,BUF,Chan Gailey,2012_01_BUF_NYJ
2012,1,CAR,Ron Rivera,2012_01_CAR_TB
2012,1,CHI,Lovie Smith,2012_01_IND_CHI
2012,1,CIN,Marvin Lewis,2012_01_CIN_BAL
2012,1,CLE,Pat Shurmur,2012_01_PHI_CLE
2012,1,DAL,Jason Garrett,2012_01_DAL_NYG
2012,1,DEN,John Fox,2012_01_PIT_DEN
2012,1,DET,Jim Schwartz,2012_01_STL_DET
2012,1,GB,Mike McCarthy,2012_01_SF_GB
2012,1,HOU,Gary Kubiak,2012_01_MIA_HOU
2012,1,IND,Chuck Pagano,2012_01_IND_CHI
2012,1,JAX,Mike Mularkey,2012_01_JAX_MIN
2012,1,KC,Romeo Crennel,2012_01_ATL_KC
2012,1,LA,Jeff Fisher,2012_01_STL_DET
2012,1,LAC,Norv Turner,2012_01_SD_OAK
2012,1,LV,Dennis Allen,2012_01_SD_OAK
2012,1,MIA,Joe Philbin,2012_01_MIA_HOU
2012,1,MIN,Leslie Frazier,2012_01_JAX_MIN
2012,1,NE,Bill Belichick,2012_01_NE_TEN
2012,1,NO,Aaron Kromer,2012_01_WAS_NO
2012,1,NYG,Tom Coughlin,2012_01_DAL_NYG
2012,1,NYJ,Rex Ryan,2012_01_BUF_NYJ
2012,1,PHI,Andy Reid,2012_01_PHI_CLE
2012,1,PIT,Mike Tomlin,2012_01_PIT_DEN
2012,1,SEA,Pete Carroll,2012_01_SEA_ARI
2012,1,SF,Jim Harbaugh,2012_01_SF_GB
2012,1,TB,Greg Schiano,2012_01_CAR_TB
2012,1,TEN,Mike Munchak,2012_01_NE_TEN
2012,1,WAS,Mike Shanahan,2012_01_WAS_NO
2012,2,ARI,Ken Whisenhunt,2012_02_ARI_NE
2012,2,ATL,Mike Smith,2012_02_DEN_ATL
2012,2,BAL,John Harbaugh,2012_02_BAL_PHI
2012,2,BUF,Chan Gailey,2012_02_KC_BUF
2012,2,CAR,Ron Rivera,2012_02_NO_CAR
2012,2,CHI,Lovie Smith,2012_02_CHI_GB
2012,2,CIN,Marvin Lewis,2012_02_CLE_CIN
2012,2,CLE,Pat Shurmur,2012_02_CLE_CIN
2012,2,DAL,Jason Garrett,2012_02_DAL_SEA
2012,2,DEN,John Fox,2012_02_DEN_ATL
2012,2,DET,Jim Schwartz,2012_02_DET_SF
2012,2,GB,Mike McCarthy,2012_02_CHI_GB
2012,2,HOU,Gary Kubiak,2012_02_HOU_JAX
2012,2,IND,Chuck Pagano,2012_02_MIN_IND
2012,2,JAX,Mike Mularkey,2012_02_HOU_JAX
2012,2,KC,Romeo Crennel,2012_02_KC_BUF
2012,2,LA,Jeff Fisher,2012_02_WAS_STL
2012,2,LAC,Norv Turner,2012_02_TEN_SD
2012,2,LV,Dennis Allen,2012_02_OAK_MIA
2012,2,MIA,Joe Philbin,2012_02_OAK_MIA
2012,2,MIN,Leslie Frazier,2012_02_MIN_IND
2012,2,NE,Bill Belichick,2012_02_ARI_NE
2012,2,NO,Aaron Kromer,2012_02_NO_CAR
2012,2,NYG,Tom Coughlin,2012_02_TB_NYG
2012,2,NYJ,Rex Ryan,2012_02_NYJ_PIT
2012,2,PHI,Andy Reid,2012_02_BAL_PHI
2012,2,PIT,Mike Tomlin,2012_02_NYJ_PIT
2012,2,SEA,Pete Carroll,2012_02_DAL_SEA
2012,2,SF,Jim Harbaugh,2012_02_DET_SF
2012,2,TB,Greg Schiano,2012_02_TB_NYG
2012,2,TEN,Mike Munchak,2012_02_TEN_SD
2012,2,WAS,Mike Shanahan,2012_02_WAS_STL
2012,3,ARI,Ken Whisenhunt,2012_03_PHI_ARI
2012,3,ATL,Mike Smith,2012_03_ATL_SD
2012,3,BAL,John Harbaugh,2012_03_NE_BAL
2012,3,BUF,Chan Gailey,2012_03_BUF_CLE
2012,3,CAR,Ron Rivera,2012_03_NYG_CAR
2012,3,CHI,Lovie Smith,2012_03_STL_CHI
2012,3,CIN,Marvin Lewis,2012_03_CIN_WAS
2012,3,CLE,Pat Shurmur,2012_03_BUF_CLE
2012,3,DAL,Jason Garrett,2012_03_TB_DAL
2012,3,DEN,John Fox,2012_03_HOU_DEN
2012,3,DET,Jim Schwartz,2012_03_DET_TEN
2012,3,GB,Mike McCarthy,2012_03_GB_SEA
2012,3,HOU,Gary Kubiak,2012_03_HOU_DEN
2012,3,IND,Chuck Pagano,2012_03_JAX_IND
2012,3,JAX,Mike Mularkey,2012_03_JAX_IND
2012,3,KC,Romeo Crennel,2012_03_KC_NO
2012,3,LA,Jeff Fisher,2012_03_STL_CHI
2012,3,LAC,Norv Turner,2012_03_ATL_SD
2012,3,LV,Dennis Allen,2012_03_PIT_OAK
2012,3,MIA,Joe Philbin,2012_03_NYJ_MIA
2012,3,MIN,Leslie Frazier,2012_03_SF_MIN
2012,3,NE,Bill Belichick,2012_03_NE_BAL
2012,3,NO,Aaron Kromer,2012_03_KC_NO
2012,3,NYG,Tom Coughlin,2012_03_NYG_CAR
2012,3,NYJ,Rex Ryan,2012_03_NYJ_MIA
2012,3,PHI,Andy Reid,2012_03_PHI_ARI
2012,3,PIT,Mike Tomlin,2012_03_PIT_OAK
2012,3,SEA,Pete Carroll,2012_03_GB_SEA
2012,3,SF,Jim Harbaugh,2012_03_SF_MIN
2012,3,TB,Greg Schiano,2012_03_TB_DAL
2012,3,TEN,Mike Munchak,2012_03_DET_TEN
2012,3,WAS,Mike Shanahan,2012_03_CIN_WAS
2012,4,ARI,Ken Whisenhunt,2012_04_MIA_ARI
2012,4,ATL,Mike Smith,2012_04_CAR_ATL
2012,4,BAL,John Harbaugh,2012_04_CLE_BAL
2012,4,BUF,Chan Gailey,2012_04_NE_BUF
2012,4,CAR,Ron Rivera,2012_04_CAR_ATL
2012,4,CHI,Lovie Smith,2012_04_CHI_DAL
2012,4,CIN,Marvin Lewis,2012_04_CIN_JAX
2012,4,CLE,Pat Shurmur,2012_04_CLE_BAL
2012,4,DAL,Jason Garrett,2012_04_CHI_DAL
2012,4,DEN,John Fox,2012_04_OAK_DEN
2012,4,DET,Jim Schwartz,2012_04_MIN_DET
2012,4,GB,Mike McCarthy,2012_04_NO_GB
2012,4,HOU,Gary Kubiak,2012_04_TEN_HOU
2012,4,JAX,Mike Mularkey,2012_04_CIN_JAX
2012,4,KC,Romeo Crennel,2012_04_SD_KC
2012,4,LA,Jeff Fisher,2012_04_SEA_STL
2012,4,LAC,Norv Turner,2012_04_SD_KC
2012,4,LV,Dennis Allen,2012_04_OAK_DEN
2012,4,MIA,Joe Philbin,2012_04_MIA_ARI
2012,4,MIN,Leslie Frazier,2012_04_MIN_DET
2012,4,NE,Bill Belichick,2012_04_NE_BUF
2012,4,NO,Aaron Kromer,2012_04_NO_GB
2012,4,NYG,Tom Coughlin,2012_04_NYG_PHI
2012,4,NYJ,Rex Ryan,2012_04_SF_NYJ
2012,4,PHI,Andy Reid,2012_04_NYG_PHI
2012,4,SEA,Pete Carroll,2012_04_SEA_STL
2012,4,SF,Jim Harbaugh,2012_04_SF_NYJ
2012,4,TB,Greg Schiano,2012_04_WAS_TB
2012,4,TEN,Mike Munchak,2012_04_TEN_HOU
2012,4,WAS,Mike Shanahan,2012_04_WAS_TB
2012,5,ARI,Ken Whisenhunt,2012_05_ARI_STL
2012,5,ATL,Mike Smith,2012_05_ATL_WAS
2012,5,BAL,John Harbaugh,2012_05_BAL_KC
2012,5,BUF,Chan Gailey,2012_05_BUF_SF
2012,5,CAR,Ron Rivera,2012_05_SEA_CAR
2012,5,CHI,Lovie Smith,2012_05_CHI_JAX
2012,5,CIN,Marvin Lewis,2012_05_MIA_CIN
2012,5,CLE,Pat Shurmur,2012_05_CLE_NYG
2012,5,DEN,John Fox,2012_05_DEN_NE
2012,5,GB,Mike McCarthy,2012_05_GB_IND
2012,5,HOU,Gary Kubiak,2012_05_HOU_NYJ
2012,5,IND,Chuck Pagano,2012_05_GB_IND
2012,5,JAX,Mike Mularkey,2012_05_CHI_JAX
2012,5,KC,Romeo Crennel,2012_05_BAL_KC
2012,5,LA,Jeff Fisher,2012_05_ARI_STL
2012,5,LAC,Norv Turner,2012_05_SD_NO
2012,5,MIA,Joe Philbin,2012_05_MIA_CIN
2012,5,MIN,Leslie Frazier,2012_05_TEN_MIN
2012,5,NE,Bill Belichick,2012_05_DEN_NE
2012,5,NO,Aaron Kromer,2012_05_SD_NO
2012,5,NYG,Tom Coughlin,2012_05_CLE_NYG
2012,5,NYJ,Rex Ryan,2012_05_HOU_NYJ
2012,5,PHI,Andy Reid,2012_05_PHI_PIT
2012,5,PIT,Mike Tomlin,2012_05_PHI_PIT
2012,5,SEA,Pete Carroll,2012_05_SEA_CAR
2012,5,SF,Jim Harbaugh,2012_05_BUF_SF
2012,5,TEN,Mike Munchak,2012_05_TEN_MIN
2012,5,WAS,Mike Shanahan,2012_05_ATL_WAS
2012,6,ARI,Ken Whisenhunt,2012_06_BUF_ARI
2012,6,ATL,Mike Smith,2012_06_OAK_ATL
2012,6,BAL,John Harbaugh,2012_06_DAL_BAL
2012,6,BUF,Chan Gailey,2012_06_BUF_ARI
2012,6,CIN,Marvin Lewis,2012_06_CIN_CLE
2012,6,CLE,Pat Shurmur,2012_06_CIN_CLE
2012,6,DAL,Jason Garrett,2012_06_DAL_BAL
2012,6,DEN,John Fox,2012_06_DEN_SD
2012,6,DET,Jim Schwartz,2012_06_DET_PHI
2012,6,GB,Mike McCarthy,2012_06_GB_HOU
2012,6,HOU,Gary Kubiak,2012_06_GB_HOU
2012,6,IND,Chuck Pagano,2012_06_IND_NYJ
2012,6,KC,Romeo Crennel,2012_06_KC_TB
2012,6,LA,Jeff Fisher,2012_06_STL_MIA
2012,6,LAC,Norv Turner,2012_06_DEN_SD
2012,6,LV,Dennis Allen,2012_06_OAK_ATL
2012,6,MIA,Joe Philbin,2012_06_STL_MIA
2012,6,MIN,Leslie Frazier,2012_06_MIN_WAS
2012,6,NE,Bill Belichick,2012_06_NE_SEA
2012,6,NYG,Tom Coughlin,2012_06_NYG_SF
2012,6,NYJ,Rex Ryan,2012_06_IND_NYJ
2012,6,PHI,Andy Reid,2012_06_DET_PHI
2012,6,PIT,Mike Tomlin,2012_06_PIT_TEN
2012,6,SEA,Pete Carroll,2012_06_NE_SEA
2012,6,SF,Jim Harbaugh,2012_06_NYG_SF
2012,6,TB,Greg Schiano,2012_06_KC_TB
2012,6,TEN,Mike Munchak,2012_06_PIT_TEN
2012,6,WAS,Mike Shanahan,2012_06_MIN_WAS
2012,7,ARI,Ken Whisenhunt,2012_07_ARI_MIN
2012,7,BAL,John Harbaugh,2012_07_BAL_HOU
2012,7,BUF,Chan Gailey,2012_07_TEN_BUF
2012,7,CAR,Ron Rivera,2012_07_DAL_CAR
2012,7,CHI,Lovie Smith,2012_07_DET_CHI
2012,7,CIN,Marvin Lewis,2012_07_PIT_CIN
2012,7,CLE,Pat Shurmur,2012_07_CLE_IND
2012,7,DAL,Jason Garrett,2012_07_DAL_CAR
2012,7,DET,Jim Schwartz,2012_07_DET_CHI
2012,7,GB,Mike McCarthy,2012_07_GB_STL
2012,7,HOU,Gary Kubiak,2012_07_BAL_HOU
2012,7,IND,Chuck Pagano,2012_07_CLE_IND
2012,7,JAX,Mike Mularkey,2012_07_JAX_OAK
2012,7,LA,Jeff Fisher,2012_07_GB_STL
2012,7,LV,Dennis Allen,2012_07_JAX_OAK
2012,7,MIN,Leslie Frazier,2012_07_ARI_MIN
2012,7,NE,Bill Belichick,2012_07_NYJ_NE
2012,7,NO,Aaron Kromer,2012_07_NO_TB
2012,7,NYG,Tom Coughlin,2012_07_WAS_NYG
2012,7,NYJ,Rex Ryan,2012_07_NYJ_NE
2012,7,PIT,Mike Tomlin,2012_07_PIT_CIN
2012,7,SEA,Pete Carroll,2012_07_SEA_SF
2012,7,SF,Jim Harbaugh,2012_07_SEA_SF
2012,7,TB,Greg Schiano,2012_07_NO_TB
2012,7,TEN,Mike Munchak,2012_07_TEN_BUF
2012,7,WAS,Mike Shanahan,2012_07_WAS_NYG
2012,8,ARI,Ken Whisenhunt,2012_08_SF_ARI
2012,8,ATL,Mike Smith,2012_08_ATL_PHI
2012,8,CAR,Ron Rivera,2012_08_CAR_CHI
2012,8,CHI,Lovie Smith,2012_08_CAR_CHI
2012,8,CLE,Pat Shurmur,2012_08_SD_CLE
2012,8,DAL,Jason Garrett,2012_08_NYG_DAL
2012,8,DEN,John Fox,2012_08_NO_DEN
2012,8,DET,Jim Schwartz,2012_08_SEA_DET
2012,8,GB,Mike McCarthy,2012_08_JAX_GB
2012,8,IND,Chuck Pagano,2012_08_IND_TEN
2012,8,JAX,Mike Mularkey,2012_08_JAX_GB
2012,8,KC,Romeo Crennel,2012_08_OAK_KC
2012,8,LA,Jeff Fisher,2012_08_NE_STL
2012,8,LAC,Norv Turner,2012_08_SD_CLE
2012,8,LV,Dennis Allen,2012_08_OAK_KC
2012,8,MIA,Joe Philbin,2012_08_MIA_NYJ
2012,8,MIN,Leslie Frazier,2012_08_TB_MIN
2012,8,NE,Bill Belichick,2012_08_NE_STL
2012,8,NO,Joe Vitt,2012_08_NO_DEN
2012,8,NYG,Tom Coughlin,2012_08_NYG_DAL
2012,8,NYJ,Rex Ryan,2012_08_MIA_NYJ
2012,8,PHI,Andy Reid,2012_08_ATL_PHI
2012,8,PIT,Mike Tomlin,2012_08_WAS_PIT
2012,8,SEA,Pete Carroll,2012_08_SEA_DET
2012,8,SF,Jim Harbaugh,2012_08_SF_ARI
2012,8,TB,Greg Schiano,2012_08_TB_MIN
2012,8,TEN,Mike Munchak,2012_08_IND_TEN
2012,8,WAS,Mike Shanahan,2012_08_WAS_PIT
2012,9,ARI,Ken Whisenhunt,2012_09_ARI_GB
2012,9,ATL,Mike Smith,2012_09_DAL_ATL
2012,9,BAL,John Harbaugh,2012_09_BAL_CLE
2012,9,BUF,Chan Gailey,2012_09_BUF_HOU
2012,9,CAR,Ron Rivera,2012_09_CAR_WAS
2012,9,CHI,Lovie Smith,2012_09_CHI_TEN
2012,9,CIN,Marvin Lewis,2012_09_DEN_CIN
2012,9,CLE,Pat Shurmur,2012_09_BAL_CLE
2012,9,DAL,Jason Garrett,2012_09_DAL_ATL
2012,9,DEN,John Fox,2012_09_DEN_CIN
2012,9,DET,Jim Schwartz,2012_09_DET_JAX
2012,9,GB,Mike McCarthy,2012_09_ARI_GB
2012,9,HOU,Gary Kubiak,2012_09_BUF_HOU
2012,9,IND,Chuck Pagano,2012_09_MIA_IND
2012,9,JAX,Mike Mularkey,2012_09_DET_JAX
2012,9,KC,Romeo Crennel,2012_09_KC_SD
2012,9,LAC,Norv Turner,2012_09_KC_SD
2012,9,LV,Dennis Allen,2012_09_TB_OAK
2012,9,MIA,Joe Philbin,2012_09_MIA_IND
2012,9,MIN,Leslie Frazier,2012_09_MIN_SEA
2012,9,NO,Joe Vitt,2012_09_PHI_NO
2012,9,NYG,Tom Coughlin,2012_09_PIT_NYG
2012,9,PHI,Andy Reid,2012_09_PHI_NO
2012,9,PIT,Mike Tomlin,2012_09_PIT_NYG
2012,9,SEA,Pete Carroll,2012_09_MIN_SEA
2012,9,TB,Greg Schiano,2012_09_TB_OAK
2012,9,TEN,Mike Munchak,2012_09_CHI_TEN
2012,9,WAS,Mike Shanahan,2012_09_CAR_WAS
2012,10,ATL,Mike Smith,2012_10_ATL_NO
2012,10,BAL,John Harbaugh,2012_10_OAK_BAL
2012,10,BUF,Chan Gailey,2012_10_BUF_NE
2012,10,CAR,Ron Rivera,2012_10_DEN_CAR
2012,10,CHI,Lovie Smith,2012_10_HOU_CHI
2012,10,CIN,Marvin Lewis,2012_10_NYG_CIN
2012,10,DAL,Jason Garrett,2012_10_DAL_PHI
2012,10,DEN,John Fox,2012_10_DEN_CAR
2012,10,DET,Jim Schwartz,2012_10_DET_MIN
2012,10,HOU,Gary Kubiak,2012_10_HOU_CHI
2012,10,IND,Chuck Pagano,2012_10_IND_JAX
2012,10,JAX,Mike Mularkey,2012_10_IND_JAX
2012,10,KC,Romeo Crennel,2012_10_KC_PIT
2012,10,LA,Jeff Fisher,2012_10_STL_SF
2012,10,LAC,Norv Turner,2012_10_SD_TB
2012,10,LV,Dennis Allen,2012_10_OAK_BAL
2012,10,MIA,Joe Philbin,2012_10_TEN_MIA
2012,10,MIN,Leslie Frazier,2012_10_DET_MIN
2012,10,NE,Bill Belichick,2012_10_BUF_NE
2012,10,NO,Joe Vitt,2012_10_ATL_NO
2012,10,NYG,Tom Coughlin,2012_10_NYG_CIN
2012,10,NYJ,Rex Ryan,2012_10_NYJ_SEA
2012,10,PHI,Andy Reid,2012_10_DAL_PHI
2012,10,PIT,Mike Tomlin,2012_10_KC_PIT
2012,10,SEA,Pete Carroll,2012_10_NYJ_SEA
2012,10,SF,Jim Harbaugh,2012_10_STL_SF
2012,10,TB,Greg Schiano,2012_10_SD_TB
2012,10,TEN,Mike Munchak,2012_10_TEN_MIA
2012,11,ARI,Ken Whisenhunt,2012_11_ARI_ATL
2012,11,ATL,Mike Smith,2012_11_ARI_ATL
2012,11,BAL,John Harbaugh,2012_11_BAL_PIT
2012,11,BUF,Chan Gailey,2012_11_MIA_BUF
2012,11,CAR,Ron Rivera,2012_11_TB_CAR
2012,11,CHI,Lovie Smith,2012_11_CHI_SF
2012,11,CIN,Marvin Lewis,2012_11_CIN_KC
2012,11,CLE,Pat Shurmur,2012_11_CLE_DAL
2012,11,DAL,Jason Garrett,2012_11_CLE_DAL
2012,11,DEN,John Fox,2012_11_SD_DEN
2012,11,DET,Jim Schwartz,2012_11_GB_DET
2012,11,GB,Mike McCarthy,2012_11_GB_DET
2012,11,HOU,Gary Kubiak,2012_11_JAX_HOU
2012,11,IND,Chuck Pagano,2012_11_IND_NE
2012,11,JAX,Mike Mularkey,2012_11_JAX_HOU
2012,11,KC,Romeo Crennel,2012_11_CIN_KC
2012,11,LA,Jeff Fisher,2012_11_NYJ_STL
2012,11,LAC,Norv Turner,2012_11_SD_DEN
2012,11,LV,Dennis Allen,2012_11_NO_OAK
2012,11,MIA,Joe Philbin,2012_11_MIA_BUF
2012,11,NE,Bill Belichick,2012_11_IND_NE
2012,11,NO,Joe Vitt,2012_11_NO_OAK
2012,11,NYJ,Rex Ryan,2012_11_NYJ_STL
2012,11,PHI,Andy Reid,2012_11_PHI_WAS
2012,11,PIT,Mike Tomlin,2012_11_BAL_PIT
2012,11,SF,Jim Harbaugh,2012_11_CHI_SF
2012,11,TB,Greg Schiano,2012_11_TB_CAR
2012,11,WAS,Mike Shanahan,2012_11_PHI_WAS
2012,12,ARI,Ken Whisenhunt,2012_12_STL_ARI
2012,12,ATL,Mike Smith,2012_12_ATL_TB
2012,12,BAL,John Harbaugh,2012_12_BAL_SD
2012,12,BUF,Chan Gailey,2012_12_BUF_IND
2012,12,CAR,Ron Rivera,2012_12_CAR_PHI
2012,12,CHI,Lovie Smith,2012_12_MIN_CHI
2012,12,CIN,Marvin Lewis,2012_12_OAK_CIN
2012,12,CLE,Pat Shurmur,2012_12_PIT_CLE
2012,12,DAL,Jason Garrett,2012_12_WAS_DAL
2012,12,DEN,John Fox,2012_12_DEN_KC
2012,12,DET,Jim Schwartz,2012_12_HOU_DET
2012,12,GB,Mike McCarthy,2012_12_GB_NYG
2012,12,HOU,Gary Kubiak,2012_12_HOU_DET
2012,12,IND,Chuck Pagano,2012_12_BUF_IND
2012,12,JAX,Mike Mularkey,2012_12_TEN_JAX
2012,12,KC,Romeo Crennel,2012_12_DEN_KC
2012,12,LA,Jeff Fisher,2012_12_STL_ARI
2012,12,LAC,Norv Turner,2012_12_BAL_SD
2012,12,LV,Dennis Allen,2012_12_OAK_CIN
2012,12,MIA,Joe Philbin,2012_12_SEA_MIA
2012,12,MIN,Leslie Frazier,2012_12_MIN_CHI
2012,12,NE,Bill Belichick,2012_12_NE_NYJ
2012,12,NO,Joe Vitt,2012_12_SF_NO
2012,12,NYG,Tom Coughlin,2012_12_GB_NYG
2012,12,NYJ,Rex Ryan,2012_12_NE_NYJ
2012,12,PHI,Andy Reid,2012_12_CAR_PHI
2012,12,PIT,Mike Tomlin,2012_12_PIT_CLE
2012,12,SEA,Pete Carroll,2012_12_SEA_MIA
2012,12,SF,Jim Harbaugh,2012_12_SF_NO
2012,12,TB,Greg Schiano,2012_12_ATL_TB
2012,12,TEN,Mike Munchak,2012_12_TEN_JAX
2012,12,WAS,Mike Shanahan,2012_12_WAS_DAL
2012,13,ARI,Ken Whisenhunt,2012_13_ARI_NYJ
2012,13,ATL,Mike Smith,2012_13_NO_ATL
2012,13,BAL,John Harbaugh,2012_13_PIT_BAL
2012,13,BUF,Chan Gailey,2012_13_JAX_BUF
2012,13,CAR,Ron Rivera,2012_13_CAR_KC
2012,13,CHI,Lovie Smith,2012_13_SEA_CHI
2012,13,CIN,Marvin Lewis,2012_13_CIN_SD
2012,13,CLE,Pat Shurmur,2012_13_CLE_OAK
2012,13,DAL,Jason Garrett,2012_13_PHI_DAL
2012,13,DEN,John Fox,2012_13_TB_DEN
2012,13,DET,Jim Schwartz,2012_13_IND_DET
2012,13,GB,Mike McCarthy,2012_13_MIN_GB
2012,13,HOU,Gary Kubiak,2012_13_HOU_TEN
2012,13,IND,Chuck Pagano,2012_13_IND_DET
2012,13,JAX,Mike Mularkey,2012_13_JAX_BUF
2012,13,KC,Romeo Crennel,2012_13_CAR_KC
2012,13,LA,Jeff Fisher,2012_13_SF_STL
2012,13,LAC,Norv Turner,2012_13_CIN_SD
2012,13,LV,Dennis Allen,2012_13_CLE_OAK
2012,13,MIA,Joe Philbin,2012_13_NE_MIA
2012,13,MIN,Leslie Frazier,2012_13_MIN_GB
2012,13,NE,Bill Belichick,2012_13_NE_MIA
2012,13,NO,Joe Vitt,2012_13_NO_ATL
2012,13,NYG,Tom Coughlin,2012_13_NYG_WAS
2012,13,NYJ,Rex Ryan,2012_13_ARI_NYJ
2012,13,PHI,Andy Reid,2012_13_PHI_DAL
2012,13,PIT,Mike Tomlin,2012_13_PIT_BAL
2012,13,SEA,Pete Carroll,2012_13_SEA_CHI
2012,13,SF,Jim Harbaugh,2012_13_SF_STL
2012,13,TB,Greg Schiano,2012_13_TB_DEN
2012,13,TEN,Mike Munchak,2012_13_HOU_TEN
2012,13,WAS,Mike Shanahan,2012_13_NYG_WAS
2012,14,ARI,Ken Whisenhunt,2012_14_ARI_SEA
2012,14,ATL,Mike Smith,2012_14_ATL_CAR
2012,14,BAL,John Harbaugh,2012_14_BAL_WAS
2012,14,BUF,Chan Gailey,2012_14_STL_BUF
2012,14,CAR,Ron Rivera,2012_14_ATL_CAR
2012,14,CHI,Lovie Smith,2012_14_CHI_MIN
2012,14,CIN,Marvin Lewis,2012_14_DAL_CIN
2012,14,CLE,Pat Shurmur,2012_14_KC_CLE
2012,14,DAL,Jason Garrett,2012_14_DAL_CIN
2012,14,DEN,John Fox,2012_14_DEN_OAK
2012,14,DET,Jim Schwartz,2012_14_DET_GB
2012,14,GB,Mike McCarthy,2012_14_DET_GB
2012,14,HOU,Gary Kubiak,2012_14_HOU_NE
2012,14,IND,Chuck Pagano,2012_14_TEN_IND
2012,14,JAX,Mike Mularkey,2012_14_NYJ_JAX
2012,14,KC,Romeo Crennel,2012_14_KC_CLE
2012,14,LA,Jeff Fisher,2012_14_STL_BUF
2012,14,LAC,Norv Turner,2012_14_SD_PIT
2012,14,LV,Dennis Allen,2012_14_DEN_OAK
2012,14,MIA,Joe Philbin,2012_14_MIA_SF
2012,14,MIN,Leslie Frazier,2012_14_CHI_MIN
2012,14,NE,Bill Belichick,2012_14_HOU_NE
2012,14,NO,Joe Vitt,2012_14_NO_NYG
2012,14,NYG,Tom Coughlin,2012_14_NO_NYG
2012,14,NYJ,Rex Ryan,2012_14_NYJ_JAX
2012,14,PHI,Andy Reid,2012_14_PHI_TB
2012,14,PIT,Mike Tomlin,2012_14_SD_PIT
2012,14,SEA,Pete Carroll,2012_14_ARI_SEA
2012,14,SF,Jim Harbaugh,2012_14_MIA_SF
2012,14,TB,Greg Schiano,2012_14_PHI_TB
2012,14,TEN,Mike Munchak,2012_14_TEN_IND
2012,14,WAS,Mike Shanahan,2012_14_BAL_WAS
2012,15,ARI,Ken Whisenhunt,2012_15_DET_ARI
2012,15,ATL,Mike Smith,2012_15_NYG_ATL
2012,15,BAL,John Harbaugh,2012_15_DEN_BAL
2012,15,BUF,Chan Gailey,2012_15_SEA_BUF
2012,15,CAR,Ron Rivera,2012_15_CAR_SD
2012,15,CHI,Lovie Smith,2012_15_GB_CHI
2012,15,CIN,Marvin Lewis,2012_15_CIN_PHI
2012,15,CLE,Pat Shurmur,2012_15_WAS_CLE
2012,15,DAL,Jason Garrett,2012_15_PIT_DAL
2012,15,DEN,John Fox,2012_15_DEN_BAL
2012,15,DET,Jim Schwartz,2012_15_DET_ARI
2012,15,GB,Mike McCarthy,2012_15_GB_CHI
2012,15,HOU,Gary Kubiak,2012_15_IND_HOU
2012,15,IND,Chuck Pagano,2012_15_IND_HOU
2012,15,JAX,Mike Mularkey,2012_15_JAX_MIA
2012,15,KC,Romeo Crennel,2012_15_KC_OAK
2012,15,LA,Jeff Fisher,2012_15_MIN_STL
2012,15,LAC,Norv Turner,2012_15_CAR_SD
2012,15,LV,Dennis Allen,2012_15_KC_OAK
2012,15,MIA,Joe Philbin,2012_15_JAX_MIA
2012,15,MIN,Leslie Frazier,2012_15_MIN_STL
2012,15,NE,Bill Belichick,2012_15_SF_NE
2012,15,NO,Joe Vitt,2012_15_TB_NO
2012,15,NYG,Tom Coughlin,2012_15_NYG_ATL
2012,15,NYJ,Rex Ryan,2012_15_NYJ_TEN
2012,15,PHI,Andy Reid,2012_15_CIN_PHI
2012,15,PIT,Mike Tomlin,2012_15_PIT_DAL
2012,15,SEA,Pete Carroll,2012_15_SEA_BUF
2012,15,SF,Jim Harbaugh,2012_15_SF_NE
2012,15,TB,Greg Schiano,2012_15_TB_NO
2012,15,TEN,Mike Munchak,2012_15_NYJ_TEN
2012,15,WAS,Mike Shanahan,2012_15_WAS_CLE
2012,16,ARI,Ken Whisenhunt,2012_16_CHI_ARI
2012,16,ATL,Mike Smith,2012_16_ATL_DET
2012,16,BAL,John Harbaugh,2012_16_NYG_BAL
2012,16,BUF,Chan Gailey,2012_16_BUF_MIA
2012,16,CAR,Ron Rivera,2012_16_OAK_CAR
2012,16,CHI,Lovie Smith,2012_16_CHI_ARI
2012,16,CIN,Marvin Lewis,2012_16_CIN_PIT
2012,16,CLE,Pat Shurmur,2012_16_CLE_DEN
2012,16,DAL,Jason Garrett,2012_16_NO_DAL
2012,16,DEN,John Fox,2012_16_CLE_DEN
2012,16,DET,Jim Schwartz,2012_16_ATL_DET
2012,16,GB,Mike McCarthy,2012_16_TEN_GB
2012,16,HOU,Gary Kubiak,2012_16_MIN_HOU
2012,16,IND,Chuck Pagano,2012_16_IND_KC
2012,16,JAX,Mike Mularkey,2012_16_NE_JAX
2012,16,KC,Romeo Crennel,2012_16_IND_KC
2012,16,LA,Jeff Fisher,2012_16_STL_TB
2012,16,LAC,Norv Turner,2012_16_SD_NYJ
2012,16,LV,Dennis Allen,2012_16_OAK_CAR
2012,16,MIA,Joe Philbin,2012_16_BUF_MIA
2012,16,MIN,Leslie Frazier,2012_16_MIN_HOU
2012,16,NE,Bill Belichick,2012_16_NE_JAX
2012,16,NO,Joe Vitt,2012_16_NO_DAL
2012,16,NYG,Tom Coughlin,2012_16_NYG_BAL
2012,16,NYJ,Rex Ryan,2012_16_SD_NYJ
2012,16,PHI,Andy Reid,2012_16_WAS_PHI
2012,16,PIT,Mike Tomlin,2012_16_CIN_PIT
2012,16,SEA,Pete Carroll,2012_16_SF_SEA
2012,16,SF,Jim Harbaugh,2012_16_SF_SEA
2012,16,TB,Greg Schiano,2012_16_STL_TB
2012,16,TEN,Mike Munchak,2012_16_TEN_GB
2012,16,WAS,Mike Shanahan,2012_16_WAS_PHI
2012,17,ARI,Ken Whisenhunt,2012_17_ARI_SF
2012,17,ATL,Mike Smith,2012_17_TB_ATL
2012,17,BAL,John Harbaugh,2012_17_BAL_CIN
2012,17,BUF,Chan Gailey,2012_17_NYJ_BUF
2012,17,CAR,Ron Rivera,2012_17_CAR_NO
2012,17,CHI,Lovie Smith,2012_17_CHI_DET
2012,17,CIN,Marvin Lewis,2012_17_BAL_CIN
2012,17,CLE,Pat Shurmur,2012_17_CLE_PIT
2012,17,DAL,Jason Garrett,2012_17_DAL_WAS
2012,17,DEN,John Fox,2012_17_KC_DEN
2012,17,DET,Jim Schwartz,2012_17_CHI_DET
2012,17,GB,Mike McCarthy,2012_17_GB_MIN
2012,17,HOU,Gary Kubiak,2012_17_HOU_IND
2012,17,IND,Chuck Pagano,2012_17_HOU_IND
2012,17,JAX,Mike Mularkey,2012_17_JAX_TEN
2012,17,KC,Romeo Crennel,2012_17_KC_DEN
2012,17,LA,Jeff Fisher,2012_17_STL_SEA
2012,17,LAC,Norv Turner,2012_17_OAK_SD
2012,17,LV,Dennis Allen,2012_17_OAK_SD
2012,17,MIA,Joe Philbin,2012_17_MIA_NE
2012,17,MIN,Leslie Frazier,2012_17_GB_MIN
2012,17,NE,Bill Belichick,2012_17_MIA_NE
2012,17,NO,Joe Vitt,2012_17_CAR_NO
2012,17,NYG,Tom Coughlin,2012_17_PHI_NYG
2012,17,NYJ,Rex Ryan,2012_17_NYJ_BUF
2012,17,PHI,Andy Reid,2012_17_PHI_NYG
2012,17,PIT,Mike Tomlin,2012_17_CLE_PIT
2012,17,SEA,Pete Carroll,2012_17_STL_SEA
2012,17,SF,Jim Harbaugh,2012_17_ARI_SF
2012,17,TB,Greg Schiano,2012_17_TB_ATL
2012,17,TEN,Mike Munchak,2012_17_JAX_TEN
2012,17,WAS,Mike Shanahan,2012_17_DAL_WAS
2013,1,ARI,Bruce Arians,2013_01_ARI_STL
2013,1,ATL,Mike Smith,2013_01_ATL_NO
2013,1,BAL,John Harbaugh,2013_01_BAL_DEN
2013,1,BUF,Doug Marrone,2013_01_NE_BUF
2013,1,CAR,Ron Rivera,2013_01_SEA_CAR
2013,1,CHI,Marc Trestman,2013_01_CIN_CHI
2013,1,CIN,Marvin Lewis,2013_01_CIN_CHI
2013,1,CLE,Rob Chudzinski,2013_01_MIA_CLE
2013,1,DAL,Jason Garrett,2013_01_NYG_DAL
2013,1,DEN,John Fox,2013_01_BAL_DEN
2013,1,DET,Jim Schwartz,2013_01_MIN_DET
2013,1,GB,Mike McCarthy,2013_01_GB_SF
2013,1,HOU,Gary Kubiak,2013_01_HOU_SD
2013,1,IND,Chuck Pagano,2013_01_OAK_IND
2013,1,JAX,Gus Bradley,2013_01_KC_JAX
2013,1,KC,Andy Reid,2013_01_KC_JAX
2013,1,LA,Jeff Fisher,2013_01_ARI_STL
2013,1,LAC,Mike McCoy,2013_01_HOU_SD
2013,1,LV,Dennis Allen,2013_01_OAK_IND
2013,1,MIA,Joe Philbin,2013_01_MIA_CLE
2013,1,MIN,Leslie Frazier,2013_01_MIN_DET
2013,1,NE,Bill Belichick,2013_01_NE_BUF
2013,1,NO,Sean Payton,2013_01_ATL_NO
2013,1,NYG,Tom Coughlin,2013_01_NYG_DAL
2013,1,NYJ,Rex Ryan,2013_01_TB_NYJ
2013,1,PHI,Chip Kelly,2013_01_PHI_WAS
2013,1,PIT,Mike Tomlin,2013_01_TEN_PIT
2013,1,SEA,Pete Carroll,2013_01_SEA_CAR
2013,1,SF,Jim Harbaugh,2013_01_GB_SF
2013,1,TB,Greg Schiano,2013_01_TB_NYJ
2013,1,TEN,Mike Munchak,2013_01_TEN_PIT
2013,1,WAS,Mike Shanahan,2013_01_PHI_WAS
2013,2,ARI,Bruce Arians,2013_02_DET_ARI
2013,2,ATL,Mike Smith,2013_02_STL_ATL
2013,2,BAL,John Harbaugh,2013_02_CLE_BAL
2013,2,BUF,Doug Marrone,2013_02_CAR_BUF
2013,2,CAR,Ron Rivera,2013_02_CAR_BUF
2013,2,CHI,Marc Trestman,2013_02_MIN_CHI
2013,2,CIN,Marvin Lewis,2013_02_PIT_CIN
2013,2,CLE,Rob Chudzinski,2013_02_CLE_BAL
2013,2,DAL,Jason Garrett,2013_02_DAL_KC
2013,2,DEN,John Fox,2013_02_DEN_NYG
2013,2,DET,Jim Schwartz,2013_02_DET_ARI
2013,2,GB,Mike McCarthy,2013_02_WAS_GB
2013,2,HOU,Gary Kubiak,2013_02_TEN_HOU
2013,2,IND,Chuck Pagano,2013_02_MIA_IND
2013,2,JAX,Gus Bradley,2013_02_JAX_OAK
2013,2,KC,Andy Reid,2013_02_DAL_KC
2013,2,LA,Jeff Fisher,2013_02_STL_ATL
2013,2,LAC,Mike McCoy,2013_02_SD_PHI
2013,2,LV,Dennis Allen,2013_02_JAX_OAK
2013,2,MIA,Joe Philbin,2013_02_MIA_IND
2013,2,MIN,Leslie Frazier,2013_02_MIN_CHI
2013,2,NE,Bill Belichick,2013_02_NYJ_NE
2013,2,NO,Sean Payton,2013_02_NO_TB
2013,2,NYG,Tom Coughlin,2013_02_DEN_NYG
2013,2,NYJ,Rex Ryan,2013_02_NYJ_NE
2013,2,PHI,Chip Kelly,2013_02_SD_PHI
2013,2,PIT,Mike Tomlin,2013_02_PIT_CIN
2013,2,SEA,Pete Carroll,2013_02_SF_SEA
2013,2,SF,Jim Harbaugh,2013_02_SF_SEA
2013,2,TB,Greg Schiano,2013_02_NO_TB
2013,2,TEN,Mike Munchak,2013_02_TEN_HOU
2013,2,WAS,Mike Shanahan,2013_02_WAS_GB
2013,3,ARI,Bruce Arians,2013_03_ARI_NO
2013,3,ATL,Mike Smith,2013_03_ATL_MIA
2013,3,BAL,John Harbaugh,2013_03_HOU_BAL
2013,3,BUF,Doug Marrone,2013_03_BUF_NYJ
2013,3,CAR,Ron Rivera,2013_03_NYG_CAR
2013,3,CHI,Marc Trestman,2013_03_CHI_PIT
2013,3,CIN,Marvin Lewis,2013_03_GB_CIN
2013,3,CLE,Rob Chudzinski,2013_03_CLE_MIN
2013,3,DAL,Jason Garrett,2013_03_STL_DAL
2013,3,DEN,John Fox,2013_03_OAK_DEN
2013,3,DET,Jim Schwartz,2013_03_DET_WAS
2013,3,GB,Mike McCarthy,2013_03_GB_CIN
2013,3,HOU,Gary Kubiak,2013_03_HOU_BAL
2013,3,IND,Chuck Pagano,2013_03_IND_SF
2013,3,JAX,Gus Bradley,2013_03_JAX_SEA
2013,3,KC,Andy Reid,2013_03_KC_PHI
2013,3,LA,Jeff Fisher,2013_03_STL_DAL
2013,3,LAC,Mike McCoy,2013_03_SD_TEN
2013,3,LV,Dennis Allen,2013_03_OAK_DEN
2013,3,MIA,Joe Philbin,2013_03_ATL_MIA
2013,3,MIN,Leslie Frazier,2013_03_CLE_MIN
2013,3,NE,Bill Belichick,2013_03_TB_NE
2013,3,NO,Sean Payton,2013_03_ARI_NO
2013,3,NYG,Tom Coughlin,2013_03_NYG_CAR
2013,3,NYJ,Rex Ryan,2013_03_BUF_NYJ
2013,3,PHI,Chip Kelly,2013_03_KC_PHI
2013,3,PIT,Mike Tomlin,2013_03_CHI_PIT
2013,3,SEA,Pete Carroll,2013_03_JAX_SEA
2013,3,SF,Jim Harbaugh,2013_03_IND_SF
2013,3,TB,Greg Schiano,2013_03_TB_NE
2013,3,TEN,Mike Munchak,2013_03_SD_TEN
2013,3,WAS,Mike Shanahan,2013_03_DET_WAS
2013,4,ARI,Bruce Arians,2013_04_ARI_TB
2013,4,ATL,Mike Smith,2013_04_NE_ATL
2013,4,BAL,John Harbaugh,2013_04_BAL_BUF
2013,4,BUF,Doug Marrone,2013_04_BAL_BUF
2013,4,CHI,Marc Trestman,2013_04_CHI_DET
2013,4,CIN,Marvin Lewis,2013_04_CIN_CLE
2013,4,CLE,Rob Chudzinski,2013_04_CIN_CLE
2013,4,DAL,Jason Garrett,2013_04_DAL_SD
2013,4,DEN,John Fox,2013_04_PHI_DEN
2013,4,DET,Jim Schwartz,2013_04_CHI_DET
2013,4,HOU,Gary Kubiak,2013_04_SEA_HOU
2013,4,IND,Chuck Pagano,2013_04_IND_JAX
2013,4,JAX,Gus Bradley,2013_04_IND_JAX
2013,4,KC,Andy Reid,2013_04_NYG_KC
2013,4,LA,Jeff Fisher,2013_04_SF_STL
2013,4,LAC,Mike McCoy,2013_04_DAL_SD
2013,4,LV,Dennis Allen,2013_04_WAS_OAK
2013,4,MIA,Joe Philbin,2013_04_MIA_NO
2013,4,MIN,Leslie Frazier,2013_04_PIT_MIN
2013,4,NE,Bill Belichick,2013_04_NE_ATL
2013,4,NO,Sean Payton,2013_04_MIA_NO
2013,4,NYG,Tom Coughlin,2013_04_NYG_KC
2013,4,NYJ,Rex Ryan,2013_04_NYJ_TEN
2013,4,PHI,Chip Kelly,2013_04_PHI_DEN
2013,4,PIT,Mike Tomlin,2013_04_PIT_MIN
2013,4,SEA,Pete Carroll,2013_04_SEA_HOU
2013,4,SF,Jim Harbaugh,2013_04_SF_STL
2013,4,TB,Greg Schiano,2013_04_ARI_TB
2013,4,TEN,Mike Munchak,2013_04_NYJ_TEN
2013,4,WAS,Mike Shanahan,2013_04_WAS_OAK
2013,5,ARI,Bruce Arians,2013_05_CAR_ARI
2013,5,ATL,Mike Smith,2013_05_NYJ_ATL
2013,5,BAL,John Harbaugh,2013_05_BAL_MIA
2013,5,BUF,Doug Marrone,2013_05_BUF_CLE
2013,5,CAR,Ron Rivera,2013_05_CAR_ARI
2013,5,CHI,Marc Trestman,2013_05_NO_CHI
2013,5,CIN,Marvin Lewis,2013_05_NE_CIN
2013,5,CLE,Rob Chudzinski,2013_05_BUF_CLE
2013,5,DAL,Jason Garrett,2013_05_DEN_DAL
2013,5,DEN,John Fox,2013_05_DEN_DAL
2013,5,DET,Jim Schwartz,2013_05_DET_GB
2013,5,GB,Mike McCarthy,2013_05_DET_GB
2013,5,HOU,Gary Kubiak,2013_05_HOU_SF
2013,5,IND,Chuck Pagano,2013_05_SEA_IND
2013,5,JAX,Gus Bradley,2013_05_JAX_STL
2013,5,KC,Andy Reid,2013_05_KC_TEN
2013,5,LA,Jeff Fisher,2013_05_JAX_STL
2013,5,LAC,Mike McCoy,2013_05_SD_OAK
2013,5,LV,Dennis Allen,2013_05_SD_OAK
2013,5,MIA,Joe Philbin,2013_05_BAL_MIA
2013,5,NE,Bill Belichick,2013_05_NE_CIN
2013,5,NO,Sean Payton,2013_05_NO_CHI
2013,5,NYG,Tom Coughlin,2013_05_PHI_NYG
2013,5,NYJ,Rex Ryan,2013_05_NYJ_ATL
2013,5,PHI,Chip Kelly,2013_05_PHI_NYG
2013,5,SEA,Pete Carroll,2013_05_SEA_IND
2013,5,SF,Jim Harbaugh,2013_05_HOU_SF
2013,5,TEN,Mike Munchak,2013_05_KC_TEN
2013,6,ARI,Bruce Arians,2013_06_ARI_SF
2013,6,BAL,John Harbaugh,2013_06_GB_BAL
2013,6,BUF,Doug Marrone,2013_06_CIN_BUF
2013,6,CAR,Ron Rivera,2013_06_CAR_MIN
2013,6,CHI,Marc Trestman,2013_06_NYG_CHI
2013,6,CIN,Marvin Lewis,2013_06_CIN_BUF
2013,6,CLE,Rob Chudzinski,2013_06_DET_CLE
2013,6,DAL,Jason Garrett,2013_06_WAS_DAL
2013,6,DEN,John Fox,2013_06_JAX_DEN
2013,6,DET,Jim Schwartz,2013_06_DET_CLE
2013,6,GB,Mike McCarthy,2013_06_GB_BAL
2013,6,HOU,Gary Kubiak,2013_06_STL_HOU
2013,6,IND,Chuck Pagano,2013_06_IND_SD
2013,6,JAX,Gus Bradley,2013_06_JAX_DEN
2013,6,KC,Andy Reid,2013_06_OAK_KC
2013,6,LA,Jeff Fisher,2013_06_STL_HOU
2013,6,LAC,Mike McCoy,2013_06_IND_SD
2013,6,LV,Dennis Allen,2013_06_OAK_KC
2013,6,MIN,Leslie Frazier,2013_06_CAR_MIN
2013,6,NE,Bill Belichick,2013_06_NO_NE
2013,6,NO,Sean Payton,2013_06_NO_NE
2013,6,NYG,Tom Coughlin,2013_06_NYG_CHI
2013,6,NYJ,Rex Ryan,2013_06_PIT_NYJ
2013,6,PHI,Chip Kelly,2013_06_PHI_TB
2013,6,PIT,Mike Tomlin,2013_06_PIT_NYJ
2013,6,SEA,Pete Carroll,2013_06_TEN_SEA
2013,6,SF,Jim Harbaugh,2013_06_ARI_SF
2013,6,TB,Greg Schiano,2013_06_PHI_TB
2013,6,TEN,Mike Munchak,2013_06_TEN_SEA
2013,6,WAS,Mike Shanahan,2013_06_WAS_DAL
2013,7,ARI,Bruce Arians,2013_07_SEA_ARI
2013,7,ATL,Mike Smith,2013_07_TB_ATL
2013,7,BAL,John Harbaugh,2013_07_BAL_PIT
2013,7,BUF,Doug Marrone,2013_07_BUF_MIA
2013,7,CAR,Ron Rivera,2013_07_STL_CAR
2013,7,CHI,Marc Trestman,2013_07_CHI_WAS
2013,7,CIN,Marvin Lewis,2013_07_CIN_DET
2013,7,CLE,Rob Chudzinski,2013_07_CLE_GB
2013,7,DAL,Jason Garrett,2013_07_DAL_PHI
2013,7,DEN,John Fox,2013_07_DEN_IND
2013,7,DET,Jim Schwartz,2013_07_CIN_DET
2013,7,GB,Mike McCarthy,2013_07_CLE_GB
2013,7,HOU,Gary Kubiak,2013_07_HOU_KC
2013,7,IND,Chuck Pagano,2013_07_DEN_IND
2013,7,JAX,Gus Bradley,2013_07_SD_JAX
2013,7,KC,Andy Reid,2013_07_HOU_KC
2013,7,LA,Jeff Fisher,2013_07_STL_CAR
2013,7,LAC,Mike McCoy,2013_07_SD_JAX
2013,7,MIA,Joe Philbin,2013_07_BUF_MIA
2013,7,MIN,Leslie Frazier,2013_07_MIN_NYG
2013,7,NE,Bill Belichick,2013_07_NE_NYJ
2013,7,NYG,Tom Coughlin,2013_07_MIN_NYG
2013,7,NYJ,Rex Ryan,2013_07_NE_NYJ
2013,7,PHI,Chip Kelly,2013_07_DAL_PHI
2013,7,PIT,Mike Tomlin,2013_07_BAL_PIT
2013,7,SEA,Pete Carroll,2013_07_SEA_ARI
2013,7,SF,Jim Harbaugh,2013_07_SF_TEN
2013,7,TB,Greg Schiano,2013_07_TB_ATL
2013,7,TEN,Mike Munchak,2013_07_SF_TEN
2013,7,WAS,Mike Shanahan,2013_07_CHI_WAS
2013,8,ARI,Bruce Arians,2013_08_ATL_ARI
2013,8,ATL,Mike Smith,2013_08_ATL_ARI
2013,8,BUF,Doug Marrone,2013_08_BUF_NO
2013,8,CAR,Ron Rivera,2013_08_CAR_TB
2013,8,CIN,Marvin Lewis,2013_08_NYJ_CIN
2013,8,CLE,Rob Chudzinski,2013_08_CLE_KC
2013,8,DAL,Jason Garrett,2013_08_DAL_DET
2013,8,DEN,John Fox,2013_08_WAS_DEN
2013,8,DET,Jim Schwartz,2013_08_DAL_DET
2013,8,GB,Mike McCarthy,2013_08_GB_MIN
2013,8,JAX,Gus Bradley,2013_08_SF_JAX
2013,8,KC,Andy Reid,2013_08_CLE_KC
2013,8,LA,Jeff Fisher,2013_08_SEA_STL
2013,8,LV,Dennis Allen,2013_08_PIT_OAK
2013,8,MIA,Joe Philbin,2013_08_MIA_NE
2013,8,MIN,Leslie Frazier,2013_08_GB_MIN
2013,8,NE,Bill Belichick,2013_08_MIA_NE
2013,8,NO,Sean Payton,2013_08_BUF_NO
2013,8,NYG,Tom Coughlin,2013_08_NYG_PHI
2013,8,NYJ,Rex Ryan,2013_08_NYJ_CIN
2013,8,PHI,Chip Kelly,2013_08_NYG_PHI
2013,8,PIT,Mike Tomlin,2013_08_PIT_OAK
2013,8,SEA,Pete Carroll,2013_08_SEA_STL
2013,8,SF,Jim Harbaugh,2013_08_SF_JAX
2013,8,TB,Greg Schiano,2013_08_CAR_TB
2013,8,WAS,Mike Shanahan,2013_08_WAS_DEN
2013,9,ATL,Mike Smith,2013_09_ATL_CAR
2013,9,BAL,John Harbaugh,2013_09_BAL_CLE
2013,9,BUF,Doug Marrone,2013_09_KC_BUF
2013,9,CAR,Ron Rivera,2013_09_ATL_CAR
2013,9,CHI,Marc Trestman,2013_09_CHI_GB
2013,9,CIN,Marvin Lewis,2013_09_CIN_MIA
2013,9,CLE,Rob Chudzinski,2013_09_BAL_CLE
2013,9,DAL,Jason Garrett,2013_09_MIN_DAL
2013,9,GB,Mike McCarthy,2013_09_CHI_GB
2013,9,HOU,Gary Kubiak,2013_09_IND_HOU
2013,9,IND,Chuck Pagano,2013_09_IND_HOU
2013,9,KC,Andy Reid,2013_09_KC_BUF
2013,9,LA,Jeff Fisher,2013_09_TEN_STL
2013,9,LAC,Mike McCoy,2013_09_SD_WAS
2013,9,LV,Dennis Allen,2013_09_PHI_OAK
2013,9,MIA,Joe Philbin,2013_09_CIN_MIA
2013,9,MIN,Leslie Frazier,2013_09_MIN_DAL
2013,9,NE,Bill Belichick,2013_09_PIT_NE
2013,9,NO,Sean Payton,2013_09_NO_NYJ
2013,9,NYJ,Rex Ryan,2013_09_NO_NYJ
2013,9,PHI,Chip Kelly,2013_09_PHI_OAK
2013,9,PIT,Mike Tomlin,2013_09_PIT_NE
2013,9,SEA,Pete Carroll,2013_09_TB_SEA
2013,9,TB,Greg Schiano,2013_09_TB_SEA
2013,9,TEN,Mike Munchak,2013_09_TEN_STL
2013,9,WAS,Mike Shanahan,2013_09_SD_WAS
2013,10,ARI,Bruce Arians,2013_10_HOU_ARI
2013,10,ATL,Mike Smith,2013_10_SEA_ATL
2013,10,BAL,John Harbaugh,2013_10_CIN_BAL
2013,10,BUF,Doug Marrone,2013_10_BUF_PIT
2013,10,CAR,Ron Rivera,2013_10_CAR_SF
2013,10,CHI,Marc Trestman,2013_10_DET_CHI
2013,10,CIN,Marvin Lewis,2013_10_CIN_BAL
2013,10,DAL,Jason Garrett,2013_10_DAL_NO
2013,10,DEN,John Fox,2013_10_DEN_SD
2013,10,DET,Jim Schwartz,2013_10_DET_CHI
2013,10,GB,Mike McCarthy,2013_10_PHI_GB
2013,10,HOU,Gary Kubiak,2013_10_HOU_ARI
2013,10,IND,Chuck Pagano,2013_10_STL_IND
2013,10,JAX,Gus Bradley,2013_10_JAX_TEN
2013,10,LA,Jeff Fisher,2013_10_STL_IND
2013,10,LAC,Mike McCoy,2013_10_DEN_SD
2013,10,LV,Dennis Allen,2013_10_OAK_NYG
2013,10,MIA,Joe Philbin,2013_10_MIA_TB
2013,10,MIN,Leslie Frazier,2013_10_WAS_MIN
2013,10,NO,Sean Payton,2013_10_DAL_NO
2013,10,NYG,Tom Coughlin,2013_10_OAK_NYG
2013,10,PHI,Chip Kelly,2013_10_PHI_GB
2013,10,PIT,Mike Tomlin,2013_10_BUF_PIT
2013,10,SEA,Pete Carroll,2013_10_SEA_ATL
2013,10,SF,Jim Harbaugh,2013_10_CAR_SF
2013,10,TB,Greg Schiano,2013_10_MIA_TB
2013,10,TEN,Mike Munchak,2013_10_JAX_TEN
2013,10,WAS,Mike Shanahan,2013_10_WAS_MIN
2013,11,ARI,Bruce Arians,2013_11_ARI_JAX
2013,11,ATL,Mike Smith,2013_11_ATL_TB
2013,11,BAL,John Harbaugh,2013_11_BAL_CHI
2013,11,BUF,Doug Marrone,2013_11_NYJ_BUF
2013,11,CAR,Ron Rivera,2013_11_NE_CAR
2013,11,CHI,Marc Trestman,2013_11_BAL_CHI
2013,11,CIN,Marvin Lewis,2013_11_CLE_CIN
2013,11,CLE,Rob Chudzinski,2013_11_CLE_CIN
2013,11,DEN,John Fox,2013_11_KC_DEN
2013,11,DET,Jim Schwartz,2013_11_DET_PIT
2013,11,GB,Mike McCarthy,2013_11_GB_NYG
2013,11,HOU,Gary Kubiak,2013_11_OAK_HOU
2013,11,IND,Chuck Pagano,2013_11_IND_TEN
2013,11,JAX,Gus Bradley,2013_11_ARI_JAX
2013,11,KC,Andy Reid,2013_11_KC_DEN
2013,11,LAC,Mike McCoy,2013_11_SD_MIA
2013,11,LV,Dennis Allen,2013_11_OAK_HOU
2013,11,MIA,Joe Philbin,2013_11_SD_MIA
2013,11,MIN,Leslie Frazier,2013_11_MIN_SEA
2013,11,NE,Bill Belichick,2013_11_NE_CAR
2013,11,NO,Sean Payton,2013_11_SF_NO
2013,11,NYG,Tom Coughlin,2013_11_GB_NYG
2013,11,NYJ,Rex Ryan,2013_11_NYJ_BUF
2013,11,PHI,Chip Kelly,2013_11_WAS_PHI
2013,11,PIT,Mike Tomlin,2013_11_DET_PIT
2013,11,SEA,Pete Carroll,2013_11_MIN_SEA
2013,11,SF,Jim Harbaugh,2013_11_SF_NO
2013,11,TB,Greg Schiano,2013_11_ATL_TB
2013,11,TEN,Mike Munchak,2013_11_IND_TEN
2013,11,WAS,Mike Shanahan,2013_11_WAS_PHI
2013,12,ARI,Bruce Arians,2013_12_IND_ARI
2013,12,ATL,Mike Smith,2013_12_NO_ATL
2013,12,BAL,John Harbaugh,2013_12_NYJ_BAL
2013,12,CAR,Ron Rivera,2013_12_CAR_MIA
2013,12,CHI,Marc Trestman,2013_12_CHI_STL
2013,12,CLE,Rob Chudzinski,2013_12_PIT_CLE
2013,12,DAL,Jason Garrett,2013_12_DAL_NYG
2013,12,DEN,John Fox,2013_12_DEN_NE
2013,12,DET,Jim Schwartz,2013_12_TB_DET
2013,12,GB,Mike McCarthy,2013_12_MIN_GB
2013,12,HOU,Gary Kubiak,2013_12_JAX_HOU
2013,12,IND,Chuck Pagano,2013_12_IND_ARI
2013,12,JAX,Gus Bradley,2013_12_JAX_HOU
2013,12,KC,Andy Reid,2013_12_SD_KC
2013,12,LA,Jeff Fisher,2013_12_CHI_STL
2013,12,LAC,Mike McCoy,2013_12_SD_KC
2013,12,LV,Dennis Allen,2013_12_TEN_OAK
2013,12,MIA,Joe Philbin,2013_12_CAR_MIA
2013,12,MIN,Leslie Frazier,2013_12_MIN_GB
2013,12,NE,Bill Belichick,2013_12_DEN_NE
2013,12,NO,Sean Payton,2013_12_NO_ATL
2013,12,NYG,Tom Coughlin,2013_12_DAL_NYG
2013,12,NYJ,Rex Ryan,2013_12_NYJ_BAL
2013,12,PIT,Mike Tomlin,2013_12_PIT_CLE
2013,12,SF,Jim Harbaugh,2013_12_SF_WAS
2013,12,TB,Greg Schiano,2013_12_TB_DET
2013,12,TEN,Mike Munchak,2013_12_TEN_OAK
2013,12,WAS,Mike Shanahan,2013_12_SF_WAS
2013,13,ARI,Bruce Arians,2013_13_ARI_PHI
2013,13,ATL,Mike Smith,2013_13_ATL_BUF
2013,13,BAL,John Harbaugh,2013_13_PIT_BAL
2013,13,BUF,Doug Marrone,2013_13_ATL_BUF
2013,13,CAR,Ron Rivera,2013_13_TB_CAR
2013,13,CHI,Marc Trestman,2013_13_CHI_MIN
2013,13,CIN,Marvin Lewis,2013_13_CIN_SD
2013,13,CLE,Rob Chudzinski,2013_13_JAX_CLE
2013,13,DAL,Jason Garrett,2013_13_OAK_DAL
2013,13,DEN,John Fox,2013_13_DEN_KC
2013,13,DET,Jim Schwartz,2013_13_GB_DET
2013,13,GB,Mike McCarthy,2013_13_GB_DET
2013,13,HOU,Gary Kubiak,2013_13_NE_HOU
2013,13,IND,Chuck Pagano,2013_13_TEN_IND
2013,13,JAX,Gus Bradley,2013_13_JAX_CLE
2013,13,KC,Andy Reid,2013_13_DEN_KC
2013,13,LA,Jeff Fisher,2013_13_STL_SF
2013,13,LAC,Mike McCoy,2013_13_CIN_SD
2013,13,LV,Dennis Allen,2013_13_OAK_DAL
2013,13,MIA,Joe Philbin,2013_13_MIA_NYJ
2013,13,MIN,Leslie Frazier,2013_13_CHI_MIN
2013,13,NE,Bill Belichick,2013_13_NE_HOU
2013,13,NO,Sean Payton,2013_13_NO_SEA
2013,13,NYG,Tom Coughlin,2013_13_NYG_WAS
2013,13,NYJ,Rex Ryan,2013_13_MIA_NYJ
2013,13,PHI,Chip Kelly,2013_13_ARI_PHI
2013,13,PIT,Mike Tomlin,2013_13_PIT_BAL
2013,13,SEA,Pete Carroll,2013_13_NO_SEA
2013,13,SF,Jim Harbaugh,2013_13_STL_SF
2013,13,TB,Greg Schiano,2013_13_TB_CAR
2013,13,TEN,Mike Munchak,2013_13_TEN_IND
2013,13,WAS,Mike Shanahan,2013_13_NYG_WAS
2013,14,ARI,Bruce Arians,2013_14_STL_ARI
2013,14,ATL,Mike Smith,2013_14_ATL_GB
2013,14,BAL,John Harbaugh,2013_14_MIN_BAL
2013,14,BUF,Doug Marrone,2013_14_BUF_TB
2013,14,CAR,Ron Rivera,2013_14_CAR_NO
2013,14,CHI,Marc Trestman,2013_14_DAL_CHI
2013,14,CIN,Marvin Lewis,2013_14_IND_CIN
2013,14,CLE,Rob Chudzinski,2013_14_CLE_NE
2013,14,DAL,Jason Garrett,2013_14_DAL_CHI
2013,14,DEN,John Fox,2013_14_TEN_DEN
2013,14,DET,Jim Schwartz,2013_14_DET_PHI
2013,14,GB,Mike McCarthy,2013_14_ATL_GB
2013,14,HOU,Gary Kubiak,2013_14_HOU_JAX
2013,14,IND,Chuck Pagano,2013_14_IND_CIN
2013,14,JAX,Gus Bradley,2013_14_HOU_JAX
2013,14,KC,Andy Reid,2013_14_KC_WAS
2013,14,LA,Jeff Fisher,2013_14_STL_ARI
2013,14,LAC,Mike McCoy,2013_14_NYG_SD
2013,14,LV,Dennis Allen,2013_14_OAK_NYJ
2013,14,MIA,Joe Philbin,2013_14_MIA_PIT
2013,14,MIN,Leslie Frazier,2013_14_MIN_BAL
2013,14,NE,Bill Belichick,2013_14_CLE_NE
2013,14,NO,Sean Payton,2013_14_CAR_NO
2013,14,NYG,Tom Coughlin,2013_14_NYG_SD
2013,14,NYJ,Rex Ryan,2013_14_OAK_NYJ
2013,14,PHI,Chip Kelly,2013_14_DET_PHI
2013,14,PIT,Mike Tomlin,2013_14_MIA_PIT
2013,14,SEA,Pete Carroll,2013_14_SEA_SF
2013,14,SF,Jim Harbaugh,2013_14_SEA_SF
2013,14,TB,Greg Schiano,2013_14_BUF_TB
2013,14,TEN,Mike Munchak,2013_14_TEN_DEN
2013,14,WAS,Mike Shanahan,2013_14_KC_WAS
2013,15,ARI,Bruce Arians,2013_15_ARI_TEN
2013,15,ATL,Mike Smith,2013_15_WAS_ATL
2013,15,BAL,John Harbaugh,2013_15_BAL_DET
2013,15,BUF,Doug Marrone,2013_15_BUF_JAX
2013,15,CAR,Ron Rivera,2013_15_NYJ_CAR
2013,15,CHI,Marc Trestman,2013_15_CHI_CLE
2013,15,CIN,Marvin Lewis,2013_15_CIN_PIT
2013,15,CLE,Rob Chudzinski,2013_15_CHI_CLE
2013,15,DAL,Jason Garrett,2013_15_GB_DAL
2013,15,DEN,John Fox,2013_15_SD_DEN
2013,15,DET,Jim Schwartz,2013_15_BAL_DET
2013,15,GB,Mike McCarthy,2013_15_GB_DAL
2013,15,HOU,Wade Phillips,2013_15_HOU_IND
2013,15,IND,Chuck Pagano,2013_15_HOU_IND
2013,15,JAX,Gus Bradley,2013_15_BUF_JAX
2013,15,KC,Andy Reid,2013_15_KC_OAK
2013,15,LA,Jeff Fisher,2013_15_NO_STL
2013,15,LAC,Mike McCoy,2013_15_SD_DEN
2013,15,LV,Dennis Allen,2013_15_KC_OAK
2013,15,MIA,Joe Philbin,2013_15_NE_MIA
2013,15,MIN,Leslie Frazier,2013_15_PHI_MIN
2013,15,NE,Bill Belichick,2013_15_NE_MIA
2013,15,NO,Sean Payton,2013_15_NO_STL
2013,15,NYG,Tom Coughlin,2013_15_SEA_NYG
2013,15,NYJ,Rex Ryan,2013_15_NYJ_CAR
2013,15,PHI,Chip Kelly,2013_15_PHI_MIN
2013,15,PIT,Mike Tomlin,2013_15_CIN_PIT
2013,15,SEA,Pete Carroll,2013_15_SEA_NYG
2013,15,SF,Jim Harbaugh,2013_15_SF_TB
2013,15,TB,Greg Schiano,2013_15_SF_TB
2013,15,TEN,Mike Munchak,2013_15_ARI_TEN
2013,15,WAS,Mike Shanahan,2013_15_WAS_ATL
2013,16,ARI,Bruce Arians,2013_16_ARI_SEA
2013,16,ATL,Mike Smith,2013_16_ATL_SF
2013,16,BAL,John Harbaugh,2013_16_NE_BAL
2013,16,BUF,Doug Marrone,2013_16_MIA_BUF
2013,16,CAR,Ron Rivera,2013_16_NO_CAR
2013,16,CHI,Marc Trestman,2013_16_CHI_PHI
2013,16,CIN,Marvin Lewis,2013_16_MIN_CIN
2013,16,CLE,Rob Chudzinski,2013_16_CLE_NYJ
2013,16,DAL,Jason Garrett,2013_16_DAL_WAS
2013,16,DEN,John Fox,2013_16_DEN_HOU
2013,16,DET,Jim Schwartz,2013_16_NYG_DET
2013,16,GB,Mike McCarthy,2013_16_PIT_GB
2013,16,HOU,Wade Phillips,2013_16_DEN_HOU
2013,16,IND,Chuck Pagano,2013_16_IND_KC
2013,16,JAX,Gus Bradley,2013_16_TEN_JAX
2013,16,KC,Andy Reid,2013_16_IND_KC
2013,16,LA,Jeff Fisher,2013_16_TB_STL
2013,16,LAC,Mike McCoy,2013_16_OAK_SD
2013,16,LV,Dennis Allen,2013_16_OAK_SD
2013,16,MIA,Joe Philbin,2013_16_MIA_BUF
2013,16,MIN,Leslie Frazier,2013_16_MIN_CIN
2013,16,NE,Bill Belichick,2013_16_NE_BAL
2013,16,NO,Sean Payton,2013_16_NO_CAR
2013,16,NYG,Tom Coughlin,2013_16_NYG_DET
2013,16,NYJ,Rex Ryan,2013_16_CLE_NYJ
2013,16,PHI,Chip Kelly,2013_16_CHI_PHI
2013,16,PIT,Mike Tomlin,2013_16_PIT_GB
2013,16,SEA,Pete Carroll,2013_16_ARI_SEA
2013,16,SF,Jim Harbaugh,2013_16_ATL_SF
2013,16,TB,Greg Schiano,2013_16_TB_STL
2013,16,TEN,Mike Munchak,2013_16_TEN_JAX
2013,16,WAS,Mike Shanahan,2013_16_DAL_WAS
2013,17,ARI,Bruce Arians,2013_17_SF_ARI
2013,17,ATL,Mike Smith,2013_17_CAR_ATL
2013,17,BAL,John Harbaugh,2013_17_BAL_CIN
2013,17,BUF,Doug Marrone,2013_17_BUF_NE
2013,17,CAR,Ron Rivera,2013_17_CAR_ATL
2013,17,CHI,Marc Trestman,2013_17_GB_CHI
2013,17,CIN,Marvin Lewis,2013_17_BAL_CIN
2013,17,CLE,Rob Chudzinski,2013_17_CLE_PIT
2013,17,DAL,Jason Garrett,2013_17_PHI_DAL
2013,17,DEN,John Fox,2013_17_DEN_OAK
2013,17,DET,Jim Schwartz,2013_17_DET_MIN
2013,17,GB,Mike McCarthy,2013_17_GB_CHI
2013,17,HOU,Wade Phillips,2013_17_HOU_TEN
2013,17,IND,Chuck Pagano,2013_17_JAX_IND
2013,17,JAX,Gus Bradley,2013_17_JAX_IND
2013,17,KC,Andy Reid,2013_17_KC_SD
2013,17,LA,Jeff Fisher,2013_17_STL_SEA
2013,17,LAC,Mike McCoy,2013_17_KC_SD
2013,17,LV,Dennis Allen,2013_17_DEN_OAK
2013,17,MIA,Joe Philbin,2013_17_NYJ_MIA
2013,17,MIN,Leslie Frazier,2013_17_DET_MIN
2013,17,NE,Bill Belichick,2013_17_BUF_NE
2013,17,NO,Sean Payton,2013_17_TB_NO
2013,17,NYG,Tom Coughlin,2013_17_WAS_NYG
2013,17,NYJ,Rex Ryan,2013_17_NYJ_MIA
2013,17,PHI,Chip Kelly,2013_17_PHI_DAL
2013,17,PIT,Mike Tomlin,2013_17_CLE_PIT
2013,17,SEA,Pete Carroll,2013_17_STL_SEA
2013,17,SF,Jim Harbaugh,2013_17_SF_ARI
2013,17,TB,Greg Schiano,2013_17_TB_NO
2013,17,TEN,Mike Munchak,2013_17_HOU_TEN
2013,17,WAS,Mike Shanahan,2013_17_WAS_NYG
2014,1,ARI,Bruce Arians,2014_01_SD_ARI
2014,1,ATL,Mike Smith,2014_01_NO_ATL
2014,1,BAL,John Harbaugh,2014_01_CIN_BAL
2014,1,BUF,Doug Marrone,2014_01_BUF_CHI
2014,1,CAR,Ron Rivera,2014_01_CAR_TB
2014,1,CHI,Marc Trestman,2014_01_BUF_CHI
2014,1,CIN,Marvin Lewis,2014_01_CIN_BAL
2014,1,CLE,Mike Pettine,2014_01_CLE_PIT
2014,1,DAL,Jason Garrett,2014_01_SF_DAL
2014,1,DEN,John Fox,2014_01_IND_DEN
2014,1,DET,Jim Caldwell,2014_01_NYG_DET
2014,1,GB,Mike McCarthy,2014_01_GB_SEA
2014,1,HOU,Bill O'Brien,2014_01_WAS_HOU
2014,1,IND,Chuck Pagano,2014_01_IND_DEN
2014,1,JAX,Gus Bradley,2014_01_JAX_PHI
2014,1,KC,Andy Reid,2014_01_TEN_KC
2014,1,LA,Jeff Fisher,2014_01_MIN_STL
2014,1,LAC,Mike McCoy,2014_01_SD_ARI
2014,1,LV,Dennis Allen,2014_01_OAK_NYJ
2014,1,MIA,Joe Philbin,2014_01_NE_MIA
2014,1,MIN,Mike Zimmer,2014_01_MIN_STL
2014,1,NE,Bill Belichick,2014_01_NE_MIA
2014,1,NO,Sean Payton,2014_01_NO_ATL
2014,1,NYG,Tom Coughlin,2014_01_NYG_DET
2014,1,NYJ,Rex Ryan,2014_01_OAK_NYJ
2014,1,PHI,Chip Kelly,2014_01_JAX_PHI
2014,1,PIT,Mike Tomlin,2014_01_CLE_PIT
2014,1,SEA,Pete Carroll,2014_01_GB_SEA
2014,1,SF,Jim Harbaugh,2014_01_SF_DAL
2014,1,TB,Lovie Smith,2014_01_CAR_TB
2014,1,TEN,Ken Whisenhunt,2014_01_TEN_KC
2014,1,WAS,Jay Gruden,2014_01_WAS_HOU
2014,2,ARI,Bruce Arians,2014_02_ARI_NYG
2014,2,ATL,Mike Smith,2014_02_ATL_CIN
2014,2,BAL,John Harbaugh,2014_02_PIT_BAL
2014,2,BUF,Doug Marrone,2014_02_MIA_BUF
2014,2,CAR,Ron Rivera,2014_02_DET_CAR
2014,2,CHI,Marc Trestman,2014_02_CHI_SF
2014,2,CIN,Marvin Lewis,2014_02_ATL_CIN
2014,2,CLE,Mike Pettine,2014_02_NO_CLE
2014,2,DAL,Jason Garrett,2014_02_DAL_TEN
2014,2,DEN,John Fox,2014_02_KC_DEN
2014,2,DET,Jim Caldwell,2014_02_DET_CAR
2014,2,GB,Mike McCarthy,2014_02_NYJ_GB
2014,2,HOU,Bill O'Brien,2014_02_HOU_OAK
2014,2,IND,Chuck Pagano,2014_02_PHI_IND
2014,2,JAX,Gus Bradley,2014_02_JAX_WAS
2014,2,KC,Andy Reid,2014_02_KC_DEN
2014,2,LA,Jeff Fisher,2014_02_STL_TB
2014,2,LAC,Mike McCoy,2014_02_SEA_SD
2014,2,LV,Dennis Allen,2014_02_HOU_OAK
2014,2,MIA,Joe Philbin,2014_02_MIA_BUF
2014,2,MIN,Mike Zimmer,2014_02_NE_MIN
2014,2,NE,Bill Belichick,2014_02_NE_MIN
2014,2,NO,Sean Payton,2014_02_NO_CLE
2014,2,NYG,Tom Coughlin,2014_02_ARI_NYG
2014,2,NYJ,Rex Ryan,2014_02_NYJ_GB
2014,2,PHI,Chip Kelly,2014_02_PHI_IND
2014,2,PIT,Mike Tomlin,2014_02_PIT_BAL
2014,2,SEA,Pete Carroll,2014_02_SEA_SD
2014,2,SF,Jim Harbaugh,2014_02_CHI_SF
2014,2,TB,Lovie Smith,2014_02_STL_TB
2014,2,TEN,Ken Whisenhunt,2014_02_DAL_TEN
2014,2,WAS,Jay Gruden,2014_02_JAX_WAS
2014,3,ARI,Bruce Arians,2014_03_SF_ARI
2014,3,ATL,Mike Smith,2014_03_TB_ATL
2014,3,BAL,John Harbaugh,2014_03_BAL_CLE
2014,3,BUF,Doug Marrone,2014_03_SD_BUF
2014,3,CAR,Ron Rivera,2014_03_PIT_CAR
2014,3,CHI,Marc Trestman,2014_03_CHI_NYJ
2014,3,CIN,Marvin Lewis,2014_03_TEN_CIN
2014,3,CLE,Mike Pettine,2014_03_BAL_CLE
2014,3,DAL,Jason Garrett,2014_03_DAL_STL
2014,3,DEN,John Fox,2014_03_DEN_SEA
2014,3,DET,Jim Caldwell,2014_03_GB_DET
2014,3,GB,Mike McCarthy,2014_03_GB_DET
2014,3,HOU,Bill O'Brien,2014_03_HOU_NYG
2014,3,IND,Chuck Pagano,2014_03_IND_JAX
2014,3,JAX,Gus Bradley,2014_03_IND_JAX
2014,3,KC,Andy Reid,2014_03_KC_MIA
2014,3,LA,Jeff Fisher,2014_03_DAL_STL
2014,3,LAC,Mike McCoy,2014_03_SD_BUF
2014,3,LV,Dennis Allen,2014_03_OAK_NE
2014,3,MIA,Joe Philbin,2014_03_KC_MIA
2014,3,MIN,Mike Zimmer,2014_03_MIN_NO
2014,3,NE,Bill Belichick,2014_03_OAK_NE
2014,3,NO,Sean Payton,2014_03_MIN_NO
2014,3,NYG,Tom Coughlin,2014_03_HOU_NYG
2014,3,NYJ,Rex Ryan,2014_03_CHI_NYJ
2014,3,PHI,Chip Kelly,2014_03_WAS_PHI
2014,3,PIT,Mike Tomlin,2014_03_PIT_CAR
2014,3,SEA,Pete Carroll,2014_03_DEN_SEA
2014,3,SF,Jim Harbaugh,2014_03_SF_ARI
2014,3,TB,Lovie Smith,2014_03_TB_ATL
2014,3,TEN,Ken Whisenhunt,2014_03_TEN_CIN
2014,3,WAS,Jay Gruden,2014_03_WAS_PHI
2014,4,ATL,Mike Smith,2014_04_ATL_MIN
2014,4,BAL,John Harbaugh,2014_04_CAR_BAL
2014,4,BUF,Doug Marrone,2014_04_BUF_HOU
2014,4,CAR,Ron Rivera,2014_04_CAR_BAL
2014,4,CHI,Marc Trestman,2014_04_GB_CHI
2014,4,DAL,Jason Garrett,2014_04_NO_DAL
2014,4,DET,Jim Caldwell,2014_04_DET_NYJ
2014,4,GB,Mike McCarthy,2014_04_GB_CHI
2014,4,HOU,Bill O'Brien,2014_04_BUF_HOU
2014,4,IND,Chuck Pagano,2014_04_TEN_IND
2014,4,JAX,Gus Bradley,2014_04_JAX_SD
2014,4,KC,Andy Reid,2014_04_NE_KC
2014,4,LAC,Mike McCoy,2014_04_JAX_SD
2014,4,LV,Dennis Allen,2014_04_MIA_OAK
2014,4,MIA,Joe Philbin,2014_04_MIA_OAK
2014,4,MIN,Mike Zimmer,2014_04_ATL_MIN
2014,4,NE,Bill Belichick,2014_04_NE_KC
2014,4,NO,Sean Payton,2014_04_NO_DAL
2014,4,NYG,Tom Coughlin,2014_04_NYG_WAS
2014,4,NYJ,Rex Ryan,2014_04_DET_NYJ
2014,4,PHI,Chip Kelly,2014_04_PHI_SF
2014,4,PIT,Mike Tomlin,2014_04_TB_PIT
2014,4,SF,Jim Harbaugh,2014_04_PHI_SF
2014,4,TB,Lovie Smith,2014_04_TB_PIT
2014,4,TEN,Ken Whisenhunt,2014_04_TEN_IND
2014,4,WAS,Jay Gruden,2014_04_NYG_WAS
2014,5,ARI,Bruce Arians,2014_05_ARI_DEN
2014,5,ATL,Mike Smith,2014_05_ATL_NYG
2014,5,BAL,John Harbaugh,2014_05_BAL_IND
2014,5,BUF,Doug Marrone,2014_05_BUF_DET
2014,5,CAR,Ron Rivera,2014_05_CHI_CAR
2014,5,CHI,Marc Trestman,2014_05_CHI_CAR
2014,5,CIN,Marvin Lewis,2014_05_CIN_NE
2014,5,CLE,Mike Pettine,2014_05_CLE_TEN
2014,5,DAL,Jason Garrett,2014_05_HOU_DAL
2014,5,DEN,John Fox,2014_05_ARI_DEN
2014,5,DET,Jim Caldwell,2014_05_BUF_DET
2014,5,GB,Mike McCarthy,2014_05_MIN_GB
2014,5,HOU,Bill O'Brien,2014_05_HOU_DAL
2014,5,IND,Chuck Pagano,2014_05_BAL_IND
2014,5,JAX,Gus Bradley,2014_05_PIT_JAX
2014,5,KC,Andy Reid,2014_05_KC_SF
2014,5,LA,Jeff Fisher,2014_05_STL_PHI
2014,5,LAC,Mike McCoy,2014_05_NYJ_SD
2014,5,MIN,Mike Zimmer,2014_05_MIN_GB
2014,5,NE,Bill Belichick,2014_05_CIN_NE
2014,5,NO,Sean Payton,2014_05_TB_NO
2014,5,NYG,Tom Coughlin,2014_05_ATL_NYG
2014,5,NYJ,Rex Ryan,2014_05_NYJ_SD
2014,5,PHI,Chip Kelly,2014_05_STL_PHI
2014,5,PIT,Mike Tomlin,2014_05_PIT_JAX
2014,5,SEA,Pete Carroll,2014_05_SEA_WAS
2014,5,SF,Jim Harbaugh,2014_05_KC_SF
2014,5,TB,Lovie Smith,2014_05_TB_NO
2014,5,TEN,Ken Whisenhunt,2014_05_CLE_TEN
2014,5,WAS,Jay Gruden,2014_05_SEA_WAS
2014,6,ARI,Bruce Arians,2014_06_WAS_ARI
2014,6,ATL,Mike Smith,2014_06_CHI_ATL
2014,6,BAL,John Harbaugh,2014_06_BAL_TB
2014,6,BUF,Doug Marrone,2014_06_NE_BUF
2014,6,CAR,Ron Rivera,2014_06_CAR_CIN
2014,6,CHI,Marc Trestman,2014_06_CHI_ATL
2014,6,CIN,Marvin Lewis,2014_06_CAR_CIN
2014,6,CLE,Mike Pettine,2014_06_PIT_CLE
2014,6,DAL,Jason Garrett,2014_06_DAL_SEA
2014,6,DEN,John Fox,2014_06_DEN_NYJ
2014,6,DET,Jim Caldwell,2014_06_DET_MIN
2014,6,GB,Mike McCarthy,2014_06_GB_MIA
2014,6,HOU,Bill O'Brien,2014_06_IND_HOU
2014,6,IND,Chuck Pagano,2014_06_IND_HOU
2014,6,JAX,Gus Bradley,2014_06_JAX_TEN
2014,6,LA,Jeff Fisher,2014_06_SF_STL
2014,6,LAC,Mike McCoy,2014_06_SD_OAK
2014,6,LV,Tony Sparano,2014_06_SD_OAK
2014,6,MIA,Joe Philbin,2014_06_GB_MIA
2014,6,MIN,Mike Zimmer,2014_06_DET_MIN
2014,6,NE,Bill Belichick,2014_06_NE_BUF
2014,6,NYG,Tom Coughlin,2014_06_NYG_PHI
2014,6,NYJ,Rex Ryan,2014_06_DEN_NYJ
2014,6,PHI,Chip Kelly,2014_06_NYG_PHI
2014,6,PIT,Mike Tomlin,2014_06_PIT_CLE
2014,6,SEA,Pete Carroll,2014_06_DAL_SEA
2014,6,SF,Jim Harbaugh,2014_06_SF_STL
2014,6,TB,Lovie Smith,2014_06_BAL_TB
2014,6,TEN,Ken Whisenhunt,2014_06_JAX_TEN
2014,6,WAS,Jay Gruden,2014_06_WAS_ARI
2014,7,ARI,Bruce Arians,2014_07_ARI_OAK
2014,7,ATL,Mike Smith,2014_07_ATL_BAL
2014,7,BAL,John Harbaugh,2014_07_ATL_BAL
2014,7,BUF,Doug Marrone,2014_07_MIN_BUF
2014,7,CAR,Ron Rivera,2014_07_CAR_GB
2014,7,CHI,Marc Trestman,2014_07_MIA_CHI
2014,7,CIN,Marvin Lewis,2014_07_CIN_IND
2014,7,CLE,Mike Pettine,2014_07_CLE_JAX
2014,7,DAL,Jason Garrett,2014_07_NYG_DAL
2014,7,DEN,John Fox,2014_07_SF_DEN
2014,7,DET,Jim Caldwell,2014_07_NO_DET
2014,7,GB,Mike McCarthy,2014_07_CAR_GB
2014,7,HOU,Bill O'Brien,2014_07_HOU_PIT
2014,7,IND,Chuck Pagano,2014_07_CIN_IND
2014,7,JAX,Gus Bradley,2014_07_CLE_JAX
2014,7,KC,Andy Reid,2014_07_KC_SD
2014,7,LA,Jeff Fisher,2014_07_SEA_STL
2014,7,LAC,Mike McCoy,2014_07_KC_SD
2014,7,LV,Tony Sparano,2014_07_ARI_OAK
2014,7,MIA,Joe Philbin,2014_07_MIA_CHI
2014,7,MIN,Mike Zimmer,2014_07_MIN_BUF
2014,7,NE,Bill Belichick,2014_07_NYJ_NE
2014,7,NO,Sean Payton,2014_07_NO_DET
2014,7,NYG,Tom Coughlin,2014_07_NYG_DAL
2014,7,NYJ,Rex Ryan,2014_07_NYJ_NE
2014,7,PIT,Mike Tomlin,2014_07_HOU_PIT
2014,7,SEA,Pete Carroll,2014_07_SEA_STL
2014,7,SF,Jim Harbaugh,2014_07_SF_DEN
2014,7,TEN,Ken Whisenhunt,2014_07_TEN_WAS
2014,7,WAS,Jay Gruden,2014_07_TEN_WAS
2014,8,ARI,Bruce Arians,2014_08_PHI_ARI
2014,8,ATL,Mike Smith,2014_08_DET_ATL
2014,8,BAL,John Harbaugh,2014_08_BAL_CIN
2014,8,BUF,Doug Marrone,2014_08_BUF_NYJ
2014,8,CAR,Ron Rivera,2014_08_SEA_CAR
2014,8,CHI,Marc Trestman,2014_08_CHI_NE
2014,8,CIN,Marvin Lewis,2014_08_BAL_CIN
2014,8,CLE,Mike Pettine,2014_08_OAK_CLE
2014,8,DAL,Jason Garrett,2014_08_WAS_DAL
2014,8,DEN,John Fox,2014_08_SD_DEN
2014,8,DET,Jim Caldwell,2014_08_DET_ATL
2014,8,GB,Mike McCarthy,2014_08_GB_NO
2014,8,HOU,Bill O'Brien,2014_08_HOU_TEN
2014,8,IND,Chuck Pagano,2014_08_IND_PIT
2014,8,JAX,Gus Bradley,2014_08_MIA_JAX
2014,8,KC,Andy Reid,2014_08_STL_KC
2014,8,LA,Jeff Fisher,2014_08_STL_KC
2014,8,LAC,Mike McCoy,2014_08_SD_DEN
2014,8,LV,Tony Sparano,2014_08_OAK_CLE
2014,8,MIA,Joe Philbin,2014_08_MIA_JAX
2014,8,MIN,Mike Zimmer,2014_08_MIN_TB
2014,8,NE,Bill Belichick,2014_08_CHI_NE
2014,8,NO,Sean Payton,2014_08_GB_NO
2014,8,NYJ,Rex Ryan,2014_08_BUF_NYJ
2014,8,PHI,Chip Kelly,2014_08_PHI_ARI
2014,8,PIT,Mike Tomlin,2014_08_IND_PIT
2014,8,SEA,Pete Carroll,2014_08_SEA_CAR
2014,8,TB,Lovie Smith,2014_08_MIN_TB
2014,8,TEN,Ken Whisenhunt,2014_08_HOU_TEN
2014,8,WAS,Jay Gruden,2014_08_WAS_DAL
2014,9,ARI,Bruce Arians,2014_09_ARI_DAL
2014,9,BAL,John Harbaugh,2014_09_BAL_PIT
2014,9,CAR,Ron Rivera,2014_09_NO_CAR
2014,9,CIN,Marvin Lewis,2014_09_JAX_CIN
2014,9,CLE,Mike Pettine,2014_09_TB_CLE
2014,9,DAL,Jason Garrett,2014_09_ARI_DAL
2014,9,DEN,John Fox,2014_09_DEN_NE
2014,9,HOU,Bill O'Brien,2014_09_PHI_HOU
2014,9,IND,Chuck Pagano,2014_09_IND_NYG
2014,9,JAX,Gus Bradley,2014_09_JAX_CIN
2014,9,KC,Andy Reid,2014_09_NYJ_KC
2014,9,LA,Jeff Fisher,2014_09_STL_SF
2014,9,LAC,Mike McCoy,2014_09_SD_MIA
2014,9,LV,Tony Sparano,2014_09_OAK_SEA
2014,9,MIA,Joe Philbin,2014_09_SD_MIA
2014,9,MIN,Mike Zimmer,2014_09_WAS_MIN
2014,9,NE,Bill Belichick,2014_09_DEN_NE
2014,9,NO,Sean Payton,2014_09_NO_CAR
2014,9,NYG,Tom Coughlin,2014_09_IND_NYG
2014,9,NYJ,Rex Ryan,2014_09_NYJ_KC
2014,9,PHI,Chip Kelly,2014_09_PHI_HOU
2014,9,PIT,Mike Tomlin,2014_09_BAL_PIT
2014,9,SEA,Pete Carroll,2014_09_OAK_SEA
2014,9,SF,Jim Harbaugh,2014_09_STL_SF
2014,9,TB,Lovie Smith,2014_09_TB_CLE
2014,9,WAS,Jay Gruden,2014_09_WAS_MIN
2014,10,ARI,Bruce Arians,2014_10_STL_ARI
2014,10,ATL,Mike Smith,2014_10_ATL_TB
2014,10,BAL,John Harbaugh,2014_10_TEN_BAL
2014,10,BUF,Doug Marrone,2014_10_KC_BUF
2014,10,CAR,Ron Rivera,2014_10_CAR_PHI
2014,10,CHI,Marc Trestman,2014_10_CHI_GB
2014,10,CIN,Marvin Lewis,2014_10_CLE_CIN
2014,10,CLE,Mike Pettine,2014_10_CLE_CIN
2014,10,DAL,Jason Garrett,2014_10_DAL_JAX
2014,10,DEN,John Fox,2014_10_DEN_OAK
2014,10,DET,Jim Caldwell,2014_10_MIA_DET
2014,10,GB,Mike McCarthy,2014_10_CHI_GB
2014,10,JAX,Gus Bradley,2014_10_DAL_JAX
2014,10,KC,Andy Reid,2014_10_KC_BUF
2014,10,LA,Jeff Fisher,2014_10_STL_ARI
2014,10,LV,Tony Sparano,2014_10_DEN_OAK
2014,10,MIA,Joe Philbin,2014_10_MIA_DET
2014,10,NO,Sean Payton,2014_10_SF_NO
2014,10,NYG,Tom Coughlin,2014_10_NYG_SEA
2014,10,NYJ,Rex Ryan,2014_10_PIT_NYJ
2014,10,PHI,Chip Kelly,2014_10_CAR_PHI
2014,10,PIT,Mike Tomlin,2014_10_PIT_NYJ
2014,10,SEA,Pete Carroll,2014_10_NYG_SEA
2014,10,SF,Jim Harbaugh,2014_10_SF_NO
2014,10,TB,Lovie Smith,2014_10_ATL_TB
2014,10,TEN,Ken Whisenhunt,2014_10_TEN_BAL
2014,11,ARI,Bruce Arians,2014_11_DET_ARI
2014,11,ATL,Mike Smith,2014_11_ATL_CAR
2014,11,BUF,Doug Marrone,2014_11_BUF_MIA
2014,11,CAR,Ron Rivera,2014_11_ATL_CAR
2014,11,CHI,Marc Trestman,2014_11_MIN_CHI
2014,11,CIN,Marvin Lewis,2014_11_CIN_NO
2014,11,CLE,Mike Pettine,2014_11_HOU_CLE
2014,11,DEN,John Fox,2014_11_DEN_STL
2014,11,DET,Jim Caldwell,2014_11_DET_ARI
2014,11,GB,Mike McCarthy,2014_11_PHI_GB
2014,11,HOU,Bill O'Brien,2014_11_HOU_CLE
2014,11,IND,Chuck Pagano,2014_11_NE_IND
2014,11,KC,Andy Reid,2014_11_SEA_KC
2014,11,LA,Jeff Fisher,2014_11_DEN_STL
2014,11,LAC,Mike McCoy,2014_11_OAK_SD
2014,11,LV,Tony Sparano,2014_11_OAK_SD
2014,11,MIA,Joe Philbin,2014_11_BUF_MIA
2014,11,MIN,Mike Zimmer,2014_11_MIN_CHI
2014,11,NE,Bill Belichick,2014_11_NE_IND
2014,11,NO,Sean Payton,2014_11_CIN_NO
2014,11,NYG,Tom Coughlin,2014_11_SF_NYG
2014,11,PHI,Chip Kelly,2014_11_PHI_GB
2014,11,PIT,Mike Tomlin,2014_11_PIT_TEN
2014,11,SEA,Pete Carroll,2014_11_SEA_KC
2014,11,SF,Jim Harbaugh,2014_11_SF_NYG
2014,11,TB,Lovie Smith,2014_11_TB_WAS
2014,11,TEN,Ken Whisenhunt,2014_11_PIT_TEN
2014,11,WAS,Jay Gruden,2014_11_TB_WAS
2014,12,ARI,Bruce Arians,2014_12_ARI_SEA
2014,12,ATL,Mike Smith,2014_12_CLE_ATL
2014,12,BAL,John Harbaugh,2014_12_BAL_NO
2014,12,BUF,Doug Marrone,2014_12_NYJ_BUF
2014,12,CHI,Marc Trestman,2014_12_TB_CHI
2014,12,CIN,Marvin Lewis,2014_12_CIN_HOU
2014,12,CLE,Mike Pettine,2014_12_CLE_ATL
2014,12,DAL,Jason Garrett,2014_12_DAL_NYG
2014,12,DEN,John Fox,2014_12_MIA_DEN
2014,12,DET,Jim Caldwell,2014_12_DET_NE
2014,12,GB,Mike McCarthy,2014_12_GB_MIN
2014,12,HOU,Bill O'Brien,2014_12_CIN_HOU
2014,12,IND,Chuck Pagano,2014_12_JAX_IND
2014,12,JAX,Gus Bradley,2014_12_JAX_IND
2014,12,KC,Andy Reid,2014_12_KC_OAK
2014,12,LA,Jeff Fisher,2014_12_STL_SD
2014,12,LAC,Mike McCoy,2014_12_STL_SD
2014,12,LV,Tony Sparano,2014_12_KC_OAK
2014,12,MIA,Joe Philbin,2014_12_MIA_DEN
2014,12,MIN,Mike Zimmer,2014_12_GB_MIN
2014,12,NE,Bill Belichick,2014_12_DET_NE
2014,12,NO,Sean Payton,2014_12_BAL_NO
2014,12,NYG,Tom Coughlin,2014_12_DAL_NYG
2014,12,NYJ,Rex Ryan,2014_12_NYJ_BUF
2014,12,PHI,Chip Kelly,2014_12_TEN_PHI
2014,12,SEA,Pete Carroll,2014_12_ARI_SEA
2014,12,SF,Jim Harbaugh,2014_12_WAS_SF
2014,12,TB,Lovie Smith,2014_12_TB_CHI
2014,12,TEN,Ken Whisenhunt,2014_12_TEN_PHI
2014,12,WAS,Jay Gruden,2014_12_WAS_SF
2014,13,ARI,Bruce Arians,2014_13_ARI_ATL
2014,13,ATL,Mike Smith,2014_13_ARI_ATL
2014,13,BAL,John Harbaugh,2014_13_SD_BAL
2014,13,BUF,Doug Marrone,2014_13_CLE_BUF
2014,13,CAR,Ron Rivera,2014_13_CAR_MIN
2014,13,CHI,Marc Trestman,2014_13_CHI_DET
2014,13,CIN,Marvin Lewis,2014_13_CIN_TB
2014,13,CLE,Mike Pettine,2014_13_CLE_BUF
2014,13,DAL,Jason Garrett,2014_13_PHI_DAL
2014,13,DEN,John Fox,2014_13_DEN_KC
2014,13,DET,Jim Caldwell,2014_13_CHI_DET
2014,13,GB,Mike McCarthy,2014_13_NE_GB
2014,13,HOU,Bill O'Brien,2014_13_TEN_HOU
2014,13,IND,Chuck Pagano,2014_13_WAS_IND
2014,13,JAX,Gus Bradley,2014_13_NYG_JAX
2014,13,KC,Andy Reid,2014_13_DEN_KC
2014,13,LA,Jeff Fisher,2014_13_OAK_STL
2014,13,LAC,Mike McCoy,2014_13_SD_BAL
2014,13,LV,Tony Sparano,2014_13_OAK_STL
2014,13,MIA,Joe Philbin,2014_13_MIA_NYJ
2014,13,MIN,Mike Zimmer,2014_13_CAR_MIN
2014,13,NE,Bill Belichick,2014_13_NE_GB
2014,13,NO,Sean Payton,2014_13_NO_PIT
2014,13,NYG,Tom Coughlin,2014_13_NYG_JAX
2014,13,NYJ,Rex Ryan,2014_13_MIA_NYJ
2014,13,PHI,Chip Kelly,2014_13_PHI_DAL
2014,13,PIT,Mike Tomlin,2014_13_NO_PIT
2014,13,SEA,Pete Carroll,2014_13_SEA_SF
2014,13,SF,Jim Harbaugh,2014_13_SEA_SF
2014,13,TB,Lovie Smith,2014_13_CIN_TB
2014,13,TEN,Ken Whisenhunt,2014_13_TEN_HOU
2014,13,WAS,Jay Gruden,2014_13_WAS_IND
2014,14,ARI,Bruce Arians,2014_14_KC_ARI
2014,14,ATL,Mike Smith,2014_14_ATL_GB
2014,14,BAL,John Harbaugh,2014_14_BAL_MIA
2014,14,BUF,Doug Marrone,2014_14_BUF_DEN
2014,14,CAR,Ron Rivera,2014_14_CAR_NO
2014,14,CHI,Marc Trestman,2014_14_DAL_CHI
2014,14,CIN,Marvin Lewis,2014_14_PIT_CIN
2014,14,CLE,Mike Pettine,2014_14_IND_CLE
2014,14,DAL,Jason Garrett,2014_14_DAL_CHI
2014,14,DEN,John Fox,2014_14_BUF_DEN
2014,14,DET,Jim Caldwell,2014_14_TB_DET
2014,14,GB,Mike McCarthy,2014_14_ATL_GB
2014,14,HOU,Bill O'Brien,2014_14_HOU_JAX
2014,14,IND,Chuck Pagano,2014_14_IND_CLE
2014,14,JAX,Gus Bradley,2014_14_HOU_JAX
2014,14,KC,Andy Reid,2014_14_KC_ARI
2014,14,LA,Jeff Fisher,2014_14_STL_WAS
2014,14,LAC,Mike McCoy,2014_14_NE_SD
2014,14,LV,Tony Sparano,2014_14_SF_OAK
2014,14,MIA,Joe Philbin,2014_14_BAL_MIA
2014,14,MIN,Mike Zimmer,2014_14_NYJ_MIN
2014,14,NE,Bill Belichick,2014_14_NE_SD
2014,14,NO,Sean Payton,2014_14_CAR_NO
2014,14,NYG,Tom Coughlin,2014_14_NYG_TEN
2014,14,NYJ,Rex Ryan,2014_14_NYJ_MIN
2014,14,PHI,Chip Kelly,2014_14_SEA_PHI
2014,14,PIT,Mike Tomlin,2014_14_PIT_CIN
2014,14,SEA,Pete Carroll,2014_14_SEA_PHI
2014,14,SF,Jim Harbaugh,2014_14_SF_OAK
2014,14,TB,Lovie Smith,2014_14_TB_DET
2014,14,TEN,Ken Whisenhunt,2014_14_NYG_TEN
2014,14,WAS,Jay Gruden,2014_14_STL_WAS
2014,15,ARI,Bruce Arians,2014_15_ARI_STL
2014,15,ATL,Mike Smith,2014_15_PIT_ATL
2014,15,BAL,John Harbaugh,2014_15_JAX_BAL
2014,15,BUF,Doug Marrone,2014_15_GB_BUF
2014,15,CAR,Ron Rivera,2014_15_TB_CAR
2014,15,CHI,Marc Trestman,2014_15_NO_CHI
2014,15,CIN,Marvin Lewis,2014_15_CIN_CLE
2014,15,CLE,Mike Pettine,2014_15_CIN_CLE
2014,15,DAL,Jason Garrett,2014_15_DAL_PHI
2014,15,DEN,John Fox,2014_15_DEN_SD
2014,15,DET,Jim Caldwell,2014_15_MIN_DET
2014,15,GB,Mike McCarthy,2014_15_GB_BUF
2014,15,HOU,Bill O'Brien,2014_15_HOU_IND
2014,15,IND,Chuck Pagano,2014_15_HOU_IND
2014,15,JAX,Gus Bradley,2014_15_JAX_BAL
2014,15,KC,Andy Reid,2014_15_OAK_KC
2014,15,LA,Jeff Fisher,2014_15_ARI_STL
2014,15,LAC,Mike McCoy,2014_15_DEN_SD
2014,15,LV,Tony Sparano,2014_15_OAK_KC
2014,15,MIA,Joe Philbin,2014_15_MIA_NE
2014,15,MIN,Mike Zimmer,2014_15_MIN_DET
2014,15,NE,Bill Belichick,2014_15_MIA_NE
2014,15,NO,Sean Payton,2014_15_NO_CHI
2014,15,NYG,Tom Coughlin,2014_15_WAS_NYG
2014,15,NYJ,Rex Ryan,2014_15_NYJ_TEN
2014,15,PHI,Chip Kelly,2014_15_DAL_PHI
2014,15,PIT,Mike Tomlin,2014_15_PIT_ATL
2014,15,SEA,Pete Carroll,2014_15_SF_SEA
2014,15,SF,Jim Harbaugh,2014_15_SF_SEA
2014,15,TB,Lovie Smith,2014_15_TB_CAR
2014,15,TEN,Ken Whisenhunt,2014_15_NYJ_TEN
2014,15,WAS,Jay Gruden,2014_15_WAS_NYG
2014,16,ARI,Bruce Arians,2014_16_SEA_ARI
2014,16,ATL,Mike Smith,2014_16_ATL_NO
2014,16,BAL,John Harbaugh,2014_16_BAL_HOU
2014,16,BUF,Doug Marrone,2014_16_BUF_OAK
2014,16,CAR,Ron Rivera,2014_16_CLE_CAR
2014,16,CHI,Marc Trestman,2014_16_DET_CHI
2014,16,CIN,Marvin Lewis,2014_16_DEN_CIN
2014,16,CLE,Mike Pettine,2014_16_CLE_CAR
2014,16,DAL,Jason Garrett,2014_16_IND_DAL
2014,16,DEN,John Fox,2014_16_DEN_CIN
2014,16,DET,Jim Caldwell,2014_16_DET_CHI
2014,16,GB,Mike McCarthy,2014_16_GB_TB
2014,16,HOU,Bill O'Brien,2014_16_BAL_HOU
2014,16,IND,Chuck Pagano,2014_16_IND_DAL
2014,16,JAX,Gus Bradley,2014_16_TEN_JAX
2014,16,KC,Andy Reid,2014_16_KC_PIT
2014,16,LA,Jeff Fisher,2014_16_NYG_STL
2014,16,LAC,Mike McCoy,2014_16_SD_SF
2014,16,LV,Tony Sparano,2014_16_BUF_OAK
2014,16,MIA,Joe Philbin,2014_16_MIN_MIA
2014,16,MIN,Mike Zimmer,2014_16_MIN_MIA
2014,16,NE,Bill Belichick,2014_16_NE_NYJ
2014,16,NO,Sean Payton,2014_16_ATL_NO
2014,16,NYG,Tom Coughlin,2014_16_NYG_STL
2014,16,NYJ,Rex Ryan,2014_16_NE_NYJ
2014,16,PHI,Chip Kelly,2014_16_PHI_WAS
2014,16,PIT,Mike Tomlin,2014_16_KC_PIT
2014,16,SEA,Pete Carroll,2014_16_SEA_ARI
2014,16,SF,Jim Harbaugh,2014_16_SD_SF
2014,16,TB,Lovie Smith,2014_16_GB_TB
2014,16,TEN,Ken Whisenhunt,2014_16_TEN_JAX
2014,16,WAS,Jay Gruden,2014_16_PHI_WAS
2014,17,ARI,Bruce Arians,2014_17_ARI_SF
2014,17,ATL,Mike Smith,2014_17_CAR_ATL
2014,17,BAL,John Harbaugh,2014_17_CLE_BAL
2014,17,BUF,Doug Marrone,2014_17_BUF_NE
2014,17,CAR,Ron Rivera,2014_17_CAR_ATL
2014,17,CHI,Marc Trestman,2014_17_CHI_MIN
2014,17,CIN,Marvin Lewis,2014_17_CIN_PIT
2014,17,CLE,Mike Pettine,2014_17_CLE_BAL
2014,17,DAL,Jason Garrett,2014_17_DAL_WAS
2014,17,DEN,John Fox,2014_17_OAK_DEN
2014,17,DET,Jim Caldwell,2014_17_DET_GB
2014,17,GB,Mike McCarthy,2014_17_DET_GB
2014,17,HOU,Bill O'Brien,2014_17_JAX_HOU
2014,17,IND,Chuck Pagano,2014_17_IND_TEN
2014,17,JAX,Gus Bradley,2014_17_JAX_HOU
2014,17,KC,Andy Reid,2014_17_SD_KC
2014,17,LA,Jeff Fisher,2014_17_STL_SEA
2014,17,LAC,Mike McCoy,2014_17_SD_KC
2014,17,LV,Tony Sparano,2014_17_OAK_DEN
2014,17,MIA,Joe Philbin,2014_17_NYJ_MIA
2014,17,MIN,Mike Zimmer,2014_17_CHI_MIN
2014,17,NE,Bill Belichick,2014_17_BUF_NE
2014,17,NO,Sean Payton,2014_17_NO_TB
2014,17,NYG,Tom Coughlin,2014_17_PHI_NYG
2014,17,NYJ,Rex Ryan,2014_17_NYJ_MIA
2014,17,PHI,Chip Kelly,2014_17_PHI_NYG
2014,17,PIT,Mike Tomlin,2014_17_CIN_PIT
2014,17,SEA,Pete Carroll,2014_17_STL_SEA
2014,17,SF,Jim Harbaugh,2014_17_ARI_SF
2014,17,TB,Lovie Smith,2014_17_NO_TB
2014,17,TEN,Ken Whisenhunt,2014_17_IND_TEN
2014,17,WAS,Jay Gruden,2014_17_DAL_WAS
2015,1,ARI,Bruce Arians,2015_01_NO_ARI
2015,1,ATL,Dan Quinn,2015_01_PHI_ATL
2015,1,BAL,John Harbaugh,2015_01_BAL_DEN
2015,1,BUF,Rex Ryan,2015_01_IND_BUF
2015,1,CAR,Ron Rivera,2015_01_CAR_JAX
2015,1,CHI,John Fox,2015_01_GB_CHI
2015,1,CIN,Marvin Lewis,2015_01_CIN_OAK
2015,1,CLE,Mike Pettine,2015_01_CLE_NYJ
2015,1,DAL,Jason Garrett,2015_01_NYG_DAL
2015,1,DEN,Gary Kubiak,2015_01_BAL_DEN
2015,1,DET,Jim Caldwell,2015_01_DET_SD
2015,1,GB,Mike McCarthy,2015_01_GB_CHI
2015,1,HOU,Bill O'Brien,2015_01_KC_HOU
2015,1,IND,Chuck Pagano,2015_01_IND_BUF
2015,1,JAX,Gus Bradley,2015_01_CAR_JAX
2015,1,KC,Andy Reid,2015_01_KC_HOU
2015,1,LA,Jeff Fisher,2015_01_SEA_STL
2015,1,LAC,Mike McCoy,2015_01_DET_SD
2015,1,LV,Jack Del Rio,2015_01_CIN_OAK
2015,1,MIA,Joe Philbin,2015_01_MIA_WAS
2015,1,MIN,Mike Zimmer,2015_01_MIN_SF
2015,1,NE,Bill Belichick,2015_01_PIT_NE
2015,1,NO,Sean Payton,2015_01_NO_ARI
2015,1,NYG,Tom Coughlin,2015_01_NYG_DAL
2015,1,NYJ,Todd Bowles,2015_01_CLE_NYJ
2015,1,PHI,Chip Kelly,2015_01_PHI_ATL
2015,1,PIT,Mike Tomlin,2015_01_PIT_NE
2015,1,SEA,Pete Carroll,2015_01_SEA_STL
2015,1,SF,Jim Tomsula,2015_01_MIN_SF
2015,1,TB,Lovie Smith,2015_01_TEN_TB
2015,1,TEN,Ken Whisenhunt,2015_01_TEN_TB
2015,1,WAS,Jay Gruden,2015_01_MIA_WAS
2015,2,ARI,Bruce Arians,2015_02_ARI_CHI
2015,2,ATL,Dan Quinn,2015_02_ATL_NYG
2015,2,BAL,John Harbaugh,2015_02_BAL_OAK
2015,2,BUF,Rex Ryan,2015_02_NE_BUF
2015,2,CAR,Ron Rivera,2015_02_HOU_CAR
2015,2,CHI,John Fox,2015_02_ARI_CHI
2015,2,CIN,Marvin Lewis,2015_02_SD_CIN
2015,2,CLE,Mike Pettine,2015_02_TEN_CLE
2015,2,DAL,Jason Garrett,2015_02_DAL_PHI
2015,2,DEN,Gary Kubiak,2015_02_DEN_KC
2015,2,DET,Jim Caldwell,2015_02_DET_MIN
2015,2,GB,Mike McCarthy,2015_02_SEA_GB
2015,2,HOU,Bill O'Brien,2015_02_HOU_CAR
2015,2,IND,Chuck Pagano,2015_02_NYJ_IND
2015,2,JAX,Gus Bradley,2015_02_MIA_JAX
2015,2,KC,Andy Reid,2015_02_DEN_KC
2015,2,LA,Jeff Fisher,2015_02_STL_WAS
2015,2,LAC,Mike McCoy,2015_02_SD_CIN
2015,2,LV,Jack Del Rio,2015_02_BAL_OAK
2015,2,MIA,Joe Philbin,2015_02_MIA_JAX
2015,2,MIN,Mike Zimmer,2015_02_DET_MIN
2015,2,NE,Bill Belichick,2015_02_NE_BUF
2015,2,NO,Sean Payton,2015_02_TB_NO
2015,2,NYG,Tom Coughlin,2015_02_ATL_NYG
2015,2,NYJ,Todd Bowles,2015_02_NYJ_IND
2015,2,PHI,Chip Kelly,2015_02_DAL_PHI
2015,2,PIT,Mike Tomlin,2015_02_SF_PIT
2015,2,SEA,Pete Carroll,2015_02_SEA_GB
2015,2,SF,Jim Tomsula,2015_02_SF_PIT
2015,2,TB,Lovie Smith,2015_02_TB_NO
2015,2,TEN,Ken Whisenhunt,2015_02_TEN_CLE
2015,2,WAS,Jay Gruden,2015_02_STL_WAS
2015,3,ARI,Bruce Arians,2015_03_SF_ARI
2015,3,ATL,Dan Quinn,2015_03_ATL_DAL
2015,3,BAL,John Harbaugh,2015_03_CIN_BAL
2015,3,BUF,Rex Ryan,2015_03_BUF_MIA
2015,3,CAR,Ron Rivera,2015_03_NO_CAR
2015,3,CHI,John Fox,2015_03_CHI_SEA
2015,3,CIN,Marvin Lewis,2015_03_CIN_BAL
2015,3,CLE,Mike Pettine,2015_03_OAK_CLE
2015,3,DAL,Jason Garrett,2015_03_ATL_DAL
2015,3,DEN,Gary Kubiak,2015_03_DEN_DET
2015,3,DET,Jim Caldwell,2015_03_DEN_DET
2015,3,GB,Mike McCarthy,2015_03_KC_GB
2015,3,HOU,Bill O'Brien,2015_03_TB_HOU
2015,3,IND,Chuck Pagano,2015_03_IND_TEN
2015,3,JAX,Gus Bradley,2015_03_JAX_NE
2015,3,KC,Andy Reid,2015_03_KC_GB
2015,3,LA,Jeff Fisher,2015_03_PIT_STL
2015,3,LAC,Mike McCoy,2015_03_SD_MIN
2015,3,LV,Jack Del Rio,2015_03_OAK_CLE
2015,3,MIA,Joe Philbin,2015_03_BUF_MIA
2015,3,MIN,Mike Zimmer,2015_03_SD_MIN
2015,3,NE,Bill Belichick,2015_03_JAX_NE
2015,3,NO,Sean Payton,2015_03_NO_CAR
2015,3,NYG,Tom Coughlin,2015_03_WAS_NYG
2015,3,NYJ,Todd Bowles,2015_03_PHI_NYJ
2015,3,PHI,Chip Kelly,2015_03_PHI_NYJ
2015,3,PIT,Mike Tomlin,2015_03_PIT_STL
2015,3,SEA,Pete Carroll,2015_03_CHI_SEA
2015,3,SF,Jim Tomsula,2015_03_SF_ARI
2015,3,TB,Lovie Smith,2015_03_TB_HOU
2015,3,TEN,Ken Whisenhunt,2015_03_IND_TEN
2015,3,WAS,Jay Gruden,2015_03_WAS_NYG
2015,4,ARI,Bruce Arians,2015_04_STL_ARI
2015,4,ATL,Dan Quinn,2015_04_HOU_ATL
2015,4,BAL,John Harbaugh,2015_04_BAL_PIT
2015,4,BUF,Rex Ryan,2015_04_NYG_BUF
2015,4,CAR,Ron Rivera,2015_04_CAR_TB
2015,4,CHI,John Fox,2015_04_OAK_CHI
2015,4,CIN,Marvin Lewis,2015_04_KC_CIN
2015,4,CLE,Mike Pettine,2015_04_CLE_SD
2015,4,DAL,Jason Garrett,2015_04_DAL_NO
2015,4,DEN,Gary Kubiak,2015_04_MIN_DEN
2015,4,DET,Jim Caldwell,2015_04_DET_SEA
2015,4,GB,Mike McCarthy,2015_04_GB_SF
2015,4,HOU,Bill O'Brien,2015_04_HOU_ATL
2015,4,IND,Chuck Pagano,2015_04_JAX_IND
2015,4,JAX,Gus Bradley,2015_04_JAX_IND
2015,4,KC,Andy Reid,2015_04_KC_CIN
2015,4,LA,Jeff Fisher,2015_04_STL_ARI
2015,4,LAC,Mike McCoy,2015_04_CLE_SD
2015,4,LV,Jack Del Rio,2015_04_OAK_CHI
2015,4,MIA,Joe Philbin,2015_04_NYJ_MIA
2015,4,MIN,Mike Zimmer,2015_04_MIN_DEN
2015,4,NO,Sean Payton,2015_04_DAL_NO
2015,4,NYG,Tom Coughlin,2015_04_NYG_BUF
2015,4,NYJ,Todd Bowles,2015_04_NYJ_MIA
2015,4,PHI,Chip Kelly,2015_04_PHI_WAS
2015,4,PIT,Mike Tomlin,2015_04_BAL_PIT
2015,4,SEA,Pete Carroll,2015_04_DET_SEA
2015,4,SF,Jim Tomsula,2015_04_GB_SF
2015,4,TB,Lovie Smith,2015_04_CAR_TB
2015,4,WAS,Jay Gruden,2015_04_PHI_WAS
2015,5,ARI,Bruce Arians,2015_05_ARI_DET
2015,5,ATL,Dan Quinn,2015_05_WAS_ATL
2015,5,BAL,John Harbaugh,2015_05_CLE_BAL
2015,5,BUF,Rex Ryan,2015_05_BUF_TEN
2015,5,CHI,John Fox,2015_05_CHI_KC
2015,5,CIN,Marvin Lewis,2015_05_SEA_CIN
2015,5,CLE,Mike Pettine,2015_05_CLE_BAL
2015,5,DAL,Jason Garrett,2015_05_NE_DAL
2015,5,DEN,Gary Kubiak,2015_05_DEN_OAK
2015,5,DET,Jim Caldwell,2015_05_ARI_DET
2015,5,GB,Mike McCarthy,2015_05_STL_GB
2015,5,HOU,Bill O'Brien,2015_05_IND_HOU
2015,5,IND,Chuck Pagano,2015_05_IND_HOU
2015,5,JAX,Gus Bradley,2015_05_JAX_TB
2015,5,KC,Andy Reid,2015_05_CHI_KC
2015,5,LA,Jeff Fisher,2015_05_STL_GB
2015,5,LAC,Mike McCoy,2015_05_PIT_SD
2015,5,LV,Jack Del Rio,2015_05_DEN_OAK
2015,5,NE,Bill Belichick,2015_05_NE_DAL
2015,5,NO,Sean Payton,2015_05_NO_PHI
2015,5,NYG,Tom Coughlin,2015_05_SF_NYG
2015,5,PHI,Chip Kelly,2015_05_NO_PHI
2015,5,PIT,Mike Tomlin,2015_05_PIT_SD
2015,5,SEA,Pete Carroll,2015_05_SEA_CIN
2015,5,SF,Jim Tomsula,2015_05_SF_NYG
2015,5,TB,Lovie Smith,2015_05_JAX_TB
2015,5,TEN,Ken Whisenhunt,2015_05_BUF_TEN
2015,5,WAS,Jay Gruden,2015_05_WAS_ATL
2015,6,ARI,Bruce Arians,2015_06_ARI_PIT
2015,6,ATL,Dan Quinn,2015_06_ATL_NO
2015,6,BAL,John Harbaugh,2015_06_BAL_SF
2015,6,BUF,Rex Ryan,2015_06_CIN_BUF
2015,6,CAR,Ron Rivera,2015_06_CAR_SEA
2015,6,CHI,John Fox,2015_06_CHI_DET
2015,6,CIN,Marvin Lewis,2015_06_CIN_BUF
2015,6,CLE,Mike Pettine,2015_06_DEN_CLE
2015,6,DEN,Gary Kubiak,2015_06_DEN_CLE
2015,6,DET,Jim Caldwell,2015_06_CHI_DET
2015,6,GB,Mike McCarthy,2015_06_SD_GB
2015,6,HOU,Bill O'Brien,2015_06_HOU_JAX
2015,6,IND,Chuck Pagano,2015_06_NE_IND
2015,6,JAX,Gus Bradley,2015_06_HOU_JAX
2015,6,KC,Andy Reid,2015_06_KC_MIN
2015,6,LAC,Mike McCoy,2015_06_SD_GB
2015,6,MIA,Joe Philbin,2015_06_MIA_TEN
2015,6,MIN,Mike Zimmer,2015_06_KC_MIN
2015,6,NE,Bill Belichick,2015_06_NE_IND
2015,6,NO,Sean Payton,2015_06_ATL_NO
2015,6,NYG,Tom Coughlin,2015_06_NYG_PHI
2015,6,NYJ,Todd Bowles,2015_06_WAS_NYJ
2015,6,PHI,Chip Kelly,2015_06_NYG_PHI
2015,6,PIT,Mike Tomlin,2015_06_ARI_PIT
2015,6,SEA,Pete Carroll,2015_06_CAR_SEA
2015,6,SF,Jim Tomsula,2015_06_BAL_SF
2015,6,TEN,Ken Whisenhunt,2015_06_MIA_TEN
2015,6,WAS,Jay Gruden,2015_06_WAS_NYJ
2015,7,ARI,Bruce Arians,2015_07_BAL_ARI
2015,7,ATL,Dan Quinn,2015_07_ATL_TEN
2015,7,BAL,John Harbaugh,2015_07_BAL_ARI
2015,7,BUF,Rex Ryan,2015_07_BUF_JAX
2015,7,CAR,Ron Rivera,2015_07_PHI_CAR
2015,7,CLE,Mike Pettine,2015_07_CLE_STL
2015,7,DAL,Jason Garrett,2015_07_DAL_NYG
2015,7,DET,Jim Caldwell,2015_07_MIN_DET
2015,7,HOU,Bill O'Brien,2015_07_HOU_MIA
2015,7,IND,Chuck Pagano,2015_07_NO_IND
2015,7,JAX,Gus Bradley,2015_07_BUF_JAX
2015,7,KC,Andy Reid,2015_07_PIT_KC
2015,7,LA,Jeff Fisher,2015_07_CLE_STL
2015,7,LAC,Mike McCoy,2015_07_OAK_SD
2015,7,LV,Jack Del Rio,2015_07_OAK_SD
2015,7,MIA,Joe Philbin,2015_07_HOU_MIA
2015,7,MIN,Mike Zimmer,2015_07_MIN_DET
2015,7,NE,Bill Belichick,2015_07_NYJ_NE
2015,7,NO,Sean Payton,2015_07_NO_IND
2015,7,NYG,Tom Coughlin,2015_07_DAL_NYG
2015,7,NYJ,Todd Bowles,2015_07_NYJ_NE
2015,7,PHI,Chip Kelly,2015_07_PHI_CAR
2015,7,PIT,Mike Tomlin,2015_07_PIT_KC
2015,7,SEA,Pete Carroll,2015_07_SEA_SF
2015,7,SF,Jim Tomsula,2015_07_SEA_SF
2015,7,TB,Lovie Smith,2015_07_TB_WAS
2015,7,TEN,Ken Whisenhunt,2015_07_ATL_TEN
2015,7,WAS,Jay Gruden,2015_07_TB_WAS
2015,8,ARI,Bruce Arians,2015_08_ARI_CLE
2015,8,ATL,Dan Quinn,2015_08_TB_ATL
2015,8,BAL,John Harbaugh,2015_08_SD_BAL
2015,8,CAR,Ron Rivera,2015_08_IND_CAR
2015,8,CHI,John Fox,2015_08_MIN_CHI
2015,8,CIN,Marvin Lewis,2015_08_CIN_PIT
2015,8,CLE,Mike Pettine,2015_08_ARI_CLE
2015,8,DAL,Jason Garrett,2015_08_SEA_DAL
2015,8,DEN,Gary Kubiak,2015_08_GB_DEN
2015,8,DET,Jim Caldwell,2015_08_DET_KC
2015,8,GB,Mike McCarthy,2015_08_GB_DEN
2015,8,HOU,Bill O'Brien,2015_08_TEN_HOU
2015,8,IND,Chuck Pagano,2015_08_IND_CAR
2015,8,KC,Andy Reid,2015_08_DET_KC
2015,8,LA,Jeff Fisher,2015_08_SF_STL
2015,8,LAC,Mike McCoy,2015_08_SD_BAL
2015,8,LV,Jack Del Rio,2015_08_NYJ_OAK
2015,8,MIA,Joe Philbin,2015_08_MIA_NE
2015,8,MIN,Mike Zimmer,2015_08_MIN_CHI
2015,8,NE,Bill Belichick,2015_08_MIA_NE
2015,8,NO,Sean Payton,2015_08_NYG_NO
2015,8,NYG,Tom Coughlin,2015_08_NYG_NO
2015,8,NYJ,Todd Bowles,2015_08_NYJ_OAK
2015,8,PIT,Mike Tomlin,2015_08_CIN_PIT
2015,8,SEA,Pete Carroll,2015_08_SEA_DAL
2015,8,SF,Jim Tomsula,2015_08_SF_STL
2015,8,TB,Lovie Smith,2015_08_TB_ATL
2015,8,TEN,Ken Whisenhunt,2015_08_TEN_HOU
2015,9,ATL,Dan Quinn,2015_09_ATL_SF
2015,9,BUF,Rex Ryan,2015_09_MIA_BUF
2015,9,CAR,Ron Rivera,2015_09_GB_CAR
2015,9,CHI,John Fox,2015_09_CHI_SD
2015,9,CIN,Marvin Lewis,2015_09_CLE_CIN
2015,9,CLE,Mike Pettine,2015_09_CLE_CIN
2015,9,DAL,Jason Garrett,2015_09_PHI_DAL
2015,9,DEN,Gary Kubiak,2015_09_DEN_IND
2015,9,GB,Mike McCarthy,2015_09_GB_CAR
2015,9,IND,Chuck Pagano,2015_09_DEN_IND
2015,9,JAX,Gus Bradley,2015_09_JAX_NYJ
2015,9,LA,Jeff Fisher,2015_09_STL_MIN
2015,9,LAC,Mike McCoy,2015_09_CHI_SD
2015,9,LV,Jack Del Rio,2015_09_OAK_PIT
2015,9,MIA,Joe Philbin,2015_09_MIA_BUF
2015,9,MIN,Mike Zimmer,2015_09_STL_MIN
2015,9,NE,Bill Belichick,2015_09_WAS_NE
2015,9,NO,Sean Payton,2015_09_TEN_NO
2015,9,NYG,Tom Coughlin,2015_09_NYG_TB
2015,9,NYJ,Todd Bowles,2015_09_JAX_NYJ
2015,9,PHI,Chip Kelly,2015_09_PHI_DAL
2015,9,PIT,Mike Tomlin,2015_09_OAK_PIT
2015,9,SF,Jim Tomsula,2015_09_ATL_SF
2015,9,TB,Lovie Smith,2015_09_NYG_TB
2015,9,TEN,Ken Whisenhunt,2015_09_TEN_NO
2015,9,WAS,Jay Gruden,2015_09_WAS_NE
2015,10,ARI,Bruce Arians,2015_10_ARI_SEA
2015,10,BAL,John Harbaugh,2015_10_JAX_BAL
2015,10,BUF,Rex Ryan,2015_10_BUF_NYJ
2015,10,CAR,Ron Rivera,2015_10_CAR_TEN
2015,10,CHI,John Fox,2015_10_CHI_STL
2015,10,CIN,Marvin Lewis,2015_10_HOU_CIN
2015,10,CLE,Mike Pettine,2015_10_CLE_PIT
2015,10,DAL,Jason Garrett,2015_10_DAL_TB
2015,10,DEN,Gary Kubiak,2015_10_KC_DEN
2015,10,DET,Jim Caldwell,2015_10_DET_GB
2015,10,GB,Mike McCarthy,2015_10_DET_GB
2015,10,HOU,Bill O'Brien,2015_10_HOU_CIN
2015,10,JAX,Gus Bradley,2015_10_JAX_BAL
2015,10,KC,Andy Reid,2015_10_KC_DEN
2015,10,LA,Jeff Fisher,2015_10_CHI_STL
2015,10,LV,Jack Del Rio,2015_10_MIN_OAK
2015,10,MIA,Joe Philbin,2015_10_MIA_PHI
2015,10,MIN,Mike Zimmer,2015_10_MIN_OAK
2015,10,NE,Bill Belichick,2015_10_NE_NYG
2015,10,NO,Sean Payton,2015_10_NO_WAS
2015,10,NYG,Tom Coughlin,2015_10_NE_NYG
2015,10,NYJ,Todd Bowles,2015_10_BUF_NYJ
2015,10,PHI,Chip Kelly,2015_10_MIA_PHI
2015,10,PIT,Mike Tomlin,2015_10_CLE_PIT
2015,10,SEA,Pete Carroll,2015_10_ARI_SEA
2015,10,TB,Lovie Smith,2015_10_DAL_TB
2015,10,TEN,Ken Whisenhunt,2015_10_CAR_TEN
2015,10,WAS,Jay Gruden,2015_10_NO_WAS
2015,11,ARI,Bruce Arians,2015_11_CIN_ARI
2015,11,ATL,Dan Quinn,2015_11_IND_ATL
2015,11,BAL,John Harbaugh,2015_11_STL_BAL
2015,11,BUF,Rex Ryan,2015_11_BUF_NE
2015,11,CAR,Ron Rivera,2015_11_WAS_CAR
2015,11,CHI,John Fox,2015_11_DEN_CHI
2015,11,CIN,Marvin Lewis,2015_11_CIN_ARI
2015,11,DAL,Jason Garrett,2015_11_DAL_MIA
2015,11,DEN,Gary Kubiak,2015_11_DEN_CHI
2015,11,DET,Jim Caldwell,2015_11_OAK_DET
2015,11,GB,Mike McCarthy,2015_11_GB_MIN
2015,11,HOU,Bill O'Brien,2015_11_NYJ_HOU
2015,11,IND,Chuck Pagano,2015_11_IND_ATL
2015,11,JAX,Gus Bradley,2015_11_TEN_JAX
2015,11,KC,Andy Reid,2015_11_KC_SD
2015,11,LA,Jeff Fisher,2015_11_STL_BAL
2015,11,LAC,Mike McCoy,2015_11_KC_SD
2015,11,LV,Jack Del Rio,2015_11_OAK_DET
2015,11,MIA,Joe Philbin,2015_11_DAL_MIA
2015,11,MIN,Mike Zimmer,2015_11_GB_MIN
2015,11,NE,Bill Belichick,2015_11_BUF_NE
2015,11,NYJ,Todd Bowles,2015_11_NYJ_HOU
2015,11,PHI,Chip Kelly,2015_11_TB_PHI
2015,11,SEA,Pete Carroll,2015_11_SF_SEA
2015,11,SF,Jim Tomsula,2015_11_SF_SEA
2015,11,TB,Lovie Smith,2015_11_TB_PHI
2015,11,TEN,Ken Whisenhunt,2015_11_TEN_JAX
2015,11,WAS,Jay Gruden,2015_11_WAS_CAR
2015,12,ARI,Bruce Arians,2015_12_ARI_SF
2015,12,ATL,Dan Quinn,2015_12_MIN_ATL
2015,12,BAL,John Harbaugh,2015_12_BAL_CLE
2015,12,BUF,Rex Ryan,2015_12_BUF_KC
2015,12,CAR,Ron Rivera,2015_12_CAR_DAL
2015,12,CHI,John Fox,2015_12_CHI_GB
2015,12,CIN,Marvin Lewis,2015_12_STL_CIN
2015,12,CLE,Mike Pettine,2015_12_BAL_CLE
2015,12,DAL,Jason Garrett,2015_12_CAR_DAL
2015,12,DEN,Gary Kubiak,2015_12_NE_DEN
2015,12,DET,Jim Caldwell,2015_12_PHI_DET
2015,12,GB,Mike McCarthy,2015_12_CHI_GB
2015,12,HOU,Bill O'Brien,2015_12_NO_HOU
2015,12,IND,Chuck Pagano,2015_12_TB_IND
2015,12,JAX,Gus Bradley,2015_12_SD_JAX
2015,12,KC,Andy Reid,2015_12_BUF_KC
2015,12,LA,Jeff Fisher,2015_12_STL_CIN
2015,12,LAC,Mike McCoy,2015_12_SD_JAX
2015,12,LV,Jack Del Rio,2015_12_OAK_TEN
2015,12,MIA,Joe Philbin,2015_12_MIA_NYJ
2015,12,MIN,Mike Zimmer,2015_12_MIN_ATL
2015,12,NE,Bill Belichick,2015_12_NE_DEN
2015,12,NO,Sean Payton,2015_12_NO_HOU
2015,12,NYG,Tom Coughlin,2015_12_NYG_WAS
2015,12,NYJ,Todd Bowles,2015_12_MIA_NYJ
2015,12,PHI,Chip Kelly,2015_12_PHI_DET
2015,12,PIT,Mike Tomlin,2015_12_PIT_SEA
2015,12,SEA,Pete Carroll,2015_12_PIT_SEA
2015,12,SF,Jim Tomsula,2015_12_ARI_SF
2015,12,TB,Lovie Smith,2015_12_TB_IND
2015,12,TEN,Ken Whisenhunt,2015_12_OAK_TEN
2015,12,WAS,Jay Gruden,2015_12_NYG_WAS
2015,13,ARI,Bruce Arians,2015_13_ARI_STL
2015,13,ATL,Dan Quinn,2015_13_ATL_TB
2015,13,BAL,John Harbaugh,2015_13_BAL_MIA
2015,13,BUF,Rex Ryan,2015_13_HOU_BUF
2015,13,CAR,Ron Rivera,2015_13_CAR_NO
2015,13,CHI,John Fox,2015_13_SF_CHI
2015,13,CIN,Marvin Lewis,2015_13_CIN_CLE
2015,13,CLE,Mike Pettine,2015_13_CIN_CLE
2015,13,DAL,Jason Garrett,2015_13_DAL_WAS
2015,13,DEN,Gary Kubiak,2015_13_DEN_SD
2015,13,DET,Jim Caldwell,2015_13_GB_DET
2015,13,GB,Mike McCarthy,2015_13_GB_DET
2015,13,HOU,Bill O'Brien,2015_13_HOU_BUF
2015,13,IND,Chuck Pagano,2015_13_IND_PIT
2015,13,JAX,Gus Bradley,2015_13_JAX_TEN
2015,13,KC,Andy Reid,2015_13_KC_OAK
2015,13,LA,Jeff Fisher,2015_13_ARI_STL
2015,13,LAC,Mike McCoy,2015_13_DEN_SD
2015,13,LV,Jack Del Rio,2015_13_KC_OAK
2015,13,MIA,Joe Philbin,2015_13_BAL_MIA
2015,13,MIN,Mike Zimmer,2015_13_SEA_MIN
2015,13,NE,Bill Belichick,2015_13_PHI_NE
2015,13,NO,Sean Payton,2015_13_CAR_NO
2015,13,NYG,Tom Coughlin,2015_13_NYJ_NYG
2015,13,NYJ,Todd Bowles,2015_13_NYJ_NYG
2015,13,PHI,Chip Kelly,2015_13_PHI_NE
2015,13,PIT,Mike Tomlin,2015_13_IND_PIT
2015,13,SEA,Pete Carroll,2015_13_SEA_MIN
2015,13,SF,Jim Tomsula,2015_13_SF_CHI
2015,13,TB,Lovie Smith,2015_13_ATL_TB
2015,13,TEN,Ken Whisenhunt,2015_13_JAX_TEN
2015,13,WAS,Jay Gruden,2015_13_DAL_WAS
2015,14,ARI,Bruce Arians,2015_14_MIN_ARI
2015,14,ATL,Dan Quinn,2015_14_ATL_CAR
2015,14,BAL,John Harbaugh,2015_14_SEA_BAL
2015,14,BUF,Rex Ryan,2015_14_BUF_PHI
2015,14,CAR,Ron Rivera,2015_14_ATL_CAR
2015,14,CHI,John Fox,2015_14_WAS_CHI
2015,14,CIN,Marvin Lewis,2015_14_PIT_CIN
2015,14,CLE,Mike Pettine,2015_14_SF_CLE
2015,14,DAL,Jason Garrett,2015_14_DAL_GB
2015,14,DEN,Gary Kubiak,2015_14_OAK_DEN
2015,14,DET,Jim Caldwell,2015_14_DET_STL
2015,14,GB,Mike McCarthy,2015_14_DAL_GB
2015,14,HOU,Bill O'Brien,2015_14_NE_HOU
2015,14,IND,Chuck Pagano,2015_14_IND_JAX
2015,14,JAX,Gus Bradley,2015_14_IND_JAX
2015,14,KC,Andy Reid,2015_14_SD_KC
2015,14,LA,Jeff Fisher,2015_14_DET_STL
2015,14,LAC,Mike McCoy,2015_14_SD_KC
2015,14,LV,Jack Del Rio,2015_14_OAK_DEN
2015,14,MIA,Joe Philbin,2015_14_NYG_MIA
2015,14,MIN,Mike Zimmer,2015_14_MIN_ARI
2015,14,NE,Bill Belichick,2015_14_NE_HOU
2015,14,NO,Sean Payton,2015_14_NO_TB
2015,14,NYG,Tom Coughlin,2015_14_NYG_MIA
2015,14,NYJ,Todd Bowles,2015_14_TEN_NYJ
2015,14,PHI,Chip Kelly,2015_14_BUF_PHI
2015,14,PIT,Mike Tomlin,2015_14_PIT_CIN
2015,14,SEA,Pete Carroll,2015_14_SEA_BAL
2015,14,SF,Jim Tomsula,2015_14_SF_CLE
2015,14,TB,Lovie Smith,2015_14_NO_TB
2015,14,TEN,Ken Whisenhunt,2015_14_TEN_NYJ
2015,14,WAS,Jay Gruden,2015_14_WAS_CHI
2015,15,ARI,Bruce Arians,2015_15_ARI_PHI
2015,15,ATL,Dan Quinn,2015_15_ATL_JAX
2015,15,BAL,John Harbaugh,2015_15_KC_BAL
2015,15,BUF,Rex Ryan,2015_15_BUF_WAS
2015,15,CAR,Ron Rivera,2015_15_CAR_NYG
2015,15,CHI,John Fox,2015_15_CHI_MIN
2015,15,CIN,Marvin Lewis,2015_15_CIN_SF
2015,15,CLE,Mike Pettine,2015_15_CLE_SEA
2015,15,DAL,Jason Garrett,2015_15_NYJ_DAL
2015,15,DEN,Gary Kubiak,2015_15_DEN_PIT
2015,15,DET,Jim Caldwell,2015_15_DET_NO
2015,15,GB,Mike McCarthy,2015_15_GB_OAK
2015,15,HOU,Bill O'Brien,2015_15_HOU_IND
2015,15,IND,Chuck Pagano,2015_15_HOU_IND
2015,15,JAX,Gus Bradley,2015_15_ATL_JAX
2015,15,KC,Andy Reid,2015_15_KC_BAL
2015,15,LA,Jeff Fisher,2015_15_TB_STL
2015,15,LAC,Mike McCoy,2015_15_MIA_SD
2015,15,LV,Jack Del Rio,2015_15_GB_OAK
2015,15,MIA,Joe Philbin,2015_15_MIA_SD
2015,15,MIN,Mike Zimmer,2015_15_CHI_MIN
2015,15,NE,Bill Belichick,2015_15_TEN_NE
2015,15,NO,Sean Payton,2015_15_DET_NO
2015,15,NYG,Tom Coughlin,2015_15_CAR_NYG
2015,15,NYJ,Todd Bowles,2015_15_NYJ_DAL
2015,15,PHI,Chip Kelly,2015_15_ARI_PHI
2015,15,PIT,Mike Tomlin,2015_15_DEN_PIT
2015,15,SEA,Pete Carroll,2015_15_CLE_SEA
2015,15,SF,Jim Tomsula,2015_15_CIN_SF
2015,15,TB,Lovie Smith,2015_15_TB_STL
2015,15,TEN,Ken Whisenhunt,2015_15_TEN_NE
2015,15,WAS,Jay Gruden,2015_15_BUF_WAS
2015,16,ARI,Bruce Arians,2015_16_GB_ARI
2015,16,ATL,Dan Quinn,2015_16_CAR_ATL
2015,16,BAL,John Harbaugh,2015_16_PIT_BAL
2015,16,BUF,Rex Ryan,2015_16_DAL_BUF
2015,16,CAR,Ron Rivera,2015_16_CAR_ATL
2015,16,CHI,John Fox,2015_16_CHI_TB
2015,16,CIN,Marvin Lewis,2015_16_CIN_DEN
2015,16,CLE,Mike Pettine,2015_16_CLE_KC
2015,16,DAL,Jason Garrett,2015_16_DAL_BUF
2015,16,DEN,Gary Kubiak,2015_16_CIN_DEN
2015,16,DET,Jim Caldwell,2015_16_SF_DET
2015,16,GB,Mike McCarthy,2015_16_GB_ARI
2015,16,HOU,Bill O'Brien,2015_16_HOU_TEN
2015,16,IND,Chuck Pagano,2015_16_IND_MIA
2015,16,JAX,Gus Bradley,2015_16_JAX_NO
2015,16,KC,Andy Reid,2015_16_CLE_KC
2015,16,LA,Jeff Fisher,2015_16_STL_SEA
2015,16,LAC,Mike McCoy,2015_16_SD_OAK
2015,16,LV,Jack Del Rio,2015_16_SD_OAK
2015,16,MIA,Joe Philbin,2015_16_IND_MIA
2015,16,MIN,Mike Zimmer,2015_16_NYG_MIN
2015,16,NE,Bill Belichick,2015_16_NE_NYJ
2015,16,NO,Sean Payton,2015_16_JAX_NO
2015,16,NYG,Tom Coughlin,2015_16_NYG_MIN
2015,16,NYJ,Todd Bowles,2015_16_NE_NYJ
2015,16,PHI,Chip Kelly,2015_16_WAS_PHI
2015,16,PIT,Mike Tomlin,2015_16_PIT_BAL
2015,16,SEA,Pete Carroll,2015_16_STL_SEA
2015,16,SF,Jim Tomsula,2015_16_SF_DET
2015,16,TB,Lovie Smith,2015_16_CHI_TB
2015,16,TEN,Ken Whisenhunt,2015_16_HOU_TEN
2015,16,WAS,Jay Gruden,2015_16_WAS_PHI
2015,17,ARI,Bruce Arians,2015_17_SEA_ARI
2015,17,ATL,Dan Quinn,2015_17_NO_ATL
2015,17,BAL,John Harbaugh,2015_17_BAL_CIN
2015,17,BUF,Rex Ryan,2015_17_NYJ_BUF
2015,17,CAR,Ron Rivera,2015_17_TB_CAR
2015,17,CHI,John Fox,2015_17_DET_CHI
2015,17,CIN,Marvin Lewis,2015_17_BAL_CIN
2015,17,CLE,Mike Pettine,2015_17_PIT_CLE
2015,17,DAL,Jason Garrett,2015_17_WAS_DAL
2015,17,DEN,Gary Kubiak,2015_17_SD_DEN
2015,17,DET,Jim Caldwell,2015_17_DET_CHI
2015,17,GB,Mike McCarthy,2015_17_MIN_GB
2015,17,HOU,Bill O'Brien,2015_17_JAX_HOU
2015,17,IND,Chuck Pagano,2015_17_TEN_IND
2015,17,JAX,Gus Bradley,2015_17_JAX_HOU
2015,17,KC,Andy Reid,2015_17_OAK_KC
2015,17,LA,Jeff Fisher,2015_17_STL_SF
2015,17,LAC,Mike McCoy,2015_17_SD_DEN
2015,17,LV,Jack Del Rio,2015_17_OAK_KC
2015,17,MIA,Joe Philbin,2015_17_NE_MIA
2015,17,MIN,Mike Zimmer,2015_17_MIN_GB
2015,17,NE,Bill Belichick,2015_17_NE_MIA
2015,17,NO,Sean Payton,2015_17_NO_ATL
2015,17,NYG,Tom Coughlin,2015_17_PHI_NYG
2015,17,NYJ,Todd Bowles,2015_17_NYJ_BUF
2015,17,PHI,Pat Shurmur,2015_17_PHI_NYG
2015,17,PIT,Mike Tomlin,2015_17_PIT_CLE
2015,17,SEA,Pete Carroll,2015_17_SEA_ARI
2015,17,SF,Jim Tomsula,2015_17_STL_SF
2015,17,TB,Lovie Smith,2015_17_TB_CAR
2015,17,TEN,Ken Whisenhunt,2015_17_TEN_IND
2015,17,WAS,Jay Gruden,2015_17_WAS_DAL
2016,1,ARI,Bruce Arians,2016_01_NE_ARI
2016,1,ATL,Dan Quinn,2016_01_TB_ATL
2016,1,BAL,John Harbaugh,2016_01_BUF_BAL
2016,1,BUF,Rex Ryan,2016_01_BUF_BAL
2016,1,CAR,Ron Rivera,2016_01_CAR_DEN
2016,1,CHI,John Fox,2016_01_CHI_HOU
2016,1,CIN,Marvin Lewis,2016_01_CIN_NYJ
2016,1,CLE,Hue Jackson,2016_01_CLE_PHI
2016,1,DAL,Jason Garrett,2016_01_NYG_DAL
2016,1,DEN,Gary Kubiak,2016_01_CAR_DEN
2016,1,DET,Jim Caldwell,2016_01_DET_IND
2016,1,GB,Mike McCarthy,2016_01_GB_JAX
2016,1,HOU,Bill O'Brien,2016_01_CHI_HOU
2016,1,IND,Chuck Pagano,2016_01_DET_IND
2016,1,JAX,Gus Bradley,2016_01_GB_JAX
2016,1,KC,Andy Reid,2016_01_SD_KC
2016,1,LA,Jeff Fisher,2016_01_LA_SF
2016,1,LAC,Mike McCoy,2016_01_SD_KC
2016,1,LV,Jack Del Rio,2016_01_OAK_NO
2016,1,MIA,Adam Gase,2016_01_MIA_SEA
2016,1,MIN,Mike Zimmer,2016_01_MIN_TEN
2016,1,NE,Bill Belichick,2016_01_NE_ARI
2016,1,NO,Sean Payton,2016_01_OAK_NO
2016,1,NYG,Ben McAdoo,2016_01_NYG_DAL
2016,1,NYJ,Todd Bowles,2016_01_CIN_NYJ
2016,1,PHI,Doug Pederson,2016_01_CLE_PHI
2016,1,PIT,Mike Tomlin,2016_01_PIT_WAS
2016,1,SEA,Pete Carroll,2016_01_MIA_SEA
2016,1,SF,Chip Kelly,2016_01_LA_SF
2016,1,TB,Dirk Koetter,2016_01_TB_ATL
2016,1,TEN,Mike Mularkey,2016_01_MIN_TEN
2016,1,WAS,Jay Gruden,2016_01_PIT_WAS
2016,2,ARI,Bruce Arians,2016_02_TB_ARI
2016,2,ATL,Dan Quinn,2016_02_ATL_OAK
2016,2,BAL,John Harbaugh,2016_02_BAL_CLE
2016,2,BUF,Rex Ryan,2016_02_NYJ_BUF
2016,2,CAR,Ron Rivera,2016_02_SF_CAR
2016,2,CHI,John Fox,2016_02_PHI_CHI
2016,2,CIN,Marvin Lewis,2016_02_CIN_PIT
2016,2,CLE,Hue Jackson,2016_02_BAL_CLE
2016,2,DAL,Jason Garrett,2016_02_DAL_WAS
2016,2,DEN,Gary Kubiak,2016_02_IND_DEN
2016,2,DET,Jim Caldwell,2016_02_TEN_DET
2016,2,GB,Mike McCarthy,2016_02_GB_MIN
2016,2,HOU,Bill O'Brien,2016_02_KC_HOU
2016,2,IND,Chuck Pagano,2016_02_IND_DEN
2016,2,JAX,Gus Bradley,2016_02_JAX_SD
2016,2,KC,Andy Reid,2016_02_KC_HOU
2016,2,LA,Jeff Fisher,2016_02_SEA_LA
2016,2,LAC,Mike McCoy,2016_02_JAX_SD
2016,2,LV,Jack Del Rio,2016_02_ATL_OAK
2016,2,MIA,Adam Gase,2016_02_MIA_NE
2016,2,MIN,Mike Zimmer,2016_02_GB_MIN
2016,2,NE,Bill Belichick,2016_02_MIA_NE
2016,2,NO,Sean Payton,2016_02_NO_NYG
2016,2,NYG,Ben McAdoo,2016_02_NO_NYG
2016,2,NYJ,Todd Bowles,2016_02_NYJ_BUF
2016,2,PHI,Doug Pederson,2016_02_PHI_CHI
2016,2,PIT,Mike Tomlin,2016_02_CIN_PIT
2016,2,SEA,Pete Carroll,2016_02_SEA_LA
2016,2,SF,Chip Kelly,2016_02_SF_CAR
2016,2,TB,Dirk Koetter,2016_02_TB_ARI
2016,2,TEN,Mike Mularkey,2016_02_TEN_DET
2016,2,WAS,Jay Gruden,2016_02_DAL_WAS
2016,3,ARI,Bruce Arians,2016_03_ARI_BUF
2016,3,ATL,Dan Quinn,2016_03_ATL_NO
2016,3,BAL,John Harbaugh,2016_03_BAL_JAX
2016,3,BUF,Rex Ryan,2016_03_ARI_BUF
2016,3,CAR,Ron Rivera,2016_03_MIN_CAR
2016,3,CHI,John Fox,2016_03_CHI_DAL
2016,3,CIN,Marvin Lewis,2016_03_DEN_CIN
2016,3,CLE,Hue Jackson,2016_03_CLE_MIA
2016,3,DAL,Jason Garrett,2016_03_CHI_DAL
2016,3,DEN,Gary Kubiak,2016_03_DEN_CIN
2016,3,DET,Jim Caldwell,2016_03_DET_GB
2016,3,GB,Mike McCarthy,2016_03_DET_GB
2016,3,HOU,Bill O'Brien,2016_03_HOU_NE
2016,3,IND,Chuck Pagano,2016_03_SD_IND
2016,3,JAX,Gus Bradley,2016_03_BAL_JAX
2016,3,KC,Andy Reid,2016_03_NYJ_KC
2016,3,LA,Jeff Fisher,2016_03_LA_TB
2016,3,LAC,Mike McCoy,2016_03_SD_IND
2016,3,LV,Jack Del Rio,2016_03_OAK_TEN
2016,3,MIA,Adam Gase,2016_03_CLE_MIA
2016,3,MIN,Mike Zimmer,2016_03_MIN_CAR
2016,3,NE,Bill Belichick,2016_03_HOU_NE
2016,3,NO,Sean Payton,2016_03_ATL_NO
2016,3,NYG,Ben McAdoo,2016_03_WAS_NYG
2016,3,NYJ,Todd Bowles,2016_03_NYJ_KC
2016,3,PHI,Doug Pederson,2016_03_PIT_PHI
2016,3,PIT,Mike Tomlin,2016_03_PIT_PHI
2016,3,SEA,Pete Carroll,2016_03_SF_SEA
2016,3,SF,Chip Kelly,2016_03_SF_SEA
2016,3,TB,Dirk Koetter,2016_03_LA_TB
2016,3,TEN,Mike Mularkey,2016_03_OAK_TEN
2016,3,WAS,Jay Gruden,2016_03_WAS_NYG
2016,4,ARI,Bruce Arians,2016_04_LA_ARI
2016,4,ATL,Dan Quinn,2016_04_CAR_ATL
2016,4,BAL,John Harbaugh,2016_04_OAK_BAL
2016,4,BUF,Rex Ryan,2016_04_BUF_NE
2016,4,CAR,Ron Rivera,2016_04_CAR_ATL
2016,4,CHI,John Fox,2016_04_DET_CHI
2016,4,CIN,Marvin Lewis,2016_04_MIA_CIN
2016,4,CLE,Hue Jackson,2016_04_CLE_WAS
2016,4,DAL,Jason Garrett,2016_04_DAL_SF
2016,4,DEN,Gary Kubiak,2016_04_DEN_TB
2016,4,DET,Jim Caldwell,2016_04_DET_CHI
2016,4,HOU,Bill O'Brien,2016_04_TEN_HOU
2016,4,IND,Chuck Pagano,2016_04_IND_JAX
2016,4,JAX,Gus Bradley,2016_04_IND_JAX
2016,4,KC,Andy Reid,2016_04_KC_PIT
2016,4,LA,Jeff Fisher,2016_04_LA_ARI
2016,4,LAC,Mike McCoy,2016_04_NO_SD
2016,4,LV,Jack Del Rio,2016_04_OAK_BAL
2016,4,MIA,Adam Gase,2016_04_MIA_CIN
2016,4,MIN,Mike Zimmer,2016_04_NYG_MIN
2016,4,NE,Bill Belichick,2016_04_BUF_NE
2016,4,NO,Sean Payton,2016_04_NO_SD
2016,4,NYG,Ben McAdoo,2016_04_NYG_MIN
2016,4,NYJ,Todd Bowles,2016_04_SEA_NYJ
2016,4,PIT,Mike Tomlin,2016_04_KC_PIT
2016,4,SEA,Pete Carroll,2016_04_SEA_NYJ
2016,4,SF,Chip Kelly,2016_04_DAL_SF
2016,4,TB,Dirk Koetter,2016_04_DEN_TB
2016,4,TEN,Mike Mularkey,2016_04_TEN_HOU
2016,4,WAS,Jay Gruden,2016_04_CLE_WAS
2016,5,ARI,Bruce Arians,2016_05_ARI_SF
2016,5,ATL,Dan Quinn,2016_05_ATL_DEN
2016,5,BAL,John Harbaugh,2016_05_WAS_BAL
2016,5,BUF,Rex Ryan,2016_05_BUF_LA
2016,5,CAR,Ron Rivera,2016_05_TB_CAR
2016,5,CHI,John Fox,2016_05_CHI_IND
2016,5,CIN,Marvin Lewis,2016_05_CIN_DAL
2016,5,CLE,Hue Jackson,2016_05_NE_CLE
2016,5,DAL,Jason Garrett,2016_05_CIN_DAL
2016,5,DEN,Gary Kubiak,2016_05_ATL_DEN
2016,5,DET,Jim Caldwell,2016_05_PHI_DET
2016,5,GB,Mike McCarthy,2016_05_NYG_GB
2016,5,HOU,Bill O'Brien,2016_05_HOU_MIN
2016,5,IND,Chuck Pagano,2016_05_CHI_IND
2016,5,LA,Jeff Fisher,2016_05_BUF_LA
2016,5,LAC,Mike McCoy,2016_05_SD_OAK
2016,5,LV,Jack Del Rio,2016_05_SD_OAK
2016,5,MIA,Adam Gase,2016_05_TEN_MIA
2016,5,MIN,Mike Zimmer,2016_05_HOU_MIN
2016,5,NE,Bill Belichick,2016_05_NE_CLE
2016,5,NYG,Ben McAdoo,2016_05_NYG_GB
2016,5,NYJ,Todd Bowles,2016_05_NYJ_PIT
2016,5,PHI,Doug Pederson,2016_05_PHI_DET
2016,5,PIT,Mike Tomlin,2016_05_NYJ_PIT
2016,5,SF,Chip Kelly,2016_05_ARI_SF
2016,5,TB,Dirk Koetter,2016_05_TB_CAR
2016,5,TEN,Mike Mularkey,2016_05_TEN_MIA
2016,5,WAS,Jay Gruden,2016_05_WAS_BAL
2016,6,ARI,Bruce Arians,2016_06_NYJ_ARI
2016,6,ATL,Dan Quinn,2016_06_ATL_SEA
2016,6,BAL,John Harbaugh,2016_06_BAL_NYG
2016,6,BUF,Rex Ryan,2016_06_SF_BUF
2016,6,CAR,Ron Rivera,2016_06_CAR_NO
2016,6,CHI,John Fox,2016_06_JAX_CHI
2016,6,CIN,Marvin Lewis,2016_06_CIN_NE
2016,6,CLE,Hue Jackson,2016_06_CLE_TEN
2016,6,DAL,Jason Garrett,2016_06_DAL_GB
2016,6,DEN,Gary Kubiak,2016_06_DEN_SD
2016,6,DET,Jim Caldwell,2016_06_LA_DET
2016,6,GB,Mike McCarthy,2016_06_DAL_GB
2016,6,HOU,Bill O'Brien,2016_06_IND_HOU
2016,6,IND,Chuck Pagano,2016_06_IND_HOU
2016,6,JAX,Gus Bradley,2016_06_JAX_CHI
2016,6,KC,Andy Reid,2016_06_KC_OAK
2016,6,LA,Jeff Fisher,2016_06_LA_DET
2016,6,LAC,Mike McCoy,2016_06_DEN_SD
2016,6,LV,Jack Del Rio,2016_06_KC_OAK
2016,6,MIA,Adam Gase,2016_06_PIT_MIA
2016,6,NE,Bill Belichick,2016_06_CIN_NE
2016,6,NO,Sean Payton,2016_06_CAR_NO
2016,6,NYG,Ben McAdoo,2016_06_BAL_NYG
2016,6,NYJ,Todd Bowles,2016_06_NYJ_ARI
2016,6,PHI,Doug Pederson,2016_06_PHI_WAS
2016,6,PIT,Mike Tomlin,2016_06_PIT_MIA
2016,6,SEA,Pete Carroll,2016_06_ATL_SEA
2016,6,SF,Chip Kelly,2016_06_SF_BUF
2016,6,TEN,Mike Mularkey,2016_06_CLE_TEN
2016,6,WAS,Jay Gruden,2016_06_PHI_WAS
2016,7,ARI,Bruce Arians,2016_07_SEA_ARI
2016,7,ATL,Dan Quinn,2016_07_SD_ATL
2016,7,BAL,John Harbaugh,2016_07_BAL_NYJ
2016,7,BUF,Rex Ryan,2016_07_BUF_MIA
2016,7,CHI,John Fox,2016_07_CHI_GB
2016,7,CIN,Marvin Lewis,2016_07_CLE_CIN
2016,7,CLE,Hue Jackson,2016_07_CLE_CIN
2016,7,DEN,Gary Kubiak,2016_07_HOU_DEN
2016,7,DET,Jim Caldwell,2016_07_WAS_DET
2016,7,GB,Mike McCarthy,2016_07_CHI_GB
2016,7,HOU,Bill O'Brien,2016_07_HOU_DEN
2016,7,IND,Chuck Pagano,2016_07_IND_TEN
2016,7,JAX,Gus Bradley,2016_07_OAK_JAX
2016,7,KC,Andy Reid,2016_07_NO_KC
2016,7,LA,Jeff Fisher,2016_07_NYG_LA
2016,7,LAC,Mike McCoy,2016_07_SD_ATL
2016,7,LV,Jack Del Rio,2016_07_OAK_JAX
2016,7,MIA,Adam Gase,2016_07_BUF_MIA
2016,7,MIN,Mike Zimmer,2016_07_MIN_PHI
2016,7,NE,Bill Belichick,2016_07_NE_PIT
2016,7,NO,Sean Payton,2016_07_NO_KC
2016,7,NYG,Ben McAdoo,2016_07_NYG_LA
2016,7,NYJ,Todd Bowles,2016_07_BAL_NYJ
2016,7,PHI,Doug Pederson,2016_07_MIN_PHI
2016,7,PIT,Mike Tomlin,2016_07_NE_PIT
2016,7,SEA,Pete Carroll,2016_07_SEA_ARI
2016,7,SF,Chip Kelly,2016_07_TB_SF
2016,7,TB,Dirk Koetter,2016_07_TB_SF
2016,7,TEN,Mike Mularkey,2016_07_IND_TEN
2016,7,WAS,Jay Gruden,2016_07_WAS_DET
2016,8,ARI,Bruce Arians,2016_08_ARI_CAR
2016,8,ATL,Dan Quinn,2016_08_GB_ATL
2016,8,BUF,Rex Ryan,2016_08_NE_BUF
2016,8,CAR,Ron Rivera,2016_08_ARI_CAR
2016,8,CHI,John Fox,2016_08_MIN_CHI
2016,8,CIN,Marvin Lewis,2016_08_WAS_CIN
2016,8,CLE,Hue Jackson,2016_08_NYJ_CLE
2016,8,DAL,Jason Garrett,2016_08_PHI_DAL
2016,8,DEN,Gary Kubiak,2016_08_SD_DEN
2016,8,DET,Jim Caldwell,2016_08_DET_HOU
2016,8,GB,Mike McCarthy,2016_08_GB_ATL
2016,8,HOU,Bill O'Brien,2016_08_DET_HOU
2016,8,IND,Chuck Pagano,2016_08_KC_IND
2016,8,JAX,Gus Bradley,2016_08_JAX_TEN
2016,8,KC,Andy Reid,2016_08_KC_IND
2016,8,LAC,Mike McCoy,2016_08_SD_DEN
2016,8,LV,Jack Del Rio,2016_08_OAK_TB
2016,8,MIN,Mike Zimmer,2016_08_MIN_CHI
2016,8,NE,Bill Belichick,2016_08_NE_BUF
2016,8,NO,Sean Payton,2016_08_SEA_NO
2016,8,NYJ,Todd Bowles,2016_08_NYJ_CLE
2016,8,PHI,Doug Pederson,2016_08_PHI_DAL
2016,8,SEA,Pete Carroll,2016_08_SEA_NO
2016,8,TB,Dirk Koetter,2016_08_OAK_TB
2016,8,TEN,Mike Mularkey,2016_08_JAX_TEN
2016,8,WAS,Jay Gruden,2016_08_WAS_CIN
2016,9,ATL,Dan Quinn,2016_09_ATL_TB
2016,9,BAL,John Harbaugh,2016_09_PIT_BAL
2016,9,BUF,Rex Ryan,2016_09_BUF_SEA
2016,9,CAR,Ron Rivera,2016_09_CAR_LA
2016,9,CLE,Hue Jackson,2016_09_DAL_CLE
2016,9,DAL,Jason Garrett,2016_09_DAL_CLE
2016,9,DEN,Gary Kubiak,2016_09_DEN_OAK
2016,9,DET,Jim Caldwell,2016_09_DET_MIN
2016,9,GB,Mike McCarthy,2016_09_IND_GB
2016,9,IND,Chuck Pagano,2016_09_IND_GB
2016,9,JAX,Gus Bradley,2016_09_JAX_KC
2016,9,KC,Andy Reid,2016_09_JAX_KC
2016,9,LA,Jeff Fisher,2016_09_CAR_LA
2016,9,LAC,Mike McCoy,2016_09_TEN_SD
2016,9,LV,Jack Del Rio,2016_09_DEN_OAK
2016,9,MIA,Adam Gase,2016_09_NYJ_MIA
2016,9,MIN,Mike Zimmer,2016_09_DET_MIN
2016,9,NO,Sean Payton,2016_09_NO_SF
2016,9,NYG,Ben McAdoo,2016_09_PHI_NYG
2016,9,NYJ,Todd Bowles,2016_09_NYJ_MIA
2016,9,PHI,Doug Pederson,2016_09_PHI_NYG
2016,9,PIT,Mike Tomlin,2016_09_PIT_BAL
2016,9,SEA,Pete Carroll,2016_09_BUF_SEA
2016,9,SF,Chip Kelly,2016_09_NO_SF
2016,9,TB,Dirk Koetter,2016_09_ATL_TB
2016,9,TEN,Mike Mularkey,2016_09_TEN_SD
2016,10,ARI,Bruce Arians,2016_10_SF_ARI
2016,10,ATL,Dan Quinn,2016_10_ATL_PHI
2016,10,BAL,John Harbaugh,2016_10_CLE_BAL
2016,10,CAR,Ron Rivera,2016_10_KC_CAR
2016,10,CHI,John Fox,2016_10_CHI_TB
2016,10,CIN,Marvin Lewis,2016_10_CIN_NYG
2016,10,CLE,Hue Jackson,2016_10_CLE_BAL
2016,10,DAL,Jason Garrett,2016_10_DAL_PIT
2016,10,DEN,Gary Kubiak,2016_10_DEN_NO
2016,10,GB,Mike McCarthy,2016_10_GB_TEN
2016,10,HOU,Bill O'Brien,2016_10_HOU_JAX
2016,10,JAX,Gus Bradley,2016_10_HOU_JAX
2016,10,KC,Andy Reid,2016_10_KC_CAR
2016,10,LA,Jeff Fisher,2016_10_LA_NYJ
2016,10,LAC,Mike McCoy,2016_10_MIA_SD
2016,10,MIA,Adam Gase,2016_10_MIA_SD
2016,10,MIN,Mike Zimmer,2016_10_MIN_WAS
2016,10,NE,Bill Belichick,2016_10_SEA_NE
2016,10,NO,Sean Payton,2016_10_DEN_NO
2016,10,NYG,Ben McAdoo,2016_10_CIN_NYG
2016,10,NYJ,Todd Bowles,2016_10_LA_NYJ
2016,10,PHI,Doug Pederson,2016_10_ATL_PHI
2016,10,PIT,Mike Tomlin,2016_10_DAL_PIT
2016,10,SEA,Pete Carroll,2016_10_SEA_NE
2016,10,SF,Chip Kelly,2016_10_SF_ARI
2016,10,TB,Dirk Koetter,2016_10_CHI_TB
2016,10,TEN,Mike Mularkey,2016_10_GB_TEN
2016,10,WAS,Jay Gruden,2016_10_MIN_WAS
2016,11,ARI,Bruce Arians,2016_11_ARI_MIN
2016,11,BAL,John Harbaugh,2016_11_BAL_DAL
2016,11,BUF,Rex Ryan,2016_11_BUF_CIN
2016,11,CAR,Ron Rivera,2016_11_NO_CAR
2016,11,CHI,John Fox,2016_11_CHI_NYG
2016,11,CIN,Marvin Lewis,2016_11_BUF_CIN
2016,11,CLE,Hue Jackson,2016_11_PIT_CLE
2016,11,DAL,Jason Garrett,2016_11_BAL_DAL
2016,11,DET,Jim Caldwell,2016_11_JAX_DET
2016,11,GB,Mike McCarthy,2016_11_GB_WAS
2016,11,HOU,Bill O'Brien,2016_11_HOU_OAK
2016,11,IND,Chuck Pagano,2016_11_TEN_IND
2016,11,JAX,Gus Bradley,2016_11_JAX_DET
2016,11,KC,Andy Reid,2016_11_TB_KC
2016,11,LA,Jeff Fisher,2016_11_MIA_LA
2016,11,LV,Jack Del Rio,2016_11_HOU_OAK
2016,11,MIA,Adam Gase,2016_11_MIA_LA
2016,11,MIN,Mike Zimmer,2016_11_ARI_MIN
2016,11,NE,Bill Belichick,2016_11_NE_SF
2016,11,NO,Sean Payton,2016_11_NO_CAR
2016,11,NYG,Ben McAdoo,2016_11_CHI_NYG
2016,11,PHI,Doug Pederson,2016_11_PHI_SEA
2016,11,PIT,Mike Tomlin,2016_11_PIT_CLE
2016,11,SEA,Pete Carroll,2016_11_PHI_SEA
2016,11,SF,Chip Kelly,2016_11_NE_SF
2016,11,TB,Dirk Koetter,2016_11_TB_KC
2016,11,TEN,Mike Mularkey,2016_11_TEN_IND
2016,11,WAS,Jay Gruden,2016_11_GB_WAS
2016,12,ARI,Bruce Arians,2016_12_ARI_ATL
2016,12,ATL,Dan Quinn,2016_12_ARI_ATL
2016,12,BAL,John Harbaugh,2016_12_CIN_BAL
2016,12,BUF,Rex Ryan,2016_12_JAX_BUF
2016,12,CAR,Ron Rivera,2016_12_CAR_OAK
2016,12,CHI,John Fox,2016_12_TEN_CHI
2016,12,CIN,Marvin Lewis,2016_12_CIN_BAL
2016,12,CLE,Hue Jackson,2016_12_NYG_CLE
2016,12,DAL,Jason Garrett,2016_12_WAS_DAL
2016,12,DEN,Gary Kubiak,2016_12_KC_DEN
2016,12,DET,Jim Caldwell,2016_12_MIN_DET
2016,12,GB,Mike McCarthy,2016_12_GB_PHI
2016,12,HOU,Bill O'Brien,2016_12_SD_HOU
2016,12,IND,Chuck Pagano,2016_12_PIT_IND
2016,12,JAX,Gus Bradley,2016_12_JAX_BUF
2016,12,KC,Andy Reid,2016_12_KC_DEN
2016,12,LA,Jeff Fisher,2016_12_LA_NO
2016,12,LAC,Mike McCoy,2016_12_SD_HOU
2016,12,LV,Jack Del Rio,2016_12_CAR_OAK
2016,12,MIA,Adam Gase,2016_12_SF_MIA
2016,12,MIN,Mike Zimmer,2016_12_MIN_DET
2016,12,NE,Bill Belichick,2016_12_NE_NYJ
2016,12,NO,Sean Payton,2016_12_LA_NO
2016,12,NYG,Ben McAdoo,2016_12_NYG_CLE
2016,12,NYJ,Todd Bowles,2016_12_NE_NYJ
2016,12,PHI,Doug Pederson,2016_12_GB_PHI
2016,12,PIT,Mike Tomlin,2016_12_PIT_IND
2016,12,SEA,Pete Carroll,2016_12_SEA_TB
2016,12,SF,Chip Kelly,2016_12_SF_MIA
2016,12,TB,Dirk Koetter,2016_12_SEA_TB
2016,12,TEN,Mike Mularkey,2016_12_TEN_CHI
2016,12,WAS,Jay Gruden,2016_12_WAS_DAL
2016,13,ARI,Bruce Arians,2016_13_WAS_ARI
2016,13,ATL,Dan Quinn,2016_13_KC_ATL
2016,13,BAL,John Harbaugh,2016_13_MIA_BAL
2016,13,BUF,Rex Ryan,2016_13_BUF_OAK
2016,13,CAR,Ron Rivera,2016_13_CAR_SEA
2016,13,CHI,John Fox,2016_13_SF_CHI
2016,13,CIN,Marvin Lewis,2016_13_PHI_CIN
2016,13,DAL,Jason Garrett,2016_13_DAL_MIN
2016,13,DEN,Gary Kubiak,2016_13_DEN_JAX
2016,13,DET,Jim Caldwell,2016_13_DET_NO
2016,13,GB,Mike McCarthy,2016_13_HOU_GB
2016,13,HOU,Bill O'Brien,2016_13_HOU_GB
2016,13,IND,Chuck Pagano,2016_13_IND_NYJ
2016,13,JAX,Gus Bradley,2016_13_DEN_JAX
2016,13,KC,Andy Reid,2016_13_KC_ATL
2016,13,LA,Jeff Fisher,2016_13_LA_NE
2016,13,LAC,Mike McCoy,2016_13_TB_SD
2016,13,LV,Jack Del Rio,2016_13_BUF_OAK
2016,13,MIA,Adam Gase,2016_13_MIA_BAL
2016,13,MIN,Mike Zimmer,2016_13_DAL_MIN
2016,13,NE,Bill Belichick,2016_13_LA_NE
2016,13,NO,Sean Payton,2016_13_DET_NO
2016,13,NYG,Ben McAdoo,2016_13_NYG_PIT
2016,13,NYJ,Todd Bowles,2016_13_IND_NYJ
2016,13,PHI,Doug Pederson,2016_13_PHI_CIN
2016,13,PIT,Mike Tomlin,2016_13_NYG_PIT
2016,13,SEA,Pete Carroll,2016_13_CAR_SEA
2016,13,SF,Chip Kelly,2016_13_SF_CHI
2016,13,TB,Dirk Koetter,2016_13_TB_SD
2016,13,WAS,Jay Gruden,2016_13_WAS_ARI
2016,14,ARI,Bruce Arians,2016_14_ARI_MIA
2016,14,ATL,Dan Quinn,2016_14_ATL_LA
2016,14,BAL,John Harbaugh,2016_14_BAL_NE
2016,14,BUF,Rex Ryan,2016_14_PIT_BUF
2016,14,CAR,Ron Rivera,2016_14_SD_CAR
2016,14,CHI,John Fox,2016_14_CHI_DET
2016,14,CIN,Marvin Lewis,2016_14_CIN_CLE
2016,14,CLE,Hue Jackson,2016_14_CIN_CLE
2016,14,DAL,Jason Garrett,2016_14_DAL_NYG
2016,14,DEN,Gary Kubiak,2016_14_DEN_TEN
2016,14,DET,Jim Caldwell,2016_14_CHI_DET
2016,14,GB,Mike McCarthy,2016_14_SEA_GB
2016,14,HOU,Bill O'Brien,2016_14_HOU_IND
2016,14,IND,Chuck Pagano,2016_14_HOU_IND
2016,14,JAX,Gus Bradley,2016_14_MIN_JAX
2016,14,KC,Andy Reid,2016_14_OAK_KC
2016,14,LA,Jeff Fisher,2016_14_ATL_LA
2016,14,LAC,Mike McCoy,2016_14_SD_CAR
2016,14,LV,Jack Del Rio,2016_14_OAK_KC
2016,14,MIA,Adam Gase,2016_14_ARI_MIA
2016,14,MIN,Mike Zimmer,2016_14_MIN_JAX
2016,14,NE,Bill Belichick,2016_14_BAL_NE
2016,14,NO,Sean Payton,2016_14_NO_TB
2016,14,NYG,Ben McAdoo,2016_14_DAL_NYG
2016,14,NYJ,Todd Bowles,2016_14_NYJ_SF
2016,14,PHI,Doug Pederson,2016_14_WAS_PHI
2016,14,PIT,Mike Tomlin,2016_14_PIT_BUF
2016,14,SEA,Pete Carroll,2016_14_SEA_GB
2016,14,SF,Chip Kelly,2016_14_NYJ_SF
2016,14,TB,Dirk Koetter,2016_14_NO_TB
2016,14,TEN,Mike Mularkey,2016_14_DEN_TEN
2016,14,WAS,Jay Gruden,2016_14_WAS_PHI
2016,15,ARI,Bruce Arians,2016_15_NO_ARI
2016,15,ATL,Dan Quinn,2016_15_SF_ATL
2016,15,BAL,John Harbaugh,2016_15_PHI_BAL
2016,15,BUF,Rex Ryan,2016_15_CLE_BUF
2016,15,CAR,Ron Rivera,2016_15_CAR_WAS
2016,15,CHI,John Fox,2016_15_GB_CHI
2016,15,CIN,Marvin Lewis,2016_15_PIT_CIN
2016,15,CLE,Hue Jackson,2016_15_CLE_BUF
2016,15,DAL,Jason Garrett,2016_15_TB_DAL
2016,15,DEN,Gary Kubiak,2016_15_NE_DEN
2016,15,DET,Jim Caldwell,2016_15_DET_NYG
2016,15,GB,Mike McCarthy,2016_15_GB_CHI
2016,15,HOU,Bill O'Brien,2016_15_JAX_HOU
2016,15,IND,Chuck Pagano,2016_15_IND_MIN
2016,15,JAX,Gus Bradley,2016_15_JAX_HOU
2016,15,KC,Andy Reid,2016_15_TEN_KC
2016,15,LA,Jeff Fisher,2016_15_LA_SEA
2016,15,LAC,Mike McCoy,2016_15_OAK_SD
2016,15,LV,Jack Del Rio,2016_15_OAK_SD
2016,15,MIA,Adam Gase,2016_15_MIA_NYJ
2016,15,MIN,Mike Zimmer,2016_15_IND_MIN
2016,15,NE,Bill Belichick,2016_15_NE_DEN
2016,15,NO,Sean Payton,2016_15_NO_ARI
2016,15,NYG,Ben McAdoo,2016_15_DET_NYG
2016,15,NYJ,Todd Bowles,2016_15_MIA_NYJ
2016,15,PHI,Doug Pederson,2016_15_PHI_BAL
2016,15,PIT,Mike Tomlin,2016_15_PIT_CIN
2016,15,SEA,Pete Carroll,2016_15_LA_SEA
2016,15,SF,Chip Kelly,2016_15_SF_ATL
2016,15,TB,Dirk Koetter,2016_15_TB_DAL
2016,15,TEN,Mike Mularkey,2016_15_TEN_KC
2016,15,WAS,Jay Gruden,2016_15_CAR_WAS
2016,16,ARI,Bruce Arians,2016_16_ARI_SEA
2016,16,ATL,Dan Quinn,2016_16_ATL_CAR
2016,16,BAL,John Harbaugh,2016_16_BAL_PIT
2016,16,BUF,Rex Ryan,2016_16_MIA_BUF
2016,16,CAR,Ron Rivera,2016_16_ATL_CAR
2016,16,CHI,John Fox,2016_16_WAS_CHI
2016,16,CIN,Marvin Lewis,2016_16_CIN_HOU
2016,16,CLE,Hue Jackson,2016_16_SD_CLE
2016,16,DAL,Jason Garrett,2016_16_DET_DAL
2016,16,DEN,Gary Kubiak,2016_16_DEN_KC
2016,16,DET,Jim Caldwell,2016_16_DET_DAL
2016,16,GB,Mike McCarthy,2016_16_MIN_GB
2016,16,HOU,Bill O'Brien,2016_16_CIN_HOU
2016,16,IND,Chuck Pagano,2016_16_IND_OAK
2016,16,JAX,Doug Marrone,2016_16_TEN_JAX
2016,16,KC,Andy Reid,2016_16_DEN_KC
2016,16,LA,Jeff Fisher,2016_16_SF_LA
2016,16,LAC,Mike McCoy,2016_16_SD_CLE
2016,16,LV,Jack Del Rio,2016_16_IND_OAK
2016,16,MIA,Adam Gase,2016_16_MIA_BUF
2016,16,MIN,Mike Zimmer,2016_16_MIN_GB
2016,16,NE,Bill Belichick,2016_16_NYJ_NE
2016,16,NO,Sean Payton,2016_16_TB_NO
2016,16,NYG,Ben McAdoo,2016_16_NYG_PHI
2016,16,NYJ,Todd Bowles,2016_16_NYJ_NE
2016,16,PHI,Doug Pederson,2016_16_NYG_PHI
2016,16,PIT,Mike Tomlin,2016_16_BAL_PIT
2016,16,SEA,Pete Carroll,2016_16_ARI_SEA
2016,16,SF,Chip Kelly,2016_16_SF_LA
2016,16,TB,Dirk Koetter,2016_16_TB_NO
2016,16,TEN,Mike Mularkey,2016_16_TEN_JAX
2016,16,WAS,Jay Gruden,2016_16_WAS_CHI
2016,17,ARI,Bruce Arians,2016_17_ARI_LA
2016,17,ATL,Dan Quinn,2016_17_NO_ATL
2016,17,BAL,John Harbaugh,2016_17_BAL_CIN
2016,17,BUF,Anthony Lynn,2016_17_BUF_NYJ
2016,17,CAR,Ron Rivera,2016_17_CAR_TB
2016,17,CHI,John Fox,2016_17_CHI_MIN
2016,17,CIN,Marvin Lewis,2016_17_BAL_CIN
2016,17,CLE,Hue Jackson,2016_17_CLE_PIT
2016,17,DAL,Jason Garrett,2016_17_DAL_PHI
2016,17,DEN,Gary Kubiak,2016_17_OAK_DEN
2016,17,DET,Jim Caldwell,2016_17_GB_DET
2016,17,GB,Mike McCarthy,2016_17_GB_DET
2016,17,HOU,Bill O'Brien,2016_17_HOU_TEN
2016,17,IND,Chuck Pagano,2016_17_JAX_IND
2016,17,JAX,Doug Marrone,2016_17_JAX_IND
2016,17,KC,Andy Reid,2016_17_KC_SD
2016,17,LA,Jeff Fisher,2016_17_ARI_LA
2016,17,LAC,Mike McCoy,2016_17_KC_SD
2016,17,LV,Jack Del Rio,2016_17_OAK_DEN
2016,17,MIA,Adam Gase,2016_17_NE_MIA
2016,17,MIN,Mike Zimmer,2016_17_CHI_MIN
2016,17,NE,Bill Belichick,2016_17_NE_MIA
2016,17,NO,Sean Payton,2016_17_NO_ATL
2016,17,NYG,Ben McAdoo,2016_17_NYG_WAS
2016,17,NYJ,Todd Bowles,2016_17_BUF_NYJ
2016,17,PHI,Doug Pederson,2016_17_DAL_PHI
2016,17,PIT,Mike Tomlin,2016_17_CLE_PIT
2016,17,SEA,Pete Carroll,2016_17_SEA_SF
2016,17,SF,Chip Kelly,2016_17_SEA_SF
2016,17,TB,Dirk Koetter,2016_17_CAR_TB
2016,17,TEN,Mike Mularkey,2016_17_HOU_TEN
2016,17,WAS,Jay Gruden,2016_17_NYG_WAS
2017,1,ARI,Bruce Arians,2017_01_ARI_DET
2017,1,ATL,Dan Quinn,2017_01_ATL_CHI
2017,1,BAL,John Harbaugh,2017_01_BAL_CIN
2017,1,BUF,Sean McDermott,2017_01_NYJ_BUF
2017,1,CAR,Ron Rivera,2017_01_CAR_SF
2017,1,CHI,John Fox,2017_01_ATL_CHI
2017,1,CIN,Marvin Lewis,2017_01_BAL_CIN
2017,1,CLE,Hue Jackson,2017_01_PIT_CLE
2017,1,DAL,Jason Garrett,2017_01_NYG_DAL
2017,1,DEN,Vance Joseph,2017_01_LAC_DEN
2017,1,DET,Jim Caldwell,2017_01_ARI_DET
2017,1,GB,Mike McCarthy,2017_01_SEA_GB
2017,1,HOU,Bill O'Brien,2017_01_JAX_HOU
2017,1,IND,Chuck Pagano,2017_01_IND_LA
2017,1,JAX,Doug Marrone,2017_01_JAX_HOU
2017,1,KC,Andy Reid,2017_01_KC_NE
2017,1,LA,Sean McVay,2017_01_IND_LA
2017,1,LAC,Anthony Lynn,2017_01_LAC_DEN
2017,1,LV,Jack Del Rio,2017_01_OAK_TEN
2017,1,MIN,Mike Zimmer,2017_01_NO_MIN
2017,1,NE,Bill Belichick,2017_01_KC_NE
2017,1,NO,Sean Payton,2017_01_NO_MIN
2017,1,NYG,Ben McAdoo,2017_01_NYG_DAL
2017,1,NYJ,Todd Bowles,2017_01_NYJ_BUF
2017,1,PHI,Doug Pederson,2017_01_PHI_WAS
2017,1,PIT,Mike Tomlin,2017_01_PIT_CLE
2017,1,SEA,Pete Carroll,2017_01_SEA_GB
2017,1,SF,Kyle Shanahan,2017_01_CAR_SF
2017,1,TEN,Mike Mularkey,2017_01_OAK_TEN
2017,1,WAS,Jay Gruden,2017_01_PHI_WAS
2017,2,ARI,Bruce Arians,2017_02_ARI_IND
2017,2,ATL,Dan Quinn,2017_02_GB_ATL
2017,2,BAL,John Harbaugh,2017_02_CLE_BAL
2017,2,BUF,Sean McDermott,2017_02_BUF_CAR
2017,2,CAR,Ron Rivera,2017_02_BUF_CAR
2017,2,CHI,John Fox,2017_02_CHI_TB
2017,2,CIN,Marvin Lewis,2017_02_HOU_CIN
2017,2,CLE,Hue Jackson,2017_02_CLE_BAL
2017,2,DAL,Jason Garrett,2017_02_DAL_DEN
2017,2,DEN,Vance Joseph,2017_02_DAL_DEN
2017,2,DET,Jim Caldwell,2017_02_DET_NYG
2017,2,GB,Mike McCarthy,2017_02_GB_ATL
2017,2,HOU,Bill O'Brien,2017_02_HOU_CIN
2017,2,IND,Chuck Pagano,2017_02_ARI_IND
2017,2,JAX,Doug Marrone,2017_02_TEN_JAX
2017,2,KC,Andy Reid,2017_02_PHI_KC
2017,2,LA,Sean McVay,2017_02_WAS_LA
2017,2,LAC,Anthony Lynn,2017_02_MIA_LAC
2017,2,LV,Jack Del Rio,2017_02_NYJ_OAK
2017,2,MIA,Adam Gase,2017_02_MIA_LAC
2017,2,MIN,Mike Zimmer,2017_02_MIN_PIT
2017,2,NE,Bill Belichick,2017_02_NE_NO
2017,2,NO,Sean Payton,2017_02_NE_NO
2017,2,NYG,Ben McAdoo,2017_02_DET_NYG
2017,2,NYJ,Todd Bowles,2017_02_NYJ_OAK
2017,2,PHI,Doug Pederson,2017_02_PHI_KC
2017,2,PIT,Mike Tomlin,2017_02_MIN_PIT
2017,2,SEA,Pete Carroll,2017_02_SF_SEA
2017,2,SF,Kyle Shanahan,2017_02_SF_SEA
2017,2,TB,Dirk Koetter,2017_02_CHI_TB
2017,2,TEN,Mike Mularkey,2017_02_TEN_JAX
2017,2,WAS,Jay Gruden,2017_02_WAS_LA
2017,3,ARI,Bruce Arians,2017_03_DAL_ARI
2017,3,ATL,Dan Quinn,2017_03_ATL_DET
2017,3,BAL,John Harbaugh,2017_03_BAL_JAX
2017,3,BUF,Sean McDermott,2017_03_DEN_BUF
2017,3,CAR,Ron Rivera,2017_03_NO_CAR
2017,3,CHI,John Fox,2017_03_PIT_CHI
2017,3,CIN,Marvin Lewis,2017_03_CIN_GB
2017,3,CLE,Hue Jackson,2017_03_CLE_IND
2017,3,DAL,Jason Garrett,2017_03_DAL_ARI
2017,3,DEN,Vance Joseph,2017_03_DEN_BUF
2017,3,DET,Jim Caldwell,2017_03_ATL_DET
2017,3,GB,Mike McCarthy,2017_03_CIN_GB
2017,3,HOU,Bill O'Brien,2017_03_HOU_NE
2017,3,IND,Chuck Pagano,2017_03_CLE_IND
2017,3,JAX,Doug Marrone,2017_03_BAL_JAX
2017,3,KC,Andy Reid,2017_03_KC_LAC
2017,3,LA,Sean McVay,2017_03_LA_SF
2017,3,LAC,Anthony Lynn,2017_03_KC_LAC
2017,3,LV,Jack Del Rio,2017_03_OAK_WAS
2017,3,MIA,Adam Gase,2017_03_MIA_NYJ
2017,3,MIN,Mike Zimmer,2017_03_TB_MIN
2017,3,NE,Bill Belichick,2017_03_HOU_NE
2017,3,NO,Sean Payton,2017_03_NO_CAR
2017,3,NYG,Ben McAdoo,2017_03_NYG_PHI
2017,3,NYJ,Todd Bowles,2017_03_MIA_NYJ
2017,3,PHI,Doug Pederson,2017_03_NYG_PHI
2017,3,PIT,Mike Tomlin,2017_03_PIT_CHI
2017,3,SEA,Pete Carroll,2017_03_SEA_TEN
2017,3,SF,Kyle Shanahan,2017_03_LA_SF
2017,3,TB,Dirk Koetter,2017_03_TB_MIN
2017,3,TEN,Mike Mularkey,2017_03_SEA_TEN
2017,3,WAS,Jay Gruden,2017_03_OAK_WAS
2017,4,ARI,Bruce Arians,2017_04_SF_ARI
2017,4,ATL,Dan Quinn,2017_04_BUF_ATL
2017,4,BAL,John Harbaugh,2017_04_PIT_BAL
2017,4,BUF,Sean McDermott,2017_04_BUF_ATL
2017,4,CAR,Ron Rivera,2017_04_CAR_NE
2017,4,CHI,John Fox,2017_04_CHI_GB
2017,4,CIN,Marvin Lewis,2017_04_CIN_CLE
2017,4,CLE,Hue Jackson,2017_04_CIN_CLE
2017,4,DAL,Jason Garrett,2017_04_LA_DAL
2017,4,DEN,Vance Joseph,2017_04_OAK_DEN
2017,4,DET,Jim Caldwell,2017_04_DET_MIN
2017,4,GB,Mike McCarthy,2017_04_CHI_GB
2017,4,HOU,Bill O'Brien,2017_04_TEN_HOU
2017,4,IND,Chuck Pagano,2017_04_IND_SEA
2017,4,JAX,Doug Marrone,2017_04_JAX_NYJ
2017,4,KC,Andy Reid,2017_04_WAS_KC
2017,4,LA,Sean McVay,2017_04_LA_DAL
2017,4,LAC,Anthony Lynn,2017_04_PHI_LAC
2017,4,LV,Jack Del Rio,2017_04_OAK_DEN
2017,4,MIA,Adam Gase,2017_04_NO_MIA
2017,4,MIN,Mike Zimmer,2017_04_DET_MIN
2017,4,NE,Bill Belichick,2017_04_CAR_NE
2017,4,NO,Sean Payton,2017_04_NO_MIA
2017,4,NYG,Ben McAdoo,2017_04_NYG_TB
2017,4,NYJ,Todd Bowles,2017_04_JAX_NYJ
2017,4,PHI,Doug Pederson,2017_04_PHI_LAC
2017,4,PIT,Mike Tomlin,2017_04_PIT_BAL
2017,4,SEA,Pete Carroll,2017_04_IND_SEA
2017,4,SF,Kyle Shanahan,2017_04_SF_ARI
2017,4,TB,Dirk Koetter,2017_04_NYG_TB
2017,4,TEN,Mike Mularkey,2017_04_TEN_HOU
2017,4,WAS,Jay Gruden,2017_04_WAS_KC
2017,5,ARI,Bruce Arians,2017_05_ARI_PHI
2017,5,BAL,John Harbaugh,2017_05_BAL_OAK
2017,5,BUF,Sean McDermott,2017_05_BUF_CIN
2017,5,CAR,Ron Rivera,2017_05_CAR_DET
2017,5,CHI,John Fox,2017_05_MIN_CHI
2017,5,CIN,Marvin Lewis,2017_05_BUF_CIN
2017,5,CLE,Hue Jackson,2017_05_NYJ_CLE
2017,5,DAL,Jason Garrett,2017_05_GB_DAL
2017,5,DET,Jim Caldwell,2017_05_CAR_DET
2017,5,GB,Mike McCarthy,2017_05_GB_DAL
2017,5,HOU,Bill O'Brien,2017_05_KC_HOU
2017,5,IND,Chuck Pagano,2017_05_SF_IND
2017,5,JAX,Doug Marrone,2017_05_JAX_PIT
2017,5,KC,Andy Reid,2017_05_KC_HOU
2017,5,LA,Sean McVay,2017_05_SEA_LA
2017,5,LAC,Anthony Lynn,2017_05_LAC_NYG
2017,5,LV,Jack Del Rio,2017_05_BAL_OAK
2017,5,MIA,Adam Gase,2017_05_TEN_MIA
2017,5,MIN,Mike Zimmer,2017_05_MIN_CHI
2017,5,NE,Bill Belichick,2017_05_NE_TB
2017,5,NYG,Ben McAdoo,2017_05_LAC_NYG
2017,5,NYJ,Todd Bowles,2017_05_NYJ_CLE
2017,5,PHI,Doug Pederson,2017_05_ARI_PHI
2017,5,PIT,Mike Tomlin,2017_05_JAX_PIT
2017,5,SEA,Pete Carroll,2017_05_SEA_LA
2017,5,SF,Kyle Shanahan,2017_05_SF_IND
2017,5,TB,Dirk Koetter,2017_05_NE_TB
2017,5,TEN,Mike Mularkey,2017_05_TEN_MIA
2017,6,ARI,Bruce Arians,2017_06_TB_ARI
2017,6,ATL,Dan Quinn,2017_06_MIA_ATL
2017,6,BAL,John Harbaugh,2017_06_CHI_BAL
2017,6,CAR,Ron Rivera,2017_06_PHI_CAR
2017,6,CHI,John Fox,2017_06_CHI_BAL
2017,6,CLE,Hue Jackson,2017_06_CLE_HOU
2017,6,DEN,Vance Joseph,2017_06_NYG_DEN
2017,6,DET,Jim Caldwell,2017_06_DET_NO
2017,6,GB,Mike McCarthy,2017_06_GB_MIN
2017,6,HOU,Bill O'Brien,2017_06_CLE_HOU
2017,6,IND,Chuck Pagano,2017_06_IND_TEN
2017,6,JAX,Doug Marrone,2017_06_LA_JAX
2017,6,KC,Andy Reid,2017_06_PIT_KC
2017,6,LA,Sean McVay,2017_06_LA_JAX
2017,6,LAC,Anthony Lynn,2017_06_LAC_OAK
2017,6,LV,Jack Del Rio,2017_06_LAC_OAK
2017,6,MIA,Adam Gase,2017_06_MIA_ATL
2017,6,MIN,Mike Zimmer,2017_06_GB_MIN
2017,6,NE,Bill Belichick,2017_06_NE_NYJ
2017,6,NO,Sean Payton,2017_06_DET_NO
2017,6,NYG,Ben McAdoo,2017_06_NYG_DEN
2017,6,NYJ,Todd Bowles,2017_06_NE_NYJ
2017,6,PHI,Doug Pederson,2017_06_PHI_CAR
2017,6,PIT,Mike Tomlin,2017_06_PIT_KC
2017,6,SF,Kyle Shanahan,2017_06_SF_WAS
2017,6,TB,Dirk Koetter,2017_06_TB_ARI
2017,6,TEN,Mike Mularkey,2017_06_IND_TEN
2017,6,WAS,Jay Gruden,2017_06_SF_WAS
2017,7,ARI,Bruce Arians,2017_07_ARI_LA
2017,7,ATL,Dan Quinn,2017_07_ATL_NE
2017,7,BAL,John Harbaugh,2017_07_BAL_MIN
2017,7,BUF,Sean McDermott,2017_07_TB_BUF
2017,7,CAR,Ron Rivera,2017_07_CAR_CHI
2017,7,CHI,John Fox,2017_07_CAR_CHI
2017,7,CIN,Marvin Lewis,2017_07_CIN_PIT
2017,7,CLE,Hue Jackson,2017_07_TEN_CLE
2017,7,DAL,Jason Garrett,2017_07_DAL_SF
2017,7,DEN,Vance Joseph,2017_07_DEN_LAC
2017,7,GB,Mike McCarthy,2017_07_NO_GB
2017,7,IND,Chuck Pagano,2017_07_JAX_IND
2017,7,JAX,Doug Marrone,2017_07_JAX_IND
2017,7,KC,Andy Reid,2017_07_KC_OAK
2017,7,LA,Sean McVay,2017_07_ARI_LA
2017,7,LAC,Anthony Lynn,2017_07_DEN_LAC
2017,7,LV,Jack Del Rio,2017_07_KC_OAK
2017,7,MIA,Adam Gase,2017_07_NYJ_MIA
2017,7,MIN,Mike Zimmer,2017_07_BAL_MIN
2017,7,NE,Bill Belichick,2017_07_ATL_NE
2017,7,NO,Sean Payton,2017_07_NO_GB
2017,7,NYG,Ben McAdoo,2017_07_SEA_NYG
2017,7,NYJ,Todd Bowles,2017_07_NYJ_MIA
2017,7,PHI,Doug Pederson,2017_07_WAS_PHI
2017,7,PIT,Mike Tomlin,2017_07_CIN_PIT
2017,7,SEA,Pete Carroll,2017_07_SEA_NYG
2017,7,SF,Kyle Shanahan,2017_07_DAL_SF
2017,7,TB,Dirk Koetter,2017_07_TB_BUF
2017,7,TEN,Mike Mularkey,2017_07_TEN_CLE
2017,7,WAS,Jay Gruden,2017_07_WAS_PHI
2017,8,ATL,Dan Quinn,2017_08_ATL_NYJ
2017,8,BAL,John Harbaugh,2017_08_MIA_BAL
2017,8,BUF,Sean McDermott,2017_08_OAK_BUF
2017,8,CAR,Ron Rivera,2017_08_CAR_TB
2017,8,CHI,John Fox,2017_08_CHI_NO
2017,8,CIN,Marvin Lewis,2017_08_IND_CIN
2017,8,CLE,Hue Jackson,2017_08_MIN_CLE
2017,8,DAL,Jason Garrett,2017_08_DAL_WAS
2017,8,DEN,Vance Joseph,2017_08_DEN_KC
2017,8,DET,Jim Caldwell,2017_08_PIT_DET
2017,8,HOU,Bill O'Brien,2017_08_HOU_SEA
2017,8,IND,Chuck Pagano,2017_08_IND_CIN
2017,8,KC,Andy Reid,2017_08_DEN_KC
2017,8,LAC,Anthony Lynn,2017_08_LAC_NE
2017,8,LV,Jack Del Rio,2017_08_OAK_BUF
2017,8,MIA,Adam Gase,2017_08_MIA_BAL
2017,8,MIN,Mike Zimmer,2017_08_MIN_CLE
2017,8,NE,Bill Belichick,2017_08_LAC_NE
2017,8,NO,Sean Payton,2017_08_CHI_NO
2017,8,NYJ,Todd Bowles,2017_08_ATL_NYJ
2017,8,PHI,Doug Pederson,2017_08_SF_PHI
2017,8,PIT,Mike Tomlin,2017_08_PIT_DET
2017,8,SEA,Pete Carroll,2017_08_HOU_SEA
2017,8,SF,Kyle Shanahan,2017_08_SF_PHI
2017,8,TB,Dirk Koetter,2017_08_CAR_TB
2017,8,WAS,Jay Gruden,2017_08_DAL_WAS
2017,9,ARI,Bruce Arians,2017_09_ARI_SF
2017,9,ATL,Dan Quinn,2017_09_ATL_CAR
2017,9,BAL,John Harbaugh,2017_09_BAL_TEN
2017,9,BUF,Sean McDermott,2017_09_BUF_NYJ
2017,9,CAR,Ron Rivera,2017_09_ATL_CAR
2017,9,CIN,Marvin Lewis,2017_09_CIN_JAX
2017,9,DAL,Jason Garrett,2017_09_KC_DAL
2017,9,DEN,Vance Joseph,2017_09_DEN_PHI
2017,9,DET,Jim Caldwell,2017_09_DET_GB
2017,9,GB,Mike McCarthy,2017_09_DET_GB
2017,9,HOU,Bill O'Brien,2017_09_IND_HOU
2017,9,IND,Chuck Pagano,2017_09_IND_HOU
2017,9,JAX,Doug Marrone,2017_09_CIN_JAX
2017,9,KC,Andy Reid,2017_09_KC_DAL
2017,9,LA,Sean McVay,2017_09_LA_NYG
2017,9,LV,Jack Del Rio,2017_09_OAK_MIA
2017,9,MIA,Adam Gase,2017_09_OAK_MIA
2017,9,NO,Sean Payton,2017_09_TB_NO
2017,9,NYG,Ben McAdoo,2017_09_LA_NYG
2017,9,NYJ,Todd Bowles,2017_09_BUF_NYJ
2017,9,PHI,Doug Pederson,2017_09_DEN_PHI
2017,9,SEA,Pete Carroll,2017_09_WAS_SEA
2017,9,SF,Kyle Shanahan,2017_09_ARI_SF
2017,9,TB,Dirk Koetter,2017_09_TB_NO
2017,9,TEN,Mike Mularkey,2017_09_BAL_TEN
2017,9,WAS,Jay Gruden,2017_09_WAS_SEA
2017,10,ARI,Bruce Arians,2017_10_SEA_ARI
2017,10,ATL,Dan Quinn,2017_10_DAL_ATL
2017,10,BUF,Sean McDermott,2017_10_NO_BUF
2017,10,CAR,Ron Rivera,2017_10_MIA_CAR
2017,10,CHI,John Fox,2017_10_GB_CHI
2017,10,CIN,Marvin Lewis,2017_10_CIN_TEN
2017,10,CLE,Hue Jackson,2017_10_CLE_DET
2017,10,DAL,Jason Garrett,2017_10_DAL_ATL
2017,10,DEN,Vance Joseph,2017_10_NE_DEN
2017,10,DET,Jim Caldwell,2017_10_CLE_DET
2017,10,GB,Mike McCarthy,2017_10_GB_CHI
2017,10,HOU,Bill O'Brien,2017_10_HOU_LA
2017,10,IND,Chuck Pagano,2017_10_PIT_IND
2017,10,JAX,Doug Marrone,2017_10_LAC_JAX
2017,10,LA,Sean McVay,2017_10_HOU_LA
2017,10,LAC,Anthony Lynn,2017_10_LAC_JAX
2017,10,MIA,Adam Gase,2017_10_MIA_CAR
2017,10,MIN,Mike Zimmer,2017_10_MIN_WAS
2017,10,NE,Bill Belichick,2017_10_NE_DEN
2017,10,NO,Sean Payton,2017_10_NO_BUF
2017,10,NYG,Ben McAdoo,2017_10_NYG_SF
2017,10,NYJ,Todd Bowles,2017_10_NYJ_TB
2017,10,PIT,Mike Tomlin,2017_10_PIT_IND
2017,10,SEA,Pete Carroll,2017_10_SEA_ARI
2017,10,SF,Kyle Shanahan,2017_10_NYG_SF
2017,10,TB,Dirk Koetter,2017_10_NYJ_TB
2017,10,TEN,Mike Mularkey,2017_10_CIN_TEN
2017,10,WAS,Jay Gruden,2017_10_MIN_WAS
2017,11,ARI,Bruce Arians,2017_11_ARI_HOU
2017,11,ATL,Dan Quinn,2017_11_ATL_SEA
2017,11,BAL,John Harbaugh,2017_11_BAL_GB
2017,11,BUF,Sean McDermott,2017_11_BUF_LAC
2017,11,CHI,John Fox,2017_11_DET_CHI
2017,11,CIN,Marvin Lewis,2017_11_CIN_DEN
2017,11,CLE,Hue Jackson,2017_11_JAX_CLE
2017,11,DAL,Jason Garrett,2017_11_PHI_DAL
2017,11,DEN,Vance Joseph,2017_11_CIN_DEN
2017,11,DET,Jim Caldwell,2017_11_DET_CHI
2017,11,GB,Mike McCarthy,2017_11_BAL_GB
2017,11,HOU,Bill O'Brien,2017_11_ARI_HOU
2017,11,JAX,Doug Marrone,2017_11_JAX_CLE
2017,11,KC,Andy Reid,2017_11_KC_NYG
2017,11,LA,Sean McVay,2017_11_LA_MIN
2017,11,LAC,Anthony Lynn,2017_11_BUF_LAC
2017,11,LV,Jack Del Rio,2017_11_NE_OAK
2017,11,MIA,Adam Gase,2017_11_TB_MIA
2017,11,MIN,Mike Zimmer,2017_11_LA_MIN
2017,11,NE,Bill Belichick,2017_11_NE_OAK
2017,11,NO,Sean Payton,2017_11_WAS_NO
2017,11,NYG,Ben McAdoo,2017_11_KC_NYG
2017,11,PHI,Doug Pederson,2017_11_PHI_DAL
2017,11,PIT,Mike Tomlin,2017_11_TEN_PIT
2017,11,SEA,Pete Carroll,2017_11_ATL_SEA
2017,11,TB,Dirk Koetter,2017_11_TB_MIA
2017,11,TEN,Mike Mularkey,2017_11_TEN_PIT
2017,11,WAS,Jay Gruden,2017_11_WAS_NO
2017,12,ARI,Bruce Arians,2017_12_JAX_ARI
2017,12,ATL,Dan Quinn,2017_12_TB_ATL
2017,12,BAL,John Harbaugh,2017_12_HOU_BAL
2017,12,BUF,Sean McDermott,2017_12_BUF_KC
2017,12,CAR,Ron Rivera,2017_12_CAR_NYJ
2017,12,CHI,John Fox,2017_12_CHI_PHI
2017,12,CIN,Marvin Lewis,2017_12_CLE_CIN
2017,12,CLE,Hue Jackson,2017_12_CLE_CIN
2017,12,DAL,Jason Garrett,2017_12_LAC_DAL
2017,12,DEN,Vance Joseph,2017_12_DEN_OAK
2017,12,DET,Jim Caldwell,2017_12_MIN_DET
2017,12,GB,Mike McCarthy,2017_12_GB_PIT
2017,12,HOU,Bill O'Brien,2017_12_HOU_BAL
2017,12,IND,Chuck Pagano,2017_12_TEN_IND
2017,12,JAX,Doug Marrone,2017_12_JAX_ARI
2017,12,KC,Andy Reid,2017_12_BUF_KC
2017,12,LA,Sean McVay,2017_12_NO_LA
2017,12,LAC,Anthony Lynn,2017_12_LAC_DAL
2017,12,LV,Jack Del Rio,2017_12_DEN_OAK
2017,12,MIA,Adam Gase,2017_12_MIA_NE
2017,12,MIN,Mike Zimmer,2017_12_MIN_DET
2017,12,NE,Bill Belichick,2017_12_MIA_NE
2017,12,NO,Sean Payton,2017_12_NO_LA
2017,12,NYG,Ben McAdoo,2017_12_NYG_WAS
2017,12,NYJ,Todd Bowles,2017_12_CAR_NYJ
2017,12,PHI,Doug Pederson,2017_12_CHI_PHI
2017,12,PIT,Mike Tomlin,2017_12_GB_PIT
2017,12,SEA,Pete Carroll,2017_12_SEA_SF
2017,12,SF,Kyle Shanahan,2017_12_SEA_SF
2017,12,TB,Dirk Koetter,2017_12_TB_ATL
2017,12,TEN,Mike Mularkey,2017_12_TEN_IND
2017,12,WAS,Jay Gruden,2017_12_NYG_WAS
2017,13,ARI,Bruce Arians,2017_13_LA_ARI
2017,13,ATL,Dan Quinn,2017_13_MIN_ATL
2017,13,BAL,John Harbaugh,2017_13_DET_BAL
2017,13,BUF,Sean McDermott,2017_13_NE_BUF
2017,13,CAR,Ron Rivera,2017_13_CAR_NO
2017,13,CHI,John Fox,2017_13_SF_CHI
2017,13,CIN,Marvin Lewis,2017_13_PIT_CIN
2017,13,CLE,Hue Jackson,2017_13_CLE_LAC
2017,13,DAL,Jason Garrett,2017_13_WAS_DAL
2017,13,DEN,Vance Joseph,2017_13_DEN_MIA
2017,13,DET,Jim Caldwell,2017_13_DET_BAL
2017,13,GB,Mike McCarthy,2017_13_TB_GB
2017,13,HOU,Bill O'Brien,2017_13_HOU_TEN
2017,13,IND,Chuck Pagano,2017_13_IND_JAX
2017,13,JAX,Doug Marrone,2017_13_IND_JAX
2017,13,KC,Andy Reid,2017_13_KC_NYJ
2017,13,LA,Sean McVay,2017_13_LA_ARI
2017,13,LAC,Anthony Lynn,2017_13_CLE_LAC
2017,13,LV,Jack Del Rio,2017_13_NYG_OAK
2017,13,MIA,Adam Gase,2017_13_DEN_MIA
2017,13,MIN,Mike Zimmer,2017_13_MIN_ATL
2017,13,NE,Bill Belichick,2017_13_NE_BUF
2017,13,NO,Sean Payton,2017_13_CAR_NO
2017,13,NYG,Ben McAdoo,2017_13_NYG_OAK
2017,13,NYJ,Todd Bowles,2017_13_KC_NYJ
2017,13,PHI,Doug Pederson,2017_13_PHI_SEA
2017,13,PIT,Mike Tomlin,2017_13_PIT_CIN
2017,13,SEA,Pete Carroll,2017_13_PHI_SEA
2017,13,SF,Kyle Shanahan,2017_13_SF_CHI
2017,13,TB,Dirk Koetter,2017_13_TB_GB
2017,13,TEN,Mike Mularkey,2017_13_HOU_TEN
2017,13,WAS,Jay Gruden,2017_13_WAS_DAL
2017,14,ARI,Bruce Arians,2017_14_TEN_ARI
2017,14,ATL,Dan Quinn,2017_14_NO_ATL
2017,14,BAL,John Harbaugh,2017_14_BAL_PIT
2017,14,BUF,Sean McDermott,2017_14_IND_BUF
2017,14,CAR,Ron Rivera,2017_14_MIN_CAR
2017,14,CHI,John Fox,2017_14_CHI_CIN
2017,14,CIN,Marvin Lewis,2017_14_CHI_CIN
2017,14,CLE,Hue Jackson,2017_14_GB_CLE
2017,14,DAL,Jason Garrett,2017_14_DAL_NYG
2017,14,DEN,Vance Joseph,2017_14_NYJ_DEN
2017,14,DET,Jim Caldwell,2017_14_DET_TB
2017,14,GB,Mike McCarthy,2017_14_GB_CLE
2017,14,HOU,Bill O'Brien,2017_14_SF_HOU
2017,14,IND,Chuck Pagano,2017_14_IND_BUF
2017,14,JAX,Doug Marrone,2017_14_SEA_JAX
2017,14,KC,Andy Reid,2017_14_OAK_KC
2017,14,LA,Sean McVay,2017_14_PHI_LA
2017,14,LAC,Anthony Lynn,2017_14_WAS_LAC
2017,14,LV,Jack Del Rio,2017_14_OAK_KC
2017,14,MIA,Adam Gase,2017_14_NE_MIA
2017,14,MIN,Mike Zimmer,2017_14_MIN_CAR
2017,14,NE,Bill Belichick,2017_14_NE_MIA
2017,14,NO,Sean Payton,2017_14_NO_ATL
2017,14,NYG,Steve Spagnuolo,2017_14_DAL_NYG
2017,14,NYJ,Todd Bowles,2017_14_NYJ_DEN
2017,14,PHI,Doug Pederson,2017_14_PHI_LA
2017,14,PIT,Mike Tomlin,2017_14_BAL_PIT
2017,14,SEA,Pete Carroll,2017_14_SEA_JAX
2017,14,SF,Kyle Shanahan,2017_14_SF_HOU
2017,14,TB,Dirk Koetter,2017_14_DET_TB
2017,14,TEN,Mike Mularkey,2017_14_TEN_ARI
2017,14,WAS,Jay Gruden,2017_14_WAS_LAC
2017,15,ARI,Bruce Arians,2017_15_ARI_WAS
2017,15,ATL,Dan Quinn,2017_15_ATL_TB
2017,15,BAL,John Harbaugh,2017_15_BAL_CLE
2017,15,BUF,Sean McDermott,2017_15_MIA_BUF
2017,15,CAR,Ron Rivera,2017_15_GB_CAR
2017,15,CHI,John Fox,2017_15_CHI_DET
2017,15,CIN,Marvin Lewis,2017_15_CIN_MIN
2017,15,CLE,Hue Jackson,2017_15_BAL_CLE
2017,15,DAL,Jason Garrett,2017_15_DAL_OAK
2017,15,DEN,Vance Joseph,2017_15_DEN_IND
2017,15,DET,Jim Caldwell,2017_15_CHI_DET
2017,15,GB,Mike McCarthy,2017_15_GB_CAR
2017,15,HOU,Bill O'Brien,2017_15_HOU_JAX
2017,15,IND,Chuck Pagano,2017_15_DEN_IND
2017,15,JAX,Doug Marrone,2017_15_HOU_JAX
2017,15,KC,Andy Reid,2017_15_LAC_KC
2017,15,LA,Sean McVay,2017_15_LA_SEA
2017,15,LAC,Anthony Lynn,2017_15_LAC_KC
2017,15,LV,Jack Del Rio,2017_15_DAL_OAK
2017,15,MIA,Adam Gase,2017_15_MIA_BUF
2017,15,MIN,Mike Zimmer,2017_15_CIN_MIN
2017,15,NE,Bill Belichick,2017_15_NE_PIT
2017,15,NO,Sean Payton,2017_15_NYJ_NO
2017,15,NYG,Steve Spagnuolo,2017_15_PHI_NYG
2017,15,NYJ,Todd Bowles,2017_15_NYJ_NO
2017,15,PHI,Doug Pederson,2017_15_PHI_NYG
2017,15,PIT,Mike Tomlin,2017_15_NE_PIT
2017,15,SEA,Pete Carroll,2017_15_LA_SEA
2017,15,SF,Kyle Shanahan,2017_15_TEN_SF
2017,15,TB,Dirk Koetter,2017_15_ATL_TB
2017,15,TEN,Mike Mularkey,2017_15_TEN_SF
2017,15,WAS,Jay Gruden,2017_15_ARI_WAS
2017,16,ARI,Bruce Arians,2017_16_NYG_ARI
2017,16,ATL,Dan Quinn,2017_16_ATL_NO
2017,16,BAL,John Harbaugh,2017_16_IND_BAL
2017,16,BUF,Sean McDermott,2017_16_BUF_NE
2017,16,CAR,Ron Rivera,2017_16_TB_CAR
2017,16,CHI,John Fox,2017_16_CLE_CHI
2017,16,CIN,Marvin Lewis,2017_16_DET_CIN
2017,16,CLE,Hue Jackson,2017_16_CLE_CHI
2017,16,DAL,Jason Garrett,2017_16_SEA_DAL
2017,16,DEN,Vance Joseph,2017_16_DEN_WAS
2017,16,DET,Jim Caldwell,2017_16_DET_CIN
2017,16,GB,Mike McCarthy,2017_16_MIN_GB
2017,16,HOU,Bill O'Brien,2017_16_PIT_HOU
2017,16,IND,Chuck Pagano,2017_16_IND_BAL
2017,16,JAX,Doug Marrone,2017_16_JAX_SF
2017,16,KC,Andy Reid,2017_16_MIA_KC
2017,16,LA,Sean McVay,2017_16_LA_TEN
2017,16,LAC,Anthony Lynn,2017_16_LAC_NYJ
2017,16,LV,Jack Del Rio,2017_16_OAK_PHI
2017,16,MIA,Adam Gase,2017_16_MIA_KC
2017,16,MIN,Mike Zimmer,2017_16_MIN_GB
2017,16,NE,Bill Belichick,2017_16_BUF_NE
2017,16,NO,Sean Payton,2017_16_ATL_NO
2017,16,NYG,Steve Spagnuolo,2017_16_NYG_ARI
2017,16,NYJ,Todd Bowles,2017_16_LAC_NYJ
2017,16,PHI,Doug Pederson,2017_16_OAK_PHI
2017,16,PIT,Mike Tomlin,2017_16_PIT_HOU
2017,16,SEA,Pete Carroll,2017_16_SEA_DAL
2017,16,SF,Kyle Shanahan,2017_16_JAX_SF
2017,16,TB,Dirk Koetter,2017_16_TB_CAR
2017,16,TEN,Mike Mularkey,2017_16_LA_TEN
2017,16,WAS,Jay Gruden,2017_16_DEN_WAS
2017,17,ARI,Bruce Arians,2017_17_ARI_SEA
2017,17,ATL,Dan Quinn,2017_17_CAR_ATL
2017,17,BAL,John Harbaugh,2017_17_CIN_BAL
2017,17,BUF,Sean McDermott,2017_17_BUF_MIA
2017,17,CAR,Ron Rivera,2017_17_CAR_ATL
2017,17,CHI,John Fox,2017_17_CHI_MIN
2017,17,CIN,Marvin Lewis,2017_17_CIN_BAL
2017,17,CLE,Hue Jackson,2017_17_CLE_PIT
2017,17,DAL,Jason Garrett,2017_17_DAL_PHI
2017,17,DEN,Vance Joseph,2017_17_KC_DEN
2017,17,DET,Jim Caldwell,2017_17_GB_DET
2017,17,GB,Mike McCarthy,2017_17_GB_DET
2017,17,HOU,Bill O'Brien,2017_17_HOU_IND
2017,17,IND,Chuck Pagano,2017_17_HOU_IND
2017,17,JAX,Doug Marrone,2017_17_JAX_TEN
2017,17,KC,Andy Reid,2017_17_KC_DEN
2017,17,LA,Sean McVay,2017_17_SF_LA
2017,17,LAC,Anthony Lynn,2017_17_OAK_LAC
2017,17,LV,Jack Del Rio,2017_17_OAK_LAC
2017,17,MIA,Adam Gase,2017_17_BUF_MIA
2017,17,MIN,Mike Zimmer,2017_17_CHI_MIN
2017,17,NE,Bill Belichick,2017_17_NYJ_NE
2017,17,NO,Sean Payton,2017_17_NO_TB
2017,17,NYG,Steve Spagnuolo,2017_17_WAS_NYG
2017,17,NYJ,Todd Bowles,2017_17_NYJ_NE
2017,17,PHI,Doug Pederson,2017_17_DAL_PHI
2017,17,PIT,Mike Tomlin,2017_17_CLE_PIT
2017,17,SEA,Pete Carroll,2017_17_ARI_SEA
2017,17,SF,Kyle Shanahan,2017_17_SF_LA
2017,17,TB,Dirk Koetter,2017_17_NO_TB
2017,17,TEN,Mike Mularkey,2017_17_JAX_TEN
2017,17,WAS,Jay Gruden,2017_17_WAS_NYG
2018,1,ARI,Steve Wilks,2018_01_WAS_ARI
2018,1,ATL,Dan Quinn,2018_01_ATL_PHI
2018,1,BAL,John Harbaugh,2018_01_BUF_BAL
2018,1,BUF,Sean McDermott,2018_01_BUF_BAL
2018,1,CAR,Ron Rivera,2018_01_DAL_CAR
2018,1,CHI,Matt Nagy,2018_01_CHI_GB
2018,1,CIN,Marvin Lewis,2018_01_CIN_IND
2018,1,CLE,Hue Jackson,2018_01_PIT_CLE
2018,1,DAL,Jason Garrett,2018_01_DAL_CAR
2018,1,DEN,Vance Joseph,2018_01_SEA_DEN
2018,1,DET,Matt Patricia,2018_01_NYJ_DET
2018,1,GB,Mike McCarthy,2018_01_CHI_GB
2018,1,HOU,Bill O'Brien,2018_01_HOU_NE
2018,1,IND,Frank Reich,2018_01_CIN_IND
2018,1,JAX,Doug Marrone,2018_01_JAX_NYG
2018,1,KC,Andy Reid,2018_01_KC_LAC
2018,1,LA,Sean McVay,2018_01_LA_OAK
2018,1,LAC,Anthony Lynn,2018_01_KC_LAC
2018,1,LV,Jon Gruden,2018_01_LA_OAK
2018,1,MIA,Adam Gase,2018_01_TEN_MIA
2018,1,MIN,Mike Zimmer,2018_01_SF_MIN
2018,1,NE,Bill Belichick,2018_01_HOU_NE
2018,1,NO,Sean Payton,2018_01_TB_NO
2018,1,NYG,Pat Shurmur,2018_01_JAX_NYG
2018,1,NYJ,Todd Bowles,2018_01_NYJ_DET
2018,1,PHI,Doug Pederson,2018_01_ATL_PHI
2018,1,PIT,Mike Tomlin,2018_01_PIT_CLE
2018,1,SEA,Pete Carroll,2018_01_SEA_DEN
2018,1,SF,Kyle Shanahan,2018_01_SF_MIN
2018,1,TB,Dirk Koetter,2018_01_TB_NO
2018,1,TEN,Mike Vrabel,2018_01_TEN_MIA
2018,1,WAS,Jay Gruden,2018_01_WAS_ARI
2018,2,ARI,Steve Wilks,2018_02_ARI_LA
2018,2,ATL,Dan Quinn,2018_02_CAR_ATL
2018,2,BAL,John Harbaugh,2018_02_BAL_CIN
2018,2,BUF,Sean McDermott,2018_02_LAC_BUF
2018,2,CAR,Ron Rivera,2018_02_CAR_ATL
2018,2,CHI,Matt Nagy,2018_02_SEA_CHI
2018,2,CIN,Marvin Lewis,2018_02_BAL_CIN
2018,2,CLE,Hue Jackson,2018_02_CLE_NO
2018,2,DAL,Jason Garrett,2018_02_NYG_DAL
2018,2,DEN,Vance Joseph,2018_02_OAK_DEN
2018,2,DET,Matt Patricia,2018_02_DET_SF
2018,2,GB,Mike McCarthy,2018_02_MIN_GB
2018,2,HOU,Bill O'Brien,2018_02_HOU_TEN
2018,2,IND,Frank Reich,2018_02_IND_WAS
2018,2,JAX,Doug Marrone,2018_02_NE_JAX
2018,2,KC,Andy Reid,2018_02_KC_PIT
2018,2,LA,Sean McVay,2018_02_ARI_LA
2018,2,LAC,Anthony Lynn,2018_02_LAC_BUF
2018,2,LV,Jon Gruden,2018_02_OAK_DEN
2018,2,MIA,Adam Gase,2018_02_MIA_NYJ
2018,2,MIN,Mike Zimmer,2018_02_MIN_GB
2018,2,NE,Bill Belichick,2018_02_NE_JAX
2018,2,NO,Sean Payton,2018_02_CLE_NO
2018,2,NYG,Pat Shurmur,2018_02_NYG_DAL
2018,2,NYJ,Todd Bowles,2018_02_MIA_NYJ
2018,2,PHI,Doug Pederson,2018_02_PHI_TB
2018,2,PIT,Mike Tomlin,2018_02_KC_PIT
2018,2,SEA,Pete Carroll,2018_02_SEA_CHI
2018,2,SF,Kyle Shanahan,2018_02_DET_SF
2018,2,TB,Dirk Koetter,2018_02_PHI_TB
2018,2,TEN,Mike Vrabel,2018_02_HOU_TEN
2018,2,WAS,Jay Gruden,2018_02_IND_WAS
2018,3,ARI,Steve Wilks,2018_03_CHI_ARI
2018,3,ATL,Dan Quinn,2018_03_NO_ATL
2018,3,BAL,John Harbaugh,2018_03_DEN_BAL
2018,3,BUF,Sean McDermott,2018_03_BUF_MIN
2018,3,CAR,Ron Rivera,2018_03_CIN_CAR
2018,3,CHI,Matt Nagy,2018_03_CHI_ARI
2018,3,CIN,Marvin Lewis,2018_03_CIN_CAR
2018,3,CLE,Hue Jackson,2018_03_NYJ_CLE
2018,3,DAL,Jason Garrett,2018_03_DAL_SEA
2018,3,DEN,Vance Joseph,2018_03_DEN_BAL
2018,3,DET,Matt Patricia,2018_03_NE_DET
2018,3,GB,Mike McCarthy,2018_03_GB_WAS
2018,3,HOU,Bill O'Brien,2018_03_NYG_HOU
2018,3,IND,Frank Reich,2018_03_IND_PHI
2018,3,JAX,Doug Marrone,2018_03_TEN_JAX
2018,3,KC,Andy Reid,2018_03_SF_KC
2018,3,LA,Sean McVay,2018_03_LAC_LA
2018,3,LAC,Anthony Lynn,2018_03_LAC_LA
2018,3,LV,Jon Gruden,2018_03_OAK_MIA
2018,3,MIA,Adam Gase,2018_03_OAK_MIA
2018,3,MIN,Mike Zimmer,2018_03_BUF_MIN
2018,3,NE,Bill Belichick,2018_03_NE_DET
2018,3,NO,Sean Payton,2018_03_NO_ATL
2018,3,NYG,Pat Shurmur,2018_03_NYG_HOU
2018,3,NYJ,Todd Bowles,2018_03_NYJ_CLE
2018,3,PHI,Doug Pederson,2018_03_IND_PHI
2018,3,PIT,Mike Tomlin,2018_03_PIT_TB
2018,3,SEA,Pete Carroll,2018_03_DAL_SEA
2018,3,SF,Kyle Shanahan,2018_03_SF_KC
2018,3,TB,Dirk Koetter,2018_03_PIT_TB
2018,3,TEN,Mike Vrabel,2018_03_TEN_JAX
2018,3,WAS,Jay Gruden,2018_03_GB_WAS
2018,4,ARI,Steve Wilks,2018_04_SEA_ARI
2018,4,ATL,Dan Quinn,2018_04_CIN_ATL
2018,4,BAL,John Harbaugh,2018_04_BAL_PIT
2018,4,BUF,Sean McDermott,2018_04_BUF_GB
2018,4,CHI,Matt Nagy,2018_04_TB_CHI
2018,4,CIN,Marvin Lewis,2018_04_CIN_ATL
2018,4,CLE,Hue Jackson,2018_04_CLE_OAK
2018,4,DAL,Jason Garrett,2018_04_DET_DAL
2018,4,DEN,Vance Joseph,2018_04_KC_DEN
2018,4,DET,Matt Patricia,2018_04_DET_DAL
2018,4,GB,Mike McCarthy,2018_04_BUF_GB
2018,4,HOU,Bill O'Brien,2018_04_HOU_IND
2018,4,IND,Frank Reich,2018_04_HOU_IND
2018,4,JAX,Doug Marrone,2018_04_NYJ_JAX
2018,4,KC,Andy Reid,2018_04_KC_DEN
2018,4,LA,Sean McVay,2018_04_MIN_LA
2018,4,LAC,Anthony Lynn,2018_04_SF_LAC
2018,4,LV,Jon Gruden,2018_04_CLE_OAK
2018,4,MIA,Adam Gase,2018_04_MIA_NE
2018,4,MIN,Mike Zimmer,2018_04_MIN_LA
2018,4,NE,Bill Belichick,2018_04_MIA_NE
2018,4,NO,Sean Payton,2018_04_NO_NYG
2018,4,NYG,Pat Shurmur,2018_04_NO_NYG
2018,4,NYJ,Todd Bowles,2018_04_NYJ_JAX
2018,4,PHI,Doug Pederson,2018_04_PHI_TEN
2018,4,PIT,Mike Tomlin,2018_04_BAL_PIT
2018,4,SEA,Pete Carroll,2018_04_SEA_ARI
2018,4,SF,Kyle Shanahan,2018_04_SF_LAC
2018,4,TB,Dirk Koetter,2018_04_TB_CHI
2018,4,TEN,Mike Vrabel,2018_04_PHI_TEN
2018,5,ARI,Steve Wilks,2018_05_ARI_SF
2018,5,ATL,Dan Quinn,2018_05_ATL_PIT
2018,5,BAL,John Harbaugh,2018_05_BAL_CLE
2018,5,BUF,Sean McDermott,2018_05_TEN_BUF
2018,5,CAR,Ron Rivera,2018_05_NYG_CAR
2018,5,CIN,Marvin Lewis,2018_05_MIA_CIN
2018,5,CLE,Hue Jackson,2018_05_BAL_CLE
2018,5,DAL,Jason Garrett,2018_05_DAL_HOU
2018,5,DEN,Vance Joseph,2018_05_DEN_NYJ
2018,5,DET,Matt Patricia,2018_05_GB_DET
2018,5,GB,Mike McCarthy,2018_05_GB_DET
2018,5,HOU,Bill O'Brien,2018_05_DAL_HOU
2018,5,IND,Frank Reich,2018_05_IND_NE
2018,5,JAX,Doug Marrone,2018_05_JAX_KC
2018,5,KC,Andy Reid,2018_05_JAX_KC
2018,5,LA,Sean McVay,2018_05_LA_SEA
2018,5,LAC,Anthony Lynn,2018_05_OAK_LAC
2018,5,LV,Jon Gruden,2018_05_OAK_LAC
2018,5,MIA,Adam Gase,2018_05_MIA_CIN
2018,5,MIN,Mike Zimmer,2018_05_MIN_PHI
2018,5,NE,Bill Belichick,2018_05_IND_NE
2018,5,NO,Sean Payton,2018_05_WAS_NO
2018,5,NYG,Pat Shurmur,2018_05_NYG_CAR
2018,5,NYJ,Todd Bowles,2018_05_DEN_NYJ
2018,5,PHI,Doug Pederson,2018_05_MIN_PHI
2018,5,PIT,Mike Tomlin,2018_05_ATL_PIT
2018,5,SEA,Pete Carroll,2018_05_LA_SEA
2018,5,SF,Kyle Shanahan,2018_05_ARI_SF
2018,5,TEN,Mike Vrabel,2018_05_TEN_BUF
2018,5,WAS,Jay Gruden,2018_05_WAS_NO
2018,6,ARI,Steve Wilks,2018_06_ARI_MIN
2018,6,ATL,Dan Quinn,2018_06_TB_ATL
2018,6,BAL,John Harbaugh,2018_06_BAL_TEN
2018,6,BUF,Sean McDermott,2018_06_BUF_HOU
2018,6,CAR,Ron Rivera,2018_06_CAR_WAS
2018,6,CHI,Matt Nagy,2018_06_CHI_MIA
2018,6,CIN,Marvin Lewis,2018_06_PIT_CIN
2018,6,CLE,Hue Jackson,2018_06_LAC_CLE
2018,6,DAL,Jason Garrett,2018_06_JAX_DAL
2018,6,DEN,Vance Joseph,2018_06_LA_DEN
2018,6,GB,Mike McCarthy,2018_06_SF_GB
2018,6,HOU,Bill O'Brien,2018_06_BUF_HOU
2018,6,IND,Frank Reich,2018_06_IND_NYJ
2018,6,JAX,Doug Marrone,2018_06_JAX_DAL
2018,6,KC,Andy Reid,2018_06_KC_NE
2018,6,LA,Sean McVay,2018_06_LA_DEN
2018,6,LAC,Anthony Lynn,2018_06_LAC_CLE
2018,6,LV,Jon Gruden,2018_06_SEA_OAK
2018,6,MIA,Adam Gase,2018_06_CHI_MIA
2018,6,MIN,Mike Zimmer,2018_06_ARI_MIN
2018,6,NE,Bill Belichick,2018_06_KC_NE
2018,6,NYG,Pat Shurmur,2018_06_PHI_NYG
2018,6,NYJ,Todd Bowles,2018_06_IND_NYJ
2018,6,PHI,Doug Pederson,2018_06_PHI_NYG
2018,6,PIT,Mike Tomlin,2018_06_PIT_CIN
2018,6,SEA,Pete Carroll,2018_06_SEA_OAK
2018,6,SF,Kyle Shanahan,2018_06_SF_GB
2018,6,TB,Dirk Koetter,2018_06_TB_ATL
2018,6,TEN,Mike Vrabel,2018_06_BAL_TEN
2018,6,WAS,Jay Gruden,2018_06_CAR_WAS
2018,7,ARI,Steve Wilks,2018_07_DEN_ARI
2018,7,ATL,Dan Quinn,2018_07_NYG_ATL
2018,7,BAL,John Harbaugh,2018_07_NO_BAL
2018,7,BUF,Sean McDermott,2018_07_BUF_IND
2018,7,CAR,Ron Rivera,2018_07_CAR_PHI
2018,7,CHI,Matt Nagy,2018_07_NE_CHI
2018,7,CIN,Marvin Lewis,2018_07_CIN_KC
2018,7,CLE,Hue Jackson,2018_07_CLE_TB
2018,7,DAL,Jason Garrett,2018_07_DAL_WAS
2018,7,DEN,Vance Joseph,2018_07_DEN_ARI
2018,7,DET,Matt Patricia,2018_07_DET_MIA
2018,7,HOU,Bill O'Brien,2018_07_HOU_JAX
2018,7,IND,Frank Reich,2018_07_BUF_IND
2018,7,JAX,Doug Marrone,2018_07_HOU_JAX
2018,7,KC,Andy Reid,2018_07_CIN_KC
2018,7,LA,Sean McVay,2018_07_LA_SF
2018,7,LAC,Anthony Lynn,2018_07_TEN_LAC
2018,7,MIA,Adam Gase,2018_07_DET_MIA
2018,7,MIN,Mike Zimmer,2018_07_MIN_NYJ
2018,7,NE,Bill Belichick,2018_07_NE_CHI
2018,7,NO,Sean Payton,2018_07_NO_BAL
2018,7,NYG,Pat Shurmur,2018_07_NYG_ATL
2018,7,NYJ,Todd Bowles,2018_07_MIN_NYJ
2018,7,PHI,Doug Pederson,2018_07_CAR_PHI
2018,7,SF,Kyle Shanahan,2018_07_LA_SF
2018,7,TB,Dirk Koetter,2018_07_CLE_TB
2018,7,TEN,Mike Vrabel,2018_07_TEN_LAC
2018,7,WAS,Jay Gruden,2018_07_DAL_WAS
2018,8,ARI,Steve Wilks,2018_08_SF_ARI
2018,8,BAL,John Harbaugh,2018_08_BAL_CAR
2018,8,BUF,Sean McDermott,2018_08_NE_BUF
2018,8,CAR,Ron Rivera,2018_08_BAL_CAR
2018,8,CHI,Matt Nagy,2018_08_NYJ_CHI
2018,8,CIN,Marvin Lewis,2018_08_TB_CIN
2018,8,CLE,Hue Jackson,2018_08_CLE_PIT
2018,8,DEN,Vance Joseph,2018_08_DEN_KC
2018,8,DET,Matt Patricia,2018_08_SEA_DET
2018,8,GB,Mike McCarthy,2018_08_GB_LA
2018,8,HOU,Bill O'Brien,2018_08_MIA_HOU
2018,8,IND,Frank Reich,2018_08_IND_OAK
2018,8,JAX,Doug Marrone,2018_08_PHI_JAX
2018,8,KC,Andy Reid,2018_08_DEN_KC
2018,8,LA,Sean McVay,2018_08_GB_LA
2018,8,LV,Jon Gruden,2018_08_IND_OAK
2018,8,MIA,Adam Gase,2018_08_MIA_HOU
2018,8,MIN,Mike Zimmer,2018_08_NO_MIN
2018,8,NE,Bill Belichick,2018_08_NE_BUF
2018,8,NO,Sean Payton,2018_08_NO_MIN
2018,8,NYG,Pat Shurmur,2018_08_WAS_NYG
2018,8,NYJ,Todd Bowles,2018_08_NYJ_CHI
2018,8,PHI,Doug Pederson,2018_08_PHI_JAX
2018,8,PIT,Mike Tomlin,2018_08_CLE_PIT
2018,8,SEA,Pete Carroll,2018_08_SEA_DET
2018,8,SF,Kyle Shanahan,2018_08_SF_ARI
2018,8,TB,Dirk Koetter,2018_08_TB_CIN
2018,8,WAS,Jay Gruden,2018_08_WAS_NYG
2018,9,ATL,Dan Quinn,2018_09_ATL_WAS
2018,9,BAL,John Harbaugh,2018_09_PIT_BAL
2018,9,BUF,Sean McDermott,2018_09_CHI_BUF
2018,9,CAR,Ron Rivera,2018_09_TB_CAR
2018,9,CHI,Matt Nagy,2018_09_CHI_BUF
2018,9,CLE,Gregg Williams,2018_09_KC_CLE
2018,9,DAL,Jason Garrett,2018_09_TEN_DAL
2018,9,DEN,Vance Joseph,2018_09_HOU_DEN
2018,9,DET,Matt Patricia,2018_09_DET_MIN
2018,9,GB,Mike McCarthy,2018_09_GB_NE
2018,9,HOU,Bill O'Brien,2018_09_HOU_DEN
2018,9,KC,Andy Reid,2018_09_KC_CLE
2018,9,LA,Sean McVay,2018_09_LA_NO
2018,9,LAC,Anthony Lynn,2018_09_LAC_SEA
2018,9,LV,Jon Gruden,2018_09_OAK_SF
2018,9,MIA,Adam Gase,2018_09_NYJ_MIA
2018,9,MIN,Mike Zimmer,2018_09_DET_MIN
2018,9,NE,Bill Belichick,2018_09_GB_NE
2018,9,NO,Sean Payton,2018_09_LA_NO
2018,9,NYJ,Todd Bowles,2018_09_NYJ_MIA
2018,9,PIT,Mike Tomlin,2018_09_PIT_BAL
2018,9,SEA,Pete Carroll,2018_09_LAC_SEA
2018,9,SF,Kyle Shanahan,2018_09_OAK_SF
2018,9,TB,Dirk Koetter,2018_09_TB_CAR
2018,9,TEN,Mike Vrabel,2018_09_TEN_DAL
2018,9,WAS,Jay Gruden,2018_09_ATL_WAS
2018,10,ARI,Steve Wilks,2018_10_ARI_KC
2018,10,ATL,Dan Quinn,2018_10_ATL_CLE
2018,10,BUF,Sean McDermott,2018_10_BUF_NYJ
2018,10,CAR,Ron Rivera,2018_10_CAR_PIT
2018,10,CHI,Matt Nagy,2018_10_DET_CHI
2018,10,CIN,Marvin Lewis,2018_10_NO_CIN
2018,10,CLE,Gregg Williams,2018_10_ATL_CLE
2018,10,DAL,Jason Garrett,2018_10_DAL_PHI
2018,10,DET,Matt Patricia,2018_10_DET_CHI
2018,10,GB,Mike McCarthy,2018_10_MIA_GB
2018,10,IND,Frank Reich,2018_10_JAX_IND
2018,10,JAX,Doug Marrone,2018_10_JAX_IND
2018,10,KC,Andy Reid,2018_10_ARI_KC
2018,10,LA,Sean McVay,2018_10_SEA_LA
2018,10,LAC,Anthony Lynn,2018_10_LAC_OAK
2018,10,LV,Jon Gruden,2018_10_LAC_OAK
2018,10,MIA,Adam Gase,2018_10_MIA_GB
2018,10,NE,Bill Belichick,2018_10_NE_TEN
2018,10,NO,Sean Payton,2018_10_NO_CIN
2018,10,NYG,Pat Shurmur,2018_10_NYG_SF
2018,10,NYJ,Todd Bowles,2018_10_BUF_NYJ
2018,10,PHI,Doug Pederson,2018_10_DAL_PHI
2018,10,PIT,Mike Tomlin,2018_10_CAR_PIT
2018,10,SEA,Pete Carroll,2018_10_SEA_LA
2018,10,SF,Kyle Shanahan,2018_10_NYG_SF
2018,10,TB,Dirk Koetter,2018_10_WAS_TB
2018,10,TEN,Mike Vrabel,2018_10_NE_TEN
2018,10,WAS,Jay Gruden,2018_10_WAS_TB
2018,11,ARI,Steve Wilks,2018_11_OAK_ARI
2018,11,ATL,Dan Quinn,2018_11_DAL_ATL
2018,11,BAL,John Harbaugh,2018_11_CIN_BAL
2018,11,CAR,Ron Rivera,2018_11_CAR_DET
2018,11,CHI,Matt Nagy,2018_11_MIN_CHI
2018,11,CIN,Marvin Lewis,2018_11_CIN_BAL
2018,11,DAL,Jason Garrett,2018_11_DAL_ATL
2018,11,DEN,Vance Joseph,2018_11_DEN_LAC
2018,11,DET,Matt Patricia,2018_11_CAR_DET
2018,11,GB,Mike McCarthy,2018_11_GB_SEA
2018,11,HOU,Bill O'Brien,2018_11_HOU_WAS
2018,11,IND,Frank Reich,2018_11_TEN_IND
2018,11,JAX,Doug Marrone,2018_11_PIT_JAX
2018,11,KC,Andy Reid,2018_11_KC_LA
2018,11,LA,Sean McVay,2018_11_KC_LA
2018,11,LAC,Anthony Lynn,2018_11_DEN_LAC
2018,11,LV,Jon Gruden,2018_11_OAK_ARI
2018,11,MIN,Mike Zimmer,2018_11_MIN_CHI
2018,11,NO,Sean Payton,2018_11_PHI_NO
2018,11,NYG,Pat Shurmur,2018_11_TB_NYG
2018,11,PHI,Doug Pederson,2018_11_PHI_NO
2018,11,PIT,Mike Tomlin,2018_11_PIT_JAX
2018,11,SEA,Pete Carroll,2018_11_GB_SEA
2018,11,TB,Dirk Koetter,2018_11_TB_NYG
2018,11,TEN,Mike Vrabel,2018_11_TEN_IND
2018,11,WAS,Jay Gruden,2018_11_HOU_WAS
2018,12,ARI,Steve Wilks,2018_12_ARI_LAC
2018,12,ATL,Dan Quinn,2018_12_ATL_NO
2018,12,BAL,John Harbaugh,2018_12_OAK_BAL
2018,12,BUF,Sean McDermott,2018_12_JAX_BUF
2018,12,CAR,Ron Rivera,2018_12_SEA_CAR
2018,12,CHI,Matt Nagy,2018_12_CHI_DET
2018,12,CIN,Marvin Lewis,2018_12_CLE_CIN
2018,12,CLE,Gregg Williams,2018_12_CLE_CIN
2018,12,DAL,Jason Garrett,2018_12_WAS_DAL
2018,12,DEN,Vance Joseph,2018_12_PIT_DEN
2018,12,DET,Matt Patricia,2018_12_CHI_DET
2018,12,GB,Mike McCarthy,2018_12_GB_MIN
2018,12,HOU,Bill O'Brien,2018_12_TEN_HOU
2018,12,IND,Frank Reich,2018_12_MIA_IND
2018,12,JAX,Doug Marrone,2018_12_JAX_BUF
2018,12,LAC,Anthony Lynn,2018_12_ARI_LAC
2018,12,LV,Jon Gruden,2018_12_OAK_BAL
2018,12,MIA,Adam Gase,2018_12_MIA_IND
2018,12,MIN,Mike Zimmer,2018_12_GB_MIN
2018,12,NE,Bill Belichick,2018_12_NE_NYJ
2018,12,NO,Sean Payton,2018_12_ATL_NO
2018,12,NYG,Pat Shurmur,2018_12_NYG_PHI
2018,12,NYJ,Todd Bowles,2018_12_NE_NYJ
2018,12,PHI,Doug Pederson,2018_12_NYG_PHI
2018,12,PIT,Mike Tomlin,2018_12_PIT_DEN
2018,12,SEA,Pete Carroll,2018_12_SEA_CAR
2018,12,SF,Kyle Shanahan,2018_12_SF_TB
2018,12,TB,Dirk Koetter,2018_12_SF_TB
2018,12,TEN,Mike Vrabel,2018_12_TEN_HOU
2018,12,WAS,Jay Gruden,2018_12_WAS_DAL
2018,13,ARI,Steve Wilks,2018_13_ARI_GB
2018,13,ATL,Dan Quinn,2018_13_BAL_ATL
2018,13,BAL,John Harbaugh,2018_13_BAL_ATL
2018,13,BUF,Sean McDermott,2018_13_BUF_MIA
2018,13,CAR,Ron Rivera,2018_13_CAR_TB
2018,13,CHI,Matt Nagy,2018_13_CHI_NYG
2018,13,CIN,Marvin Lewis,2018_13_DEN_CIN
2018,13,CLE,Gregg Williams,2018_13_CLE_HOU
2018,13,DAL,Jason Garrett,2018_13_NO_DAL
2018,13,DEN,Vance Joseph,2018_13_DEN_CIN
2018,13,DET,Matt Patricia,2018_13_LA_DET
2018,13,GB,Mike McCarthy,2018_13_ARI_GB
2018,13,HOU,Bill O'Brien,2018_13_CLE_HOU
2018,13,IND,Frank Reich,2018_13_IND_JAX
2018,13,JAX,Doug Marrone,2018_13_IND_JAX
2018,13,KC,Andy Reid,2018_13_KC_OAK
2018,13,LA,Sean McVay,2018_13_LA_DET
2018,13,LAC,Anthony Lynn,2018_13_LAC_PIT
2018,13,LV,Jon Gruden,2018_13_KC_OAK
2018,13,MIA,Adam Gase,2018_13_BUF_MIA
2018,13,MIN,Mike Zimmer,2018_13_MIN_NE
2018,13,NE,Bill Belichick,2018_13_MIN_NE
2018,13,NO,Sean Payton,2018_13_NO_DAL
2018,13,NYG,Pat Shurmur,2018_13_CHI_NYG
2018,13,NYJ,Todd Bowles,2018_13_NYJ_TEN
2018,13,PHI,Doug Pederson,2018_13_WAS_PHI
2018,13,PIT,Mike Tomlin,2018_13_LAC_PIT
2018,13,SEA,Pete Carroll,2018_13_SF_SEA
2018,13,SF,Kyle Shanahan,2018_13_SF_SEA
2018,13,TB,Dirk Koetter,2018_13_CAR_TB
2018,13,TEN,Mike Vrabel,2018_13_NYJ_TEN
2018,13,WAS,Jay Gruden,2018_13_WAS_PHI
2018,14,ARI,Steve Wilks,2018_14_DET_ARI
2018,14,ATL,Dan Quinn,2018_14_ATL_GB
2018,14,BAL,John Harbaugh,2018_14_BAL_KC
2018,14,BUF,Sean McDermott,2018_14_NYJ_BUF
2018,14,CAR,Ron Rivera,2018_14_CAR_CLE
2018,14,CHI,Matt Nagy,2018_14_LA_CHI
2018,14,CIN,Marvin Lewis,2018_14_CIN_LAC
2018,14,CLE,Gregg Williams,2018_14_CAR_CLE
2018,14,DAL,Jason Garrett,2018_14_PHI_DAL
2018,14,DEN,Vance Joseph,2018_14_DEN_SF
2018,14,DET,Matt Patricia,2018_14_DET_ARI
2018,14,GB,Joe Philbin,2018_14_ATL_GB
2018,14,HOU,Bill O'Brien,2018_14_IND_HOU
2018,14,IND,Frank Reich,2018_14_IND_HOU
2018,14,JAX,Doug Marrone,2018_14_JAX_TEN
2018,14,KC,Andy Reid,2018_14_BAL_KC
2018,14,LA,Sean McVay,2018_14_LA_CHI
2018,14,LAC,Anthony Lynn,2018_14_CIN_LAC
2018,14,LV,Jon Gruden,2018_14_PIT_OAK
2018,14,MIA,Adam Gase,2018_14_NE_MIA
2018,14,MIN,Mike Zimmer,2018_14_MIN_SEA
2018,14,NE,Bill Belichick,2018_14_NE_MIA
2018,14,NO,Sean Payton,2018_14_NO_TB
2018,14,NYG,Pat Shurmur,2018_14_NYG_WAS
2018,14,NYJ,Todd Bowles,2018_14_NYJ_BUF
2018,14,PHI,Doug Pederson,2018_14_PHI_DAL
2018,14,PIT,Mike Tomlin,2018_14_PIT_OAK
2018,14,SEA,Pete Carroll,2018_14_MIN_SEA
2018,14,SF,Kyle Shanahan,2018_14_DEN_SF
2018,14,TB,Dirk Koetter,2018_14_NO_TB
2018,14,TEN,Mike Vrabel,2018_14_JAX_TEN
2018,14,WAS,Jay Gruden,2018_14_NYG_WAS
2018,15,ARI,Steve Wilks,2018_15_ARI_ATL
2018,15,ATL,Dan Quinn,2018_15_ARI_ATL
2018,15,BAL,John Harbaugh,2018_15_TB_BAL
2018,15,BUF,Sean McDermott,2018_15_DET_BUF
2018,15,CAR,Ron Rivera,2018_15_NO_CAR
2018,15,CHI,Matt Nagy,2018_15_GB_CHI
2018,15,CIN,Marvin Lewis,2018_15_OAK_CIN
2018,15,CLE,Gregg Williams,2018_15_CLE_DEN
2018,15,DAL,Jason Garrett,2018_15_DAL_IND
2018,15,DEN,Vance Joseph,2018_15_CLE_DEN
2018,15,DET,Matt Patricia,2018_15_DET_BUF
2018,15,GB,Joe Philbin,2018_15_GB_CHI
2018,15,HOU,Bill O'Brien,2018_15_HOU_NYJ
2018,15,IND,Frank Reich,2018_15_DAL_IND
2018,15,JAX,Doug Marrone,2018_15_WAS_JAX
2018,15,KC,Andy Reid,2018_15_LAC_KC
2018,15,LA,Sean McVay,2018_15_PHI_LA
2018,15,LAC,Anthony Lynn,2018_15_LAC_KC
2018,15,LV,Jon Gruden,2018_15_OAK_CIN
2018,15,MIA,Adam Gase,2018_15_MIA_MIN
2018,15,MIN,Mike Zimmer,2018_15_MIA_MIN
2018,15,NE,Bill Belichick,2018_15_NE_PIT
2018,15,NO,Sean Payton,2018_15_NO_CAR
2018,15,NYG,Pat Shurmur,2018_15_TEN_NYG
2018,15,NYJ,Todd Bowles,2018_15_HOU_NYJ
2018,15,PHI,Doug Pederson,2018_15_PHI_LA
2018,15,PIT,Mike Tomlin,2018_15_NE_PIT
2018,15,SEA,Pete Carroll,2018_15_SEA_SF
2018,15,SF,Kyle Shanahan,2018_15_SEA_SF
2018,15,TB,Dirk Koetter,2018_15_TB_BAL
2018,15,TEN,Mike Vrabel,2018_15_TEN_NYG
2018,15,WAS,Jay Gruden,2018_15_WAS_JAX
2018,16,ARI,Steve Wilks,2018_16_LA_ARI
2018,16,ATL,Dan Quinn,2018_16_ATL_CAR
2018,16,BAL,John Harbaugh,2018_16_BAL_LAC
2018,16,BUF,Sean McDermott,2018_16_BUF_NE
2018,16,CAR,Ron Rivera,2018_16_ATL_CAR
2018,16,CHI,Matt Nagy,2018_16_CHI_SF
2018,16,CIN,Marvin Lewis,2018_16_CIN_CLE
2018,16,CLE,Gregg Williams,2018_16_CIN_CLE
2018,16,DAL,Jason Garrett,2018_16_TB_DAL
2018,16,DEN,Vance Joseph,2018_16_DEN_OAK
2018,16,DET,Matt Patricia,2018_16_MIN_DET
2018,16,GB,Joe Philbin,2018_16_GB_NYJ
2018,16,HOU,Bill O'Brien,2018_16_HOU_PHI
2018,16,IND,Frank Reich,2018_16_NYG_IND
2018,16,JAX,Doug Marrone,2018_16_JAX_MIA
2018,16,KC,Andy Reid,2018_16_KC_SEA
2018,16,LA,Sean McVay,2018_16_LA_ARI
2018,16,LAC,Anthony Lynn,2018_16_BAL_LAC
2018,16,LV,Jon Gruden,2018_16_DEN_OAK
2018,16,MIA,Adam Gase,2018_16_JAX_MIA
2018,16,MIN,Mike Zimmer,2018_16_MIN_DET
2018,16,NE,Bill Belichick,2018_16_BUF_NE
2018,16,NO,Sean Payton,2018_16_PIT_NO
2018,16,NYG,Pat Shurmur,2018_16_NYG_IND
2018,16,NYJ,Todd Bowles,2018_16_GB_NYJ
2018,16,PHI,Doug Pederson,2018_16_HOU_PHI
2018,16,PIT,Mike Tomlin,2018_16_PIT_NO
2018,16,SEA,Pete Carroll,2018_16_KC_SEA
2018,16,SF,Kyle Shanahan,2018_16_CHI_SF
2018,16,TB,Dirk Koetter,2018_16_TB_DAL
2018,16,TEN,Mike Vrabel,2018_16_WAS_TEN
2018,16,WAS,Jay Gruden,2018_16_WAS_TEN
2018,17,ARI,Steve Wilks,2018_17_ARI_SEA
2018,17,ATL,Dan Quinn,2018_17_ATL_TB
2018,17,BAL,John Harbaugh,2018_17_CLE_BAL
2018,17,BUF,Sean McDermott,2018_17_MIA_BUF
2018,17,CAR,Ron Rivera,2018_17_CAR_NO
2018,17,CHI,Matt Nagy,2018_17_CHI_MIN
2018,17,CIN,Marvin Lewis,2018_17_CIN_PIT
2018,17,CLE,Gregg Williams,2018_17_CLE_BAL
2018,17,DAL,Jason Garrett,2018_17_DAL_NYG
2018,17,DEN,Vance Joseph,2018_17_LAC_DEN
2018,17,DET,Matt Patricia,2018_17_DET_GB
2018,17,GB,Joe Philbin,2018_17_DET_GB
2018,17,HOU,Bill O'Brien,2018_17_JAX_HOU
2018,17,IND,Frank Reich,2018_17_IND_TEN
2018,17,JAX,Doug Marrone,2018_17_JAX_HOU
2018,17,KC,Andy Reid,2018_17_OAK_KC
2018,17,LA,Sean McVay,2018_17_SF_LA
2018,17,LAC,Anthony Lynn,2018_17_LAC_DEN
2018,17,LV,Jon Gruden,2018_17_OAK_KC
2018,17,MIA,Adam Gase,2018_17_MIA_BUF
2018,17,MIN,Mike Zimmer,2018_17_CHI_MIN
2018,17,NE,Bill Belichick,2018_17_NYJ_NE
2018,17,NO,Sean Payton,2018_17_CAR_NO
2018,17,NYG,Pat Shurmur,2018_17_DAL_NYG
2018,17,NYJ,Todd Bowles,2018_17_NYJ_NE
2018,17,PHI,Doug Pederson,2018_17_PHI_WAS
2018,17,PIT,Mike Tomlin,2018_17_CIN_PIT
2018,17,SEA,Pete Carroll,2018_17_ARI_SEA
2018,17,SF,Kyle Shanahan,2018_17_SF_LA
2018,17,TB,Dirk Koetter,2018_17_ATL_TB
2018,17,TEN,Mike Vrabel,2018_17_IND_TEN
2018,17,WAS,Jay Gruden,2018_17_PHI_WAS
2019,1,ARI,Kliff Kingsbury,2019_01_DET_ARI
2019,1,ATL,Dan Quinn,2019_01_ATL_MIN
2019,1,BAL,John Harbaugh,2019_01_BAL_MIA
2019,1,BUF,Sean McDermott,2019_01_BUF_NYJ
2019,1,CAR,Ron Rivera,2019_01_LA_CAR
2019,1,CHI,Matt Nagy,2019_01_GB_CHI
2019,1,CIN,Zac Taylor,2019_01_CIN_SEA
2019,1,CLE,Freddie Kitchens,2019_01_TEN_CLE
2019,1,DAL,Jason Garrett,2019_01_NYG_DAL
2019,1,DEN,Vic Fangio,2019_01_DEN_OAK
2019,1,DET,Matt Patricia,2019_01_DET_ARI
2019,1,GB,Matt LaFleur,2019_01_GB_CHI
2019,1,HOU,Bill O'Brien,2019_01_HOU_NO
2019,1,IND,Frank Reich,2019_01_IND_LAC
2019,1,JAX,Doug Marrone,2019_01_KC_JAX
2019,1,KC,Andy Reid,2019_01_KC_JAX
2019,1,LA,Sean McVay,2019_01_LA_CAR
2019,1,LAC,Anthony Lynn,2019_01_IND_LAC
2019,1,LV,Jon Gruden,2019_01_DEN_OAK
2019,1,MIA,Brian Flores,2019_01_BAL_MIA
2019,1,MIN,Mike Zimmer,2019_01_ATL_MIN
2019,1,NE,Bill Belichick,2019_01_PIT_NE
2019,1,NO,Sean Payton,2019_01_HOU_NO
2019,1,NYG,Pat Shurmur,2019_01_NYG_DAL
2019,1,NYJ,Adam Gase,2019_01_BUF_NYJ
2019,1,PHI,Doug Pederson,2019_01_WAS_PHI
2019,1,PIT,Mike Tomlin,2019_01_PIT_NE
2019,1,SEA,Pete Carroll,2019_01_CIN_SEA
2019,1,SF,Kyle Shanahan,2019_01_SF_TB
2019,1,TB,Bruce Arians,2019_01_SF_TB
2019,1,TEN,Mike Vrabel,2019_01_TEN_CLE
2019,1,WAS,Jay Gruden,2019_01_WAS_PHI
2019,2,ARI,Kliff Kingsbury,2019_02_ARI_BAL
2019,2,ATL,Dan Quinn,2019_02_PHI_ATL
2019,2,BAL,John Harbaugh,2019_02_ARI_BAL
2019,2,BUF,Sean McDermott,2019_02_BUF_NYG
2019,2,CAR,Ron Rivera,2019_02_TB_CAR
2019,2,CHI,Matt Nagy,2019_02_CHI_DEN
2019,2,CIN,Zac Taylor,2019_02_SF_CIN
2019,2,CLE,Freddie Kitchens,2019_02_CLE_NYJ
2019,2,DAL,Jason Garrett,2019_02_DAL_WAS
2019,2,DEN,Vic Fangio,2019_02_CHI_DEN
2019,2,DET,Matt Patricia,2019_02_LAC_DET
2019,2,GB,Matt LaFleur,2019_02_MIN_GB
2019,2,HOU,Bill O'Brien,2019_02_JAX_HOU
2019,2,IND,Frank Reich,2019_02_IND_TEN
2019,2,JAX,Doug Marrone,2019_02_JAX_HOU
2019,2,KC,Andy Reid,2019_02_KC_OAK
2019,2,LA,Sean McVay,2019_02_NO_LA
2019,2,LAC,Anthony Lynn,2019_02_LAC_DET
2019,2,LV,Jon Gruden,2019_02_KC_OAK
2019,2,MIA,Brian Flores,2019_02_NE_MIA
2019,2,MIN,Mike Zimmer,2019_02_MIN_GB
2019,2,NE,Bill Belichick,2019_02_NE_MIA
2019,2,NO,Sean Payton,2019_02_NO_LA
2019,2,NYG,Pat Shurmur,2019_02_BUF_NYG
2019,2,NYJ,Adam Gase,2019_02_CLE_NYJ
2019,2,PHI,Doug Pederson,2019_02_PHI_ATL
2019,2,PIT,Mike Tomlin,2019_02_SEA_PIT
2019,2,SEA,Pete Carroll,2019_02_SEA_PIT
2019,2,SF,Kyle Shanahan,2019_02_SF_CIN
2019,2,TB,Bruce Arians,2019_02_TB_CAR
2019,2,TEN,Mike Vrabel,2019_02_IND_TEN
2019,2,WAS,Jay Gruden,2019_02_DAL_WAS
2019,3,ARI,Kliff Kingsbury,2019_03_CAR_ARI
2019,3,ATL,Dan Quinn,2019_03_ATL_IND
2019,3,BAL,John Harbaugh,2019_03_BAL_KC
2019,3,BUF,Sean McDermott,2019_03_CIN_BUF
2019,3,CAR,Ron Rivera,2019_03_CAR_ARI
2019,3,CHI,Matt Nagy,2019_03_CHI_WAS
2019,3,CIN,Zac Taylor,2019_03_CIN_BUF
2019,3,CLE,Freddie Kitchens,2019_03_LA_CLE
2019,3,DAL,Jason Garrett,2019_03_MIA_DAL
2019,3,DEN,Vic Fangio,2019_03_DEN_GB
2019,3,DET,Matt Patricia,2019_03_DET_PHI
2019,3,GB,Matt LaFleur,2019_03_DEN_GB
2019,3,HOU,Bill O'Brien,2019_03_HOU_LAC
2019,3,IND,Frank Reich,2019_03_ATL_IND
2019,3,JAX,Doug Marrone,2019_03_TEN_JAX
2019,3,KC,Andy Reid,2019_03_BAL_KC
2019,3,LA,Sean McVay,2019_03_LA_CLE
2019,3,LAC,Anthony Lynn,2019_03_HOU_LAC
2019,3,LV,Jon Gruden,2019_03_OAK_MIN
2019,3,MIA,Brian Flores,2019_03_MIA_DAL
2019,3,MIN,Mike Zimmer,2019_03_OAK_MIN
2019,3,NE,Bill Belichick,2019_03_NYJ_NE
2019,3,NO,Sean Payton,2019_03_NO_SEA
2019,3,NYG,Pat Shurmur,2019_03_NYG_TB
2019,3,NYJ,Adam Gase,2019_03_NYJ_NE
2019,3,PHI,Doug Pederson,2019_03_DET_PHI
2019,3,PIT,Mike Tomlin,2019_03_PIT_SF
2019,3,SEA,Pete Carroll,2019_03_NO_SEA
2019,3,SF,Kyle Shanahan,2019_03_PIT_SF
2019,3,TB,Bruce Arians,2019_03_NYG_TB
2019,3,TEN,Mike Vrabel,2019_03_TEN_JAX
2019,3,WAS,Jay Gruden,2019_03_CHI_WAS
2019,4,ARI,Kliff Kingsbury,2019_04_SEA_ARI
2019,4,ATL,Dan Quinn,2019_04_TEN_ATL
2019,4,BAL,John Harbaugh,2019_04_CLE_BAL
2019,4,BUF,Sean McDermott,2019_04_NE_BUF
2019,4,CAR,Ron Rivera,2019_04_CAR_HOU
2019,4,CHI,Matt Nagy,2019_04_MIN_CHI
2019,4,CIN,Zac Taylor,2019_04_CIN_PIT
2019,4,CLE,Freddie Kitchens,2019_04_CLE_BAL
2019,4,DAL,Jason Garrett,2019_04_DAL_NO
2019,4,DEN,Vic Fangio,2019_04_JAX_DEN
2019,4,DET,Matt Patricia,2019_04_KC_DET
2019,4,GB,Matt LaFleur,2019_04_PHI_GB
2019,4,HOU,Bill O'Brien,2019_04_CAR_HOU
2019,4,IND,Frank Reich,2019_04_OAK_IND
2019,4,JAX,Doug Marrone,2019_04_JAX_DEN
2019,4,KC,Andy Reid,2019_04_KC_DET
2019,4,LA,Sean McVay,2019_04_TB_LA
2019,4,LAC,Anthony Lynn,2019_04_LAC_MIA
2019,4,LV,Jon Gruden,2019_04_OAK_IND
2019,4,MIA,Brian Flores,2019_04_LAC_MIA
2019,4,MIN,Mike Zimmer,2019_04_MIN_CHI
2019,4,NE,Bill Belichick,2019_04_NE_BUF
2019,4,NO,Sean Payton,2019_04_DAL_NO
2019,4,NYG,Pat Shurmur,2019_04_WAS_NYG
2019,4,PHI,Doug Pederson,2019_04_PHI_GB
2019,4,PIT,Mike Tomlin,2019_04_CIN_PIT
2019,4,SEA,Pete Carroll,2019_04_SEA_ARI
2019,4,TB,Bruce Arians,2019_04_TB_LA
2019,4,TEN,Mike Vrabel,2019_04_TEN_ATL
2019,4,WAS,Jay Gruden,2019_04_WAS_NYG
2019,5,ARI,Kliff Kingsbury,2019_05_ARI_CIN
2019,5,ATL,Dan Quinn,2019_05_ATL_HOU
2019,5,BAL,John Harbaugh,2019_05_BAL_PIT
2019,5,BUF,Sean McDermott,2019_05_BUF_TEN
2019,5,CAR,Ron Rivera,2019_05_JAX_CAR
2019,5,CHI,Matt Nagy,2019_05_CHI_OAK
2019,5,CIN,Zac Taylor,2019_05_ARI_CIN
2019,5,CLE,Freddie Kitchens,2019_05_CLE_SF
2019,5,DAL,Jason Garrett,2019_05_GB_DAL
2019,5,DEN,Vic Fangio,2019_05_DEN_LAC
2019,5,GB,Matt LaFleur,2019_05_GB_DAL
2019,5,HOU,Bill O'Brien,2019_05_ATL_HOU
2019,5,IND,Frank Reich,2019_05_IND_KC
2019,5,JAX,Doug Marrone,2019_05_JAX_CAR
2019,5,KC,Andy Reid,2019_05_IND_KC
2019,5,LA,Sean McVay,2019_05_LA_SEA
2019,5,LAC,Anthony Lynn,2019_05_DEN_LAC
2019,5,LV,Jon Gruden,2019_05_CHI_OAK
2019,5,MIN,Mike Zimmer,2019_05_MIN_NYG
2019,5,NE,Bill Belichick,2019_05_NE_WAS
2019,5,NO,Sean Payton,2019_05_TB_NO
2019,5,NYG,Pat Shurmur,2019_05_MIN_NYG
2019,5,NYJ,Adam Gase,2019_05_NYJ_PHI
2019,5,PHI,Doug Pederson,2019_05_NYJ_PHI
2019,5,PIT,Mike Tomlin,2019_05_BAL_PIT
2019,5,SEA,Pete Carroll,2019_05_LA_SEA
2019,5,SF,Kyle Shanahan,2019_05_CLE_SF
2019,5,TB,Bruce Arians,2019_05_TB_NO
2019,5,TEN,Mike Vrabel,2019_05_BUF_TEN
2019,5,WAS,Jay Gruden,2019_05_NE_WAS
2019,6,ARI,Kliff Kingsbury,2019_06_ATL_ARI
2019,6,ATL,Dan Quinn,2019_06_ATL_ARI
2019,6,BAL,John Harbaugh,2019_06_CIN_BAL
2019,6,CAR,Ron Rivera,2019_06_CAR_TB
2019,6,CIN,Zac Taylor,2019_06_CIN_BAL
2019,6,CLE,Freddie Kitchens,2019_06_SEA_CLE
2019,6,DAL,Jason Garrett,2019_06_DAL_NYJ
2019,6,DEN,Vic Fangio,2019_06_TEN_DEN
2019,6,DET,Matt Patricia,2019_06_DET_GB
2019,6,GB,Matt LaFleur,2019_06_DET_GB
2019,6,HOU,Bill O'Brien,2019_06_HOU_KC
2019,6,JAX,Doug Marrone,2019_06_NO_JAX
2019,6,KC,Andy Reid,2019_06_HOU_KC
2019,6,LA,Sean McVay,2019_06_SF_LA
2019,6,LAC,Anthony Lynn,2019_06_PIT_LAC
2019,6,MIA,Brian Flores,2019_06_WAS_MIA
2019,6,MIN,Mike Zimmer,2019_06_PHI_MIN
2019,6,NE,Bill Belichick,2019_06_NYG_NE
2019,6,NO,Sean Payton,2019_06_NO_JAX
2019,6,NYG,Pat Shurmur,2019_06_NYG_NE
2019,6,NYJ,Adam Gase,2019_06_DAL_NYJ
2019,6,PHI,Doug Pederson,2019_06_PHI_MIN
2019,6,PIT,Mike Tomlin,2019_06_PIT_LAC
2019,6,SEA,Pete Carroll,2019_06_SEA_CLE
2019,6,SF,Kyle Shanahan,2019_06_SF_LA
2019,6,TB,Bruce Arians,2019_06_CAR_TB
2019,6,TEN,Mike Vrabel,2019_06_TEN_DEN
2019,6,WAS,Bill Callahan,2019_06_WAS_MIA
2019,7,ARI,Kliff Kingsbury,2019_07_ARI_NYG
2019,7,ATL,Dan Quinn,2019_07_LA_ATL
2019,7,BAL,John Harbaugh,2019_07_BAL_SEA
2019,7,BUF,Sean McDermott,2019_07_MIA_BUF
2019,7,CHI,Matt Nagy,2019_07_NO_CHI
2019,7,CIN,Zac Taylor,2019_07_JAX_CIN
2019,7,DAL,Jason Garrett,2019_07_PHI_DAL
2019,7,DEN,Vic Fangio,2019_07_KC_DEN
2019,7,DET,Matt Patricia,2019_07_MIN_DET
2019,7,GB,Matt LaFleur,2019_07_OAK_GB
2019,7,HOU,Bill O'Brien,2019_07_HOU_IND
2019,7,IND,Frank Reich,2019_07_HOU_IND
2019,7,JAX,Doug Marrone,2019_07_JAX_CIN
2019,7,KC,Andy Reid,2019_07_KC_DEN
2019,7,LA,Sean McVay,2019_07_LA_ATL
2019,7,LAC,Anthony Lynn,2019_07_LAC_TEN
2019,7,LV,Jon Gruden,2019_07_OAK_GB
2019,7,MIA,Brian Flores,2019_07_MIA_BUF
2019,7,MIN,Mike Zimmer,2019_07_MIN_DET
2019,7,NE,Bill Belichick,2019_07_NE_NYJ
2019,7,NO,Sean Payton,2019_07_NO_CHI
2019,7,NYG,Pat Shurmur,2019_07_ARI_NYG
2019,7,NYJ,Adam Gase,2019_07_NE_NYJ
2019,7,PHI,Doug Pederson,2019_07_PHI_DAL
2019,7,SEA,Pete Carroll,2019_07_BAL_SEA
2019,7,SF,Kyle Shanahan,2019_07_SF_WAS
2019,7,TEN,Mike Vrabel,2019_07_LAC_TEN
2019,7,WAS,Bill Callahan,2019_07_SF_WAS
2019,8,ARI,Kliff Kingsbury,2019_08_ARI_NO
2019,8,ATL,Dan Quinn,2019_08_SEA_ATL
2019,8,BUF,Sean McDermott,2019_08_PHI_BUF
2019,8,CAR,Ron Rivera,2019_08_CAR_SF
2019,8,CHI,Matt Nagy,2019_08_LAC_CHI
2019,8,CIN,Zac Taylor,2019_08_CIN_LA
2019,8,CLE,Freddie Kitchens,2019_08_CLE_NE
2019,8,DEN,Vic Fangio,2019_08_DEN_IND
2019,8,DET,Matt Patricia,2019_08_NYG_DET
2019,8,GB,Matt LaFleur,2019_08_GB_KC
2019,8,HOU,Bill O'Brien,2019_08_OAK_HOU
2019,8,IND,Frank Reich,2019_08_DEN_IND
2019,8,JAX,Doug Marrone,2019_08_NYJ_JAX
2019,8,KC,Andy Reid,2019_08_GB_KC
2019,8,LA,Sean McVay,2019_08_CIN_LA
2019,8,LAC,Anthony Lynn,2019_08_LAC_CHI
2019,8,LV,Jon Gruden,2019_08_OAK_HOU
2019,8,MIA,Brian Flores,2019_08_MIA_PIT
2019,8,MIN,Mike Zimmer,2019_08_WAS_MIN
2019,8,NE,Bill Belichick,2019_08_CLE_NE
2019,8,NO,Sean Payton,2019_08_ARI_NO
2019,8,NYG,Pat Shurmur,2019_08_NYG_DET
2019,8,NYJ,Adam Gase,2019_08_NYJ_JAX
2019,8,PHI,Doug Pederson,2019_08_PHI_BUF
2019,8,PIT,Mike Tomlin,2019_08_MIA_PIT
2019,8,SEA,Pete Carroll,2019_08_SEA_ATL
2019,8,SF,Kyle Shanahan,2019_08_CAR_SF
2019,8,TB,Bruce Arians,2019_08_TB_TEN
2019,8,TEN,Mike Vrabel,2019_08_TB_TEN
2019,8,WAS,Bill Callahan,2019_08_WAS_MIN
2019,9,ARI,Kliff Kingsbury,2019_09_SF_ARI
2019,9,BAL,John Harbaugh,2019_09_NE_BAL
2019,9,BUF,Sean McDermott,2019_09_WAS_BUF
2019,9,CAR,Ron Rivera,2019_09_TEN_CAR
2019,9,CHI,Matt Nagy,2019_09_CHI_PHI
2019,9,CLE,Freddie Kitchens,2019_09_CLE_DEN
2019,9,DAL,Jason Garrett,2019_09_DAL_NYG
2019,9,DEN,Vic Fangio,2019_09_CLE_DEN
2019,9,DET,Matt Patricia,2019_09_DET_OAK
2019,9,GB,Matt LaFleur,2019_09_GB_LAC
2019,9,HOU,Bill O'Brien,2019_09_HOU_JAX
2019,9,IND,Frank Reich,2019_09_IND_PIT
2019,9,JAX,Doug Marrone,2019_09_HOU_JAX
2019,9,KC,Andy Reid,2019_09_MIN_KC
2019,9,LAC,Anthony Lynn,2019_09_GB_LAC
2019,9,LV,Jon Gruden,2019_09_DET_OAK
2019,9,MIA,Brian Flores,2019_09_NYJ_MIA
2019,9,MIN,Mike Zimmer,2019_09_MIN_KC
2019,9,NE,Bill Belichick,2019_09_NE_BAL
2019,9,NYG,Pat Shurmur,2019_09_DAL_NYG
2019,9,NYJ,Adam Gase,2019_09_NYJ_MIA
2019,9,PHI,Doug Pederson,2019_09_CHI_PHI
2019,9,PIT,Mike Tomlin,2019_09_IND_PIT
2019,9,SEA,Pete Carroll,2019_09_TB_SEA
2019,9,SF,Kyle Shanahan,2019_09_SF_ARI
2019,9,TB,Bruce Arians,2019_09_TB_SEA
2019,9,TEN,Mike Vrabel,2019_09_TEN_CAR
2019,9,WAS,Bill Callahan,2019_09_WAS_BUF
2019,10,ARI,Kliff Kingsbury,2019_10_ARI_TB
2019,10,ATL,Dan Quinn,2019_10_ATL_NO
2019,10,BAL,John Harbaugh,2019_10_BAL_CIN
2019,10,BUF,Sean McDermott,2019_10_BUF_CLE
2019,10,CAR,Ron Rivera,2019_10_CAR_GB
2019,10,CHI,Matt Nagy,2019_10_DET_CHI
2019,10,CIN,Zac Taylor,2019_10_BAL_CIN
2019,10,CLE,Freddie Kitchens,2019_10_BUF_CLE
2019,10,DAL,Jason Garrett,2019_10_MIN_DAL
2019,10,DET,Matt Patricia,2019_10_DET_CHI
2019,10,GB,Matt LaFleur,2019_10_CAR_GB
2019,10,IND,Frank Reich,2019_10_MIA_IND
2019,10,KC,Andy Reid,2019_10_KC_TEN
2019,10,LA,Sean McVay,2019_10_LA_PIT
2019,10,LAC,Anthony Lynn,2019_10_LAC_OAK
2019,10,LV,Jon Gruden,2019_10_LAC_OAK
2019,10,MIA,Brian Flores,2019_10_MIA_IND
2019,10,MIN,Mike Zimmer,2019_10_MIN_DAL
2019,10,NO,Sean Payton,2019_10_ATL_NO
2019,10,NYG,Pat Shurmur,2019_10_NYG_NYJ
2019,10,NYJ,Adam Gase,2019_10_NYG_NYJ
2019,10,PIT,Mike Tomlin,2019_10_LA_PIT
2019,10,SEA,Pete Carroll,2019_10_SEA_SF
2019,10,SF,Kyle Shanahan,2019_10_SEA_SF
2019,10,TB,Bruce Arians,2019_10_ARI_TB
2019,10,TEN,Mike Vrabel,2019_10_KC_TEN
2019,11,ARI,Kliff Kingsbury,2019_11_ARI_SF
2019,11,ATL,Dan Quinn,2019_11_ATL_CAR
2019,11,BAL,John Harbaugh,2019_11_HOU_BAL
2019,11,BUF,Sean McDermott,2019_11_BUF_MIA
2019,11,CAR,Ron Rivera,2019_11_ATL_CAR
2019,11,CHI,Matt Nagy,2019_11_CHI_LA
2019,11,CIN,Zac Taylor,2019_11_CIN_OAK
2019,11,CLE,Freddie Kitchens,2019_11_PIT_CLE
2019,11,DAL,Jason Garrett,2019_11_DAL_DET
2019,11,DEN,Vic Fangio,2019_11_DEN_MIN
2019,11,DET,Matt Patricia,2019_11_DAL_DET
2019,11,HOU,Bill O'Brien,2019_11_HOU_BAL
2019,11,IND,Frank Reich,2019_11_JAX_IND
2019,11,JAX,Doug Marrone,2019_11_JAX_IND
2019,11,KC,Andy Reid,2019_11_KC_LAC
2019,11,LA,Sean McVay,2019_11_CHI_LA
2019,11,LAC,Anthony Lynn,2019_11_KC_LAC
2019,11,LV,Jon Gruden,2019_11_CIN_OAK
2019,11,MIA,Brian Flores,2019_11_BUF_MIA
2019,11,MIN,Mike Zimmer,2019_11_DEN_MIN
2019,11,NE,Bill Belichick,2019_11_NE_PHI
2019,11,NO,Sean Payton,2019_11_NO_TB
2019,11,NYJ,Adam Gase,2019_11_NYJ_WAS
2019,11,PHI,Doug Pederson,2019_11_NE_PHI
2019,11,PIT,Mike Tomlin,2019_11_PIT_CLE
2019,11,SF,Kyle Shanahan,2019_11_ARI_SF
2019,11,TB,Bruce Arians,2019_11_NO_TB
2019,11,WAS,Bill Callahan,2019_11_NYJ_WAS
2019,12,ATL,Dan Quinn,2019_12_TB_ATL
2019,12,BAL,John Harbaugh,2019_12_BAL_LA
2019,12,BUF,Sean McDermott,2019_12_DEN_BUF
2019,12,CAR,Ron Rivera,2019_12_CAR_NO
2019,12,CHI,Matt Nagy,2019_12_NYG_CHI
2019,12,CIN,Zac Taylor,2019_12_PIT_CIN
2019,12,CLE,Freddie Kitchens,2019_12_MIA_CLE
2019,12,DAL,Jason Garrett,2019_12_DAL_NE
2019,12,DEN,Vic Fangio,2019_12_DEN_BUF
2019,12,DET,Matt Patricia,2019_12_DET_WAS
2019,12,GB,Matt LaFleur,2019_12_GB_SF
2019,12,HOU,Bill O'Brien,2019_12_IND_HOU
2019,12,IND,Frank Reich,2019_12_IND_HOU
2019,12,JAX,Doug Marrone,2019_12_JAX_TEN
2019,12,LA,Sean McVay,2019_12_BAL_LA
2019,12,LV,Jon Gruden,2019_12_OAK_NYJ
2019,12,MIA,Brian Flores,2019_12_MIA_CLE
2019,12,NE,Bill Belichick,2019_12_DAL_NE
2019,12,NO,Sean Payton,2019_12_CAR_NO
2019,12,NYG,Pat Shurmur,2019_12_NYG_CHI
2019,12,NYJ,Adam Gase,2019_12_OAK_NYJ
2019,12,PHI,Doug Pederson,2019_12_SEA_PHI
2019,12,PIT,Mike Tomlin,2019_12_PIT_CIN
2019,12,SEA,Pete Carroll,2019_12_SEA_PHI
2019,12,SF,Kyle Shanahan,2019_12_GB_SF
2019,12,TB,Bruce Arians,2019_12_TB_ATL
2019,12,TEN,Mike Vrabel,2019_12_JAX_TEN
2019,12,WAS,Bill Callahan,2019_12_DET_WAS
2019,13,ARI,Kliff Kingsbury,2019_13_LA_ARI
2019,13,ATL,Dan Quinn,2019_13_NO_ATL
2019,13,BAL,John Harbaugh,2019_13_SF_BAL
2019,13,BUF,Sean McDermott,2019_13_BUF_DAL
2019,13,CAR,Ron Rivera,2019_13_WAS_CAR
2019,13,CHI,Matt Nagy,2019_13_CHI_DET
2019,13,CIN,Zac Taylor,2019_13_NYJ_CIN
2019,13,CLE,Freddie Kitchens,2019_13_CLE_PIT
2019,13,DAL,Jason Garrett,2019_13_BUF_DAL
2019,13,DEN,Vic Fangio,2019_13_LAC_DEN
2019,13,DET,Matt Patricia,2019_13_CHI_DET
2019,13,GB,Matt LaFleur,2019_13_GB_NYG
2019,13,HOU,Bill O'Brien,2019_13_NE_HOU
2019,13,IND,Frank Reich,2019_13_TEN_IND
2019,13,JAX,Doug Marrone,2019_13_TB_JAX
2019,13,KC,Andy Reid,2019_13_OAK_KC
2019,13,LA,Sean McVay,2019_13_LA_ARI
2019,13,LAC,Anthony Lynn,2019_13_LAC_DEN
2019,13,LV,Jon Gruden,2019_13_OAK_KC
2019,13,MIA,Brian Flores,2019_13_PHI_MIA
2019,13,MIN,Mike Zimmer,2019_13_MIN_SEA
2019,13,NE,Bill Belichick,2019_13_NE_HOU
2019,13,NO,Sean Payton,2019_13_NO_ATL
2019,13,NYG,Pat Shurmur,2019_13_GB_NYG
2019,13,NYJ,Adam Gase,2019_13_NYJ_CIN
2019,13,PHI,Doug Pederson,2019_13_PHI_MIA
2019,13,PIT,Mike Tomlin,2019_13_CLE_PIT
2019,13,SEA,Pete Carroll,2019_13_MIN_SEA
2019,13,SF,Kyle Shanahan,2019_13_SF_BAL
2019,13,TB,Bruce Arians,2019_13_TB_JAX
2019,13,TEN,Mike Vrabel,2019_13_TEN_IND
2019,13,WAS,Bill Callahan,2019_13_WAS_CAR
2019,14,ARI,Kliff Kingsbury,2019_14_PIT_ARI
2019,14,ATL,Dan Quinn,2019_14_CAR_ATL
2019,14,BAL,John Harbaugh,2019_14_BAL_BUF
2019,14,BUF,Sean McDermott,2019_14_BAL_BUF
2019,14,CAR,Ron Rivera,2019_14_CAR_ATL
2019,14,CHI,Matt Nagy,2019_14_DAL_CHI
2019,14,CIN,Zac Taylor,2019_14_CIN_CLE
2019,14,CLE,Freddie Kitchens,2019_14_CIN_CLE
2019,14,DAL,Jason Garrett,2019_14_DAL_CHI
2019,14,DEN,Vic Fangio,2019_14_DEN_HOU
2019,14,DET,Matt Patricia,2019_14_DET_MIN
2019,14,GB,Matt LaFleur,2019_14_WAS_GB
2019,14,HOU,Bill O'Brien,2019_14_DEN_HOU
2019,14,IND,Frank Reich,2019_14_IND_TB
2019,14,JAX,Doug Marrone,2019_14_LAC_JAX
2019,14,KC,Andy Reid,2019_14_KC_NE
2019,14,LA,Sean McVay,2019_14_SEA_LA
2019,14,LAC,Anthony Lynn,2019_14_LAC_JAX
2019,14,LV,Jon Gruden,2019_14_TEN_OAK
2019,14,MIA,Brian Flores,2019_14_MIA_NYJ
2019,14,MIN,Mike Zimmer,2019_14_DET_MIN
2019,14,NE,Bill Belichick,2019_14_KC_NE
2019,14,NO,Sean Payton,2019_14_SF_NO
2019,14,NYG,Pat Shurmur,2019_14_NYG_PHI
2019,14,NYJ,Adam Gase,2019_14_MIA_NYJ
2019,14,PHI,Doug Pederson,2019_14_NYG_PHI
2019,14,PIT,Mike Tomlin,2019_14_PIT_ARI
2019,14,SEA,Pete Carroll,2019_14_SEA_LA
2019,14,SF,Kyle Shanahan,2019_14_SF_NO
2019,14,TB,Bruce Arians,2019_14_IND_TB
2019,14,TEN,Mike Vrabel,2019_14_TEN_OAK
2019,14,WAS,Bill Callahan,2019_14_WAS_GB
2019,15,ARI,Kliff Kingsbury,2019_15_CLE_ARI
2019,15,ATL,Dan Quinn,2019_15_ATL_SF
2019,15,BAL,John Harbaugh,2019_15_NYJ_BAL
2019,15,BUF,Sean McDermott,2019_15_BUF_PIT
2019,15,CAR,Ron Rivera,2019_15_SEA_CAR
2019,15,CHI,Matt Nagy,2019_15_CHI_GB
2019,15,CIN,Zac Taylor,2019_15_NE_CIN
2019,15,CLE,Freddie Kitchens,2019_15_CLE_ARI
2019,15,DAL,Jason Garrett,2019_15_LA_DAL
2019,15,DEN,Vic Fangio,2019_15_DEN_KC
2019,15,DET,Matt Patricia,2019_15_TB_DET
2019,15,GB,Matt LaFleur,2019_15_CHI_GB
2019,15,HOU,Bill O'Brien,2019_15_HOU_TEN
2019,15,IND,Frank Reich,2019_15_IND_NO
2019,15,JAX,Doug Marrone,2019_15_JAX_OAK
2019,15,KC,Andy Reid,2019_15_DEN_KC
2019,15,LA,Sean McVay,2019_15_LA_DAL
2019,15,LAC,Anthony Lynn,2019_15_MIN_LAC
2019,15,LV,Jon Gruden,2019_15_JAX_OAK
2019,15,MIA,Brian Flores,2019_15_MIA_NYG
2019,15,MIN,Mike Zimmer,2019_15_MIN_LAC
2019,15,NE,Bill Belichick,2019_15_NE_CIN
2019,15,NO,Sean Payton,2019_15_IND_NO
2019,15,NYG,Pat Shurmur,2019_15_MIA_NYG
2019,15,NYJ,Adam Gase,2019_15_NYJ_BAL
2019,15,PHI,Doug Pederson,2019_15_PHI_WAS
2019,15,PIT,Mike Tomlin,2019_15_BUF_PIT
2019,15,SEA,Pete Carroll,2019_15_SEA_CAR
2019,15,SF,Kyle Shanahan,2019_15_ATL_SF
2019,15,TB,Bruce Arians,2019_15_TB_DET
2019,15,TEN,Mike Vrabel,2019_15_HOU_TEN
2019,15,WAS,Bill Callahan,2019_15_PHI_WAS
2019,16,ARI,Kliff Kingsbury,2019_16_ARI_SEA
2019,16,ATL,Dan Quinn,2019_16_JAX_ATL
2019,16,BAL,John Harbaugh,2019_16_BAL_CLE
2019,16,BUF,Sean McDermott,2019_16_BUF_NE
2019,16,CAR,Ron Rivera,2019_16_CAR_IND
2019,16,CHI,Matt Nagy,2019_16_KC_CHI
2019,16,CIN,Zac Taylor,2019_16_CIN_MIA
2019,16,CLE,Freddie Kitchens,2019_16_BAL_CLE
2019,16,DAL,Jason Garrett,2019_16_DAL_PHI
2019,16,DEN,Vic Fangio,2019_16_DET_DEN
2019,16,DET,Matt Patricia,2019_16_DET_DEN
2019,16,GB,Matt LaFleur,2019_16_GB_MIN
2019,16,HOU,Bill O'Brien,2019_16_HOU_TB
2019,16,IND,Frank Reich,2019_16_CAR_IND
2019,16,JAX,Doug Marrone,2019_16_JAX_ATL
2019,16,KC,Andy Reid,2019_16_KC_CHI
2019,16,LA,Sean McVay,2019_16_LA_SF
2019,16,LAC,Anthony Lynn,2019_16_OAK_LAC
2019,16,LV,Jon Gruden,2019_16_OAK_LAC
2019,16,MIA,Brian Flores,2019_16_CIN_MIA
2019,16,MIN,Mike Zimmer,2019_16_GB_MIN
2019,16,NE,Bill Belichick,2019_16_BUF_NE
2019,16,NO,Sean Payton,2019_16_NO_TEN
2019,16,NYG,Pat Shurmur,2019_16_NYG_WAS
2019,16,NYJ,Adam Gase,2019_16_PIT_NYJ
2019,16,PHI,Doug Pederson,2019_16_DAL_PHI
2019,16,PIT,Mike Tomlin,2019_16_PIT_NYJ
2019,16,SEA,Pete Carroll,2019_16_ARI_SEA
2019,16,SF,Kyle Shanahan,2019_16_LA_SF
2019,16,TB,Bruce Arians,2019_16_HOU_TB
2019,16,TEN,Mike Vrabel,2019_16_NO_TEN
2019,16,WAS,Bill Callahan,2019_16_NYG_WAS
2019,17,ARI,Kliff Kingsbury,2019_17_ARI_LA
2019,17,ATL,Dan Quinn,2019_17_ATL_TB
2019,17,BAL,John Harbaugh,2019_17_PIT_BAL
2019,17,BUF,Sean McDermott,2019_17_NYJ_BUF
2019,17,CAR,Ron Rivera,2019_17_NO_CAR
2019,17,CHI,Matt Nagy,2019_17_CHI_MIN
2019,17,CIN,Zac Taylor,2019_17_CLE_CIN
2019,17,CLE,Freddie Kitchens,2019_17_CLE_CIN
2019,17,DAL,Jason Garrett,2019_17_WAS_DAL
2019,17,DEN,Vic Fangio,2019_17_OAK_DEN
2019,17,DET,Matt Patricia,2019_17_GB_DET
2019,17,GB,Matt LaFleur,2019_17_GB_DET
2019,17,HOU,Bill O'Brien,2019_17_TEN_HOU
2019,17,IND,Frank Reich,2019_17_IND_JAX
2019,17,JAX,Doug Marrone,2019_17_IND_JAX
2019,17,KC,Andy Reid,2019_17_LAC_KC
2019,17,LA,Sean McVay,2019_17_ARI_LA
2019,17,LAC,Anthony Lynn,2019_17_LAC_KC
2019,17,LV,Jon Gruden,2019_17_OAK_DEN
2019,17,MIA,Brian Flores,2019_17_MIA_NE
2019,17,MIN,Mike Zimmer,2019_17_CHI_MIN
2019,17,NE,Bill Belichick,2019_17_MIA_NE
2019,17,NO,Sean Payton,2019_17_NO_CAR
2019,17,NYG,Pat Shurmur,2019_17_PHI_NYG
2019,17,NYJ,Adam Gase,2019_17_NYJ_BUF
2019,17,PHI,Doug Pederson,2019_17_PHI_NYG
2019,17,PIT,Mike Tomlin,2019_17_PIT_BAL
2019,17,SEA,Pete Carroll,2019_17_SF_SEA
2019,17,SF,Kyle Shanahan,2019_17_SF_SEA
2019,17,TB,Bruce Arians,2019_17_ATL_TB
2019,17,TEN,Mike Vrabel,2019_17_TEN_HOU
2019,17,WAS,Bill Callahan,2019_17_WAS_DAL
2020,1,ARI,Kliff Kingsbury,2020_01_ARI_SF
2020,1,ATL,Dan Quinn,2020_01_SEA_ATL
2020,1,BAL,John Harbaugh,2020_01_CLE_BAL
2020,1,BUF,Sean McDermott,2020_01_NYJ_BUF
2020,1,CAR,Matt Rhule,2020_01_LV_CAR
2020,1,CHI,Matt Nagy,2020_01_CHI_DET
2020,1,CIN,Zac Taylor,2020_01_LAC_CIN
2020,1,CLE,Kevin Stefanski,2020_01_CLE_BAL
2020,1,DAL,Mike McCarthy,2020_01_DAL_LA
2020,1,DEN,Vic Fangio,2020_01_TEN_DEN
2020,1,DET,Matt Patricia,2020_01_CHI_DET
2020,1,GB,Matt LaFleur,2020_01_GB_MIN
2020,1,HOU,Bill O'Brien,2020_01_HOU_KC
2020,1,IND,Frank Reich,2020_01_IND_JAX
2020,1,JAX,Doug Marrone,2020_01_IND_JAX
2020,1,KC,Andy Reid,2020_01_HOU_KC
2020,1,LA,Sean McVay,2020_01_DAL_LA
2020,1,LAC,Anthony Lynn,2020_01_LAC_CIN
2020,1,LV,Jon Gruden,2020_01_LV_CAR
2020,1,MIA,Brian Flores,2020_01_MIA_NE
2020,1,MIN,Mike Zimmer,2020_01_GB_MIN
2020,1,NE,Bill Belichick,2020_01_MIA_NE
2020,1,NO,Sean Payton,2020_01_TB_NO
2020,1,NYG,Joe Judge,2020_01_PIT_NYG
2020,1,NYJ,Adam Gase,2020_01_NYJ_BUF
2020,1,PHI,Doug Pederson,2020_01_PHI_WAS
2020,1,PIT,Mike Tomlin,2020_01_PIT_NYG
2020,1,SEA,Pete Carroll,2020_01_SEA_ATL
2020,1,SF,Kyle Shanahan,2020_01_ARI_SF
2020,1,TB,Bruce Arians,2020_01_TB_NO
2020,1,TEN,Mike Vrabel,2020_01_TEN_DEN
2020,1,WAS,Ron Rivera,2020_01_PHI_WAS
2020,2,ARI,Kliff Kingsbury,2020_02_WAS_ARI
2020,2,ATL,Dan Quinn,2020_02_ATL_DAL
2020,2,BAL,John Harbaugh,2020_02_BAL_HOU
2020,2,BUF,Sean McDermott,2020_02_BUF_MIA
2020,2,CAR,Matt Rhule,2020_02_CAR_TB
2020,2,CHI,Matt Nagy,2020_02_NYG_CHI
2020,2,CIN,Zac Taylor,2020_02_CIN_CLE
2020,2,CLE,Kevin Stefanski,2020_02_CIN_CLE
2020,2,DAL,Mike McCarthy,2020_02_ATL_DAL
2020,2,DEN,Vic Fangio,2020_02_DEN_PIT
2020,2,DET,Matt Patricia,2020_02_DET_GB
2020,2,GB,Matt LaFleur,2020_02_DET_GB
2020,2,HOU,Bill O'Brien,2020_02_BAL_HOU
2020,2,IND,Frank Reich,2020_02_MIN_IND
2020,2,JAX,Doug Marrone,2020_02_JAX_TEN
2020,2,KC,Andy Reid,2020_02_KC_LAC
2020,2,LA,Sean McVay,2020_02_LA_PHI
2020,2,LAC,Anthony Lynn,2020_02_KC_LAC
2020,2,LV,Jon Gruden,2020_02_NO_LV
2020,2,MIA,Brian Flores,2020_02_BUF_MIA
2020,2,MIN,Mike Zimmer,2020_02_MIN_IND
2020,2,NE,Bill Belichick,2020_02_NE_SEA
2020,2,NO,Sean Payton,2020_02_NO_LV
2020,2,NYG,Joe Judge,2020_02_NYG_CHI
2020,2,NYJ,Adam Gase,2020_02_SF_NYJ
2020,2,PHI,Doug Pederson,2020_02_LA_PHI
2020,2,PIT,Mike Tomlin,2020_02_DEN_PIT
2020,2,SEA,Pete Carroll,2020_02_NE_SEA
2020,2,SF,Kyle Shanahan,2020_02_SF_NYJ
2020,2,TB,Bruce Arians,2020_02_CAR_TB
2020,2,TEN,Mike Vrabel,2020_02_JAX_TEN
2020,2,WAS,Ron Rivera,2020_02_WAS_ARI
2020,3,ARI,Kliff Kingsbury,2020_03_DET_ARI
2020,3,ATL,Dan Quinn,2020_03_CHI_ATL
2020,3,BAL,John Harbaugh,2020_03_KC_BAL
2020,3,BUF,Sean McDermott,2020_03_LA_BUF
2020,3,CAR,Matt Rhule,2020_03_CAR_LAC
2020,3,CHI,Matt Nagy,2020_03_CHI_ATL
2020,3,CIN,Zac Taylor,2020_03_CIN_PHI
2020,3,CLE,Kevin Stefanski,2020_03_WAS_CLE
2020,3,DAL,Mike McCarthy,2020_03_DAL_SEA
2020,3,DEN,Vic Fangio,2020_03_TB_DEN
2020,3,DET,Matt Patricia,2020_03_DET_ARI
2020,3,GB,Matt LaFleur,2020_03_GB_NO
2020,3,HOU,Bill O'Brien,2020_03_HOU_PIT
2020,3,IND,Frank Reich,2020_03_NYJ_IND
2020,3,JAX,Doug Marrone,2020_03_MIA_JAX
2020,3,KC,Andy Reid,2020_03_KC_BAL
2020,3,LA,Sean McVay,2020_03_LA_BUF
2020,3,LAC,Anthony Lynn,2020_03_CAR_LAC
2020,3,LV,Jon Gruden,2020_03_LV_NE
2020,3,MIA,Brian Flores,2020_03_MIA_JAX
2020,3,MIN,Mike Zimmer,2020_03_TEN_MIN
2020,3,NE,Bill Belichick,2020_03_LV_NE
2020,3,NO,Sean Payton,2020_03_GB_NO
2020,3,NYG,Joe Judge,2020_03_SF_NYG
2020,3,NYJ,Adam Gase,2020_03_NYJ_IND
2020,3,PHI,Doug Pederson,2020_03_CIN_PHI
2020,3,PIT,Mike Tomlin,2020_03_HOU_PIT
2020,3,SEA,Pete Carroll,2020_03_DAL_SEA
2020,3,SF,Kyle Shanahan,2020_03_SF_NYG
2020,3,TB,Bruce Arians,2020_03_TB_DEN
2020,3,TEN,Mike Vrabel,2020_03_TEN_MIN
2020,3,WAS,Ron Rivera,2020_03_WAS_CLE
2020,4,ARI,Kliff Kingsbury,2020_04_ARI_CAR
2020,4,ATL,Dan Quinn,2020_04_ATL_GB
2020,4,BAL,John Harbaugh,2020_04_BAL_WAS
2020,4,BUF,Sean McDermott,2020_04_BUF_LV
2020,4,CAR,Matt Rhule,2020_04_ARI_CAR
2020,4,CHI,Matt Nagy,2020_04_IND_CHI
2020,4,CIN,Zac Taylor,2020_04_JAX_CIN
2020,4,CLE,Kevin Stefanski,2020_04_CLE_DAL
2020,4,DAL,Mike McCarthy,2020_04_CLE_DAL
2020,4,DEN,Vic Fangio,2020_04_DEN_NYJ
2020,4,DET,Matt Patricia,2020_04_NO_DET
2020,4,GB,Matt LaFleur,2020_04_ATL_GB
2020,4,HOU,Bill O'Brien,2020_04_MIN_HOU
2020,4,IND,Frank Reich,2020_04_IND_CHI
2020,4,JAX,Doug Marrone,2020_04_JAX_CIN
2020,4,KC,Andy Reid,2020_04_NE_KC
2020,4,LA,Sean McVay,2020_04_NYG_LA
2020,4,LAC,Anthony Lynn,2020_04_LAC_TB
2020,4,LV,Jon Gruden,2020_04_BUF_LV
2020,4,MIA,Brian Flores,2020_04_SEA_MIA
2020,4,MIN,Mike Zimmer,2020_04_MIN_HOU
2020,4,NE,Bill Belichick,2020_04_NE_KC
2020,4,NO,Sean Payton,2020_04_NO_DET
2020,4,NYG,Joe Judge,2020_04_NYG_LA
2020,4,NYJ,Adam Gase,2020_04_DEN_NYJ
2020,4,PHI,Doug Pederson,2020_04_PHI_SF
2020,4,SEA,Pete Carroll,2020_04_SEA_MIA
2020,4,SF,Kyle Shanahan,2020_04_PHI_SF
2020,4,TB,Bruce Arians,2020_04_LAC_TB
2020,4,WAS,Ron Rivera,2020_04_BAL_WAS
2020,5,ARI,Kliff Kingsbury,2020_05_ARI_NYJ
2020,5,ATL,Dan Quinn,2020_05_CAR_ATL
2020,5,BAL,John Harbaugh,2020_05_CIN_BAL
2020,5,BUF,Sean McDermott,2020_05_BUF_TEN
2020,5,CAR,Matt Rhule,2020_05_CAR_ATL
2020,5,CHI,Matt Nagy,2020_05_TB_CHI
2020,5,CIN,Zac Taylor,2020_05_CIN_BAL
2020,5,CLE,Kevin Stefanski,2020_05_IND_CLE
2020,5,DAL,Mike McCarthy,2020_05_NYG_DAL
2020,5,HOU,Romeo Crennel,2020_05_JAX_HOU
2020,5,IND,Frank Reich,2020_05_IND_CLE
2020,5,JAX,Doug Marrone,2020_05_JAX_HOU
2020,5,KC,Andy Reid,2020_05_LV_KC
2020,5,LA,Sean McVay,2020_05_LA_WAS
2020,5,LAC,Anthony Lynn,2020_05_LAC_NO
2020,5,LV,Jon Gruden,2020_05_LV_KC
2020,5,MIA,Brian Flores,2020_05_MIA_SF
2020,5,MIN,Mike Zimmer,2020_05_MIN_SEA
2020,5,NO,Sean Payton,2020_05_LAC_NO
2020,5,NYG,Joe Judge,2020_05_NYG_DAL
2020,5,NYJ,Adam Gase,2020_05_ARI_NYJ
2020,5,PHI,Doug Pederson,2020_05_PHI_PIT
2020,5,PIT,Mike Tomlin,2020_05_PHI_PIT
2020,5,SEA,Pete Carroll,2020_05_MIN_SEA
2020,5,SF,Kyle Shanahan,2020_05_MIA_SF
2020,5,TB,Bruce Arians,2020_05_TB_CHI
2020,5,TEN,Mike Vrabel,2020_05_BUF_TEN
2020,5,WAS,Ron Rivera,2020_05_LA_WAS
2020,6,ARI,Kliff Kingsbury,2020_06_ARI_DAL
2020,6,ATL,Raheem Morris,2020_06_ATL_MIN
2020,6,BAL,John Harbaugh,2020_06_BAL_PHI
2020,6,BUF,Sean McDermott,2020_06_KC_BUF
2020,6,CAR,Matt Rhule,2020_06_CHI_CAR
2020,6,CHI,Matt Nagy,2020_06_CHI_CAR
2020,6,CIN,Zac Taylor,2020_06_CIN_IND
2020,6,CLE,Kevin Stefanski,2020_06_CLE_PIT
2020,6,DAL,Mike McCarthy,2020_06_ARI_DAL
2020,6,DEN,Vic Fangio,2020_06_DEN_NE
2020,6,DET,Matt Patricia,2020_06_DET_JAX
2020,6,GB,Matt LaFleur,2020_06_GB_TB
2020,6,HOU,Romeo Crennel,2020_06_HOU_TEN
2020,6,IND,Frank Reich,2020_06_CIN_IND
2020,6,JAX,Doug Marrone,2020_06_DET_JAX
2020,6,KC,Andy Reid,2020_06_KC_BUF
2020,6,LA,Sean McVay,2020_06_LA_SF
2020,6,MIA,Brian Flores,2020_06_NYJ_MIA
2020,6,MIN,Mike Zimmer,2020_06_ATL_MIN
2020,6,NE,Bill Belichick,2020_06_DEN_NE
2020,6,NYG,Joe Judge,2020_06_WAS_NYG
2020,6,NYJ,Adam Gase,2020_06_NYJ_MIA
2020,6,PHI,Doug Pederson,2020_06_BAL_PHI
2020,6,PIT,Mike Tomlin,2020_06_CLE_PIT
2020,6,SF,Kyle Shanahan,2020_06_LA_SF
2020,6,TB,Bruce Arians,2020_06_GB_TB
2020,6,TEN,Mike Vrabel,2020_06_HOU_TEN
2020,6,WAS,Ron Rivera,2020_06_WAS_NYG
2020,7,ARI,Kliff Kingsbury,2020_07_SEA_ARI
2020,7,ATL,Raheem Morris,2020_07_DET_ATL
2020,7,BUF,Sean McDermott,2020_07_BUF_NYJ
2020,7,CAR,Matt Rhule,2020_07_CAR_NO
2020,7,CHI,Matt Nagy,2020_07_CHI_LA
2020,7,CIN,Zac Taylor,2020_07_CLE_CIN
2020,7,CLE,Kevin Stefanski,2020_07_CLE_CIN
2020,7,DAL,Mike McCarthy,2020_07_DAL_WAS
2020,7,DEN,Vic Fangio,2020_07_KC_DEN
2020,7,DET,Matt Patricia,2020_07_DET_ATL
2020,7,GB,Matt LaFleur,2020_07_GB_HOU
2020,7,HOU,Romeo Crennel,2020_07_GB_HOU
2020,7,JAX,Doug Marrone,2020_07_JAX_LAC
2020,7,KC,Andy Reid,2020_07_KC_DEN
2020,7,LA,Sean McVay,2020_07_CHI_LA
2020,7,LAC,Anthony Lynn,2020_07_JAX_LAC
2020,7,LV,Jon Gruden,2020_07_TB_LV
2020,7,NE,Bill Belichick,2020_07_SF_NE
2020,7,NO,Sean Payton,2020_07_CAR_NO
2020,7,NYG,Joe Judge,2020_07_NYG_PHI
2020,7,NYJ,Adam Gase,2020_07_BUF_NYJ
2020,7,PHI,Doug Pederson,2020_07_NYG_PHI
2020,7,PIT,Mike Tomlin,2020_07_PIT_TEN
2020,7,SEA,Pete Carroll,2020_07_SEA_ARI
2020,7,SF,Kyle Shanahan,2020_07_SF_NE
2020,7,TB,Bruce Arians,2020_07_TB_LV
2020,7,TEN,Mike Vrabel,2020_07_PIT_TEN
2020,7,WAS,Ron Rivera,2020_07_DAL_WAS
2020,8,ATL,Raheem Morris,2020_08_ATL_CAR
2020,8,BAL,John Harbaugh,2020_08_PIT_BAL
2020,8,BUF,Sean McDermott,2020_08_NE_BUF
2020,8,CAR,Matt Rhule,2020_08_ATL_CAR
2020,8,CHI,Matt Nagy,2020_08_NO_CHI
2020,8,CIN,Zac Taylor,2020_08_TEN_CIN
2020,8,CLE,Kevin Stefanski,2020_08_LV_CLE
2020,8,DAL,Mike McCarthy,2020_08_DAL_PHI
2020,8,DEN,Vic Fangio,2020_08_LAC_DEN
2020,8,DET,Matt Patricia,2020_08_IND_DET
2020,8,GB,Matt LaFleur,2020_08_MIN_GB
2020,8,IND,Frank Reich,2020_08_IND_DET
2020,8,KC,Andy Reid,2020_08_NYJ_KC
2020,8,LA,Sean McVay,2020_08_LA_MIA
2020,8,LAC,Anthony Lynn,2020_08_LAC_DEN
2020,8,LV,Jon Gruden,2020_08_LV_CLE
2020,8,MIA,Brian Flores,2020_08_LA_MIA
2020,8,MIN,Mike Zimmer,2020_08_MIN_GB
2020,8,NE,Bill Belichick,2020_08_NE_BUF
2020,8,NO,Sean Payton,2020_08_NO_CHI
2020,8,NYG,Joe Judge,2020_08_TB_NYG
2020,8,NYJ,Adam Gase,2020_08_NYJ_KC
2020,8,PHI,Doug Pederson,2020_08_DAL_PHI
2020,8,PIT,Mike Tomlin,2020_08_PIT_BAL
2020,8,SEA,Pete Carroll,2020_08_SF_SEA
2020,8,SF,Kyle Shanahan,2020_08_SF_SEA
2020,8,TB,Bruce Arians,2020_08_TB_NYG
2020,8,TEN,Mike Vrabel,2020_08_TEN_CIN
2020,9,ARI,Kliff Kingsbury,2020_09_MIA_ARI
2020,9,ATL,Raheem Morris,2020_09_DEN_ATL
2020,9,BAL,John Harbaugh,2020_09_BAL_IND
2020,9,BUF,Sean McDermott,2020_09_SEA_BUF
2020,9,CAR,Matt Rhule,2020_09_CAR_KC
2020,9,CHI,Matt Nagy,2020_09_CHI_TEN
2020,9,DAL,Mike McCarthy,2020_09_PIT_DAL
2020,9,DEN,Vic Fangio,2020_09_DEN_ATL
2020,9,DET,Matt Patricia,2020_09_DET_MIN
2020,9,GB,Matt LaFleur,2020_09_GB_SF
2020,9,HOU,Romeo Crennel,2020_09_HOU_JAX
2020,9,IND,Frank Reich,2020_09_BAL_IND
2020,9,JAX,Doug Marrone,2020_09_HOU_JAX
2020,9,KC,Andy Reid,2020_09_CAR_KC
2020,9,LAC,Anthony Lynn,2020_09_LV_LAC
2020,9,LV,Jon Gruden,2020_09_LV_LAC
2020,9,MIA,Brian Flores,2020_09_MIA_ARI
2020,9,MIN,Mike Zimmer,2020_09_DET_MIN
2020,9,NE,Bill Belichick,2020_09_NE_NYJ
2020,9,NO,Sean Payton,2020_09_NO_TB
2020,9,NYG,Joe Judge,2020_09_NYG_WAS
2020,9,NYJ,Adam Gase,2020_09_NE_NYJ
2020,9,PIT,Mike Tomlin,2020_09_PIT_DAL
2020,9,SEA,Pete Carroll,2020_09_SEA_BUF
2020,9,SF,Kyle Shanahan,2020_09_GB_SF
2020,9,TB,Bruce Arians,2020_09_NO_TB
2020,9,TEN,Mike Vrabel,2020_09_CHI_TEN
2020,9,WAS,Ron Rivera,2020_09_NYG_WAS
2020,10,ARI,Kliff Kingsbury,2020_10_BUF_ARI
2020,10,BAL,John Harbaugh,2020_10_BAL_NE
2020,10,BUF,Sean McDermott,2020_10_BUF_ARI
2020,10,CAR,Matt Rhule,2020_10_TB_CAR
2020,10,CHI,Matt Nagy,2020_10_MIN_CHI
2020,10,CIN,Zac Taylor,2020_10_CIN_PIT
2020,10,CLE,Kevin Stefanski,2020_10_HOU_CLE
2020,10,DEN,Vic Fangio,2020_10_DEN_LV
2020,10,DET,Matt Patricia,2020_10_WAS_DET
2020,10,GB,Matt LaFleur,2020_10_JAX_GB
2020,10,HOU,Romeo Crennel,2020_10_HOU_CLE
2020,10,IND,Frank Reich,2020_10_IND_TEN
2020,10,JAX,Doug Marrone,2020_10_JAX_GB
2020,10,LA,Sean McVay,2020_10_SEA_LA
2020,10,LAC,Anthony Lynn,2020_10_LAC_MIA
2020,10,LV,Jon Gruden,2020_10_DEN_LV
2020,10,MIA,Brian Flores,2020_10_LAC_MIA
2020,10,MIN,Mike Zimmer,2020_10_MIN_CHI
2020,10,NE,Bill Belichick,2020_10_BAL_NE
2020,10,NO,Sean Payton,2020_10_SF_NO
2020,10,NYG,Joe Judge,2020_10_PHI_NYG
2020,10,PHI,Doug Pederson,2020_10_PHI_NYG
2020,10,PIT,Mike Tomlin,2020_10_CIN_PIT
2020,10,SEA,Pete Carroll,2020_10_SEA_LA
2020,10,SF,Kyle Shanahan,2020_10_SF_NO
2020,10,TB,Bruce Arians,2020_10_TB_CAR
2020,10,TEN,Mike Vrabel,2020_10_IND_TEN
2020,10,WAS,Ron Rivera,2020_10_WAS_DET
2020,11,ARI,Kliff Kingsbury,2020_11_ARI_SEA
2020,11,ATL,Raheem Morris,2020_11_ATL_NO
2020,11,BAL,John Harbaugh,2020_11_TEN_BAL
2020,11,CAR,Matt Rhule,2020_11_DET_CAR
2020,11,CIN,Zac Taylor,2020_11_CIN_WAS
2020,11,CLE,Kevin Stefanski,2020_11_PHI_CLE
2020,11,DAL,Mike McCarthy,2020_11_DAL_MIN
2020,11,DEN,Vic Fangio,2020_11_MIA_DEN
2020,11,DET,Matt Patricia,2020_11_DET_CAR
2020,11,GB,Matt LaFleur,2020_11_GB_IND
2020,11,HOU,Romeo Crennel,2020_11_NE_HOU
2020,11,IND,Frank Reich,2020_11_GB_IND
2020,11,JAX,Doug Marrone,2020_11_PIT_JAX
2020,11,KC,Andy Reid,2020_11_KC_LV
2020,11,LA,Sean McVay,2020_11_LA_TB
2020,11,LAC,Anthony Lynn,2020_11_NYJ_LAC
2020,11,LV,Jon Gruden,2020_11_KC_LV
2020,11,MIA,Brian Flores,2020_11_MIA_DEN
2020,11,MIN,Mike Zimmer,2020_11_DAL_MIN
2020,11,NE,Bill Belichick,2020_11_NE_HOU
2020,11,NO,Sean Payton,2020_11_ATL_NO
2020,11,NYJ,Adam Gase,2020_11_NYJ_LAC
2020,11,PHI,Doug Pederson,2020_11_PHI_CLE
2020,11,PIT,Mike Tomlin,2020_11_PIT_JAX
2020,11,SEA,Pete Carroll,2020_11_ARI_SEA
2020,11,TB,Bruce Arians,2020_11_LA_TB
2020,11,TEN,Mike Vrabel,2020_11_TEN_BAL
2020,11,WAS,Ron Rivera,2020_11_CIN_WAS
2020,12,ARI,Kliff Kingsbury,2020_12_ARI_NE
2020,12,ATL,Raheem Morris,2020_12_LV_ATL
2020,12,BAL,John Harbaugh,2020_12_BAL_PIT
2020,12,BUF,Sean McDermott,2020_12_LAC_BUF
2020,12,CAR,Matt Rhule,2020_12_CAR_MIN
2020,12,CHI,Matt Nagy,2020_12_CHI_GB
2020,12,CIN,Zac Taylor,2020_12_NYG_CIN
2020,12,CLE,Kevin Stefanski,2020_12_CLE_JAX
2020,12,DAL,Mike McCarthy,2020_12_WAS_DAL
2020,12,DEN,Vic Fangio,2020_12_NO_DEN
2020,12,DET,Matt Patricia,2020_12_HOU_DET
2020,12,GB,Matt LaFleur,2020_12_CHI_GB
2020,12,HOU,Romeo Crennel,2020_12_HOU_DET
2020,12,IND,Frank Reich,2020_12_TEN_IND
2020,12,JAX,Doug Marrone,2020_12_CLE_JAX
2020,12,KC,Andy Reid,2020_12_KC_TB
2020,12,LA,Sean McVay,2020_12_SF_LA
2020,12,LAC,Anthony Lynn,2020_12_LAC_BUF
2020,12,LV,Jon Gruden,2020_12_LV_ATL
2020,12,MIA,Brian Flores,2020_12_MIA_NYJ
2020,12,MIN,Mike Zimmer,2020_12_CAR_MIN
2020,12,NE,Bill Belichick,2020_12_ARI_NE
2020,12,NO,Sean Payton,2020_12_NO_DEN
2020,12,NYG,Joe Judge,2020_12_NYG_CIN
2020,12,NYJ,Adam Gase,2020_12_MIA_NYJ
2020,12,PHI,Doug Pederson,2020_12_SEA_PHI
2020,12,PIT,Mike Tomlin,2020_12_BAL_PIT
2020,12,SEA,Pete Carroll,2020_12_SEA_PHI
2020,12,SF,Kyle Shanahan,2020_12_SF_LA
2020,12,TB,Bruce Arians,2020_12_KC_TB
2020,12,TEN,Mike Vrabel,2020_12_TEN_IND
2020,12,WAS,Ron Rivera,2020_12_WAS_DAL
2020,13,ARI,Kliff Kingsbury,2020_13_LA_ARI
2020,13,ATL,Raheem Morris,2020_13_NO_ATL
2020,13,BAL,John Harbaugh,2020_13_DAL_BAL
2020,13,BUF,Sean McDermott,2020_13_BUF_SF
2020,13,CHI,Matt Nagy,2020_13_DET_CHI
2020,13,CIN,Zac Taylor,2020_13_CIN_MIA
2020,13,CLE,Kevin Stefanski,2020_13_CLE_TEN
2020,13,DAL,Mike McCarthy,2020_13_DAL_BAL
2020,13,DEN,Vic Fangio,2020_13_DEN_KC
2020,13,DET,Darrell Bevell,2020_13_DET_CHI
2020,13,GB,Matt LaFleur,2020_13_PHI_GB
2020,13,HOU,Romeo Crennel,2020_13_IND_HOU
2020,13,IND,Frank Reich,2020_13_IND_HOU
2020,13,JAX,Doug Marrone,2020_13_JAX_MIN
2020,13,KC,Andy Reid,2020_13_DEN_KC
2020,13,LA,Sean McVay,2020_13_LA_ARI
2020,13,LAC,Anthony Lynn,2020_13_NE_LAC
2020,13,LV,Jon Gruden,2020_13_LV_NYJ
2020,13,MIA,Brian Flores,2020_13_CIN_MIA
2020,13,MIN,Mike Zimmer,2020_13_JAX_MIN
2020,13,NE,Bill Belichick,2020_13_NE_LAC
2020,13,NO,Sean Payton,2020_13_NO_ATL
2020,13,NYG,Joe Judge,2020_13_NYG_SEA
2020,13,NYJ,Adam Gase,2020_13_LV_NYJ
2020,13,PHI,Doug Pederson,2020_13_PHI_GB
2020,13,PIT,Mike Tomlin,2020_13_WAS_PIT
2020,13,SEA,Pete Carroll,2020_13_NYG_SEA
2020,13,SF,Kyle Shanahan,2020_13_BUF_SF
2020,13,TEN,Mike Vrabel,2020_13_CLE_TEN
2020,13,WAS,Ron Rivera,2020_13_WAS_PIT
2020,14,ARI,Kliff Kingsbury,2020_14_ARI_NYG
2020,14,ATL,Raheem Morris,2020_14_ATL_LAC
2020,14,BAL,John Harbaugh,2020_14_BAL_CLE
2020,14,BUF,Sean McDermott,2020_14_PIT_BUF
2020,14,CAR,Matt Rhule,2020_14_DEN_CAR
2020,14,CHI,Matt Nagy,2020_14_HOU_CHI
2020,14,CIN,Zac Taylor,2020_14_DAL_CIN
2020,14,CLE,Kevin Stefanski,2020_14_BAL_CLE
2020,14,DAL,Mike McCarthy,2020_14_DAL_CIN
2020,14,DEN,Vic Fangio,2020_14_DEN_CAR
2020,14,DET,Darrell Bevell,2020_14_GB_DET
2020,14,GB,Matt LaFleur,2020_14_GB_DET
2020,14,HOU,Romeo Crennel,2020_14_HOU_CHI
2020,14,IND,Frank Reich,2020_14_IND_LV
2020,14,JAX,Doug Marrone,2020_14_TEN_JAX
2020,14,KC,Andy Reid,2020_14_KC_MIA
2020,14,LA,Sean McVay,2020_14_NE_LA
2020,14,LAC,Anthony Lynn,2020_14_ATL_LAC
2020,14,LV,Jon Gruden,2020_14_IND_LV
2020,14,MIA,Brian Flores,2020_14_KC_MIA
2020,14,MIN,Mike Zimmer,2020_14_MIN_TB
2020,14,NE,Bill Belichick,2020_14_NE_LA
2020,14,NO,Sean Payton,2020_14_NO_PHI
2020,14,NYG,Joe Judge,2020_14_ARI_NYG
2020,14,NYJ,Adam Gase,2020_14_NYJ_SEA
2020,14,PHI,Doug Pederson,2020_14_NO_PHI
2020,14,PIT,Mike Tomlin,2020_14_PIT_BUF
2020,14,SEA,Pete Carroll,2020_14_NYJ_SEA
2020,14,SF,Kyle Shanahan,2020_14_WAS_SF
2020,14,TB,Bruce Arians,2020_14_MIN_TB
2020,14,TEN,Mike Vrabel,2020_14_TEN_JAX
2020,14,WAS,Ron Rivera,2020_14_WAS_SF
2020,15,ARI,Kliff Kingsbury,2020_15_PHI_ARI
2020,15,ATL,Raheem Morris,2020_15_TB_ATL
2020,15,BAL,John Harbaugh,2020_15_JAX_BAL
2020,15,BUF,Sean McDermott,2020_15_BUF_DEN
2020,15,CAR,Matt Rhule,2020_15_CAR_GB
2020,15,CHI,Matt Nagy,2020_15_CHI_MIN
2020,15,CIN,Zac Taylor,2020_15_PIT_CIN
2020,15,CLE,Kevin Stefanski,2020_15_CLE_NYG
2020,15,DAL,Mike McCarthy,2020_15_SF_DAL
2020,15,DEN,Vic Fangio,2020_15_BUF_DEN
2020,15,DET,Darrell Bevell,2020_15_DET_TEN
2020,15,GB,Matt LaFleur,2020_15_CAR_GB
2020,15,HOU,Romeo Crennel,2020_15_HOU_IND
2020,15,IND,Frank Reich,2020_15_HOU_IND
2020,15,JAX,Doug Marrone,2020_15_JAX_BAL
2020,15,KC,Andy Reid,2020_15_KC_NO
2020,15,LA,Sean McVay,2020_15_NYJ_LA
2020,15,LAC,Anthony Lynn,2020_15_LAC_LV
2020,15,LV,Jon Gruden,2020_15_LAC_LV
2020,15,MIA,Brian Flores,2020_15_NE_MIA
2020,15,MIN,Mike Zimmer,2020_15_CHI_MIN
2020,15,NE,Bill Belichick,2020_15_NE_MIA
2020,15,NO,Sean Payton,2020_15_KC_NO
2020,15,NYG,Joe Judge,2020_15_CLE_NYG
2020,15,NYJ,Adam Gase,2020_15_NYJ_LA
2020,15,PHI,Doug Pederson,2020_15_PHI_ARI
2020,15,PIT,Mike Tomlin,2020_15_PIT_CIN
2020,15,SEA,Pete Carroll,2020_15_SEA_WAS
2020,15,SF,Kyle Shanahan,2020_15_SF_DAL
2020,15,TB,Bruce Arians,2020_15_TB_ATL
2020,15,TEN,Mike Vrabel,2020_15_DET_TEN
2020,15,WAS,Ron Rivera,2020_15_SEA_WAS
2020,16,ARI,Kliff Kingsbury,2020_16_SF_ARI
2020,16,ATL,Raheem Morris,2020_16_ATL_KC
2020,16,BAL,John Harbaugh,2020_16_NYG_BAL
2020,16,BUF,Sean McDermott,2020_16_BUF_NE
2020,16,CAR,Matt Rhule,2020_16_CAR_WAS
2020,16,CHI,Matt Nagy,2020_16_CHI_JAX
2020,16,CIN,Zac Taylor,2020_16_CIN_HOU
2020,16,CLE,Kevin Stefanski,2020_16_CLE_NYJ
2020,16,DAL,Mike McCarthy,2020_16_PHI_DAL
2020,16,DEN,Vic Fangio,2020_16_DEN_LAC
2020,16,DET,Darrell Bevell,2020_16_TB_DET
2020,16,GB,Matt LaFleur,2020_16_TEN_GB
2020,16,HOU,Romeo Crennel,2020_16_CIN_HOU
2020,16,IND,Frank Reich,2020_16_IND_PIT
2020,16,JAX,Doug Marrone,2020_16_CHI_JAX
2020,16,KC,Andy Reid,2020_16_ATL_KC
2020,16,LA,Sean McVay,2020_16_LA_SEA
2020,16,LAC,Anthony Lynn,2020_16_DEN_LAC
2020,16,LV,Jon Gruden,2020_16_MIA_LV
2020,16,MIA,Brian Flores,2020_16_MIA_LV
2020,16,MIN,Mike Zimmer,2020_16_MIN_NO
2020,16,NE,Bill Belichick,2020_16_BUF_NE
2020,16,NO,Sean Payton,2020_16_MIN_NO
2020,16,NYG,Joe Judge,2020_16_NYG_BAL
2020,16,NYJ,Adam Gase,2020_16_CLE_NYJ
2020,16,PHI,Doug Pederson,2020_16_PHI_DAL
2020,16,PIT,Mike Tomlin,2020_16_IND_PIT
2020,16,SEA,Pete Carroll,2020_16_LA_SEA
2020,16,SF,Kyle Shanahan,2020_16_SF_ARI
2020,16,TB,Bruce Arians,2020_16_TB_DET
2020,16,TEN,Mike Vrabel,2020_16_TEN_GB
2020,16,WAS,Ron Rivera,2020_16_CAR_WAS
2020,17,ARI,Kliff Kingsbury,2020_17_ARI_LA
2020,17,ATL,Raheem Morris,2020_17_ATL_TB
2020,17,BAL,John Harbaugh,2020_17_BAL_CIN
2020,17,BUF,Sean McDermott,2020_17_MIA_BUF
2020,17,CAR,Matt Rhule,2020_17_NO_CAR
2020,17,CHI,Matt Nagy,2020_17_GB_CHI
2020,17,CIN,Zac Taylor,2020_17_BAL_CIN
2020,17,CLE,Kevin Stefanski,2020_17_PIT_CLE
2020,17,DAL,Mike McCarthy,2020_17_DAL_NYG
2020,17,DEN,Vic Fangio,2020_17_LV_DEN
2020,17,DET,Darrell Bevell,2020_17_MIN_DET
2020,17,GB,Matt LaFleur,2020_17_GB_CHI
2020,17,HOU,Romeo Crennel,2020_17_TEN_HOU
2020,17,IND,Frank Reich,2020_17_JAX_IND
2020,17,JAX,Doug Marrone,2020_17_JAX_IND
2020,17,KC,Andy Reid,2020_17_LAC_KC
2020,17,LA,Sean McVay,2020_17_ARI_LA
2020,17,LAC,Anthony Lynn,2020_17_LAC_KC
2020,17,LV,Jon Gruden,2020_17_LV_DEN
2020,17,MIA,Brian Flores,2020_17_MIA_BUF
2020,17,MIN,Mike Zimmer,2020_17_MIN_DET
2020,17,NE,Bill Belichick,2020_17_NYJ_NE
2020,17,NO,Sean Payton,2020_17_NO_CAR
2020,17,NYG,Joe Judge,2020_17_DAL_NYG
2020,17,NYJ,Adam Gase,2020_17_NYJ_NE
2020,17,PHI,Doug Pederson,2020_17_WAS_PHI
2020,17,PIT,Mike Tomlin,2020_17_PIT_CLE
2020,17,SEA,Pete Carroll,2020_17_SEA_SF
2020,17,SF,Kyle Shanahan,2020_17_SEA_SF
2020,17,TB,Bruce Arians,2020_17_ATL_TB
2020,17,TEN,Mike Vrabel,2020_17_TEN_HOU
2020,17,WAS,Ron Rivera,2020_17_WAS_PHI
2021,1,ARI,Kliff Kingsbury,2021_01_ARI_TEN
2021,1,ATL,Arthur Smith,2021_01_PHI_ATL
2021,1,BAL,John Harbaugh,2021_01_BAL_LV
2021,1,BUF,Sean McDermott,2021_01_PIT_BUF
2021,1,CAR,Matt Rhule,2021_01_NYJ_CAR
2021,1,CHI,Matt Nagy,2021_01_CHI_LA
2021,1,CIN,Zac Taylor,2021_01_MIN_CIN
2021,1,CLE,Kevin Stefanski,2021_01_CLE_KC
2021,1,DAL,Mike McCarthy,2021_01_DAL_TB
2021,1,DEN,Vic Fangio,2021_01_DEN_NYG
2021,1,DET,Dan Campbell,2021_01_SF_DET
2021,1,GB,Matt LaFleur,2021_01_GB_NO
2021,1,HOU,David Culley,2021_01_JAX_HOU
2021,1,IND,Frank Reich,2021_01_SEA_IND
2021,1,JAX,Urban Meyer,2021_01_JAX_HOU
2021,1,KC,Andy Reid,2021_01_CLE_KC
2021,1,LA,Sean McVay,2021_01_CHI_LA
2021,1,LAC,Brandon Staley,2021_01_LAC_WAS
2021,1,LV,Jon Gruden,2021_01_BAL_LV
2021,1,MIA,Brian Flores,2021_01_MIA_NE
2021,1,MIN,Mike Zimmer,2021_01_MIN_CIN
2021,1,NE,Bill Belichick,2021_01_MIA_NE
2021,1,NO,Sean Payton,2021_01_GB_NO
2021,1,NYG,Joe Judge,2021_01_DEN_NYG
2021,1,NYJ,Robert Saleh,2021_01_NYJ_CAR
2021,1,PHI,Nick Sirianni,2021_01_PHI_ATL
2021,1,PIT,Mike Tomlin,2021_01_PIT_BUF
2021,1,SEA,Pete Carroll,2021_01_SEA_IND
2021,1,SF,Kyle Shanahan,2021_01_SF_DET
2021,1,TB,Bruce Arians,2021_01_DAL_TB
2021,1,TEN,Mike Vrabel,2021_01_ARI_TEN
2021,1,WAS,Ron Rivera,2021_01_LAC_WAS
2021,2,ARI,Kliff Kingsbury,2021_02_MIN_ARI
2021,2,ATL,Arthur Smith,2021_02_ATL_TB
2021,2,BAL,John Harbaugh,2021_02_KC_BAL
2021,2,BUF,Sean McDermott,2021_02_BUF_MIA
2021,2,CAR,Matt Rhule,2021_02_NO_CAR
2021,2,CHI,Matt Nagy,2021_02_CIN_CHI
2021,2,CIN,Zac Taylor,2021_02_CIN_CHI
2021,2,CLE,Kevin Stefanski,2021_02_HOU_CLE
2021,2,DAL,Mike McCarthy,2021_02_DAL_LAC
2021,2,DEN,Vic Fangio,2021_02_DEN_JAX
2021,2,DET,Dan Campbell,2021_02_DET_GB
2021,2,GB,Matt LaFleur,2021_02_DET_GB
2021,2,HOU,David Culley,2021_02_HOU_CLE
2021,2,IND,Frank Reich,2021_02_LA_IND
2021,2,JAX,Urban Meyer,2021_02_DEN_JAX
2021,2,KC,Andy Reid,2021_02_KC_BAL
2021,2,LA,Sean McVay,2021_02_LA_IND
2021,2,LAC,Brandon Staley,2021_02_DAL_LAC
2021,2,LV,Jon Gruden,2021_02_LV_PIT
2021,2,MIA,Brian Flores,2021_02_BUF_MIA
2021,2,MIN,Mike Zimmer,2021_02_MIN_ARI
2021,2,NE,Bill Belichick,2021_02_NE_NYJ
2021,2,NO,Sean Payton,2021_02_NO_CAR
2021,2,NYG,Joe Judge,2021_02_NYG_WAS
2021,2,NYJ,Robert Saleh,2021_02_NE_NYJ
2021,2,PHI,Nick Sirianni,2021_02_SF_PHI
2021,2,PIT,Mike Tomlin,2021_02_LV_PIT
2021,2,SEA,Pete Carroll,2021_02_TEN_SEA
2021,2,SF,Kyle Shanahan,2021_02_SF_PHI
2021,2,TB,Bruce Arians,2021_02_ATL_TB
2021,2,TEN,Mike Vrabel,2021_02_TEN_SEA
2021,2,WAS,Ron Rivera,2021_02_NYG_WAS
2021,3,ARI,Kliff Kingsbury,2021_03_ARI_JAX
2021,3,ATL,Arthur Smith,2021_03_ATL_NYG
2021,3,BAL,John Harbaugh,2021_03_BAL_DET
2021,3,BUF,Sean McDermott,2021_03_WAS_BUF
2021,3,CAR,Matt Rhule,2021_03_CAR_HOU
2021,3,CHI,Matt Nagy,2021_03_CHI_CLE
2021,3,CIN,Zac Taylor,2021_03_CIN_PIT
2021,3,CLE,Kevin Stefanski,2021_03_CHI_CLE
2021,3,DAL,Mike McCarthy,2021_03_PHI_DAL
2021,3,DEN,Vic Fangio,2021_03_NYJ_DEN
2021,3,DET,Dan Campbell,2021_03_BAL_DET
2021,3,GB,Matt LaFleur,2021_03_GB_SF
2021,3,HOU,David Culley,2021_03_CAR_HOU
2021,3,IND,Frank Reich,2021_03_IND_TEN
2021,3,JAX,Urban Meyer,2021_03_ARI_JAX
2021,3,KC,Andy Reid,2021_03_LAC_KC
2021,3,LA,Sean McVay,2021_03_TB_LA
2021,3,LAC,Brandon Staley,2021_03_LAC_KC
2021,3,LV,Jon Gruden,2021_03_MIA_LV
2021,3,MIA,Brian Flores,2021_03_MIA_LV
2021,3,MIN,Mike Zimmer,2021_03_SEA_MIN
2021,3,NE,Bill Belichick,2021_03_NO_NE
2021,3,NO,Sean Payton,2021_03_NO_NE
2021,3,NYG,Joe Judge,2021_03_ATL_NYG
2021,3,NYJ,Robert Saleh,2021_03_NYJ_DEN
2021,3,PHI,Nick Sirianni,2021_03_PHI_DAL
2021,3,PIT,Mike Tomlin,2021_03_CIN_PIT
2021,3,SEA,Pete Carroll,2021_03_SEA_MIN
2021,3,SF,Kyle Shanahan,2021_03_GB_SF
2021,3,TB,Bruce Arians,2021_03_TB_LA
2021,3,TEN,Mike Vrabel,2021_03_IND_TEN
2021,3,WAS,Ron Rivera,2021_03_WAS_BUF
2021,4,ARI,Kliff Kingsbury,2021_04_ARI_LA
2021,4,ATL,Arthur Smith,2021_04_WAS_ATL
2021,4,BAL,John Harbaugh,2021_04_BAL_DEN
2021,4,BUF,Sean McDermott,2021_04_HOU_BUF
2021,4,CAR,Matt Rhule,2021_04_CAR_DAL
2021,4,CHI,Matt Nagy,2021_04_DET_CHI
2021,4,CIN,Zac Taylor,2021_04_JAX_CIN
2021,4,CLE,Kevin Stefanski,2021_04_CLE_MIN
2021,4,DAL,Mike McCarthy,2021_04_CAR_DAL
2021,4,DEN,Vic Fangio,2021_04_BAL_DEN
2021,4,DET,Dan Campbell,2021_04_DET_CHI
2021,4,GB,Matt LaFleur,2021_04_PIT_GB
2021,4,HOU,David Culley,2021_04_HOU_BUF
2021,4,IND,Frank Reich,2021_04_IND_MIA
2021,4,JAX,Urban Meyer,2021_04_JAX_CIN
2021,4,KC,Andy Reid,2021_04_KC_PHI
2021,4,LA,Sean McVay,2021_04_ARI_LA
2021,4,LAC,Brandon Staley,2021_04_LV_LAC
2021,4,LV,Jon Gruden,2021_04_LV_LAC
2021,4,MIA,Brian Flores,2021_04_IND_MIA
2021,4,MIN,Mike Zimmer,2021_04_CLE_MIN
2021,4,NE,Bill Belichick,2021_04_TB_NE
2021,4,NO,Sean Payton,2021_04_NYG_NO
2021,4,NYG,Joe Judge,2021_04_NYG_NO
2021,4,NYJ,Robert Saleh,2021_04_TEN_NYJ
2021,4,PHI,Nick Sirianni,2021_04_KC_PHI
2021,4,PIT,Mike Tomlin,2021_04_PIT_GB
2021,4,SEA,Pete Carroll,2021_04_SEA_SF
2021,4,SF,Kyle Shanahan,2021_04_SEA_SF
2021,4,TB,Bruce Arians,2021_04_TB_NE
2021,4,TEN,Mike Vrabel,2021_04_TEN_NYJ
2021,4,WAS,Ron Rivera,2021_04_WAS_ATL
2021,5,ARI,Kliff Kingsbury,2021_05_SF_ARI
2021,5,ATL,Arthur Smith,2021_05_NYJ_ATL
2021,5,BAL,John Harbaugh,2021_05_IND_BAL
2021,5,BUF,Sean McDermott,2021_05_BUF_KC
2021,5,CAR,Matt Rhule,2021_05_PHI_CAR
2021,5,CHI,Matt Nagy,2021_05_CHI_LV
2021,5,CIN,Zac Taylor,2021_05_GB_CIN
2021,5,CLE,Kevin Stefanski,2021_05_CLE_LAC
2021,5,DAL,Mike McCarthy,2021_05_NYG_DAL
2021,5,DEN,Vic Fangio,2021_05_DEN_PIT
2021,5,DET,Dan Campbell,2021_05_DET_MIN
2021,5,GB,Matt LaFleur,2021_05_GB_CIN
2021,5,HOU,David Culley,2021_05_NE_HOU
2021,5,IND,Frank Reich,2021_05_IND_BAL
2021,5,JAX,Urban Meyer,2021_05_TEN_JAX
2021,5,KC,Andy Reid,2021_05_BUF_KC
2021,5,LA,Sean McVay,2021_05_LA_SEA
2021,5,LAC,Brandon Staley,2021_05_CLE_LAC
2021,5,LV,Jon Gruden,2021_05_CHI_LV
2021,5,MIA,Brian Flores,2021_05_MIA_TB
2021,5,MIN,Mike Zimmer,2021_05_DET_MIN
2021,5,NE,Bill Belichick,2021_05_NE_HOU
2021,5,NO,Sean Payton,2021_05_NO_WAS
2021,5,NYG,Joe Judge,2021_05_NYG_DAL
2021,5,NYJ,Robert Saleh,2021_05_NYJ_ATL
2021,5,PHI,Nick Sirianni,2021_05_PHI_CAR
2021,5,PIT,Mike Tomlin,2021_05_DEN_PIT
2021,5,SEA,Pete Carroll,2021_05_LA_SEA
2021,5,SF,Kyle Shanahan,2021_05_SF_ARI
2021,5,TB,Bruce Arians,2021_05_MIA_TB
2021,5,TEN,Mike Vrabel,2021_05_TEN_JAX
2021,5,WAS,Ron Rivera,2021_05_NO_WAS
2021,6,ARI,Kliff Kingsbury,2021_06_ARI_CLE
2021,6,BAL,John Harbaugh,2021_06_LAC_BAL
2021,6,BUF,Sean McDermott,2021_06_BUF_TEN
2021,6,CAR,Matt Rhule,2021_06_MIN_CAR
2021,6,CHI,Matt Nagy,2021_06_GB_CHI
2021,6,CIN,Zac Taylor,2021_06_CIN_DET
2021,6,CLE,Kevin Stefanski,2021_06_ARI_CLE
2021,6,DAL,Mike McCarthy,2021_06_DAL_NE
2021,6,DEN,Vic Fangio,2021_06_LV_DEN
2021,6,DET,Dan Campbell,2021_06_CIN_DET
2021,6,GB,Matt LaFleur,2021_06_GB_CHI
2021,6,HOU,David Culley,2021_06_HOU_IND
2021,6,IND,Frank Reich,2021_06_HOU_IND
2021,6,JAX,Urban Meyer,2021_06_MIA_JAX
2021,6,KC,Andy Reid,2021_06_KC_WAS
2021,6,LA,Sean McVay,2021_06_LA_NYG
2021,6,LAC,Brandon Staley,2021_06_LAC_BAL
2021,6,LV,Rich Bisaccia,2021_06_LV_DEN
2021,6,MIA,Brian Flores,2021_06_MIA_JAX
2021,6,MIN,Mike Zimmer,2021_06_MIN_CAR
2021,6,NE,Bill Belichick,2021_06_DAL_NE
2021,6,NYG,Joe Judge,2021_06_LA_NYG
2021,6,PHI,Nick Sirianni,2021_06_TB_PHI
2021,6,PIT,Mike Tomlin,2021_06_SEA_PIT
2021,6,SEA,Pete Carroll,2021_06_SEA_PIT
2021,6,TB,Bruce Arians,2021_06_TB_PHI
2021,6,TEN,Mike Vrabel,2021_06_BUF_TEN
2021,6,WAS,Ron Rivera,2021_06_KC_WAS
2021,7,ARI,Kliff Kingsbury,2021_07_HOU_ARI
2021,7,ATL,Arthur Smith,2021_07_ATL_MIA
2021,7,BAL,John Harbaugh,2021_07_CIN_BAL
2021,7,CAR,Matt Rhule,2021_07_CAR_NYG
2021,7,CHI,Matt Nagy,2021_07_CHI_TB
2021,7,CIN,Zac Taylor,2021_07_CIN_BAL
2021,7,CLE,Kevin Stefanski,2021_07_DEN_CLE
2021,7,DEN,Vic Fangio,2021_07_DEN_CLE
2021,7,DET,Dan Campbell,2021_07_DET_LA
2021,7,GB,Matt LaFleur,2021_07_WAS_GB
2021,7,HOU,David Culley,2021_07_HOU_ARI
2021,7,IND,Frank Reich,2021_07_IND_SF
2021,7,KC,Andy Reid,2021_07_KC_TEN
2021,7,LA,Sean McVay,2021_07_DET_LA
2021,7,LV,Rich Bisaccia,2021_07_PHI_LV
2021,7,MIA,Brian Flores,2021_07_ATL_MIA
2021,7,NE,Bill Belichick,2021_07_NYJ_NE
2021,7,NO,Sean Payton,2021_07_NO_SEA
2021,7,NYG,Joe Judge,2021_07_CAR_NYG
2021,7,NYJ,Robert Saleh,2021_07_NYJ_NE
2021,7,PHI,Nick Sirianni,2021_07_PHI_LV
2021,7,SEA,Pete Carroll,2021_07_NO_SEA
2021,7,SF,Kyle Shanahan,2021_07_IND_SF
2021,7,TB,Bruce Arians,2021_07_CHI_TB
2021,7,TEN,Mike Vrabel,2021_07_KC_TEN
2021,7,WAS,Ron Rivera,2021_07_WAS_GB
2021,8,ARI,Kliff Kingsbury,2021_08_GB_ARI
2021,8,ATL,Arthur Smith,2021_08_CAR_ATL
2021,8,BUF,Sean McDermott,2021_08_MIA_BUF
2021,8,CAR,Matt Rhule,2021_08_CAR_ATL
2021,8,CHI,Matt Nagy,2021_08_SF_CHI
2021,8,CIN,Zac Taylor,2021_08_CIN_NYJ
2021,8,CLE,Kevin Stefanski,2021_08_PIT_CLE
2021,8,DAL,Mike McCarthy,2021_08_DAL_MIN
2021,8,DEN,Vic Fangio,2021_08_WAS_DEN
2021,8,DET,Dan Campbell,2021_08_PHI_DET
2021,8,GB,Matt LaFleur,2021_08_GB_ARI
2021,8,HOU,David Culley,2021_08_LA_HOU
2021,8,IND,Frank Reich,2021_08_TEN_IND
2021,8,JAX,Urban Meyer,2021_08_JAX_SEA
2021,8,KC,Andy Reid,2021_08_NYG_KC
2021,8,LA,Sean McVay,2021_08_LA_HOU
2021,8,LAC,Brandon Staley,2021_08_NE_LAC
2021,8,MIA,Brian Flores,2021_08_MIA_BUF
2021,8,MIN,Mike Zimmer,2021_08_DAL_MIN
2021,8,NE,Bill Belichick,2021_08_NE_LAC
2021,8,NO,Sean Payton,2021_08_TB_NO
2021,8,NYG,Joe Judge,2021_08_NYG_KC
2021,8,NYJ,Robert Saleh,2021_08_CIN_NYJ
2021,8,PHI,Nick Sirianni,2021_08_PHI_DET
2021,8,PIT,Mike Tomlin,2021_08_PIT_CLE
2021,8,SEA,Pete Carroll,2021_08_JAX_SEA
2021,8,SF,Kyle Shanahan,2021_08_SF_CHI
2021,8,TB,Bruce Arians,2021_08_TB_NO
2021,8,TEN,Mike Vrabel,2021_08_TEN_IND
2021,8,WAS,Ron Rivera,2021_08_WAS_DEN
2021,9,ARI,Kliff Kingsbury,2021_09_ARI_SF
2021,9,ATL,Arthur Smith,2021_09_ATL_NO
2021,9,BAL,John Harbaugh,2021_09_MIN_BAL
2021,9,BUF,Sean McDermott,2021_09_BUF_JAX
2021,9,CAR,Matt Rhule,2021_09_NE_CAR
2021,9,CHI,Matt Nagy,2021_09_CHI_PIT
2021,9,CIN,Zac Taylor,2021_09_CLE_CIN
2021,9,CLE,Kevin Stefanski,2021_09_CLE_CIN
2021,9,DAL,Mike McCarthy,2021_09_DEN_DAL
2021,9,DEN,Vic Fangio,2021_09_DEN_DAL
2021,9,GB,Matt LaFleur,2021_09_GB_KC
2021,9,HOU,David Culley,2021_09_HOU_MIA
2021,9,IND,Frank Reich,2021_09_NYJ_IND
2021,9,JAX,Urban Meyer,2021_09_BUF_JAX
2021,9,KC,Andy Reid,2021_09_GB_KC
2021,9,LA,Sean McVay,2021_09_TEN_LA
2021,9,LAC,Brandon Staley,2021_09_LAC_PHI
2021,9,LV,Rich Bisaccia,2021_09_LV_NYG
2021,9,MIA,Brian Flores,2021_09_HOU_MIA
2021,9,MIN,Mike Zimmer,2021_09_MIN_BAL
2021,9,NE,Bill Belichick,2021_09_NE_CAR
2021,9,NO,Sean Payton,2021_09_ATL_NO
2021,9,NYG,Joe Judge,2021_09_LV_NYG
2021,9,NYJ,Robert Saleh,2021_09_NYJ_IND
2021,9,PHI,Nick Sirianni,2021_09_LAC_PHI
2021,9,PIT,Mike Tomlin,2021_09_CHI_PIT
2021,9,SF,Kyle Shanahan,2021_09_ARI_SF
2021,9,TEN,Mike Vrabel,2021_09_TEN_LA
2021,10,ARI,Kliff Kingsbury,2021_10_CAR_ARI
2021,10,ATL,Arthur Smith,2021_10_ATL_DAL
2021,10,BAL,John Harbaugh,2021_10_BAL_MIA
2021,10,BUF,Sean McDermott,2021_10_BUF_NYJ
2021,10,CAR,Matt Rhule,2021_10_CAR_ARI
2021,10,CLE,Kevin Stefanski,2021_10_CLE_NE
2021,10,DAL,Mike McCarthy,2021_10_ATL_DAL
2021,10,DEN,Vic Fangio,2021_10_PHI_DEN
2021,10,DET,Dan Campbell,2021_10_DET_PIT
2021,10,GB,Matt LaFleur,2021_10_SEA_GB
2021,10,IND,Frank Reich,2021_10_JAX_IND
2021,10,JAX,Urban Meyer,2021_10_JAX_IND
2021,10,KC,Andy Reid,2021_10_KC_LV
2021,10,LA,Sean McVay,2021_10_LA_SF
2021,10,LAC,Brandon Staley,2021_10_MIN_LAC
2021,10,LV,Rich Bisaccia,2021_10_KC_LV
2021,10,MIA,Brian Flores,2021_10_BAL_MIA
2021,10,MIN,Mike Zimmer,2021_10_MIN_LAC
2021,10,NE,Bill Belichick,2021_10_CLE_NE
2021,10,NO,Sean Payton,2021_10_NO_TEN
2021,10,NYJ,Robert Saleh,2021_10_BUF_NYJ
2021,10,PHI,Nick Sirianni,2021_10_PHI_DEN
2021,10,PIT,Mike Tomlin,2021_10_DET_PIT
2021,10,SEA,Pete Carroll,2021_10_SEA_GB
2021,10,SF,Kyle Shanahan,2021_10_LA_SF
2021,10,TB,Bruce Arians,2021_10_TB_WAS
2021,10,TEN,Mike Vrabel,2021_10_NO_TEN
2021,10,WAS,Ron Rivera,2021_10_TB_WAS
2021,11,ARI,Kliff Kingsbury,2021_11_ARI_SEA
2021,11,ATL,Arthur Smith,2021_11_NE_ATL
2021,11,BAL,John Harbaugh,2021_11_BAL_CHI
2021,11,BUF,Sean McDermott,2021_11_IND_BUF
2021,11,CAR,Matt Rhule,2021_11_WAS_CAR
2021,11,CHI,Matt Nagy,2021_11_BAL_CHI
2021,11,CIN,Zac Taylor,2021_11_CIN_LV
2021,11,CLE,Kevin Stefanski,2021_11_DET_CLE
2021,11,DAL,Mike McCarthy,2021_11_DAL_KC
2021,11,DET,Dan Campbell,2021_11_DET_CLE
2021,11,GB,Matt LaFleur,2021_11_GB_MIN
2021,11,HOU,David Culley,2021_11_HOU_TEN
2021,11,IND,Frank Reich,2021_11_IND_BUF
2021,11,JAX,Urban Meyer,2021_11_SF_JAX
2021,11,KC,Andy Reid,2021_11_DAL_KC
2021,11,LAC,Brandon Staley,2021_11_PIT_LAC
2021,11,LV,Rich Bisaccia,2021_11_CIN_LV
2021,11,MIA,Brian Flores,2021_11_MIA_NYJ
2021,11,MIN,Mike Zimmer,2021_11_GB_MIN
2021,11,NE,Bill Belichick,2021_11_NE_ATL
2021,11,NO,Sean Payton,2021_11_NO_PHI
2021,11,NYG,Joe Judge,2021_11_NYG_TB
2021,11,NYJ,Robert Saleh,2021_11_MIA_NYJ
2021,11,PHI,Nick Sirianni,2021_11_NO_PHI
2021,11,PIT,Mike Tomlin,2021_11_PIT_LAC
2021,11,SEA,Pete Carroll,2021_11_ARI_SEA
2021,11,SF,Kyle Shanahan,2021_11_SF_JAX
2021,11,TB,Bruce Arians,2021_11_NYG_TB
2021,11,TEN,Mike Vrabel,2021_11_HOU_TEN
2021,11,WAS,Ron Rivera,2021_11_WAS_CAR
2021,12,ATL,Arthur Smith,2021_12_ATL_JAX
2021,12,BAL,John Harbaugh,2021_12_CLE_BAL
2021,12,BUF,Sean McDermott,2021_12_BUF_NO
2021,12,CAR,Matt Rhule,2021_12_CAR_MIA
2021,12,CHI,Matt Nagy,2021_12_CHI_DET
2021,12,CIN,Zac Taylor,2021_12_PIT_CIN
2021,12,CLE,Kevin Stefanski,2021_12_CLE_BAL
2021,12,DAL,Mike McCarthy,2021_12_LV_DAL
2021,12,DEN,Vic Fangio,2021_12_LAC_DEN
2021,12,DET,Dan Campbell,2021_12_CHI_DET
2021,12,GB,Matt LaFleur,2021_12_LA_GB
2021,12,HOU,David Culley,2021_12_NYJ_HOU
2021,12,IND,Frank Reich,2021_12_TB_IND
2021,12,JAX,Urban Meyer,2021_12_ATL_JAX
2021,12,LA,Sean McVay,2021_12_LA_GB
2021,12,LAC,Brandon Staley,2021_12_LAC_DEN
2021,12,LV,Rich Bisaccia,2021_12_LV_DAL
2021,12,MIA,Brian Flores,2021_12_CAR_MIA
2021,12,MIN,Mike Zimmer,2021_12_MIN_SF
2021,12,NE,Bill Belichick,2021_12_TEN_NE
2021,12,NO,Sean Payton,2021_12_BUF_NO
2021,12,NYG,Joe Judge,2021_12_PHI_NYG
2021,12,NYJ,Robert Saleh,2021_12_NYJ_HOU
2021,12,PHI,Nick Sirianni,2021_12_PHI_NYG
2021,12,PIT,Mike Tomlin,2021_12_PIT_CIN
2021,12,SEA,Pete Carroll,2021_12_SEA_WAS
2021,12,SF,Kyle Shanahan,2021_12_MIN_SF
2021,12,TB,Bruce Arians,2021_12_TB_IND
2021,12,TEN,Mike Vrabel,2021_12_TEN_NE
2021,12,WAS,Ron Rivera,2021_12_SEA_WAS
2021,13,ARI,Kliff Kingsbury,2021_13_ARI_CHI
2021,13,ATL,Arthur Smith,2021_13_TB_ATL
2021,13,BAL,John Harbaugh,2021_13_BAL_PIT
2021,13,BUF,Sean McDermott,2021_13_NE_BUF
2021,13,CHI,Matt Nagy,2021_13_ARI_CHI
2021,13,CIN,Zac Taylor,2021_13_LAC_CIN
2021,13,DAL,Mike McCarthy,2021_13_DAL_NO
2021,13,DEN,Vic Fangio,2021_13_DEN_KC
2021,13,DET,Dan Campbell,2021_13_MIN_DET
2021,13,HOU,David Culley,2021_13_IND_HOU
2021,13,IND,Frank Reich,2021_13_IND_HOU
2021,13,JAX,Urban Meyer,2021_13_JAX_LA
2021,13,KC,Andy Reid,2021_13_DEN_KC
2021,13,LA,Sean McVay,2021_13_JAX_LA
2021,13,LAC,Brandon Staley,2021_13_LAC_CIN
2021,13,LV,Rich Bisaccia,2021_13_WAS_LV
2021,13,MIA,Brian Flores,2021_13_NYG_MIA
2021,13,MIN,Mike Zimmer,2021_13_MIN_DET
2021,13,NE,Bill Belichick,2021_13_NE_BUF
2021,13,NO,Sean Payton,2021_13_DAL_NO
2021,13,NYG,Joe Judge,2021_13_NYG_MIA
2021,13,NYJ,Robert Saleh,2021_13_PHI_NYJ
2021,13,PHI,Nick Sirianni,2021_13_PHI_NYJ
2021,13,PIT,Mike Tomlin,2021_13_BAL_PIT
2021,13,SEA,Pete Carroll,2021_13_SF_SEA
2021,13,SF,Kyle Shanahan,2021_13_SF_SEA
2021,13,TB,Bruce Arians,2021_13_TB_ATL
2021,13,WAS,Ron Rivera,2021_13_WAS_LV
2021,14,ARI,Kliff Kingsbury,2021_14_LA_ARI
2021,14,ATL,Arthur Smith,2021_14_ATL_CAR
2021,14,BAL,John Harbaugh,2021_14_BAL_CLE
2021,14,BUF,Sean McDermott,2021_14_BUF_TB
2021,14,CAR,Matt Rhule,2021_14_ATL_CAR
2021,14,CHI,Matt Nagy,2021_14_CHI_GB
2021,14,CIN,Zac Taylor,2021_14_SF_CIN
2021,14,CLE,Kevin Stefanski,2021_14_BAL_CLE
2021,14,DAL,Mike McCarthy,2021_14_DAL_WAS
2021,14,DEN,Vic Fangio,2021_14_DET_DEN
2021,14,DET,Dan Campbell,2021_14_DET_DEN
2021,14,GB,Matt LaFleur,2021_14_CHI_GB
2021,14,HOU,David Culley,2021_14_SEA_HOU
2021,14,JAX,Urban Meyer,2021_14_JAX_TEN
2021,14,KC,Andy Reid,2021_14_LV_KC
2021,14,LA,Sean McVay,2021_14_LA_ARI
2021,14,LAC,Brandon Staley,2021_14_NYG_LAC
2021,14,LV,Rich Bisaccia,2021_14_LV_KC
2021,14,MIN,Mike Zimmer,2021_14_PIT_MIN
2021,14,NO,Sean Payton,2021_14_NO_NYJ
2021,14,NYG,Joe Judge,2021_14_NYG_LAC
2021,14,NYJ,Robert Saleh,2021_14_NO_NYJ
2021,14,PIT,Mike Tomlin,2021_14_PIT_MIN
2021,14,SEA,Pete Carroll,2021_14_SEA_HOU
2021,14,SF,Kyle Shanahan,2021_14_SF_CIN
2021,14,TB,Bruce Arians,2021_14_BUF_TB
2021,14,TEN,Mike Vrabel,2021_14_JAX_TEN
2021,14,WAS,Ron Rivera,2021_14_DAL_WAS
2021,15,ARI,Kliff Kingsbury,2021_15_ARI_DET
2021,15,ATL,Arthur Smith,2021_15_ATL_SF
2021,15,BAL,John Harbaugh,2021_15_GB_BAL
2021,15,BUF,Sean McDermott,2021_15_CAR_BUF
2021,15,CAR,Matt Rhule,2021_15_CAR_BUF
2021,15,CHI,Matt Nagy,2021_15_MIN_CHI
2021,15,CIN,Zac Taylor,2021_15_CIN_DEN
2021,15,CLE,Kevin Stefanski,2021_15_LV_CLE
2021,15,DAL,Mike McCarthy,2021_15_DAL_NYG
2021,15,DEN,Vic Fangio,2021_15_CIN_DEN
2021,15,DET,Dan Campbell,2021_15_ARI_DET
2021,15,GB,Matt LaFleur,2021_15_GB_BAL
2021,15,HOU,David Culley,2021_15_HOU_JAX
2021,15,IND,Frank Reich,2021_15_NE_IND
2021,15,JAX,Darrell Bevell,2021_15_HOU_JAX
2021,15,KC,Andy Reid,2021_15_KC_LAC
2021,15,LA,Sean McVay,2021_15_SEA_LA
2021,15,LAC,Brandon Staley,2021_15_KC_LAC
2021,15,LV,Rich Bisaccia,2021_15_LV_CLE
2021,15,MIA,Brian Flores,2021_15_NYJ_MIA
2021,15,MIN,Mike Zimmer,2021_15_MIN_CHI
2021,15,NE,Bill Belichick,2021_15_NE_IND
2021,15,NO,Sean Payton,2021_15_NO_TB
2021,15,NYG,Joe Judge,2021_15_DAL_NYG
2021,15,NYJ,Robert Saleh,2021_15_NYJ_MIA
2021,15,PHI,Nick Sirianni,2021_15_WAS_PHI
2021,15,PIT,Mike Tomlin,2021_15_TEN_PIT
2021,15,SEA,Pete Carroll,2021_15_SEA_LA
2021,15,SF,Kyle Shanahan,2021_15_ATL_SF
2021,15,TB,Bruce Arians,2021_15_NO_TB
2021,15,TEN,Mike Vrabel,2021_15_TEN_PIT
2021,15,WAS,Ron Rivera,2021_15_WAS_PHI
2021,16,ARI,Kliff Kingsbury,2021_16_IND_ARI
2021,16,ATL,Arthur Smith,2021_16_DET_ATL
2021,16,BAL,John Harbaugh,2021_16_BAL_CIN
2021,16,BUF,Sean McDermott,2021_16_BUF_NE
2021,16,CAR,Matt Rhule,2021_16_TB_CAR
2021,16,CHI,Matt Nagy,2021_16_CHI_SEA
2021,16,CIN,Zac Taylor,2021_16_BAL_CIN
2021,16,CLE,Kevin Stefanski,2021_16_CLE_GB
2021,16,DAL,Mike McCarthy,2021_16_WAS_DAL
2021,16,DEN,Vic Fangio,2021_16_DEN_LV
2021,16,DET,Dan Campbell,2021_16_DET_ATL
2021,16,GB,Matt LaFleur,2021_16_CLE_GB
2021,16,HOU,David Culley,2021_16_LAC_HOU
2021,16,IND,Frank Reich,2021_16_IND_ARI
2021,16,JAX,Darrell Bevell,2021_16_JAX_NYJ
2021,16,KC,Andy Reid,2021_16_PIT_KC
2021,16,LA,Sean McVay,2021_16_LA_MIN
2021,16,LAC,Brandon Staley,2021_16_LAC_HOU
2021,16,LV,Rich Bisaccia,2021_16_DEN_LV
2021,16,MIA,Brian Flores,2021_16_MIA_NO
2021,16,MIN,Mike Zimmer,2021_16_LA_MIN
2021,16,NE,Bill Belichick,2021_16_BUF_NE
2021,16,NO,Sean Payton,2021_16_MIA_NO
2021,16,NYG,Joe Judge,2021_16_NYG_PHI
2021,16,NYJ,Robert Saleh,2021_16_JAX_NYJ
2021,16,PHI,Nick Sirianni,2021_16_NYG_PHI
2021,16,PIT,Mike Tomlin,2021_16_PIT_KC
2021,16,SEA,Pete Carroll,2021_16_CHI_SEA
2021,16,SF,Kyle Shanahan,2021_16_SF_TEN
2021,16,TB,Bruce Arians,2021_16_TB_CAR
2021,16,TEN,Mike Vrabel,2021_16_SF_TEN
2021,16,WAS,Ron Rivera,2021_16_WAS_DAL
2021,17,ARI,Kliff Kingsbury,2021_17_ARI_DAL
2021,17,ATL,Arthur Smith,2021_17_ATL_BUF
2021,17,BAL,John Harbaugh,2021_17_LA_BAL
2021,17,BUF,Sean McDermott,2021_17_ATL_BUF
2021,17,CAR,Matt Rhule,2021_17_CAR_NO
2021,17,CHI,Matt Nagy,2021_17_NYG_CHI
2021,17,CIN,Zac Taylor,2021_17_KC_CIN
2021,17,CLE,Kevin Stefanski,2021_17_CLE_PIT
2021,17,DAL,Mike McCarthy,2021_17_ARI_DAL
2021,17,DEN,Vic Fangio,2021_17_DEN_LAC
2021,17,DET,Dan Campbell,2021_17_DET_SEA
2021,17,GB,Matt LaFleur,2021_17_MIN_GB
2021,17,HOU,David Culley,2021_17_HOU_SF
2021,17,IND,Frank Reich,2021_17_LV_IND
2021,17,JAX,Darrell Bevell,2021_17_JAX_NE
2021,17,KC,Andy Reid,2021_17_KC_CIN
2021,17,LA,Sean McVay,2021_17_LA_BAL
2021,17,LAC,Brandon Staley,2021_17_DEN_LAC
2021,17,LV,Rich Bisaccia,2021_17_LV_IND
2021,17,MIA,Brian Flores,2021_17_MIA_TEN
2021,17,MIN,Mike Zimmer,2021_17_MIN_GB
2021,17,NE,Bill Belichick,2021_17_JAX_NE
2021,17,NO,Sean Payton,2021_17_CAR_NO
2021,17,NYG,Joe Judge,2021_17_NYG_CHI
2021,17,NYJ,Robert Saleh,2021_17_TB_NYJ
2021,17,PHI,Nick Sirianni,2021_17_PHI_WAS
2021,17,PIT,Mike Tomlin,2021_17_CLE_PIT
2021,17,SEA,Pete Carroll,2021_17_DET_SEA
2021,17,SF,Kyle Shanahan,2021_17_HOU_SF
2021,17,TB,Bruce Arians,2021_17_TB_NYJ
2021,17,TEN,Mike Vrabel,2021_17_MIA_TEN
2021,17,WAS,Ron Rivera,2021_17_PHI_WAS
2021,18,ARI,Kliff Kingsbury,2021_18_SEA_ARI
2021,18,ATL,Arthur Smith,2021_18_NO_ATL
2021,18,BAL,John Harbaugh,2021_18_PIT_BAL
2021,18,BUF,Sean McDermott,2021_18_NYJ_BUF
2021,18,CAR,Matt Rhule,2021_18_CAR_TB
2021,18,CHI,Matt Nagy,2021_18_CHI_MIN
2021,18,CIN,Zac Taylor,2021_18_CIN_CLE
2021,18,CLE,Kevin Stefanski,2021_18_CIN_CLE
2021,18,DAL,Mike McCarthy,2021_18_DAL_PHI
2021,18,DEN,Vic Fangio,2021_18_KC_DEN
2021,18,DET,Dan Campbell,2021_18_GB_DET
2021,18,GB,Matt LaFleur,2021_18_GB_DET
2021,18,HOU,David Culley,2021_18_TEN_HOU
2021,18,IND,Frank Reich,2021_18_IND_JAX
2021,18,JAX,Darrell Bevell,2021_18_IND_JAX
2021,18,KC,Andy Reid,2021_18_KC_DEN
2021,18,LA,Sean McVay,2021_18_SF_LA
2021,18,LAC,Brandon Staley,2021_18_LAC_LV
2021,18,LV,Rich Bisaccia,2021_18_LAC_LV
2021,18,MIA,Brian Flores,2021_18_NE_MIA
2021,18,MIN,Mike Zimmer,2021_18_CHI_MIN
2021,18,NE,Bill Belichick,2021_18_NE_MIA
2021,18,NO,Sean Payton,2021_18_NO_ATL
2021,18,NYG,Joe Judge,2021_18_WAS_NYG
2021,18,NYJ,Robert Saleh,2021_18_NYJ_BUF
2021,18,PHI,Nick Sirianni,2021_18_DAL_PHI
2021,18,PIT,Mike Tomlin,2021_18_PIT_BAL
2021,18,SEA,Pete Carroll,2021_18_SEA_ARI
2021,18,SF,Kyle Shanahan,2021_18_SF_LA
2021,18,TB,Bruce Arians,2021_18_CAR_TB
2021,18,TEN,Mike Vrabel,2021_18_TEN_HOU
2021,18,WAS,Ron Rivera,2021_18_WAS_NYG
2022,1,ARI,Kliff Kingsbury,2022_01_KC_ARI
2022,1,ATL,Arthur Smith,2022_01_NO_ATL
2022,1,BAL,John Harbaugh,2022_01_BAL_NYJ
2022,1,BUF,Sean McDermott,2022_01_BUF_LA
2022,1,CAR,Matt Rhule,2022_01_CLE_CAR
2022,1,CHI,Matt Eberflus,2022_01_SF_CHI
2022,1,CIN,Zac Taylor,2022_01_PIT_CIN
2022,1,CLE,Kevin Stefanski,2022_01_CLE_CAR
2022,1,DAL,Mike McCarthy,2022_01_TB_DAL
2022,1,DEN,Nathaniel Hackett,2022_01_DEN_SEA
2022,1,DET,Dan Campbell,2022_01_PHI_DET
2022,1,GB,Matt LaFleur,2022_01_GB_MIN
2022,1,HOU,Lovie Smith,2022_01_IND_HOU
2022,1,IND,Frank Reich,2022_01_IND_HOU
2022,1,JAX,Doug Pederson,2022_01_JAX_WAS
2022,1,KC,Andy Reid,2022_01_KC_ARI
2022,1,LA,Sean McVay,2022_01_BUF_LA
2022,1,LAC,Brandon Staley,2022_01_LV_LAC
2022,1,LV,Josh McDaniels,2022_01_LV_LAC
2022,1,MIA,Mike McDaniel,2022_01_NE_MIA
2022,1,MIN,Kevin O'Connell,2022_01_GB_MIN
2022,1,NE,Bill Belichick,2022_01_NE_MIA
2022,1,NO,Dennis Allen,2022_01_NO_ATL
2022,1,NYG,Brian Daboll,2022_01_NYG_TEN
2022,1,NYJ,Robert Saleh,2022_01_BAL_NYJ
2022,1,PHI,Nick Sirianni,2022_01_PHI_DET
2022,1,PIT,Mike Tomlin,2022_01_PIT_CIN
2022,1,SEA,Pete Carroll,2022_01_DEN_SEA
2022,1,SF,Kyle Shanahan,2022_01_SF_CHI
2022,1,TB,Todd Bowles,2022_01_TB_DAL
2022,1,TEN,Mike Vrabel,2022_01_NYG_TEN
2022,1,WAS,Ron Rivera,2022_01_JAX_WAS
2022,2,ARI,Kliff Kingsbury,2022_02_ARI_LV
2022,2,ATL,Arthur Smith,2022_02_ATL_LA
2022,2,BAL,John Harbaugh,2022_02_MIA_BAL
2022,2,BUF,Sean McDermott,2022_02_TEN_BUF
2022,2,CAR,Matt Rhule,2022_02_CAR_NYG
2022,2,CHI,Matt Eberflus,2022_02_CHI_GB
2022,2,CIN,Zac Taylor,2022_02_CIN_DAL
2022,2,CLE,Kevin Stefanski,2022_02_NYJ_CLE
2022,2,DAL,Mike McCarthy,2022_02_CIN_DAL
2022,2,DEN,Nathaniel Hackett,2022_02_HOU_DEN
2022,2,DET,Dan Campbell,2022_02_WAS_DET
2022,2,GB,Matt LaFleur,2022_02_CHI_GB
2022,2,HOU,Lovie Smith,2022_02_HOU_DEN
2022,2,IND,Frank Reich,2022_02_IND_JAX
2022,2,JAX,Doug Pederson,2022_02_IND_JAX
2022,2,KC,Andy Reid,2022_02_LAC_KC
2022,2,LA,Sean McVay,2022_02_ATL_LA
2022,2,LAC,Brandon Staley,2022_02_LAC_KC
2022,2,LV,Josh McDaniels,2022_02_ARI_LV
2022,2,MIA,Mike McDaniel,2022_02_MIA_BAL
2022,2,MIN,Kevin O'Connell,2022_02_MIN_PHI
2022,2,NE,Bill Belichick,2022_02_NE_PIT
2022,2,NO,Dennis Allen,2022_02_TB_NO
2022,2,NYG,Brian Daboll,2022_02_CAR_NYG
2022,2,NYJ,Robert Saleh,2022_02_NYJ_CLE
2022,2,PHI,Nick Sirianni,2022_02_MIN_PHI
2022,2,PIT,Mike Tomlin,2022_02_NE_PIT
2022,2,SEA,Pete Carroll,2022_02_SEA_SF
2022,2,SF,Kyle Shanahan,2022_02_SEA_SF
2022,2,TB,Todd Bowles,2022_02_TB_NO
2022,2,TEN,Mike Vrabel,2022_02_TEN_BUF
2022,2,WAS,Ron Rivera,2022_02_WAS_DET
2022,3,ARI,Kliff Kingsbury,2022_03_LA_ARI
2022,3,ATL,Arthur Smith,2022_03_ATL_SEA
2022,3,BAL,John Harbaugh,2022_03_BAL_NE
2022,3,BUF,Sean McDermott,2022_03_BUF_MIA
2022,3,CAR,Matt Rhule,2022_03_NO_CAR
2022,3,CHI,Matt Eberflus,2022_03_HOU_CHI
2022,3,CIN,Zac Taylor,2022_03_CIN_NYJ
2022,3,CLE,Kevin Stefanski,2022_03_PIT_CLE
2022,3,DAL,Mike McCarthy,2022_03_DAL_NYG
2022,3,DEN,Nathaniel Hackett,2022_03_SF_DEN
2022,3,DET,Dan Campbell,2022_03_DET_MIN
2022,3,GB,Matt LaFleur,2022_03_GB_TB
2022,3,HOU,Lovie Smith,2022_03_HOU_CHI
2022,3,IND,Frank Reich,2022_03_KC_IND
2022,3,JAX,Doug Pederson,2022_03_JAX_LAC
2022,3,KC,Andy Reid,2022_03_KC_IND
2022,3,LA,Sean McVay,2022_03_LA_ARI
2022,3,LAC,Brandon Staley,2022_03_JAX_LAC
2022,3,LV,Josh McDaniels,2022_03_LV_TEN
2022,3,MIA,Mike McDaniel,2022_03_BUF_MIA
2022,3,MIN,Kevin O'Connell,2022_03_DET_MIN
2022,3,NE,Bill Belichick,2022_03_BAL_NE
2022,3,NO,Dennis Allen,2022_03_NO_CAR
2022,3,NYG,Brian Daboll,2022_03_DAL_NYG
2022,3,NYJ,Robert Saleh,2022_03_CIN_NYJ
2022,3,PHI,Nick Sirianni,2022_03_PHI_WAS
2022,3,PIT,Mike Tomlin,2022_03_PIT_CLE
2022,3,SEA,Pete Carroll,2022_03_ATL_SEA
2022,3,SF,Kyle Shanahan,2022_03_SF_DEN
2022,3,TB,Todd Bowles,2022_03_GB_TB
2022,3,TEN,Mike Vrabel,2022_03_LV_TEN
2022,3,WAS,Ron Rivera,2022_03_PHI_WAS
2022,4,ARI,Kliff Kingsbury,2022_04_ARI_CAR
2022,4,ATL,Arthur Smith,2022_04_CLE_ATL
2022,4,BAL,John Harbaugh,2022_04_BUF_BAL
2022,4,BUF,Sean McDermott,2022_04_BUF_BAL
2022,4,CAR,Matt Rhule,2022_04_ARI_CAR
2022,4,CHI,Matt Eberflus,2022_04_CHI_NYG
2022,4,CIN,Zac Taylor,2022_04_MIA_CIN
2022,4,CLE,Kevin Stefanski,2022_04_CLE_ATL
2022,4,DAL,Mike McCarthy,2022_04_WAS_DAL
2022,4,DEN,Nathaniel Hackett,2022_04_DEN_LV
2022,4,DET,Dan Campbell,2022_04_SEA_DET
2022,4,GB,Matt LaFleur,2022_04_NE_GB
2022,4,HOU,Lovie Smith,2022_04_LAC_HOU
2022,4,IND,Frank Reich,2022_04_TEN_IND
2022,4,JAX,Doug Pederson,2022_04_JAX_PHI
2022,4,KC,Andy Reid,2022_04_KC_TB
2022,4,LA,Sean McVay,2022_04_LA_SF
2022,4,LAC,Brandon Staley,2022_04_LAC_HOU
2022,4,LV,Josh McDaniels,2022_04_DEN_LV
2022,4,MIA,Mike McDaniel,2022_04_MIA_CIN
2022,4,MIN,Kevin O'Connell,2022_04_MIN_NO
2022,4,NE,Bill Belichick,2022_04_NE_GB
2022,4,NO,Dennis Allen,2022_04_MIN_NO
2022,4,NYG,Brian Daboll,2022_04_CHI_NYG
2022,4,NYJ,Robert Saleh,2022_04_NYJ_PIT
2022,4,PHI,Nick Sirianni,2022_04_JAX_PHI
2022,4,PIT,Mike Tomlin,2022_04_NYJ_PIT
2022,4,SEA,Pete Carroll,2022_04_SEA_DET
2022,4,SF,Kyle Shanahan,2022_04_LA_SF
2022,4,TB,Todd Bowles,2022_04_KC_TB
2022,4,TEN,Mike Vrabel,2022_04_TEN_IND
2022,4,WAS,Ron Rivera,2022_04_WAS_DAL
2022,5,ARI,Kliff Kingsbury,2022_05_PHI_ARI
2022,5,ATL,Arthur Smith,2022_05_ATL_TB
2022,5,BAL,John Harbaugh,2022_05_CIN_BAL
2022,5,BUF,Sean McDermott,2022_05_PIT_BUF
2022,5,CAR,Matt Rhule,2022_05_SF_CAR
2022,5,CHI,Matt Eberflus,2022_05_CHI_MIN
2022,5,CIN,Zac Taylor,2022_05_CIN_BAL
2022,5,CLE,Kevin Stefanski,2022_05_LAC_CLE
2022,5,DAL,Mike McCarthy,2022_05_DAL_LA
2022,5,DEN,Nathaniel Hackett,2022_05_IND_DEN
2022,5,DET,Dan Campbell,2022_05_DET_NE
2022,5,GB,Matt LaFleur,2022_05_NYG_GB
2022,5,HOU,Lovie Smith,2022_05_HOU_JAX
2022,5,IND,Frank Reich,2022_05_IND_DEN
2022,5,JAX,Doug Pederson,2022_05_HOU_JAX
2022,5,KC,Andy Reid,2022_05_LV_KC
2022,5,LA,Sean McVay,2022_05_DAL_LA
2022,5,LAC,Brandon Staley,2022_05_LAC_CLE
2022,5,LV,Josh McDaniels,2022_05_LV_KC
2022,5,MIA,Mike McDaniel,2022_05_MIA_NYJ
2022,5,MIN,Kevin O'Connell,2022_05_CHI_MIN
2022,5,NE,Bill Belichick,2022_05_DET_NE
2022,5,NO,Dennis Allen,2022_05_SEA_NO
2022,5,NYG,Brian Daboll,2022_05_NYG_GB
2022,5,NYJ,Robert Saleh,2022_05_MIA_NYJ
2022,5,PHI,Nick Sirianni,2022_05_PHI_ARI
2022,5,PIT,Mike Tomlin,2022_05_PIT_BUF
2022,5,SEA,Pete Carroll,2022_05_SEA_NO
2022,5,SF,Kyle Shanahan,2022_05_SF_CAR
2022,5,TB,Todd Bowles,2022_05_ATL_TB
2022,5,TEN,Mike Vrabel,2022_05_TEN_WAS
2022,5,WAS,Ron Rivera,2022_05_TEN_WAS
2022,6,ARI,Kliff Kingsbury,2022_06_ARI_SEA
2022,6,ATL,Arthur Smith,2022_06_SF_ATL
2022,6,BAL,John Harbaugh,2022_06_BAL_NYG
2022,6,BUF,Sean McDermott,2022_06_BUF_KC
2022,6,CAR,Steve Wilks,2022_06_CAR_LA
2022,6,CHI,Matt Eberflus,2022_06_WAS_CHI
2022,6,CIN,Zac Taylor,2022_06_CIN_NO
2022,6,CLE,Kevin Stefanski,2022_06_NE_CLE
2022,6,DAL,Mike McCarthy,2022_06_DAL_PHI
2022,6,DEN,Nathaniel Hackett,2022_06_DEN_LAC
2022,6,GB,Matt LaFleur,2022_06_NYJ_GB
2022,6,IND,Frank Reich,2022_06_JAX_IND
2022,6,JAX,Doug Pederson,2022_06_JAX_IND
2022,6,KC,Andy Reid,2022_06_BUF_KC
2022,6,LA,Sean McVay,2022_06_CAR_LA
2022,6,LAC,Brandon Staley,2022_06_DEN_LAC
2022,6,MIA,Mike McDaniel,2022_06_MIN_MIA
2022,6,MIN,Kevin O'Connell,2022_06_MIN_MIA
2022,6,NE,Bill Belichick,2022_06_NE_CLE
2022,6,NO,Dennis Allen,2022_06_CIN_NO
2022,6,NYG,Brian Daboll,2022_06_BAL_NYG
2022,6,NYJ,Robert Saleh,2022_06_NYJ_GB
2022,6,PHI,Nick Sirianni,2022_06_DAL_PHI
2022,6,PIT,Mike Tomlin,2022_06_TB_PIT
2022,6,SEA,Pete Carroll,2022_06_ARI_SEA
2022,6,SF,Kyle Shanahan,2022_06_SF_ATL
2022,6,TB,Todd Bowles,2022_06_TB_PIT
2022,6,WAS,Ron Rivera,2022_06_WAS_CHI
2022,7,ARI,Kliff Kingsbury,2022_07_NO_ARI
2022,7,ATL,Arthur Smith,2022_07_ATL_CIN
2022,7,BAL,John Harbaugh,2022_07_CLE_BAL
2022,7,CAR,Steve Wilks,2022_07_TB_CAR
2022,7,CHI,Matt Eberflus,2022_07_CHI_NE
2022,7,CIN,Zac Taylor,2022_07_ATL_CIN
2022,7,CLE,Kevin Stefanski,2022_07_CLE_BAL
2022,7,DAL,Mike McCarthy,2022_07_DET_DAL
2022,7,DEN,Nathaniel Hackett,2022_07_NYJ_DEN
2022,7,DET,Dan Campbell,2022_07_DET_DAL
2022,7,GB,Matt LaFleur,2022_07_GB_WAS
2022,7,HOU,Lovie Smith,2022_07_HOU_LV
2022,7,IND,Frank Reich,2022_07_IND_TEN
2022,7,JAX,Doug Pederson,2022_07_NYG_JAX
2022,7,KC,Andy Reid,2022_07_KC_SF
2022,7,LAC,Brandon Staley,2022_07_SEA_LAC
2022,7,LV,Josh McDaniels,2022_07_HOU_LV
2022,7,MIA,Mike McDaniel,2022_07_PIT_MIA
2022,7,NE,Bill Belichick,2022_07_CHI_NE
2022,7,NO,Dennis Allen,2022_07_NO_ARI
2022,7,NYG,Brian Daboll,2022_07_NYG_JAX
2022,7,NYJ,Robert Saleh,2022_07_NYJ_DEN
2022,7,PIT,Mike Tomlin,2022_07_PIT_MIA
2022,7,SEA,Pete Carroll,2022_07_SEA_LAC
2022,7,SF,Kyle Shanahan,2022_07_KC_SF
2022,7,TB,Todd Bowles,2022_07_TB_CAR
2022,7,TEN,Mike Vrabel,2022_07_IND_TEN
2022,7,WAS,Ron Rivera,2022_07_GB_WAS
2022,8,ARI,Kliff Kingsbury,2022_08_ARI_MIN
2022,8,ATL,Arthur Smith,2022_08_CAR_ATL
2022,8,BAL,John Harbaugh,2022_08_BAL_TB
2022,8,BUF,Sean McDermott,2022_08_GB_BUF
2022,8,CAR,Steve Wilks,2022_08_CAR_ATL
2022,8,CHI,Matt Eberflus,2022_08_CHI_DAL
2022,8,CIN,Zac Taylor,2022_08_CIN_CLE
2022,8,CLE,Kevin Stefanski,2022_08_CIN_CLE
2022,8,DAL,Mike McCarthy,2022_08_CHI_DAL
2022,8,DEN,Nathaniel Hackett,2022_08_DEN_JAX
2022,8,DET,Dan Campbell,2022_08_MIA_DET
2022,8,GB,Matt LaFleur,2022_08_GB_BUF
2022,8,HOU,Lovie Smith,2022_08_TEN_HOU
2022,8,IND,Frank Reich,2022_08_WAS_IND
2022,8,JAX,Doug Pederson,2022_08_DEN_JAX
2022,8,LA,Sean McVay,2022_08_SF_LA
2022,8,LV,Josh McDaniels,2022_08_LV_NO
2022,8,MIA,Mike McDaniel,2022_08_MIA_DET
2022,8,MIN,Kevin O'Connell,2022_08_ARI_MIN
2022,8,NE,Bill Belichick,2022_08_NE_NYJ
2022,8,NO,Dennis Allen,2022_08_LV_NO
2022,8,NYG,Brian Daboll,2022_08_NYG_SEA
2022,8,NYJ,Robert Saleh,2022_08_NE_NYJ
2022,8,PHI,Nick Sirianni,2022_08_PIT_PHI
2022,8,PIT,Mike Tomlin,2022_08_PIT_PHI
2022,8,SEA,Pete Carroll,2022_08_NYG_SEA
2022,8,SF,Kyle Shanahan,2022_08_SF_LA
2022,8,TB,Todd Bowles,2022_08_BAL_TB
2022,8,TEN,Mike Vrabel,2022_08_TEN_HOU
2022,8,WAS,Ron Rivera,2022_08_WAS_IND
2022,9,ARI,Kliff Kingsbury,2022_09_SEA_ARI
2022,9,ATL,Arthur Smith,2022_09_LAC_ATL
2022,9,BAL,John Harbaugh,2022_09_BAL_NO
2022,9,BUF,Sean McDermott,2022_09_BUF_NYJ
2022,9,CAR,Steve Wilks,2022_09_CAR_CIN
2022,9,CHI,Matt Eberflus,2022_09_MIA_CHI
2022,9,CIN,Zac Taylor,2022_09_CAR_CIN
2022,9,DET,Dan Campbell,2022_09_GB_DET
2022,9,GB,Matt LaFleur,2022_09_GB_DET
2022,9,HOU,Lovie Smith,2022_09_PHI_HOU
2022,9,IND,Frank Reich,2022_09_IND_NE
2022,9,JAX,Doug Pederson,2022_09_LV_JAX
2022,9,KC,Andy Reid,2022_09_TEN_KC
2022,9,LA,Sean McVay,2022_09_LA_TB
2022,9,LAC,Brandon Staley,2022_09_LAC_ATL
2022,9,LV,Josh McDaniels,2022_09_LV_JAX
2022,9,MIA,Mike McDaniel,2022_09_MIA_CHI
2022,9,MIN,Kevin O'Connell,2022_09_MIN_WAS
2022,9,NE,Bill Belichick,2022_09_IND_NE
2022,9,NO,Dennis Allen,2022_09_BAL_NO
2022,9,NYJ,Robert Saleh,2022_09_BUF_NYJ
2022,9,PHI,Nick Sirianni,2022_09_PHI_HOU
2022,9,SEA,Pete Carroll,2022_09_SEA_ARI
2022,9,TB,Todd Bowles,2022_09_LA_TB
2022,9,TEN,Mike Vrabel,2022_09_TEN_KC
2022,9,WAS,Ron Rivera,2022_09_MIN_WAS
2022,10,ARI,Kliff Kingsbury,2022_10_ARI_LA
2022,10,ATL,Arthur Smith,2022_10_ATL_CAR
2022,10,BUF,Sean McDermott,2022_10_MIN_BUF
2022,10,CAR,Steve Wilks,2022_10_ATL_CAR
2022,10,CHI,Matt Eberflus,2022_10_DET_CHI
2022,10,CLE,Kevin Stefanski,2022_10_CLE_MIA
2022,10,DAL,Mike McCarthy,2022_10_DAL_GB
2022,10,DEN,Nathaniel Hackett,2022_10_DEN_TEN
2022,10,DET,Dan Campbell,2022_10_DET_CHI
2022,10,GB,Matt LaFleur,2022_10_DAL_GB
2022,10,HOU,Lovie Smith,2022_10_HOU_NYG
2022,10,IND,Jeff Saturday,2022_10_IND_LV
2022,10,JAX,Doug Pederson,2022_10_JAX_KC
2022,10,KC,Andy Reid,2022_10_JAX_KC
2022,10,LA,Sean McVay,2022_10_ARI_LA
2022,10,LAC,Brandon Staley,2022_10_LAC_SF
2022,10,LV,Josh McDaniels,2022_10_IND_LV
2022,10,MIA,Mike McDaniel,2022_10_CLE_MIA
2022,10,MIN,Kevin O'Connell,2022_10_MIN_BUF
2022,10,NO,Dennis Allen,2022_10_NO_PIT
2022,10,NYG,Brian Daboll,2022_10_HOU_NYG
2022,10,PHI,Nick Sirianni,2022_10_WAS_PHI
2022,10,PIT,Mike Tomlin,2022_10_NO_PIT
2022,10,SEA,Pete Carroll,2022_10_SEA_TB
2022,10,SF,Kyle Shanahan,2022_10_LAC_SF
2022,10,TB,Todd Bowles,2022_10_SEA_TB
2022,10,TEN,Mike Vrabel,2022_10_DEN_TEN
2022,10,WAS,Ron Rivera,2022_10_WAS_PHI
2022,11,ARI,Kliff Kingsbury,2022_11_SF_ARI
2022,11,ATL,Arthur Smith,2022_11_CHI_ATL
2022,11,BAL,John Harbaugh,2022_11_CAR_BAL
2022,11,BUF,Sean McDermott,2022_11_CLE_BUF
2022,11,CAR,Steve Wilks,2022_11_CAR_BAL
2022,11,CHI,Matt Eberflus,2022_11_CHI_ATL
2022,11,CIN,Zac Taylor,2022_11_CIN_PIT
2022,11,CLE,Kevin Stefanski,2022_11_CLE_BUF
2022,11,DAL,Mike McCarthy,2022_11_DAL_MIN
2022,11,DEN,Nathaniel Hackett,2022_11_LV_DEN
2022,11,DET,Dan Campbell,2022_11_DET_NYG
2022,11,GB,Matt LaFleur,2022_11_TEN_GB
2022,11,HOU,Lovie Smith,2022_11_WAS_HOU
2022,11,IND,Jeff Saturday,2022_11_PHI_IND
2022,11,KC,Andy Reid,2022_11_KC_LAC
2022,11,LA,Sean McVay,2022_11_LA_NO
2022,11,LAC,Brandon Staley,2022_11_KC_LAC
2022,11,LV,Josh McDaniels,2022_11_LV_DEN
2022,11,MIN,Kevin O'Connell,2022_11_DAL_MIN
2022,11,NE,Bill Belichick,2022_11_NYJ_NE
2022,11,NO,Dennis Allen,2022_11_LA_NO
2022,11,NYG,Brian Daboll,2022_11_DET_NYG
2022,11,NYJ,Robert Saleh,2022_11_NYJ_NE
2022,11,PHI,Nick Sirianni,2022_11_PHI_IND
2022,11,PIT,Mike Tomlin,2022_11_CIN_PIT
2022,11,SF,Kyle Shanahan,2022_11_SF_ARI
2022,11,TEN,Mike Vrabel,2022_11_TEN_GB
2022,11,WAS,Ron Rivera,2022_11_WAS_HOU
2022,12,ARI,Kliff Kingsbury,2022_12_LAC_ARI
2022,12,ATL,Arthur Smith,2022_12_ATL_WAS
2022,12,BAL,John Harbaugh,2022_12_BAL_JAX
2022,12,BUF,Sean McDermott,2022_12_BUF_DET
2022,12,CAR,Steve Wilks,2022_12_DEN_CAR
2022,12,CHI,Matt Eberflus,2022_12_CHI_NYJ
2022,12,CIN,Zac Taylor,2022_12_CIN_TEN
2022,12,CLE,Kevin Stefanski,2022_12_TB_CLE
2022,12,DAL,Mike McCarthy,2022_12_NYG_DAL
2022,12,DEN,Nathaniel Hackett,2022_12_DEN_CAR
2022,12,DET,Dan Campbell,2022_12_BUF_DET
2022,12,GB,Matt LaFleur,2022_12_GB_PHI
2022,12,HOU,Lovie Smith,2022_12_HOU_MIA
2022,12,IND,Jeff Saturday,2022_12_PIT_IND
2022,12,JAX,Doug Pederson,2022_12_BAL_JAX
2022,12,KC,Andy Reid,2022_12_LA_KC
2022,12,LA,Sean McVay,2022_12_LA_KC
2022,12,LAC,Brandon Staley,2022_12_LAC_ARI
2022,12,LV,Josh McDaniels,2022_12_LV_SEA
2022,12,MIA,Mike McDaniel,2022_12_HOU_MIA
2022,12,MIN,Kevin O'Connell,2022_12_NE_MIN
2022,12,NE,Bill Belichick,2022_12_NE_MIN
2022,12,NO,Dennis Allen,2022_12_NO_SF
2022,12,NYG,Brian Daboll,2022_12_NYG_DAL
2022,12,NYJ,Robert Saleh,2022_12_CHI_NYJ
2022,12,PHI,Nick Sirianni,2022_12_GB_PHI
2022,12,PIT,Mike Tomlin,2022_12_PIT_IND
2022,12,SEA,Pete Carroll,2022_12_LV_SEA
2022,12,SF,Kyle Shanahan,2022_12_NO_SF
2022,12,TB,Todd Bowles,2022_12_TB_CLE
2022,12,TEN,Mike Vrabel,2022_12_CIN_TEN
2022,12,WAS,Ron Rivera,2022_12_ATL_WAS
2022,13,ATL,Arthur Smith,2022_13_PIT_ATL
2022,13,BAL,John Harbaugh,2022_13_DEN_BAL
2022,13,BUF,Sean McDermott,2022_13_BUF_NE
2022,13,CHI,Matt Eberflus,2022_13_GB_CHI
2022,13,CIN,Zac Taylor,2022_13_KC_CIN
2022,13,CLE,Kevin Stefanski,2022_13_CLE_HOU
2022,13,DAL,Mike McCarthy,2022_13_IND_DAL
2022,13,DEN,Nathaniel Hackett,2022_13_DEN_BAL
2022,13,DET,Dan Campbell,2022_13_JAX_DET
2022,13,GB,Matt LaFleur,2022_13_GB_CHI
2022,13,HOU,Lovie Smith,2022_13_CLE_HOU
2022,13,IND,Jeff Saturday,2022_13_IND_DAL
2022,13,JAX,Doug Pederson,2022_13_JAX_DET
2022,13,KC,Andy Reid,2022_13_KC_CIN
2022,13,LA,Sean McVay,2022_13_SEA_LA
2022,13,LAC,Brandon Staley,2022_13_LAC_LV
2022,13,LV,Josh McDaniels,2022_13_LAC_LV
2022,13,MIA,Mike McDaniel,2022_13_MIA_SF
2022,13,MIN,Kevin O'Connell,2022_13_NYJ_MIN
2022,13,NE,Bill Belichick,2022_13_BUF_NE
2022,13,NO,Dennis Allen,2022_13_NO_TB
2022,13,NYG,Brian Daboll,2022_13_WAS_NYG
2022,13,NYJ,Robert Saleh,2022_13_NYJ_MIN
2022,13,PHI,Nick Sirianni,2022_13_TEN_PHI
2022,13,PIT,Mike Tomlin,2022_13_PIT_ATL
2022,13,SEA,Pete Carroll,2022_13_SEA_LA
2022,13,SF,Kyle Shanahan,2022_13_MIA_SF
2022,13,TB,Todd Bowles,2022_13_NO_TB
2022,13,TEN,Mike Vrabel,2022_13_TEN_PHI
2022,13,WAS,Ron Rivera,2022_13_WAS_NYG
2022,14,ARI,Kliff Kingsbury,2022_14_NE_ARI
2022,14,BAL,John Harbaugh,2022_14_BAL_PIT
2022,14,BUF,Sean McDermott,2022_14_NYJ_BUF
2022,14,CAR,Steve Wilks,2022_14_CAR_SEA
2022,14,CIN,Zac Taylor,2022_14_CLE_CIN
2022,14,CLE,Kevin Stefanski,2022_14_CLE_CIN
2022,14,DAL,Mike McCarthy,2022_14_HOU_DAL
2022,14,DEN,Nathaniel Hackett,2022_14_KC_DEN
2022,14,DET,Dan Campbell,2022_14_MIN_DET
2022,14,HOU,Lovie Smith,2022_14_HOU_DAL
2022,14,JAX,Doug Pederson,2022_14_JAX_TEN
2022,14,KC,Andy Reid,2022_14_KC_DEN
2022,14,LA,Sean McVay,2022_14_LV_LA
2022,14,LAC,Brandon Staley,2022_14_MIA_LAC
2022,14,LV,Josh McDaniels,2022_14_LV_LA
2022,14,MIA,Mike McDaniel,2022_14_MIA_LAC
2022,14,MIN,Kevin O'Connell,2022_14_MIN_DET
2022,14,NE,Bill Belichick,2022_14_NE_ARI
2022,14,NYG,Brian Daboll,2022_14_PHI_NYG
2022,14,NYJ,Robert Saleh,2022_14_NYJ_BUF
2022,14,PHI,Nick Sirianni,2022_14_PHI_NYG
2022,14,PIT,Mike Tomlin,2022_14_BAL_PIT
2022,14,SEA,Pete Carroll,2022_14_CAR_SEA
2022,14,SF,Kyle Shanahan,2022_14_TB_SF
2022,14,TB,Todd Bowles,2022_14_TB_SF
2022,14,TEN,Mike Vrabel,2022_14_JAX_TEN
2022,15,ARI,Kliff Kingsbury,2022_15_ARI_DEN
2022,15,ATL,Arthur Smith,2022_15_ATL_NO
2022,15,BAL,John Harbaugh,2022_15_BAL_CLE
2022,15,BUF,Sean McDermott,2022_15_MIA_BUF
2022,15,CAR,Steve Wilks,2022_15_PIT_CAR
2022,15,CHI,Matt Eberflus,2022_15_PHI_CHI
2022,15,CIN,Zac Taylor,2022_15_CIN_TB
2022,15,CLE,Kevin Stefanski,2022_15_BAL_CLE
2022,15,DAL,Mike McCarthy,2022_15_DAL_JAX
2022,15,DEN,Nathaniel Hackett,2022_15_ARI_DEN
2022,15,DET,Dan Campbell,2022_15_DET_NYJ
2022,15,GB,Matt LaFleur,2022_15_LA_GB
2022,15,HOU,Lovie Smith,2022_15_KC_HOU
2022,15,IND,Jeff Saturday,2022_15_IND_MIN
2022,15,JAX,Doug Pederson,2022_15_DAL_JAX
2022,15,KC,Andy Reid,2022_15_KC_HOU
2022,15,LA,Sean McVay,2022_15_LA_GB
2022,15,LAC,Brandon Staley,2022_15_TEN_LAC
2022,15,LV,Josh McDaniels,2022_15_NE_LV
2022,15,MIA,Mike McDaniel,2022_15_MIA_BUF
2022,15,MIN,Kevin O'Connell,2022_15_IND_MIN
2022,15,NE,Bill Belichick,2022_15_NE_LV
2022,15,NO,Dennis Allen,2022_15_ATL_NO
2022,15,NYG,Brian Daboll,2022_15_NYG_WAS
2022,15,NYJ,Robert Saleh,2022_15_DET_NYJ
2022,15,PHI,Nick Sirianni,2022_15_PHI_CHI
2022,15,PIT,Mike Tomlin,2022_15_PIT_CAR
2022,15,SEA,Pete Carroll,2022_15_SF_SEA
2022,15,SF,Kyle Shanahan,2022_15_SF_SEA
2022,15,TB,Todd Bowles,2022_15_CIN_TB
2022,15,TEN,Mike Vrabel,2022_15_TEN_LAC
2022,15,WAS,Ron Rivera,2022_15_NYG_WAS
2022,16,ARI,Kliff Kingsbury,2022_16_TB_ARI
2022,16,ATL,Arthur Smith,2022_16_ATL_BAL
2022,16,BAL,John Harbaugh,2022_16_ATL_BAL
2022,16,BUF,Sean McDermott,2022_16_BUF_CHI
2022,16,CAR,Steve Wilks,2022_16_DET_CAR
2022,16,CHI,Matt Eberflus,2022_16_BUF_CHI
2022,16,CIN,Zac Taylor,2022_16_CIN_NE
2022,16,CLE,Kevin Stefanski,2022_16_NO_CLE
2022,16,DAL,Mike McCarthy,2022_16_PHI_DAL
2022,16,DEN,Nathaniel Hackett,2022_16_DEN_LA
2022,16,DET,Dan Campbell,2022_16_DET_CAR
2022,16,GB,Matt LaFleur,2022_16_GB_MIA
2022,16,HOU,Lovie Smith,2022_16_HOU_TEN
2022,16,IND,Jeff Saturday,2022_16_LAC_IND
2022,16,JAX,Doug Pederson,2022_16_JAX_NYJ
2022,16,KC,Andy Reid,2022_16_SEA_KC
2022,16,LA,Sean McVay,2022_16_DEN_LA
2022,16,LAC,Brandon Staley,2022_16_LAC_IND
2022,16,LV,Josh McDaniels,2022_16_LV_PIT
2022,16,MIA,Mike McDaniel,2022_16_GB_MIA
2022,16,MIN,Kevin O'Connell,2022_16_NYG_MIN
2022,16,NE,Bill Belichick,2022_16_CIN_NE
2022,16,NO,Dennis Allen,2022_16_NO_CLE
2022,16,NYG,Brian Daboll,2022_16_NYG_MIN
2022,16,NYJ,Robert Saleh,2022_16_JAX_NYJ
2022,16,PHI,Nick Sirianni,2022_16_PHI_DAL
2022,16,PIT,Mike Tomlin,2022_16_LV_PIT
2022,16,SEA,Pete Carroll,2022_16_SEA_KC
2022,16,SF,Kyle Shanahan,2022_16_WAS_SF
2022,16,TB,Todd Bowles,2022_16_TB_ARI
2022,16,TEN,Mike Vrabel,2022_16_HOU_TEN
2022,16,WAS,Ron Rivera,2022_16_WAS_SF
2022,17,ARI,Kliff Kingsbury,2022_17_ARI_ATL
2022,17,ATL,Arthur Smith,2022_17_ARI_ATL
2022,17,BAL,John Harbaugh,2022_17_PIT_BAL
2022,17,CAR,Steve Wilks,2022_17_CAR_TB
2022,17,CHI,Matt Eberflus,2022_17_CHI_DET
2022,17,CLE,Kevin Stefanski,2022_17_CLE_WAS
2022,17,DAL,Mike McCarthy,2022_17_DAL_TEN
2022,17,DEN,Jay Rosburg,2022_17_DEN_KC
2022,17,DET,Dan Campbell,2022_17_CHI_DET
2022,17,GB,Matt LaFleur,2022_17_MIN_GB
2022,17,HOU,Lovie Smith,2022_17_JAX_HOU
2022,17,IND,Jeff Saturday,2022_17_IND_NYG
2022,17,JAX,Doug Pederson,2022_17_JAX_HOU
2022,17,KC,Andy Reid,2022_17_DEN_KC
2022,17,LA,Sean McVay,2022_17_LA_LAC
2022,17,LAC,Brandon Staley,2022_17_LA_LAC
2022,17,LV,Josh McDaniels,2022_17_SF_LV
2022,17,MIA,Mike McDaniel,2022_17_MIA_NE
2022,17,MIN,Kevin O'Connell,2022_17_MIN_GB
2022,17,NE,Bill Belichick,2022_17_MIA_NE
2022,17,NO,Dennis Allen,2022_17_NO_PHI
2022,17,NYG,Brian Daboll,2022_17_IND_NYG
2022,17,NYJ,Robert Saleh,2022_17_NYJ_SEA
2022,17,PHI,Nick Sirianni,2022_17_NO_PHI
2022,17,PIT,Mike Tomlin,2022_17_PIT_BAL
2022,17,SEA,Pete Carroll,2022_17_NYJ_SEA
2022,17,SF,Kyle Shanahan,2022_17_SF_LV
2022,17,TB,Todd Bowles,2022_17_CAR_TB
2022,17,TEN,Mike Vrabel,2022_17_DAL_TEN
2022,17,WAS,Ron Rivera,2022_17_CLE_WAS
2022,18,ARI,Kliff Kingsbury,2022_18_ARI_SF
2022,18,ATL,Arthur Smith,2022_18_TB_ATL
2022,18,BAL,John Harbaugh,2022_18_BAL_CIN
2022,18,BUF,Sean McDermott,2022_18_NE_BUF
2022,18,CAR,Steve Wilks,2022_18_CAR_NO
2022,18,CHI,Matt Eberflus,2022_18_MIN_CHI
2022,18,CIN,Zac Taylor,2022_18_BAL_CIN
2022,18,CLE,Kevin Stefanski,2022_18_CLE_PIT
2022,18,DAL,Mike McCarthy,2022_18_DAL_WAS
2022,18,DEN,Jay Rosburg,2022_18_LAC_DEN
2022,18,DET,Dan Campbell,2022_18_DET_GB
2022,18,GB,Matt LaFleur,2022_18_DET_GB
2022,18,HOU,Lovie Smith,2022_18_HOU_IND
2022,18,IND,Jeff Saturday,2022_18_HOU_IND
2022,18,JAX,Doug Pederson,2022_18_TEN_JAX
2022,18,KC,Andy Reid,2022_18_KC_LV
2022,18,LA,Sean McVay,2022_18_LA_SEA
2022,18,LAC,Brandon Staley,2022_18_LAC_DEN
2022,18,LV,Josh McDaniels,2022_18_KC_LV
2022,18,MIA,Mike McDaniel,2022_18_NYJ_MIA
2022,18,MIN,Kevin O'Connell,2022_18_MIN_CHI
2022,18,NE,Bill Belichick,2022_18_NE_BUF
2022,18,NO,Dennis Allen,2022_18_CAR_NO
2022,18,NYG,Brian Daboll,2022_18_NYG_PHI
2022,18,NYJ,Robert Saleh,2022_18_NYJ_MIA
2022,18,PHI,Nick Sirianni,2022_18_NYG_PHI
2022,18,PIT,Mike Tomlin,2022_18_CLE_PIT
2022,18,SEA,Pete Carroll,2022_18_LA_SEA
2022,18,SF,Kyle Shanahan,2022_18_ARI_SF
2022,18,TB,Todd Bowles,2022_18_TB_ATL
2022,18,TEN,Mike Vrabel,2022_18_TEN_JAX
2022,18,WAS,Ron Rivera,2022_18_DAL_WAS
2023,1,ARI,Jonathan Gannon,2023_01_ARI_WAS
2023,1,ATL,Arthur Smith,2023_01_CAR_ATL
2023,1,BAL,John Harbaugh,2023_01_HOU_BAL
2023,1,BUF,Sean McDermott,2023_01_BUF_NYJ
2023,1,CAR,Frank Reich,2023_01_CAR_ATL
2023,1,CHI,Matt Eberflus,2023_01_GB_CHI
2023,1,CIN,Zac Taylor,2023_01_CIN_CLE
2023,1,CLE,Kevin Stefanski,2023_01_CIN_CLE
2023,1,DAL,Mike McCarthy,2023_01_DAL_NYG
2023,1,DEN,Sean Payton,2023_01_LV_DEN
2023,1,DET,Dan Campbell,2023_01_DET_KC
2023,1,GB,Matt LaFleur,2023_01_GB_CHI
2023,1,HOU,DeMeco Ryans,2023_01_HOU_BAL
2023,1,IND,Shane Steichen,2023_01_JAX_IND
2023,1,JAX,Doug Pederson,2023_01_JAX_IND
2023,1,KC,Andy Reid,2023_01_DET_KC
2023,1,LA,Sean McVay,2023_01_LA_SEA
2023,1,LAC,Brandon Staley,2023_01_MIA_LAC
2023,1,LV,Josh McDaniels,2023_01_LV_DEN
2023,1,MIA,Mike McDaniel,2023_01_MIA_LAC
2023,1,MIN,Kevin O'Connell,2023_01_TB_MIN
2023,1,NE,Bill Belichick,2023_01_PHI_NE
2023,1,NO,Dennis Allen,2023_01_TEN_NO
2023,1,NYG,Brian Daboll,2023_01_DAL_NYG
2023,1,NYJ,Robert Saleh,2023_01_BUF_NYJ
2023,1,PHI,Nick Sirianni,2023_01_PHI_NE
2023,1,PIT,Mike Tomlin,2023_01_SF_PIT
2023,1,SEA,Pete Carroll,2023_01_LA_SEA
2023,1,SF,Kyle Shanahan,2023_01_SF_PIT
2023,1,TB,Todd Bowles,2023_01_TB_MIN
2023,1,TEN,Mike Vrabel,2023_01_TEN_NO
2023,1,WAS,Ron Rivera,2023_01_ARI_WAS
2023,2,ARI,Jonathan Gannon,2023_02_NYG_ARI
2023,2,ATL,Arthur Smith,2023_02_GB_ATL
2023,2,BAL,John Harbaugh,2023_02_BAL_CIN
2023,2,BUF,Sean McDermott,2023_02_LV_BUF
2023,2,CAR,Frank Reich,2023_02_NO_CAR
2023,2,CHI,Matt Eberflus,2023_02_CHI_TB
2023,2,CIN,Zac Taylor,2023_02_BAL_CIN
2023,2,CLE,Kevin Stefanski,2023_02_CLE_PIT
2023,2,DAL,Mike McCarthy,2023_02_NYJ_DAL
2023,2,DEN,Sean Payton,2023_02_WAS_DEN
2023,2,DET,Dan Campbell,2023_02_SEA_DET
2023,2,GB,Matt LaFleur,2023_02_GB_ATL
2023,2,HOU,DeMeco Ryans,2023_02_IND_HOU
2023,2,IND,Shane Steichen,2023_02_IND_HOU
2023,2,JAX,Doug Pederson,2023_02_KC_JAX
2023,2,KC,Andy Reid,2023_02_KC_JAX
2023,2,LA,Sean McVay,2023_02_SF_LA
2023,2,LAC,Brandon Staley,2023_02_LAC_TEN
2023,2,LV,Josh McDaniels,2023_02_LV_BUF
2023,2,MIA,Mike McDaniel,2023_02_MIA_NE
2023,2,MIN,Kevin O'Connell,2023_02_MIN_PHI
2023,2,NE,Bill Belichick,2023_02_MIA_NE
2023,2,NO,Dennis Allen,2023_02_NO_CAR
2023,2,NYG,Brian Daboll,2023_02_NYG_ARI
2023,2,NYJ,Robert Saleh,2023_02_NYJ_DAL
2023,2,PHI,Nick Sirianni,2023_02_MIN_PHI
2023,2,PIT,Mike Tomlin,2023_02_CLE_PIT
2023,2,SEA,Pete Carroll,2023_02_SEA_DET
2023,2,SF,Kyle Shanahan,2023_02_SF_LA
2023,2,TB,Todd Bowles,2023_02_CHI_TB
2023,2,TEN,Mike Vrabel,2023_02_LAC_TEN
2023,2,WAS,Ron Rivera,2023_02_WAS_DEN
2023,3,ARI,Jonathan Gannon,2023_03_DAL_ARI
2023,3,ATL,Arthur Smith,2023_03_ATL_DET
2023,3,BAL,John Harbaugh,2023_03_IND_BAL
2023,3,BUF,Sean McDermott,2023_03_BUF_WAS
2023,3,CAR,Frank Reich,2023_03_CAR_SEA
2023,3,CHI,Matt Eberflus,2023_03_CHI_KC
2023,3,CIN,Zac Taylor,2023_03_LA_CIN
2023,3,CLE,Kevin Stefanski,2023_03_TEN_CLE
2023,3,DAL,Mike McCarthy,2023_03_DAL_ARI
2023,3,DEN,Sean Payton,2023_03_DEN_MIA
2023,3,DET,Dan Campbell,2023_03_ATL_DET
2023,3,GB,Matt LaFleur,2023_03_NO_GB
2023,3,HOU,DeMeco Ryans,2023_03_HOU_JAX
2023,3,IND,Shane Steichen,2023_03_IND_BAL
2023,3,JAX,Doug Pederson,2023_03_HOU_JAX
2023,3,KC,Andy Reid,2023_03_CHI_KC
2023,3,LA,Sean McVay,2023_03_LA_CIN
2023,3,LAC,Brandon Staley,2023_03_LAC_MIN
2023,3,LV,Josh McDaniels,2023_03_PIT_LV
2023,3,MIA,Mike McDaniel,2023_03_DEN_MIA
2023,3,MIN,Kevin O'Connell,2023_03_LAC_MIN
2023,3,NE,Bill Belichick,2023_03_NE_NYJ
2023,3,NO,Dennis Allen,2023_03_NO_GB
2023,3,NYG,Brian Daboll,2023_03_NYG_SF
2023,3,NYJ,Robert Saleh,2023_03_NE_NYJ
2023,3,PHI,Nick Sirianni,2023_03_PHI_TB
2023,3,PIT,Mike Tomlin,2023_03_PIT_LV
2023,3,SEA,Pete Carroll,2023_03_CAR_SEA
2023,3,SF,Kyle Shanahan,2023_03_NYG_SF
2023,3,TB,Todd Bowles,2023_03_PHI_TB
2023,3,TEN,Mike Vrabel,2023_03_TEN_CLE
2023,3,WAS,Ron Rivera,2023_03_BUF_WAS
2023,4,ARI,Jonathan Gannon,2023_04_ARI_SF
2023,4,ATL,Arthur Smith,2023_04_ATL_JAX
2023,4,BAL,John Harbaugh,2023_04_BAL_CLE
2023,4,BUF,Sean McDermott,2023_04_MIA_BUF
2023,4,CAR,Frank Reich,2023_04_MIN_CAR
2023,4,CHI,Matt Eberflus,2023_04_DEN_CHI
2023,4,CIN,Zac Taylor,2023_04_CIN_TEN
2023,4,CLE,Kevin Stefanski,2023_04_BAL_CLE
2023,4,DAL,Mike McCarthy,2023_04_NE_DAL
2023,4,DEN,Sean Payton,2023_04_DEN_CHI
2023,4,DET,Dan Campbell,2023_04_DET_GB
2023,4,GB,Matt LaFleur,2023_04_DET_GB
2023,4,HOU,DeMeco Ryans,2023_04_PIT_HOU
2023,4,IND,Shane Steichen,2023_04_LA_IND
2023,4,JAX,Doug Pederson,2023_04_ATL_JAX
2023,4,KC,Andy Reid,2023_04_KC_NYJ
2023,4,LA,Sean McVay,2023_04_LA_IND
2023,4,LAC,Brandon Staley,2023_04_LV_LAC
2023,4,LV,Josh McDaniels,2023_04_LV_LAC
2023,4,MIA,Mike McDaniel,2023_04_MIA_BUF
2023,4,MIN,Kevin O'Connell,2023_04_MIN_CAR
2023,4,NE,Bill Belichick,2023_04_NE_DAL
2023,4,NO,Dennis Allen,2023_04_TB_NO
2023,4,NYG,Brian Daboll,2023_04_SEA_NYG
2023,4,NYJ,Robert Saleh,2023_04_KC_NYJ
2023,4,PHI,Nick Sirianni,2023_04_WAS_PHI
2023,4,PIT,Mike Tomlin,2023_04_PIT_HOU
2023,4,SEA,Pete Carroll,2023_04_SEA_NYG
2023,4,SF,Kyle Shanahan,2023_04_ARI_SF
2023,4,TB,Todd Bowles,2023_04_TB_NO
2023,4,TEN,Mike Vrabel,2023_04_CIN_TEN
2023,4,WAS,Ron Rivera,2023_04_WAS_PHI
2023,5,ARI,Jonathan Gannon,2023_05_CIN_ARI
2023,5,ATL,Arthur Smith,2023_05_HOU_ATL
2023,5,BAL,John Harbaugh,2023_05_BAL_PIT
2023,5,BUF,Sean McDermott,2023_05_JAX_BUF
2023,5,CAR,Frank Reich,2023_05_CAR_DET
2023,5,CHI,Matt Eberflus,2023_05_CHI_WAS
2023,5,CIN,Zac Taylor,2023_05_CIN_ARI
2023,5,DAL,Mike McCarthy,2023_05_DAL_SF
2023,5,DEN,Sean Payton,2023_05_NYJ_DEN
2023,5,DET,Dan Campbell,2023_05_CAR_DET
2023,5,GB,Matt LaFleur,2023_05_GB_LV
2023,5,HOU,DeMeco Ryans,2023_05_HOU_ATL
2023,5,IND,Shane Steichen,2023_05_TEN_IND
2023,5,JAX,Doug Pederson,2023_05_JAX_BUF
2023,5,KC,Andy Reid,2023_05_KC_MIN
2023,5,LA,Sean McVay,2023_05_PHI_LA
2023,5,LV,Josh McDaniels,2023_05_GB_LV
2023,5,MIA,Mike McDaniel,2023_05_NYG_MIA
2023,5,MIN,Kevin O'Connell,2023_05_KC_MIN
2023,5,NE,Bill Belichick,2023_05_NO_NE
2023,5,NO,Dennis Allen,2023_05_NO_NE
2023,5,NYG,Brian Daboll,2023_05_NYG_MIA
2023,5,NYJ,Robert Saleh,2023_05_NYJ_DEN
2023,5,PHI,Nick Sirianni,2023_05_PHI_LA
2023,5,PIT,Mike Tomlin,2023_05_BAL_PIT
2023,5,SF,Kyle Shanahan,2023_05_DAL_SF
2023,5,TEN,Mike Vrabel,2023_05_TEN_IND
2023,5,WAS,Ron Rivera,2023_05_CHI_WAS
2023,6,ARI,Jonathan Gannon,2023_06_ARI_LA
2023,6,ATL,Arthur Smith,2023_06_WAS_ATL
2023,6,BAL,John Harbaugh,2023_06_BAL_TEN
2023,6,BUF,Sean McDermott,2023_06_NYG_BUF
2023,6,CAR,Frank Reich,2023_06_CAR_MIA
2023,6,CHI,Matt Eberflus,2023_06_MIN_CHI
2023,6,CIN,Zac Taylor,2023_06_SEA_CIN
2023,6,CLE,Kevin Stefanski,2023_06_SF_CLE
2023,6,DAL,Mike McCarthy,2023_06_DAL_LAC
2023,6,DEN,Sean Payton,2023_06_DEN_KC
2023,6,DET,Dan Campbell,2023_06_DET_TB
2023,6,HOU,DeMeco Ryans,2023_06_NO_HOU
2023,6,IND,Shane Steichen,2023_06_IND_JAX
2023,6,JAX,Doug Pederson,2023_06_IND_JAX
2023,6,KC,Andy Reid,2023_06_DEN_KC
2023,6,LA,Sean McVay,2023_06_ARI_LA
2023,6,LAC,Brandon Staley,2023_06_DAL_LAC
2023,6,LV,Josh McDaniels,2023_06_NE_LV
2023,6,MIA,Mike McDaniel,2023_06_CAR_MIA
2023,6,MIN,Kevin O'Connell,2023_06_MIN_CHI
2023,6,NE,Bill Belichick,2023_06_NE_LV
2023,6,NO,Dennis Allen,2023_06_NO_HOU
2023,6,NYG,Brian Daboll,2023_06_NYG_BUF
2023,6,NYJ,Robert Saleh,2023_06_PHI_NYJ
2023,6,PHI,Nick Sirianni,2023_06_PHI_NYJ
2023,6,SEA,Pete Carroll,2023_06_SEA_CIN
2023,6,SF,Kyle Shanahan,2023_06_SF_CLE
2023,6,TB,Todd Bowles,2023_06_DET_TB
2023,6,TEN,Mike Vrabel,2023_06_BAL_TEN
2023,6,WAS,Ron Rivera,2023_06_WAS_ATL
2023,7,ARI,Jonathan Gannon,2023_07_ARI_SEA
2023,7,ATL,Arthur Smith,2023_07_ATL_TB
2023,7,BAL,John Harbaugh,2023_07_DET_BAL
2023,7,BUF,Sean McDermott,2023_07_BUF_NE
2023,7,CHI,Matt Eberflus,2023_07_LV_CHI
2023,7,CLE,Kevin Stefanski,2023_07_CLE_IND
2023,7,DEN,Sean Payton,2023_07_GB_DEN
2023,7,DET,Dan Campbell,2023_07_DET_BAL
2023,7,GB,Matt LaFleur,2023_07_GB_DEN
2023,7,IND,Shane Steichen,2023_07_CLE_IND
2023,7,JAX,Doug Pederson,2023_07_JAX_NO
2023,7,KC,Andy Reid,2023_07_LAC_KC
2023,7,LA,Sean McVay,2023_07_PIT_LA
2023,7,LAC,Brandon Staley,2023_07_LAC_KC
2023,7,LV,Josh McDaniels,2023_07_LV_CHI
2023,7,MIA,Mike McDaniel,2023_07_MIA_PHI
2023,7,MIN,Kevin O'Connell,2023_07_SF_MIN
2023,7,NE,Bill Belichick,2023_07_BUF_NE
2023,7,NO,Dennis Allen,2023_07_JAX_NO
2023,7,NYG,Brian Daboll,2023_07_WAS_NYG
2023,7,PHI,Nick Sirianni,2023_07_MIA_PHI
2023,7,PIT,Mike Tomlin,2023_07_PIT_LA
2023,7,SEA,Pete Carroll,2023_07_ARI_SEA
2023,7,SF,Kyle Shanahan,2023_07_SF_MIN
2023,7,TB,Todd Bowles,2023_07_ATL_TB
2023,7,WAS,Ron Rivera,2023_07_WAS_NYG
2023,8,ARI,Jonathan Gannon,2023_08_BAL_ARI
2023,8,ATL,Arthur Smith,2023_08_ATL_TEN
2023,8,BAL,John Harbaugh,2023_08_BAL_ARI
2023,8,BUF,Sean McDermott,2023_08_TB_BUF
2023,8,CAR,Frank Reich,2023_08_HOU_CAR
2023,8,CHI,Matt Eberflus,2023_08_CHI_LAC
2023,8,CIN,Zac Taylor,2023_08_CIN_SF
2023,8,CLE,Kevin Stefanski,2023_08_CLE_SEA
2023,8,DAL,Mike McCarthy,2023_08_LA_DAL
2023,8,DEN,Sean Payton,2023_08_KC_DEN
2023,8,DET,Dan Campbell,2023_08_LV_DET
2023,8,GB,Matt LaFleur,2023_08_MIN_GB
2023,8,HOU,DeMeco Ryans,2023_08_HOU_CAR
2023,8,IND,Shane Steichen,2023_08_NO_IND
2023,8,JAX,Doug Pederson,2023_08_JAX_PIT
2023,8,KC,Andy Reid,2023_08_KC_DEN
2023,8,LA,Sean McVay,2023_08_LA_DAL
2023,8,LAC,Brandon Staley,2023_08_CHI_LAC
2023,8,LV,Josh McDaniels,2023_08_LV_DET
2023,8,MIA,Mike McDaniel,2023_08_NE_MIA
2023,8,MIN,Kevin O'Connell,2023_08_MIN_GB
2023,8,NE,Bill Belichick,2023_08_NE_MIA
2023,8,NO,Dennis Allen,2023_08_NO_IND
2023,8,NYG,Brian Daboll,2023_08_NYJ_NYG
2023,8,NYJ,Robert Saleh,2023_08_NYJ_NYG
2023,8,PHI,Nick Sirianni,2023_08_PHI_WAS
2023,8,PIT,Mike Tomlin,2023_08_JAX_PIT
2023,8,SEA,Pete Carroll,2023_08_CLE_SEA
2023,8,SF,Kyle Shanahan,2023_08_CIN_SF
2023,8,TB,Todd Bowles,2023_08_TB_BUF
2023,8,TEN,Mike Vrabel,2023_08_ATL_TEN
2023,8,WAS,Ron Rivera,2023_08_PHI_WAS
2023,9,ARI,Jonathan Gannon,2023_09_ARI_CLE
2023,9,ATL,Arthur Smith,2023_09_MIN_ATL
2023,9,BAL,John Harbaugh,2023_09_SEA_BAL
2023,9,BUF,Sean McDermott,2023_09_BUF_CIN
2023,9,CAR,Frank Reich,2023_09_IND_CAR
2023,9,CHI,Matt Eberflus,2023_09_CHI_NO
2023,9,CIN,Zac Taylor,2023_09_BUF_CIN
2023,9,CLE,Kevin Stefanski,2023_09_ARI_CLE
2023,9,DAL,Mike McCarthy,2023_09_DAL_PHI
2023,9,GB,Matt LaFleur,2023_09_LA_GB
2023,9,HOU,DeMeco Ryans,2023_09_TB_HOU
2023,9,IND,Shane Steichen,2023_09_IND_CAR
2023,9,KC,Andy Reid,2023_09_MIA_KC
2023,9,LA,Sean McVay,2023_09_LA_GB
2023,9,LAC,Brandon Staley,2023_09_LAC_NYJ
2023,9,LV,Antonio Pierce,2023_09_NYG_LV
2023,9,MIA,Mike McDaniel,2023_09_MIA_KC
2023,9,MIN,Kevin O'Connell,2023_09_MIN_ATL
2023,9,NE,Bill Belichick,2023_09_WAS_NE
2023,9,NO,Dennis Allen,2023_09_CHI_NO
2023,9,NYG,Brian Daboll,2023_09_NYG_LV
2023,9,NYJ,Robert Saleh,2023_09_LAC_NYJ
2023,9,PHI,Nick Sirianni,2023_09_DAL_PHI
2023,9,PIT,Mike Tomlin,2023_09_TEN_PIT
2023,9,SEA,Pete Carroll,2023_09_SEA_BAL
2023,9,TB,Todd Bowles,2023_09_TB_HOU
2023,9,TEN,Mike Vrabel,2023_09_TEN_PIT
2023,9,WAS,Ron Rivera,2023_09_WAS_NE
2023,10,ARI,Jonathan Gannon,2023_10_ATL_ARI
2023,10,ATL,Arthur Smith,2023_10_ATL_ARI
2023,10,BAL,John Harbaugh,2023_10_CLE_BAL
2023,10,BUF,Sean McDermott,2023_10_DEN_BUF
2023,10,CAR,Frank Reich,2023_10_CAR_CHI
2023,10,CHI,Matt Eberflus,2023_10_CAR_CHI
2023,10,CIN,Zac Taylor,2023_10_HOU_CIN
2023,10,CLE,Kevin Stefanski,2023_10_CLE_BAL
2023,10,DAL,Mike McCarthy,2023_10_NYG_DAL
2023,10,DEN,Sean Payton,2023_10_DEN_BUF
2023,10,DET,Dan Campbell,2023_10_DET_LAC
2023,10,GB,Matt LaFleur,2023_10_GB_PIT
2023,10,HOU,DeMeco Ryans,2023_10_HOU_CIN
2023,10,IND,Shane Steichen,2023_10_IND_NE
2023,10,JAX,Doug Pederson,2023_10_SF_JAX
2023,10,LAC,Brandon Staley,2023_10_DET_LAC
2023,10,LV,Antonio Pierce,2023_10_NYJ_LV
2023,10,MIN,Kevin O'Connell,2023_10_NO_MIN
2023,10,NE,Bill Belichick,2023_10_IND_NE
2023,10,NO,Dennis Allen,2023_10_NO_MIN
2023,10,NYG,Brian Daboll,2023_10_NYG_DAL
2023,10,NYJ,Robert Saleh,2023_10_NYJ_LV
2023,10,PIT,Mike Tomlin,2023_10_GB_PIT
2023,10,SEA,Pete Carroll,2023_10_WAS_SEA
2023,10,SF,Kyle Shanahan,2023_10_SF_JAX
2023,10,TB,Todd Bowles,2023_10_TEN_TB
2023,10,TEN,Mike Vrabel,2023_10_TEN_TB
2023,10,WAS,Ron Rivera,2023_10_WAS_SEA
2023,11,ARI,Jonathan Gannon,2023_11_ARI_HOU
2023,11,BAL,John Harbaugh,2023_11_CIN_BAL
2023,11,BUF,Sean McDermott,2023_11_NYJ_BUF
2023,11,CAR,Frank Reich,2023_11_DAL_CAR
2023,11,CHI,Matt Eberflus,2023_11_CHI_DET
2023,11,CIN,Zac Taylor,2023_11_CIN_BAL
2023,11,CLE,Kevin Stefanski,2023_11_PIT_CLE
2023,11,DAL,Mike McCarthy,2023_11_DAL_CAR
2023,11,DEN,Sean Payton,2023_11_MIN_DEN
2023,11,DET,Dan Campbell,2023_11_CHI_DET
2023,11,GB,Matt LaFleur,2023_11_LAC_GB
2023,11,HOU,DeMeco Ryans,2023_11_ARI_HOU
2023,11,JAX,Doug Pederson,2023_11_TEN_JAX
2023,11,KC,Andy Reid,2023_11_PHI_KC
2023,11,LA,Sean McVay,2023_11_SEA_LA
2023,11,LAC,Brandon Staley,2023_11_LAC_GB
2023,11,LV,Antonio Pierce,2023_11_LV_MIA
2023,11,MIA,Mike McDaniel,2023_11_LV_MIA
2023,11,MIN,Kevin O'Connell,2023_11_MIN_DEN
2023,11,NYG,Brian Daboll,2023_11_NYG_WAS
2023,11,NYJ,Robert Saleh,2023_11_NYJ_BUF
2023,11,PHI,Nick Sirianni,2023_11_PHI_KC
2023,11,PIT,Mike Tomlin,2023_11_PIT_CLE
2023,11,SEA,Pete Carroll,2023_11_SEA_LA
2023,11,SF,Kyle Shanahan,2023_11_TB_SF
2023,11,TB,Todd Bowles,2023_11_TB_SF
2023,11,TEN,Mike Vrabel,2023_11_TEN_JAX
2023,11,WAS,Ron Rivera,2023_11_NYG_WAS
2023,12,ARI,Jonathan Gannon,2023_12_LA_ARI
2023,12,ATL,Arthur Smith,2023_12_NO_ATL
2023,12,BAL,John Harbaugh,2023_12_BAL_LAC
2023,12,BUF,Sean McDermott,2023_12_BUF_PHI
2023,12,CAR,Frank Reich,2023_12_CAR_TEN
2023,12,CHI,Matt Eberflus,2023_12_CHI_MIN
2023,12,CIN,Zac Taylor,2023_12_PIT_CIN
2023,12,CLE,Kevin Stefanski,2023_12_CLE_DEN
2023,12,DAL,Mike McCarthy,2023_12_WAS_DAL
2023,12,DEN,Sean Payton,2023_12_CLE_DEN
2023,12,DET,Dan Campbell,2023_12_GB_DET
2023,12,GB,Matt LaFleur,2023_12_GB_DET
2023,12,HOU,DeMeco Ryans,2023_12_JAX_HOU
2023,12,IND,Shane Steichen,2023_12_TB_IND
2023,12,JAX,Doug Pederson,2023_12_JAX_HOU
2023,12,KC,Andy Reid,2023_12_KC_LV
2023,12,LA,Sean McVay,2023_12_LA_ARI
2023,12,LAC,Brandon Staley,2023_12_BAL_LAC
2023,12,LV,Antonio Pierce,2023_12_KC_LV
2023,12,MIA,Mike McDaniel,2023_12_MIA_NYJ
2023,12,MIN,Kevin O'Connell,2023_12_CHI_MIN
2023,12,NE,Bill Belichick,2023_12_NE_NYG
2023,12,NO,Dennis Allen,2023_12_NO_ATL
2023,12,NYG,Brian Daboll,2023_12_NE_NYG
2023,12,NYJ,Robert Saleh,2023_12_MIA_NYJ
2023,12,PHI,Nick Sirianni,2023_12_BUF_PHI
2023,12,PIT,Mike Tomlin,2023_12_PIT_CIN
2023,12,SEA,Pete Carroll,2023_12_SF_SEA
2023,12,SF,Kyle Shanahan,2023_12_SF_SEA
2023,12,TB,Todd Bowles,2023_12_TB_IND
2023,12,TEN,Mike Vrabel,2023_12_CAR_TEN
2023,12,WAS,Ron Rivera,2023_12_WAS_DAL
2023,13,ARI,Jonathan Gannon,2023_13_ARI_PIT
2023,13,ATL,Arthur Smith,2023_13_ATL_NYJ
2023,13,CAR,Chris Tabor,2023_13_CAR_TB
2023,13,CIN,Zac Taylor,2023_13_CIN_JAX
2023,13,CLE,Kevin Stefanski,2023_13_CLE_LA
2023,13,DAL,Mike McCarthy,2023_13_SEA_DAL
2023,13,DEN,Sean Payton,2023_13_DEN_HOU
2023,13,DET,Dan Campbell,2023_13_DET_NO
2023,13,GB,Matt LaFleur,2023_13_KC_GB
2023,13,HOU,DeMeco Ryans,2023_13_DEN_HOU
2023,13,IND,Shane Steichen,2023_13_IND_TEN
2023,13,JAX,Doug Pederson,2023_13_CIN_JAX
2023,13,KC,Andy Reid,2023_13_KC_GB
2023,13,LA,Sean McVay,2023_13_CLE_LA
2023,13,LAC,Brandon Staley,2023_13_LAC_NE
2023,13,MIA,Mike McDaniel,2023_13_MIA_WAS
2023,13,NE,Bill Belichick,2023_13_LAC_NE
2023,13,NO,Dennis Allen,2023_13_DET_NO
2023,13,NYJ,Robert Saleh,2023_13_ATL_NYJ
2023,13,PHI,Nick Sirianni,2023_13_SF_PHI
2023,13,PIT,Mike Tomlin,2023_13_ARI_PIT
2023,13,SEA,Pete Carroll,2023_13_SEA_DAL
2023,13,SF,Kyle Shanahan,2023_13_SF_PHI
2023,13,TB,Todd Bowles,2023_13_CAR_TB
2023,13,TEN,Mike Vrabel,2023_13_IND_TEN
2023,13,WAS,Ron Rivera,2023_13_MIA_WAS
2023,14,ATL,Arthur Smith,2023_14_TB_ATL
2023,14,BAL,John Harbaugh,2023_14_LA_BAL
2023,14,BUF,Sean McDermott,2023_14_BUF_KC
2023,14,CAR,Chris Tabor,2023_14_CAR_NO
2023,14,CHI,Matt Eberflus,2023_14_DET_CHI
2023,14,CIN,Zac Taylor,2023_14_IND_CIN
2023,14,CLE,Kevin Stefanski,2023_14_JAX_CLE
2023,14,DAL,Mike McCarthy,2023_14_PHI_DAL
2023,14,DEN,Sean Payton,2023_14_DEN_LAC
2023,14,DET,Dan Campbell,2023_14_DET_CHI
2023,14,GB,Matt LaFleur,2023_14_GB_NYG
2023,14,HOU,DeMeco Ryans,2023_14_HOU_NYJ
2023,14,IND,Shane Steichen,2023_14_IND_CIN
2023,14,JAX,Doug Pederson,2023_14_JAX_CLE
2023,14,KC,Andy Reid,2023_14_BUF_KC
2023,14,LA,Sean McVay,2023_14_LA_BAL
2023,14,LAC,Brandon Staley,2023_14_DEN_LAC
2023,14,LV,Antonio Pierce,2023_14_MIN_LV
2023,14,MIA,Mike McDaniel,2023_14_TEN_MIA
2023,14,MIN,Kevin O'Connell,2023_14_MIN_LV
2023,14,NE,Bill Belichick,2023_14_NE_PIT
2023,14,NO,Dennis Allen,2023_14_CAR_NO
2023,14,NYG,Brian Daboll,2023_14_GB_NYG
2023,14,NYJ,Robert Saleh,2023_14_HOU_NYJ
2023,14,PHI,Nick Sirianni,2023_14_PHI_DAL
2023,14,PIT,Mike Tomlin,2023_14_NE_PIT
2023,14,SEA,Pete Carroll,2023_14_SEA_SF
2023,14,SF,Kyle Shanahan,2023_14_SEA_SF
2023,14,TB,Todd Bowles,2023_14_TB_ATL
2023,14,TEN,Mike Vrabel,2023_14_TEN_MIA
2023,15,ARI,Jonathan Gannon,2023_15_SF_ARI
2023,15,ATL,Arthur Smith,2023_15_ATL_CAR
2023,15,BAL,John Harbaugh,2023_15_BAL_JAX
2023,15,BUF,Sean McDermott,2023_15_DAL_BUF
2023,15,CAR,Chris Tabor,2023_15_ATL_CAR
2023,15,CHI,Matt Eberflus,2023_15_CHI_CLE
2023,15,CIN,Zac Taylor,2023_15_MIN_CIN
2023,15,CLE,Kevin Stefanski,2023_15_CHI_CLE
2023,15,DAL,Mike McCarthy,2023_15_DAL_BUF
2023,15,DEN,Sean Payton,2023_15_DEN_DET
2023,15,DET,Dan Campbell,2023_15_DEN_DET
2023,15,GB,Matt LaFleur,2023_15_TB_GB
2023,15,HOU,DeMeco Ryans,2023_15_HOU_TEN
2023,15,IND,Shane Steichen,2023_15_PIT_IND
2023,15,JAX,Doug Pederson,2023_15_BAL_JAX
2023,15,KC,Andy Reid,2023_15_KC_NE
2023,15,LA,Sean McVay,2023_15_WAS_LA
2023,15,LAC,Brandon Staley,2023_15_LAC_LV
2023,15,LV,Antonio Pierce,2023_15_LAC_LV
2023,15,MIA,Mike McDaniel,2023_15_NYJ_MIA
2023,15,MIN,Kevin O'Connell,2023_15_MIN_CIN
2023,15,NE,Bill Belichick,2023_15_KC_NE
2023,15,NO,Dennis Allen,2023_15_NYG_NO
2023,15,NYG,Brian Daboll,2023_15_NYG_NO
2023,15,NYJ,Robert Saleh,2023_15_NYJ_MIA
2023,15,PHI,Nick Sirianni,2023_15_PHI_SEA
2023,15,PIT,Mike Tomlin,2023_15_PIT_IND
2023,15,SEA,Pete Carroll,2023_15_PHI_SEA
2023,15,SF,Kyle Shanahan,2023_15_SF_ARI
2023,15,TB,Todd Bowles,2023_15_TB_GB
2023,15,TEN,Mike Vrabel,2023_15_HOU_TEN
2023,15,WAS,Ron Rivera,2023_15_WAS_LA
2023,16,ARI,Jonathan Gannon,2023_16_ARI_CHI
2023,16,ATL,Arthur Smith,2023_16_IND_ATL
2023,16,BAL,John Harbaugh,2023_16_BAL_SF
2023,16,BUF,Sean McDermott,2023_16_BUF_LAC
2023,16,CAR,Chris Tabor,2023_16_GB_CAR
2023,16,CHI,Matt Eberflus,2023_16_ARI_CHI
2023,16,CIN,Zac Taylor,2023_16_CIN_PIT
2023,16,CLE,Kevin Stefanski,2023_16_CLE_HOU
2023,16,DAL,Mike McCarthy,2023_16_DAL_MIA
2023,16,DEN,Sean Payton,2023_16_NE_DEN
2023,16,DET,Dan Campbell,2023_16_DET_MIN
2023,16,GB,Matt LaFleur,2023_16_GB_CAR
2023,16,HOU,DeMeco Ryans,2023_16_CLE_HOU
2023,16,IND,Shane Steichen,2023_16_IND_ATL
2023,16,JAX,Doug Pederson,2023_16_JAX_TB
2023,16,KC,Andy Reid,2023_16_LV_KC
2023,16,LA,Sean McVay,2023_16_NO_LA
2023,16,LAC,Giff Smith,2023_16_BUF_LAC
2023,16,LV,Antonio Pierce,2023_16_LV_KC
2023,16,MIA,Mike McDaniel,2023_16_DAL_MIA
2023,16,MIN,Kevin O'Connell,2023_16_DET_MIN
2023,16,NE,Bill Belichick,2023_16_NE_DEN
2023,16,NO,Dennis Allen,2023_16_NO_LA
2023,16,NYG,Brian Daboll,2023_16_NYG_PHI
2023,16,NYJ,Robert Saleh,2023_16_WAS_NYJ
2023,16,PHI,Nick Sirianni,2023_16_NYG_PHI
2023,16,PIT,Mike Tomlin,2023_16_CIN_PIT
2023,16,SEA,Pete Carroll,2023_16_SEA_TEN
2023,16,SF,Kyle Shanahan,2023_16_BAL_SF
2023,16,TB,Todd Bowles,2023_16_JAX_TB
2023,16,TEN,Mike Vrabel,2023_16_SEA_TEN
2023,16,WAS,Ron Rivera,2023_16_WAS_NYJ
2023,17,ARI,Jonathan Gannon,2023_17_ARI_PHI
2023,17,ATL,Arthur Smith,2023_17_ATL_CHI
2023,17,BAL,John Harbaugh,2023_17_MIA_BAL
2023,17,BUF,Sean McDermott,2023_17_NE_BUF
2023,17,CAR,Chris Tabor,2023_17_CAR_JAX
2023,17,CHI,Matt Eberflus,2023_17_ATL_CHI
2023,17,CIN,Zac Taylor,2023_17_CIN_KC
2023,17,CLE,Kevin Stefanski,2023_17_NYJ_CLE
2023,17,DAL,Mike McCarthy,2023_17_DET_DAL
2023,17,DEN,Sean Payton,2023_17_LAC_DEN
2023,17,DET,Dan Campbell,2023_17_DET_DAL
2023,17,GB,Matt LaFleur,2023_17_GB_MIN
2023,17,HOU,DeMeco Ryans,2023_17_TEN_HOU
2023,17,IND,Shane Steichen,2023_17_LV_IND
2023,17,JAX,Doug Pederson,2023_17_CAR_JAX
2023,17,KC,Andy Reid,2023_17_CIN_KC
2023,17,LA,Sean McVay,2023_17_LA_NYG
2023,17,LAC,Giff Smith,2023_17_LAC_DEN
2023,17,LV,Antonio Pierce,2023_17_LV_IND
2023,17,MIA,Mike McDaniel,2023_17_MIA_BAL
2023,17,MIN,Kevin O'Connell,2023_17_GB_MIN
2023,17,NE,Bill Belichick,2023_17_NE_BUF
2023,17,NO,Dennis Allen,2023_17_NO_TB
2023,17,NYG,Brian Daboll,2023_17_LA_NYG
2023,17,NYJ,Robert Saleh,2023_17_NYJ_CLE
2023,17,PHI,Nick Sirianni,2023_17_ARI_PHI
2023,17,PIT,Mike Tomlin,2023_17_PIT_SEA
2023,17,SEA,Pete Carroll,2023_17_PIT_SEA
2023,17,SF,Kyle Shanahan,2023_17_SF_WAS
2023,17,TB,Todd Bowles,2023_17_NO_TB
2023,17,TEN,Mike Vrabel,2023_17_TEN_HOU
2023,17,WAS,Ron Rivera,2023_17_SF_WAS
2023,18,ARI,Jonathan Gannon,2023_18_SEA_ARI
2023,18,ATL,Arthur Smith,2023_18_ATL_NO
2023,18,BAL,John Harbaugh,2023_18_PIT_BAL
2023,18,BUF,Sean McDermott,2023_18_BUF_MIA
2023,18,CAR,Chris Tabor,2023_18_TB_CAR
2023,18,CHI,Matt Eberflus,2023_18_CHI_GB
2023,18,CIN,Zac Taylor,2023_18_CLE_CIN
2023,18,CLE,Kevin Stefanski,2023_18_CLE_CIN
2023,18,DAL,Mike McCarthy,2023_18_DAL_WAS
2023,18,DEN,Sean Payton,2023_18_DEN_LV
2023,18,DET,Dan Campbell,2023_18_MIN_DET
2023,18,GB,Matt LaFleur,2023_18_CHI_GB
2023,18,HOU,DeMeco Ryans,2023_18_HOU_IND
2023,18,IND,Shane Steichen,2023_18_HOU_IND
2023,18,JAX,Doug Pederson,2023_18_JAX_TEN
2023,18,KC,Andy Reid,2023_18_KC_LAC
2023,18,LA,Sean McVay,2023_18_LA_SF
2023,18,LAC,Giff Smith,2023_18_KC_LAC
2023,18,LV,Antonio Pierce,2023_18_DEN_LV
2023,18,MIA,Mike McDaniel,2023_18_BUF_MIA
2023,18,MIN,Kevin O'Connell,2023_18_MIN_DET
2023,18,NE,Bill Belichick,2023_18_NYJ_NE
2023,18,NO,Dennis Allen,2023_18_ATL_NO
2023,18,NYG,Brian Daboll,2023_18_PHI_NYG
2023,18,NYJ,Robert Saleh,2023_18_NYJ_NE
2023,18,PHI,Nick Sirianni,2023_18_PHI_NYG
2023,18,PIT,Mike Tomlin,2023_18_PIT_BAL
2023,18,SEA,Pete Carroll,2023_18_SEA_ARI
2023,18,SF,Kyle Shanahan,2023_18_LA_SF
2023,18,TB,Todd Bowles,2023_18_TB_CAR
2023,18,TEN,Mike Vrabel,2023_18_JAX_TEN
2023,18,WAS,Ron Rivera,2023_18_DAL_WAS
2024,1,ARI,Jonathan Gannon,2024_01_ARI_BUF
2024,1,ATL,Raheem Morris,2024_01_PIT_ATL
2024,1,BAL,John Harbaugh,2024_01_BAL_KC
2024,1,BUF,Sean McDermott,2024_01_ARI_BUF
2024,1,CAR,Dave Canales,2024_01_CAR_NO
2024,1,CHI,Matt Eberflus,2024_01_TEN_CHI
2024,1,CIN,Zac Taylor,2024_01_NE_CIN
2024,1,CLE,Kevin Stefanski,2024_01_DAL_CLE
2024,1,DAL,Mike McCarthy,2024_01_DAL_CLE
2024,1,DEN,Sean Payton,2024_01_DEN_SEA
2024,1,DET,Dan Campbell,2024_01_LA_DET
2024,1,GB,Matt LaFleur,2024_01_GB_PHI
2024,1,HOU,DeMeco Ryans,2024_01_HOU_IND
2024,1,IND,Shane Steichen,2024_01_HOU_IND
2024,1,JAX,Doug Pederson,2024_01_JAX_MIA
2024,1,KC,Andy Reid,2024_01_BAL_KC
2024,1,LA,Sean McVay,2024_01_LA_DET
2024,1,LAC,Jim Harbaugh,2024_01_LV_LAC
2024,1,LV,Antonio Pierce,2024_01_LV_LAC
2024,1,MIA,Mike McDaniel,2024_01_JAX_MIA
2024,1,MIN,Kevin O'Connell,2024_01_MIN_NYG
2024,1,NE,Jerod Mayo,2024_01_NE_CIN
2024,1,NO,Dennis Allen,2024_01_CAR_NO
2024,1,NYG,Brian Daboll,2024_01_MIN_NYG
2024,1,NYJ,Robert Saleh,2024_01_NYJ_SF
2024,1,PHI,Nick Sirianni,2024_01_GB_PHI
2024,1,PIT,Mike Tomlin,2024_01_PIT_ATL
2024,1,SEA,Mike Macdonald,2024_01_DEN_SEA
2024,1,SF,Kyle Shanahan,2024_01_NYJ_SF
2024,1,TB,Todd Bowles,2024_01_WAS_TB
2024,1,TEN,Brian Callahan,2024_01_TEN_CHI
2024,1,WAS,Dan Quinn,2024_01_WAS_TB
2024,2,ARI,Jonathan Gannon,2024_02_LA_ARI
2024,2,ATL,Raheem Morris,2024_02_ATL_PHI
2024,2,BAL,John Harbaugh,2024_02_LV_BAL
2024,2,BUF,Sean McDermott,2024_02_BUF_MIA
2024,2,CAR,Dave Canales,2024_02_LAC_CAR
2024,2,CHI,Matt Eberflus,2024_02_CHI_HOU
2024,2,CIN,Zac Taylor,2024_02_CIN_KC
2024,2,CLE,Kevin Stefanski,2024_02_CLE_JAX
2024,2,DAL,Mike McCarthy,2024_02_NO_DAL
2024,2,DEN,Sean Payton,2024_02_PIT_DEN
2024,2,DET,Dan Campbell,2024_02_TB_DET
2024,2,GB,Matt LaFleur,2024_02_IND_GB
2024,2,HOU,DeMeco Ryans,2024_02_CHI_HOU
2024,2,IND,Shane Steichen,2024_02_IND_GB
2024,2,JAX,Doug Pederson,2024_02_CLE_JAX
2024,2,KC,Andy Reid,2024_02_CIN_KC
2024,2,LA,Sean McVay,2024_02_LA_ARI
2024,2,LAC,Jim Harbaugh,2024_02_LAC_CAR
2024,2,LV,Antonio Pierce,2024_02_LV_BAL
2024,2,MIA,Mike McDaniel,2024_02_BUF_MIA
2024,2,MIN,Kevin O'Connell,2024_02_SF_MIN
2024,2,NE,Jerod Mayo,2024_02_SEA_NE
2024,2,NO,Dennis Allen,2024_02_NO_DAL
2024,2,NYG,Brian Daboll,2024_02_NYG_WAS
2024,2,NYJ,Robert Saleh,2024_02_NYJ_TEN
2024,2,PHI,Nick Sirianni,2024_02_ATL_PHI
2024,2,PIT,Mike Tomlin,2024_02_PIT_DEN
2024,2,SEA,Mike Macdonald,2024_02_SEA_NE
2024,2,SF,Kyle Shanahan,2024_02_SF_MIN
2024,2,TB,Todd Bowles,2024_02_TB_DET
2024,2,TEN,Brian Callahan,2024_02_NYJ_TEN
2024,2,WAS,Dan Quinn,2024_02_NYG_WAS
2024,3,ARI,Jonathan Gannon,2024_03_DET_ARI
2024,3,ATL,Raheem Morris,2024_03_KC_ATL
2024,3,BAL,John Harbaugh,2024_03_BAL_DAL
2024,3,BUF,Sean McDermott,2024_03_JAX_BUF
2024,3,CAR,Dave Canales,2024_03_CAR_LV
2024,3,CHI,Matt Eberflus,2024_03_CHI_IND
2024,3,CIN,Zac Taylor,2024_03_WAS_CIN
2024,3,CLE,Kevin Stefanski,2024_03_NYG_CLE
2024,3,DAL,Mike McCarthy,2024_03_BAL_DAL
2024,3,DEN,Sean Payton,2024_03_DEN_TB
2024,3,DET,Dan Campbell,2024_03_DET_ARI
2024,3,GB,Matt LaFleur,2024_03_GB_TEN
2024,3,HOU,DeMeco Ryans,2024_03_HOU_MIN
2024,3,IND,Shane Steichen,2024_03_CHI_IND
2024,3,JAX,Doug Pederson,2024_03_JAX_BUF
2024,3,KC,Andy Reid,2024_03_KC_ATL
2024,3,LA,Sean McVay,2024_03_SF_LA
2024,3,LAC,Jim Harbaugh,2024_03_LAC_PIT
2024,3,LV,Antonio Pierce,2024_03_CAR_LV
2024,3,MIA,Mike McDaniel,2024_03_MIA_SEA
2024,3,MIN,Kevin O'Connell,2024_03_HOU_MIN
2024,3,NE,Jerod Mayo,2024_03_NE_NYJ
2024,3,NO,Dennis Allen,2024_03_PHI_NO
2024,3,NYG,Brian Daboll,2024_03_NYG_CLE
2024,3,NYJ,Robert Saleh,2024_03_NE_NYJ
2024,3,PHI,Nick Sirianni,2024_03_PHI_NO
2024,3,PIT,Mike Tomlin,2024_03_LAC_PIT
2024,3,SEA,Mike Macdonald,2024_03_MIA_SEA
2024,3,SF,Kyle Shanahan,2024_03_SF_LA
2024,3,TB,Todd Bowles,2024_03_DEN_TB
2024,3,TEN,Brian Callahan,2024_03_GB_TEN
2024,3,WAS,Dan Quinn,2024_03_WAS_CIN
2024,4,ARI,Jonathan Gannon,2024_04_WAS_ARI
2024,4,ATL,Raheem Morris,2024_04_NO_ATL
2024,4,BAL,John Harbaugh,2024_04_BUF_BAL
2024,4,BUF,Sean McDermott,2024_04_BUF_BAL
2024,4,CAR,Dave Canales,2024_04_CIN_CAR
2024,4,CHI,Matt Eberflus,2024_04_LA_CHI
2024,4,CIN,Zac Taylor,2024_04_CIN_CAR
2024,4,CLE,Kevin Stefanski,2024_04_CLE_LV
2024,4,DAL,Mike McCarthy,2024_04_DAL_NYG
2024,4,DEN,Sean Payton,2024_04_DEN_NYJ
2024,4,DET,Dan Campbell,2024_04_SEA_DET
2024,4,GB,Matt LaFleur,2024_04_MIN_GB
2024,4,HOU,DeMeco Ryans,2024_04_JAX_HOU
2024,4,IND,Shane Steichen,2024_04_PIT_IND
2024,4,JAX,Doug Pederson,2024_04_JAX_HOU
2024,4,KC,Andy Reid,2024_04_KC_LAC
2024,4,LA,Sean McVay,2024_04_LA_CHI
2024,4,LAC,Jim Harbaugh,2024_04_KC_LAC
2024,4,LV,Antonio Pierce,2024_04_CLE_LV
2024,4,MIA,Mike McDaniel,2024_04_TEN_MIA
2024,4,MIN,Kevin O'Connell,2024_04_MIN_GB
2024,4,NE,Jerod Mayo,2024_04_NE_SF
2024,4,NO,Dennis Allen,2024_04_NO_ATL
2024,4,NYG,Brian Daboll,2024_04_DAL_NYG
2024,4,NYJ,Robert Saleh,2024_04_DEN_NYJ
2024,4,PHI,Nick Sirianni,2024_04_PHI_TB
2024,4,PIT,Mike Tomlin,2024_04_PIT_IND
2024,4,SEA,Mike Macdonald,2024_04_SEA_DET
2024,4,SF,Kyle Shanahan,2024_04_NE_SF
2024,4,TB,Todd Bowles,2024_04_PHI_TB
2024,4,TEN,Brian Callahan,2024_04_TEN_MIA
2024,4,WAS,Dan Quinn,2024_04_WAS_ARI
2024,5,ARI,Jonathan Gannon,2024_05_ARI_SF
2024,5,ATL,Raheem Morris,2024_05_TB_ATL
2024,5,BAL,John Harbaugh,2024_05_BAL_CIN
2024,5,BUF,Sean McDermott,2024_05_BUF_HOU
2024,5,CAR,Dave Canales,2024_05_CAR_CHI
2024,5,CHI,Matt Eberflus,2024_05_CAR_CHI
2024,5,CIN,Zac Taylor,2024_05_BAL_CIN
2024,5,CLE,Kevin Stefanski,2024_05_CLE_WAS
2024,5,DAL,Mike McCarthy,2024_05_DAL_PIT
2024,5,DEN,Sean Payton,2024_05_LV_DEN
2024,5,GB,Matt LaFleur,2024_05_GB_LA
2024,5,HOU,DeMeco Ryans,2024_05_BUF_HOU
2024,5,IND,Shane Steichen,2024_05_IND_JAX
2024,5,JAX,Doug Pederson,2024_05_IND_JAX
2024,5,KC,Andy Reid,2024_05_NO_KC
2024,5,LA,Sean McVay,2024_05_GB_LA
2024,5,LV,Antonio Pierce,2024_05_LV_DEN
2024,5,MIA,Mike McDaniel,2024_05_MIA_NE
2024,5,MIN,Kevin O'Connell,2024_05_NYJ_MIN
2024,5,NE,Jerod Mayo,2024_05_MIA_NE
2024,5,NO,Dennis Allen,2024_05_NO_KC
2024,5,NYG,Brian Daboll,2024_05_NYG_SEA
2024,5,NYJ,Robert Saleh,2024_05_NYJ_MIN
2024,5,PIT,Mike Tomlin,2024_05_DAL_PIT
2024,5,SEA,Mike Macdonald,2024_05_NYG_SEA
2024,5,SF,Kyle Shanahan,2024_05_ARI_SF
2024,5,TB,Todd Bowles,2024_05_TB_ATL
2024,5,WAS,Dan Quinn,2024_05_CLE_WAS
2024,6,ARI,Jonathan Gannon,2024_06_ARI_GB
2024,6,ATL,Raheem Morris,2024_06_ATL_CAR
2024,6,BAL,John Harbaugh,2024_06_WAS_BAL
2024,6,BUF,Sean McDermott,2024_06_BUF_NYJ
2024,6,CAR,Dave Canales,2024_06_ATL_CAR
2024,6,CHI,Matt Eberflus,2024_06_JAX_CHI
2024,6,CIN,Zac Taylor,2024_06_CIN_NYG
2024,6,CLE,Kevin Stefanski,2024_06_CLE_PHI
2024,6,DAL,Mike McCarthy,2024_06_DET_DAL
2024,6,DEN,Sean Payton,2024_06_LAC_DEN
2024,6,DET,Dan Campbell,2024_06_DET_DAL
2024,6,GB,Matt LaFleur,2024_06_ARI_GB
2024,6,HOU,DeMeco Ryans,2024_06_HOU_NE
2024,6,IND,Shane Steichen,2024_06_IND_TEN
2024,6,JAX,Doug Pederson,2024_06_JAX_CHI
2024,6,LAC,Jim Harbaugh,2024_06_LAC_DEN
2024,6,LV,Antonio Pierce,2024_06_PIT_LV
2024,6,NE,Jerod Mayo,2024_06_HOU_NE
2024,6,NO,Dennis Allen,2024_06_TB_NO
2024,6,NYG,Brian Daboll,2024_06_CIN_NYG
2024,6,NYJ,Robert Saleh,2024_06_BUF_NYJ
2024,6,PHI,Nick Sirianni,2024_06_CLE_PHI
2024,6,PIT,Mike Tomlin,2024_06_PIT_LV
2024,6,SEA,Mike Macdonald,2024_06_SF_SEA
2024,6,SF,Kyle Shanahan,2024_06_SF_SEA
2024,6,TB,Todd Bowles,2024_06_TB_NO
2024,6,TEN,Brian Callahan,2024_06_IND_TEN
2024,6,WAS,Dan Quinn,2024_06_WAS_BAL
2024,7,ARI,Jonathan Gannon,2024_07_LAC_ARI
2024,7,ATL,Raheem Morris,2024_07_SEA_ATL
2024,7,BAL,John Harbaugh,2024_07_BAL_TB
2024,7,BUF,Sean McDermott,2024_07_TEN_BUF
2024,7,CAR,Dave Canales,2024_07_CAR_WAS
2024,7,CIN,Zac Taylor,2024_07_CIN_CLE
2024,7,CLE,Kevin Stefanski,2024_07_CIN_CLE
2024,7,DEN,Sean Payton,2024_07_DEN_NO
2024,7,DET,Dan Campbell,2024_07_DET_MIN
2024,7,GB,Matt LaFleur,2024_07_HOU_GB
2024,7,HOU,DeMeco Ryans,2024_07_HOU_GB
2024,7,IND,Shane Steichen,2024_07_MIA_IND
2024,7,JAX,Doug Pederson,2024_07_NE_JAX
2024,7,KC,Andy Reid,2024_07_KC_SF
2024,7,LA,Sean McVay,2024_07_LV_LA
2024,7,LAC,Jim Harbaugh,2024_07_LAC_ARI
2024,7,LV,Antonio Pierce,2024_07_LV_LA
2024,7,MIA,Mike McDaniel,2024_07_MIA_IND
2024,7,MIN,Kevin O'Connell,2024_07_DET_MIN
2024,7,NE,Jerod Mayo,2024_07_NE_JAX
2024,7,NO,Dennis Allen,2024_07_DEN_NO
2024,7,NYG,Brian Daboll,2024_07_PHI_NYG
2024,7,NYJ,Robert Saleh,2024_07_NYJ_PIT
2024,7,PHI,Nick Sirianni,2024_07_PHI_NYG
2024,7,PIT,Mike Tomlin,2024_07_NYJ_PIT
2024,7,SEA,Mike Macdonald,2024_07_SEA_ATL
2024,7,SF,Kyle Shanahan,2024_07_KC_SF
2024,7,TB,Todd Bowles,2024_07_BAL_TB
2024,7,TEN,Brian Callahan,2024_07_TEN_BUF
2024,7,WAS,Dan Quinn,2024_07_CAR_WAS
2024,8,ARI,Jonathan Gannon,2024_08_ARI_MIA
2024,8,ATL,Raheem Morris,2024_08_ATL_TB
2024,8,BAL,John Harbaugh,2024_08_BAL_CLE
2024,8,BUF,Sean McDermott,2024_08_BUF_SEA
2024,8,CAR,Dave Canales,2024_08_CAR_DEN
2024,8,CHI,Matt Eberflus,2024_08_CHI_WAS
2024,8,CIN,Zac Taylor,2024_08_PHI_CIN
2024,8,CLE,Kevin Stefanski,2024_08_BAL_CLE
2024,8,DAL,Mike McCarthy,2024_08_DAL_SF
2024,8,DEN,Sean Payton,2024_08_CAR_DEN
2024,8,DET,Dan Campbell,2024_08_TEN_DET
2024,8,GB,Matt LaFleur,2024_08_GB_JAX
2024,8,HOU,DeMeco Ryans,2024_08_IND_HOU
2024,8,IND,Shane Steichen,2024_08_IND_HOU
2024,8,JAX,Doug Pederson,2024_08_GB_JAX
2024,8,KC,Andy Reid,2024_08_KC_LV
2024,8,LA,Sean McVay,2024_08_MIN_LA
2024,8,LAC,Jim Harbaugh,2024_08_NO_LAC
2024,8,LV,Antonio Pierce,2024_08_KC_LV
2024,8,MIA,Mike McDaniel,2024_08_ARI_MIA
2024,8,MIN,Kevin O'Connell,2024_08_MIN_LA
2024,8,NE,Jerod Mayo,2024_08_NYJ_NE
2024,8,NO,Dennis Allen,2024_08_NO_LAC
2024,8,NYG,Brian Daboll,2024_08_NYG_PIT
2024,8,NYJ,Robert Saleh,2024_08_NYJ_NE
2024,8,PHI,Nick Sirianni,2024_08_PHI_CIN
2024,8,PIT,Mike Tomlin,2024_08_NYG_PIT
2024,8,SEA,Mike Macdonald,2024_08_BUF_SEA
2024,8,SF,Kyle Shanahan,2024_08_DAL_SF
2024,8,TB,Todd Bowles,2024_08_ATL_TB
2024,8,TEN,Brian Callahan,2024_08_TEN_DET
2024,8,WAS,Dan Quinn,2024_08_CHI_WAS
2024,9,ARI,Jonathan Gannon,2024_09_CHI_ARI
2024,9,ATL,Raheem Morris,2024_09_DAL_ATL
2024,9,BAL,John Harbaugh,2024_09_DEN_BAL
2024,9,BUF,Sean McDermott,2024_09_MIA_BUF
2024,9,CAR,Dave Canales,2024_09_NO_CAR
2024,9,CHI,Matt Eberflus,2024_09_CHI_ARI
2024,9,CIN,Zac Taylor,2024_09_LV_CIN
2024,9,CLE,Kevin Stefanski,2024_09_LAC_CLE
2024,9,DAL,Mike McCarthy,2024_09_DAL_ATL
2024,9,DEN,Sean Payton,2024_09_DEN_BAL
2024,9,DET,Dan Campbell,2024_09_DET_GB
2024,9,GB,Matt LaFleur,2024_09_DET_GB
2024,9,HOU,DeMeco Ryans,2024_09_HOU_NYJ
2024,9,IND,Shane Steichen,2024_09_IND_MIN
2024,9,JAX,Doug Pederson,2024_09_JAX_PHI
2024,9,KC,Andy Reid,2024_09_TB_KC
2024,9,LA,Sean McVay,2024_09_LA_SEA
2024,9,LAC,Jim Harbaugh,2024_09_LAC_CLE
2024,9,LV,Antonio Pierce,2024_09_LV_CIN
2024,9,MIA,Mike McDaniel,2024_09_MIA_BUF
2024,9,MIN,Kevin O'Connell,2024_09_IND_MIN
2024,9,NE,Jerod Mayo,2024_09_NE_TEN
2024,9,NO,Dennis Allen,2024_09_NO_CAR
2024,9,NYG,Brian Daboll,2024_09_WAS_NYG
2024,9,NYJ,Robert Saleh,2024_09_HOU_NYJ
2024,9,PHI,Nick Sirianni,2024_09_JAX_PHI
2024,9,SEA,Mike Macdonald,2024_09_LA_SEA
2024,9,TB,Todd Bowles,2024_09_TB_KC
2024,9,TEN,Brian Callahan,2024_09_NE_TEN
2024,9,WAS,Dan Quinn,2024_09_WAS_NYG
2024,10,ARI,Jonathan Gannon,2024_10_NYJ_ARI
2024,10,ATL,Raheem Morris,2024_10_ATL_NO
2024,10,BAL,John Harbaugh,2024_10_CIN_BAL
2024,10,BUF,Sean McDermott,2024_10_BUF_IND
2024,10,CAR,Dave Canales,2024_10_NYG_CAR
2024,10,CHI,Matt Eberflus,2024_10_NE_CHI
2024,10,CIN,Zac Taylor,2024_10_CIN_BAL
2024,10,DAL,Mike McCarthy,2024_10_PHI_DAL
2024,10,DEN,Sean Payton,2024_10_DEN_KC
2024,10,DET,Dan Campbell,2024_10_DET_HOU
2024,10,HOU,DeMeco Ryans,2024_10_DET_HOU
2024,10,IND,Shane Steichen,2024_10_BUF_IND
2024,10,JAX,Doug Pederson,2024_10_MIN_JAX
2024,10,KC,Andy Reid,2024_10_DEN_KC
2024,10,LA,Sean McVay,2024_10_MIA_LA
2024,10,LAC,Jim Harbaugh,2024_10_TEN_LAC
2024,10,MIA,Mike McDaniel,2024_10_MIA_LA
2024,10,MIN,Kevin O'Connell,2024_10_MIN_JAX
2024,10,NE,Jerod Mayo,2024_10_NE_CHI
2024,10,NO,Dennis Allen,2024_10_ATL_NO
2024,10,NYG,Brian Daboll,2024_10_NYG_CAR
2024,10,NYJ,Robert Saleh,2024_10_NYJ_ARI
2024,10,PHI,Nick Sirianni,2024_10_PHI_DAL
2024,10,PIT,Mike Tomlin,2024_10_PIT_WAS
2024,10,SF,Kyle Shanahan,2024_10_SF_TB
2024,10,TB,Todd Bowles,2024_10_SF_TB
2024,10,TEN,Brian Callahan,2024_10_TEN_LAC
2024,10,WAS,Dan Quinn,2024_10_PIT_WAS
2024,11,ATL,Raheem Morris,2024_11_ATL_DEN
2024,11,BAL,John Harbaugh,2024_11_BAL_PIT
2024,11,BUF,Sean McDermott,2024_11_KC_BUF
2024,11,CHI,Matt Eberflus,2024_11_GB_CHI
2024,11,CIN,Zac Taylor,2024_11_CIN_LAC
2024,11,CLE,Kevin Stefanski,2024_11_CLE_NO
2024,11,DAL,Mike McCarthy,2024_11_HOU_DAL
2024,11,DEN,Sean Payton,2024_11_ATL_DEN
2024,11,DET,Dan Campbell,2024_11_JAX_DET
2024,11,GB,Matt LaFleur,2024_11_GB_CHI
2024,11,HOU,DeMeco Ryans,2024_11_HOU_DAL
2024,11,IND,Shane Steichen,2024_11_IND_NYJ
2024,11,JAX,Doug Pederson,2024_11_JAX_DET
2024,11,KC,Andy Reid,2024_11_KC_BUF
2024,11,LA,Sean McVay,2024_11_LA_NE
2024,11,LAC,Jim Harbaugh,2024_11_CIN_LAC
2024,11,LV,Antonio Pierce,2024_11_LV_MIA
2024,11,MIA,Mike McDaniel,2024_11_LV_MIA
2024,11,MIN,Kevin O'Connell,2024_11_MIN_TEN
2024,11,NE,Jerod Mayo,2024_11_LA_NE
2024,11,NO,Dennis Allen,2024_11_CLE_NO
2024,11,NYJ,Robert Saleh,2024_11_IND_NYJ
2024,11,PHI,Nick Sirianni,2024_11_WAS_PHI
2024,11,PIT,Mike Tomlin,2024_11_BAL_PIT
2024,11,SEA,Mike Macdonald,2024_11_SEA_SF
2024,11,SF,Kyle Shanahan,2024_11_SEA_SF
2024,11,TEN,Brian Callahan,2024_11_MIN_TEN
2024,11,WAS,Dan Quinn,2024_11_WAS_PHI
2024,12,ARI,Jonathan Gannon,2024_12_ARI_SEA
2024,12,BAL,John Harbaugh,2024_12_BAL_LAC
2024,12,CAR,Dave Canales,2024_12_KC_CAR
2024,12,CHI,Matt Eberflus,2024_12_MIN_CHI
2024,12,CLE,Kevin Stefanski,2024_12_PIT_CLE
2024,12,DAL,Mike McCarthy,2024_12_DAL_WAS
2024,12,DEN,Sean Payton,2024_12_DEN_LV
2024,12,DET,Dan Campbell,2024_12_DET_IND
2024,12,GB,Matt LaFleur,2024_12_SF_GB
2024,12,HOU,DeMeco Ryans,2024_12_TEN_HOU
2024,12,IND,Shane Steichen,2024_12_DET_IND
2024,12,KC,Andy Reid,2024_12_KC_CAR
2024,12,LA,Sean McVay,2024_12_PHI_LA
2024,12,LAC,Jim Harbaugh,2024_12_BAL_LAC
2024,12,LV,Antonio Pierce,2024_12_DEN_LV
2024,12,MIA,Mike McDaniel,2024_12_NE_MIA
2024,12,MIN,Kevin O'Connell,2024_12_MIN_CHI
2024,12,NE,Jerod Mayo,2024_12_NE_MIA
2024,12,NYG,Brian Daboll,2024_12_TB_NYG
2024,12,PHI,Nick Sirianni,2024_12_PHI_LA
2024,12,PIT,Mike Tomlin,2024_12_PIT_CLE
2024,12,SEA,Mike Macdonald,2024_12_ARI_SEA
2024,12,SF,Kyle Shanahan,2024_12_SF_GB
2024,12,TB,Todd Bowles,2024_12_TB_NYG
2024,12,TEN,Brian Callahan,2024_12_TEN_HOU
2024,12,WAS,Dan Quinn,2024_12_DAL_WAS
2024,13,ARI,Jonathan Gannon,2024_13_ARI_MIN
2024,13,ATL,Raheem Morris,2024_13_LAC_ATL
2024,13,BAL,John Harbaugh,2024_13_PHI_BAL
2024,13,BUF,Sean McDermott,2024_13_SF_BUF
2024,13,CAR,Dave Canales,2024_13_TB_CAR
2024,13,CHI,Matt Eberflus,2024_13_CHI_DET
2024,13,CIN,Zac Taylor,2024_13_PIT_CIN
2024,13,CLE,Kevin Stefanski,2024_13_CLE_DEN
2024,13,DAL,Mike McCarthy,2024_13_NYG_DAL
2024,13,DEN,Sean Payton,2024_13_CLE_DEN
2024,13,DET,Dan Campbell,2024_13_CHI_DET
2024,13,GB,Matt LaFleur,2024_13_MIA_GB
2024,13,HOU,DeMeco Ryans,2024_13_HOU_JAX
2024,13,IND,Shane Steichen,2024_13_IND_NE
2024,13,JAX,Doug Pederson,2024_13_HOU_JAX
2024,13,KC,Andy Reid,2024_13_LV_KC
2024,13,LA,Sean McVay,2024_13_LA_NO
2024,13,LAC,Jim Harbaugh,2024_13_LAC_ATL
2024,13,LV,Antonio Pierce,2024_13_LV_KC
2024,13,MIA,Mike McDaniel,2024_13_MIA_GB
2024,13,MIN,Kevin O'Connell,2024_13_ARI_MIN
2024,13,NE,Jerod Mayo,2024_13_IND_NE
2024,13,NO,Dennis Allen,2024_13_LA_NO
2024,13,NYG,Brian Daboll,2024_13_NYG_DAL
2024,13,NYJ,Robert Saleh,2024_13_SEA_NYJ
2024,13,PHI,Nick Sirianni,2024_13_PHI_BAL
2024,13,PIT,Mike Tomlin,2024_13_PIT_CIN
2024,13,SEA,Mike Macdonald,2024_13_SEA_NYJ
2024,13,SF,Kyle Shanahan,2024_13_SF_BUF
2024,13,TB,Todd Bowles,2024_13_TB_CAR
2024,13,TEN,Brian Callahan,2024_13_TEN_WAS
2024,13,WAS,Dan Quinn,2024_13_TEN_WAS
2024,14,ARI,Jonathan Gannon,2024_14_SEA_ARI
2024,14,ATL,Raheem Morris,2024_14_ATL_MIN
2024,14,BUF,Sean McDermott,2024_14_BUF_LA
2024,14,CAR,Dave Canales,2024_14_CAR_PHI
2024,14,CHI,Matt Eberflus,2024_14_CHI_SF
2024,14,CIN,Zac Taylor,2024_14_CIN_DAL
2024,14,CLE,Kevin Stefanski,2024_14_CLE_PIT
2024,14,DAL,Mike McCarthy,2024_14_CIN_DAL
2024,14,DET,Dan Campbell,2024_14_GB_DET
2024,14,GB,Matt LaFleur,2024_14_GB_DET
2024,14,JAX,Doug Pederson,2024_14_JAX_TEN
2024,14,KC,Andy Reid,2024_14_LAC_KC
2024,14,LA,Sean McVay,2024_14_BUF_LA
2024,14,LAC,Jim Harbaugh,2024_14_LAC_KC
2024,14,LV,Antonio Pierce,2024_14_LV_TB
2024,14,MIA,Mike McDaniel,2024_14_NYJ_MIA
2024,14,MIN,Kevin O'Connell,2024_14_ATL_MIN
2024,14,NO,Dennis Allen,2024_14_NO_NYG
2024,14,NYG,Brian Daboll,2024_14_NO_NYG
2024,14,NYJ,Robert Saleh,2024_14_NYJ_MIA
2024,14,PHI,Nick Sirianni,2024_14_CAR_PHI
2024,14,PIT,Mike Tomlin,2024_14_CLE_PIT
2024,14,SEA,Mike Macdonald,2024_14_SEA_ARI
2024,14,SF,Kyle Shanahan,2024_14_CHI_SF
2024,14,TB,Todd Bowles,2024_14_LV_TB
2024,14,TEN,Brian Callahan,2024_14_JAX_TEN
2024,15,ARI,Jonathan Gannon,2024_15_NE_ARI
2024,15,ATL,Raheem Morris,2024_15_ATL_LV
2024,15,BAL,John Harbaugh,2024_15_BAL_NYG
2024,15,BUF,Sean McDermott,2024_15_BUF_DET
2024,15,CAR,Dave Canales,2024_15_DAL_CAR
2024,15,CHI,Matt Eberflus,2024_15_CHI_MIN
2024,15,CIN,Zac Taylor,2024_15_CIN_TEN
2024,15,CLE,Kevin Stefanski,2024_15_KC_CLE
2024,15,DAL,Mike McCarthy,2024_15_DAL_CAR
2024,15,DEN,Sean Payton,2024_15_IND_DEN
2024,15,DET,Dan Campbell,2024_15_BUF_DET
2024,15,GB,Matt LaFleur,2024_15_GB_SEA
2024,15,HOU,DeMeco Ryans,2024_15_MIA_HOU
2024,15,IND,Shane Steichen,2024_15_IND_DEN
2024,15,JAX,Doug Pederson,2024_15_NYJ_JAX
2024,15,KC,Andy Reid,2024_15_KC_CLE
2024,15,LA,Sean McVay,2024_15_LA_SF
2024,15,LAC,Jim Harbaugh,2024_15_TB_LAC
2024,15,LV,Antonio Pierce,2024_15_ATL_LV
2024,15,MIA,Mike McDaniel,2024_15_MIA_HOU
2024,15,MIN,Kevin O'Connell,2024_15_CHI_MIN
2024,15,NE,Jerod Mayo,2024_15_NE_ARI
2024,15,NO,Dennis Allen,2024_15_WAS_NO
2024,15,NYG,Brian Daboll,2024_15_BAL_NYG
2024,15,NYJ,Robert Saleh,2024_15_NYJ_JAX
2024,15,PHI,Nick Sirianni,2024_15_PIT_PHI
2024,15,PIT,Mike Tomlin,2024_15_PIT_PHI
2024,15,SEA,Mike Macdonald,2024_15_GB_SEA
2024,15,SF,Kyle Shanahan,2024_15_LA_SF
2024,15,TB,Todd Bowles,2024_15_TB_LAC
2024,15,TEN,Brian Callahan,2024_15_CIN_TEN
2024,15,WAS,Dan Quinn,2024_15_WAS_NO
2024,16,ARI,Jonathan Gannon,2024_16_ARI_CAR
2024,16,ATL,Raheem Morris,2024_16_NYG_ATL
2024,16,BAL,John Harbaugh,2024_16_PIT_BAL
2024,16,BUF,Sean McDermott,2024_16_NE_BUF
2024,16,CAR,Dave Canales,2024_16_ARI_CAR
2024,16,CHI,Matt Eberflus,2024_16_DET_CHI
2024,16,CIN,Zac Taylor,2024_16_CLE_CIN
2024,16,CLE,Kevin Stefanski,2024_16_CLE_CIN
2024,16,DAL,Mike McCarthy,2024_16_TB_DAL
2024,16,DEN,Sean Payton,2024_16_DEN_LAC
2024,16,DET,Dan Campbell,2024_16_DET_CHI
2024,16,GB,Matt LaFleur,2024_16_NO_GB
2024,16,HOU,DeMeco Ryans,2024_16_HOU_KC
2024,16,IND,Shane Steichen,2024_16_TEN_IND
2024,16,JAX,Doug Pederson,2024_16_JAX_LV
2024,16,KC,Andy Reid,2024_16_HOU_KC
2024,16,LA,Sean McVay,2024_16_LA_NYJ
2024,16,LAC,Jim Harbaugh,2024_16_DEN_LAC
2024,16,LV,Antonio Pierce,2024_16_JAX_LV
2024,16,MIA,Mike McDaniel,2024_16_SF_MIA
2024,16,MIN,Kevin O'Connell,2024_16_MIN_SEA
2024,16,NE,Jerod Mayo,2024_16_NE_BUF
2024,16,NO,Dennis Allen,2024_16_NO_GB
2024,16,NYG,Brian Daboll,2024_16_NYG_ATL
2024,16,NYJ,Robert Saleh,2024_16_LA_NYJ
2024,16,PHI,Nick Sirianni,2024_16_PHI_WAS
2024,16,PIT,Mike Tomlin,2024_16_PIT_BAL
2024,16,SEA,Mike Macdonald,2024_16_MIN_SEA
2024,16,SF,Kyle Shanahan,2024_16_SF_MIA
2024,16,TB,Todd Bowles,2024_16_TB_DAL
2024,16,TEN,Brian Callahan,2024_16_TEN_IND
2024,16,WAS,Dan Quinn,2024_16_PHI_WAS
2024,17,ARI,Jonathan Gannon,2024_17_ARI_LA
2024,17,ATL,Raheem Morris,2024_17_ATL_WAS
2024,17,BAL,John Harbaugh,2024_17_BAL_HOU
2024,17,BUF,Sean McDermott,2024_17_NYJ_BUF
2024,17,CAR,Dave Canales,2024_17_CAR_TB
2024,17,CHI,Matt Eberflus,2024_17_SEA_CHI
2024,17,CIN,Zac Taylor,2024_17_DEN_CIN
2024,17,CLE,Kevin Stefanski,2024_17_MIA_CLE
2024,17,DAL,Mike McCarthy,2024_17_DAL_PHI
2024,17,DEN,Sean Payton,2024_17_DEN_CIN
2024,17,DET,Dan Campbell,2024_17_DET_SF
2024,17,GB,Matt LaFleur,2024_17_GB_MIN
2024,17,HOU,DeMeco Ryans,2024_17_BAL_HOU
2024,17,IND,Shane Steichen,2024_17_IND_NYG
2024,17,JAX,Doug Pederson,2024_17_TEN_JAX
2024,17,KC,Andy Reid,2024_17_KC_PIT
2024,17,LA,Sean McVay,2024_17_ARI_LA
2024,17,LAC,Jim Harbaugh,2024_17_LAC_NE
2024,17,LV,Antonio Pierce,2024_17_LV_NO
2024,17,MIA,Mike McDaniel,2024_17_MIA_CLE
2024,17,MIN,Kevin O'Connell,2024_17_GB_MIN
2024,17,NE,Jerod Mayo,2024_17_LAC_NE
2024,17,NO,Dennis Allen,2024_17_LV_NO
2024,17,NYG,Brian Daboll,2024_17_IND_NYG
2024,17,NYJ,Robert Saleh,2024_17_NYJ_BUF
2024,17,PHI,Nick Sirianni,2024_17_DAL_PHI
2024,17,PIT,Mike Tomlin,2024_17_KC_PIT
2024,17,SEA,Mike Macdonald,2024_17_SEA_CHI
2024,17,SF,Kyle Shanahan,2024_17_DET_SF
2024,17,TB,Todd Bowles,2024_17_CAR_TB
2024,17,TEN,Brian Callahan,2024_17_TEN_JAX
2024,17,WAS,Dan Quinn,2024_17_ATL_WAS
2024,18,ARI,Jonathan Gannon,2024_18_SF_ARI
2024,18,ATL,Raheem Morris,2024_18_CAR_ATL
2024,18,BAL,John Harbaugh,2024_18_CLE_BAL
2024,18,BUF,Sean McDermott,2024_18_BUF_NE
2024,18,CAR,Dave Canales,2024_18_CAR_ATL
2024,18,CHI,Matt Eberflus,2024_18_CHI_GB
2024,18,CIN,Zac Taylor,2024_18_CIN_PIT
2024,18,CLE,Kevin Stefanski,2024_18_CLE_BAL
2024,18,DAL,Mike McCarthy,2024_18_WAS_DAL
2024,18,DEN,Sean Payton,2024_18_KC_DEN
2024,18,DET,Dan Campbell,2024_18_MIN_DET
2024,18,GB,Matt LaFleur,2024_18_CHI_GB
2024,18,HOU,DeMeco Ryans,2024_18_HOU_TEN
2024,18,IND,Shane Steichen,2024_18_JAX_IND
2024,18,JAX,Doug Pederson,2024_18_JAX_IND
2024,18,KC,Andy Reid,2024_18_KC_DEN
2024,18,LA,Sean McVay,2024_18_SEA_LA
2024,18,LAC,Jim Harbaugh,2024_18_LAC_LV
2024,18,LV,Antonio Pierce,2024_18_LAC_LV
2024,18,MIA,Mike McDaniel,2024_18_MIA_NYJ
2024,18,MIN,Kevin O'Connell,2024_18_MIN_DET
2024,18,NE,Jerod Mayo,2024_18_BUF_NE
2024,18,NO,Dennis Allen,2024_18_NO_TB
2024,18,NYG,Brian Daboll,2024_18_NYG_PHI
2024,18,NYJ,Robert Saleh,2024_18_MIA_NYJ
2024,18,PHI,Nick Sirianni,2024_18_NYG_PHI
2024,18,PIT,Mike Tomlin,2024_18_CIN_PIT
2024,18,SEA,Mike Macdonald,2024_18_SEA_LA
2024,18,SF,Kyle Shanahan,2024_18_SF_ARI
2024,18,TB,Todd Bowles,2024_18_NO_TB
2024,18,TEN,Brian Callahan,2024_18_HOU_TEN
2024,18,WAS,Dan Quinn,2024_18_WAS_DAL
2025,1,ARI,Jonathan Gannon,2025_01_ARI_NO
2025,1,ATL,Raheem Morris,2025_01_TB_ATL
2025,1,BAL,John Harbaugh,2025_01_BAL_BUF
2025,1,BUF,Sean McDermott,2025_01_BAL_BUF
2025,1,CAR,Dave Canales,2025_01_CAR_JAX
2025,1,CHI,Ben Johnson,2025_01_MIN_CHI
2025,1,CIN,Zac Taylor,2025_01_CIN_CLE
2025,1,CLE,Kevin Stefanski,2025_01_CIN_CLE
2025,1,DAL,Brian Schottenheimer,2025_01_DAL_PHI
2025,1,DEN,Sean Payton,2025_01_TEN_DEN
2025,1,DET,Dan Campbell,2025_01_DET_GB
2025,1,GB,Matt LaFleur,2025_01_DET_GB
2025,1,HOU,DeMeco Ryans,2025_01_HOU_LA
2025,1,IND,Shane Steichen,2025_01_MIA_IND
2025,1,JAX,Liam Coen,2025_01_CAR_JAX
2025,1,KC,Andy Reid,2025_01_KC_LAC
2025,1,LA,Sean McVay,2025_01_HOU_LA
2025,1,LAC,Jim Harbaugh,2025_01_KC_LAC
2025,1,LV,Pete Carroll,2025_01_LV_NE
2025,1,MIA,Mike McDaniel,2025_01_MIA_IND
2025,1,MIN,Kevin O'Connell,2025_01_MIN_CHI
2025,1,NE,Mike Vrabel,2025_01_LV_NE
2025,1,NO,Kellen Moore,2025_01_ARI_NO
2025,1,NYG,Brian Daboll,2025_01_NYG_WAS
2025,1,NYJ,Aaron Glenn,2025_01_PIT_NYJ
2025,1,PHI,Nick Sirianni,2025_01_DAL_PHI
2025,1,PIT,Mike Tomlin,2025_01_PIT_NYJ
2025,1,SEA,Mike Macdonald,2025_01_SF_SEA
2025,1,SF,Kyle Shanahan,2025_01_SF_SEA
2025,1,TB,Todd Bowles,2025_01_TB_ATL
2025,1,TEN,Brian Callahan,2025_01_TEN_DEN
2025,1,WAS,Dan Quinn,2025_01_NYG_WAS
2025,2,ARI,Jonathan Gannon,2025_02_CAR_ARI
2025,2,ATL,Raheem Morris,2025_02_ATL_MIN
2025,2,BAL,John Harbaugh,2025_02_CLE_BAL
2025,2,BUF,Sean McDermott,2025_02_BUF_NYJ
2025,2,CAR,Dave Canales,2025_02_CAR_ARI
2025,2,CHI,Ben Johnson,2025_02_CHI_DET
2025,2,CIN,Zac Taylor,2025_02_JAX_CIN
2025,2,CLE,Kevin Stefanski,2025_02_CLE_BAL
2025,2,DAL,Brian Schottenheimer,2025_02_NYG_DAL
2025,2,DEN,Sean Payton,2025_02_DEN_IND
2025,2,DET,Dan Campbell,2025_02_CHI_DET
2025,2,GB,Matt LaFleur,2025_02_WAS_GB
2025,2,HOU,DeMeco Ryans,2025_02_TB_HOU
2025,2,IND,Shane Steichen,2025_02_DEN_IND
2025,2,JAX,Liam Coen,2025_02_JAX_CIN
2025,2,KC,Andy Reid,2025_02_PHI_KC
2025,2,LA,Sean McVay,2025_02_LA_TEN
2025,2,LAC,Jim Harbaugh,2025_02_LAC_LV
2025,2,LV,Pete Carroll,2025_02_LAC_LV
2025,2,MIA,Mike McDaniel,2025_02_NE_MIA
2025,2,MIN,Kevin O'Connell,2025_02_ATL_MIN
2025,2,NE,Mike Vrabel,2025_02_NE_MIA
2025,2,NO,Kellen Moore,2025_02_SF_NO
2025,2,NYG,Brian Daboll,2025_02_NYG_DAL
2025,2,NYJ,Aaron Glenn,2025_02_BUF_NYJ
2025,2,PHI,Nick Sirianni,2025_02_PHI_KC
2025,2,PIT,Mike Tomlin,2025_02_SEA_PIT
2025,2,SEA,Mike Macdonald,2025_02_SEA_PIT
2025,2,SF,Kyle Shanahan,2025_02_SF_NO
2025,2,TB,Todd Bowles,2025_02_TB_HOU
2025,2,TEN,Brian Callahan,2025_02_LA_TEN
2025,2,WAS,Dan Quinn,2025_02_WAS_GB
2025,3,ARI,Jonathan Gannon,2025_03_ARI_SF
2025,3,ATL,Raheem Morris,2025_03_ATL_CAR
2025,3,BAL,John Harbaugh,2025_03_DET_BAL
2025,3,BUF,Sean McDermott,2025_03_MIA_BUF
2025,3,CAR,Dave Canales,2025_03_ATL_CAR
2025,3,CHI,Ben Johnson,2025_03_DAL_CHI
2025,3,CIN,Zac Taylor,2025_03_CIN_MIN
2025,3,CLE,Kevin Stefanski,2025_03_GB_CLE
2025,3,DAL,Brian Schottenheimer,2025_03_DAL_CHI
2025,3,DEN,Sean Payton,2025_03_DEN_LAC
2025,3,DET,Dan Campbell,2025_03_DET_BAL
2025,3,GB,Matt LaFleur,2025_03_GB_CLE
2025,3,HOU,DeMeco Ryans,2025_03_HOU_JAX
2025,3,IND,Shane Steichen,2025_03_IND_TEN
2025,3,JAX,Liam Coen,2025_03_HOU_JAX
2025,3,KC,Andy Reid,2025_03_KC_NYG
2025,3,LA,Sean McVay,2025_03_LA_PHI
2025,3,LAC,Jim Harbaugh,2025_03_DEN_LAC
2025,3,LV,Pete Carroll,2025_03_LV_WAS
2025,3,MIA,Mike McDaniel,2025_03_MIA_BUF
2025,3,MIN,Kevin O'Connell,2025_03_CIN_MIN
2025,3,NE,Mike Vrabel,2025_03_PIT_NE
2025,3,NO,Kellen Moore,2025_03_NO_SEA
2025,3,NYG,Brian Daboll,2025_03_KC_NYG
2025,3,NYJ,Aaron Glenn,2025_03_NYJ_TB
2025,3,PHI,Nick Sirianni,2025_03_LA_PHI
2025,3,PIT,Mike Tomlin,2025_03_PIT_NE
2025,3,SEA,Mike Macdonald,2025_03_NO_SEA
2025,3,SF,Kyle Shanahan,2025_03_ARI_SF
2025,3,TB,Todd Bowles,2025_03_NYJ_TB
2025,3,TEN,Brian Callahan,2025_03_IND_TEN
2025,3,WAS,Dan Quinn,2025_03_LV_WAS
2025,4,ARI,Jonathan Gannon,2025_04_SEA_ARI
2025,4,ATL,Raheem Morris,2025_04_WAS_ATL
2025,4,BAL,John Harbaugh,2025_04_BAL_KC
2025,4,BUF,Sean McDermott,2025_04_NO_BUF
2025,4,CAR,Dave Canales,2025_04_CAR_NE
2025,4,CHI,Ben Johnson,2025_04_CHI_LV
2025,4,CIN,Zac Taylor,2025_04_CIN_DEN
2025,4,CLE,Kevin Stefanski,2025_04_CLE_DET
2025,4,DAL,Brian Schottenheimer,2025_04_GB_DAL
2025,4,DEN,Sean Payton,2025_04_CIN_DEN
2025,4,DET,Dan Campbell,2025_04_CLE_DET
2025,4,GB,Matt LaFleur,2025_04_GB_DAL
2025,4,HOU,DeMeco Ryans,2025_04_TEN_HOU
2025,4,IND,Shane Steichen,2025_04_IND_LA
2025,4,JAX,Liam Coen,2025_04_JAX_SF
2025,4,KC,Andy Reid,2025_04_BAL_KC
2025,4,LA,Sean McVay,2025_04_IND_LA
2025,4,LAC,Jim Harbaugh,2025_04_LAC_NYG
2025,4,LV,Pete Carroll,2025_04_CHI_LV
2025,4,MIA,Mike McDaniel,2025_04_NYJ_MIA
2025,4,MIN,Kevin O'Connell,2025_04_MIN_PIT
2025,4,NE,Mike Vrabel,2025_04_CAR_NE
2025,4,NO,Kellen Moore,2025_04_NO_BUF
2025,4,NYG,Brian Daboll,2025_04_LAC_NYG
2025,4,NYJ,Aaron Glenn,2025_04_NYJ_MIA
2025,4,PHI,Nick Sirianni,2025_04_PHI_TB
2025,4,PIT,Mike Tomlin,2025_04_MIN_PIT
2025,4,SEA,Mike Macdonald,2025_04_SEA_ARI
2025,4,SF,Kyle Shanahan,2025_04_JAX_SF
2025,4,TB,Todd Bowles,2025_04_PHI_TB
2025,4,TEN,Brian Callahan,2025_04_TEN_HOU
2025,4,WAS,Dan Quinn,2025_04_WAS_ATL
2025,5,ARI,Jonathan Gannon,2025_05_TEN_ARI
2025,5,BAL,John Harbaugh,2025_05_HOU_BAL
2025,5,BUF,Sean McDermott,2025_05_NE_BUF
2025,5,CAR,Dave Canales,2025_05_MIA_CAR
2025,5,CIN,Zac Taylor,2025_05_DET_CIN
2025,5,CLE,Kevin Stefanski,2025_05_MIN_CLE
2025,5,DAL,Brian Schottenheimer,2025_05_DAL_NYJ
2025,5,DEN,Sean Payton,2025_05_DEN_PHI
2025,5,DET,Dan Campbell,2025_05_DET_CIN
2025,5,HOU,DeMeco Ryans,2025_05_HOU_BAL
2025,5,IND,Shane Steichen,2025_05_LV_IND
2025,5,JAX,Liam Coen,2025_05_KC_JAX
2025,5,KC,Andy Reid,2025_05_KC_JAX
2025,5,LA,Sean McVay,2025_05_SF_LA
2025,5,LAC,Jim Harbaugh,2025_05_WAS_LAC
2025,5,LV,Pete Carroll,2025_05_LV_IND
2025,5,MIA,Mike McDaniel,2025_05_MIA_CAR
2025,5,MIN,Kevin O'Connell,2025_05_MIN_CLE
2025,5,NE,Mike Vrabel,2025_05_NE_BUF
2025,5,NO,Kellen Moore,2025_05_NYG_NO
2025,5,NYG,Brian Daboll,2025_05_NYG_NO
2025,5,NYJ,Aaron Glenn,2025_05_DAL_NYJ
2025,5,PHI,Nick Sirianni,2025_05_DEN_PHI
2025,5,SEA,Mike Macdonald,2025_05_TB_SEA
2025,5,SF,Kyle Shanahan,2025_05_SF_LA
2025,5,TB,Todd Bowles,2025_05_TB_SEA
2025,5,TEN,Brian Callahan,2025_05_TEN_ARI
2025,5,WAS,Dan Quinn,2025_05_WAS_LAC
2025,6,ARI,Jonathan Gannon,2025_06_ARI_IND
2025,6,ATL,Raheem Morris,2025_06_BUF_ATL
2025,6,BAL,John Harbaugh,2025_06_LA_BAL
2025,6,BUF,Sean McDermott,2025_06_BUF_ATL
2025,6,CAR,Dave Canales,2025_06_DAL_CAR
2025,6,CHI,Ben Johnson,2025_06_CHI_WAS
2025,6,CIN,Zac Taylor,2025_06_CIN_GB
2025,6,CLE,Kevin Stefanski,2025_06_CLE_PIT
2025,6,DAL,Brian Schottenheimer,2025_06_DAL_CAR
2025,6,DEN,Sean Payton,2025_06_DEN_NYJ
2025,6,DET,Dan Campbell,2025_06_DET_KC
2025,6,GB,Matt LaFleur,2025_06_CIN_GB
2025,6,IND,Shane Steichen,2025_06_ARI_IND
2025,6,JAX,Liam Coen,2025_06_SEA_JAX
2025,6,KC,Andy Reid,2025_06_DET_KC
2025,6,LA,Sean McVay,2025_06_LA_BAL
2025,6,LAC,Jim Harbaugh,2025_06_LAC_MIA
2025,6,LV,Pete Carroll,2025_06_TEN_LV
2025,6,MIA,Mike McDaniel,2025_06_LAC_MIA
2025,6,NE,Mike Vrabel,2025_06_NE_NO
2025,6,NO,Kellen Moore,2025_06_NE_NO
2025,6,NYG,Brian Daboll,2025_06_PHI_NYG
2025,6,NYJ,Aaron Glenn,2025_06_DEN_NYJ
2025,6,PHI,Nick Sirianni,2025_06_PHI_NYG
2025,6,PIT,Mike Tomlin,2025_06_CLE_PIT
2025,6,SEA,Mike Macdonald,2025_06_SEA_JAX
2025,6,SF,Kyle Shanahan,2025_06_SF_TB
2025,6,TB,Todd Bowles,2025_06_SF_TB
2025,6,TEN,Brian Callahan,2025_06_TEN_LV
2025,6,WAS,Dan Quinn,2025_06_CHI_WAS
2025,7,ARI,Jonathan Gannon,2025_07_GB_ARI
2025,7,ATL,Raheem Morris,2025_07_ATL_SF
2025,7,CAR,Dave Canales,2025_07_CAR_NYJ
2025,7,CHI,Ben Johnson,2025_07_NO_CHI
2025,7,CIN,Zac Taylor,2025_07_PIT_CIN
2025,7,CLE,Kevin Stefanski,2025_07_MIA_CLE
2025,7,DAL,Brian Schottenheimer,2025_07_WAS_DAL
2025,7,DEN,Sean Payton,2025_07_NYG_DEN
2025,7,DET,Dan Campbell,2025_07_TB_DET
2025,7,GB,Matt LaFleur,2025_07_GB_ARI
2025,7,HOU,DeMeco Ryans,2025_07_HOU_SEA
2025,7,IND,Shane Steichen,2025_07_IND_LAC
2025,7,JAX,Liam Coen,2025_07_LA_JAX
2025,7,KC,Andy Reid,2025_07_LV_KC
2025,7,LA,Sean McVay,2025_07_LA_JAX
2025,7,LAC,Jim Harbaugh,2025_07_IND_LAC
2025,7,LV,Pete Carroll,2025_07_LV_KC
2025,7,MIA,Mike McDaniel,2025_07_MIA_CLE
2025,7,MIN,Kevin O'Connell,2025_07_PHI_MIN
2025,7,NE,Mike Vrabel,2025_07_NE_TEN
2025,7,NO,Kellen Moore,2025_07_NO_CHI
2025,7,NYG,Brian Daboll,2025_07_NYG_DEN
2025,7,NYJ,Aaron Glenn,2025_07_CAR_NYJ
2025,7,PHI,Nick Sirianni,2025_07_PHI_MIN
2025,7,PIT,Mike Tomlin,2025_07_PIT_CIN
2025,7,SEA,Mike Macdonald,2025_07_HOU_SEA
2025,7,SF,Kyle Shanahan,2025_07_ATL_SF
2025,7,TB,Todd Bowles,2025_07_TB_DET
2025,7,TEN,Brian Callahan,2025_07_NE_TEN
2025,7,WAS,Dan Quinn,2025_07_WAS_DAL
2025,8,ATL,Raheem Morris,2025_08_MIA_ATL
2025,8,BAL,John Harbaugh,2025_08_CHI_BAL
2025,8,BUF,Sean McDermott,2025_08_BUF_CAR
2025,8,CAR,Dave Canales,2025_08_BUF_CAR
2025,8,CHI,Ben Johnson,2025_08_CHI_BAL
2025,8,CIN,Zac Taylor,2025_08_NYJ_CIN
2025,8,CLE,Kevin Stefanski,2025_08_CLE_NE
2025,8,DAL,Brian Schottenheimer,2025_08_DAL_DEN
2025,8,DEN,Sean Payton,2025_08_DAL_DEN
2025,8,GB,Matt LaFleur,2025_08_GB_PIT
2025,8,HOU,DeMeco Ryans,2025_08_SF_HOU
2025,8,IND,Shane Steichen,2025_08_TEN_IND
2025,8,KC,Andy Reid,2025_08_WAS_KC
2025,8,LAC,Jim Harbaugh,2025_08_MIN_LAC
2025,8,MIA,Mike McDaniel,2025_08_MIA_ATL
2025,8,MIN,Kevin O'Connell,2025_08_MIN_LAC
2025,8,NE,Mike Vrabel,2025_08_CLE_NE
2025,8,NO,Kellen Moore,2025_08_TB_NO
2025,8,NYG,Brian Daboll,2025_08_NYG_PHI
2025,8,NYJ,Aaron Glenn,2025_08_NYJ_CIN
2025,8,PHI,Nick Sirianni,2025_08_NYG_PHI
2025,8,PIT,Mike Tomlin,2025_08_GB_PIT
2025,8,SF,Kyle Shanahan,2025_08_SF_HOU
2025,8,TB,Todd Bowles,2025_08_TB_NO
2025,8,TEN,Brian Callahan,2025_08_TEN_IND
2025,8,WAS,Dan Quinn,2025_08_WAS_KC
2025,9,ARI,Jonathan Gannon,2025_09_ARI_DAL
2025,9,ATL,Raheem Morris,2025_09_ATL_NE
2025,9,BAL,John Harbaugh,2025_09_BAL_MIA
2025,9,BUF,Sean McDermott,2025_09_KC_BUF
2025,9,CAR,Dave Canales,2025_09_CAR_GB
2025,9,CHI,Ben Johnson,2025_09_CHI_CIN
2025,9,CIN,Zac Taylor,2025_09_CHI_CIN
2025,9,DAL,Brian Schottenheimer,2025_09_ARI_DAL
2025,9,DEN,Sean Payton,2025_09_DEN_HOU
2025,9,DET,Dan Campbell,2025_09_MIN_DET
2025,9,GB,Matt LaFleur,2025_09_CAR_GB
2025,9,HOU,DeMeco Ryans,2025_09_DEN_HOU
2025,9,IND,Shane Steichen,2025_09_IND_PIT
2025,9,JAX,Liam Coen,2025_09_JAX_LV
2025,9,KC,Andy Reid,2025_09_KC_BUF
2025,9,LA,Sean McVay,2025_09_NO_LA
2025,9,LAC,Jim Harbaugh,2025_09_LAC_TEN
2025,9,LV,Pete Carroll,2025_09_JAX_LV
2025,9,MIA,Mike McDaniel,2025_09_BAL_MIA
2025,9,MIN,Kevin O'Connell,2025_09_MIN_DET
2025,9,NE,Mike Vrabel,2025_09_ATL_NE
2025,9,NO,Kellen Moore,2025_09_NO_LA
2025,9,NYG,Brian Daboll,2025_09_SF_NYG
2025,9,PIT,Mike Tomlin,2025_09_IND_PIT
2025,9,SEA,Mike Macdonald,2025_09_SEA_WAS
2025,9,SF,Kyle Shanahan,2025_09_SF_NYG
2025,9,TEN,Brian Callahan,2025_09_LAC_TEN
2025,9,WAS,Dan Quinn,2025_09_SEA_WAS
2025,10,ARI,Jonathan Gannon,2025_10_ARI_SEA
2025,10,ATL,Raheem Morris,2025_10_ATL_IND
2025,10,BAL,John Harbaugh,2025_10_BAL_MIN
2025,10,BUF,Sean McDermott,2025_10_BUF_MIA
2025,10,CAR,Dave Canales,2025_10_NO_CAR
2025,10,CHI,Ben Johnson,2025_10_NYG_CHI
2025,10,CLE,Kevin Stefanski,2025_10_CLE_NYJ
2025,10,DEN,Sean Payton,2025_10_LV_DEN
2025,10,DET,Dan Campbell,2025_10_DET_WAS
2025,10,GB,Matt LaFleur,2025_10_PHI_GB
2025,10,HOU,DeMeco Ryans,2025_10_JAX_HOU
2025,10,IND,Shane Steichen,2025_10_ATL_IND
2025,10,JAX,Liam Coen,2025_10_JAX_HOU
2025,10,LA,Sean McVay,2025_10_LA_SF
2025,10,LAC,Jim Harbaugh,2025_10_PIT_LAC
2025,10,LV,Pete Carroll,2025_10_LV_DEN
2025,10,MIA,Mike McDaniel,2025_10_BUF_MIA
2025,10,MIN,Kevin O'Connell,2025_10_BAL_MIN
2025,10,NE,Mike Vrabel,2025_10_NE_TB
2025,10,NO,Kellen Moore,2025_10_NO_CAR
2025,10,NYG,Brian Daboll,2025_10_NYG_CHI
2025,10,NYJ,Aaron Glenn,2025_10_CLE_NYJ
2025,10,PHI,Nick Sirianni,2025_10_PHI_GB
2025,10,PIT,Mike Tomlin,2025_10_PIT_LAC
2025,10,SEA,Mike Macdonald,2025_10_ARI_SEA
2025,10,SF,Kyle Shanahan,2025_10_LA_SF
2025,10,TB,Todd Bowles,2025_10_NE_TB
2025,10,WAS,Dan Quinn,2025_10_DET_WAS
2025,11,ARI,Jonathan Gannon,2025_11_SF_ARI
2025,11,ATL,Raheem Morris,2025_11_CAR_ATL
2025,11,BAL,John Harbaugh,2025_11_BAL_CLE
2025,11,BUF,Sean McDermott,2025_11_TB_BUF
2025,11,CAR,Dave Canales,2025_11_CAR_ATL
2025,11,CHI,Ben Johnson,2025_11_CHI_MIN
2025,11,CIN,Zac Taylor,2025_11_CIN_PIT
2025,11,CLE,Kevin Stefanski,2025_11_BAL_CLE
2025,11,DAL,Brian Schottenheimer,2025_11_DAL_LV
2025,11,DEN,Sean Payton,2025_11_KC_DEN
2025,11,DET,Dan Campbell,2025_11_DET_PHI
2025,11,GB,Matt LaFleur,2025_11_GB_NYG
2025,11,HOU,DeMeco Ryans,2025_11_HOU_TEN
2025,11,JAX,Liam Coen,2025_11_LAC_JAX
2025,11,KC,Andy Reid,2025_11_KC_DEN
2025,11,LA,Sean McVay,2025_11_SEA_LA
2025,11,LAC,Jim Harbaugh,2025_11_LAC_JAX
2025,11,LV,Pete Carroll,2025_11_DAL_LV
2025,11,MIA,Mike McDaniel,2025_11_WAS_MIA
2025,11,MIN,Kevin O'Connell,2025_11_CHI_MIN
2025,11,NE,Mike Vrabel,2025_11_NYJ_NE
2025,11,NYG,Brian Daboll,2025_11_GB_NYG
2025,11,NYJ,Aaron Glenn,2025_11_NYJ_NE
2025,11,PHI,Nick Sirianni,2025_11_DET_PHI
2025,11,PIT,Mike Tomlin,2025_11_CIN_PIT
2025,11,SEA,Mike Macdonald,2025_11_SEA_LA
2025,11,SF,Kyle Shanahan,2025_11_SF_ARI
2025,11,TB,Todd Bowles,2025_11_TB_BUF
2025,11,TEN,Brian Callahan,2025_11_HOU_TEN
2025,11,WAS,Dan Quinn,2025_11_WAS_MIA
2025,12,ARI,Jonathan Gannon,2025_12_JAX_ARI
2025,12,ATL,Raheem Morris,2025_12_ATL_NO
2025,12,BAL,John Harbaugh,2025_12_NYJ_BAL
2025,12,BUF,Sean McDermott,2025_12_BUF_HOU
2025,12,CAR,Dave Canales,2025_12_CAR_SF
2025,12,CHI,Ben Johnson,2025_12_PIT_CHI
2025,12,CIN,Zac Taylor,2025_12_NE_CIN
2025,12,CLE,Kevin Stefanski,2025_12_CLE_LV
2025,12,DAL,Brian Schottenheimer,2025_12_PHI_DAL
2025,12,DET,Dan Campbell,2025_12_NYG_DET
2025,12,GB,Matt LaFleur,2025_12_MIN_GB
2025,12,HOU,DeMeco Ryans,2025_12_BUF_HOU
2025,12,IND,Shane Steichen,2025_12_IND_KC
2025,12,JAX,Liam Coen,2025_12_JAX_ARI
2025,12,KC,Andy Reid,2025_12_IND_KC
2025,12,LA,Sean McVay,2025_12_TB_LA
2025,12,LV,Pete Carroll,2025_12_CLE_LV
2025,12,MIN,Kevin O'Connell,2025_12_MIN_GB
2025,12,NE,Mike Vrabel,2025_12_NE_CIN
2025,12,NO,Kellen Moore,2025_12_ATL_NO
2025,12,NYG,Brian Daboll,2025_12_NYG_DET
2025,12,NYJ,Aaron Glenn,2025_12_NYJ_BAL
2025,12,PHI,Nick Sirianni,2025_12_PHI_DAL
2025,12,PIT,Mike Tomlin,2025_12_PIT_CHI
2025,12,SEA,Mike Macdonald,2025_12_SEA_TEN
2025,12,SF,Kyle Shanahan,2025_12_CAR_SF
2025,12,TB,Todd Bowles,2025_12_TB_LA
2025,12,TEN,Brian Callahan,2025_12_SEA_TEN
2025,13,ARI,Jonathan Gannon,2025_13_ARI_TB
2025,13,ATL,Raheem Morris,2025_13_ATL_NYJ
2025,13,BAL,John Harbaugh,2025_13_CIN_BAL
2025,13,BUF,Sean McDermott,2025_13_BUF_PIT
2025,13,CAR,Dave Canales,2025_13_LA_CAR
2025,13,CHI,Ben Johnson,2025_13_CHI_PHI
2025,13,CIN,Zac Taylor,2025_13_CIN_BAL
2025,13,CLE,Kevin Stefanski,2025_13_SF_CLE
2025,13,DAL,Brian Schottenheimer,2025_13_KC_DAL
2025,13,DEN,Sean Payton,2025_13_DEN_WAS
2025,13,DET,Dan Campbell,2025_13_GB_DET
2025,13,GB,Matt LaFleur,2025_13_GB_DET
2025,13,HOU,DeMeco Ryans,2025_13_HOU_IND
2025,13,IND,Shane Steichen,2025_13_HOU_IND
2025,13,JAX,Liam Coen,2025_13_JAX_TEN
2025,13,KC,Andy Reid,2025_13_KC_DAL
2025,13,LA,Sean McVay,2025_13_LA_CAR
2025,13,LAC,Jim Harbaugh,2025_13_LV_LAC
2025,13,LV,Pete Carroll,2025_13_LV_LAC
2025,13,MIA,Mike McDaniel,2025_13_NO_MIA
2025,13,MIN,Kevin O'Connell,2025_13_MIN_SEA
2025,13,NE,Mike Vrabel,2025_13_NYG_NE
2025,13,NO,Kellen Moore,2025_13_NO_MIA
2025,13,NYG,Brian Daboll,2025_13_NYG_NE
2025,13,NYJ,Aaron Glenn,2025_13_ATL_NYJ
2025,13,PHI,Nick Sirianni,2025_13_CHI_PHI
2025,13,PIT,Mike Tomlin,2025_13_BUF_PIT
2025,13,SEA,Mike Macdonald,2025_13_MIN_SEA
2025,13,SF,Kyle Shanahan,2025_13_SF_CLE
2025,13,TB,Todd Bowles,2025_13_ARI_TB
2025,13,TEN,Brian Callahan,2025_13_JAX_TEN
2025,13,WAS,Dan Quinn,2025_13_DEN_WAS
2025,14,ARI,Jonathan Gannon,2025_14_LA_ARI
2025,14,ATL,Raheem Morris,2025_14_SEA_ATL
2025,14,BAL,John Harbaugh,2025_14_PIT_BAL
2025,14,BUF,Sean McDermott,2025_14_CIN_BUF
2025,14,CHI,Ben Johnson,2025_14_CHI_GB
2025,14,CIN,Zac Taylor,2025_14_CIN_BUF
2025,14,CLE,Kevin Stefanski,2025_14_TEN_CLE
2025,14,DAL,Brian Schottenheimer,2025_14_DAL_DET
2025,14,DEN,Sean Payton,2025_14_DEN_LV
2025,14,DET,Dan Campbell,2025_14_DAL_DET
2025,14,GB,Matt LaFleur,2025_14_CHI_GB
2025,14,HOU,DeMeco Ryans,2025_14_HOU_KC
2025,14,IND,Shane Steichen,2025_14_IND_JAX
2025,14,JAX,Liam Coen,2025_14_IND_JAX
2025,14,KC,Andy Reid,2025_14_HOU_KC
2025,14,LA,Sean McVay,2025_14_LA_ARI
2025,14,LAC,Jim Harbaugh,2025_14_PHI_LAC
2025,14,LV,Pete Carroll,2025_14_DEN_LV
2025,14,MIA,Mike McDaniel,2025_14_MIA_NYJ
2025,14,MIN,Kevin O'Connell,2025_14_WAS_MIN
2025,14,NO,Kellen Moore,2025_14_NO_TB
2025,14,NYJ,Aaron Glenn,2025_14_MIA_NYJ
2025,14,PHI,Nick Sirianni,2025_14_PHI_LAC
2025,14,PIT,Mike Tomlin,2025_14_PIT_BAL
2025,14,SEA,Mike Macdonald,2025_14_SEA_ATL
2025,14,TB,Todd Bowles,2025_14_NO_TB
2025,14,TEN,Brian Callahan,2025_14_TEN_CLE
2025,14,WAS,Dan Quinn,2025_14_WAS_MIN
2025,15,ARI,Jonathan Gannon,2025_15_ARI_HOU
2025,15,ATL,Raheem Morris,2025_15_ATL_TB
2025,15,BAL,John Harbaugh,2025_15_BAL_CIN
2025,15,BUF,Sean McDermott,2025_15_BUF_NE
2025,15,CAR,Dave Canales,2025_15_CAR_NO
2025,15,CHI,Ben Johnson,2025_15_CLE_CHI
2025,15,CIN,Zac Taylor,2025_15_BAL_CIN
2025,15,CLE,Kevin Stefanski,2025_15_CLE_CHI
2025,15,DAL,Brian Schottenheimer,2025_15_MIN_DAL
2025,15,DEN,Sean Payton,2025_15_GB_DEN
2025,15,DET,Dan Campbell,2025_15_DET_LA
2025,15,GB,Matt LaFleur,2025_15_GB_DEN
2025,15,HOU,DeMeco Ryans,2025_15_ARI_HOU
2025,15,IND,Shane Steichen,2025_15_IND_SEA
2025,15,JAX,Liam Coen,2025_15_NYJ_JAX
2025,15,KC,Andy Reid,2025_15_LAC_KC
2025,15,LA,Sean McVay,2025_15_DET_LA
2025,15,LAC,Jim Harbaugh,2025_15_LAC_KC
2025,15,LV,Pete Carroll,2025_15_LV_PHI
2025,15,MIA,Mike McDaniel,2025_15_MIA_PIT
2025,15,MIN,Kevin O'Connell,2025_15_MIN_DAL
2025,15,NE,Mike Vrabel,2025_15_BUF_NE
2025,15,NO,Kellen Moore,2025_15_CAR_NO
2025,15,NYG,Brian Daboll,2025_15_WAS_NYG
2025,15,NYJ,Aaron Glenn,2025_15_NYJ_JAX
2025,15,PHI,Nick Sirianni,2025_15_LV_PHI
2025,15,PIT,Mike Tomlin,2025_15_MIA_PIT
2025,15,SEA,Mike Macdonald,2025_15_IND_SEA
2025,15,SF,Kyle Shanahan,2025_15_TEN_SF
2025,15,TB,Todd Bowles,2025_15_ATL_TB
2025,15,TEN,Brian Callahan,2025_15_TEN_SF
2025,15,WAS,Dan Quinn,2025_15_WAS_NYG
2025,16,ARI,Jonathan Gannon,2025_16_ATL_ARI
2025,16,ATL,Raheem Morris,2025_16_ATL_ARI
2025,16,BAL,John Harbaugh,2025_16_NE_BAL
2025,16,BUF,Sean McDermott,2025_16_BUF_CLE
2025,16,CAR,Dave Canales,2025_16_TB_CAR
2025,16,CHI,Ben Johnson,2025_16_GB_CHI
2025,16,CIN,Zac Taylor,2025_16_CIN_MIA
2025,16,CLE,Kevin Stefanski,2025_16_BUF_CLE
2025,16,DAL,Brian Schottenheimer,2025_16_LAC_DAL
2025,16,DEN,Sean Payton,2025_16_JAX_DEN
2025,16,DET,Dan Campbell,2025_16_PIT_DET
2025,16,GB,Matt LaFleur,2025_16_GB_CHI
2025,16,HOU,DeMeco Ryans,2025_16_LV_HOU
2025,16,IND,Shane Steichen,2025_16_SF_IND
2025,16,JAX,Liam Coen,2025_16_JAX_DEN
2025,16,KC,Andy Reid,2025_16_KC_TEN
2025,16,LA,Sean McVay,2025_16_LA_SEA
2025,16,LAC,Jim Harbaugh,2025_16_LAC_DAL
2025,16,LV,Pete Carroll,2025_16_LV_HOU
2025,16,MIA,Mike McDaniel,2025_16_CIN_MIA
2025,16,MIN,Kevin O'Connell,2025_16_MIN_NYG
2025,16,NE,Mike Vrabel,2025_16_NE_BAL
2025,16,NO,Kellen Moore,2025_16_NYJ_NO
2025,16,NYG,Brian Daboll,2025_16_MIN_NYG
2025,16,NYJ,Aaron Glenn,2025_16_NYJ_NO
2025,16,PHI,Nick Sirianni,2025_16_PHI_WAS
2025,16,PIT,Mike Tomlin,2025_16_PIT_DET
2025,16,SEA,Mike Macdonald,2025_16_LA_SEA
2025,16,SF,Kyle Shanahan,2025_16_SF_IND
2025,16,TB,Todd Bowles,2025_16_TB_CAR
2025,16,TEN,Brian Callahan,2025_16_KC_TEN
2025,16,WAS,Dan Quinn,2025_16_PHI_WAS
2025,17,ARI,Jonathan Gannon,2025_17_ARI_CIN
2025,17,ATL,Raheem Morris,2025_17_LA_ATL
2025,17,BAL,John Harbaugh,2025_17_BAL_GB
2025,17,BUF,Sean McDermott,2025_17_PHI_BUF
2025,17,CAR,Dave Canales,2025_17_SEA_CAR
2025,17,CHI,Ben Johnson,2025_17_CHI_SF
2025,17,CIN,Zac Taylor,2025_17_ARI_CIN
2025,17,CLE,Kevin Stefanski,2025_17_PIT_CLE
2025,17,DAL,Brian Schottenheimer,2025_17_DAL_WAS
2025,17,DEN,Sean Payton,2025_17_DEN_KC
2025,17,DET,Dan Campbell,2025_17_DET_MIN
2025,17,GB,Matt LaFleur,2025_17_BAL_GB
2025,17,HOU,DeMeco Ryans,2025_17_HOU_LAC
2025,17,IND,Shane Steichen,2025_17_JAX_IND
2025,17,JAX,Liam Coen,2025_17_JAX_IND
2025,17,KC,Andy Reid,2025_17_DEN_KC
2025,17,LA,Sean McVay,2025_17_LA_ATL
2025,17,LAC,Jim Harbaugh,2025_17_HOU_LAC
2025,17,LV,Pete Carroll,2025_17_NYG_LV
2025,17,MIA,Mike McDaniel,2025_17_TB_MIA
2025,17,MIN,Kevin O'Connell,2025_17_DET_MIN
2025,17,NE,Mike Vrabel,2025_17_NE_NYJ
2025,17,NO,Kellen Moore,2025_17_NO_TEN
2025,17,NYG,Brian Daboll,2025_17_NYG_LV
2025,17,NYJ,Aaron Glenn,2025_17_NE_NYJ
2025,17,PHI,Nick Sirianni,2025_17_PHI_BUF
2025,17,PIT,Mike Tomlin,2025_17_PIT_CLE
2025,17,SEA,Mike Macdonald,2025_17_SEA_CAR
2025,17,SF,Kyle Shanahan,2025_17_CHI_SF
2025,17,TB,Todd Bowles,2025_17_TB_MIA
2025,17,TEN,Brian Callahan,2025_17_NO_TEN
2025,17,WAS,Dan Quinn,2025_17_DAL_WAS
2025,18,ARI,Jonathan Gannon,2025_18_ARI_LA
2025,18,ATL,Raheem Morris,2025_18_NO_ATL
2025,18,BAL,John Harbaugh,2025_18_BAL_PIT
2025,18,BUF,Sean McDermott,2025_18_NYJ_BUF
2025,18,CAR,Dave Canales,2025_18_CAR_TB
2025,18,CHI,Ben Johnson,2025_18_DET_CHI
2025,18,CIN,Zac Taylor,2025_18_CLE_CIN
2025,18,CLE,Kevin Stefanski,2025_18_CLE_CIN
2025,18,DAL,Brian Schottenheimer,2025_18_DAL_NYG
2025,18,DEN,Sean Payton,2025_18_LAC_DEN
2025,18,DET,Dan Campbell,2025_18_DET_CHI
2025,18,GB,Matt LaFleur,2025_18_GB_MIN
2025,18,HOU,DeMeco Ryans,2025_18_IND_HOU
2025,18,IND,Shane Steichen,2025_18_IND_HOU
2025,18,JAX,Liam Coen,2025_18_TEN_JAX
2025,18,KC,Andy Reid,2025_18_KC_LV
2025,18,LA,Sean McVay,2025_18_ARI_LA
2025,18,LAC,Jim Harbaugh,2025_18_LAC_DEN
2025,18,LV,Pete Carroll,2025_18_KC_LV
2025,18,MIA,Mike McDaniel,2025_18_MIA_NE
2025,18,MIN,Kevin O'Connell,2025_18_GB_MIN
2025,18,NE,Mike Vrabel,2025_18_MIA_NE
2025,18,NO,Kellen Moore,2025_18_NO_ATL
2025,18,NYG,Brian Daboll,2025_18_DAL_NYG
2025,18,NYJ,Aaron Glenn,2025_18_NYJ_BUF
2025,18,PHI,Nick Sirianni,2025_18_WAS_PHI
2025,18,PIT,Mike Tomlin,2025_18_BAL_PIT
2025,18,SEA,Mike Macdonald,2025_18_SEA_SF
2025,18,SF,Kyle Shanahan,2025_18_SEA_SF
2025,18,TB,Todd Bowles,2025_18_CAR_TB
2025,18,TEN,Brian Callahan,2025_18_TEN_JAX
2025,18,WAS,Dan Quinn,2025_18_WAS_PHI
2026,1,ARI,Jonathan Gannon,2026_01_ARI_LAC
2026,1,ATL,Raheem Morris,2026_01_ATL_PIT
2026,1,BAL,Jesse Minter,2026_01_BAL_IND
2026,1,BUF,Sean McDermott,2026_01_BUF_HOU
2026,1,CAR,Dave Canales,2026_01_CHI_CAR
2026,1,CHI,Ben Johnson,2026_01_CHI_CAR
2026,1,CIN,Zac Taylor,2026_01_TB_CIN
2026,1,CLE,Todd Monken,2026_01_CLE_JAX
2026,1,DAL,Brian Schottenheimer,2026_01_DAL_NYG
2026,1,DEN,Sean Payton,2026_01_DEN_KC
2026,1,DET,Dan Campbell,2026_01_NO_DET
2026,1,GB,Matt LaFleur,2026_01_GB_MIN
2026,1,HOU,DeMeco Ryans,2026_01_BUF_HOU
2026,1,IND,Shane Steichen,2026_01_BAL_IND
2026,1,JAX,Liam Coen,2026_01_CLE_JAX
2026,1,KC,Andy Reid,2026_01_DEN_KC
2026,1,LA,Sean McVay,2026_01_SF_LA
2026,1,LAC,Jim Harbaugh,2026_01_ARI_LAC
2026,1,LV,Klint Kubliak,2026_01_MIA_LV
2026,1,MIA,Jeff Hafley,2026_01_MIA_LV
2026,1,MIN,Kevin O'Connell,2026_01_GB_MIN
2026,1,NE,Mike Vrabel,2026_01_NE_SEA
2026,1,NO,Kellen Moore,2026_01_NO_DET
2026,1,NYG,John Harbaugh,2026_01_DAL_NYG
2026,1,NYJ,Aaron Glenn,2026_01_NYJ_TEN
2026,1,PHI,Nick Sirianni,2026_01_WAS_PHI
2026,1,PIT,Mike McCarthy,2026_01_ATL_PIT
2026,1,SEA,Mike Macdonald,2026_01_NE_SEA
2026,1,SF,Kyle Shanahan,2026_01_SF_LA
2026,1,TB,Todd Bowles,2026_01_TB_CIN
2026,1,TEN,Robert Saleh,2026_01_NYJ_TEN
2026,1,WAS,Dan Quinn,2026_01_WAS_PHI
2026,2,ARI,Jonathan Gannon,2026_02_SEA_ARI
2026,2,ATL,Raheem Morris,2026_02_CAR_ATL
2026,2,BAL,Jesse Minter,2026_02_NO_BAL
2026,2,BUF,Sean McDermott,2026_02_DET_BUF
2026,2,CAR,Dave Canales,2026_02_CAR_ATL
2026,2,CHI,Ben Johnson,2026_02_MIN_CHI
2026,2,CIN,Zac Taylor,2026_02_CIN_HOU
2026,2,CLE,Todd Monken,2026_02_CLE_TB
2026,2,DAL,Brian Schottenheimer,2026_02_WAS_DAL
2026,2,DEN,Sean Payton,2026_02_JAX_DEN
2026,2,DET,Dan Campbell,2026_02_DET_BUF
2026,2,GB,Matt LaFleur,2026_02_GB_NYJ
2026,2,HOU,DeMeco Ryans,2026_02_CIN_HOU
2026,2,IND,Shane Steichen,2026_02_IND_KC
2026,2,JAX,Liam Coen,2026_02_JAX_DEN
2026,2,KC,Andy Reid,2026_02_IND_KC
2026,2,LA,Sean McVay,2026_02_NYG_LA
2026,2,LAC,Jim Harbaugh,2026_02_LV_LAC
2026,2,LV,Klint Kubliak,2026_02_LV_LAC
2026,2,MIA,Jeff Hafley,2026_02_MIA_SF
2026,2,MIN,Kevin O'Connell,2026_02_MIN_CHI
2026,2,NE,Mike Vrabel,2026_02_PIT_NE
2026,2,NO,Kellen Moore,2026_02_NO_BAL
2026,2,NYG,John Harbaugh,2026_02_NYG_LA
2026,2,NYJ,Aaron Glenn,2026_02_GB_NYJ
2026,2,PHI,Nick Sirianni,2026_02_PHI_TEN
2026,2,PIT,Mike McCarthy,2026_02_PIT_NE
2026,2,SEA,Mike Macdonald,2026_02_SEA_ARI
2026,2,SF,Kyle Shanahan,2026_02_MIA_SF
2026,2,TB,Todd Bowles,2026_02_CLE_TB
2026,2,TEN,Robert Saleh,2026_02_PHI_TEN
2026,2,WAS,Dan Quinn,2026_02_WAS_DAL
2026,3,ARI,Jonathan Gannon,2026_03_ARI_SF
2026,3,ATL,Raheem Morris,2026_03_ATL_GB
2026,3,BAL,Jesse Minter,2026_03_BAL_DAL
2026,3,BUF,Sean McDermott,2026_03_LAC_BUF
2026,3,CAR,Dave Canales,2026_03_CAR_CLE
2026,3,CHI,Ben Johnson,2026_03_PHI_CHI
2026,3,CIN,Zac Taylor,2026_03_CIN_PIT
2026,3,CLE,Todd Monken,2026_03_CAR_CLE
2026,3,DAL,Brian Schottenheimer,2026_03_BAL_DAL
2026,3,DEN,Sean Payton,2026_03_LA_DEN
2026,3,DET,Dan Campbell,2026_03_NYJ_DET
2026,3,GB,Matt LaFleur,2026_03_ATL_GB
2026,3,HOU,DeMeco Ryans,2026_03_HOU_IND
2026,3,IND,Shane Steichen,2026_03_HOU_IND
2026,3,JAX,Liam Coen,2026_03_NE_JAX
2026,3,KC,Andy Reid,2026_03_KC_MIA
2026,3,LA,Sean McVay,2026_03_LA_DEN
2026,3,LAC,Jim Harbaugh,2026_03_LAC_BUF
2026,3,LV,Klint Kubliak,2026_03_LV_NO
2026,3,MIA,Jeff Hafley,2026_03_KC_MIA
2026,3,MIN,Kevin O'Connell,2026_03_MIN_TB
2026,3,NE,Mike Vrabel,2026_03_NE_JAX
2026,3,NO,Kellen Moore,2026_03_LV_NO
2026,3,NYG,John Harbaugh,2026_03_TEN_NYG
2026,3,NYJ,Aaron Glenn,2026_03_NYJ_DET
2026,3,PHI,Nick Sirianni,2026_03_PHI_CHI
2026,3,PIT,Mike McCarthy,2026_03_CIN_PIT
2026,3,SEA,Mike Macdonald,2026_03_SEA_WAS
2026,3,SF,Kyle Shanahan,2026_03_ARI_SF
2026,3,TB,Todd Bowles,2026_03_MIN_TB
2026,3,TEN,Robert Saleh,2026_03_TEN_NYG
2026,3,WAS,Dan Quinn,2026_03_SEA_WAS
2026,4,ARI,Jonathan Gannon,2026_04_ARI_NYG
2026,4,ATL,Raheem Morris,2026_04_ATL_NO
2026,4,BAL,Jesse Minter,2026_04_TEN_BAL
2026,4,BUF,Sean McDermott,2026_04_NE_BUF
2026,4,CAR,Dave Canales,2026_04_DET_CAR
2026,4,CHI,Ben Johnson,2026_04_NYJ_CHI
2026,4,CIN,Zac Taylor,2026_04_JAX_CIN
2026,4,CLE,Todd Monken,2026_04_PIT_CLE
2026,4,DAL,Brian Schottenheimer,2026_04_DAL_HOU
2026,4,DEN,Sean Payton,2026_04_DEN_SF
2026,4,DET,Dan Campbell,2026_04_DET_CAR
2026,4,GB,Matt LaFleur,2026_04_GB_TB
2026,4,HOU,DeMeco Ryans,2026_04_DAL_HOU
2026,4,IND,Shane Steichen,2026_04_IND_WAS
2026,4,JAX,Liam Coen,2026_04_JAX_CIN
2026,4,KC,Andy Reid,2026_04_KC_LV
2026,4,LA,Sean McVay,2026_04_LA_PHI
2026,4,LAC,Jim Harbaugh,2026_04_LAC_SEA
2026,4,LV,Klint Kubliak,2026_04_KC_LV
2026,4,MIA,Jeff Hafley,2026_04_MIA_MIN
2026,4,MIN,Kevin O'Connell,2026_04_MIA_MIN
2026,4,NE,Mike Vrabel,2026_04_NE_BUF
2026,4,NO,Kellen Moore,2026_04_ATL_NO
2026,4,NYG,John Harbaugh,2026_04_ARI_NYG
2026,4,NYJ,Aaron Glenn,2026_04_NYJ_CHI
2026,4,PHI,Nick Sirianni,2026_04_LA_PHI
2026,4,PIT,Mike McCarthy,2026_04_PIT_CLE
2026,4,SEA,Mike Macdonald,2026_04_LAC_SEA
2026,4,SF,Kyle Shanahan,2026_04_DEN_SF
2026,4,TB,Todd Bowles,2026_04_GB_TB
2026,4,TEN,Robert Saleh,2026_04_TEN_BAL
2026,4,WAS,Dan Quinn,2026_04_IND_WAS
2026,5,ARI,Jonathan Gannon,2026_05_DET_ARI
2026,5,ATL,Raheem Morris,2026_05_BAL_ATL
2026,5,BAL,Jesse Minter,2026_05_BAL_ATL
2026,5,BUF,Sean McDermott,2026_05_BUF_LA
2026,5,CHI,Ben Johnson,2026_05_CHI_GB
2026,5,CIN,Zac Taylor,2026_05_CIN_MIA
2026,5,CLE,Todd Monken,2026_05_CLE_NYJ
2026,5,DAL,Brian Schottenheimer,2026_05_TB_DAL
2026,5,DEN,Sean Payton,2026_05_DEN_LAC
2026,5,DET,Dan Campbell,2026_05_DET_ARI
2026,5,GB,Matt LaFleur,2026_05_CHI_GB
2026,5,HOU,DeMeco Ryans,2026_05_HOU_TEN
2026,5,IND,Shane Steichen,2026_05_IND_PIT
2026,5,JAX,Liam Coen,2026_05_PHI_JAX
2026,5,LA,Sean McVay,2026_05_BUF_LA
2026,5,LAC,Jim Harbaugh,2026_05_DEN_LAC
2026,5,LV,Klint Kubliak,2026_05_LV_NE
2026,5,MIA,Jeff Hafley,2026_05_CIN_MIA
2026,5,MIN,Kevin O'Connell,2026_05_MIN_NO
2026,5,NE,Mike Vrabel,2026_05_LV_NE
2026,5,NO,Kellen Moore,2026_05_MIN_NO
2026,5,NYG,John Harbaugh,2026_05_NYG_WAS
2026,5,NYJ,Aaron Glenn,2026_05_CLE_NYJ
2026,5,PHI,Nick Sirianni,2026_05_PHI_JAX
2026,5,PIT,Mike McCarthy,2026_05_IND_PIT
2026,5,SEA,Mike Macdonald,2026_05_SF_SEA
2026,5,SF,Kyle Shanahan,2026_05_SF_SEA
2026,5,TB,Todd Bowles,2026_05_TB_DAL
2026,5,TEN,Robert Saleh,2026_05_HOU_TEN
2026,5,WAS,Dan Quinn,2026_05_NYG_WAS
2026,6,ARI,Jonathan Gannon,2026_06_ARI_LA
2026,6,ATL,Raheem Morris,2026_06_CHI_ATL
2026,6,BAL,Jesse Minter,2026_06_BAL_CLE
2026,6,BUF,Sean McDermott,2026_06_BUF_LV
2026,6,CAR,Dave Canales,2026_06_CAR_PHI
2026,6,CHI,Ben Johnson,2026_06_CHI_ATL
2026,6,CLE,Todd Monken,2026_06_BAL_CLE
2026,6,DAL,Brian Schottenheimer,2026_06_DAL_GB
2026,6,DEN,Sean Payton,2026_06_SEA_DEN
2026,6,GB,Matt LaFleur,2026_06_DAL_GB
2026,6,HOU,DeMeco Ryans,2026_06_HOU_JAX
2026,6,IND,Shane Steichen,2026_06_TEN_IND
2026,6,JAX,Liam Coen,2026_06_HOU_JAX
2026,6,KC,Andy Reid,2026_06_LAC_KC
2026,6,LA,Sean McVay,2026_06_ARI_LA
2026,6,LAC,Jim Harbaugh,2026_06_LAC_KC
2026,6,LV,Klint Kubliak,2026_06_BUF_LV
2026,6,NE,Mike Vrabel,2026_06_NYJ_NE
2026,6,NO,Kellen Moore,2026_06_NO_NYG
2026,6,NYG,John Harbaugh,2026_06_NO_NYG
2026,6,NYJ,Aaron Glenn,2026_06_NYJ_NE
2026,6,PHI,Nick Sirianni,2026_06_CAR_PHI
2026,6,PIT,Mike McCarthy,2026_06_PIT_TB
2026,6,SEA,Mike Macdonald,2026_06_SEA_DEN
2026,6,SF,Kyle Shanahan,2026_06_WAS_SF
2026,6,TB,Todd Bowles,2026_06_PIT_TB
2026,6,TEN,Robert Saleh,2026_06_TEN_IND
2026,6,WAS,Dan Quinn,2026_06_WAS_SF
2026,7,ARI,Jonathan Gannon,2026_07_DEN_ARI
2026,7,ATL,Raheem Morris,2026_07_SF_ATL
2026,7,BAL,Jesse Minter,2026_07_CIN_BAL
2026,7,CAR,Dave Canales,2026_07_TB_CAR
2026,7,CHI,Ben Johnson,2026_07_NE_CHI
2026,7,CIN,Zac Taylor,2026_07_CIN_BAL
2026,7,CLE,Todd Monken,2026_07_CLE_TEN
2026,7,DAL,Brian Schottenheimer,2026_07_DAL_PHI
2026,7,DEN,Sean Payton,2026_07_DEN_ARI
2026,7,DET,Dan Campbell,2026_07_GB_DET
2026,7,GB,Matt LaFleur,2026_07_GB_DET
2026,7,HOU,DeMeco Ryans,2026_07_NYG_HOU
2026,7,IND,Shane Steichen,2026_07_IND_MIN
2026,7,KC,Andy Reid,2026_07_KC_SEA
2026,7,LA,Sean McVay,2026_07_LA_LV
2026,7,LV,Klint Kubliak,2026_07_LA_LV
2026,7,MIA,Jeff Hafley,2026_07_MIA_NYJ
2026,7,MIN,Kevin O'Connell,2026_07_IND_MIN
2026,7,NE,Mike Vrabel,2026_07_NE_CHI
2026,7,NO,Kellen Moore,2026_07_PIT_NO
2026,7,NYG,John Harbaugh,2026_07_NYG_HOU
2026,7,NYJ,Aaron Glenn,2026_07_MIA_NYJ
2026,7,PHI,Nick Sirianni,2026_07_DAL_PHI
2026,7,PIT,Mike McCarthy,2026_07_PIT_NO
2026,7,SEA,Mike Macdonald,2026_07_KC_SEA
2026,7,SF,Kyle Shanahan,2026_07_SF_ATL
2026,7,TB,Todd Bowles,2026_07_TB_CAR
2026,7,TEN,Robert Saleh,2026_07_CLE_TEN
2026,8,ARI,Jonathan Gannon,2026_08_ARI_DAL
2026,8,ATL,Raheem Morris,2026_08_ATL_TB
2026,8,BAL,Jesse Minter,2026_08_BAL_BUF
2026,8,BUF,Sean McDermott,2026_08_BAL_BUF
2026,8,CAR,Dave Canales,2026_08_CAR_GB
2026,8,CHI,Ben Johnson,2026_08_CHI_SEA
2026,8,CIN,Zac Taylor,2026_08_TEN_CIN
2026,8,CLE,Todd Monken,2026_08_CLE_PIT
2026,8,DAL,Brian Schottenheimer,2026_08_ARI_DAL
2026,8,DEN,Sean Payton,2026_08_KC_DEN
2026,8,DET,Dan Campbell,2026_08_MIN_DET
2026,8,GB,Matt LaFleur,2026_08_CAR_GB
2026,8,IND,Shane Steichen,2026_08_IND_JAX
2026,8,JAX,Liam Coen,2026_08_IND_JAX
2026,8,KC,Andy Reid,2026_08_KC_DEN
2026,8,LA,Sean McVay,2026_08_LAC_LA
2026,8,LAC,Jim Harbaugh,2026_08_LAC_LA
2026,8,LV,Klint Kubliak,2026_08_LV_NYJ
2026,8,MIA,Jeff Hafley,2026_08_NE_MIA
2026,8,MIN,Kevin O'Connell,2026_08_MIN_DET
2026,8,NE,Mike Vrabel,2026_08_NE_MIA
2026,8,NYJ,Aaron Glenn,2026_08_LV_NYJ
2026,8,PHI,Nick Sirianni,2026_08_PHI_WAS
2026,8,PIT,Mike McCarthy,2026_08_CLE_PIT
2026,8,SEA,Mike Macdonald,2026_08_CHI_SEA
2026,8,TB,Todd Bowles,2026_08_ATL_TB
2026,8,TEN,Robert Saleh,2026_08_TEN_CIN
2026,8,WAS,Dan Quinn,2026_08_PHI_WAS
2026,9,ARI,Jonathan Gannon,2026_09_ARI_SEA
2026,9,ATL,Raheem Morris,2026_09_CIN_ATL
2026,9,BAL,Jesse Minter,2026_09_JAX_BAL
2026,9,BUF,Sean McDermott,2026_09_BUF_MIN
2026,9,CAR,Dave Canales,2026_09_DEN_CAR
2026,9,CHI,Ben Johnson,2026_09_TB_CHI
2026,9,CIN,Zac Taylor,2026_09_CIN_ATL
2026,9,CLE,Todd Monken,2026_09_CLE_NO
2026,9,DAL,Brian Schottenheimer,2026_09_DAL_IND
2026,9,DEN,Sean Payton,2026_09_DEN_CAR
2026,9,DET,Dan Campbell,2026_09_DET_MIA
2026,9,GB,Matt LaFleur,2026_09_GB_NE
2026,9,HOU,DeMeco Ryans,2026_09_HOU_LAC
2026,9,IND,Shane Steichen,2026_09_DAL_IND
2026,9,JAX,Liam Coen,2026_09_JAX_BAL
2026,9,KC,Andy Reid,2026_09_NYJ_KC
2026,9,LA,Sean McVay,2026_09_LA_WAS
2026,9,LAC,Jim Harbaugh,2026_09_HOU_LAC
2026,9,LV,Klint Kubliak,2026_09_LV_SF
2026,9,MIA,Jeff Hafley,2026_09_DET_MIA
2026,9,MIN,Kevin O'Connell,2026_09_BUF_MIN
2026,9,NE,Mike Vrabel,2026_09_GB_NE
2026,9,NO,Kellen Moore,2026_09_CLE_NO
2026,9,NYG,John Harbaugh,2026_09_NYG_PHI
2026,9,NYJ,Aaron Glenn,2026_09_NYJ_KC
2026,9,PHI,Nick Sirianni,2026_09_NYG_PHI
2026,9,SEA,Mike Macdonald,2026_09_ARI_SEA
2026,9,SF,Kyle Shanahan,2026_09_LV_SF
2026,9,TB,Todd Bowles,2026_09_TB_CHI
2026,9,WAS,Dan Quinn,2026_09_LA_WAS
2026,10,ARI,Jonathan Gannon,2026_10_LA_ARI
2026,10,ATL,Raheem Morris,2026_10_KC_ATL
2026,10,BAL,Jesse Minter,2026_10_LAC_BAL
2026,10,BUF,Sean McDermott,2026_10_BUF_NYJ
2026,10,CAR,Dave Canales,2026_10_CAR_NO
2026,10,CIN,Zac Taylor,2026_10_PIT_CIN
2026,10,CLE,Todd Monken,2026_10_HOU_CLE
2026,10,DAL,Brian Schottenheimer,2026_10_SF_DAL
2026,10,DET,Dan Campbell,2026_10_NE_DET
2026,10,GB,Matt LaFleur,2026_10_MIN_GB
2026,10,HOU,DeMeco Ryans,2026_10_HOU_CLE
2026,10,IND,Shane Steichen,2026_10_MIA_IND
2026,10,JAX,Liam Coen,2026_10_JAX_TEN
2026,10,KC,Andy Reid,2026_10_KC_ATL
2026,10,LA,Sean McVay,2026_10_LA_ARI
2026,10,LAC,Jim Harbaugh,2026_10_LAC_BAL
2026,10,LV,Klint Kubliak,2026_10_SEA_LV
2026,10,MIA,Jeff Hafley,2026_10_MIA_IND
2026,10,MIN,Kevin O'Connell,2026_10_MIN_GB
2026,10,NE,Mike Vrabel,2026_10_NE_DET
2026,10,NO,Kellen Moore,2026_10_CAR_NO
2026,10,NYG,John Harbaugh,2026_10_WAS_NYG
2026,10,NYJ,Aaron Glenn,2026_10_BUF_NYJ
2026,10,PIT,Mike McCarthy,2026_10_PIT_CIN
2026,10,SEA,Mike Macdonald,2026_10_SEA_LV
2026,10,SF,Kyle Shanahan,2026_10_SF_DAL
2026,10,TEN,Robert Saleh,2026_10_JAX_TEN
2026,10,WAS,Dan Quinn,2026_10_WAS_NYG
2026,11,ARI,Jonathan Gannon,2026_11_ARI_KC
2026,11,BAL,Jesse Minter,2026_11_BAL_CAR
2026,11,BUF,Sean McDermott,2026_11_MIA_BUF
2026,11,CAR,Dave Canales,2026_11_BAL_CAR
2026,11,CHI,Ben Johnson,2026_11_NO_CHI
2026,11,CIN,Zac Taylor,2026_11_CIN_WAS
2026,11,DAL,Brian Schottenheimer,2026_11_TEN_DAL
2026,11,DEN,Sean Payton,2026_11_LV_DEN
2026,11,DET,Dan Campbell,2026_11_TB_DET
2026,11,HOU,DeMeco Ryans,2026_11_IND_HOU
2026,11,IND,Shane Steichen,2026_11_IND_HOU
2026,11,JAX,Liam Coen,2026_11_JAX_NYG
2026,11,KC,Andy Reid,2026_11_ARI_KC
2026,11,LAC,Jim Harbaugh,2026_11_NYJ_LAC
2026,11,LV,Klint Kubliak,2026_11_LV_DEN
2026,11,MIA,Jeff Hafley,2026_11_MIA_BUF
2026,11,MIN,Kevin O'Connell,2026_11_MIN_SF
2026,11,NO,Kellen Moore,2026_11_NO_CHI
2026,11,NYG,John Harbaugh,2026_11_JAX_NYG
2026,11,NYJ,Aaron Glenn,2026_11_NYJ_LAC
2026,11,PHI,Nick Sirianni,2026_11_PIT_PHI
2026,11,PIT,Mike McCarthy,2026_11_PIT_PHI
2026,11,SF,Kyle Shanahan,2026_11_MIN_SF
2026,11,TB,Todd Bowles,2026_11_TB_DET
2026,11,TEN,Robert Saleh,2026_11_TEN_DAL
2026,11,WAS,Dan Quinn,2026_11_CIN_WAS
2026,12,ARI,Jonathan Gannon,2026_12_WAS_ARI
2026,12,ATL,Raheem Morris,2026_12_ATL_MIN
2026,12,BAL,Jesse Minter,2026_12_BAL_HOU
2026,12,BUF,Sean McDermott,2026_12_KC_BUF
2026,12,CAR,Dave Canales,2026_12_CAR_TB
2026,12,CHI,Ben Johnson,2026_12_CHI_DET
2026,12,CIN,Zac Taylor,2026_12_NO_CIN
2026,12,CLE,Todd Monken,2026_12_LV_CLE
2026,12,DAL,Brian Schottenheimer,2026_12_PHI_DAL
2026,12,DEN,Sean Payton,2026_12_DEN_PIT
2026,12,DET,Dan Campbell,2026_12_CHI_DET
2026,12,GB,Matt LaFleur,2026_12_GB_LA
2026,12,HOU,DeMeco Ryans,2026_12_BAL_HOU
2026,12,IND,Shane Steichen,2026_12_NYG_IND
2026,12,JAX,Liam Coen,2026_12_TEN_JAX
2026,12,KC,Andy Reid,2026_12_KC_BUF
2026,12,LA,Sean McVay,2026_12_GB_LA
2026,12,LAC,Jim Harbaugh,2026_12_NE_LAC
2026,12,LV,Klint Kubliak,2026_12_LV_CLE
2026,12,MIA,Jeff Hafley,2026_12_NYJ_MIA
2026,12,MIN,Kevin O'Connell,2026_12_ATL_MIN
2026,12,NE,Mike Vrabel,2026_12_NE_LAC
2026,12,NO,Kellen Moore,2026_12_NO_CIN
2026,12,NYG,John Harbaugh,2026_12_NYG_IND
2026,12,NYJ,Aaron Glenn,2026_12_NYJ_MIA
2026,12,PHI,Nick Sirianni,2026_12_PHI_DAL
2026,12,PIT,Mike McCarthy,2026_12_DEN_PIT
2026,12,SEA,Mike Macdonald,2026_12_SEA_SF
2026,12,SF,Kyle Shanahan,2026_12_SEA_SF
2026,12,TB,Todd Bowles,2026_12_CAR_TB
2026,12,TEN,Robert Saleh,2026_12_TEN_JAX
2026,12,WAS,Dan Quinn,2026_12_WAS_ARI
2026,13,ARI,Jonathan Gannon,2026_13_PHI_ARI
2026,13,ATL,Raheem Morris,2026_13_DET_ATL
2026,13,BUF,Sean McDermott,2026_13_BUF_NE
2026,13,CAR,Dave Canales,2026_13_CAR_MIN
2026,13,CHI,Ben Johnson,2026_13_JAX_CHI
2026,13,CIN,Zac Taylor,2026_13_CIN_CLE
2026,13,CLE,Todd Monken,2026_13_CIN_CLE
2026,13,DAL,Brian Schottenheimer,2026_13_DAL_SEA
2026,13,DEN,Sean Payton,2026_13_MIA_DEN
2026,13,DET,Dan Campbell,2026_13_DET_ATL
2026,13,GB,Matt LaFleur,2026_13_GB_NO
2026,13,HOU,DeMeco Ryans,2026_13_HOU_PIT
2026,13,JAX,Liam Coen,2026_13_JAX_CHI
2026,13,KC,Andy Reid,2026_13_KC_LA
2026,13,LA,Sean McVay,2026_13_KC_LA
2026,13,LAC,Jim Harbaugh,2026_13_LAC_TB
2026,13,MIA,Jeff Hafley,2026_13_MIA_DEN
2026,13,MIN,Kevin O'Connell,2026_13_CAR_MIN
2026,13,NE,Mike Vrabel,2026_13_BUF_NE
2026,13,NO,Kellen Moore,2026_13_GB_NO
2026,13,NYG,John Harbaugh,2026_13_SF_NYG
2026,13,PHI,Nick Sirianni,2026_13_PHI_ARI
2026,13,PIT,Mike McCarthy,2026_13_HOU_PIT
2026,13,SEA,Mike Macdonald,2026_13_DAL_SEA
2026,13,SF,Kyle Shanahan,2026_13_SF_NYG
2026,13,TB,Todd Bowles,2026_13_LAC_TB
2026,13,TEN,Robert Saleh,2026_13_WAS_TEN
2026,13,WAS,Dan Quinn,2026_13_WAS_TEN
2026,14,ATL,Raheem Morris,2026_14_ATL_CLE
2026,14,BAL,Jesse Minter,2026_14_TB_BAL
2026,14,BUF,Sean McDermott,2026_14_BUF_GB
2026,14,CAR,Dave Canales,2026_14_NO_CAR
2026,14,CHI,Ben Johnson,2026_14_CHI_MIA
2026,14,CIN,Zac Taylor,2026_14_KC_CIN
2026,14,CLE,Todd Monken,2026_14_ATL_CLE
2026,14,DEN,Sean Payton,2026_14_DEN_NYJ
2026,14,DET,Dan Campbell,2026_14_TEN_DET
2026,14,GB,Matt LaFleur,2026_14_BUF_GB
2026,14,HOU,DeMeco Ryans,2026_14_HOU_WAS
2026,14,IND,Shane Steichen,2026_14_IND_PHI
2026,14,JAX,Liam Coen,2026_14_PIT_JAX
2026,14,KC,Andy Reid,2026_14_KC_CIN
2026,14,LA,Sean McVay,2026_14_LA_SF
2026,14,LAC,Jim Harbaugh,2026_14_LAC_LV
2026,14,LV,Klint Kubliak,2026_14_LAC_LV
2026,14,MIA,Jeff Hafley,2026_14_CHI_MIA
2026,14,MIN,Kevin O'Connell,2026_14_MIN_NE
2026,14,NE,Mike Vrabel,2026_14_MIN_NE
2026,14,NO,Kellen Moore,2026_14_NO_CAR
2026,14,NYG,John Harbaugh,2026_14_NYG_SEA
2026,14,NYJ,Aaron Glenn,2026_14_DEN_NYJ
2026,14,PHI,Nick Sirianni,2026_14_IND_PHI
2026,14,PIT,Mike McCarthy,2026_14_PIT_JAX
2026,14,SEA,Mike Macdonald,2026_14_NYG_SEA
2026,14,SF,Kyle Shanahan,2026_14_LA_SF
2026,14,TB,Todd Bowles,2026_14_TB_BAL
2026,14,TEN,Robert Saleh,2026_14_TEN_DET
2026,14,WAS,Dan Quinn,2026_14_HOU_WAS
2026,15,ARI,Jonathan Gannon,2026_15_NYJ_ARI
2026,15,ATL,Raheem Morris,2026_15_ATL_WAS
2026,15,BAL,Jesse Minter,2026_15_BAL_PIT
2026,15,BUF,Sean McDermott,2026_15_CHI_BUF
2026,15,CAR,Dave Canales,2026_15_CIN_CAR
2026,15,CHI,Ben Johnson,2026_15_CHI_BUF
2026,15,CIN,Zac Taylor,2026_15_CIN_CAR
2026,15,CLE,Todd Monken,2026_15_CLE_NYG
2026,15,DAL,Brian Schottenheimer,2026_15_DAL_LA
2026,15,DEN,Sean Payton,2026_15_DEN_LV
2026,15,DET,Dan Campbell,2026_15_DET_MIN
2026,15,GB,Matt LaFleur,2026_15_MIA_GB
2026,15,HOU,DeMeco Ryans,2026_15_JAX_HOU
2026,15,IND,Shane Steichen,2026_15_IND_TEN
2026,15,JAX,Liam Coen,2026_15_JAX_HOU
2026,15,KC,Andy Reid,2026_15_NE_KC
2026,15,LA,Sean McVay,2026_15_DAL_LA
2026,15,LAC,Jim Harbaugh,2026_15_SF_LAC
2026,15,LV,Klint Kubliak,2026_15_DEN_LV
2026,15,MIA,Jeff Hafley,2026_15_MIA_GB
2026,15,MIN,Kevin O'Connell,2026_15_DET_MIN
2026,15,NE,Mike Vrabel,2026_15_NE_KC
2026,15,NO,Kellen Moore,2026_15_NO_TB
2026,15,NYG,John Harbaugh,2026_15_CLE_NYG
2026,15,NYJ,Aaron Glenn,2026_15_NYJ_ARI
2026,15,PHI,Nick Sirianni,2026_15_SEA_PHI
2026,15,PIT,Mike McCarthy,2026_15_BAL_PIT
2026,15,SEA,Mike Macdonald,2026_15_SEA_PHI
2026,15,SF,Kyle Shanahan,2026_15_SF_LAC
2026,15,TB,Todd Bowles,2026_15_NO_TB
2026,15,TEN,Robert Saleh,2026_15_IND_TEN
2026,15,WAS,Dan Quinn,2026_15_ATL_WAS
2026,16,ARI,Jonathan Gannon,2026_16_ARI_NO
2026,16,ATL,Raheem Morris,2026_16_TB_ATL
2026,16,BAL,Jesse Minter,2026_16_CLE_BAL
2026,16,BUF,Sean McDermott,2026_16_BUF_DEN
2026,16,CAR,Dave Canales,2026_16_CAR_PIT
2026,16,CHI,Ben Johnson,2026_16_GB_CHI
2026,16,CIN,Zac Taylor,2026_16_CIN_IND
2026,16,CLE,Todd Monken,2026_16_CLE_BAL
2026,16,DAL,Brian Schottenheimer,2026_16_JAX_DAL
2026,16,DEN,Sean Payton,2026_16_BUF_DEN
2026,16,DET,Dan Campbell,2026_16_NYG_DET
2026,16,GB,Matt LaFleur,2026_16_GB_CHI
2026,16,HOU,DeMeco Ryans,2026_16_HOU_PHI
2026,16,IND,Shane Steichen,2026_16_CIN_IND
2026,16,JAX,Liam Coen,2026_16_JAX_DAL
2026,16,KC,Andy Reid,2026_16_SF_KC
2026,16,LA,Sean McVay,2026_16_LA_SEA
2026,16,LAC,Jim Harbaugh,2026_16_LAC_MIA
2026,16,LV,Klint Kubliak,2026_16_TEN_LV
2026,16,MIA,Jeff Hafley,2026_16_LAC_MIA
2026,16,MIN,Kevin O'Connell,2026_16_WAS_MIN
2026,16,NE,Mike Vrabel,2026_16_NE_NYJ
2026,16,NO,Kellen Moore,2026_16_ARI_NO
2026,16,NYG,John Harbaugh,2026_16_NYG_DET
2026,16,NYJ,Aaron Glenn,2026_16_NE_NYJ
2026,16,PHI,Nick Sirianni,2026_16_HOU_PHI
2026,16,PIT,Mike McCarthy,2026_16_CAR_PIT
2026,16,SEA,Mike Macdonald,2026_16_LA_SEA
2026,16,SF,Kyle Shanahan,2026_16_SF_KC
2026,16,TB,Todd Bowles,2026_16_TB_ATL
2026,16,TEN,Robert Saleh,2026_16_TEN_LV
2026,16,WAS,Dan Quinn,2026_16_WAS_MIN
2026,17,ARI,Jonathan Gannon,2026_17_LV_ARI
2026,17,ATL,Raheem Morris,2026_17_NO_ATL
2026,17,BAL,Jesse Minter,2026_17_BAL_CIN
2026,17,BUF,Sean McDermott,2026_17_BUF_MIA
2026,17,CAR,Dave Canales,2026_17_SEA_CAR
2026,17,CHI,Ben Johnson,2026_17_DET_CHI
2026,17,CIN,Zac Taylor,2026_17_BAL_CIN
2026,17,CLE,Todd Monken,2026_17_IND_CLE
2026,17,DAL,Brian Schottenheimer,2026_17_NYG_DAL
2026,17,DEN,Sean Payton,2026_17_DEN_NE
2026,17,DET,Dan Campbell,2026_17_DET_CHI
2026,17,GB,Matt LaFleur,2026_17_HOU_GB
2026,17,HOU,DeMeco Ryans,2026_17_HOU_GB
2026,17,IND,Shane Steichen,2026_17_IND_CLE
2026,17,JAX,Liam Coen,2026_17_WAS_JAX
2026,17,KC,Andy Reid,2026_17_KC_LAC
2026,17,LA,Sean McVay,2026_17_LA_TB
2026,17,LAC,Jim Harbaugh,2026_17_KC_LAC
2026,17,LV,Klint Kubliak,2026_17_LV_ARI
2026,17,MIA,Jeff Hafley,2026_17_BUF_MIA
2026,17,MIN,Kevin O'Connell,2026_17_MIN_NYJ
2026,17,NE,Mike Vrabel,2026_17_DEN_NE
2026,17,NO,Kellen Moore,2026_17_NO_ATL
2026,17,NYG,John Harbaugh,2026_17_NYG_DAL
2026,17,NYJ,Aaron Glenn,2026_17_MIN_NYJ
2026,17,PHI,Nick Sirianni,2026_17_PHI_SF
2026,17,PIT,Mike McCarthy,2026_17_PIT_TEN
2026,17,SEA,Mike Macdonald,2026_17_SEA_CAR
2026,17,SF,Kyle Shanahan,2026_17_PHI_SF
2026,17,TB,Todd Bowles,2026_17_LA_TB
2026,17,TEN,Robert Saleh,2026_17_PIT_TEN
2026,17,WAS,Dan Quinn,2026_17_WAS_JAX
2026,18,ARI,Jonathan Gannon,2026_18_SF_ARI
2026,18,ATL,Raheem Morris,2026_18_ATL_CAR
2026,18,BAL,Jesse Minter,2026_18_PIT_BAL
2026,18,BUF,Sean McDermott,2026_18_NYJ_BUF
2026,18,CAR,Dave Canales,2026_18_ATL_CAR
2026,18,CHI,Ben Johnson,2026_18_CHI_MIN
2026,18,CIN,Zac Taylor,2026_18_CLE_CIN
2026,18,CLE,Todd Monken,2026_18_CLE_CIN
2026,18,DAL,Brian Schottenheimer,2026_18_DAL_WAS
2026,18,DEN,Sean Payton,2026_18_LAC_DEN
2026,18,DET,Dan Campbell,2026_18_DET_GB
2026,18,GB,Matt LaFleur,2026_18_DET_GB
2026,18,HOU,DeMeco Ryans,2026_18_TEN_HOU
2026,18,IND,Shane Steichen,2026_18_JAX_IND
2026,18,JAX,Liam Coen,2026_18_JAX_IND
2026,18,KC,Andy Reid,2026_18_LV_KC
2026,18,LA,Sean McVay,2026_18_SEA_LA
2026,18,LAC,Jim Harbaugh,2026_18_LAC_DEN
2026,18,LV,Klint Kubliak,2026_18_LV_KC
2026,18,MIA,Jeff Hafley,2026_18_MIA_NE
2026,18,MIN,Kevin O'Connell,2026_18_CHI_MIN
2026,18,NE,Mike Vrabel,2026_18_MIA_NE
2026,18,NO,Kellen Moore,2026_18_TB_NO
2026,18,NYG,John Harbaugh,2026_18_PHI_NYG
2026,18,NYJ,Aaron Glenn,2026_18_NYJ_BUF
2026,18,PHI,Nick Sirianni,2026_18_PHI_NYG
2026,18,PIT,Mike McCarthy,2026_18_PIT_BAL
2026,18,SEA,Mike Macdonald,2026_18_SEA_LA
2026,18,SF,Kyle Shanahan,2026_18_SF_ARI
2026,18,TB,Todd Bowles,2026_18_TB_NO
2026,18,TEN,Robert Saleh,2026_18_TEN_HOU
2026,18,WAS,Dan Quinn,2026_18_DAL_WAS
