season,team,prior_qb_id,prior_qb_epa_play,prior_qb_cpoe,qb_returns,ret_qb_attempt_share,ret_rb_carry_share,ret_wrte_target_share,ret_skill_fantasy_share,relocated,vacated_rush_share,vacated_target_share,prior_epa_play,prior_success_rate,prior_drive_scoring_points_per_drive_proxy,prior_plays,prior_pass_rate,prior_ol_sack_rate
1999,ARI,,,,,,,,,0.0,,,,,,,,
1999,ATL,,,,,,,,,0.0,,,,,,,,
1999,BAL,,,,,,,,,0.0,,,,,,,,
1999,BUF,,,,,,,,,0.0,,,,,,,,
1999,CAR,,,,,,,,,0.0,,,,,,,,
1999,CHI,,,,,,,,,0.0,,,,,,,,
1999,CIN,,,,,,,,,0.0,,,,,,,,
1999,CLE,,,,,,,,,0.0,,,,,,,,
1999,DAL,,,,,,,,,0.0,,,,,,,,
1999,DEN,,,,,,,,,0.0,,,,,,,,
1999,DET,,,,,,,,,0.0,,,,,,,,
1999,GB,,,,,,,,,0.0,,,,,,,,
1999,HOU,,,,,,,,,0.0,,,,,,,,
1999,IND,,,,,,,,,0.0,,,,,,,,
1999,JAX,,,,,,,,,0.0,,,,,,,,
1999,KC,,,,,,,,,0.0,,,,,,,,
1999,LA,,,,,,,,,0.0,,,,,,,,
1999,LAC,,,,,,,,,0.0,,,,,,,,
1999,LV,,,,,,,,,0.0,,,,,,,,
1999,MIA,,,,,,,,,0.0,,,,,,,,
1999,MIN,,,,,,,,,0.0,,,,,,,,
1999,NE,,,,,,,,,0.0,,,,,,,,
1999,NO,,,,,,,,,0.0,,,,,,,,
1999,NYG,,,,,,,,,0.0,,,,,,,,
1999,NYJ,,,,,,,,,0.0,,,,,,,,
1999,PHI,,,,,,,,,0.0,,,,,,,,
1999,PIT,,,,,,,,,0.0,,,,,,,,
1999,SEA,,,,,,,,,0.0,,,,,,,,
1999,SF,,,,,,,,,0.0,,,,,,,,
1999,TB,,,,,,,,,0.0,,,,,,,,
1999,TEN,,,,,,,,,0.0,,,,,,,,
1999,WAS,,,,,,,,,0.0,,,,,,,,
2000,ARI,00-0013042,-0.1812579096487205,,1.0,1.0,0.1926605504587156,0.9368932038834952,0.6764634736332851,0.0,0.8073394495412844,0.06310679611650483,-0.195721428780232,0.3533604887983707,1.103960396039604,982.0,0.6384928716904277,0.0751252086811352
2000,ATL,00-0002876,-0.03027899291955178,,1.0,1.0,0.08970099667774087,0.7240437158469946,0.6668615699459145,0.0,0.9102990033222591,0.27595628415300544,-0.1166011098844227,0.3730853391684901,1.4207650273224044,914.0,0.6083150984682714,0.0897435897435897
2000,BAL,00-0000722,-0.10141422971065996,,1.0,0.6347197106690777,0.3226744186046512,0.6591478696741855,0.613905325443787,0.0,0.6773255813953488,0.3408521303258145,-0.1394602954352429,0.3539267015706806,1.3990147783251232,955.0,0.6115183246073298,0.0922242314647378
2000,BUF,00-0005363,0.014265598361974155,,1.0,1.0,0.780952380952381,0.6423529411764706,0.721930906847625,0.0,0.21904761904761905,0.35764705882352943,-0.0202288583738401,0.4017595307917888,1.6630434782608696,1023.0,0.5884652981427175,0.0489642184557438
2000,CAR,00-0001218,0.11894725618655941,,1.0,0.9983818770226537,0.5018181818181818,0.8957871396895787,0.847526772055074,0.0,0.49818181818181817,0.10421286031042132,0.0145421044502109,0.4205607476635514,2.1518324607329844,963.0,0.6656282450674974,0.0806451612903225
2000,CHI,00-0010560,-0.07307637841460005,,1.0,1.0,0.98125,0.755834829443447,0.8263774783656478,0.0,0.018750000000000044,0.24416517055655296,-0.0811444119427146,0.3987167736021998,1.2871287128712872,1091.0,0.6801099908340972,0.0534458509142053
2000,CIN,00-0001335,-0.053846307017581155,,0.0,0.29591836734693877,0.9618768328445748,0.5667506297229219,0.7110863678922994,0.0,0.038123167155425186,0.4332493702770781,-0.0753528960585181,0.4011857707509881,1.3421052631578947,1012.0,0.650197628458498,0.0827702702702702
2000,CLE,00-0003535,-0.15698456677451733,,1.0,0.9981617647058824,0.0,0.6696696696696697,0.47259807261754105,0.0,1.0,0.3303303303303303,-0.1269279475196433,0.3481828839390387,1.1912568306010929,853.0,0.6729191090269636,0.1098901098901098
2000,DAL,00-0000104,0.053787871263063794,,1.0,0.8667953667953668,0.9680365296803652,0.6912928759894459,0.8337817288571762,0.0,0.03196347031963476,0.3087071240105541,-0.0167078154131912,0.39518555667001,1.6349206349206349,997.0,0.5275827482447342,0.0463320463320463
2000,DEN,00-0006423,0.0028217324147889818,,1.0,0.8145580589254766,0.8845208845208845,0.9028132992327366,0.9035994519865487,0.0,0.11547911547911549,0.09718670076726343,-0.0487415865637386,0.4007744433688286,1.5104166666666667,1033.0,0.5866408518877058,0.0589254766031195
2000,DET,00-0005589,0.047028298491847705,,0.0,0.49589490968801314,0.14122137404580154,0.9904534606205251,0.8201305901195024,0.0,0.8587786259541985,0.009546539379474916,-0.0650611238772911,0.3827549947423764,1.5080213903743316,951.0,0.668769716088328,0.1024390243902439
2000,GB,00-0005106,0.00750818572070926,,1.0,1.0,1.0,0.908256880733945,0.9402267262109241,0.0,0.0,0.09174311926605505,-0.0361224260870295,0.4047619047619047,1.7210526315789474,1008.0,0.6418650793650794,0.0552922590837282
2000,HOU,,,,,,,,,0.0,,,,,,,,
2000,IND,00-0010346,0.1940681815668235,,1.0,0.9764492753623188,0.9651474530831099,1.0,0.9925350240310872,0.0,0.034852546916890104,0.0,0.054305186827831,0.4120126448893572,2.189944134078212,949.0,0.5922023182297155,0.0252707581227436
2000,JAX,00-0002110,0.11248561464965967,,1.0,0.823321554770318,0.3991031390134529,0.995475113122172,0.7658764680295781,0.0,0.600896860986547,0.004524886877828038,0.0481394890717053,0.4283018867924528,1.9175824175824177,1060.0,0.5735849056603773,0.0631578947368421
2000,KC,00-0006300,0.07763983044928832,,1.0,1.0,0.26294820717131473,0.6811224489795918,0.5944979367262724,0.0,0.7370517928286853,0.31887755102040816,-0.0069273550249159,0.391642371234208,1.5072463768115942,1029.0,0.5131195335276968,0.0498084291187739
2000,LA,00-0017200,0.3106088419463907,,1.0,1.0,0.9893992932862191,1.0,0.9898115129903209,0.0,0.010600706713780883,0.0,0.1451768847588268,0.4714445688689809,2.458823529411765,894.0,0.5906040268456376,0.0590551181102362
2000,LAC,00-0006808,-0.07725352059844302,,1.0,0.7609046849757674,0.628099173553719,0.7870619946091644,0.7489484752891693,0.0,0.371900826446281,0.21293800539083563,-0.1518122055574638,0.3555337904015671,1.260204081632653,1021.0,0.6258570029382958,0.072463768115942
2000,LV,00-0005741,0.10205185470694189,,1.0,1.0,1.0,0.9656160458452722,0.9736842105263158,0.0,0.0,0.034383954154727836,0.0408949918946653,0.4254090471607314,1.931578947368421,1039.0,0.5717035611164581,0.0867256637168141
2000,MIA,00-0010379,-0.10927732995758697,,0.0,0.39087947882736157,0.4811083123425693,0.7506361323155216,0.6614930733709595,0.0,0.5188916876574308,0.24936386768447838,-0.1219738026623327,0.3755958055290753,1.5572139303482586,1049.0,0.6015252621544328,0.060064935064935
2000,MIN,00-0005885,0.1347862181163302,,0.0,0.0018083182640144665,0.6415584415584416,0.7034482758620689,0.7085740877186179,0.0,0.35844155844155845,0.29655172413793107,0.013114045579781,0.4438669438669438,2.0164835164835164,962.0,0.5883575883575883,0.0755395683453237
2000,NE,00-0001361,-0.06657068395896118,,1.0,0.9983050847457627,0.2,0.5541237113402062,0.4481921863625334,0.0,0.8,0.4458762886597938,-0.1163713755386387,0.3712273641851106,1.3585858585858586,994.0,0.6096579476861167,0.0945945945945946
2000,NO,00-0016534,-0.07227653548117853,,1.0,0.6219931271477663,0.6509186351706037,0.3359375,0.44029436267703415,0.0,0.34908136482939633,0.6640625,-0.1357579182712235,0.3656644034917555,1.228855721393035,1031.0,0.5926285160038798,0.0681431005110732
2000,NYG,00-0003292,-0.020746547769794225,,1.0,0.5383411580594679,0.6446540880503144,0.9221967963386728,0.8915409349492951,0.0,0.35534591194968557,0.0778032036613272,-0.0957776659283622,0.3842504743833017,1.3969072164948453,1054.0,0.6347248576850095,0.0640625
2000,NYJ,00-0010137,0.10066256560241038,,1.0,0.6111111111111112,1.0,0.46407185628742514,0.6426628489620615,0.0,0.0,0.5359281437125749,-0.0324008616815489,0.3895169578622816,1.518716577540107,973.0,0.5560123329907503,0.0729783037475345
2000,PHI,00-0012726,-0.21834607032505138,,0.0,0.5271317829457365,0.9396551724137931,0.8184438040345822,0.8724299821920025,0.0,0.06034482758620685,0.18155619596541783,-0.1987309422908096,0.3315276273022752,1.1044776119402986,923.0,0.6121343445287107,0.0947775628626692
2000,PIT,00-0015700,-0.19947996744214325,,1.0,0.5221238938053098,1.0,0.9684466019417476,0.984517747012309,0.0,0.0,0.03155339805825241,-0.0702214654786229,0.4163461538461538,1.528205128205128,1040.0,0.5865384615384616,0.0651408450704225
2000,SEA,00-0009311,-0.0031043518516966316,,1.0,0.9349005424954792,0.9255014326647565,0.7331606217616581,0.8354231974921629,0.0,0.07449856733524352,0.2668393782383419,-0.0865435641926322,0.3829113924050633,1.6062176165803108,948.0,0.5981012658227848,0.0666666666666666
2000,SF,00-0005755,0.05680058897461345,,1.0,0.658703071672355,0.8958333333333334,0.9289473684210526,0.9110685456286771,0.0,0.10416666666666663,0.07105263157894737,-0.0421913280900789,0.4177598385469223,1.4438202247191012,991.0,0.627648839556004,0.0578231292517006
2000,TB,00-0004293,-0.12840775124434914,,0.0,0.44834710743801653,1.0,0.7556270096463023,0.861063789513534,0.0,0.0,0.24437299035369775,-0.151606274152844,0.3502066115702479,1.280612244897959,968.0,0.53099173553719,0.0865979381443299
2000,TEN,00-0011024,0.016022228654493383,,1.0,1.0,1.0,0.8481308411214953,0.882044716314579,0.0,0.0,0.15186915887850472,0.0097955152108779,0.4042769857433808,1.8177083333333333,982.0,0.59979633401222,0.0458715596330275
2000,WAS,00-0008442,0.09982617219869512,,1.0,0.9662522202486679,0.8994974874371859,1.0,0.9219820769636268,0.0,0.10050251256281406,0.0,0.0754295365384072,0.4434434434434434,2.141361256544503,999.0,0.5725725725725725,0.0531914893617021
2001,ARI,00-0013042,-0.1135143007697032,,1.0,1.0,1.0,0.8828125,0.939811655520677,0.0,0.0,0.1171875,-0.1543395804989324,0.3858695652173913,1.1477272727272727,920.0,0.6521739130434783,0.0583190394511149
2001,ATL,00-0002876,-0.18704043309252852,,1.0,0.7873462214411248,0.9738562091503268,0.8494623655913979,0.8724481721791423,0.0,0.02614379084967322,0.15053763440860213,-0.2281677499148457,0.3607456140350877,1.1703296703296704,912.0,0.6348684210526315,0.1070175438596491
2001,BAL,00-0000722,-0.08114743225000351,,0.0,0.007366482504604052,0.7015250544662309,0.9397260273972603,0.8439608636977058,0.0,0.2984749455337691,0.0602739726027397,-0.0603523382587573,0.4013346043851287,1.5714285714285714,1049.0,0.5376549094375596,0.0790441176470588
2001,BUF,00-0008612,-0.09298785766743653,,1.0,0.5811051693404634,0.7038123167155426,0.965,0.9038749999999999,0.0,0.29618768328445744,0.03500000000000003,-0.0579772991625941,0.4033696729435084,1.5454545454545454,1009.0,0.6144697720515362,0.0944741532976827
2001,CAR,00-0001218,-0.013686433797949689,,0.0,0.0,1.0,0.9619952494061758,0.9596821659799881,0.0,0.0,0.038004750593824244,-0.0817593473523894,0.4051546391752577,1.5755813953488371,970.0,0.6649484536082474,0.1073717948717948
2001,CHI,00-0011044,-0.2162412899656926,,0.0,0.46221441124780316,0.8486646884272997,0.562929061784897,0.6749282152032643,0.0,0.1513353115727003,0.437070938215103,-0.1397594987061331,0.3918367346938775,0.9742268041237112,980.0,0.6214285714285714,0.0597539543057996
2001,CIN,00-0015082,-0.3180486339013623,,1.0,1.0,1.0,0.8235294117647058,0.9152405553761707,0.0,0.0,0.17647058823529416,-0.1695384130700248,0.3449691991786447,0.8677248677248677,974.0,0.5431211498973306,0.1022044088176352
2001,CLE,00-0012726,-0.25414790803946335,,0.0,0.4332688588007737,0.1597222222222222,0.712707182320442,0.5120246586143865,0.0,0.8402777777777778,0.28729281767955805,-0.2212849700315984,0.3180212014134275,0.8,849.0,0.6325088339222615,0.0754352030947775
2001,DAL,00-0000104,-0.10694089594894163,,0.0,0.14978902953586498,0.8496042216358839,0.48923076923076925,0.6016213909827905,0.0,0.1503957783641161,0.5107692307692308,-0.0934845825434878,0.4087982832618025,1.4864864864864864,932.0,0.5257510729613734,0.0733752620545073
2001,DEN,00-0006423,0.25353178294851686,,1.0,1.0,0.9778761061946902,0.9034653465346535,0.9431862553689965,0.0,0.02212389380530977,0.09653465346534651,0.082433786188318,0.4531392174704277,2.1818181818181817,1100.0,0.5590909090909091,0.0489038785834738
2001,DET,00-0000865,-0.15893224006658674,,1.0,0.8139963167587477,0.9173333333333333,0.9242819843342036,0.8956270627062707,0.0,0.08266666666666667,0.07571801566579639,-0.1400646914158329,0.3691683569979716,1.35609756097561,987.0,0.585612968591692,0.0919117647058823
2001,GB,00-0005106,-8.372358397102915e-05,,1.0,0.9682034976152624,0.9445983379501385,0.9782082324455206,0.9740607188554147,0.0,0.05540166204986152,0.021791767554479424,-0.018840256390277,0.3996120271580989,1.719387755102041,1031.0,0.6246362754607178,0.0537974683544303
2001,HOU,,,,,,,,,0.0,,,,,,,,
2001,IND,00-0010346,0.23091541133591761,,1.0,1.0,0.9896640826873385,0.9416846652267818,0.9654448262695687,0.0,0.01033591731266148,0.05831533477321815,0.1197001727084184,0.456973293768546,2.254237288135593,1011.0,0.5934718100890207,0.0341296928327645
2001,JAX,00-0002110,0.027637678485204834,,1.0,0.9446308724832215,0.8252427184466019,0.9821428571428571,0.9287295730100158,0.0,0.1747572815533981,0.017857142857142905,0.0103743014528378,0.4194756554307116,1.843434343434344,1068.0,0.5880149812734082,0.0887772194304857
2001,KC,00-0006300,0.08439511721661,,0.0,0.001736111111111111,0.1506849315068493,0.8613636363636363,0.7608137576945373,0.0,0.8493150684931507,0.13863636363636367,-0.0032897577519344,0.4052004333694474,1.6723163841807909,923.0,0.6446370530877573,0.0551724137931034
2001,LA,00-0017200,0.2621302474109722,,1.0,0.5833333333333334,1.0,0.9234338747099768,0.952124235597039,0.0,0.0,0.07656612529002316,0.1683884447376229,0.468063872255489,2.747311827956989,1002.0,0.6327345309381237,0.0699523052464228
2001,LAC,00-0009715,-0.21595527934458164,,0.0,0.0,0.4444444444444444,0.9758454106280193,0.860087960417812,0.0,0.5555555555555556,0.024154589371980673,-0.185471013144937,0.3548740416210296,1.190721649484536,913.0,0.6527929901423878,0.0791738382099827
2001,LV,00-0005741,0.1965918109077766,,1.0,1.0,0.7814726840855107,0.6273885350318471,0.7183551081602056,0.0,0.21852731591448926,0.3726114649681529,0.094990294900202,0.4183266932270916,2.265957446808511,1004.0,0.5507968127490039,0.0546558704453441
2001,MIA,00-0005180,0.1091373239693984,,1.0,0.8424821002386634,0.8657894736842106,0.5272727272727272,0.6984197972570066,0.0,0.13421052631578945,0.4727272727272728,-0.0438088377390668,0.3847926267281106,1.591160220994475,868.0,0.5,0.0644391408114558
2001,MIN,00-0003739,0.19878963712151448,,1.0,0.9599236641221374,0.0,0.7887323943661971,0.5851241393699145,0.0,1.0,0.21126760563380287,0.1163274058424281,0.4498416050686378,2.2701149425287355,947.0,0.6071805702217529,0.0666666666666666
2001,NE,00-0001361,-0.039562007468440324,,1.0,0.9458128078817734,0.884393063583815,0.8,0.8412821507044073,0.0,0.11560693641618502,0.19999999999999996,-0.0996495213975792,0.375,1.381443298969072,1032.0,0.6114341085271318,0.0788177339901477
2001,NO,00-0001335,0.02671080482607281,,1.0,1.0,0.6813186813186813,0.7063711911357341,0.6971181418466833,0.0,0.31868131868131866,0.2936288088642659,0.0133064673564452,0.4243614931237721,1.7637362637362637,1018.0,0.5736738703339882,0.0734463276836158
2001,NYG,00-0003292,0.12343108070435661,,1.0,1.0,1.0,0.8977900552486188,0.9531232966314184,0.0,0.0,0.10220994475138123,0.0119490841769292,0.4009478672985782,1.6822916666666667,1055.0,0.5364928909952607,0.0508166969147005
2001,NYJ,00-0016193,0.003577105710417632,,1.0,0.9302325581395349,0.9251497005988024,0.6203208556149733,0.7443888606511329,0.0,0.07485029940119758,0.3796791443850267,-0.0633750133515581,0.3950381679389313,1.5024630541871922,1050.0,0.6247619047619047,0.0293209876543209
2001,PHI,00-0011022,0.0034294633941149492,,1.0,0.998371335504886,0.3859060402684564,0.45685279187817257,0.4875101132686083,0.0,0.6140939597315436,0.5431472081218274,-0.0052246136290388,0.4019900497512438,1.7379679144385027,1005.0,0.6736318407960199,0.073051948051948
2001,PIT,00-0015700,-0.0014201171150693991,,1.0,0.6617647058823529,0.8915094339622641,0.8595505617977528,0.8652451407020598,0.0,0.10849056603773588,0.1404494382022472,-0.056175821564965,0.378894472361809,1.5368421052631578,996.0,0.5190763052208835,0.0859538784067086
2001,SEA,00-0009311,-0.005667475371480982,,0.0,0.1834862385321101,1.0,0.5492957746478874,0.7442797711908475,0.0,0.0,0.45070422535211263,-0.0508849167074057,0.4014830508474576,1.5363128491620113,944.0,0.6048728813559322,0.0821167883211678
2001,SF,00-0005755,0.2035361724653819,,1.0,0.9983193277310924,0.08664259927797834,0.7048780487804878,0.5406932522003695,0.0,0.9133574007220217,0.29512195121951224,0.0993108160045213,0.43,2.0662983425414363,1000.0,0.648,0.0402010050251256
2001,TB,00-0009266,-0.020502475921069616,,1.0,0.9935344827586207,1.0,0.9602446483180428,0.9894736842105264,0.0,0.0,0.03975535168195721,-0.0232957279123498,0.3957446808510638,1.7777777777777777,940.0,0.5457446808510639,0.0818965517241379
2001,TEN,00-0011024,-0.0038896766119171943,,1.0,1.0,0.8671023965141612,0.835195530726257,0.8675183631911954,0.0,0.1328976034858388,0.16480446927374304,-0.0402023262446111,0.395690499510284,1.5729166666666667,1021.0,0.5122428991185113,0.0542797494780793
2001,WAS,00-0008442,0.00017886987977711746,,0.0,0.346483704974271,0.8709677419354839,0.23351648351648352,0.44500330906684327,0.0,0.12903225806451613,0.7664835164835164,-0.0231444898718213,0.4110127826941986,1.486910994764398,1017.0,0.5860373647984267,0.0529914529914529
2002,ARI,00-0013042,0.05077715291496078,,1.0,1.0,0.3192090395480226,0.837696335078534,0.7077338129496406,0.0,0.6807909604519774,0.16230366492146597,-0.0351887744727624,0.3886554621848739,1.4388888888888889,952.0,0.6050420168067226,0.0522522522522522
2002,ATL,00-0002876,0.045938808811157625,,0.0,0.2604735883424408,0.009036144578313253,0.515625,0.4241803278688525,0.0,0.9909638554216867,0.484375,-0.0676806490210596,0.387031408308004,1.5133689839572193,987.0,0.5866261398176292,0.1163636363636363
2002,BAL,00-0006300,-0.10092915711623958,,0.0,0.0,0.0,0.3793911007025761,0.21746478873239433,0.0,1.0,0.6206088992974239,-0.116563973549853,0.38347260909935,1.4504950495049505,1077.0,0.5608170844939647,0.0666666666666666
2002,BUF,00-0016838,0.030089972641749264,,1.0,0.5897009966777409,1.0,0.8571428571428571,0.858016965651509,0.0,0.0,0.1428571428571429,-0.0720407776393891,0.3859126984126984,1.3135135135135134,1008.0,0.6299603174603174,0.0755336617405583
2002,CAR,00-0020434,-0.18363623779636687,,1.0,0.9263502454991817,0.2323943661971831,0.6635514018691588,0.5723462341416411,0.0,0.7676056338028169,0.33644859813084116,-0.2097777980301019,0.35202492211838,1.1111111111111112,963.0,0.6573208722741433,0.0520325203252032
2002,CHI,00-0011276,-0.06661058731492021,,1.0,0.7532228360957642,0.6866359447004609,0.958041958041958,0.8472698561523846,0.0,0.31336405529953915,0.04195804195804198,-0.0694644143255031,0.3891625615763547,1.5384615384615383,1015.0,0.5379310344827586,0.0313075506445672
2002,CIN,00-0009311,-0.06567565416348993,,1.0,0.9777777777777777,0.9873417721518988,0.6545842217484008,0.7057227429699063,0.0,0.012658227848101222,0.3454157782515992,-0.0979254874869886,0.3837535014005602,1.0769230769230769,1071.0,0.6003734827264239,0.0443740095087163
2002,CLE,00-0003535,-0.13198999720800736,,1.0,1.0,0.8629032258064516,0.7241379310344828,0.7419780800211276,0.0,0.13709677419354838,0.27586206896551724,-0.1298889845819771,0.3586723768736616,1.3010204081632653,934.0,0.576017130620985,0.0986460348162475
2002,DAL,00-0020404,-0.11127623850180529,,1.0,0.5438202247191011,0.9975550122249389,0.4740061162079511,0.6744309158284808,0.0,0.0024449877750610804,0.5259938837920489,-0.1397629279027784,0.3568421052631579,1.1702127659574468,950.0,0.4863157894736842,0.076062639821029
2002,DEN,00-0006423,-0.052806373360176656,,1.0,0.9077757685352622,0.5841584158415841,0.6186666666666667,0.6471913089560147,0.0,0.4158415841584159,0.3813333333333333,-0.050541359023215,0.4187620889748549,1.6615384615384616,1034.0,0.5599613152804642,0.0755395683453237
2002,DET,00-0000865,-0.05588108861181812,,0.0,0.44592592592592595,0.8739837398373984,0.2430379746835443,0.45336285635206197,0.0,0.1260162601626016,0.7569620253164557,-0.1307684757242359,0.3795121951219512,1.2925531914893618,1025.0,0.6848780487804879,0.0969162995594713
2002,GB,00-0005106,0.16182263950808704,,1.0,1.0,0.875,0.2443820224719101,0.472560975609756,0.0,0.125,0.7556179775280899,0.0328641127258332,0.4117021276595745,1.8963730569948187,940.0,0.575531914893617,0.0411985018726591
2002,HOU,,,,,,,,,0.0,,,,,,,,
2002,IND,00-0010346,0.017191621722030925,,1.0,0.9811643835616438,0.3765586034912718,0.6285714285714286,0.5953718486980861,0.0,0.6234413965087282,0.37142857142857144,-0.0059408799589113,0.4446620959843291,1.9743589743589745,1021.0,0.5905974534769833,0.0511073253833049
2002,JAX,00-0002110,-0.25435781058617163,,1.0,0.8877721943048577,0.9749216300940439,0.5295404814004376,,0.0,0.025078369905956133,0.47045951859956237,-0.3031461161663588,0.4004127966976264,0.7916666666666666,969.0,0.6491228070175439,0.1053511705685618
2002,KC,00-0006355,-0.027703305534850755,,1.0,1.0,1.0,0.38734177215189874,0.6115075319968285,0.0,0.0,0.6126582278481012,0.0084501226117617,0.4347826086956521,1.631578947368421,1012.0,0.5849802371541502,0.0686619718309859
2002,LA,00-0017200,0.21445936822998476,,1.0,0.9983079526226735,0.9970674486803519,0.8664987405541562,0.928564133986928,0.0,0.0029325513196480912,0.1335012594458438,0.1324732557803954,0.4865671641791044,2.585635359116022,1006.0,0.5984095427435387,0.0673400673400673
2002,LAC,00-0005363,0.035964509290831594,,1.0,1.0,1.0,0.4282238442822384,0.6789067142008318,0.0,0.0,0.5717761557177616,-0.0175573143028077,0.3954410307234886,1.5025641025641026,1009.0,0.6065411298315163,0.046875
2002,LV,00-0005741,0.17057052220738741,,1.0,1.0,1.0,0.9522546419098143,0.9760781301437508,0.0,0.0,0.04774535809018565,0.0704754173631906,0.4577259475218659,1.9623655913978493,1029.0,0.6015549076773566,0.046551724137931
2002,MIA,00-0005180,0.02415010325189273,,1.0,1.0,0.15649867374005305,0.949438202247191,0.7287975111592047,0.0,0.8435013262599469,0.050561797752809,-0.0215519532850014,0.4092339979013641,1.6593406593406594,953.0,0.5435466946484785,0.05625
2002,MIN,00-0003739,-0.016826556084945016,,1.0,0.8186356073211315,0.9437751004016064,0.5913978494623656,0.7077881148677609,0.0,0.05622489959839361,0.4086021505376344,-0.0577363724303692,0.4237461617195496,1.5164835164835164,977.0,0.6704196519959058,0.0778145695364238
2002,NE,00-0019596,0.02527402819548508,,1.0,0.865530303030303,1.0,0.6973293768545994,0.8463642803058059,0.0,0.0,0.3026706231454006,-0.0354535184938191,0.4054054054054054,1.7608695652173914,1000.0,0.536,0.0869565217391304
2002,NO,00-0001823,-0.022571472524901656,,1.0,0.9983660130718954,0.051515151515151514,0.4694835680751174,0.37475034657769213,0.0,0.9484848484848485,0.5305164319248826,-0.0727387817465937,0.3773035887487876,1.663265306122449,1031.0,0.6362754607177498,0.0814332247557003
2002,NYG,00-0003292,-0.005247534694357649,,1.0,1.0,0.9894179894179894,0.7317708333333334,0.8056182310469313,0.0,0.010582010582010581,0.26822916666666663,-0.0448418541186566,0.3998054474708171,1.4307692307692308,1028.0,0.5982490272373541,0.0596026490066225
2002,NYJ,00-0016193,-0.007876053065692558,,1.0,0.9979296066252588,1.0,0.9472049689440993,0.9925302938084436,0.0,0.0,0.052795031055900665,-0.0336071322368447,0.4075675675675675,1.52,927.0,0.5285868392664509,0.0391752577319587
2002,PHI,00-0011022,-0.016968319425073135,,1.0,1.0,0.5814696485623003,0.9401709401709402,0.8684832648998382,0.0,0.4185303514376997,0.05982905982905984,-0.0424924006311139,0.3895169578622816,1.545,973.0,0.6310380267214799,0.0711743772241993
2002,PIT,00-0015700,0.111467584959775,,1.0,1.0,0.9598214285714286,0.794344473007712,0.7956687205509243,0.0,0.0401785714285714,0.20565552699228795,0.0593722644079751,0.4219924812030075,1.7513812154696131,1064.0,0.4887218045112781,0.0637860082304526
2002,SEA,00-0007091,-0.07179536299225547,,1.0,0.9647749510763209,0.7862595419847328,0.8809523809523809,0.8755999481125957,0.0,0.2137404580152672,0.11904761904761907,-0.0323664208374449,0.3795918367346939,1.424731182795699,980.0,0.5459183673469388,0.095703125
2002,SF,00-0005755,0.14252189157861633,,1.0,1.0,1.0,0.9973190348525469,0.9972251867662754,0.0,0.0,0.002680965147453085,0.0864597288430636,0.4451923076923076,2.143646408839779,1040.0,0.5528846153846154,0.048689138576779
2002,TB,00-0008442,-0.009180062765520615,,1.0,0.9984350547730829,0.13333333333333333,0.5743073047858942,0.45820760410380207,0.0,0.8666666666666667,0.4256926952141058,-0.0379133877137999,0.3894230769230769,1.5901639344262295,1040.0,0.6288461538461538,0.073208722741433
2002,TEN,00-0011024,0.14016273158267817,,1.0,1.0,0.8549222797927462,0.9426605504587156,0.8805007587253413,0.0,0.14507772020725385,0.05733944954128445,-0.0145540774245064,0.3966861598440546,1.5561224489795915,1026.0,0.5925925925925926,0.0765124555160142
2002,WAS,00-0000722,-0.10670245879562383,,0.0,0.002127659574468085,0.8496420047732697,0.6296296296296297,0.6848050528361472,0.0,0.15035799522673032,0.37037037037037035,-0.106655096495318,0.3833333333333333,1.2447916666666667,960.0,0.5114583333333333,0.0805084745762711
2003,ARI,00-0013042,-0.10282396311562561,,0.0,0.0391156462585034,0.6057142857142858,0.4529262086513995,0.5540426726558114,0.0,0.39428571428571424,0.5470737913486006,-0.1126458359131732,0.3756243756243756,1.2780748663101604,1001.0,0.6183816183816184,0.0694915254237288
2003,ATL,00-0020245,0.024549989023962777,,1.0,1.0,0.9973045822102425,0.5342857142857143,0.763129973474801,0.0,0.0026954177897574594,0.46571428571428575,0.0249096607297817,0.4148003894839338,2.0591397849462365,1027.0,0.5657254138266796,0.0699029126213592
2003,BAL,00-0001335,-0.042255973834733784,,0.0,0.3737957610789981,1.0,0.7946666666666666,0.8927371413802015,0.0,0.0,0.20533333333333337,-0.0691696795605727,0.4115755627009646,1.5027932960893855,933.0,0.5744908896034298,0.0786948176583493
2003,BUF,00-0001361,0.07280368000462929,,1.0,1.0,0.9623188405797102,0.5668103448275862,0.682945482355512,0.0,0.03768115942028982,0.4331896551724138,0.0131951801037949,0.4676190476190476,1.978142076502732,1050.0,0.6419047619047619,0.08095952023988
2003,CAR,00-0012732,-0.09291438553243991,,1.0,0.8976377952755905,0.13821138211382114,0.7885196374622356,0.5527132929173444,0.0,0.8617886178861789,0.21148036253776437,-0.1908958457639819,0.3431890179514255,1.1127450980392155,947.0,0.5533262935586061,0.0866141732283464
2003,CHI,00-0011276,-0.04922565453991282,,0.0,0.32538330494037476,0.6943620178041543,0.7788235294117647,0.7844550451104427,0.0,0.3056379821958457,0.2211764705882353,-0.1497700831855188,0.391304347826087,1.3979591836734695,966.0,0.6231884057971014,0.0747028862478777
2003,CIN,00-0009311,-0.03331689567405552,,1.0,0.7910685805422647,0.9680851063829787,0.7397260273972602,0.8411504952858335,0.0,0.03191489361702127,0.26027397260273977,-0.0701769886109127,0.4302103250478011,1.404494382022472,1046.0,0.612810707456979,0.0589171974522293
2003,CLE,00-0003535,-0.015362970751504999,,1.0,0.9982964224872232,1.0,0.8888888888888888,0.9092054703962319,0.0,0.0,0.11111111111111116,-0.0147054101910663,0.4087221095334685,1.7567567567567568,986.0,0.6075050709939148,0.0595238095238095
2003,DAL,00-0020562,-0.360278953431444,,1.0,0.9980916030534351,0.22253521126760564,0.7138810198300283,0.554665140240412,0.0,0.7774647887323943,0.2861189801699717,-0.1950635263077884,0.3699788583509514,0.8817733990147784,946.0,0.5866807610993657,0.1030534351145038
2003,DEN,00-0006423,0.06523661099388811,,0.0,0.21666666666666667,0.907035175879397,0.9830508474576272,0.9397602397602398,0.0,0.09296482412060303,0.016949152542372836,0.0685389108422985,0.4923518164435946,2.0898876404494384,1046.0,0.5927342256214149,0.0765391014975041
2003,DET,00-0021141,-0.19858018555323617,,1.0,0.998324958123953,0.0035842293906810036,0.7859007832898173,0.49948987028130015,0.0,0.996415770609319,0.21409921671018273,-0.1668741021662439,0.3350840336134453,1.3520408163265305,952.0,0.6397058823529411,0.0333889816360601
2003,GB,00-0005106,0.034109447539296595,,1.0,1.0,0.9705159705159705,0.7214285714285714,0.8261085445360735,0.0,0.029484029484029506,0.2785714285714286,-0.0063549995805005,0.4319695528068506,1.9322916666666667,1051.0,0.5899143672692674,0.0444810543657331
2003,HOU,00-0020608,-0.2587793663466953,,1.0,0.9961759082217974,0.5487465181058496,0.8123167155425219,0.6462544589774077,0.0,0.4512534818941504,0.18768328445747806,-0.250180663330976,0.3202959830866808,0.83,946.0,0.5919661733615222,0.1447619047619047
2003,IND,00-0010346,0.08050729355636373,,1.0,1.0,0.9948320413436692,0.8041666666666667,0.8429977585030699,0.0,0.0051679586563307955,0.1958333333333333,0.0075658834672322,0.4383429672447013,1.910614525139665,1038.0,0.6146435452793835,0.0372771474878444
2003,JAX,00-0002110,-0.19400842965120593,,1.0,0.998,0.7454545454545455,0.20498614958448755,,0.0,0.2545454545454545,0.7950138504155124,-0.2707656033197386,0.4012605042016807,1.0397727272727273,952.0,0.5787815126050421,0.0834990059642147
2003,KC,00-0006355,0.18681557100604293,,1.0,1.0,0.8703703703703703,0.9881656804733728,0.9682633550167554,0.0,0.12962962962962965,0.011834319526627168,0.1646700757978541,0.4725388601036269,2.4719101123595504,965.0,0.5492227979274611,0.0515873015873015
2003,LA,00-0017200,-0.11719492090486622,,1.0,0.6857562408223201,0.9326599326599326,0.6637554585152838,0.7504371978191544,0.0,0.06734006734006737,0.33624454148471616,-0.0652344426489821,0.4315068493150685,1.6149732620320856,1022.0,0.6741682974559687,0.0675477239353891
2003,LAC,00-0020531,-0.018817506104014003,,1.0,1.0,0.9310344827586207,0.7405405405405405,0.7519130531218811,0.0,0.06896551724137934,0.2594594594594595,0.003258620534252,0.4193548387096774,1.6170212765957446,1023.0,0.5689149560117303,0.0424778761061946
2003,LV,00-0005741,0.19051254460888728,,1.0,0.9984732824427481,0.9455587392550143,0.8930232558139535,0.9193754565376185,0.0,0.054441260744985676,0.10697674418604652,0.1423896131110858,0.501890359168242,2.437125748502994,1058.0,0.6446124763705104,0.0547945205479452
2003,MIA,00-0005180,0.10339119823066431,,1.0,0.6430062630480167,0.9552572706935123,0.6772151898734177,0.8134721371708511,0.0,0.044742729306487705,0.32278481012658233,0.0060786563110925,0.4418837675350701,2.016216216216216,998.0,0.5080160320641283,0.0520833333333333
2003,MIN,00-0003739,0.03472589323189959,,1.0,0.9868204283360791,0.27350427350427353,0.7619047619047619,0.6556901837292236,0.0,0.7264957264957265,0.23809523809523814,0.0725921537325654,0.4550509731232622,2.0210526315789474,1079.0,0.6274328081556997,0.0807248764415156
2003,NE,00-0019596,0.010310920618206114,,1.0,1.0,0.9743589743589743,0.8867102396514162,0.9311241800497624,0.0,0.02564102564102566,0.11328976034858385,-0.007941034929275,0.4333333333333333,1.9101123595505616,1020.0,0.6313725490196078,0.0484375
2003,NO,00-0001823,-0.015283008196185492,,1.0,0.9826086956521739,0.9658119658119658,0.8226950354609929,0.9071984222636134,0.0,0.03418803418803418,0.17730496453900713,-0.0114482432997506,0.3828282828282828,2.111111111111111,990.0,0.6191919191919192,0.0639032815198618
2003,NYG,00-0003292,0.1514134044223034,,1.0,1.0,1.0,0.7671568627450981,0.8472060226911251,0.0,0.0,0.2328431372549019,0.003162312266513,0.4083570750237417,1.6329787234042554,1053.0,0.5508072174738842,0.0418118466898954
2003,NYJ,00-0019559,0.24672507844994218,,1.0,0.9961315280464217,0.9885386819484241,0.588957055214724,0.6770068934845453,0.0,0.011461318051575908,0.41104294478527603,0.0526739940447422,0.4438325991189427,2.018292682926829,908.0,0.579295154185022,0.0616570327552986
2003,PHI,00-0011022,-0.02848995462051481,,1.0,0.9948630136986302,0.8056265984654731,0.7728395061728395,0.6943102071689708,0.0,0.19437340153452687,0.22716049382716053,-0.0011126693593981,0.431390977443609,1.9948979591836733,1064.0,0.5930451127819549,0.0614334470989761
2003,PIT,00-0010261,0.043447573371685616,,1.0,0.7042735042735043,0.9429280397022333,0.9080717488789237,0.8949538582367955,0.0,0.05707196029776673,0.09192825112107628,-0.0013591804910837,0.4310661764705882,1.9322916666666667,1088.0,0.5588235294117647,0.0576271186440678
2003,SEA,00-0007091,0.10269929822268833,,1.0,1.0,1.0,0.9558498896247241,0.984241628365069,0.0,0.0,0.04415011037527594,0.0176975705313431,0.4307545367717287,1.803370786516854,1047.0,0.620821394460363,0.0532258064516129
2003,SF,00-0005755,0.1472733383090029,,1.0,1.0,0.9523809523809523,0.8313817330210773,0.9090604026845637,0.0,0.04761904761904767,0.16861826697892268,0.0973692662190628,0.4521575984990619,2.0892857142857144,1066.0,0.5984990619136961,0.0371621621621621
2003,TB,00-0008442,0.08878121222807689,,1.0,0.8240131578947368,1.0,0.9309462915601023,0.9358548074258797,0.0,0.0,0.06905370843989767,-0.0499316357482538,0.4174852652259332,1.616216216216216,1018.0,0.6198428290766208,0.0671031096563011
2003,TEN,00-0011024,0.10397674111429546,,1.0,0.9904030710172744,0.9171122994652406,0.8257575757575758,0.7568198980555032,0.0,0.08288770053475936,0.1742424242424242,0.041774193525105,0.4492610837438424,1.9597701149425288,1015.0,0.5576354679802956,0.0401529636711281
2003,WAS,00-0010560,-0.05975560713867536,,0.0,0.4120603015075377,0.17391304347826086,0.49523809523809526,0.3790577988915282,0.0,0.8260869565217391,0.5047619047619047,-0.0625657867445654,0.4114785992217898,1.4895833333333333,1028.0,0.5914396887159533,0.0634390651085141
2004,ARI,00-0001335,-0.2161247002577078,,0.0,0.33158813263525305,0.26706231454005935,0.8986784140969163,0.6894803548795946,0.0,0.7329376854599406,0.10132158590308371,-0.1754763626418773,0.3831967213114754,1.1675675675675676,976.0,0.632172131147541,0.0746527777777777
2004,ATL,00-0019087,-0.2389986893171053,,0.0,0.22672064777327935,0.975609756097561,0.875,0.9402900999859174,0.0,0.024390243902439046,0.125,-0.1276422190049092,0.3825136612021858,1.3926701570680629,915.0,0.5748633879781421,0.0707070707070707
2004,BAL,00-0022164,-0.1628503650895105,,1.0,0.5254988913525499,1.0,0.7142857142857143,0.8476581963129047,0.0,0.0,0.2857142857142857,-0.1037100918312517,0.3830645161290322,1.6445497630331751,992.0,0.4838709677419355,0.0923076923076923
2004,BUF,00-0001361,-0.144300444101052,,1.0,0.9420289855072463,0.9464285714285714,0.9347826086956522,0.9062543921293044,0.0,0.0535714285714286,0.06521739130434778,-0.1222103493106366,0.3927835051546391,1.2099447513812154,970.0,0.5773195876288659,0.0920577617328519
2004,CAR,00-0004161,-0.006623730643916761,,1.0,1.0,1.0,0.9507389162561576,0.9744611934720318,0.0,0.0,0.049261083743842415,-0.0739544394327962,0.3921765295887663,1.5287958115183249,997.0,0.4974924774322969,0.0532786885245901
2004,CHI,00-0015700,-0.3005969092307053,,0.0,0.13768115942028986,0.7492957746478873,0.5497835497835498,0.5439528871014078,0.0,0.2507042253521127,0.4502164502164502,-0.1074820209754892,0.3805668016194332,1.39010989010989,988.0,0.5941295546558705,0.0778985507246376
2004,CIN,00-0009311,0.08818032298259933,,1.0,1.0,0.5245098039215687,1.0,0.8570643814546255,0.0,0.47549019607843135,0.0,0.0426693664076974,0.4352941176470588,1.9190751445086704,1020.0,0.5627450980392157,0.066546762589928
2004,CLE,00-0007576,-0.07778679996527928,,1.0,0.5894160583941606,0.8108108108108109,0.7071129707112971,0.7121490422461297,0.0,0.18918918918918914,0.2928870292887029,-0.1248131749594485,0.4171907756813417,1.3707865168539326,954.0,0.5817610062893082,0.072595281306715
2004,DAL,00-0020404,-0.09125309991408406,,0.0,0.003663003663003663,0.0,0.7978142076502732,0.4944298218767214,0.0,1.0,0.20218579234972678,-0.0904882501223183,0.3941120607787274,1.308457711442786,1053.0,0.5470085470085471,0.0677655677655677
2004,DEN,00-0013042,0.14589275779258887,,1.0,0.842,0.211864406779661,0.5784313725490197,0.37533614198637505,0.0,0.788135593220339,0.42156862745098034,0.0307618155420379,0.434402332361516,1.9832402234636872,1029.0,0.5063168124392614,0.05
2004,DET,00-0021141,-0.1672059060483793,,1.0,0.998324958123953,0.6180124223602484,0.46534653465346537,0.5372040086321579,0.0,0.38198757763975155,0.5346534653465347,-0.1731756653739784,0.3565488565488565,1.2204301075268815,962.0,0.6392931392931392,0.021702838063439
2004,GB,00-0005106,0.10736447399441695,,1.0,1.0,1.0,0.8365384615384616,0.9398763053837575,0.0,0.0,0.16346153846153844,0.0641620418603242,0.4583751253761284,2.193717277486911,997.0,0.5015045135406219,0.0383838383838383
2004,HOU,00-0020608,-0.11327004775282686,,1.0,0.9978813559322034,0.7513368983957219,0.9553072625698324,0.9033539276257724,0.0,0.24866310160427807,0.04469273743016755,-0.0961259447461198,0.3817567567567567,1.3297297297297297,888.0,0.5563063063063063,0.0762711864406779
2004,IND,00-0010346,0.21328202766000362,,1.0,0.9932088285229203,0.8851674641148325,0.99,0.9420233839018262,0.0,0.11483253588516751,0.010000000000000009,0.0990085057985808,0.4567541302235179,2.476744186046512,1029.0,0.5821185617103984,0.0338983050847457
2004,JAX,00-0022177,-0.05460925338534144,,1.0,0.8305709023941068,0.9908466819221968,0.751219512195122,0.8414732187719828,0.0,0.009153318077803174,0.24878048780487805,-0.0481775950660425,0.4033203125,1.46448087431694,1024.0,0.55078125,0.0497237569060773
2004,KC,00-0006355,0.1751719117266906,,1.0,1.0,1.0,0.9487179487179487,0.978120978120978,0.0,0.0,0.05128205128205132,0.1317731010072111,0.4797979797979798,2.39344262295082,990.0,0.5767676767676768,0.035778175313059
2004,LA,00-0019599,0.0544625450939567,,1.0,0.8894080996884736,0.8054794520547945,0.996742671009772,0.9525200876552227,0.0,0.19452054794520546,0.0032573289902280145,-0.0032430739537967,0.4251439539347408,2.12565445026178,1042.0,0.6266794625719769,0.0669781931464174
2004,LAC,00-0020531,-0.18826867048965248,,1.0,0.9981718464351006,0.9876923076923076,0.5314285714285715,0.7643181764104029,0.0,0.012307692307692353,0.4685714285714285,-0.0344881529906071,0.4010416666666667,1.6149732620320856,960.0,0.5989583333333334,0.052823315118397
2004,LV,00-0011378,-0.17099149228635527,,0.0,0.5125448028673835,0.6808510638297872,0.7268292682926829,0.6644341170038273,0.0,0.3191489361702128,0.2731707317073171,-0.1041353094969655,0.3773006134969325,1.2580645161290325,978.0,0.6002044989775052,0.0770609318996415
2004,MIA,00-0005180,-0.06477714302036994,,1.0,0.7047817047817048,0.0944700460829493,0.8352272727272727,0.5360484314804623,0.0,0.9055299539170507,0.1647727272727273,-0.1010248722770596,0.3858185610010427,1.5212765957446808,959.0,0.5140771637122002,0.0663900414937759
2004,MIN,00-0003739,0.11246677515437302,,1.0,1.0,0.9561855670103093,0.9181034482758621,0.946209315922822,0.0,0.04381443298969068,0.0818965517241379,0.0922632002769687,0.4636711281070745,2.1277777777777778,1046.0,0.5831739961759083,0.0766488413547237
2004,NE,00-0019596,0.04706896216339503,,1.0,0.9982394366197183,0.46464646464646464,0.961038961038961,0.7975251728739537,0.0,0.5353535353535354,0.038961038961038974,-0.0518407328081197,0.3988269794721407,1.546875,1023.0,0.5601173020527859,0.056338028169014
2004,NO,00-0001823,0.024966857769325054,,1.0,1.0,0.9093264248704663,0.9703389830508474,0.9584250977572025,0.0,0.09067357512953367,0.029661016949152574,-0.0233119298092441,0.417910447761194,1.71978021978022,1005.0,0.5960199004975124,0.0649122807017543
2004,NYG,00-0003292,-0.06986535981535574,,0.0,0.19969512195121952,0.7700831024930748,0.992,0.9175494575622206,0.0,0.22991689750692523,0.008000000000000007,-0.1359534865180901,0.4136933461909354,1.1041666666666667,1037.0,0.6403085824493732,0.0669710806697108
2004,NYJ,00-0019559,0.061145665562420556,,1.0,0.609942638623327,1.0,0.75,0.8408665418561113,0.0,0.0,0.25,-0.0114857080408568,0.4146868250539957,1.6686746987951808,926.0,0.5755939524838013,0.0587121212121212
2004,PHI,00-0011022,-0.012911367754173484,,1.0,1.0,0.3421828908554572,0.7231638418079096,0.5717914600217733,0.0,0.6578171091445428,0.2768361581920904,0.0232600047940682,0.4236559139784946,1.9775280898876404,930.0,0.6086021505376344,0.0817490494296578
2004,PIT,00-0010261,-0.048574423031462755,,1.0,0.9825174825174825,0.6507936507936508,0.9915254237288136,0.8534568817672206,0.0,0.3492063492063492,0.008474576271186418,-0.0961337222174334,0.4108910891089108,1.4285714285714286,1010.0,0.5712871287128712,0.0751748251748251
2004,SEA,00-0007091,0.12161792391933635,,1.0,1.0,1.0,1.0,1.0,0.0,0.0,0.0,0.0640116042889954,0.4562624254473161,2.1675977653631286,1006.0,0.5805168986083499,0.0763765541740675
2004,SF,00-0005755,0.04459854641525677,,0.0,0.23507462686567165,0.5669099756690997,0.2602739726027397,0.3911716419636044,0.0,0.43309002433090027,0.7397260273972603,0.0166737791726491,0.4330400782013685,1.9375,1023.0,0.5562072336265884,0.053903345724907
2004,TB,00-0008442,0.040191188396266,,1.0,0.9592169657422512,0.0027624309392265192,0.2831858407079646,0.18908673176335442,0.0,0.9972375690607734,0.7168141592920354,-0.0304256201841083,0.4167478091528724,1.516304347826087,1027.0,0.6095423563777994,0.0373983739837398
2004,TEN,00-0011024,0.24028653260374888,,1.0,0.9484732824427481,0.15217391304347827,0.7575757575757576,0.5989548867033293,0.0,0.8478260869565217,0.24242424242424243,0.0460775473786115,0.4245472837022133,2.1666666666666665,994.0,0.545271629778672,0.0494296577946768
2004,WAS,00-0021379,-0.06898803278728098,,1.0,0.9754816112084063,0.6127320954907162,0.8421052631578947,0.8187174257874462,0.0,0.38726790450928383,0.1578947368421053,-0.0728894490047314,0.3967446592065107,1.502702702702703,983.0,0.5971515768056969,0.0749128919860627
2005,ARI,00-0021206,-0.10848398191832113,,1.0,0.8409090909090909,0.07194244604316546,0.7,0.5171489133488264,0.0,0.9280575539568345,0.30000000000000004,-0.1179717696061854,0.3680154142581888,1.3724489795918366,1038.0,0.5761078998073218,0.0679442508710801
2005,ATL,00-0020245,-0.20194013799069788,,1.0,0.9909706546275395,0.9742268041237113,0.7133757961783439,0.8430462672307903,0.0,0.02577319587628868,0.2866242038216561,-0.0428730427936354,0.4058885383806519,1.659217877094972,951.0,0.5520504731861199,0.110609480812641
2005,BAL,00-0022164,-0.16351332570298538,,1.0,1.0,0.9402298850574713,0.6584158415841584,0.8159577425632472,0.0,0.05977011494252871,0.34158415841584155,-0.1155523948386522,0.3805584281282316,1.358695652173913,967.0,0.5398138572905895,0.0711382113821138
2005,BUF,00-0001361,-0.041567026897601396,,0.0,0.024539877300613498,0.7863636363636364,0.9603960396039604,0.9316271484129971,0.0,0.21363636363636362,0.03960396039603964,-0.0729117196032562,0.4024896265560166,1.732620320855615,964.0,0.5176348547717843,0.0797546012269938
2005,CAR,00-0004161,0.11135228538081722,,1.0,0.9982425307557118,0.9351851851851852,0.6008583690987125,0.6557548928238585,0.0,0.06481481481481477,0.3991416309012875,0.0216798893767614,0.4146341463414634,1.85,984.0,0.5894308943089431,0.0577933450087565
2005,CHI,00-0020562,-0.2636730302191808,,0.0,0.16448598130841122,0.6666666666666666,0.6394557823129252,0.6522023906991976,0.0,0.33333333333333337,0.3605442176870748,-0.2515317410515807,0.3472367049009385,0.8543689320388349,959.0,0.5797705943691345,0.1229050279329608
2005,CIN,00-0021429,-0.07069563707745267,,1.0,1.0,1.0,0.9547169811320755,0.9726359542777968,0.0,0.0,0.04528301886792452,-0.0674737777935274,0.4261133603238866,1.7333333333333334,988.0,0.582995951417004,0.0551601423487544
2005,CLE,00-0005755,-0.10557159533884253,,0.0,0.002074688796680498,0.9476439790575916,0.8159203980099502,0.8080482333146383,0.0,0.05235602094240843,0.1840796019900498,-0.1671142641147047,0.3774617067833698,1.3384615384615384,914.0,0.5547045951859956,0.0890269151138716
2005,DAL,00-0016193,-0.011808033288622878,,0.0,0.045372050816696916,0.5533707865168539,0.8347107438016529,0.7717901878914404,0.0,0.4466292134831461,0.1652892561983471,-0.0631988867418667,0.4218436873747495,1.564516129032258,998.0,0.56312625250501,0.0670289855072463
2005,DEN,00-0013042,0.10232890598712609,,1.0,1.0,0.1721132897603486,0.9369369369369369,0.6672599727777195,0.0,0.8278867102396514,0.06306306306306309,0.0477271085466521,0.4516129032258064,1.952127659574468,1054.0,0.5417457305502846,0.0317164179104477
2005,DET,00-0021141,-0.11726185286082133,,1.0,0.9701492537313433,1.0,0.3404255319148936,0.6537242472266245,0.0,0.0,0.6595744680851063,-0.0767144783436359,0.3944265809217577,1.3922651933701655,933.0,0.609860664523044,0.0667903525046382
2005,GB,00-0005106,0.22419730121697595,,1.0,0.9622331691297209,0.9610705596107056,0.9772727272727273,0.9826793171801929,0.0,0.038929440389294356,0.022727272727272707,0.1107995612466409,0.4609450337512054,2.1620111731843576,1037.0,0.5949855351976856,0.0229132569558101
2005,HOU,00-0020608,0.03920569935849017,,1.0,1.0,0.9949494949494949,0.9137055837563451,0.9601249099207302,0.0,0.005050505050505083,0.08629441624365486,-0.0266647416043695,0.4080808080808081,1.56,990.0,0.5727272727272728,0.0961538461538461
2005,IND,00-0010346,0.41134793465891645,,1.0,1.0,1.0,0.89419795221843,0.9299480475951063,0.0,0.0,0.10580204778156999,0.2181930201975329,0.5263713080168776,2.933734939759036,948.0,0.5727848101265823,0.0260223048327137
2005,JAX,00-0022177,0.015549985754101457,,1.0,1.0,0.9395770392749244,0.7098214285714286,0.8328793244347589,0.0,0.06042296072507558,0.2901785714285714,-0.0493518418940251,0.388663967611336,1.443181818181818,988.0,0.590080971659919,0.058287795992714
2005,KC,00-0006355,0.23545111314065154,,1.0,1.0,0.7214611872146118,0.8070175438596491,0.7722556894243641,0.0,0.27853881278538817,0.19298245614035092,0.175473113008709,0.5032497678737233,2.606741573033708,1077.0,0.5626740947075209,0.0539629005059021
2005,LA,00-0019599,0.0824694216719952,,1.0,0.8901273885350318,0.9914772727272727,0.9756944444444444,0.9711361310133061,0.0,0.008522727272727293,0.02430555555555558,0.0054521008140442,0.4438927507447865,1.7052023121387283,1007.0,0.6385302879841113,0.0794912559618442
2005,LAC,00-0020531,0.30398292633229873,,1.0,0.9188034188034188,0.8498845265588915,0.5943396226415094,0.6809983264808579,0.0,0.15011547344110854,0.4056603773584906,0.1408733048510108,0.449438202247191,2.4770114942528734,979.0,0.4933605720122574,0.0427350427350427
2005,LV,00-0003292,-0.0375146203479758,,1.0,0.8819672131147541,0.2781456953642384,0.794392523364486,0.6225751559841181,0.0,0.7218543046357616,0.20560747663551404,-0.0449784988211337,0.4023605150214592,1.7584269662921348,932.0,0.6663090128755365,0.0473083197389885
2005,MIA,00-0020305,-0.22381173292887666,,1.0,0.6630094043887147,0.7014492753623188,0.8483606557377049,0.8208789219109698,0.0,0.2985507246376812,0.15163934426229508,-0.197715220921306,0.3448275862068966,1.2621359223300972,1015.0,0.6394088669950739,0.0809968847352024
2005,MIN,00-0003739,0.299236307611595,,1.0,0.9949579831932773,0.5709342560553633,0.718978102189781,0.6514654964913255,0.0,0.4290657439446367,0.281021897810219,0.1669437029195064,0.4979381443298969,2.3374233128834354,970.0,0.668041237113402,0.0752508361204013
2005,NE,00-0019596,0.2191915212155919,,1.0,0.9803536345776032,0.9260042283298098,0.7614678899082569,0.8262251384047571,0.0,0.07399577167019022,0.23853211009174313,0.0998635901562347,0.4632206759443339,2.386904761904762,1006.0,0.510934393638171,0.0510805500982318
2005,NO,00-0001823,0.020777440144639676,,1.0,1.0,0.9705014749262537,0.7154811715481172,0.8303374695581586,0.0,0.029498525073746285,0.2845188284518828,-0.0381728758218719,0.3916155419222903,1.680851063829787,978.0,0.6298568507157464,0.0716723549488054
2005,NYG,00-0017200,0.0045208602832052976,,0.0,0.3977055449330784,0.8151898734177215,0.73,0.8289055548493709,0.0,0.18481012658227847,0.27,-0.0431634930793592,0.4258474576271186,1.5333333333333334,944.0,0.5635593220338984,0.099236641221374
2005,NYJ,00-0019559,0.051555638247216935,,1.0,0.8486140724946695,0.7995689655172413,0.6201117318435754,0.6754675467546755,0.0,0.20043103448275867,0.3798882681564246,0.045211118533859,0.4573170731707317,1.7906976744186047,984.0,0.4969512195121951,0.0656779661016949
2005,PHI,00-0011022,0.22320685633309043,,1.0,0.9347079037800687,0.6360759493670886,0.6098654708520179,0.676707679253288,0.0,0.36392405063291144,0.3901345291479821,0.074631468779848,0.4440894568690096,2.0380434782608696,939.0,0.6464323748668797,0.059931506849315
2005,PIT,00-0022924,0.17730380455374925,,1.0,0.9974554707379135,0.9978947368421053,0.7189189189189189,0.7901026107286659,0.0,0.002105263157894721,0.2810810810810811,0.0351651334406523,0.4443309499489274,1.92,979.0,0.4269662921348314,0.0913705583756345
2005,SEA,00-0007091,0.08861937305777803,,1.0,0.8898756660746003,0.9896640826873385,0.7751004016064257,0.8402678669447801,0.0,0.01033591731266148,0.22489959839357432,0.0237073016764127,0.4378698224852071,1.835978835978836,1014.0,0.5680473372781065,0.0584070796460177
2005,SF,00-0019623,-0.08102221576132594,,1.0,1.0,0.9556135770234987,0.5932203389830508,0.7210519596578577,0.0,0.044386422976501305,0.4067796610169492,-0.171275068565702,0.369140625,1.18,1024.0,0.609375,0.0842787682333873
2005,TB,00-0006423,0.1330994209694414,,1.0,0.7992766726943942,0.8375451263537906,0.4775510204081633,0.6504135291939268,0.0,0.16245487364620936,0.5224489795918368,-0.0694341306585432,0.4248927038626609,1.4759358288770053,932.0,0.6148068669527897,0.0789946140035906
2005,TEN,00-0019041,-0.013711884503234857,,1.0,0.9793322734499205,0.6236263736263736,0.49469964664310956,0.5825327697365613,0.0,0.37637362637362637,0.5053003533568905,-0.0311458993843203,0.4065196548418024,1.653061224489796,1043.0,0.6193672099712368,0.0698412698412698
2005,WAS,00-0021379,-0.01815536068527926,,1.0,0.9927536231884058,1.0,0.351931330472103,0.6188546731496489,0.0,0.0,0.648068669527897,-0.130388546293264,0.3832512315270936,1.155440414507772,1015.0,0.5576354679802956,0.0687160940325497
2006,ARI,00-0017200,0.07969531642701448,,1.0,0.5963431786216596,0.9797979797979798,0.8504672897196262,0.8925274725274724,0.0,0.02020202020202022,0.14953271028037385,-0.0722622690812521,0.4080675422138837,1.4921465968586387,1066.0,0.6857410881801126,0.0630252100840336
2006,ATL,00-0020245,-0.07891904804133533,,1.0,1.0,0.7091346153846154,0.7165775401069518,0.7338129496402878,0.0,0.2908653846153846,0.28342245989304815,-0.0221086186551741,0.4057826520438684,1.7513513513513514,1003.0,0.5343968095712861,0.0809716599190283
2006,BAL,00-0022164,-0.04480109007393605,,1.0,0.5258764607679466,0.690176322418136,0.9230769230769231,0.8043564356435643,0.0,0.309823677581864,0.07692307692307687,-0.10793327948937,0.386015325670498,1.2736842105263158,1044.0,0.592911877394636,0.0716666666666666
2006,BUF,00-0022912,-0.18628125040771001,,1.0,1.0,1.0,0.4807692307692308,0.7082113189505768,0.0,0.0,0.5192307692307692,-0.1014240852372622,0.3790849673202614,1.4540229885057472,918.0,0.5555555555555556,0.0843373493975903
2006,CAR,00-0004161,0.08279415605107618,,1.0,1.0,0.5535307517084282,0.8316831683168316,0.7214580467675379,0.0,0.44646924829157175,0.16831683168316836,-0.0093961774429374,0.4021164021164021,2.043956043956044,945.0,0.5121693121693122,0.0566037735849056
2006,CHI,00-0023541,-0.25934087385081417,,1.0,0.9799554565701559,1.0,0.927710843373494,0.9702409069437884,0.0,0.0,0.07228915662650603,-0.1553091072042507,0.36,1.160427807486631,925.0,0.492972972972973,0.0690423162583518
2006,CIN,00-0021429,0.1948299817124556,,1.0,0.9446428571428571,0.8446115288220551,0.8659420289855072,0.8325819056206792,0.0,0.15538847117794485,0.1340579710144928,0.1080417830755671,0.4830339321357285,2.36,1002.0,0.5708582834331337,0.0392156862745098
2006,CLE,00-0004293,-0.08255643359613657,,0.0,0.3419593345656192,0.9195402298850575,0.5108225108225108,0.6407861722888205,0.0,0.08045977011494254,0.48917748917748916,-0.1382970511729213,0.3941684665226782,1.2298850574712643,926.0,0.5971922246220303,0.0850277264325323
2006,DAL,00-0001361,0.055585243558290816,,1.0,0.998165137614679,0.9245283018867925,0.6437768240343348,0.7843631778058007,0.0,0.07547169811320753,0.3562231759656652,-0.0351788988698342,0.3947119924457035,1.6335078534031413,1059.0,0.5240793201133145,0.0914076782449725
2006,DEN,00-0013042,0.10861832774534125,,1.0,0.9836065573770492,0.38396624472573837,0.6210045662100456,0.5329380053908356,0.0,0.6160337552742616,0.3789954337899544,0.0965836646129981,0.4452122408687068,2.027173913043478,1013.0,0.4995064165844027,0.0490797546012269
2006,DET,00-0021141,-0.14305025886579448,,0.0,0.032667876588021776,0.6944444444444444,0.6390243902439025,0.7024652876168885,0.0,0.3055555555555556,0.36097560975609755,-0.1185315510535737,0.3740779768177028,1.318181818181818,949.0,0.6080084299262382,0.0544464609800363
2006,GB,00-0005106,-0.01066184852744975,,1.0,0.996937212863706,0.7240437158469946,0.7425373134328358,0.6994088851944213,0.0,0.27595628415300544,0.2574626865671642,-0.0699490472771966,0.4157088122605364,1.489247311827957,1044.0,0.6331417624521073,0.0411585365853658
2006,HOU,00-0020608,-0.13790408724974584,,1.0,0.9494163424124513,0.12568306010928962,0.3282828282828283,0.2289260969976905,0.0,0.8743169398907104,0.6717171717171717,-0.0956258553909348,0.4002111932418162,1.47953216374269,947.0,0.573389651531151,0.1317829457364341
2006,IND,00-0010346,0.38390830849112356,,1.0,1.0,0.1261904761904762,0.9512195121951219,0.6818614389036923,0.0,0.8738095238095238,0.04878048780487809,0.1934969997119874,0.5077081192189106,2.641025641025641,973.0,0.5632065775950668,0.037243947858473
2006,JAX,00-0022177,0.052115652961528265,,1.0,1.0,1.0,0.6666666666666666,0.7562993300604846,0.0,0.0,0.33333333333333337,0.0176768656567541,0.4164164164164164,1.858695652173913,999.0,0.5455455455455456,0.0655105973025048
2006,KC,00-0006355,0.12210980188041556,,1.0,1.0,0.7424242424242424,0.896,0.8407313257723892,0.0,0.25757575757575757,0.10399999999999998,0.0958361275788228,0.4562920268972142,2.146067415730337,1041.0,0.5273775216138329,0.0594795539033457
2006,LA,00-0019599,0.13450743603444593,,1.0,0.7085271317829457,0.7426900584795322,0.9238754325259516,0.8391468795965539,0.0,0.2573099415204678,0.07612456747404839,-0.0309740258275864,0.43713163064833,1.734375,1018.0,0.650294695481336,0.0712074303405572
2006,LAC,00-0020531,0.10299783056156597,,0.0,0.05244122965641953,0.9802955665024631,0.85,0.9248933485549481,0.0,0.019704433497536922,0.15000000000000002,0.0880671224948867,0.4468503937007874,2.2954545454545454,1016.0,0.5492125984251969,0.0542495479204339
2006,LV,00-0003292,0.02097623291375983,,0.0,0.050393700787401574,1.0,0.8405172413793104,0.892956441149212,0.0,0.0,0.1594827586206896,-0.0281156368402445,0.4036326942482341,1.5754189944134078,991.0,0.6468213925327951,0.0675039246467817
2006,MIA,00-0005589,-0.049004967179139616,,0.0,0.001736111111111111,0.5353535353535354,0.9170305676855895,0.7734209908429207,0.0,0.46464646464646464,0.08296943231441045,-0.0486448777611865,0.4021739130434782,1.5276381909547738,1012.0,0.5760869565217391,0.0450606585788561
2006,MIN,00-0008442,0.008839964726845466,,1.0,0.5597147950089126,0.5736196319018405,0.788,0.7150726089133701,0.0,0.4263803680981595,0.21199999999999997,-0.0847724487064758,0.3920515574650913,1.454054054054054,931.0,0.6229860365198711,0.096085409252669
2006,NE,00-0019596,0.18500023451987577,,1.0,0.9813559322033898,0.7558139534883721,0.32954545454545453,0.4715291106845808,0.0,0.2441860465116279,0.6704545454545454,0.0718394492033245,0.4411764705882353,2.022099447513812,1020.0,0.5852941176470589,0.0472175379426644
2006,NO,00-0001823,-0.049034373644205265,,0.0,0.0,0.5207756232686981,0.3620689655172414,0.44283242379874876,0.0,0.4792243767313019,0.6379310344827587,-0.1178504988141273,0.3986083499005964,1.318181818181818,1006.0,0.614314115308151,0.0694915254237288
2006,NYG,00-0022803,0.0570578878571248,,1.0,1.0,0.9976798143851509,0.9955555555555555,0.9925627517818407,0.0,0.002320185614849146,0.004444444444444473,0.0410911839964817,0.4236311239193083,2.020618556701031,1041.0,0.574447646493756,0.0459965928449744
2006,NYJ,00-0022026,-0.19289507735585854,,0.0,0.17557251908396945,0.3081761006289308,0.75,0.6524916943521595,0.0,0.6918238993710693,0.25,-0.1460578548228372,0.3922651933701657,1.283132530120482,905.0,0.605524861878453,0.1028571428571428
2006,PHI,00-0011022,0.03324884405116382,,1.0,0.56752655538695,0.8211920529801324,0.652542372881356,0.7138376161177464,0.0,0.17880794701986757,0.34745762711864403,-0.1154843810099085,0.3903162055335968,1.355140186915888,1012.0,0.6788537549407114,0.0650529500756429
2006,PIT,00-0022924,0.23379006061050986,,1.0,0.8,0.7216748768472906,0.7527472527472527,0.7106289917741494,0.0,0.2783251231527094,0.24725274725274726,0.042747393629059,0.4287234042553191,2.115606936416185,940.0,0.4521276595744681,0.0780487804878048
2006,SEA,00-0007091,0.1958145524428189,,1.0,1.0,1.0,0.6742424242424242,0.7827925270403145,0.0,0.0,0.3257575757575758,0.1453988412822839,0.4855144855144855,2.3966480446927374,1001.0,0.5104895104895105,0.0518962075848303
2006,SF,00-0023436,-0.45727842277319897,,1.0,0.45057471264367815,0.510989010989011,0.29365079365079366,0.4165863066538091,0.0,0.48901098901098905,0.7063492063492063,-0.2181263075231188,0.3325554259043173,1.0260416666666667,857.0,0.5425904317386231,0.1098398169336384
2006,TB,00-0022005,-0.07356873733383046,,1.0,0.6462715105162524,1.0,0.9719626168224299,0.9550271739130435,0.0,0.0,0.028037383177570097,-0.0629343342542237,0.3968911917098445,1.5333333333333334,965.0,0.550259067357513,0.0764818355640535
2006,TEN,00-0011024,-0.037730405395396974,,0.0,0.16181229773462782,0.8888888888888888,0.9163879598662207,0.9002612206126811,0.0,0.11111111111111116,0.08361204013377932,-0.1109316355820271,0.4057539682539682,1.4095744680851063,1008.0,0.6309523809523809,0.048465266558966
2006,WAS,00-0002110,0.05324985115645236,,1.0,0.9432485322896281,1.0,0.8601694915254238,0.9372014094554572,0.0,0.0,0.13983050847457623,0.0061511709013485,0.4088235294117647,1.7783783783783784,1020.0,0.5196078431372549,0.0604288499025341
2007,ARI,00-0024225,0.0011340264095591969,-4.985010360462078,1.0,1.0,0.9761273209549072,0.828,0.8812829104834851,0.0,0.023872679045092826,0.17200000000000004,-0.054177295915767,0.4130213631739572,1.6285714285714286,983.0,0.5910478128179044,0.0594405594405594
2007,ATL,00-0020245,-0.16759972202571286,-4.0849719306419106,0.0,0.0021551724137931034,0.9506172839506173,0.81875,0.8173853524982889,0.0,0.04938271604938271,0.18125000000000002,-0.0498718490197009,0.3983903420523139,1.558659217877095,994.0,0.5160965794768612,0.1010752688172043
2007,BAL,00-0011024,0.05962891416843332,3.169840954244137,1.0,1.0,0.1928020565552699,0.9921259842519685,0.7603617181612659,0.0,0.8071979434447301,0.007874015748031482,-0.017538724367426,0.3985728848114169,1.7,981.0,0.564729867482161,0.0317164179104477
2007,BUF,00-0022912,-0.05394976821437105,3.340507482649977,1.0,1.0,0.2907608695652174,0.9638009049773756,0.7719515551885493,0.0,0.7092391304347826,0.03619909502262442,-0.0951418540030635,0.4116331096196868,1.4293478260869563,894.0,0.5503355704697986,0.0985324947589098
2007,CAR,00-0004161,-0.012874918041040238,1.2649934548531137,1.0,0.7933450087565674,0.9782016348773842,0.5109170305676856,0.7308328035600763,0.0,0.021798365122615793,0.48908296943231444,-0.0823351418011363,0.4055158324821246,1.3160621761658031,979.0,0.5903983656792645,0.0560420315236427
2007,CHI,00-0022121,-0.08715965520741645,-3.768516375344965,1.0,0.9981378026070763,0.3707627118644068,0.9611650485436893,0.7854586752951764,0.0,0.6292372881355932,0.03883495145631066,-0.0599643640601763,0.3950980392156862,1.8952879581151831,1020.0,0.5274509803921569,0.0446927374301676
2007,CIN,00-0021429,0.1077592028464492,5.453232395066263,1.0,0.9928057553956835,0.9682539682539683,0.7669172932330827,0.7927363807138385,0.0,0.031746031746031744,0.23308270676691734,0.0326825025354276,0.4472876151484135,2.027472527472528,977.0,0.5752302968270215,0.066546762589928
2007,CLE,00-0023502,-0.1990812854856969,4.926863767470586,1.0,0.9964349376114082,0.271523178807947,0.9157088122605364,0.7687555163283318,0.0,0.7284768211920529,0.08429118773946365,-0.2026290733826765,0.3801295896328294,1.172972972972973,926.0,0.6231101511879049,0.0962566844919786
2007,DAL,00-0021678,0.23223411553538795,7.9338146206395175,1.0,0.6593001841620626,0.9904761904761905,1.0,0.9991048338969565,0.0,0.00952380952380949,0.0,0.0734322402058475,0.4551792828685259,2.2254335260115607,1004.0,0.5607569721115537,0.0678899082568807
2007,DEN,00-0013042,-0.0891956234817484,-3.562759400391188,0.0,0.30991735537190085,0.392018779342723,0.6839378238341969,0.6593652769135032,0.0,0.607981220657277,0.3160621761658031,-0.0555883190238967,0.3991640543364681,1.675824175824176,957.0,0.5193312434691745,0.0640495867768595
2007,DET,00-0009311,-0.07785557841631441,-0.05119911542064265,1.0,1.0,0.7121212121212122,0.7873134328358209,0.7990543735224588,0.0,0.28787878787878785,0.2126865671641791,-0.1170823062750573,0.4230366492146596,1.6229508196721312,955.0,0.7026178010471205,0.0957446808510638
2007,GB,00-0005106,-0.015962481542857173,-5.3562427552278375,1.0,1.0,0.2297979797979798,0.8516949152542372,0.6017984782107448,0.0,0.7702020202020202,0.14830508474576276,-0.0764982273082188,0.3949579831932773,1.3762886597938144,1071.0,0.6097105508870215,0.0368098159509202
2007,HOU,00-0020608,-0.1149041021862934,3.634932891254813,0.0,0.07677543186180422,0.5698630136986301,0.7394957983193278,0.6877586437057803,0.0,0.4301369863013699,0.26050420168067223,-0.0656784091149298,0.4294803817603393,1.490909090909091,943.0,0.5800636267232238,0.0803059273422562
2007,IND,00-0010346,0.29546881064731295,5.052965493730548,1.0,1.0,0.5432692307692307,0.9614035087719298,0.8405131150679687,0.0,0.4567307692307693,0.038596491228070184,0.1557396792989799,0.5140845070422535,2.7972972972972974,994.0,0.5774647887323944,0.0263157894736842
2007,JAX,00-0021231,-0.10997852803885022,1.735952937267196,1.0,0.5962343096234309,0.9487179487179487,0.9479166666666666,0.9642610894047345,0.0,0.05128205128205132,0.05208333333333337,0.0189078468949849,0.4259259259259259,2.0,972.0,0.529835390946502,0.0648535564853556
2007,KC,00-0007835,0.10854046078021427,-3.2746215877325637,1.0,0.5478615071283096,0.9617021276595744,0.8709677419354839,0.9270396005900375,0.0,0.03829787234042559,0.12903225806451613,-0.0067290487118471,0.4090909090909091,1.8011363636363635,990.0,0.5060606060606061,0.0833333333333333
2007,LA,00-0019599,0.06810485073214591,1.6351498150951649,1.0,1.0,0.8759493670886076,0.7886178861788617,0.8206820682068209,0.0,0.1240506329113924,0.21138211382113825,0.0278396961830496,0.4450811843361986,1.950276243093923,1047.0,0.6074498567335244,0.0771653543307086
2007,LAC,00-0022942,0.1683658898876266,1.8715080258527992,1.0,1.0,1.0,0.8293838862559242,0.9416755037115588,0.0,0.0,0.17061611374407581,0.1305301247667461,0.4475247524752475,2.543010752688172,1010.0,0.498019801980198,0.0585858585858585
2007,LV,00-0023504,-0.33666383420679835,-6.165788060752675,1.0,0.5851449275362319,0.8295454545454546,0.3523809523809524,0.4814814814814815,0.0,0.17045454545454541,0.6476190476190475,-0.2679670281675635,0.3622881355932203,0.7640449438202247,944.0,0.6038135593220338,0.1304347826086956
2007,MIA,00-0021141,-0.10495434930183756,-2.718073008833705,0.0,0.11378205128205128,0.6740947075208914,0.5354609929078015,0.6244310493295608,0.0,0.3259052924791086,0.46453900709219853,-0.1070923945025864,0.4129793510324483,1.2849462365591398,1017.0,0.6234021632251721,0.062200956937799
2007,MIN,00-0008442,-0.17771166530705743,0.9890605966250102,0.0,0.19584055459272098,0.845360824742268,0.23008849557522124,0.489684850018985,0.0,0.15463917525773196,0.7699115044247787,-0.1510434077259907,0.3915187376725838,1.265625,1014.0,0.596646942800789,0.0706896551724138
2007,NE,00-0019596,0.08326974477997671,0.9627834938111759,1.0,0.9946043165467626,0.49382716049382713,0.3025210084033613,0.41571246819338425,0.0,0.5061728395061729,0.6974789915966386,0.052591914606579,0.4373776908023483,2.095505617977528,1022.0,0.5577299412915852,0.0519713261648745
2007,NO,00-0020531,0.19536683072727098,1.6749110136230412,1.0,0.9983388704318937,0.96875,0.7570093457943925,0.8395888344021123,0.0,0.03125,0.2429906542056075,0.0731298670613931,0.4437022900763359,2.1868131868131866,1048.0,0.5858778625954199,0.0380794701986755
2007,NYG,00-0022803,-0.03856159258528252,-3.9664455906675737,1.0,1.0,0.22641509433962265,0.8245614035087719,0.6215099396917578,0.0,0.7735849056603774,0.17543859649122806,-0.0177924430874075,0.4559270516717325,1.8288770053475936,987.0,0.5572441742654508,0.0457875457875457
2007,NYJ,00-0019559,0.038867174053458436,2.865829847720794,1.0,0.9980582524271845,0.3595238095238095,0.937984496124031,0.7742712599373646,0.0,0.6404761904761904,0.06201550387596899,-0.0374811308970492,0.4192577733199599,1.7309941520467835,997.0,0.5346038114343029,0.0640776699029126
2007,PHI,00-0011022,0.07527399031231506,-2.46994248073962,1.0,0.6596491228070176,0.9265536723163842,0.7953488372093023,0.8649883260582681,0.0,0.07344632768361581,0.20465116279069773,0.0515115327361584,0.4266666666666667,2.011111111111111,975.0,0.6184615384615385,0.0490367775831873
2007,PIT,00-0022924,-0.007463365284871912,1.5470284569476331,1.0,1.0,1.0,0.9874476987447699,0.9933748941069139,0.0,0.0,0.012552301255230103,-0.0137491974745429,0.4214145383104126,1.88135593220339,1018.0,0.5726915520628684,0.0864197530864197
2007,SEA,00-0007091,-0.03510522242351132,-2.46407743385088,1.0,1.0,0.9927884615384616,0.602510460251046,0.678067656971664,0.0,0.007211538461538436,0.39748953974895396,-0.0888558843648584,0.3934426229508196,1.6051282051282052,1037.0,0.5515911282545806,0.086021505376344
2007,SF,00-0023436,-0.09426045241075062,-0.8338140589850289,1.0,1.0,1.0,0.5088757396449705,0.7140427943885503,0.0,0.0,0.49112426035502954,-0.0881135321575237,0.3953488372093023,1.5297297297297296,903.0,0.5459579180509413,0.0774058577405857
2007,TB,00-0024408,-0.250791964334983,-6.009431600187369,1.0,0.8141592920353983,1.0,0.9642857142857143,0.9851124485270827,0.0,0.0,0.0357142857142857,-0.1876047686467133,0.3748701973001038,1.0159574468085106,963.0,0.6209761163032191,0.0584070796460177
2007,TEN,00-0024218,-0.14553799334571407,-4.865315046516203,1.0,1.0,0.27419354838709675,0.4797687861271676,0.40110820378636297,0.0,0.7258064516129032,0.5202312138728324,-0.1012692874398405,0.3679144385026738,1.4316939890710385,935.0,0.5508021390374331,0.0634249471458773
2007,WAS,00-0002110,4.2123353417434325e-05,-1.5710483932699768,1.0,1.0,0.908433734939759,0.9801980198019802,0.9605971666936287,0.0,0.09156626506024101,0.01980198019801982,-0.0075145223394651,0.4092783505154639,1.637931034482759,970.0,0.5216494845360825,0.0407331975560081
2008,ARI,00-0017200,0.038482749757039615,2.840477785280159,1.0,0.955810147299509,0.958904109589041,0.821917808219178,0.8801905353629491,0.0,0.04109589041095896,0.17808219178082196,-0.0350931761026781,0.4274353876739563,1.8489583333333333,1006.0,0.6163021868787276,0.0392156862745098
2008,ATL,00-0021141,-0.12891443421838608,-3.8666044263278736,0.0,0.2612312811980033,0.3044776119402985,0.7094339622641509,0.6347160178685386,0.0,0.6955223880597015,0.2905660377358491,-0.1540467799340732,0.3697650663942798,1.3457446808510638,979.0,0.6292134831460674,0.0764119601328903
2008,BAL,00-0022164,-0.12630253825535692,2.4606568259045933,0.0,0.13559322033898305,0.7424242424242424,0.78515625,0.7398239122113054,0.0,0.25757575757575757,0.21484375,-0.1201706118885387,0.3986420950533462,1.3423913043478262,1032.0,0.5939922480620154,0.065989847715736
2008,BUF,00-0025479,-0.17478722227550192,-3.6452094598333966,1.0,1.0,0.8387096774193549,0.8341463414634146,0.855637422892392,0.0,0.16129032258064513,0.1658536585365854,-0.1278264623449146,0.3874862788144895,1.213872832369942,911.0,0.5323819978046103,0.0555555555555555
2008,CAR,00-0016193,-0.18842893573510955,-8.96526416261753,0.0,0.3854748603351955,0.36548223350253806,0.28,0.33274167121791376,0.0,0.6345177664974619,0.72,-0.1001551556115337,0.3853211009174312,1.3655913978494625,981.0,0.563710499490316,0.0613382899628252
2008,CHI,00-0006423,0.007937018003019889,-1.38152791339843,0.0,0.5472636815920398,0.4883116883116883,0.5271966527196653,0.5663447357153052,0.0,0.5116883116883117,0.4728033472803347,-0.1384762937561911,0.3788027477919529,1.3681592039800996,1019.0,0.6005888125613347,0.0711920529801324
2008,CIN,00-0021429,0.08539534582002062,5.332363728760393,1.0,1.0,0.5392953929539296,0.9093959731543624,0.8378942970545227,0.0,0.4607046070460704,0.09060402684563762,0.0185599508822256,0.4595959595959596,2.041420118343196,990.0,0.5969696969696969,0.0288135593220339
2008,CLE,00-0023645,0.05514854481594823,-1.2320842859458534,1.0,0.9730700179533214,1.0,0.7542372881355932,0.863097146521321,0.0,0.0,0.2457627118644068,-0.0078131724019706,0.4246435845213849,2.0217391304347827,982.0,0.5773930753564155,0.0357142857142857
2008,DAL,00-0021678,0.22858055757325932,5.021613015082174,1.0,1.0,0.5314136125654451,0.9477611940298507,0.8698379004245465,0.0,0.46858638743455494,0.052238805970149294,0.1140657947147674,0.4604989604989605,2.4180790960451977,962.0,0.5945945945945946,0.0466786355475763
2008,DEN,00-0024226,0.09811869801661732,2.0814454248338414,1.0,0.996316758747698,0.49066666666666664,0.4344569288389513,0.4944225352112676,0.0,0.5093333333333334,0.5655430711610487,0.0005124667270867,0.4272349272349272,1.7017543859649122,962.0,0.5769230769230769,0.0588235294117647
2008,DET,00-0009311,-0.04840810335453679,1.5978729461096999,1.0,0.9561128526645768,0.0,0.8847457627118644,0.6283147052377822,0.0,1.0,0.11525423728813555,-0.0808160817669862,0.4215481171548117,1.6885245901639343,956.0,0.6820083682008368,0.0798122065727699
2008,GB,00-0005106,0.17234536407165565,4.440327383563412,0.0,0.050590219224283306,0.7690058479532164,0.8546712802768166,0.8202614379084969,0.0,0.23099415204678364,0.1453287197231834,0.0710750712672715,0.4308012486992716,2.25414364640884,961.0,0.6222684703433923,0.0320404721753794
2008,HOU,00-0022787,-0.08150193116107131,5.786318445335263,1.0,1.0,0.19021739130434784,0.9730769230769231,0.7279305354558611,0.0,0.8097826086956521,0.02692307692307694,-0.011509146492411,0.4542586750788643,1.946428571428572,951.0,0.5867507886435331,0.0402193784277879
2008,IND,00-0010346,0.2519070530996154,4.101615219066541,1.0,1.0,0.633495145631068,0.7423728813559322,0.7782273603082852,0.0,0.366504854368932,0.25762711864406784,0.1362529188868443,0.4840319361277445,2.6625,1002.0,0.5748502994011976,0.0400696864111498
2008,JAX,00-0021231,0.19848264375516803,4.472351304552157,1.0,0.6907630522088354,0.967741935483871,0.7048458149779736,0.8372143398678652,0.0,0.032258064516129004,0.2951541850220264,0.1123648263413121,0.44,2.408805031446541,1000.0,0.522,0.0602409638554216
2008,KC,00-0007835,-0.09814537756760217,2.1689559725319842,1.0,1.0,0.8114285714285714,0.7576923076923077,0.8140276301806589,0.0,0.1885714285714286,0.24230769230769234,-0.1412673352102374,0.3742454728370221,1.136842105263158,994.0,0.6247484909456741,0.0875202593192868
2008,LA,00-0019599,-0.12912795063665639,-1.3613329483912542,1.0,0.7140549273021002,1.0,0.714859437751004,0.8184862530029848,0.0,0.0,0.285140562248996,-0.1557229753415221,0.383629191321499,1.2765957446808511,1014.0,0.6134122287968442,0.0772946859903381
2008,LAC,00-0022942,0.06356976688157535,2.166307815045954,1.0,1.0,0.8243559718969555,1.0,0.9551464695930906,0.0,0.17564402810304447,0.0,-0.0211889011132821,0.3987667009249743,1.9197860962566844,973.0,0.5159301130524152,0.0483870967741935
2008,LV,00-0021206,-0.11563490873758456,-1.207192666655363,0.0,0.1643002028397566,0.5111607142857143,0.6608187134502924,0.5686664018010861,0.0,0.4888392857142857,0.3391812865497076,-0.0943577506042249,0.4008016032064128,1.3769633507853405,998.0,0.5170340681362725,0.0850202429149797
2008,MIA,00-0020565,-0.04936294836619044,-3.576338256165485,0.0,0.19458544839255498,0.4229607250755287,0.4861111111111111,0.522983976884686,0.0,0.5770392749244713,0.5138888888888888,-0.0808372303936976,0.4020408163265306,1.4046242774566473,980.0,0.6173469387755102,0.0675675675675675
2008,MIN,00-0024279,-0.065667909537672,0.5130743991569633,1.0,0.6739130434782609,0.9518072289156626,0.9016393442622951,0.924832480280889,0.0,0.048192771084337394,0.09836065573770492,-0.0310448519503575,0.4294803817603393,1.5978260869565215,943.0,0.5238600212089077,0.0804347826086956
2008,NE,00-0019596,0.4174092787440896,7.8124111505238325,1.0,0.9983525535420099,0.7397260273972602,0.8372781065088757,0.7900441924455933,0.0,0.26027397260273977,0.16272189349112431,0.2570222779964561,0.5351299326275265,3.367088607594937,1039.0,0.5996150144369586,0.0345963756177924
2008,NO,00-0020531,0.06751169549285115,4.671735630781165,1.0,1.0,1.0,0.8316498316498316,0.9264039408866994,0.0,0.0,0.16835016835016836,0.0110312327517293,0.4770554493307839,1.8977272727272727,1046.0,0.6424474187380497,0.0224215246636771
2008,NYG,00-0022803,-0.10453385304757534,-5.018126159100919,1.0,0.9718804920913884,1.0,0.7310924369747899,0.867528449895039,0.0,0.0,0.26890756302521013,-0.0529425242496741,0.431640625,1.819672131147541,1024.0,0.5654296875,0.0491228070175438
2008,NYJ,00-0019559,-0.015660326196667632,7.204904571527571,0.0,0.4919499105545617,1.0,0.8816326530612245,0.9335178622241769,0.0,0.0,0.11836734693877549,-0.0905613216796556,0.408,1.3928571428571428,1000.0,0.574,0.0944741532976827
2008,PHI,00-0011022,0.05351048451714113,-0.5840462603758085,1.0,1.0,0.9859154929577465,1.0,0.9870725604670557,0.0,0.014084507042253502,0.0,0.0327942973640466,0.451988360814743,1.898876404494382,1031.0,0.6343355965082444,0.0782747603833865
2008,PIT,00-0022924,0.1747168336816841,6.692592780753441,1.0,0.9240246406570842,0.7632743362831859,0.8991228070175439,0.8097560975609757,0.0,0.23672566371681414,0.10087719298245612,0.0554809701033531,0.4163265306122449,2.189349112426036,980.0,0.5193877551020408,0.0961145194274028
2008,SEA,00-0007091,0.09889683945221452,2.6098954477416934,1.0,1.0,0.4034582132564842,0.7464788732394366,0.6986286219862863,0.0,0.5965417867435159,0.2535211267605634,-0.0059072919785591,0.4446583253128007,1.81958762886598,1039.0,0.6169393647738209,0.0576923076923076
2008,SF,00-0004293,-0.36514356626775796,-6.6874536743574735,0.0,0.5204991087344029,0.9252669039145908,0.6492146596858639,0.7398659431854453,0.0,0.07473309608540923,0.3507853403141361,-0.2608242796631922,0.3642384105960264,1.076142131979695,906.0,0.6368653421633554,0.096085409252669
2008,TB,00-0005755,0.08605851248968197,2.518287588712535,1.0,0.9519230769230769,0.6752577319587629,0.8679245283018868,0.7784545563119551,0.0,0.32474226804123707,0.13207547169811318,-0.0083882747505844,0.4165792235047219,1.738888888888889,953.0,0.5781741867785939,0.0689655172413793
2008,TEN,00-0024218,-0.041521597519023554,1.9637621048351992,1.0,1.0,0.7665903890160183,0.5474137931034483,0.5936990765888103,0.0,0.23340961098398172,0.4525862068965517,-0.0742863497174743,0.4201762977473066,1.543010752688172,1021.0,0.5328109696376102,0.0608519269776876
2008,WAS,00-0023460,0.029479077731107327,1.649432303617947,1.0,1.0,1.0,0.8406374501992032,0.9227922700899995,0.0,0.0,0.15936254980079678,-0.0418848062989985,0.4148219441770933,1.680851063829787,1039.0,0.5505293551491819,0.0505415162454873
2009,ARI,00-0017200,0.15215973148479778,5.6296509899655165,1.0,0.9969512195121951,0.4673202614379085,0.9285714285714286,0.8203537019436834,0.0,0.5326797385620915,0.0714285714285714,0.0528816882092561,0.449438202247191,2.254335260115607,979.0,0.6721144024514811,0.0424242424242424
2009,ATL,00-0026143,0.13206699979337522,1.1861747969383312,1.0,1.0,1.0,0.8454106280193237,0.9100663716814157,0.0,0.0,0.15458937198067635,0.0591540030246559,0.4242424242424242,2.210843373493976,990.0,0.4676767676767677,0.0377777777777777
2009,BAL,00-0026158,-0.05124587731266437,-1.044537309768065,1.0,1.0,1.0,0.9659090909090909,0.9584846912298911,0.0,0.0,0.03409090909090906,-0.0195100650149296,0.4025096525096525,1.7967914438502677,1036.0,0.4623552123552124,0.0728051391862955
2009,BUF,00-0025479,0.010869835131638,2.473780111161204,1.0,0.7738791423001949,0.34974093264248707,0.8090909090909091,0.631330526852915,0.0,0.6502590673575129,0.19090909090909092,-0.0501951382477702,0.4408945686900958,1.7426900584795322,939.0,0.5686900958466453,0.074074074074074
2009,CAR,00-0004161,0.06204359541541788,-1.1452863515891465,1.0,1.0,0.98068669527897,0.9278846153846154,0.9686165670367207,0.0,0.01931330472102999,0.07211538461538458,0.0647027515876385,0.4206521739130435,2.1639344262295084,920.0,0.4739130434782608,0.046189376443418
2009,CHI,00-0023541,-0.07683016243826654,-2.4026144976201267,0.0,0.0017953321364452424,0.9116161616161617,0.820627802690583,0.8496176720475785,0.0,0.08838383838383834,0.179372197309417,-0.1046003715740712,0.3883792048929663,1.693467336683417,981.0,0.5759429153924567,0.0519713261648745
2009,CIN,00-0023682,-0.1903630615625813,-3.407926601674966,0.0,0.2727272727272727,0.6366279069767442,0.3426294820717131,0.4702544982979413,0.0,0.3633720930232558,0.6573705179282869,-0.1789265665697386,0.3752577319587629,1.0164835164835164,970.0,0.6216494845360825,0.0905861456483126
2009,CLE,00-0023645,-0.09211444759102735,-10.105436854064465,1.0,0.7641325536062378,0.9315476190476191,0.49404761904761907,0.6810756389854177,0.0,0.06845238095238093,0.5059523809523809,-0.1588050215429246,0.3562841530054644,1.2222222222222223,915.0,0.571584699453552,0.0485436893203883
2009,DAL,00-0021678,0.07352527372965886,4.571539145807662,1.0,0.8166089965397924,1.0,0.6852589641434262,0.7815809574929293,0.0,0.0,0.31474103585657376,-0.0077588323182843,0.4207253886010362,1.875,965.0,0.6103626943005181,0.0535405872193437
2009,DEN,00-0024226,0.17080159161784947,1.5544163568919858,0.0,0.0015923566878980893,0.21518987341772153,0.9212827988338192,0.7417534299892965,0.0,0.7848101265822784,0.07871720116618075,0.1112548567599418,0.494,2.152439024390244,1000.0,0.651,0.0190779014308426
2009,DET,00-0023578,-0.1050968619423457,-1.3478682491897551,0.0,0.26929982046678635,0.7492163009404389,0.4225352112676056,0.6241105637657363,0.0,0.2507836990595611,0.5774647887323944,-0.1719152470852718,0.3601321585903084,1.381720430107527,908.0,0.6244493392070485,0.0930232558139534
2009,GB,00-0023459,0.13993308946684274,4.607243962012804,1.0,1.0,0.9972677595628415,0.9064748201438849,0.9372962399478375,0.0,0.002732240437158473,0.09352517985611508,0.0614464599773426,0.440320962888666,1.9772727272727275,997.0,0.5937813440320963,0.0594405594405594
2009,HOU,00-0022787,0.048237442410354936,4.973583203570395,1.0,0.6879310344827586,0.765625,1.0,0.9403089887640449,0.0,0.234375,0.0,0.0217090511424931,0.4446660019940179,2.0233918128654973,1003.0,0.5952143569292123,0.0550774526678141
2009,IND,00-0010346,0.23021655838281865,4.876580000247644,1.0,1.0,0.4927536231884058,0.805111821086262,0.6827032038734934,0.0,0.5072463768115942,0.194888178913738,0.111781028879729,0.4795383001049318,2.395833333333333,953.0,0.6316894018887723,0.0234113712374581
2009,JAX,00-0021231,0.003068546667200762,3.3828480672020422,1.0,0.9965337954939342,0.5751445086705202,0.301255230125523,0.4976210808832501,0.0,0.42485549132947975,0.698744769874477,0.0070372258054048,0.4511581067472306,1.6826347305389222,993.0,0.6173212487411883,0.0726643598615917
2009,KC,00-0025604,-0.041133295231457145,-5.793688300158152,1.0,0.8272251308900523,0.8870967741935484,0.4939759036144578,0.6211795636676188,0.0,0.11290322580645162,0.5060240963855422,-0.0558997484070011,0.4179894179894179,1.5542857142857145,945.0,0.6370370370370371,0.0641247833622183
2009,LA,00-0019599,-0.19181034689357057,-5.705656888692276,1.0,0.8480565371024735,0.7559055118110236,0.4375,0.6149058104143245,0.0,0.2440944881889764,0.5625,-0.1860460273386837,0.3733333333333333,1.202127659574468,975.0,0.5887179487179487,0.0793650793650793
2009,LAC,00-0022942,0.2415042233353935,5.099862461278179,1.0,1.0,1.0,1.0,1.0,0.0,0.0,0.0,0.1249459115462293,0.4515778019586507,2.4047619047619047,919.0,0.5571273122959739,0.0492125984251968
2009,LV,00-0025388,-0.14590164237878264,-5.0862113994476195,1.0,0.8733624454148472,0.9953271028037384,0.7986577181208053,0.8603238277957036,0.0,0.004672897196261627,0.20134228187919467,-0.1637709843747307,0.366120218579235,1.1978609625668448,915.0,0.5114754098360655,0.0849673202614379
2009,MIA,00-0019559,0.18098479911277968,5.050357905301181,1.0,1.0,1.0,0.8340248962655602,0.8946450863070895,0.0,0.0,0.1659751037344398,0.0874958196640165,0.4630801687763713,1.9698795180722888,948.0,0.5537974683544303,0.046692607003891
2009,MIN,00-0005589,-0.11649625657849878,-3.8101600970597875,0.0,0.332657200811359,1.0,0.6141304347826086,0.8480596810622135,0.0,0.0,0.38586956521739135,-0.0529096618795628,0.4014014014014014,1.85945945945946,999.0,0.5095095095095095,0.0890688259109311
2009,NE,00-0023662,0.12720055648608325,1.3743581445024329,0.0,0.020761245674740483,0.8099762470308789,0.8160919540229885,0.8412714699062198,0.0,0.1900237529691211,0.1839080459770115,0.095881834691318,0.4644859813084112,2.421686746987952,1070.0,0.5757009345794393,0.0775862068965517
2009,NO,00-0020531,0.23933646302619563,2.7815961986062616,1.0,1.0,0.6831955922865014,0.7594501718213058,0.7754739336492891,0.0,0.3168044077134986,0.2405498281786942,0.1233982123851759,0.4849660523763336,2.525714285714286,1031.0,0.6294859359844811,0.0201863354037267
2009,NYG,00-0022803,0.09155069586250923,0.47157798992826583,1.0,1.0,0.6127659574468085,0.6428571428571429,0.6166442118354233,0.0,0.3872340425531915,0.3571428571428571,0.0855896061802796,0.4660678642714571,2.392857142857143,1002.0,0.5229540918163673,0.0538461538461538
2009,NYJ,00-0005106,0.025885097828240156,3.5822791866159345,0.0,0.012612612612612612,0.9865229110512129,0.6297709923664122,0.789105883821052,0.0,0.013477088948787075,0.3702290076335878,0.0309619920457869,0.4653567735263702,2.12280701754386,967.0,0.5811789038262668,0.0535714285714285
2009,PHI,00-0011022,0.09133785428818632,-0.390034556388855,1.0,1.0,0.6526610644257703,0.779467680608365,0.7414231257941551,0.0,0.3473389355742297,0.22053231939163498,0.0007692134449706,0.4333976833976834,1.865284974093264,1036.0,0.6283783783783784,0.0384
2009,PIT,00-0022924,-0.028935947215992356,-0.07646960370680865,1.0,0.9311594202898551,0.8975609756097561,0.8253968253968254,0.8335853006163506,0.0,0.10243902439024388,0.17460317460317465,-0.0320702175801153,0.428714859437751,1.7988826815642458,996.0,0.572289156626506,0.0904159132007233
2009,SEA,00-0022055,0.046112081084758096,-3.004696729282538,1.0,0.9488188976377953,0.44886363636363635,0.4433497536945813,0.45990990990990993,0.0,0.5511363636363636,0.5566502463054187,-0.0629175154009595,0.3741865509761388,1.5314285714285714,922.0,0.5748373101952278,0.0705882352941176
2009,SF,00-0020679,0.07449304539096452,3.34563728765393,1.0,0.5509838998211091,0.759493670886076,0.7685589519650655,0.7855772919064058,0.0,0.240506329113924,0.23144104803493448,-0.0770591878224057,0.4264550264550265,1.7150837988826817,945.0,0.6264550264550265,0.0980392156862745
2009,TB,00-0005755,0.0675332589177296,3.714108940861795,0.0,0.001694915254237288,0.5126262626262627,0.686046511627907,0.6399899934047442,0.0,0.48737373737373735,0.313953488372093,-0.0262261600365293,0.4339805825242718,1.710382513661202,1030.0,0.6009708737864078,0.0557432432432432
2009,TEN,00-0003292,0.03318340252473548,-2.3987154698953397,1.0,0.9935622317596566,0.9804772234273319,0.62,0.8196861975974503,0.0,0.0195227765726681,0.38,-0.0131783364657048,0.4110878661087866,1.8602150537634408,956.0,0.4989539748953975,0.025695931477516
2009,WAS,00-0023460,-0.041469629815096366,-1.7460519421793417,1.0,1.0,0.9737470167064439,0.9661654135338346,0.972617475918048,0.0,0.026252983293556076,0.03383458646616544,-0.0353222759950954,0.4206349206349206,1.4857142857142858,1008.0,0.564484126984127,0.0694698354661791
2010,ARI,00-0017200,0.06991297965591832,4.037398202970565,0.0,0.0,1.0,0.625,0.7876344086021505,0.0,0.0,0.375,-0.021894856755249,0.4556830031282586,1.848167539267016,959.0,0.6465067778936392,0.0423452768729641
2010,ATL,00-0026143,0.09777046554996659,-0.6693653745053816,1.0,1.0,0.9806949806949807,0.9282608695652174,0.949793930310978,0.0,0.019305019305019266,0.07173913043478264,0.0372076363776263,0.428849902534113,2.084848484848485,1026.0,0.5857699805068226,0.0456852791878172
2010,BAL,00-0026158,0.08259981071165094,2.8089491328008305,1.0,0.981651376146789,0.989247311827957,0.59375,0.8056188306757782,0.0,0.010752688172043001,0.40625,0.0542931669392414,0.4407960199004975,2.0110497237569063,1005.0,0.5562189054726369,0.0678899082568807
2010,BUF,00-0023682,-0.19372095723247426,-3.0330276704049326,1.0,1.0,0.9862258953168044,0.34146341463414637,0.616327857227278,0.0,0.01377410468319562,0.6585365853658536,-0.1255218319142988,0.3776301218161683,1.3135135135135134,903.0,0.5669988925802879,0.0944558521560575
2010,CAR,00-0004161,-0.16908535752038706,-4.631057386452326,0.0,0.29817444219066935,1.0,0.7225274725274725,0.8839785447761194,0.0,0.0,0.2774725274725275,-0.0529882799626192,0.4053784860557768,1.618279569892473,1004.0,0.499003984063745,0.0666666666666666
2010,CHI,00-0024226,-0.09028788356025473,0.5613576940906113,1.0,1.0,0.9785932721712538,1.0,0.9873505059797608,0.0,0.021406727828746197,0.0,-0.0982219828674762,0.3928944618599791,1.6203208556149733,957.0,0.6374085684430512,0.0572390572390572
2010,CIN,00-0021429,0.05521485990579871,0.23663610219955444,1.0,0.9721115537848606,0.8973214285714286,0.6422976501305483,0.7288833437305055,0.0,0.1026785714285714,0.3577023498694517,-0.0155466918967387,0.428714859437751,1.653179190751445,996.0,0.5200803212851406,0.0574257425742574
2010,CLE,00-0025409,-0.19235943317787893,-7.269293111231592,0.0,0.01059322033898305,0.4963325183374083,0.7109144542772862,0.7064900911054758,0.0,0.5036674816625917,0.28908554572271383,-0.1822576197143577,0.3450777202072539,1.1675675675675676,965.0,0.494300518134715,0.0635593220338983
2010,DAL,00-0021678,0.17794785194438356,0.7206916973735746,1.0,1.0,1.0,0.8347826086956521,0.8725249858570621,0.0,0.0,0.16521739130434787,0.1016282876257358,0.4615384615384615,1.9428571428571428,1001.0,0.5934065934065934,0.0584192439862542
2010,DEN,00-0023541,0.03947015199414695,-1.1251951692931688,1.0,0.9627749576988156,0.9061728395061729,0.49032258064516127,0.5758908930928289,0.0,0.09382716049382711,0.5096774193548388,-0.0335874104407683,0.41796875,1.60427807486631,1024.0,0.5859375,0.0574324324324324
2010,DET,00-0026498,-0.19278042372908488,-7.663163221110412,1.0,0.7253634894991923,1.0,0.7790432801822323,0.8908770502914464,0.0,0.0,0.22095671981776766,-0.1863394704158899,0.3863414634146341,1.231578947368421,1025.0,0.6292682926829268,0.067524115755627
2010,GB,00-0023459,0.1905748108768703,3.925344834465589,1.0,1.0,0.8715846994535519,1.0,0.9694973652209162,0.0,0.12841530054644812,0.0,0.1192512452209457,0.4441176470588235,2.2972972972972974,1020.0,0.6058823529411764,0.0826446280991735
2010,HOU,00-0022787,0.18545149200402902,5.024448418157949,1.0,0.9837133550488599,0.5068493150684932,0.9714912280701754,0.8557131752817722,0.0,0.4931506849315068,0.028508771929824595,0.0430911673314725,0.4622178606476938,1.9723756906077348,1019.0,0.619234543670265,0.0422077922077922
2010,IND,00-0010346,0.2920483862613285,6.463439880439812,1.0,1.0,0.9556213017751479,0.953125,0.9562315351789036,0.0,0.044378698224852076,0.046875,0.1152689638493773,0.4839378238341968,2.397590361445783,965.0,0.6404145077720207,0.0211382113821138
2010,JAX,00-0021231,-0.03836191670749523,1.8394878524156932,1.0,1.0,1.0,0.6326034063260341,0.8237757357217635,0.0,0.0,0.36739659367396593,0.0062379059211961,0.4308779011099899,1.686046511627907,991.0,0.6004036326942482,0.0785714285714285
2010,KC,00-0023662,-0.15369093292682745,-4.99177637560239,1.0,0.9965397923875432,0.5472222222222223,0.4674698795180723,0.6273545835893874,0.0,0.4527777777777777,0.5325301204819277,-0.1418451768975207,0.3567193675889328,1.2814070351758795,1012.0,0.5968379446640316,0.077720207253886
2010,LA,00-0019599,-0.16863376213933245,-5.695043065241264,0.0,0.0017123287671232876,0.9336870026525199,0.4740566037735849,0.6628155755241762,0.0,0.06631299734748008,0.5259433962264151,-0.2259871586376362,0.380281690140845,0.9337016574585636,994.0,0.60261569416499,0.0752136752136752
2010,LAC,00-0022942,0.32737728725420523,6.570522452582789,1.0,0.998158379373849,0.31666666666666665,0.608355091383812,0.5693804615035014,0.0,0.6833333333333333,0.39164490861618795,0.1314071796724495,0.441544885177453,2.575757575757576,958.0,0.5762004175365344,0.0478821362799263
2010,LV,00-0025388,-0.45054770685833456,-12.007859821427505,0.0,0.3,0.6323119777158774,0.9112903225806451,0.802036722727974,0.0,0.36768802228412256,0.08870967741935487,-0.2008938363463118,0.3633440514469453,1.0103626943005182,933.0,0.5905680600214362,0.090566037735849
2010,MIA,00-0026197,0.025724451386054028,-0.09094393320297928,1.0,0.9895470383275261,0.9974683544303797,0.5373493975903615,0.7484232819009051,0.0,0.0025316455696202667,0.4626506024096385,0.0012779901252877,0.4568245125348189,1.8764044943820224,1077.0,0.5394614670380687,0.0590277777777777
2010,MIN,00-0005106,0.22446747144069756,6.03614208594219,1.0,0.9982905982905983,0.7785714285714286,0.7057416267942583,0.7080168022164626,0.0,0.22142857142857142,0.29425837320574166,0.0773935296273723,0.4486434108527132,2.4371584699453552,1032.0,0.5707364341085271,0.0581196581196581
2010,NE,00-0019596,0.22638907275224796,3.7827309646776746,1.0,1.0,1.0,0.7355371900826446,0.8291521699322468,0.0,0.0,0.2644628099173554,0.1124556160769446,0.4877358490566038,2.339080459770115,1060.0,0.5839622641509434,0.0293637846655791
2010,NO,00-0020531,0.2733341560188097,7.525718370214661,1.0,0.9450354609929078,0.5093896713615024,0.982367758186398,0.8754445234708392,0.0,0.49061032863849763,0.017632241813602012,0.1292762037447911,0.4852362204724409,2.5762711864406778,1016.0,0.5600393700787402,0.0371681415929203
2010,NYG,00-0022803,0.16071790707893557,2.2707052099301848,1.0,0.9404553415061296,0.9685230024213075,0.8951965065502183,0.922046771936838,0.0,0.03147699757869249,0.10480349344978168,0.0593256509097952,0.4372509960159362,2.083333333333333,1004.0,0.5796812749003984,0.0559440559440559
2010,NYJ,00-0026898,-0.2091421575685454,-5.530928726979949,1.0,1.0,0.23529411764705882,0.839622641509434,0.5681852277841676,0.0,0.7647058823529411,0.160377358490566,-0.0652105796530445,0.3932806324110672,1.654639175257732,1012.0,0.4318181818181818,0.070754716981132
2010,PHI,00-0011022,0.07004860086350398,0.028494565292846327,0.0,0.19120135363790186,0.7359307359307359,0.8899297423887588,0.8834301027244306,0.0,0.2640692640692641,0.11007025761124123,0.0383002103383439,0.4272251308900524,2.0591397849462365,955.0,0.6345549738219896,0.0674536256323777
2010,PIT,00-0022924,0.13997007534377554,5.393165966151486,0.0,0.04957264957264957,0.7347480106100795,0.6853448275862069,0.7478213617243947,0.0,0.26525198938992045,0.31465517241379315,0.0508520988498002,0.4519038076152304,1.9828571428571429,998.0,0.5961923847695391,0.0854700854700854
2010,SEA,00-0007091,-0.13348709672625372,-2.394903895134727,1.0,0.8015384615384615,0.833810888252149,0.46255506607929514,0.610327516136744,0.0,0.166189111747851,0.5374449339207048,-0.120316802752264,0.4023099133782483,1.3664921465968587,1039.0,0.6429258902791145,0.062883435582822
2010,SF,00-0023436,-0.06354652616153217,-1.576307555532324,1.0,0.6931216931216931,0.7339743589743589,0.8123456790123457,0.8617466174661746,0.0,0.2660256410256411,0.18765432098765433,-0.0801786281658838,0.3606911447084233,1.5846153846153843,926.0,0.6263498920086393,0.0705467372134038
2010,TB,00-0026993,-0.1894329783269004,-4.164383182643165,1.0,0.7996389891696751,0.652046783625731,0.640661938534279,0.6762048192771084,0.0,0.347953216374269,0.359338061465721,-0.158506256299055,0.3588667366211962,1.0952380952380951,953.0,0.6243441762854145,0.0574506283662477
2010,TEN,00-0024218,0.0870622174172798,-0.9179744429475679,1.0,1.0,0.8511627906976744,0.8962765957446809,0.909404351444537,0.0,0.14883720930232558,0.10372340425531912,0.0139215892070407,0.4049079754601227,1.8212290502793296,978.0,0.5296523517382413,0.0285714285714285
2010,WAS,00-0023460,-0.0115188495256625,1.4413857012684883,0.0,0.001736111111111111,0.3668639053254438,0.708803611738149,0.5781757000360533,0.0,0.6331360946745562,0.291196388261851,-0.0490487388547697,0.4077163712200208,1.5773809523809523,959.0,0.6287799791449427,0.078125
2011,ARI,00-0023645,-0.17267501723770454,-8.165674580034809,0.0,0.26885245901639343,0.4664429530201342,0.6849015317286652,0.6067776557086114,0.0,0.5335570469798658,0.3150984682713348,-0.225628471242805,0.3666666666666666,1.1526315789473685,930.0,0.667741935483871,0.0818330605564648
2011,ATL,00-0026143,0.15114314567601453,0.4885093220131136,1.0,1.0,0.9654178674351584,0.7468354430379747,0.8166391703983031,0.0,0.03458213256484155,0.25316455696202533,0.0537982616095446,0.4198331788693234,2.184971098265896,1079.0,0.5746061167747915,0.0382059800664451
2011,BAL,00-0026158,0.07877988809816872,2.740996214942854,1.0,1.0,0.7542997542997543,0.37637362637362637,0.4947755328494151,0.0,0.24570024570024573,0.6236263736263736,0.0036903362232622,0.407,1.8644067796610169,1000.0,0.542,0.0753295668549905
2011,BUF,00-0023682,-0.014052946683301667,-1.1835552752017975,1.0,0.8405797101449275,0.8629737609329446,0.7101449275362319,0.800685975609756,0.0,0.13702623906705536,0.28985507246376807,-0.109537684910013,0.4006309148264984,1.4222222222222225,951.0,0.6088328075709779,0.0614828209764918
2011,CAR,00-0027659,-0.28094339260923573,-8.856547556140207,1.0,0.6259398496240601,0.9583333333333334,0.49171270718232046,0.6731523615251844,0.0,0.04166666666666663,0.5082872928176796,-0.2565972408496169,0.3319415448851774,0.9540816326530612,958.0,0.5720250521920668,0.093984962406015
2011,CHI,00-0024226,-0.07446079389065807,1.5513590062564273,1.0,0.9444444444444444,0.6713881019830028,0.6777777777777778,0.7417307457585745,0.0,0.3286118980169972,0.3222222222222222,-0.1025753975866321,0.3893129770992366,1.6084656084656084,917.0,0.5986913849509269,0.1068702290076335
2011,CIN,00-0021429,0.04130318579807479,0.775185539338828,0.0,0.0,1.0,0.43366336633663366,0.6218229623137597,0.0,0.0,0.5663366336633664,-0.0466765530770637,0.4428294573643411,1.6470588235294117,1032.0,0.6017441860465116,0.0452342487883683
2011,CLE,00-0027688,-0.039305571343654026,1.9652092456817627,1.0,0.6986301369863014,0.8011869436201781,0.7886178861788617,0.8587281493252888,0.0,0.19881305637982194,0.21138211382113825,-0.0958845634319752,0.3980263157894737,1.4588235294117646,912.0,0.581140350877193,0.068359375
2011,DAL,00-0009311,0.047215648114552214,2.1379122089955116,1.0,0.9983471074380166,0.6802168021680217,0.8021505376344086,0.7926350739511018,0.0,0.3197831978319783,0.19784946236559142,0.0065336572109618,0.4360975609756097,1.9602272727272727,1025.0,0.6195121951219512,0.0510708401976935
2011,DEN,00-0023541,0.05355616401333238,-1.8891123383634003,1.0,1.0,0.696875,0.6504237288135594,0.709761339215021,0.0,0.303125,0.34957627118644063,-0.0220454757128022,0.3932472691161867,1.71875,1007.0,0.6355511420059583,0.0647249190938511
2011,DET,00-0020679,0.026694705484258778,-2.0361783124123924,1.0,1.0,0.8397435897435898,0.8822269807280514,0.9121533795493934,0.0,0.16025641025641024,0.11777301927194861,-0.0341188848546774,0.4075829383886256,1.7395833333333333,1055.0,0.6407582938388625,0.0409090909090909
2011,GB,00-0023459,0.18956627587258681,5.900381197189462,1.0,1.0,0.14068441064638784,0.953125,0.7641084824004616,0.0,0.8593155893536122,0.046875,0.0721863091574459,0.4522357723577235,2.057142857142857,984.0,0.6290650406504065,0.0658578856152513
2011,HOU,00-0022787,0.1289443725638474,0.574691744511335,1.0,1.0,1.0,0.9579646017699115,0.9839327417094815,0.0,0.0,0.042035398230088505,0.0967969477328137,0.468503937007874,2.235632183908046,1016.0,0.5964566929133859,0.0530679933665008
2011,IND,00-0010346,0.16380084067387257,4.130018038735629,1.0,1.0,0.6568364611260054,0.9701986754966887,0.8905982905982905,0.0,0.34316353887399464,0.0298013245033113,0.0896313128217373,0.4678471575023299,2.3391812865497075,1073.0,0.6486486486486487,0.0230215827338129
2011,JAX,00-0021231,0.04738764401177067,4.417000179955973,0.0,0.039603960396039604,0.7990430622009569,0.7123287671232876,0.7290981281905843,0.0,0.2009569377990431,0.28767123287671237,0.0160732792020047,0.4464285714285714,2.0,1009.0,0.5302279484638256,0.0732673267326732
2011,KC,00-0023662,0.1326158036745897,-0.802091106874253,1.0,0.954183266932271,1.0,0.6211699164345403,0.8299126637554586,0.0,0.0,0.37883008356545966,0.0329555491328301,0.42,1.783068783068783,1050.0,0.4971428571428571,0.0634920634920634
2011,LA,00-0027854,-0.08124924013065216,-4.420341440638936,1.0,1.0,0.8616187989556136,0.592814371257485,0.6985240745221389,0.0,0.13838120104438645,0.40718562874251496,-0.1030981699169252,0.3794428434197887,1.4845360824742269,1041.0,0.6099903938520653,0.0547504025764895
2011,LAC,00-0022942,0.25830810106472135,6.071121939784888,1.0,1.0,0.7754237288135594,0.6426666666666667,0.6784948542024014,0.0,0.22457627118644063,0.3573333333333333,0.0998122617189637,0.4422890397672163,2.269230769230769,1031.0,0.574199806013579,0.0652920962199312
2011,LV,00-0023460,0.018804574325847277,-0.13873310368738057,1.0,0.6835205992509363,0.9948979591836735,0.6457142857142857,0.8224285748212886,0.0,0.005102040816326481,0.3542857142857143,-0.0128795572885718,0.3949169110459433,1.798994974874372,1023.0,0.5532746823069403,0.0822429906542056
2011,MIA,00-0026197,-0.013761323712270509,-0.38125570594649955,1.0,0.8754208754208754,0.0,0.9841628959276018,0.6570155902004455,0.0,1.0,0.015837104072398245,-0.0716870999292821,0.4186952288218111,1.4640883977900552,1027.0,0.6017526777020448,0.0639730639730639
2011,MIN,00-0005106,-0.1281496304579403,-1.4842650947276126,0.0,0.17929759704251386,0.9655172413793104,0.7268292682926829,0.8461822205828108,0.0,0.03448275862068961,0.2731707317073171,-0.1252104477728663,0.4188911704312115,1.4108108108108108,974.0,0.5770020533880903,0.0662983425414364
2011,NE,00-0019596,0.27499174420581773,3.180415781494039,1.0,1.0,0.8089330024813896,0.8129496402877698,0.8232259232440261,0.0,0.19106699751861045,0.18705035971223016,0.2017416213313102,0.4927385892116183,2.8625,964.0,0.5570539419087137,0.0469043151969981
2011,NO,00-0020531,0.11534337770024389,5.991918671279451,1.0,1.0,0.23782234957020057,0.8806262230919765,0.6980866629150254,0.0,0.7621776504297995,0.11937377690802353,0.0422242344653996,0.4628571428571428,2.1834319526627217,1050.0,0.6533333333333333,0.0380116959064327
2011,NYG,00-0022803,0.061310892984830466,2.5468935270917794,1.0,1.0,1.0,0.5553097345132744,0.765506088280061,0.0,0.0,0.44469026548672563,-0.0082738588239393,0.4418145956607495,1.935323383084577,1014.0,0.5562130177514792,0.0288808664259927
2011,NYJ,00-0026898,-0.024192946979482023,-5.3717605650424955,1.0,0.9908759124087592,1.0,0.49502487562189057,0.6594546532305866,0.0,0.0,0.5049751243781094,-0.0177580292920192,0.4193849021435228,1.673469387755102,1073.0,0.5228331780055918,0.0510018214936247
2011,PHI,00-0020245,0.13116079617487877,5.987006248854801,1.0,0.6688741721854304,0.7288732394366197,0.9498806682577565,0.9180327868852458,0.0,0.27112676056338025,0.05011933174224348,0.0893985908095309,0.4455348380765456,2.223404255319149,1019.0,0.6526005888125613,0.0808580858085808
2011,PIT,00-0022924,0.17234936304128493,3.6382173971524314,1.0,0.9785575048732943,1.0,0.8545918367346939,0.9303227474468909,0.0,0.0,0.14540816326530615,0.0453736956799841,0.4067971163748712,1.9770114942528736,971.0,0.5458290422245108,0.0838206627680311
2011,SEA,00-0007091,-0.06261050450374711,-0.8803167816148986,0.0,0.18339100346020762,0.9627329192546584,0.45727482678983833,0.651287280142748,0.0,0.037267080745341574,0.5427251732101617,-0.1098533345474747,0.3847780126849894,1.4162162162162162,946.0,0.6257928118393234,0.0603448275862069
2011,SF,00-0023436,-0.050720984922167804,-2.1583910930192722,1.0,0.674074074074074,0.78,0.9416445623342176,0.8691485440471802,0.0,0.21999999999999997,0.05835543766578244,-0.0693002614081673,0.3790149892933618,1.402116402116402,934.0,0.5995717344753747,0.0813308687615526
2011,TB,00-0026993,0.128724003304562,1.7863315158391715,1.0,1.0,0.6324786324786325,0.9025641025641026,0.7939297493023362,0.0,0.36752136752136755,0.09743589743589742,0.0399444370737354,0.4158730158730159,1.9263803680981595,945.0,0.5968253968253968,0.0571428571428571
2011,TEN,00-0003292,0.056269518477145584,-0.8488522299541319,0.0,0.08216432865731463,1.0,0.7094240837696335,0.849784379492094,0.0,0.0,0.2905759162303665,-0.0344143468388417,0.3937360178970917,1.8491620111731844,894.0,0.5727069351230425,0.0538922155688622
2011,WAS,00-0011022,-0.05704358434516929,-3.2842730161964253,0.0,0.2175925925925926,0.5412541254125413,0.8870967741935484,0.7809619015883594,0.0,0.45874587458745875,0.11290322580645162,-0.0864777762900475,0.4036326942482341,1.4378109452736318,991.0,0.6680121089808274,0.0705521472392638
2012,ARI,00-0027754,-0.18900608223448312,-5.863989632138434,1.0,0.9617940199335548,0.8520710059171598,0.9657387580299786,0.9324573536191795,0.0,0.14792899408284022,0.03426124197002145,-0.0892270395940401,0.4071428571428571,1.4536082474226804,980.0,0.6408163265306123,0.0895522388059701
2012,ATL,00-0026143,0.1381395994153271,1.986608780678429,1.0,0.9543973941368078,1.0,0.9650205761316872,0.9836832259405529,0.0,0.0,0.034979423868312765,0.0414684794650543,0.4302103250478011,2.087912087912088,1046.0,0.6013384321223709,0.0423452768729641
2012,BAL,00-0026158,0.053300669504898326,-1.8753405377019978,1.0,1.0,0.7313432835820896,0.9280205655526992,0.9130086546376844,0.0,0.26865671641791045,0.07197943444730082,0.020545328718847,0.4074803149606299,1.9,1016.0,0.5767716535433071,0.0571923743500866
2012,BUF,00-0023682,-0.016380551126116045,1.1318860405009354,1.0,1.0,0.9615384615384616,0.8654708520179372,0.912340425531915,0.0,0.038461538461538436,0.13452914798206284,-0.0131264859523984,0.4393476044852191,1.7258064516129032,981.0,0.6340468909276249,0.0384615384615384
2012,CAR,00-0027939,0.05868303347826361,-0.35746553967650135,1.0,0.9981851179673321,0.9769736842105263,0.6642685851318945,0.8213770689395407,0.0,0.023026315789473673,0.33573141486810554,0.1083000461168292,0.4498480243161094,2.257142857142857,987.0,0.6048632218844985,0.0631768953068592
2012,CHI,00-0024226,-0.0047559725662621385,-1.1357977938575623,1.0,0.653179190751445,0.5304136253041363,0.5751445086705202,0.5769326065411299,0.0,0.46958637469586373,0.42485549132947975,-0.1161248650428718,0.3890608875128999,1.4615384615384617,969.0,0.564499484004128,0.094412331406551
2012,CIN,00-0027973,-0.0013163971691225469,-1.4935000784813413,1.0,1.0,0.32592592592592595,0.5807174887892377,0.572884569803271,0.0,0.674074074074074,0.4192825112107623,-0.0353668268913716,0.4129353233830846,1.654450261780105,1005.0,0.5810945273631841,0.0445632798573975
2012,CLE,00-0027688,-0.06963803889868315,-3.7006587084833082,1.0,0.8168316831683168,0.4896142433234421,0.8709677419354839,0.7509192428162875,0.0,0.510385756676558,0.12903225806451613,-0.0962218419874015,0.3972332015810276,1.2183908045977012,1012.0,0.6413043478260869,0.0642504118616145
2012,DAL,00-0021678,0.1538457881892576,4.42822078960415,1.0,0.915702479338843,0.845945945945946,0.7472283813747228,0.7478775913129317,0.0,0.15405405405405403,0.2527716186252772,0.0465771011991904,0.4515484515484515,2.011173184357542,1001.0,0.6163836163836164,0.0644628099173553
2012,DEN,00-0027876,-0.21732122886857116,-8.098348560637998,0.0,0.006423982869379015,0.9646464646464646,0.621301775147929,0.763273396573694,0.0,0.03535353535353536,0.37869822485207105,-0.0962691541038227,0.3902681231380338,1.3668341708542713,1007.0,0.4975173783515392,0.0897435897435897
2012,DET,00-0026498,0.10960600473086629,1.2825449712316015,1.0,1.0,0.4217252396166134,0.985480943738657,0.8328231292517007,0.0,0.5782747603833867,0.014519056261342977,0.059569848718525,0.446629213483146,2.1875,1068.0,0.6788389513108615,0.0529986052998605
2012,GB,00-0023459,0.419408451342503,8.81097502136433,1.0,0.9084745762711864,0.5347222222222222,0.9910714285714286,0.8997256394371186,0.0,0.4652777777777778,0.008928571428571397,0.229371387676347,0.4787123572170301,3.0236686390532546,963.0,0.6365524402907581,0.0693739424703891
2012,HOU,00-0022787,0.20790719807862307,-0.12248307991195732,1.0,0.9149797570850202,0.8917322834645669,0.6260623229461756,0.7588296760710554,0.0,0.1082677165354331,0.3739376770538244,0.0292185281458514,0.4459591041869523,1.967741935483871,1027.0,0.4917234664070107,0.0668016194331983
2012,IND,00-0027134,-0.22308440169022764,-7.960883397608995,0.0,0.0,0.6657223796033994,0.4820295983086681,0.5426251691474966,0.0,0.3342776203966006,0.5179704016913319,-0.1383954286055279,0.389776357827476,1.238888888888889,939.0,0.6123535676251332,0.0619469026548672
2012,JAX,00-0027948,-0.24074511007318572,-10.900466397875997,1.0,0.8828125,0.8266978922716628,0.5561643835616439,0.6773139206655772,0.0,0.1733021077283372,0.4438356164383561,-0.1866361421865934,0.3549695740365111,1.1648936170212767,986.0,0.5436105476673428,0.0859375
2012,KC,00-0023662,-0.0857426335365778,-1.0548132077585,1.0,0.5461393596986818,0.03821656050955414,0.854586129753915,0.7073543723064091,0.0,0.9617834394904459,0.145413870246085,-0.0904738152528607,0.3869047619047619,1.0481283422459893,1008.0,0.5476190476190477,0.064030131826742
2012,LA,00-0027854,-0.22258678285574776,-8.007014515534253,1.0,0.6506622516556292,0.7008086253369272,0.2950108459869848,0.4563843236409607,0.0,0.2991913746630728,0.7049891540130152,-0.1978565923135807,0.3592039800995025,0.9162303664921466,1005.0,0.6109452736318408,0.0910596026490066
2012,LAC,00-0022942,0.1680039442021203,3.860048163925319,1.0,1.0,0.9,0.5074626865671642,0.6350066342326404,0.0,0.09999999999999998,0.4925373134328358,0.0797083267353134,0.4513018322082932,2.2781065088757395,1037.0,0.5959498553519769,0.0491803278688524
2012,LV,00-0021429,0.07353015384694883,2.770709047555157,1.0,0.6336996336996337,0.33161953727506427,0.685,0.5489757080488079,0.0,0.6683804627249357,0.31499999999999995,0.0134875536520111,0.4244532803180914,1.806282722513089,1006.0,0.5447316103379721,0.0456204379562043
2012,MIA,00-0025708,-0.031613153195366867,2.8531850164019783,1.0,0.7351247600767754,0.9548872180451128,0.6020671834625323,0.7333832148646965,0.0,0.045112781954887216,0.3979328165374677,-0.0480154467034821,0.3850868232890704,1.6507936507936507,979.0,0.5556690500510725,0.0996168582375478
2012,MIN,00-0027950,-0.1921046227092351,-6.91743558958957,1.0,0.6923076923076923,0.9606060606060606,0.7069767441860465,0.856130980027868,0.0,0.039393939393939426,0.2930232558139535,-0.0465147651849474,0.3962075848303393,1.7741935483870968,1002.0,0.5948103792415169,0.0876565295169946
2012,NE,00-0019596,0.3012994746719895,3.9086619358282704,1.0,0.9984447900466563,0.47480106100795755,0.7654545454545455,0.7247856267864433,0.0,0.5251989389920424,0.2345454545454545,0.2019201725117012,0.5121722846441947,2.7674418604651163,1068.0,0.6132958801498127,0.0497667185069984
2012,NO,00-0020531,0.3153374037051388,7.298897932503969,1.0,1.0,1.0,0.8459869848156182,0.8964415719485922,0.0,0.0,0.15401301518438182,0.2032835847145616,0.5152877697841727,2.9770114942528734,1112.0,0.6267985611510791,0.0349344978165938
2012,NYG,00-0022803,0.13666685372316945,1.43931822956733,1.0,1.0,0.47058823529411764,0.6645021645021645,0.6252682653727722,0.0,0.5294117647058824,0.3354978354978355,0.0356809747662745,0.4349553128103277,1.9842105263157888,1007.0,0.6216484607745779,0.0453808752025931
2012,NYJ,00-0026898,-0.1253718279342748,-3.898824945981823,1.0,0.9931506849315068,0.8046875,0.6835748792270532,0.6753367178987877,0.0,0.1953125,0.3164251207729468,-0.0950117803553567,0.392156862745098,1.7272727272727273,1020.0,0.5872549019607843,0.0683760683760683
2012,PHI,00-0020245,0.07889663570817991,1.0851903477819955,1.0,0.7607573149741824,0.8757396449704142,0.9372294372294372,0.9468549944111371,0.0,0.12426035502958577,0.06277056277056281,0.0578050252831754,0.4700686947988223,1.9572192513368984,1019.0,0.634936211972522,0.0550774526678141
2012,PIT,00-0022924,0.12333966132881187,2.944677123351573,1.0,0.998272884283247,0.917098445595855,0.8174097664543525,0.8499130968203661,0.0,0.08290155440414504,0.18259023354564752,0.0597043700847215,0.4493480441323972,1.8719512195121952,997.0,0.5957873620862588,0.0725388601036269
2012,SEA,00-0024279,-0.02785602008462973,1.4379905730620768,0.0,0.005385996409335727,0.8753246753246753,0.8337531486146096,0.8441430332922318,0.0,0.12467532467532472,0.16624685138539042,-0.076258805218622,0.3881048387096774,1.476683937823834,992.0,0.5836693548387096,0.089605734767025
2012,SF,00-0023436,0.03653318018629366,-0.7350811962358552,1.0,1.0,1.0,0.8235294117647058,0.9184379634206624,0.0,0.0,0.17647058823529416,-0.0094793871030931,0.4059609455292908,1.9135135135135133,973.0,0.5323741007194245,0.0887096774193548
2012,TB,00-0026993,-0.10292634814446217,-1.0073806518988335,1.0,0.9348534201954397,0.6891385767790262,0.5870535714285714,0.5528761617683998,0.0,0.31086142322097376,0.4129464285714286,-0.1085087219907151,0.4294736842105263,1.4606741573033708,950.0,0.6778947368421052,0.0516129032258064
2012,TEN,00-0007091,-0.015342250867994213,-1.0235279623884708,1.0,1.0,1.0,0.8775510204081632,0.9008625646923517,0.0,0.0,0.12244897959183676,-0.0411576911032027,0.3938144329896907,1.65,970.0,0.6329896907216495,0.0396039603960396
2012,WAS,00-0022121,-0.03476122984601379,-1.214997077981631,1.0,0.765079365079365,0.5830985915492958,0.49353448275862066,0.5584467953887754,0.0,0.4169014084507042,0.5064655172413793,-0.0621331923723216,0.4145383104125736,1.540983606557377,1018.0,0.630648330058939,0.0648734177215189
2013,ARI,00-0027754,-0.3158771264744325,-9.577967166601114,0.0,0.27518796992481204,0.18354430379746836,0.8145315487571702,0.6481638418079096,0.0,0.8164556962025317,0.18546845124282985,-0.2608450430970812,0.3484698914116486,1.0679611650485437,1013.0,0.667324777887463,0.0872180451127819
2013,ATL,00-0026143,0.21217851542221208,5.65888093876057,1.0,1.0,0.2974683544303797,0.9788583509513742,0.822206745597453,0.0,0.7025316455696202,0.02114164904862581,0.0857383218711608,0.4603174603174603,2.327586206896552,1008.0,0.6577380952380952,0.0434782608695652
2013,BAL,00-0026158,0.02795162170225679,0.01913953593638083,1.0,1.0,0.958005249343832,0.47235023041474655,0.6412532078699744,0.0,0.04199475065616798,0.5276497695852534,0.002308609144834,0.4056420233463035,1.951351351351352,1028.0,0.5904669260700389,0.0634390651085141
2013,BUF,00-0023682,-0.015846293745216393,-1.537088362525993,0.0,0.0,0.9787798408488063,0.7117794486215538,0.8076664425016813,0.0,0.021220159151193685,0.28822055137844615,-0.0090553949930745,0.4201853759011328,1.721311475409836,971.0,0.5870236869207003,0.0555555555555555
2013,CAR,00-0027939,0.10743271766653803,-1.639548201734821,1.0,1.0,0.654275092936803,0.8213399503722084,0.7953611663353215,0.0,0.34572490706319703,0.17866004962779158,0.0739685021205475,0.4436475409836065,1.947368421052632,976.0,0.5727459016393442,0.0687022900763358
2013,CHI,00-0024226,-0.05757153396943013,-1.0629019772951505,1.0,0.8922495274102079,0.8660287081339713,0.8406862745098039,0.8918364886048472,0.0,0.13397129186602874,0.15931372549019607,-0.0570830521529023,0.3918367346938775,1.5925925925925926,980.0,0.5683673469387756,0.0830188679245283
2013,CIN,00-0027973,-0.01910299513698786,1.4554794625571894,1.0,0.9811320754716981,0.8746518105849582,0.7685774946921444,0.8171882544002107,0.0,0.12534818941504178,0.23142250530785557,-0.0036353969143216,0.4160804020100502,1.9516129032258065,995.0,0.6050251256281407,0.078902229845626
2013,CLE,00-0029677,-0.06354753836160044,-4.654519135027137,1.0,0.9051580698835274,0.7902298850574713,0.4192825112107623,0.5841443152148112,0.0,0.20977011494252873,0.5807174887892377,-0.0668226349471321,0.396969696969697,1.5133689839572193,990.0,0.6232323232323232,0.059900166389351
2013,DAL,00-0021678,0.11030906508961848,2.7151753939688206,1.0,1.0,0.6509433962264151,0.8752327746741154,0.797735410819704,0.0,0.34905660377358494,0.12476722532588458,0.0508807015016072,0.4738372093023256,2.0058479532163744,1032.0,0.6782945736434108,0.0518731988472622
2013,DEN,00-0010346,0.2512676143291198,7.368323057889938,1.0,1.0,0.49665924276169265,0.8373493975903614,0.7310199048793377,0.0,0.5033407572383073,0.16265060240963858,0.1032830041603491,0.4769520225776105,2.327777777777778,1063.0,0.5747883349012229,0.0345963756177924
2013,DET,00-0026498,0.009933527384300724,-2.5443931994830002,1.0,1.0,0.8839285714285714,0.8226351351351351,0.8252040059347181,0.0,0.1160714285714286,0.1773648648648649,-0.0086983916688031,0.4491746307558644,1.8826530612244896,1151.0,0.680278019113814,0.0379084967320261
2013,GB,00-0023459,0.18551213911982303,5.8360478498013935,1.0,0.9933993399339934,0.20760233918128654,0.7834394904458599,0.6791896144767898,0.0,0.7923976608187134,0.21656050955414008,0.0908836102955606,0.4545454545454545,2.243093922651933,1023.0,0.6265884652981427,0.083743842364532
2013,HOU,00-0022787,0.14851854022115557,0.36592040632562867,1.0,1.0,0.8684759916492694,0.7632135306553911,0.8052173913043478,0.0,0.13152400835073064,0.2367864693446089,0.0631641989019227,0.4361602982292637,1.9384615384615385,1073.0,0.5442684063373718,0.0481099656357388
2013,IND,00-0029668,0.021662251304480174,-4.313672637050697,1.0,1.0,0.873972602739726,0.7054673721340388,0.7636461126005364,0.0,0.126027397260274,0.29453262786596124,0.0105792215464093,0.4399260628465804,1.7954545454545454,1082.0,0.6423290203327172,0.0619335347432024
2013,JAX,00-0026197,-0.13828003901240576,-4.940396537481755,1.0,1.0,0.28525641025641024,0.3719512195121951,0.43178925935352497,0.0,0.7147435897435898,0.6280487804878049,-0.1300264891349409,0.3864097363083164,1.3020833333333333,986.0,0.6622718052738337,0.0783699059561128
2013,KC,00-0023662,-0.15832399267298003,-1.9135916522189753,0.0,0.0,0.6697247706422018,0.5191256830601093,0.6032578685808945,0.0,0.3302752293577982,0.4808743169398907,-0.148265081829336,0.4017946161515454,1.1153846153846154,1003.0,0.5343968095712861,0.0785854616895874
2013,LA,00-0027854,-0.010870788154210224,-2.1071966868826983,1.0,1.0,0.2677595628415301,0.5089285714285714,0.4548736462093863,0.0,0.7322404371584699,0.4910714285714286,-0.0307368105728693,0.4256619144602851,1.4742857142857142,982.0,0.615071283095723,0.059322033898305
2013,LAC,00-0022942,-0.010980360349491859,2.8971408610232174,1.0,0.9982608695652174,0.6318681318681318,0.6129943502824858,0.6116562241399693,0.0,0.36813186813186816,0.38700564971751417,-0.0590218041120104,0.4100204498977505,1.6101694915254237,978.0,0.598159509202454,0.0852173913043478
2013,LV,00-0021429,0.015261431350290715,-0.42718708515167236,0.0,0.046012269938650305,0.875886524822695,0.5075593952483801,0.5650793650793652,0.0,0.12411347517730498,0.4924406047516199,-0.0696620255953239,0.4039024390243902,1.5376344086021505,1025.0,0.6448780487804878,0.0412213740458015
2013,MIA,00-0029701,-0.06812763691385439,-3.4487604970733323,1.0,1.0,0.38482384823848237,0.458128078817734,0.44091026635634856,0.0,0.6151761517615176,0.541871921182266,-0.0695210568173221,0.4181438998957247,1.5142857142857142,959.0,0.5755995828988529,0.0683918669131238
2013,MIN,00-0027950,-0.02469513532285623,-2.3840600146381243,1.0,1.0,1.0,0.5164556962025316,0.7110752564250317,0.0,0.0,0.4835443037974684,-0.0019667908077656,0.4142131979695431,1.9378531073446328,985.0,0.5614213197969543,0.0618955512572533
2013,NE,00-0019596,0.2725715748310753,1.786965358824957,1.0,1.0,0.8429752066115702,0.21636363636363637,0.4523790092222313,0.0,0.15702479338842978,0.7836363636363637,0.1715343512667334,0.5,2.7857142857142856,1180.0,0.5669491525423729,0.0405405405405405
2013,NO,00-0020531,0.1416331416737025,0.9945203040353384,1.0,0.9985590778097982,0.8857142857142857,0.8004338394793926,0.8305690227098749,0.0,0.11428571428571432,0.19956616052060738,0.0893183527647127,0.4690770694576593,2.337016574585636,1051.0,0.6631779257849667,0.0374639769452449
2013,NYG,00-0022803,0.1035696799402311,0.7349034739752948,1.0,0.9928443649373881,0.2026315789473684,0.6282608695652174,0.4822371092164028,0.0,0.7973684210526316,0.37173913043478257,0.0652740885526801,0.456544502617801,2.3941176470588235,955.0,0.5947643979057592,0.035778175313059
2013,NYJ,00-0026898,-0.1681935587093829,-6.154606164430988,1.0,0.9033457249070632,0.2631578947368421,0.7182044887780549,0.5526607968189212,0.0,0.736842105263158,0.2817955112219451,-0.127307477837306,0.4011684518013632,1.2857142857142858,1027.0,0.5384615384615384,0.0871985157699443
2013,PHI,00-0020245,-0.012218660653237432,0.21074706562149137,1.0,0.9969788519637462,0.9603658536585366,0.6659959758551308,0.7495972382048334,0.0,0.03963414634146345,0.3340040241448692,-0.0755344839321855,0.4256314312441534,1.521978021978022,1069.0,0.6623012160898035,0.0721804511278195
2013,PIT,00-0022924,0.13401998339694055,2.4679416935193483,1.0,0.7867768595041322,0.3027027027027027,0.7073170731707317,0.6004204935266128,0.0,0.6972972972972973,0.29268292682926833,-0.0094802691718411,0.4182358771060456,1.7814207650273224,1009.0,0.6124876114965312,0.0609555189456342
2013,SEA,00-0029263,0.1825384971706876,5.152464375281945,1.0,0.9794520547945206,0.9449760765550239,0.796923076923077,0.8674146431368935,0.0,0.055023923444976086,0.20307692307692304,0.1114636278578521,0.4520833333333333,2.333333333333333,960.0,0.509375,0.0753424657534246
2013,SF,00-0023436,0.13868456668426865,5.233698857760211,0.0,0.49266247379454925,0.9869451697127938,0.2465753424657534,0.5187208376010016,0.0,0.01305483028720622,0.7534246575342466,0.1156080242750952,0.4821802935010482,2.1379310344827585,954.0,0.5387840670859538,0.0859538784067086
2013,TB,00-0026993,0.04540253220584964,-4.159968020478956,1.0,1.0,0.8598382749326146,0.6808035714285714,0.7692757009345794,0.0,0.14016172506738545,0.3191964285714286,0.025588836342254,0.4112337011033099,1.9259259259259256,997.0,0.6108324974924775,0.0437710437710437
2013,TEN,00-0027946,-0.08220520529521451,-3.736561360076452,1.0,0.5854922279792746,0.9339622641509434,0.821505376344086,0.8370737755734656,0.0,0.06603773584905659,0.17849462365591395,-0.0959062260100997,0.3757894736842105,1.434782608695652,950.0,0.6473684210526316,0.0672413793103448
2013,WAS,00-0029665,0.19514869754326686,4.095226653984615,1.0,1.0,0.997229916897507,0.9576719576719577,0.9840878529807261,0.0,0.0027700831024930483,0.042328042328042326,0.1437569023240944,0.4684317718940937,2.3181818181818183,982.0,0.5224032586558045,0.0697674418604651
2014,ARI,00-0021429,0.004963469645709249,3.7319911567497592,1.0,1.0,0.39588688946015427,0.7086092715231788,0.6566757493188012,0.0,0.6041131105398457,0.29139072847682124,-0.0353254311784435,0.4074803149606299,1.7894736842105263,1016.0,0.609251968503937,0.06645056726094
2014,ATL,00-0026143,0.025950899454384283,2.8340673344369613,1.0,0.9900142653352354,0.9961389961389961,0.6209016393442623,0.7258446309446954,0.0,0.0038610038610038533,0.37909836065573765,-0.0042546903257421,0.4394088669950738,1.9022988505747127,1015.0,0.6985221674876847,0.0626780626780626
2014,BAL,00-0026158,-0.053065015288381805,-1.1361460936696905,1.0,1.0,0.40641711229946526,0.6876267748478702,0.5989646039007945,0.0,0.5935828877005347,0.31237322515212984,-0.1183513675626865,0.3552266419981498,1.458128078817734,1081.0,0.6318223866790009,0.0718562874251497
2014,BUF,00-0030526,-0.16241831692927,-2.484528323341357,1.0,0.5852372583479789,0.918918918918919,0.5959595959595959,0.7815980629539954,0.0,0.08108108108108103,0.4040404040404041,-0.0881459855755778,0.390154968094804,1.5414634146341464,1097.0,0.5515041020966271,0.0840630472854641
2014,CAR,00-0027939,0.057350563413812644,0.8516172046834958,1.0,1.0,0.9613899613899614,0.2879177377892031,0.4708215297450425,0.0,0.038610038610038644,0.712082262210797,0.0476666447493114,0.4199796126401631,2.049079754601227,981.0,0.5616717635066258,0.0838206627680311
2014,CHI,00-0024226,0.002444208465198134,4.803435176610947,1.0,0.6115702479338843,0.8210227272727273,0.8896103896103896,0.8806984426616329,0.0,0.1789772727272727,0.11038961038961037,0.0788629540077946,0.4509018036072144,2.221590909090909,998.0,0.627254509018036,0.0492610837438423
2014,CIN,00-0027973,0.08368406708673488,1.0326308271159297,1.0,1.0,0.4472361809045226,0.9598393574297188,0.8583820662768031,0.0,0.5527638190954773,0.04016064257028118,0.0242505519056203,0.4312267657992565,2.015873015873016,1076.0,0.595724907063197,0.047077922077922
2014,CLE,00-0023460,-0.09493576378855793,-4.25111220197279,0.0,0.14148351648351648,0.0,0.2838095238095238,0.24641277376200235,0.0,1.0,0.7161904761904763,-0.0760395050709233,0.3897196261682243,1.418848167539267,1070.0,0.7,0.0672153635116598
2014,DAL,00-0021678,0.07092914609810187,0.17020684682716758,1.0,0.917741935483871,0.9709677419354839,0.9004065040650406,0.9527804878048781,0.0,0.029032258064516148,0.09959349593495936,0.0575868180838529,0.4682875264270613,2.241573033707865,946.0,0.6659619450317125,0.0561797752808988
2014,DEN,00-0010346,0.37663453306348726,6.38538162688232,1.0,1.0,0.4302600472813239,0.5379061371841155,0.49577484961329127,0.0,0.5697399527186762,0.4620938628158845,0.2131048452690329,0.5013262599469496,2.96875,1131.0,0.6153846153846154,0.0287769784172661
2014,DET,00-0026498,0.06278259680758001,-3.322049482676229,1.0,1.0,0.995,0.6416309012875536,0.8385168581301953,0.0,0.0050000000000000044,0.3583690987124464,-0.0030220404370785,0.4305427782888684,1.921052631578948,1087.0,0.6117755289788408,0.0349013657056145
2014,GB,00-0023459,0.28858097707474195,5.872276994027856,1.0,0.954248366013072,0.951530612244898,0.7025316455696202,0.7890190055672874,0.0,0.04846938775510201,0.2974683544303798,0.0699888476215592,0.4531693472090823,2.18232044198895,1057.0,0.609271523178808,0.073051948051948
2014,HOU,00-0022787,-0.11904864925579323,-1.7288013955967574,0.0,0.0,0.3631713554987212,0.9025844930417495,0.7530782761653474,0.0,0.6368286445012787,0.09741550695825052,-0.1135931409546199,0.4036866359447004,1.29,1085.0,0.6276497695852534,0.0625
2014,IND,00-0029668,0.029716589880518722,-1.4760314468788889,1.0,1.0,0.6170212765957447,0.7650862068965517,0.7160076602455785,0.0,0.3829787234042553,0.2349137931034483,0.0247133098236074,0.4333996023856858,2.0730337078651684,1006.0,0.6530815109343936,0.0516129032258064
2014,JAX,00-0026197,-0.08209010855104257,-2.3542892375222633,1.0,0.84399375975039,0.2857142857142857,0.5643776824034334,0.48862369514543424,0.0,0.7142857142857143,0.43562231759656656,-0.167930669248595,0.3795476892822025,1.1822916666666667,1017.0,0.647984267453294,0.077760497667185
2014,KC,00-0023436,0.029624924597560623,-2.5041695931547845,1.0,1.0,1.0,0.3700787401574803,0.6751946607341491,0.0,0.0,0.6299212598425197,0.0266144537504503,0.4214711729622266,1.904255319148936,1006.0,0.6272365805168986,0.0703259005145797
2014,LA,00-0027854,-0.06413412175686553,-3.518993413219085,0.0,0.0036968576709796672,0.7962466487935657,0.9388235294117647,0.8823250858292885,0.0,0.20375335120643434,0.06117647058823528,-0.0884685207079566,0.3976915005246589,1.675977653631285,953.0,0.5844700944386149,0.0662983425414364
2014,LAC,00-0022942,0.27680744540198066,7.9862834165029435,1.0,1.0,0.8967889908256881,0.8292079207920792,0.900340393343419,0.0,0.10321100917431192,0.17079207920792083,0.1371240165719873,0.4691358024691358,2.3865030674846626,1053.0,0.5574548907882241,0.0523560209424083
2014,LV,00-0028825,-0.13863048451406595,-3.5722455166223397,0.0,0.3896797153024911,0.4250871080139373,0.8602739726027397,0.6025669843553317,0.0,0.5749128919860627,0.13972602739726026,-0.0630985643216273,0.3905146316851665,1.5555555555555556,991.0,0.6054490413723511,0.0782918149466192
2014,MIA,00-0029701,0.00011932321529855764,0.11818693666201499,1.0,1.0,0.6061643835616438,0.9376181474480151,0.8487433185488457,0.0,0.3938356164383562,0.06238185255198492,-0.0421200123847031,0.4078947368421052,1.5957446808510638,988.0,0.6700404858299596,0.0893682588597842
2014,MIN,00-0023662,-0.04398733890595447,-2.143572683793953,1.0,0.9084745762711864,0.9029649595687331,0.555858310626703,0.7463255307566685,0.0,0.09703504043126687,0.444141689373297,-0.0376591159472578,0.4069651741293532,1.921052631578948,1005.0,0.6228855721393035,0.0744500846023688
2014,NE,00-0019596,0.09844584836771422,-1.3510699322227515,1.0,1.0,0.642691415313225,0.9255533199195171,0.8554870069171806,0.0,0.35730858468677495,0.07444668008048294,0.0398691114570057,0.4565801253357207,2.2094240837696337,1117.0,0.5971351835273053,0.06006006006006
2014,NO,00-0020531,0.21515100420398653,5.41811876486395,1.0,1.0,0.8403614457831325,0.876993166287016,0.809233757062147,0.0,0.15963855421686746,0.12300683371298404,0.1231431651694552,0.4734848484848485,2.398843930635838,1056.0,0.6619318181818182,0.0538573508005822
2014,NYG,00-0022803,-0.10677463860578183,-2.848010523902143,1.0,0.9719934102141681,0.2050561797752809,0.5432900432900433,0.4844107379318648,0.0,0.7949438202247191,0.45670995670995673,-0.1564990661014817,0.3963227783452502,1.35678391959799,979.0,0.6261491317671093,0.0658978583196046
2014,NYJ,00-0030565,-0.13901124841088833,-4.159734352510803,1.0,0.9277566539923955,0.9521276595744681,0.4936061381074169,0.6888572941930807,0.0,0.0478723404255319,0.5063938618925832,-0.1007169128683682,0.3778437190900099,1.4196891191709844,1011.0,0.5548961424332344,0.0893536121673003
2014,PHI,00-0029567,0.29003261140154346,5.292840681824029,1.0,0.7184115523465704,0.8125,0.5048543689320388,0.6632586671623758,0.0,0.1875,0.49514563106796117,0.1070491218377077,0.4641472868217054,2.195876288659794,1032.0,0.5697674418604651,0.0822898032200357
2014,PIT,00-0022924,0.0870613584566777,3.0390618785415198,1.0,0.9983948635634029,0.6834733893557423,0.5531914893617021,0.6001243781094526,0.0,0.3165266106442577,0.44680851063829785,0.0016569810329721,0.4250248262164846,1.907103825136612,1007.0,0.6325719960278053,0.0689102564102564
2014,SEA,00-0029263,0.14971100436132798,5.716603238022689,1.0,1.0,0.9924812030075187,0.5935672514619883,0.7517755268366515,0.0,0.007518796992481258,0.4064327485380117,0.0620173521811389,0.44700944386149,2.156424581005586,953.0,0.5383001049317944,0.0950323974082073
2014,SF,00-0027974,0.11454766547949856,-1.4884515070333713,1.0,0.9978070175438597,0.7309644670050761,0.7988165680473372,0.8416958381952548,0.0,0.2690355329949239,0.20118343195266275,0.0317882729999292,0.4148148148148148,2.0549450549450547,945.0,0.5322751322751322,0.0855263157894736
2014,TB,00-0030520,-0.07442150732998859,-0.13317067548632622,1.0,0.8199643493761141,0.8503937007874016,0.46511627906976744,0.5502350099976628,0.0,0.14960629921259838,0.5348837209302326,-0.0961817126923024,0.3693415637860082,1.4371584699453552,972.0,0.5905349794238683,0.0837789661319073
2014,TEN,00-0023682,0.06822245914310489,1.0389719634901646,0.0,0.3498233215547703,0.2875318066157761,0.8517699115044248,0.6748494147062167,0.0,0.7124681933842238,0.14823008849557517,0.0240655659630732,0.4223968565815324,1.88268156424581,1018.0,0.5982318271119843,0.0653710247349823
2014,WAS,00-0029665,0.0001677560566485751,-1.3538354361884013,1.0,1.0,0.9941176470588236,0.7906542056074767,0.8608801684957319,0.0,0.00588235294117645,0.20934579439252332,-0.0488442666401586,0.4232515894641235,1.5255102040816326,1101.0,0.6257947320617621,0.065648854961832
2015,ARI,00-0025430,-0.02347085809281826,-4.74321515369816,1.0,0.8120805369127517,0.7415730337078652,0.7822222222222223,0.7743009945580784,0.0,0.2584269662921348,0.21777777777777774,-0.0487377748374232,0.3762781186094069,1.5593220338983051,978.0,0.6247443762781186,0.0468227424749163
2015,ATL,00-0026143,0.080497646964555,1.4360568514740717,1.0,0.993920972644377,0.19345238095238096,0.8387755102040816,0.6456527949719073,0.0,0.8065476190476191,0.1612244897959184,0.009335120944576,0.4415204678362573,2.081395348837209,1026.0,0.6647173489278753,0.047040971168437
2015,BAL,00-0026158,0.10222452276355025,-0.7293849107291963,1.0,1.0,0.753731343283582,0.5103926096997691,0.623161951120576,0.0,0.24626865671641796,0.4896073903002309,0.0496992103993462,0.4358717434869739,2.2045454545454546,998.0,0.5771543086172345,0.0334507042253521
2015,BUF,00-0023541,-0.013729962637164271,-0.955039313341158,0.0,0.22113821138211381,0.39166666666666666,0.7679425837320574,0.6022257916475448,0.0,0.6083333333333334,0.23205741626794263,-0.0761512037189894,0.4095427435387674,1.612565445026178,1006.0,0.6262425447316103,0.0633116883116883
2015,CAR,00-0027939,-0.033728485785599276,-3.023171260785521,1.0,1.0,0.6571428571428571,0.5598290598290598,0.638211382113821,0.0,0.34285714285714286,0.44017094017094016,-0.0114987763714186,0.4413727359389895,1.838150289017341,1049.0,0.5881792183031459,0.0716723549488054
2015,CHI,00-0024226,-0.07892237675585607,0.2905944797231977,1.0,1.0,1.0,0.6510638297872341,0.7824531874605513,0.0,0.0,0.3489361702127659,-0.0691023138468955,0.4354838709677419,1.755813953488372,992.0,0.6764112903225806,0.0626911314984709
2015,CIN,00-0027973,-0.020442864847274384,1.0640011756283463,1.0,0.9619771863117871,1.0,0.6994818652849741,0.8480047204860351,0.0,0.0,0.30051813471502586,-0.0212855952929955,0.4208955223880597,1.9076086956521736,1005.0,0.5422885572139303,0.0436432637571157
2015,CLE,00-0026625,-0.005337916687271724,-6.2852300550081095,0.0,0.07142857142857142,0.34660421545667447,0.6266666666666667,0.5441759826902272,0.0,0.6533957845433256,0.3733333333333333,-0.0792731152692417,0.3728813559322034,1.4631578947368422,1003.0,0.5483549351944168,0.0581613508442776
2015,DAL,00-0021678,0.2721473935392792,6.726814619330472,1.0,1.0,0.1694915254237288,0.9683377308707124,0.6905632772494513,0.0,0.8305084745762712,0.0316622691292876,0.115512410513619,0.4654654654654654,2.581395348837209,999.0,0.5165165165165165,0.0594059405940594
2015,DEN,00-0010346,0.18891239910285212,3.31665614889527,1.0,1.0,0.8475,0.693069306930693,0.7579612468407751,0.0,0.15249999999999997,0.306930693069307,0.0989215498866716,0.4626436781609195,2.456989247311828,1044.0,0.5986590038314177,0.0272435897435897
2015,DET,00-0026498,0.04746968155577428,-4.693568880562069,1.0,1.0,0.7189349112426036,0.8669833729216152,0.8186698805741207,0.0,0.28106508875739644,0.1330166270783848,-0.0109791724050425,0.41544477028348,1.7471264367816093,1023.0,0.6480938416422287,0.0694444444444444
2015,GB,00-0023459,0.30178022404396077,3.140450548199774,1.0,0.9681978798586572,0.9538904899135446,0.615909090909091,0.7186028996422518,0.0,0.04610951008645536,0.38409090909090904,0.1369344059701752,0.4668705402650356,2.693251533742332,981.0,0.6044852191641182,0.0529100529100529
2015,HOU,00-0023682,0.06649112458875248,0.3449386454397632,0.0,0.14960629921259844,0.9873417721518988,0.4909560723514212,0.7552284145344083,0.0,0.012658227848101222,0.5090439276485788,-0.0351179831799336,0.398655139289145,1.7717391304347827,1041.0,0.521613832853026,0.0511811023622047
2015,IND,00-0029668,0.11427659658870422,1.068054104960242,1.0,1.0,0.0,0.6522556390977443,0.5267600574712644,0.0,1.0,0.3477443609022557,0.0128684722774501,0.4492619926199262,2.282051282051282,1084.0,0.6706642066420664,0.041907514450867
2015,JAX,00-0031407,-0.22486674871020762,-6.7722106605010515,1.0,0.9968102073365231,0.7946127946127947,0.6969026548672567,0.7418868523367451,0.0,0.20538720538720534,0.30309734513274333,-0.1773098148014732,0.3648373983739837,1.154639175257732,984.0,0.6595528455284553,0.1125198098256735
2015,KC,00-0023436,0.07737958626390327,-1.3205086550953096,1.0,1.0,0.9742120343839542,0.48548812664907653,0.7073170731707316,0.0,0.025787965616045794,0.5145118733509235,0.0306709261749271,0.4245283018867924,1.9761904761904765,954.0,0.6069182389937107,0.0900735294117647
2015,LA,00-0028957,-0.10627605235629996,-0.9997144072494782,0.0,0.0035714285714285713,0.7469512195121951,0.9548872180451128,0.9024390243902437,0.0,0.2530487804878049,0.045112781954887216,-0.1198107550868641,0.4196617336152219,1.6145251396648044,946.0,0.6004228329809725,0.0837789661319073
2015,LAC,00-0022942,0.1133935186394494,4.859188439896856,1.0,1.0,0.7262569832402235,0.5611353711790393,0.5629084119904575,0.0,0.2737430167597765,0.43886462882096067,0.0110260163618863,0.426865671641791,1.8786127167630056,1005.0,0.6268656716417911,0.060655737704918
2015,LV,00-0031280,-0.12077862717938602,-6.212554882155614,1.0,0.978494623655914,0.2978723404255319,0.5418502202643172,0.5335065645514223,0.0,0.7021276595744681,0.4581497797356828,-0.1841740835008319,0.3672431332655137,1.231958762886598,983.0,0.6744659206510681,0.043010752688172
2015,MIA,00-0029701,0.03713028337430835,2.22951323807645,1.0,0.9984375,0.7634730538922155,0.3476482617586912,0.4953147280505194,0.0,0.23652694610778446,0.6523517382413089,0.0037795363205811,0.4814814814814814,2.0809248554913293,1026.0,0.6306042884990254,0.071875
2015,MIN,00-0031237,-0.00357020581753628,0.015003034713292363,1.0,0.7744227353463587,0.9005847953216374,0.7089783281733746,0.8034991668650322,0.0,0.09941520467836262,0.2910216718266254,-0.0376957119337888,0.416580310880829,1.6608187134502923,965.0,0.6238341968911917,0.0904255319148936
2015,NE,00-0019596,0.1710504139424431,1.5923478358298644,1.0,1.0,0.09840425531914894,0.6450304259634888,0.4525902375163643,0.0,0.901595744680851,0.3549695740365112,0.0842322022665032,0.4582542694497153,2.48,1054.0,0.6129032258064516,0.040880503144654
2015,NO,00-0020531,0.1064599110620263,3.4443295641261855,1.0,1.0,0.8435754189944135,0.4553014553014553,0.5156727494979483,0.0,0.15642458100558654,0.5446985446985446,0.0595099401425075,0.4731481481481481,2.3529411764705883,1080.0,0.6453703703703704,0.043859649122807
2015,NYG,00-0022803,0.059488877434647626,0.833179187312295,1.0,1.0,0.9284009546539379,0.9338677354709419,0.930511259302213,0.0,0.0715990453460621,0.06613226452905807,-0.0155506579946304,0.4085422469823584,1.9735449735449733,1077.0,0.596100278551532,0.0471698113207547
2015,NYJ,00-0030565,-0.028906162369719154,-2.4620897901457783,1.0,0.7306273062730627,0.5984455958549223,0.6025,0.6170050761421321,0.0,0.4015544041450777,0.39749999999999996,-0.0831392027125789,0.4017257909875359,1.546448087431694,1043.0,0.5627996164908916,0.086080586080586
2015,PHI,00-0026898,0.10131197447615128,0.34552778264409617,1.0,0.50920245398773,0.13734939759036144,0.6980392156862745,0.5445831072526678,0.0,0.8626506024096385,0.3019607843137255,-0.0154881173369087,0.4319206492335437,1.99497487437186,1109.0,0.60595130748422,0.0490797546012269
2015,PIT,00-0022924,0.2153654831732848,5.46591048514224,1.0,0.9984276729559748,0.031914893617021274,0.789247311827957,0.5168155543878089,0.0,0.9680851063829787,0.21075268817204296,0.1059445946650617,0.4755043227665706,2.323529411764706,1041.0,0.6176753121998079,0.0516431924882629
2015,SEA,00-0029263,0.06894716036848689,3.807757268118304,1.0,1.0,0.7216494845360825,0.6890756302521008,0.7340560197012591,0.0,0.27835051546391754,0.31092436974789917,0.0929400664932292,0.4415584415584415,2.1823529411764704,1001.0,0.5454545454545454,0.0846774193548387
2015,SF,00-0027974,-0.006114162862381372,-2.057119410288961,1.0,0.9981447124304267,0.23919308357348704,0.5023809523809524,0.4461195595175668,0.0,0.760806916426513,0.4976190476190476,-0.043514813129512,0.4185110663983903,1.668639053254438,994.0,0.5915492957746479,0.0964749536178107
2015,TB,00-0021206,-0.12423779868014877,-2.265183930285275,0.0,0.3788927335640138,1.0,0.9557109557109557,0.9604763774375082,0.0,0.0,0.044289044289044344,-0.1049280038025271,0.3860215053763441,1.4078212290502794,930.0,0.6483870967741936,0.0899653979238754
2015,TEN,00-0024296,-0.04344093455764769,-3.562470260593626,1.0,0.7089285714285715,0.5757575757575758,0.724373576309795,0.6715197956577267,0.0,0.4242424242424242,0.27562642369020496,-0.1179225797378028,0.3926991150442478,1.298342541436464,904.0,0.6537610619469026,0.0892857142857142
2015,WAS,00-0029665,-0.1851845286438843,3.004760702825942,1.0,1.0,0.8271604938271605,0.8022727272727272,0.7284128745837958,0.0,0.1728395061728395,0.19772727272727275,-0.0720830115797553,0.405,1.6203208556149733,1000.0,0.629,0.0958677685950413
2016,ARI,00-0021429,0.2583348351045839,5.283398276283627,1.0,1.0,1.0,1.0,1.0,0.0,0.0,0.0,0.1133750231863494,0.4676616915422885,2.52,1005.0,0.5870646766169154,0.04631217838765
2016,ATL,00-0026143,0.10547122773146748,0.16426480207286898,1.0,1.0,1.0,0.7473903966597077,0.847026333957984,0.0,0.0,0.25260960334029225,-0.0010626387502542,0.4579792256846081,1.909638554216868,1059.0,0.6288951841359773,0.048854961832061
2016,BAL,00-0026158,0.002689517984809063,-0.19405663159548067,1.0,0.8804034582132565,0.994269340974212,0.7168674698795181,0.8473785966109405,0.0,0.005730659025787954,0.2831325301204819,-0.0720503172479902,0.427906976744186,1.6236559139784943,1075.0,0.653953488372093,0.0344332855093256
2016,BUF,00-0028118,0.10904695430085334,3.0225259522912364,1.0,0.9980237154150198,0.9389920424403183,0.8381962864721485,0.894466324010413,0.0,0.06100795755968169,0.1618037135278515,0.0472244966388548,0.4158316633266533,1.988826815642458,998.0,0.5581162324649298,0.0826771653543307
2016,CAR,00-0027939,0.13564758430980398,0.1361949946846071,1.0,1.0,1.0,1.0,1.0,0.0,0.0,0.0,0.0787100246951178,0.4562920268972142,2.556756756756757,1041.0,0.5379442843419788,0.0620300751879699
2016,CHI,00-0024226,0.05396020885386346,2.276045827502249,1.0,0.9190647482014388,0.4834905660377358,0.7191283292978208,0.6449989056686364,0.0,0.5165094339622642,0.2808716707021792,-0.0187526803022198,0.4306784660766962,1.9257142857142853,1017.0,0.5634218289085545,0.0608228980322003
2016,CIN,00-0027973,0.27696762987573287,3.954575525650515,1.0,1.0,1.0,0.6025641025641025,0.7718407960199005,0.0,0.0,0.39743589743589747,0.0754664596287706,0.4518743667679838,2.395348837209302,987.0,0.5795339412360689,0.0595903165735568
2016,CLE,00-0021206,0.011409612977148155,0.7404264191101337,1.0,0.8411497730711044,0.9354838709677419,0.6077235772357723,0.7404102445242786,0.0,0.06451612903225812,0.3922764227642277,-0.0884363006966618,0.3990338164251207,1.48,1035.0,0.6792270531400966,0.0796992481203007
2016,DAL,00-0023662,-0.19707686157165918,-4.555700333590435,0.0,0.42397137745974955,0.6648501362397821,0.969047619047619,0.8603133159268928,0.0,0.33514986376021794,0.030952380952380953,-0.0847693490199901,0.4337851929092805,1.5636363636363635,959.0,0.6016684045881127,0.0589285714285714
2016,DEN,00-0010346,-0.099115333711991,-2.388766865418675,0.0,0.0,0.40318302387267907,0.9045801526717557,0.7707188160676535,0.0,0.596816976127321,0.09541984732824427,-0.0727418538021973,0.3986615678776291,1.625,1046.0,0.627151051625239,0.0605590062111801
2016,DET,00-0026498,0.0145076024127544,0.5553151945716112,1.0,1.0,0.696969696969697,0.5714285714285714,0.6096988259315977,0.0,0.303030303030303,0.4285714285714286,-0.0175269177335231,0.4479371316306483,1.9548022598870056,1018.0,0.6895874263261297,0.0649926144756277
2016,GB,00-0023459,-0.01917221278483773,-1.1023689094487559,1.0,0.9967689822294022,0.9885057471264368,0.7796610169491526,0.8092613009922822,0.0,0.011494252873563204,0.22033898305084743,-0.031887596821795,0.4082612872238232,1.933701657458564,1041.0,0.6349663784822286,0.0754414125200642
2016,HOU,00-0026625,0.02161670825857428,-1.714005449162517,0.0,0.1620795107033639,0.8492822966507177,0.6144578313253012,0.7031528602294896,0.0,0.15071770334928225,0.3855421686746988,-0.0569641340492803,0.3981900452488687,1.646153846153846,1105.0,0.6018099547511312,0.0548780487804878
2016,IND,00-0029668,-0.02561572814535036,-4.235385928237648,1.0,0.5122324159021406,0.8905775075987842,0.6318897637795275,0.709065839365736,0.0,0.10942249240121582,0.36811023622047245,-0.0902052190674096,0.3976721629485936,1.60752688172043,1031.0,0.6673132880698351,0.0564024390243902
2016,JAX,00-0031407,0.003363214876717451,-2.958337207635244,1.0,1.0,0.9796610169491525,0.9606299212598425,0.964719310988897,0.0,0.02033898305084747,0.03937007874015752,-0.0586101205487619,0.4157527417746759,1.8941798941798944,1003.0,0.6799601196410767,0.0772727272727272
2016,KC,00-0023436,0.02314721216480161,-0.2180257666370143,1.0,0.9961464354527938,1.0,0.9948051948051948,0.9987233054781801,0.0,0.0,0.0051948051948051965,0.0309630045459416,0.4378320935175345,2.039325842696629,941.0,0.6089266737513284,0.0879541108986615
2016,LA,00-0029567,-0.2889448230705851,-6.911077116986355,0.0,0.28629856850715746,0.9942363112391931,0.8010471204188482,0.9102299147507105,1.0,0.0057636887608069065,0.19895287958115182,-0.1611326475715437,0.3716814159292035,1.326315789473684,904.0,0.5486725663716814,0.036734693877551
2016,LAC,00-0022942,0.06997912544112082,2.737325830485231,1.0,1.0,0.8413978494623656,0.8442622950819673,0.8565208978328174,0.0,0.15860215053763438,0.15573770491803274,-0.0129865891041064,0.4263494967978042,1.7942857142857145,1093.0,0.6541628545288197,0.0564174894217207
2016,LV,00-0031280,-0.010511142412390088,-2.775866856474449,1.0,1.0,0.9473684210526315,0.9978902953586498,0.9745418632722483,0.0,0.052631578947368474,0.002109704641350185,-0.0498828658058974,0.3989949748743718,1.8641304347826089,995.0,0.6572864321608041,0.0515625
2016,MIA,00-0029701,-0.01100321044217751,0.917861846135688,1.0,1.0,0.22413793103448276,0.7840670859538784,0.5798620631472381,0.0,0.7758620689655172,0.21593291404612158,-0.0307923656695282,0.4,1.491891891891892,965.0,0.6601036269430052,0.0710900473933649
2016,MIN,00-0031237,-0.0083995782513666,3.26410581668218,1.0,1.0,1.0,0.7913043478260869,0.9033004506150287,0.0,0.0,0.20869565217391306,0.0005436684655796,0.39375,1.9518072289156627,960.0,0.5489583333333333,0.0901803607214428
2016,NE,00-0019596,0.17680228538272588,-0.09328793006105068,1.0,1.0,0.934375,0.8375,0.9197458311907737,0.0,0.06562500000000004,0.16249999999999998,0.1037329172255895,0.4421768707482993,2.4944444444444445,1029.0,0.6530612244897959,0.0571428571428571
2016,NO,00-0020531,0.14008054140852227,2.048701165097483,1.0,1.0,0.8444444444444444,0.7731755424063116,0.8113741636644365,0.0,0.15555555555555556,0.2268244575936884,0.0752071446972025,0.4397031539888683,2.23699421965318,1078.0,0.6493506493506493,0.0457796852646638
2016,NYG,00-0022803,0.07673196780193543,-1.2532436017130242,1.0,1.0,0.7684210526315789,0.6865979381443299,0.7776198597688079,0.0,0.2315789473684211,0.3134020618556701,0.0127946182170357,0.4343240651965484,2.060109289617486,1043.0,0.6299137104506232,0.0416024653312788
2016,NYJ,00-0023682,0.09642980281251762,-1.526649338858468,1.0,1.0,0.18229166666666666,0.9159663865546218,0.7270888124620675,0.0,0.8177083333333334,0.08403361344537819,0.0234864772598925,0.416588124410933,2.0260416666666665,1061.0,0.6211121583411876,0.0351437699680511
2016,PHI,00-0027854,-0.00858343742367777,-0.26328753264504706,0.0,0.0,0.5292682926829269,0.920814479638009,0.8061819595645413,0.0,0.47073170731707314,0.079185520361991,-0.0477974180023605,0.4233241505968779,1.6785714285714286,1089.0,0.6161616161616161,0.0561456752655538
2016,PIT,00-0022924,0.17242389734785515,6.520864242775757,1.0,1.0,0.6430678466076696,0.6467065868263473,0.6740371545083825,0.0,0.3569321533923304,0.3532934131736527,0.0558003128746542,0.4509605662285136,2.2044198895027622,989.0,0.6450960566228514,0.0522979397781299
2016,SEA,00-0029263,0.24431822307107678,7.925171750425781,1.0,1.0,0.6388140161725068,0.9030612244897959,0.8790622799074352,0.0,0.36118598382749323,0.09693877551020413,0.1137058998171363,0.4742574257425742,2.298245614035088,1010.0,0.5831683168316831,0.085820895522388
2016,SF,00-0027948,-0.12234358172408538,-1.7659721849651948,1.0,1.0,0.740983606557377,0.5925,0.653804347826087,0.0,0.25901639344262295,0.4075,-0.0871409061501734,0.3883089770354906,1.2865168539325842,958.0,0.6534446764091858,0.0912220309810671
2016,TB,00-0031503,0.06715254432065823,-0.020704103966629552,1.0,1.0,0.9875,1.0,0.9946082746478874,0.0,0.012499999999999956,0.0,0.0120694324188592,0.4452191235059761,1.911764705882353,1004.0,0.5916334661354582,0.0479573712255772
2016,TEN,00-0032268,-0.02507808598583526,0.7847670986227793,1.0,0.7038269550748752,0.7622641509433963,0.7743271221532091,0.7687071679940731,0.0,0.23773584905660372,0.2256728778467909,-0.1189967393427409,0.4074457083764219,1.5185185185185186,967.0,0.6380558428128231,0.0894039735099337
2016,WAS,00-0029604,0.15462274150919436,5.7217367034590705,1.0,1.0,0.4846938775510204,0.9535398230088495,0.8812989921612543,0.0,0.5153061224489797,0.04646017699115046,0.0311708555836143,0.4272818455366098,2.005780346820809,997.0,0.5877632898696088,0.0461538461538461
2017,ARI,00-0021429,0.03466417539354378,0.3937852048711987,1.0,1.0,0.9893048128342246,0.8178137651821862,0.8939632060645281,0.0,0.010695187165775444,0.18218623481781382,-0.0198063210207157,0.4442379182156133,2.078125,1076.0,0.6394052044609665,0.0595930232558139
2017,ATL,00-0026143,0.30477758949753164,6.917103915784572,1.0,1.0,0.9920844327176781,0.8470873786407767,0.9005566170972833,0.0,0.0079155672823219,0.15291262135922334,0.1936889286958302,0.4949083503054989,3.060240963855421,982.0,0.6008146639511202,0.0640138408304498
2017,BAL,00-0026158,-0.0494425577591941,-0.18757356608167608,1.0,1.0,0.9037267080745341,0.4645669291338583,0.6236034277036555,0.0,0.09627329192546585,0.5354330708661417,-0.0544830417469463,0.410377358490566,1.6842105263157894,1060.0,0.6735849056603773,0.0465444287729196
2017,BUF,00-0028118,0.06940702338827073,2.217709227195848,1.0,0.9208494208494209,0.6256684491978609,0.372972972972973,0.4888494396982137,0.0,0.3743315508021391,0.6270270270270271,0.0633961969181348,0.4531872509960159,2.1142857142857143,1004.0,0.5667330677290837,0.0884615384615384
2017,CAR,00-0027939,-0.04738485022474114,-5.511585548520088,1.0,1.0,1.0,0.6916666666666667,0.784364362014321,0.0,0.0,0.30833333333333335,-0.055856167006962,0.4080459770114942,1.845744680851064,1044.0,0.5823754789272031,0.059900166389351
2017,CHI,00-0030533,-0.005381901349244957,-0.8717571926671405,0.0,0.0017094017094017094,0.8137535816618912,0.6443965517241379,0.6879058090208641,0.0,0.18624641833810884,0.3556034482758621,-0.0381304142041577,0.4436325678496868,1.5178571428571428,958.0,0.615866388308977,0.0478632478632478
2017,CIN,00-0027973,0.08038823719118861,2.812222765270634,1.0,1.0,0.811704834605598,0.9570135746606335,0.910687672982755,0.0,0.18829516539440205,0.042986425339366474,0.0415683442702981,0.4465832531280077,1.912280701754386,1039.0,0.6005774783445621,0.0681063122923588
2017,CLE,00-0033104,0.0980833871122584,4.70083505695403,1.0,0.3866877971473851,0.9713261648745519,0.33890214797136037,0.5541255888494973,0.0,0.028673835125448077,0.6610978520286397,-0.0738708082280675,0.3799795709908069,1.4325842696629214,979.0,0.6700715015321757,0.1039370078740157
2017,DAL,00-0033077,0.22236703016124143,4.2490878242712755,1.0,0.9508840864440079,0.9787735849056604,0.975,0.9471683009805881,0.0,0.021226415094339646,0.025000000000000022,0.1351882145392704,0.4858870967741935,2.538922155688623,992.0,0.5413306451612904,0.0547945205479452
2017,DEN,00-0032156,-0.0217008491422763,-0.5170803801235506,1.0,1.0,0.8021978021978022,0.9010752688172043,0.8761559171251317,0.0,0.19780219780219777,0.09892473118279566,-0.0692568206200172,0.4019900497512438,1.5894736842105264,1005.0,0.6258706467661691,0.0655737704918032
2017,DET,00-0026498,0.11630532648769687,0.11854585645527675,1.0,1.0,0.9568106312292359,0.7311827956989247,0.7909967845659165,0.0,0.04318936877076407,0.26881720430107525,0.0438496535071546,0.445360824742268,2.1258278145695364,970.0,0.6742268041237114,0.0587301587301587
2017,GB,00-0023459,0.19031089520226707,3.505705923631491,1.0,1.0,0.0,0.8975265017667845,0.8240402644823843,0.0,1.0,0.1024734982332155,0.112650934019539,0.4509415262636274,2.5892857142857144,1009.0,0.6897918731417245,0.0534351145038167
2017,HOU,00-0029682,-0.09535349386127204,-3.698030152609424,0.0,0.12745098039215685,0.8956310679611651,0.9756592292089249,0.9339738851933975,0.0,0.1043689320388349,0.024340770791075106,-0.0953700238452431,0.4113744075829383,1.4943820224719102,1055.0,0.5971563981042654,0.0522875816993464
2017,IND,00-0029668,0.09284216740972469,1.222209635192413,1.0,0.9983974358974359,0.9730538922155688,0.7473002159827213,0.8121773015099855,0.0,0.026946107784431184,0.25269978401727866,0.0265789471626748,0.4502463054187192,2.3157894736842106,1015.0,0.6561576354679803,0.0701754385964912
2017,JAX,00-0031407,-0.07543964045106671,-4.4749818167310815,1.0,1.0,0.8611111111111112,0.8011695906432749,0.825197210472162,0.0,0.13888888888888884,0.19883040935672514,-0.0872545290657621,0.3996175908221797,1.6467391304347827,1046.0,0.6644359464627151,0.0514372163388804
2017,KC,00-0023436,0.08201467540498562,1.949998972316583,1.0,0.8942807625649913,0.9235474006116208,0.8224719101123595,0.8835407116350141,0.0,0.07645259938837923,0.17752808988764046,0.0157163502000648,0.4251805985552115,1.9244186046511629,969.0,0.6171310629514963,0.0552677029360967
2017,LA,00-0028986,-0.11916255206143969,-3.7005738825259913,0.0,0.4092465753424658,0.9337539432176656,0.38478747203579416,0.4859008195582719,0.0,0.06624605678233442,0.6152125279642058,-0.2293726689336735,0.3551106427818756,1.1720430107526882,949.0,0.6269757639620653,0.0839041095890411
2017,LAC,00-0022942,0.06294055300735359,0.21477869821188714,1.0,1.0,0.8877005347593583,0.9637526652452025,0.948390342052314,1.0,0.11229946524064172,0.03624733475479747,-0.0010264529236331,0.4186507936507936,2.094444444444445,1008.0,0.6160714285714286,0.0583468395461912
2017,LV,00-0031280,0.13040313919198493,-0.03061172759554485,1.0,0.9754901960784313,0.48825065274151436,0.8924731182795699,0.7460826883141402,0.0,0.5117493472584856,0.10752688172043012,0.037401689574212,0.433300876338851,2.1871657754010694,1027.0,0.6124634858812074,0.029126213592233
2017,MIA,00-0029701,0.017001706088885706,5.311107525988201,,,,,,0.0,,,0.0114649538911235,0.4247787610619469,1.8108108108108107,904.0,0.5730088495575221,0.0592885375494071
2017,MIN,00-0027854,0.061607377626035624,4.522213225807649,1.0,0.9424920127795527,0.4649122807017544,0.8722358722358723,0.6924430755692443,0.0,0.5350877192982456,0.1277641277641277,-0.0418511384585661,0.420787083753784,1.7212121212121212,991.0,0.6397578203834511,0.0606060606060606
2017,NE,00-0019596,0.30745292292690296,3.6512685539287943,1.0,0.893542757417103,0.2707317073170732,0.8096385542168675,0.6498075865860363,0.0,0.7292682926829268,0.19036144578313252,0.1284523391817967,0.4401544401544401,2.531791907514451,1036.0,0.5723938223938224,0.0418118466898954
2017,NO,00-0020531,0.14855811684364453,4.1957314679914814,1.0,1.0,0.623229461756374,0.7664670658682635,0.7312702231809509,0.0,0.37677053824362605,0.23353293413173648,0.1003243820397596,0.4815837937384898,2.634831460674157,1086.0,0.641804788213628,0.0387931034482758
2017,NYG,00-0022803,-0.03808725061962582,-1.6218418676649506,1.0,1.0,0.4691689008042895,0.660455486542443,0.6451436687424887,0.0,0.5308310991957105,0.339544513457557,-0.0698053730331955,0.406,1.5405405405405406,1000.0,0.624,0.0354838709677419
2017,NYJ,00-0023682,-0.07817291548496072,-4.103828045049511,0.0,0.24957264957264957,0.935656836461126,0.6170212765957447,0.7829961464354528,0.0,0.06434316353887404,0.3829787234042553,-0.0896081122768251,0.4002006018054162,1.5083798882681565,997.0,0.6098294884653962,0.0598290598290598
2017,PHI,00-0032950,0.015282591714483816,-0.8624382416407267,1.0,0.996875,0.905511811023622,0.5737704918032787,0.7063329377494875,0.0,0.09448818897637801,0.42622950819672134,-0.0168621423432239,0.4395501405810684,1.9310344827586208,1067.0,0.6176194939081537,0.0513219284603421
2017,PIT,00-0022924,0.16672915540953212,1.9460279080602858,1.0,1.0,0.7333333333333333,0.7737068965517241,0.7836431226765799,0.0,0.2666666666666667,0.2262931034482759,0.0888177724871123,0.4587884806355511,2.277456647398844,1007.0,0.6117179741807348,0.0337620578778135
2017,SEA,00-0029263,0.06123540227148551,4.497759049814759,1.0,1.0,0.45751633986928103,0.7937915742793792,0.7462550970822506,0.0,0.542483660130719,0.2062084257206208,0.0157231209763317,0.4396378269617706,1.9497206703910608,994.0,0.6448692152917505,0.0689655172413793
2017,SF,00-0027974,-0.06526921790400873,-4.746528238696061,0.0,0.0,0.6246418338108882,0.1675,0.3343629343629344,0.0,0.3753581661891118,0.8325,-0.0850795361489734,0.395748987854251,1.5647668393782384,988.0,0.5961538461538461,0.0875232774674115
2017,TB,00-0031503,0.08636101691580196,1.6573139040597848,,,,,,0.0,,,-0.0026353214916801,0.4380952380952381,1.8342857142857143,1050.0,0.6104761904761905,0.0565428109854604
2017,TEN,00-0032268,0.11131596160483986,1.374886464964013,1.0,1.0,0.9950738916256158,0.801980198019802,0.8667847099260493,0.0,0.0049261083743842304,0.19801980198019797,0.0330792211537305,0.450050454086781,2.153409090909091,991.0,0.557013118062563,0.0526315789473684
2017,WAS,00-0029604,0.17049656329886706,4.974694333567813,1.0,1.0,0.7113702623906706,0.5685884691848907,0.6396588486140726,0.0,0.2886297376093294,0.4314115308151093,0.1144366390630491,0.4813695871097684,2.4,993.0,0.6404833836858006,0.0365659777424483
2018,ARI,00-0021429,-0.05748530865135875,-0.03498543922166179,0.0,0.0015408320493066256,0.05198776758409786,0.658008658008658,0.526896921539474,0.0,0.9480122324159022,0.34199134199134196,-0.1591334424302274,0.3735632183908046,1.4512820512820512,1044.0,0.6369731800766284,0.0798771121351766
2018,ATL,00-0026143,0.13020321250641353,2.9680535774822383,1.0,1.0,0.9214659685863874,0.8261904761904761,0.8851732896697942,0.0,0.07853403141361259,0.17380952380952386,0.0382616573209253,0.4449021627188465,2.165605095541401,971.0,0.5849639546858908,0.043557168784029
2018,BAL,00-0026158,-0.10003612543500377,-1.2152931390546304,1.0,0.9729272419627749,0.8711217183770883,0.31386861313868614,0.4998313659359191,0.0,0.1288782816229117,0.6861313868613139,-0.0671533884061577,0.4193236714975845,1.855614973262032,1035.0,0.5777777777777777,0.0455311973018549
2018,BUF,00-0028118,-0.008867622773075345,1.2594986113085263,0.0,0.09213051823416507,1.0,0.6918604651162791,0.8153153153153153,0.0,0.0,0.3081395348837209,-0.0677464783484223,0.3901209677419355,1.6358381502890174,992.0,0.5695564516129032,0.0902111324376199
2018,CAR,00-0027939,-0.003947891659790068,-2.3210200525465465,1.0,0.9850187265917603,0.4176470588235294,0.550561797752809,0.5970873786407767,0.0,0.5823529411764705,0.449438202247191,-0.0348149304436552,0.4065606361829025,1.9659090909090908,1006.0,0.5616302186878728,0.0652985074626865
2018,CHI,00-0033869,-0.14052224844493225,-5.386586240464193,1.0,0.7103718199608611,1.0,0.4597014925373134,0.7388327096106378,0.0,0.0,0.5402985074626866,-0.1104718397644868,0.3836206896551724,1.3157894736842106,928.0,0.5743534482758621,0.076171875
2018,CIN,00-0027973,-0.0879969625583388,-1.6825341662777125,1.0,0.9726775956284153,0.8549848942598187,0.7654639175257731,0.84180007563343,0.0,0.14501510574018128,0.23453608247422686,-0.1056413854360387,0.3832599118942731,1.5397727272727273,908.0,0.6167400881057269,0.0728597449908925
2018,CLE,00-0033899,-0.26261481723376506,-6.328418533852759,0.0,0.0,0.29692832764505117,0.6467780429594272,0.6401813091587789,0.0,0.7030716723549488,0.3532219570405728,-0.1687483189513868,0.3725099601593625,1.2295081967213115,1004.0,0.6703187250996016,0.0802568218298555
2018,DAL,00-0033077,-0.06529796686981466,-0.24098836472914922,1.0,1.0,0.7191283292978208,0.37073170731707317,0.5084334565619223,0.0,0.2808716707021792,0.6292682926829268,-0.0006499427250896,0.4347389558232932,2.0843373493975905,996.0,0.5572289156626506,0.0608365019011406
2018,DEN,00-0032156,-0.1510615248188195,-1.508402193293852,0.0,0.08766233766233766,0.1975,0.6773455377574371,0.48776054289869125,0.0,0.8025,0.3226544622425629,-0.1316561672433664,0.3796992481203007,1.377659574468085,1064.0,0.6146616541353384,0.0838709677419354
2018,DET,00-0026498,0.04744256690638146,0.6306496954389981,1.0,1.0,0.8092307692307692,0.7367256637168141,0.8024678768101163,0.0,0.1907692307692308,0.26327433628318586,-0.0556677853209642,0.4016477857878476,2.0166666666666666,971.0,0.6529351184346035,0.0756843800322061
2018,GB,00-0031589,-0.2210966697425989,-3.0332763416644855,0.0,0.42483660130718953,1.0,0.6632443531827515,0.7891754365675958,0.0,0.0,0.33675564681724846,-0.0399568644195758,0.4414141414141414,1.8294117647058823,990.0,0.6555555555555556,0.0829268292682926
2018,HOU,00-0031064,-0.19925176513376733,-4.180011180314151,0.0,0.3836805555555556,0.9873737373737373,0.7953488372093023,0.8982146997449572,0.0,0.012626262626262652,0.20465116279069773,-0.082315918465119,0.3907933398628795,1.6230366492146595,1021.0,0.5905974534769833,0.0934256055363321
2018,IND,00-0033119,-0.10286989338702959,-4.454439254846867,1.0,0.9592592592592593,0.30548302872062666,0.6761658031088082,0.6196105702364396,0.0,0.6945169712793733,0.32383419689119175,-0.1202138296281222,0.3792048929663608,1.4540229885057472,981.0,0.5922528032619776,0.1035120147874306
2018,JAX,00-0031407,0.047816076701908565,-2.8848785057402493,1.0,0.9945454545454545,0.7559912854030502,0.7064935064935065,0.7327707454289732,0.0,0.24400871459694984,0.2935064935064935,0.013720997176572,0.414703110273327,1.890625,1061.0,0.5409990574929312,0.0432432432432432
2018,KC,00-0023436,0.17060909091810042,4.9926607738687165,0.0,0.06735751295336788,0.9066666666666666,0.8062953995157385,0.8169101008023041,0.0,0.09333333333333338,0.19370460048426152,0.0892137855964389,0.4430769230769231,2.23699421965318,975.0,0.6297435897435898,0.0637931034482758
2018,LA,00-0033106,0.15741162739761022,-0.9075178615828313,1.0,1.0,0.9689265536723164,0.7481662591687042,0.8097575341121037,0.0,0.031073446327683607,0.25183374083129584,0.0465219209527962,0.4279877425944842,2.403314917127072,979.0,0.5658835546475995,0.0514705882352941
2018,LAC,00-0022942,0.18360611793915588,1.0183286745991327,1.0,0.986644407345576,0.8826666666666667,0.9750566893424036,0.9743967039434963,0.0,0.11733333333333329,0.024943310657596363,0.0691489304944406,0.4391217564870259,1.9132947976878607,1002.0,0.5998003992015968,0.03
2018,LV,00-0031280,-0.006399222800152916,-0.31612060525838065,1.0,1.0,0.935672514619883,0.7084398976982097,0.7313532084672505,0.0,0.06432748538011701,0.2915601023017903,-0.0524690861174986,0.4097664543524416,1.7241379310344829,942.0,0.6284501061571125,0.0410958904109589
2018,MIA,00-0024226,-0.09740844866667264,-0.3911280312708446,0.0,0.07255520504731862,0.4338461538461538,0.5102459016393442,0.5103578154425611,0.0,0.5661538461538462,0.48975409836065575,-0.1256573285659538,0.3924949290060852,1.4120879120879122,986.0,0.6531440162271805,0.0519685039370078
2018,MIN,00-0028986,0.10672341282034839,3.583923192400681,0.0,0.0018050541516245488,0.6590909090909091,0.8980582524271845,0.785677164535911,0.0,0.34090909090909094,0.10194174757281549,0.0095341535571734,0.4166666666666667,2.101123595505618,1032.0,0.5552325581395349,0.0486486486486486
2018,NE,00-0019596,0.2248509487572964,3.735653264609175,1.0,1.0,0.26485148514851486,0.5164319248826291,0.4970811958252256,0.0,0.7351485148514851,0.4835680751173709,0.1217156246017755,0.4824644549763033,2.680722891566265,1055.0,0.595260663507109,0.0560897435897435
2018,NO,00-0020531,0.15590348321423522,4.6813565751780635,1.0,1.0,0.9067357512953368,0.8685714285714285,0.9201633865577423,0.0,0.09326424870466321,0.13142857142857145,0.1063615923282473,0.4575230296827021,2.470238095238096,977.0,0.5711361310133061,0.0361663652802893
2018,NYG,00-0022803,-0.09840058780727688,-3.6361486481821306,1.0,0.937791601866252,0.41304347826086957,0.8362068965517241,0.6860792125615186,0.0,0.5869565217391304,0.1637931034482759,-0.1129725202051216,0.4058252427184466,1.2356020942408377,1030.0,0.6320388349514563,0.0541795665634674
2018,NYJ,00-0021206,0.013690475427186507,5.534142267364294,1.0,0.782608695652174,0.7189189189189189,0.6614173228346457,0.6963292547274752,0.0,0.2810810810810811,0.3385826771653543,-0.0730582566084684,0.3838174273858921,1.563157894736842,964.0,0.5943983402489627,0.0848375451263537
2018,PHI,00-0032950,0.19173188040344358,0.4145835073442634,1.0,1.0,0.5215189873417722,0.7276507276507277,0.7129459537851686,0.0,0.47848101265822784,0.2723492723492723,0.0435450848058893,0.4307400379506641,2.262032085561497,1054.0,0.5986717267552182,0.0597014925373134
2018,PIT,00-0022924,0.14858904584144605,2.912895469892797,1.0,0.9983633387888707,0.9871794871794872,0.821656050955414,0.8966701650605859,0.0,0.012820512820512775,0.17834394904458595,0.0610406199017684,0.4566699123661148,2.2658959537572256,1027.0,0.6046738072054528,0.0390879478827361
2018,SEA,00-0029263,0.036402086618201254,4.618858673986588,1.0,0.9966329966329966,0.5780730897009967,0.509478672985782,0.5669094219390077,0.0,0.4219269102990033,0.490521327014218,-0.0254682573928633,0.4084934277047523,1.7379679144385027,989.0,0.654196157735086,0.0717863105175292
2018,SF,00-0033936,-0.22222265432758329,-7.128976089922012,1.0,0.6584234930448223,0.3162393162393162,0.9490740740740741,0.7288878360772236,0.0,0.6837606837606838,0.05092592592592593,-0.0416226278868045,0.4105263157894737,1.806629834254144,1045.0,0.6354066985645933,0.066358024691358
2018,TB,00-0031503,0.07261972207083205,4.92592078515853,1.0,1.0,0.5830815709969789,0.994,0.915543012438591,0.0,0.4169184290030211,0.006000000000000005,-0.001169773401118,0.44,1.839080459770115,1025.0,0.6595121951219513,0.0619195046439628
2018,TEN,00-0032268,-0.05004369606629636,0.6919902616914185,1.0,0.9037735849056604,0.4918032786885246,0.7889688249400479,0.6847414880201765,0.0,0.5081967213114754,0.21103117505995206,-0.0929837291643982,0.4114583333333333,1.7783783783783784,960.0,0.575,0.0660377358490566
2018,WAS,00-0029604,-0.007333273328932877,0.8388055258252648,0.0,0.0,0.9678362573099415,0.7139479905437353,0.8154940535734131,0.0,0.032163742690058506,0.28605200945626474,-0.0650346702552048,0.4018499486125385,1.7814207650273224,973.0,0.6207605344295992,0.0705679862306368
2019,ARI,00-0034343,-0.35511633202441595,-8.245235291934721,0.0,0.0018315018315018315,0.99375,0.5741758241758241,0.8133683057589208,0.0,0.006249999999999978,0.42582417582417587,-0.2570819942621611,0.3449048152295633,1.1038251366120218,893.0,0.6282194848824189,0.0948905109489051
2019,ATL,00-0026143,0.16001540103794393,4.349892129417227,1.0,1.0,0.41333333333333333,0.9278752436647173,0.7900099179514921,0.0,0.5866666666666667,0.0721247563352827,0.0738686065782768,0.4630738522954092,2.4484848484848483,1002.0,0.6736526946107785,0.0632530120481927
2019,BAL,00-0026158,0.036128998358926245,-2.6122780269400536,0.0,0.3299145299145299,0.5609065155807366,0.49783549783549785,0.4880591994618231,0.0,0.43909348441926344,0.5021645021645021,0.022631705519569,0.4532374100719424,2.08,1112.0,0.5449640287769785,0.0545144804088586
2019,BUF,00-0034857,-0.13369064402606903,-6.880950460536252,1.0,0.6957328385899815,0.15142857142857144,0.5593667546174143,0.5206599286563616,0.0,0.8485714285714285,0.44063324538258575,-0.1487404122714781,0.376753507014028,1.4240837696335078,998.0,0.5951903807615231,0.0756457564575645
2019,CAR,00-0027939,0.0552394777454089,3.0426969284003,1.0,0.9932318104906938,0.875886524822695,0.802439024390244,0.8747369475899389,0.0,0.12411347517730498,0.19756097560975605,0.0564512756381388,0.4783484390735146,2.296969696969697,993.0,0.6263846928499497,0.053781512605042
2019,CHI,00-0033869,0.09541309987308552,1.9969241929725863,1.0,1.0,0.2682926829268293,0.9005376344086021,0.7504184728958324,0.0,0.7317073170731707,0.09946236559139787,0.0215015279974144,0.4552763819095477,2.1666666666666665,995.0,0.5849246231155779,0.0601092896174863
2019,CIN,00-0027973,0.05825473318356892,-3.0416177643113445,1.0,1.0,0.9543973941368078,0.8872901678657075,0.9363199642498045,0.0,0.0456026058631922,0.11270983213429253,-0.0113733535544857,0.4241119483315393,2.054878048780488,929.0,0.6447793326157158,0.0637931034482758
2019,CLE,00-0034855,0.04707316797968082,1.3214102583163876,1.0,0.8404605263157895,0.5549132947976878,0.8834080717488789,0.7090044993280223,0.0,0.4450867052023122,0.11659192825112108,-0.0148100181912099,0.4214711729622266,1.8615384615384616,1006.0,0.6312127236580517,0.0616883116883116
2019,DAL,00-0033077,0.025584053549903143,1.1092169860074685,1.0,0.9982847341337907,0.8757062146892656,0.5409429280397022,0.7004884547069272,0.0,0.12429378531073443,0.45905707196029777,0.0187719402060017,0.4379344587884806,2.062111801242236,1007.0,0.6077457795431976,0.0960548885077186
2019,DEN,00-0028986,-0.04080246534672332,-1.2520110983653425,0.0,0.0032258064516129032,1.0,0.7614678899082569,0.8667258996001774,0.0,0.0,0.23853211009174313,-0.0150077626354176,0.4356929212362911,1.782122905027933,1003.0,0.6301096709870389,0.0546623794212218
2019,DET,00-0026498,0.008328841050074798,-2.1100250894532486,1.0,0.9690553745928339,0.4701086956521739,0.49759615384615385,0.5139848634419217,0.0,0.5298913043478262,0.5024038461538461,-0.038572586130276,0.4053518334985134,1.875,1009.0,0.622398414271556,0.0663430420711974
2019,GB,00-0023459,0.07636093643514942,-0.5935521540434464,1.0,0.9347826086956522,0.996078431372549,0.7947269303201506,0.8582133701439559,0.0,0.0039215686274509665,0.20527306967984937,0.0479199590241906,0.4532940019665683,2.074712643678161,1017.0,0.7148475909537857,0.0764790764790764
2019,HOU,00-0033537,0.0841127824422334,4.608467076177771,1.0,1.0,0.5722070844686649,0.7732997481108312,0.7513501091577618,0.0,0.42779291553133514,0.22670025188916876,0.0142518679650928,0.43359375,2.117977528089888,1024.0,0.60546875,0.1101243339253996
2019,IND,00-0029668,0.1327988313903012,0.8464283423886201,0.0,0.007575757575757576,0.9770114942528736,0.7960396039603961,0.8614479001932878,0.0,0.02298850574712641,0.20396039603960392,0.0677800735144149,0.4827586206896552,2.4350282485875705,1044.0,0.6522988505747126,0.0271493212669683
2019,JAX,00-0031407,-0.10830858098162532,-6.931942958384752,0.0,0.003395585738539898,0.4054878048780488,0.6195372750642674,0.5172506738544473,0.0,0.5945121951219512,0.38046272493573263,-0.1161843438828882,0.4074074074074074,1.2485875706214689,999.0,0.6436436436436437,0.0896785109983079
2019,KC,00-0033873,0.35228665780103835,4.472190452450737,1.0,1.0,0.21212121212121213,0.8244111349036403,0.660328082918469,0.0,0.7878787878787878,0.17558886509635974,0.2437269961825341,0.4984740590030518,3.263803680981595,983.0,0.646998982706002,0.0426929392446633
2019,LA,00-0033106,0.1871585042452758,1.5231204298792276,1.0,0.994991652754591,0.8787061994609164,0.9843400447427293,0.9557025623848601,0.0,0.12129380053908356,0.015659955257270708,0.1450529487775761,0.5057915057915058,2.7873563218390807,1036.0,0.5974903474903475,0.0548172757475083
2019,LAC,00-0022942,0.22725966465356218,3.6085511415189586,1.0,0.9908424908424909,1.0,0.6986301369863014,0.835270245342188,0.0,0.0,0.3013698630136986,0.1359643325196486,0.4704618689581095,2.4285714285714284,931.0,0.5929108485499462,0.0614828209764918
2019,LV,00-0031280,-0.00829846272204547,3.79729390651382,1.0,0.9933444259567388,0.7406340057636888,0.14393939393939395,0.35195035460992913,0.0,0.25936599423631124,0.8560606060606061,-0.0537923326313732,0.4508196721311475,1.6198830409356726,976.0,0.6239754098360656,0.0863787375415282
2019,MIA,00-0029701,-0.1871235340256431,-0.9351305635680867,0.0,0.0019801980198019802,0.4875,0.540785498489426,0.5648106588552123,0.0,0.5125,0.45921450151057397,-0.107125765279664,0.4,1.619318181818182,865.0,0.5965317919075145,0.1027667984189723
2019,MIN,00-0029604,-0.03271656533368979,2.610618168035069,1.0,1.0,0.4931506849315068,0.9227642276422764,0.8070758996068945,0.0,0.5068493150684932,0.07723577235772361,-0.0819532947152414,0.4308779011099899,1.8324324324324324,991.0,0.6659939455095862,0.0617283950617283
2019,NE,00-0019596,0.14125743369106883,1.0274418346259906,1.0,0.9966273187183811,0.8470588235294118,0.6140845070422535,0.7119956399992481,0.0,0.15294117647058825,0.3859154929577465,0.0843407838972996,0.4700285442435775,2.35632183908046,1051.0,0.5689819219790676,0.0353535353535353
2019,NO,00-0020531,0.27653188594454947,6.494570551324188,1.0,1.0,0.5846560846560847,0.8383561643835616,0.7850490903840601,0.0,0.41534391534391535,0.16164383561643836,0.1427074123015464,0.4944162436548223,3.206451612903226,985.0,0.5563451776649746,0.0369685767097966
2019,NYG,00-0022803,0.03480145058227698,0.4644746187502745,1.0,0.9888712241653418,0.9811320754716981,0.6864608076009501,0.8004040644126211,0.0,0.018867924528301883,0.3135391923990499,0.017719552456321,0.3997955010224949,2.0232558139534884,978.0,0.647239263803681,0.0741324921135646
2019,NYJ,00-0034869,-0.06717832182736282,-4.634389854967594,1.0,0.7924865831842576,0.3323943661971831,0.5880893300248139,0.5140502060696891,0.0,0.6676056338028169,0.4119106699751861,-0.1251315623850891,0.3709508881922675,1.5625,957.0,0.6050156739811913,0.0660714285714285
2019,PHI,00-0032950,0.0856009498624344,5.0962496586520265,1.0,0.6818897637795276,0.27793696275071633,0.8217213114754098,0.6759765993583695,0.0,0.7220630372492837,0.17827868852459017,0.0340525428398511,0.4589041095890411,2.0977011494252875,1022.0,0.6389432485322897,0.0627943485086342
2019,PIT,00-0022924,0.17235581818169454,1.682452763097858,1.0,0.9985915492957746,0.9033333333333333,0.6063829787234043,0.68795683954055,0.0,0.09666666666666668,0.3936170212765957,0.1013762182185678,0.4716618635926993,2.341040462427746,1041.0,0.6954851104707013,0.0335664335664335
2019,SEA,00-0029263,0.1351236342089781,7.464674834161997,1.0,1.0,0.7433035714285714,0.6900958466453674,0.7361013370865588,0.0,0.2566964285714286,0.3099041533546326,0.090967615770956,0.4402834008097166,2.363636363636364,988.0,0.5050607287449392,0.10828025477707
2019,SF,00-0033319,0.10892276010252085,1.9367614240025195,1.0,1.0,0.695054945054945,0.8746928746928747,0.8763500110204979,0.0,0.30494505494505497,0.1253071253071253,-0.0450471456851033,0.4356636271529888,1.8959537572254328,987.0,0.6008105369807497,0.0827586206896551
2019,TB,00-0031503,0.10379821511051257,2.2003654060990177,1.0,0.6075187969924812,0.8682432432432432,0.6516007532956686,0.681118754525706,0.0,0.1317567567567568,0.3483992467043314,0.0413073607849166,0.4501915708812261,2.201117318435754,1044.0,0.6934865900383141,0.0612855007473841
2019,TEN,00-0032268,0.003280858593031876,3.446796350761366,1.0,0.78099173553719,1.0,0.7485207100591716,0.8650883126644118,0.0,0.0,0.25147928994082835,-0.0284788250800477,0.426264800861141,1.820987654320988,929.0,0.5575888051668461,0.0969072164948453
2019,WAS,00-0023436,-0.04338161024815049,-1.7017965988507346,1.0,0.7413479052823315,0.8936170212765957,0.4789473684210526,0.6324227266897525,0.0,0.1063829787234043,0.5210526315789474,-0.0726362238639185,0.4225941422594142,1.6606060606060606,956.0,0.6182008368200836,0.0797101449275362
2020,ARI,00-0035228,-0.021400407283797555,-1.5165669659811938,1.0,1.0,0.6535714285714286,0.8023529411764706,0.7460264532621985,0.0,0.3464285714285714,0.1976470588235294,0.0031092595370812,0.4263959390862944,2.0632183908045976,985.0,0.6395939086294417,0.0829187396351575
2020,ATL,00-0026143,0.0314313702065169,1.8014334622076003,1.0,0.9986320109439124,0.9870967741935484,0.7435424354243543,0.7935623990644318,0.0,0.012903225806451646,0.2564575645756457,0.0079720978499094,0.4421831637372803,2.2228915662650603,1081.0,0.696577243293247,0.06765899864682
2020,BAL,00-0034796,0.3336500648205633,3.8126599410346134,1.0,1.0,1.0,0.787292817679558,0.8847728203029065,0.0,0.0,0.21270718232044195,0.2146412211276041,0.4840887174541948,3.1012658227848102,1037.0,0.4860173577627772,0.0599571734475374
2020,BUF,00-0034857,-0.027567295723132473,-1.6203086085033855,1.0,1.0,0.5029411764705882,0.9108910891089109,0.8619474775742735,0.0,0.4970588235294118,0.08910891089108908,-0.0291730343936424,0.4165834165834166,1.687150837988827,1001.0,0.5924075924075924,0.072595281306715
2020,CAR,00-0034577,-0.05223156914099081,-0.9703590596983809,0.0,0.08853410740203194,1.0,0.7628635346756152,0.8825264442636288,0.0,0.0,0.23713646532438482,-0.0913582136972191,0.4289719626168224,1.7736842105263158,1070.0,0.6672897196261682,0.0839363241678726
2020,CHI,00-0033869,-0.06794773380825686,-2.3253603406976278,1.0,0.8858520900321544,0.9672619047619048,0.9079601990049752,0.9546389258497642,0.0,0.03273809523809523,0.09203980099502485,-0.091326502214048,0.4035608308605341,1.5290697674418603,1011.0,0.6389713155291791,0.0722311396468699
2020,CIN,00-0027973,-0.04717607374609227,-3.2719837146855535,0.0,0.1506849315068493,1.0,0.874,0.8992947079428193,0.0,0.0,0.126,-0.1135356330227928,0.3955512572533849,1.5254237288135593,1034.0,0.6508704061895552,0.0728376327769347
2020,CLE,00-0034855,-0.03556759357006453,-2.9552203521393894,1.0,1.0,1.0,0.7805486284289277,0.8484980409229431,0.0,0.0,0.2194513715710723,-0.0440947961672773,0.4072538860103627,1.8644067796610169,965.0,0.616580310880829,0.0706896551724138
2020,DAL,00-0033077,0.18575375758760687,0.9661917212522693,1.0,0.9983844911147012,1.0,0.6066252587991718,0.7563831660503609,0.0,0.0,0.39337474120082816,0.1204762497005239,0.4896030245746692,2.5058823529411764,1058.0,0.6039697542533081,0.037037037037037
2020,DEN,00-0026158,-0.0999171245359486,-0.21142475605010985,0.0,0.29963235294117646,0.994413407821229,0.876750700280112,0.9032282938364263,0.0,0.005586592178770999,0.12324929971988796,-0.0683993728797625,0.3970276008492569,1.6347305389221556,942.0,0.5997876857749469,0.0752293577981651
2020,DET,00-0026498,0.21759536804047352,2.0877556376893756,1.0,0.8131147540983606,0.8130311614730878,0.930648769574944,0.8857675095818257,0.0,0.18696883852691215,0.06935123042505598,-0.039814319810755,0.4103072348860258,1.8146067415730336,1009.0,0.6313181367690783,0.0702614379084967
2020,GB,00-0023459,0.07146540698053024,0.6599034352373456,1.0,1.0,0.9803370786516854,0.6650366748166259,0.8031337886701486,0.0,0.0196629213483146,0.3349633251833741,0.0451539817116152,0.4337349397590361,2.1871345029239766,996.0,0.6365461847389559,0.0590163934426229
2020,HOU,00-0033537,0.11878391688514628,1.9918811648281958,1.0,0.9965576592082617,0.2573099415204678,0.6551724137931034,0.6086653133722406,0.0,0.7426900584795322,0.3448275862068966,0.0590062266015279,0.4521912350597609,2.231707317073171,1004.0,0.6264940239043825,0.0841924398625429
2020,IND,00-0033119,-0.0012251476594475038,-3.2635690784960425,1.0,0.8708487084870848,0.8771929824561403,0.7853535353535354,0.8514873630060389,0.0,0.1228070175438597,0.21464646464646464,-0.0036178893720399,0.439879759519038,2.1320754716981134,998.0,0.5771543086172345,0.0588235294117647
2020,JAX,00-0035289,-0.034957548630170185,-3.83956400954274,1.0,0.8015873015873016,0.1423948220064725,0.8706697459584296,0.6841391775869861,0.0,0.8576051779935275,0.1293302540415704,-0.0479183182832126,0.3952333664349553,1.6647398843930636,1007.0,0.6772591857000994,0.0658307210031347
2020,KC,00-0033873,0.2505664192065881,2.4610109849179045,1.0,0.9983333333333333,0.6710097719869706,0.9620535714285714,0.8886664760270709,0.0,0.32899022801302935,0.0379464285714286,0.126372863788118,0.4598540145985401,2.717948717948718,959.0,0.6506777893639207,0.0415282392026578
2020,LA,00-0033106,0.09662211309409738,-1.788646778125543,1.0,1.0,0.32335329341317365,0.8597449908925319,0.7098777225831103,0.0,0.6766467065868264,0.14025500910746813,0.0074498733563648,0.446257197696737,2.0607734806629834,1042.0,0.6372360844529751,0.0335877862595419
2020,LAC,00-0022942,0.09028831077217245,3.71505078417616,0.0,0.009554140127388535,0.5135135135135135,0.8829516539440203,0.807977550611345,0.0,0.4864864864864865,0.11704834605597969,0.0249426057596941,0.4655172413793103,2.088607594936709,986.0,0.6430020283975659,0.054054054054054
2020,LV,00-0031280,0.14818316999112138,5.690154129650885,1.0,0.9818181818181818,0.7223650385604113,0.9358288770053476,0.8505420482054521,1.0,0.27763496143958866,0.06417112299465244,0.0486942250749677,0.4510204081632653,1.875776397515528,980.0,0.5755102040816327,0.0526315789473684
2020,MIA,00-0023682,0.009152438221630864,-0.5458322336659228,1.0,0.8134328358208955,0.6120996441281139,0.9896265560165975,0.8973931674800618,0.0,0.3879003558718861,0.010373443983402453,-0.1018411968397418,0.402970297029703,1.6327683615819208,1010.0,0.7029702970297029,0.086053412462908
2020,MIN,00-0029604,0.16291633089167576,4.380115962226713,1.0,0.9979757085020243,1.0,0.6496815286624203,0.7807608582979165,0.0,0.0,0.35031847133757965,0.0567147958920367,0.4194560669456067,2.3592814371257487,956.0,0.5261506276150628,0.056338028169014
2020,NE,00-0019596,0.021704973719417178,-2.0978854185548323,0.0,0.012345679012345678,1.0,0.7071428571428572,0.8294370229007634,0.0,0.0,0.2928571428571428,-0.0106796913109419,0.4192949907235621,2.0380434782608696,1078.0,0.6038961038961039,0.043076923076923
2020,NO,00-0020531,0.24397387594767905,6.057688961290333,1.0,0.653910149750416,0.9969325153374233,0.849009900990099,0.9294855526955009,0.0,0.0030674846625766694,0.150990099009901,0.1018129422496331,0.4756592292089249,2.586826347305389,986.0,0.6237322515212982,0.0415282392026578
2020,NYG,00-0035710,-0.09445608131393522,-1.9408105670472386,1.0,0.7661538461538462,0.8951048951048951,0.8612244897959184,0.9120799084382477,0.0,0.1048951048951049,0.13877551020408163,-0.0722202997218982,0.4141012909632572,1.7540983606557377,1007.0,0.6732869910625621,0.0657492354740061
2020,NYJ,00-0034869,-0.038253049127657285,1.0426121273478448,1.0,0.830122591943958,1.0,0.7189054726368159,0.7887397367392156,0.0,0.0,0.2810945273631841,-0.1579772953648322,0.3676939426142401,1.2944444444444445,941.0,0.6163655685441021,0.0904347826086956
2020,PHI,00-0032950,0.029385861489346757,-0.6360868479581487,1.0,1.0,0.6658031088082902,0.789795918367347,0.797670321064996,0.0,0.3341968911917098,0.21020408163265303,-0.0093446485319017,0.4428179322964318,2.0164835164835164,1093.0,0.6193961573650503,0.0568356374807987
2020,PIT,00-0034771,-0.09598269283782572,-1.2344975813026846,1.0,1.0,0.9069767441860465,0.84,0.9326884854909234,0.0,0.09302325581395354,0.16000000000000003,-0.1742960396106572,0.3709327548806941,1.4301675977653632,923.0,0.6078006500541712,0.0589318600368324
2020,SEA,00-0029263,0.0959791462527549,6.97562972926223,1.0,1.0,0.9419191919191919,0.9313725490196079,0.9309859154929576,0.0,0.058080808080808066,0.06862745098039214,0.0222058431206696,0.4552529182879377,2.1483516483516483,1028.0,0.5904669260700389,0.0851063829787234
2020,SF,00-0031345,0.15601032080042695,2.387653044475022,1.0,0.998046875,0.7099056603773585,0.7912087912087912,0.792226723713604,0.0,0.29009433962264153,0.20879120879120883,0.0660591968201992,0.4429868819374369,2.458563535911602,991.0,0.5287588294651867,0.06963249516441
2020,TB,00-0031503,0.05047778388433687,0.6668497173004593,0.0,0.005925925925925926,0.5147058823529411,0.8296146044624746,0.7316520003628778,0.0,0.4852941176470589,0.1703853955375254,-0.0093713947304116,0.4324577861163227,2.150259067357513,1066.0,0.6641651031894934,0.0693215339233038
2020,TEN,00-0029701,0.18229370783698176,7.739714206122666,1.0,0.6332665330661322,0.8532608695652174,0.8895027624309392,0.8713731099305272,0.0,0.1467391304347826,0.11049723756906082,0.0628613327188564,0.4568034557235421,2.125,926.0,0.5701943844492441,0.112
2020,WAS,00-0028986,-0.030184963933283626,-1.0945893203218777,0.0,0.4429657794676806,0.009523809523809525,0.6944444444444444,0.48522377640458153,0.0,0.9904761904761905,0.3055555555555556,-0.1388955198679791,0.3865450399087799,1.5348837209302326,877.0,0.6191562143671607,0.0941619585687382
2021,ARI,00-0035228,0.0317255517749685,2.2246880569692813,1.0,1.0,0.2869822485207101,0.6659142212189616,0.6136673304685044,0.0,0.7130177514792899,0.3340857787810384,0.0409832289289721,0.4553990610328638,2.3181818181818183,1065.0,0.6065727699530516,0.0484949832775919
2021,ATL,00-0026143,0.08764774869211357,1.232825204804169,1.0,1.0,0.0027624309392265192,0.7915831663326653,0.5555923165249207,0.0,0.9972375690607734,0.20841683366733466,0.0215659012014187,0.4324577861163227,2.345238095238096,1066.0,0.6416510318949343,0.0611028315946348
2021,BAL,00-0034796,0.1391562316176703,1.0266599453185214,1.0,0.960919540229885,0.8016528925619835,0.8121212121212121,0.8318474212842796,0.0,0.19834710743801653,0.18787878787878787,0.1180314410962638,0.4564994882292733,2.604790419161677,977.0,0.4964176049129989,0.073394495412844
2021,BUF,00-0034857,0.26797308936361136,6.593045333984994,1.0,0.9646869983948636,0.9655172413793104,0.8397565922920892,0.8598232593587254,0.0,0.03448275862068961,0.1602434077079108,0.1652329732249082,0.5029821073558648,2.993710691823899,1006.0,0.6481113320079522,0.0432692307692307
2021,CAR,00-0031237,0.05557675918702553,4.038647408170233,0.0,0.10787671232876712,0.3822525597269625,0.7111650485436893,0.5787229389897222,0.0,0.6177474402730375,0.28883495145631066,0.0035073295598068,0.45,2.1870967741935483,980.0,0.6346938775510204,0.0614334470989761
2021,CHI,00-0029567,-0.1349518846790033,1.66319087396896,1.0,0.5077160493827161,0.8083832335329342,0.7759336099585062,0.8199874555718168,0.0,0.19161676646706582,0.22406639004149376,-0.0286893394259573,0.4354995150339476,2.08187134502924,1031.0,0.6479146459747818,0.0553846153846153
2021,CIN,00-0036442,0.07909284767647888,2.100735074099229,1.0,0.9329073482428115,0.6265060240963856,0.7084233261339092,0.7070949408366719,0.0,0.37349397590361444,0.29157667386609076,-0.0487980128057282,0.4359223300970873,1.7732558139534884,1030.0,0.6300970873786408,0.0766773162939297
2021,CLE,00-0034855,0.15445853507298446,2.796528555831109,1.0,1.0,0.9790697674418605,0.9481865284974094,0.9700773894227958,0.0,0.020930232558139528,0.051813471502590636,0.0871589834025992,0.4656031904287138,2.459119496855346,1003.0,0.5453639082751744,0.0497131931166348
2021,DAL,00-0027973,-0.04259713221427842,-0.4074783820026326,0.0,0.4161764705882353,1.0,0.9701789264413518,0.9836518129845719,0.0,0.0,0.02982107355864816,-0.0407902287288173,0.4561085972850678,2.096590909090909,1105.0,0.6389140271493212,0.064516129032258
2021,DEN,00-0035704,-0.10042353293854317,-5.543332781310372,1.0,0.8720136518771331,0.5887096774193549,0.913232104121475,0.8462271211811936,0.0,0.41129032258064513,0.08676789587852496,-0.1038848686668666,0.3877952755905511,1.7377049180327868,1016.0,0.6013779527559056,0.05414551607445
2021,DET,00-0026498,0.09988281025347116,-1.0241450924499362,0.0,0.017857142857142856,0.35294117647058826,0.3075221238938053,0.36175407754663536,0.0,0.6470588235294117,0.6924778761061947,-0.0049676915653407,0.4427402862985685,2.208333333333333,978.0,0.6492842535787321,0.0677419354838709
2021,GB,00-0023459,0.32497538246578656,7.1855550427398756,1.0,0.9981617647058824,0.6482939632545932,0.9662337662337662,0.8773744911804614,0.0,0.3517060367454068,0.03376623376623378,0.218215183044494,0.5067357512953368,3.241830065359477,965.0,0.5886010362694301,0.0386029411764705
2021,HOU,00-0033537,0.19741228278988412,6.522549013562686,1.0,0.9949494949494949,0.5912698412698413,0.42298850574712643,0.45414803775459517,0.0,0.4087301587301587,0.5770114942528736,0.1009697624438313,0.4773706896551724,2.3773584905660377,928.0,0.7068965517241379,0.0836120401337792
2021,IND,00-0022942,0.16767377120102267,0.744591627899112,0.0,0.0017543859649122807,1.0,0.8054862842892768,0.8997711234026323,0.0,0.0,0.19451371571072318,0.078713815855747,0.4657398212512413,2.4814814814814814,1007.0,0.5680238331678252,0.0367132867132867
2021,JAX,00-0035289,0.05597434376491795,4.274421293758651,0.0,0.0015220700152207,0.9715302491103203,0.4605543710021322,0.6077707835901889,0.0,0.028469750889679735,0.5394456289978677,-0.0567953657607087,0.4153225806451613,1.7041420118343196,992.0,0.6915322580645161,0.0661654135338345
2021,KC,00-0033873,0.2708936467844478,2.8343997555866576,1.0,0.998468606431853,0.7028753993610224,0.8651911468812877,0.8601952221042924,0.0,0.2971246006389776,0.13480885311871227,0.1811849409774998,0.4995187680461982,2.8461538461538463,1039.0,0.6669874879692012,0.0365853658536585
2021,LA,00-0033106,0.023054707859733133,0.924395583924793,0.0,0.06525285481239804,0.7369791666666666,0.7087576374745418,0.7309376866414494,0.0,0.26302083333333337,0.2912423625254582,-0.0161971710059243,0.4443405051449953,1.9491525423728813,1069.0,0.5958840037418148,0.0407166123778501
2021,LAC,00-0036355,0.12883101889808093,0.011846217615851041,1.0,0.9512937595129376,0.7352185089974294,0.7252747252747253,0.7268026148892573,0.0,0.26478149100257065,0.27472527472527475,0.027632350979538,0.4325539568345323,2.164705882352941,1112.0,0.6151079136690647,0.0515151515151515
2021,LV,00-0031280,0.0760210284291924,2.5728009777739187,1.0,1.0,0.7639593908629442,0.754257907542579,0.7410717785879493,0.0,0.23604060913705582,0.24574209245742096,0.0442990371525926,0.4643206256109481,2.636363636363636,1023.0,0.5884652981427175,0.048695652173913
2021,MIA,00-0036212,-0.06118281772701615,-1.208095448721346,1.0,0.5246179966044142,0.6609195402298851,0.9908675799086758,0.8900528092805816,0.0,0.3390804597701149,0.0091324200913242,0.0048334206711775,0.4586241276171485,2.141242937853108,1003.0,0.6211365902293121,0.0572390572390572
2021,MIN,00-0029604,0.14723198598819456,4.5845363404332975,1.0,1.0,0.9742388758782201,0.8979591836734694,0.9419142501334284,0.0,0.025761124121779888,0.10204081632653061,0.092311005808289,0.4906219151036525,2.46242774566474,1013.0,0.5616979269496545,0.0697674418604651
2021,NE,00-0027939,-0.05912804680307019,-1.0236097683369274,1.0,0.9957894736842106,0.5718475073313783,0.5254237288135594,0.5512297812241852,0.0,0.42815249266862165,0.47457627118644063,-0.003482160134054,0.4611398963730569,2.013333333333333,965.0,0.5170984455958549,0.0777310924369747
2021,NO,00-0020531,0.15952372014483712,1.5980133516492818,1.0,1.0,0.5755813953488372,0.555256064690027,0.6614734258343844,0.0,0.42441860465116277,0.444743935309973,0.0945376438794568,0.4765625,2.7341040462427744,1024.0,0.5556640625,0.0527272727272727
2021,NYG,00-0035710,-0.07027898425626614,-2.243342771436329,1.0,0.8707964601769912,0.0625,0.8509615384615384,0.5746313611482151,0.0,0.9375,0.14903846153846156,-0.0562723416446999,0.4154334038054968,1.6835443037974684,946.0,0.6247357293868921,0.0878734622144112
2021,NYJ,00-0034869,-0.21915596924377265,-1.9278435400251805,0.0,0.0037105751391465678,0.41292134831460675,0.6443298969072165,0.6150319570669615,0.0,0.5870786516853932,0.35567010309278346,-0.1434209943025888,0.4019189765458422,1.3563218390804597,938.0,0.6076759061833689,0.0794824399260628
2021,PHI,00-0032950,-0.17878933921989415,-3.493772489990262,0.0,0.24357034795763993,0.920863309352518,0.9049676025917927,0.9088205010868321,0.0,0.07913669064748197,0.09503239740820735,-0.0891596705576386,0.405099150141643,1.6542553191489362,1059.0,0.6704438149197356,0.0973053892215568
2021,PIT,00-0022924,0.07244008930143875,-1.0605797073235212,1.0,1.0,0.4751552795031056,0.9649737302977233,0.8414457831325302,0.0,0.5248447204968945,0.035026269702276736,0.0106465737355919,0.4324853228962818,2.2111111111111112,1022.0,0.6594911937377691,0.0207407407407407
2021,SEA,00-0029263,0.11733978905155057,6.845961427105997,1.0,1.0,0.7246835443037974,0.7168949771689498,0.7440310938367573,0.0,0.27531645569620256,0.2831050228310502,0.0870264016787015,0.4820717131474104,2.688235294117648,1004.0,0.6613545816733067,0.0784313725490196
2021,SF,00-0033319,0.008748895689560813,-2.6039368867126753,0.0,0.24835526315789475,0.7097625329815304,0.6602870813397129,0.693584294677191,0.0,0.29023746701846964,0.3397129186602871,0.0097865943237666,0.4604247104247104,2.089385474860335,1036.0,0.5936293436293436,0.0637254901960784
2021,TB,00-0019596,0.1950047812140699,3.563913695387921,1.0,1.0,0.9692307692307692,0.9835728952772074,0.9772550376199947,0.0,0.03076923076923077,0.01642710472279263,0.121289413345976,0.4600606673407482,2.8,989.0,0.6572295247724975,0.0340557275541795
2021,TEN,00-0029701,0.2369560847244446,2.6560974660618553,1.0,0.9980392156862745,0.9481641468682506,0.49019607843137253,0.663147264047007,0.0,0.05183585313174943,0.5098039215686274,0.170360493157525,0.5004916420845624,2.9875,1017.0,0.5211406096361848,0.0487329434697855
2021,WAS,00-0023436,-0.13522201473040285,-0.84522821071769,0.0,0.1781874039938556,0.7306590257879656,0.8106796116504854,0.8395598603149501,0.0,0.2693409742120344,0.1893203883495146,-0.0631181331343976,0.4140926640926641,1.8022598870056497,1036.0,0.6447876447876448,0.0764525993883792
2022,ARI,00-0035228,0.1208560129324575,4.213738438234929,1.0,0.9793650793650793,0.6786703601108033,0.7580299785867237,0.7325617368200761,0.0,0.3213296398891967,0.24197002141327628,0.075858976194348,0.4688908926961226,2.477272727272727,1109.0,0.5978358881875564,0.0616113744075829
2022,ATL,00-0026143,-0.025171497778413997,1.7592363416928647,0.0,0.0032679738562091504,0.45,0.42401960784313725,0.49468510686935646,0.0,0.55,0.5759803921568627,-0.0971233356177261,0.4040201005025126,1.7011494252873562,995.0,0.6321608040201006,0.0651465798045602
2022,BAL,00-0034796,0.030914159749105947,0.6794994812448713,1.0,0.9379727685325264,0.009287925696594427,0.6122047244094488,0.4590281329923274,0.0,0.9907120743034056,0.38779527559055116,0.0081139795854786,0.46535500427716,2.026315789473684,1169.0,0.6295979469632165,0.0853293413173652
2022,BUF,00-0034857,0.113471980764128,2.0975557231747755,1.0,0.9868035190615836,0.9169329073482428,0.6501901140684411,0.7537190082644629,0.0,0.08306709265175716,0.34980988593155893,0.1012012596921194,0.4772117962466488,2.6444444444444444,1119.0,0.6514745308310992,0.0393586005830903
2022,CAR,00-0034869,-0.18902598279295238,-4.8873513044479,1.0,0.7907692307692308,0.8041543026706232,0.9586206896551724,0.868149824032177,0.0,0.19584569732937684,0.04137931034482756,-0.1403177018164548,0.4082191780821917,1.5263157894736843,1095.0,0.6210045662100456,0.0796324655436447
2022,CHI,00-0036945,-0.21283791431468432,-1.9522072597481739,1.0,0.5108877721943048,0.8888888888888888,0.5519630484988453,0.6063718053448476,0.0,0.11111111111111116,0.44803695150115475,-0.1026616484064625,0.4111006585136406,1.6666666666666667,1063.0,0.6161806208842897,0.0965058236272878
2022,CIN,00-0036442,0.1549052138510975,6.640305063823466,1.0,1.0,1.0,0.8484162895927602,0.8983176514201987,0.0,0.0,0.15158371040723984,0.0597748422748638,0.4428294573643411,2.437837837837838,1032.0,0.6075581395348837,0.0901639344262295
2022,CLE,00-0034855,-0.03544967330592682,-2.718707900494337,0.0,0.0,1.0,0.42025316455696204,0.735585263802429,0.0,0.0,0.579746835443038,0.0109678213096463,0.4379210779595765,1.9252873563218391,1039.0,0.5745909528392685,0.086115992970123
2022,DAL,00-0033077,0.17423076705234267,2.314155764954082,1.0,0.9955882352941177,0.9061728395061729,0.6177606177606177,0.6795633969380254,0.0,0.09382716049382711,0.38223938223938225,0.0942226396632853,0.468667255075022,2.507853403141361,1133.0,0.6187113857016769,0.0481751824817518
2022,DEN,00-0031237,0.11568111813688182,3.910554529708109,0.0,0.006896551724137931,1.0,0.7683215130023641,0.8616706668952512,0.0,0.0,0.23167848699763594,0.0156499439587143,0.4470359572400388,1.987951807228916,1029.0,0.5850340136054422,0.0686106346483705
2022,DET,00-0033106,-0.06979423212933056,0.5529641658386786,1.0,0.9983974358974359,1.0,0.9129411764705883,0.9657683903860159,0.0,0.0,0.08705882352941174,-0.0677790894275548,0.4180952380952381,1.8248587570621468,1050.0,0.6066666666666667,0.0571428571428571
2022,GB,00-0023459,0.2312112995015906,5.772414788895962,1.0,1.0,1.0,0.4794816414686825,0.6670539864140149,0.0,0.0,0.5205183585313176,0.134667827936418,0.4861773117254528,2.693251533742332,1049.0,0.6148713060057197,0.0528
2022,HOU,00-0036898,-0.11993287691151698,-0.2196843661959209,1.0,0.7223168654173765,0.4323607427055703,0.8782816229116945,0.7380246913580245,0.0,0.5676392572944298,0.12171837708830546,-0.1405999934295769,0.3725099601593625,1.4378378378378378,1004.0,0.6095617529880478,0.0748299319727891
2022,IND,00-0032950,0.0124886659931848,-2.120752626621507,0.0,0.0,0.9347319347319347,0.615979381443299,0.7918968692449356,0.0,0.06526806526806528,0.384020618556701,0.0524369112917314,0.4427333974975938,2.485549132947977,1039.0,0.5572666025024061,0.0574506283662477
2022,JAX,00-0036971,-0.11041321857806177,-4.80008055031197,1.0,1.0,0.6114864864864865,0.4489795918367347,0.5476305027664181,0.0,0.3885135135135135,0.5510204081632653,-0.0873293520251741,0.4400785854616896,1.44,1018.0,0.6532416502946955,0.0501567398119122
2022,KC,00-0033873,0.18683995021288097,2.6735660097291394,1.0,1.0,0.558282208588957,0.4675572519083969,0.4874740843123705,0.0,0.44171779141104295,0.5324427480916031,0.1443439291141831,0.5107719928186715,2.808641975308642,1114.0,0.6741472172351886,0.0397727272727272
2022,LA,00-0026498,0.18452681949437957,-0.11675120550114036,1.0,0.9984326018808778,0.42048517520215634,0.7338403041825095,0.6878844839371154,0.0,0.5795148247978437,0.26615969581749055,0.075798731203615,0.4630163304514889,2.680473372781065,1041.0,0.6215177713736791,0.0483619344773791
2022,LAC,00-0036355,0.1461605808937495,-0.615461159333065,1.0,0.9985795454545454,0.8017492711370262,0.8007590132827325,0.8112971757060734,0.0,0.1982507288629738,0.19924098671726753,0.0921999595982221,0.4748201438848921,2.7455621301775146,1112.0,0.6654676258992805,0.0435393258426966
2022,LV,00-0031280,0.03760421568426312,2.1973421093628134,1.0,0.9969924812030075,0.6289855072463768,0.5786026200873362,0.5697390284429674,0.0,0.3710144927536232,0.4213973799126638,-0.0164771891569114,0.4499532273152479,2.0824175824175826,1069.0,0.6389148737137512,0.059880239520958
2022,MIA,00-0036212,0.0516831358409984,1.9254196866562492,1.0,0.6248085758039816,0.6135135135135135,0.6254980079681275,0.6444049338815425,0.0,0.38648648648648654,0.3745019920318725,-0.060049927366017,0.4121996303142329,1.6555555555555554,1082.0,0.633086876155268,0.0609756097560975
2022,MIN,00-0029604,0.11242395189023811,1.3502727035481614,1.0,0.9348171701112877,0.9826302729528535,0.7467532467532467,0.8436705882352942,0.0,0.017369727047146455,0.2532467532467533,0.0215506362415321,0.4162768942937324,2.123076923076923,1069.0,0.6033676333021516,0.0474683544303797
2022,NE,00-0036972,0.054253421182239955,2.3821931062612514,1.0,1.0,0.8921568627450981,0.9394673123486683,0.8714470284237725,0.0,0.10784313725490191,0.060532687651331685,0.0666831649171758,0.4830590513068732,2.611764705882353,1033.0,0.558567279767667,0.0496453900709219
2022,NO,00-0032156,-0.034032008569718254,-4.721714087894985,0.0,0.5825602968460112,0.9838709677419355,0.7759562841530054,0.8814808521484251,0.0,0.016129032258064502,0.22404371584699456,-0.0697516882253415,0.4077294685990338,1.946236559139785,1035.0,0.557487922705314,0.0681399631675874
2022,NYG,00-0035710,-0.03978795531919648,-0.8439087730319768,1.0,0.6156299840510366,0.5292207792207793,0.6359550561797753,0.5665023281292797,0.0,0.47077922077922074,0.3640449438202247,-0.1652658165467987,0.390549662487946,1.3442622950819672,1037.0,0.6374156219864995,0.0604133545310015
2022,NYJ,00-0037013,-0.22252823609295577,-9.639359672701424,1.0,0.9251908396946565,0.8957055214723927,0.5612472160356348,0.7068039391226499,0.0,0.10429447852760731,0.43875278396436523,-0.0924930189818208,0.4157740993184031,1.6538461538461535,1027.0,0.6572541382667965,0.0803030303030303
2022,PHI,00-0036389,0.02170414224963775,0.11539748507781833,1.0,1.0,0.7468030690537084,0.7361111111111112,0.8075059466126333,0.0,0.2531969309462916,0.26388888888888884,0.065872753476852,0.4665409990574929,2.413173652694611,1061.0,0.5438265786993403,0.0588235294117647
2022,PIT,00-0022924,-0.07660483481629718,-2.3931568725997168,0.0,0.08297567954220315,0.9664804469273743,0.7077205882352942,0.8285444630872483,0.0,0.03351955307262566,0.29227941176470584,-0.0740874222715014,0.3914233576642336,1.803191489361702,1096.0,0.6432481751824818,0.0539772727272727
2022,SEA,00-0029263,0.01404825764179097,3.1963339471137586,0.0,0.19814814814814816,0.6560693641618497,0.7438423645320197,0.7588972431077694,0.0,0.3439306358381503,0.2561576354679803,0.0311493200518558,0.4317460317460317,2.1032608695652173,945.0,0.6,0.084870848708487
2022,SF,00-0031345,0.16625851263924943,2.62256931041328,1.0,1.0,0.8218390804597702,0.8765743073047859,0.8872847760487546,0.0,0.17816091954022983,0.12342569269521408,0.0860130191079154,0.4567541302235179,2.331460674157303,1029.0,0.5461613216715258,0.0604395604395604
2022,TB,00-0019596,0.1864079360872442,1.691372294656255,1.0,1.0,0.6765578635014837,0.6055363321799307,0.6796687562882131,0.0,0.3234421364985163,0.39446366782006925,0.1378092000627966,0.4946332737030411,2.6844919786096257,1118.0,0.6815742397137746,0.0305444887118193
2022,TEN,00-0029701,0.019051621932568517,2.362154926638153,1.0,0.9948364888123924,0.5729166666666666,0.2966507177033493,0.4174149934416305,0.0,0.42708333333333337,0.7033492822966507,0.0197123576516344,0.4449418084153984,2.2598870056497176,1117.0,0.5371530886302597,0.0807560137457044
2022,WAS,00-0031800,-0.07425882849680744,0.2986248644689719,1.0,0.8966101694915254,0.9873737373737373,0.6182266009852216,0.7889758643183301,0.0,0.012626262626262652,0.38177339901477836,-0.0540654333613886,0.440453686200378,1.861271676300578,1058.0,0.5973534971644613,0.0723905723905724
2023,ARI,00-0035228,-0.042041242419962,-0.8062973137824766,1.0,0.7889518413597734,0.7120253164556962,0.6609195402298851,0.691301998919503,0.0,0.2879746835443038,0.3390804597701149,-0.0901083797583819,0.4051191526919682,1.673913043478261,1133.0,0.6584289496910856,0.064516129032258
2023,ATL,00-0032268,-0.02723055015056286,-0.64611305450571,0.0,0.2767857142857143,0.8281938325991189,0.6916167664670658,0.7584112717114053,0.0,0.17180616740088106,0.3083832335329342,0.0017458638018545,0.4533600802407221,1.993975903614457,997.0,0.4874623871614844,0.0822222222222222
2023,BAL,00-0034796,0.010598892759769638,-0.617372073401911,1.0,1.0,0.6676136363636364,0.6965174129353234,0.7036226598589836,0.0,0.33238636363636365,0.30348258706467657,0.0023796171141923,0.4523346303501945,2.0,1028.0,0.546692607003891,0.0727969348659003
2023,BUF,00-0034857,0.14735493937737099,1.0026066509239815,1.0,0.9884488448844885,0.32646048109965636,0.7795454545454545,0.6948551153163809,0.0,0.6735395189003437,0.22045454545454546,0.115017423425339,0.4896551724137931,2.6,1015.0,0.6472906403940887,0.0543657331136738
2023,CAR,00-0034855,-0.2056388677155599,-9.260644078856767,0.0,0.0,0.3060240963855422,0.5760233918128655,0.48423965351299325,0.0,0.6939759036144578,0.42397660818713445,-0.0328037999034339,0.4074457083764219,1.7934782608695652,967.0,0.5263702171664943,0.0733197556008146
2023,CHI,00-0036945,-0.22062552792069037,-2.4806598871454546,1.0,0.9170506912442397,0.4157608695652174,0.8585858585858586,0.677437248647899,0.0,0.5842391304347826,0.14141414141414144,-0.0433466888892485,0.4061224489795918,1.8977272727272727,980.0,0.5142857142857142,0.1321184510250569
2023,CIN,00-0036442,0.12465509667010735,2.729947165412418,1.0,0.9938744257274119,0.6945337620578779,0.8091106290672451,0.7914929107589658,0.0,0.30546623794212213,0.19088937093275493,0.0770332805351132,0.4727626459143969,2.5,1028.0,0.6614785992217899,0.0668693009118541
2023,CLE,00-0033119,0.03788425722209238,2.8882097527172492,0.0,0.32642487046632124,0.7077625570776256,0.9712918660287081,0.8688266750550487,0.0,0.2922374429223744,0.028708133971291905,0.0123752840274098,0.4402917046490428,1.92,1097.0,0.5597082953509571,0.0758620689655172
2023,DAL,00-0033077,0.08899009642486524,0.020446155949966193,1.0,1.0,0.5,0.6,0.6240754437869823,0.0,0.5,0.4,0.0137368881532118,0.4467697907188353,2.398936170212766,1099.0,0.5450409463148317,0.04631217838765
2023,DEN,00-0029263,-0.1041231829442934,-1.1704484370048875,1.0,0.8483412322274881,0.1307901907356948,0.7764127764127764,0.5483357946154719,0.0,0.8692098092643052,0.2235872235872236,-0.1090566831375823,0.3810861423220973,1.4870466321243525,1068.0,0.6198501872659176,0.0993690851735015
2023,DET,00-0033106,0.15699242835530272,-1.484926882799834,1.0,1.0,0.15258215962441316,0.744343891402715,0.5125475943232953,0.0,0.8474178403755869,0.25565610859728505,0.0689607283309131,0.4544609665427509,2.552941176470588,1076.0,0.5817843866171004,0.0392156862745098
2023,GB,00-0023459,-0.03401039158439081,0.5470411479473114,0.0,0.033783783783783786,0.9975609756097561,0.3900709219858156,0.6433299899699099,0.0,0.0024390243902439046,0.6099290780141844,0.0019874140624282,0.4569215876089061,2.047058823529412,1033.0,0.5856727976766699,0.053781512605042
2023,HOU,00-0036898,-0.14590639313458637,-3.776847637111631,1.0,0.8262987012987013,0.7891566265060241,0.2611764705882353,0.3976572133168928,0.0,0.21084337349397586,0.7388235294117647,-0.1871302272655112,0.3697813121272366,1.4894736842105265,1006.0,0.6332007952286283,0.0612903225806451
2023,IND,00-0026143,-0.08434760565592454,-0.09865554427231635,0.0,0.17345399698340874,0.8795811518324608,0.7850877192982456,0.7902989283699943,0.0,0.12041884816753923,0.2149122807017544,-0.1663308441793666,0.3990867579908675,1.4263157894736842,1095.0,0.6255707762557078,0.0899550224887556
2023,JAX,00-0036971,0.13623282410222934,1.426955309839011,1.0,1.0,0.7743732590529248,0.7926829268292683,0.8157712476501435,0.0,0.22562674094707524,0.20731707317073167,0.0452447371872074,0.4627006610009443,2.1666666666666665,1059.0,0.6100094428706326,0.0445859872611464
2023,KC,00-0033873,0.2578848271069931,3.5721681097525426,1.0,0.9970457902511078,0.9484848484848485,0.7305389221556886,0.8009490305162399,0.0,0.051515151515151514,0.2694610778443114,0.185259642390426,0.5037037037037037,2.7873563218390807,1080.0,0.6694444444444444,0.038235294117647
2023,LA,00-0026498,-0.08779621300025944,-0.03873855378982183,1.0,0.5663265306122449,0.725,0.7969094922737306,0.7695400260139529,0.0,0.275,0.20309050772626935,-0.0883684460973846,0.4103343465045592,1.7797619047619049,987.0,0.6190476190476191,0.1003401360544217
2023,LAC,00-0036355,0.010218429711060581,1.3160363501972623,1.0,0.982620320855615,0.8459302325581395,0.8185404339250493,0.8654108654108654,0.0,0.15406976744186052,0.18145956607495073,0.0052142540692528,0.439647577092511,2.111111111111111,1135.0,0.6792951541850221,0.052
2023,LV,00-0031280,0.029524916740749182,-2.8706469951065015,0.0,0.001610305958132045,1.0,0.5704697986577181,0.7359074266246353,0.0,0.0,0.4295302013422819,0.0040346444390817,0.4329501915708812,2.2339181286549707,1044.0,0.6187739463601533,0.0560897435897435
2023,MIA,00-0036212,0.2166667252552507,1.432570229821119,1.0,0.86084142394822,0.8419452887537994,0.7706013363028953,0.8034866828087166,0.0,0.15805471124620063,0.2293986636971047,0.0490780660321222,0.446122860020141,2.1306818181818183,993.0,0.6404833836858006,0.0564516129032258
2023,MIN,00-0029604,0.026038072016044647,1.3006687115610036,1.0,0.9986033519553073,0.2521246458923513,0.7179023508137432,0.6158393493721226,0.0,0.7478753541076487,0.2820976491862568,-0.012672080855949,0.4477477477477477,2.145077720207254,1110.0,0.6576576576576577,0.0652777777777777
2023,NE,00-0036972,-0.08553029210500737,-0.4410114771914932,1.0,0.9879101899827288,0.672316384180791,0.5152284263959391,0.5997977073499662,0.0,0.327683615819209,0.48477157360406087,-0.0523850097170707,0.4093686354378819,1.691891891891892,982.0,0.6109979633401222,0.0703259005145797
2023,NO,00-0027973,0.015454518164385997,0.6179992027662613,0.0,0.2645985401459854,0.7024539877300614,0.7357512953367875,0.8016198482673775,0.0,0.2975460122699386,0.2642487046632125,-0.040338914273415,0.4555444555444555,1.7833333333333334,1001.0,0.5614385614385614,0.069090909090909
2023,NYG,00-0035710,0.007532023041155042,2.3300755171958802,1.0,0.9290780141843972,1.0,0.6026315789473684,0.7861265004616804,0.0,0.0,0.3973684210526316,0.0302381881697911,0.4481792717086835,2.005714285714286,1071.0,0.5835667600373483,0.086115992970123
2023,NYJ,00-0037013,-0.1366454903843779,-5.555372587426215,1.0,0.3976083707025411,0.5739644970414202,0.7093275488069414,0.6992784861823298,0.0,0.42603550295857984,0.2906724511930586,-0.0874954226880904,0.3894637817497648,1.5106382978723405,1063.0,0.6472248353715898,0.0627802690582959
2023,PHI,00-0036389,0.07539666591789725,2.717287321200316,1.0,0.8601036269430051,0.296195652173913,0.954954954954955,0.772093023255814,0.0,0.7038043478260869,0.04504504504504503,0.1075574964873067,0.4831970935513169,2.5865921787709496,1101.0,0.5667574931880109,0.0758620689655172
2023,PIT,00-0038102,-0.026068410781456233,0.8181290695983866,1.0,0.9983525535420099,0.9466666666666667,0.7798165137614679,0.8457516339869281,0.0,0.053333333333333344,0.22018348623853212,0.0089207879936848,0.4489981785063752,1.7426900584795322,1098.0,0.5819672131147541,0.0622950819672131
2023,SEA,00-0030565,0.006880024348377362,5.622158285932264,1.0,1.0,0.7514285714285714,0.8805970149253731,0.826878388845856,0.0,0.24857142857142855,0.11940298507462688,-0.0010678100249364,0.4432589718719689,2.176795580110497,1031.0,0.6314258001939864,0.0741935483870967
2023,SF,00-0031345,0.1892507912173972,-1.0454820067274804,0.0,0.3351749539594843,0.7298701298701299,0.9873096446700508,0.9056878666614863,0.0,0.2701298701298701,0.012690355329949221,0.0849795263726961,0.4621359223300971,2.3820224719101124,1030.0,0.5398058252427185,0.0570902394106814
2023,TB,00-0019596,0.058359112243238705,0.5095926483584597,0.0,0.011688311688311689,0.42565597667638483,0.7361111111111112,0.6619512195121952,0.0,0.5743440233236152,0.26388888888888884,-0.0359297445540808,0.4389815627743634,1.6666666666666667,1139.0,0.6795434591747147,0.0283505154639175
2023,TEN,00-0029701,0.04158275306061333,0.5387725232151405,1.0,0.8531746031746031,0.9463414634146341,0.4672364672364672,0.6699598043488789,0.0,0.0536585365853659,0.5327635327635327,-0.0606747735666693,0.4100204498977505,1.564516129032258,978.0,0.5398773006134969,0.097029702970297
2023,WAS,00-0032950,-0.12348560311174828,-3.7503710554705725,0.0,0.03666666666666667,0.9422632794457275,0.9560975609756097,0.9394529138285219,0.0,0.05773672055427248,0.04390243902439028,-0.0758461279971317,0.4042553191489361,1.5833333333333333,1128.0,0.5567375886524822,0.0790774299835255
2024,ARI,00-0035228,-0.04475152191964774,-2.2770895928371955,1.0,0.5251677852348994,0.8643067846607669,0.5241228070175439,0.6959660783864314,0.0,0.13569321533923306,0.4758771929824561,-0.0670383334701189,0.4069877242681775,1.848314606741573,1059.0,0.5939565627950897,0.0697674418604651
2024,ATL,00-0038122,-0.0953976751940371,-1.3355350295702617,0.0,0.0017667844522968198,0.8888888888888888,0.5848563968668408,0.7250744133459471,0.0,0.11111111111111116,0.41514360313315923,-0.0994588896012362,0.4105653382761816,1.6349206349206349,1079.0,0.5551436515291936,0.070298769771529
2024,BAL,00-0034796,0.09046680358438548,3.475182778846109,1.0,1.0,0.3598901098901099,0.8085642317380353,0.6956521739130433,0.0,0.6401098901098901,0.19143576826196473,0.0636894565950653,0.4726930320150659,2.436170212765957,1062.0,0.571563088512241,0.0766355140186915
2024,BUF,00-0034857,0.12044782153933983,5.023608114741264,1.0,1.0,0.7007874015748031,0.3812636165577342,0.49545094936708856,0.0,0.2992125984251969,0.6187363834422658,0.107534983309286,0.4894592117323556,2.479768786127168,1091.0,0.5948670944087993,0.0397350993377483
2024,CAR,00-0039150,-0.2827595229714965,-1.4098406276282143,1.0,1.0,1.0,0.6787330316742082,0.7780645161290324,0.0,0.0,0.3212669683257918,-0.1800503950017162,0.3739688359303391,1.2011173184357542,1091.0,0.6251145737855178,0.0998463901689708
2024,CHI,00-0036945,-0.10630897025322615,0.7927931911122482,0.0,0.26287744227353466,0.6051136363636364,0.7304582210242587,0.7448317307692308,0.0,0.39488636363636365,0.2695417789757413,-0.0473216680104572,0.4184331797235023,1.933333333333333,1085.0,0.5695852534562212,0.0883392226148409
2024,CIN,00-0036442,0.002584974954088091,1.2337517067577763,1.0,0.9894578313253012,0.1918238993710692,0.7290836653386454,0.6079325510224762,0.0,0.8081761006289307,0.27091633466135456,-0.0111875111120146,0.4393792434529583,1.95,1031.0,0.6731328806983511,0.075187969924812
2024,CLE,00-0026158,-0.05544048528749951,-2.875606239144572,0.0,0.4556390977443609,0.686046511627907,0.8982035928143712,0.8265400887421318,0.0,0.313953488372093,0.10179640718562877,-0.1450212605087429,0.386518771331058,1.7255813953488373,1172.0,0.5921501706484642,0.0674662668665667
2024,DAL,00-0033077,0.1731453098875757,3.9346940469208356,1.0,1.0,0.31891891891891894,0.8693069306930693,0.7608906098741529,0.0,0.681081081081081,0.1306930693069307,0.1038540416956289,0.4722474977252047,2.8098159509202456,1099.0,0.6196542311191993,0.060882800608828
2024,DEN,00-0029263,-0.07781037620227153,4.853044374879584,0.0,0.13012477718360071,0.846820809248555,0.6265432098765432,0.6794457274826791,0.0,0.15317919075144504,0.3734567901234568,-0.0598858901913896,0.4201005025125628,1.899441340782123,995.0,0.6030150753768844,0.0921985815602836
2024,DET,00-0033106,0.11328218275724533,1.273940399575192,1.0,1.0,0.9933035714285714,0.8422174840085288,0.9054377423879859,0.0,0.006696428571428603,0.1577825159914712,0.0647049482614564,0.4613309352517986,2.4918032786885247,1112.0,0.5755395683453237,0.0485893416927899
2024,GB,00-0036264,0.13277562528193543,1.1351436909708013,1.0,1.0,0.5217391304347826,0.9443254817987152,0.8244011789613517,0.0,0.4782608695652174,0.05567451820128477,0.0648926399886588,0.4459459459459459,2.232142857142857,1036.0,0.611003861003861,0.0490196078431372
2024,HOU,00-0039163,0.10578649841949683,0.21033499922071183,1.0,0.9984202211690363,0.4090909090909091,0.8794178794178794,0.7443173680872395,0.0,0.5909090909090908,0.12058212058212059,-0.0259357872438148,0.4100652376514445,1.9095744680851063,1073.0,0.6123019571295434,0.0738993710691823
2024,IND,00-0035289,-0.010976539224529304,-3.276565049284248,0.0,0.14796747967479676,0.5240384615384616,0.9654427645788337,0.8120171673819744,0.0,0.47596153846153844,0.03455723542116629,-0.0368320523176375,0.4066543438077634,1.8541666666666667,1082.0,0.5942698706099815,0.0661290322580645
2024,JAX,00-0036971,-0.0350985038666009,0.9032510841886202,1.0,1.0,1.0,0.5717054263565892,0.7058037732746927,0.0,0.0,0.42829457364341084,-0.0710062539099579,0.4206204379562044,1.9411764705882355,1096.0,0.6450729927007299,0.0616541353383458
2024,KC,00-0033873,0.039542672060488435,2.7465315635094014,1.0,0.9425113464447806,0.8647798742138365,0.8673469387755102,0.8437431074930324,0.0,0.1352201257861635,0.13265306122448983,0.0218866850620743,0.437381404174573,2.069767441860465,1054.0,0.6783681214421252,0.0423600605143721
2024,LA,00-0026498,0.08453822935147232,-2.556787711201292,1.0,0.8925081433224755,0.6497584541062802,0.9156378600823045,0.8671065032987747,0.0,0.3502415458937198,0.08436213991769548,0.0369276010111167,0.4460829493087557,2.2333333333333334,1085.0,0.5852534562211982,0.0549273021001615
2024,LAC,00-0036355,0.020604369634247468,-0.3111262051031229,1.0,0.9970326409495549,0.12538226299694188,0.3236994219653179,0.260484997249143,0.0,0.8746177370030581,0.676300578034682,-0.0769709882980227,0.4091324200913242,1.827027027027027,1095.0,0.6520547945205479,0.0637037037037037
2024,LV,00-0038579,-0.057896538115774374,-3.9035496967179433,1.0,0.6201680672268908,0.3342696629213483,0.8217592592592593,0.7053022658471698,0.0,0.6657303370786517,0.1782407407407407,-0.0976607269474032,0.4118831822759315,1.6761363636363635,993.0,0.608257804632427,0.067001675041876
2024,MIA,00-0036212,0.18853493487081788,4.499624968672765,1.0,0.9882352941176471,0.946969696969697,0.8938679245283019,0.9374896368761398,0.0,0.05303030303030298,0.10613207547169812,0.0994052408659374,0.4729206963249516,2.6022099447513813,1034.0,0.5909090909090909,0.0519262981574539
2024,MIN,00-0029604,0.05924800054721048,4.28785780901151,0.0,0.23703703703703705,0.31384615384615383,0.8546511627906976,0.7531626656041441,0.0,0.6861538461538461,0.14534883720930236,-0.0416462561883999,0.423728813559322,1.88,1062.0,0.6666666666666666,0.0695266272189349
2024,NE,00-0036972,-0.18439674618262752,-2.8927735786522386,0.0,0.0,0.48314606741573035,0.5876777251184834,0.5733233233233234,0.0,0.5168539325842696,0.4123222748815166,-0.1891997328760742,0.3895463510848126,1.1105527638190955,1014.0,0.6173570019723866,0.0793388429752066
2024,NO,00-0031280,0.04476521124977814,3.0327578889024416,1.0,0.9235569422776911,0.9396551724137931,0.7871396895787139,0.854945096482773,0.0,0.06034482758620685,0.21286031042128606,-0.0175191285456475,0.418943533697632,2.037837837837838,1098.0,0.5947176684881603,0.0544323483670295
2024,NYG,00-0038476,-0.22940573118579394,-2.9026570242075693,1.0,0.678391959798995,0.05454545454545454,0.8730569948186528,0.6264263485477177,0.0,0.9454545454545454,0.12694300518134716,-0.1726600999715433,0.3789473684210526,1.2233502538071066,1045.0,0.6363636363636364,0.1416666666666666
2024,NYJ,00-0037013,-0.2594681924570447,-3.127371265658832,0.0,0.006042296072507553,0.7608695652173914,0.9225181598062954,0.8791021265423996,0.0,0.23913043478260865,0.07748184019370463,-0.2546447185899673,0.3483253588516746,1.1372549019607845,1045.0,0.6631578947368421,0.0963855421686747
2024,PHI,00-0036389,0.07323794905524779,3.7886079430580137,1.0,0.9568106312292359,0.2441860465116279,0.8611111111111112,0.6838103078489569,0.0,0.7558139534883721,0.13888888888888884,0.0540787849373154,0.4591651542649728,2.3815028901734103,1102.0,0.5916515426497277,0.0646766169154228
2024,PIT,00-0038102,-0.1317162477029586,-2.1204296427388347,0.0,0.001851851851851852,1.0,0.5803571428571429,0.7839960726558665,0.0,0.0,0.4196428571428571,-0.0729269375169984,0.4199004975124378,1.5856353591160222,1005.0,0.5611940298507463,0.066420664206642
2024,SEA,00-0030565,0.060034870547782726,2.444135994350506,1.0,0.8637110016420362,0.9703264094955489,0.8739130434782608,0.9025396825396826,0.0,0.029673590504451064,0.12608695652173918,0.0152756353644758,0.4383282364933741,2.0058479532163744,981.0,0.6452599388379205,0.0620915032679738
2024,SF,00-0037834,0.29676655180090256,5.383880628355772,1.0,0.9021113243761996,0.9847328244274809,0.935933147632312,0.9710371141172389,0.0,0.01526717557251911,0.06406685236768805,0.1737982068941781,0.5110441767068273,2.892215568862276,996.0,0.5431726907630522,0.0652591170825335
2024,TB,00-0034855,0.06352007217786551,0.23982274162508274,1.0,1.0,0.9333333333333333,0.9846491228070176,0.97487599741212,0.0,0.06666666666666665,0.015350877192982448,-0.015759372729306,0.3960975609756098,1.9039548022598871,1025.0,0.6224390243902439,0.0654664484451718
2024,TEN,00-0039152,-0.05037492278280161,-0.38261012389109683,1.0,0.5090252707581228,0.26109660574412535,0.8297297297297297,0.6210371912557964,0.0,0.7389033942558747,0.1702702702702703,-0.0483172134680883,0.3967446592065107,1.716763005780347,983.0,0.5849440488301119,0.1153153153153153
2024,WAS,00-0037077,-0.17662628004610764,-0.42723776663050933,0.0,0.0014265335235378032,0.7684563758389261,0.4878048780487805,0.537459005920184,0.0,0.23154362416107388,0.5121951219512195,-0.1081515155380761,0.4090909090909091,1.7010309278350515,1056.0,0.6960227272727273,0.0924608819345661
2025,ARI,00-0035228,0.07807556659695479,2.1178644786869496,1.0,0.9965034965034965,0.9649595687331537,1.0,0.9679487179487178,0.0,0.035040431266846306,0.0,0.0661748299251153,0.4727095516569201,2.3855421686746987,1026.0,0.5974658869395711,0.0524475524475524
2025,ATL,00-0029604,0.036014806376818295,0.9587325138685633,1.0,1.0,0.9713656387665198,0.9977973568281938,0.9960418433700876,0.0,0.028634361233480177,0.0022026431718061845,0.0341256960162967,0.480823199251637,2.225609756097561,1069.0,0.5556594948550047,0.0543293718166383
2025,BAL,00-0034796,0.3465045545538519,4.551942420032056,1.0,0.9919354838709677,1.0,0.9095744680851063,0.96240863209189,0.0,0.0,0.09042553191489366,0.2194600544926238,0.500965250965251,2.8579545454545454,1036.0,0.5222007722007722,0.0481927710843373
2025,BUF,00-0034857,0.26050253329091005,0.8435629973743995,1.0,1.0,1.0,0.7602905569007264,0.8527457494625759,0.0,0.0,0.23970944309927356,0.1876133559003877,0.4741035856573705,3.029940119760479,1004.0,0.5756972111553785,0.0262172284644194
2025,CAR,00-0039150,-0.07113411612993237,0.6654147484176338,1.0,0.9965694682675815,0.8011695906432749,0.6135831381733021,0.6705689857811167,0.0,0.19883040935672514,0.3864168618266979,-0.0524860920771727,0.4136178861788618,1.932960893854749,984.0,0.6361788617886179,0.0615384615384615
2025,CHI,00-0039918,-0.08487709809971385,-0.10216506162365735,1.0,0.9984126984126984,0.9661538461538461,0.6592427616926503,0.7857059305181893,0.0,0.03384615384615386,0.3407572383073497,-0.0793800408413074,0.3994280266920877,1.6590909090909092,1049.0,0.6482364156339371,0.10625
2025,CIN,00-0036442,0.14652111343393592,6.786788494628706,1.0,1.0,0.6918429003021148,0.9809885931558935,0.9218131773610871,0.0,0.3081570996978852,0.019011406844106515,0.091220859573298,0.4727954971857411,2.633720930232558,1066.0,0.6763602251407129,0.0684736091298145
2025,CLE,00-0031503,-0.09872964055146251,-1.7749517742130492,0.0,0.38705234159779617,0.42207792207792205,0.5685557586837294,0.6291199259858911,0.0,0.577922077922078,0.43144424131627057,-0.1868149467128473,0.3683737646001797,1.233502538071066,1113.0,0.6846361185983828,0.0899182561307901
2025,DAL,00-0033662,-0.10512917835776922,-8.06432482924792,0.0,0.4568452380952381,0.0838150289017341,0.8986866791744841,0.6889484978540773,0.0,0.9161849710982659,0.10131332082551592,-0.1089557088548032,0.4065934065934066,1.745945945945946,1092.0,0.6263736263736264,0.0562962962962962
2025,DEN,00-0039732,0.031471847877656806,0.5609254233348064,1.0,0.9983136593591906,0.37317784256559766,0.6960556844547564,0.6152572311768603,0.0,0.6268221574344024,0.3039443155452436,0.0211907221472314,0.4271938283510125,2.1263736263736264,1037.0,0.6210221793635486,0.0404040404040404
2025,DET,00-0033106,0.27508765724557355,5.705703155082815,1.0,0.9827882960413081,0.9874476987447699,0.8679706601466992,0.9349772382397572,0.0,0.012552301255230103,0.1320293398533008,0.1700100307347778,0.5013673655423884,3.101123595505618,1097.0,0.5432999088422972,0.056701030927835
2025,GB,00-0036264,0.11391517563896543,0.6199101824540001,1.0,1.0,1.0,1.0,1.0,0.0,0.0,0.0,0.0791016797932907,0.4488188976377952,2.573863636363636,1016.0,0.5127952755905512,0.0435643564356435
2025,HOU,00-0039163,-0.0224550570683025,-1.6822981576788403,1.0,0.9983948635634029,0.8633879781420765,0.7006651884700665,0.7823854994084839,0.0,0.13661202185792354,0.29933481152993346,-0.0483739374979924,0.3888888888888889,1.8770053475935828,1044.0,0.6340996168582376,0.0866773675762439
2025,IND,00-0039164,-0.15649303971067657,-10.859591457020327,1.0,0.5101289134438306,0.8567774936061381,0.9272300469483568,0.9196432613518041,0.0,0.14322250639386191,0.07276995305164324,-0.0544464552521121,0.4033041788143829,1.9946524064171125,1029.0,0.5510204081632653,0.0587155963302752
2025,JAX,00-0036971,-0.018250701991781356,-0.9684204069130561,1.0,0.5216637781629117,0.9085714285714286,0.5466970387243736,0.7306051873198847,0.0,0.09142857142857141,0.4533029612756264,-0.0216789187093623,0.4136178861788618,1.7543859649122806,984.0,0.6138211382113821,0.0547945205479452
2025,KC,00-0033873,0.11218961979527733,2.5634111833184363,1.0,0.9640062597809077,0.9442896935933147,0.751578947368421,0.750205338809035,0.0,0.055710306406685284,0.248421052631579,0.0719130875216294,0.4770384254920337,2.3496932515337425,1067.0,0.6354264292408622,0.06396255850234
2025,LA,00-0026498,0.06307135461832654,-0.6663935422897339,1.0,1.0,1.0,0.5596707818930041,0.6827760891590678,0.0,0.0,0.4403292181069959,0.0177456291742655,0.4697265625,2.109756097560976,1024.0,0.5791015625,0.0523648648648648
2025,LAC,00-0036355,0.11502738701825467,1.9455949700984758,1.0,1.0,0.2064343163538874,0.7053364269141531,0.5826662397267585,0.0,0.7935656836461126,0.2946635730858469,0.038328880523376,0.418932527693857,2.2658959537572256,993.0,0.5881168177240684,0.0794223826714801
2025,LV,00-0035289,-0.14074798970879687,0.5195482663836768,0.0,0.3735294117647059,0.2305194805194805,0.8308977035490606,0.6049437701814944,0.0,0.7694805194805194,0.16910229645093944,-0.142664324546209,0.4051477597712107,1.6467391304347827,1049.0,0.667302192564347,0.0732064421669106
2025,MIA,00-0036212,0.20206701554388176,3.780917965413369,1.0,0.6634920634920635,0.771505376344086,0.6109839816933639,0.7083422459893047,0.0,0.228494623655914,0.3890160183066361,-0.038424799940396,0.4435107376283846,1.9491525423728813,1071.0,0.611577964519141,0.0677165354330708
2025,MIN,00-0034869,0.06298396480570656,3.8546484268129104,0.0,0.003355704697986577,0.8227513227513228,0.8932714617169374,0.8789393525207952,0.0,0.1772486772486772,0.10672853828306261,0.0172830200029971,0.4562256809338521,2.308988764044944,1028.0,0.607976653696498,0.0820770519262981
2025,NE,00-0039851,-0.08765946930449686,2.835872181639168,1.0,0.6424870466321243,0.9444444444444444,0.9373493975903614,0.9426167754897036,0.0,0.05555555555555558,0.0626506024096386,-0.0857142868521753,0.4228121927236971,1.5965909090909092,1017.0,0.6243854473942969,0.0891938250428816
2025,NO,00-0031280,0.15032069573982054,3.2763743275449477,1.0,1.0,0.7672413793103449,0.8979057591623036,0.8538256648193495,0.0,0.23275862068965514,0.10209424083769636,-0.0553482945589061,0.4070450097847358,1.88135593220339,1022.0,0.6007827788649707,0.0626057529610829
2025,NYG,00-0035710,-0.08632252333201408,1.4571249014947694,0.0,0.0015772870662460567,1.0,0.9957081545064378,0.9973088685015291,0.0,0.0,0.0042918454935622075,-0.103387450907187,0.407088122605364,1.5142857142857142,1044.0,0.6350574712643678,0.075
2025,NYJ,00-0023459,-0.003883977380211274,-2.5839792669449055,0.0,0.03554868624420402,1.0,0.5337552742616034,0.6938838233787521,0.0,0.0,0.4662447257383966,-0.0146661523423058,0.4248756218905473,1.9585798816568047,1005.0,0.6616915422885572,0.0612557427258805
2025,PHI,00-0036389,0.10273232052159667,7.52145761768975,1.0,0.9065040650406504,0.8278145695364238,0.9367816091954023,0.9132841328413284,0.0,0.17218543046357615,0.06321839080459768,0.1143728235764174,0.452621895124195,2.708333333333333,1087.0,0.4912603495860165,0.0912778904665314
2025,PIT,00-0029263,-0.010826850831681816,4.471781197326635,0.0,0.001834862385321101,0.28169014084507044,0.5146198830409356,0.47413182140326005,0.0,0.7183098591549295,0.48538011695906436,-0.0323228579113905,0.4050751879699248,1.9574468085106385,1064.0,0.5488721804511278,0.0895795246800731
2025,SEA,00-0030565,0.010047049998870091,5.639533668971664,0.0,0.0015503875968992248,1.0,0.42701525054466233,0.6434948339853546,0.0,0.0,0.5729847494553377,-0.0271316260050647,0.4403940886699507,1.9322033898305084,1015.0,0.6600985221674877,0.0833333333333333
2025,SF,00-0037834,0.1646013173201706,2.0625835928049954,1.0,0.8561278863232682,0.5335365853658537,0.7322274881516587,0.7085235113045324,0.0,0.4664634146341463,0.2677725118483413,0.0707521001002199,0.4614624505928854,2.2294117647058824,1012.0,0.6037549407114624,0.0638297872340425
2025,TB,00-0034855,0.1776213446010228,3.6040242350398435,1.0,1.0,1.0,0.9502262443438914,0.9753794266441819,0.0,0.0,0.04977375565610864,0.1312489562786257,0.4949121184088806,2.7942857142857145,1081.0,0.603145235892692,0.065252854812398
2025,TEN,00-0039152,-0.1918857664919935,-0.4322967913052807,1.0,0.5906735751295337,0.997275204359673,0.5206812652068127,0.6488244692992469,0.0,0.0027247956403270157,0.4793187347931873,-0.118709653600725,0.3976608187134502,1.619047619047619,1026.0,0.5964912280701754,0.0893470790378006
2025,WAS,00-0039910,0.10161034063481955,3.5467726192608833,1.0,0.9982517482517482,0.4717514124293785,0.7216981132075472,0.6852676362916789,0.0,0.5282485875706215,0.2783018867924528,0.1378943419927037,0.4838709677419355,2.823529411764706,1085.0,0.5972350230414747,0.0868055555555555
2026,ARI,00-0033119,-0.010441644041500473,1.6353199922803716,1.0,0.7482319660537482,0.5308219178082192,0.8701825557809331,0.7647954522383514,0.0,0.4691780821917808,0.12981744421906694,-0.0169024199221669,0.4308411214953271,2.0177514792899407,1070.0,0.6962616822429907,0.0830985915492957
2026,ATL,00-0039917,-0.0074993531720712915,-3.6196675941799628,1.0,0.5088028169014085,0.6742596810933941,0.6616541353383458,0.7431943853679286,0.0,0.32574031890660593,0.33834586466165417,-0.0216575411871787,0.437015503875969,1.9885714285714289,1032.0,0.564922480620155,0.0455341506129597
2026,BAL,00-0034796,0.020110755439544326,1.758682671292075,1.0,0.8857758620689655,0.8469387755102041,0.7005988023952096,0.784904853538593,0.0,0.15306122448979587,0.29940119760479045,0.0339165224164869,0.4454926624737945,2.409356725146199,954.0,0.5251572327044025,0.0965665236051502
2026,BUF,00-0034857,0.13172468436606824,3.5148585914226063,1.0,0.9344569288389513,0.9952267303102625,0.8593350383631714,0.91994301994302,0.0,0.004773269689737458,0.14066496163682862,0.1409795589130108,0.4876893939393939,2.7976190476190474,1056.0,0.553030303030303,0.0736648250460405
2026,CAR,00-0039150,-0.041646842231101266,0.9989204774568746,1.0,0.9178832116788321,0.3938618925831202,0.9329896907216495,0.736052508204407,0.0,0.6061381074168798,0.0670103092783505,-0.036707442210436,0.4318869828456105,1.9056603773584904,991.0,0.5872855701311807,0.0635208711433756
2026,CHI,00-0039918,0.07496510757758083,-3.5054313989193266,1.0,0.9983221476510067,0.9975,0.6430155210643016,0.7866767336508304,0.0,0.0024999999999999467,0.3569844789356984,0.0796108220212215,0.4577981651376147,2.4318181818181817,1090.0,0.5871559633027523,0.04
2026,CIN,00-0036442,0.10672640609688219,4.6542982120187055,1.0,0.799405646359584,1.0,0.9173387096774194,0.9446731118981526,0.0,0.0,0.08266129032258063,-0.0077901941366226,0.4549808429118774,2.310344827586207,1044.0,0.6580459770114943,0.053175775480059
2026,CLE,00-0040668,-0.2988679217050534,-4.999649264873603,1.0,0.7232289950576606,0.9121813031161473,0.8678304239401496,0.8485804416403786,0.0,0.08781869688385269,0.13216957605985036,-0.1892249184882239,0.345703125,1.3193717277486912,1024.0,0.6240234375,0.083743842364532
2026,DAL,00-0033077,0.1623467050463513,2.1645571220002764,1.0,1.0,0.9477806788511749,0.9352380952380952,0.9477943095797442,0.0,0.052219321148825104,0.0647619047619048,0.095231213362977,0.4650317892824704,2.5953757225433525,1101.0,0.6185286103542235,0.0474006116207951
2026,DEN,00-0039732,0.08634991093546601,-1.1956391265011979,1.0,1.0,1.0,0.9913978494623656,0.9963216511699191,0.0,0.0,0.008602150537634357,0.0478145530765233,0.4408201304753029,2.162921348314607,1073.0,0.625349487418453,0.0359375
2026,DET,00-0033106,0.17447773411323916,1.776595577433869,1.0,0.9919224555735057,0.6044226044226044,0.8805620608899297,0.8124603413151652,0.0,0.3955773955773956,0.11943793911007028,0.0812783998735224,0.4523809523809524,2.587912087912088,1050.0,0.5942857142857143,0.0630048465266559
2026,GB,00-0036264,0.23654977974048985,5.532957348800344,1.0,0.8878143133462283,0.6761658031088082,0.599476439790576,0.6652564780539397,0.0,0.32383419689119175,0.40052356020942403,0.112966237460608,0.4762865792129162,2.5128205128205128,991.0,0.557013118062563,0.0558766859344894
2026,HOU,00-0039163,0.09418684813203336,0.3576733524959878,1.0,1.0,0.6416040100250626,0.8571428571428571,0.8270464180889227,0.0,0.3583959899749374,0.1428571428571429,-0.0095543825730433,0.4141791044776119,2.053763440860215,1072.0,0.6007462686567164,0.0504065040650406
2026,IND,00-0035710,0.14771869846996558,2.2971419322906166,1.0,0.8310104529616724,0.938337801608579,0.7184035476718403,0.7938203869477332,0.0,0.06166219839142095,0.28159645232815966,0.0752425617691284,0.4641434262948207,2.761904761904762,1004.0,0.5966135458167331,0.05
2026,JAX,00-0036971,0.05801075191307396,-1.8817637855296625,1.0,1.0,0.289544235924933,0.8113207547169812,0.6431676030955158,0.0,0.710455764075067,0.18867924528301883,0.0332451189950229,0.4448598130841121,2.453038674033149,1070.0,0.6018691588785047,0.0679933665008291
2026,KC,00-0033873,0.1259025808945741,0.3364148339055809,1.0,0.9490445859872612,0.13095238095238096,0.738562091503268,0.573853060330669,0.0,0.8690476190476191,0.261437908496732,0.0338739619772503,0.4440191387559808,2.201219512195122,1045.0,0.6574162679425838,0.0744849445324881
2026,LA,00-0026498,0.22915007054383085,1.5916259021594608,1.0,1.0,1.0,0.9709864603481625,0.9774544291653342,0.0,0.0,0.029013539651837505,0.144787485435621,0.5179924242424242,2.913793103448276,1056.0,0.5909090909090909,0.0372771474878444
2026,LAC,00-0036355,0.007961748799530537,1.5749285819559444,1.0,1.0,0.8969359331476323,0.67590618336887,0.7904139433551197,0.0,0.10306406685236769,0.32409381663113,-0.0244763529042726,0.4309545875810936,2.127906976744186,1079.0,0.6311399443929564,0.096
2026,LV,00-0030565,-0.14713269773243742,0.7071255871625705,0.0,0.03993055555555555,0.8892508143322475,0.7839195979899497,0.8387725913405277,0.0,0.11074918566775249,0.2160804020100503,-0.2151523159153051,0.3759318423855165,1.3579545454545454,939.0,0.6368477103301384,0.1107266435986159
2026,MIA,00-0036212,0.02135804618654237,2.020270698438815,0.0,0.1766990291262136,1.0,0.3256484149855908,0.6144175649056018,0.0,0.0,0.6743515850144093,-0.0159737928162594,0.4195953141640042,1.988304093567252,939.0,0.564430244941427,0.0733590733590733
2026,MIN,00-0039923,-0.1972774621604952,-5.7238704704937815,1.0,0.998158379373849,0.936231884057971,0.8479381443298969,0.8671432902182699,0.0,0.06376811594202902,0.1520618556701031,-0.1162169648282898,0.4259850905218317,1.8857142857142857,939.0,0.6080937167199149,0.109689213893967
2026,NE,00-0039851,0.2964840099966335,10.781274739084607,1.0,0.98,0.8975741239892183,0.678391959798995,0.7793929420369353,0.0,0.10242587601078168,0.321608040201005,0.1565629896053371,0.4832347140039448,2.7228915662650603,1014.0,0.6045364891518737,0.0872727272727272
2026,NO,00-0040743,-0.019882583410795063,1.6081743202512226,1.0,0.9905362776025236,0.9366666666666666,0.7078189300411523,0.781080394466385,0.0,0.06333333333333335,0.29218106995884774,-0.0856240864297312,0.4203581526861451,1.662790697674419,1061.0,0.6314797360980208,0.0771653543307086
2026,NYG,00-0040691,-0.021197226477748344,-0.19310220034289144,1.0,0.774869109947644,1.0,0.5607940446650124,0.7399945855705455,0.0,0.0,0.43920595533498763,0.010318095771452,0.4195348837209302,2.215568862275449,1075.0,0.5804651162790697,0.0833333333333333
2026,NYJ,00-0036945,-0.10456460212384833,-1.8688385634078193,0.0,0.3176043557168784,0.9519519519519519,0.7082228116710876,0.8113872979149621,0.0,0.048048048048048075,0.2917771883289124,-0.1319364119479954,0.4045954045954046,1.502824858757062,1001.0,0.6073926073926074,0.1079136690647482
2026,PHI,00-0036389,0.0569651743300967,3.183331087545712,1.0,1.0,0.967032967032967,0.5645569620253165,0.7226344024654721,0.0,0.03296703296703296,0.43544303797468353,0.0267519586244627,0.4314516129032258,2.0632183908045976,992.0,0.5776209677419355,0.0657894736842105
2026,PIT,00-0023459,0.026639556644583038,0.041686901349132346,1.0,1.0,0.6770538243626062,0.5807291666666666,0.6037411309395829,0.0,0.3229461756373938,0.41927083333333337,0.0245712479365909,0.4394250513347023,2.220238095238096,974.0,0.6078028747433265,0.0533562822719449
2026,SEA,00-0034869,0.12188812622166233,5.238201764893374,1.0,1.0,0.4850574712643678,0.9923469387755102,0.8264007597340931,0.0,0.5149425287356322,0.007653061224489832,0.0297156049073234,0.4617706237424547,2.3812154696132595,994.0,0.5211267605633803,0.0533596837944664
2026,SF,00-0036972,0.12716966060291587,3.6785669249596356,1.0,1.0,0.771712158808933,0.5842105263157895,0.7086079685194294,0.0,0.22828784119106704,0.4157894736842105,0.0890629779333512,0.4830188679245283,2.624242424242424,1060.0,0.5886792452830188,0.044776119402985
2026,TB,00-0034855,-0.0029205100745808405,-2.1161465592809603,1.0,0.9714285714285714,0.6608040201005025,0.734966592427617,0.7131624299870745,0.0,0.33919597989949746,0.26503340757238303,-0.0055652394229806,0.4247871333964049,2.1206896551724137,1057.0,0.6035950804162725,0.0632279534109817
2026,TEN,00-0040676,-0.19175779303877188,-2.9296753610781057,1.0,0.9502407704654896,1.0,0.6238532110091743,0.774886141834743,0.0,0.0,0.37614678899082565,-0.1596687666347311,0.3738693467336683,1.446927374301676,995.0,0.6492462311557788,0.0898876404494382
2026,WAS,00-0032268,-0.004316905726969723,3.1971061655453274,1.0,0.892,0.6347826086956522,0.4297082228116711,0.5260296159185561,0.0,0.3652173913043478,0.5702917771883289,0.0071729149616577,0.4567901234567901,2.150943396226415,972.0,0.5802469135802469,0.073558648111332
