season,team,plays,games,epa_play,success_rate,yards_play,explosive_rate,pass_rate,plays_per_game,proe,neutral_pass_rate,early_down_pass_rate,redzone_pass_rate,drive_scoring_points_per_drive_proxy,n_drives,redzone_td_rate,seconds_per_play
1999,ARI,982,16,-0.19572142878023202,0.3533604887983707,4.0784114052953155,0.062118126272912425,0.6384928716904277,61.375,,0.5697940503432495,0.5555555555555556,0.4782608695652174,1.103960396039604,202,0.5121951219512195,
1999,ATL,914,16,-0.11660110988442277,0.3730853391684901,4.915754923413567,0.07768052516411379,0.6083150984682714,57.125,,0.547911547911548,0.5458392101551481,0.5660377358490566,1.4207650273224044,184,0.5365853658536586,
1999,BAL,955,15,-0.13946029543524296,0.3539267015706806,4.676439790575916,0.07853403141361257,0.6115183246073298,63.666666666666664,,0.576837416481069,0.5347885402455662,0.48672566371681414,1.3990147783251232,204,0.38095238095238093,
1999,BUF,1023,16,-0.020228858373840194,0.40175953079178883,5.191593352883675,0.08211143695014662,0.5884652981427175,63.9375,,0.5620608899297423,0.5166666666666667,0.49640287769784175,1.6630434782608696,186,0.47058823529411764,
1999,CAR,963,16,0.014542104450210973,0.4205607476635514,5.844236760124611,0.10176531671858775,0.6656282450674974,60.1875,,0.617948717948718,0.603494623655914,0.6153846153846154,2.1518324607329844,195,0.48148148148148145,
1999,CHI,1091,16,-0.08114441194271461,0.3987167736021998,4.992667277726856,0.076076993583868,0.6801099908340972,68.1875,,0.6186770428015564,0.6253041362530414,0.6722689075630253,1.2871287128712872,203,0.38095238095238093,
1999,CIN,1012,16,-0.07535289605851817,0.40118577075098816,5.08399209486166,0.07608695652173914,0.650197628458498,63.25,,0.5851648351648352,0.6171052631578947,0.5796178343949044,1.3421052631578947,190,0.42592592592592593,
1999,CLE,853,16,-0.12692794751964334,0.3481828839390387,4.351699882766706,0.06799531066822978,0.6729191090269636,53.3125,,0.5944700460829493,0.616822429906542,0.5921052631578947,1.1912568306010929,183,0.7241379310344828,
1999,DAL,997,16,-0.016707815413191236,0.39518555667001004,5.152457372116349,0.09829488465396188,0.5275827482447342,62.3125,,0.5355648535564853,0.46344647519582244,0.4296875,1.6349206349206349,189,0.574468085106383,
1999,DEN,1033,16,-0.04874158656373864,0.40077444336882867,5.060987415295257,0.07938044530493708,0.5866408518877058,64.5625,,0.571157495256167,0.5340050377833753,0.44366197183098594,1.5104166666666667,193,0.3958333333333333,
1999,DET,951,16,-0.06506112387729111,0.38275499474237645,5.0988433228180865,0.08622502628811778,0.668769716088328,59.4375,,0.6402569593147751,0.5938375350140056,0.574468085106383,1.5080213903743316,187,0.5833333333333334,
1999,GB,1008,16,-0.03612242608702954,0.40476190476190477,5.333333333333333,0.09325396825396826,0.6418650793650794,63.0,,0.6060037523452158,0.5795454545454546,0.6394557823129252,1.7210526315789474,191,0.5084745762711864,
1999,IND,949,16,0.054305186827831,0.41201264488935724,5.859852476290833,0.09799789251844046,0.5922023182297155,59.3125,,0.6124721603563474,0.5224274406332454,0.5314685314685315,2.189944134078212,180,0.48214285714285715,
1999,JAX,1060,16,0.048139489071705316,0.42830188679245285,5.2377358490566035,0.08396226415094339,0.5735849056603773,66.25,,0.5867924528301887,0.5103030303030303,0.45901639344262296,1.9175824175824177,184,0.46153846153846156,
1999,KC,1029,16,-0.006927355024915957,0.391642371234208,5.141885325558795,0.08357628765792031,0.5131195335276968,64.3125,,0.47717842323651455,0.46262886597938147,0.39,1.5072463768115942,209,0.625,
1999,LA,894,15,0.1451768847588268,0.47144456886898095,6.625279642058166,0.12416107382550336,0.5906040268456376,59.6,,0.6473988439306358,0.5508474576271186,0.5503875968992248,2.458823529411765,170,0.6730769230769231,
1999,LAC,1021,16,-0.15181220555746383,0.3555337904015671,4.357492654260529,0.061704211557296766,0.6258570029382958,63.8125,,0.5915221579961464,0.5525291828793775,0.5695364238410596,1.260204081632653,196,0.38,
1999,LV,1039,16,0.0408949918946653,0.42540904716073147,5.433108758421559,0.10009624639076034,0.5717035611164581,64.9375,,0.570631970260223,0.5091575091575091,0.4472049689440994,1.931578947368421,190,0.5645161290322581,
1999,MIA,1049,16,-0.12197380266233278,0.3755958055290753,4.638703527168732,0.08293612964728313,0.6015252621544328,65.5625,,0.5584415584415584,0.5410447761194029,0.5448717948717948,1.5572139303482586,201,0.41509433962264153,
1999,MIN,962,16,0.013114045579781053,0.44386694386694386,5.944906444906445,0.11538461538461539,0.5883575883575883,60.125,,0.5912863070539419,0.5272244355909694,0.45517241379310347,2.0164835164835164,185,0.5333333333333333,
1999,NE,994,16,-0.11637137553863876,0.37122736418511065,5.083501006036217,0.08148893360160966,0.6096579476861167,62.125,,0.5770833333333333,0.5447368421052632,0.43846153846153846,1.3585858585858586,202,0.3829787234042553,
1999,NO,1031,16,-0.13575791827122352,0.36566440349175555,4.79243452958293,0.08244422890397672,0.5926285160038798,64.4375,,0.522,0.5328282828282829,0.4666666666666667,1.228855721393035,203,0.43478260869565216,
1999,NYG,1054,16,-0.09577766592836226,0.38425047438330173,4.8538899430740035,0.0683111954459203,0.6347248576850095,65.875,,0.5588235294117647,0.5804455445544554,0.5774647887323944,1.3969072164948453,194,0.5348837209302325,
1999,NYJ,973,16,-0.032400861681548994,0.3895169578622816,4.861253854059609,0.08324768756423433,0.5560123329907503,60.8125,,0.5288640595903166,0.5062068965517241,0.5038759689922481,1.518716577540107,187,0.42,
1999,PHI,923,16,-0.19873094229080965,0.3315276273022752,4.1105092091007585,0.06608884073672806,0.6121343445287107,57.6875,,0.5623471882640587,0.5345080763582967,0.620253164556962,1.1044776119402986,202,0.41379310344827586,
1999,PIT,1040,16,-0.07022146547862293,0.41634615384615387,4.617307692307692,0.0673076923076923,0.5865384615384616,65.0,,0.5625,0.538558786346397,0.5,1.528205128205128,196,0.5384615384615384,
1999,SEA,948,16,-0.08654356419263226,0.3829113924050633,5.0548523206751055,0.09282700421940929,0.5981012658227848,59.25,,0.6278026905829597,0.5454545454545454,0.5,1.6062176165803108,195,0.4666666666666667,
1999,SF,991,16,-0.0421913280900789,0.4177598385469223,5.369323915237135,0.08779011099899092,0.627648839556004,61.9375,,0.5571776155717761,0.5706806282722513,0.5702479338842975,1.4438202247191012,178,0.4666666666666667,
1999,TB,968,16,-0.15160627415284408,0.35020661157024796,4.333677685950414,0.07954545454545454,0.53099173553719,60.5,,0.5346534653465347,0.45228215767634855,0.49137931034482757,1.280612244897959,199,0.375,
1999,TEN,982,16,0.009795515210877978,0.40427698574338083,5.3370672097759675,0.08757637474541752,0.59979633401222,61.375,,0.592901878914405,0.5508586525759577,0.5035971223021583,1.8177083333333333,194,0.6037735849056604,
1999,WAS,999,16,0.07542953653840725,0.44344344344344344,5.901901901901902,0.11211211211211211,0.5725725725725725,62.4375,,0.5404761904761904,0.5153846153846153,0.36879432624113473,2.141361256544503,191,0.6078431372549019,
2000,ARI,920,16,-0.15433958049893245,0.3858695652173913,4.803260869565217,0.07717391304347826,0.6521739130434783,57.5,,0.5729442970822282,0.5962643678160919,0.576,1.1477272727272727,177,0.34782608695652173,
2000,ATL,912,16,-0.22816774991484576,0.3607456140350877,4.316885964912281,0.06469298245614036,0.6348684210526315,57.0,,0.5653153153153153,0.5732574679943101,0.56,1.1703296703296704,182,0.358974358974359,
2000,BAL,1049,16,-0.06035233825875739,0.4013346043851287,4.694947569113442,0.08579599618684461,0.5376549094375596,65.5625,,0.545816733067729,0.44746600741656367,0.4472049689440994,1.5714285714285714,196,0.3888888888888889,
2000,BUF,1009,15,-0.05797729916259412,0.40336967294350845,5.153617443012884,0.09018830525272548,0.6144697720515362,67.26666666666667,,0.5901328273244781,0.5404699738903395,0.4892086330935252,1.5454545454545454,198,0.48214285714285715,
2000,CAR,970,16,-0.08175934735238942,0.40515463917525774,4.749484536082474,0.0711340206185567,0.6649484536082474,60.625,,0.6680497925311203,0.6289473684210526,0.6107784431137725,1.5755813953488371,173,0.39655172413793105,
2000,CHI,980,16,-0.13975949870613313,0.39183673469387753,4.579591836734694,0.06326530612244897,0.6214285714285714,61.25,,0.5625,0.5475543478260869,0.5416666666666666,0.9742268041237113,194,0.41379310344827586,
2000,CIN,974,16,-0.16953841307002482,0.34496919917864477,4.236139630390143,0.08829568788501027,0.5431211498973306,60.875,,0.4792176039119804,0.4766483516483517,0.4639175257731959,0.8677248677248677,189,0.4,
2000,CLE,849,16,-0.22128497003159847,0.31802120141342755,4.104829210836278,0.05653710247349823,0.6325088339222615,53.0625,,0.5440414507772021,0.571658615136876,0.4659090909090909,0.8,191,0.46875,
2000,DAL,932,16,-0.09348458254348789,0.40879828326180256,4.727467811158799,0.09120171673819742,0.5257510729613734,58.25,,0.46454767726161367,0.4666666666666667,0.39215686274509803,1.4864864864864864,187,0.5581395348837209,
2000,DEN,1100,16,0.08243378618831802,0.4531392174704277,5.868181818181818,0.10363636363636364,0.5590909090909091,68.75,,0.5717017208413002,0.5103448275862069,0.43478260869565216,2.1818181818181817,201,0.5522388059701493,
2000,DET,987,16,-0.14006469141583297,0.3691683569979716,4.458966565349544,0.06990881458966565,0.585612968591692,61.6875,,0.5809128630705395,0.5312084993359893,0.445859872611465,1.3560975609756099,206,0.4528301886792453,
2000,GB,1031,16,-0.018840256390277085,0.39961202715809896,5.102812803103783,0.07953443258971872,0.6246362754607178,64.4375,,0.5915178571428571,0.5692883895131086,0.5755395683453237,1.719387755102041,197,0.5384615384615384,
2000,IND,1011,16,0.11970017270841848,0.456973293768546,6.009891196834817,0.09594460929772503,0.5934718100890207,63.1875,,0.5652173913043478,0.5422885572139303,0.5608108108108109,2.2542372881355934,179,0.5892857142857143,
2000,JAX,1068,16,0.010374301452837856,0.41947565543071164,5.270599250936329,0.08146067415730338,0.5880149812734082,66.75,,0.5617283950617284,0.5347985347985348,0.4233128834355828,1.8434343434343434,198,0.4909090909090909,
2000,KC,923,15,-0.0032897577519344075,0.40520043336944744,5.596966413867822,0.09642470205850487,0.6446370530877573,61.53333333333333,,0.5995316159250585,0.623448275862069,0.5,1.6723163841807909,177,0.5098039215686274,
2000,LA,1002,16,0.1683884447376229,0.468063872255489,6.934131736526946,0.1277445109780439,0.6327345309381237,62.625,,0.6624472573839663,0.5908529048207664,0.5153061224489796,2.747311827956989,186,0.6493506493506493,
2000,LAC,913,15,-0.18547101314493708,0.3548740416210296,4.378970427163198,0.06900328587075576,0.6527929901423878,60.86666666666667,,0.5726872246696035,0.5928571428571429,0.5188679245283019,1.190721649484536,195,0.46153846153846156,
2000,LV,1004,16,0.09499029490020205,0.41832669322709165,5.600597609561753,0.09262948207171315,0.5507968127490039,62.75,,0.5659574468085107,0.4817610062893082,0.41530054644808745,2.265957446808511,189,0.5909090909090909,
2000,MIA,868,15,-0.04380883773906689,0.3847926267281106,4.709677419354839,0.07834101382488479,0.5,57.86666666666667,,0.5012531328320802,0.45045045045045046,0.4594594594594595,1.591160220994475,181,0.5813953488372093,
2000,MIN,947,16,0.11632740584242818,0.4498416050686378,6.23442449841605,0.11087645195353749,0.6071805702217529,59.1875,,0.5594059405940595,0.5448460508701473,0.5130434782608696,2.2701149425287355,176,0.5777777777777777,
2000,NE,1032,16,-0.09964952139757927,0.375,4.386627906976744,0.0562015503875969,0.6114341085271318,64.5,,0.553875236294896,0.5568475452196382,0.572289156626506,1.3814432989690721,195,0.47058823529411764,
2000,NO,1018,16,0.013306467356445252,0.4243614931237721,5.197445972495088,0.08546168958742632,0.5736738703339882,63.625,,0.52,0.5173299101412067,0.45161290322580644,1.7637362637362637,182,0.5333333333333333,
2000,NYG,1055,16,0.01194908417692929,0.4009478672985782,5.053080568720379,0.09004739336492891,0.5364928909952607,65.9375,,0.5379746835443038,0.45955882352941174,0.42105263157894735,1.6822916666666667,194,0.5681818181818182,
2000,NYJ,1050,16,-0.06337501335155818,0.3950381679389313,5.059047619047619,0.0761904761904762,0.6247619047619047,65.625,,0.581986143187067,0.587360594795539,0.5472972972972973,1.5024630541871922,205,0.5555555555555556,
2000,PHI,1005,16,-0.0052246136290388,0.4019900497512438,4.907462686567164,0.07661691542288557,0.6736318407960199,62.8125,,0.6916488222698073,0.6152849740932642,0.6484375,1.7379679144385027,188,0.5208333333333334,
2000,PIT,996,16,-0.05617582156496507,0.37889447236180906,4.678714859437751,0.09136546184738956,0.5190763052208835,62.25,,0.5564516129032258,0.44152431011826543,0.33557046979865773,1.5368421052631578,191,0.48,
2000,SEA,944,16,-0.05088491670740572,0.4014830508474576,4.889830508474576,0.06673728813559322,0.6048728813559322,59.0,,0.5694117647058824,0.5537190082644629,0.5390625,1.5363128491620113,180,0.6222222222222222,
2000,SF,1000,16,0.09931081600452132,0.43,5.961,0.1,0.648,62.5,,0.6268656716417911,0.5956354300385109,0.6125,2.0662983425414363,183,0.6129032258064516,
2000,TB,940,16,-0.02329572791234986,0.39574468085106385,4.8138297872340425,0.07765957446808511,0.5457446808510639,58.75,,0.5253164556962026,0.4801641586867305,0.4411764705882353,1.7777777777777777,192,0.5918367346938775,
2000,TEN,1021,16,-0.04020232624461111,0.395690499510284,5.095004897159647,0.08031341821743389,0.5122428991185113,63.8125,,0.5183044315992292,0.4369426751592357,0.44966442953020136,1.5729166666666667,193,0.47368421052631576,
2000,WAS,1017,16,-0.02314448987182137,0.4110127826941986,5.2507374631268435,0.0855457227138643,0.5860373647984267,63.5625,,0.5757009345794393,0.5275689223057645,0.40145985401459855,1.486910994764398,195,0.5102040816326531,
2001,ARI,952,16,-0.03518877447276246,0.38865546218487396,5.151260504201681,0.08823529411764706,0.6050420168067226,59.5,,0.5359342915811088,0.5413839891451832,0.5,1.4388888888888889,180,0.45454545454545453,
2001,ATL,987,16,-0.06768064902105969,0.38703140830800403,5.137791286727457,0.08915906788247213,0.5866261398176292,61.6875,,0.5218253968253969,0.5312084993359893,0.4296875,1.5133689839572193,187,0.44,
2001,BAL,1077,16,-0.11656397354985307,0.38347260909935005,4.757660167130919,0.0882079851439183,0.5608170844939647,67.3125,,0.5293005671077504,0.4856115107913669,0.38235294117647056,1.4504950495049505,202,0.44642857142857145,
2001,BUF,1008,16,-0.07204077763938915,0.38591269841269843,5.096230158730159,0.07837301587301587,0.6299603174603174,63.0,,0.527542372881356,0.5501955671447197,0.638095238095238,1.3135135135135134,185,0.5,
2001,CAR,963,16,-0.2097777980301019,0.35202492211838005,4.419522326064382,0.07372793354101766,0.6573208722741433,60.1875,,0.6,0.5975103734439834,0.553030303030303,1.1111111111111112,198,0.5,
2001,CHI,1015,16,-0.06946441432550318,0.3891625615763547,4.626600985221675,0.07881773399014778,0.5379310344827586,63.4375,,0.5659655831739961,0.4669260700389105,0.5666666666666667,1.5384615384615385,195,0.46511627906976744,
2001,CIN,1071,16,-0.09792548748698869,0.38375350140056025,4.481792717086835,0.0718954248366013,0.6003734827264239,66.9375,,0.5384615384615384,0.5341614906832298,0.5555555555555556,1.0769230769230769,195,0.4318181818181818,
2001,CLE,934,16,-0.12988898458197712,0.35867237687366166,4.445396145610278,0.07387580299785867,0.576017130620985,58.375,,0.5726315789473684,0.5063291139240507,0.5625,1.3010204081632653,196,0.43478260869565216,
2001,DAL,950,16,-0.13976292790277844,0.3568421052631579,4.633684210526316,0.10421052631578948,0.4863157894736842,59.375,,0.4444444444444444,0.41307371349095967,0.4444444444444444,1.1702127659574468,188,0.3469387755102041,
2001,DEN,1034,16,-0.050541359023215056,0.41876208897485495,4.658607350096712,0.06479690522243714,0.5599613152804642,64.625,,0.5318275154004107,0.5118012422360249,0.47468354430379744,1.6615384615384616,195,0.5178571428571429,
2001,DET,1025,16,-0.13076847572423594,0.3795121951219512,4.873170731707317,0.08195121951219513,0.6848780487804879,64.0625,,0.5949367088607594,0.631578947368421,0.5867768595041323,1.2925531914893618,188,0.5714285714285714,
2001,GB,940,16,0.03286411272583328,0.4117021276595745,5.8138297872340425,0.09893617021276596,0.575531914893617,58.75,,0.5807860262008734,0.519674355495251,0.5581395348837209,1.8963730569948187,193,0.5510204081632653,
2001,IND,1021,16,-0.005940879958911392,0.4446620959843291,5.833496571988247,0.10871694417238002,0.5905974534769833,63.8125,,0.5821782178217821,0.5315203955500618,0.5,1.9743589743589745,195,0.6170212765957447,
2001,JAX,969,16,-0.3031461161663588,0.4004127966976264,4.994840041279669,0.0846233230134159,0.6491228070175439,60.5625,,0.6455696202531646,0.5936675461741425,0.5684931506849316,0.7916666666666666,193,0.24528301886792453,
2001,KC,1012,16,0.00845012261176178,0.43478260869565216,5.605731225296442,0.11166007905138339,0.5849802371541502,63.25,,0.5402061855670103,0.5336658354114713,0.4429530201342282,1.631578947368421,190,0.48148148148148145,
2001,LA,1006,16,0.1324732557803954,0.48656716417910445,6.651093439363817,0.1272365805168986,0.5984095427435387,62.875,,0.6682808716707022,0.5610972568578554,0.4722222222222222,2.585635359116022,181,0.671875,
2001,LAC,1009,16,-0.017557314302807787,0.39544103072348863,5.153617443012884,0.08225966303270565,0.6065411298315163,63.0625,,0.6055555555555555,0.5555555555555556,0.5168539325842697,1.5025641025641026,195,0.38461538461538464,
2001,LV,1029,16,0.07047541736319067,0.4577259475218659,5.210884353741497,0.0728862973760933,0.6015549076773566,64.3125,,0.6295620437956204,0.550185873605948,0.53125,1.9623655913978495,186,0.5737704918032787,
2001,MIA,953,16,-0.021551953285001483,0.4092339979013641,5.0587618048268626,0.07869884575026233,0.5435466946484785,59.5625,,0.5146726862302483,0.48204419889502764,0.5347222222222222,1.6593406593406594,182,0.5333333333333333,
2001,MIN,977,16,-0.05773637243036922,0.42374616171954965,5.30706243602866,0.07881269191402251,0.6704196519959058,61.0625,,0.6074561403508771,0.6136363636363636,0.6728971962616822,1.5164835164835164,182,0.4634146341463415,
2001,NE,1000,16,-0.03545351849381911,0.40540540540540543,4.883,0.078,0.536,62.5,,0.5362318840579711,0.48556430446194226,0.4676258992805755,1.7608695652173914,184,0.4807692307692308,
2001,NO,1031,16,-0.07273878174659373,0.3773035887487876,5.06886517943744,0.09020368574199807,0.6362754607177498,64.4375,,0.5525210084033614,0.5750636132315522,0.6206896551724138,1.663265306122449,196,0.5178571428571429,
2001,NYG,1028,16,-0.04484185411865668,0.39980544747081714,5.189688715953308,0.10116731517509728,0.5982490272373541,64.25,,0.5341130604288499,0.5320754716981132,0.5934959349593496,1.4307692307692308,195,0.5238095238095238,
2001,NYJ,927,16,-0.03360713223684471,0.40756756756756757,5.1736785329018335,0.11231101511879049,0.5285868392664509,57.9375,,0.4915254237288136,0.4811188811188811,0.4344262295081967,1.52,175,0.4222222222222222,
2001,PHI,973,16,-0.04249240063111395,0.3895169578622816,5.060637204522097,0.08838643371017471,0.6310380267214799,60.8125,,0.6502463054187192,0.584573748308525,0.644927536231884,1.545,200,0.5555555555555556,
2001,PIT,1064,16,0.05937226440797511,0.42199248120300753,5.533834586466165,0.1193609022556391,0.48872180451127817,66.5,,0.5406976744186046,0.4264705882352941,0.4084507042253521,1.7513812154696133,181,0.38181818181818183,
2001,SEA,980,16,-0.03236642083744496,0.3795918367346939,4.869387755102041,0.08571428571428572,0.5459183673469388,61.25,,0.5432595573440644,0.488,0.4752475247524752,1.424731182795699,186,0.5263157894736842,
2001,SF,1040,16,0.08645972884306365,0.44519230769230766,5.471153846153846,0.09423076923076923,0.5528846153846154,65.0,,0.578494623655914,0.49443757725587145,0.4968152866242038,2.143646408839779,181,0.6481481481481481,
2001,TB,1040,16,-0.03791338771379993,0.3894230769230769,4.519230769230769,0.06826923076923076,0.6288461538461538,65.0,,0.5968688845401174,0.5470514429109159,0.5816993464052288,1.5901639344262295,183,0.4727272727272727,
2001,TEN,1026,16,-0.014554077424506482,0.3966861598440546,5.216374269005848,0.08284600389863547,0.5925925925925926,64.125,,0.5412667946257198,0.5218508997429306,0.4796747967479675,1.5561224489795917,196,0.5609756097560976,
2001,WAS,960,16,-0.10665509649531803,0.38333333333333336,4.619791666666667,0.08854166666666667,0.5114583333333333,60.0,,0.5029126213592233,0.45290858725761773,0.4,1.2447916666666667,192,0.41304347826086957,
2002,ARI,1001,16,-0.11264583591317322,0.3756243756243756,4.559440559440559,0.07492507492507493,0.6183816183816184,62.5625,,0.5588865096359743,0.5527704485488126,0.5317460317460317,1.2780748663101604,187,0.5476190476190477,
2002,ATL,1027,16,0.024909660729781787,0.4148003894839338,5.403115871470302,0.09639727361246349,0.5657254138266796,64.1875,,0.5618661257606491,0.506832298136646,0.4088397790055249,2.0591397849462365,186,0.5081967213114754,
2002,BAL,933,16,-0.06916967956057272,0.4115755627009646,4.984994640943194,0.0857449088960343,0.5744908896034298,58.3125,,0.5625,0.49363507779349364,0.4380952380952381,1.5027932960893855,179,0.5238095238095238,
2002,BUF,1050,16,0.013195180103794918,0.4676190476190476,5.328571428571428,0.08666666666666667,0.6419047619047619,65.625,,0.6032315978456014,0.589588377723971,0.5636363636363636,1.9781420765027322,183,0.5254237288135594,
2002,CAR,947,16,-0.19089584576398197,0.34318901795142553,4.536430834213305,0.09503695881731784,0.5533262935586061,59.1875,,0.5340909090909091,0.4957983193277311,0.43157894736842106,1.1127450980392157,204,0.5121951219512195,
2002,CHI,966,16,-0.1497700831855188,0.391304347826087,4.552795031055901,0.07763975155279502,0.6231884057971014,60.375,,0.5795677799607073,0.5673469387755102,0.5360824742268041,1.3979591836734695,196,0.5853658536585366,
2002,CIN,1046,16,-0.07017698861091277,0.43021032504780116,4.98565965583174,0.06500956022944551,0.612810707456979,65.375,,0.5391923990498813,0.5523329129886507,0.5333333333333333,1.404494382022472,178,0.46511627906976744,
2002,CLE,986,16,-0.014705410191066384,0.40872210953346855,5.105476673427992,0.0821501014198783,0.6075050709939148,61.625,,0.5603960396039604,0.5450928381962865,0.6186440677966102,1.7567567567567568,185,0.5454545454545454,
2002,DAL,946,16,-0.1950635263077884,0.3699788583509514,4.6257928118393234,0.09523809523809523,0.5866807610993657,59.125,,0.5355871886120996,0.5262430939226519,0.6031746031746031,0.8817733990147784,203,0.4,
2002,DEN,1046,16,0.06853891084229857,0.49235181644359466,5.832695984703633,0.08986615678776291,0.5927342256214149,65.375,,0.5523385300668151,0.5528554070473876,0.48366013071895425,2.0898876404494384,178,0.5964912280701754,
2002,DET,952,16,-0.1668741021662439,0.33508403361344535,4.70063025210084,0.08508403361344538,0.6397058823529411,59.5,,0.5932914046121593,0.5628491620111732,0.5808823529411765,1.3520408163265305,196,0.4166666666666667,
2002,GB,1051,16,-0.0063549995805005565,0.4319695528068506,5.29686013320647,0.08943862987630828,0.5899143672692674,65.6875,,0.569811320754717,0.5325953259532595,0.5923566878980892,1.9322916666666667,192,0.5081967213114754,
2002,HOU,946,16,-0.25018066333097605,0.3202959830866808,3.7769556025369977,0.06025369978858351,0.5919661733615222,59.125,,0.5388471177944862,0.5163584637268848,0.5428571428571428,0.83,200,0.4,
2002,IND,1038,16,0.007565883467232249,0.43834296724470134,5.418111753371869,0.0789980732177264,0.6146435452793835,64.875,,0.5828571428571429,0.5680100755667506,0.5277777777777778,1.910614525139665,179,0.5370370370370371,
2002,JAX,952,16,-0.27076560331973865,0.4012605042016807,5.098739495798319,0.08823529411764706,0.5787815126050421,59.5,,0.5391498881431768,0.5013888888888889,0.5106382978723404,1.0397727272727273,176,0.27450980392156865,
2002,KC,965,16,0.16467007579785412,0.47253886010362695,6.217616580310881,0.12020725388601036,0.5492227979274611,60.3125,,0.5267665952890792,0.4948051948051948,0.44666666666666666,2.4719101123595504,178,0.6666666666666666,
2002,LA,1022,16,-0.06523444264898212,0.4315068493150685,5.4412915851272015,0.09393346379647749,0.6741682974559687,63.875,,0.6408163265306123,0.6389578163771712,0.6076923076923076,1.6149732620320856,188,0.5094339622641509,
2002,LAC,1023,16,0.0032586205342520318,0.41935483870967744,5.210166177908113,0.10068426197458455,0.5689149560117303,63.9375,,0.5370741482965932,0.5118601747815231,0.5107913669064749,1.6170212765957446,188,0.6666666666666666,
2002,LV,1058,16,0.14238961311108583,0.501890359168242,5.904536862003781,0.08609271523178808,0.6446124763705104,66.125,,0.7111111111111111,0.6009445100354192,0.5159574468085106,2.437125748502994,167,0.5714285714285714,
2002,MIA,998,16,0.006078656311092593,0.44188376753507014,5.414829659318637,0.11222444889779559,0.5080160320641283,62.375,,0.4987012987012987,0.4518987341772152,0.4177215189873418,2.016216216216216,185,0.6428571428571429,
2002,MIN,1079,16,0.07259215373256545,0.45505097312326226,5.713623725671918,0.09731232622798888,0.6274328081556997,67.4375,,0.5825242718446602,0.5849941383352872,0.5247524752475248,2.0210526315789474,190,0.5538461538461539,
2002,NE,1020,16,-0.007941034929275082,0.43333333333333335,4.999019607843137,0.06568627450980392,0.6313725490196078,63.75,,0.6233480176211453,0.5987179487179487,0.49230769230769234,1.9101123595505618,178,0.5882352941176471,
2002,NO,990,16,-0.01144824329975069,0.38282828282828285,5.2696969696969695,0.08585858585858586,0.6191919191919192,61.875,,0.6061185468451242,0.5649867374005305,0.5798816568047337,2.111111111111111,189,0.5645161290322581,
2002,NYG,1053,16,0.0031623122665130196,0.4083570750237417,5.52991452991453,0.10256410256410256,0.5508072174738842,65.8125,,0.5752961082910322,0.4855072463768116,0.4720496894409938,1.6329787234042554,188,0.38333333333333336,
2002,NYJ,908,16,0.052673994044742205,0.44383259911894274,5.5561674008810575,0.1013215859030837,0.579295154185022,56.75,,0.5360576923076923,0.5169491525423728,0.4925373134328358,2.018292682926829,164,0.6037735849056604,
2002,PHI,1064,16,-0.0011126693593981392,0.43139097744360905,5.275375939849624,0.09022556390977443,0.5930451127819549,66.5,,0.5972222222222222,0.5476772616136919,0.5476190476190477,1.9948979591836735,196,0.5344827586206896,
2002,PIT,1088,16,-0.001359180491083707,0.43106617647058826,5.478860294117647,0.10018382352941177,0.5588235294117647,68.0,,0.5592841163310962,0.509478672985782,0.524390243902439,1.9322916666666667,192,0.5081967213114754,
2002,SEA,1047,16,0.017697570531343146,0.43075453677172876,5.558739255014327,0.07640878701050621,0.620821394460363,65.4375,,0.6108007448789572,0.5790123456790124,0.5521472392638037,1.803370786516854,178,0.5081967213114754,
2002,SF,1066,16,0.09736926621906282,0.4521575984990619,5.361163227016886,0.07692307692307693,0.5984990619136961,66.625,,0.5885608856088561,0.5351418002466092,0.55,2.0892857142857144,168,0.5084745762711864,
2002,TB,1018,16,-0.04993163574825388,0.4174852652259332,4.917485265225933,0.07170923379174853,0.6198428290766208,63.625,,0.6417004048582996,0.5699745547073791,0.5277777777777778,1.6162162162162161,185,0.4423076923076923,
2002,TEN,1015,16,0.041774193525105016,0.4492610837438424,5.209852216748769,0.07192118226600985,0.5576354679802956,63.4375,,0.5521327014218009,0.49744897959183676,0.4573170731707317,1.9597701149425288,174,0.5964912280701754,
2002,WAS,1028,16,-0.06256578674456542,0.41147859922178986,5.01556420233463,0.08852140077821012,0.5914396887159533,64.25,,0.5805785123966942,0.5593869731800766,0.5130434782608696,1.4895833333333333,192,0.6,
2003,ARI,976,16,-0.1754763626418773,0.3831967213114754,4.613729508196721,0.07274590163934426,0.632172131147541,61.0,,0.541860465116279,0.5532786885245902,0.5826771653543307,1.1675675675675676,185,0.46511627906976744,
2003,ATL,915,16,-0.12764221900490927,0.3825136612021858,4.777049180327869,0.07868852459016394,0.5748633879781421,57.1875,,0.5288683602771362,0.5070224719101124,0.45614035087719296,1.3926701570680629,191,0.5333333333333333,
2003,BAL,992,16,-0.10371009183125177,0.38306451612903225,4.965725806451613,0.10080645161290322,0.4838709677419355,62.0,,0.46062992125984253,0.4007936507936508,0.3401360544217687,1.6445497630331753,211,0.46,
2003,BUF,970,16,-0.12221034931063661,0.39278350515463917,4.490721649484536,0.07731958762886598,0.5773195876288659,60.625,,0.5583524027459954,0.5061391541609823,0.44525547445255476,1.2099447513812154,181,0.45454545454545453,
2003,CAR,997,16,-0.07395443943279627,0.3921765295887663,5.168505516549649,0.10631895687061184,0.4974924774322969,62.3125,,0.4488888888888889,0.4348958333333333,0.48695652173913045,1.5287958115183247,191,0.4444444444444444,
2003,CHI,988,16,-0.10748202097548924,0.3805668016194332,4.440283400809717,0.07692307692307693,0.5941295546558705,61.75,,0.5463182897862233,0.5332428765264586,0.4857142857142857,1.39010989010989,182,0.4772727272727273,
2003,CIN,1020,16,0.04266936640769741,0.43529411764705883,5.25,0.07941176470588235,0.5627450980392157,63.75,,0.5387205387205387,0.4929757343550447,0.5138888888888888,1.9190751445086704,173,0.5833333333333334,
2003,CLE,954,16,-0.12481317495944858,0.4171907756813417,4.727463312368973,0.07127882599580712,0.5817610062893082,59.625,,0.5135699373695198,0.4965986394557823,0.5503875968992248,1.3707865168539326,178,0.4883720930232558,
2003,DAL,1053,16,-0.09048825012231837,0.39411206077872746,4.908831908831909,0.09306742640075974,0.5470085470085471,65.8125,,0.5335968379446641,0.48692403486924035,0.44696969696969696,1.308457711442786,201,0.45652173913043476,
2003,DEN,1029,16,0.030761815542037916,0.43440233236151604,5.454810495626822,0.09037900874635568,0.5063168124392614,64.3125,,0.5052192066805845,0.44801980198019803,0.3475609756097561,1.9832402234636872,179,0.5740740740740741,
2003,DET,962,16,-0.1731756653739784,0.35654885654885654,4.4397089397089395,0.058212058212058215,0.6392931392931392,60.125,,0.5894206549118388,0.5644257703081232,0.6949152542372882,1.2204301075268817,186,0.5,
2003,GB,997,16,0.06416204186032423,0.4583751253761284,5.817452357071214,0.10732196589769308,0.5015045135406219,62.3125,,0.5078651685393258,0.43645699614890887,0.45714285714285713,2.193717277486911,191,0.6415094339622641,
2003,HOU,888,16,-0.0961259447461198,0.38175675675675674,4.8592342342342345,0.09346846846846847,0.5563063063063063,55.5,,0.5251141552511416,0.4828614008941878,0.4174757281553398,1.3297297297297297,185,0.631578947368421,
2003,IND,1029,16,0.09900850579858086,0.45675413022351796,5.717201166180758,0.08551992225461613,0.5821185617103984,64.3125,,0.5752808988764045,0.5226130653266332,0.5055555555555555,2.4767441860465116,172,0.5333333333333333,
2003,JAX,1024,16,-0.04817759506604253,0.4033203125,5.236328125,0.091796875,0.55078125,64.0,,0.4862204724409449,0.4987179487179487,0.475177304964539,1.46448087431694,183,0.44680851063829785,
2003,KC,990,16,0.13177310100721112,0.4797979797979798,5.972727272727273,0.10909090909090909,0.5767676767676768,61.875,,0.5601965601965602,0.5191815856777494,0.39869281045751637,2.3934426229508197,183,0.7894736842105263,
2003,LA,1042,16,-0.003243073953796709,0.42514395393474086,5.249520153550864,0.10076775431861804,0.6266794625719769,65.125,,0.6319148936170212,0.5738916256157636,0.5187165775401069,2.1256544502617802,191,0.5147058823529411,
2003,LAC,960,16,-0.034488152990607125,0.4010416666666667,5.3875,0.10729166666666666,0.5989583333333334,60.0,,0.49722222222222223,0.5456989247311828,0.5177304964539007,1.6149732620320856,187,0.5106382978723404,
2003,LV,978,16,-0.1041353094969655,0.3773006134969325,4.678936605316974,0.07566462167689161,0.6002044989775052,61.125,,0.522248243559719,0.527891156462585,0.44,1.2580645161290323,186,0.45454545454545453,
2003,MIA,959,16,-0.1010248722770596,0.3858185610010427,4.814389989572471,0.08967674661105318,0.5140771637122002,59.9375,,0.5560165975103735,0.4577181208053691,0.4016393442622951,1.5212765957446808,188,0.5476190476190477,
2003,MIN,1046,16,0.09226320027696878,0.46367112810707456,6.021988527724665,0.10038240917782026,0.5831739961759083,65.375,,0.5535714285714286,0.5241635687732342,0.5241379310344828,2.1277777777777778,180,0.543859649122807,
2003,NE,1023,16,-0.05184073280811973,0.39882697947214074,4.943304007820137,0.07820136852394917,0.5601173020527859,63.9375,,0.5674676524953789,0.5076726342710998,0.5815602836879432,1.546875,192,0.44,
2003,NO,1005,16,-0.023311929809244156,0.417910447761194,5.419900497512438,0.07761194029850746,0.5960199004975124,62.8125,,0.5530612244897959,0.546772068511199,0.5948275862068966,1.7197802197802199,182,0.5227272727272727,
2003,NYG,1037,16,-0.13595348651809017,0.4136933461909354,4.77145612343298,0.08389585342333655,0.6403085824493732,64.8125,,0.5682281059063137,0.5822942643391521,0.5725806451612904,1.1041666666666667,192,0.3958333333333333,
2003,NYJ,926,16,-0.011485708040856833,0.4146868250539957,5.3498920086393085,0.08207343412526998,0.5755939524838013,57.875,,0.531062124248497,0.5007072135785007,0.5446428571428571,1.6686746987951808,166,0.4634146341463415,
2003,PHI,930,16,0.02326000479406827,0.4236559139784946,5.418279569892473,0.0978494623655914,0.6086021505376344,58.125,,0.6133603238866396,0.5620736698499318,0.5328467153284672,1.9775280898876404,178,0.6226415094339622,
2003,PIT,1010,16,-0.09613372221743341,0.41089108910891087,4.751485148514852,0.07821782178217822,0.5712871287128712,63.125,,0.5127272727272727,0.5026246719160105,0.5,1.4285714285714286,189,0.46808510638297873,
2003,SEA,1006,16,0.06401160428899548,0.4562624254473161,5.606361829025845,0.10934393638170974,0.5805168986083499,62.875,,0.6201923076923077,0.5251889168765743,0.5063291139240507,2.1675977653631286,179,0.6274509803921569,
2003,SF,1023,16,0.01667377917264916,0.43304007820136853,5.56989247311828,0.09481915933528837,0.5562072336265884,63.9375,,0.5421686746987951,0.4918032786885246,0.5153374233128835,1.9375,192,0.5084745762711864,
2003,TB,1027,16,-0.030425620184108302,0.41674780915287246,5.328140214216163,0.07692307692307693,0.6095423563777994,64.1875,,0.6277056277056277,0.5662042875157629,0.5245901639344263,1.516304347826087,184,0.5609756097560976,
2003,TEN,994,16,0.046077547378611576,0.4245472837022133,5.575452716297787,0.09557344064386318,0.545271629778672,62.125,,0.5339366515837104,0.47668393782383417,0.45348837209302323,2.1666666666666665,180,0.5714285714285714,
2003,WAS,983,16,-0.07288944900473142,0.3967446592065107,4.744659206510682,0.07833163784333673,0.5971515768056969,61.4375,,0.5598526703499079,0.5536423841059602,0.532258064516129,1.5027027027027027,185,0.5652173913043478,
2004,ARI,1038,16,-0.11797176960618544,0.36801541425818884,4.396917148362235,0.07418111753371869,0.5761078998073218,64.875,,0.5341880341880342,0.5082802547770701,0.38235294117647056,1.3724489795918366,196,0.5135135135135135,
2004,ATL,951,16,-0.04287304279363545,0.4058885383806519,5.371188222923239,0.09568874868559411,0.5520504731861199,59.4375,,0.5415730337078651,0.5054495912806539,0.4930555555555556,1.6592178770949721,179,0.5384615384615384,
2004,BAL,967,16,-0.11555239483865225,0.38055842812823165,4.5429162357807655,0.07859358841778696,0.5398138572905895,60.4375,,0.5383022774327122,0.4508990318118949,0.41964285714285715,1.358695652173913,184,0.5384615384615384,
2004,BUF,964,16,-0.07291171960325629,0.4024896265560166,4.874481327800829,0.08506224066390042,0.5176348547717843,60.25,,0.5279642058165548,0.4575342465753425,0.49411764705882355,1.732620320855615,187,0.45161290322580644,
2004,CAR,984,16,0.021679889376761425,0.4146341463414634,5.318089430894309,0.09349593495934959,0.5894308943089431,61.5,,0.5307017543859649,0.5442708333333334,0.60431654676259,1.85,180,0.6078431372549019,
2004,CHI,959,16,-0.25153174105158077,0.3472367049009385,3.9854014598540144,0.07090719499478623,0.5797705943691345,59.9375,,0.5262008733624454,0.4958100558659218,0.5454545454545454,0.8543689320388349,206,0.4358974358974359,
2004,CIN,988,16,-0.06747377779352744,0.42611336032388664,5.2145748987854255,0.09109311740890688,0.582995951417004,61.75,,0.5562130177514792,0.5065963060686016,0.5131578947368421,1.7333333333333334,195,0.5370370370370371,
2004,CLE,914,16,-0.16711426411470473,0.3774617067833698,4.892778993435448,0.07986870897155361,0.5547045951859956,57.125,,0.4834710743801653,0.47988505747126436,0.5128205128205128,1.3384615384615384,195,0.4772727272727273,
2004,DAL,998,16,-0.06319888674186676,0.4218436873747495,5.208416833667335,0.09418837675350701,0.56312625250501,62.375,,0.5353159851301115,0.5032594524119948,0.44761904761904764,1.564516129032258,186,0.5116279069767442,
2004,DEN,1054,16,0.047727108546652165,0.45161290322580644,6.019924098671726,0.10436432637571158,0.5417457305502846,65.875,,0.5522682445759369,0.49760191846522783,0.45652173913043476,1.952127659574468,188,0.5,
2004,DET,933,16,-0.07671447834363594,0.39442658092175775,5.040728831725616,0.0932475884244373,0.609860664523044,58.3125,,0.5774378585086042,0.5275813295615276,0.5631067961165048,1.3922651933701657,181,0.47619047619047616,
2004,GB,1037,16,0.11079956124664099,0.4609450337512054,6.1340405014464805,0.09739633558341369,0.5949855351976856,64.8125,,0.5298165137614679,0.5446756425948592,0.5704225352112676,2.1620111731843576,179,0.62,
2004,HOU,990,16,-0.026664741604369525,0.4080808080808081,5.1878787878787875,0.08585858585858586,0.5727272727272728,61.875,,0.519916142557652,0.5072655217965654,0.3925925925925926,1.56,175,0.5833333333333334,
2004,IND,948,16,0.21819302019753292,0.5263713080168776,6.85126582278481,0.11919831223628692,0.5727848101265823,59.25,,0.5739910313901345,0.5211267605633803,0.5263157894736842,2.933734939759036,166,0.671875,
2004,JAX,988,16,-0.049351841894025104,0.38866396761133604,5.0728744939271255,0.07793522267206478,0.590080971659919,61.75,,0.5274509803921569,0.5272244355909694,0.541095890410959,1.4431818181818181,176,0.43478260869565216,
2004,KC,1077,16,0.17547311300870902,0.5032497678737233,6.222841225626741,0.11049210770659239,0.5626740947075209,67.3125,,0.5225563909774437,0.5091743119266054,0.455026455026455,2.606741573033708,178,0.6615384615384615,
2004,LA,1007,16,0.005452100814044268,0.4438927507447865,5.835153922542204,0.11221449851042702,0.6385302879841113,62.9375,,0.5952380952380952,0.6048906048906049,0.5423728813559322,1.7052023121387283,173,0.5952380952380952,
2004,LAC,979,16,0.14087330485101085,0.449438202247191,5.684371807967314,0.09805924412665985,0.4933605720122574,61.1875,,0.508274231678487,0.4339869281045752,0.42328042328042326,2.4770114942528734,174,0.6984126984126984,
2004,LV,932,16,-0.04497849882113372,0.40236051502145925,5.535407725321888,0.08476394849785408,0.6663090128755365,58.25,,0.6296296296296297,0.6234309623430963,0.6106870229007634,1.7584269662921348,178,0.5,
2004,MIA,1015,16,-0.197715220921306,0.3448275862068966,4.3458128078817735,0.07192118226600985,0.6394088669950739,63.4375,,0.5823008849557522,0.5684485006518905,0.6346153846153846,1.2621359223300972,206,0.5,
2004,MIN,970,16,0.16694370291950647,0.4979381443298969,6.546391752577319,0.11237113402061856,0.668041237113402,60.625,,0.5971074380165289,0.6253263707571801,0.6706586826347305,2.3374233128834354,163,0.5964912280701754,
2004,NE,1006,16,0.09986359015623475,0.46322067594433397,5.711729622266402,0.1073558648111332,0.510934393638171,62.875,,0.5485232067510548,0.46027742749054223,0.42162162162162165,2.386904761904762,168,0.578125,
2004,NO,978,16,-0.03817287582187192,0.39161554192229037,5.344580777096114,0.09713701431492842,0.6298568507157464,61.125,,0.5689655172413793,0.5659121171770972,0.5422535211267606,1.6808510638297873,188,0.5957446808510638,
2004,NYG,944,16,-0.04316349307935922,0.4258474576271186,5.00635593220339,0.0858050847457627,0.5635593220338984,59.0,,0.5277161862527716,0.507482993197279,0.4860335195530726,1.5333333333333334,180,0.48148148148148145,
2004,NYJ,984,16,0.045211118533859056,0.4573170731707317,5.538617886178862,0.10670731707317073,0.4969512195121951,61.5,,0.4909090909090909,0.4366013071895425,0.4146341463414634,1.7906976744186047,172,0.5813953488372093,
2004,PHI,939,16,0.07463146877984808,0.4440894568690096,6.0042598509052185,0.10543130990415335,0.6464323748668797,58.6875,,0.6596736596736597,0.5983827493261455,0.6071428571428571,2.0380434782608696,184,0.6888888888888889,
2004,PIT,979,16,0.0351651334406523,0.44433094994892747,5.330949948927477,0.10827374872318693,0.42696629213483145,61.1875,,0.4630738522954092,0.3425559947299078,0.3374233128834356,1.92,175,0.5178571428571429,
2004,SEA,1014,16,0.023707301676412745,0.4378698224852071,5.572978303747535,0.09664694280078895,0.5680473372781065,63.375,,0.5741127348643006,0.5188442211055276,0.5390070921985816,1.835978835978836,189,0.6078431372549019,
2004,SF,1024,16,-0.17127506856570207,0.369140625,4.478515625,0.0576171875,0.609375,64.0,,0.5454545454545454,0.5542784163473818,0.5431034482758621,1.18,200,0.5,
2004,TB,932,16,-0.06943413065854323,0.4248927038626609,5.337982832618025,0.0890557939914163,0.6148068669527897,58.25,,0.5984848484848485,0.5667125171939478,0.5163934426229508,1.4759358288770053,187,0.5609756097560976,
2004,TEN,1043,16,-0.031145899384320365,0.40651965484180247,5.265580057526366,0.09108341323106424,0.6193672099712368,65.1875,,0.5596330275229358,0.5619524405506884,0.5454545454545454,1.653061224489796,196,0.5416666666666666,
2004,WAS,1015,16,-0.13038854629326405,0.3832512315270936,4.3369458128078815,0.06798029556650247,0.5576354679802956,63.4375,,0.5183752417794971,0.4827586206896552,0.52,1.1554404145077721,193,0.5348837209302325,
2005,ARI,1066,16,-0.07226226908125218,0.4080675422138837,5.23452157598499,0.08348968105065666,0.6857410881801126,66.625,,0.6254612546125461,0.6293103448275862,0.5661764705882353,1.4921465968586387,191,0.34,
2005,ATL,1003,16,-0.02210861865517419,0.4057826520438684,5.229312063808575,0.0967098703888335,0.5343968095712861,62.6875,,0.501010101010101,0.4754521963824289,0.525974025974026,1.7513513513513514,185,0.5660377358490566,
2005,BAL,1044,16,-0.10793327948937,0.38601532567049807,4.501915708812261,0.07567049808429119,0.592911877394636,65.25,,0.5251509054325956,0.5185185185185185,0.5074626865671642,1.2736842105263158,190,0.37209302325581395,
2005,BUF,918,16,-0.10142408523726228,0.3790849673202614,4.4880174291939,0.07407407407407407,0.5555555555555556,57.375,,0.5409090909090909,0.5007132667617689,0.51875,1.4540229885057472,174,0.3469387755102041,
2005,CAR,945,16,-0.009396177442937411,0.4021164021164021,5.261375661375661,0.07830687830687831,0.5121693121693122,59.0625,,0.481981981981982,0.4467496542185339,0.44594594594594594,2.043956043956044,182,0.6153846153846154,
2005,CHI,925,16,-0.15530910720425078,0.36,4.446486486486487,0.08324324324324324,0.492972972972973,57.8125,,0.49794238683127573,0.4158273381294964,0.4732142857142857,1.160427807486631,187,0.4318181818181818,
2005,CIN,1002,16,0.1080417830755671,0.48303393213572854,5.734530938123752,0.09481037924151696,0.5708582834331337,62.625,,0.5390781563126252,0.5081351689612015,0.536723163841808,2.36,175,0.5932203389830508,
2005,CLE,926,16,-0.13829705117292132,0.3941684665226782,4.926565874730022,0.07667386609071274,0.5971922246220303,57.875,,0.5035294117647059,0.5289957567185289,0.5819672131147541,1.2298850574712643,174,0.275,
2005,DAL,1059,16,-0.03517889886983424,0.3947119924457035,4.918791312559018,0.08120868744098206,0.5240793201133145,66.1875,,0.48936170212765956,0.4539877300613497,0.4375,1.6335078534031413,191,0.5370370370370371,
2005,DEN,1013,16,0.09658366461299817,0.4452122408687068,5.711747285291215,0.09871668311944719,0.49950641658440276,63.3125,,0.5340425531914894,0.45743329097839897,0.3858695652173913,2.027173913043478,184,0.6428571428571429,
2005,DET,949,16,-0.11853155105357376,0.37407797681770283,4.556375131717598,0.06006322444678609,0.6080084299262382,59.3125,,0.5530474040632054,0.5401974612129761,0.4782608695652174,1.3181818181818181,176,0.5,
2005,GB,1044,16,-0.06994904727719668,0.4157088122605364,4.914750957854406,0.06992337164750957,0.6331417624521073,65.25,,0.5472027972027972,0.5639751552795031,0.6153846153846154,1.489247311827957,186,0.46808510638297873,
2005,HOU,947,16,-0.09562585539093485,0.40021119324181625,4.285110876451953,0.06335797254487856,0.573389651531151,59.1875,,0.505720823798627,0.5014044943820225,0.5344827586206896,1.4795321637426901,171,0.4146341463414634,
2005,IND,973,16,0.19349699971198747,0.5077081192189106,5.9897225077081195,0.08324768756423433,0.5632065775950668,60.8125,,0.5963302752293578,0.5174193548387097,0.4644808743169399,2.641025641025641,156,0.6229508196721312,
2005,JAX,999,16,0.0176768656567541,0.4164164164164164,5.176176176176176,0.0940940940940941,0.5455455455455456,62.4375,,0.5204262877442274,0.4627450980392157,0.44274809160305345,1.858695652173913,184,0.6304347826086957,
2005,KC,1041,16,0.09583612757882284,0.4562920268972142,5.963496637848223,0.11047070124879924,0.5273775216138329,65.0625,,0.49369747899159666,0.47058823529411764,0.36075949367088606,2.146067415730337,178,0.5454545454545454,
2005,LA,1018,16,-0.030974025827586446,0.43713163064833005,5.4734774066797645,0.08840864440078586,0.650294695481336,63.625,,0.6097087378640776,0.6027918781725888,0.53125,1.734375,192,0.47058823529411764,
2005,LAC,1016,16,0.08806712249488678,0.4468503937007874,5.482283464566929,0.09448818897637795,0.5492125984251969,63.5,,0.5602409638554217,0.4879898862199747,0.40875912408759124,2.2954545454545454,176,0.6981132075471698,
2005,LV,991,16,-0.028115636840244533,0.4036326942482341,5.014127144298688,0.08274470232088799,0.6468213925327951,61.9375,,0.5722772277227722,0.5997375328083989,0.6258992805755396,1.5754189944134078,179,0.4782608695652174,
2005,MIA,1012,16,-0.048644877761186596,0.40217391304347827,5.148221343873518,0.08300395256916997,0.5760869565217391,63.25,,0.5350194552529183,0.5084087968952135,0.5555555555555556,1.5276381909547738,199,0.3888888888888889,
2005,MIN,931,16,-0.08477244870647586,0.3920515574650913,4.966702470461869,0.07626208378088077,0.6229860365198711,58.1875,,0.5862944162436549,0.5659340659340659,0.572463768115942,1.454054054054054,185,0.46938775510204084,
2005,NE,1020,16,0.0718394492033245,0.4411764705882353,5.527450980392157,0.09901960784313725,0.5852941176470589,63.75,,0.556,0.5510204081632653,0.4965034965034965,2.022099447513812,181,0.6491228070175439,
2005,NO,1006,16,-0.11785049881412735,0.3986083499005964,5.00596421471173,0.08548707753479125,0.614314115308151,62.875,,0.5319148936170213,0.548469387755102,0.5234375,1.3181818181818181,176,0.3902439024390244,
2005,NYG,1041,16,0.04109118399648172,0.42363112391930835,5.576368876080692,0.09510086455331412,0.574447646493756,65.0625,,0.5686653771760155,0.5074812967581047,0.5060975609756098,2.020618556701031,194,0.5084745762711864,
2005,NYJ,905,16,-0.14605785482283723,0.39226519337016574,4.379005524861879,0.05966850828729282,0.605524861878453,56.5625,,0.53,0.5469208211143695,0.4782608695652174,1.283132530120482,166,0.38636363636363635,
2005,PHI,1012,16,-0.11548438100990854,0.39031620553359686,5.059288537549407,0.08201581027667984,0.6788537549407114,63.25,,0.6428571428571429,0.6286811779769527,0.6574074074074074,1.355140186915888,214,0.5116279069767442,
2005,PIT,940,16,0.04274739362905905,0.42872340425531913,5.498936170212766,0.10212765957446808,0.4521276595744681,58.75,,0.5031847133757962,0.3997289972899729,0.41509433962264153,2.115606936416185,173,0.603448275862069,
2005,SEA,1001,16,0.1453988412822839,0.4855144855144855,5.929070929070929,0.11688311688311688,0.5104895104895105,62.5625,,0.5418502202643172,0.47322540473225405,0.3939393939393939,2.3966480446927374,179,0.7543859649122807,
2005,SF,857,16,-0.21812630752311882,0.33255542590431736,4.192532088681447,0.07117852975495916,0.5425904317386231,53.5625,,0.4876237623762376,0.46594427244582043,0.4153846153846154,1.0260416666666667,192,0.4230769230769231,
2005,TB,965,16,-0.06293433425422372,0.39689119170984455,4.90259067357513,0.07046632124352331,0.550259067357513,60.3125,,0.5373406193078324,0.4756756756756757,0.4594594594594595,1.5333333333333334,180,0.5526315789473685,
2005,TEN,1008,16,-0.1109316355820271,0.40575396825396826,5.089285714285714,0.06349206349206349,0.6309523809523809,63.0,,0.5751633986928104,0.5586297760210803,0.5481481481481482,1.4095744680851063,188,0.48936170212765956,
2005,WAS,1020,16,0.006151170901348596,0.4088235294117647,5.201960784313726,0.08823529411764706,0.5196078431372549,63.75,,0.5094991364421416,0.43039591315453385,0.4645669291338583,1.7783783783783784,185,0.6,
2006,ARI,983,16,-0.05417729591576706,0.41302136317395727,5.098677517802645,0.07426246185147507,0.5910478128179044,61.4375,-2.5154011329732615,0.574468085106383,0.5369393139841688,0.4027777777777778,1.6285714285714286,175,0.4716981132075472,
2006,ATL,994,16,-0.04987184901970092,0.3983903420523139,5.349094567404427,0.10663983903420524,0.5160965794768612,62.125,-10.314250117921134,0.5085066162570888,0.4370860927152318,0.49193548387096775,1.558659217877095,179,0.4444444444444444,
2006,BAL,981,16,-0.017538724367426015,0.3985728848114169,5.200815494393476,0.07237512742099898,0.564729867482161,61.3125,-0.9714980855599334,0.5789473684210527,0.4825268817204301,0.4605263157894737,1.7,180,0.46,
2006,BUF,894,16,-0.09514185400306358,0.4116331096196868,4.779642058165548,0.07606263982102908,0.5503355704697986,55.875,-3.571221752246421,0.5397849462365591,0.4904831625183016,0.40860215053763443,1.4293478260869565,184,0.45454545454545453,
2006,CAR,979,16,-0.08233514180113634,0.40551583248212464,5.043922369765067,0.08375893769152196,0.5903983656792645,61.1875,-1.0781526788155928,0.5369003690036901,0.5353403141361257,0.5434782608695652,1.3160621761658031,193,0.48484848484848486,
2006,CHI,1020,16,-0.05996436406017636,0.39509803921568626,5.123529411764705,0.09803921568627451,0.5274509803921569,63.75,-4.129871948092592,0.5313807531380753,0.45314505776636715,0.460431654676259,1.8952879581151831,191,0.47058823529411764,
2006,CIN,977,16,0.03268250253542765,0.44728761514841353,5.60388945752303,0.09416581371545547,0.5752302968270215,61.0625,-0.7503050063930246,0.5644820295983086,0.5052083333333334,0.5815602836879432,2.0274725274725274,182,0.5882352941176471,
2006,CLE,926,16,-0.20262907338267652,0.3801295896328294,4.578833693304536,0.06695464362850972,0.6231101511879049,57.875,-0.8327447795198494,0.53125,0.5653409090909091,0.5490196078431373,1.172972972972973,185,0.46153846153846156,
2006,DAL,1004,16,0.07343224020584756,0.4551792828685259,5.764940239043825,0.10258964143426295,0.5607569721115537,62.75,-2.3244167724438753,0.5643382352941176,0.5038363171355499,0.4,2.2254335260115607,173,0.625,
2006,DEN,957,16,-0.05558831902389678,0.3991640543364681,5.189132706374085,0.09090909090909091,0.5193312434691745,59.8125,-5.96559325597067,0.5376984126984127,0.4550408719346049,0.44696969696969696,1.6758241758241759,182,0.5581395348837209,
2006,DET,955,16,-0.1170823062750573,0.42303664921465967,5.189528795811518,0.08376963350785341,0.7026178010471205,59.6875,7.581097126709229,0.648870636550308,0.6653279785809906,0.5193798449612403,1.6229508196721312,183,0.44680851063829785,
2006,GB,1071,16,-0.07649822730821884,0.3949579831932773,5.093370681605975,0.08403361344537816,0.6097105508870215,66.9375,1.5843597020741715,0.5876865671641791,0.5495716034271726,0.6197183098591549,1.3762886597938144,194,0.34,
2006,HOU,943,16,-0.06567840911492988,0.42948038176033937,4.744432661717921,0.06998939554612937,0.5800636267232238,58.9375,-1.9307204679223537,0.5739299610894941,0.5499316005471956,0.5092592592592593,1.490909090909091,165,0.5853658536585366,
2006,IND,994,16,0.15573967929897994,0.5140845070422535,6.114688128772636,0.09054325955734406,0.5774647887323944,62.125,0.5953135872091087,0.573076923076923,0.515527950310559,0.47752808988764045,2.7972972972972974,148,0.6833333333333333,
2006,JAX,972,16,0.018907846894984953,0.42592592592592593,5.597736625514403,0.11008230452674897,0.529835390946502,60.75,-6.382638631951938,0.5119521912350598,0.4534412955465587,0.44274809160305345,2.0,179,0.5769230769230769,
2006,KC,990,16,-0.006729048711847113,0.4090909090909091,5.207070707070707,0.09191919191919191,0.5060606060606061,61.875,-9.553767642514272,0.4534005037783375,0.4234828496042216,0.41721854304635764,1.8011363636363635,176,0.5918367346938775,
2006,LA,1047,16,0.027839696183049698,0.44508118433619864,5.518624641833811,0.10219675262655205,0.6074498567335244,65.4375,1.1202604208344376,0.5594795539033457,0.5487053020961775,0.56875,1.9502762430939227,181,0.5849056603773585,
2006,LAC,1010,16,0.13053012476674614,0.44752475247524753,5.787128712871287,0.100990099009901,0.498019801980198,63.125,-4.776796460299209,0.512087912087912,0.4389312977099237,0.34355828220858897,2.543010752688172,186,0.6774193548387096,
2006,LV,944,16,-0.2679670281675635,0.3622881355932203,4.174788135593221,0.06673728813559322,0.6038135593220338,59.0,-3.3412119302646084,0.5056947608200456,0.5274261603375527,0.5476190476190477,0.7640449438202247,178,0.2727272727272727,
2006,MIA,1017,16,-0.1070923945025864,0.41297935103244837,4.885939036381514,0.07374631268436578,0.6234021632251721,63.5625,-0.3068201280507601,0.5569395017793595,0.5597402597402598,0.5954198473282443,1.2849462365591398,186,0.44680851063829785,
2006,MIN,1014,16,-0.1510434077259907,0.3915187376725838,4.883629191321499,0.08284023668639054,0.596646942800789,63.375,-4.244709547601743,0.5361010830324909,0.5263157894736842,0.515625,1.265625,192,0.4888888888888889,
2006,NE,1022,16,0.05259191460657901,0.43737769080234834,5.284735812133072,0.0958904109589041,0.5577299412915852,63.875,-0.3291361905094929,0.5344827586206896,0.5127551020408163,0.5146198830409356,2.095505617977528,178,0.5901639344262295,
2006,NO,1048,16,0.07312986706139313,0.4437022900763359,6.0066793893129775,0.0982824427480916,0.5858778625954199,65.5,0.4177321919830132,0.5897435897435898,0.5243445692883895,0.43243243243243246,2.1868131868131866,182,0.5636363636363636,
2006,NYG,987,16,-0.017792443087407513,0.45592705167173253,5.297872340425532,0.10030395136778116,0.5572441742654508,61.6875,-3.364930234343689,0.5299539170506913,0.49417852522639066,0.48,1.8288770053475936,187,0.5510204081632653,
2006,NYJ,997,16,-0.037481130897049214,0.4192577733199599,4.916750250752257,0.06720160481444333,0.5346038114343029,62.3125,-3.6900612337882803,0.5375494071146245,0.4609271523178808,0.39285714285714285,1.7309941520467835,171,0.4791666666666667,
2006,PHI,975,16,0.051511532736158494,0.4266666666666667,6.234871794871795,0.11384615384615385,0.6184615384615385,60.9375,3.2146179247169924,0.6111111111111112,0.5725593667546174,0.56,2.011111111111111,180,0.574468085106383,
2006,PIT,1018,16,-0.0137491974745429,0.4214145383104126,5.636542239685658,0.09430255402750491,0.5726915520628684,63.625,-4.219436088178036,0.5195876288659794,0.4948849104859335,0.4853801169590643,1.88135593220339,177,0.5,
2006,SEA,1037,16,-0.08885588436485845,0.39344262295081966,4.8052073288331725,0.08486017357762778,0.5515911282545806,64.8125,-5.430681401416444,0.5594989561586639,0.4993788819875776,0.512,1.6051282051282052,195,0.5227272727272727,
2006,SF,903,16,-0.08811353215752372,0.3953488372093023,5.409745293466224,0.09856035437430787,0.5459579180509413,56.4375,-4.9408441405343195,0.5282051282051282,0.4780701754385965,0.47183098591549294,1.5297297297297296,185,0.425531914893617,
2006,TB,963,16,-0.18760476864671338,0.37487019730010385,4.4932502596054,0.06542056074766354,0.6209761163032191,60.1875,-2.047397351416596,0.5214446952595937,0.5647382920110193,0.5528455284552846,1.0159574468085106,188,0.4444444444444444,
2006,TEN,935,16,-0.10126928743984058,0.3679144385026738,5.151871657754011,0.09411764705882353,0.5508021390374331,58.4375,-8.576995035942225,0.5072815533980582,0.4642356241234222,0.5363636363636364,1.4316939890710383,183,0.4878048780487805,
2006,WAS,970,16,-0.007514522339465168,0.4092783505154639,5.414432989690722,0.11237113402061856,0.5216494845360825,60.625,-10.05339399133761,0.44952380952380955,0.4364123159303882,0.3826086956521739,1.6379310344827587,174,0.4883720930232558,
2007,ARI,1006,16,-0.035093176102678154,0.4274353876739563,5.481113320079523,0.07455268389662027,0.6163021868787276,62.875,0.05954551708627174,0.5842217484008528,0.5583756345177665,0.5103448275862069,1.8489583333333333,192,0.7058823529411765,
2007,ATL,979,16,-0.15404677993407323,0.36976506639427986,4.933605720122574,0.07763023493360573,0.6292134831460674,61.1875,-1.0457786239599913,0.5779467680608364,0.5712309820193637,0.5163934426229508,1.3457446808510638,188,0.3953488372093023,
2007,BAL,1032,16,-0.12017061188853871,0.39864209505334625,4.686046511627907,0.06686046511627906,0.5939922480620154,64.5,-3.7539744251515974,0.5239234449760766,0.5115681233933161,0.5547945205479452,1.3423913043478262,184,0.4444444444444444,
2007,BUF,911,16,-0.12782646234491465,0.38748627881448955,4.872667398463228,0.07793633369923161,0.5323819978046103,56.9375,-5.626452494817495,0.5125284738041003,0.4699140401146132,0.39215686274509803,1.2138728323699421,173,0.37142857142857144,
2007,CAR,981,16,-0.10015515561153371,0.3853211009174312,4.629969418960244,0.07951070336391437,0.563710499490316,61.3125,-5.974175648575803,0.5223577235772358,0.4924965893587995,0.5163934426229508,1.3655913978494623,186,0.5238095238095238,
2007,CHI,1019,16,-0.13847629375619117,0.3788027477919529,4.615309126594701,0.06771344455348381,0.6005888125613347,63.6875,-3.29939606357311,0.5400696864111498,0.5548302872062664,0.5079365079365079,1.3681592039800996,201,0.4523809523809524,
2007,CIN,990,16,0.018559950882225663,0.4595959595959596,5.638383838383838,0.08181818181818182,0.5969696969696969,61.875,0.4508152705701915,0.5676229508196722,0.5272020725388601,0.5276073619631901,2.0414201183431953,169,0.46551724137931033,
2007,CLE,982,16,-0.00781317240197068,0.42464358452138495,5.736252545824847,0.1079429735234216,0.5773930753564155,61.375,-0.9474384038881711,0.5155131264916468,0.5006535947712418,0.4931506849315068,2.0217391304347827,184,0.5636363636363636,
2007,DAL,962,16,0.1140657947147674,0.4604989604989605,6.08939708939709,0.0997920997920998,0.5945945945945946,60.125,2.7556203656177387,0.6142034548944337,0.5453333333333333,0.5341614906832298,2.4180790960451977,177,0.532258064516129,
2007,DEN,962,16,0.0005124667270867076,0.42723492723492723,5.77027027027027,0.09667359667359668,0.5769230769230769,60.125,-3.1951267407769475,0.5433673469387755,0.5167785234899329,0.4740740740740741,1.7017543859649122,171,0.52,
2007,DET,956,16,-0.08081608176698625,0.4215481171548117,5.411087866108787,0.08891213389121339,0.6820083682008368,59.75,6.752147088333902,0.6143617021276596,0.6322751322751323,0.5488721804511278,1.6885245901639345,183,0.52,
2007,GB,961,16,0.07107507126727151,0.4308012486992716,6.194588969823101,0.08949011446409989,0.6222684703433923,60.0625,5.434942161170117,0.6148796498905909,0.5672436750998668,0.6029411764705882,2.25414364640884,181,0.5510204081632653,
2007,HOU,951,16,-0.011509146492411011,0.45425867507886436,5.624605678233438,0.07676130389064142,0.5867507886435331,59.4375,-1.8940701871154562,0.5557986870897156,0.553475935828877,0.4728682170542636,1.9464285714285714,168,0.6086956521739131,
2007,IND,1002,16,0.13625291888684432,0.48403193612774453,5.748502994011976,0.0998003992015968,0.5748502994011976,62.625,3.740464283447125,0.5973451327433629,0.5316455696202531,0.49473684210526314,2.6625,160,0.5735294117647058,
2007,JAX,1000,16,0.11236482634131215,0.44,5.741,0.107,0.522,62.5,-4.134138242900372,0.52,0.4674634794156706,0.4742268041237113,2.408805031446541,159,0.6,
2007,KC,994,16,-0.14126733521023746,0.37424547283702214,4.4607645875251505,0.0613682092555332,0.6247484909456741,62.125,0.2136760241383878,0.5662188099808061,0.5718120805369128,0.6041666666666666,1.1368421052631579,190,0.5,
2007,LA,1014,16,-0.15572297534152213,0.38362919132149903,4.70611439842209,0.06607495069033531,0.6134122287968442,63.375,-1.582133371375604,0.5431578947368421,0.5440414507772021,0.5714285714285714,1.2765957446808511,188,0.42857142857142855,
2007,LAC,973,16,-0.021188901113282112,0.3987667009249743,5.190133607399795,0.10277492291880781,0.5159301130524152,60.8125,-6.581864374683057,0.5302197802197802,0.4552736982643525,0.5131578947368421,1.9197860962566844,187,0.5384615384615384,
2007,LV,998,16,-0.09435775060422492,0.40080160320641284,4.729458917835672,0.08216432865731463,0.5170340681362725,62.375,-10.297927099703728,0.4457593688362919,0.4563758389261745,0.48623853211009177,1.3769633507853403,191,0.6,
2007,MIA,980,16,-0.08083723039369763,0.4020408163265306,4.705102040816326,0.08571428571428572,0.6173469387755102,61.25,-2.2395039790747115,0.5178197064989518,0.5581081081081081,0.4406779661016949,1.4046242774566473,173,0.55,
2007,MIN,943,16,-0.031044851950357538,0.42948038176033937,5.712619300106044,0.1071049840933192,0.5238600212089077,58.9375,-8.145126447176377,0.463768115942029,0.47146739130434784,0.45161290322580644,1.5978260869565217,184,0.6216216216216216,
2007,NE,1039,16,0.2570222779964561,0.5351299326275265,6.353224254090471,0.0904716073147257,0.5996150144369586,64.9375,7.940843686841507,0.6083150984682714,0.5603864734299517,0.5526315789473685,3.367088607594937,158,0.6986301369863014,
2007,NO,1046,16,0.0110312327517293,0.4770554493307839,5.544933078393881,0.07839388145315487,0.6424474187380497,65.375,4.354743923934935,0.6171428571428571,0.6098765432098765,0.5493827160493827,1.8977272727272727,176,0.72,
2007,NYG,1024,16,-0.0529425242496741,0.431640625,5.1953125,0.0810546875,0.5654296875,64.0,-2.3887414903583704,0.5128712871287129,0.520253164556962,0.5202312138728323,1.819672131147541,183,0.543859649122807,
2007,NYJ,1000,16,-0.09056132167965569,0.408,4.721,0.079,0.574,62.5,-5.727782511338591,0.5044843049327354,0.5059602649006623,0.5103448275862069,1.3928571428571428,168,0.3877551020408163,
2007,PHI,1031,16,0.032794297364046696,0.451988360814743,5.568380213385063,0.0950533462657614,0.6343355965082444,64.4375,5.5715905954098375,0.6279461279461279,0.5853350189633375,0.6339869281045751,1.898876404494382,178,0.4716981132075472,
2007,PIT,980,16,0.0554809701033531,0.4163265306122449,5.355102040816327,0.09387755102040816,0.5193877551020408,61.25,-7.123445579592063,0.5485327313769752,0.44133333333333336,0.5508982035928144,2.1893491124260356,169,0.5892857142857143,
2007,SEA,1039,16,-0.005907291978559126,0.44465832531280075,5.395572666025024,0.08950914340712224,0.6169393647738209,64.9375,4.071651076354782,0.632016632016632,0.5886699507389163,0.6214285714285714,1.8195876288659794,194,0.5714285714285714,
2007,SF,906,16,-0.2608242796631922,0.36423841059602646,4.206401766004415,0.0739514348785872,0.6368653421633554,56.625,-1.446359788805707,0.5613207547169812,0.5761194029850746,0.5795454545454546,1.0761421319796953,197,0.5,
2007,TB,953,16,-0.008388274750584469,0.41657922350472193,5.501573976915005,0.09024134312696747,0.5781741867785939,59.5625,-1.9473659386711757,0.6023529411764705,0.5136612021857924,0.45925925925925926,1.738888888888889,180,0.4375,
2007,TEN,1021,16,-0.07428634971747432,0.4201762977473066,4.901077375122429,0.07149853085210578,0.5328109696376102,63.8125,-4.93569292591467,0.5037593984962406,0.4596977329974811,0.4117647058823529,1.543010752688172,186,0.38181818181818183,
2007,WAS,1039,16,-0.04188480629899858,0.41482194417709334,5.144369586140519,0.08373435996150144,0.5505293551491819,64.9375,-3.6630987149373744,0.556640625,0.4774436090225564,0.477124183006536,1.6808510638297873,188,0.5,
2008,ARI,979,16,0.052881688209256185,0.449438202247191,5.993871297242084,0.0888661899897855,0.6721144024514811,61.1875,7.969805731060434,0.6363636363636364,0.6311688311688312,0.5989010989010989,2.254335260115607,173,0.59375,
2008,ATL,990,16,0.059154003024655955,0.42424242424242425,5.855555555555555,0.11313131313131314,0.4676767676767677,61.875,-10.011144888709591,0.47568710359408034,0.37763157894736843,0.42168674698795183,2.210843373493976,166,0.5535714285714286,
2008,BAL,1036,16,-0.019510065014929606,0.4025096525096525,5.037644787644788,0.08204633204633205,0.4623552123552124,64.75,-10.075086889910766,0.4697286012526096,0.38190954773869346,0.34285714285714286,1.7967914438502675,187,0.48,
2008,BUF,939,16,-0.050195138247770284,0.44089456869009586,5.215122470713525,0.08732694355697551,0.5686900958466453,58.6875,-4.856542643869774,0.5182341650671785,0.5269709543568465,0.45714285714285713,1.7426900584795322,171,0.4727272727272727,
2008,CAR,920,16,0.06470275158763852,0.4206521739130435,6.096739130434782,0.11630434782608695,0.47391304347826085,57.5,-9.97257071243518,0.4837310195227766,0.4086471408647141,0.42016806722689076,2.1639344262295084,183,0.6530612244897959,
2008,CHI,981,16,-0.10460037157407129,0.38837920489296635,4.836901121304791,0.07339449541284404,0.5759429153924567,61.3125,0.1636916710772038,0.5570599613152805,0.5313751668891856,0.5746268656716418,1.693467336683417,199,0.5918367346938775,
2008,CIN,970,16,-0.17892656656973868,0.3752577319587629,4.057731958762886,0.05257731958762887,0.6216494845360825,60.625,0.16035041551000065,0.5707865168539326,0.5450762829403606,0.6262626262626263,1.0164835164835164,182,0.46875,
2008,CLE,915,16,-0.1588050215429246,0.35628415300546445,4.360655737704918,0.06994535519125683,0.571584699453552,57.1875,-4.948252287637341,0.5031185031185031,0.48695652173913045,0.5258620689655172,1.2222222222222223,171,0.358974358974359,
2008,DAL,965,16,-0.007758832318284352,0.42072538860103625,5.727461139896373,0.10569948186528498,0.6103626943005181,60.3125,1.251046635943991,0.579295154185022,0.5566037735849056,0.5,1.875,184,0.6,
2008,DEN,1000,16,0.11125485675994189,0.494,6.348,0.095,0.651,62.5,5.705580313690007,0.6042471042471043,0.6186868686868687,0.5870967741935483,2.152439024390244,164,0.5535714285714286,
2008,DET,908,16,-0.17191524708527184,0.3601321585903084,4.71806167400881,0.08590308370044053,0.6244493392070485,56.75,-3.143835009490078,0.5306666666666666,0.5431918008784773,0.4090909090909091,1.381720430107527,186,0.5882352941176471,
2008,GB,997,16,0.06144645997734265,0.440320962888666,5.641925777331996,0.08625877632898696,0.5937813440320963,62.3125,0.689856212029426,0.5551663747810858,0.5316622691292876,0.5441176470588235,1.9772727272727273,176,0.625,
2008,HOU,1003,16,0.021709051142493187,0.44466600199401796,6.106679960119641,0.09870388833499502,0.5952143569292123,62.6875,0.07316927450633834,0.5851063829787234,0.5612244897959183,0.5024630541871922,2.0233918128654973,171,0.46774193548387094,
2008,IND,953,16,0.11178102887972907,0.4795383001049318,5.647429171038825,0.06610703043022036,0.6316894018887723,59.5625,3.653759422154016,0.6222664015904572,0.5907859078590786,0.564625850340136,2.3958333333333335,144,0.6862745098039216,
2008,JAX,993,16,0.007037225805404858,0.4511581067472306,5.13595166163142,0.08358509566968782,0.6173212487411883,62.0625,-1.0876814693152483,0.5470588235294118,0.5672823218997362,0.4881889763779528,1.6826347305389222,167,0.5319148936170213,
2008,KC,945,16,-0.055899748407001154,0.41798941798941797,5.234920634920635,0.07936507936507936,0.6370370370370371,59.0625,2.855057002059997,0.6035242290748899,0.5946704067321178,0.5,1.5542857142857143,175,0.5869565217391305,
2008,LA,975,16,-0.18604602733868375,0.37333333333333335,4.721025641025641,0.08102564102564103,0.5887179487179487,60.9375,-4.165991212121951,0.5,0.5176151761517616,0.4823529411764706,1.202127659574468,188,0.3333333333333333,
2008,LAC,919,16,0.12494591154622937,0.4515778019586507,6.076169749727965,0.09031556039173014,0.5571273122959739,57.4375,-2.7870970740671126,0.5519630484988453,0.49441340782122906,0.5344827586206896,2.4047619047619047,168,0.5846153846153846,
2008,LV,915,16,-0.16377098437473075,0.366120218579235,4.759562841530054,0.09617486338797815,0.5114754098360655,57.1875,-9.089003824145417,0.4469135802469136,0.44933920704845814,0.45454545454545453,1.1978609625668448,187,0.42105263157894735,
2008,MIA,948,16,0.08749581966401651,0.4630801687763713,5.837552742616034,0.08755274261603375,0.5537974683544303,59.25,-1.227696789703666,0.5619834710743802,0.5013477088948787,0.5043478260869565,1.9698795180722892,166,0.6444444444444445,
2008,MIN,999,16,-0.052909661879562836,0.4014014014014014,5.303303303303303,0.0940940940940941,0.5095095095095095,62.4375,-9.933680605452818,0.48554913294797686,0.4412532637075718,0.371900826446281,1.8594594594594596,185,0.45454545454545453,
2008,NE,1070,16,0.09588183469131809,0.46448598130841123,5.489719626168224,0.08037383177570094,0.5757009345794393,66.875,1.5363805793295398,0.5504950495049505,0.5419664268585132,0.5120772946859904,2.4216867469879517,166,0.5151515151515151,
2008,NO,1031,16,0.12339821238517594,0.48496605237633367,6.382153249272551,0.0950533462657614,0.6294859359844811,64.4375,5.027139232205778,0.6245059288537549,0.601965601965602,0.5614035087719298,2.525714285714286,175,0.640625,
2008,NYG,1002,16,0.08558960618027966,0.4660678642714571,5.704590818363274,0.10578842315369262,0.5229540918163673,62.625,-3.389461785220279,0.5376782077393075,0.45616264294790343,0.49743589743589745,2.392857142857143,168,0.5223880597014925,
2008,NYJ,967,16,0.0309619920457869,0.4653567735263702,5.494312306101344,0.09410548086866598,0.5811789038262668,60.4375,1.6672646151056212,0.5650319829424307,0.5099337748344371,0.4816753926701571,2.1228070175438596,171,0.5396825396825397,
2008,PHI,1036,16,0.0007692134449706513,0.4333976833976834,5.425675675675675,0.08494208494208494,0.6283783783783784,64.75,5.584669499891778,0.6356589147286822,0.5733830845771144,0.6107784431137725,1.8652849740932642,193,0.5079365079365079,
2008,PIT,996,16,-0.03207021758011533,0.428714859437751,5.025100401606426,0.08032128514056225,0.572289156626506,62.25,-1.0839485690506347,0.5721476510067114,0.48751642575558474,0.4928571428571429,1.7988826815642458,179,0.5294117647058824,
2008,SEA,922,16,-0.06291751540095959,0.37418655097613884,4.759219088937093,0.07917570498915401,0.5748373101952278,57.625,-4.107826712809972,0.5510204081632653,0.5364145658263305,0.5615384615384615,1.5314285714285714,175,0.5238095238095238,
2008,SF,945,16,-0.07705918782240576,0.4264550264550265,5.279365079365079,0.08783068783068783,0.6264550264550265,59.0625,1.9612455001426121,0.5425,0.5725915875169606,0.5611510791366906,1.7150837988826815,179,0.5094339622641509,
2008,TB,1030,16,-0.0262261600365293,0.43398058252427185,5.306796116504854,0.07766990291262135,0.6009708737864078,64.375,-0.6128226573244461,0.5982339955849889,0.5508905852417303,0.5138888888888888,1.710382513661202,183,0.4339622641509434,
2008,TEN,956,16,-0.013178336465704809,0.4110878661087866,5.27092050209205,0.09309623430962342,0.4989539748953975,59.75,-5.428536344810572,0.540650406504065,0.43989071038251365,0.392,1.8602150537634408,186,0.6511627906976745,
2008,WAS,1008,16,-0.035322275995095444,0.42063492063492064,5.094246031746032,0.07837301587301587,0.564484126984127,63.0,-4.717175677854804,0.5508317929759704,0.5,0.5172413793103449,1.4857142857142858,175,0.4791666666666667,
2009,ARI,959,16,-0.02189485675524905,0.4556830031282586,5.763295099061523,0.1032325338894682,0.6465067778936392,59.9375,6.360641617339582,0.6085858585858586,0.5910878112712975,0.5488721804511278,1.8481675392670156,191,0.6785714285714286,
2009,ATL,1026,16,0.03720763637762632,0.42884990253411304,5.3235867446393765,0.08284600389863547,0.5857699805068226,64.125,-2.3377618097044803,0.5398406374501992,0.5075949367088608,0.5,2.084848484848485,165,0.5454545454545454,
2009,BAL,1005,16,0.0542931669392414,0.4407960199004975,5.5990049751243784,0.09353233830845771,0.5562189054726369,62.8125,-2.6975674291525906,0.532293986636971,0.4935897435897436,0.40714285714285714,2.0110497237569063,181,0.5344827586206896,
2009,BUF,903,16,-0.1255218319142988,0.37763012181616834,4.861572535991141,0.07641196013289037,0.5669988925802879,56.4375,-3.409049910795385,0.5246913580246914,0.4869942196531792,0.5,1.3135135135135134,185,0.35135135135135137,
2009,CAR,1004,16,-0.052988279962619234,0.40537848605577687,5.289840637450199,0.11155378486055777,0.499003984063745,62.75,-10.725298714805469,0.43859649122807015,0.45430809399477806,0.359375,1.618279569892473,186,0.5227272727272727,
2009,CHI,957,16,-0.09822198286747626,0.3928944618599791,5.197492163009405,0.08672936259143156,0.6374085684430512,59.8125,2.845913634023385,0.6082004555808656,0.5858725761772853,0.54375,1.6203208556149733,187,0.5094339622641509,
2009,CIN,996,16,-0.015546691896738744,0.428714859437751,4.9769076305220885,0.08835341365461848,0.5200803212851406,62.25,-6.436338890194294,0.524416135881104,0.43443708609271525,0.5586206896551724,1.653179190751445,173,0.56,
2009,CLE,965,16,-0.18225761971435778,0.3450777202072539,4.319170984455958,0.08290155440414508,0.49430051813471504,60.3125,-11.612263673559372,0.4523281596452328,0.4198047419804742,0.3783783783783784,1.1675675675675676,185,0.4594594594594595,
2009,DAL,1001,16,0.10162828762573586,0.46153846153846156,6.399600399600399,0.11788211788211789,0.5934065934065934,62.5625,0.3072612411849625,0.5492125984251969,0.5398230088495575,0.5310344827586206,1.9428571428571428,175,0.52,
2009,DEN,1024,16,-0.03358741044076833,0.41796875,5.34375,0.091796875,0.5859375,64.0,0.23547461969428696,0.5513078470824949,0.527180783817952,0.53125,1.6042780748663101,187,0.49056603773584906,
2009,DET,1025,16,-0.18633947041588994,0.38634146341463416,4.671219512195122,0.07804878048780488,0.6292682926829268,64.0625,-2.0964318681054,0.5021008403361344,0.5587467362924282,0.6203703703703703,1.231578947368421,190,0.4594594594594595,
2009,GB,1020,16,0.11925124522094575,0.4441176470588235,5.965686274509804,0.0892156862745098,0.6058823529411764,63.75,3.4401874565610697,0.6313559322033898,0.5340050377833753,0.5988372093023255,2.2972972972972974,185,0.5967741935483871,
2009,HOU,1019,16,0.04309116733147259,0.4622178606476938,6.032384690873405,0.09813542688910697,0.619234543670265,63.6875,3.981390449385706,0.6153846153846154,0.5848822800495663,0.5111111111111111,1.9723756906077348,181,0.515625,
2009,IND,965,16,0.11526896384937733,0.48393782383419687,6.037305699481865,0.10155440414507771,0.6404145077720207,60.3125,5.825971929752147,0.6430155210643016,0.5916230366492147,0.5185185185185185,2.397590361445783,166,0.6964285714285714,
2009,JAX,991,16,0.00623790592119614,0.4308779011099899,5.454086781029264,0.08476286579212916,0.6004036326942482,61.9375,-0.786113028163626,0.5486725663716814,0.5576407506702413,0.45454545454545453,1.686046511627907,172,0.5106382978723404,
2009,KC,1012,16,-0.14184517689752077,0.3567193675889328,4.777667984189724,0.08399209486166008,0.5968379446640316,63.25,-3.9101098831595755,0.5506072874493927,0.5357142857142857,0.65625,1.2814070351758795,199,0.48717948717948717,
2009,LA,994,16,-0.2259871586376362,0.38028169014084506,4.501006036217304,0.08148893360160966,0.60261569416499,62.125,-5.368588816456992,0.5456389452332657,0.5303643724696356,0.594059405940594,0.9337016574585635,181,0.3235294117647059,
2009,LAC,958,16,0.13140717967244955,0.44154488517745305,6.026096033402923,0.10125260960334029,0.5762004175365344,59.875,0.9795246317220506,0.6068181818181818,0.5261780104712042,0.40229885057471265,2.5757575757575757,165,0.578125,
2009,LV,933,16,-0.20089383634631183,0.3633440514469453,4.572347266881029,0.07395498392282958,0.5905680600214362,58.3125,-5.303802430262392,0.49464668094218417,0.5135520684736091,0.5657894736842105,1.0103626943005182,193,0.41379310344827586,
2009,MIA,1077,16,0.0012779901252877879,0.4568245125348189,5.022284122562674,0.07428040854224698,0.5394614670380687,67.3125,-6.988068779164315,0.4805194805194805,0.47607361963190187,0.3803680981595092,1.8764044943820224,178,0.66,
2009,MIN,1032,16,0.07739352962737231,0.4486434108527132,5.905038759689923,0.10755813953488372,0.5707364341085271,64.5,-1.0206240050624622,0.5477272727272727,0.5106117353308365,0.5,2.4371584699453552,183,0.6417910447761194,
2009,NE,1060,16,0.11245561607694461,0.4877358490566038,6.016981132075472,0.08679245283018867,0.5839622641509434,66.25,3.617444537790879,0.5592515592515592,0.5454545454545454,0.48633879781420764,2.339080459770115,174,0.5555555555555556,
2009,NO,1016,16,0.1292762037447911,0.48523622047244097,6.374015748031496,0.1062992125984252,0.5600393700787402,63.5,-0.8332193352458045,0.5566037735849056,0.5229244114002478,0.5434782608695652,2.5762711864406778,177,0.5833333333333334,
2009,NYG,1004,16,0.059325650909795226,0.43725099601593626,5.8436254980079685,0.10856573705179283,0.5796812749003984,62.75,-2.2837437674462557,0.5289672544080605,0.5205128205128206,0.4968553459119497,2.0833333333333335,180,0.5192307692307693,
2009,NYJ,1012,16,-0.06521057965304451,0.3932806324110672,5.094861660079052,0.10375494071146245,0.4318181818181818,63.25,-14.377667139313761,0.459915611814346,0.34600262123197906,0.3968253968253968,1.6546391752577319,194,0.5,
2009,PHI,955,16,0.03830021033834392,0.4272251308900524,6.016753926701571,0.10785340314136126,0.6345549738219896,59.6875,5.833402915969881,0.6434316353887399,0.5934959349593496,0.589041095890411,2.0591397849462365,186,0.5098039215686274,
2009,PIT,998,16,0.05085209884980028,0.45190380761523047,5.966933867735471,0.10721442885771543,0.5961923847695391,62.375,3.610517438463792,0.5894160583941606,0.5337579617834395,0.5704225352112676,1.9828571428571429,175,0.5,
2009,SEA,1039,16,-0.120316802752264,0.40230991337824834,4.885466794995188,0.0741097208854668,0.6429258902791145,64.9375,2.1715127822653506,0.5855855855855856,0.5992462311557789,0.664,1.3664921465968587,191,0.40425531914893614,
2009,SF,926,16,-0.08017862816588382,0.36069114470842334,5.036717062634989,0.08423326133909287,0.6263498920086393,57.875,2.9138761924551577,0.5934065934065934,0.557163531114327,0.5980392156862745,1.5846153846153845,195,0.6216216216216216,
2009,TB,953,16,-0.158506256299055,0.3588667366211962,4.83420776495278,0.07555089192025184,0.6243441762854145,59.5625,-1.517157726075817,0.5156626506024097,0.5525946704067322,0.7157894736842105,1.0952380952380953,189,0.5,
2009,TEN,978,16,0.013921589207040784,0.4049079754601227,5.7607361963190185,0.09202453987730061,0.5296523517382413,61.125,-9.86721418257079,0.5011086474501109,0.4609164420485175,0.5307692307692308,1.8212290502793296,179,0.55,
2009,WAS,959,16,-0.049048738854769715,0.40771637122002086,5.234619395203337,0.072992700729927,0.6287799791449427,59.9375,1.2103769151305506,0.5904365904365905,0.5649171270718232,0.5683453237410072,1.5773809523809523,168,0.5652173913043478,
2010,ARI,930,16,-0.22562847124280505,0.36666666666666664,4.622580645161291,0.08494623655913978,0.667741935483871,58.125,1.775284349037114,0.5858823529411765,0.5931721194879089,0.6306306306306306,1.1526315789473685,190,0.40540540540540543,
2010,ATL,1079,16,0.05379826160954461,0.4198331788693234,5.076923076923077,0.06679035250463822,0.5746061167747915,67.4375,-1.0387260411522163,0.565377532228361,0.5,0.49206349206349204,2.184971098265896,173,0.6166666666666667,
2010,BAL,1000,16,0.003690336223262223,0.407,5.184,0.07607607607607608,0.542,62.5,-1.3765679523199648,0.5555555555555556,0.46350832266325226,0.41025641025641024,1.8644067796610169,177,0.4716981132075472,
2010,BUF,951,16,-0.10953768491001303,0.40063091482649843,5.1230283911671926,0.08307045215562565,0.6088328075709779,59.4375,-2.2014829229277515,0.5413870246085011,0.5313807531380753,0.591304347826087,1.4222222222222223,180,0.5263157894736842,
2010,CAR,958,16,-0.2565972408496169,0.33194154488517746,4.318371607515657,0.08350730688935282,0.5720250521920668,59.875,-10.154062153339884,0.44471744471744473,0.4844632768361582,0.5054945054945055,0.9540816326530612,196,0.30303030303030304,
2010,CHI,917,16,-0.10257539758663212,0.3893129770992366,5.0719738276990185,0.08733624454148471,0.5986913849509269,57.3125,2.4671434882345027,0.6125760649087221,0.5299860529986054,0.5597014925373134,1.6084656084656084,189,0.5,
2010,CIN,1032,16,-0.046676553077063795,0.4428294573643411,5.135658914728682,0.07976653696498054,0.6017441860465116,64.5,-0.30498801031175293,0.5384615384615384,0.5366161616161617,0.5100671140939598,1.6470588235294117,187,0.4827586206896552,
2010,CLE,912,16,-0.09588456343197524,0.3980263157894737,5.098684210526316,0.07785087719298246,0.581140350877193,57.0,-2.2165557933285047,0.5324427480916031,0.5240793201133145,0.4857142857142857,1.4588235294117646,171,0.47619047619047616,
2010,DAL,1025,16,0.006533657210961811,0.43609756097560975,5.689756097560975,0.09463414634146342,0.6195121951219512,64.0625,-1.8805767873801835,0.5595744680851064,0.5762925598991173,0.5228758169934641,1.9602272727272727,176,0.5918367346938775,
2010,DEN,1007,16,-0.02204547571280223,0.3932472691161867,5.553128103277061,0.10238568588469185,0.6355511420059583,62.9375,-0.045824708383730345,0.5687645687645687,0.5862068965517241,0.6259541984732825,1.71875,192,0.58,
2010,DET,1055,16,-0.03411888485467746,0.4075829383886256,5.144075829383886,0.08151658767772511,0.6407582938388625,65.9375,0.8443706346702237,0.5526770293609672,0.5676691729323309,0.6694214876033058,1.7395833333333333,192,0.6739130434782609,
2010,GB,984,16,0.07218630915744592,0.45223577235772355,5.837398373983739,0.08536585365853659,0.6290650406504065,61.5,8.451868542583615,0.6573556797020484,0.5736636245110821,0.6470588235294118,2.057142857142857,175,0.6153846153846154,
2010,HOU,1016,16,0.09679694773281375,0.468503937007874,6.096456692913386,0.11133004926108374,0.5964566929133859,63.5,-2.818769403536038,0.5049019607843137,0.5590062111801242,0.4457831325301205,2.235632183908046,174,0.6111111111111112,
2010,IND,1073,16,0.08963131282173734,0.4678471575023299,5.691519105312209,0.06896551724137931,0.6486486486486487,67.0625,4.333390550512581,0.6281800391389433,0.6129779837775203,0.5714285714285714,2.3391812865497075,171,0.7037037037037037,
2010,JAX,1009,16,0.01607327920200473,0.44642857142857145,5.4122893954410305,0.11000991080277503,0.5302279484638256,63.0625,-6.090990671328647,0.4780114722753346,0.4859335038363171,0.5177304964539007,2.0,173,0.6666666666666666,
2010,KC,1050,16,0.03295554913283014,0.42,5.337142857142857,0.10476190476190476,0.49714285714285716,65.625,-7.540052719059444,0.47390396659707723,0.4291044776119403,0.47101449275362317,1.783068783068783,189,0.6037735849056604,
2010,LA,1041,16,-0.10309816991692529,0.3794428434197887,4.663784822286263,0.0741097208854668,0.6099903938520653,65.0625,1.0348793657010742,0.6232741617357002,0.5467171717171717,0.6025641025641025,1.4845360824742269,194,0.37037037037037035,
2010,LAC,1031,16,0.09981226171896378,0.4422890397672163,6.148399612027158,0.10679611650485436,0.574199806013579,64.4375,-1.7822343514309924,0.5626477541371159,0.5061425061425061,0.525974025974026,2.269230769230769,182,0.5573770491803278,
2010,LV,1023,16,-0.012879557288571897,0.3949169110459433,5.563049853372434,0.09970674486803519,0.5532746823069403,63.9375,-4.3550988063871685,0.53,0.47522236340533675,0.48201438848920863,1.7989949748743719,199,0.5319148936170213,
2010,MIA,1027,16,-0.07168709992928216,0.4186952288218111,5.051606621226874,0.0730282375851996,0.6017526777020448,64.1875,-0.2669284657050131,0.5577557755775577,0.5482233502538071,0.49038461538461536,1.4640883977900552,181,0.5142857142857142,
2010,MIN,974,16,-0.12521044777286633,0.4188911704312115,5.181724845995893,0.09753593429158111,0.5770020533880903,60.875,-4.361879964238626,0.5245283018867924,0.5206391478029294,0.4878048780487805,1.4108108108108108,185,0.4888888888888889,
2010,NE,964,16,0.20174162133131024,0.4927385892116183,6.059128630705394,0.10684647302904564,0.5570539419087137,60.25,2.036598541569042,0.5839793281653747,0.49801849405548215,0.5056179775280899,2.8625,160,0.6176470588235294,
2010,NO,1050,16,0.042224234465399656,0.46285714285714286,5.687619047619048,0.08285714285714285,0.6533333333333333,65.625,5.945553690195084,0.64030131826742,0.6060606060606061,0.5879120879120879,2.1834319526627217,169,0.5166666666666667,
2010,NYG,1014,16,-0.008273858823939398,0.4418145956607495,6.020710059171598,0.11143984220907298,0.5562130177514792,63.375,-1.3727250775318645,0.5465686274509803,0.48443337484433374,0.5033112582781457,1.935323383084577,201,0.5818181818181818,
2010,NYJ,1073,16,-0.017758029292019282,0.4193849021435228,5.243243243243243,0.08574091332712022,0.5228331780055918,67.0625,-7.725880808176999,0.4991212653778559,0.44727272727272727,0.5555555555555556,1.6734693877551021,196,0.4375,
2010,PHI,1019,16,0.0893985908095309,0.44553483807654565,6.126594700686948,0.11481844946025516,0.6526005888125613,63.6875,6.528412137944636,0.6337078651685393,0.6153846153846154,0.6292134831460674,2.223404255319149,188,0.5614035087719298,
2010,PIT,971,16,0.045373695679984165,0.40679711637487126,5.697219361483008,0.10939112487100103,0.5458290422245108,60.6875,-2.901058360526744,0.5417515274949084,0.4647137150466045,0.4785714285714286,1.9770114942528736,174,0.5208333333333334,
2010,SEA,946,16,-0.10985333454747477,0.38477801268498946,5.052854122621564,0.0816542948038176,0.6257928118393234,59.125,3.660685530728399,0.6285714285714286,0.5863509749303621,0.5657894736842105,1.4162162162162162,185,0.43137254901960786,
2010,SF,934,16,-0.06930026140816735,0.37901498929336186,5.374732334047109,0.09110396570203644,0.5995717344753747,58.375,-1.8859831472541357,0.5429141716566867,0.536723163841808,0.49122807017543857,1.402116402116402,189,0.5,
2010,TB,945,16,0.03994443707373547,0.4158730158730159,5.6835978835978835,0.1038135593220339,0.5968253968253968,59.0625,0.4792811212887577,0.582441113490364,0.5340751043115438,0.5338983050847458,1.9263803680981595,163,0.5869565217391305,
2010,TEN,894,16,-0.034414346838841745,0.39373601789709173,5.41834451901566,0.09843400447427293,0.5727069351230425,55.875,-4.590809210859889,0.5721271393643031,0.5029673590504451,0.5,1.8491620111731844,179,0.5909090909090909,
2010,WAS,991,16,-0.08647777629004753,0.4036326942482341,5.43087790110999,0.09696969696969697,0.6680121089808274,61.9375,5.609300983223048,0.5952380952380952,0.6023316062176166,0.5328467153284672,1.4378109452736318,201,0.5,
2011,ARI,980,16,-0.0892270395940401,0.40714285714285714,5.308163265306122,0.08061224489795918,0.6408163265306123,61.25,3.131436953245073,0.5868263473053892,0.5774278215223098,0.5267857142857143,1.4536082474226804,194,0.5111111111111111,
2011,ATL,1046,16,0.04146847946505439,0.43021032504780116,5.788718929254302,0.10038240917782026,0.6013384321223709,65.375,-0.28324707840385904,0.5430622009569378,0.5208845208845209,0.5142857142857142,2.087912087912088,182,0.5254237288135594,
2011,BAL,1016,16,0.02054532871884703,0.4074803149606299,5.354330708661418,0.08562992125984252,0.5767716535433071,63.5,-0.639146464092173,0.5532879818594104,0.513375796178344,0.5,1.9,180,0.49019607843137253,
2011,BUF,981,16,-0.013126485952398468,0.43934760448521915,5.741080530071356,0.09304703476482618,0.6340468909276249,61.3125,2.6116295494824833,0.5796344647519582,0.578125,0.6190476190476191,1.7258064516129032,186,0.5471698113207547,
2011,CAR,987,16,0.10830004611682922,0.44984802431610943,6.328267477203648,0.12880324543610547,0.6048632218844985,61.6875,1.296205562114353,0.562753036437247,0.5575221238938053,0.5323741007194245,2.257142857142857,175,0.5689655172413793,
2011,CHI,969,16,-0.11612486504287187,0.3890608875128999,5.191950464396285,0.09907120743034056,0.564499484004128,60.5625,-2.1156359888743936,0.49888641425389757,0.4914361001317523,0.514018691588785,1.4615384615384615,195,0.5,
2011,CIN,1005,16,-0.03536682689137161,0.4129353233830846,5.100497512437811,0.08855721393034825,0.5810945273631841,62.8125,-1.07311163523897,0.5572519083969466,0.5180412371134021,0.5211267605633803,1.6544502617801047,191,0.4791666666666667,
2011,CLE,1012,16,-0.09622184198740157,0.39723320158102765,4.576086956521739,0.05637982195845697,0.6413043478260869,63.25,0.2929104755528485,0.5684410646387833,0.5687830687830688,0.5490196078431373,1.2183908045977012,174,0.43333333333333335,
2011,DAL,1001,16,0.04657710119919047,0.4515484515484515,6.013986013986014,0.09290709290709291,0.6163836163836164,62.5625,1.4535420479347834,0.5822222222222222,0.5604534005037783,0.6013986013986014,2.011173184357542,179,0.5319148936170213,
2011,DEN,1007,16,-0.09626915410382275,0.3902681231380338,5.037735849056604,0.10724925521350546,0.49751737835153925,62.9375,-14.93175609116817,0.402321083172147,0.44871794871794873,0.5591397849462365,1.3668341708542713,199,0.5405405405405406,
2011,DET,1068,16,0.05956984871852503,0.44662921348314605,6.0,0.09925093632958802,0.6788389513108615,66.75,6.384028751954213,0.66,0.6229116945107399,0.691358024691358,2.1875,192,0.6379310344827587,
2011,GB,963,16,0.22937138767634702,0.4787123572170301,6.745586708203531,0.10604453870625663,0.6365524402907581,60.1875,10.635443086501839,0.6683046683046683,0.5844155844155844,0.6646706586826348,3.0236686390532546,169,0.6666666666666666,
2011,HOU,1027,16,0.029218528145851498,0.4459591041869523,5.813047711781889,0.12366114897760468,0.4917234664070107,64.1875,-8.526990501737874,0.501010101010101,0.4332493702770781,0.42934782608695654,1.967741935483871,186,0.4918032786885246,
2011,IND,939,16,-0.13839542860552792,0.38977635782747605,4.894568690095847,0.07028753993610223,0.6123535676251332,58.6875,-3.9821173118960997,0.5354691075514875,0.5392156862745098,0.6033057851239669,1.238888888888889,180,0.4473684210526316,
2011,JAX,986,16,-0.18663614218659344,0.35496957403651114,4.223123732251521,0.07910750507099391,0.5436105476673428,61.625,-7.95020876456105,0.5172413793103449,0.46238030095759236,0.5087719298245614,1.1648936170212767,188,0.4594594594594595,
2011,KC,1008,16,-0.09047381525286072,0.3869047619047619,4.944444444444445,0.08035714285714286,0.5476190476190477,63.0,-5.648400619374736,0.4989648033126294,0.4849673202614379,0.47959183673469385,1.0481283422459893,187,0.35294117647058826,
2011,LA,1005,16,-0.19785659231358071,0.3592039800995025,4.523383084577114,0.08075772681954138,0.6109452736318408,62.8125,-4.123905600454372,0.5393013100436681,0.5549668874172186,0.6538461538461539,0.9162303664921466,191,0.3548387096774194,
2011,LAC,1037,16,0.07970832673531346,0.4513018322082932,6.0732883317261335,0.11764705882352941,0.5959498553519769,64.8125,1.416025183584789,0.5675675675675675,0.5427872860635696,0.5347222222222222,2.2781065088757395,169,0.5471698113207547,
2011,LV,1006,16,0.013487553652011187,0.42445328031809143,6.042743538767396,0.1202020202020202,0.5447316103379721,62.875,-2.7742886703198004,0.5112936344969199,0.4924433249370277,0.4132231404958678,1.806282722513089,191,0.5434782608695652,
2011,MIA,979,16,-0.04801544670348219,0.38508682328907046,5.197139938712972,0.10827374872318693,0.5556690500510725,61.1875,-1.8845636698210932,0.5616438356164384,0.4914134742404227,0.543046357615894,1.6507936507936507,189,0.4716981132075472,
2011,MIN,1002,16,-0.04651476518494744,0.3962075848303393,5.269461077844311,0.1038961038961039,0.5948103792415169,62.625,-4.350585245027706,0.5114678899082569,0.5188556566970091,0.5384615384615384,1.7741935483870968,186,0.5555555555555556,
2011,NE,1068,16,0.20192017251170125,0.5121722846441947,6.424157303370786,0.1021555763823805,0.6132958801498127,66.75,7.419297677284105,0.6146616541353384,0.5729166666666666,0.5467980295566502,2.7674418604651163,172,0.6619718309859155,
2011,NO,1112,16,0.20328358471456162,0.5152877697841727,6.79226618705036,0.11151079136690648,0.6267985611510791,69.5,6.585506193101969,0.6182572614107884,0.5899441340782123,0.6033519553072626,2.9770114942528734,174,0.5921052631578947,
2011,NYG,1007,16,0.035680974766274555,0.43495531281032773,6.137040714995035,0.09840954274353876,0.6216484607745779,62.9375,0.39084035918027693,0.580896686159844,0.5649432534678437,0.5785714285714286,1.9842105263157894,190,0.5862068965517241,
2011,NYJ,1020,16,-0.0950117803553567,0.39215686274509803,4.898039215686275,0.07163886162904809,0.5872549019607843,63.75,-2.3641031120297837,0.5621414913957935,0.5175879396984925,0.5641025641025641,1.7272727272727273,198,0.6666666666666666,
2011,PHI,1019,16,0.05780502528317549,0.47006869479882235,6.279685966633955,0.12463199214916584,0.634936211972522,63.6875,7.262077153833095,0.6198347107438017,0.5922693266832918,0.5238095238095238,1.9572192513368984,187,0.5151515151515151,
2011,PIT,997,16,0.05970437008472155,0.4493480441323972,5.987963891675025,0.10832497492477432,0.5957873620862588,62.3125,2.9665045533609486,0.5705521472392638,0.5288944723618091,0.5337837837837838,1.8719512195121952,164,0.509090909090909,
2011,SEA,992,16,-0.076258805218622,0.38810483870967744,4.908266129032258,0.09283551967709384,0.5836693548387096,62.0,-2.3179557888677453,0.5442307692307692,0.5086782376502003,0.5289256198347108,1.4766839378238341,193,0.48936170212765956,
2011,SF,973,16,-0.009479387103093123,0.40596094552929085,5.130524152106886,0.09268795056642637,0.5323741007194245,60.8125,-2.964475991858513,0.5731958762886598,0.4635135135135135,0.4591194968553459,1.9135135135135135,185,0.4339622641509434,
2011,TB,950,16,-0.10850872199071514,0.42947368421052634,5.386315789473684,0.06645569620253164,0.6778947368421052,59.375,2.3945263394386456,0.5660919540229885,0.616551724137931,0.7272727272727273,1.4606741573033708,178,0.475,
2011,TEN,970,16,-0.0411576911032027,0.3938144329896907,5.54020618556701,0.09109730848861283,0.6329896907216495,60.625,2.54069926799516,0.5914786967418546,0.5527027027027027,0.6601941747572816,1.65,180,0.5789473684210527,
2011,WAS,1018,16,-0.0621331923723216,0.41453831041257366,5.281925343811395,0.09332023575638507,0.630648330058939,63.625,0.4565701428398285,0.5553470919324578,0.5525982256020279,0.6037735849056604,1.540983606557377,183,0.41818181818181815,
2012,ARI,1013,16,-0.26084504309708123,0.3484698914116486,4.157946692991115,0.06219151036525173,0.667324777887463,63.3125,1.555093466823687,0.5823529411764706,0.5978975032851511,0.5909090909090909,1.0679611650485437,206,0.38095238095238093,
2012,ATL,1008,16,0.0857383218711608,0.4603174603174603,5.873015873015873,0.07539682539682539,0.6577380952380952,63.0,8.708173782464915,0.6505494505494506,0.6015037593984962,0.5730337078651685,2.3275862068965516,174,0.5873015873015873,
2012,BAL,1028,16,0.0023086091448340025,0.4056420233463035,5.500972762645914,0.10516066212268745,0.5904669260700389,64.25,0.9354958410475479,0.536723163841808,0.5238095238095238,0.5081967213114754,1.9513513513513514,185,0.5882352941176471,
2012,BUF,971,16,-0.00905539499307457,0.42018537590113286,5.6580844490216275,0.10298661174047374,0.5870236869207003,60.6875,-1.26830771312225,0.5686746987951807,0.5234986945169713,0.5826086956521739,1.721311475409836,183,0.5306122448979592,
2012,CAR,976,16,0.07396850212054756,0.44364754098360654,5.925204918032787,0.11475409836065574,0.5727459016393442,61.0,0.2644208954555578,0.5372807017543859,0.5235602094240838,0.48854961832061067,1.9473684210526316,171,0.6428571428571429,
2012,CHI,980,16,-0.05708305215290237,0.39183673469387753,5.088775510204082,0.0836734693877551,0.5683673469387756,61.25,-1.7367994777706204,0.5665859564164649,0.50066401062417,0.48717948717948717,1.5925925925925926,189,0.48936170212765956,
2012,CIN,995,16,-0.003635396914321672,0.41608040201005025,5.366834170854271,0.06934673366834171,0.6050251256281407,62.1875,4.080871451065768,0.607421875,0.5647058823529412,0.559748427672956,1.9516129032258065,186,0.5535714285714286,
2012,CLE,990,16,-0.06682263494713211,0.396969696969697,5.085858585858586,0.08181818181818182,0.6232323232323232,61.875,2.6892654921370323,0.6049618320610687,0.5529100529100529,0.5267857142857143,1.5133689839572193,187,0.46153846153846156,
2012,DAL,1032,16,0.050880701501607235,0.4738372093023256,5.829457364341085,0.07655038759689922,0.6782945736434108,64.5,4.032767206870828,0.5968028419182948,0.6320987654320988,0.6850393700787402,2.0058479532163744,171,0.5111111111111111,
2012,DEN,1063,16,0.10328300416034919,0.47695202257761055,6.019755409219191,0.10348071495766697,0.5747883349012229,66.4375,3.989444091313309,0.6095444685466378,0.5235294117647059,0.5389221556886228,2.327777777777778,180,0.6153846153846154,
2012,DET,1151,16,-0.0086983916688031,0.44917463075586445,5.685490877497828,0.08861859252823631,0.680278019113814,71.9375,3.169058644569614,0.6185383244206774,0.6145374449339207,0.6209150326797386,1.8826530612244898,196,0.6037735849056604,
2012,GB,1023,16,0.09088361029556065,0.45454545454545453,5.6412512218963835,0.08406647116324535,0.6265884652981427,63.9375,6.578558876214664,0.6234567901234568,0.5655430711610487,0.7107438016528925,2.2430939226519335,181,0.68,
2012,HOU,1073,16,0.06316419890192274,0.4361602982292637,5.5675675675675675,0.09692451071761417,0.5442684063373718,67.0625,-3.2154156075649913,0.5648351648351648,0.5064935064935064,0.3782051282051282,1.9384615384615385,195,0.5818181818181818,
2012,IND,1082,16,0.01057922154640937,0.4399260628465804,5.373382624768946,0.09611829944547134,0.6423290203327172,67.625,2.293440520887344,0.6142034548944337,0.5793184488836662,0.6106870229007634,1.7954545454545454,176,0.5777777777777777,
2012,JAX,986,16,-0.13002648913494097,0.38640973630831643,4.86105476673428,0.07809330628803246,0.6622718052738337,61.625,3.169852672012534,0.5661914460285132,0.5940860215053764,0.6788990825688074,1.3020833333333333,192,0.46153846153846156,
2012,KC,1003,16,-0.14826508182933604,0.4017946161515454,5.0977068793619145,0.09371884346959122,0.5343968095712861,62.6875,-10.29976142211961,0.43887775551102204,0.4594594594594595,0.4387755102040816,1.1153846153846154,182,0.2972972972972973,
2012,LA,982,16,-0.03073681057286939,0.4256619144602851,5.372708757637475,0.0855397148676171,0.615071283095723,61.375,-1.4331477519708957,0.5806451612903226,0.548,0.6339285714285714,1.4742857142857142,175,0.48717948717948717,
2012,LAC,978,16,-0.05902180411201042,0.4100204498977505,4.872188139059305,0.07464212678936605,0.598159509202454,61.125,0.6664034154395628,0.6056338028169014,0.538563829787234,0.5714285714285714,1.6101694915254237,177,0.4888888888888889,
2012,LV,1025,16,-0.06966202559532393,0.40390243902439027,5.372682926829269,0.07902439024390244,0.6448780487804878,64.0625,0.21053317734381047,0.5633802816901409,0.5873417721518988,0.6535433070866141,1.5376344086021505,186,0.45454545454545453,
2012,MIA,959,16,-0.0695210568173221,0.4181438998957247,5.2148070907195,0.08342022940563086,0.5755995828988529,59.9375,0.4510836035782341,0.5429184549356223,0.5094850948509485,0.5087719298245614,1.5142857142857142,175,0.5945945945945946,
2012,MIN,985,16,-0.0019667908077656516,0.41421319796954315,5.486294416243655,0.10050761421319797,0.5614213197969543,61.5625,-3.4186926056739644,0.5037783375314862,0.48764629388816644,0.535483870967742,1.9378531073446328,177,0.5370370370370371,
2012,NE,1180,16,0.17153435126673344,0.5,5.809322033898305,0.09915254237288136,0.5669491525423729,73.75,3.978365339117788,0.5902912621359223,0.5222457627118644,0.4386792452830189,2.7857142857142856,182,0.7,
2012,NO,1051,16,0.08931835276471274,0.46907706945765937,6.267364414843007,0.0922930542340628,0.6631779257849667,65.6875,5.374085347387021,0.6293279022403259,0.5992779783393501,0.6912751677852349,2.3370165745856353,181,0.7241379310344828,
2012,NYG,955,16,0.06527408855268019,0.45654450261780105,5.969633507853403,0.11413612565445026,0.5947643979057592,59.6875,2.3109112761875723,0.5695876288659794,0.5411140583554377,0.4782608695652174,2.3941176470588235,170,0.5737704918032787,
2012,NYJ,1027,16,-0.12730747783730606,0.4011684518013632,4.66601752677702,0.08081791626095423,0.5384615384615384,64.1875,-6.21999358430055,0.4952561669829222,0.4623115577889447,0.3732394366197183,1.2857142857142858,189,0.5,
2012,PHI,1069,16,-0.07553448393218559,0.4256314312441534,5.305893358278765,0.09167446211412535,0.6623012160898035,66.8125,1.9425160611367203,0.6243093922651933,0.6031553398058253,0.6433566433566433,1.521978021978022,182,0.4339622641509434,
2012,PIT,1009,16,-0.009480269171841187,0.4182358771060456,5.287413280475718,0.09018830525272548,0.6124876114965312,63.0625,1.6257669525617886,0.5852842809364549,0.5587096774193548,0.5590551181102362,1.7814207650273224,183,0.6,
2012,SEA,960,16,0.1114636278578521,0.45208333333333334,5.861458333333333,0.11770833333333333,0.509375,60.0,-5.398513328206415,0.534,0.43548387096774194,0.4863013698630137,2.3333333333333335,162,0.5660377358490566,
2012,SF,954,16,0.11560802427509526,0.48218029350104824,6.088050314465409,0.13417190775681342,0.5387840670859538,59.625,-2.82959728765319,0.5544554455445545,0.488,0.3900709219858156,2.1379310344827585,174,0.5686274509803921,
2012,TB,997,16,0.025588836342254038,0.4112337011033099,5.861584754262789,0.10130391173520562,0.6108324974924775,62.3125,1.3476722164746513,0.588865096359743,0.551948051948052,0.5379310344827586,1.9259259259259258,189,0.5961538461538461,
2012,TEN,950,16,-0.09590622601009972,0.3757894736842105,5.282105263157895,0.08526315789473685,0.6473684210526316,59.375,2.075279104474344,0.5885286783042394,0.5716272600834492,0.6105263157894737,1.434782608695652,184,0.475,
2012,WAS,982,16,0.14375690232409444,0.4684317718940937,6.254582484725051,0.13238289205702647,0.5224032586558045,61.375,-5.924343011985,0.4684317718940937,0.4567741935483871,0.39416058394160586,2.3181818181818183,176,0.6274509803921569,
2013,ARI,1016,16,-0.03532543117844354,0.4074803149606299,5.474409448818897,0.08858267716535433,0.609251968503937,63.5,0.9755294564671404,0.576271186440678,0.54125,0.5669291338582677,1.7894736842105263,190,0.54,
2013,ATL,1015,16,-0.004254690325742137,0.43940886699507387,5.432512315270936,0.06600985221674877,0.6985221674876847,63.4375,6.148235589412633,0.6390977443609023,0.6427672955974842,0.6688311688311688,1.9022988505747127,174,0.5384615384615384,
2013,BAL,1081,16,-0.1183513675626865,0.35522664199814985,4.5559666975023125,0.0666049953746531,0.6318223866790009,67.5625,2.4530218619505195,0.5866141732283464,0.5559655596555966,0.5804195804195804,1.458128078817734,203,0.48,
2013,BUF,1097,16,-0.08814598557557783,0.390154968094804,4.9598906107566085,0.08842297174111212,0.5515041020966271,68.5625,-5.105545735640372,0.484573502722323,0.47568208778173193,0.41496598639455784,1.5414634146341464,205,0.4782608695652174,
2013,CAR,981,16,0.0476666447493114,0.4199796126401631,5.184505606523955,0.07543323139653414,0.5616717635066258,61.3125,-1.2385736410406387,0.5859375,0.5151116951379764,0.44805194805194803,2.049079754601227,163,0.5769230769230769,
2013,CHI,998,16,0.07886295400779467,0.45090180360721444,6.130260521042084,0.10320641282565131,0.627254509018036,62.375,1.83051243846217,0.5956043956043956,0.5665399239543726,0.5806451612903226,2.221590909090909,176,0.603448275862069,
2013,CIN,1076,16,0.024250551905620334,0.4312267657992565,5.488847583643123,0.08085501858736059,0.595724907063197,67.25,3.204911414942389,0.6092184368737475,0.5462184873949579,0.5639097744360902,2.015873015873016,189,0.7346938775510204,
2013,CLE,1070,16,-0.07603950507092333,0.3897196261682243,5.078504672897196,0.07383177570093458,0.7,66.875,7.112927973688206,0.6134751773049646,0.6413449564134496,0.5928571428571429,1.418848167539267,191,0.5384615384615384,
2013,DAL,946,16,0.05758681808385299,0.4682875264270613,5.77906976744186,0.09090909090909091,0.6659619450317125,59.125,7.348052324652357,0.6415478615071283,0.6157894736842106,0.6046511627906976,2.241573033707865,178,0.6666666666666666,
2013,DEN,1131,16,0.2131048452690329,0.5013262599469496,6.4907161803713525,0.10256410256410256,0.6153846153846154,70.6875,6.514358803610112,0.6526548672566371,0.5624321389793703,0.6153846153846154,2.96875,192,0.8,
2013,DET,1087,16,-0.0030220404370785692,0.43054277828886844,5.785648574057038,0.09935602575896964,0.6117755289788408,67.9375,0.8865732521421885,0.5807453416149069,0.5386416861826698,0.5838926174496645,1.9210526315789473,190,0.6727272727272727,
2013,GB,1057,16,0.06998884762155923,0.4531693472090823,6.072847682119205,0.10501419110690634,0.609271523178808,66.0625,2.058047167745365,0.5810055865921788,0.5451263537906137,0.5698924731182796,2.18232044198895,181,0.5303030303030303,
2013,HOU,1085,16,-0.11359314095461998,0.40368663594470044,5.121658986175115,0.08940092165898618,0.6276497695852534,67.8125,-1.667290422636243,0.5441176470588235,0.5686977299880526,0.5573770491803278,1.29,200,0.525,
2013,IND,1006,16,0.024713309823607487,0.43339960238568587,5.450298210735586,0.0775347912524851,0.6530815109343936,62.875,6.523861877516534,0.6351039260969977,0.6160714285714286,0.6739130434782609,2.0730337078651684,178,0.5961538461538461,
2013,JAX,1017,16,-0.16793066924859504,0.37954768928220256,4.625368731563422,0.0688298918387414,0.647984267453294,63.5625,1.3085118876797612,0.583547557840617,0.5866141732283464,0.6538461538461539,1.1822916666666667,192,0.4318181818181818,
2013,KC,1006,16,0.026614453750450365,0.42147117296222664,5.379721669980119,0.09741550695825049,0.6272365805168986,62.875,5.667224183130572,0.64030131826742,0.5628970775095299,0.5705128205128205,1.9042553191489362,188,0.5964912280701754,
2013,LA,953,16,-0.08846852070795666,0.39769150052465896,5.1322140608604405,0.08814270724029381,0.5844700944386149,59.5625,-2.646582627401209,0.5324324324324324,0.5130674002751031,0.5510204081632653,1.675977653631285,179,0.5102040816326531,
2013,LAC,1053,16,0.13712401657198736,0.4691358024691358,5.981956315289649,0.09211775878442545,0.5574548907882241,65.8125,-1.389843887133844,0.5290909090909091,0.498812351543943,0.591715976331361,2.3865030674846626,163,0.5263157894736842,
2013,LV,991,16,-0.06309856432162737,0.3905146316851665,5.39656912209889,0.08173562058526741,0.6054490413723511,61.9375,-2.141817872093917,0.5361596009975063,0.5251322751322751,0.5254237288135594,1.5555555555555556,189,0.6,
2013,MIA,988,16,-0.04212001238470318,0.40789473684210525,5.074898785425101,0.07692307692307693,0.6700404858299596,61.75,6.171529654692481,0.6007005253940455,0.6065789473684211,0.5619834710743802,1.5957446808510638,188,0.5777777777777777,
2013,MIN,1005,16,-0.03765911594725788,0.40696517412935324,5.488557213930348,0.1044776119402985,0.6228855721393035,62.8125,0.19908066672175678,0.5734126984126984,0.5472186287192755,0.5813953488372093,1.9210526315789473,190,0.5531914893617021,
2013,NE,1117,16,0.039869111457005786,0.4565801253357207,5.52461951656222,0.08683974932855863,0.5971351835273053,69.8125,1.3580222586595063,0.5693160813308688,0.5396825396825397,0.5,2.2094240837696337,191,0.5806451612903226,
2013,NO,1056,16,0.12314316516945524,0.4734848484848485,6.073863636363637,0.09943181818181818,0.6619318181818182,66.0,8.269889020911334,0.6875,0.6239316239316239,0.6242038216560509,2.398843930635838,173,0.6037735849056604,
2013,NYG,979,16,-0.15649906610148176,0.39632277834525026,5.035750766087845,0.09193054136874361,0.6261491317671093,61.1875,1.7080729237478893,0.5912863070539419,0.5548216644649934,0.5754716981132075,1.35678391959799,199,0.4722222222222222,
2013,NYJ,1011,16,-0.10071691286836826,0.3778437190900099,5.040553907022749,0.08506429277942631,0.5548961424332344,63.1875,-5.494302901615316,0.5257731958762887,0.48258064516129034,0.5169491525423728,1.4196891191709844,193,0.5,
2013,PHI,1032,16,0.10704912183770772,0.4641472868217054,6.488372093023256,0.14050387596899225,0.5697674418604651,64.5,-0.8345340757609107,0.575,0.5315985130111525,0.5319148936170213,2.195876288659794,194,0.576271186440678,
2013,PIT,1007,16,0.001656981032972113,0.42502482621648463,5.374379344587885,0.08540218470705065,0.6325719960278053,62.9375,3.528442497382749,0.5796766743648961,0.5855855855855856,0.6666666666666666,1.907103825136612,183,0.5370370370370371,
2013,SEA,953,16,0.06201735218113892,0.44700944386149005,5.714585519412382,0.11332633788037776,0.5383001049317944,59.5625,-3.5828208660263203,0.5476718403547672,0.4601889338731444,0.47619047619047616,2.1564245810055866,179,0.5689655172413793,
2013,SF,945,16,0.03178827299992927,0.4148148148148148,5.497354497354498,0.10899470899470899,0.5322751322751322,59.0625,-1.9213763868840283,0.5655021834061136,0.46703296703296704,0.40384615384615385,2.0549450549450547,182,0.559322033898305,
2013,TB,972,16,-0.09618171269230241,0.36934156378600824,4.593621399176954,0.08436213991769548,0.5905349794238683,60.75,-2.6821957226582023,0.5638766519823789,0.5006839945280438,0.6470588235294118,1.4371584699453552,183,0.5405405405405406,
2013,TEN,1018,16,0.02406556596307322,0.4223968565815324,5.306483300589391,0.08055009823182711,0.5982318271119843,63.625,-2.376563150677208,0.5304990757855823,0.5213454075032341,0.5271317829457365,1.8826815642458101,179,0.5833333333333334,
2013,WAS,1101,16,-0.048844266640158646,0.4232515894641235,5.37511353315168,0.08265213442325159,0.6257947320617621,68.8125,-3.03558479016689,0.5123339658444023,0.5626477541371159,0.5606060606060606,1.5255102040816326,196,0.56,
2014,ARI,978,16,-0.04873777483742323,0.37627811860940696,5.249488752556237,0.0869120654396728,0.6247443762781186,61.125,0.7241768846269278,0.6027874564459931,0.5518617021276596,0.6601941747572816,1.5593220338983051,177,0.4722222222222222,
2014,ATL,1026,16,0.009335120944576092,0.4415204678362573,5.901559454191033,0.08771929824561403,0.6647173489278753,64.125,2.8032719558849206,0.6263498920086393,0.60375,0.5847457627118644,2.0813953488372094,172,0.6428571428571429,
2014,BAL,998,16,0.049699210399346265,0.43587174348697394,5.867735470941883,0.11122244488977956,0.5771543086172345,62.375,-2.4538035411201045,0.5565610859728507,0.5224646983311938,0.4971751412429379,2.2045454545454546,176,0.5454545454545454,
2014,BUF,1006,16,-0.07615120371898947,0.4095427435387674,5.081510934393638,0.0775347912524851,0.6262425447316103,62.875,0.30693015876127994,0.5923694779116466,0.5602094240837696,0.583941605839416,1.612565445026178,191,0.4489795918367347,
2014,CAR,1049,16,-0.011498776371418665,0.4413727359389895,5.295519542421354,0.0886558627264061,0.5881792183031459,65.5625,-2.3714148854078623,0.5855263157894737,0.5324357405140759,0.49606299212598426,1.8381502890173411,173,0.5,
2014,CHI,992,16,-0.06910231384689557,0.43548387096774194,5.288306451612903,0.07459677419354839,0.6764112903225806,62.0,3.1715343668756466,0.6743215031315241,0.6310935441370223,0.6692913385826772,1.755813953488372,172,0.6530612244897959,
2014,CIN,1005,16,-0.021285595292995594,0.4208955223880597,5.555223880597015,0.08955223880597014,0.5422885572139303,62.8125,-4.672676879375135,0.527114967462039,0.48020434227330777,0.4236111111111111,1.9076086956521738,184,0.5555555555555556,
2014,CLE,1003,16,-0.07927311526924176,0.3728813559322034,5.1834496510468595,0.09471585244267199,0.5483549351944168,62.6875,-7.004657583283344,0.526,0.46035805626598464,0.3949579831932773,1.4631578947368422,190,0.5319148936170213,
2014,DAL,999,16,0.11551241051361907,0.46546546546546547,6.1591591591591595,0.11311311311311312,0.5165165165165165,62.4375,-7.504150512217133,0.49223946784922396,0.45031446540880504,0.5080645161290323,2.5813953488372094,172,0.6346153846153846,
2014,DEN,1044,16,0.09892154988667164,0.46264367816091956,6.193486590038314,0.11302681992337164,0.5986590038314177,65.25,1.1641961386805522,0.5831381733021077,0.5451219512195122,0.632768361581921,2.456989247311828,186,0.6721311475409836,
2014,DET,1023,16,-0.010979172405042549,0.41544477028348,5.347018572825024,0.08504398826979472,0.6480938416422287,63.9375,1.7218049054825177,0.6348195329087049,0.5829081632653061,0.5986842105263158,1.7471264367816093,174,0.5416666666666666,
2014,GB,981,16,0.13693440597017525,0.46687054026503566,6.322120285423038,0.11824668705402651,0.6044852191641182,61.3125,2.4022540985155665,0.6020833333333333,0.5417201540436457,0.6256684491978609,2.6932515337423313,163,0.5967741935483871,
2014,HOU,1041,16,-0.03511798317993362,0.39865513928914503,5.316042267050912,0.09221902017291066,0.521613832853026,65.0625,-8.34766852881448,0.5148514851485149,0.458808618504436,0.562962962962963,1.7717391304347827,184,0.54,
2014,IND,1084,16,0.012868472277450145,0.4492619926199262,6.018450184501845,0.1014760147601476,0.6706642066420664,67.75,7.6396272057234365,0.6585365853658537,0.62004662004662,0.6549707602339181,2.282051282051282,195,0.546875,
2014,JAX,984,16,-0.17730981480147323,0.3648373983739837,4.712398373983739,0.08231707317073171,0.6595528455284553,61.5,0.37884852599080016,0.5835095137420718,0.6034712950600801,0.6144578313253012,1.1546391752577319,194,0.42424242424242425,
2014,KC,954,16,0.030670926174927112,0.42452830188679247,5.351153039832285,0.0859538784067086,0.6069182389937107,59.625,0.7639785289405152,0.5858369098712446,0.5452091767881242,0.5857142857142857,1.9761904761904763,168,0.6078431372549019,
2014,LA,946,16,-0.11981075508686412,0.41966173361522197,5.332980972515856,0.0919661733615222,0.6004228329809725,59.125,-4.483818494563186,0.5373493975903615,0.5336021505376344,0.5166666666666667,1.6145251396648044,179,0.4883720930232558,
2014,LAC,1005,16,0.011026016361886336,0.42686567164179107,5.440796019900498,0.08855721393034825,0.6268656716417911,62.8125,-1.017383890254284,0.5859872611464968,0.558974358974359,0.6,1.8786127167630058,173,0.5531914893617021,
2014,LV,983,16,-0.18417408350083192,0.3672431332655137,4.598168870803662,0.05798575788402848,0.6744659206510681,61.4375,1.4046831801154727,0.5976744186046512,0.5989085948158254,0.5977011494252874,1.231958762886598,194,0.7241379310344828,
2014,MIA,1026,16,0.0037795363205811853,0.48148148148148145,5.4717348927875245,0.09161793372319688,0.6306042884990254,64.125,3.3379856173900366,0.6091269841269841,0.5841584158415841,0.5380434782608695,2.0809248554913293,173,0.5147058823529411,
2014,MIN,965,16,-0.037695711933788845,0.41658031088082903,5.246632124352332,0.07875647668393783,0.6238341968911917,60.3125,-0.7801044944654475,0.5766129032258065,0.579088471849866,0.5490196078431373,1.6608187134502923,171,0.5945945945945946,
2014,NE,1054,16,0.08423220226650324,0.45825426944971537,5.572106261859583,0.08064516129032258,0.6129032258064516,65.875,5.027507325065317,0.618421052631579,0.5735115431348724,0.5168539325842697,2.48,175,0.609375,
2014,NO,1080,16,0.059509940142507586,0.47314814814814815,6.102777777777778,0.09074074074074075,0.6453703703703704,67.5,0.848466585976658,0.601593625498008,0.5928074245939675,0.5521472392638037,2.3529411764705883,170,0.640625,
2014,NYG,1077,16,-0.015550657994630446,0.4085422469823584,5.464252553389044,0.07985143918291551,0.596100278551532,67.3125,-1.9279671800059086,0.5788497217068646,0.5265700483091788,0.5965909090909091,1.9735449735449735,189,0.6,
2014,NYJ,1043,16,-0.08313920271257891,0.40172579098753597,5.0162991371045065,0.0862895493767977,0.5627996164908916,65.1875,-7.7765250126701755,0.49473684210526314,0.4918238993710692,0.5741935483870968,1.546448087431694,183,0.38461538461538464,
2014,PHI,1109,16,-0.015488117336908762,0.43192064923354373,5.7348963029756534,0.1036970243462579,0.60595130748422,69.3125,-0.5925428745403174,0.5835240274599542,0.5474537037037037,0.5142857142857142,1.9949748743718594,199,0.4838709677419355,
2014,PIT,1041,16,0.10594459466506172,0.4755043227665706,6.333333333333333,0.0941402497598463,0.6176753121998079,65.0625,1.9278414670904018,0.572961373390558,0.5671100362756953,0.6375,2.323529411764706,170,0.5555555555555556,
2014,SEA,1001,16,0.09294006649322922,0.44155844155844154,6.025974025974026,0.12187812187812187,0.5454545454545454,62.5625,-4.604931888203104,0.512987012987013,0.4820971867007673,0.47651006711409394,2.1823529411764704,170,0.5333333333333333,
2014,SF,994,16,-0.043514813129512005,0.41851106639839036,5.28672032193159,0.10362173038229376,0.5915492957746479,62.125,-2.5506825010166683,0.5823045267489712,0.5321100917431193,0.46153846153846156,1.668639053254438,169,0.5128205128205128,
2014,TB,930,16,-0.10492800380252713,0.3860215053763441,5.023655913978494,0.08387096774193549,0.6483870967741936,58.125,-1.5995062110565041,0.5508474576271186,0.5902097902097903,0.6238532110091743,1.4078212290502794,179,0.55,
2014,TEN,904,16,-0.11792257973780282,0.3926991150442478,5.389380530973451,0.08849557522123894,0.6537610619469026,56.5,0.4928219723474004,0.568733153638814,0.5803183791606368,0.6057692307692307,1.298342541436464,181,0.5,
2014,WAS,1000,16,-0.0720830115797553,0.405,5.744,0.103,0.629,62.5,-1.6532744109630584,0.5647969052224371,0.5707006369426751,0.5273972602739726,1.6203208556149733,187,0.4897959183673469,
2015,ARI,1005,16,0.1133750231863494,0.46766169154228854,6.529353233830846,0.11442786069651742,0.5870646766169154,62.8125,0.8957916757657161,0.5734406438631791,0.5217932752179327,0.5921052631578947,2.52,175,0.6129032258064516,
2015,ATL,1059,16,-0.0010626387502542683,0.45797922568460814,5.665722379603399,0.08970727101038715,0.6288951841359773,66.1875,-0.19250424355409188,0.5879218472468917,0.5651105651105651,0.5094339622641509,1.9096385542168675,166,0.5454545454545454,
2015,BAL,1075,16,-0.07205031724799028,0.42790697674418604,5.350697674418605,0.08465116279069768,0.653953488372093,67.1875,0.6933608027391656,0.6187050359712231,0.6038882138517618,0.6222222222222222,1.6236559139784945,186,0.46,
2015,BUF,998,16,0.04722449663885487,0.41583166332665333,5.806613226452906,0.11122244488977956,0.5581162324649298,62.375,-8.956277444548084,0.5334928229665071,0.4901185770750988,0.44642857142857145,1.988826815642458,179,0.5365853658536586,
2015,CAR,1041,16,0.07871002469511788,0.4562920268972142,5.656099903938521,0.10662824207492795,0.5379442843419788,65.0625,-2.4747259063175617,0.54296875,0.48429951690821255,0.42780748663101603,2.556756756756757,185,0.6875,
2015,CHI,1017,16,-0.018752680302219823,0.4306784660766962,5.427728613569322,0.09144542772861357,0.5634218289085545,63.5625,-6.8221833608172755,0.5017921146953405,0.49047013977128334,0.5886524822695035,1.9257142857142857,175,0.54,
2015,CIN,987,16,0.07546645962877069,0.4518743667679838,5.821681864235056,0.10739614994934144,0.5795339412360689,61.6875,-0.15052770016282765,0.5682281059063137,0.5361757105943152,0.4906832298136646,2.395348837209302,172,0.6724137931034483,
2015,CLE,1035,16,-0.08843630069666186,0.39903381642512076,5.13719806763285,0.07439613526570048,0.6792270531400966,64.6875,2.2956399007695882,0.6252587991718427,0.6101910828025477,0.6751592356687898,1.48,175,0.40425531914893614,
2015,DAL,959,16,-0.08476934901999013,0.4337851929092805,5.598540145985401,0.09071949947862357,0.6016684045881127,59.9375,-5.128020480492689,0.5263157894736842,0.535904255319149,0.6837606837606838,1.5636363636363637,165,0.46511627906976744,
2015,DEN,1046,16,-0.07274185380219735,0.3986615678776291,5.446462715105162,0.08317399617590822,0.627151051625239,65.375,1.4316891385936827,0.6242544731610338,0.556930693069307,0.5984848484848485,1.625,192,0.4666666666666667,
2015,DET,1018,16,-0.017526917733523155,0.44793713163064836,5.464636542239686,0.07956777996070727,0.6895874263261297,63.625,6.151918012626864,0.6145124716553289,0.6343283582089553,0.6721311475409836,1.9548022598870056,177,0.7142857142857143,
2015,GB,1041,16,-0.03188759682179507,0.40826128722382327,5.153698366954851,0.08741594620557157,0.6349663784822286,65.0625,2.026159672547887,0.5927505330490405,0.583743842364532,0.7291666666666666,1.9337016574585635,181,0.5740740740740741,
2015,HOU,1105,16,-0.056964134049280316,0.39819004524886875,5.057013574660633,0.07782805429864253,0.6018099547511312,69.0625,-3.324983231049048,0.5682730923694779,0.5380952380952381,0.625,1.646153846153846,195,0.6086956521739131,
2015,IND,1031,16,-0.09020521906740962,0.3976721629485936,5.007759456838022,0.07274490785645005,0.6673132880698351,64.4375,2.405210087214941,0.6070686070686071,0.6162642947903431,0.6338028169014085,1.60752688172043,186,0.5306122448979592,
2015,JAX,1003,16,-0.058610120548761975,0.41575274177467597,5.570289132602193,0.10468594217347957,0.6799601196410767,62.6875,2.2433647100376346,0.6150793650793651,0.6198979591836735,0.6688311688311688,1.8941798941798942,189,0.5423728813559322,
2015,KC,941,16,0.030963004545941687,0.43783209351753455,5.6461211477151965,0.08820403825717323,0.6089266737513284,58.8125,1.5790517442918102,0.5879396984924623,0.5552523874488404,0.5887096774193549,2.039325842696629,178,0.5961538461538461,
2015,LA,904,16,-0.16113264757154377,0.37168141592920356,5.282079646017699,0.09955752212389381,0.5486725663716814,56.5,-9.612937119946016,0.5465393794749404,0.46098265895953755,0.5,1.3263157894736841,190,0.5263157894736842,
2015,LAC,1093,16,-0.012986589104106485,0.4263494967978042,5.451052150045745,0.07410795974382434,0.6541628545288197,68.3125,1.2055905702824672,0.6186770428015564,0.5962219598583235,0.6554621848739496,1.7942857142857143,175,0.6590909090909091,
2015,LV,995,16,-0.04988286580589741,0.39899497487437185,5.374874371859296,0.08241206030150754,0.6572864321608041,62.1875,1.9183783177005587,0.5910714285714286,0.5976408912188729,0.5779816513761468,1.8641304347826086,184,0.6097560975609756,
2015,MIA,965,16,-0.03079236566952824,0.4,5.509844559585492,0.09948186528497409,0.6601036269430052,60.3125,1.1051954857889235,0.5827505827505828,0.5967523680649527,0.6451612903225806,1.491891891891892,185,0.5581395348837209,
2015,MIN,960,16,0.0005436684655796872,0.39375,5.371875,0.10104166666666667,0.5489583333333333,60.0,-6.528835473776174,0.5192307692307693,0.46949602122015915,0.4732824427480916,1.9518072289156627,166,0.4888888888888889,
2015,NE,1029,16,0.10373291722558953,0.4421768707482993,5.8425655976676385,0.0923226433430515,0.6530612244897959,64.3125,6.60264227191752,0.668918918918919,0.616729088639201,0.5875,2.4944444444444445,180,0.6721311475409836,
2015,NO,1078,16,0.0752071446972025,0.4397031539888683,6.00834879406308,0.10482374768089053,0.6493506493506493,67.375,1.7951353945543018,0.645748987854251,0.5945626477541371,0.5379746835443038,2.2369942196531793,173,0.6065573770491803,
2015,NYG,1043,16,0.012794618217035762,0.4343240651965484,5.715244487056568,0.08437200383509108,0.6299137104506232,65.1875,1.4174579570386006,0.5661157024793388,0.5684340320591862,0.6875,2.060109289617486,183,0.4727272727272727,
2015,NYJ,1061,16,0.02348647725989253,0.41658812441093307,5.594721960414703,0.09613572101790764,0.6211121583411876,66.3125,-0.5130326138365168,0.5950413223140496,0.5658536585365853,0.589041095890411,2.0260416666666665,192,0.6551724137931034,
2015,PHI,1089,16,-0.047797418002360585,0.4233241505968779,5.36455463728191,0.09090909090909091,0.6161616161616161,68.0625,-0.7599310034371167,0.6056910569105691,0.5627962085308057,0.5043478260869565,1.6785714285714286,196,0.5581395348837209,
2015,PIT,989,16,0.05580031287465424,0.45096056622851366,6.417593528816987,0.10414560161779575,0.6450960566228514,61.8125,4.810372095167095,0.6278195488721805,0.5865139949109415,0.5570469798657718,2.2044198895027622,181,0.625,
2015,SEA,1010,16,0.11370589981713633,0.47425742574257423,6.021782178217822,0.11287128712871287,0.5831683168316831,63.125,0.1402519173034937,0.5300925925925926,0.5258511979823455,0.5488721804511278,2.2982456140350878,171,0.6041666666666666,
2015,SF,958,16,-0.08714090615017349,0.3883089770354906,5.083507306889353,0.08350730688935282,0.6534446764091858,59.875,0.45111289905045876,0.59375,0.5810439560439561,0.616,1.2865168539325842,178,0.48717948717948717,
2015,TB,1004,16,0.012069432418859202,0.4452191235059761,6.00796812749004,0.10258964143426295,0.5916334661354582,62.75,-5.6376104209705655,0.5088495575221239,0.5228426395939086,0.5894039735099338,1.911764705882353,170,0.5178571428571429,
2015,TEN,967,16,-0.11899673934274098,0.4074457083764219,5.16546018614271,0.08169596690796277,0.6380558428128231,60.4375,-2.323633673164566,0.5714285714285714,0.5678191489361702,0.6071428571428571,1.5185185185185186,189,0.6585365853658537,
2015,WAS,997,16,0.031170855583614304,0.4272818455366098,5.690070210631895,0.08324974924774323,0.5877632898696088,62.3125,-1.678958333049758,0.5746268656716418,0.5227568270481144,0.5838926174496645,2.005780346820809,173,0.625,
2016,ARI,1076,16,-0.01980632102071576,0.44423791821561337,5.460037174721189,0.09014869888475836,0.6394052044609665,67.25,0.13921785022938785,0.5658153241650294,0.581668625146886,0.5240963855421686,2.078125,192,0.6428571428571429,
2016,ATL,982,16,0.19368892869583026,0.49490835030549896,6.788187372708758,0.11608961303462322,0.6008146639511202,61.375,2.8917981406518254,0.610738255033557,0.5448798988621998,0.5585106382978723,3.0602409638554215,166,0.6349206349206349,
2016,BAL,1060,16,-0.05448304174694637,0.41037735849056606,5.260377358490566,0.07452830188679245,0.6735849056603773,66.25,3.7845554665820496,0.6171875,0.6169950738916257,0.6532258064516129,1.6842105263157894,190,0.5106382978723404,
2016,BUF,1004,16,0.06339619691813483,0.4531872509960159,5.650398406374502,0.10458167330677291,0.5667330677290837,62.75,-4.526462385512562,0.5468085106382978,0.5128205128205128,0.44,2.1142857142857143,175,0.625,
2016,CAR,1044,16,-0.05585616700696208,0.40804597701149425,5.272030651340996,0.09099616858237548,0.5823754789272031,65.25,-3.3103586238776814,0.5422885572139303,0.5180572851805728,0.4864864864864865,1.8457446808510638,188,0.5882352941176471,
2016,CHI,958,16,-0.038130414204157706,0.44363256784968685,5.961377870563674,0.10438413361169102,0.615866388308977,59.875,-2.825022423503792,0.5386363636363637,0.5532194480946123,0.6209677419354839,1.5178571428571428,168,0.5319148936170213,
2016,CIN,1039,16,0.041568344270298103,0.4465832531280077,5.504331087584216,0.08084696823869104,0.6005774783445621,64.9375,-2.0745377039269717,0.5662650602409639,0.5353658536585366,0.4779874213836478,1.912280701754386,171,0.5,
2016,CLE,979,16,-0.07387080822806759,0.3799795709908069,5.084780388151175,0.09611451942740286,0.6700715015321757,61.1875,-0.11499471931979212,0.6004566210045662,0.6101468624833111,0.6181818181818182,1.4325842696629214,178,0.5454545454545454,
2016,DAL,992,16,0.1351882145392704,0.48588709677419356,6.098790322580645,0.1028225806451613,0.5413306451612904,62.0,-2.8192751280467716,0.5377358490566038,0.4798994974874372,0.532258064516129,2.538922155688623,167,0.6896551724137931,
2016,DEN,1005,16,-0.06925682062001723,0.4019900497512438,5.161194029850746,0.07860696517412935,0.6258706467661691,62.8125,0.7331062706919452,0.581447963800905,0.5732814526588845,0.5666666666666667,1.5894736842105264,190,0.4489795918367347,
2016,DET,970,16,0.043849653507154696,0.44536082474226807,5.597938144329897,0.08247422680412371,0.6742268041237114,60.625,3.550598567985382,0.6190476190476191,0.6196078431372549,0.7251908396946565,2.1258278145695364,151,0.5833333333333334,
2016,GB,1009,16,0.11265093401953907,0.4509415262636274,5.866204162537166,0.09415262636273539,0.6897918731417245,63.0625,8.588446313063027,0.6736242884250474,0.6420382165605095,0.7277777777777777,2.5892857142857144,168,0.6323529411764706,
2016,HOU,1055,16,-0.09537002384524312,0.41137440758293836,4.78957345971564,0.07203791469194312,0.5971563981042654,65.9375,-3.1840697997271734,0.5370018975332068,0.535,0.5571428571428572,1.4943820224719102,178,0.4,
2016,IND,1015,16,0.02657894716267488,0.45024630541871924,5.761576354679803,0.08866995073891626,0.6561576354679803,63.4375,3.9489449245001884,0.6099137931034483,0.6057571964956195,0.5714285714285714,2.3157894736842106,171,0.6545454545454545,
2016,JAX,1046,16,-0.08725452906576216,0.39961759082217974,5.130019120458891,0.07552581261950286,0.6644359464627151,65.375,1.15019220602387,0.5728542914171657,0.5903465346534653,0.7307692307692307,1.6467391304347827,184,0.6190476190476191,
2016,KC,969,16,0.01571635020006485,0.42518059855521156,5.684210526315789,0.08771929824561403,0.6171310629514963,60.5625,1.0506734144330885,0.5897435897435898,0.5691275167785235,0.6038961038961039,1.9244186046511629,172,0.45454545454545453,
2016,LA,949,16,-0.22937266893367358,0.35511064278187565,4.43940990516333,0.07165437302423604,0.6269757639620653,59.3125,-1.8327805363780203,0.5936170212765958,0.5482517482517483,0.580952380952381,1.1720430107526882,186,0.5142857142857142,
2016,LAC,1008,16,-0.0010264529236331925,0.41865079365079366,5.6686507936507935,0.09126984126984126,0.6160714285714286,63.0,0.03559400017062823,0.6063618290258449,0.5540201005025126,0.6101694915254238,2.0944444444444446,180,0.532258064516129,
2016,LV,1027,16,0.03740168957421202,0.433300876338851,5.846153846153846,0.09055501460564752,0.6124634858812074,64.1875,-0.4893273136922192,0.629126213592233,0.5533249686323714,0.6291390728476821,2.1871657754010694,187,0.6140350877192983,
2016,MIA,904,16,0.011464953891123572,0.4247787610619469,5.894911504424779,0.1084070796460177,0.5730088495575221,56.5,-5.778518336437709,0.5057736720554272,0.4943820224719101,0.5357142857142857,1.8108108108108107,185,0.5869565217391305,
2016,MIN,991,16,-0.04185113845856612,0.42078708375378404,5.10393541876892,0.07467204843592332,0.6397578203834511,61.9375,1.1065575234990428,0.621867881548975,0.5727391874180865,0.5472972972972973,1.7212121212121212,165,0.4897959183673469,
2016,NE,1036,16,0.12845233918179674,0.44015444015444016,5.984555984555985,0.09073359073359073,0.5723938223938224,64.75,0.048045855928859654,0.5912240184757506,0.5080946450809465,0.4666666666666667,2.531791907514451,173,0.65,
2016,NO,1086,16,0.10032438203975963,0.48158379373848986,6.287292817679558,0.09944751381215469,0.641804788213628,67.875,1.8873033698641353,0.5893536121673004,0.6025791324736225,0.5841584158415841,2.634831460674157,178,0.6617647058823529,
2016,NYG,1000,16,-0.06980537303319556,0.406,5.311,0.076,0.624,62.5,-0.21314680445939302,0.6022514071294559,0.5609436435124509,0.6481481481481481,1.5405405405405406,185,0.5609756097560976,
2016,NYJ,997,16,-0.08960811227682511,0.4002006018054162,5.287863590772317,0.09628886659979939,0.6098294884653962,62.3125,-2.8425481402078865,0.5648535564853556,0.5533854166666666,0.5594405594405595,1.5083798882681565,179,0.36538461538461536,
2016,PHI,1067,16,-0.01686214234322395,0.4395501405810684,5.072164948453608,0.08528584817244611,0.6176194939081537,66.6875,-1.6892806694065172,0.5763052208835341,0.5696821515892421,0.5632183908045977,1.9310344827586208,174,0.5087719298245614,
2016,PIT,1007,16,0.08881777248711235,0.45878848063555117,5.936444885799404,0.11320754716981132,0.6117179741807348,62.9375,0.4328776938912885,0.5775862068965517,0.5474083438685209,0.6218487394957983,2.277456647398844,173,0.6363636363636364,
2016,SEA,994,16,0.015723120976331738,0.4396378269617706,5.769617706237424,0.09154929577464789,0.6448692152917505,62.125,2.4902322393292993,0.5959821428571429,0.5807692307692308,0.5454545454545454,1.9497206703910615,179,0.4426229508196721,
2016,SF,988,16,-0.08507953614897344,0.395748987854251,5.0,0.08299595141700405,0.5961538461538461,61.75,-5.5098552434037815,0.5148741418764302,0.5274431057563588,0.47413793103448276,1.5647668393782384,193,0.6976744186046512,
2016,TB,1050,16,-0.0026353214916801614,0.4380952380952381,5.297142857142857,0.06952380952380953,0.6104761904761905,65.625,-1.0007709864349592,0.5551470588235294,0.5458937198067633,0.5942028985507246,1.8342857142857143,175,0.5185185185185185,
2016,TEN,991,16,0.03307922115373056,0.450050454086781,5.794147325933401,0.10898082744702321,0.557013118062563,61.9375,-6.884101407807302,0.4807692307692308,0.4783748361730013,0.5131578947368421,2.153409090909091,176,0.7307692307692307,
2016,WAS,993,16,0.1144366390630491,0.4813695871097684,6.512588116817724,0.1107754279959718,0.6404833836858006,62.0625,1.9398582727842462,0.621414913957935,0.5871794871794872,0.5668789808917197,2.4,165,0.47619047619047616,
2017,ARI,1044,16,-0.15913344243022745,0.3735632183908046,4.827586206896552,0.07567049808429119,0.6369731800766284,65.25,-1.2790877866234016,0.5980392156862745,0.5527638190954773,0.627906976744186,1.4512820512820512,195,0.4117647058823529,
2017,ATL,971,16,0.038261657320925346,0.44490216271884653,6.0216271884655,0.10092687950566426,0.5849639546858908,60.6875,-2.4674375956814765,0.5765595463137996,0.5270092226613966,0.547945205479452,2.1656050955414012,157,0.5294117647058824,
2017,BAL,1035,16,-0.06715338840615774,0.41932367149758454,4.737198067632851,0.07439613526570048,0.5777777777777777,64.6875,-3.685723458043331,0.5919811320754716,0.5143929912390488,0.5294117647058824,1.8556149732620322,187,0.5769230769230769,
2017,BUF,992,16,-0.06774647834842233,0.3901209677419355,4.877016129032258,0.08870967741935484,0.5695564516129032,62.0,-6.4910874018565785,0.5404896421845574,0.49864864864864866,0.5390625,1.6358381502890174,173,0.5476190476190477,
2017,CAR,1006,16,-0.034814930443655294,0.40656063618290256,5.172962226640159,0.09244532803180915,0.5616302186878728,62.875,-4.460572083082576,0.5472727272727272,0.4864864864864865,0.4857142857142857,1.9659090909090908,176,0.5490196078431373,
2017,CHI,928,16,-0.11047183976448685,0.38362068965517243,4.963362068965517,0.08189655172413793,0.5743534482758621,58.0,-8.658058250901,0.4845360824742268,0.48725212464589235,0.5048543689320388,1.3157894736842106,171,0.6470588235294118,
2017,CIN,908,16,-0.10564138543603872,0.3832599118942731,4.962555066079295,0.08039647577092511,0.6167400881057269,56.75,-0.8897854821420057,0.5850622406639004,0.5450643776824035,0.5701754385964912,1.5397727272727273,176,0.5714285714285714,
2017,CLE,1004,16,-0.1687483189513868,0.37250996015936255,4.925298804780876,0.09362549800796813,0.6703187250996016,62.75,-1.1383118226649276,0.5404858299595142,0.611764705882353,0.5384615384615384,1.2295081967213115,183,0.4523809523809524,
2017,DAL,996,16,-0.0006499427250896557,0.4347389558232932,5.340361445783133,0.0823293172690763,0.5572289156626506,62.25,-5.653334227596301,0.5296296296296297,0.4851228978007762,0.4936708860759494,2.0843373493975905,166,0.6071428571428571,
2017,DEN,1064,16,-0.1316561672433664,0.37969924812030076,4.8843984962406015,0.08646616541353383,0.6146616541353384,66.5,-4.409393279014954,0.5450346420323325,0.543424317617866,0.609271523178808,1.377659574468085,188,0.42,
2017,DET,971,16,-0.05566778532096425,0.4016477857878476,5.574665293511844,0.09268795056642637,0.6529351184346035,60.6875,1.5633403756161797,0.6141414141414141,0.590728476821192,0.6461538461538462,2.0166666666666666,180,0.574468085106383,
2017,GB,990,16,-0.03995686441957584,0.4414141414141414,4.948484848484848,0.06464646464646465,0.6555555555555556,61.875,1.9184004790102593,0.5843881856540084,0.5997340425531915,0.5806451612903226,1.8294117647058823,170,0.6222222222222222,
2017,HOU,1021,16,-0.08231591846511904,0.3907933398628795,5.017629774730656,0.0832517140058766,0.5905974534769833,63.8125,-4.034685151219135,0.5691699604743083,0.5174563591022444,0.5909090909090909,1.6230366492146597,191,0.5714285714285714,
2017,IND,981,16,-0.12021382962812223,0.37920489296636084,4.652395514780836,0.06931702344546381,0.5922528032619776,61.3125,-5.412376268361443,0.5309168443496801,0.516260162601626,0.543859649122807,1.4540229885057472,174,0.3902439024390244,
2017,JAX,1061,16,0.013720997176572087,0.41470311027332707,5.533459000942507,0.08105560791705937,0.5409990574929312,66.3125,-6.011450216771014,0.5254901960784314,0.4683698296836983,0.5,1.890625,192,0.6153846153846154,
2017,KC,975,16,0.08921378559643899,0.4430769230769231,6.173333333333333,0.10153846153846154,0.6297435897435898,60.9375,1.7758229304200563,0.6168032786885246,0.5783289817232375,0.6492537313432836,2.2369942196531793,173,0.40384615384615385,
2017,LA,979,16,0.046521920952796204,0.4279877425944842,5.931562819203268,0.118488253319714,0.5658835546475995,61.1875,-1.3918257819772133,0.6399132321041214,0.5046357615894039,0.5229885057471264,2.403314917127072,181,0.5846153846153846,
2017,LAC,1002,16,0.0691489304944406,0.43912175648702595,6.033932135728543,0.10778443113772455,0.5998003992015968,62.625,-0.5048499963136609,0.5863453815261044,0.535031847133758,0.5441176470588235,1.9132947976878614,173,0.47058823529411764,
2017,LV,942,16,-0.05246908611749866,0.40976645435244163,5.514861995753716,0.08917197452229299,0.6284501061571125,58.875,-2.2107565864493512,0.5598194130925508,0.5694249649368864,0.6179775280898876,1.7241379310344827,174,0.5833333333333334,
2017,MIA,986,16,-0.12565732856595388,0.3924949290060852,5.0,0.07302231237322515,0.6531440162271805,61.625,-0.6622202021899136,0.5813953488372093,0.5947368421052631,0.7314814814814815,1.4120879120879122,182,0.5263157894736842,
2017,MIN,1032,16,0.009534153557173438,0.4166666666666667,5.558139534883721,0.09302325581395349,0.5552325581395349,64.5,-2.9936644954375864,0.5723404255319149,0.46921182266009853,0.45774647887323944,2.101123595505618,178,0.6296296296296297,
2017,NE,1055,16,0.12171562460177553,0.4824644549763033,5.9914691943127965,0.1004739336492891,0.595260663507109,65.9375,2.3697498860941115,0.6079545454545454,0.5475059382422803,0.5051020408163265,2.680722891566265,166,0.6231884057971014,
2017,NO,977,16,0.10636159232824735,0.45752302968270214,6.428863868986694,0.12896622313203684,0.5711361310133061,61.0625,-1.599617482772137,0.5733041575492341,0.5155038759689923,0.5448717948717948,2.4702380952380953,168,0.5964912280701754,
2017,NYG,1030,16,-0.11297252020512166,0.4058252427184466,4.8912621359223305,0.06407766990291262,0.6320388349514563,64.375,-0.5419520062656658,0.5716911764705882,0.5703324808184144,0.5588235294117647,1.2356020942408377,191,0.5384615384615384,
2017,NYJ,964,16,-0.07305825660846844,0.38381742738589214,5.081950207468879,0.0912863070539419,0.5943983402489627,60.25,-5.07179540524035,0.5391969407265774,0.5137741046831956,0.55,1.563157894736842,190,0.5277777777777778,
2017,PHI,1054,16,0.043545084805889346,0.4307400379506641,5.569259962049336,0.09297912713472485,0.5986717267552182,65.875,-0.2234670625154841,0.6074766355140186,0.545,0.5637583892617449,2.2620320855614975,187,0.6607142857142857,
2017,PIT,1027,16,0.06104061990176845,0.45666991236611487,5.924050632911392,0.09834469328140215,0.6046738072054528,64.1875,0.5125170849270922,0.6029106029106029,0.5386503067484663,0.550561797752809,2.2658959537572256,173,0.5666666666666667,
2017,SEA,989,16,-0.025468257392863347,0.4084934277047523,5.361981799797776,0.09908998988877654,0.654196157735086,61.8125,2.78993223928465,0.6235093696763203,0.5948051948051948,0.639344262295082,1.7379679144385027,187,0.625,
2017,SF,1045,16,-0.041622627886804556,0.4105263157894737,5.355980861244019,0.09569377990430622,0.6354066985645933,65.3125,-0.6975251559221574,0.5767097966728281,0.5746549560853199,0.61875,1.8066298342541436,181,0.4897959183673469,
2017,TB,1025,16,-0.0011697734011180416,0.44,5.680975609756097,0.06829268292682927,0.6595121951219513,64.0625,1.4984615605051925,0.6003861003861004,0.6046228710462287,0.5915492957746479,1.839080459770115,174,0.5094339622641509,
2017,TEN,960,16,-0.0929837291643982,0.4114583333333333,5.246875,0.08125,0.575,60.0,-4.244164264916132,0.5355871886120996,0.5033377837116155,0.5130434782608696,1.7783783783783784,185,0.5121951219512195,
2017,WAS,973,16,-0.06503467025520485,0.40184994861253853,5.353545734840699,0.09352517985611511,0.6207605344295992,60.8125,-0.049812598622960155,0.5857740585774058,0.547144754316069,0.5639097744360902,1.7814207650273224,183,0.5416666666666666,
2018,ARI,893,16,-0.25708199426216116,0.3449048152295633,4.337066069428891,0.06270996640537514,0.6282194848824189,55.8125,-5.237181130108348,0.5633074935400517,0.5581737849779087,0.5730337078651685,1.1038251366120218,183,0.6428571428571429,
2018,ATL,1002,16,0.07386860657827685,0.4630738522954092,6.220558882235529,0.0998003992015968,0.6736526946107785,62.625,4.104388061308575,0.638,0.615877080665813,0.6518518518518519,2.4484848484848483,165,0.6538461538461539,
2018,BAL,1112,16,0.02263170551956902,0.45323741007194246,5.41546762589928,0.09262589928057553,0.5449640287769785,69.5,-6.736038598272172,0.492091388400703,0.5063731170336037,0.4666666666666667,2.08,175,0.559322033898305,
2018,BUF,998,16,-0.14874041227147816,0.37675350701402804,4.766533066132265,0.0811623246492986,0.5951903807615231,62.375,-4.309352531932101,0.5495049504950495,0.5234375,0.4956521739130435,1.4240837696335078,191,0.575,
2018,CAR,993,16,0.0564512756381388,0.4783484390735146,6.030211480362538,0.11178247734138973,0.6263846928499497,62.0625,1.1691145760205097,0.5584112149532711,0.5878634639696586,0.5099337748344371,2.296969696969697,165,0.6491228070175439,
2018,CHI,995,16,0.021501527997414435,0.4552763819095477,5.547738693467337,0.08442211055276382,0.5849246231155779,62.1875,0.7191434354713214,0.5841995841995842,0.5358974358974359,0.5827338129496403,2.1666666666666665,174,0.6666666666666666,
2018,CIN,929,16,-0.011373353554485759,0.4241119483315393,5.358449946178687,0.10764262648008611,0.6447793326157158,58.0625,-0.23889680732887708,0.6068601583113457,0.5905947441217151,0.6218487394957983,2.0548780487804876,164,0.7111111111111111,
2018,CLE,1006,16,-0.014810018191209938,0.42147117296222664,5.8767395626242545,0.110337972166998,0.6312127236580517,62.875,0.062180855209618864,0.5854166666666667,0.5686777920410783,0.5689655172413793,1.8615384615384616,195,0.7346938775510204,
2018,DAL,1007,16,0.0187719402060017,0.43793445878848064,5.4786494538232375,0.09334657398212512,0.6077457795431976,62.9375,-1.6031478343914376,0.5748502994011976,0.5505181347150259,0.5957446808510638,2.062111801242236,161,0.4897959183673469,
2018,DEN,1003,16,-0.015007762635417619,0.4356929212362911,5.594217347956132,0.10468594217347957,0.6301096709870389,62.6875,-2.570300706005762,0.5887265135699373,0.574385510996119,0.5806451612903226,1.782122905027933,179,0.6190476190476191,
2018,DET,1009,16,-0.03857258613027601,0.4053518334985134,5.199207135777998,0.08126858275520317,0.622398414271556,63.0625,-2.042250182365166,0.5576923076923077,0.5625,0.5524475524475524,1.875,168,0.5531914893617021,
2018,GB,1017,16,0.04791995902419066,0.4532940019665683,5.812192723697149,0.09734513274336283,0.7148475909537857,63.5625,6.62719513836336,0.6505747126436782,0.6607818411097099,0.6942148760330579,2.074712643678161,174,0.5918367346938775,
2018,HOU,1024,16,0.014251867965092847,0.43359375,5.67578125,0.0888671875,0.60546875,64.0,-0.9278486486437032,0.5794979079497908,0.5292652552926526,0.6496815286624203,2.1179775280898876,178,0.5166666666666667,
2018,IND,1044,16,0.06778007351441497,0.4827586206896552,5.940613026819923,0.08524904214559387,0.6522988505747126,65.25,3.4066399744929483,0.6228448275862069,0.6034063260340633,0.6114285714285714,2.4350282485875705,177,0.6911764705882353,
2018,JAX,999,16,-0.11618434388288823,0.4074074074074074,4.842842842842843,0.07607607607607608,0.6436436436436437,62.4375,0.14407677693409962,0.5582417582417583,0.5771276595744681,0.5925925925925926,1.2485875706214689,177,0.42857142857142855,
2018,KC,983,16,0.24372699618253416,0.49847405900305186,6.939979654120041,0.1271617497456765,0.646998982706002,61.4375,7.918510010176067,0.6560975609756098,0.6161616161616161,0.6483516483516484,3.263803680981595,163,0.7083333333333334,
2018,LA,1036,16,0.14505294877757613,0.5057915057915058,6.52992277992278,0.12548262548262548,0.5974903474903475,64.75,1.4470426256060025,0.5954825462012321,0.5600961538461539,0.5346534653465347,2.7873563218390807,174,0.6,
2018,LAC,931,16,0.13596433251964868,0.47046186895810954,6.41890440386681,0.1310418904403867,0.5929108485499462,58.1875,0.11599840342230239,0.5924050632911393,0.5313751668891856,0.5833333333333334,2.4285714285714284,168,0.6666666666666666,
2018,LV,976,16,-0.05379233263137329,0.45081967213114754,5.523565573770492,0.09631147540983606,0.6239754098360656,61.0,-0.6843103847817563,0.5690021231422505,0.5710560625814863,0.5,1.6198830409356726,171,0.5454545454545454,
2018,MIA,865,16,-0.10712576527966403,0.4,5.374566473988439,0.08092485549132948,0.5965317919075145,54.0625,-3.3023909436312713,0.5600907029478458,0.5292353823088456,0.6052631578947368,1.6193181818181819,176,0.5483870967741935,
2018,MIN,991,16,-0.08195329471524146,0.4308779011099899,5.588294651866801,0.08375378405650857,0.6659939455095862,61.9375,2.365386552401977,0.6136363636363636,0.6075619295958279,0.6507936507936508,1.8324324324324324,185,0.5490196078431373,
2018,NE,1051,16,0.0843407838972996,0.47002854424357754,6.0066603235014275,0.11132254995242626,0.5689819219790676,65.6875,-0.37260584207118747,0.6072961373390557,0.531585220500596,0.5193370165745856,2.3563218390804597,174,0.6071428571428571,
2018,NO,985,16,0.14270741230154643,0.49441624365482234,6.184771573604061,0.10558375634517767,0.5563451776649746,61.5625,-1.5648627432469788,0.5859872611464968,0.5133079847908745,0.4975845410628019,3.206451612903226,155,0.7101449275362319,
2018,NYG,978,16,0.01771955245632104,0.3997955010224949,5.831288343558282,0.09918200408997956,0.647239263803681,61.125,-1.1095883267605964,0.6114519427402862,0.5784574468085106,0.5652173913043478,2.0232558139534884,172,0.5263157894736842,
2018,NYJ,957,16,-0.12513156238508916,0.3709508881922675,5.012539184952978,0.08463949843260188,0.6050156739811913,59.8125,-4.5501120805024104,0.5317647058823529,0.5455801104972375,0.5614035087719298,1.5625,192,0.45454545454545453,
2018,PHI,1022,16,0.0340525428398511,0.4589041095890411,5.729941291585127,0.09295499021526418,0.6389432485322897,63.875,2.6865981504641865,0.6280834914611005,0.6017587939698492,0.5329341317365269,2.0977011494252875,174,0.5789473684210527,
2018,PIT,1041,16,0.10137621821856783,0.47166186359269935,6.215177713736791,0.0941402497598463,0.6954851104707013,65.0625,8.704377084211817,0.6844181459566075,0.6509661835748792,0.6758620689655173,2.341040462427746,173,0.7407407407407407,
2018,SEA,988,16,0.09096761577095609,0.4402834008097166,5.7408906882591095,0.11842105263157894,0.5050607287449392,61.75,-11.72035758832266,0.45601436265709155,0.437094682230869,0.48299319727891155,2.3636363636363638,176,0.6842105263157895,
2018,SF,987,16,-0.04504714568510332,0.43566362715298884,5.860182370820668,0.11955420466058764,0.6008105369807497,61.6875,-3.0359139724463797,0.5649202733485194,0.549492385786802,0.559748427672956,1.8959537572254335,173,0.4423076923076923,
2018,TB,1044,16,0.04130736078491661,0.4501915708812261,6.376436781609195,0.09578544061302682,0.6934865900383141,65.25,4.756514370883904,0.644927536231884,0.6497041420118344,0.6748466257668712,2.201117318435754,179,0.5806451612903226,
2018,TEN,929,16,-0.02847882508004777,0.426264800861141,5.389666307857912,0.09795479009687837,0.5575888051668461,58.0625,-7.615015666382497,0.5393518518518519,0.47545582047685836,0.475177304964539,1.8209876543209877,162,0.5208333333333334,
2018,WAS,956,16,-0.07263622386391853,0.4225941422594142,5.0240585774058575,0.08786610878661087,0.6182008368200836,59.75,-2.139384402390803,0.5609195402298851,0.5478142076502732,0.5566037735849056,1.6606060606060606,165,0.5641025641025641,
2019,ARI,985,16,0.0031092595370812845,0.4263959390862944,5.56751269035533,0.10355329949238579,0.6395939086294417,61.5625,0.24331607416196524,0.6342412451361867,0.5786736020806242,0.5874125874125874,2.0632183908045976,174,0.5,
2019,ATL,1081,16,0.0079720978499094,0.4421831637372803,5.630897317298797,0.07770582793709528,0.696577243293247,67.5625,2.902585018519226,0.6208425720620843,0.6475409836065574,0.6459627329192547,2.2228915662650603,166,0.5666666666666667,
2019,BAL,1037,16,0.21464122112760414,0.4840887174541948,6.313404050144648,0.12439729990356799,0.48601735776277727,64.8125,-7.9105753880874285,0.47544642857142855,0.44028950542822676,0.4406779661016949,3.1012658227848102,158,0.6923076923076923,
2019,BUF,1001,16,-0.029173034393642498,0.4165834165834166,5.290709290709291,0.1048951048951049,0.5924075924075924,62.5625,-1.5475059437986973,0.5980952380952381,0.5447470817120622,0.5298507462686567,1.687150837988827,179,0.5777777777777777,
2019,CAR,1070,16,-0.0913582136972191,0.4289719626168224,5.115887850467289,0.07663551401869159,0.6672897196261682,66.875,1.4893650082505752,0.6161137440758294,0.6138259833134684,0.5562913907284768,1.7736842105263158,190,0.5882352941176471,
2019,CHI,1011,16,-0.09132650221404809,0.4035608308605341,4.70326409495549,0.06330365974282888,0.6389713155291791,63.1875,0.08957520694749174,0.6211180124223602,0.5741935483870968,0.608,1.5290697674418605,172,0.5333333333333333,
2019,CIN,1034,16,-0.11353563302279288,0.3955512572533849,5.01063829787234,0.08413926499032882,0.6508704061895552,64.625,-1.3614706774341299,0.5856832971800434,0.590851334180432,0.6170212765957447,1.5254237288135593,177,0.45098039215686275,
2019,CLE,965,16,-0.04409479616727735,0.4072538860103627,5.659067357512954,0.1077720207253886,0.616580310880829,60.3125,-1.0425660270869423,0.6094808126410836,0.5518617021276596,0.577922077922078,1.8644067796610169,177,0.5555555555555556,
2019,DAL,1058,16,0.1204762497005239,0.4896030245746692,6.534971644612476,0.11625708884688091,0.6039697542533081,66.125,-2.4246956744637966,0.576,0.5530393325387366,0.4930555555555556,2.5058823529411764,170,0.6153846153846154,
2019,DEN,942,16,-0.06839937287976251,0.3970276008492569,5.083864118895966,0.0870488322717622,0.5997876857749469,58.875,-2.614702187446905,0.5728643216080402,0.5227586206896552,0.5633802816901409,1.6347305389221556,167,0.46511627906976744,
2019,DET,1009,16,-0.03981431981075505,0.4103072348860258,5.508424182358771,0.0931615460852329,0.6313181367690783,63.0625,-2.4144440667834814,0.5536723163841808,0.5546975546975547,0.6048387096774194,1.8146067415730338,178,0.5909090909090909,
2019,GB,996,16,0.04515398171161522,0.43373493975903615,5.576305220883534,0.0893574297188755,0.6365461847389559,62.25,2.6515742962110234,0.6202830188679245,0.573791348600509,0.6521739130434783,2.1871345029239766,171,0.66,
2019,HOU,1004,16,0.05900622660152799,0.45219123505976094,5.77988047808765,0.09163346613545817,0.6264940239043825,62.75,1.2218560363013906,0.5996275605214153,0.5641677255400254,0.5797101449275363,2.231707317073171,164,0.6538461538461539,
2019,IND,998,16,-0.003617889372039998,0.43987975951903807,5.2625250501002006,0.09018036072144289,0.5771543086172345,62.375,-5.47884881854774,0.5151515151515151,0.5052083333333334,0.559748427672956,2.1320754716981134,159,0.6481481481481481,
2019,JAX,1007,16,-0.04791831828321268,0.3952333664349553,5.441906653426018,0.08937437934458789,0.6772591857000994,62.9375,0.44090678839543845,0.5904761904761905,0.6174934725848564,0.5957446808510638,1.6647398843930636,173,0.4375,
2019,KC,959,16,0.12637286378811807,0.45985401459854014,6.343065693430657,0.0886339937434828,0.6506777893639207,59.9375,7.7525442293277,0.6847599164926931,0.6089238845144357,0.5460992907801419,2.717948717948718,156,0.5714285714285714,
2019,LA,1042,16,0.007449873356364892,0.44625719769673705,5.768714011516315,0.10844529750479846,0.6372360844529751,65.125,2.1318699896421407,0.6257197696737045,0.5919610231425091,0.4817073170731707,2.0607734806629834,181,0.6440677966101694,
2019,LAC,986,16,0.02494260575969412,0.46551724137931033,5.9695740365111565,0.09533468559837728,0.6430020283975659,61.625,-0.8371315745383683,0.5813953488372093,0.5940721649484536,0.6052631578947368,2.088607594936709,158,0.5471698113207547,
2019,LV,980,16,0.0486942250749677,0.45102040816326533,5.944897959183673,0.09285714285714286,0.5755102040816327,61.25,-4.022440352686206,0.5543478260869565,0.5157894736842106,0.5753424657534246,1.875776397515528,161,0.5283018867924528,
2019,MIA,1010,16,-0.1018411968397418,0.402970297029703,4.926732673267327,0.06633663366336634,0.7029702970297029,63.125,5.21761782282945,0.6514806378132119,0.6649484536082474,0.656934306569343,1.6327683615819208,177,0.5957446808510638,
2019,MIN,956,16,0.056714795892036755,0.4194560669456067,5.929916317991632,0.11192468619246862,0.5261506276150628,59.75,-8.453676138057618,0.5528846153846154,0.4672897196261682,0.38461538461538464,2.3592814371257487,167,0.6181818181818182,
2019,NE,1078,16,-0.010679691310941982,0.41929499072356213,5.267161410018553,0.09647495361781076,0.6038961038961039,67.375,0.04719708508817075,0.5987780040733197,0.548926014319809,0.572972972972973,2.0380434782608696,184,0.5409836065573771,
2019,NO,986,16,0.10181294224963314,0.47565922920892495,6.0872210953346855,0.09837728194726167,0.6237322515212982,61.625,4.000082114072891,0.6187624750499002,0.5834394904458599,0.5974842767295597,2.586826347305389,167,0.6101694915254238,
2019,NYG,1007,16,-0.07222029972189824,0.4141012909632572,5.383316782522344,0.09334657398212512,0.6732869910625621,62.9375,1.1040944334160252,0.6186440677966102,0.6039215686274509,0.6363636363636364,1.7540983606557377,183,0.6136363636363636,
2019,NYJ,941,16,-0.1579772953648322,0.36769394261424015,4.657810839532412,0.07332624867162593,0.6163655685441021,58.8125,-1.7909730500546577,0.5645569620253165,0.5549295774647888,0.6770833333333334,1.2944444444444445,180,0.5428571428571428,
2019,PHI,1093,16,-0.009344648531901784,0.44281793229643185,5.290942360475754,0.0878316559926807,0.6193961573650503,68.3125,-0.5286871214471383,0.6018691588785047,0.5665083135391924,0.5493827160493827,2.0164835164835164,182,0.6666666666666666,
2019,PIT,923,16,-0.17429603961065723,0.37093275488069416,4.815817984832069,0.0790899241603467,0.6078006500541712,57.6875,-2.142499962807477,0.5728744939271255,0.5357643758765779,0.49107142857142855,1.4301675977653632,179,0.3684210526315789,
2019,SEA,1028,16,0.02220584312066967,0.45525291828793774,5.842412451361867,0.10116731517509728,0.5904669260700389,64.25,-2.453497455886598,0.5481927710843374,0.5423312883435583,0.6134969325153374,2.1483516483516483,182,0.6333333333333333,
2019,SF,991,16,0.06605919682019924,0.4429868819374369,6.1715438950555,0.12613521695257315,0.5287588294651867,61.9375,-5.833558308376013,0.5517241379310345,0.47247119078104993,0.5157232704402516,2.458563535911602,181,0.5384615384615384,
2019,TB,1066,16,-0.009371394730411611,0.4324577861163227,5.9840525328330205,0.10412757973733583,0.6641651031894934,66.625,2.5427831504598792,0.6072874493927125,0.6140979689366786,0.6,2.150259067357513,193,0.6610169491525424,
2019,TEN,926,16,0.06286133271885648,0.45680345572354214,6.287257019438445,0.12095032397408208,0.5701943844492441,57.875,-6.100349670344436,0.5543237250554324,0.4993160054719562,0.5299145299145299,2.125,176,0.7446808510638298,
2019,WAS,877,16,-0.13889551986797916,0.3865450399087799,5.017103762827822,0.08779931584948689,0.6191562143671607,54.8125,-4.426771260483643,0.5419847328244275,0.5350877192982456,0.6470588235294118,1.5348837209302326,172,0.5121951219512195,
2020,ARI,1065,16,0.040983228928972104,0.45539906103286387,5.796244131455399,0.09671361502347418,0.6065727699530516,66.5625,-1.2373177472834296,0.6180811808118081,0.5595238095238095,0.4378698224852071,2.3181818181818183,176,0.6949152542372882,
2020,ATL,1066,16,0.021565901201418762,0.4324577861163227,5.541275797373358,0.08348968105065666,0.6416510318949343,66.625,0.8546524616500003,0.6063157894736843,0.5865853658536585,0.576271186440678,2.3452380952380953,168,0.5254237288135594,
2020,BAL,977,16,0.1180314410962638,0.4564994882292733,5.960081883316274,0.10644831115660185,0.49641760491299897,61.0625,-10.71381005606287,0.4846335697399527,0.459387483355526,0.437125748502994,2.604790419161677,167,0.6557377049180327,
2020,BUF,1006,16,0.16523297322490824,0.5029821073558648,6.331013916500994,0.11232604373757456,0.6481113320079522,62.875,9.04382166173124,0.6480331262939959,0.6240786240786241,0.5795454545454546,2.993710691823899,159,0.6363636363636364,
2020,CAR,980,16,0.00350732955980687,0.45,5.71734693877551,0.09285714285714286,0.6346938775510204,61.25,1.0725787128036728,0.6049107142857143,0.5889328063241107,0.5,2.1870967741935483,155,0.5172413793103449,
2020,CHI,1031,16,-0.028689339425957344,0.4354995150339476,5.153249272550921,0.07662463627546072,0.6479146459747818,64.4375,0.21515558433116466,0.5788288288288288,0.59625,0.5963855421686747,2.08187134502924,171,0.5535714285714286,
2020,CIN,1030,16,-0.04879801280572821,0.43592233009708736,4.974757281553398,0.06699029126213592,0.6300970873786408,64.375,0.185163626718579,0.6092436974789915,0.5784810126582278,0.5816993464052288,1.7732558139534884,172,0.49019607843137253,
2020,CLE,1003,16,0.08715898340259928,0.46560319042871384,5.9102691924227315,0.11665004985044865,0.5453639082751744,62.6875,-3.412752414859482,0.5665236051502146,0.49362244897959184,0.4578313253012048,2.459119496855346,159,0.7592592592592593,
2020,DAL,1105,16,-0.040790228728817324,0.45610859728506786,5.3882352941176475,0.08054298642533937,0.6389140271493212,69.0625,-1.698046325625877,0.554140127388535,0.6030267753201397,0.5828220858895705,2.096590909090909,176,0.5714285714285714,
2020,DEN,1016,16,-0.1038848686668666,0.38779527559055116,5.301181102362205,0.09448818897637795,0.6013779527559056,63.5,-6.015129967438658,0.5496828752642706,0.5340909090909091,0.6166666666666667,1.7377049180327868,183,0.6136363636363636,
2020,DET,978,16,-0.004967691565340728,0.4427402862985685,5.736196319018405,0.08895705521472393,0.6492842535787321,61.125,-0.8548525312500254,0.5509259259259259,0.5893089960886571,0.5503355704697986,2.2083333333333335,168,0.6545454545454545,
2020,GB,965,16,0.21821518304449408,0.5067357512953368,6.467357512953368,0.10569948186528498,0.5886010362694301,60.3125,2.477732397075453,0.6080178173719376,0.5221932114882507,0.5527950310559007,3.241830065359477,153,0.8305084745762712,
2020,HOU,928,16,0.10096976244383135,0.47737068965517243,6.480603448275862,0.10021551724137931,0.7068965517241379,58.0,5.410859896600696,0.6696035242290749,0.665283540802213,0.7379310344827587,2.3773584905660377,159,0.5576923076923077,
2020,IND,1007,16,0.078713815855747,0.4657398212512413,6.024826216484608,0.11916583912611718,0.5680238331678252,62.9375,-4.150582129522315,0.553014553014553,0.5259822560202788,0.4857142857142857,2.4814814814814814,162,0.5806451612903226,
2020,JAX,992,16,-0.05679536576070878,0.4153225806451613,5.264112903225806,0.08568548387096774,0.6915322580645161,62.0,0.505949872275514,0.577433628318584,0.6307490144546649,0.6833333333333333,1.7041420118343196,169,0.6170212765957447,
2020,KC,1039,16,0.18118494097749982,0.49951876804619827,6.422521655437921,0.11453320500481232,0.6669874879692012,64.9375,9.548931994992627,0.6715328467153284,0.6257521058965102,0.639751552795031,2.8461538461538463,156,0.6451612903225806,
2020,LA,1069,16,-0.016197171005924393,0.44434050514499535,5.658559401309635,0.09448082319925163,0.5958840037418148,66.8125,-0.6911648690031442,0.6166982922201139,0.5543478260869565,0.4125,1.9491525423728813,177,0.6111111111111112,
2020,LAC,1112,16,0.02763235097953803,0.43255395683453235,5.505395683453237,0.08183453237410072,0.6151079136690647,69.5,-1.704074870694509,0.5965909090909091,0.5549132947976878,0.5465116279069767,2.164705882352941,170,0.5789473684210527,
2020,LV,1023,16,0.044299037152592605,0.46432062561094817,6.004887585532747,0.10752688172043011,0.5884652981427175,63.9375,-2.5328880715805706,0.573109243697479,0.5403726708074534,0.5238095238095238,2.6363636363636362,165,0.5573770491803278,
2020,MIA,1003,16,0.004833420671177524,0.45862412761714855,5.423728813559322,0.07377866400797607,0.6211365902293121,62.6875,2.960417386801804,0.6179039301310044,0.5896464646464646,0.46368715083798884,2.1412429378531073,177,0.5833333333333334,
2020,MIN,1013,16,0.09231100580828902,0.4906219151036525,6.219151036525172,0.1194471865745311,0.5616979269496545,63.3125,-4.837612252083018,0.5321637426900585,0.5160493827160494,0.4134078212290503,2.46242774566474,173,0.7540983606557377,
2020,NE,965,16,-0.003482160134054059,0.46113989637305697,5.438341968911917,0.09740932642487046,0.5170984455958549,60.3125,-11.913056733385886,0.47257383966244726,0.48623853211009177,0.3356643356643357,2.013333333333333,150,0.574468085106383,
2020,NO,1024,16,0.09453764387945687,0.4765625,5.90234375,0.09765625,0.5556640625,64.0,-3.808027511331602,0.5392561983471075,0.5118012422360249,0.49,2.7341040462427744,173,0.7464788732394366,
2020,NYG,946,16,-0.056272341644699936,0.4154334038054968,5.087737843551797,0.07822410147991543,0.6247357293868921,59.125,-0.7503907054457931,0.565922920892495,0.5576923076923077,0.608,1.6835443037974684,158,0.4523809523809524,
2020,NYJ,938,16,-0.14342099430258884,0.40191897654584224,4.782515991471215,0.0767590618336887,0.6076759061833689,58.625,-3.9813510497718223,0.5452380952380952,0.5349162011173184,0.49523809523809526,1.3563218390804597,174,0.40476190476190477,
2020,PHI,1059,16,-0.0891596705576386,0.40509915014164305,5.06137865911237,0.08120868744098206,0.6704438149197356,66.1875,0.3471964854145523,0.591337099811676,0.6248447204968944,0.6102941176470589,1.6542553191489362,188,0.62,
2020,PIT,1022,16,0.010646573735591969,0.4324853228962818,5.261252446183953,0.07729941291585127,0.6594911937377691,63.875,6.581128171759925,0.6404040404040404,0.6113256113256114,0.589041095890411,2.2111111111111112,180,0.6538461538461539,
2020,SEA,1004,16,0.08702640167870151,0.4820717131474104,5.905378486055777,0.08964143426294821,0.6613545816733067,62.75,6.342265215067868,0.6538461538461539,0.6206467661691543,0.5933333333333334,2.6882352941176473,170,0.75,
2020,SF,1036,16,0.00978659432376664,0.46042471042471045,5.724903474903475,0.09845559845559845,0.5936293436293436,64.75,-4.764364581756495,0.5069860279441117,0.5466666666666666,0.5506329113924051,2.089385474860335,179,0.6607142857142857,
2020,TB,989,16,0.12128941334597601,0.46006066734074824,6.227502527805864,0.10111223458038422,0.6572295247724975,61.8125,6.046550889302674,0.6246851385390428,0.5964467005076142,0.625,2.8,175,0.65625,
2020,TEN,1017,16,0.170360493157525,0.5004916420845624,6.251720747295969,0.1071779744346116,0.5211406096361848,63.5625,-9.42729961167336,0.495260663507109,0.46163215590742995,0.47305389221556887,2.9875,160,0.7936507936507936,
2020,WAS,1036,16,-0.06311813313439768,0.4140926640926641,4.924710424710424,0.07915057915057915,0.6447876447876448,64.75,0.6636503483366551,0.5794392523364486,0.5992462311557789,0.5352112676056338,1.8022598870056497,177,0.5882352941176471,
2021,ARI,1109,17,0.07585897619434809,0.4688908926961226,5.745716862037872,0.09828674481514878,0.5978358881875564,65.23529411764706,0.31146083860192025,0.6236323851203501,0.5649651972157773,0.5,2.477272727272727,176,0.6268656716417911,
2021,ATL,995,17,-0.09712333561772618,0.4040201005025126,5.2,0.08542713567839195,0.6321608040201006,58.529411764705884,-1.1148310654876221,0.5964912280701754,0.562992125984252,0.6050955414012739,1.7011494252873562,174,0.5471698113207547,
2021,BAL,1169,17,0.008113979585478633,0.46535500427716,5.515825491873396,0.08810949529512403,0.6295979469632165,68.76470588235294,-1.3777275675695813,0.6,0.6019629225736096,0.5757575757575758,2.026315789473684,190,0.6140350877192983,
2021,BUF,1119,17,0.10120125969211946,0.4772117962466488,5.823949955317247,0.08847184986595175,0.6514745308310992,65.82352941176471,4.415181646551321,0.6816239316239316,0.6040955631399317,0.5950413223140496,2.6444444444444444,180,0.631578947368421,
2021,CAR,1095,17,-0.14031770181645484,0.40821917808219177,4.652054794520548,0.07579908675799087,0.6210045662100456,64.41176470588235,-1.11866932583454,0.5391969407265774,0.5633293124246079,0.4782608695652174,1.5263157894736843,190,0.5510204081632653,
2021,CHI,1063,17,-0.10266164840646258,0.41110065851364064,4.927563499529633,0.07714016933207903,0.6161806208842897,62.529411764705884,-2.4179594046309214,0.5240274599542334,0.5498154981549815,0.5345911949685535,1.6666666666666667,177,0.5098039215686274,
2021,CIN,1032,17,0.05977484227486387,0.4428294573643411,5.965116279069767,0.09883720930232558,0.6075581395348837,60.705882352941174,-0.3254052410407584,0.6058700209643606,0.5478260869565217,0.5658914728682171,2.437837837837838,185,0.6346153846153846,
2021,CLE,1039,17,0.010967821309646334,0.4379210779595765,5.585178055822906,0.11742059672762271,0.5745909528392685,61.11764705882353,-4.983857072552772,0.5683760683760684,0.5150375939849624,0.4625,1.9252873563218391,174,0.6111111111111112,
2021,DAL,1133,17,0.0942226396632853,0.46866725507502205,6.127096204766108,0.0997352162400706,0.6187113857016769,66.6470588235294,1.2549203453093951,0.572992700729927,0.5740112994350283,0.6282722513089005,2.507853403141361,191,0.6027397260273972,
2021,DEN,1029,17,0.015649943958714357,0.44703595724003886,5.465500485908649,0.09426627793974733,0.5850340136054422,60.529411764705884,-4.79263373993634,0.5564516129032258,0.5171537484116899,0.5182926829268293,1.9879518072289157,166,0.5769230769230769,
2021,DET,1050,17,-0.06777908942755481,0.4180952380952381,5.223809523809524,0.09428571428571429,0.6066666666666667,61.76470588235294,-5.5237174445674535,0.5119825708061002,0.5690954773869347,0.578125,1.8248587570621468,177,0.5,
2021,GB,1049,17,0.134667827936418,0.4861773117254528,5.9437559580552906,0.0886558627264061,0.6148713060057197,61.705882352941174,3.7350556006152593,0.6024305555555556,0.5525997581620314,0.6129032258064516,2.6932515337423313,163,0.6,
2021,HOU,1004,17,-0.14059999342957696,0.37250996015936255,4.71215139442231,0.06374501992031872,0.6095617529880478,59.05882352941177,-3.6404735408723354,0.5565217391304348,0.5355704697986577,0.5596330275229358,1.4378378378378378,185,0.5135135135135135,
2021,IND,1039,17,0.05243691129173147,0.44273339749759383,5.692974013474495,0.10298363811357074,0.5572666025024061,61.11764705882353,-4.302381930103717,0.5392781316348195,0.5124688279301746,0.4473684210526316,2.485549132947977,173,0.5806451612903226,
2021,JAX,1018,17,-0.08732935202517417,0.4400785854616896,5.1080550098231825,0.07465618860510806,0.6532416502946955,59.88235294117647,-2.1081068715874713,0.5657276995305164,0.5971685971685972,0.5042016806722689,1.44,175,0.5238095238095238,
2021,KC,1114,17,0.14434392911418314,0.5107719928186715,6.073608617594255,0.08707360861759425,0.6741472172351886,65.52941176470588,9.51411688325783,0.6678765880217786,0.6350446428571429,0.6381909547738693,2.808641975308642,162,0.5942028985507246,
2021,LA,1041,17,0.07579873120361508,0.46301633045148893,6.094140249759846,0.10566762728146013,0.6215177713736791,61.23529411764706,2.6821127152437207,0.6239837398373984,0.5819070904645477,0.6127450980392157,2.6804733727810652,169,0.6142857142857143,
2021,LAC,1112,17,0.0921999595982221,0.4748201438848921,5.97931654676259,0.07913669064748201,0.6654676258992805,65.41176470588235,3.791182086193304,0.6295620437956204,0.6111757857974389,0.5953488372093023,2.7455621301775146,169,0.6712328767123288,
2021,LV,1069,17,-0.016477189156911425,0.4499532273152479,5.794200187090739,0.09635173058933583,0.6389148737137512,62.88235294117647,2.176008174863232,0.6022099447513812,0.6023668639053255,0.5672514619883041,2.0824175824175826,182,0.5,
2021,MIA,1082,17,-0.06004992736601701,0.4121996303142329,4.833641404805915,0.07024029574861368,0.633086876155268,63.64705882352941,1.9597413858429782,0.6312741312741312,0.5778045838359469,0.5695364238410596,1.6555555555555554,180,0.5882352941176471,
2021,MIN,1069,17,0.021550636241532112,0.41627689429373244,5.783910196445276,0.10757717492984098,0.6033676333021516,62.88235294117647,-2.4539547666586707,0.5802238805970149,0.5317073170731708,0.5029585798816568,2.123076923076923,195,0.6206896551724138,
2021,NE,1033,17,0.06668316491717584,0.4830590513068732,5.843175217812197,0.11616650532429816,0.558567279767667,60.76470588235294,-5.279029937891969,0.512987012987013,0.5086206896551724,0.4659090909090909,2.611764705882353,170,0.6417910447761194,
2021,NO,1035,17,-0.0697516882253415,0.4077294685990338,5.016425120772947,0.07246376811594203,0.557487922705314,60.88235294117647,-6.279920344083494,0.5648994515539305,0.5006289308176101,0.543046357615894,1.946236559139785,186,0.6181818181818182,
2021,NYG,1037,17,-0.16526581654679878,0.390549662487946,4.718418514946962,0.05978784956605593,0.6374156219864995,61.0,-1.6071791768706294,0.5967153284671532,0.583011583011583,0.6036036036036037,1.3442622950819672,183,0.47368421052631576,
2021,NYJ,1027,17,-0.09249301898182086,0.4157740993184031,5.079844206426485,0.09055501460564752,0.6572541382667965,60.411764705882355,0.3726964446461189,0.5957446808510638,0.5959339263024143,0.5294117647058824,1.6538461538461537,182,0.5576923076923077,
2021,PHI,1061,17,0.06587275347685202,0.4665409990574929,5.778510838831291,0.10933081998114987,0.5438265786993403,62.411764705882355,-6.472569248137836,0.5553359683794467,0.49264705882352944,0.4301675977653631,2.413173652694611,167,0.639344262295082,
2021,PIT,1096,17,-0.07408742227150142,0.3914233576642336,4.903284671532846,0.07481751824817519,0.6432481751824818,64.47058823529412,-1.3093703108615358,0.6016771488469602,0.5729665071770335,0.7272727272727273,1.803191489361702,188,0.56,
2021,SEA,945,17,0.03114932005185589,0.43174603174603177,5.833862433862434,0.10476190476190476,0.6,55.588235294117645,-2.0679598810180786,0.5460122699386503,0.5465587044534413,0.5447154471544715,2.1032608695652173,184,0.6808510638297872,
2021,SF,1029,17,0.0860130191079154,0.45675413022351796,6.221574344023324,0.11370262390670553,0.5461613216715258,60.529411764705884,-6.652040148934076,0.491869918699187,0.4956949569495695,0.5193798449612403,2.331460674157303,178,0.6851851851851852,
2021,TB,1118,17,0.13780920006279665,0.49463327370304117,6.1869409660107335,0.09928443649373882,0.6815742397137746,65.76470588235294,8.05741286135157,0.658252427184466,0.638731596828992,0.6600985221674877,2.6844919786096257,187,0.676056338028169,
2021,TEN,1117,17,0.01971235765163445,0.4449418084153984,5.225604297224709,0.08146821844225605,0.5371530886302597,65.70588235294117,-8.209689732911123,0.524416135881104,0.4662004662004662,0.5511363636363636,2.2598870056497176,177,0.6290322580645161,
2021,WAS,1058,17,-0.054065433361388686,0.44045368620037806,5.208884688090738,0.08695652173913043,0.5973534971644613,62.23529411764706,-3.2324791627113894,0.56672760511883,0.5461346633416458,0.5347222222222222,1.861271676300578,173,0.5357142857142857,
2022,ARI,1133,17,-0.09010837975838193,0.40511915269196824,4.8596646072374226,0.06619593998234775,0.6584289496910856,66.6470588235294,-1.6589567186894505,0.6007194244604317,0.6167247386759582,0.5352112676056338,1.673913043478261,184,0.574468085106383,
2022,ATL,997,17,0.0017458638018545563,0.45336008024072216,5.44332998996991,0.09929789368104312,0.48746238716148443,58.64705882352941,-13.712026474954431,0.4834710743801653,0.4312977099236641,0.3592814371257485,1.9939759036144578,166,0.5454545454545454,
2022,BAL,1028,17,0.002379617114192394,0.45233463035019456,5.623540856031128,0.10505836575875487,0.546692607003891,60.470588235294116,-4.816275374086914,0.5595667870036101,0.5145018915510718,0.5086705202312138,2.0,171,0.48214285714285715,
2022,BUF,1015,16,0.115017423425339,0.4896551724137931,6.295566502463054,0.09655172413793103,0.6472906403940887,63.4375,6.122784873681702,0.6455223880597015,0.6088560885608856,0.5862068965517241,2.6,165,0.5901639344262295,
2022,CAR,967,17,-0.03280379990343392,0.4074457083764219,5.389865563598759,0.09824198552223372,0.5263702171664943,56.88235294117647,-8.789405439746293,0.5083682008368201,0.4838709677419355,0.4296875,1.7934782608695652,184,0.6086956521739131,
2022,CHI,980,17,-0.04334668888924852,0.4061224489795918,5.35,0.10714285714285714,0.5142857142857142,57.64705882352941,-14.124807521168675,0.49038461538461536,0.44519621109607577,0.4015151515151515,1.8977272727272727,176,0.5769230769230769,
2022,CIN,1028,16,0.07703328053511327,0.4727626459143969,5.634241245136187,0.07782101167315175,0.6614785992217899,64.25,7.6922296078926395,0.6896551724137931,0.6157635467980296,0.5977011494252874,2.5,166,0.6724137931034483,
2022,CLE,1097,17,0.012375284027409856,0.4402917046490428,5.417502278942571,0.10300820419325434,0.5597082953509571,64.52941176470588,-7.651706167760771,0.5305410122164049,0.49939540507859737,0.5370370370370371,1.92,175,0.5555555555555556,
2022,DAL,1099,17,0.013736888153211831,0.4467697907188353,5.503184713375796,0.10009099181073704,0.5450409463148317,64.6470588235294,-6.0965533055588805,0.5025641025641026,0.4964705882352941,0.535483870967742,2.398936170212766,188,0.7,
2022,DEN,1068,17,-0.10905668313758239,0.38108614232209737,5.1835205992509366,0.09176029962546817,0.6198501872659176,62.8235294117647,-2.1796640732468626,0.5583333333333333,0.5626535626535627,0.6041666666666666,1.4870466321243523,193,0.5789473684210527,
2022,DET,1076,17,0.06896072833091313,0.4544609665427509,6.016728624535316,0.09944237918215613,0.5817843866171004,63.294117647058826,-1.7394914160236772,0.558648111332008,0.5307599517490953,0.5078534031413613,2.552941176470588,170,0.6865671641791045,
2022,GB,1033,17,0.0019874140624282074,0.4569215876089061,5.577928363988383,0.10067763794772508,0.5856727976766699,60.76470588235294,-3.47557771745402,0.5634920634920635,0.5261194029850746,0.5882352941176471,2.0470588235294116,170,0.5344827586206896,
2022,HOU,1006,17,-0.1871302272655112,0.3697813121272366,4.800198807157058,0.07952286282306163,0.6332007952286283,59.1764705882353,-2.3793681137722955,0.521415270018622,0.5797101449275363,0.5912408759124088,1.4894736842105263,190,0.5,
2022,IND,1095,17,-0.16633084417936667,0.39908675799086757,4.846575342465753,0.07671232876712329,0.6255707762557078,64.41176470588235,-3.7537184071867435,0.5473887814313346,0.5683709869203329,0.5165562913907285,1.4263157894736842,190,0.49019607843137253,
2022,JAX,1059,17,0.04524473718720741,0.4627006610009443,5.748819641170916,0.09631728045325778,0.6100094428706326,62.294117647058826,0.05759815593110266,0.5688622754491018,0.5635696821515892,0.5142857142857142,2.1666666666666665,174,0.559322033898305,
2022,KC,1080,17,0.18525964239042605,0.5037037037037037,6.523148148148148,0.09722222222222222,0.6694444444444444,63.529411764705884,10.89090565426482,0.6920353982300885,0.6255707762557078,0.6511627906976745,2.7873563218390807,174,0.7083333333333334,
2022,LA,987,17,-0.08836844609738467,0.41033434650455924,4.847011144883485,0.07598784194528875,0.6190476190476191,58.05882352941177,-3.0636984945521166,0.5744274809160306,0.5767195767195767,0.5954198473282443,1.7797619047619047,168,0.5909090909090909,
2022,LAC,1135,17,0.005214254069252839,0.439647577092511,5.397356828193833,0.07136563876651983,0.6792951541850221,66.76470588235294,4.399468891880586,0.6550580431177446,0.6373239436619719,0.6113989637305699,2.111111111111111,180,0.5573770491803278,
2022,LV,1044,17,0.004034644439081704,0.4329501915708812,5.744252873563219,0.10344827586206896,0.6187739463601533,61.411764705882355,-3.5158083592166847,0.5542635658914729,0.561035758323058,0.6212121212121212,2.2339181286549707,171,0.5306122448979592,
2022,MIA,993,17,0.04907806603212225,0.446122860020141,6.24773413897281,0.10574018126888217,0.6404833836858006,58.411764705882355,1.9906233168935847,0.5914396887159533,0.5791505791505791,0.6097560975609756,2.1306818181818183,176,0.6346153846153846,
2022,MIN,1110,17,-0.012672080855949052,0.4477477477477477,5.5477477477477475,0.08288288288288288,0.6576576576576577,65.29411764705883,2.4297335148193278,0.6166666666666667,0.5988439306358382,0.6507936507936508,2.145077720207254,193,0.6417910447761194,
2022,NE,982,17,-0.05238500971707073,0.4093686354378819,5.486761710794298,0.10692464358452139,0.6109979633401222,57.76470588235294,-1.235508504503856,0.5880149812734082,0.5573122529644269,0.512396694214876,1.691891891891892,185,0.4772727272727273,
2022,NO,1001,17,-0.040338914273415016,0.45554445554445555,5.679320679320679,0.08891108891108891,0.5614385614385614,58.88235294117647,-6.885510275733995,0.4899193548387097,0.500646830530401,0.5572519083969466,1.7833333333333334,180,0.5098039215686274,
2022,NYG,1071,17,0.030238188169791135,0.4481792717086835,5.313725490196078,0.08216619981325864,0.5835667600373483,63.0,-5.658503603033659,0.5841392649903289,0.5213776722090261,0.42063492063492064,2.005714285714286,175,0.6808510638297872,
2022,NYJ,1063,17,-0.08749542268809048,0.3894637817497648,5.097836312323612,0.08466603951081844,0.6472248353715898,62.529411764705884,-2.623033064118782,0.5911602209944752,0.5778894472361809,0.5652173913043478,1.5106382978723405,188,0.4666666666666667,
2022,PHI,1101,17,0.10755749648730678,0.48319709355131696,6.028156221616712,0.11807447774750227,0.5667574931880109,64.76470588235294,-0.9814736584741132,0.626746506986028,0.5465253239104829,0.37967914438502676,2.5865921787709496,179,0.6779661016949152,
2022,PIT,1098,17,0.008920787993684847,0.44899817850637525,5.005464480874317,0.08287795992714025,0.5819672131147541,64.58823529411765,-3.6684707767297877,0.533003300330033,0.5171192443919717,0.5,1.7426900584795322,171,0.52,
2022,SEA,1031,17,-0.0010678100249364476,0.44325897187196894,5.807953443258972,0.09602327837051407,0.6314258001939864,60.64705882352941,1.5871660122656914,0.6291913214990138,0.5901234567901235,0.5751633986928104,2.1767955801104972,181,0.4827586206896552,
2022,SF,1030,17,0.0849795263726961,0.4621359223300971,6.052427184466019,0.11262135922330097,0.5398058252427185,60.588235294117645,-4.441521930173763,0.5364372469635628,0.4794520547945205,0.4367816091954023,2.3820224719101124,178,0.576271186440678,
2022,TB,1139,17,-0.03592974455408089,0.43898156277436345,5.18612818261633,0.06760316066725197,0.6795434591747147,67.0,4.257813113708052,0.5872727272727273,0.6405529953917051,0.717948717948718,1.6666666666666667,186,0.5185185185185185,
2022,TEN,978,17,-0.06067477356666935,0.4100204498977505,5.171779141104294,0.09304703476482618,0.5398773006134969,57.529411764705884,-10.689225578813952,0.5135658914728682,0.4650537634408602,0.5739130434782609,1.564516129032258,186,0.65,
2022,WAS,1128,17,-0.07584612799713177,0.40425531914893614,4.98758865248227,0.08333333333333333,0.5567375886524822,66.3529411764706,-7.6087820465868035,0.4727592267135325,0.4931350114416476,0.5157232704402516,1.5833333333333333,192,0.5384615384615384,
2023,ARI,1059,17,-0.0670383334701189,0.40698772426817753,5.210576015108593,0.09726156751652502,0.5939565627950897,62.294117647058826,-6.504472033441686,0.5276679841897233,0.5311720698254364,0.5396825396825397,1.848314606741573,178,0.6521739130434783,
2023,ATL,1079,17,-0.09945888960123626,0.41056533827618164,5.275254865616311,0.08989805375347544,0.5551436515291936,63.470588235294116,-9.729726030814968,0.5502645502645502,0.49700598802395207,0.4444444444444444,1.6349206349206349,189,0.48936170212765956,
2023,BAL,1062,17,0.06368945659506531,0.4726930320150659,5.940677966101695,0.10263653483992467,0.571563088512241,62.470588235294116,-0.5567819567611213,0.5996055226824457,0.5266903914590747,0.45989304812834225,2.4361702127659575,188,0.6417910447761194,
2023,BUF,1091,17,0.10753498330928604,0.4894592117323556,5.855178735105408,0.08799266727772685,0.5948670944087993,64.17647058823529,0.40261412874260266,0.6025641025641025,0.5577596266044341,0.4838709677419355,2.479768786127168,173,0.6615384615384615,
2023,CAR,1091,17,-0.18005039500171624,0.37396883593033914,4.1374885426214485,0.06599450045829514,0.6251145737855178,64.17647058823529,-5.474280904019021,0.5520446096654275,0.5503778337531486,0.4956521739130435,1.2011173184357542,179,0.48717948717948717,
2023,CHI,1085,17,-0.047321668010457216,0.4184331797235023,5.082027649769585,0.09861751152073733,0.5695852534562212,63.8235294117647,-4.967541645371145,0.5609756097560976,0.5085158150851582,0.5743243243243243,1.9333333333333333,180,0.6122448979591837,
2023,CIN,1031,17,-0.01118751111201463,0.4393792434529583,5.274490785645005,0.08050436469447139,0.6731328806983511,60.64705882352941,5.618388173969826,0.6779661016949152,0.6265664160401002,0.5688622754491018,1.95,180,0.6037735849056604,
2023,CLE,1172,17,-0.1450212605087429,0.386518771331058,4.881399317406143,0.08532423208191127,0.5921501706484642,68.94117647058823,-3.7133988314038047,0.5904761904761905,0.5354330708661418,0.5172413793103449,1.7255813953488373,215,0.5384615384615384,
2023,DAL,1099,17,0.10385404169562895,0.47224749772520475,5.766151046405824,0.09372156505914468,0.6196542311191993,64.6470588235294,3.0674937654886603,0.6266375545851528,0.5652173913043478,0.5466666666666666,2.8098159509202456,163,0.5540540540540541,
2023,DEN,995,17,-0.05988589019138961,0.4201005025125628,5.118592964824121,0.09045226130653267,0.6030150753768844,58.529411764705884,-3.877555256587776,0.5481651376146789,0.560105680317041,0.5568862275449101,1.899441340782123,179,0.5344827586206896,
2023,DET,1112,17,0.06470494826145648,0.4613309352517986,6.053956834532374,0.11600719424460432,0.5755395683453237,65.41176470588235,-3.924654938092978,0.5443548387096774,0.5276145710928319,0.453125,2.4918032786885247,183,0.6615384615384615,
2023,GB,1036,17,0.06489263998865889,0.44594594594594594,5.6824324324324325,0.09555984555984556,0.611003861003861,60.94117647058823,0.2618546162562941,0.5616161616161616,0.5506329113924051,0.5505050505050505,2.232142857142857,168,0.5230769230769231,
2023,HOU,1073,17,-0.025935787243814856,0.41006523765144454,5.427772600186393,0.10251630941286113,0.6123019571295434,63.11764705882353,-2.6360041615514143,0.570873786407767,0.5432399512789281,0.5253164556962026,1.9095744680851063,188,0.5636363636363636,
2023,IND,1082,17,-0.0368320523176375,0.4066543438077634,5.304990757855823,0.09057301293900184,0.5942698706099815,63.64705882352941,-3.959624682744197,0.5765124555160143,0.5421245421245421,0.47126436781609193,1.8541666666666667,192,0.5,
2023,JAX,1096,17,-0.07100625390995793,0.4206204379562044,5.283759124087592,0.0739051094890511,0.6450729927007299,64.47058823529412,2.77589728858621,0.5902912621359223,0.6002372479240806,0.5578231292517006,1.9411764705882353,187,0.5185185185185185,
2023,KC,1054,17,0.021886685062074335,0.43738140417457305,5.691650853889943,0.07969639468690702,0.6783681214421252,62.0,6.639570248025192,0.6593406593406593,0.6246943765281173,0.6449704142011834,2.0697674418604652,172,0.532258064516129,
2023,LA,1085,17,0.036927601011116744,0.44608294930875575,5.63963133640553,0.09861751152073733,0.5852534562211982,63.8235294117647,-2.87427341762913,0.5961904761904762,0.5321428571428571,0.5085714285714286,2.2333333333333334,180,0.6607142857142857,
2023,LAC,1095,17,-0.07697098829802274,0.4091324200913242,5.125114155251142,0.07214611872146119,0.6520547945205479,64.41176470588235,0.7316763515341772,0.6197916666666666,0.6021765417170496,0.5849056603773585,1.827027027027027,185,0.5510204081632653,
2023,LV,993,17,-0.09766072694740326,0.4118831822759315,4.973816717019134,0.06042296072507553,0.608257804632427,58.411764705882355,-2.1374778073629943,0.5720250521920668,0.5495376486129459,0.5637583892617449,1.6761363636363635,176,0.5,
2023,MIA,1034,17,0.09940524086593741,0.47292069632495165,6.6160541586073505,0.11992263056092843,0.5909090909090909,60.8235294117647,-0.9790522152669656,0.6271551724137931,0.5129469790382244,0.48295454545454547,2.6022099447513813,181,0.65,
2023,MIN,1062,17,-0.0416462561883999,0.423728813559322,5.576271186440678,0.09887005649717515,0.6666666666666666,62.470588235294116,2.1868847147430066,0.6018691588785047,0.5992601726263872,0.6870748299319728,1.88,175,0.5098039215686274,
2023,NE,1014,17,-0.18919973287607425,0.3895463510848126,4.6380670611439845,0.05621301775147929,0.6173570019723866,59.64705882352941,-3.5616567538393555,0.5890151515151515,0.5567144719687093,0.5,1.1105527638190955,199,0.6,
2023,NO,1098,17,-0.01751912854564757,0.41894353369763204,5.2449908925318764,0.08196721311475409,0.5947176684881603,64.58823529411765,-2.6601948078131414,0.5802919708029197,0.5307328605200946,0.4883720930232558,2.037837837837838,185,0.5573770491803278,
2023,NYG,1045,17,-0.1726600999715433,0.37894736842105264,4.561722488038278,0.07942583732057416,0.6363636363636364,61.470588235294116,-2.256939476400471,0.5923566878980892,0.5787401574803149,0.47413793103448276,1.2233502538071066,197,0.4523809523809524,
2023,NYJ,1045,17,-0.25464471858996734,0.34832535885167465,4.3741626794258375,0.06507177033492823,0.6631578947368421,61.470588235294116,-1.1504001398548556,0.567741935483871,0.6025641025641025,0.6388888888888888,1.1372549019607843,204,0.34210526315789475,
2023,PHI,1102,17,0.054078784937315424,0.4591651542649728,5.475499092558984,0.08711433756805807,0.5916515426497277,64.82352941176471,-1.1627699855289095,0.5963636363636363,0.567409144196952,0.40236686390532544,2.3815028901734103,173,0.6065573770491803,
2023,PIT,1005,17,-0.07292693751699847,0.4199004975124378,5.174129353233831,0.09154228855721393,0.5611940298507463,59.11764705882353,-6.210120991613734,0.5224719101123596,0.47820343461030385,0.425,1.5856353591160222,181,0.5238095238095238,
2023,SEA,981,17,0.015275635364475891,0.4383282364933741,5.607543323139653,0.10091743119266056,0.6452599388379205,57.705882352941174,0.2883859878742002,0.6066176470588235,0.5783926218708827,0.5540540540540541,2.0058479532163744,171,0.49122807017543857,
2023,SF,996,17,0.17379820689417816,0.5110441767068273,6.82429718875502,0.14357429718875503,0.5431726907630522,58.588235294117645,-2.2321235635373964,0.564935064935065,0.4987562189054726,0.46596858638743455,2.8922155688622753,167,0.6716417910447762,
2023,TB,1025,17,-0.01575937272930603,0.3960975609756098,5.211707317073171,0.09073170731707317,0.6224390243902439,60.294117647058826,-1.783921517795179,0.5963302752293578,0.5419354838709678,0.6015625,1.9039548022598871,177,0.48936170212765956,
2023,TEN,983,17,-0.04831721346808837,0.3967446592065107,5.013224821973551,0.09460834181078331,0.5849440488301119,57.8235294117647,-5.370877585767002,0.547945205479452,0.513262599469496,0.5431034482758621,1.716763005780347,173,0.5111111111111111,
2023,WAS,1056,17,-0.10815151553807618,0.4090909090909091,5.038825757575758,0.08333333333333333,0.6960227272727273,62.11764705882353,5.495989105353753,0.6645299145299145,0.6506172839506172,0.6015037593984962,1.7010309278350515,194,0.6521739130434783,
2024,ARI,1026,17,0.06617482992511536,0.4727095516569201,5.946393762183236,0.10526315789473684,0.5974658869395711,60.35294117647059,-2.452953899239297,0.5930735930735931,0.5698529411764706,0.5131578947368421,2.3855421686746987,166,0.6071428571428571,
2024,ATL,1069,17,0.03412569601629675,0.480823199251637,5.902712815715622,0.1019644527595884,0.5556594948550047,62.88235294117647,-8.089095686185125,0.5408163265306123,0.49458483754512633,0.43506493506493504,2.225609756097561,164,0.5961538461538461,
2024,BAL,1036,17,0.2194600544926238,0.500965250965251,6.962355212355212,0.12644787644787644,0.5222007722007722,60.94117647058823,-7.518294078395001,0.5252747252747253,0.47596153846153844,0.49375,2.8579545454545454,176,0.746268656716418,
2024,BUF,1004,17,0.18761335590038772,0.47410358565737054,6.099601593625498,0.10059760956175298,0.5756972111553785,59.05882352941177,-2.006729331936138,0.5643776824034334,0.5255102040816326,0.4607329842931937,3.029940119760479,167,0.7313432835820896,
2024,CAR,984,17,-0.052486092077172704,0.4136178861788618,5.158536585365853,0.0782520325203252,0.6361788617886179,57.88235294117647,-2.215233130940819,0.5701943844492441,0.5693135935397039,0.6153846153846154,1.9329608938547487,179,0.5961538461538461,
2024,CHI,1049,17,-0.07938004084130741,0.3994280266920877,4.607244995233556,0.06196377502383222,0.6482364156339371,61.705882352941174,-2.4199738970702893,0.5764192139737991,0.5810983397190294,0.5984848484848485,1.6590909090909092,176,0.631578947368421,
2024,CIN,1066,17,0.09122085957329806,0.4727954971857411,5.841463414634147,0.07692307692307693,0.6763602251407129,62.705882352941174,8.167231797570919,0.6877323420074349,0.6242496998799519,0.6650485436893204,2.633720930232558,172,0.6507936507936508,
2024,CLE,1113,17,-0.18681494671284737,0.3683737646001797,4.599281221922731,0.061096136567834684,0.6846361185983828,65.47058823529412,0.39550954725355686,0.6036960985626283,0.6418269230769231,0.5983606557377049,1.233502538071066,197,0.5238095238095238,
2024,DAL,1092,17,-0.10895570885480321,0.4065934065934066,5.108058608058608,0.0815018315018315,0.6263736263736264,64.23529411764706,-2.4389920242799397,0.5806451612903226,0.5794504181600956,0.6014492753623188,1.7459459459459459,185,0.45098039215686275,
2024,DEN,1037,17,0.021190722147231476,0.42719382835101255,5.341369334619094,0.0935390549662488,0.6210221793635486,61.0,0.5193725582158324,0.5992217898832685,0.5571065989847716,0.5806451612903226,2.1263736263736264,182,0.6206896551724138,
2024,DET,1097,17,0.17001003073477786,0.5013673655423884,6.363719234275297,0.11759343664539654,0.5432999088422972,64.52941176470588,-3.4476743805593215,0.5394456289978679,0.4965116279069767,0.49327354260089684,3.101123595505618,178,0.7183098591549296,
2024,GB,1016,17,0.07910167979329073,0.44881889763779526,6.214566929133858,0.12303149606299213,0.5127952755905512,59.76470588235294,-8.318576245480694,0.47863247863247865,0.4437577255871446,0.489010989010989,2.5738636363636362,176,0.6285714285714286,
2024,HOU,1044,17,-0.04837393749799249,0.3888888888888889,5.216475095785441,0.08620689655172414,0.6340996168582376,61.411764705882355,0.8265761883351309,0.625,0.5552763819095478,0.5470588235294118,1.8770053475935828,187,0.5087719298245614,
2024,IND,1029,17,-0.0544464552521121,0.4033041788143829,5.543245869776482,0.10689990281827016,0.5510204081632653,60.529411764705884,-8.505966872215792,0.5054744525547445,0.508301404853129,0.43023255813953487,1.9946524064171123,187,0.5185185185185185,
2024,JAX,984,17,-0.021678918709362394,0.4136178861788618,5.298780487804878,0.09959349593495935,0.6138211382113821,57.88235294117647,-3.522648652106887,0.5419354838709678,0.5689655172413793,0.5071428571428571,1.7543859649122806,171,0.5918367346938775,
2024,KC,1067,17,0.0719130875216294,0.47703842549203374,5.250234301780694,0.06091846298031865,0.6354264292408622,62.76470588235294,5.18946879715314,0.632890365448505,0.583030303030303,0.6041666666666666,2.3496932515337425,163,0.5384615384615384,
2024,LA,1024,17,0.017745629174265514,0.4697265625,5.5185546875,0.0830078125,0.5791015625,60.23529411764706,-3.595828404650092,0.5291970802919708,0.5398009950248757,0.4943820224719101,2.1097560975609757,164,0.5396825396825397,
2024,LAC,993,17,0.03832888052337602,0.418932527693857,5.5850956696878145,0.09667673716012085,0.5881168177240684,58.411764705882355,-1.5297740517786262,0.5882352941176471,0.5513157894736842,0.4863013698630137,2.2658959537572256,173,0.5490196078431373,
2024,LV,1049,17,-0.14266432454620906,0.4051477597712107,4.929456625357483,0.07530981887511916,0.667302192564347,61.705882352941174,-0.9468681900784217,0.5661764705882353,0.6271820448877805,0.6041666666666666,1.6467391304347827,184,0.5,
2024,MIA,1071,17,-0.03842479994039608,0.44351073762838467,5.170868347338936,0.0765639589169001,0.611577964519141,63.0,-2.548233296871742,0.5513307984790875,0.553012048192771,0.5988023952095808,1.9491525423728813,177,0.5357142857142857,
2024,MIN,1028,17,0.017283020002997192,0.45622568093385213,5.759727626459144,0.10116731517509728,0.607976653696498,60.470588235294116,3.8929233564868397,0.6333333333333333,0.5416666666666666,0.6081871345029239,2.308988764044944,178,0.5230769230769231,
2024,NE,1017,17,-0.08571428685217533,0.42281219272369713,4.884955752212389,0.07374631268436578,0.6243854473942969,59.8235294117647,-3.075419677533173,0.5867237687366167,0.5609756097560976,0.5771812080536913,1.5965909090909092,176,0.4583333333333333,
2024,NO,1022,17,-0.05534829455890614,0.4070450097847358,5.333659491193738,0.08904109589041095,0.6007827788649707,60.11764705882353,-5.260510863681596,0.5314533622559653,0.5564102564102564,0.4396551724137931,1.88135593220339,177,0.5777777777777777,
2024,NYG,1044,17,-0.10338745090718707,0.407088122605364,4.815134099616858,0.07088122605363985,0.6350574712643678,61.411764705882355,-3.5411066839549963,0.5372233400402414,0.5791505791505791,0.5689655172413793,1.5142857142857142,175,0.44680851063829785,
2024,NYJ,1005,17,-0.014666152342305831,0.4248756218905473,5.25273631840796,0.09253731343283582,0.6616915422885572,59.11764705882353,2.381109715768354,0.6026119402985075,0.6005188067444877,0.723404255319149,1.9585798816568047,169,0.5862068965517241,
2024,PHI,1087,17,0.1143728235764174,0.45262189512419504,5.764489420423183,0.11039558417663294,0.49126034958601655,63.94117647058823,-8.784896340272574,0.5177865612648221,0.4378769601930036,0.3842364532019704,2.7083333333333335,168,0.5797101449275363,
2024,PIT,1064,17,-0.03232285791139056,0.4050751879699248,5.116541353383458,0.10244360902255639,0.5488721804511278,62.588235294117645,-6.38080397568279,0.5481099656357389,0.4822954822954823,0.5029940119760479,1.9574468085106382,188,0.5178571428571429,
2024,SEA,1015,17,-0.027131626005064777,0.4403940886699507,5.577339901477832,0.08768472906403942,0.6600985221674877,59.705882352941174,1.7402543545943763,0.6071428571428571,0.6205583756345178,0.5409836065573771,1.9322033898305084,177,0.5869565217391305,
2024,SF,1012,17,0.07075210010021994,0.4614624505928854,6.32905138339921,0.10968379446640317,0.6037549407114624,59.529411764705884,-2.181579640481194,0.5717344753747323,0.54625,0.5233160621761658,2.2294117647058824,170,0.5714285714285714,
2024,TB,1081,17,0.13124895627862573,0.49491211840888066,6.295097132284921,0.10638297872340426,0.603145235892692,63.588235294117645,-0.1740202266347287,0.5901328273244781,0.5529411764705883,0.5609756097560976,2.7942857142857145,175,0.6818181818181818,
2024,TEN,1026,17,-0.11870965360072509,0.39766081871345027,5.043859649122807,0.08771929824561403,0.5964912280701754,60.35294117647059,-6.95689840071615,0.5381443298969072,0.5431472081218274,0.5327868852459017,1.619047619047619,189,0.5434782608695652,
2024,WAS,1085,17,0.13789434199270373,0.4838709677419355,5.804608294930875,0.08940092165898618,0.5972350230414747,63.8235294117647,-0.19226747861106275,0.5961945031712473,0.5485781990521327,0.4433497536945813,2.823529411764706,170,0.6428571428571429,
2025,ARI,1070,17,-0.016902419922166945,0.4308411214953271,5.178504672897196,0.07102803738317758,0.6962616822429907,62.94117647058823,3.985575637388452,0.6526548672566371,0.6674816625916871,0.703030303030303,2.0177514792899407,169,0.5666666666666667,
2025,ATL,1032,17,-0.021657541187178764,0.437015503875969,5.501937984496124,0.09593023255813954,0.564922480620155,60.705882352941174,-6.212358246196437,0.5488029465930019,0.5043804755944932,0.5072463768115942,1.9885714285714287,175,0.6153846153846154,
2025,BAL,954,17,0.03391652241648697,0.44549266247379454,5.939203354297694,0.10796645702306079,0.5251572327044025,56.11764705882353,-8.843459733088249,0.5041666666666667,0.45467032967032966,0.42857142857142855,2.409356725146199,171,0.5,
2025,BUF,1056,17,0.1409795589130108,0.4876893939393939,6.083333333333333,0.11458333333333333,0.553030303030303,62.11764705882353,-3.5215500692808717,0.55,0.503052503052503,0.45789473684210524,2.7976190476190474,168,0.6716417910447762,
2025,CAR,991,17,-0.03670744221043604,0.4318869828456105,5.0918264379414735,0.08375378405650857,0.5872855701311807,58.294117647058826,-6.09794829292627,0.5401606425702812,0.527369826435247,0.5972222222222222,1.9056603773584906,159,0.5531914893617021,
2025,CHI,1090,17,0.07961082202122151,0.4577981651376147,5.769724770642202,0.10550458715596331,0.5871559633027523,64.11764705882354,-3.8982048182996043,0.5573770491803278,0.5414165666266506,0.4885057471264368,2.4318181818181817,176,0.6140350877192983,
2025,CIN,1044,17,-0.007790194136622653,0.4549808429118774,5.3773946360153255,0.07758620689655173,0.6580459770114943,61.411764705882355,1.715328664272681,0.6254901960784314,0.6166253101736973,0.6095890410958904,2.310344827586207,174,0.7090909090909091,
2025,CLE,1024,17,-0.18922491848822398,0.345703125,4.35546875,0.064453125,0.6240234375,60.23529411764706,-3.724307142329053,0.5414141414141415,0.5684210526315789,0.552,1.3193717277486912,191,0.5121951219512195,
2025,DAL,1101,17,0.09523121336297702,0.46503178928247046,6.062670299727521,0.08719346049046321,0.6185286103542235,64.76470588235294,-0.9849729114546222,0.570631970260223,0.5545243619489559,0.5816326530612245,2.5953757225433525,173,0.5846153846153846,
2025,DEN,1073,17,0.04781455307652335,0.4408201304753029,5.445479962721342,0.08387698042870456,0.625349487418453,63.11764705882353,1.5696713608886634,0.6072072072072072,0.5639464068209501,0.5914634146341463,2.162921348314607,178,0.6140350877192983,
2025,DET,1050,17,0.08127839987352244,0.4523809523809524,6.052380952380952,0.10476190476190476,0.5942857142857143,61.76470588235294,-4.55555553379513,0.5488721804511278,0.5372208436724566,0.531578947368421,2.587912087912088,182,0.640625,
2025,GB,991,17,0.11296623746060808,0.47628657921291623,5.722502522704339,0.10696266397578204,0.557013118062563,58.294117647058826,-4.405484012094083,0.5375,0.5026315789473684,0.48520710059171596,2.5128205128205128,156,0.576271186440678,
2025,HOU,1072,17,-0.009554382573043321,0.4141791044776119,5.193097014925373,0.07649253731343283,0.6007462686567164,63.05882352941177,-0.9829537692799497,0.5941747572815534,0.5479951397326853,0.5625,2.053763440860215,186,0.4642857142857143,
2025,IND,1004,17,0.07524256176912847,0.4641434262948207,5.868525896414343,0.0846613545816733,0.5966135458167331,59.05882352941177,-0.9123486010320633,0.6088631984585742,0.5612244897959183,0.4919786096256685,2.761904761904762,168,0.6865671641791045,
2025,JAX,1070,17,0.0332451189950229,0.44485981308411215,5.376635514018692,0.08691588785046729,0.6018691588785047,62.94117647058823,1.6434825208281802,0.6114649681528662,0.5662650602409639,0.4975369458128079,2.453038674033149,181,0.6285714285714286,
2025,KC,1045,17,0.03387396197725033,0.44401913875598087,5.228708133971292,0.07559808612440191,0.6574162679425838,61.470588235294116,3.9508614214983853,0.6219081272084805,0.6223337515683814,0.5967741935483871,2.201219512195122,164,0.5645161290322581,
2025,LA,1056,17,0.14478748543562103,0.5179924242424242,6.382575757575758,0.11837121212121213,0.5909090909090909,62.11764705882353,2.958979181571384,0.6078431372549019,0.5525059665871122,0.5757575757575758,2.913793103448276,174,0.64,
2025,LAC,1079,17,-0.024476352904272695,0.4309545875810936,5.272474513438369,0.07692307692307693,0.6311399443929564,63.470588235294116,0.6354933109158604,0.6255060728744939,0.5822002472187886,0.6060606060606061,2.127906976744186,172,0.5,
2025,LV,939,17,-0.21515231591530515,0.3759318423855165,4.4451544195953145,0.07028753993610223,0.6368477103301384,55.23529411764706,-1.7472351332918143,0.5854166666666667,0.5835734870317003,0.6403508771929824,1.3579545454545454,176,0.5,
2025,MIA,939,17,-0.015973792816259495,0.41959531416400425,5.451544195953142,0.10436634717784878,0.564430244941427,55.23529411764706,-5.840452019763958,0.5272727272727272,0.5027624309392266,0.5071428571428571,1.9883040935672514,171,0.5625,
2025,MIN,939,17,-0.11621696482828987,0.42598509052183176,4.994675186368477,0.08839190628328009,0.6080937167199149,55.23529411764706,-1.199383042649593,0.5684647302904564,0.5477178423236515,0.636986301369863,1.8857142857142857,175,0.5849056603773585,
2025,NE,1014,17,0.15656298960533716,0.4832347140039448,6.393491124260355,0.10946745562130178,0.6045364891518737,59.64705882352941,2.424334527105387,0.6110019646365422,0.5478589420654912,0.543859649122807,2.7228915662650603,166,0.6333333333333333,
2025,NO,1061,17,-0.08562408642973121,0.4203581526861451,5.035815268614515,0.057492931196983975,0.6314797360980208,62.411764705882355,-3.0110168675422444,0.5619047619047619,0.5937888198757764,0.5365853658536586,1.6627906976744187,172,0.43478260869565216,
2025,NYG,1075,17,0.010318095771452053,0.41953488372093023,5.28,0.09116279069767441,0.5804651162790697,63.23529411764706,-4.658112684308096,0.5420743639921722,0.5129151291512916,0.5027624309392266,2.215568862275449,167,0.5081967213114754,
2025,NYJ,1001,17,-0.13193641194799546,0.4045954045954046,4.465534465534465,0.06693306693306693,0.6073926073926074,58.88235294117647,-8.770295843243836,0.4948717948717949,0.5554035567715458,0.5537190082644629,1.502824858757062,177,0.47619047619047616,
2025,PHI,992,17,0.026751958624462745,0.4314516129032258,5.352822580645161,0.09375,0.5776209677419355,58.35294117647059,-2.4772179269817687,0.5617283950617284,0.526797385620915,0.4503311258278146,2.0632183908045976,174,0.6808510638297872,
2025,PIT,974,17,0.024571247936590927,0.4394250513347023,5.342915811088296,0.08624229979466119,0.6078028747433265,57.294117647058826,-0.6927743007178424,0.58195211786372,0.5518169582772544,0.5304878048780488,2.2202380952380953,168,0.6078431372549019,
2025,SEA,994,17,0.02971560490732344,0.46177062374245476,6.027162977867203,0.11167002012072434,0.5211267605633803,58.470588235294116,-6.767924241459285,0.5306122448979592,0.4794871794871795,0.4397590361445783,2.3812154696132595,181,0.559322033898305,
2025,SF,1060,17,0.08906297793335125,0.4830188679245283,5.65377358490566,0.08490566037735849,0.5886792452830188,62.35294117647059,-0.8829427496442255,0.563953488372093,0.5428226779252111,0.5204081632653061,2.624242424242424,165,0.6935483870967742,
2025,TB,1057,17,-0.005565239422980638,0.4247871333964049,5.163670766319773,0.08893093661305582,0.6035950804162725,62.1764705882353,-3.4722856958744766,0.5414462081128748,0.5418227215980025,0.574468085106383,2.1206896551724137,174,0.5849056603773585,
2025,TEN,995,17,-0.15966876663473115,0.37386934673366834,4.445226130653267,0.0763819095477387,0.6492462311557788,58.529411764705884,-3.8501480165588196,0.5606407322654462,0.5892857142857143,0.6138613861386139,1.446927374301676,179,0.5882352941176471,
2025,WAS,972,17,0.007172914961657713,0.4567901234567901,5.587448559670782,0.09053497942386832,0.5802469135802469,57.1764705882353,-4.270082592979503,0.5536105032822757,0.5191040843214756,0.4304635761589404,2.150943396226415,159,0.673469387755102,
