game_id,season,week,home_team,away_team,gameday,spread_line,predicted_margin,xgb_margin,ridge_margin,lgbm_margin
2018_01_ATL_PHI,2018,1,PHI,ATL,2018-09-06,4.0,4.1775255,4.77564,2.3831818,3.858005227214981
2018_01_BUF_BAL,2018,1,BAL,BUF,2018-09-09,6.0,7.5429716,8.689842,4.10236,8.168741199326266
2018_01_PIT_CLE,2018,1,CLE,PIT,2018-09-09,-5.5,-8.519173,-8.157577,-9.603962,-5.678286476333477
2018_01_CIN_IND,2018,1,IND,CIN,2018-09-09,3.0,0.7125174,-0.015979053,2.8980067,-1.3587523725985944
2018_01_TEN_MIA,2018,1,MIA,TEN,2018-09-09,-1.5,-1.5112386,-0.22753716,-5.362343,0.7199665404381123
2018_01_SF_MIN,2018,1,MIN,SF,2018-09-09,5.5,2.1682844,1.3803085,4.5322123,0.2631867902541311
2018_01_HOU_NE,2018,1,NE,HOU,2018-09-09,6.5,11.328037,12.176451,8.782797,11.322335303115953
2018_01_TB_NO,2018,1,NO,TB,2018-09-09,9.5,5.5748215,6.027143,4.217857,5.802791052638272
2018_01_JAX_NYG,2018,1,NYG,JAX,2018-09-09,-3.0,-2.7182844,-3.8442075,0.65948486,-2.101195813463006
2018_01_KC_LAC,2018,1,LAC,KC,2018-09-09,3.0,0.42036623,0.56528634,-0.014394045,0.26693080042395856
2018_01_WAS_ARI,2018,1,ARI,WAS,2018-09-09,1.0,1.0230964,1.0793349,0.85438097,0.0042607769867729385
2018_01_DAL_CAR,2018,1,CAR,DAL,2018-09-09,2.5,5.2362466,5.3093348,5.016982,5.6181925113168605
2018_01_SEA_DEN,2018,1,DEN,SEA,2018-09-09,2.5,-0.5474365,-0.5204538,-0.6283846,-1.1704456708408033
2018_01_CHI_GB,2018,1,GB,CHI,2018-09-09,8.0,8.786158,8.374294,10.021748,7.5545823321195344
2018_01_NYJ_DET,2018,1,DET,NYJ,2018-09-10,6.5,9.903573,9.994172,9.631776,8.350295257056203
2018_01_LA_OAK,2018,1,OAK,LA,2018-09-10,-3.0,-5.6954417,-5.5417995,-6.1563683,-3.6050737224692377
2018_02_BAL_CIN,2018,2,CIN,BAL,2018-09-13,-1.0,3.071003,2.3439465,5.2521725,1.9729787766125955
2018_02_CAR_ATL,2018,2,ATL,CAR,2018-09-16,4.5,8.481561,9.232539,6.228625,6.147697174658695
2018_02_LAC_BUF,2018,2,BUF,LAC,2018-09-16,-7.5,-5.1368065,-4.9456143,-5.7103825,-1.1468094348200448
2018_02_MIN_GB,2018,2,GB,MIN,2018-09-16,1.5,0.24391538,-1.0423276,4.1026444,-0.7340859252749937
2018_02_CLE_NO,2018,2,NO,CLE,2018-09-16,8.0,7.208256,7.1622634,7.3462334,6.927239697262772
2018_02_MIA_NYJ,2018,2,NYJ,MIA,2018-09-16,3.0,-0.1615648,-0.49466816,0.8377453,-0.07655988606557776
2018_02_KC_PIT,2018,2,PIT,KC,2018-09-16,4.5,6.880434,8.302682,2.6136904,9.162439622708751
2018_02_PHI_TB,2018,2,TB,PHI,2018-09-16,-3.0,-0.2419456,0.43818915,-2.2823498,0.388789301507958
2018_02_HOU_TEN,2018,2,TEN,HOU,2018-09-16,-2.0,-1.6321325,-0.9625724,-3.640813,-1.1897641612692973
2018_02_IND_WAS,2018,2,WAS,IND,2018-09-16,5.5,7.641204,7.9008117,6.862382,5.71668438019498
2018_02_ARI_LA,2018,2,LA,ARI,2018-09-16,13.0,11.793734,11.743066,11.945734,8.350485477385535
2018_02_DET_SF,2018,2,SF,DET,2018-09-16,5.5,5.7132444,6.1350408,4.447855,5.723107870570512
2018_02_OAK_DEN,2018,2,DEN,OAK,2018-09-16,6.0,6.2986174,6.300542,6.2928424,5.904344544537278
2018_02_NE_JAX,2018,2,JAX,NE,2018-09-16,-2.5,2.2399168,2.9664063,0.060447693,4.23307210159491
2018_02_NYG_DAL,2018,2,DAL,NYG,2018-09-16,3.0,7.736287,8.195847,6.3576083,7.572131197298387
2018_02_SEA_CHI,2018,2,CHI,SEA,2018-09-17,3.5,3.4998295,3.7838247,2.6478443,2.851333115595494
2018_03_NYJ_CLE,2018,3,CLE,NYJ,2018-09-20,3.0,2.3847058,2.2917821,2.6634767,2.0617488221710905
2018_03_NO_ATL,2018,3,ATL,NO,2018-09-23,3.0,1.7764277,1.8010013,1.7027075,2.203713474124204
2018_03_DEN_BAL,2018,3,BAL,DEN,2018-09-23,4.5,1.7816608,2.12694,0.7458228,2.5141880179609832
2018_03_CIN_CAR,2018,3,CAR,CIN,2018-09-23,3.0,4.4953194,3.455155,7.6158123,3.3909008914191774
2018_03_NYG_HOU,2018,3,HOU,NYG,2018-09-23,6.0,3.6250622,3.531243,3.9065197,3.7012879468172164
2018_03_TEN_JAX,2018,3,JAX,TEN,2018-09-23,10.0,9.118263,8.977174,9.541529,8.27503108982441
2018_03_SF_KC,2018,3,KC,SF,2018-09-23,6.0,7.630784,7.752535,7.2655325,7.816931975318116
2018_03_OAK_MIA,2018,3,MIA,OAK,2018-09-23,3.0,6.441199,7.550145,3.1143584,5.01395728451834
2018_03_BUF_MIN,2018,3,MIN,BUF,2018-09-23,16.5,12.037825,11.590108,13.380975,7.6731957789425955
2018_03_IND_PHI,2018,3,PHI,IND,2018-09-23,6.5,7.206483,7.0521374,7.6695194,8.11549353698736
2018_03_GB_WAS,2018,3,WAS,GB,2018-09-23,-3.0,3.0426383,4.3794656,-0.96784425,3.397147337482438
2018_03_LAC_LA,2018,3,LA,LAC,2018-09-23,6.5,4.873389,4.872165,4.8770604,4.163999857732607
2018_03_CHI_ARI,2018,3,ARI,CHI,2018-09-23,-6.0,-6.7555895,-6.463809,-7.630933,-5.028779403429587
2018_03_DAL_SEA,2018,3,SEA,DAL,2018-09-23,1.0,-2.61808,-2.5507207,-2.8201573,0.6109594859981279
2018_03_NE_DET,2018,3,DET,NE,2018-09-23,-6.5,-8.699627,-7.927978,-11.014573,-3.72537185214808
2018_03_PIT_TB,2018,3,TB,PIT,2018-09-24,-2.5,-5.732786,-6.2442493,-4.1983957,-2.84641133510504
2018_04_MIN_LA,2018,4,LA,MIN,2018-09-27,7.0,7.412526,8.2329,4.9514036,6.570875574762648
2018_04_CIN_ATL,2018,4,ATL,CIN,2018-09-30,5.5,4.830063,4.2522244,6.5635767,6.283848748926705
2018_04_TB_CHI,2018,4,CHI,TB,2018-09-30,3.0,3.1778538,2.8622572,4.1246433,1.048411417672014
2018_04_DET_DAL,2018,4,DAL,DET,2018-09-30,3.0,3.3699527,3.0858057,4.222394,2.5684408116441353
2018_04_BUF_GB,2018,4,GB,BUF,2018-09-30,10.5,8.484376,8.621455,8.073139,6.276707125388126
2018_04_HOU_IND,2018,4,IND,HOU,2018-09-30,2.5,1.370595,1.6889098,0.4156506,0.7117998074808941
2018_04_NYJ_JAX,2018,4,JAX,NYJ,2018-09-30,8.5,8.27949,8.105803,8.800555,5.8593861687895785
2018_04_MIA_NE,2018,4,NE,MIA,2018-09-30,7.0,11.016007,9.990659,14.0920515,11.612028891454417
2018_04_PHI_TEN,2018,4,TEN,PHI,2018-09-30,-3.0,-1.1387001,-1.4577073,-0.18167877,-1.5200561933220857
2018_04_SEA_ARI,2018,4,ARI,SEA,2018-09-30,-3.0,-1.8494487,-1.4355224,-3.0912273,-2.8879477996725553
2018_04_CLE_OAK,2018,4,OAK,CLE,2018-09-30,2.5,-2.8178654,-2.848522,-2.7258961,-1.7150508919987353
2018_04_SF_LAC,2018,4,LAC,SF,2018-09-30,9.5,7.796439,7.0056424,10.168829,5.684318225956122
2018_04_NO_NYG,2018,4,NYG,NO,2018-09-30,-3.5,-2.0236006,-1.5389725,-3.477485,-1.7132627800748035
2018_04_BAL_PIT,2018,4,PIT,BAL,2018-09-30,3.5,8.076568,8.785313,5.9503336,8.402342922189657
2018_04_KC_DEN,2018,4,DEN,KC,2018-10-01,-4.0,-3.9105523,-3.2062554,-6.0234423,-3.645491576914461
2018_05_IND_NE,2018,5,NE,IND,2018-10-04,10.0,15.035726,13.765198,18.84731,11.565663108716095
2018_05_TEN_BUF,2018,5,BUF,TEN,2018-10-07,-3.0,-3.7529044,-3.651365,-4.057523,-3.4004227644992016
2018_05_NYG_CAR,2018,5,CAR,NYG,2018-10-07,6.0,7.500358,8.013619,5.9605727,8.364470070984567
2018_05_MIA_CIN,2018,5,CIN,MIA,2018-10-07,5.5,7.557453,8.187315,5.6678686,7.39646009169686
2018_05_BAL_CLE,2018,5,CLE,BAL,2018-10-07,-3.0,-3.0509315,-2.9187393,-3.4475076,-1.9546943543147681
2018_05_GB_DET,2018,5,DET,GB,2018-10-07,-1.0,-1.2358351,-0.6275479,-3.0606964,-0.4088704536811036
2018_05_JAX_KC,2018,5,KC,JAX,2018-10-07,3.0,3.7590482,3.1611698,5.552684,3.3854432120229387
2018_05_DEN_NYJ,2018,5,NYJ,DEN,2018-10-07,2.5,1.0955565,1.7233663,-0.78787255,0.1364759828192512
2018_05_ATL_PIT,2018,5,PIT,ATL,2018-10-07,3.0,7.5362687,8.075085,5.919821,7.484102073487619
2018_05_OAK_LAC,2018,5,LAC,OAK,2018-10-07,6.5,8.282401,9.1748085,5.605179,8.1655174207936
2018_05_MIN_PHI,2018,5,PHI,MIN,2018-10-07,3.0,3.0276985,3.6262941,1.2319121,2.794311007588896
2018_05_LA_SEA,2018,5,SEA,LA,2018-10-07,-7.0,-6.9725494,-6.884075,-7.237973,-2.8021690825268135
2018_05_ARI_SF,2018,5,SF,ARI,2018-10-07,5.5,4.377823,5.1191306,2.153901,4.718013600650343
2018_05_DAL_HOU,2018,5,HOU,DAL,2018-10-07,3.0,1.1138823,1.6371603,-0.4559517,0.9717561191442924
2018_05_WAS_NO,2018,5,NO,WAS,2018-10-08,6.5,8.591899,9.243997,6.635606,7.2525441013673
2018_06_PHI_NYG,2018,6,NYG,PHI,2018-10-11,-2.5,-1.5590371,-1.8543538,-0.6730871,-2.1642331236501593
2018_06_TB_ATL,2018,6,ATL,TB,2018-10-14,3.5,0.8550244,0.6715277,1.4055145,0.33045349734481494
2018_06_PIT_CIN,2018,6,CIN,PIT,2018-10-14,2.5,-2.0288353,-2.072511,-1.8978078,-1.3260411784034085
2018_06_LAC_CLE,2018,6,CLE,LAC,2018-10-14,-1.5,-2.670064,-2.1047244,-4.366083,-3.0299425610224495
2018_06_BUF_HOU,2018,6,HOU,BUF,2018-10-14,9.5,6.5331864,6.508149,6.6082973,5.157346463472094
2018_06_CHI_MIA,2018,6,MIA,CHI,2018-10-14,-3.0,2.4332983,2.5950623,1.9480069,-0.18790342883736394
2018_06_ARI_MIN,2018,6,MIN,ARI,2018-10-14,10.5,9.854517,10.200421,8.816801,8.180075866662653
2018_06_IND_NYJ,2018,6,NYJ,IND,2018-10-14,3.0,0.25005668,0.877292,-1.6316493,1.808633266166455
2018_06_SEA_OAK,2018,6,OAK,SEA,2018-10-14,-3.0,-8.030617,-8.334867,-7.1178665,-6.620929097813678
2018_06_CAR_WAS,2018,6,WAS,CAR,2018-10-14,1.0,0.50117177,0.7131831,-0.13486218,-0.985545307213092
2018_06_LA_DEN,2018,6,DEN,LA,2018-10-14,-7.0,-7.385043,-7.7003784,-6.4390373,-4.2524342567060325
2018_06_JAX_DAL,2018,6,DAL,JAX,2018-10-14,-3.0,-0.5229204,-1.3582243,1.982991,-3.0959222742113934
2018_06_BAL_TEN,2018,6,TEN,BAL,2018-10-14,-1.5,-4.342373,-4.740124,-3.1491187,-2.0145845273360554
2018_06_KC_NE,2018,6,NE,KC,2018-10-14,3.0,-2.0063605,-2.1823823,-1.4782958,0.9078713119222726
2018_06_SF_GB,2018,6,GB,SF,2018-10-15,9.5,11.887748,12.0427885,11.422626,11.114266509966713
2018_07_DEN_ARI,2018,7,ARI,DEN,2018-10-18,-1.5,-0.1355837,0.32409072,-1.514607,-1.1422247172225501
2018_07_NE_CHI,2018,7,CHI,NE,2018-10-21,-2.5,0.74461794,1.4270233,-1.302598,1.9785831268677034
2018_07_BUF_IND,2018,7,IND,BUF,2018-10-21,7.5,7.2044945,6.093544,10.537346,6.277903874941384
2018_07_HOU_JAX,2018,7,JAX,HOU,2018-10-21,4.0,4.013406,4.04997,3.9037142,2.4984469933371134
2018_07_DET_MIA,2018,7,MIA,DET,2018-10-21,-3.0,-4.001545,-4.261431,-3.2218864,-5.131468109759786
2018_07_MIN_NYJ,2018,7,NYJ,MIN,2018-10-21,-3.0,-1.6806741,-1.3623965,-2.6355069,-2.328233207245027
2018_07_CAR_PHI,2018,7,PHI,CAR,2018-10-21,3.5,1.5847235,2.3537955,-0.72249293,2.000372702332185
2018_07_CLE_TB,2018,7,TB,CLE,2018-10-21,3.0,3.6015573,2.9721065,5.48991,3.6696358858954086
2018_07_NO_BAL,2018,7,BAL,NO,2018-10-21,2.5,5.2659893,5.14659,5.6241875,4.6056655136422915
2018_07_LA_SF,2018,7,SF,LA,2018-10-21,-10.0,-9.513568,-8.8476,-11.511472,-5.304446460589772
2018_07_DAL_WAS,2018,7,WAS,DAL,2018-10-21,2.0,-1.2908312,-2.051869,0.99228203,-1.1169316952637216
2018_07_CIN_KC,2018,7,KC,CIN,2018-10-21,5.5,7.933262,7.8430057,8.204031,8.269350245492902
2018_07_TEN_LAC,2018,7,LAC,TEN,2018-10-21,6.0,7.2970905,7.933246,5.388625,7.653065107297612
2018_07_NYG_ATL,2018,7,ATL,NYG,2018-10-22,5.5,5.2523346,5.8970323,3.3182402,7.445845413136021
2018_08_MIA_HOU,2018,8,HOU,MIA,2018-10-25,6.5,11.641467,12.612168,8.729363,10.888144379101021
2018_08_BAL_CAR,2018,8,CAR,BAL,2018-10-28,-1.5,7.0439396,7.2045875,6.5619965,7.711418217559425
2018_08_NYJ_CHI,2018,8,CHI,NYJ,2018-10-28,7.0,9.935896,10.258553,8.967928,7.4489391616521
2018_08_TB_CIN,2018,8,CIN,TB,2018-10-28,6.0,5.772563,5.5058455,6.5727158,5.078070736257969
2018_08_SEA_DET,2018,8,DET,SEA,2018-10-28,3.0,4.2165728,4.3415565,3.841622,3.1686032686022925
2018_08_DEN_KC,2018,8,KC,DEN,2018-10-28,10.0,11.680611,11.97398,10.800505,9.948464669793575
2018_08_WAS_NYG,2018,8,NYG,WAS,2018-10-28,-1.0,-4.2267528,-4.3305874,-3.9152482,-3.912836587305535
2018_08_CLE_PIT,2018,8,PIT,CLE,2018-10-28,7.0,8.114737,7.69372,9.377787,7.162420394810213
2018_08_IND_OAK,2018,8,OAK,IND,2018-10-28,-1.5,1.5873528,1.4657649,1.9521165,2.565103247092243
2018_08_SF_ARI,2018,8,ARI,SF,2018-10-28,1.0,-0.07305177,-0.11770633,0.060911894,-0.027137186059064313
2018_08_GB_LA,2018,8,LA,GB,2018-10-28,9.0,8.523767,9.105075,6.779847,7.058573192536032
2018_08_NO_MIN,2018,8,MIN,NO,2018-10-28,1.5,-5.684374,-6.6631165,-2.7481458,-1.365267963805056
2018_08_PHI_JAX,2018,8,JAX,PHI,2018-10-28,-3.0,-3.1029127,-3.2110481,-2.7785065,-2.323929287655141
2018_08_NE_BUF,2018,8,BUF,NE,2018-10-29,-13.0,-2.6795504,-0.39467078,-9.534189,0.10903534076514185
2018_09_OAK_SF,2018,9,SF,OAK,2018-11-01,3.0,2.947617,3.3309038,1.7977571,3.3035601144344127
2018_09_PIT_BAL,2018,9,BAL,PIT,2018-11-04,3.0,1.5011915,0.46862012,4.5989056,0.663579711945961
2018_09_CHI_BUF,2018,9,BUF,CHI,2018-11-04,-8.5,-5.233218,-4.720089,-6.772605,-2.3643203219150353
2018_09_TB_CAR,2018,9,CAR,TB,2018-11-04,6.5,7.111247,7.0349874,7.340026,7.439410730301431
2018_09_KC_CLE,2018,9,CLE,KC,2018-11-04,-8.0,-8.326353,-7.457896,-10.9317255,-3.6910415316337986
2018_09_NYJ_MIA,2018,9,MIA,NYJ,2018-11-04,3.0,1.1190196,0.22334549,3.806042,1.3690467062131233
2018_09_DET_MIN,2018,9,MIN,DET,2018-11-04,5.0,3.238512,3.6979768,1.8601182,3.0919507715678334
2018_09_ATL_WAS,2018,9,WAS,ATL,2018-11-04,2.0,0.8438931,0.34824237,2.3308454,-0.5848169707816616
2018_09_HOU_DEN,2018,9,DEN,HOU,2018-11-04,2.5,1.6253827,1.3123599,2.5644507,0.3772880467167103
2018_09_LAC_SEA,2018,9,SEA,LAC,2018-11-04,2.0,3.1221213,2.4926002,5.010685,1.9392178898836427
2018_09_LA_NO,2018,9,NO,LA,2018-11-04,1.0,2.2524881,3.1154099,-0.33627748,1.8242795879344487
2018_09_GB_NE,2018,9,NE,GB,2018-11-04,6.5,2.5544486,2.554686,2.5537367,3.746384695273157
2018_09_TEN_DAL,2018,9,DAL,TEN,2018-11-05,4.5,3.2810616,3.9860532,1.166087,3.236202067382321
2018_10_CAR_PIT,2018,10,PIT,CAR,2018-11-08,5.0,3.8280716,3.9129605,3.5734048,4.212676713986929
2018_10_DET_CHI,2018,10,CHI,DET,2018-11-11,6.5,5.2504787,5.6371036,4.090605,4.068692110314538
2018_10_NO_CIN,2018,10,CIN,NO,2018-11-11,-4.0,-8.713658,-9.594207,-6.072014,-5.672523565551868
2018_10_ATL_CLE,2018,10,CLE,ATL,2018-11-11,-4.0,-2.090159,-1.2465515,-4.620981,-1.3347933582553686
2018_10_JAX_IND,2018,10,IND,JAX,2018-11-11,3.5,2.3368561,2.1767492,2.8171766,0.46475400427539165
2018_10_ARI_KC,2018,10,KC,ARI,2018-11-11,16.5,13.009665,12.173881,15.517015,9.96424918002145
2018_10_BUF_NYJ,2018,10,NYJ,BUF,2018-11-11,8.0,6.2032,6.3944235,5.62953,4.4131322027433235
2018_10_WAS_TB,2018,10,TB,WAS,2018-11-11,1.0,-1.3150064,-1.2240403,-1.5879047,-1.0592934549934734
2018_10_NE_TEN,2018,10,TEN,NE,2018-11-11,-7.0,-3.1825783,-2.7289684,-4.5434084,-1.8999016311838455
2018_10_LAC_OAK,2018,10,OAK,LAC,2018-11-11,-10.0,-10.259308,-9.3968315,-12.846739,-5.200209905581613
2018_10_MIA_GB,2018,10,GB,MIA,2018-11-11,9.0,10.593637,10.874021,9.752485,10.692189969418804
2018_10_SEA_LA,2018,10,LA,SEA,2018-11-11,10.0,8.651646,8.977484,7.6741314,7.54668205981351
2018_10_DAL_PHI,2018,10,PHI,DAL,2018-11-11,6.5,8.095411,8.620243,6.520918,8.37177809321229
2018_10_NYG_SF,2018,10,SF,NYG,2018-11-12,3.0,5.7354703,6.6616387,2.956965,3.7796272956120536
2018_11_GB_SEA,2018,11,SEA,GB,2018-11-15,3.0,3.9548514,3.916598,4.0696115,3.930724557059322
2018_11_DAL_ATL,2018,11,ATL,DAL,2018-11-18,3.0,7.3362904,7.6639495,6.353313,5.248130793732012
2018_11_CIN_BAL,2018,11,BAL,CIN,2018-11-18,4.0,6.591217,6.7103934,6.233689,4.5927118019393225
2018_11_CAR_DET,2018,11,DET,CAR,2018-11-18,-3.5,-4.963794,-5.2374845,-4.142723,-4.547160913177632
2018_11_TEN_IND,2018,11,IND,TEN,2018-11-18,3.0,6.2865105,5.836934,7.6352396,4.002724797179328
2018_11_PIT_JAX,2018,11,JAX,PIT,2018-11-18,-5.0,-4.9813185,-4.7117276,-5.7900896,-3.0800601230499534
2018_11_TB_NYG,2018,11,NYG,TB,2018-11-18,1.0,-0.74962795,-1.2033101,0.6114186,-2.177890400706808
2018_11_HOU_WAS,2018,11,WAS,HOU,2018-11-18,-2.5,-0.43022674,-0.24965206,-0.97195077,-0.40458408867194273
2018_11_OAK_ARI,2018,11,ARI,OAK,2018-11-18,4.0,5.197796,4.6926284,6.713298,5.079327578822804
2018_11_DEN_LAC,2018,11,LAC,DEN,2018-11-18,7.0,4.3286953,5.4829655,0.86588514,5.925326902583997
2018_11_PHI_NO,2018,11,NO,PHI,2018-11-18,9.0,11.608528,11.247974,12.690188,7.165893333207662
2018_11_MIN_CHI,2018,11,CHI,MIN,2018-11-18,3.0,4.900793,5.650757,2.6509016,3.700213861117489
2018_11_KC_LA,2018,11,LA,KC,2018-11-19,2.5,4.9697804,5.4879723,3.4152052,5.303935234760482
2018_12_CHI_DET,2018,12,DET,CHI,2018-11-22,-4.0,-2.2382264,-2.7164767,-0.8034754,0.5320072377019175
2018_12_WAS_DAL,2018,12,DAL,WAS,2018-11-22,8.0,6.9651566,7.652039,4.9045076,5.941635930113805
2018_12_ATL_NO,2018,12,NO,ATL,2018-11-22,12.5,8.975237,9.265386,8.104788,5.7280183199957975
2018_12_OAK_BAL,2018,12,BAL,OAK,2018-11-25,11.5,12.977432,12.619521,14.051165,10.646198105370825
2018_12_JAX_BUF,2018,12,BUF,JAX,2018-11-25,-3.5,4.5390096,5.7015915,1.0512638,4.628525558856465
2018_12_SEA_CAR,2018,12,CAR,SEA,2018-11-25,3.5,6.1387606,6.45026,5.2042627,6.333823079103212
2018_12_CLE_CIN,2018,12,CIN,CLE,2018-11-25,3.0,-2.1295328,-2.4616313,-1.1332369,-1.293940400811809
2018_12_NE_NYJ,2018,12,NYJ,NE,2018-11-25,-9.5,-10.221777,-8.914397,-14.143917,-4.365501522377189
2018_12_NYG_PHI,2018,12,PHI,NYG,2018-11-25,4.5,3.242548,3.3690221,2.8631263,4.490044752803561
2018_12_SF_TB,2018,12,TB,SF,2018-11-25,3.5,3.8226671,4.277668,2.457665,2.2307619012949864
2018_12_ARI_LAC,2018,12,LAC,ARI,2018-11-25,11.0,11.198556,11.19417,11.211711,9.397074379122277
2018_12_PIT_DEN,2018,12,DEN,PIT,2018-11-25,-3.5,-3.0590007,-3.5331657,-1.6365058,-3.147170572735137
2018_12_MIA_IND,2018,12,IND,MIA,2018-11-25,10.0,10.202353,10.420172,9.548894,9.085216079438464
2018_12_GB_MIN,2018,12,MIN,GB,2018-11-25,4.0,2.480789,2.7083495,1.7981074,2.978130250039926
2018_12_TEN_HOU,2018,12,HOU,TEN,2018-11-26,6.0,4.188667,4.319836,3.7951584,4.124219357420795
2018_13_NO_DAL,2018,13,DAL,NO,2018-11-29,-7.5,-4.2734175,-3.4882784,-6.6288357,-2.3361071085154226
2018_13_BAL_ATL,2018,13,ATL,BAL,2018-12-02,-1.5,-1.1004894,-0.9221015,-1.6356528,0.39714708681712013
2018_13_DEN_CIN,2018,13,CIN,DEN,2018-12-02,-3.5,-2.7826655,-2.7985015,-2.7351577,-3.696924239063277
2018_13_LA_DET,2018,13,DET,LA,2018-12-02,-9.5,-8.389908,-7.1226234,-12.191759,-4.76031268576119
2018_13_ARI_GB,2018,13,GB,ARI,2018-12-02,14.0,9.22019,8.4540205,11.5187,7.911125012514935
2018_13_CLE_HOU,2018,13,HOU,CLE,2018-12-02,6.5,1.9238895,1.8480214,2.151494,2.2207983961055686
2018_13_IND_JAX,2018,13,JAX,IND,2018-12-02,-3.5,-4.40046,-4.062499,-5.414342,-2.617167211869449
2018_13_BUF_MIA,2018,13,MIA,BUF,2018-12-02,6.0,2.5893097,2.096149,4.0687923,2.497648100440886
2018_13_CHI_NYG,2018,13,NYG,CHI,2018-12-02,-4.0,-1.4224384,-1.3725559,-1.5720861,-0.8347852903340075
2018_13_CAR_TB,2018,13,TB,CAR,2018-12-02,-4.0,-2.9899788,-2.6467893,-4.0195475,-1.1880563776538842
2018_13_KC_OAK,2018,13,OAK,KC,2018-12-02,-15.0,-9.180239,-6.248757,-17.974684,-3.521856971409673
2018_13_NYJ_TEN,2018,13,TEN,NYJ,2018-12-02,9.0,5.837471,4.4233046,10.079971,5.281940159577531
2018_13_MIN_NE,2018,13,NE,MIN,2018-12-02,5.5,12.303562,12.510009,11.684221,12.501969437762629
2018_13_SF_SEA,2018,13,SEA,SF,2018-12-02,10.0,10.814564,9.924273,13.485439,8.263474942661349
2018_13_LAC_PIT,2018,13,PIT,LAC,2018-12-02,3.5,5.1785226,5.913816,2.9726422,6.090835715803029
2018_13_WAS_PHI,2018,13,PHI,WAS,2018-12-03,7.0,8.886054,8.54245,9.916865,9.593061640973641
2018_14_JAX_TEN,2018,14,TEN,JAX,2018-12-06,4.5,4.564562,4.420237,4.9975367,2.1793306305489435
2018_14_NYJ_BUF,2018,14,BUF,NYJ,2018-12-09,3.5,-0.9504647,-0.3156796,-2.85482,0.9671371797677905
2018_14_CAR_CLE,2018,14,CLE,CAR,2018-12-09,-1.0,-2.772691,-3.0756538,-1.8638031,-3.9817778574391998
2018_14_ATL_GB,2018,14,GB,ATL,2018-12-09,5.5,2.909537,2.6286004,3.752347,4.536727130909582
2018_14_IND_HOU,2018,14,HOU,IND,2018-12-09,4.0,4.8165817,4.490532,5.7947307,3.7828249175164292
2018_14_BAL_KC,2018,14,KC,BAL,2018-12-09,7.0,10.856287,11.2710085,9.612122,11.98480627508673
2018_14_NE_MIA,2018,14,MIA,NE,2018-12-09,-7.5,-7.1090937,-6.873467,-7.8159723,-4.094983652468979
2018_14_NO_TB,2018,14,TB,NO,2018-12-09,-8.0,-6.144539,-5.5162683,-8.02935,-1.3911952340552216
2018_14_NYG_WAS,2018,14,WAS,NYG,2018-12-09,-4.0,-2.7094977,-2.0527027,-4.679883,-3.2248042472952454
2018_14_CIN_LAC,2018,14,LAC,CIN,2018-12-09,14.5,13.389935,13.786556,12.200071,10.23722263514336
2018_14_DEN_SF,2018,14,SF,DEN,2018-12-09,-5.5,-4.9254622,-4.598445,-5.906514,-2.290648837739213
2018_14_DET_ARI,2018,14,ARI,DET,2018-12-09,-2.5,0.8645534,0.9986192,0.46235585,0.7610423763408157
2018_14_PHI_DAL,2018,14,DAL,PHI,2018-12-09,4.0,3.0883098,3.3015938,2.4484577,1.3046882249677862
2018_14_PIT_OAK,2018,14,OAK,PIT,2018-12-09,-11.5,-9.511211,-8.041354,-13.920784,-3.829071708607257
2018_14_LA_CHI,2018,14,CHI,LA,2018-12-09,-3.0,-4.917024,-4.551814,-6.0126543,-4.976132289474004
2018_14_MIN_SEA,2018,14,SEA,MIN,2018-12-10,3.0,3.0785017,2.648622,4.36814,2.8703973938702902
2018_15_LAC_KC,2018,15,KC,LAC,2018-12-13,3.5,6.3188257,6.6270404,5.3941813,6.402357985167039
2018_15_HOU_NYJ,2018,15,NYJ,HOU,2018-12-15,-6.0,-8.111078,-7.9566092,-8.574488,-4.53483102173051
2018_15_CLE_DEN,2018,15,DEN,CLE,2018-12-15,3.5,2.320051,1.5755246,4.55363,2.9254992686134718
2018_15_ARI_ATL,2018,15,ATL,ARI,2018-12-16,9.0,4.4888444,4.108062,5.6311927,4.473928195677628
2018_15_TB_BAL,2018,15,BAL,TB,2018-12-16,8.0,7.3424053,8.157482,4.897176,6.950823679925662
2018_15_DET_BUF,2018,15,BUF,DET,2018-12-16,1.5,0.24630743,0.91025335,-1.7455304,1.1784492665070454
2018_15_GB_CHI,2018,15,CHI,GB,2018-12-16,6.5,5.64483,6.1250286,4.204235,3.6200123481647735
2018_15_OAK_CIN,2018,15,CIN,OAK,2018-12-16,3.0,5.984161,6.175706,5.409525,3.556319250441738
2018_15_DAL_IND,2018,15,IND,DAL,2018-12-16,2.5,6.3764477,5.9188166,7.749341,5.277316451434182
2018_15_WAS_JAX,2018,15,JAX,WAS,2018-12-16,6.5,6.4447136,6.875637,5.151943,4.685087227269619
2018_15_MIA_MIN,2018,15,MIN,MIA,2018-12-16,7.0,8.904663,9.26404,7.8265343,10.132057254650691
2018_15_TEN_NYG,2018,15,NYG,TEN,2018-12-16,2.5,1.9760593,1.4134039,3.6640258,1.5164422194026597
2018_15_SEA_SF,2018,15,SF,SEA,2018-12-16,-6.5,-6.404238,-6.222489,-6.949486,-3.6092529538249836
2018_15_NE_PIT,2018,15,PIT,NE,2018-12-16,-1.0,0.8483315,2.1326244,-3.0045469,2.906723379661199
2018_15_PHI_LA,2018,15,LA,PHI,2018-12-16,9.5,3.848328,4.3006234,2.4914422,7.164045466358299
2018_15_NO_CAR,2018,15,CAR,NO,2018-12-17,-6.5,-6.058314,-5.3015223,-8.328689,-2.321779965562126
2018_16_WAS_TEN,2018,16,TEN,WAS,2018-12-22,10.0,8.076448,7.7867436,8.945561,7.123495158574405
2018_16_BAL_LAC,2018,16,LAC,BAL,2018-12-22,4.5,8.474027,9.446438,5.5567923,7.884552451572916
2018_16_ATL_CAR,2018,16,CAR,ATL,2018-12-23,3.0,0.015341707,0.079363994,-0.17672515,-0.3609762407951965
2018_16_CIN_CLE,2018,16,CLE,CIN,2018-12-23,6.5,11.105218,11.415039,10.175755,10.595452281483778
2018_16_TB_DAL,2018,16,DAL,TB,2018-12-23,7.0,4.341397,4.1726108,4.8477554,2.181188842588124
2018_16_MIN_DET,2018,16,DET,MIN,2018-12-23,-4.5,-9.399888,-9.98446,-7.6461716,-5.608121630689604
2018_16_NYG_IND,2018,16,IND,NYG,2018-12-23,9.0,1.762594,1.1194609,3.691993,0.8180940056001507
2018_16_JAX_MIA,2018,16,MIA,JAX,2018-12-23,5.0,5.0392904,4.868518,5.551607,3.3557146949682415
2018_16_BUF_NE,2018,16,NE,BUF,2018-12-23,12.5,6.867264,6.0367417,9.3588295,5.308420195174317
2018_16_GB_NYJ,2018,16,NYJ,GB,2018-12-23,-2.5,0.42548752,0.5769916,-0.02902484,-1.0647102793880432
2018_16_HOU_PHI,2018,16,PHI,HOU,2018-12-23,-1.0,-4.7213745,-5.0590024,-3.7084906,-4.055993560520565
2018_16_LA_ARI,2018,16,ARI,LA,2018-12-23,-13.5,-9.220747,-7.9354796,-13.076551,-5.516278720616659
2018_16_CHI_SF,2018,16,SF,CHI,2018-12-23,-3.5,-1.8028207,-1.7046112,-2.097449,-1.115936246136839
2018_16_PIT_NO,2018,16,NO,PIT,2018-12-23,5.5,6.3906,6.774626,5.2385244,5.328185609000205
2018_16_KC_SEA,2018,16,SEA,KC,2018-12-23,-2.5,-1.7732115,-1.6079339,-2.2690446,-0.20657310474251506
2018_16_DEN_OAK,2018,16,OAK,DEN,2018-12-24,-2.5,-4.429439,-3.7356675,-6.5107536,-1.916101410833277
2018_17_MIA_BUF,2018,17,BUF,MIA,2018-12-30,3.5,0.8509784,0.5789107,1.6671813,0.834686959707485
2018_17_DET_GB,2018,17,GB,DET,2018-12-30,7.0,6.2789803,6.2177725,6.4626055,5.02924267029993
2018_17_JAX_HOU,2018,17,HOU,JAX,2018-12-30,8.5,10.216324,10.451247,9.511556,7.636744444097452
2018_17_NYJ_NE,2018,17,NE,NYJ,2018-12-30,12.5,10.752607,10.33831,11.995498,7.718249572121748
2018_17_CAR_NO,2018,17,NO,CAR,2018-12-30,7.5,11.804302,12.880702,8.575102,11.390830874381779
2018_17_DAL_NYG,2018,17,NYG,DAL,2018-12-30,7.0,7.778418,8.056886,6.943014,7.527790688514214
2018_17_ATL_TB,2018,17,TB,ATL,2018-12-30,1.0,-1.56316,-2.071869,-0.03703308,-1.3904563827875036
2018_17_CLE_BAL,2018,17,BAL,CLE,2018-12-30,4.5,1.5961171,1.9567829,0.51411974,2.6576700335274874
2018_17_LAC_DEN,2018,17,DEN,LAC,2018-12-30,-6.5,-6.934499,-6.903731,-7.026802,-3.4203618372303084
2018_17_OAK_KC,2018,17,KC,OAK,2018-12-30,13.5,12.208626,11.203707,15.223382,9.83665811659649
2018_17_SF_LA,2018,17,LA,SF,2018-12-30,9.0,12.335098,12.558946,11.663554,12.289084600673904
2018_17_CHI_MIN,2018,17,MIN,CHI,2018-12-30,6.0,1.2030805,0.9845158,1.8587747,4.348465931447438
2018_17_CIN_PIT,2018,17,PIT,CIN,2018-12-30,14.0,8.665522,8.818268,8.207283,6.623220338480544
2018_17_ARI_SEA,2018,17,SEA,ARI,2018-12-30,13.5,12.738537,12.444507,13.620627,10.079072539352211
2018_17_PHI_WAS,2018,17,WAS,PHI,2018-12-30,-6.5,-2.943863,-2.4140184,-4.5333967,-1.6410090367625496
2018_17_IND_TEN,2018,17,TEN,IND,2018-12-30,-3.0,4.316618,4.8030467,2.8573332,3.267782791363727
2018_18_IND_HOU,2018,18,HOU,IND,2019-01-05,2.5,-0.7635438,-0.94479233,-0.21979809,2.2727120181458194
2018_18_SEA_DAL,2018,18,DAL,SEA,2019-01-05,2.5,0.2989556,-0.549029,2.8429093,-0.11584329063796826
2018_18_LAC_BAL,2018,18,BAL,LAC,2019-01-06,3.0,4.8072143,4.219763,6.5695686,2.7299076953271726
2018_18_PHI_CHI,2018,18,CHI,PHI,2019-01-06,7.0,5.698529,4.2120543,10.157952,-0.42349040556148765
2018_19_IND_KC,2018,19,KC,IND,2019-01-12,5.5,7.591216,7.160171,8.884353,8.01216133996954
2018_19_DAL_LA,2018,19,LA,DAL,2019-01-12,7.0,9.9672785,9.52534,11.293094,8.89067615944637
2018_19_LAC_NE,2018,19,NE,LAC,2019-01-13,5.0,14.514108,14.995079,13.071193,12.792460407942722
2018_19_PHI_NO,2018,19,NO,PHI,2019-01-13,8.0,2.415001,1.6262647,4.78121,2.236432174222483
2018_20_LA_NO,2018,20,NO,LA,2019-01-20,3.0,2.8860343,1.6701336,6.533736,2.132352626238352
2018_20_NE_KC,2018,20,KC,NE,2019-01-20,3.0,0.08963394,0.7229402,-1.8102849,3.414050138424577
2018_21_NE_LA,2018,21,LA,NE,2019-02-03,-1.0,2.980525,4.52317,-1.6474092,5.4974582728169725
2019_01_GB_CHI,2019,1,CHI,GB,2019-09-05,3.0,3.8080359,3.5891411,4.46472,5.2282501656522244
2019_01_LA_CAR,2019,1,CAR,LA,2019-09-08,-2.5,-2.5392895,-2.3744802,-3.033717,-1.6710634651603822
2019_01_TEN_CLE,2019,1,CLE,TEN,2019-09-08,5.5,5.0570784,5.4617763,3.8429847,4.807582461599337
2019_01_KC_JAX,2019,1,JAX,KC,2019-09-08,-4.0,-7.6677794,-7.2415757,-8.94639,-6.8088327184352595
2019_01_BAL_MIA,2019,1,MIA,BAL,2019-09-08,-5.0,-5.377558,-4.852295,-6.953348,-4.178511483582281
2019_01_ATL_MIN,2019,1,MIN,ATL,2019-09-08,4.0,2.2939873,1.8257567,3.6986785,3.7182742528736985
2019_01_BUF_NYJ,2019,1,NYJ,BUF,2019-09-08,3.0,3.2157454,2.9551716,3.997467,3.8693033654331033
2019_01_WAS_PHI,2019,1,PHI,WAS,2019-09-08,8.5,6.1031675,6.2297616,5.723384,6.291731359646879
2019_01_IND_LAC,2019,1,LAC,IND,2019-09-08,7.0,7.6912937,7.826721,7.2850103,6.530466022711341
2019_01_CIN_SEA,2019,1,SEA,CIN,2019-09-08,9.5,10.098365,10.471429,8.979172,10.15644518526504
2019_01_DET_ARI,2019,1,ARI,DET,2019-09-08,-2.5,-4.4732504,-4.225556,-5.2163324,-1.3422461286915996
2019_01_NYG_DAL,2019,1,DAL,NYG,2019-09-08,7.0,7.0495224,6.3852916,9.042214,5.710872857461653
2019_01_SF_TB,2019,1,TB,SF,2019-09-08,1.0,0.35043973,0.13666151,0.9917743,0.5277999252531987
2019_01_PIT_NE,2019,1,NE,PIT,2019-09-08,6.0,4.9036627,4.2920766,6.7384195,5.331522857740369
2019_01_HOU_NO,2019,1,NO,HOU,2019-09-09,7.0,6.328027,6.876873,4.681488,5.566913976973339
2019_01_DEN_OAK,2019,1,OAK,DEN,2019-09-09,1.0,1.2256857,0.4995027,3.404235,0.18163635347694956
2019_02_TB_CAR,2019,2,CAR,TB,2019-09-12,6.5,7.4811893,8.040616,5.802908,6.972138092342407
2019_02_ARI_BAL,2019,2,BAL,ARI,2019-09-15,13.0,10.974059,11.266768,10.095931,11.850167053148077
2019_02_SF_CIN,2019,2,CIN,SF,2019-09-15,-2.0,-7.171793,-7.1657314,-7.1899767,-4.871522605364597
2019_02_LAC_DET,2019,2,DET,LAC,2019-09-15,-3.0,1.2367527,1.5320241,0.35093904,2.3140257398295967
2019_02_MIN_GB,2019,2,GB,MIN,2019-09-15,3.0,0.09585631,-0.60140985,2.1876547,-0.45127260212557746
2019_02_JAX_HOU,2019,2,HOU,JAX,2019-09-15,8.0,3.3031864,4.0042953,1.19986,3.5648290721056903
2019_02_NE_MIA,2019,2,MIA,NE,2019-09-15,-15.0,-10.139284,-8.462633,-15.169238,-6.847898810071469
2019_02_BUF_NYG,2019,2,NYG,BUF,2019-09-15,-2.5,0.13348454,0.6354398,-1.3723812,1.2919804478798054
2019_02_SEA_PIT,2019,2,PIT,SEA,2019-09-15,3.5,3.6698692,3.2111664,5.0459776,2.9325536574923956
2019_02_IND_TEN,2019,2,TEN,IND,2019-09-15,3.0,1.50578,1.8298069,0.5336989,2.1505212035203147
2019_02_DAL_WAS,2019,2,WAS,DAL,2019-09-15,-4.5,-2.8675814,-3.2361145,-1.7619817,-3.1964417381507357
2019_02_KC_OAK,2019,2,OAK,KC,2019-09-15,-8.0,-8.077154,-7.5134573,-9.768248,-7.163925909391019
2019_02_CHI_DEN,2019,2,DEN,CHI,2019-09-15,1.0,-6.075972,-5.717403,-7.15168,-6.492101963616508
2019_02_NO_LA,2019,2,LA,NO,2019-09-15,3.0,3.0451388,3.351249,2.1268077,2.7929250353207675
2019_02_PHI_ATL,2019,2,ATL,PHI,2019-09-15,-1.0,0.73405606,0.855837,0.36871314,0.8112825882263014
2019_02_CLE_NYJ,2019,2,NYJ,CLE,2019-09-16,-2.5,-1.2931011,-2.0994585,1.125971,-0.8266294594227119
2019_03_TEN_JAX,2019,3,JAX,TEN,2019-09-19,-2.0,3.1673107,2.0091407,6.641821,0.9347223500913373
2019_03_CIN_BUF,2019,3,BUF,CIN,2019-09-22,5.0,5.3892093,6.001466,3.5524392,5.867051154707451
2019_03_MIA_DAL,2019,3,DAL,MIA,2019-09-22,20.5,7.787883,5.7898774,13.7818985,8.12167692485872
2019_03_DEN_GB,2019,3,GB,DEN,2019-09-22,8.0,11.796803,11.792779,11.808876,10.869285577280447
2019_03_ATL_IND,2019,3,IND,ATL,2019-09-22,2.5,-3.4169362,-4.175845,-1.1402094,-3.4727979992215285
2019_03_BAL_KC,2019,3,KC,BAL,2019-09-22,7.0,7.0955105,6.9851336,7.4266415,5.993840152807339
2019_03_OAK_MIN,2019,3,MIN,OAK,2019-09-22,7.5,8.564838,7.8582215,10.6846895,7.940183952290892
2019_03_NYJ_NE,2019,3,NE,NYJ,2019-09-22,20.5,13.643164,11.564829,19.878166,11.025570872136981
2019_03_DET_PHI,2019,3,PHI,DET,2019-09-22,7.5,3.679218,3.7480233,3.4728022,4.396345719868811
2019_03_CAR_ARI,2019,3,ARI,CAR,2019-09-22,-2.5,-1.5999998,-1.1239779,-3.0280654,-0.2828481481764151
2019_03_NYG_TB,2019,3,TB,NYG,2019-09-22,6.5,4.1785774,5.2125096,1.0767804,7.476070935998593
2019_03_HOU_LAC,2019,3,LAC,HOU,2019-09-22,3.5,4.699484,4.844044,4.265802,5.016094712506522
2019_03_NO_SEA,2019,3,SEA,NO,2019-09-22,5.0,5.7242904,6.400075,3.6969364,5.866711122824346
2019_03_PIT_SF,2019,3,SF,PIT,2019-09-22,7.0,4.949706,4.9102793,5.067987,4.505449110994947
2019_03_LA_CLE,2019,3,CLE,LA,2019-09-22,-2.5,-0.93548197,-0.72764426,-1.558995,0.341236318316616
2019_03_CHI_WAS,2019,3,WAS,CHI,2019-09-23,-4.0,-2.730568,-3.0010085,-1.9192464,-2.878141916953147
2019_04_PHI_GB,2019,4,GB,PHI,2019-09-26,4.5,1.2803339,1.1194854,1.7628794,2.259354742761224
2019_04_TEN_ATL,2019,4,ATL,TEN,2019-09-29,5.0,4.5765157,5.3357897,2.2986934,5.2522897820418555
2019_04_CLE_BAL,2019,4,BAL,CLE,2019-09-29,5.5,7.2051287,7.8842893,5.1676474,8.568310165084425
2019_04_NE_BUF,2019,4,BUF,NE,2019-09-29,-7.5,-8.595899,-7.234897,-12.678905,-4.664744698880806
2019_04_KC_DET,2019,4,DET,KC,2019-09-29,-6.5,-8.947898,-8.808097,-9.367302,-6.49602361456165
2019_04_CAR_HOU,2019,4,HOU,CAR,2019-09-29,4.5,2.339694,1.830115,3.8684309,3.6271654600195316
2019_04_OAK_IND,2019,4,IND,OAK,2019-09-29,6.5,10.040682,9.482702,11.71462,7.805036280946443
2019_04_LAC_MIA,2019,4,MIA,LAC,2019-09-29,-16.5,-12.101972,-10.422372,-17.14077,-5.05461742746504
2019_04_WAS_NYG,2019,4,NYG,WAS,2019-09-29,3.0,4.8686366,4.4127474,6.2363043,4.591899467695352
2019_04_SEA_ARI,2019,4,ARI,SEA,2019-09-29,-4.0,-6.3625574,-6.418139,-6.195812,-4.740512648012396
2019_04_TB_LA,2019,4,LA,TB,2019-09-29,10.0,7.900775,7.2492256,9.855424,5.692219039109505
2019_04_MIN_CHI,2019,4,CHI,MIN,2019-09-29,3.0,-0.3177175,-0.99618155,1.7176747,1.04112274268379
2019_04_JAX_DEN,2019,4,DEN,JAX,2019-09-29,3.0,3.5878067,4.2048845,1.7365731,4.1314951453982784
2019_04_DAL_NO,2019,4,NO,DAL,2019-09-29,-3.0,-0.021604568,-0.45440426,1.2767946,-0.4726486935714753
2019_04_CIN_PIT,2019,4,PIT,CIN,2019-09-30,4.5,9.683601,9.882931,9.085612,9.788860653897949
2019_05_LA_SEA,2019,5,SEA,LA,2019-10-03,-1.0,-2.5545027,-2.2949135,-3.3332698,-1.1183667193808855
2019_05_JAX_CAR,2019,5,CAR,JAX,2019-10-06,3.5,0.8007105,1.4334944,-1.0976412,2.880582673315713
2019_05_ARI_CIN,2019,5,CIN,ARI,2019-10-06,4.0,0.97187454,1.2608097,0.10506916,2.5524734642112614
2019_05_ATL_HOU,2019,5,HOU,ATL,2019-10-06,4.5,6.4352283,5.72951,8.552382,5.1680127356194205
2019_05_TB_NO,2019,5,NO,TB,2019-10-06,5.5,7.599271,6.7054906,10.28061,5.0245976412246325
2019_05_MIN_NYG,2019,5,NYG,MIN,2019-10-06,-4.5,-2.5156233,-2.119694,-3.7034109,-0.18358781836008511
2019_05_CHI_OAK,2019,5,OAK,CHI,2019-10-06,-5.5,-0.9952319,-1.1471937,-0.5393467,-0.545569689748325
2019_05_NYJ_PHI,2019,5,PHI,NYJ,2019-10-06,14.0,9.916933,9.300614,11.765886,8.958454568625514
2019_05_BAL_PIT,2019,5,PIT,BAL,2019-10-06,-4.0,0.3634361,0.8680949,-1.1505404,1.965573429718901
2019_05_BUF_TEN,2019,5,TEN,BUF,2019-10-06,2.5,2.0621047,1.7731296,2.9290295,3.605528735079493
2019_05_NE_WAS,2019,5,WAS,NE,2019-10-06,-14.5,-9.613781,-8.152415,-13.99788,-5.909190905908017
2019_05_DEN_LAC,2019,5,LAC,DEN,2019-10-06,6.5,12.2197895,12.430208,11.58853,11.695684054245165
2019_05_GB_DAL,2019,5,DAL,GB,2019-10-06,4.0,4.108523,4.6118593,2.598514,4.560481887179558
2019_05_IND_KC,2019,5,KC,IND,2019-10-06,10.0,3.4801931,3.2682836,4.1159215,2.592765843570622
2019_05_CLE_SF,2019,5,SF,CLE,2019-10-07,3.0,1.6684151,1.7115388,1.5390437,1.7867677719053732
2019_06_NYG_NE,2019,6,NE,NYG,2019-10-10,16.5,12.037961,11.421362,13.887761,11.516940049321335
2019_06_CAR_TB,2019,6,TB,CAR,2019-10-13,1.0,0.10937041,-0.30094525,1.3403174,0.07413113295172052
2019_06_CIN_BAL,2019,6,BAL,CIN,2019-10-13,12.0,10.202342,9.93947,10.990956,9.290730536850559
2019_06_SEA_CLE,2019,6,CLE,SEA,2019-10-13,2.5,3.2623763,2.8346562,4.5455356,3.807588711836026
2019_06_NO_JAX,2019,6,JAX,NO,2019-10-13,-1.0,0.79864955,0.5247569,1.6203275,1.2431129423353116
2019_06_HOU_KC,2019,6,KC,HOU,2019-10-13,7.5,4.2255573,4.999474,1.9038075,5.051362545099556
2019_06_WAS_MIA,2019,6,MIA,WAS,2019-10-13,-3.5,-7.790965,-7.867365,-7.5617666,-4.284932474438303
2019_06_PHI_MIN,2019,6,MIN,PHI,2019-10-13,3.0,2.3450527,1.887314,3.718269,2.244770929286134
2019_06_ATL_ARI,2019,6,ARI,ATL,2019-10-13,-2.0,0.049476195,-0.011242166,0.23163128,0.5043362376382734
2019_06_SF_LA,2019,6,LA,SF,2019-10-13,4.0,5.1367316,5.098459,5.2515507,5.682900243456208
2019_06_TEN_DEN,2019,6,DEN,TEN,2019-10-13,2.5,-0.01133132,-0.15934686,0.4327153,-0.24714759068388487
2019_06_DAL_NYJ,2019,6,NYJ,DAL,2019-10-13,-8.5,-10.279166,-10.099242,-10.818939,-6.0167057937576365
2019_06_PIT_LAC,2019,6,LAC,PIT,2019-10-13,5.5,4.813406,5.9968414,1.2631004,5.132622112595127
2019_06_DET_GB,2019,6,GB,DET,2019-10-14,6.0,8.097933,7.970437,8.480419,6.9701729167302195
2019_07_KC_DEN,2019,7,DEN,KC,2019-10-17,-3.5,-3.805249,-4.1538796,-2.7593563,-1.0628554903435903
2019_07_LA_ATL,2019,7,ATL,LA,2019-10-20,-3.0,-3.0318215,-2.7775915,-3.794512,-3.150882393177013
2019_07_MIA_BUF,2019,7,BUF,MIA,2019-10-20,16.5,11.958649,10.968027,14.93051,10.89341598677796
2019_07_JAX_CIN,2019,7,CIN,JAX,2019-10-20,-3.0,-9.350326,-8.60812,-11.5769415,-5.892881281014931
2019_07_MIN_DET,2019,7,DET,MIN,2019-10-20,1.0,-3.4957397,-3.7317936,-2.7875779,-2.3368297041836286
2019_07_OAK_GB,2019,7,GB,OAK,2019-10-20,7.0,8.578688,9.010402,7.2835445,8.818817604194109
2019_07_HOU_IND,2019,7,IND,HOU,2019-10-20,1.0,0.557069,-0.4265431,3.5079052,-0.5153785440767401
2019_07_ARI_NYG,2019,7,NYG,ARI,2019-10-20,2.5,0.57183903,-0.0069760564,2.3082843,1.8019161234262937
2019_07_SF_WAS,2019,7,WAS,SF,2019-10-20,-9.5,-4.9424477,-4.3808727,-6.6271715,-2.6691532011072883
2019_07_LAC_TEN,2019,7,TEN,LAC,2019-10-20,2.5,-0.7631151,-0.73418057,-0.8499186,1.4672774612894566
2019_07_NO_CHI,2019,7,CHI,NO,2019-10-20,4.0,2.9242287,2.8740087,3.0748887,4.400010858560124
2019_07_BAL_SEA,2019,7,SEA,BAL,2019-10-20,3.5,5.456691,5.8072762,4.404934,6.72555852109865
2019_07_PHI_DAL,2019,7,DAL,PHI,2019-10-20,3.0,3.532259,3.645025,3.1939611,4.539119233931187
2019_07_NE_NYJ,2019,7,NYJ,NE,2019-10-21,-9.5,-6.8221684,-4.6510115,-13.335639,-3.0107317160006426
2019_08_WAS_MIN,2019,8,MIN,WAS,2019-10-24,15.5,11.998056,11.022251,14.925471,11.295436965175721
2019_08_SEA_ATL,2019,8,ATL,SEA,2019-10-27,-6.5,-6.078949,-5.8618,-6.7303953,-4.58591466558839
2019_08_PHI_BUF,2019,8,BUF,PHI,2019-10-27,1.0,-1.1119518,-2.0496092,1.7010204,-1.3385049310063009
2019_08_LAC_CHI,2019,8,CHI,LAC,2019-10-27,5.5,6.1094246,6.689145,4.3702626,8.341922718404447
2019_08_NYG_DET,2019,8,DET,NYG,2019-10-27,7.0,4.1894703,3.9729626,4.8389926,5.073390689886167
2019_08_DEN_IND,2019,8,IND,DEN,2019-10-27,6.5,9.138414,9.426532,8.274063,9.312187991137243
2019_08_NYJ_JAX,2019,8,JAX,NYJ,2019-10-27,4.5,8.133083,7.4772344,10.100628,7.636563092234489
2019_08_CIN_LA,2019,8,LA,CIN,2019-10-27,12.5,17.131313,17.696194,15.436675,13.653733590928624
2019_08_ARI_NO,2019,8,NO,ARI,2019-10-27,9.5,8.564109,7.9848065,10.302016,5.8842942879155125
2019_08_TB_TEN,2019,8,TEN,TB,2019-10-27,2.5,3.1187215,3.0314384,3.3805714,1.4406934904131143
2019_08_CAR_SF,2019,8,SF,CAR,2019-10-27,5.5,3.4359148,3.5723927,3.0264804,5.3075875614728965
2019_08_OAK_HOU,2019,8,HOU,OAK,2019-10-27,7.0,6.2722416,6.840844,4.566434,5.844960794171645
2019_08_CLE_NE,2019,8,NE,CLE,2019-10-27,10.5,7.7928276,7.565759,8.474032,8.958977862699784
2019_08_GB_KC,2019,8,KC,GB,2019-10-27,-3.0,-2.4715445,-2.3935955,-2.7053916,-1.8738882548112699
2019_08_MIA_PIT,2019,8,PIT,MIA,2019-10-28,14.5,14.02763,13.493309,15.630594,12.33564203102613
2019_09_SF_ARI,2019,9,ARI,SF,2019-10-31,-8.0,-2.959065,-2.682277,-3.7894285,-0.11776582421868918
2019_09_HOU_JAX,2019,9,JAX,HOU,2019-11-03,-2.5,1.6448652,1.2915013,2.7049568,2.7388195043726036
2019_09_WAS_BUF,2019,9,BUF,WAS,2019-11-03,10.0,6.3309145,5.9407005,7.5015564,5.005004800704907
2019_09_TEN_CAR,2019,9,CAR,TEN,2019-11-03,3.5,7.0042415,6.9416404,7.192045,7.596213548870002
2019_09_MIN_KC,2019,9,KC,MIN,2019-11-03,-3.5,1.8496581,2.3650737,0.30341148,2.7361556204538116
2019_09_NYJ_MIA,2019,9,MIA,NYJ,2019-11-03,-5.5,-3.5724964,-2.9812183,-5.3463306,-0.37624544652461234
2019_09_CHI_PHI,2019,9,PHI,CHI,2019-11-03,5.0,7.4950714,8.014972,5.9353714,8.153024294321737
2019_09_IND_PIT,2019,9,PIT,IND,2019-11-03,-1.0,0.0147123635,-0.19287257,0.63746715,0.09471088453893436
2019_09_DET_OAK,2019,9,OAK,DET,2019-11-03,2.0,-4.0360036,-4.7931337,-1.7646129,-4.422386937003522
2019_09_TB_SEA,2019,9,SEA,TB,2019-11-03,6.5,5.527672,5.2780504,6.276536,5.271452972308494
2019_09_CLE_DEN,2019,9,DEN,CLE,2019-11-03,1.5,0.51795495,0.37736878,0.9397135,1.9359011951081837
2019_09_GB_LAC,2019,9,LAC,GB,2019-11-03,-3.0,-2.7640803,-2.27679,-4.225951,-0.6687269415254408
2019_09_NE_BAL,2019,9,BAL,NE,2019-11-03,-3.5,-2.4765232,-2.255743,-3.1388633,-1.4850465533513082
2019_09_DAL_NYG,2019,9,NYG,DAL,2019-11-04,-7.0,-9.906022,-9.485684,-11.167035,-8.58010921272331
2019_10_LAC_OAK,2019,10,OAK,LAC,2019-11-07,2.0,-4.2568293,-5.050026,-1.87724,-2.6033723370248207
2019_10_DET_CHI,2019,10,CHI,DET,2019-11-10,3.0,3.8720338,3.9329107,3.6894038,4.249365372956011
2019_10_BAL_CIN,2019,10,CIN,BAL,2019-11-10,-10.0,-8.334689,-7.405246,-11.123019,-6.212999432388215
2019_10_BUF_CLE,2019,10,CLE,BUF,2019-11-10,2.5,2.1046412,2.8547914,-0.14580917,2.0169037941982504
2019_10_ATL_NO,2019,10,NO,ATL,2019-11-10,12.0,9.731812,9.801594,9.522465,9.97443390707204
2019_10_NYG_NYJ,2019,10,NYJ,NYG,2019-11-10,-2.0,-7.83971,-8.319133,-6.4014444,-2.267359574953848
2019_10_ARI_TB,2019,10,TB,ARI,2019-11-10,5.5,5.2761602,5.313818,5.163188,6.270040193176032
2019_10_KC_TEN,2019,10,TEN,KC,2019-11-10,-5.5,-8.597717,-8.622664,-8.522876,-6.700561352714579
2019_10_MIA_IND,2019,10,IND,MIA,2019-11-10,12.0,12.3927765,13.110984,10.238155,12.830888251060207
2019_10_CAR_GB,2019,10,GB,CAR,2019-11-10,6.0,8.955918,9.603951,7.011819,7.452066322347327
2019_10_LA_PIT,2019,10,PIT,LA,2019-11-10,-4.0,0.99873203,0.9535975,1.1341357,1.2285642305638549
2019_10_MIN_DAL,2019,10,DAL,MIN,2019-11-10,3.0,0.7876133,0.61902535,1.2933769,1.7815827386085081
2019_10_SEA_SF,2019,10,SF,SEA,2019-11-11,6.5,6.653964,6.602655,6.807893,6.559993709406712
2019_11_PIT_CLE,2019,11,CLE,PIT,2019-11-14,3.0,-1.0091492,-1.6179891,0.81737053,-0.6913561063904253
2019_11_HOU_BAL,2019,11,BAL,HOU,2019-11-17,5.0,8.646334,8.924616,7.811489,7.791977898698922
2019_11_ATL_CAR,2019,11,CAR,ATL,2019-11-17,6.0,6.778136,7.281136,5.269134,8.221825561635168
2019_11_DAL_DET,2019,11,DET,DAL,2019-11-17,-6.5,-6.046021,-6.1018653,-5.8784885,-4.052852454640276
2019_11_JAX_IND,2019,11,IND,JAX,2019-11-17,3.0,1.3375367,2.1083293,-0.9748411,1.7544815438659838
2019_11_BUF_MIA,2019,11,MIA,BUF,2019-11-17,-6.5,-9.594044,-8.228315,-13.691228,-6.864099931396059
2019_11_DEN_MIN,2019,11,MIN,DEN,2019-11-17,10.0,10.618645,10.552865,10.815982,9.431540736273742
2019_11_NO_TB,2019,11,TB,NO,2019-11-17,-5.5,-2.9520009,-2.7129877,-3.669041,-0.39348169825129087
2019_11_NYJ_WAS,2019,11,WAS,NYJ,2019-11-17,1.0,-0.28992885,-1.0329576,1.9391572,2.298581033466004
2019_11_ARI_SF,2019,11,SF,ARI,2019-11-17,13.5,12.790905,12.643508,13.233096,11.198907921233664
2019_11_CIN_OAK,2019,11,OAK,CIN,2019-11-17,10.0,6.0258408,5.3557363,8.036153,6.402599475766082
2019_11_NE_PHI,2019,11,PHI,NE,2019-11-17,-3.5,2.5012126,3.3425007,-0.02265215,4.495217980603312
2019_11_CHI_LA,2019,11,LA,CHI,2019-11-17,7.0,13.809538,14.524395,11.6649685,11.468089062161544
2019_11_KC_LAC,2019,11,LAC,KC,2019-11-18,-4.5,-6.419606,-6.510024,-6.1483526,-3.81960903301937
2019_12_IND_HOU,2019,12,HOU,IND,2019-11-21,3.5,4.8396826,4.8196096,4.8999014,5.472104486719671
2019_12_TB_ATL,2019,12,ATL,TB,2019-11-24,4.0,-1.4958711,-2.4104047,1.2477299,-0.36889519060606535
2019_12_DEN_BUF,2019,12,BUF,DEN,2019-11-24,5.0,6.1930246,6.760996,4.489111,5.764610483292929
2019_12_NYG_CHI,2019,12,CHI,NYG,2019-11-24,7.0,6.1138234,6.78543,4.099005,7.663718559043316
2019_12_PIT_CIN,2019,12,CIN,PIT,2019-11-24,-6.5,-8.779092,-8.793636,-8.735457,-5.694626309295898
2019_12_MIA_CLE,2019,12,CLE,MIA,2019-11-24,10.5,8.224082,8.1129875,8.557366,8.432468888660559
2019_12_CAR_NO,2019,12,NO,CAR,2019-11-24,9.5,4.504258,5.1070585,2.6958563,4.286606244927656
2019_12_OAK_NYJ,2019,12,NYJ,OAK,2019-11-24,-3.5,1.5862414,1.8373541,0.8329034,1.49388020057821
2019_12_SEA_PHI,2019,12,PHI,SEA,2019-11-24,2.5,1.7199206,2.0800912,0.63940895,0.876326013693255
2019_12_DET_WAS,2019,12,WAS,DET,2019-11-24,-3.0,-5.4961567,-6.475335,-2.5586212,0.19241355042127214
2019_12_JAX_TEN,2019,12,TEN,JAX,2019-11-24,3.0,-0.5977169,-0.00586088,-2.373285,-0.6297789569484195
2019_12_DAL_NE,2019,12,NE,DAL,2019-11-24,7.0,-0.9204837,-1.6017438,1.1232967,-1.3549252425174632
2019_12_GB_SF,2019,12,SF,GB,2019-11-24,3.0,3.974211,4.212118,3.2604895,3.6991168838144937
2019_12_BAL_LA,2019,12,LA,BAL,2019-11-25,-2.5,0.6168508,0.59770995,0.67427325,1.9528481083085836
2019_13_CHI_DET,2019,13,DET,CHI,2019-11-28,-1.0,0.7429335,0.6462003,1.033133,1.5037929927228588
2019_13_BUF_DAL,2019,13,DAL,BUF,2019-11-28,7.0,4.9074674,5.303485,3.7194147,3.8767407283962054
2019_13_NO_ATL,2019,13,ATL,NO,2019-11-28,-6.5,-9.501172,-9.958491,-8.129216,-7.008216971121314
2019_13_SF_BAL,2019,13,BAL,SF,2019-12-01,4.5,3.5500941,3.244668,4.4663725,5.34351029930901
2019_13_WAS_CAR,2019,13,CAR,WAS,2019-12-01,9.5,4.9549,4.0692,7.6119986,5.589497242816756
2019_13_NYJ_CIN,2019,13,CIN,NYJ,2019-12-01,-3.5,-6.897359,-7.002985,-6.5804806,-2.5751692676116766
2019_13_TEN_IND,2019,13,IND,TEN,2019-12-01,3.0,1.8929634,1.8738346,1.9503496,0.6853099194169902
2019_13_TB_JAX,2019,13,JAX,TB,2019-12-01,1.5,-0.43787873,-1.5123428,2.7855134,1.2116539392055974
2019_13_PHI_MIA,2019,13,MIA,PHI,2019-12-01,-7.5,-8.581612,-7.5251245,-11.751072,-5.398885434469378
2019_13_GB_NYG,2019,13,NYG,GB,2019-12-01,-6.5,-7.7707796,-6.7550373,-10.818007,-5.645645195105675
2019_13_CLE_PIT,2019,13,PIT,CLE,2019-12-01,-1.0,0.47569355,0.5657848,0.20541978,1.566515145817007
2019_13_LA_ARI,2019,13,ARI,LA,2019-12-01,-4.0,-4.761011,-4.60205,-5.237896,-3.0471757035781972
2019_13_LAC_DEN,2019,13,DEN,LAC,2019-12-01,-1.0,-0.69055444,-0.6963041,-0.6733055,-0.11242241673566737
2019_13_OAK_KC,2019,13,KC,OAK,2019-12-01,10.0,12.00555,11.38025,13.881452,8.562031430569933
2019_13_NE_HOU,2019,13,HOU,NE,2019-12-01,-3.0,0.23486465,1.2206091,-2.7223685,0.2400607628564627
2019_13_MIN_SEA,2019,13,SEA,MIN,2019-12-02,3.0,-4.94551,-5.4822116,-3.3354056,-3.987012928965071
2019_14_DAL_CHI,2019,14,CHI,DAL,2019-12-05,-3.0,-3.9340782,-3.9645176,-3.8427598,-2.527433317349544
2019_14_CAR_ATL,2019,14,ATL,CAR,2019-12-08,2.5,1.1996324,1.2417392,1.0733125,1.5681113513330822
2019_14_BAL_BUF,2019,14,BUF,BAL,2019-12-08,-6.0,0.64328986,1.2185276,-1.0824232,1.5893410570856348
2019_14_CIN_CLE,2019,14,CLE,CIN,2019-12-08,10.5,8.574545,8.852349,7.741132,8.835914560461989
2019_14_WAS_GB,2019,14,GB,WAS,2019-12-08,13.5,10.5704975,10.187754,11.71873,9.633496573631305
2019_14_DEN_HOU,2019,14,HOU,DEN,2019-12-08,8.0,7.0996885,7.3473535,6.3566933,6.414445026521471
2019_14_DET_MIN,2019,14,MIN,DET,2019-12-08,13.5,13.098001,12.997526,13.399426,11.541444337246928
2019_14_SF_NO,2019,14,NO,SF,2019-12-08,3.0,6.4935403,5.566583,9.274412,6.061199217795558
2019_14_MIA_NYJ,2019,14,NYJ,MIA,2019-12-08,5.5,7.142997,7.3784857,6.436532,7.468039594870669
2019_14_IND_TB,2019,14,TB,IND,2019-12-08,3.0,4.656747,4.41738,5.3748474,3.7143863845829395
2019_14_LAC_JAX,2019,14,JAX,LAC,2019-12-08,-2.5,-3.311369,-4.1334634,-0.8450854,-1.60235214888506
2019_14_PIT_ARI,2019,14,ARI,PIT,2019-12-08,-2.5,-6.1980915,-6.7684145,-4.4871225,-4.1133376009190625
2019_14_KC_NE,2019,14,NE,KC,2019-12-08,3.5,2.9127185,2.5513232,3.9969041,3.8316450643540394
2019_14_TEN_OAK,2019,14,OAK,TEN,2019-12-08,-3.0,-4.3696012,-5.141263,-2.0546153,-5.639496274110566
2019_14_SEA_LA,2019,14,LA,SEA,2019-12-08,-2.5,4.254259,3.8141277,5.5746536,5.44179357084395
2019_14_NYG_PHI,2019,14,PHI,NYG,2019-12-09,8.5,9.237748,9.321929,8.985207,8.986421411882736
2019_15_NYJ_BAL,2019,15,BAL,NYJ,2019-12-12,14.5,14.073311,12.708032,18.16915,10.108833087095963
2019_15_SEA_CAR,2019,15,CAR,SEA,2019-12-15,-5.5,-3.8883922,-3.7554874,-4.2871065,-2.346628708955453
2019_15_NE_CIN,2019,15,CIN,NE,2019-12-15,-10.0,-3.6160512,-1.9506091,-8.612378,-1.4947677230454242
2019_15_TB_DET,2019,15,DET,TB,2019-12-15,-3.5,-3.7622716,-3.7816718,-3.7040713,-2.2263154442935273
2019_15_CHI_GB,2019,15,GB,CHI,2019-12-15,4.5,6.022023,5.6176724,7.235074,4.911468592981113
2019_15_DEN_KC,2019,15,KC,DEN,2019-12-15,11.5,12.626053,13.253997,10.742222,10.694394586054399
2019_15_MIA_NYG,2019,15,NYG,MIA,2019-12-15,3.5,3.3283057,3.2856345,3.4563193,3.789843407307645
2019_15_HOU_TEN,2019,15,TEN,HOU,2019-12-15,3.0,3.2992811,3.8233068,1.7272044,3.5572247061925983
2019_15_PHI_WAS,2019,15,WAS,PHI,2019-12-15,-6.0,-3.0969303,-2.8739321,-3.7659242,-2.5918971326772557
2019_15_CLE_ARI,2019,15,ARI,CLE,2019-12-15,-2.5,-0.53357506,-0.975264,0.79149187,0.011273314602835115
2019_15_MIN_LAC,2019,15,LAC,MIN,2019-12-15,-3.0,-4.856578,-4.3433027,-6.3964024,-2.2402563285348527
2019_15_JAX_OAK,2019,15,OAK,JAX,2019-12-15,5.5,0.9006499,1.6506993,-1.3494983,2.7706704845457732
2019_15_LA_DAL,2019,15,DAL,LA,2019-12-15,2.5,9.112953,9.676477,7.4223804,9.200142314871506
2019_15_ATL_SF,2019,15,SF,ATL,2019-12-15,10.5,7.630659,7.2352567,8.816867,6.798967877727519
2019_15_BUF_PIT,2019,15,PIT,BUF,2019-12-15,1.5,-0.1813364,-0.7061099,1.3929839,0.4979257568378832
2019_15_IND_NO,2019,15,NO,IND,2019-12-16,9.0,11.147344,10.648081,12.645131,8.928155598457266
2019_16_HOU_TB,2019,16,TB,HOU,2019-12-21,-1.0,-1.2981842,-1.266017,-1.394686,-0.005801853075298041
2019_16_BUF_NE,2019,16,NE,BUF,2019-12-21,6.5,10.491172,9.976313,12.03575,8.448869076476438
2019_16_LA_SF,2019,16,SF,LA,2019-12-21,6.0,0.9529618,1.721916,-1.3539004,2.462483008354323
2019_16_JAX_ATL,2019,16,ATL,JAX,2019-12-22,7.0,5.3344226,6.1543574,2.874619,9.02045976879355
2019_16_BAL_CLE,2019,16,CLE,BAL,2019-12-22,-9.5,-8.674299,-7.1541414,-13.234774,-5.836300347678141
2019_16_CAR_IND,2019,16,IND,CAR,2019-12-22,6.5,6.400184,7.189312,4.0328007,9.273370857490374
2019_16_CIN_MIA,2019,16,MIA,CIN,2019-12-22,1.0,-4.4150596,-4.97735,-2.7281883,-2.523603324526009
2019_16_PIT_NYJ,2019,16,NYJ,PIT,2019-12-22,-3.0,-1.8227205,-0.8145491,-4.8472347,0.04724563086959516
2019_16_NO_TEN,2019,16,TEN,NO,2019-12-22,-1.0,-0.06264061,0.46977872,-1.6598985,-0.015677487448136865
2019_16_NYG_WAS,2019,16,WAS,NYG,2019-12-22,2.5,2.5422134,1.9975553,4.1761885,2.1466836101292563
2019_16_DET_DEN,2019,16,DEN,DET,2019-12-22,6.5,8.249696,8.048943,8.851955,6.689674914334614
2019_16_OAK_LAC,2019,16,LAC,OAK,2019-12-22,5.5,9.046057,9.554887,7.5195675,7.65017214910676
2019_16_DAL_PHI,2019,16,PHI,DAL,2019-12-22,-2.5,-3.0268478,-3.1477394,-2.6641734,-1.9383091722980208
2019_16_ARI_SEA,2019,16,SEA,ARI,2019-12-22,9.5,9.8211155,10.219199,8.626866,9.044224660081023
2019_16_KC_CHI,2019,16,CHI,KC,2019-12-22,-4.5,-5.094038,-4.9035726,-5.665433,-3.8566617563597005
2019_16_GB_MIN,2019,16,MIN,GB,2019-12-23,4.0,2.7760363,2.6668386,3.1036289,4.01352772671369
2019_17_NYJ_BUF,2019,17,BUF,NYJ,2019-12-29,1.0,5.9259567,5.9188933,5.9471474,5.0422961345214805
2019_17_NO_CAR,2019,17,CAR,NO,2019-12-29,-13.0,-8.8798485,-7.7532444,-12.259661,-5.496801216433473
2019_17_CLE_CIN,2019,17,CIN,CLE,2019-12-29,-2.5,-5.869853,-5.551839,-6.8238935,-1.8440662202770766
2019_17_GB_DET,2019,17,DET,GB,2019-12-29,-10.0,-10.37505,-9.639004,-12.583188,-8.313070494451935
2019_17_LAC_KC,2019,17,KC,LAC,2019-12-29,7.5,9.98019,10.005144,9.90533,9.051009293406059
2019_17_CHI_MIN,2019,17,MIN,CHI,2019-12-29,1.0,4.545263,3.9919202,6.205291,3.4614293642518
2019_17_MIA_NE,2019,17,NE,MIA,2019-12-29,16.5,13.953121,12.673491,17.792015,11.653049851129769
2019_17_ATL_TB,2019,17,TB,ATL,2019-12-29,-1.0,0.19744223,0.70667726,-1.3302629,0.8402803999807332
2019_17_PIT_BAL,2019,17,BAL,PIT,2019-12-29,1.0,3.4747453,4.607411,0.07674813,2.1648130719142338
2019_17_WAS_DAL,2019,17,DAL,WAS,2019-12-29,10.5,4.157051,3.7562907,5.3593326,3.7783242669019734
2019_17_OAK_DEN,2019,17,DEN,OAK,2019-12-29,3.5,6.2306986,6.0672016,6.7211905,4.569230209416957
2019_17_TEN_HOU,2019,17,HOU,TEN,2019-12-29,-4.0,-7.0134616,-7.505639,-5.536928,-7.762979718769026
2019_17_IND_JAX,2019,17,JAX,IND,2019-12-29,-3.0,-4.693266,-5.4601,-2.3927624,-1.9987662775785398
2019_17_ARI_LA,2019,17,LA,ARI,2019-12-29,7.0,12.350925,12.924193,10.6311245,12.287695356025214
2019_17_PHI_NYG,2019,17,NYG,PHI,2019-12-29,-4.5,-6.2280006,-6.266392,-6.1128244,-3.0217718430783527
2019_17_SF_SEA,2019,17,SEA,SF,2019-12-29,-3.0,-0.60423326,-0.38245973,-1.2695539,-0.3603829668534795
2019_18_BUF_HOU,2019,18,HOU,BUF,2020-01-04,3.5,0.380668,-0.080343135,1.7637014,0.4662576358027429
2019_18_TEN_NE,2019,18,NE,TEN,2020-01-04,5.5,10.782042,10.156167,12.659662,7.673134329723488
2019_18_MIN_NO,2019,18,NO,MIN,2020-01-05,6.5,8.157707,8.215107,7.985509,6.658041953462345
2019_18_SEA_PHI,2019,18,PHI,SEA,2020-01-05,-1.0,-2.3137944,-2.328438,-2.2698634,-0.10521246429477933
2019_19_MIN_SF,2019,19,SF,MIN,2020-01-11,6.5,6.1610384,5.729279,7.456317,5.817175504733275
2019_19_TEN_BAL,2019,19,BAL,TEN,2020-01-11,10.0,7.375185,6.3348927,10.496061,5.961866602014855
2019_19_HOU_KC,2019,19,KC,HOU,2020-01-12,8.0,6.9162874,7.0745063,6.4416313,6.464653249626046
2019_19_SEA_GB,2019,19,GB,SEA,2020-01-12,3.5,3.118476,3.1971052,2.8825889,3.5924013749024186
2019_20_TEN_KC,2019,20,KC,TEN,2020-01-19,7.5,8.342549,8.045692,9.233121,5.063267348971478
2019_20_GB_SF,2019,20,SF,GB,2020-01-19,7.0,7.037931,6.787384,7.789572,7.342475977471821
2019_21_SF_KC,2019,21,KC,SF,2020-02-02,1.5,3.8133128,3.5024407,4.745929,3.867205604610545
2020_01_HOU_KC,2020,1,KC,HOU,2020-09-10,10.0,9.321476,9.119958,9.926029,9.121821254130525
2020_01_SEA_ATL,2020,1,ATL,SEA,2020-09-13,-1.0,-3.8086345,-4.0052953,-3.2186518,-1.3705674669293249
2020_01_CLE_BAL,2020,1,BAL,CLE,2020-09-13,8.5,5.6707373,5.815007,5.2379255,4.004304278320399
2020_01_NYJ_BUF,2020,1,BUF,NYJ,2020-09-13,6.0,8.852706,9.340907,7.388103,8.543533535900531
2020_01_LV_CAR,2020,1,CAR,LV,2020-09-13,-1.0,-2.3445368,-1.9104955,-3.6466613,-2.0408111990076736
2020_01_CHI_DET,2020,1,DET,CHI,2020-09-13,1.5,-3.0051699,-3.0923786,-2.7435431,-1.5705377712121533
2020_01_IND_JAX,2020,1,JAX,IND,2020-09-13,-7.0,-6.5574794,-6.2533455,-7.4698815,-6.713958091528455
2020_01_GB_MIN,2020,1,MIN,GB,2020-09-13,3.5,-4.5096025,-4.840436,-3.5171018,-5.194124103172367
2020_01_MIA_NE,2020,1,NE,MIA,2020-09-13,6.5,6.059594,5.913299,6.49848,7.241608190986525
2020_01_PHI_WAS,2020,1,WAS,PHI,2020-09-13,-6.5,-4.4587493,-4.884401,-3.1817946,-3.0408865318690728
2020_01_LAC_CIN,2020,1,CIN,LAC,2020-09-13,-3.0,-5.6124835,-5.453079,-6.090697,-3.3828409246927094
2020_01_TB_NO,2020,1,NO,TB,2020-09-13,4.0,5.5657825,6.039819,4.1436734,4.6456852191886995
2020_01_ARI_SF,2020,1,SF,ARI,2020-09-13,8.0,7.715732,7.2785935,9.027147,8.4820591154886
2020_01_DAL_LA,2020,1,LA,DAL,2020-09-13,-2.5,1.0944564,0.9829308,1.429033,4.050476602834587
2020_01_PIT_NYG,2020,1,NYG,PIT,2020-09-14,-4.0,-5.0205355,-4.1368575,-7.6715693,-2.087306057798986
2020_01_TEN_DEN,2020,1,DEN,TEN,2020-09-14,2.0,2.4979398,1.0672237,6.790088,2.2586039046170505
2020_02_CIN_CLE,2020,2,CLE,CIN,2020-09-17,6.0,5.8509207,5.7302575,6.2129107,4.5998870342852545
2020_02_NYG_CHI,2020,2,CHI,NYG,2020-09-20,5.5,4.5107093,4.716883,3.892187,6.785596658873586
2020_02_ATL_DAL,2020,2,DAL,ATL,2020-09-20,5.0,3.037159,2.912055,3.4124703,5.0412127235873
2020_02_DET_GB,2020,2,GB,DET,2020-09-20,5.5,8.284142,8.051417,8.982317,9.129512383109725
2020_02_MIN_IND,2020,2,IND,MIN,2020-09-20,3.0,-0.025965273,-0.63066643,1.7881382,0.79349624695533
2020_02_BUF_MIA,2020,2,MIA,BUF,2020-09-20,-5.0,-5.875925,-5.6536846,-6.542646,-4.408875407304175
2020_02_SF_NYJ,2020,2,NYJ,SF,2020-09-20,-7.0,-8.697128,-8.705561,-8.671833,-6.347130549768299
2020_02_LA_PHI,2020,2,PHI,LA,2020-09-20,1.0,3.0996158,2.8818533,3.7529027,4.349688939945848
2020_02_DEN_PIT,2020,2,PIT,DEN,2020-09-20,5.5,5.4497194,5.6872396,4.7371607,7.234710058763956
2020_02_CAR_TB,2020,2,TB,CAR,2020-09-20,8.5,9.820589,9.885136,9.626948,9.225962167944608
2020_02_JAX_TEN,2020,2,TEN,JAX,2020-09-20,11.0,10.708516,10.657361,10.861981,10.67950400274979
2020_02_WAS_ARI,2020,2,ARI,WAS,2020-09-20,7.0,4.3156576,4.901061,2.5594463,5.181512972715803
2020_02_BAL_HOU,2020,2,HOU,BAL,2020-09-20,-6.5,-7.078912,-7.715874,-5.168025,-3.195854663182408
2020_02_KC_LAC,2020,2,LAC,KC,2020-09-20,-8.5,-8.889225,-8.828668,-9.070895,-6.063522943578443
2020_02_NE_SEA,2020,2,SEA,NE,2020-09-20,4.0,5.500042,5.2396684,6.281163,5.808672054100569
2020_02_NO_LV,2020,2,LV,NO,2020-09-21,-5.5,-6.7248983,-6.948169,-6.0550866,-2.7944023042586745
2020_03_MIA_JAX,2020,3,JAX,MIA,2020-09-24,3.0,2.4056358,2.2925205,2.7449813,2.156253769097871
2020_03_CHI_ATL,2020,3,ATL,CHI,2020-09-27,3.0,1.9397013,2.3287258,0.7726277,2.3990254105844357
2020_03_LA_BUF,2020,3,BUF,LA,2020-09-27,2.5,0.12727244,0.028236693,0.4243797,-0.4470124586551469
2020_03_WAS_CLE,2020,3,CLE,WAS,2020-09-27,6.5,1.9704705,1.9829805,1.9329411,1.894746226081331
2020_03_TEN_MIN,2020,3,MIN,TEN,2020-09-27,-1.5,-3.568128,-3.723115,-3.1031675,-2.5204004120614627
2020_03_LV_NE,2020,3,NE,LV,2020-09-27,6.0,4.778961,4.177538,6.5832314,7.771992340456297
2020_03_SF_NYG,2020,3,NYG,SF,2020-09-27,-4.0,-6.640118,-6.919309,-5.8025455,-4.1497250713108835
2020_03_CIN_PHI,2020,3,PHI,CIN,2020-09-27,6.5,5.6932263,6.1905107,4.201372,6.362397276890507
2020_03_HOU_PIT,2020,3,PIT,HOU,2020-09-27,5.0,3.6669831,4.134544,2.2643018,4.10391949049626
2020_03_NYJ_IND,2020,3,IND,NYJ,2020-09-27,9.5,11.788897,11.552602,12.49778,9.545032504013433
2020_03_CAR_LAC,2020,3,LAC,CAR,2020-09-27,7.5,5.094121,5.400175,4.175959,6.591609294071362
2020_03_DET_ARI,2020,3,ARI,DET,2020-09-27,6.0,4.1535306,3.8522751,5.057297,7.177437738223762
2020_03_TB_DEN,2020,3,DEN,TB,2020-09-27,-6.0,-6.83258,-7.0091662,-6.3028226,-6.616946683000685
2020_03_DAL_SEA,2020,3,SEA,DAL,2020-09-27,4.5,7.4966936,7.1950316,8.401681,6.7687182034689215
2020_03_GB_NO,2020,3,NO,GB,2020-09-27,4.0,3.069581,3.0068543,3.2577608,2.852372098319153
2020_03_KC_BAL,2020,3,BAL,KC,2020-09-28,3.0,-4.39598,-4.6704326,-3.5726223,-3.8148457418285404
2020_04_DEN_NYJ,2020,4,NYJ,DEN,2020-10-01,-2.5,-5.2910404,-4.833897,-6.6624703,-7.427361893651809
2020_04_ARI_CAR,2020,4,CAR,ARI,2020-10-04,-3.5,-0.88233197,-0.5048903,-2.014657,0.8131320436206766
2020_04_JAX_CIN,2020,4,CIN,JAX,2020-10-04,3.0,0.93762016,1.0617607,0.56519854,2.6016803352293105
2020_04_CLE_DAL,2020,4,DAL,CLE,2020-10-04,5.0,4.004435,3.8398607,4.498158,6.876938127074818
2020_04_NO_DET,2020,4,DET,NO,2020-10-04,-4.0,-7.5064225,-8.336023,-5.01762,-6.564784698162352
2020_04_MIN_HOU,2020,4,HOU,MIN,2020-10-04,4.0,0.23010242,-0.4543913,2.2835836,1.1558621732789234
2020_04_SEA_MIA,2020,4,MIA,SEA,2020-10-04,-7.0,-8.3700485,-8.74334,-7.250176,-6.326603618795167
2020_04_LAC_TB,2020,4,TB,LAC,2020-10-04,7.0,10.946505,10.864386,11.1928625,9.095924504575725
2020_04_BAL_WAS,2020,4,WAS,BAL,2020-10-04,-13.0,-10.5831,-10.327263,-11.350613,-6.077172767375675
2020_04_NYG_LA,2020,4,LA,NYG,2020-10-04,12.0,12.687591,12.38628,13.591521,13.74463795344996
2020_04_IND_CHI,2020,4,CHI,IND,2020-10-04,-3.0,-4.1384063,-4.256196,-3.7850375,-3.4340381131019533
2020_04_BUF_LV,2020,4,LV,BUF,2020-10-04,-2.5,-2.8260717,-2.527846,-3.7207494,-1.284401591373011
2020_04_PHI_SF,2020,4,SF,PHI,2020-10-04,6.0,4.702956,4.818689,4.3557587,5.170411094727244
2020_04_NE_KC,2020,4,KC,NE,2020-10-05,7.0,11.191625,11.796554,9.376839,10.620949229659454
2020_04_ATL_GB,2020,4,GB,ATL,2020-10-05,7.5,10.614643,10.374852,11.334017,10.127830228147074
2020_05_TB_CHI,2020,5,CHI,TB,2020-10-08,-5.0,-7.59243,-8.320742,-5.4074955,-6.428267868742857
2020_05_CAR_ATL,2020,5,ATL,CAR,2020-10-11,2.5,-1.254473,-0.96341664,-2.1276417,-0.6325347443447205
2020_05_CIN_BAL,2020,5,BAL,CIN,2020-10-11,13.5,9.863177,9.8330765,9.95348,8.809361697608226
2020_05_JAX_HOU,2020,5,HOU,JAX,2020-10-11,6.0,1.844341,1.6602186,2.3967085,3.7681124632337246
2020_05_LV_KC,2020,5,KC,LV,2020-10-11,12.5,11.6710205,11.510774,12.151762,12.448243853766307
2020_05_ARI_NYJ,2020,5,NYJ,ARI,2020-10-11,-6.5,-6.13126,-5.100013,-9.225,-6.448099711416752
2020_05_PHI_PIT,2020,5,PIT,PHI,2020-10-11,7.0,7.4542594,7.55979,7.137667,8.043529786603061
2020_05_LA_WAS,2020,5,WAS,LA,2020-10-11,-9.0,-9.223229,-9.032138,-9.796504,-8.23783368088408
2020_05_MIA_SF,2020,5,SF,MIA,2020-10-11,9.0,5.3649964,5.3758063,5.332567,5.810051760777821
2020_05_IND_CLE,2020,5,CLE,IND,2020-10-11,-3.0,0.8952112,1.7696818,-1.7282006,1.9250297823690974
2020_05_NYG_DAL,2020,5,DAL,NYG,2020-10-11,9.0,5.9215055,5.4708037,7.2736115,6.700187814888911
2020_05_MIN_SEA,2020,5,SEA,MIN,2020-10-11,7.0,4.881319,4.727089,5.344009,6.1684150684971994
2020_05_LAC_NO,2020,5,NO,LAC,2020-10-12,7.5,9.209219,9.846416,7.297628,10.961970201505464
2020_05_BUF_TEN,2020,5,TEN,BUF,2020-10-13,-3.5,2.9713078,3.413243,1.645502,4.7944122866244525
2020_06_CHI_CAR,2020,6,CAR,CHI,2020-10-18,2.5,0.5662745,1.2305049,-1.4264165,2.3028372740243586
2020_06_CIN_IND,2020,6,IND,CIN,2020-10-18,9.5,5.90422,6.114708,5.272756,6.222396889357245
2020_06_DET_JAX,2020,6,JAX,DET,2020-10-18,-3.0,-6.9208302,-7.03772,-6.5701604,-4.432765715058107
2020_06_ATL_MIN,2020,6,MIN,ATL,2020-10-18,3.5,4.1698165,4.450037,3.3291545,4.292508059984286
2020_06_DEN_NE,2020,6,NE,DEN,2020-10-18,9.5,10.956708,11.26581,10.029399,10.301194293286246
2020_06_WAS_NYG,2020,6,NYG,WAS,2020-10-18,3.5,0.0145329535,0.34092918,-0.96465576,0.0348211596880698
2020_06_BAL_PHI,2020,6,PHI,BAL,2020-10-18,-7.0,-7.25068,-7.7313976,-5.8085265,-4.361015361416922
2020_06_CLE_PIT,2020,6,PIT,CLE,2020-10-18,4.0,6.5993743,5.719768,9.2381935,6.3135742898982805
2020_06_HOU_TEN,2020,6,TEN,HOU,2020-10-18,3.5,1.557887,1.6955832,1.1447984,2.5262334995087667
2020_06_NYJ_MIA,2020,6,MIA,NYJ,2020-10-18,8.0,4.6833534,4.2141743,6.0908914,3.8347169853124323
2020_06_GB_TB,2020,6,TB,GB,2020-10-18,-1.5,3.511162,4.222186,1.3780899,2.6098060231851803
2020_06_LA_SF,2020,6,SF,LA,2020-10-18,-3.0,-3.090876,-3.0153756,-3.3173776,-0.49070471638530605
2020_06_KC_BUF,2020,6,BUF,KC,2020-10-19,-4.5,1.6251771,1.1468368,3.060198,3.526090096055224
2020_06_ARI_DAL,2020,6,DAL,ARI,2020-10-19,-2.5,-2.974657,-2.7188694,-3.7420201,-0.49422035036324236
2020_07_NYG_PHI,2020,7,PHI,NYG,2020-10-22,3.5,3.9804459,3.7881455,4.557346,4.261838514487903
2020_07_DET_ATL,2020,7,ATL,DET,2020-10-25,3.0,1.1255612,1.93431,-1.3006848,2.991408668675135
2020_07_CLE_CIN,2020,7,CIN,CLE,2020-10-25,-3.0,-9.626532,-10.142084,-8.079873,-8.983585374633524
2020_07_GB_HOU,2020,7,HOU,GB,2020-10-25,-3.5,-9.9130945,-9.898596,-9.95659,-10.321499880027474
2020_07_CAR_NO,2020,7,NO,CAR,2020-10-25,7.5,7.5572424,7.5287447,7.6427336,8.544011067812137
2020_07_BUF_NYJ,2020,7,NYJ,BUF,2020-10-25,-13.0,-10.529594,-9.299491,-14.219908,-7.727911468636004
2020_07_PIT_TEN,2020,7,TEN,PIT,2020-10-25,-2.0,-2.852127,-1.8728335,-5.7900076,-1.8184738130201141
2020_07_DAL_WAS,2020,7,WAS,DAL,2020-10-25,-1.0,-3.7982779,-3.963269,-3.3033047,-2.2997303554228763
2020_07_TB_LV,2020,7,LV,TB,2020-10-25,-2.5,-3.9912908,-3.3998637,-5.7655725,-1.8122808351648034
2020_07_KC_DEN,2020,7,DEN,KC,2020-10-25,-9.5,-11.094009,-11.877005,-8.745028,-8.04044525381843
2020_07_JAX_LAC,2020,7,LAC,JAX,2020-10-25,7.0,6.787788,7.551429,4.4968657,7.087287966146615
2020_07_SF_NE,2020,7,NE,SF,2020-10-25,2.5,5.442358,5.9655404,3.8728104,3.9425062351965496
2020_07_SEA_ARI,2020,7,ARI,SEA,2020-10-25,-3.5,1.4462215,1.3580974,1.7105936,2.2158215181258822
2020_07_CHI_LA,2020,7,LA,CHI,2020-10-26,5.5,9.247894,10.080086,6.751319,8.19533139822808
2020_08_ATL_CAR,2020,8,CAR,ATL,2020-10-29,3.0,1.0717423,0.91751975,1.5344102,1.4676605261427735
2020_08_PIT_BAL,2020,8,BAL,PIT,2020-11-01,5.5,4.5963006,4.4788523,4.9486456,4.160796225251347
2020_08_NE_BUF,2020,8,BUF,NE,2020-11-01,4.0,5.4968624,5.472717,5.5692987,3.967692029185059
2020_08_TEN_CIN,2020,8,CIN,TEN,2020-11-01,-4.5,-4.606041,-4.9073467,-3.7021227,-0.12310967031766834
2020_08_LV_CLE,2020,8,CLE,LV,2020-11-01,3.0,7.397063,8.159483,5.1098027,6.476112710003256
2020_08_IND_DET,2020,8,DET,IND,2020-11-01,-2.5,-2.872724,-2.8512712,-2.9370828,-4.335072700244197
2020_08_MIN_GB,2020,8,GB,MIN,2020-11-01,7.0,7.3165617,7.0309815,8.173302,7.636229366314056
2020_08_NYJ_KC,2020,8,KC,NYJ,2020-11-01,20.5,17.314331,15.461761,22.872036,12.098765279486903
2020_08_LA_MIA,2020,8,MIA,LA,2020-11-01,-3.5,-2.6318336,-1.4872013,-6.0657306,-2.7022530732298313
2020_08_LAC_DEN,2020,8,DEN,LAC,2020-11-01,-1.0,-1.4638492,-1.6295841,-0.9666449,-0.1993125245926543
2020_08_NO_CHI,2020,8,CHI,NO,2020-11-01,-4.0,-4.72268,-4.6214094,-5.026492,-3.9752594957571663
2020_08_SF_SEA,2020,8,SEA,SF,2020-11-01,3.0,2.9780705,3.1756103,2.3854513,5.373452124919383
2020_08_DAL_PHI,2020,8,PHI,DAL,2020-11-01,9.0,8.524767,8.484093,8.64679,9.528302897720991
2020_08_TB_NYG,2020,8,NYG,TB,2020-11-02,-10.0,-12.019979,-12.080221,-11.839253,-9.148135946699005
2020_09_GB_SF,2020,9,SF,GB,2020-11-05,-5.5,-5.3404374,-5.116466,-6.0123515,-3.8636634318844414
2020_09_DEN_ATL,2020,9,ATL,DEN,2020-11-08,4.0,0.7331805,0.9868169,-0.027728677,1.2674134829850743
2020_09_SEA_BUF,2020,9,BUF,SEA,2020-11-08,-2.5,-0.12990063,-0.8945658,2.164095,0.2892826996020227
2020_09_BAL_IND,2020,9,IND,BAL,2020-11-08,-2.5,2.6977243,3.3668444,0.6903635,2.937022940458322
2020_09_HOU_JAX,2020,9,JAX,HOU,2020-11-08,-6.5,-10.289583,-9.8005905,-11.756559,-9.926362603692777
2020_09_CAR_KC,2020,9,KC,CAR,2020-11-08,10.5,9.764134,10.060483,8.875089,8.43791166078638
2020_09_DET_MIN,2020,9,MIN,DET,2020-11-08,4.0,3.432867,3.3250794,3.7562299,4.39342304854508
2020_09_CHI_TEN,2020,9,TEN,CHI,2020-11-08,5.5,6.669946,7.050551,5.528131,6.470009666011982
2020_09_NYG_WAS,2020,9,WAS,NYG,2020-11-08,3.0,2.5328932,2.6118543,2.2960105,2.7218601367805872
2020_09_LV_LAC,2020,9,LAC,LV,2020-11-08,1.5,-1.0099769,-1.0780284,-0.805822,0.5381766894828534
2020_09_MIA_ARI,2020,9,ARI,MIA,2020-11-08,5.0,5.6874437,6.067905,4.5460606,6.8478272742546
2020_09_PIT_DAL,2020,9,DAL,PIT,2020-11-08,-13.5,-13.688763,-13.047444,-15.612719,-10.061846950591912
2020_09_NO_TB,2020,9,TB,NO,2020-11-08,5.5,3.546947,3.204726,4.5736103,5.943619820000573
2020_09_NE_NYJ,2020,9,NYJ,NE,2020-11-09,-7.0,-9.821772,-9.498156,-10.792622,-8.477637098321132
2020_10_IND_TEN,2020,10,TEN,IND,2020-11-12,2.5,4.2728095,4.5394516,3.472884,3.9954830539795525
2020_10_TB_CAR,2020,10,CAR,TB,2020-11-15,-6.0,-6.035729,-6.009221,-6.115252,-5.613854299934041
2020_10_HOU_CLE,2020,10,CLE,HOU,2020-11-15,2.5,1.8597763,2.1882296,0.8744165,2.793314356611976
2020_10_WAS_DET,2020,10,DET,WAS,2020-11-15,3.0,0.6500435,1.2587306,-1.1760179,-0.7250478724272822
2020_10_JAX_GB,2020,10,GB,JAX,2020-11-15,13.5,12.857102,12.390087,14.258147,11.293057286693895
2020_10_PHI_NYG,2020,10,NYG,PHI,2020-11-15,-3.0,-4.7409315,-4.7918696,-4.5881186,-6.44058680261439
2020_10_BUF_ARI,2020,10,ARI,BUF,2020-11-15,2.0,-5.3592777,-5.4671535,-5.0356493,-3.1310874160813422
2020_10_DEN_LV,2020,10,LV,DEN,2020-11-15,4.5,8.110071,8.276449,7.610935,6.752489258434922
2020_10_LAC_MIA,2020,10,MIA,LAC,2020-11-15,2.5,4.9091487,5.1622353,4.1498885,3.1328062342659475
2020_10_SEA_LA,2020,10,LA,SEA,2020-11-15,1.0,0.6267209,0.021924637,2.4411097,3.93577717823145
2020_10_SF_NO,2020,10,NO,SF,2020-11-15,9.5,8.838925,8.542119,9.729344,7.520648903314558
2020_10_CIN_PIT,2020,10,PIT,CIN,2020-11-15,9.0,11.869283,11.054419,14.313876,8.920556757700007
2020_10_BAL_NE,2020,10,NE,BAL,2020-11-15,-6.5,-8.456936,-8.128435,-9.442438,-6.597379143049964
2020_10_MIN_CHI,2020,10,CHI,MIN,2020-11-16,-2.5,-3.3561988,-3.2307703,-3.7324839,-3.830184025143881
2020_11_ARI_SEA,2020,11,SEA,ARI,2020-11-19,3.5,3.5586812,3.3401337,4.214324,6.268453248196616
2020_11_TEN_BAL,2020,11,BAL,TEN,2020-11-22,6.5,7.552573,7.0056334,9.193394,7.46504470995637
2020_11_DET_CAR,2020,11,CAR,DET,2020-11-22,-1.5,-5.674375,-6.5620317,-3.0114036,-3.3846020068166682
2020_11_PHI_CLE,2020,11,CLE,PHI,2020-11-22,3.0,2.1533933,1.9851987,2.6579766,2.646822334151505
2020_11_NE_HOU,2020,11,HOU,NE,2020-11-22,-2.5,1.8326789,2.9886632,-1.6352743,1.915994204149081
2020_11_PIT_JAX,2020,11,JAX,PIT,2020-11-22,-10.0,-12.374378,-12.591844,-11.72198,-9.631879857359236
2020_11_ATL_NO,2020,11,NO,ATL,2020-11-22,5.0,6.2172117,6.690572,4.79713,7.019664464851691
2020_11_CIN_WAS,2020,11,WAS,CIN,2020-11-22,1.0,0.28706464,0.3223736,0.1811378,1.0051981678138306
2020_11_MIA_DEN,2020,11,DEN,MIA,2020-11-22,-2.5,3.9019864,4.1406975,3.1858528,3.6885333194766154
2020_11_NYJ_LAC,2020,11,LAC,NYJ,2020-11-22,10.0,7.60989,7.7932587,7.0597844,6.091078022786203
2020_11_GB_IND,2020,11,IND,GB,2020-11-22,2.0,0.3072026,0.5970447,-0.5623237,1.0536592476283397
2020_11_DAL_MIN,2020,11,MIN,DAL,2020-11-22,7.0,5.7989397,6.2699327,4.385959,5.875126799961023
2020_11_KC_LV,2020,11,LV,KC,2020-11-22,-7.0,-7.747043,-8.614773,-5.143854,-4.905917241062849
2020_11_LA_TB,2020,11,TB,LA,2020-11-23,3.5,-0.6577042,0.1411091,-3.054144,0.8180091443424993
2020_12_HOU_DET,2020,12,DET,HOU,2020-11-26,-2.5,-6.8463783,-6.842646,-6.857574,-6.297276187688784
2020_12_WAS_DAL,2020,12,DAL,WAS,2020-11-26,3.0,0.23508108,-0.124090105,1.3125947,1.70638100322713
2020_12_LV_ATL,2020,12,ATL,LV,2020-11-29,-3.0,-3.152031,-2.5396795,-4.9890857,-1.8687015278343782
2020_12_LAC_BUF,2020,12,BUF,LAC,2020-11-29,5.5,5.4568424,4.9402714,7.0065556,5.797503945411861
2020_12_NYG_CIN,2020,12,CIN,NYG,2020-11-29,-4.0,-8.101651,-7.6917057,-9.331489,-7.1277489210108484
2020_12_TEN_IND,2020,12,IND,TEN,2020-11-29,4.0,2.8111866,2.4747171,3.8205948,5.39241578724673
2020_12_CLE_JAX,2020,12,JAX,CLE,2020-11-29,-6.5,-5.13521,-5.1468973,-5.1001487,-3.0154639926468274
2020_12_CAR_MIN,2020,12,MIN,CAR,2020-11-29,4.5,-0.49117357,-0.35494474,-0.89986,1.1029087864352733
2020_12_ARI_NE,2020,12,NE,ARI,2020-11-29,-2.5,-1.4584204,-1.4074965,-1.6111923,-0.9137498047056803
2020_12_MIA_NYJ,2020,12,NYJ,MIA,2020-11-29,-7.0,-5.974275,-5.982616,-5.949253,-5.317163617923888
2020_12_NO_DEN,2020,12,DEN,NO,2020-11-29,-6.0,-7.896449,-8.496026,-6.097718,-4.516961784472113
2020_12_SF_LA,2020,12,LA,SF,2020-11-29,7.0,7.0605807,6.666568,8.24262,7.575882479959443
2020_12_KC_TB,2020,12,TB,KC,2020-11-29,-3.5,-1.8858495,-1.9435489,-1.7127515,0.9625807125959714
2020_12_CHI_GB,2020,12,GB,CHI,2020-11-29,8.5,11.009558,11.281781,10.192884,8.698058865332905
2020_12_SEA_PHI,2020,12,PHI,SEA,2020-11-30,-5.0,-6.107352,-5.448765,-8.083113,-4.116261646900032
2020_12_BAL_PIT,2020,12,PIT,BAL,2020-12-02,3.5,6.8669443,6.901829,6.762292,6.820348224835566
2020_13_NO_ATL,2020,13,ATL,NO,2020-12-06,-3.0,-2.0624232,-1.9478899,-2.406023,-0.7250646677092624
2020_13_DET_CHI,2020,13,CHI,DET,2020-12-06,3.0,1.4411118,1.9567575,-0.105825305,3.2985930494581734
2020_13_IND_HOU,2020,13,HOU,IND,2020-12-06,-2.5,-1.5418239,-1.4690145,-1.7602521,-0.8918696479644048
2020_13_CIN_MIA,2020,13,MIA,CIN,2020-12-06,11.5,10.520275,10.296669,11.1910925,8.971405932080561
2020_13_JAX_MIN,2020,13,MIN,JAX,2020-12-06,9.0,8.674329,8.964607,7.803492,8.257528075050665
2020_13_LV_NYJ,2020,13,NYJ,LV,2020-12-06,-7.5,-9.650427,-10.673933,-6.5799117,-8.049305390811297
2020_13_CLE_TEN,2020,13,TEN,CLE,2020-12-06,4.0,-1.6021078,-1.9299936,-0.6184503,1.9208626908749125
2020_13_LA_ARI,2020,13,ARI,LA,2020-12-06,-1.5,1.1655011,1.26692,0.8612448,1.2138079641070476
2020_13_NYG_SEA,2020,13,SEA,NYG,2020-12-06,10.0,10.680207,10.031658,12.625855,10.127177916040305
2020_13_PHI_GB,2020,13,GB,PHI,2020-12-06,9.5,8.781091,8.967556,8.221695,7.920200658312058
2020_13_NE_LAC,2020,13,LAC,NE,2020-12-06,1.0,-0.75221765,-0.53109235,-1.4155937,0.21068731647125985
2020_13_DEN_KC,2020,13,KC,DEN,2020-12-06,13.0,8.866482,9.441307,7.1420074,8.99079824327622
2020_13_WAS_PIT,2020,13,PIT,WAS,2020-12-07,8.5,11.643839,11.649188,11.627794,10.529901688547765
2020_13_BUF_SF,2020,13,SF,BUF,2020-12-07,-3.0,2.0467997,2.7392354,-0.030507684,4.5019793892630355
2020_13_DAL_BAL,2020,13,BAL,DAL,2020-12-08,7.5,11.564732,11.702256,11.152159,10.944191707224464
2020_14_NE_LA,2020,14,LA,NE,2020-12-10,6.5,4.033666,3.8967738,4.444343,5.75842920875038
2020_14_DEN_CAR,2020,14,CAR,DEN,2020-12-13,3.5,0.107894845,0.07527277,0.20576108,-0.7109797707110967
2020_14_HOU_CHI,2020,14,CHI,HOU,2020-12-13,-2.5,-5.0520496,-4.740159,-5.9877214,-3.815627043283133
2020_14_DAL_CIN,2020,14,CIN,DAL,2020-12-13,-4.0,-7.977321,-7.649527,-8.960703,-6.463635278907864
2020_14_TEN_JAX,2020,14,JAX,TEN,2020-12-13,-7.0,-4.1347575,-3.9085133,-4.81349,-1.2888820232643128
2020_14_KC_MIA,2020,14,MIA,KC,2020-12-13,-7.5,-8.253479,-8.834227,-6.5112367,-5.675596426155751
2020_14_ARI_NYG,2020,14,NYG,ARI,2020-12-13,-2.5,-2.352819,-2.5793808,-1.6731335,-1.5313363389489956
2020_14_MIN_TB,2020,14,TB,MIN,2020-12-13,6.5,8.134788,7.778216,9.204502,9.402691702930335
2020_14_IND_LV,2020,14,LV,IND,2020-12-13,-2.5,-1.7982177,-1.7890869,-1.8256096,-2.7778484657825837
2020_14_NYJ_SEA,2020,14,SEA,NYJ,2020-12-13,13.5,13.276894,13.052539,13.949958,13.422956784666356
2020_14_GB_DET,2020,14,DET,GB,2020-12-13,-8.0,-9.792988,-9.715276,-10.026125,-8.052806541595887
2020_14_ATL_LAC,2020,14,LAC,ATL,2020-12-13,-2.5,-3.1168013,-2.932596,-3.669417,-1.997029997430165
2020_14_NO_PHI,2020,14,PHI,NO,2020-12-13,-7.0,-0.52285314,-0.56304663,-0.40227258,1.9664916303670734
2020_14_WAS_SF,2020,14,SF,WAS,2020-12-13,4.5,-2.0544083,-2.59043,-0.4463433,-0.8570100358651667
2020_14_PIT_BUF,2020,14,BUF,PIT,2020-12-13,-2.0,3.160349,3.2785642,2.8057032,2.4999937813296316
2020_14_BAL_CLE,2020,14,CLE,BAL,2020-12-14,-1.0,4.2039986,4.1924825,4.2385473,3.6574499099794204
2020_15_LAC_LV,2020,15,LV,LAC,2020-12-17,3.0,3.5993116,3.7933338,3.0172453,2.3911856108789133
2020_15_BUF_DEN,2020,15,DEN,BUF,2020-12-19,-4.5,-4.795993,-5.1793766,-3.6458416,-4.754915575273274
2020_15_CAR_GB,2020,15,GB,CAR,2020-12-19,9.0,10.518986,10.351869,11.020338,10.016523058251977
2020_15_TB_ATL,2020,15,ATL,TB,2020-12-20,-4.0,-5.677077,-5.4612923,-6.324431,-4.8754222398274045
2020_15_JAX_BAL,2020,15,BAL,JAX,2020-12-20,13.0,11.164999,11.175041,11.1348715,9.737459765389898
2020_15_SF_DAL,2020,15,DAL,SF,2020-12-20,-2.0,-1.7827609,-2.589175,0.63648117,-0.8606898922812909
2020_15_HOU_IND,2020,15,IND,HOU,2020-12-20,7.0,4.3977885,4.952512,2.7336192,6.624280826749176
2020_15_NE_MIA,2020,15,MIA,NE,2020-12-20,3.0,2.7273998,2.5321188,3.3132424,1.2483122208065647
2020_15_CHI_MIN,2020,15,MIN,CHI,2020-12-20,3.0,0.9739295,1.8515656,-1.658979,1.5715947099988417
2020_15_DET_TEN,2020,15,TEN,DET,2020-12-20,10.5,5.6078234,6.0305457,4.339657,7.135453710942578
2020_15_SEA_WAS,2020,15,WAS,SEA,2020-12-20,-5.0,-8.617475,-8.254237,-9.707188,-5.378219242394463
2020_15_PHI_ARI,2020,15,ARI,PHI,2020-12-20,5.5,6.2478256,6.581613,5.2464643,6.392224429643224
2020_15_NYJ_LA,2020,15,LA,NYJ,2020-12-20,16.5,11.532797,10.420552,14.869532,11.799078319022037
2020_15_KC_NO,2020,15,NO,KC,2020-12-20,-4.0,-1.7514039,-1.6536633,-2.0446258,1.4890917804276378
2020_15_CLE_NYG,2020,15,NYG,CLE,2020-12-20,-3.5,-4.434957,-4.3119874,-4.803865,-4.1180762366011825
2020_15_PIT_CIN,2020,15,CIN,PIT,2020-12-21,-13.0,-11.140218,-10.272409,-13.743644,-8.490998511082259
2020_16_MIN_NO,2020,16,NO,MIN,2020-12-25,7.0,8.315548,7.208768,11.635888,8.47631180089452
2020_16_TB_DET,2020,16,DET,TB,2020-12-26,-7.0,-9.006808,-9.068915,-8.820487,-8.229399682533206
2020_16_SF_ARI,2020,16,ARI,SF,2020-12-26,4.0,5.3627777,4.7585077,7.1755867,6.1915875922142884
2020_16_MIA_LV,2020,16,LV,MIA,2020-12-26,-2.0,-4.1560717,-3.9102652,-4.8934917,-4.35305268112048
2020_16_NYG_BAL,2020,16,BAL,NYG,2020-12-27,12.5,14.498102,14.721584,13.827658,12.039546580225363
2020_16_CIN_HOU,2020,16,HOU,CIN,2020-12-27,9.0,4.4097366,4.197345,5.0469127,2.8033980502162064
2020_16_CHI_JAX,2020,16,JAX,CHI,2020-12-27,-7.5,-10.214174,-9.923868,-11.085094,-8.080466694161547
2020_16_ATL_KC,2020,16,KC,ATL,2020-12-27,11.0,14.405668,14.467043,14.221543,12.962112624817001
2020_16_CLE_NYJ,2020,16,NYJ,CLE,2020-12-27,-9.5,-10.003697,-9.875396,-10.388603,-7.626622833559216
2020_16_IND_PIT,2020,16,PIT,IND,2020-12-27,2.5,1.6286395,2.0784988,0.2790612,2.411691002696077
2020_16_DEN_LAC,2020,16,LAC,DEN,2020-12-27,3.0,1.1104879,1.7134813,-0.69849193,1.2045033684346058
2020_16_CAR_WAS,2020,16,WAS,CAR,2020-12-27,2.0,1.9796877,1.50784,3.3952308,2.102386604639813
2020_16_PHI_DAL,2020,16,DAL,PHI,2020-12-27,-1.0,1.4782486,1.5647278,1.2188113,0.5520728700066648
2020_16_LA_SEA,2020,16,SEA,LA,2020-12-27,2.5,6.356048,6.6141486,5.581747,6.746905054724489
2020_16_TEN_GB,2020,16,GB,TEN,2020-12-27,4.0,5.086465,4.3545914,7.282086,5.442460356729379
2020_16_BUF_NE,2020,16,NE,BUF,2020-12-28,-6.5,-9.10677,-9.049405,-9.278862,-7.5240199420522895
2020_17_MIA_BUF,2020,17,BUF,MIA,2021-01-03,3.5,5.0527744,5.9162936,2.4622169,4.133713973065655
2020_17_BAL_CIN,2020,17,CIN,BAL,2021-01-03,-11.5,-11.133251,-10.627028,-12.651921,-8.436267478642948
2020_17_PIT_CLE,2020,17,CLE,PIT,2021-01-03,7.0,9.220486,9.162044,9.395811,7.730513887540778
2020_17_MIN_DET,2020,17,DET,MIN,2021-01-03,-6.5,-7.4229445,-7.6637926,-6.7004,-6.404609684262166
2020_17_NYJ_NE,2020,17,NE,NYJ,2021-01-03,3.0,3.8920345,4.526598,1.9883442,4.826358525696239
2020_17_DAL_NYG,2020,17,NYG,DAL,2021-01-03,-2.5,-5.7001576,-6.2770286,-3.969545,-5.083908884786048
2020_17_ATL_TB,2020,17,TB,ATL,2021-01-03,6.0,7.160808,7.3055058,6.726715,9.62549065962724
2020_17_NO_CAR,2020,17,CAR,NO,2021-01-03,-5.5,-7.864158,-8.758177,-5.1821027,-5.894149939855596
2020_17_GB_CHI,2020,17,CHI,GB,2021-01-03,-4.0,-2.1679463,-1.1409686,-5.24888,0.03278080003768381
2020_17_LV_DEN,2020,17,DEN,LV,2021-01-03,1.0,-1.6949205,-2.0194497,-0.72133315,-0.39209246742541265
2020_17_TEN_HOU,2020,17,HOU,TEN,2021-01-03,-7.0,-7.923264,-8.169762,-7.1837707,-3.143688153017599
2020_17_JAX_IND,2020,17,IND,JAX,2021-01-03,13.5,14.997347,14.876724,15.359214,13.326283176820281
2020_17_LAC_KC,2020,17,KC,LAC,2021-01-03,-3.5,1.1847407,1.8779782,-0.8949717,3.5732013370177453
2020_17_ARI_LA,2020,17,LA,ARI,2021-01-03,1.0,0.54676116,0.9445031,-0.64646494,0.4760644526991273
2020_17_SEA_SF,2020,17,SF,SEA,2021-01-03,-4.0,-5.7076535,-5.2062407,-7.2118917,-3.3250090926366855
2020_17_WAS_PHI,2020,17,PHI,WAS,2021-01-03,1.0,0.38141215,0.5396503,-0.09330237,0.17725757115235374
2020_18_IND_BUF,2020,18,BUF,IND,2021-01-09,6.5,3.8602362,4.255333,2.6749458,5.514956008031406
2020_18_LA_SEA,2020,18,SEA,LA,2021-01-09,4.5,6.4812384,6.924253,5.152194,6.855894509476143
2020_18_TB_WAS,2020,18,WAS,TB,2021-01-09,-7.5,-7.374835,-8.345945,-4.461503,-5.746617477849845
2020_18_BAL_TEN,2020,18,TEN,BAL,2021-01-10,-3.5,-3.170859,-2.915854,-3.935874,-0.9149531640351309
2020_18_CHI_NO,2020,18,NO,CHI,2021-01-10,9.5,5.1885343,4.7144394,6.6108184,5.13831609206165
2020_18_CLE_PIT,2020,18,PIT,CLE,2021-01-10,3.5,2.3209522,2.437793,1.9704298,4.17714649932708
2020_19_LA_GB,2020,19,GB,LA,2021-01-16,7.0,14.4739685,13.683075,16.84665,11.317405026221259
2020_19_BAL_BUF,2020,19,BUF,BAL,2021-01-16,3.0,1.4776548,1.5194722,1.3522023,2.4799531817670064
2020_19_CLE_KC,2020,19,KC,CLE,2021-01-17,10.0,6.744989,5.51444,10.436636,6.825667939383123
2020_19_TB_NO,2020,19,NO,TB,2021-01-17,3.5,7.8838415,7.5751734,8.809846,8.379333360173305
2020_20_TB_GB,2020,20,GB,TB,2021-01-24,4.0,6.661622,6.136346,8.237449,2.8146788783595293
2020_20_BUF_KC,2020,20,KC,BUF,2021-01-24,2.5,4.278754,4.185789,4.557649,4.5617290731369895
2020_21_KC_TB,2020,21,TB,KC,2021-02-07,-3.5,0.04167524,0.3905611,-1.0049824,2.6156098200029163
2021_01_DAL_TB,2021,1,TB,DAL,2021-09-09,6.5,11.7646,11.64646,12.119021,12.848261245034987
2021_01_PHI_ATL,2021,1,ATL,PHI,2021-09-12,3.5,1.7150888,2.2310724,0.1671381,3.9284634288196574
2021_01_PIT_BUF,2021,1,BUF,PIT,2021-09-12,6.0,5.7580132,6.3923597,3.8549745,5.932545814905852
2021_01_NYJ_CAR,2021,1,CAR,NYJ,2021-09-12,4.0,2.2892833,2.4969542,1.6662705,3.126294984747947
2021_01_MIN_CIN,2021,1,CIN,MIN,2021-09-12,-3.0,-6.6347857,-6.5702386,-6.8284273,-7.917031314532272
2021_01_SF_DET,2021,1,DET,SF,2021-09-12,-7.5,-8.05279,-7.8143024,-8.768252,-6.0765168720294405
2021_01_JAX_HOU,2021,1,HOU,JAX,2021-09-12,-2.5,-2.4434137,-1.5347946,-5.169271,-2.6251144175985686
2021_01_SEA_IND,2021,1,IND,SEA,2021-09-12,3.0,4.985426,5.4433365,3.6116943,4.937575778274184
2021_01_ARI_TEN,2021,1,TEN,ARI,2021-09-12,3.0,4.000925,4.4714713,2.5892878,3.319626990784783
2021_01_LAC_WAS,2021,1,WAS,LAC,2021-09-12,-1.0,1.4855881,1.9717746,0.02702868,2.5708904383510243
2021_01_CLE_KC,2021,1,KC,CLE,2021-09-12,6.0,5.9998116,5.8713694,6.385137,4.798214388983109
2021_01_MIA_NE,2021,1,NE,MIA,2021-09-12,2.5,1.1060051,1.1078895,1.1003518,2.681382688368709
2021_01_GB_NO,2021,1,NO,GB,2021-09-12,-4.0,0.20706052,1.3187788,-3.1280942,2.5496486796118822
2021_01_DEN_NYG,2021,1,NYG,DEN,2021-09-12,-1.0,-3.3707867,-3.52518,-2.9076061,-3.982477263308889
2021_01_CHI_LA,2021,1,LA,CHI,2021-09-12,7.0,7.340391,7.519286,6.803706,6.093867833634179
2021_01_BAL_LV,2021,1,LV,BAL,2021-09-13,-4.5,-5.193134,-4.3556437,-7.7056046,-2.776794461490632
2021_02_NYG_WAS,2021,2,WAS,NYG,2021-09-16,3.5,3.4214597,3.4866335,3.2259378,5.31407046319927
2021_02_NO_CAR,2021,2,CAR,NO,2021-09-19,-3.5,-4.134321,-4.7516313,-2.282391,-5.018944788461406
2021_02_CIN_CHI,2021,2,CHI,CIN,2021-09-19,3.0,2.2982342,2.4947717,1.7086222,3.581125826900189
2021_02_HOU_CLE,2021,2,CLE,HOU,2021-09-19,12.5,6.9381933,6.820448,7.29143,8.218354296557319
2021_02_LA_IND,2021,2,IND,LA,2021-09-19,-4.0,-2.7939494,-2.2040415,-4.563673,-0.5257048700814628
2021_02_DEN_JAX,2021,2,JAX,DEN,2021-09-19,-6.0,-9.354652,-8.828768,-10.932307,-7.159352375564548
2021_02_BUF_MIA,2021,2,MIA,BUF,2021-09-19,-3.5,-4.9957657,-5.4237843,-3.7117105,-5.702102856460626
2021_02_NE_NYJ,2021,2,NYJ,NE,2021-09-19,-5.5,-6.433546,-6.0195203,-7.675624,-5.973859883228743
2021_02_SF_PHI,2021,2,PHI,SF,2021-09-19,-3.5,-3.9990923,-3.873508,-4.375846,-4.956480862898059
2021_02_LV_PIT,2021,2,PIT,LV,2021-09-19,6.0,6.213111,6.7125344,4.714841,6.244671057559373
2021_02_MIN_ARI,2021,2,ARI,MIN,2021-09-19,4.0,3.4639044,3.22205,4.1894674,2.147766569561919
2021_02_ATL_TB,2021,2,TB,ATL,2021-09-19,12.5,11.127869,11.191165,10.937983,11.307274429106648
2021_02_DAL_LAC,2021,2,LAC,DAL,2021-09-19,3.0,4.3958955,3.813771,6.1422696,3.4420143155052725
2021_02_TEN_SEA,2021,2,SEA,TEN,2021-09-19,5.5,1.88217,1.5050031,3.0136707,1.9031226800941976
2021_02_KC_BAL,2021,2,BAL,KC,2021-09-19,-4.0,-7.5682592,-7.0888224,-9.006568,-7.680717688829122
2021_02_DET_GB,2021,2,GB,DET,2021-09-20,10.5,9.188839,9.456172,8.386841,9.92119007296844
2021_03_CAR_HOU,2021,3,HOU,CAR,2021-09-23,-7.5,-4.4446797,-2.76704,-9.477599,-3.1358604148340605
2021_03_WAS_BUF,2021,3,BUF,WAS,2021-09-26,9.0,12.602189,12.902871,11.700142,12.131367719196389
2021_03_CHI_CLE,2021,3,CLE,CHI,2021-09-26,7.5,7.0686026,7.5429893,5.645444,8.234365564919129
2021_03_BAL_DET,2021,3,DET,BAL,2021-09-26,-9.5,-12.023484,-11.341246,-14.070202,-11.756957277940616
2021_03_ARI_JAX,2021,3,JAX,ARI,2021-09-26,-7.5,-12.60229,-11.730203,-15.218553,-10.85693651685144
2021_03_LAC_KC,2021,3,KC,LAC,2021-09-26,6.5,6.790937,7.4435787,4.8330116,7.5040614945541995
2021_03_NO_NE,2021,3,NE,NO,2021-09-26,3.0,2.4705162,1.8329273,4.383283,1.6186515712910616
2021_03_ATL_NYG,2021,3,NYG,ATL,2021-09-26,3.0,0.93753684,1.1618049,0.26473272,0.74395606395221
2021_03_CIN_PIT,2021,3,PIT,CIN,2021-09-26,4.5,0.90799826,1.1055496,0.31534433,1.462367763022138
2021_03_IND_TEN,2021,3,TEN,IND,2021-09-26,5.0,5.753145,5.867932,5.4087844,4.654504804897754
2021_03_NYJ_DEN,2021,3,DEN,NYJ,2021-09-26,10.5,5.9270773,5.780834,6.3658075,7.589697368581902
2021_03_MIA_LV,2021,3,LV,MIA,2021-09-26,3.5,2.2247014,2.1022773,2.5919738,3.3321787716844335
2021_03_TB_LA,2021,3,LA,TB,2021-09-26,1.0,3.1416492,2.6546006,4.602795,2.1620218120813
2021_03_SEA_MIN,2021,3,MIN,SEA,2021-09-26,-1.0,-1.6658878,-1.7612958,-1.3796637,-1.2776531734991996
2021_03_GB_SF,2021,3,SF,GB,2021-09-26,3.5,-2.8435516,-3.8031232,0.035162926,-2.0393383448217826
2021_03_PHI_DAL,2021,3,DAL,PHI,2021-09-27,4.0,2.32624,1.5604111,4.6237264,3.1125393712624025
2021_04_JAX_CIN,2021,4,CIN,JAX,2021-09-30,7.5,5.4412794,5.8219967,4.2991276,3.9152023093282433
2021_04_WAS_ATL,2021,4,ATL,WAS,2021-10-03,1.0,-2.6689663,-2.724166,-2.5033674,-1.7958491326709651
2021_04_HOU_BUF,2021,4,BUF,HOU,2021-10-03,17.5,9.059571,7.283605,14.387471,9.197149125235597
2021_04_DET_CHI,2021,4,CHI,DET,2021-10-03,3.5,1.5074576,2.0604386,-0.15148532,3.0660244978574527
2021_04_CAR_DAL,2021,4,DAL,CAR,2021-10-03,4.5,7.5168905,7.227018,8.386509,6.657682712919036
2021_04_IND_MIA,2021,4,MIA,IND,2021-10-03,1.5,-1.6786323,-2.1719766,-0.19859934,-1.3786470221812512
2021_04_CLE_MIN,2021,4,MIN,CLE,2021-10-03,-1.0,-1.1233132,-0.83542895,-1.9869659,-0.620093037771075
2021_04_NYG_NO,2021,4,NO,NYG,2021-10-03,8.5,8.537163,8.683419,8.098394,7.942700015959216
2021_04_TEN_NYJ,2021,4,NYJ,TEN,2021-10-03,-7.5,-8.847159,-8.25684,-10.618119,-10.028911715599252
2021_04_KC_PHI,2021,4,PHI,KC,2021-10-03,-5.5,-9.626907,-10.033945,-8.405796,-9.105183124908406
2021_04_ARI_LA,2021,4,LA,ARI,2021-10-03,6.0,11.299407,11.440873,10.875009,11.905464673573125
2021_04_SEA_SF,2021,4,SF,SEA,2021-10-03,3.0,0.10995519,-0.5416458,2.0647583,0.15042618066423968
2021_04_BAL_DEN,2021,4,DEN,BAL,2021-10-03,1.0,-3.331976,-3.6757584,-2.3006291,-1.9202041553779503
2021_04_PIT_GB,2021,4,GB,PIT,2021-10-03,7.0,6.046976,6.443505,4.85739,6.6129793443540335
2021_04_TB_NE,2021,4,NE,TB,2021-10-03,-5.5,-3.8244858,-4.7083564,-1.1728742,-3.618261215354136
2021_04_LV_LAC,2021,4,LAC,LV,2021-10-04,3.0,3.6310844,3.8712778,2.9105048,4.4921650917634555
2021_05_LA_SEA,2021,5,SEA,LA,2021-10-07,-1.0,-2.2167807,-1.2296656,-5.178126,-2.486809317825772
2021_05_NYJ_ATL,2021,5,ATL,NYJ,2021-10-10,3.5,6.004624,6.1958184,5.43104,3.9359362261554667
2021_05_PHI_CAR,2021,5,CAR,PHI,2021-10-10,4.5,2.6945596,2.0351446,4.672805,2.238636457869434
2021_05_GB_CIN,2021,5,CIN,GB,2021-10-10,-3.0,-8.630544,-8.990701,-7.5500717,-8.285721555607825
2021_05_NE_HOU,2021,5,HOU,NE,2021-10-10,-9.5,-10.14208,-10.026606,-10.488506,-10.51141470283165
2021_05_TEN_JAX,2021,5,JAX,TEN,2021-10-10,-3.5,-5.0702286,-4.1417456,-7.8556786,-5.888914742312278
2021_05_DET_MIN,2021,5,MIN,DET,2021-10-10,8.0,5.2630534,5.6471505,4.1107616,7.016330326652638
2021_05_DEN_PIT,2021,5,PIT,DEN,2021-10-10,-1.0,-0.3505744,-0.516612,0.1475383,0.16109189263051168
2021_05_MIA_TB,2021,5,TB,MIA,2021-10-10,10.5,10.194513,10.268865,9.97146,9.30240959953054
2021_05_NO_WAS,2021,5,WAS,NO,2021-10-10,-1.0,-2.5513916,-3.2898269,-0.33608627,-4.490444479887905
2021_05_CLE_LAC,2021,5,LAC,CLE,2021-10-10,-1.0,2.3870666,3.309326,-0.3797109,1.949822022221742
2021_05_CHI_LV,2021,5,LV,CHI,2021-10-10,4.5,2.8962128,2.8067698,3.164542,4.312300164700914
2021_05_SF_ARI,2021,5,ARI,SF,2021-10-10,4.5,2.3239977,1.8320819,3.7997453,4.246457106336216
2021_05_NYG_DAL,2021,5,DAL,NYG,2021-10-10,7.5,4.329408,4.54922,3.6699724,3.6664513435182355
2021_05_BUF_KC,2021,5,KC,BUF,2021-10-10,3.0,-1.6479833,-1.7388521,-1.3753765,-3.4462860521376477
2021_05_IND_BAL,2021,5,BAL,IND,2021-10-11,7.0,7.300692,7.3481817,7.1582246,6.730665811609844
2021_06_TB_PHI,2021,6,PHI,TB,2021-10-14,-6.5,-11.992437,-12.66819,-9.965181,-11.222772396013838
2021_06_MIA_JAX,2021,6,JAX,MIA,2021-10-17,-3.0,-4.847904,-3.343551,-9.360965,-5.0381966661140405
2021_06_LAC_BAL,2021,6,BAL,LAC,2021-10-17,3.5,2.537769,2.239582,3.4323301,1.9548226080300215
2021_06_MIN_CAR,2021,6,CAR,MIN,2021-10-17,1.5,-6.281624,-6.4989014,-5.629791,-7.0406375029185435
2021_06_GB_CHI,2021,6,CHI,GB,2021-10-17,-4.5,-5.805193,-6.4555197,-3.8542147,-5.390694928575124
2021_06_CIN_DET,2021,6,DET,CIN,2021-10-17,-3.5,-6.0419626,-5.516105,-7.6195345,-4.163579415453945
2021_06_HOU_IND,2021,6,IND,HOU,2021-10-17,10.0,4.932802,4.178115,7.196864,5.085938085189533
2021_06_LA_NYG,2021,6,NYG,LA,2021-10-17,-10.5,-10.956846,-10.80598,-11.409449,-9.707892330591774
2021_06_KC_WAS,2021,6,WAS,KC,2021-10-17,-6.5,-3.4892697,-2.9777308,-5.023887,-4.2673895906012635
2021_06_ARI_CLE,2021,6,CLE,ARI,2021-10-17,3.0,4.5661507,4.9952097,3.2789745,4.9267040771243815
2021_06_LV_DEN,2021,6,DEN,LV,2021-10-17,3.0,0.5996555,0.41442394,1.1553502,2.026776132405407
2021_06_DAL_NE,2021,6,NE,DAL,2021-10-17,-3.0,-6.297577,-6.457318,-5.8183546,-7.635744248537779
2021_06_SEA_PIT,2021,6,PIT,SEA,2021-10-17,3.5,3.3115697,3.0661032,4.047969,2.3610293867562113
2021_06_BUF_TEN,2021,6,TEN,BUF,2021-10-18,-3.5,-0.02903008,0.022862598,-0.18470812,1.021292066038307
2021_07_DEN_CLE,2021,7,CLE,DEN,2021-10-21,5.0,6.645604,7.0682983,5.3775206,7.924045541102459
2021_07_CIN_BAL,2021,7,BAL,CIN,2021-10-24,6.5,8.248512,8.956111,6.1257176,9.864310426556804
2021_07_WAS_GB,2021,7,GB,WAS,2021-10-24,10.5,12.211505,12.559433,11.16772,11.233382743773221
2021_07_ATL_MIA,2021,7,MIA,ATL,2021-10-24,1.0,-1.5608059,-1.6271714,-1.3617096,-1.636218182944521
2021_07_NYJ_NE,2021,7,NE,NYJ,2021-10-24,6.5,6.8346057,7.0564885,6.1689563,6.722811445247513
2021_07_CAR_NYG,2021,7,NYG,CAR,2021-10-24,-2.5,-4.857128,-4.8520794,-4.872274,-2.9648931221436983
2021_07_KC_TEN,2021,7,TEN,KC,2021-10-24,-4.0,-4.6408324,-4.7973804,-4.171189,-3.5957504098215582
2021_07_DET_LA,2021,7,LA,DET,2021-10-24,16.0,11.1011715,10.862998,11.815692,11.067001926677557
2021_07_PHI_LV,2021,7,LV,PHI,2021-10-24,3.0,9.364899,9.800571,8.0578785,8.460341777059568
2021_07_HOU_ARI,2021,7,ARI,HOU,2021-10-24,17.0,10.757675,9.599855,14.231136,9.326019392667135
2021_07_CHI_TB,2021,7,TB,CHI,2021-10-24,13.0,16.091763,15.985727,16.409863,14.125176819898416
2021_07_IND_SF,2021,7,SF,IND,2021-10-24,4.0,1.7274704,0.88810134,4.245578,1.0848143691969263
2021_07_NO_SEA,2021,7,SEA,NO,2021-10-25,-3.5,-2.3949022,-2.2014024,-2.9754014,-5.113442948247417
2021_08_GB_ARI,2021,8,ARI,GB,2021-10-28,3.5,0.9735935,1.3645339,-0.19922781,2.4406547969852324
2021_08_CAR_ATL,2021,8,ATL,CAR,2021-10-31,2.5,-0.8662989,-0.44983694,-2.1156847,0.36083575838125076
2021_08_MIA_BUF,2021,8,BUF,MIA,2021-10-31,13.0,14.2696,14.046589,14.938635,12.538238748963298
2021_08_SF_CHI,2021,8,CHI,SF,2021-10-31,-4.0,-4.1012163,-3.3946655,-6.2208695,-4.179329003888171
2021_08_PIT_CLE,2021,8,CLE,PIT,2021-10-31,3.0,3.6652136,4.1718373,2.1453414,4.232967343954872
2021_08_PHI_DET,2021,8,DET,PHI,2021-10-31,-3.0,-6.966438,-6.0991673,-9.568249,-8.609793025102302
2021_08_LA_HOU,2021,8,HOU,LA,2021-10-31,-14.5,-11.042789,-9.578523,-15.435588,-11.45350045780027
2021_08_TEN_IND,2021,8,IND,TEN,2021-10-31,1.5,-2.3025606,-3.23086,0.48233807,-2.028883283690375
2021_08_CIN_NYJ,2021,8,NYJ,CIN,2021-10-31,-8.5,-9.95417,-10.000307,-9.815758,-8.253779140780756
2021_08_NE_LAC,2021,8,LAC,NE,2021-10-31,6.0,4.494996,4.3937783,4.798649,4.661787213736876
2021_08_JAX_SEA,2021,8,SEA,JAX,2021-10-31,3.5,2.51996,3.3265696,0.10013151,3.1502195522424
2021_08_WAS_DEN,2021,8,DEN,WAS,2021-10-31,3.5,0.58882457,0.48432386,0.90232664,2.0953832091084412
2021_08_TB_NO,2021,8,NO,TB,2021-10-31,-4.5,-5.4981265,-5.4445105,-5.658976,-3.7209552715674583
2021_08_DAL_MIN,2021,8,MIN,DAL,2021-10-31,-1.0,-1.8472161,-1.890135,-1.7184589,-1.268588052649595
2021_08_NYG_KC,2021,8,KC,NYG,2021-11-01,10.0,7.005385,6.6359005,8.113838,5.587531577546279
2021_09_NYJ_IND,2021,9,IND,NYJ,2021-11-04,10.5,10.00435,10.662084,8.031147,10.838645044659984
2021_09_MIN_BAL,2021,9,BAL,MIN,2021-11-07,6.0,2.3229406,3.0317235,0.19659173,4.174331205463448
2021_09_NE_CAR,2021,9,CAR,NE,2021-11-07,-2.5,-4.619581,-4.897445,-3.7859898,-4.0887081361852715
2021_09_CLE_CIN,2021,9,CIN,CLE,2021-11-07,3.0,-0.2885742,-0.47930735,0.28362525,1.3239451008007215
2021_09_DEN_DAL,2021,9,DAL,DEN,2021-11-07,7.5,5.9908056,6.0249248,5.8884487,7.761013716138104
2021_09_BUF_JAX,2021,9,JAX,BUF,2021-11-07,-14.0,-12.427766,-11.4478445,-15.367532,-11.868664470931712
2021_09_HOU_MIA,2021,9,MIA,HOU,2021-11-07,7.0,3.3785894,3.1083608,4.189275,2.0891179440990246
2021_09_ATL_NO,2021,9,NO,ATL,2021-11-07,5.5,5.5363803,5.518122,5.591154,5.825623888534463
2021_09_LV_NYG,2021,9,NYG,LV,2021-11-07,-3.0,-4.6904383,-4.997139,-3.7703352,-4.825095486605478
2021_09_LAC_PHI,2021,9,PHI,LAC,2021-11-07,-3.0,-6.7542963,-7.0836387,-5.7662706,-9.256026201743577
2021_09_GB_KC,2021,9,KC,GB,2021-11-07,3.0,-0.93037075,-0.9285037,-0.935972,0.7565790572600399
2021_09_ARI_SF,2021,9,SF,ARI,2021-11-07,-2.5,-3.5615966,-3.5291646,-3.6588926,-2.49824943198262
2021_09_TEN_LA,2021,9,LA,TEN,2021-11-07,6.0,6.517786,6.2979636,7.1772547,5.917752054764744
2021_09_CHI_PIT,2021,9,PIT,CHI,2021-11-08,6.5,6.8637257,7.7956486,4.067957,8.142266242430283
2021_10_BAL_MIA,2021,10,MIA,BAL,2021-11-11,-7.5,-9.504959,-10.192013,-7.443799,-8.708909304925028
2021_10_ATL_DAL,2021,10,DAL,ATL,2021-11-14,9.0,11.581161,11.417835,12.0711355,10.98685665082739
2021_10_JAX_IND,2021,10,IND,JAX,2021-11-14,10.5,7.6325192,8.607199,4.7084804,8.401780717695077
2021_10_CLE_NE,2021,10,NE,CLE,2021-11-14,2.5,2.982779,3.4605458,1.5494783,5.088492707239955
2021_10_BUF_NYJ,2021,10,NYJ,BUF,2021-11-14,-13.0,-9.746923,-9.449719,-10.638534,-8.235090130965762
2021_10_DET_PIT,2021,10,PIT,DET,2021-11-14,9.0,13.195757,13.597406,11.990805,11.397962638902758
2021_10_NO_TEN,2021,10,TEN,NO,2021-11-14,2.5,2.7229204,2.3411424,3.8682547,1.5803519253617107
2021_10_TB_WAS,2021,10,WAS,TB,2021-11-14,-9.5,-13.421719,-13.555638,-13.01996,-13.296267864373661
2021_10_CAR_ARI,2021,10,ARI,CAR,2021-11-14,10.0,5.413913,5.185907,6.097931,5.1271288219493165
2021_10_MIN_LAC,2021,10,LAC,MIN,2021-11-14,2.5,2.155475,2.3590677,1.5446965,3.099028813603155
2021_10_PHI_DEN,2021,10,DEN,PHI,2021-11-14,2.5,-0.9001142,-1.1554812,-0.13401306,0.36944386142084923
2021_10_SEA_GB,2021,10,GB,SEA,2021-11-14,5.5,7.139061,6.531697,8.961153,6.0879758117983975
2021_10_KC_LV,2021,10,LV,KC,2021-11-14,-2.5,-2.614213,-1.5292008,-5.8692493,-2.198295181653879
2021_10_LA_SF,2021,10,SF,LA,2021-11-15,-4.0,-6.164793,-6.129316,-6.271224,-4.713677333211721
2021_11_NE_ATL,2021,11,ATL,NE,2021-11-18,-5.5,-8.449306,-8.763416,-7.5069723,-6.514514364898816
2021_11_IND_BUF,2021,11,BUF,IND,2021-11-21,7.0,2.348786,2.7522917,1.1382697,2.0244694608501423
2021_11_WAS_CAR,2021,11,CAR,WAS,2021-11-21,3.0,1.2719636,1.7583969,-0.18733609,1.520627760710841
2021_11_BAL_CHI,2021,11,CHI,BAL,2021-11-21,-6.0,-5.114525,-5.6021013,-3.651794,-6.380007140808973
2021_11_DET_CLE,2021,11,CLE,DET,2021-11-21,10.5,6.5204396,6.631409,6.1875305,6.404183168503427
2021_11_SF_JAX,2021,11,JAX,SF,2021-11-21,-5.5,-7.726198,-7.967892,-7.001116,-7.56287421482887
2021_11_GB_MIN,2021,11,MIN,GB,2021-11-21,-2.5,-4.8386273,-5.519447,-2.7961693,-4.417352931700047
2021_11_MIA_NYJ,2021,11,NYJ,MIA,2021-11-21,-3.0,-6.4197545,-5.9742346,-7.756315,-6.6778971233050175
2021_11_NO_PHI,2021,11,PHI,NO,2021-11-21,1.5,-2.74676,-3.0684726,-1.7816222,-3.3749647973445427
2021_11_HOU_TEN,2021,11,TEN,HOU,2021-11-21,10.0,4.1244264,3.986418,4.538451,5.258599004266942
2021_11_CIN_LV,2021,11,LV,CIN,2021-11-21,-1.0,-2.1980944,-2.3073423,-1.8703504,-1.697686342488934
2021_11_DAL_KC,2021,11,KC,DAL,2021-11-21,2.0,-1.4399934,-2.3014834,1.1444767,-0.2156120361879045
2021_11_ARI_SEA,2021,11,SEA,ARI,2021-11-21,-2.0,-4.1706953,-4.1789837,-4.1458297,-4.473096888441218
2021_11_PIT_LAC,2021,11,LAC,PIT,2021-11-21,3.5,-0.043642998,-0.41277388,1.0637497,-0.5104171062498641
2021_11_NYG_TB,2021,11,TB,NYG,2021-11-22,11.5,13.604932,13.850549,12.86808,13.30463930931513
2021_12_CHI_DET,2021,12,DET,CHI,2021-11-25,-3.5,-8.722464,-7.8214707,-11.425441,-10.598970171000838
2021_12_LV_DAL,2021,12,DAL,LV,2021-11-25,7.5,5.2950997,5.491405,4.706184,6.394882338828858
2021_12_BUF_NO,2021,12,NO,BUF,2021-11-25,-4.5,-5.638115,-5.8559403,-4.984638,-4.0642024809803585
2021_12_PIT_CIN,2021,12,CIN,PIT,2021-11-28,4.5,1.2870979,1.707225,0.026716828,1.5840275214479203
2021_12_NYJ_HOU,2021,12,HOU,NYJ,2021-11-28,3.0,-0.76710665,-0.18670112,-2.5083232,1.6843884082970597
2021_12_TB_IND,2021,12,IND,TB,2021-11-28,-2.5,-0.5534852,0.18731776,-2.7758942,0.5387392165856204
2021_12_ATL_JAX,2021,12,JAX,ATL,2021-11-28,-1.0,-1.1739147,-1.2273319,-1.013663,-2.5503732144365294
2021_12_CAR_MIA,2021,12,MIA,CAR,2021-11-28,1.0,0.0010835379,-0.14023782,0.42504764,1.121719780415355
2021_12_TEN_NE,2021,12,NE,TEN,2021-11-28,6.0,9.000109,9.161304,8.51652,8.498159347752829
2021_12_PHI_NYG,2021,12,NYG,PHI,2021-11-28,-3.5,-5.8104897,-6.071093,-5.028678,-5.499968976710296
2021_12_LAC_DEN,2021,12,DEN,LAC,2021-11-28,-1.5,-4.517409,-5.1850505,-2.514485,-4.9133104497962075
2021_12_LA_GB,2021,12,GB,LA,2021-11-28,2.0,1.3107331,1.1705674,1.7312301,2.328462817463828
2021_12_MIN_SF,2021,12,SF,MIN,2021-11-28,2.5,-1.4405625,-1.9173398,-0.010230422,-1.1093143542630308
2021_12_CLE_BAL,2021,12,BAL,CLE,2021-11-28,4.5,1.8359593,1.5686328,2.637939,3.732280744487564
2021_12_SEA_WAS,2021,12,WAS,SEA,2021-11-29,-2.5,1.5836774,1.4207853,2.0723538,-0.18800144784283926
2021_13_DAL_NO,2021,13,NO,DAL,2021-12-02,-6.0,-4.162536,-4.0648084,-4.455719,-3.294575235051456
2021_13_TB_ATL,2021,13,ATL,TB,2021-12-05,-10.0,-13.388372,-13.424591,-13.279718,-12.991601966941065
2021_13_ARI_CHI,2021,13,CHI,ARI,2021-12-05,-7.0,-7.1640253,-7.083977,-7.404169,-5.6597979055502305
2021_13_LAC_CIN,2021,13,CIN,LAC,2021-12-05,2.5,-0.4424926,-0.7198519,0.38958526,0.4293873534309622
2021_13_MIN_DET,2021,13,DET,MIN,2021-12-05,-7.0,-10.717677,-10.1313925,-12.476532,-10.025129711026294
2021_13_IND_HOU,2021,13,HOU,IND,2021-12-05,-7.5,-9.222004,-9.357965,-8.814117,-8.952387405173948
2021_13_NYG_MIA,2021,13,MIA,NYG,2021-12-05,2.5,5.357906,4.9547744,6.5673003,5.3366260846979205
2021_13_PHI_NYJ,2021,13,NYJ,PHI,2021-12-05,-7.0,-8.229399,-8.884101,-6.265295,-7.245091983171551
2021_13_JAX_LA,2021,13,LA,JAX,2021-12-05,13.0,10.3345585,10.9078245,8.614759,9.454528937516477
2021_13_WAS_LV,2021,13,LV,WAS,2021-12-05,2.5,0.07603738,0.32638815,-0.675015,1.8516041955771165
2021_13_BAL_PIT,2021,13,PIT,BAL,2021-12-05,-3.0,-0.17944595,0.34813702,-1.7621949,-0.1593368616994379
2021_13_SF_SEA,2021,13,SEA,SF,2021-12-05,-2.5,-3.9735098,-3.8259711,-4.416126,-4.433550743124299
2021_13_DEN_KC,2021,13,KC,DEN,2021-12-05,10.0,6.0184784,5.582573,7.3261943,5.353746049425448
2021_13_NE_BUF,2021,13,BUF,NE,2021-12-06,3.0,-2.8502524,-3.1272502,-2.0192592,-1.9675260343163596
2021_14_PIT_MIN,2021,14,MIN,PIT,2021-12-09,3.5,9.019856,9.734625,6.8755527,8.352979672730322
2021_14_ATL_CAR,2021,14,CAR,ATL,2021-12-12,3.0,1.0693119,2.0176854,-1.7758088,2.329225951607991
2021_14_BAL_CLE,2021,14,CLE,BAL,2021-12-12,1.0,2.4241161,1.7262725,4.517647,3.1190307683246905
2021_14_SEA_HOU,2021,14,HOU,SEA,2021-12-12,-7.5,-8.561705,-8.14129,-9.8229475,-8.402349351328928
2021_14_LV_KC,2021,14,KC,LV,2021-12-12,9.0,8.578203,8.551978,8.656881,8.614767839112629
2021_14_NO_NYJ,2021,14,NYJ,NO,2021-12-12,-6.0,-7.042332,-7.554189,-5.506761,-8.763721883375986
2021_14_JAX_TEN,2021,14,TEN,JAX,2021-12-12,11.0,11.137493,11.42871,10.263843,9.564090706880508
2021_14_DAL_WAS,2021,14,WAS,DAL,2021-12-12,-4.5,-1.9491258,-2.15815,-1.3220532,-1.7720389041193636
2021_14_DET_DEN,2021,14,DEN,DET,2021-12-12,8.0,8.7018385,8.75064,8.555436,7.666521845168478
2021_14_NYG_LAC,2021,14,LAC,NYG,2021-12-12,10.5,12.397294,12.109685,13.260121,10.900741746590542
2021_14_SF_CIN,2021,14,CIN,SF,2021-12-12,1.0,-1.7496405,-2.2049673,-0.38366032,-2.0153104519850746
2021_14_BUF_TB,2021,14,TB,BUF,2021-12-12,3.5,3.1846912,3.0145805,3.6950238,3.907657809927565
2021_14_CHI_GB,2021,14,GB,CHI,2021-12-12,13.0,9.673763,9.949061,8.847868,10.706995486345662
2021_14_LA_ARI,2021,14,ARI,LA,2021-12-13,3.0,1.7430145,1.2280709,3.2878451,2.893599121209899
2021_15_KC_LAC,2021,15,LAC,KC,2021-12-16,-3.5,4.201053,4.873979,2.182275,4.222909993439479
2021_15_NE_IND,2021,15,IND,NE,2021-12-18,1.0,1.1530495,1.1600122,1.1321614,1.4678380072299548
2021_15_CAR_BUF,2021,15,BUF,CAR,2021-12-19,11.5,9.267498,9.753939,7.808178,8.471592990165442
2021_15_ARI_DET,2021,15,DET,ARI,2021-12-19,-13.5,-12.910972,-11.241021,-17.920822,-9.618578479101814
2021_15_HOU_JAX,2021,15,JAX,HOU,2021-12-19,3.0,0.3258214,0.43888664,-0.013374329,0.6128676712602569
2021_15_NYJ_MIA,2021,15,MIA,NYJ,2021-12-19,8.5,8.433144,8.651432,7.7782764,10.486412466018605
2021_15_DAL_NYG,2021,15,NYG,DAL,2021-12-19,-10.5,-11.231648,-11.668671,-9.920583,-9.530359643381475
2021_15_TEN_PIT,2021,15,PIT,TEN,2021-12-19,-2.5,0.10450897,0.10029245,0.11715853,-1.6772363554665655
2021_15_CIN_DEN,2021,15,DEN,CIN,2021-12-19,1.5,-2.0065346,-2.2087371,-1.3999267,-0.38690615263929024
2021_15_ATL_SF,2021,15,SF,ATL,2021-12-19,8.0,11.053567,10.742212,11.987628,9.457266881816814
2021_15_GB_BAL,2021,15,BAL,GB,2021-12-19,-6.5,-7.4436464,-8.216188,-5.126021,-5.893622875619113
2021_15_NO_TB,2021,15,TB,NO,2021-12-19,11.5,11.332327,10.949894,12.479626,10.600692597717375
2021_15_LV_CLE,2021,15,CLE,LV,2021-12-20,6.5,9.567677,9.709553,9.142046,8.655640952804104
2021_15_MIN_CHI,2021,15,CHI,MIN,2021-12-20,-4.0,-6.129166,-5.916993,-6.765684,-5.952222600029013
2021_15_SEA_LA,2021,15,LA,SEA,2021-12-21,7.0,6.2255974,6.533479,5.301952,6.544443429422587
2021_15_WAS_PHI,2021,15,PHI,WAS,2021-12-21,4.0,2.2354887,2.2877033,2.0788453,3.809745066821721
2021_16_SF_TEN,2021,16,TEN,SF,2021-12-23,-3.0,-1.7904367,-1.7054094,-2.0455189,-1.4076078643122332
2021_16_CLE_GB,2021,16,GB,CLE,2021-12-25,9.0,12.766279,13.029152,11.97766,10.530935708615242
2021_16_IND_ARI,2021,16,ARI,IND,2021-12-25,1.0,3.989073,3.4771612,5.524809,3.7619135246506357
2021_16_DET_ATL,2021,16,ATL,DET,2021-12-26,4.5,2.1656725,2.7564988,0.39319324,2.6412041242722646
2021_16_TB_CAR,2021,16,CAR,TB,2021-12-26,-13.0,-14.635598,-14.434668,-15.238391,-13.470491995780431
2021_16_BAL_CIN,2021,16,CIN,BAL,2021-12-26,2.5,-0.056605965,-0.54076505,1.3958713,1.0009344332162202
2021_16_LAC_HOU,2021,16,HOU,LAC,2021-12-26,-10.5,-12.334246,-12.782857,-10.988409,-12.374551896499618
2021_16_LA_MIN,2021,16,MIN,LA,2021-12-26,-3.0,-6.0051723,-5.835675,-6.5136642,-5.414296173500185
2021_16_BUF_NE,2021,16,NE,BUF,2021-12-26,1.5,-2.0561137,-2.173398,-1.7042613,-1.929302238821807
2021_16_JAX_NYJ,2021,16,NYJ,JAX,2021-12-26,2.0,-1.6444856,-1.8320817,-1.0816975,-1.9755165515641324
2021_16_NYG_PHI,2021,16,PHI,NYG,2021-12-26,11.0,11.155309,11.302484,10.713784,12.335517961270245
2021_16_CHI_SEA,2021,16,SEA,CHI,2021-12-26,7.5,6.446457,7.3218827,3.820179,6.883524273240569
2021_16_PIT_KC,2021,16,KC,PIT,2021-12-26,10.5,9.665257,10.198105,8.066715,8.2455235721395
2021_16_DEN_LV,2021,16,LV,DEN,2021-12-26,1.0,-2.5297935,-3.0618424,-0.93364644,-2.515295042828788
2021_16_WAS_DAL,2021,16,DAL,WAS,2021-12-26,11.0,10.375261,10.794345,9.11801,10.603502536209815
2021_16_MIA_NO,2021,16,NO,MIA,2021-12-27,3.0,-0.8900917,-0.87875354,-0.92410636,0.26867922692254326
2021_17_LA_BAL,2021,17,BAL,LA,2022-01-02,-3.0,-2.0496035,-2.3556952,-1.1313286,-2.8300494453475893
2021_17_ATL_BUF,2021,17,BUF,ATL,2022-01-02,14.0,10.926961,10.607356,11.885777,10.811486207561279
2021_17_NYG_CHI,2021,17,CHI,NYG,2022-01-02,6.0,6.06648,5.87156,6.6512394,5.166338236664218
2021_17_KC_CIN,2021,17,CIN,KC,2022-01-02,-4.5,-9.535224,-9.617186,-9.289338,-9.125984775712267
2021_17_LV_IND,2021,17,IND,LV,2022-01-02,8.5,6.6044674,6.7795634,6.07918,7.195683115243061
2021_17_JAX_NE,2021,17,NE,JAX,2022-01-02,15.0,13.990992,13.038593,16.848186,11.90020129542591
2021_17_TB_NYJ,2021,17,NYJ,TB,2022-01-02,-13.0,-13.168952,-13.033123,-13.57644,-10.713629839215871
2021_17_MIA_TEN,2021,17,TEN,MIA,2022-01-02,3.5,-1.2028115,-1.686357,0.2478249,0.059879104418064044
2021_17_PHI_WAS,2021,17,WAS,PHI,2022-01-02,-3.0,-1.400174,-1.9375223,0.21187055,-1.9662462389207271
2021_17_DEN_LAC,2021,17,LAC,DEN,2022-01-02,6.0,8.483074,8.588258,8.167524,8.461089523891864
2021_17_HOU_SF,2021,17,SF,HOU,2022-01-02,15.5,7.8043823,6.30773,12.294339,7.722926844729642
2021_17_ARI_DAL,2021,17,DAL,ARI,2022-01-02,5.0,3.0337248,2.9783158,3.199951,4.6030228369432535
2021_17_CAR_NO,2021,17,NO,CAR,2022-01-02,7.0,4.9713936,5.6882043,2.82096,6.382940739831044
2021_17_DET_SEA,2021,17,SEA,DET,2022-01-02,8.0,3.89878,4.1626534,3.1071594,4.570769900937781
2021_17_MIN_GB,2021,17,GB,MIN,2022-01-02,7.0,11.865292,12.180298,10.920272,10.648382584500215
2021_17_CLE_PIT,2021,17,PIT,CLE,2022-01-03,-3.0,-1.924193,-1.8636813,-2.1057281,-2.816161137126604
2021_18_KC_DEN,2021,18,DEN,KC,2022-01-08,-10.0,-10.953857,-10.717243,-11.663702,-11.943437973535634
2021_18_DAL_PHI,2021,18,PHI,DAL,2022-01-08,-2.5,-1.4430248,-1.277486,-1.939641,-1.7398060570842269
2021_18_PIT_BAL,2021,18,BAL,PIT,2022-01-09,5.0,3.1680984,3.1078846,3.3487391,1.5177674293220005
2021_18_CIN_CLE,2021,18,CLE,CIN,2022-01-09,3.0,1.0713923,1.548649,-0.3603778,2.2699772556693483
2021_18_GB_DET,2021,18,DET,GB,2022-01-09,-2.5,-8.251275,-8.897605,-6.3122864,-8.552100992052425
2021_18_TEN_HOU,2021,18,HOU,TEN,2022-01-09,-11.0,-10.157981,-9.5029745,-12.123002,-9.667958483492527
2021_18_IND_JAX,2021,18,JAX,IND,2022-01-09,-14.5,-13.74879,-13.251585,-15.240405,-12.199794466158194
2021_18_CHI_MIN,2021,18,MIN,CHI,2022-01-09,3.5,1.753222,1.9159635,1.2649975,2.6021878565172716
2021_18_WAS_NYG,2021,18,NYG,WAS,2022-01-09,-6.5,-5.6189604,-4.730766,-8.2835455,-5.418863551314784
2021_18_SEA_ARI,2021,18,ARI,SEA,2022-01-09,6.5,1.471704,0.51061726,4.3549643,0.456512514157884
2021_18_NO_ATL,2021,18,ATL,NO,2022-01-09,-4.0,-5.886756,-5.9730253,-5.627948,-4.606408349375612
2021_18_NYJ_BUF,2021,18,BUF,NYJ,2022-01-09,16.5,16.197525,15.413805,18.548683,12.737106000208515
2021_18_SF_LA,2021,18,LA,SF,2022-01-09,6.0,5.819171,6.500545,3.775049,7.408418953482615
2021_18_NE_MIA,2021,18,MIA,NE,2022-01-09,-5.5,-0.18161717,0.4567126,-2.0966065,-0.4969806697612594
2021_18_CAR_TB,2021,18,TB,CAR,2022-01-09,10.0,7.872046,7.3454957,9.451696,7.196730323593787
2021_18_LAC_LV,2021,18,LV,LAC,2022-01-09,-2.5,-3.0945206,-2.990735,-3.405877,-4.486058326280643
2021_19_LV_CIN,2021,19,CIN,LV,2022-01-15,6.5,3.6310327,3.0700905,5.313859,3.085860230155577
2021_19_NE_BUF,2021,19,BUF,NE,2022-01-15,4.5,7.292865,6.079971,10.931547,8.021032894830855
2021_19_PHI_TB,2021,19,TB,PHI,2022-01-16,8.5,6.2049336,5.1343365,9.416725,6.093038918521219
2021_19_SF_DAL,2021,19,DAL,SF,2022-01-16,3.0,-0.7446603,-0.15635864,-2.5095654,0.452335348515046
2021_19_PIT_KC,2021,19,KC,PIT,2022-01-16,13.5,9.336176,8.758372,11.069586,7.500091081096796
2021_19_ARI_LA,2021,19,LA,ARI,2022-01-17,4.5,6.7662945,7.0626373,5.877266,6.142724437747075
2021_20_CIN_TEN,2021,20,TEN,CIN,2022-01-22,3.0,3.6421719,3.5630758,3.87946,4.2532488049014265
2021_20_SF_GB,2021,20,GB,SF,2022-01-22,5.0,4.7180424,5.3564744,2.802746,6.044229390504739
2021_20_LA_TB,2021,20,TB,LA,2022-01-23,3.0,3.7125115,3.702638,3.7421324,4.622457202311126
2021_20_BUF_KC,2021,20,KC,BUF,2022-01-23,2.5,0.9525235,1.5646999,-0.8840053,1.814381420681835
2021_21_CIN_KC,2021,21,KC,CIN,2022-01-30,7.0,9.249713,9.640952,8.075996,8.671217048241742
2021_21_SF_LA,2021,21,LA,SF,2022-01-30,3.5,-1.2077932,-0.18100064,-4.2881713,1.5818679359047507
2021_22_LA_CIN,2021,22,CIN,LA,2022-02-13,-4.0,-5.702606,-6.1683545,-4.3053603,-4.558979783339749
2022_01_BUF_LA,2022,1,LA,BUF,2022-09-08,1.0,-0.4391731,-0.39212596,-0.5803145,-1.1895077145175246
2022_01_NO_ATL,2022,1,ATL,NO,2022-09-11,-3.5,-0.37400767,-0.6545793,0.46770716,-0.4279196411700302
2022_01_CLE_CAR,2022,1,CAR,CLE,2022-09-11,-4.5,-7.9680276,-8.554202,-6.209505,-6.945956518507177
2022_01_SF_CHI,2022,1,CHI,SF,2022-09-11,-6.5,-8.933268,-7.8876634,-12.070079,-7.570360388635614
2022_01_PIT_CIN,2022,1,CIN,PIT,2022-09-11,6.5,3.8744652,4.1722155,2.9812143,3.1776347639689835
2022_01_PHI_DET,2022,1,DET,PHI,2022-09-11,-4.0,-6.1740627,-6.405414,-5.480008,-6.429934809811384
2022_01_IND_HOU,2022,1,HOU,IND,2022-09-11,-8.0,-6.1996,-5.8069496,-7.377551,-5.003328219946908
2022_01_NE_MIA,2022,1,MIA,NE,2022-09-11,3.0,2.3218598,3.2349124,-0.41729724,3.9479866618546815
2022_01_BAL_NYJ,2022,1,NYJ,BAL,2022-09-11,-4.5,-7.217062,-7.595794,-6.080865,-7.576034169690995
2022_01_JAX_WAS,2022,1,WAS,JAX,2022-09-11,3.5,1.9521124,2.0955794,1.5217116,1.3569615196136788
2022_01_KC_ARI,2022,1,ARI,KC,2022-09-11,-3.0,-8.4756775,-8.539733,-8.28351,-6.916840390459287
2022_01_LV_LAC,2022,1,LAC,LV,2022-09-11,4.0,4.874352,4.8808403,4.854887,4.055798593559388
2022_01_GB_MIN,2022,1,MIN,GB,2022-09-11,-1.5,-4.0551515,-3.5866864,-5.460547,-4.817765867548105
2022_01_NYG_TEN,2022,1,TEN,NYG,2022-09-11,6.5,9.2657,9.229915,9.373058,9.274215306139647
2022_01_TB_DAL,2022,1,DAL,TB,2022-09-11,-2.0,0.2910137,0.5003261,-0.33692348,0.6166568317689312
2022_01_DEN_SEA,2022,1,SEA,DEN,2022-09-12,-4.0,0.6200396,1.5518214,-2.1753058,2.353545368271321
2022_02_LAC_KC,2022,2,KC,LAC,2022-09-15,3.0,3.7692676,4.1658835,2.5794196,4.585288226112773
2022_02_MIA_BAL,2022,2,BAL,MIA,2022-09-18,3.5,9.296493,10.006778,7.1656384,8.804830556637407
2022_02_NYJ_CLE,2022,2,CLE,NYJ,2022-09-18,6.5,10.734531,11.170816,9.4256735,10.082019435123769
2022_02_WAS_DET,2022,2,DET,WAS,2022-09-18,-1.5,-3.3409271,-3.4912245,-2.8900352,-3.358276505994304
2022_02_IND_JAX,2022,2,JAX,IND,2022-09-18,-4.5,2.0017374,2.303148,1.0975057,1.4650747516114866
2022_02_TB_NO,2022,2,NO,TB,2022-09-18,-4.0,-0.35125923,0.7612072,-3.6886587,-1.2964302746492
2022_02_CAR_NYG,2022,2,NYG,CAR,2022-09-18,1.5,2.1159444,2.1966393,1.8738592,1.0904232375971552
2022_02_NE_PIT,2022,2,PIT,NE,2022-09-18,-1.5,-5.170558,-4.535196,-7.076646,-3.863741101471754
2022_02_ATL_LA,2022,2,LA,ATL,2022-09-18,13.5,13.777381,14.121146,12.746086,11.62931990839014
2022_02_SEA_SF,2022,2,SF,SEA,2022-09-18,8.0,4.0706434,3.66139,5.298403,2.6422548381569624
2022_02_CIN_DAL,2022,2,DAL,CIN,2022-09-18,1.5,0.57021964,0.44272596,0.95270056,0.05024904121643779
2022_02_HOU_DEN,2022,2,DEN,HOU,2022-09-18,10.5,8.359505,8.785047,7.0828776,6.0923060859682785
2022_02_ARI_LV,2022,2,LV,ARI,2022-09-18,2.5,2.9436805,2.7732012,3.4551182,4.003402972399009
2022_02_CHI_GB,2022,2,GB,CHI,2022-09-18,9.0,8.27084,8.190078,8.513128,7.543064509084464
2022_02_TEN_BUF,2022,2,BUF,TEN,2022-09-19,7.0,9.00865,8.666617,10.034749,8.08389275004268
2022_02_MIN_PHI,2022,2,PHI,MIN,2022-09-19,2.5,-0.0026748106,0.13263485,-0.4086038,0.7163902053163099
2022_03_PIT_CLE,2022,3,CLE,PIT,2022-09-22,3.0,0.76669985,0.57030433,1.3558865,0.9525438012968502
2022_03_NO_CAR,2022,3,CAR,NO,2022-09-25,-2.5,-5.40507,-5.118046,-6.266142,-4.045462438134603
2022_03_HOU_CHI,2022,3,CHI,HOU,2022-09-25,3.0,4.8976574,4.547967,5.946728,4.855015455745858
2022_03_KC_IND,2022,3,IND,KC,2022-09-25,-3.0,-2.864534,-2.2268636,-4.777545,-2.394516077662314
2022_03_BUF_MIA,2022,3,MIA,BUF,2022-09-25,-4.5,-2.9615474,-3.2236419,-2.1752648,-2.818168925101
2022_03_DET_MIN,2022,3,MIN,DET,2022-09-25,7.5,-1.2509795,-1.586816,-0.24347031,-0.848640149851499
2022_03_BAL_NE,2022,3,NE,BAL,2022-09-25,-3.0,0.6845142,0.9341946,-0.064527035,0.21685691201301743
2022_03_CIN_NYJ,2022,3,NYJ,CIN,2022-09-25,-6.0,-8.012764,-8.280447,-7.209715,-8.46901478256341
2022_03_LV_TEN,2022,3,TEN,LV,2022-09-25,1.0,5.225946,5.355915,4.8360386,5.661225253198032
2022_03_PHI_WAS,2022,3,WAS,PHI,2022-09-25,-3.0,-4.969551,-5.172913,-4.359465,-4.684416619285815
2022_03_JAX_LAC,2022,3,LAC,JAX,2022-09-25,9.0,0.7499981,0.03320023,2.9003916,0.6295123662431024
2022_03_LA_ARI,2022,3,ARI,LA,2022-09-25,-4.5,-6.626893,-6.6565137,-6.5380297,-6.074105960000176
2022_03_ATL_SEA,2022,3,SEA,ATL,2022-09-25,3.0,5.993213,6.44551,4.636324,7.102013980628544
2022_03_GB_TB,2022,3,TB,GB,2022-09-25,3.0,1.7006977,2.495877,-0.6848403,1.1510817247742045
2022_03_SF_DEN,2022,3,DEN,SF,2022-09-25,3.0,-0.08773928,-0.13197854,0.0449785,-1.1635489732982334
2022_03_DAL_NYG,2022,3,NYG,DAL,2022-09-26,4.0,-1.686879,-1.8241414,-1.275092,-1.1279837363462213
2022_04_MIA_CIN,2022,4,CIN,MIA,2022-09-29,1.5,-2.80944,-3.1489315,-1.790965,-4.16991511671023
2022_04_MIN_NO,2022,4,NO,MIN,2022-10-02,-1.0,-2.597805,-1.8064669,-4.9718194,-1.7066453242051989
2022_04_CLE_ATL,2022,4,ATL,CLE,2022-10-02,-3.0,-4.2217164,-4.2083807,-4.261724,-5.574378411827832
2022_04_BUF_BAL,2022,4,BAL,BUF,2022-10-02,-4.0,-5.7946796,-5.4516673,-6.823718,-4.84277989242058
2022_04_WAS_DAL,2022,4,DAL,WAS,2022-10-02,2.5,3.7074401,3.844538,3.2961466,3.647998453951791
2022_04_SEA_DET,2022,4,DET,SEA,2022-10-02,5.5,-2.2039666,-1.8443998,-3.2826672,-1.048908249794468
2022_04_LAC_HOU,2022,4,HOU,LAC,2022-10-02,-7.0,-8.850185,-9.716339,-6.251726,-9.129377364292866
2022_04_TEN_IND,2022,4,IND,TEN,2022-10-02,3.5,-3.207279,-3.9010458,-1.1259784,-4.172253791589533
2022_04_CHI_NYG,2022,4,NYG,CHI,2022-10-02,3.0,2.2404747,2.089071,2.6946862,2.3242424038427263
2022_04_JAX_PHI,2022,4,PHI,JAX,2022-10-02,7.0,6.433757,6.345542,6.6984034,6.177261137825739
2022_04_NYJ_PIT,2022,4,PIT,NYJ,2022-10-02,3.5,9.080689,9.39243,8.145466,10.594754004435655
2022_04_ARI_CAR,2022,4,CAR,ARI,2022-10-02,-2.5,-2.5406084,-2.5461612,-2.52395,-3.1213464238862665
2022_04_NE_GB,2022,4,GB,NE,2022-10-02,6.5,5.419093,5.8751574,4.0508986,5.933287406421996
2022_04_DEN_LV,2022,4,LV,DEN,2022-10-02,2.0,-0.01949684,-0.082245484,0.1687491,-2.3561302384423994
2022_04_KC_TB,2022,4,TB,KC,2022-10-02,-1.5,-1.8998307,-1.3031274,-3.6899405,-0.06502164249387235
2022_04_LA_SF,2022,4,SF,LA,2022-10-03,1.5,3.8472114,3.7133708,4.248734,2.8495381883079465
2022_05_IND_DEN,2022,5,DEN,IND,2022-10-06,3.0,3.092661,3.0458927,3.232965,3.170422403170911
2022_05_NYG_GB,2022,5,GB,NYG,2022-10-09,8.0,9.209789,8.893644,10.158223,7.629228400261875
2022_05_PIT_BUF,2022,5,BUF,PIT,2022-10-09,14.0,17.39778,17.137753,18.177858,13.332217480377398
2022_05_LAC_CLE,2022,5,CLE,LAC,2022-10-09,-3.0,1.9890685,2.1323771,1.5591425,3.778949578311592
2022_05_HOU_JAX,2022,5,JAX,HOU,2022-10-09,7.0,12.39758,12.5043335,12.077321,11.858325465467487
2022_05_CHI_MIN,2022,5,MIN,CHI,2022-10-09,7.0,10.465683,10.993833,8.881235,10.699117550746106
2022_05_DET_NE,2022,5,NE,DET,2022-10-09,3.0,8.868696,8.826865,8.994192,8.24783807535683
2022_05_SEA_NO,2022,5,NO,SEA,2022-10-09,4.0,-1.0665321,-1.6421587,0.6603482,0.7100079037224858
2022_05_MIA_NYJ,2022,5,NYJ,MIA,2022-10-09,-3.0,-5.05997,-5.1479235,-4.7961097,-4.50711010358755
2022_05_ATL_TB,2022,5,TB,ATL,2022-10-09,7.5,7.7991095,7.5943336,8.413438,8.868548563057015
2022_05_TEN_WAS,2022,5,WAS,TEN,2022-10-09,-2.5,-4.475285,-5.0117145,-2.8659978,-5.589984418269659
2022_05_SF_CAR,2022,5,CAR,SF,2022-10-09,-5.0,-8.279244,-8.42689,-7.8363075,-8.529486625880729
2022_05_PHI_ARI,2022,5,ARI,PHI,2022-10-09,-5.5,-8.672556,-9.053172,-7.53071,-9.193098065646597
2022_05_DAL_LA,2022,5,LA,DAL,2022-10-09,4.5,4.447833,4.5762677,4.0625286,4.579293073844166
2022_05_CIN_BAL,2022,5,BAL,CIN,2022-10-09,3.5,2.7511377,2.7988205,2.60809,2.508713967910238
2022_05_LV_KC,2022,5,KC,LV,2022-10-10,7.0,7.4958034,7.868564,6.377522,7.719923080618053
2022_06_WAS_CHI,2022,6,CHI,WAS,2022-10-13,-1.0,-1.4665241,-1.4131801,-1.6265563,-2.4674030649814647
2022_06_SF_ATL,2022,6,ATL,SF,2022-10-16,-6.5,-8.183413,-7.091556,-11.458984,-5.718655536994235
2022_06_NE_CLE,2022,6,CLE,NE,2022-10-16,3.5,2.4892738,2.7528052,1.6986798,1.828512118971694
2022_06_NYJ_GB,2022,6,GB,NYJ,2022-10-16,9.5,8.042764,7.4638896,9.7793865,7.726362947207744
2022_06_JAX_IND,2022,6,IND,JAX,2022-10-16,2.5,5.730242,5.842494,5.393487,6.227267608826997
2022_06_MIN_MIA,2022,6,MIA,MIN,2022-10-16,1.0,-1.954942,-1.6613516,-2.8357134,-3.1026367423373498
2022_06_CIN_NO,2022,6,NO,CIN,2022-10-16,-1.0,-2.9419608,-3.2206688,-2.1058369,-3.735478146498243
2022_06_BAL_NYG,2022,6,NYG,BAL,2022-10-16,-5.5,-2.052447,-2.5192943,-0.6519059,-2.053767550958175
2022_06_TB_PIT,2022,6,PIT,TB,2022-10-16,-6.5,-5.735242,-5.697547,-5.848328,-4.91082015974386
2022_06_CAR_LA,2022,6,LA,CAR,2022-10-16,9.5,10.855901,10.422694,12.155521,9.550314918852084
2022_06_ARI_SEA,2022,6,SEA,ARI,2022-10-16,-2.5,0.4989781,0.6714292,-0.018375278,0.7500302887188376
2022_06_BUF_KC,2022,6,KC,BUF,2022-10-16,1.0,1.6340159,2.1968648,-0.05453074,1.0300874397405324
2022_06_DAL_PHI,2022,6,PHI,DAL,2022-10-16,5.5,1.650864,2.7604768,-1.6779741,6.809920853167426
2022_06_DEN_LAC,2022,6,LAC,DEN,2022-10-17,4.0,3.6867745,4.1014714,2.442683,4.270092324928899
2022_07_NO_ARI,2022,7,ARI,NO,2022-10-20,2.5,-4.771874,-5.700662,-1.98551,-5.581424129488903
2022_07_CLE_BAL,2022,7,BAL,CLE,2022-10-23,6.0,5.4637947,5.0923834,6.5780277,6.573129290978223
2022_07_TB_CAR,2022,7,CAR,TB,2022-10-23,-9.5,-10.037176,-9.325644,-12.171773,-8.174201060876205
2022_07_ATL_CIN,2022,7,CIN,ATL,2022-10-23,7.0,3.1340826,2.5036004,5.025529,2.5145460004666638
2022_07_DET_DAL,2022,7,DAL,DET,2022-10-23,7.0,7.7900333,7.3750777,9.0349,7.942018381036501
2022_07_NYG_JAX,2022,7,JAX,NYG,2022-10-23,3.0,7.8721323,8.363046,6.3993907,7.451875094677161
2022_07_IND_TEN,2022,7,TEN,IND,2022-10-23,1.5,2.5987732,2.7056537,2.2781324,0.6360366759534974
2022_07_GB_WAS,2022,7,WAS,GB,2022-10-23,-5.5,-10.323672,-10.173417,-10.774436,-9.483462220979337
2022_07_NYJ_DEN,2022,7,DEN,NYJ,2022-10-23,3.5,1.0201784,0.4378971,2.7670226,1.9184476466762643
2022_07_HOU_LV,2022,7,LV,HOU,2022-10-23,7.0,6.4396415,6.5694537,6.0502057,5.382037557608687
2022_07_SEA_LAC,2022,7,LAC,SEA,2022-10-23,7.5,7.799262,7.7077236,8.073878,8.769205092633937
2022_07_KC_SF,2022,7,SF,KC,2022-10-23,-1.5,1.5896885,2.046088,0.22049057,1.784220257716822
2022_07_PIT_MIA,2022,7,MIA,PIT,2022-10-23,6.0,9.014622,9.551099,7.4051876,9.327562764320259
2022_07_CHI_NE,2022,7,NE,CHI,2022-10-24,6.0,5.7504563,5.805598,5.5850315,6.1400942183271505
2022_08_BAL_TB,2022,8,TB,BAL,2022-10-27,3.0,-1.6711881,-2.111936,-0.3489443,-1.6404039438400295
2022_08_DEN_JAX,2022,8,JAX,DEN,2022-10-30,3.0,2.57435,2.8218162,1.8319522,5.182515434486008
2022_08_CAR_ATL,2022,8,ATL,CAR,2022-10-30,6.5,5.2711854,4.5540295,7.4226527,5.835923977760016
2022_08_CHI_DAL,2022,8,DAL,CHI,2022-10-30,10.0,10.751078,10.562729,11.316123,8.867417842456275
2022_08_MIA_DET,2022,8,DET,MIA,2022-10-30,-3.0,-3.957703,-3.7548919,-4.566138,-4.750067073029769
2022_08_ARI_MIN,2022,8,MIN,ARI,2022-10-30,6.5,9.992772,9.746869,10.730481,10.473891470413605
2022_08_LV_NO,2022,8,NO,LV,2022-10-30,1.0,2.8117094,2.9762666,2.3180375,3.6736102682148832
2022_08_NE_NYJ,2022,8,NYJ,NE,2022-10-30,-1.0,-4.591606,-5.1292944,-2.9785423,-4.670150308070231
2022_08_PIT_PHI,2022,8,PHI,PIT,2022-10-30,9.5,8.3531,8.246985,8.671446,8.081651096037135
2022_08_TEN_HOU,2022,8,HOU,TEN,2022-10-30,-3.5,-3.9887547,-4.6688747,-1.9483951,-4.693379163792807
2022_08_WAS_IND,2022,8,IND,WAS,2022-10-30,6.0,6.3924847,6.739238,5.3522263,7.16511231857361
2022_08_SF_LA,2022,8,LA,SF,2022-10-30,2.5,-0.48070642,-0.27221036,-1.1061946,0.7547831112279821
2022_08_NYG_SEA,2022,8,SEA,NYG,2022-10-30,1.5,3.6167636,3.7125332,3.329455,1.3527144642830855
2022_08_GB_BUF,2022,8,BUF,GB,2022-10-30,8.5,8.361803,8.619952,7.587356,8.838423555220473
2022_08_CIN_CLE,2022,8,CLE,CIN,2022-10-31,-2.5,-4.3575807,-4.7370815,-3.2190776,-4.0511289630974865
2022_09_PHI_HOU,2022,9,HOU,PHI,2022-11-03,-9.0,-9.400402,-9.428586,-9.315849,-8.177616967048532
2022_09_LAC_ATL,2022,9,ATL,LAC,2022-11-06,-3.0,-7.060631,-7.1881046,-6.6782093,-8.32054028718663
2022_09_MIA_CHI,2022,9,CHI,MIA,2022-11-06,-3.5,-5.5684996,-4.995805,-7.286583,-5.72864652616369
2022_09_CAR_CIN,2022,9,CIN,CAR,2022-11-06,9.0,6.4514494,6.598783,6.009449,6.634983603923919
2022_09_GB_DET,2022,9,DET,GB,2022-11-06,-3.5,0.56976426,1.6029822,-2.5298896,0.47888485519427926
2022_09_LV_JAX,2022,9,JAX,LV,2022-11-06,-1.5,-1.0816046,-0.93391395,-1.5246767,-1.0481918585129248
2022_09_IND_NE,2022,9,NE,IND,2022-11-06,6.0,5.408573,5.49883,5.137801,4.999057379003321
2022_09_BUF_NYJ,2022,9,NYJ,BUF,2022-11-06,-10.5,-9.611614,-9.506756,-9.9261875,-10.222480573966024
2022_09_MIN_WAS,2022,9,WAS,MIN,2022-11-06,-2.5,-3.094852,-3.0394075,-3.2611861,-3.551590874790315
2022_09_SEA_ARI,2022,9,ARI,SEA,2022-11-06,3.5,-0.03337589,-0.57480085,1.590899,-0.97860309025548
2022_09_LA_TB,2022,9,TB,LA,2022-11-06,1.5,-1.2297611,-1.2401681,-1.1985403,-3.2380812021681726
2022_09_TEN_KC,2022,9,KC,TEN,2022-11-06,10.5,11.049381,11.143428,10.767241,8.939356091492144
2022_09_BAL_NO,2022,9,NO,BAL,2022-11-07,-3.5,-3.061455,-2.7840416,-3.8936949,-3.406636477219679
2022_10_ATL_CAR,2022,10,CAR,ATL,2022-11-10,-1.5,-3.002987,-2.943149,-3.1825013,-2.843302679898462
2022_10_SEA_TB,2022,10,TB,SEA,2022-11-13,2.5,6.720111,6.762845,6.5919075,7.020521817660445
2022_10_MIN_BUF,2022,10,BUF,MIN,2022-11-13,9.5,6.626593,6.6074934,6.6838927,6.063119415819769
2022_10_DET_CHI,2022,10,CHI,DET,2022-11-13,1.5,-0.6553238,-0.43332493,-1.3213204,-0.8469845846716906
2022_10_JAX_KC,2022,10,KC,JAX,2022-11-13,9.5,10.491256,9.956257,12.0962515,8.161802160345594
2022_10_CLE_MIA,2022,10,MIA,CLE,2022-11-13,5.5,3.9981418,4.287425,3.1302915,4.804840154679618
2022_10_HOU_NYG,2022,10,NYG,HOU,2022-11-13,6.0,7.405271,7.6429496,6.6922364,8.383970697358468
2022_10_NO_PIT,2022,10,PIT,NO,2022-11-13,-2.5,-1.4536852,-1.2988871,-1.9180795,-2.9931788816859086
2022_10_DEN_TEN,2022,10,TEN,DEN,2022-11-13,2.0,3.5553045,3.3963907,4.0320463,2.7974504477004207
2022_10_IND_LV,2022,10,LV,IND,2022-11-13,3.5,0.26592588,-0.20477702,1.6780345,0.19063276793185027
2022_10_DAL_GB,2022,10,GB,DAL,2022-11-13,-3.0,-5.415032,-5.291743,-5.784899,-5.411802904639383
2022_10_ARI_LA,2022,10,LA,ARI,2022-11-13,3.0,4.294068,4.786562,2.816586,4.169047487477687
2022_10_LAC_SF,2022,10,SF,LAC,2022-11-13,3.5,3.5648766,3.0717256,5.0443296,1.4959238100114902
2022_10_WAS_PHI,2022,10,PHI,WAS,2022-11-14,10.0,12.233377,12.061167,12.750006,11.779538191168523
2022_11_TEN_GB,2022,11,GB,TEN,2022-11-17,1.0,0.1474428,-0.01805696,0.6439421,-0.6493890179101123
2022_11_CHI_ATL,2022,11,ATL,CHI,2022-11-20,4.5,3.5557363,3.317381,4.2708025,3.540025287029714
2022_11_CAR_BAL,2022,11,BAL,CAR,2022-11-20,12.5,16.25705,16.695255,14.942434,14.57168968531611
2022_11_CLE_BUF,2022,11,BUF,CLE,2022-11-20,6.5,7.742626,8.361156,5.8870354,8.670828742921945
2022_11_WAS_HOU,2022,11,HOU,WAS,2022-11-20,-2.5,-7.1600943,-7.6212187,-5.776721,-7.848390556484421
2022_11_PHI_IND,2022,11,IND,PHI,2022-11-20,-10.0,-5.9718304,-5.3343377,-7.884307,-5.634977393997427
2022_11_NYJ_NE,2022,11,NE,NYJ,2022-11-20,5.5,5.789152,5.2411437,7.433177,4.640081558091857
2022_11_LA_NO,2022,11,NO,LA,2022-11-20,-1.0,-0.3340028,-0.028351907,-1.2509555,-1.826284196135167
2022_11_DET_NYG,2022,11,NYG,DET,2022-11-20,4.0,2.9667542,3.226633,2.1871176,3.8013425532959086
2022_11_LV_DEN,2022,11,DEN,LV,2022-11-20,2.5,-2.5280054,-3.0553606,-0.94594014,-0.20214886825801992
2022_11_DAL_MIN,2022,11,MIN,DAL,2022-11-20,1.0,-4.4373593,-4.2662907,-4.950566,-4.274522535624702
2022_11_CIN_PIT,2022,11,PIT,CIN,2022-11-20,-5.5,-6.032925,-6.304717,-5.21755,-6.029167349059
2022_11_KC_LAC,2022,11,LAC,KC,2022-11-20,-5.5,-6.2047763,-6.0366297,-6.709215,-4.580378696863911
2022_11_SF_ARI,2022,11,ARI,SF,2022-11-21,-5.5,-10.21517,-9.486602,-12.400876,-7.933529156374287
2022_12_BUF_DET,2022,12,DET,BUF,2022-11-24,-10.0,-10.858464,-11.394841,-9.249333,-10.532175579262557
2022_12_NYG_DAL,2022,12,DAL,NYG,2022-11-24,6.5,12.468599,11.6445675,14.940695,11.888833490785906
2022_12_NE_MIN,2022,12,MIN,NE,2022-11-24,3.5,3.7033837,4.1845374,2.2599227,3.252373148901053
2022_12_DEN_CAR,2022,12,CAR,DEN,2022-11-27,-2.5,3.5853276,4.245808,1.6038861,2.751796878016184
2022_12_TB_CLE,2022,12,CLE,TB,2022-11-27,-3.0,-1.3032913,-0.70228547,-3.106309,-1.807423847793638
2022_12_BAL_JAX,2022,12,JAX,BAL,2022-11-27,-4.0,-6.952204,-7.2860327,-5.9507194,-8.109313727123768
2022_12_HOU_MIA,2022,12,MIA,HOU,2022-11-27,9.5,7.4378767,7.559287,7.073647,8.00411707568279
2022_12_CHI_NYJ,2022,12,NYJ,CHI,2022-11-27,3.5,3.7665033,3.4984949,4.5705285,4.612833753730079
2022_12_CIN_TEN,2022,12,TEN,CIN,2022-11-27,-2.0,1.4858826,2.456749,-1.4267162,-0.7964575094211249
2022_12_ATL_WAS,2022,12,WAS,ATL,2022-11-27,3.0,7.7461214,8.085937,6.726676,7.8062262962847955
2022_12_LAC_ARI,2022,12,ARI,LAC,2022-11-27,-2.5,-1.4857352,-1.6871523,-0.88148415,-2.231264204427973
2022_12_LV_SEA,2022,12,SEA,LV,2022-11-27,3.0,6.079413,6.882598,3.6698587,5.805171702136472
2022_12_LA_KC,2022,12,KC,LA,2022-11-27,10.0,14.932711,15.208105,14.10653,15.290123463845575
2022_12_NO_SF,2022,12,SF,NO,2022-11-27,8.5,5.0584397,5.1004915,4.932284,7.181439067134993
2022_12_GB_PHI,2022,12,PHI,GB,2022-11-27,6.5,7.2257576,7.2154,7.2568307,7.684717905053181
2022_12_PIT_IND,2022,12,IND,PIT,2022-11-28,3.0,1.5109314,1.2995428,2.1450973,0.46819206469549574
2022_13_BUF_NE,2022,13,NE,BUF,2022-12-01,-5.5,-0.9798044,-0.75886494,-1.6426228,0.1301204178861323
2022_13_PIT_ATL,2022,13,ATL,PIT,2022-12-04,1.0,-3.671556,-3.499909,-4.186497,-4.654249516607759
2022_13_DEN_BAL,2022,13,BAL,DEN,2022-12-04,6.5,11.317444,11.49992,10.770016,9.997337316332416
2022_13_GB_CHI,2022,13,CHI,GB,2022-12-04,-2.5,-3.8195066,-3.6744266,-4.254748,-3.6450773283565736
2022_13_JAX_DET,2022,13,DET,JAX,2022-12-04,1.0,-1.3320087,-1.9371467,0.48340523,-1.5756890962883119
2022_13_CLE_HOU,2022,13,HOU,CLE,2022-12-04,-5.0,-2.7279515,-3.4408007,-0.5894042,0.500105322918837
2022_13_NYJ_MIN,2022,13,MIN,NYJ,2022-12-04,3.0,4.28003,4.134423,4.71685,3.5931734727278313
2022_13_WAS_NYG,2022,13,NYG,WAS,2022-12-04,-1.5,2.375113,2.6214814,1.636008,2.1733942042063505
2022_13_TEN_PHI,2022,13,PHI,TEN,2022-12-04,6.5,8.407331,8.213844,8.987792,7.98779327110174
2022_13_SEA_LA,2022,13,LA,SEA,2022-12-04,-3.0,-3.4111645,-2.9163327,-4.8956594,-3.49137109529317
2022_13_MIA_SF,2022,13,SF,MIA,2022-12-04,4.5,2.1433108,1.9130043,2.8342304,2.900767873457784
2022_13_KC_CIN,2022,13,CIN,KC,2022-12-04,-3.0,-5.8764343,-5.26066,-7.7237577,-5.217932510498863
2022_13_LAC_LV,2022,13,LV,LAC,2022-12-04,-3.0,1.9090762,2.418578,0.38057148,2.0904755504231303
2022_13_IND_DAL,2022,13,DAL,IND,2022-12-04,9.5,11.494199,11.5162,11.428197,11.353838300570674
2022_13_NO_TB,2022,13,TB,NO,2022-12-05,6.5,5.031725,5.323719,4.155742,5.217431368312344
2022_14_LV_LA,2022,14,LA,LV,2022-12-08,-4.5,-7.0126085,-6.955494,-7.1839514,-5.001851077894459
2022_14_NYJ_BUF,2022,14,BUF,NYJ,2022-12-11,9.5,4.7826033,4.6892276,5.0627303,5.568806038217234
2022_14_CLE_CIN,2022,14,CIN,CLE,2022-12-11,3.5,1.2824503,1.0969812,1.8388578,0.8126786124783016
2022_14_HOU_DAL,2022,14,DAL,HOU,2022-12-11,14.0,10.367441,10.688863,9.403177,9.137577268989054
2022_14_MIN_DET,2022,14,DET,MIN,2022-12-11,-3.0,4.1994467,5.223559,1.1271098,3.985232732874392
2022_14_PHI_NYG,2022,14,NYG,PHI,2022-12-11,-6.0,-6.8966484,-6.757175,-7.31507,-6.326783692675738
2022_14_BAL_PIT,2022,14,PIT,BAL,2022-12-11,-4.0,-2.3466415,-2.0322053,-3.2899504,-2.484226324074396
2022_14_JAX_TEN,2022,14,TEN,JAX,2022-12-11,4.0,0.10750368,0.056601483,0.26021028,1.2714057986828995
2022_14_KC_DEN,2022,14,DEN,KC,2022-12-11,-7.0,-10.811909,-10.367519,-12.145078,-10.799131600287243
2022_14_CAR_SEA,2022,14,SEA,CAR,2022-12-11,7.0,7.892805,8.189234,7.003518,8.336433024785997
2022_14_TB_SF,2022,14,SF,TB,2022-12-11,5.5,6.8352375,7.274621,5.5170865,6.913436350030767
2022_14_MIA_LAC,2022,14,LAC,MIA,2022-12-11,-1.0,-4.2424574,-4.323041,-4.0007076,-4.303089584016375
2022_14_NE_ARI,2022,14,ARI,NE,2022-12-12,-1.5,0.18813026,0.386567,-0.40717995,0.10608513057840928
2022_15_SF_SEA,2022,15,SEA,SF,2022-12-15,-1.0,1.4891729,1.2940533,2.0745316,1.309957043873867
2022_15_IND_MIN,2022,15,MIN,IND,2022-12-17,5.5,6.1042194,6.0384135,6.3016367,6.107291798908342
2022_15_BAL_CLE,2022,15,CLE,BAL,2022-12-17,3.0,0.6648357,0.55438155,0.99619824,-0.18442324046168382
2022_15_MIA_BUF,2022,15,BUF,MIA,2022-12-17,7.5,5.5757585,5.612058,5.46686,4.315821874726841
2022_15_PIT_CAR,2022,15,CAR,PIT,2022-12-18,-3.0,-2.5618963,-2.7107031,-2.1154757,-3.078758268155062
2022_15_PHI_CHI,2022,15,CHI,PHI,2022-12-18,-7.5,-11.660822,-11.269732,-12.834091,-11.98104967558368
2022_15_KC_HOU,2022,15,HOU,KC,2022-12-18,-14.0,-12.487242,-10.987085,-16.987707,-10.380773336723367
2022_15_DAL_JAX,2022,15,JAX,DAL,2022-12-18,-6.0,-7.769721,-7.99691,-7.088153,-7.699670874289397
2022_15_ATL_NO,2022,15,NO,ATL,2022-12-18,3.5,-0.94502807,-1.5917498,0.9951371,-0.7652297967882026
2022_15_DET_NYJ,2022,15,NYJ,DET,2022-12-18,3.0,-2.8247395,-3.0631332,-2.1095576,-1.9768820419978341
2022_15_ARI_DEN,2022,15,DEN,ARI,2022-12-18,1.0,-2.5809555,-2.7180438,-2.1696906,-2.6097828795919935
2022_15_NE_LV,2022,15,LV,NE,2022-12-18,2.0,-2.4290557,-1.7073133,-4.594283,-0.5819732124530035
2022_15_TEN_LAC,2022,15,LAC,TEN,2022-12-18,2.0,0.31127536,-0.18430677,1.7980218,-0.6491821961702622
2022_15_CIN_TB,2022,15,TB,CIN,2022-12-18,-2.0,-2.0388448,-2.1794078,-1.6171564,-4.09353982112521
2022_15_NYG_WAS,2022,15,WAS,NYG,2022-12-18,4.0,-0.99407125,-0.7572402,-1.7045645,-0.4186326620139892
2022_15_LA_GB,2022,15,GB,LA,2022-12-19,9.0,7.4624653,7.5174417,7.2975354,7.343667764246016
2022_16_JAX_NYJ,2022,16,NYJ,JAX,2022-12-22,1.5,0.46525925,-0.20072946,2.4632254,1.364072139024383
2022_16_ATL_BAL,2022,16,BAL,ATL,2022-12-24,6.5,9.064416,9.076052,9.029509,9.729099615557105
2022_16_DET_CAR,2022,16,CAR,DET,2022-12-24,-2.5,2.2780247,2.0516636,2.957108,2.311875555450915
2022_16_BUF_CHI,2022,16,CHI,BUF,2022-12-24,-10.0,-10.213535,-10.063761,-10.66286,-10.449792455946955
2022_16_NO_CLE,2022,16,CLE,NO,2022-12-24,3.0,-0.2865683,0.27133775,-1.9602865,1.2131265532020128
2022_16_SEA_KC,2022,16,KC,SEA,2022-12-24,9.5,9.418723,9.52593,9.097101,8.947956457101219
2022_16_NYG_MIN,2022,16,MIN,NYG,2022-12-24,4.5,3.588476,4.1245546,1.9802396,5.614563152003347
2022_16_CIN_NE,2022,16,NE,CIN,2022-12-24,-3.0,-0.012291908,0.42687094,-1.3297805,-1.6762863628007503
2022_16_HOU_TEN,2022,16,TEN,HOU,2022-12-24,8.5,8.565469,8.305213,9.346236,7.183271986467574
2022_16_WAS_SF,2022,16,SF,WAS,2022-12-24,6.5,6.5583944,7.0533843,5.073425,7.825764882310028
2022_16_PHI_DAL,2022,16,DAL,PHI,2022-12-24,1.5,-2.3683295,-0.6870656,-7.412122,0.7729013652636281
2022_16_LV_PIT,2022,16,PIT,LV,2022-12-24,1.0,4.2768784,3.7487745,5.861189,5.637719127743694
2022_16_GB_MIA,2022,16,MIA,GB,2022-12-25,3.5,1.4866561,1.7710108,0.633592,0.7079560421933573
2022_16_DEN_LA,2022,16,LA,DEN,2022-12-25,1.0,5.3740053,5.349913,5.446281,5.406677557778233
2022_16_TB_ARI,2022,16,ARI,TB,2022-12-25,-3.0,-5.406,-4.8239765,-7.152071,-5.180962333983838
2022_16_LAC_IND,2022,16,IND,LAC,2022-12-26,-2.5,-2.1852078,-1.7651427,-3.445403,-1.8205128055481439
2022_17_DAL_TEN,2022,17,TEN,DAL,2022-12-29,-3.0,-4.903805,-4.45838,-6.2400784,-4.872317680859065
2022_17_ARI_ATL,2022,17,ATL,ARI,2023-01-01,3.0,-0.1950069,-0.6792009,1.257575,-0.46500090208920897
2022_17_CHI_DET,2022,17,DET,CHI,2023-01-01,6.5,7.663487,8.22009,5.9936767,9.193305794446687
2022_17_JAX_HOU,2022,17,HOU,JAX,2023-01-01,-4.5,-6.8951073,-7.7617965,-4.2950406,-5.378100251007881
2022_17_DEN_KC,2022,17,KC,DEN,2023-01-01,10.0,12.77759,12.79754,12.717737,12.311512292092326
2022_17_MIA_NE,2022,17,NE,MIA,2023-01-01,-2.5,-1.3272578,-0.7943021,-2.9261246,-2.810299509553293
2022_17_IND_NYG,2022,17,NYG,IND,2023-01-01,3.0,8.750516,8.418738,9.74585,9.148682336956576
2022_17_NO_PHI,2022,17,PHI,NO,2023-01-01,5.5,11.582529,11.738229,11.115429,13.104218042720325
2022_17_CAR_TB,2022,17,TB,CAR,2023-01-01,7.0,2.2236347,1.6587064,3.9184198,1.4694875334813542
2022_17_CLE_WAS,2022,17,WAS,CLE,2023-01-01,2.0,1.9611639,1.8265433,2.3650255,0.2817870876393445
2022_17_SF_LV,2022,17,LV,SF,2023-01-01,-4.5,-5.930638,-6.579749,-3.983305,-7.3402276183444295
2022_17_NYJ_SEA,2022,17,SEA,NYJ,2023-01-01,1.0,0.22202519,0.40983668,-0.34140933,-0.928529034339155
2022_17_MIN_GB,2022,17,GB,MIN,2023-01-01,2.5,4.107189,3.765476,5.1323295,2.981676913749056
2022_17_LA_LAC,2022,17,LAC,LA,2023-01-01,6.5,10.903787,11.086601,10.355343,10.408808732371828
2022_17_PIT_BAL,2022,17,BAL,PIT,2023-01-01,4.0,1.5224946,1.2984697,2.194569,0.9565727698884142
2022_18_KC_LV,2022,18,LV,KC,2023-01-07,-9.5,-8.634561,-8.738403,-8.323033,-9.61569309997148
2022_18_TB_ATL,2022,18,ATL,TB,2023-01-08,1.0,-3.2073104,-3.763088,-1.5399781,-5.142053948066605
2022_18_NE_BUF,2022,18,BUF,NE,2023-01-08,10.0,8.381258,8.52204,7.9589105,8.938449665681823
2022_18_MIN_CHI,2022,18,CHI,MIN,2023-01-08,-2.5,-7.247091,-7.3392296,-6.9706745,-7.236494661408146
2022_18_BAL_CIN,2022,18,CIN,BAL,2023-01-08,6.0,5.0164094,5.057848,4.892094,4.646041790094431
2022_18_HOU_IND,2022,18,IND,HOU,2023-01-08,2.5,4.1652403,4.6348624,2.7563748,4.9708674533496815
2022_18_NYJ_MIA,2022,18,MIA,NYJ,2023-01-08,-1.0,-2.0675416,-1.4950857,-3.7849097,-2.13532597600261
2022_18_CAR_NO,2022,18,NO,CAR,2023-01-08,3.0,-0.26989022,-0.4195691,0.17914641,0.745342894964396
2022_18_CLE_PIT,2022,18,PIT,CLE,2023-01-08,1.0,4.0076723,4.1607924,3.5483112,2.5629593405208215
2022_18_LAC_DEN,2022,18,DEN,LAC,2023-01-08,2.5,-3.7375264,-3.5533257,-4.2901287,-4.074379969736607
2022_18_NYG_PHI,2022,18,PHI,NYG,2023-01-08,1.5,6.7317123,6.743814,6.695409,6.392809137544366
2022_18_LA_SEA,2022,18,SEA,LA,2023-01-08,3.0,0.042433426,0.22178365,-0.49561727,1.3634738585869433
2022_18_ARI_SF,2022,18,SF,ARI,2023-01-08,10.5,11.952754,12.386075,10.652789,9.800763767511414
2022_18_DAL_WAS,2022,18,WAS,DAL,2023-01-08,4.5,2.7623396,2.2600667,4.2691584,1.5620477502560162
2022_18_DET_GB,2022,18,GB,DET,2023-01-08,4.5,3.3948355,3.4193494,3.3212943,3.9571127462264153
2022_19_SEA_SF,2022,19,SF,SEA,2023-01-14,10.0,7.624754,7.2002473,8.8982725,7.848978756674281
2022_19_LAC_JAX,2022,19,JAX,LAC,2023-01-14,-1.0,-1.7243491,-1.6487045,-1.9512829,-2.141446293771178
2022_19_MIA_BUF,2022,19,BUF,MIA,2023-01-15,10.5,10.74335,10.868242,10.368671,7.9940768637578214
2022_19_NYG_MIN,2022,19,MIN,NYG,2023-01-15,3.0,7.199339,7.4226623,6.5293694,7.157307171791151
2022_19_BAL_CIN,2022,19,CIN,BAL,2023-01-15,6.5,7.162615,6.5261474,9.072019,6.501814243064715
2022_19_DAL_TB,2022,19,TB,DAL,2023-01-16,-3.0,-3.7796364,-4.0049386,-3.1037288,-5.89399685950978
2022_20_JAX_KC,2022,20,KC,JAX,2023-01-21,9.0,12.713167,11.655415,15.886424,10.485183652563377
2022_20_NYG_PHI,2022,20,PHI,NYG,2023-01-21,7.0,10.067186,9.915883,10.521095,8.103322147974135
2022_20_CIN_BUF,2022,20,BUF,CIN,2023-01-22,4.0,4.888151,4.2810645,6.7094116,5.261112473073081
2022_20_DAL_SF,2022,20,SF,DAL,2023-01-22,4.0,5.579703,5.150075,6.868587,4.505039320067282
2022_21_SF_PHI,2022,21,PHI,SF,2023-01-29,1.5,5.7524195,5.879597,5.3708863,5.468309638959179
2022_21_CIN_KC,2022,21,KC,CIN,2023-01-29,1.0,2.6232975,2.1363602,4.0841093,1.7914358149937066
2022_22_KC_PHI,2022,22,PHI,KC,2023-02-12,1.5,-3.2592149,-3.1891773,-3.4693284,-1.8756486299205364
2023_01_DET_KC,2023,1,KC,DET,2023-09-07,6.5,9.910509,9.424852,11.36748,7.483390300111777
2023_01_CAR_ATL,2023,1,ATL,CAR,2023-09-10,2.5,-0.6760963,-1.2940284,1.1776999,-0.6042750439287071
2023_01_HOU_BAL,2023,1,BAL,HOU,2023-09-10,9.5,7.6315026,7.079124,9.288639,6.659163755071982
2023_01_CIN_CLE,2023,1,CLE,CIN,2023-09-10,-2.5,-2.8544912,-3.0028303,-2.4094748,-1.8919051263086777
2023_01_JAX_IND,2023,1,IND,JAX,2023-09-10,-3.5,-4.7901807,-4.365457,-6.0643516,-3.2221252556393916
2023_01_TB_MIN,2023,1,MIN,TB,2023-09-10,6.0,6.015806,6.1035166,5.752673,6.223000514787614
2023_01_TEN_NO,2023,1,NO,TEN,2023-09-10,3.5,2.0009604,1.7095342,2.875239,2.236137249301412
2023_01_SF_PIT,2023,1,PIT,SF,2023-09-10,-3.0,-1.7826424,-2.1523888,-0.6734029,0.935204308799948
2023_01_ARI_WAS,2023,1,WAS,ARI,2023-09-10,5.5,3.7570426,4.187905,2.4644558,3.4957650916660605
2023_01_GB_CHI,2023,1,CHI,GB,2023-09-10,2.5,-1.5374906,-0.9617762,-3.2646337,-1.0615586758111577
2023_01_LV_DEN,2023,1,DEN,LV,2023-09-10,3.0,-1.1955594,-0.38502896,-3.6271505,-0.6635535984168637
2023_01_MIA_LAC,2023,1,LAC,MIA,2023-09-10,2.5,-2.4175396,-1.9302384,-3.8794432,0.2657788223433057
2023_01_PHI_NE,2023,1,NE,PHI,2023-09-10,-5.0,-7.858551,-7.817051,-7.983051,-5.611335777941821
2023_01_LA_SEA,2023,1,SEA,LA,2023-09-10,5.0,-1.1648482,-0.29737923,-3.7672553,-0.32053884959174694
2023_01_DAL_NYG,2023,1,NYG,DAL,2023-09-10,-2.5,-3.822701,-3.8804088,-3.649578,-3.0069382388465313
2023_01_BUF_NYJ,2023,1,NYJ,BUF,2023-09-11,-1.5,-4.103157,-3.7593951,-5.1344423,-4.733861799188585
2023_02_MIN_PHI,2023,2,PHI,MIN,2023-09-14,7.0,8.951622,8.796728,9.416305,7.421162520475836
2023_02_GB_ATL,2023,2,ATL,GB,2023-09-17,1.5,-1.9423757,-2.143257,-1.339732,-2.1668275981174787
2023_02_LV_BUF,2023,2,BUF,LV,2023-09-17,9.5,1.789762,1.9337721,1.3577316,3.096077595730031
2023_02_BAL_CIN,2023,2,CIN,BAL,2023-09-17,3.5,-0.6304784,-0.7927972,-0.14352179,0.1596240847681243
2023_02_SEA_DET,2023,2,DET,SEA,2023-09-17,3.0,2.964107,2.066278,5.657594,2.183724551182883
2023_02_IND_HOU,2023,2,HOU,IND,2023-09-17,1.5,-3.6167827,-3.075235,-5.241427,-1.3679846940241747
2023_02_KC_JAX,2023,2,JAX,KC,2023-09-17,-2.5,-5.1605024,-5.4651113,-4.246676,-3.863382473377615
2023_02_CHI_TB,2023,2,TB,CHI,2023-09-17,-1.5,1.4370184,1.9078679,0.024469733,2.4242770370191407
2023_02_LAC_TEN,2023,2,TEN,LAC,2023-09-17,-3.0,-4.420001,-3.9714847,-5.765551,-2.929368477581917
2023_02_NYG_ARI,2023,2,ARI,NYG,2023-09-17,-5.5,-1.3451816,-0.79539794,-2.9945326,-2.9472814564548866
2023_02_SF_LA,2023,2,LA,SF,2023-09-17,-6.0,-4.5972047,-5.093195,-3.1092343,-3.4038607831984407
2023_02_NYJ_DAL,2023,2,DAL,NYJ,2023-09-17,3.0,3.4564404,3.841181,2.3022187,3.9792315253548565
2023_02_WAS_DEN,2023,2,DEN,WAS,2023-09-17,3.5,3.2663293,3.8774679,1.432914,3.2810089083215503
2023_02_MIA_NE,2023,2,NE,MIA,2023-09-17,-2.0,-4.0275297,-3.8992138,-4.4124784,-2.5481791697578378
2023_02_NO_CAR,2023,2,CAR,NO,2023-09-18,-1.5,-1.8928424,-1.2116456,-3.9364328,-1.3500018691834312
2023_02_CLE_PIT,2023,2,PIT,CLE,2023-09-18,1.0,3.6153798,3.3116238,4.5266476,4.528385043357111
2023_03_NYG_SF,2023,3,SF,NYG,2023-09-21,9.5,9.084257,9.559523,7.658462,7.151588345907463
2023_03_IND_BAL,2023,3,BAL,IND,2023-09-24,8.5,6.6052694,6.7061834,6.3025293,5.4490018633952655
2023_03_TEN_CLE,2023,3,CLE,TEN,2023-09-24,4.5,3.052298,2.7953808,3.823049,3.382945805174172
2023_03_ATL_DET,2023,3,DET,ATL,2023-09-24,5.5,10.367788,10.462359,10.084075,8.495188018741048
2023_03_NO_GB,2023,3,GB,NO,2023-09-24,1.5,2.6643484,3.3617895,0.57202506,2.997335474021211
2023_03_HOU_JAX,2023,3,JAX,HOU,2023-09-24,7.5,9.431019,9.941487,7.8996115,8.567538656242517
2023_03_DEN_MIA,2023,3,MIA,DEN,2023-09-24,5.5,9.805202,10.025563,9.1441145,8.934859737487363
2023_03_LAC_MIN,2023,3,MIN,LAC,2023-09-24,-1.5,-3.678142,-3.4278188,-4.429111,-3.0324158196674165
2023_03_NE_NYJ,2023,3,NYJ,NE,2023-09-24,-2.0,-7.295599,-7.056419,-8.013141,-5.81828936555496
2023_03_BUF_WAS,2023,3,WAS,BUF,2023-09-24,-5.5,-11.328365,-11.82107,-9.85025,-7.893384897678726
2023_03_CAR_SEA,2023,3,SEA,CAR,2023-09-24,4.0,2.6674716,2.6011548,2.8664222,3.047946395579957
2023_03_DAL_ARI,2023,3,ARI,DAL,2023-09-24,-10.5,-8.127111,-7.67804,-9.474325,-7.100807170677449
2023_03_CHI_KC,2023,3,KC,CHI,2023-09-24,11.5,14.684629,15.330976,12.745588,12.573522291785375
2023_03_PIT_LV,2023,3,LV,PIT,2023-09-24,-1.0,-2.2702131,-2.363688,-1.9897889,-1.6977887881298943
2023_03_PHI_TB,2023,3,TB,PHI,2023-09-25,-7.0,-6.809004,-7.0584354,-6.06071,-7.1928419081490045
2023_03_LA_CIN,2023,3,CIN,LA,2023-09-25,7.5,3.3793607,2.9228098,4.7490134,2.229985435947606
2023_04_DET_GB,2023,4,GB,DET,2023-09-28,1.5,-0.2353158,-0.35532638,0.124715924,0.6743824390583819
2023_04_ATL_JAX,2023,4,JAX,ATL,2023-10-01,3.5,1.8152987,1.294034,3.3790927,1.8853976772730854
2023_04_MIA_BUF,2023,4,BUF,MIA,2023-10-01,3.5,2.4939747,2.7245271,1.8023171,3.140345400682753
2023_04_MIN_CAR,2023,4,CAR,MIN,2023-10-01,-2.5,-3.913166,-4.325057,-2.677493,-3.897507640476266
2023_04_DEN_CHI,2023,4,CHI,DEN,2023-10-01,-1.5,-5.8156424,-5.559263,-6.5847793,-5.474853492234061
2023_04_BAL_CLE,2023,4,CLE,BAL,2023-10-01,-1.5,0.44757515,0.42357567,0.51957357,-0.587691455748286
2023_04_PIT_HOU,2023,4,HOU,PIT,2023-10-01,-4.5,1.6488351,2.345153,-0.44011915,-1.5684508545154776
2023_04_LA_IND,2023,4,IND,LA,2023-10-01,-1.5,-0.6423525,-0.1488577,-2.122837,-0.21328903221251838
2023_04_TB_NO,2023,4,NO,TB,2023-10-01,3.5,2.1510386,1.5878112,3.8407216,0.9325015217990472
2023_04_WAS_PHI,2023,4,PHI,WAS,2023-10-01,7.5,6.231591,6.271116,6.1130176,6.337976018087763
2023_04_CIN_TEN,2023,4,TEN,CIN,2023-10-01,-1.5,-1.8597311,-1.4464874,-3.099462,-1.3687986558042173
2023_04_LV_LAC,2023,4,LAC,LV,2023-10-01,4.5,3.3323135,3.2903433,3.4582243,3.4771683977681023
2023_04_NE_DAL,2023,4,DAL,NE,2023-10-01,7.5,8.112869,8.397384,7.259325,7.459371248109767
2023_04_ARI_SF,2023,4,SF,ARI,2023-10-01,14.0,11.061554,11.557906,9.572497,9.464647966074839
2023_04_KC_NYJ,2023,4,NYJ,KC,2023-10-01,-7.0,-9.171587,-9.10235,-9.379296,-8.931625616514745
2023_04_SEA_NYG,2023,4,NYG,SEA,2023-10-02,-1.0,-0.850294,-0.82690644,-0.9204565,-0.9104799414395053
2023_05_CHI_WAS,2023,5,WAS,CHI,2023-10-05,5.0,8.832857,9.71457,6.187719,7.782069405994662
2023_05_JAX_BUF,2023,5,BUF,JAX,2023-10-08,3.5,9.502045,8.789515,11.639634,6.899458769171428
2023_05_HOU_ATL,2023,5,ATL,HOU,2023-10-08,3.5,0.33548623,-0.52828217,2.9267914,0.3588309769971638
2023_05_CAR_DET,2023,5,DET,CAR,2023-10-08,7.5,9.846295,9.760098,10.104885,7.099759295989727
2023_05_TEN_IND,2023,5,IND,TEN,2023-10-08,1.0,0.5895199,0.3580944,1.2837965,-0.24565944049400396
2023_05_NYG_MIA,2023,5,MIA,NYG,2023-10-08,10.0,9.76597,9.401737,10.858671,8.725155671552807
2023_05_NO_NE,2023,5,NE,NO,2023-10-08,2.5,2.306272,2.1039467,2.9132485,2.4223755913541467
2023_05_BAL_PIT,2023,5,PIT,BAL,2023-10-08,-2.5,-1.9642686,-2.4442294,-0.52438605,-1.2150067026111337
2023_05_CIN_ARI,2023,5,ARI,CIN,2023-10-08,-7.0,-5.9315844,-5.540068,-7.106132,-5.178097947005315
2023_05_PHI_LA,2023,5,LA,PHI,2023-10-08,-6.0,-4.9022627,-4.733971,-5.407137,-4.501026982044292
2023_05_NYJ_DEN,2023,5,DEN,NYJ,2023-10-08,3.0,3.3647647,3.1699553,3.949193,3.7535216271229452
2023_05_KC_MIN,2023,5,MIN,KC,2023-10-08,-6.0,-5.949223,-5.842948,-6.268049,-4.595874501350262
2023_05_DAL_SF,2023,5,SF,DAL,2023-10-08,3.0,1.8819205,2.1230588,1.1585054,1.3775560677813696
2023_05_GB_LV,2023,5,LV,GB,2023-10-09,-1.0,-1.5771548,-1.5541842,-1.6460663,-0.6952557001597565
2023_06_DEN_KC,2023,6,KC,DEN,2023-10-12,10.0,5.8408856,5.8214316,5.899248,6.3809486821664745
2023_06_BAL_TEN,2023,6,TEN,BAL,2023-10-15,-5.5,-3.8807724,-3.6070096,-4.7020607,-2.7418079292752977
2023_06_WAS_ATL,2023,6,ATL,WAS,2023-10-15,1.5,-2.6409802,-2.5792797,-2.8260818,-1.380078507133955
2023_06_MIN_CHI,2023,6,CHI,MIN,2023-10-15,-4.5,-6.729213,-6.9018307,-6.2113605,-7.1076977823243945
2023_06_SEA_CIN,2023,6,CIN,SEA,2023-10-15,2.5,0.014429539,-0.31542942,1.0040064,0.7606682855448218
2023_06_SF_CLE,2023,6,CLE,SF,2023-10-15,-3.0,-5.1141405,-5.263701,-4.665458,-3.4359458919554893
2023_06_NO_HOU,2023,6,HOU,NO,2023-10-15,-1.0,2.4719543,2.6289594,2.000939,2.0115714704175023
2023_06_IND_JAX,2023,6,JAX,IND,2023-10-15,5.5,3.4471233,2.71687,5.637883,2.0206523357290824
2023_06_CAR_MIA,2023,6,MIA,CAR,2023-10-15,10.5,16.72478,17.141626,15.474236,12.04122308869096
2023_06_NE_LV,2023,6,LV,NE,2023-10-15,1.5,6.3662424,6.079797,7.225579,3.4177681507521447
2023_06_ARI_LA,2023,6,LA,ARI,2023-10-15,4.5,2.0263345,2.3526144,1.0474946,3.0790148263063157
2023_06_PHI_NYJ,2023,6,NYJ,PHI,2023-10-15,-6.5,-7.390209,-7.5003166,-7.0598874,-7.612176074020411
2023_06_DET_TB,2023,6,TB,DET,2023-10-15,-3.0,-2.30611,-2.7851574,-0.8689667,-1.7690229020738384
2023_06_NYG_BUF,2023,6,BUF,NYG,2023-10-15,12.0,15.674568,14.766607,18.39845,11.822347844661321
2023_06_DAL_LAC,2023,6,LAC,DAL,2023-10-16,-2.5,0.4377026,0.34496897,0.7159035,-0.05839637581488213
2023_07_JAX_NO,2023,7,NO,JAX,2023-10-19,1.0,-5.378877,-5.7766457,-4.185571,-3.6596415941130007
2023_07_DET_BAL,2023,7,BAL,DET,2023-10-22,2.5,7.416482,7.0881357,8.40152,5.366453211702628
2023_07_LV_CHI,2023,7,CHI,LV,2023-10-22,-1.0,-1.2634594,-0.9887871,-2.0874767,-0.9775432605305348
2023_07_CLE_IND,2023,7,IND,CLE,2023-10-22,-2.5,0.6171129,1.0613918,-0.7157239,2.319372056846217
2023_07_BUF_NE,2023,7,NE,BUF,2023-10-22,-9.0,-10.130019,-9.514016,-11.978026,-8.35262078188255
2023_07_WAS_NYG,2023,7,NYG,WAS,2023-10-22,-1.0,-4.788374,-4.5958514,-5.365941,-3.4172914353226176
2023_07_ATL_TB,2023,7,TB,ATL,2023-10-22,2.5,1.9321707,1.9804635,1.7872926,1.440222514514744
2023_07_PIT_LA,2023,7,LA,PIT,2023-10-22,3.0,-0.626492,-0.16079888,-2.0235715,0.2745435092315624
2023_07_ARI_SEA,2023,7,SEA,ARI,2023-10-22,7.0,10.120947,10.981657,7.5388165,9.962113758879868
2023_07_GB_DEN,2023,7,DEN,GB,2023-10-22,-1.5,-5.2915697,-4.934981,-6.3613353,-2.284606997302756
2023_07_LAC_KC,2023,7,KC,LAC,2023-10-22,6.0,4.2124624,4.155399,4.383654,4.339236306874583
2023_07_MIA_PHI,2023,7,PHI,MIA,2023-10-22,2.5,-0.61975175,-0.80855113,-0.053353548,1.426326332509631
2023_07_SF_MIN,2023,7,MIN,SF,2023-10-23,-7.0,-0.51176727,-0.27295974,-1.2281898,-2.3333368392525804
2023_08_TB_BUF,2023,8,BUF,TB,2023-10-26,8.0,9.920715,9.874432,10.059568,9.184928646339511
2023_08_HOU_CAR,2023,8,CAR,HOU,2023-10-29,-3.0,-3.153151,-3.675993,-1.5846251,-2.5280408054271866
2023_08_LA_DAL,2023,8,DAL,LA,2023-10-29,6.0,5.0573864,5.050184,5.0789943,4.026910759768419
2023_08_MIN_GB,2023,8,GB,MIN,2023-10-29,1.5,0.4415097,0.35557154,0.69932413,-0.7143572970539103
2023_08_NO_IND,2023,8,IND,NO,2023-10-29,-1.5,-0.34474558,-0.05416264,-1.2164944,0.3141707532352052
2023_08_NE_MIA,2023,8,MIA,NE,2023-10-29,12.0,12.532738,12.947242,11.289228,10.12260808065841
2023_08_NYJ_NYG,2023,8,NYG,NYJ,2023-10-29,-3.0,-2.7968214,-2.563424,-3.497013,-1.5628707670506266
2023_08_JAX_PIT,2023,8,PIT,JAX,2023-10-29,-1.5,-0.59411544,-0.9896297,0.59242725,0.4898199574868998
2023_08_ATL_TEN,2023,8,TEN,ATL,2023-10-29,1.0,0.6794871,0.96338177,-0.17219675,0.273016336953284
2023_08_PHI_WAS,2023,8,WAS,PHI,2023-10-29,-6.0,-7.7956343,-7.9863796,-7.2233977,-6.198378413828926
2023_08_CLE_SEA,2023,8,SEA,CLE,2023-10-29,2.0,4.2388687,4.26717,4.153964,4.884481578555176
2023_08_BAL_ARI,2023,8,ARI,BAL,2023-10-29,-7.5,-9.211276,-8.981616,-9.900258,-6.9622964177746365
2023_08_KC_DEN,2023,8,DEN,KC,2023-10-29,-8.5,-7.3877463,-6.964365,-8.65789,-5.082692462093207
2023_08_CIN_SF,2023,8,SF,CIN,2023-10-29,6.0,3.4470325,3.554783,3.1237805,2.3725631571572245
2023_08_CHI_LAC,2023,8,LAC,CHI,2023-10-29,9.5,12.146482,11.320882,14.623284,9.358040143451545
2023_08_LV_DET,2023,8,DET,LV,2023-10-30,7.5,6.5973577,6.273454,7.569068,5.635659002932307
2023_09_TEN_PIT,2023,9,PIT,TEN,2023-11-02,3.0,8.598961,8.767125,8.094467,6.037310572637333
2023_09_MIA_KC,2023,9,KC,MIA,2023-11-05,5.5,2.5722764,2.598575,2.4933798,3.1359229300941887
2023_09_MIN_ATL,2023,9,ATL,MIN,2023-11-05,1.0,-2.398574,-2.6560566,-1.6261262,-2.5395768178077645
2023_09_SEA_BAL,2023,9,BAL,SEA,2023-11-05,4.5,3.3459964,3.7398539,2.1644237,4.934564402621416
2023_09_ARI_CLE,2023,9,CLE,ARI,2023-11-05,8.5,7.9989405,8.41709,6.744492,6.974048536055771
2023_09_LA_GB,2023,9,GB,LA,2023-11-05,-1.0,-1.1887473,-1.6831475,0.2944535,-1.3769943001980467
2023_09_TB_HOU,2023,9,HOU,TB,2023-11-05,2.5,3.0440807,2.6076422,4.353397,2.074343683088289
2023_09_WAS_NE,2023,9,NE,WAS,2023-11-05,2.0,4.806321,4.710027,5.095203,3.391506572890379
2023_09_CHI_NO,2023,9,NO,CHI,2023-11-05,5.5,4.6300645,4.326891,5.5395856,3.161785402997575
2023_09_IND_CAR,2023,9,CAR,IND,2023-11-05,-2.5,-2.859771,-3.3973033,-1.2471741,-3.029764550580305
2023_09_NYG_LV,2023,9,LV,NYG,2023-11-05,2.5,6.080615,6.7315383,4.1278462,5.141845035591771
2023_09_DAL_PHI,2023,9,PHI,DAL,2023-11-05,3.0,5.5764675,5.842831,4.7773767,5.467447802456517
2023_09_BUF_CIN,2023,9,CIN,BUF,2023-11-05,-1.5,-2.798134,-3.3568227,-1.122068,-2.5778284889311007
2023_09_LAC_NYJ,2023,9,NYJ,LAC,2023-11-06,-1.5,-5.113291,-5.0225124,-5.3856254,-3.7704695480517194
2023_10_CAR_CHI,2023,10,CHI,CAR,2023-11-09,1.5,5.5465117,5.9575224,4.3134794,3.202322829978065
2023_10_IND_NE,2023,10,NE,IND,2023-11-12,4.5,-0.5673592,-1.057516,0.9031109,-0.9655620016458744
2023_10_CLE_BAL,2023,10,BAL,CLE,2023-11-12,4.5,8.201857,8.800426,6.406152,6.706044045939632
2023_10_HOU_CIN,2023,10,CIN,HOU,2023-11-12,8.5,6.7235417,5.5624585,10.206791,4.503088643062993
2023_10_SF_JAX,2023,10,JAX,SF,2023-11-12,-2.5,-4.313715,-4.6223783,-3.3877249,-2.8223840436077055
2023_10_NO_MIN,2023,10,MIN,NO,2023-11-12,-2.5,0.10912886,-0.11660798,0.7863394,0.8871416701006599
2023_10_GB_PIT,2023,10,PIT,GB,2023-11-12,2.5,3.245401,3.2253268,3.3056228,3.3877965482279624
2023_10_TEN_TB,2023,10,TB,TEN,2023-11-12,1.0,-1.2274985,-1.6935304,0.17059731,-2.6593800454271608
2023_10_ATL_ARI,2023,10,ARI,ATL,2023-11-12,-1.0,-3.7110028,-3.4884748,-4.378587,-2.061559668715312
2023_10_DET_LAC,2023,10,LAC,DET,2023-11-12,1.5,-0.3175457,-0.8460749,1.2680418,-0.2123613576403011
2023_10_NYG_DAL,2023,10,DAL,NYG,2023-11-12,9.5,11.171959,10.727078,12.506598,9.088670520517184
2023_10_WAS_SEA,2023,10,SEA,WAS,2023-11-12,5.5,4.811837,4.726604,5.067538,4.979320010453047
2023_10_NYJ_LV,2023,10,LV,NYJ,2023-11-12,-1.5,0.7448416,0.6718275,0.96388394,1.4856550043351902
2023_10_DEN_BUF,2023,10,BUF,DEN,2023-11-13,8.5,10.2698555,10.211044,10.446291,9.693332757898645
2023_11_CIN_BAL,2023,11,BAL,CIN,2023-11-16,2.5,5.3768115,5.2259507,5.829394,4.97788481870571
2023_11_DAL_CAR,2023,11,CAR,DAL,2023-11-19,-9.0,-12.020168,-11.333755,-14.0794115,-8.035845404155994
2023_11_PIT_CLE,2023,11,CLE,PIT,2023-11-19,4.5,3.6243937,2.705047,6.382434,3.042660716263998
2023_11_CHI_DET,2023,11,DET,CHI,2023-11-19,8.0,9.785041,9.891723,9.464996,8.104884587182045
2023_11_LAC_GB,2023,11,GB,LAC,2023-11-19,-2.5,-5.238476,-5.13037,-5.5627933,-4.143083170306725
2023_11_ARI_HOU,2023,11,HOU,ARI,2023-11-19,4.0,4.2998514,3.9895144,5.2308626,3.9307610808409486
2023_11_TEN_JAX,2023,11,JAX,TEN,2023-11-19,5.5,4.161241,4.2473097,3.9030347,2.992448593405379
2023_11_LV_MIA,2023,11,MIA,LV,2023-11-19,10.0,9.3050375,9.32576,9.24287,7.793111440247046
2023_11_NYG_WAS,2023,11,WAS,NYG,2023-11-19,8.0,6.0372605,5.597075,7.357816,4.40807342942012
2023_11_TB_SF,2023,11,SF,TB,2023-11-19,10.0,8.338484,8.505939,7.8361225,7.114995481674738
2023_11_NYJ_BUF,2023,11,BUF,NYJ,2023-11-19,6.5,8.09492,8.668039,6.3755617,7.3077960556953965
2023_11_SEA_LA,2023,11,LA,SEA,2023-11-19,-3.0,-3.7650828,-3.71384,-3.9188113,-1.7604136866037279
2023_11_MIN_DEN,2023,11,DEN,MIN,2023-11-19,2.5,1.9827936,1.1012607,4.6273923,0.8847906317051039
2023_11_PHI_KC,2023,11,KC,PHI,2023-11-20,2.5,0.2039156,-0.4267128,2.0958009,0.415099773284054
2023_12_GB_DET,2023,12,DET,GB,2023-11-23,7.5,4.020279,4.0108166,4.0486665,3.1834981841842
2023_12_WAS_DAL,2023,12,DAL,WAS,2023-11-23,9.5,11.874878,10.879448,14.861166,10.586186805655458
2023_12_SF_SEA,2023,12,SEA,SF,2023-11-23,-4.0,-6.373335,-6.0024147,-7.486096,-3.987281438828637
2023_12_MIA_NYJ,2023,12,NYJ,MIA,2023-11-24,2.5,-1.4273293,-1.2156914,-2.062243,-0.7267577839211016
2023_12_NO_ATL,2023,12,ATL,NO,2023-11-26,1.0,2.951027,2.2907197,4.931949,0.5758794076742617
2023_12_PIT_CIN,2023,12,CIN,PIT,2023-11-26,5.5,5.650962,5.489308,6.1359224,4.607361122784345
2023_12_JAX_HOU,2023,12,HOU,JAX,2023-11-26,-1.5,-4.116049,-3.9056015,-4.7473903,-2.3528106926016314
2023_12_TB_IND,2023,12,IND,TB,2023-11-26,1.5,1.1289439,1.0662694,1.3169672,0.07775265418890896
2023_12_NE_NYG,2023,12,NYG,NE,2023-11-26,-5.5,-6.251119,-6.4390416,-5.6873517,-4.738874232759977
2023_12_CAR_TEN,2023,12,TEN,CAR,2023-11-26,4.5,4.266794,3.8511584,5.5137014,4.331235735078908
2023_12_LA_ARI,2023,12,ARI,LA,2023-11-26,-2.5,-8.285553,-7.9725137,-9.224669,-5.840161443230054
2023_12_CLE_DEN,2023,12,DEN,CLE,2023-11-26,-2.5,0.29908812,0.5773455,-0.535684,0.3549849074845246
2023_12_KC_LV,2023,12,LV,KC,2023-11-26,-9.0,-8.150185,-6.82313,-12.131349,-4.776360164363807
2023_12_BUF_PHI,2023,12,PHI,BUF,2023-11-26,3.5,2.4894872,2.2068636,3.337358,2.5561577535419224
2023_12_BAL_LAC,2023,12,LAC,BAL,2023-11-26,-3.5,-2.86837,-3.0019953,-2.4674935,-2.029699477292609
2023_12_CHI_MIN,2023,12,MIN,CHI,2023-11-27,4.0,3.8793077,3.793166,4.1377335,3.044822099895832
2023_13_SEA_DAL,2023,13,DAL,SEA,2023-11-30,6.0,10.177227,10.438544,9.393274,9.05712095996093
2023_13_DEN_HOU,2023,13,HOU,DEN,2023-12-03,3.0,1.912238,1.7886044,2.2831388,2.0159332332132607
2023_13_LAC_NE,2023,13,NE,LAC,2023-12-03,-4.5,-6.320993,-6.146822,-6.8435063,-6.570204534153676
2023_13_DET_NO,2023,13,NO,DET,2023-12-03,-3.0,-4.967271,-4.334979,-6.8641458,-3.6296543981995435
2023_13_ATL_NYJ,2023,13,NYJ,ATL,2023-12-03,-1.5,-2.8444843,-2.609503,-3.5494275,-2.9805376743686187
2023_13_ARI_PIT,2023,13,PIT,ARI,2023-12-03,3.0,8.993786,9.515275,7.4293156,7.647655213732764
2023_13_IND_TEN,2023,13,TEN,IND,2023-12-03,1.0,-1.2924217,-1.8081973,0.25490534,-2.0667001167519414
2023_13_MIA_WAS,2023,13,WAS,MIA,2023-12-03,-6.5,-11.206831,-10.658926,-12.850548,-6.768941499879823
2023_13_CAR_TB,2023,13,TB,CAR,2023-12-03,5.5,5.376947,4.75292,7.2490273,4.014143411989899
2023_13_CLE_LA,2023,13,LA,CLE,2023-12-03,1.0,5.6693463,5.0867214,7.417221,3.804224098524394
2023_13_SF_PHI,2023,13,PHI,SF,2023-12-03,2.5,0.9916637,1.6915207,-1.1079074,2.4396830399108347
2023_13_KC_GB,2023,13,GB,KC,2023-12-03,-7.0,-8.896671,-8.451724,-10.231515,-5.866603303616375
2023_13_CIN_JAX,2023,13,JAX,CIN,2023-12-04,6.5,3.7705178,3.5545967,4.4182816,3.9337383418504475
2023_14_NE_PIT,2023,14,PIT,NE,2023-12-07,6.5,7.7382965,8.172741,6.434963,6.923291961925232
2023_14_TB_ATL,2023,14,ATL,TB,2023-12-10,2.0,-1.0323405,-1.1079692,-0.80545485,-1.0445952838402288
2023_14_LA_BAL,2023,14,BAL,LA,2023-12-10,7.5,7.6514206,7.9438586,6.774106,7.257213374898961
2023_14_DET_CHI,2023,14,CHI,DET,2023-12-10,-4.5,-6.600336,-6.675377,-6.375213,-5.35474011482115
2023_14_IND_CIN,2023,14,CIN,IND,2023-12-10,-2.0,4.611058,4.9593163,3.5662832,3.9222385675792752
2023_14_JAX_CLE,2023,14,CLE,JAX,2023-12-10,-3.0,-1.1308957,-0.9438495,-1.6920346,-0.9061508937800006
2023_14_CAR_NO,2023,14,NO,CAR,2023-12-10,6.5,5.674199,5.910806,4.9643793,4.3439947130326315
2023_14_HOU_NYJ,2023,14,NYJ,HOU,2023-12-10,-4.5,-5.9290977,-5.2868915,-7.855717,-5.823858696626688
2023_14_MIN_LV,2023,14,LV,MIN,2023-12-10,-1.0,-2.0634673,-2.1107335,-1.9216689,-1.9227996156581468
2023_14_SEA_SF,2023,14,SF,SEA,2023-12-10,10.5,13.038922,13.441731,11.830495,10.598135069454411
2023_14_BUF_KC,2023,14,KC,BUF,2023-12-10,3.0,0.49487054,0.080253206,1.7387226,0.5892780601920659
2023_14_DEN_LAC,2023,14,LAC,DEN,2023-12-10,3.0,1.9641172,1.3342595,3.8536901,1.1927020107847168
2023_14_PHI_DAL,2023,14,DAL,PHI,2023-12-10,2.5,5.0533676,5.099007,4.9164495,4.888248669625283
2023_14_TEN_MIA,2023,14,MIA,TEN,2023-12-11,11.5,11.513217,12.113927,9.711086,8.566418867271343
2023_14_GB_NYG,2023,14,NYG,GB,2023-12-11,-6.0,-0.63097477,-0.4146081,-1.280075,-1.1143650993546974
2023_15_LAC_LV,2023,15,LV,LAC,2023-12-14,-3.5,-3.2781615,-2.9084642,-4.387254,-1.9621208040003653
2023_15_MIN_CIN,2023,15,CIN,MIN,2023-12-16,1.0,2.347321,2.301026,2.4862058,1.9025481703134095
2023_15_PIT_IND,2023,15,IND,PIT,2023-12-16,2.5,7.67207,8.285946,5.8304424,7.379107723056447
2023_15_DEN_DET,2023,15,DET,DEN,2023-12-16,4.5,4.1141634,4.3246465,3.482713,4.392257815416294
2023_15_ATL_CAR,2023,15,CAR,ATL,2023-12-17,-2.5,-5.518286,-5.0622687,-6.8863387,-4.083588560082191
2023_15_CHI_CLE,2023,15,CLE,CHI,2023-12-17,2.5,2.2758553,1.7288234,3.9169512,2.6325891437588087
2023_15_TB_GB,2023,15,GB,TB,2023-12-17,3.5,3.402016,3.50974,3.078843,2.456302140256488
2023_15_NYJ_MIA,2023,15,MIA,NYJ,2023-12-17,13.5,15.542106,16.370157,13.057948,12.403318809179622
2023_15_KC_NE,2023,15,NE,KC,2023-12-17,-10.5,-9.118227,-8.939037,-9.655798,-6.5658311160554295
2023_15_NYG_NO,2023,15,NO,NYG,2023-12-17,5.5,2.4644277,3.2052293,0.24202263,2.9195619659819427
2023_15_HOU_TEN,2023,15,TEN,HOU,2023-12-17,-3.5,-1.1259339,-0.812256,-2.0669675,-1.057841737038652
2023_15_SF_ARI,2023,15,ARI,SF,2023-12-17,-13.5,-13.422987,-11.53669,-19.081879,-10.27987901957047
2023_15_WAS_LA,2023,15,LA,WAS,2023-12-17,5.5,5.094422,6.030583,2.2859375,6.103149707429457
2023_15_DAL_BUF,2023,15,BUF,DAL,2023-12-17,1.0,0.47475168,0.9180231,-0.8550626,0.750558770992478
2023_15_BAL_JAX,2023,15,JAX,BAL,2023-12-17,-5.5,-6.665738,-6.541135,-7.0395465,-4.040520406724786
2023_15_PHI_SEA,2023,15,SEA,PHI,2023-12-18,-4.0,-7.1016316,-7.147995,-6.962541,-4.412228397901066
2023_16_NO_LA,2023,16,LA,NO,2023-12-21,4.0,4.2187734,4.627759,2.9918168,3.640173158251992
2023_16_CIN_PIT,2023,16,PIT,CIN,2023-12-23,1.5,-1.3349284,-0.98266566,-2.3917165,-0.31787650351498253
2023_16_BUF_LAC,2023,16,LAC,BUF,2023-12-23,-9.5,-9.75532,-8.7900095,-12.651249,-8.998137994244658
2023_16_IND_ATL,2023,16,ATL,IND,2023-12-24,1.5,-4.379876,-4.9201136,-2.759163,-3.5851520307089846
2023_16_GB_CAR,2023,16,CAR,GB,2023-12-24,-4.5,-6.8482523,-6.858412,-6.8177733,-6.5456709066882794
2023_16_CLE_HOU,2023,16,HOU,CLE,2023-12-24,1.5,3.6662078,3.3364236,4.65556,2.7176995302608957
2023_16_DET_MIN,2023,16,MIN,DET,2023-12-24,-3.0,-1.2757086,-1.094058,-1.82066,-0.3911070024804959
2023_16_WAS_NYJ,2023,16,NYJ,WAS,2023-12-24,3.0,6.0397305,6.6761136,4.130581,5.1644689246244315
2023_16_SEA_TEN,2023,16,TEN,SEA,2023-12-24,-2.0,-2.3312018,-2.6370578,-1.4136335,-1.9001776629142613
2023_16_JAX_TB,2023,16,TB,JAX,2023-12-24,-2.5,-2.9960864,-3.4001453,-1.7839097,-1.8930148543760112
2023_16_ARI_CHI,2023,16,CHI,ARI,2023-12-24,3.0,-0.0478442,-0.36676618,0.9089217,0.29296407717536127
2023_16_DAL_MIA,2023,16,MIA,DAL,2023-12-24,1.5,1.4754801,1.197689,2.308853,1.3787308295076128
2023_16_NE_DEN,2023,16,DEN,NE,2023-12-24,5.5,6.424527,6.6579423,5.7242813,5.207689673995343
2023_16_LV_KC,2023,16,KC,LV,2023-12-25,9.5,7.980213,7.38358,9.770111,7.697722194984182
2023_16_NYG_PHI,2023,16,PHI,NYG,2023-12-25,7.5,5.977664,6.129433,5.522357,5.700223283087093
2023_16_BAL_SF,2023,16,SF,BAL,2023-12-25,4.5,6.853176,6.691176,7.3391757,4.893532961844887
2023_17_NYJ_CLE,2023,17,CLE,NYJ,2023-12-28,4.5,4.887862,5.1570663,4.0802507,5.3105397856464265
2023_17_DET_DAL,2023,17,DAL,DET,2023-12-30,5.5,3.6402464,3.493209,4.0813594,4.202462454519521
2023_17_MIA_BAL,2023,17,BAL,MIA,2023-12-31,3.0,0.4326946,0.49408257,0.24853075,0.18268093052666962
2023_17_NE_BUF,2023,17,BUF,NE,2023-12-31,12.0,13.28152,13.963676,11.235051,9.023975644385985
2023_17_ATL_CHI,2023,17,CHI,ATL,2023-12-31,2.5,0.68026537,0.68989104,0.6513884,0.7160940027766257
2023_17_TEN_HOU,2023,17,HOU,TEN,2023-12-31,4.5,2.8619661,2.9951017,2.4625597,3.3871704006021193
2023_17_LV_IND,2023,17,IND,LV,2023-12-31,3.0,4.9109344,4.4769073,6.213017,5.361359843102724
2023_17_CAR_JAX,2023,17,JAX,CAR,2023-12-31,7.0,7.2396827,7.566186,6.2601724,7.679990959432487
2023_17_LA_NYG,2023,17,NYG,LA,2023-12-31,-6.0,-7.8737674,-8.493121,-6.0157075,-7.644428575949196
2023_17_ARI_PHI,2023,17,PHI,ARI,2023-12-31,10.0,11.522852,11.642284,11.1645565,10.027962785308128
2023_17_NO_TB,2023,17,TB,NO,2023-12-31,2.0,1.0533895,0.8462661,1.6747599,-0.21167253774427602
2023_17_SF_WAS,2023,17,WAS,SF,2023-12-31,-13.5,-10.736993,-10.182522,-12.400407,-9.733718242242444
2023_17_PIT_SEA,2023,17,SEA,PIT,2023-12-31,3.5,2.9151173,2.5243502,4.087418,3.0033874350995777
2023_17_LAC_DEN,2023,17,DEN,LAC,2023-12-31,6.0,9.032551,9.046118,8.991851,6.505232611524718
2023_17_CIN_KC,2023,17,KC,CIN,2023-12-31,3.5,1.1254586,1.26167,0.7168244,1.4475996845644672
2023_17_GB_MIN,2023,17,MIN,GB,2023-12-31,1.5,-4.7365065,-4.883906,-4.2943087,-4.753627357330955
2023_18_PIT_BAL,2023,18,BAL,PIT,2024-01-06,-3.5,-0.4117265,0.5048553,-3.1614718,1.832516295760433
2023_18_TB_CAR,2023,18,CAR,TB,2024-01-07,-6.0,-8.349627,-8.003891,-9.386833,-7.72803160897011
2023_18_CLE_CIN,2023,18,CIN,CLE,2024-01-07,4.0,4.752098,3.659473,8.029975,3.232579482905811
2023_18_MIN_DET,2023,18,DET,MIN,2024-01-07,4.0,4.0124955,3.4111612,5.8164983,1.926125829533412
2023_18_NYJ_NE,2023,18,NE,NYJ,2024-01-07,2.0,2.8771405,2.0439937,5.3765807,2.043255732551531
2023_18_ATL_NO,2023,18,NO,ATL,2024-01-07,3.5,2.7290354,2.575682,3.189096,1.937053748372279
2023_18_JAX_TEN,2023,18,TEN,JAX,2024-01-07,-3.5,-7.1290975,-6.8975577,-7.8237166,-5.872720705193498
2023_18_SEA_ARI,2023,18,ARI,SEA,2024-01-07,-3.0,-7.535953,-7.474672,-7.7197967,-5.360662189665892
2023_18_CHI_GB,2023,18,GB,CHI,2024-01-07,1.5,5.2676435,5.2451096,5.3352456,3.9817382180437018
2023_18_KC_LAC,2023,18,LAC,KC,2024-01-07,1.0,-3.5420732,-3.7589931,-2.891314,-4.029138981104128
2023_18_DEN_LV,2023,18,LV,DEN,2024-01-07,2.5,2.048083,2.0218127,2.1268938,1.4713179778669028
2023_18_PHI_NYG,2023,18,NYG,PHI,2024-01-07,-6.5,-9.19707,-9.843996,-7.256294,-8.040854476358993
2023_18_LA_SF,2023,18,SF,LA,2024-01-07,2.5,5.8181343,5.888769,5.6062307,4.442647776584936
2023_18_DAL_WAS,2023,18,WAS,DAL,2024-01-07,-13.0,-10.128656,-8.642083,-14.588375,-6.963281042464406
2023_18_BUF_MIA,2023,18,MIA,BUF,2024-01-07,-3.0,-1.2285535,-0.87265915,-2.296237,0.5520107393917655
2023_19_CLE_HOU,2023,19,HOU,CLE,2024-01-13,-1.5,5.963222,5.512269,7.31608,4.14904662803561
2023_19_MIA_KC,2023,19,KC,MIA,2024-01-13,3.5,6.3253865,6.2483425,6.556518,5.1480991821009745
2023_19_GB_DAL,2023,19,DAL,GB,2024-01-14,7.0,-0.60488963,-0.6892078,-0.35193503,-0.15233686476734443
2023_19_LA_DET,2023,19,DET,LA,2024-01-14,3.0,0.422149,-0.84387726,4.2202277,-1.2798014596847573
2023_19_PIT_BUF,2023,19,BUF,PIT,2024-01-15,9.5,8.298973,7.7558126,9.928453,6.809357070294459
2023_19_PHI_TB,2023,19,TB,PHI,2024-01-15,-2.5,-2.980627,-3.944321,-0.08954501,-2.6639488481617697
2023_20_HOU_BAL,2023,20,BAL,HOU,2024-01-20,9.5,4.0289207,3.9080982,4.391388,3.705712098073912
2023_20_TB_DET,2023,20,DET,TB,2024-01-21,5.5,4.860942,4.1707754,6.931441,3.0780109114654555
2023_20_KC_BUF,2023,20,BUF,KC,2024-01-21,2.5,5.257123,5.4415355,4.703885,4.381939736649834
2023_21_KC_BAL,2023,21,BAL,KC,2024-01-28,3.5,2.65736,2.4986389,3.133524,3.3308417085294724
2023_21_DET_SF,2023,21,SF,DET,2024-01-28,7.0,4.9928923,5.1050715,4.6563544,3.840007061391098
2023_22_SF_KC,2023,22,KC,SF,2024-02-11,-1.5,-0.71020335,-1.0103841,0.19033885,0.1242886662113124
2024_01_BAL_KC,2024,1,KC,BAL,2024-09-05,2.5,0.9090393,0.03491187,3.5314217,1.9661320804107623
2024_01_GB_PHI,2024,1,PHI,GB,2024-09-06,1.5,-0.6133063,-0.30296144,-1.5443407,0.2872723226293211
2024_01_PIT_ATL,2024,1,ATL,PIT,2024-09-08,3.0,-0.28688496,-0.8688828,1.4591086,-1.2966373096193156
2024_01_ARI_BUF,2024,1,BUF,ARI,2024-09-08,7.0,6.7781234,7.2235107,5.441961,6.988348438994126
2024_01_TEN_CHI,2024,1,CHI,TEN,2024-09-08,5.0,4.829896,5.2855897,3.462815,4.221478175447537
2024_01_NE_CIN,2024,1,CIN,NE,2024-09-08,7.5,6.628124,6.3752656,7.3866987,6.9855177968781605
2024_01_HOU_IND,2024,1,IND,HOU,2024-09-08,-1.5,-2.0601661,-2.4197602,-0.98138416,-2.9385285515726176
2024_01_JAX_MIA,2024,1,MIA,JAX,2024-09-08,3.5,3.4051557,3.2151706,3.9751115,3.0421499640964336
2024_01_CAR_NO,2024,1,NO,CAR,2024-09-08,4.5,6.102096,6.314567,5.464684,4.322683693515031
2024_01_MIN_NYG,2024,1,NYG,MIN,2024-09-08,1.0,-0.93543136,-1.1863538,-0.1826638,-3.0345258867953175
2024_01_LV_LAC,2024,1,LAC,LV,2024-09-08,3.0,-1.6175156,-2.335901,0.5376407,0.07587458242700496
2024_01_DEN_SEA,2024,1,SEA,DEN,2024-09-08,5.0,1.8198929,1.5367212,2.669408,2.744183027893196
2024_01_DAL_CLE,2024,1,CLE,DAL,2024-09-08,-1.0,-3.0547903,-3.609938,-1.3893467,-4.126522445079859
2024_01_WAS_TB,2024,1,TB,WAS,2024-09-08,4.0,3.2580104,3.6254406,2.1557198,3.806297486375997
2024_01_LA_DET,2024,1,DET,LA,2024-09-08,3.5,0.42274225,0.113905884,1.3492513,-0.14465012784123474
2024_01_NYJ_SF,2024,1,SF,NYJ,2024-09-09,5.5,5.4242644,5.6828165,4.6486073,5.616019565716206
2024_02_BUF_MIA,2024,2,MIA,BUF,2024-09-12,1.0,-5.66137,-6.0391626,-4.5279903,-6.56423329588973
2024_02_LV_BAL,2024,2,BAL,LV,2024-09-15,7.5,6.204274,5.90561,7.1002655,6.183203171773053
2024_02_LAC_CAR,2024,2,CAR,LAC,2024-09-15,-3.5,-4.199374,-3.8697135,-5.1883564,-5.0431378167940375
2024_02_NO_DAL,2024,2,DAL,NO,2024-09-15,6.5,4.3033404,3.997461,5.220979,1.809554915993637
2024_02_TB_DET,2024,2,DET,TB,2024-09-15,6.5,10.513366,10.480856,10.610895,10.82679923379235
2024_02_IND_GB,2024,2,GB,IND,2024-09-15,4.5,10.202583,10.3066025,9.890528,9.450200579476029
2024_02_CLE_JAX,2024,2,JAX,CLE,2024-09-15,2.0,-0.025770575,-0.5823556,1.6439846,0.28849624570577265
2024_02_SF_MIN,2024,2,MIN,SF,2024-09-15,-6.5,-5.6904,-6.079587,-4.5228386,-5.793375808769993
2024_02_SEA_NE,2024,2,NE,SEA,2024-09-15,-3.0,-0.38848135,0.028381338,-1.6390694,-0.2197159697113193
2024_02_NYJ_TEN,2024,2,TEN,NYJ,2024-09-15,-4.0,-4.7283697,-4.707817,-4.7900267,-4.394757708023174
2024_02_NYG_WAS,2024,2,WAS,NYG,2024-09-15,2.5,0.29866147,-0.5419321,2.8204422,0.04967372330087214
2024_02_LA_ARI,2024,2,ARI,LA,2024-09-15,-2.5,-4.515723,-4.4752665,-4.637093,-4.516340487432312
2024_02_PIT_DEN,2024,2,DEN,PIT,2024-09-15,-3.0,-4.2098904,-4.2515745,-4.084837,-3.7167178643195453
2024_02_CIN_KC,2024,2,KC,CIN,2024-09-15,4.5,6.460653,7.1065936,4.522831,7.714040986501579
2024_02_CHI_HOU,2024,2,HOU,CHI,2024-09-15,3.5,4.551038,4.195293,5.618273,4.834885034708505
2024_02_ATL_PHI,2024,2,PHI,ATL,2024-09-16,3.5,0.4801821,0.21508537,1.2754724,-0.046142217958044136
2024_03_NE_NYJ,2024,3,NYJ,NE,2024-09-19,7.0,8.060177,8.405931,7.0229135,8.168747732813975
2024_03_NYG_CLE,2024,3,CLE,NYG,2024-09-22,6.5,4.745282,4.812507,4.5436087,4.349259218298391
2024_03_CHI_IND,2024,3,IND,CHI,2024-09-22,2.5,0.9078061,0.2285699,2.9455147,0.00577398147389605
2024_03_HOU_MIN,2024,3,MIN,HOU,2024-09-22,-2.5,-2.400763,-2.2306402,-2.9111314,-2.046663728692757
2024_03_PHI_NO,2024,3,NO,PHI,2024-09-22,-3.5,-1.7715669,-1.0779877,-3.8523045,-2.580653601098084
2024_03_LAC_PIT,2024,3,PIT,LAC,2024-09-22,2.0,2.1101742,1.8836098,2.7898679,3.4777523885596944
2024_03_DEN_TB,2024,3,TB,DEN,2024-09-22,5.0,1.2338059,1.2052611,1.3194405,1.6531095120221126
2024_03_GB_TEN,2024,3,TEN,GB,2024-09-22,2.5,-0.6012583,-0.62103856,-0.54191744,-1.5359556029908803
2024_03_CAR_LV,2024,3,LV,CAR,2024-09-22,5.0,6.0544214,6.394101,5.0353804,5.119802154827078
2024_03_MIA_SEA,2024,3,SEA,MIA,2024-09-22,-1.0,0.53231835,1.553793,-2.5321054,0.8969652142546006
2024_03_DET_ARI,2024,3,ARI,DET,2024-09-22,-4.5,-3.546971,-3.3833764,-4.037755,-4.752000660477602
2024_03_BAL_DAL,2024,3,DAL,BAL,2024-09-22,1.0,-2.9023643,-2.4571548,-4.2379932,-2.4543097609242004
2024_03_SF_LA,2024,3,LA,SF,2024-09-22,-4.5,-5.65333,-6.496546,-3.123683,-7.935113488495514
2024_03_KC_ATL,2024,3,ATL,KC,2024-09-22,-4.5,-10.29084,-10.714375,-9.020236,-11.345006884812756
2024_03_JAX_BUF,2024,3,BUF,JAX,2024-09-23,3.5,8.089349,8.1546135,7.8935533,8.265067333039662
2024_03_WAS_CIN,2024,3,CIN,WAS,2024-09-23,7.0,5.2631826,5.9034996,3.3422308,5.496679129999279
2024_04_DAL_NYG,2024,4,NYG,DAL,2024-09-26,-7.0,-4.786008,-4.762107,-4.857711,-7.414144515313973
2024_04_NO_ATL,2024,4,ATL,NO,2024-09-29,1.5,0.7143494,0.6809675,0.8144952,0.4219890489115633
2024_04_CIN_CAR,2024,4,CAR,CIN,2024-09-29,-7.0,-7.090991,-6.8299384,-7.8741493,-8.734775941466925
2024_04_LA_CHI,2024,4,CHI,LA,2024-09-29,2.5,-1.1033449,-1.2097983,-0.78398454,-1.953631922813475
2024_04_MIN_GB,2024,4,GB,MIN,2024-09-29,-2.0,-1.0207956,-0.81567436,-1.6361591,-0.8334769843358253
2024_04_JAX_HOU,2024,4,HOU,JAX,2024-09-29,5.0,6.3879266,6.773601,5.2309036,6.481668414855839
2024_04_PIT_IND,2024,4,IND,PIT,2024-09-29,1.5,0.87803084,1.1263856,0.13296676,1.1587690093668273
2024_04_DEN_NYJ,2024,4,NYJ,DEN,2024-09-29,8.0,3.2503562,3.9878936,1.037744,2.814194745593925
2024_04_PHI_TB,2024,4,TB,PHI,2024-09-29,-1.5,-1.9845693,-1.7212172,-2.7746258,-3.035007528329638
2024_04_WAS_ARI,2024,4,ARI,WAS,2024-09-29,4.5,1.8191193,2.4540932,-0.085802674,2.170952899600793
2024_04_NE_SF,2024,4,SF,NE,2024-09-29,9.5,9.406381,9.239346,9.907486,8.534945150982667
2024_04_KC_LAC,2024,4,LAC,KC,2024-09-29,-4.5,-4.071901,-4.398161,-3.0931206,-6.1477570026113435
2024_04_CLE_LV,2024,4,LV,CLE,2024-09-29,-1.5,-0.668728,-0.47256866,-1.2572061,0.8771736955072096
2024_04_BUF_BAL,2024,4,BAL,BUF,2024-09-29,1.5,1.2920016,1.0281804,2.0834653,2.1625954749842298
2024_04_TEN_MIA,2024,4,MIA,TEN,2024-09-30,1.5,1.3242816,1.5921987,0.5205302,0.5254957398184285
2024_04_SEA_DET,2024,4,DET,SEA,2024-09-30,4.0,2.1908407,1.4361039,4.455051,0.9503255485764245
2024_05_TB_ATL,2024,5,ATL,TB,2024-10-03,3.0,-0.09090601,-0.23347606,0.33680415,-0.060226457714621276
2024_05_NYJ_MIN,2024,5,MIN,NYJ,2024-10-06,2.5,4.778708,5.546157,2.4763627,5.457768714409885
2024_05_CAR_CHI,2024,5,CHI,CAR,2024-10-06,4.0,2.623129,2.447656,3.149548,2.129077450793803
2024_05_BAL_CIN,2024,5,CIN,BAL,2024-10-06,-1.0,-1.2761148,-0.72925663,-2.9166894,-2.463473957839907
2024_05_BUF_HOU,2024,5,HOU,BUF,2024-10-06,1.0,0.7125877,0.32701197,1.8693149,0.3158550447146988
2024_05_IND_JAX,2024,5,JAX,IND,2024-10-06,3.0,7.5481725,7.6400337,7.2725883,8.543393886865964
2024_05_MIA_NE,2024,5,NE,MIA,2024-10-06,1.5,-0.88877213,-0.94357383,-0.72436726,-1.934654696115618
2024_05_CLE_WAS,2024,5,WAS,CLE,2024-10-06,3.0,3.043168,3.1043625,2.8595843,3.082860095135349
2024_05_LV_DEN,2024,5,DEN,LV,2024-10-06,3.0,2.7442727,1.9137667,5.235791,3.9519959391019417
2024_05_ARI_SF,2024,5,SF,ARI,2024-10-06,7.5,6.1720557,6.2538815,5.926579,5.364675936890787
2024_05_GB_LA,2024,5,LA,GB,2024-10-06,-3.5,-3.3225439,-3.1514568,-3.835805,-3.77803490067211
2024_05_NYG_SEA,2024,5,SEA,NYG,2024-10-06,6.5,5.8977585,6.4600368,4.210925,6.452367552062853
2024_05_DAL_PIT,2024,5,PIT,DAL,2024-10-06,2.5,0.20004469,0.060290385,0.61930764,-1.7030926695926496
2024_05_NO_KC,2024,5,KC,NO,2024-10-07,6.5,5.142235,5.0171676,5.5174375,5.744686860123701
2024_06_SF_SEA,2024,6,SEA,SF,2024-10-10,-3.5,-8.722069,-8.290203,-10.017666,-6.7454223381893375
2024_06_JAX_CHI,2024,6,CHI,JAX,2024-10-13,1.0,0.2057471,0.34198076,-0.20295393,-1.106317233038742
2024_06_WAS_BAL,2024,6,BAL,WAS,2024-10-13,7.0,4.79364,4.9083776,4.449428,5.24998954477629
2024_06_ARI_GB,2024,6,GB,ARI,2024-10-13,5.5,4.6131163,4.9818163,3.507017,4.053220670625924
2024_06_HOU_NE,2024,6,NE,HOU,2024-10-13,-7.0,-6.2131104,-5.7929916,-7.473467,-6.937054091856316
2024_06_TB_NO,2024,6,NO,TB,2024-10-13,2.5,2.0917463,1.8979636,2.6730938,0.33548343817332266
2024_06_CLE_PHI,2024,6,PHI,CLE,2024-10-13,6.5,6.1000295,5.807305,6.978203,5.9072423366737965
2024_06_IND_TEN,2024,6,TEN,IND,2024-10-13,-1.5,-1.9804984,-1.9987106,-1.925862,-2.1844183473189625
2024_06_LAC_DEN,2024,6,DEN,LAC,2024-10-13,-1.5,1.265956,1.3870625,0.9026364,2.3529798390729173
2024_06_PIT_LV,2024,6,LV,PIT,2024-10-13,-2.5,-2.0977607,-2.2675915,-1.5882679,-0.9809903260085469
2024_06_ATL_CAR,2024,6,CAR,ATL,2024-10-13,-3.5,-5.4292736,-5.30494,-5.802273,-6.637664918444369
2024_06_DET_DAL,2024,6,DAL,DET,2024-10-13,-3.0,-2.1299646,-2.0319781,-2.423924,-0.6948347787894723
2024_06_CIN_NYG,2024,6,NYG,CIN,2024-10-13,-5.0,0.34575102,0.7460643,-0.85518897,-0.27287660100179006
2024_06_BUF_NYJ,2024,6,NYJ,BUF,2024-10-14,-2.0,2.7105558,3.1947803,1.2578819,3.379791314052854
2024_07_DEN_NO,2024,7,NO,DEN,2024-10-17,2.0,-3.2503643,-2.9573646,-4.1293635,-1.4959171863222465
2024_07_NE_JAX,2024,7,JAX,NE,2024-10-20,5.5,8.085175,8.073857,8.119123,8.496713128581899
2024_07_SEA_ATL,2024,7,ATL,SEA,2024-10-20,2.5,-0.56652236,-0.23057283,-1.574371,0.911404548995294
2024_07_TEN_BUF,2024,7,BUF,TEN,2024-10-20,7.5,10.431803,10.86019,9.14664,10.393489785157096
2024_07_CIN_CLE,2024,7,CLE,CIN,2024-10-20,-4.5,-5.1950717,-5.6960564,-3.6921177,-6.061948008031584
2024_07_HOU_GB,2024,7,GB,HOU,2024-10-20,1.5,3.3200006,3.3538222,3.2185366,4.790136511923927
2024_07_MIA_IND,2024,7,IND,MIA,2024-10-20,4.0,8.659026,9.142546,7.2084684,7.466634150638138
2024_07_DET_MIN,2024,7,MIN,DET,2024-10-20,1.5,0.88224673,0.30702183,2.6079216,1.4069182641243265
2024_07_PHI_NYG,2024,7,NYG,PHI,2024-10-20,-4.0,2.7619972,3.4955096,0.56146,1.2186057542215785
2024_07_LV_LA,2024,7,LA,LV,2024-10-20,3.5,2.1959653,2.071108,2.5705364,1.3720926612297895
2024_07_CAR_WAS,2024,7,WAS,CAR,2024-10-20,7.5,10.344749,9.997473,11.38658,10.579786687925674
2024_07_KC_SF,2024,7,SF,KC,2024-10-20,1.5,2.6389837,2.639829,2.6364474,3.1224034751859215
2024_07_NYJ_PIT,2024,7,PIT,NYJ,2024-10-20,1.0,0.36524996,0.7780182,-0.8730546,1.0884675938951427
2024_07_BAL_TB,2024,7,TB,BAL,2024-10-21,-4.5,-6.1332417,-6.7957754,-4.145642,-7.828760180902539
2024_07_LAC_ARI,2024,7,ARI,LAC,2024-10-21,1.0,5.315101,5.566793,4.5600266,4.809064025310303
2024_08_MIN_LA,2024,8,LA,MIN,2024-10-24,-3.0,0.9934779,1.0782564,0.7391424,1.1386432313589363
2024_08_PHI_CIN,2024,8,CIN,PHI,2024-10-27,2.5,-2.558577,-2.1120398,-3.898189,-2.3198924882062775
2024_08_BAL_CLE,2024,8,CLE,BAL,2024-10-27,-9.5,-8.063157,-7.361916,-10.166879,-8.517526532978058
2024_08_TEN_DET,2024,8,DET,TEN,2024-10-27,9.5,10.816904,10.646149,11.329168,9.73947460608087
2024_08_IND_HOU,2024,8,HOU,IND,2024-10-27,6.5,5.966955,5.819864,6.4082294,6.685450862771755
2024_08_GB_JAX,2024,8,JAX,GB,2024-10-27,-3.5,-4.303667,-4.2430906,-4.485396,-4.854586160761195
2024_08_ARI_MIA,2024,8,MIA,ARI,2024-10-27,3.0,-3.37101,-3.3505402,-3.4324198,-5.0787955845204955
2024_08_NYJ_NE,2024,8,NE,NYJ,2024-10-27,-7.0,-6.661825,-6.141902,-8.221597,-6.221158489739761
2024_08_ATL_TB,2024,8,TB,ATL,2024-10-27,1.5,8.441406,9.002777,6.7572947,7.051365225922838
2024_08_NO_LAC,2024,8,LAC,NO,2024-10-27,6.0,5.0672054,4.449487,6.92036,5.037307835099928
2024_08_BUF_SEA,2024,8,SEA,BUF,2024-10-27,-3.0,-1.9752445,-2.1193802,-1.5428373,-0.44761667937921307
2024_08_CAR_DEN,2024,8,DEN,CAR,2024-10-27,4.5,9.677526,9.522464,10.142714,9.709966372320924
2024_08_KC_LV,2024,8,LV,KC,2024-10-27,-10.0,-8.455282,-8.691977,-7.745199,-9.115821732487472
2024_08_CHI_WAS,2024,8,WAS,CHI,2024-10-27,1.5,3.6363235,3.6753976,3.5191011,3.5049693078777007
2024_08_DAL_SF,2024,8,SF,DAL,2024-10-27,5.5,5.37039,6.134183,3.079011,5.336814863092885
2024_08_NYG_PIT,2024,8,PIT,NYG,2024-10-28,4.0,-0.13790637,-0.36713767,0.5497875,0.206811341499638
2024_09_HOU_NYJ,2024,9,NYJ,HOU,2024-10-31,1.0,-0.33066982,-0.81186914,1.1129282,0.10049306862980167
2024_09_DAL_ATL,2024,9,ATL,DAL,2024-11-03,2.5,0.6604593,0.9099541,-0.08802521,-0.4385661914388297
2024_09_DEN_BAL,2024,9,BAL,DEN,2024-11-03,9.5,8.506571,9.062516,6.838735,7.327747115860815
2024_09_MIA_BUF,2024,9,BUF,MIA,2024-11-03,5.5,7.1134195,7.6195,5.5951777,6.79196902217723
2024_09_NO_CAR,2024,9,CAR,NO,2024-11-03,-3.5,-3.3805478,-2.643419,-5.591934,-2.5310456762679374
2024_09_LV_CIN,2024,9,CIN,LV,2024-11-03,8.5,6.463445,6.4585676,6.478079,6.886614193721816
2024_09_LAC_CLE,2024,9,CLE,LAC,2024-11-03,-3.5,-2.335125,-2.136091,-2.9322276,-1.7380264252204538
2024_09_WAS_NYG,2024,9,NYG,WAS,2024-11-03,-3.0,-7.846025,-7.588396,-8.618912,-8.141418776333136
2024_09_NE_TEN,2024,9,TEN,NE,2024-11-03,3.0,0.57075536,0.32436773,1.3099182,-0.15973040344600747
2024_09_CHI_ARI,2024,9,ARI,CHI,2024-11-03,-1.0,-2.2554896,-2.6967597,-0.9316796,-4.193287993469435
2024_09_JAX_PHI,2024,9,PHI,JAX,2024-11-03,6.0,4.466045,3.7759135,6.5364394,1.9858063106446586
2024_09_DET_GB,2024,9,GB,DET,2024-11-03,1.0,7.691116,7.7340508,7.5623107,5.76926190293713
2024_09_LA_SEA,2024,9,SEA,LA,2024-11-03,3.0,-4.3250747,-4.9800787,-2.360063,-5.540171334947195
2024_09_IND_MIN,2024,9,MIN,IND,2024-11-03,6.5,7.603076,7.804422,6.9990396,7.582990929308236
2024_09_TB_KC,2024,9,KC,TB,2024-11-04,9.0,6.0069275,6.0168767,5.97708,5.346166545002506
2024_10_CIN_BAL,2024,10,BAL,CIN,2024-11-07,6.0,10.633586,10.91662,9.784482,10.511886628438104
2024_10_NYG_CAR,2024,10,CAR,NYG,2024-11-10,-1.5,-6.4986286,-6.102529,-7.686928,-7.689635591635398
2024_10_NE_CHI,2024,10,CHI,NE,2024-11-10,7.0,9.266001,9.501581,8.559261,9.45773389698277
2024_10_BUF_IND,2024,10,IND,BUF,2024-11-10,-4.0,-4.2535324,-4.707243,-2.8924007,-2.7473483110007684
2024_10_MIN_JAX,2024,10,JAX,MIN,2024-11-10,-4.0,-4.0479927,-3.976723,-4.2618017,-4.61298011044812
2024_10_DEN_KC,2024,10,KC,DEN,2024-11-10,9.5,6.6895723,6.261528,7.9737053,6.6406090543310095
2024_10_ATL_NO,2024,10,NO,ATL,2024-11-10,-1.0,0.04609981,0.44884855,-1.1621464,2.006422688065351
2024_10_SF_TB,2024,10,TB,SF,2024-11-10,-6.0,-5.4752455,-6.1034827,-3.5905337,-5.466197961449321
2024_10_PIT_WAS,2024,10,WAS,PIT,2024-11-10,1.5,1.7446432,1.1962254,3.3898964,1.539674144474709
2024_10_TEN_LAC,2024,10,LAC,TEN,2024-11-10,7.0,12.066584,12.119604,11.907524,11.386759392471154
2024_10_NYJ_ARI,2024,10,ARI,NYJ,2024-11-10,1.0,-0.48338526,-0.5006846,-0.4314872,-2.2540998114321416
2024_10_PHI_DAL,2024,10,DAL,PHI,2024-11-10,-3.0,-4.6492023,-3.9081964,-6.872221,-2.868478913808826
2024_10_DET_HOU,2024,10,HOU,DET,2024-11-10,-2.5,-6.1959314,-6.69156,-4.7090445,-6.845407093674993
2024_10_MIA_LA,2024,10,LA,MIA,2024-11-11,3.0,4.790593,4.96459,4.2686033,5.164079308566744
2024_11_WAS_PHI,2024,11,PHI,WAS,2024-11-14,3.5,4.764664,4.106754,6.738395,4.264326611929473
2024_11_GB_CHI,2024,11,CHI,GB,2024-11-17,-2.5,-3.34304,-3.8701458,-1.7617222,-4.508589076119371
2024_11_JAX_DET,2024,11,DET,JAX,2024-11-17,10.0,13.232515,12.9053545,14.213999,12.408797537628821
2024_11_LV_MIA,2024,11,MIA,LV,2024-11-17,7.0,7.8038063,7.8637366,7.624015,8.979909386733896
2024_11_LA_NE,2024,11,NE,LA,2024-11-17,-6.0,-9.720204,-9.764791,-9.586444,-8.649133536246753
2024_11_CLE_NO,2024,11,NO,CLE,2024-11-17,1.5,-1.444661,-1.0268217,-2.6981788,-1.8965833916365533
2024_11_IND_NYJ,2024,11,NYJ,IND,2024-11-17,4.0,1.3140268,0.8117404,2.8208864,1.2845420096770326
2024_11_BAL_PIT,2024,11,PIT,BAL,2024-11-17,-3.5,-3.54447,-3.0212421,-5.114154,-4.719140990960124
2024_11_MIN_TEN,2024,11,TEN,MIN,2024-11-17,-6.0,-7.1423264,-7.6638646,-5.57771,-8.99105431783368
2024_11_ATL_DEN,2024,11,DEN,ATL,2024-11-17,-1.5,3.1933992,3.0356472,3.6666555,3.092746058773252
2024_11_SEA_SF,2024,11,SF,SEA,2024-11-17,7.0,5.9061913,6.857552,3.0521095,6.581810152829525
2024_11_KC_BUF,2024,11,BUF,KC,2024-11-17,-1.0,6.055589,6.6138864,4.3806973,6.73362673768438
2024_11_CIN_LAC,2024,11,LAC,CIN,2024-11-17,1.5,4.1923733,3.8471227,5.2281246,4.328835525725042
2024_11_HOU_DAL,2024,11,DAL,HOU,2024-11-18,-6.0,-3.618144,-3.1981318,-4.8781805,-2.505770540627597
2024_12_PIT_CLE,2024,12,CLE,PIT,2024-11-21,-4.0,-3.3430445,-3.889901,-1.7024759,-4.561270121091492
2024_12_KC_CAR,2024,12,CAR,KC,2024-11-24,-11.5,-9.6278105,-8.597761,-12.7179575,-9.028660931786929
2024_12_MIN_CHI,2024,12,CHI,MIN,2024-11-24,-5.0,-7.6404524,-7.832917,-7.063057,-9.115414177525812
2024_12_TEN_HOU,2024,12,HOU,TEN,2024-11-24,8.0,9.177104,9.488085,8.244163,9.742095614189717
2024_12_DET_IND,2024,12,IND,DET,2024-11-24,-6.5,-0.40509364,0.4614716,-3.0047894,-1.939103192972592
2024_12_NE_MIA,2024,12,MIA,NE,2024-11-24,6.5,5.9070363,6.532414,4.0309033,4.819888619910961
2024_12_TB_NYG,2024,12,NYG,TB,2024-11-24,-3.0,-7.278307,-6.790816,-8.740779,-6.351060790759623
2024_12_DAL_WAS,2024,12,WAS,DAL,2024-11-24,9.0,6.0504766,5.814191,6.759332,3.3979184215021965
2024_12_DEN_LV,2024,12,LV,DEN,2024-11-24,-3.0,-6.321555,-6.546393,-5.6470404,-6.127440770899685
2024_12_SF_GB,2024,12,GB,SF,2024-11-24,1.5,-0.87855333,-1.9192436,2.2435172,0.5290419957652351
2024_12_ARI_SEA,2024,12,SEA,ARI,2024-11-24,1.0,-1.8735244,-1.8064533,-2.0747375,-1.5952369923559673
2024_12_PHI_LA,2024,12,LA,PHI,2024-11-24,-2.5,0.06305233,0.6693599,-1.7558705,0.2807546351159219
2024_12_BAL_LAC,2024,12,LAC,BAL,2024-11-25,-3.0,-1.2980456,-1.7106997,-0.06008315,-2.0507741404896933
2024_13_CHI_DET,2024,13,DET,CHI,2024-11-28,11.0,13.612767,14.333339,11.451054,12.05533946671612
2024_13_NYG_DAL,2024,13,DAL,NYG,2024-11-28,2.5,7.468713,8.352846,4.8163123,7.862341977559609
2024_13_MIA_GB,2024,13,GB,MIA,2024-11-28,3.5,6.1716156,5.855353,7.120403,4.360437162069553
2024_13_LV_KC,2024,13,KC,LV,2024-11-29,12.5,13.078504,12.589609,14.545186,11.976502220693813
2024_13_LAC_ATL,2024,13,ATL,LAC,2024-12-01,-1.5,-6.4234524,-6.7261786,-5.515274,-7.715586510532211
2024_13_PIT_CIN,2024,13,CIN,PIT,2024-12-01,1.5,1.4764056,1.0630044,2.7166095,0.3835952658996653
2024_13_HOU_JAX,2024,13,JAX,HOU,2024-12-01,-7.0,-0.70029116,-0.29048854,-1.9296991,-0.19252933066630135
2024_13_ARI_MIN,2024,13,MIN,ARI,2024-12-01,3.5,1.7002654,1.6405106,1.8795302,1.3570824568234516
2024_13_IND_NE,2024,13,NE,IND,2024-12-01,-2.5,-3.509909,-3.0454273,-4.9033537,-2.9476249865356445
2024_13_SEA_NYJ,2024,13,NYJ,SEA,2024-12-01,1.0,-2.0053716,-2.193908,-1.4397625,-2.3099912254503656
2024_13_TEN_WAS,2024,13,WAS,TEN,2024-12-01,7.0,6.486493,7.357012,3.8749366,6.3354829800830945
2024_13_TB_CAR,2024,13,CAR,TB,2024-12-01,-6.5,-7.092193,-6.763733,-8.077574,-7.021583620437635
2024_13_LA_NO,2024,13,NO,LA,2024-12-01,-2.5,0.9680301,1.6073937,-0.9500607,-0.6117081051235238
2024_13_PHI_BAL,2024,13,BAL,PHI,2024-12-01,3.0,2.9506094,3.0315201,2.7078772,1.881680275233728
2024_13_SF_BUF,2024,13,BUF,SF,2024-12-01,3.0,5.732366,5.039595,7.810679,6.539268662388842
2024_13_CLE_DEN,2024,13,DEN,CLE,2024-12-02,7.0,11.625261,11.257268,12.729242,11.458213646086849
2024_14_GB_DET,2024,14,DET,GB,2024-12-05,5.5,5.8082576,5.8569875,5.662067,8.15398078906075
2024_14_NYJ_MIA,2024,14,MIA,NYJ,2024-12-08,6.5,11.764941,11.947482,11.21732,10.503044358828525
2024_14_ATL_MIN,2024,14,MIN,ATL,2024-12-08,4.5,5.872584,6.2775836,4.657585,6.05042328320679
2024_14_NO_NYG,2024,14,NYG,NO,2024-12-08,-3.5,0.16078448,0.5523132,-1.0138017,0.6867446975386858
2024_14_CAR_PHI,2024,14,PHI,CAR,2024-12-08,13.0,13.554,13.616188,13.367436,12.78702762380903
2024_14_CLE_PIT,2024,14,PIT,CLE,2024-12-08,6.0,7.098403,8.031792,4.2982373,7.695894307886805
2024_14_LV_TB,2024,14,TB,LV,2024-12-08,7.5,7.084449,6.8008904,7.9351234,6.916117286069163
2024_14_JAX_TEN,2024,14,TEN,JAX,2024-12-08,1.5,2.0443497,2.0577993,2.0040002,2.4946443282727278
2024_14_SEA_ARI,2024,14,ARI,SEA,2024-12-08,1.5,-2.160604,-1.8589064,-3.0656962,-0.9634027051561371
2024_14_BUF_LA,2024,14,LA,BUF,2024-12-08,-3.5,-3.4702725,-2.9703684,-4.9699855,-2.5233094970785723
2024_14_CHI_SF,2024,14,SF,CHI,2024-12-08,6.5,7.2090893,7.6157246,5.989184,5.701936754290408
2024_14_LAC_KC,2024,14,KC,LAC,2024-12-08,4.5,4.0476794,4.1502004,3.7401168,3.732647936147847
2024_14_CIN_DAL,2024,14,DAL,CIN,2024-12-09,-6.0,-5.422326,-5.0522966,-6.5324135,-5.482323701084963
2024_15_LA_SF,2024,15,SF,LA,2024-12-12,3.0,-4.7779055,-4.9441457,-4.2791843,-6.174816818098893
2024_15_DAL_CAR,2024,15,CAR,DAL,2024-12-15,-1.5,-2.6078613,-2.7211237,-2.268074,-4.962604468475334
2024_15_KC_CLE,2024,15,CLE,KC,2024-12-15,-6.5,-9.495733,-9.297198,-10.091339,-8.08680067898372
2024_15_MIA_HOU,2024,15,HOU,MIA,2024-12-15,2.5,3.506518,3.349802,3.9766655,3.4288920934301665
2024_15_NYJ_JAX,2024,15,JAX,NYJ,2024-12-15,-3.5,-5.6447372,-5.6287937,-5.692568,-5.332154120970161
2024_15_WAS_NO,2024,15,NO,WAS,2024-12-15,-3.0,-4.486327,-4.7559514,-3.6774545,-4.9486244585117785
2024_15_BAL_NYG,2024,15,NYG,BAL,2024-12-15,-12.0,-10.528178,-10.254774,-11.348392,-11.672518719410025
2024_15_CIN_TEN,2024,15,TEN,CIN,2024-12-15,-4.0,-4.6268187,-4.2614584,-5.722899,-5.440875491704936
2024_15_NE_ARI,2024,15,ARI,NE,2024-12-15,6.5,11.399271,11.124633,12.223186,8.472583631501237
2024_15_IND_DEN,2024,15,DEN,IND,2024-12-15,4.5,5.6394286,6.046458,4.418341,4.929760326810822
2024_15_BUF_DET,2024,15,DET,BUF,2024-12-15,3.0,-3.4184005,-4.077238,-1.4418877,-3.8587436766359886
2024_15_TB_LAC,2024,15,LAC,TB,2024-12-15,3.5,3.3290167,2.4529502,5.957216,2.754172532859028
2024_15_PIT_PHI,2024,15,PHI,PIT,2024-12-15,4.5,4.744276,4.194434,6.3938017,5.195849179712347
2024_15_GB_SEA,2024,15,SEA,GB,2024-12-15,-3.0,-7.127442,-6.8848705,-7.855156,-7.232284029987415
2024_15_CHI_MIN,2024,15,MIN,CHI,2024-12-16,5.5,6.7426257,7.058382,5.795357,7.194084878949389
2024_15_ATL_LV,2024,15,LV,ATL,2024-12-16,-3.0,-3.8222992,-3.5542626,-4.6264086,-3.3336195176447876
2024_16_DEN_LAC,2024,16,LAC,DEN,2024-12-19,3.0,0.19275191,-0.23787467,1.4846317,-0.1673807539988093
2024_16_HOU_KC,2024,16,KC,HOU,2024-12-21,4.0,2.8417222,2.522422,3.7996225,4.371966111431358
2024_16_PIT_BAL,2024,16,BAL,PIT,2024-12-21,4.5,5.747163,6.0770154,4.7576056,6.107910226836695
2024_16_NYG_ATL,2024,16,ATL,NYG,2024-12-22,8.5,11.415525,11.007021,12.641039,12.301946652815072
2024_16_ARI_CAR,2024,16,CAR,ARI,2024-12-22,-4.0,-4.2627606,-3.803805,-5.639628,-3.333541720560363
2024_16_DET_CHI,2024,16,CHI,DET,2024-12-22,-7.5,-7.1885242,-6.600846,-8.951559,-7.642791233452014
2024_16_CLE_CIN,2024,16,CIN,CLE,2024-12-22,6.0,5.81588,6.0556765,5.0964885,4.7524167943846365
2024_16_TEN_IND,2024,16,IND,TEN,2024-12-22,4.5,3.4188614,3.348182,3.6309,2.916310231905406
2024_16_LA_NYJ,2024,16,NYJ,LA,2024-12-22,-2.5,-9.745594,-9.448753,-10.636115,-10.059032142129137
2024_16_PHI_WAS,2024,16,WAS,PHI,2024-12-22,-3.0,-2.4971814,-2.0983102,-3.6937947,-1.6697576922998645
2024_16_MIN_SEA,2024,16,SEA,MIN,2024-12-22,-2.0,-1.6351249,-1.8919619,-0.8646139,-2.8508676498159753
2024_16_NE_BUF,2024,16,BUF,NE,2024-12-22,12.0,11.616371,12.166037,9.967378,11.8666469260155
2024_16_JAX_LV,2024,16,LV,JAX,2024-12-22,1.5,0.8976388,0.5692111,1.8829217,1.41850782843466
2024_16_SF_MIA,2024,16,MIA,SF,2024-12-22,1.5,7.1366186,7.5888667,5.779874,5.097916451185305
2024_16_TB_DAL,2024,16,DAL,TB,2024-12-22,-3.5,-0.6795962,-0.7227484,-0.55013955,-0.85424344883522
2024_16_NO_GB,2024,16,GB,NO,2024-12-23,13.0,16.404327,15.902559,17.909632,17.112875037916783
2024_17_KC_PIT,2024,17,PIT,KC,2024-12-25,-6.5,-8.424452,-7.7769585,-10.36693,-5.92626385425367
2024_17_BAL_HOU,2024,17,HOU,BAL,2024-12-25,-1.5,-2.3780355,-3.1292267,-0.12446201,-3.7601095624926613
2024_17_SEA_CHI,2024,17,CHI,SEA,2024-12-26,-1.5,-3.322515,-3.1950073,-3.7050376,-3.1107968079367816
2024_17_LAC_NE,2024,17,NE,LAC,2024-12-28,-6.0,-6.898677,-6.6188307,-7.7382164,-6.1348340725049795
2024_17_DEN_CIN,2024,17,CIN,DEN,2024-12-28,3.0,1.9589972,1.7686273,2.530107,-0.8079930874798994
2024_17_ARI_LA,2024,17,LA,ARI,2024-12-28,3.0,6.4750347,6.5606127,6.218299,4.699453550294009
2024_17_NYJ_BUF,2024,17,BUF,NYJ,2024-12-29,9.5,12.360379,12.249008,12.694493,11.048918706637181
2024_17_TEN_JAX,2024,17,JAX,TEN,2024-12-29,1.0,-0.434113,-0.38262993,-0.58856213,-0.6191424156630554
2024_17_LV_NO,2024,17,NO,LV,2024-12-29,2.5,0.92416656,0.39267045,2.5186548,0.4825500230920248
2024_17_DAL_PHI,2024,17,PHI,DAL,2024-12-29,11.0,13.381395,12.771355,15.211516,12.448631927610059
2024_17_CAR_TB,2024,17,TB,CAR,2024-12-29,8.5,6.317171,6.454091,5.9064107,5.96659316029101
2024_17_MIA_CLE,2024,17,CLE,MIA,2024-12-29,-3.5,-4.2773867,-4.1968403,-4.5190263,-4.648871060277239
2024_17_GB_MIN,2024,17,MIN,GB,2024-12-29,1.5,-1.377758,-1.7380505,-0.29688084,0.40592053142225304
2024_17_ATL_WAS,2024,17,WAS,ATL,2024-12-29,3.5,2.7416286,3.2556355,1.1996075,2.279482832410826
2024_17_DET_SF,2024,17,SF,DET,2024-12-30,-3.0,-2.238278,-1.8003075,-3.5521894,-2.2716936604018936
2024_18_CLE_BAL,2024,18,BAL,CLE,2025-01-04,17.5,17.927889,16.46692,22.310793,17.356672440405635
2024_18_CAR_ATL,2024,18,ATL,CAR,2025-01-05,7.5,2.8437717,3.3818922,1.2294102,4.534483536117471
2024_18_WAS_DAL,2024,18,DAL,WAS,2025-01-05,-4.5,0.30763525,0.18119313,0.68696165,-0.5872394604997069
2024_18_CHI_GB,2024,18,GB,CHI,2025-01-05,9.0,10.585764,10.802482,9.935612,10.18623618508727
2024_18_JAX_IND,2024,18,IND,JAX,2025-01-05,5.0,4.492882,4.6470585,4.0303507,3.4734510939888215
2024_18_BUF_NE,2024,18,NE,BUF,2025-01-05,-2.0,-8.400045,-8.372246,-8.483446,-9.568415211984536
2024_18_NYG_PHI,2024,18,PHI,NYG,2025-01-05,3.5,0.5570649,0.096049115,1.9401124,-0.42883956848443866
2024_18_NO_TB,2024,18,TB,NO,2025-01-05,14.0,11.985335,12.203879,11.329705,11.177706775469218
2024_18_HOU_TEN,2024,18,TEN,HOU,2025-01-05,5.0,-0.42053628,-0.6721443,0.33428764,0.5810152301911796
2024_18_SF_ARI,2024,18,ARI,SF,2025-01-05,-1.0,3.405047,3.2845516,3.766533,0.3798535339771804
2024_18_KC_DEN,2024,18,DEN,KC,2025-01-05,10.0,13.930257,12.228997,19.034035,11.780664617365323
2024_18_SEA_LA,2024,18,LA,SEA,2025-01-05,2.5,1.4408385,1.8433998,0.23315465,4.044276653703811
2024_18_LAC_LV,2024,18,LV,LAC,2025-01-05,-5.5,2.3934567,2.760392,1.2926514,2.8015023503781857
2024_18_MIA_NYJ,2024,18,NYJ,MIA,2025-01-05,-2.5,-2.4870236,-2.2958536,-3.0605335,-1.9793697763430838
2024_18_MIN_DET,2024,18,DET,MIN,2025-01-05,3.0,3.1498785,2.5986187,4.803658,1.6011833644965316
2024_19_LAC_HOU,2024,19,HOU,LAC,2025-01-11,-3.0,-0.8218535,-1.197095,0.30387115,-1.2437103516029335
2024_19_DEN_BUF,2024,19,BUF,DEN,2025-01-12,7.5,5.679863,5.1823854,7.1722946,5.447082339413891
2024_19_GB_PHI,2024,19,PHI,GB,2025-01-12,3.5,2.4909143,1.746071,4.7254443,1.3022812476392969
2024_19_WAS_TB,2024,19,TB,WAS,2025-01-12,3.0,4.6946135,4.478257,5.3436823,2.039610710739587
2024_19_MIN_LA,2024,19,LA,MIN,2025-01-13,-2.0,-1.2608356,-2.1146634,1.3006477,-2.750571579339451
2024_20_HOU_KC,2024,20,KC,HOU,2025-01-18,7.5,7.557545,6.7306757,10.038153,8.167154302679664
2024_20_WAS_DET,2024,20,DET,WAS,2025-01-18,8.5,2.8750246,1.947869,5.6564913,0.5924403722924899
2024_20_LA_PHI,2024,20,PHI,LA,2025-01-19,6.0,2.604785,1.9148,4.67474,0.21437462094084644
2024_20_BAL_BUF,2024,20,BUF,BAL,2025-01-19,1.0,1.904036,2.1759899,1.0881746,1.5938014883715501
2024_21_WAS_PHI,2024,21,PHI,WAS,2025-01-26,5.5,3.8472142,2.8467886,6.848491,1.2849307675809405
2024_21_BUF_KC,2024,21,KC,BUF,2025-01-26,1.5,4.899822,4.554178,5.936754,4.985155741307904
2024_22_KC_PHI,2024,22,PHI,KC,2025-02-09,-2.0,-2.4981813,-2.514928,-2.4479408,-2.9685904365344147
2025_06_PHI_NYG,2025,6,NYG,PHI,2025-10-09,-7.5,-7.5372167,-7.4752507,-7.7231135,-8.595097482989518
2025_06_LA_BAL,2025,6,BAL,LA,2025-10-12,-7.5,-6.9535384,-5.860317,-10.233202,-3.825738211722182
2025_06_DAL_CAR,2025,6,CAR,DAL,2025-10-12,-3.5,-7.095805,-7.3179884,-6.429256,-5.97376362831293
2025_06_ARI_IND,2025,6,IND,ARI,2025-10-12,5.5,8.267664,8.226088,8.392395,6.840253077839918
2025_06_SEA_JAX,2025,6,JAX,SEA,2025-10-12,1.5,0.8648786,0.48761478,1.99667,-0.6474988603561401
2025_06_LAC_MIA,2025,6,MIA,LAC,2025-10-12,-4.5,-4.9317,-5.4786153,-3.290954,-6.971023652296549
2025_06_NE_NO,2025,6,NO,NE,2025-10-12,-3.5,-4.363329,-4.6703124,-3.4423795,-4.229506466244375
2025_06_CLE_PIT,2025,6,PIT,CLE,2025-10-12,4.5,9.907418,10.073147,9.410232,9.684576445698625
2025_06_TEN_LV,2025,6,LV,TEN,2025-10-12,4.5,5.456581,5.654735,4.86212,3.6462404935177264
2025_06_CIN_GB,2025,6,GB,CIN,2025-10-12,13.5,9.535088,9.131836,10.744843,8.619368906036055
2025_06_SF_TB,2025,6,TB,SF,2025-10-12,-7.5,-3.6900153,-4.075489,-2.5335946,-5.773427838261538
2025_06_DET_KC,2025,6,KC,DET,2025-10-12,1.5,0.46291995,0.2843984,0.99848455,-0.9092049974361197
2025_06_BUF_ATL,2025,6,ATL,BUF,2025-10-13,-3.5,-4.7968526,-4.935983,-4.3794613,-4.037053402303134
2025_06_CHI_WAS,2025,6,WAS,CHI,2025-10-13,3.5,3.4725804,3.6627045,2.902208,3.3989577211464117
2025_07_PIT_CIN,2025,7,CIN,PIT,2025-10-16,-4.5,-9.943932,-9.662589,-10.787961,-7.9001490720386895
2025_07_NO_CHI,2025,7,CHI,NO,2025-10-19,5.5,6.27047,6.8923798,4.4047413,6.69967955320773
2025_07_MIA_CLE,2025,7,CLE,MIA,2025-10-19,2.5,0.7808467,0.59253436,1.3457838,0.5612328894128036
2025_07_LV_KC,2025,7,KC,LV,2025-10-19,10.5,9.656614,10.288787,7.7600975,10.176583320076855
2025_07_PHI_MIN,2025,7,MIN,PHI,2025-10-19,-9.5,-5.147505,-4.1834354,-8.039712,-2.7344127167663226
2025_07_CAR_NYJ,2025,7,NYJ,CAR,2025-10-19,2.5,-1.0828184,-1.1743838,-0.8081223,-1.985279747208523
2025_07_NE_TEN,2025,7,TEN,NE,2025-10-19,-5.5,-9.050283,-8.795556,-9.814465,-8.64967047926852
2025_07_NYG_DEN,2025,7,DEN,NYG,2025-10-19,7.5,10.980537,10.612938,12.083337,9.642474376158649
2025_07_IND_LAC,2025,7,LAC,IND,2025-10-19,1.5,1.2019403,1.0351349,1.7023565,0.9468857788910133
2025_07_GB_ARI,2025,7,ARI,GB,2025-10-19,-4.5,-5.8404417,-6.117295,-5.009882,-6.232439086366485
2025_07_WAS_DAL,2025,7,DAL,WAS,2025-10-19,-1.5,-1.8423705,-1.4042242,-3.1568098,-2.736710543769822
2025_07_ATL_SF,2025,7,SF,ATL,2025-10-19,3.5,1.0645189,1.0986265,0.96219647,1.3609415839796564
2025_07_TB_DET,2025,7,DET,TB,2025-10-20,4.5,3.088591,2.4157379,5.1071515,4.343729565644774
2025_07_HOU_SEA,2025,7,SEA,HOU,2025-10-20,2.5,4.973221,4.87251,5.2753534,4.654805550425049
2025_08_MIN_LAC,2025,8,LAC,MIN,2025-10-23,3.5,1.0974349,0.95612377,1.5213681,-0.02019191797913457
2025_08_MIA_ATL,2025,8,ATL,MIA,2025-10-26,4.5,3.0794559,2.923901,3.54612,2.408970342921141
2025_08_CHI_BAL,2025,8,BAL,CHI,2025-10-26,5.5,2.1050084,2.0067604,2.3997526,2.2324844544667455
2025_08_BUF_CAR,2025,8,CAR,BUF,2025-10-26,-7.5,-8.336932,-8.646686,-7.4076715,-9.01913057604902
2025_08_NYJ_CIN,2025,8,CIN,NYJ,2025-10-26,1.5,0.5917511,0.5876731,0.60398495,0.4399806244540688
2025_08_SF_HOU,2025,8,HOU,SF,2025-10-26,1.5,3.9039624,3.5379848,5.001895,2.5791983112883368
2025_08_CLE_NE,2025,8,NE,CLE,2025-10-26,6.5,7.1229467,7.424169,6.219281,6.79299433995144
2025_08_NYG_PHI,2025,8,PHI,NYG,2025-10-26,7.5,6.7196183,6.729764,6.689181,6.844954285690753
2025_08_TB_NO,2025,8,NO,TB,2025-10-26,-4.5,-9.289605,-9.671894,-8.142737,-9.565375910705416
2025_08_DAL_DEN,2025,8,DEN,DAL,2025-10-26,4.5,10.936549,10.264542,12.952571,9.31668759504452
2025_08_TEN_IND,2025,8,IND,TEN,2025-10-26,10.5,13.1249275,13.760889,11.217039,13.478415287382468
2025_08_GB_PIT,2025,8,PIT,GB,2025-10-26,-8.5,-9.99505,-9.541114,-11.35686,-9.556743714048416
2025_08_WAS_KC,2025,8,KC,WAS,2025-10-27,4.5,4.575514,5.400791,2.0996826,4.784333274483232
2025_09_BAL_MIA,2025,9,MIA,BAL,2025-10-30,-7.5,-8.384687,-8.194996,-8.953763,-9.309330654829962
2025_09_CHI_CIN,2025,9,CIN,CHI,2025-11-02,-1.5,-1.2341622,-1.1186162,-1.5807999,-2.7153520779719273
2025_09_MIN_DET,2025,9,DET,MIN,2025-11-02,7.5,7.498395,7.285108,8.138257,7.543891238678762
2025_09_CAR_GB,2025,9,GB,CAR,2025-11-02,10.5,9.47377,9.870173,8.284563,9.755170480725889
2025_09_DEN_HOU,2025,9,HOU,DEN,2025-11-02,-1.5,-4.108774,-4.0884275,-4.1698146,-4.477304298820142
2025_09_ATL_NE,2025,9,NE,ATL,2025-11-02,2.5,3.9093933,4.049425,3.4892979,4.311377472973724
2025_09_SF_NYG,2025,9,NYG,SF,2025-11-02,-8.5,-5.592186,-5.7006884,-5.266678,-5.462615965717374
2025_09_IND_PIT,2025,9,PIT,IND,2025-11-02,-2.5,-0.9866871,-1.7155572,1.1999233,-2.5239672029886977
2025_09_LAC_TEN,2025,9,TEN,LAC,2025-11-02,-7.5,-8.786239,-8.645076,-9.209729,-10.798648966117097
2025_09_NO_LA,2025,9,LA,NO,2025-11-02,10.5,12.159615,12.720414,10.477216,11.526065106655798
2025_09_JAX_LV,2025,9,LV,JAX,2025-11-02,-8.5,-4.312595,-3.9983776,-5.2552476,-4.456625517772185
2025_09_KC_BUF,2025,9,BUF,KC,2025-11-02,-1.5,3.8706298,4.4403358,2.1615121,4.19224402311377
2025_09_SEA_WAS,2025,9,WAS,SEA,2025-11-02,-2.5,-7.337075,-7.170459,-7.836925,-7.095917309995718
2025_09_ARI_DAL,2025,9,DAL,ARI,2025-11-03,-2.5,1.4665613,1.7073661,0.7441468,0.6284140775322882
2025_10_LV_DEN,2025,10,DEN,LV,2025-11-06,10.5,15.623804,16.515104,12.949906,15.093071516345727
2025_10_ATL_IND,2025,10,IND,ATL,2025-11-09,7.5,8.028168,8.319971,7.152759,7.648510915084307
2025_10_NO_CAR,2025,10,CAR,NO,2025-11-09,3.5,2.147262,1.391064,4.415857,1.3110922212226839
2025_10_NYG_CHI,2025,10,CHI,NYG,2025-11-09,3.5,9.583485,9.20083,10.731449,9.308426532886322
2025_10_JAX_HOU,2025,10,HOU,JAX,2025-11-09,2.5,4.3553047,4.541696,3.7961302,4.481462999952388
2025_10_BUF_MIA,2025,10,MIA,BUF,2025-11-09,-7.5,-5.012049,-5.2826247,-4.2003236,-5.799735298635272
2025_10_BAL_MIN,2025,10,MIN,BAL,2025-11-09,-3.5,-2.762177,-2.2226856,-4.380651,-3.520867539660089
2025_10_CLE_NYJ,2025,10,NYJ,CLE,2025-11-09,1.5,-3.9199932,-4.331257,-2.686202,-1.6714812248602582
2025_10_NE_TB,2025,10,TB,NE,2025-11-09,1.5,3.5014017,3.5310786,3.4123707,3.1973364112833673
2025_10_ARI_SEA,2025,10,SEA,ARI,2025-11-09,5.5,8.682123,8.773579,8.407756,9.193348727433252
2025_10_LA_SF,2025,10,SF,LA,2025-11-09,-8.5,-4.4782267,-4.7420754,-3.6866803,-4.832373297994474
2025_10_DET_WAS,2025,10,WAS,DET,2025-11-09,-3.5,-7.4358525,-7.5560145,-7.0753665,-8.331531274486897
2025_10_PIT_LAC,2025,10,LAC,PIT,2025-11-09,3.5,-0.20476767,-0.8015252,1.5855049,0.6353627478741322
2025_10_PHI_GB,2025,10,GB,PHI,2025-11-10,-2.5,-3.9085264,-3.0027857,-6.625748,-2.765379500604058
2025_11_NYJ_NE,2025,11,NE,NYJ,2025-11-13,10.5,9.948278,10.334611,8.789278,8.24198634229724
2025_11_WAS_MIA,2025,11,MIA,WAS,2025-11-16,-1.5,-0.7870093,-0.37444395,-2.0247054,-2.195714752502197
2025_11_CAR_ATL,2025,11,ATL,CAR,2025-11-16,3.5,8.779101,9.199298,7.518512,8.941094770789064
2025_11_TB_BUF,2025,11,BUF,TB,2025-11-16,4.5,9.790628,9.151233,11.708816,7.115994398553526
2025_11_LAC_JAX,2025,11,JAX,LAC,2025-11-16,-1.5,-0.21775573,-0.105341464,-0.5549985,-0.7952253647186147
2025_11_CHI_MIN,2025,11,MIN,CHI,2025-11-16,2.5,5.7265263,5.9546866,5.042046,9.09276968250461
2025_11_GB_NYG,2025,11,NYG,GB,2025-11-16,-6.5,-5.0314507,-5.0175524,-5.0731463,-5.920554156678136
2025_11_CIN_PIT,2025,11,PIT,CIN,2025-11-16,5.5,5.653582,4.9832497,7.6645794,5.230101905753326
2025_11_HOU_TEN,2025,11,TEN,HOU,2025-11-16,-7.5,-3.7578201,-4.1259904,-2.6533093,-4.044234903055762
2025_11_SF_ARI,2025,11,ARI,SF,2025-11-16,-1.5,0.07082087,0.54077256,-1.3390342,-0.6556048423157843
2025_11_SEA_LA,2025,11,LA,SEA,2025-11-16,2.5,1.8993498,1.6502054,2.6467834,1.9742287934495262
2025_11_BAL_CLE,2025,11,CLE,BAL,2025-11-16,-7.5,-2.5553527,-2.4867465,-2.7611713,-1.9451009382712698
2025_11_KC_DEN,2025,11,DEN,KC,2025-11-16,-3.5,3.5708666,4.644305,0.35055017,6.183414985438116
2025_11_DET_PHI,2025,11,PHI,DET,2025-11-16,1.5,0.75540113,0.14030607,2.6006863,-0.42754787398019606
2025_11_DAL_LV,2025,11,LV,DAL,2025-11-17,-3.5,-3.6290097,-3.000432,-5.514743,-4.006353398214098
2025_12_BUF_HOU,2025,12,HOU,BUF,2025-11-20,-2.5,2.186439,2.760658,0.46378243,3.8884364574498114
2025_12_NYJ_BAL,2025,12,BAL,NYJ,2025-11-23,13.5,11.303066,12.173705,8.69115,11.952325936127727
2025_12_PIT_CHI,2025,12,CHI,PIT,2025-11-23,2.5,1.9085786,2.0573125,1.4623773,1.8757448644077352
2025_12_NE_CIN,2025,12,CIN,NE,2025-11-23,-5.5,-4.552576,-4.092055,-5.93414,-3.6227753711842547
2025_12_NYG_DET,2025,12,DET,NYG,2025-11-23,10.5,9.559966,9.839879,8.720225,11.047286986734083
2025_12_MIN_GB,2025,12,GB,MIN,2025-11-23,5.5,4.629428,4.9616103,3.6328807,4.643226231369974
2025_12_IND_KC,2025,12,KC,IND,2025-11-23,3.5,-1.8065114,-2.4576766,0.14698386,-2.5044353304211944
2025_12_SEA_TEN,2025,12,TEN,SEA,2025-11-23,-11.5,-9.207757,-8.454203,-11.46842,-8.902581249913226
2025_12_JAX_ARI,2025,12,ARI,JAX,2025-11-23,-1.5,0.50140977,0.39638236,0.81649196,0.1822553765119674
2025_12_CLE_LV,2025,12,LV,CLE,2025-11-23,2.5,-1.9948447,-2.6800587,0.06079793,-2.5470503503236936
2025_12_PHI_DAL,2025,12,DAL,PHI,2025-11-23,-3.5,-2.5409193,-2.8153017,-1.7177721,-2.383156368061895
2025_12_ATL_NO,2025,12,NO,ATL,2025-11-23,1.5,-2.0817125,-2.0607255,-2.1446733,-0.837929462023915
2025_12_TB_LA,2025,12,LA,TB,2025-11-23,5.5,6.2944417,6.187566,6.615068,5.371811087056568
2025_12_CAR_SF,2025,12,SF,CAR,2025-11-24,6.5,8.079496,7.6811156,9.274641,8.121089415723334
2025_13_GB_DET,2025,13,DET,GB,2025-11-27,-2.5,-5.22027,-4.273842,-8.059556,-3.1409936385268424
2025_13_KC_DAL,2025,13,DAL,KC,2025-11-27,-3.5,3.6233253,3.7418263,3.2678218,5.9610200217858
2025_13_CIN_BAL,2025,13,BAL,CIN,2025-11-27,6.5,3.8433774,3.5280201,4.7894487,3.9015710866008773
2025_13_CHI_PHI,2025,13,PHI,CHI,2025-11-28,6.5,8.528547,7.302912,12.205451,8.94617086015695
2025_13_LA_CAR,2025,13,CAR,LA,2025-11-30,-7.5,-7.3815494,-7.2878323,-7.6627,-8.44215911350316
2025_13_SF_CLE,2025,13,CLE,SF,2025-11-30,-5.5,-1.7078346,-2.3359292,0.17644942,-2.551021311514397
2025_13_HOU_IND,2025,13,IND,HOU,2025-11-30,3.5,4.962249,5.364875,3.7543712,4.460415906241602
2025_13_NO_MIA,2025,13,MIA,NO,2025-11-30,4.5,4.1920986,4.559903,3.0886848,2.6625138253043645
2025_13_ATL_NYJ,2025,13,NYJ,ATL,2025-11-30,-1.5,-4.168911,-4.205974,-4.057723,-4.185730926703609
2025_13_ARI_TB,2025,13,TB,ARI,2025-11-30,5.5,6.9681673,6.654858,7.908095,6.43035212287145
2025_13_JAX_TEN,2025,13,TEN,JAX,2025-11-30,-7.5,-5.2441382,-5.673256,-3.9567857,-6.503914257479819
2025_13_MIN_SEA,2025,13,SEA,MIN,2025-11-30,7.5,11.18667,11.562258,10.059905,11.087864982759555
2025_13_LV_LAC,2025,13,LAC,LV,2025-11-30,10.5,12.6873045,12.944163,11.916728,12.260700889971353
2025_13_BUF_PIT,2025,13,PIT,BUF,2025-11-30,-3.5,-9.062154,-8.880073,-9.608398,-8.741922046552956
2025_13_DEN_WAS,2025,13,WAS,DEN,2025-11-30,-6.5,-5.970887,-5.874951,-6.258695,-5.399071067105336
2025_13_NYG_NE,2025,13,NE,NYG,2025-12-01,7.5,5.1612716,5.880805,3.0026717,4.425148488662501
2025_14_DAL_DET,2025,14,DET,DAL,2025-12-04,3.5,0.84403884,1.1590072,-0.1008662,1.342332106343364
2025_14_SEA_ATL,2025,14,ATL,SEA,2025-12-07,-7.5,-6.4792128,-6.6095085,-6.088326,-6.110367625622421
2025_14_PIT_BAL,2025,14,BAL,PIT,2025-12-07,6.5,2.426908,2.8628793,1.1189935,4.102849062288716
2025_14_TEN_CLE,2025,14,CLE,TEN,2025-12-07,3.5,4.4428654,4.5361667,4.162962,2.371484875030096
2025_14_CHI_GB,2025,14,GB,CHI,2025-12-07,4.5,5.238664,5.148452,5.5093017,4.946041302018932
2025_14_IND_JAX,2025,14,JAX,IND,2025-12-07,-1.5,7.513861,7.9269667,6.274545,6.046462360103405
2025_14_WAS_MIN,2025,14,MIN,WAS,2025-12-07,1.5,-0.34825876,0.23125216,-2.0867915,-0.40932075841013815
2025_14_MIA_NYJ,2025,14,NYJ,MIA,2025-12-07,-2.5,-2.3705435,-2.2920794,-2.605936,-4.174899453250726
2025_14_NO_TB,2025,14,TB,NO,2025-12-07,7.5,11.221539,11.131921,11.490389,10.03386352665452
2025_14_DEN_LV,2025,14,LV,DEN,2025-12-07,-7.5,-7.684336,-7.384728,-8.58316,-6.55096977104752
2025_14_LA_ARI,2025,14,ARI,LA,2025-12-07,-7.5,-12.462822,-11.914848,-14.106743,-11.293268931847216
2025_14_CIN_BUF,2025,14,BUF,CIN,2025-12-07,4.5,5.1030602,4.670029,6.4021525,3.342895175808167
2025_14_HOU_KC,2025,14,KC,HOU,2025-12-07,3.5,3.4972606,3.8507977,2.436649,3.539640642910092
2025_14_PHI_LAC,2025,14,LAC,PHI,2025-12-08,-2.5,0.723899,0.7963531,0.50653684,-0.8163844668760608
2025_15_ATL_TB,2025,15,TB,ATL,2025-12-11,4.5,1.7440162,1.7925398,1.5984448,2.349649337432042
2025_15_CLE_CHI,2025,15,CHI,CLE,2025-12-14,7.5,7.791539,7.236595,9.45637,7.179158708827852
2025_15_BAL_CIN,2025,15,CIN,BAL,2025-12-14,-1.5,-2.0417097,-1.6336021,-3.2660322,-3.620600299840268
2025_15_ARI_HOU,2025,15,HOU,ARI,2025-12-14,7.5,11.34512,11.392435,11.203175,11.941455737273637
2025_15_NYJ_JAX,2025,15,JAX,NYJ,2025-12-14,10.5,16.207344,16.946106,13.99106,14.315006812430266
2025_15_LAC_KC,2025,15,KC,LAC,2025-12-14,4.5,2.8483458,3.0239787,2.3214471,3.2837731786840876
2025_15_BUF_NE,2025,15,NE,BUF,2025-12-14,-1.5,-3.6957827,-3.1935072,-5.2026095,-4.266528104194827
2025_15_WAS_NYG,2025,15,NYG,WAS,2025-12-14,1.5,0.14834484,0.21083729,-0.039132476,-0.45987965519653684
2025_15_LV_PHI,2025,15,PHI,LV,2025-12-14,12.5,9.3808155,8.881471,10.878849,11.764743382440574
2025_15_GB_DEN,2025,15,DEN,GB,2025-12-14,-1.5,6.5978827,7.0064754,5.3721046,6.932505925237002
2025_15_DET_LA,2025,15,LA,DET,2025-12-14,3.5,2.8707044,2.1887505,4.916566,0.9964357061018894
2025_15_CAR_NO,2025,15,NO,CAR,2025-12-14,-1.5,-2.7059555,-2.3265738,-3.844101,-1.9840266390848467
2025_15_IND_SEA,2025,15,SEA,IND,2025-12-14,10.5,13.355994,13.658387,12.448814,11.868590629846159
2025_15_TEN_SF,2025,15,SF,TEN,2025-12-14,12.5,7.459545,7.728922,6.651416,9.324713462613122
2025_15_MIN_DAL,2025,15,DAL,MIN,2025-12-14,5.5,0.6838287,0.18184547,2.1897783,1.6721068699136483
2025_15_MIA_PIT,2025,15,PIT,MIA,2025-12-15,3.5,1.7936101,1.8692914,1.5665662,1.718722278305606
2025_16_LA_SEA,2025,16,SEA,LA,2025-12-18,-5.5,-8.182406,-8.097759,-8.436348,-7.679332914412726
2025_16_GB_CHI,2025,16,CHI,GB,2025-12-20,-3.5,3.8558517,3.9267805,3.6430655,4.770911933496184
2025_16_PHI_WAS,2025,16,WAS,PHI,2025-12-20,-4.5,-5.495991,-5.7180533,-4.8298054,-6.296894771898695
2025_16_NE_BAL,2025,16,BAL,NE,2025-12-21,2.5,1.1696961,1.3816838,0.5337331,0.8668102785073627
2025_16_TB_CAR,2025,16,CAR,TB,2025-12-21,-1.5,-3.1686525,-3.5502074,-2.0239882,-3.8584178393651514
2025_16_BUF_CLE,2025,16,CLE,BUF,2025-12-21,-10.5,-5.6858478,-4.7435284,-8.512806,-5.682918328266564
2025_16_LAC_DAL,2025,16,DAL,LAC,2025-12-21,1.5,-2.3736358,-2.4720812,-2.0782995,-1.2924643202352015
2025_16_NYJ_NO,2025,16,NO,NYJ,2025-12-21,3.5,1.9608114,2.0686188,1.6373891,1.1434395398066255
2025_16_MIN_NYG,2025,16,NYG,MIN,2025-12-21,-1.5,-0.862437,-0.99438584,-0.46659052,-2.5062054705171577
2025_16_KC_TEN,2025,16,TEN,KC,2025-12-21,-3.5,-2.9108775,-3.5152035,-1.0978996,-3.045815104104233
2025_16_ATL_ARI,2025,16,ARI,ATL,2025-12-21,-1.5,-5.0036144,-4.9279304,-5.230667,-5.638849922778775
2025_16_JAX_DEN,2025,16,DEN,JAX,2025-12-21,2.5,3.7357535,3.392671,4.7650013,3.963702866842483
2025_16_PIT_DET,2025,16,DET,PIT,2025-12-21,6.5,5.4387136,5.481669,5.3098464,5.041148613349422
2025_16_LV_HOU,2025,16,HOU,LV,2025-12-21,13.5,17.662075,18.003372,16.63818,16.93724826964527
2025_16_CIN_MIA,2025,16,MIA,CIN,2025-12-21,1.5,6.0457845,5.8816977,6.5380464,3.95564322484788
2025_16_SF_IND,2025,16,IND,SF,2025-12-22,-4.5,-6.378197,-7.025958,-4.434916,-6.791121015193679
2025_17_DAL_WAS,2025,17,WAS,DAL,2025-12-25,-3.5,-4.334409,-3.9894493,-5.36929,-3.997192443371221
2025_17_DET_MIN,2025,17,MIN,DET,2025-12-25,-3.5,-3.4051151,-3.2004433,-4.01913,-4.237265321302359
2025_17_DEN_KC,2025,17,KC,DEN,2025-12-25,-4.5,-3.4988065,-3.4031475,-3.7857833,-3.6347707309455135
2025_17_SEA_CAR,2025,17,CAR,SEA,2025-12-28,-7.5,-6.070986,-6.2786036,-5.448131,-6.30190841491519
2025_17_ARI_CIN,2025,17,CIN,ARI,2025-12-28,5.5,6.9973545,7.0810785,6.7461815,6.051440113267467
2025_17_PIT_CLE,2025,17,CLE,PIT,2025-12-28,-4.5,-4.67624,-5.587722,-1.941796,-7.816249744219561
2025_17_BAL_GB,2025,17,GB,BAL,2025-12-27,3.5,1.8002961,1.8132586,1.7614081,1.2369824223190373
2025_17_JAX_IND,2025,17,IND,JAX,2025-12-28,-6.5,-6.4536157,-6.8195343,-5.3558598,-8.548451745293066
2025_17_HOU_LAC,2025,17,LAC,HOU,2025-12-27,-1.5,-3.4658356,-3.7086718,-2.7373266,-5.299166791524678
2025_17_NYG_LV,2025,17,LV,NYG,2025-12-28,-1.5,-0.26545793,0.018814823,-1.1182762,-1.531746760774807
2025_17_TB_MIA,2025,17,MIA,TB,2025-12-28,-4.5,-2.2538571,-2.514237,-1.4727179,-3.134306973014498
2025_17_NE_NYJ,2025,17,NYJ,NE,2025-12-28,-11.5,-8.375854,-8.0903845,-9.232263,-8.751557905384407
2025_17_NO_TEN,2025,17,TEN,NO,2025-12-28,-2.5,-1.3492944,-1.0118979,-2.361484,-0.937218262952741
2025_17_PHI_BUF,2025,17,BUF,PHI,2025-12-28,2.5,1.7812282,1.9515517,1.2702575,2.8954703423089234
2025_17_CHI_SF,2025,17,SF,CHI,2025-12-28,2.5,-0.5678694,-0.785222,0.08418822,2.638257976441219
2025_17_LA_ATL,2025,17,ATL,LA,2025-12-29,-7.5,-1.1372896,-0.9623115,-1.6622242,0.7348962954075786
2025_18_NO_ATL,2025,18,ATL,NO,2026-01-04,2.5,0.7721243,0.43605995,1.7803174,0.15844068122593538
2025_18_NYJ_BUF,2025,18,BUF,NYJ,2026-01-04,10.5,14.929232,14.943339,14.88691,12.850188981857134
2025_18_DET_CHI,2025,18,CHI,DET,2026-01-04,1.5,0.19431747,-0.14049782,1.1987634,-2.8981825678821886
2025_18_CLE_CIN,2025,18,CIN,CLE,2026-01-04,6.5,9.40066,9.315203,9.657028,9.336901937299622
2025_18_LAC_DEN,2025,18,DEN,LAC,2026-01-04,6.5,6.864901,6.759462,7.1812196,6.786171380465564
2025_18_IND_HOU,2025,18,HOU,IND,2026-01-04,10.5,16.77812,17.43035,14.821432,15.917854784544213
2025_18_TEN_JAX,2025,18,JAX,TEN,2026-01-04,10.5,12.085835,12.543314,10.713399,12.468030763184753
2025_18_ARI_LA,2025,18,LA,ARI,2026-01-04,8.5,8.30364,8.400443,8.013234,8.888397945653447
2025_18_KC_LV,2025,18,LV,KC,2026-01-04,-5.5,-6.4183,-7.068988,-4.466238,-6.884450963260148
2025_18_GB_MIN,2025,18,MIN,GB,2026-01-04,5.5,4.6840262,4.1980805,6.1418633,4.66193060496084
2025_18_MIA_NE,2025,18,NE,MIA,2026-01-04,10.5,11.736442,11.574443,12.222439,10.144537541911632
2025_18_DAL_NYG,2025,18,NYG,DAL,2026-01-04,-4.5,-7.6851892,-7.344776,-8.7064295,-7.175400857327171
2025_18_WAS_PHI,2025,18,PHI,WAS,2026-01-04,7.5,2.4432445,3.1442356,0.34027076,3.840319334578668
2025_18_BAL_PIT,2025,18,PIT,BAL,2026-01-04,-8.5,-8.855595,-8.206833,-10.801878,-9.202357056358526
2025_19_GB_CHI,2025,19,CHI,GB,2026-01-10,-1.5,0.914901,1.1519436,0.2037735,0.07867758120024092
2025_19_BUF_JAX,2025,19,JAX,BUF,2026-01-11,-1.5,1.882906,1.9961828,1.5430753,2.2932537271971802
2025_19_SF_PHI,2025,19,PHI,SF,2026-01-11,-2.5,1.7861911,1.8860604,1.4865832,2.5585192305278417
2025_19_HOU_PIT,2025,19,PIT,HOU,2026-01-12,-3.5,-0.2669263,-0.7760042,1.2603073,-0.8954979888981063
2025_19_LA_CAR,2025,19,CAR,LA,2026-01-10,-10.5,-6.1458826,-5.501638,-8.078618,-6.291034320829018
2025_20_BUF_DEN,2025,20,DEN,BUF,2026-01-17,-1.5,5.740073,5.6374927,6.0478144,4.909419410089502
2025_20_SF_SEA,2025,20,SEA,SF,2026-01-17,6.5,4.633938,3.77404,7.213631,1.9173254920290763
2025_20_LA_CHI,2025,20,CHI,LA,2026-01-18,-3.5,3.3519487,3.761933,2.1219962,4.087167282014883
2025_20_HOU_NE,2025,20,NE,HOU,2026-01-18,2.5,3.7912922,3.0912151,5.8915234,4.040383787196421
2025_21_NE_DEN,2025,21,DEN,NE,2026-01-25,-4.5,-0.69212615,-1.2135177,0.87204826,-2.2765873165421473
2025_21_LA_SEA,2025,21,SEA,LA,2026-01-25,1.5,-0.11608985,-0.8088254,1.9621166,-0.7900338468263474
2025_22_SEA_NE,2025,22,NE,SEA,2026-02-08,-3.5,1.1696968,0.9750528,1.7536292,0.9324086953963552
