market,population,universe,panel,threshold,panel_complete_n,split,split_value,n,hits,misses,ties,hit_rate,wilson_lo,wilson_hi,n_ex_ties,hit_rate_ex_ties,mean_actual_gap,median_actual_gap,spearman_consensus_vs_actual_gap,median_adp_overall,too_small_n_lt_10
sleeper_adp,all_adp,A,season_2021,0.0,270,all,all,147,112,32,3,0.7619047619047619,0.6869389934914688,0.8235307447489325,144,0.7777777777777778,3.578231292517007,3.0,0.5098407853788778,197.3,False
sleeper_adp,all_adp,A,season_2021,0.0,270,direction,buy,78,64,13,1,0.8205128205128205,0.7209764606558008,0.8899608408107412,77,0.8311688311688312,12.128205128205128,8.0,0.5178178788353632,244.1,False
sleeper_adp,all_adp,A,season_2021,0.0,270,direction,fade,69,48,19,2,0.6956521739130435,0.5791642983213836,0.7915037310829005,67,0.7164179104477612,-6.086956521739131,-4.0,0.0226011820901239,124.8,False
sleeper_adp,all_adp,A,season_2021,0.0,270,position,QB,23,22,1,0,0.9565217391304348,0.7900884492974114,0.9922833338565468,23,0.9565217391304348,3.565217391304348,3.0,0.9176750238021956,228.6,False
sleeper_adp,all_adp,A,season_2021,0.0,270,position,RB,46,32,11,3,0.6956521739130435,0.5519435355159235,0.8092015919723277,43,0.7441860465116279,3.565217391304348,0.0,0.5580748139102436,150.10000000000002,False
sleeper_adp,all_adp,A,season_2021,0.0,270,position,TE,22,18,4,0,0.8181818181818182,0.6148339256287345,0.9269311541657794,22,0.8181818181818182,1.5909090909090908,-1.0,0.8196214032976524,299.1,False
sleeper_adp,all_adp,A,season_2021,0.0,270,position,WR,56,40,16,0,0.7142857142857143,0.5852474928448334,0.8158122485614109,56,0.7142857142857143,4.375,6.0,0.314054483420282,183.6,False
sleeper_adp,all_adp,A,season_2021,0.0,270,season,2021,147,112,32,3,0.7619047619047619,0.6869389934914688,0.8235307447489325,144,0.7777777777777778,3.578231292517007,3.0,0.5098407853788778,197.3,False
sleeper_adp,all_adp,A,season_2021,0.0,270,group,rookie,21,15,6,0,0.7142857142857143,0.5004361928391441,0.8618613704787788,21,0.7142857142857143,11.666666666666666,8.0,0.4241453848428278,246.1,False
sleeper_adp,all_adp,A,season_2021,0.0,270,group,veteran,126,97,26,3,0.7698412698412699,0.6890161339806872,0.8346994851876502,123,0.7886178861788617,2.2301587301587302,3.0,0.5433847171968571,194.05,False
sleeper_adp,all_adp,A,season_2021,5.0,270,all,all,61,48,12,1,0.7868852459016393,0.6687758459836244,0.8710022625994256,60,0.8,10.344262295081966,9.0,0.499311564131969,310.0,False
sleeper_adp,all_adp,A,season_2021,5.0,270,direction,buy,43,37,6,0,0.8604651162790697,0.7273641203261714,0.9344427657203512,43,0.8604651162790697,17.372093023255815,12.0,0.4314704984789562,550.2,False
sleeper_adp,all_adp,A,season_2021,5.0,270,direction,fade,18,11,6,1,0.6111111111111112,0.3861904160223791,0.7969475342783638,17,0.6470588235294118,-6.444444444444445,-9.5,-0.0740140103656092,183.35,False
sleeper_adp,all_adp,A,season_2021,5.0,270,position,QB,8,8,0,0,1.0,0.6755924351161198,1.0,8,1.0,13.375,13.0,0.7091039322395568,598.15,True
sleeper_adp,all_adp,A,season_2021,5.0,270,position,RB,19,12,6,1,0.631578947368421,0.4103953316480306,0.8085048725486492,18,0.6666666666666666,12.0,9.0,0.5640001730451104,235.8,False
sleeper_adp,all_adp,A,season_2021,5.0,270,position,TE,10,10,0,0,1.0,0.7224672001371107,1.0,10,1.0,6.0,8.0,0.8142766088409525,461.4,False
sleeper_adp,all_adp,A,season_2021,5.0,270,position,WR,24,18,6,0,0.75,0.55100555994846,0.8800063377140499,24,0.75,9.833333333333334,11.5,0.2975574270534021,230.5,False
sleeper_adp,all_adp,A,season_2021,5.0,270,season,2021,61,48,12,1,0.7868852459016393,0.6687758459836244,0.8710022625994256,60,0.8,10.344262295081966,9.0,0.499311564131969,310.0,False
sleeper_adp,all_adp,A,season_2021,5.0,270,group,rookie,8,7,1,0,0.875,0.5291118177871464,0.9775825085499432,8,0.875,19.875,12.0,0.3952166664313755,470.4,True
sleeper_adp,all_adp,A,season_2021,5.0,270,group,veteran,53,41,11,1,0.7735849056603774,0.6447372974853895,0.8654536898972573,52,0.7884615384615384,8.90566037735849,9.0,0.5041764376204593,280.0,False
sleeper_adp,all_adp,A,season_2021,7.5,270,all,all,43,35,8,0,0.813953488372093,0.6738299634272562,0.9025824857100376,43,0.813953488372093,13.651162790697674,16.0,0.4413772520592132,310.0,False
sleeper_adp,all_adp,A,season_2021,7.5,270,direction,buy,32,28,4,0,0.875,0.7193169451834978,0.9502986561251991,32,0.875,19.625,17.0,0.3873263843956061,603.4,False
sleeper_adp,all_adp,A,season_2021,7.5,270,direction,fade,11,7,4,0,0.6363636363636364,0.3538011745078488,0.8483352890463243,11,0.6363636363636364,-3.727272727272727,-9.0,0.041772449376689,194.4,False
sleeper_adp,all_adp,A,season_2021,7.5,270,position,QB,5,5,0,0,1.0,0.5655175352168251,1.0,5,1.0,17.4,19.0,0.4616902584383193,659.3,True
sleeper_adp,all_adp,A,season_2021,7.5,270,position,RB,12,9,3,0,0.75,0.4676946650664342,0.9110583316059452,12,0.75,15.5,12.5,0.608092810550575,402.45,False
sleeper_adp,all_adp,A,season_2021,7.5,270,position,TE,6,6,0,0,1.0,0.6096657120978346,1.0,6,1.0,7.833333333333333,9.5,0.8116794499134278,475.8,True
sleeper_adp,all_adp,A,season_2021,7.5,270,position,WR,20,15,5,0,0.75,0.531299122381256,0.8881382985923343,20,0.75,13.35,17.5,0.2158808839090698,217.0,False
sleeper_adp,all_adp,A,season_2021,7.5,270,season,2021,43,35,8,0,0.813953488372093,0.6738299634272562,0.9025824857100376,43,0.813953488372093,13.651162790697674,16.0,0.4413772520592132,310.0,False
sleeper_adp,all_adp,A,season_2021,7.5,270,group,rookie,6,5,1,0,0.8333333333333334,0.4364971778135298,0.9699466302516936,6,0.8333333333333334,28.5,29.5,0.1739313106957345,486.65,True
sleeper_adp,all_adp,A,season_2021,7.5,270,group,veteran,37,30,7,0,0.8108108108108109,0.6579530307016159,0.90520021269688,37,0.8108108108108109,11.243243243243244,13.0,0.4751723452058443,280.0,False
sleeper_adp,all_adp,A,season_2021,10.0,270,all,all,23,20,3,0,0.8695652173913043,0.6787251772990404,0.9546234090636876,23,0.8695652173913043,23.47826086956522,23.0,0.1238813482592596,635.3,False
sleeper_adp,all_adp,A,season_2021,10.0,270,direction,buy,19,18,1,0,0.9473684210526316,0.753612688331012,0.9906480059376996,19,0.9473684210526316,26.73684210526316,23.0,-0.0922415086031064,654.3,False
sleeper_adp,all_adp,A,season_2021,10.0,270,direction,fade,4,2,2,0,0.5,0.1500389891521494,0.8499610108478506,4,0.5,8.0,6.0,0.1054092553389459,170.05,True
sleeper_adp,all_adp,A,season_2021,10.0,270,position,QB,4,4,0,0,1.0,0.5101091635454027,1.0,4,1.0,20.75,21.0,-0.1054092553389459,670.75,True
sleeper_adp,all_adp,A,season_2021,10.0,270,position,RB,8,7,1,0,0.875,0.5291118177871464,0.9775825085499432,8,0.875,23.25,23.5,0.2891776156271279,596.5999999999999,True
sleeper_adp,all_adp,A,season_2021,10.0,270,position,TE,2,2,0,0,1.0,0.342380227506653,1.0,2,1.0,10.5,10.5,,476.45,True
sleeper_adp,all_adp,A,season_2021,10.0,270,position,WR,9,7,2,0,0.7777777777777778,0.4525889691069888,0.9367748928821532,9,0.7777777777777778,27.77777777777778,28.0,-0.1223639584513083,219.6,True
sleeper_adp,all_adp,A,season_2021,10.0,270,season,2021,23,20,3,0,0.8695652173913043,0.6787251772990404,0.9546234090636876,23,0.8695652173913043,23.47826086956522,23.0,0.1238813482592596,635.3,False
sleeper_adp,all_adp,A,season_2021,10.0,270,group,rookie,5,4,1,0,0.8,0.3755346297625253,0.9637758913675698,5,0.8,36.0,43.0,-0.1025978352085154,663.3,True
sleeper_adp,all_adp,A,season_2021,10.0,270,group,veteran,18,16,2,0,0.8888888888888888,0.672002348698212,0.9689804773543876,18,0.8888888888888888,20.0,22.5,0.1479947313521703,596.5999999999999,False
sleeper_adp,all_adp,A,season_2022,0.0,259,all,all,138,99,31,8,0.717391304347826,0.6371703718014349,0.7858371219091854,130,0.7615384615384615,2.8840579710144927,1.0,0.6278312857601134,172.95,False
sleeper_adp,all_adp,A,season_2022,0.0,259,direction,buy,80,61,16,3,0.7625,0.6585922106615945,0.8423532713322537,77,0.7922077922077922,11.45,10.5,0.3568207536104302,221.0,False
sleeper_adp,all_adp,A,season_2022,0.0,259,direction,fade,58,38,15,5,0.6551724137931034,0.5266777656614042,0.7643891066804983,53,0.7169811320754716,-8.931034482758621,-7.0,0.2299187872655363,84.2,False
sleeper_adp,all_adp,A,season_2022,0.0,259,position,QB,19,13,6,0,0.6842105263157895,0.4601040767532747,0.8463562091220773,19,0.6842105263157895,4.894736842105263,3.0,0.7071780718970341,335.7,False
sleeper_adp,all_adp,A,season_2022,0.0,259,position,RB,42,28,11,3,0.6666666666666666,0.5155250737683379,0.7898753292764273,39,0.717948717948718,2.142857142857143,-0.5,0.3715311607198632,116.55,False
sleeper_adp,all_adp,A,season_2022,0.0,259,position,TE,22,16,5,1,0.7272727272727273,0.5184826598759762,0.8684923971201053,21,0.7619047619047619,-0.9545454545454546,1.0,0.7066266447028207,218.0,False
sleeper_adp,all_adp,A,season_2022,0.0,259,position,WR,55,42,9,4,0.7636363636363637,0.6365163381083228,0.8563334413026682,51,0.8235294117647058,4.290909090909091,4.0,0.7589102567476905,130.9,False
sleeper_adp,all_adp,A,season_2022,0.0,259,season,2022,138,99,31,8,0.717391304347826,0.6371703718014349,0.7858371219091854,130,0.7615384615384615,2.8840579710144927,1.0,0.6278312857601134,172.95,False
sleeper_adp,all_adp,A,season_2022,0.0,259,group,rookie,14,11,2,1,0.7857142857142857,0.524107694133997,0.9242861328730684,13,0.8461538461538461,1.8571428571428568,2.5,0.606200624594641,196.5,False
sleeper_adp,all_adp,A,season_2022,0.0,259,group,veteran,124,88,29,7,0.7096774193548387,0.6244416488936401,0.7823121575763984,117,0.7521367521367521,3.0,1.0,0.6326563345754368,172.25,False
sleeper_adp,all_adp,A,season_2022,5.0,259,all,all,63,49,9,5,0.7777777777777778,0.6608771888656633,0.8627499224738635,58,0.8448275862068966,5.428571428571429,5.0,0.6777532157970397,174.5,False
sleeper_adp,all_adp,A,season_2022,5.0,259,direction,buy,42,34,6,2,0.8095238095238095,0.6669922598996131,0.9001799171835226,40,0.85,15.047619047619047,14.0,0.3363025066356986,229.45,False
sleeper_adp,all_adp,A,season_2022,5.0,259,direction,fade,21,15,3,3,0.7142857142857143,0.5004361928391441,0.8618613704787788,18,0.8333333333333334,-13.80952380952381,-11.0,-0.0062173107733275,74.4,False
sleeper_adp,all_adp,A,season_2022,5.0,259,position,QB,9,8,1,0,0.8888888888888888,0.5650002944233439,0.9801091123614551,9,0.8888888888888888,10.11111111111111,12.0,0.8025210084033615,528.9,True
sleeper_adp,all_adp,A,season_2022,5.0,259,position,RB,18,12,5,1,0.6666666666666666,0.437494672959451,0.837212252491663,17,0.7058823529411765,3.0,1.0,0.4660169336609193,143.05,False
sleeper_adp,all_adp,A,season_2022,5.0,259,position,TE,6,5,0,1,0.8333333333333334,0.4364971778135298,0.9699466302516936,5,1.0,5.666666666666667,8.5,0.4285714285714286,478.15,True
sleeper_adp,all_adp,A,season_2022,5.0,259,position,WR,30,24,3,3,0.8,0.6269430358685175,0.9049489282271012,27,0.8888888888888888,5.433333333333334,7.5,0.8296511502292135,114.7,False
sleeper_adp,all_adp,A,season_2022,5.0,259,season,2022,63,49,9,5,0.7777777777777778,0.6608771888656633,0.8627499224738635,58,0.8448275862068966,5.428571428571429,5.0,0.6777532157970397,174.5,False
sleeper_adp,all_adp,A,season_2022,5.0,259,group,rookie,6,5,0,1,0.8333333333333334,0.4364971778135298,0.9699466302516936,5,1.0,-1.0,1.0,0.898645105261295,157.15,True
sleeper_adp,all_adp,A,season_2022,5.0,259,group,veteran,57,44,9,4,0.7719298245614035,0.6479398895432649,0.8615810950103779,53,0.8301886792452831,6.105263157894737,5.0,0.6606215414489738,174.5,False
sleeper_adp,all_adp,A,season_2022,7.5,259,all,all,41,32,6,3,0.7804878048780488,0.6329499401177383,0.8799682522178243,38,0.8421052631578947,6.780487804878049,5.0,0.6908304557506978,178.5,False
sleeper_adp,all_adp,A,season_2022,7.5,259,direction,buy,26,22,4,0,0.8461538461538461,0.6646880067178652,0.9384996627642164,26,0.8461538461538461,17.653846153846153,17.0,0.2778497670338104,232.55,False
sleeper_adp,all_adp,A,season_2022,7.5,259,direction,fade,15,10,2,3,0.6666666666666666,0.4171354773851977,0.8482367556028526,12,0.8333333333333334,-12.066666666666666,-7.0,0.3791869178307361,73.2,False
sleeper_adp,all_adp,A,season_2022,7.5,259,position,QB,7,6,1,0,0.8571428571428571,0.4868721707256811,0.9743203756552564,7,0.8571428571428571,10.428571428571429,12.0,0.8636363636363636,528.9,True
sleeper_adp,all_adp,A,season_2022,7.5,259,position,RB,12,8,3,1,0.6666666666666666,0.3906220888727995,0.8618799089087867,11,0.7272727272727273,6.75,6.0,0.2120260478220658,150.2,False
sleeper_adp,all_adp,A,season_2022,7.5,259,position,TE,4,3,0,1,0.75,0.3006418425824018,0.9544127391902996,3,1.0,8.0,8.5,0.3999999999999999,636.0,True
sleeper_adp,all_adp,A,season_2022,7.5,259,position,WR,18,15,2,1,0.8333333333333334,0.6077796189608428,0.9416342319413856,17,0.8823529411764706,5.111111111111111,3.0,0.9110656371029284,102.8,False
sleeper_adp,all_adp,A,season_2022,7.5,259,season,2022,41,32,6,3,0.7804878048780488,0.6329499401177383,0.8799682522178243,38,0.8421052631578947,6.780487804878049,5.0,0.6908304557506978,178.5,False
sleeper_adp,all_adp,A,season_2022,7.5,259,group,rookie,4,3,0,1,0.75,0.3006418425824018,0.9544127391902996,3,1.0,-10.0,-14.0,1.0,155.0,True
sleeper_adp,all_adp,A,season_2022,7.5,259,group,veteran,37,29,6,2,0.7837837837837838,0.6280485160803084,0.8861348800661442,35,0.8285714285714286,8.594594594594595,11.0,0.6445698833099712,178.5,False
sleeper_adp,all_adp,A,season_2022,10.0,259,all,all,27,22,3,2,0.8148148148148148,0.6330131638145156,0.9181929285702346,25,0.88,7.074074074074074,12.0,0.7023053715004363,118.1,False
sleeper_adp,all_adp,A,season_2022,10.0,259,direction,buy,18,15,3,0,0.8333333333333334,0.6077796189608428,0.9416342319413856,18,0.8333333333333334,18.22222222222222,17.5,0.3792092038350995,232.55,False
sleeper_adp,all_adp,A,season_2022,10.0,259,direction,fade,9,7,0,2,0.7777777777777778,0.4525889691069888,0.9367748928821532,7,1.0,-15.22222222222222,-9.0,0.1021359824472293,73.2,True
sleeper_adp,all_adp,A,season_2022,10.0,259,position,QB,5,5,0,0,1.0,0.5655175352168251,1.0,5,1.0,11.8,12.0,0.8999999999999998,658.0,True
sleeper_adp,all_adp,A,season_2022,10.0,259,position,RB,11,7,3,1,0.6363636363636364,0.3538011745078488,0.8483352890463243,10,0.7,5.2727272727272725,0.0,0.3318289473469218,111.6,False
sleeper_adp,all_adp,A,season_2022,10.0,259,position,TE,2,2,0,0,1.0,0.342380227506653,1.0,2,1.0,8.5,8.5,,664.2,True
sleeper_adp,all_adp,A,season_2022,10.0,259,position,WR,9,8,0,1,0.8888888888888888,0.5650002944233439,0.9801091123614551,8,1.0,6.333333333333333,17.0,0.8833333333333333,104.9,True
sleeper_adp,all_adp,A,season_2022,10.0,259,season,2022,27,22,3,2,0.8148148148148148,0.6330131638145156,0.9181929285702346,25,0.88,7.074074074074074,12.0,0.7023053715004363,118.1,False
sleeper_adp,all_adp,A,season_2022,10.0,259,group,rookie,2,2,0,0,1.0,0.342380227506653,1.0,2,1.0,-6.0,-6.0,,106.6,True
sleeper_adp,all_adp,A,season_2022,10.0,259,group,veteran,25,20,3,2,0.8,0.6086904963045967,0.9113941531319742,23,0.8695652173913043,8.12,12.0,0.6711229138758396,172.6,False
sleeper_adp,all_adp,A,season_2023,0.0,284,all,all,143,102,39,2,0.7132867132867133,0.634350324994648,0.7810636901608823,141,0.723404255319149,1.7202797202797202,2.0,0.5330691546330957,194.5,False
sleeper_adp,all_adp,A,season_2023,0.0,284,direction,buy,75,55,19,1,0.7333333333333333,0.6236920098227623,0.8202368636852615,74,0.7432432432432432,9.933333333333334,9.0,0.3976606132233394,239.6,False
sleeper_adp,all_adp,A,season_2023,0.0,284,direction,fade,68,47,20,1,0.6911764705882353,0.5736318830649045,0.7882761353244803,67,0.7014925373134329,-7.338235294117647,-6.5,0.3436444518357398,157.9,False
sleeper_adp,all_adp,A,season_2023,0.0,284,position,QB,16,13,3,0,0.8125,0.5699111903802586,0.9340840092857188,16,0.8125,0.5,1.5,0.6943797144616104,219.55,False
sleeper_adp,all_adp,A,season_2023,0.0,284,position,RB,39,30,9,0,0.7692307692307693,0.6166374277165825,0.8735419587485715,39,0.7692307692307693,3.692307692307693,6.0,0.6444612021088605,172.9,False
sleeper_adp,all_adp,A,season_2023,0.0,284,position,TE,30,22,7,1,0.7333333333333333,0.555520383048111,0.8581733668040368,29,0.7586206896551724,3.566666666666667,5.0,0.4968153383009661,243.15,False
sleeper_adp,all_adp,A,season_2023,0.0,284,position,WR,58,37,20,1,0.6379310344827587,0.509275237048117,0.7494508717002409,57,0.6491228070175439,-0.2241379310344827,-4.0,0.4810735019469535,190.2,False
sleeper_adp,all_adp,A,season_2023,0.0,284,season,2023,143,102,39,2,0.7132867132867133,0.634350324994648,0.7810636901608823,141,0.723404255319149,1.7202797202797202,2.0,0.5330691546330957,194.5,False
sleeper_adp,all_adp,A,season_2023,0.0,284,group,rookie,19,14,5,0,0.7368421052631579,0.5120844910218489,0.8819358765321748,19,0.7368421052631579,2.6842105263157894,3.0,0.4389650526724389,186.7,False
sleeper_adp,all_adp,A,season_2023,0.0,284,group,veteran,124,88,34,2,0.7096774193548387,0.6244416488936401,0.7823121575763984,122,0.7213114754098361,1.5725806451612905,2.0,0.5681296599690968,196.1,False
sleeper_adp,all_adp,A,season_2023,5.0,284,all,all,54,45,9,0,0.8333333333333334,0.7126348577027084,0.9097560835700274,54,0.8333333333333334,2.111111111111111,7.0,0.6642147219984407,221.45,False
sleeper_adp,all_adp,A,season_2023,5.0,284,direction,buy,29,25,4,0,0.8620689655172413,0.6944100627964798,0.9450256003588804,29,0.8620689655172413,16.448275862068964,16.0,0.2067845996359034,512.7,False
sleeper_adp,all_adp,A,season_2023,5.0,284,direction,fade,25,20,5,0,0.8,0.6086904963045967,0.9113941531319742,25,0.8,-14.52,-15.0,0.489301438393722,172.9,False
sleeper_adp,all_adp,A,season_2023,5.0,284,position,QB,3,3,0,0,1.0,0.4385029682449546,1.0,3,1.0,12.0,13.0,,667.1,True
sleeper_adp,all_adp,A,season_2023,5.0,284,position,RB,18,15,3,0,0.8333333333333334,0.6077796189608428,0.9416342319413856,18,0.8333333333333334,2.6666666666666665,9.0,0.7475406376957391,185.3,False
sleeper_adp,all_adp,A,season_2023,5.0,284,position,TE,9,7,2,0,0.7777777777777778,0.4525889691069888,0.9367748928821532,9,0.7777777777777778,7.444444444444445,15.0,0.3235294117647059,520.7,True
sleeper_adp,all_adp,A,season_2023,5.0,284,position,WR,24,20,4,0,0.8333333333333334,0.6414692935030095,0.9332132367136704,24,0.8333333333333334,-1.5416666666666667,-5.5,0.6589582479490227,200.5,False
sleeper_adp,all_adp,A,season_2023,5.0,284,season,2023,54,45,9,0,0.8333333333333334,0.7126348577027084,0.9097560835700274,54,0.8333333333333334,2.111111111111111,7.0,0.6642147219984407,221.45,False
sleeper_adp,all_adp,A,season_2023,5.0,284,group,rookie,6,4,2,0,0.6666666666666666,0.299993315138392,0.9032285888942196,6,0.6666666666666666,-6.0,-7.5,0.753702346348183,179.25,True
sleeper_adp,all_adp,A,season_2023,5.0,284,group,veteran,48,41,7,0,0.8541666666666666,0.7283282347525372,0.9275175067339628,48,0.8541666666666666,3.125,8.5,0.6569690876058025,227.55,False
sleeper_adp,all_adp,A,season_2023,7.5,284,all,all,31,28,3,0,0.9032258064516128,0.7510006155660716,0.9665353558368026,31,0.9032258064516128,2.7419354838709675,10.0,0.6815773550223411,233.5,False
sleeper_adp,all_adp,A,season_2023,7.5,284,direction,buy,19,17,2,0,0.8947368421052632,0.6860591728889099,0.97064143970113,19,0.8947368421052632,19.31578947368421,16.0,0.0549908655370232,512.7,False
sleeper_adp,all_adp,A,season_2023,7.5,284,direction,fade,12,11,1,0,0.9166666666666666,0.646120088858883,0.9851349055950828,12,0.9166666666666666,-23.5,-26.0,0.2821878524157918,157.9,False
sleeper_adp,all_adp,A,season_2023,7.5,284,position,RB,10,9,1,0,0.9,0.5958499732047615,0.9821237869049272,10,0.9,4.5,9.0,0.7134278969833519,184.2,False
sleeper_adp,all_adp,A,season_2023,7.5,284,position,TE,6,6,0,0,1.0,0.6096657120978346,1.0,6,1.0,15.833333333333334,15.5,-0.3714285714285715,585.3,True
sleeper_adp,all_adp,A,season_2023,7.5,284,position,WR,15,13,2,0,0.8666666666666667,0.6211801716767764,0.9626387408969346,15,0.8666666666666667,-3.6666666666666665,-6.0,0.6905899032091436,187.9,False
sleeper_adp,all_adp,A,season_2023,7.5,284,season,2023,31,28,3,0,0.9032258064516128,0.7510006155660716,0.9665353558368026,31,0.9032258064516128,2.7419354838709675,10.0,0.6815773550223411,233.5,False
sleeper_adp,all_adp,A,season_2023,7.5,284,group,rookie,3,3,0,0,1.0,0.4385029682449546,1.0,3,1.0,-16.666666666666668,-27.0,1.0,185.6,True
sleeper_adp,all_adp,A,season_2023,7.5,284,group,veteran,28,25,3,0,0.8928571428571429,0.7280414845132785,0.9628816331707,28,0.8928571428571429,4.821428571428571,12.0,0.6295433109259908,235.2,False
sleeper_adp,all_adp,A,season_2023,10.0,284,all,all,22,21,1,0,0.9545454545454546,0.7820195416134267,0.991930572378736,22,0.9545454545454546,7.818181818181818,15.0,0.4901976565769141,320.9,False
sleeper_adp,all_adp,A,season_2023,10.0,284,direction,buy,16,15,1,0,0.9375,0.7167126242970107,0.9888806552353576,16,0.9375,21.375,23.0,-0.2318857943381586,516.7,False
sleeper_adp,all_adp,A,season_2023,10.0,284,direction,fade,6,6,0,0,1.0,0.6096657120978346,1.0,6,1.0,-28.33333333333333,-33.0,0.1470588235294117,174.7,True
sleeper_adp,all_adp,A,season_2023,10.0,284,position,RB,8,7,1,0,0.875,0.5291118177871464,0.9775825085499432,8,0.875,6.375,13.5,0.6386005678432409,334.79999999999995,True
sleeper_adp,all_adp,A,season_2023,10.0,284,position,TE,5,5,0,0,1.0,0.5655175352168251,1.0,5,1.0,15.8,15.0,-0.4999999999999999,574.7,True
sleeper_adp,all_adp,A,season_2023,10.0,284,position,WR,9,9,0,0,1.0,0.7008549515804559,1.0,9,1.0,4.666666666666667,15.0,0.5774109120414489,236.9,True
sleeper_adp,all_adp,A,season_2023,10.0,284,season,2023,22,21,1,0,0.9545454545454546,0.7820195416134267,0.991930572378736,22,0.9545454545454546,7.818181818181818,15.0,0.4901976565769141,320.9,False
sleeper_adp,all_adp,A,season_2023,10.0,284,group,rookie,2,2,0,0,1.0,0.342380227506653,1.0,2,1.0,-33.0,-33.0,,174.7,True
sleeper_adp,all_adp,A,season_2023,10.0,284,group,veteran,20,19,1,0,0.95,0.763868806553258,0.9911185511992048,20,0.95,11.9,15.5,0.3377696917818246,419.95,False
sleeper_adp,all_adp,A,season_2024,0.0,405,all,all,234,191,41,2,0.8162393162393162,0.7616475702353991,0.8606156833362815,232,0.8232758620689655,4.914529914529915,2.0,0.7691363326364485,293.8,False
sleeper_adp,all_adp,A,season_2024,0.0,405,direction,buy,134,109,23,2,0.8134328358208955,0.7390804592772563,0.8703152966779114,132,0.8257575757575758,23.619402985074625,18.0,0.5918645705085807,609.0,False
sleeper_adp,all_adp,A,season_2024,0.0,405,direction,fade,100,82,18,0,0.82,0.7333264161369926,0.8829977450105364,100,0.82,-20.15,-16.0,0.3378987658719512,227.95,False
sleeper_adp,all_adp,A,season_2024,0.0,405,position,QB,33,23,9,1,0.696969696969697,0.5266186485419944,0.8262446857594641,32,0.71875,2.393939393939394,-1.0,0.7613872310546337,512.3,False
sleeper_adp,all_adp,A,season_2024,0.0,405,position,RB,72,62,10,0,0.8611111111111112,0.762868127494437,0.9227726922970102,72,0.8611111111111112,3.055555555555556,2.0,0.7791135251882303,213.0,False
sleeper_adp,all_adp,A,season_2024,0.0,405,position,TE,44,38,5,1,0.8636363636363636,0.7329054695148456,0.9359704550244412,43,0.8837209302325582,5.75,4.5,0.7452360562321075,428.5,False
sleeper_adp,all_adp,A,season_2024,0.0,405,position,WR,85,68,17,0,0.8,0.7028462911516961,0.8712100185598731,85,0.8,7.035294117647059,4.0,0.7733965939903282,400.0,False
sleeper_adp,all_adp,A,season_2024,0.0,405,season,2024,234,191,41,2,0.8162393162393162,0.7616475702353991,0.8606156833362815,232,0.8232758620689655,4.914529914529915,2.0,0.7691363326364485,293.8,False
sleeper_adp,all_adp,A,season_2024,0.0,405,group,rookie,35,31,4,0,0.8857142857142857,0.7404853135378618,0.9546482066690264,35,0.8857142857142857,-9.457142857142856,-8.0,0.7333945280995727,242.4,False
sleeper_adp,all_adp,A,season_2024,0.0,405,group,veteran,199,160,37,2,0.8040201005025126,0.7433327139667721,0.8531922800038166,197,0.8121827411167513,7.442211055276382,4.0,0.7678929309149685,340.0,False
sleeper_adp,all_adp,A,season_2024,5.0,405,all,all,151,134,17,0,0.8874172185430463,0.8271008348721776,0.9285107493320606,151,0.8874172185430463,8.602649006622517,6.0,0.7976204891103461,535.5,False
sleeper_adp,all_adp,A,season_2024,5.0,405,direction,buy,89,81,8,0,0.9101123595505618,0.832539083053294,0.9537475708540494,89,0.9101123595505618,31.34831460674157,26.0,0.5242163318228749,651.3,False
sleeper_adp,all_adp,A,season_2024,5.0,405,direction,fade,62,53,9,0,0.8548387096774194,0.7465660628844542,0.92170588594683,62,0.8548387096774194,-24.048387096774192,-19.0,0.2586141732540472,291.4,False
sleeper_adp,all_adp,A,season_2024,5.0,405,position,QB,16,14,2,0,0.875,0.639771727342413,0.9650225122567596,16,0.875,4.3125,4.5,0.7909931119123501,663.45,False
sleeper_adp,all_adp,A,season_2024,5.0,405,position,RB,44,39,5,0,0.8863636363636364,0.7602084758339172,0.950472193989075,44,0.8863636363636364,5.068181818181818,2.5,0.8157887690276141,328.5,False
sleeper_adp,all_adp,A,season_2024,5.0,405,position,TE,26,24,2,0,0.9230769230769232,0.7585844622837095,0.9786449115277238,26,0.9230769230769232,9.76923076923077,12.5,0.6357257522620096,603.2,False
sleeper_adp,all_adp,A,season_2024,5.0,405,position,WR,65,57,8,0,0.8769230769230769,0.7754850591783848,0.9362953249013076,65,0.8769230769230769,11.584615384615384,11.0,0.8144686529416764,464.0,False
sleeper_adp,all_adp,A,season_2024,5.0,405,season,2024,151,134,17,0,0.8874172185430463,0.8271008348721776,0.9285107493320606,151,0.8874172185430463,8.602649006622517,6.0,0.7976204891103461,535.5,False
sleeper_adp,all_adp,A,season_2024,5.0,405,group,rookie,24,20,4,0,0.8333333333333334,0.6414692935030095,0.9332132367136704,24,0.8333333333333334,-10.708333333333334,-8.5,0.8521986005670588,371.9,False
sleeper_adp,all_adp,A,season_2024,5.0,405,group,veteran,127,114,13,0,0.8976377952755905,0.8327281415313803,0.9391984397704298,127,0.8976377952755905,12.251968503937007,11.0,0.7858382314880061,555.0,False
sleeper_adp,all_adp,A,season_2024,7.5,405,all,all,132,119,13,0,0.9015151515151516,0.8387827994358381,0.9415386202561884,132,0.9015151515151516,9.62121212121212,7.0,0.8099934658034291,559.15,False
sleeper_adp,all_adp,A,season_2024,7.5,405,direction,buy,79,73,6,0,0.9240506329113924,0.8440458309717235,0.9647279515496332,79,0.9240506329113924,33.063291139240505,27.0,0.5526200829288294,652.3,False
sleeper_adp,all_adp,A,season_2024,7.5,405,direction,fade,53,46,7,0,0.8679245283018868,0.7515974469109508,0.9345214671553674,53,0.8679245283018868,-25.32075471698113,-20.0,0.2495659633373253,293.5,False
sleeper_adp,all_adp,A,season_2024,7.5,405,position,QB,10,8,2,0,0.8,0.4901624715366418,0.9433178485456248,10,0.8,3.8,-3.0,0.8787878787878788,663.45,False
sleeper_adp,all_adp,A,season_2024,7.5,405,position,RB,35,33,2,0,0.9428571428571428,0.8139294257983507,0.9841868381428912,35,0.9428571428571428,6.485714285714286,5.0,0.8293816263658098,376.0,False
sleeper_adp,all_adp,A,season_2024,7.5,405,position,TE,25,24,1,0,0.96,0.8045593626380625,0.9929037664980128,25,0.96,10.56,14.0,0.6039704859633522,606.9,False
sleeper_adp,all_adp,A,season_2024,7.5,405,position,WR,62,54,8,0,0.8709677419354839,0.7655067270982637,0.9331412194071697,62,0.8709677419354839,11.951612903225806,11.0,0.8275567273929162,467.9,False
sleeper_adp,all_adp,A,season_2024,7.5,405,season,2024,132,119,13,0,0.9015151515151516,0.8387827994358381,0.9415386202561884,132,0.9015151515151516,9.62121212121212,7.0,0.8099934658034291,559.15,False
sleeper_adp,all_adp,A,season_2024,7.5,405,group,rookie,22,20,2,0,0.9090909090909092,0.7218505315839417,0.9747045710090046,22,0.9090909090909092,-11.181818181818182,-8.5,0.8512864349279566,283.25,False
sleeper_adp,all_adp,A,season_2024,7.5,405,group,veteran,110,99,11,0,0.9,0.8297649719024331,0.9432398798590356,110,0.9,13.78181818181818,11.0,0.7984456977538527,566.8,False
sleeper_adp,all_adp,A,season_2024,10.0,405,all,all,106,99,7,0,0.9339622641509434,0.8699249604256265,0.9676458528879636,106,0.9339622641509434,11.99056603773585,11.5,0.8078109124105755,572.1500000000001,False
sleeper_adp,all_adp,A,season_2024,10.0,405,direction,buy,64,60,4,0,0.9375,0.8500251490779133,0.975428798603382,64,0.9375,38.0,32.5,0.4804623362203862,653.8,False
sleeper_adp,all_adp,A,season_2024,10.0,405,direction,fade,42,39,3,0,0.9285714285714286,0.8099057319884169,0.975409590126694,42,0.9285714285714286,-27.642857142857142,-19.5,0.2271831772146489,330.5,False
sleeper_adp,all_adp,A,season_2024,10.0,405,position,QB,9,7,2,0,0.7777777777777778,0.4525889691069888,0.9367748928821532,9,0.7777777777777778,5.888888888888889,-1.0,0.8666666666666667,666.8,True
sleeper_adp,all_adp,A,season_2024,10.0,405,position,RB,23,22,1,0,0.9565217391304348,0.7900884492974114,0.9922833338565468,23,0.9565217391304348,8.173913043478262,-2.0,0.7841592806388366,376.0,False
sleeper_adp,all_adp,A,season_2024,10.0,405,position,TE,22,22,0,0,1.0,0.8513451253913791,1.0,22,1.0,9.409090909090908,12.5,0.6343824417148155,608.8499999999999,False
sleeper_adp,all_adp,A,season_2024,10.0,405,position,WR,52,48,4,0,0.9230769230769232,0.8182643761570466,0.96968065481507,52,0.9230769230769232,15.826923076923077,19.0,0.8275097026308318,515.3,False
sleeper_adp,all_adp,A,season_2024,10.0,405,season,2024,106,99,7,0,0.9339622641509434,0.8699249604256265,0.9676458528879636,106,0.9339622641509434,11.99056603773585,11.5,0.8078109124105755,572.1500000000001,False
sleeper_adp,all_adp,A,season_2024,10.0,405,group,rookie,14,14,0,0,1.0,0.7846891972623643,1.0,14,1.0,-16.571428571428573,-12.0,0.8634361233480177,377.4,False
sleeper_adp,all_adp,A,season_2024,10.0,405,group,veteran,92,85,7,0,0.9239130434782608,0.8511875992283273,0.9626564402903846,92,0.9239130434782608,16.33695652173913,16.5,0.7955437990355653,581.05,False
sleeper_adp,all_adp,A,season_2025,0.0,461,all,all,278,218,56,4,0.7841726618705036,0.7321143759325688,0.8284844822379698,274,0.7956204379562044,12.611510791366907,7.0,0.7545474292902915,618.6,False
sleeper_adp,all_adp,A,season_2025,0.0,461,direction,buy,176,140,35,1,0.7954545454545454,0.729853742618032,0.8484333813965161,175,0.8,30.767045454545453,25.0,0.677771489374438,676.35,False
sleeper_adp,all_adp,A,season_2025,0.0,461,direction,fade,102,78,21,3,0.7647058823529411,0.6737179817230023,0.83647906772887,99,0.7878787878787878,-18.715686274509803,-14.0,0.4356576892875867,252.5,False
sleeper_adp,all_adp,A,season_2025,0.0,461,position,QB,35,29,5,1,0.8285714285714286,0.6731771770095504,0.918973599462984,34,0.8529411764705882,1.9142857142857144,5.0,0.7453667346005721,662.4,False
sleeper_adp,all_adp,A,season_2025,0.0,461,position,RB,71,49,21,1,0.6901408450704225,0.5751598742905824,0.7856027354373607,70,0.7,9.732394366197184,8.0,0.6267538201329098,254.5,False
sleeper_adp,all_adp,A,season_2025,0.0,461,position,TE,61,52,8,1,0.8524590163934426,0.742767647052789,0.9203883149206724,60,0.8666666666666667,14.37704918032787,12.0,0.8891094514824571,641.9,False
sleeper_adp,all_adp,A,season_2025,0.0,461,position,WR,111,88,22,1,0.7927927927927928,0.7082268579999822,0.8577708284408241,110,0.8,16.855855855855857,7.0,0.7276985099237495,632.8,False
sleeper_adp,all_adp,A,season_2025,0.0,461,season,2025,278,218,56,4,0.7841726618705036,0.7321143759325688,0.8284844822379698,274,0.7956204379562044,12.611510791366907,7.0,0.7545474292902915,618.6,False
sleeper_adp,all_adp,A,season_2025,0.0,461,group,rookie,39,27,9,3,0.6923076923076923,0.5357874562585069,0.8143406769308886,36,0.75,5.358974358974359,0.0,0.7330597662428686,257.6,False
sleeper_adp,all_adp,A,season_2025,0.0,461,group,veteran,239,191,47,1,0.799163179916318,0.7438211564248377,0.8450404024475556,238,0.8025210084033614,13.794979079497908,7.0,0.7547385992336018,622.6,False
sleeper_adp,all_adp,A,season_2025,5.0,461,all,all,187,166,20,1,0.8877005347593583,0.8344263371015401,0.9253666392047002,186,0.8924731182795699,22.25133689839572,20.0,0.7559690322529309,671.3,False
sleeper_adp,all_adp,A,season_2025,5.0,461,direction,buy,128,117,10,1,0.9140625,0.852659089457387,0.9513368686286138,127,0.9212598425196852,44.3984375,41.0,0.5016710109043552,685.0,False
sleeper_adp,all_adp,A,season_2025,5.0,461,direction,fade,59,49,10,0,0.8305084745762712,0.71536779263512,0.9052416065081896,59,0.8305084745762712,-25.79661016949153,-22.0,0.3898492677345595,395.0,False
sleeper_adp,all_adp,A,season_2025,5.0,461,position,QB,17,16,1,0,0.9411764705882352,0.7301796936242461,0.9895395990150024,17,0.9411764705882352,6.117647058823529,9.0,0.7009242713985927,684.6,False
sleeper_adp,all_adp,A,season_2025,5.0,461,position,RB,42,33,9,0,0.7857142857142857,0.6406015468367708,0.8829420012399697,42,0.7857142857142857,19.11904761904762,16.0,0.694335231348501,646.75,False
sleeper_adp,all_adp,A,season_2025,5.0,461,position,TE,45,44,1,0,0.9777777777777776,0.8843331823158513,0.9960664011171668,45,0.9777777777777776,24.177777777777777,32.0,0.8395782211416827,678.0,False
sleeper_adp,all_adp,A,season_2025,5.0,461,position,WR,83,73,9,1,0.8795180722891566,0.7922368486742835,0.933223097019158,82,0.8902439024390244,26.09638554216868,28.0,0.715707480046022,667.6,False
sleeper_adp,all_adp,A,season_2025,5.0,461,season,2025,187,166,20,1,0.8877005347593583,0.8344263371015401,0.9253666392047002,186,0.8924731182795699,22.25133689839572,20.0,0.7559690322529309,671.3,False
sleeper_adp,all_adp,A,season_2025,5.0,461,group,rookie,30,24,5,1,0.8,0.6269430358685175,0.9049489282271012,29,0.8275862068965517,9.3,3.5,0.7616189872146027,626.2,False
sleeper_adp,all_adp,A,season_2025,5.0,461,group,veteran,157,142,15,0,0.9044585987261148,0.848353415079232,0.9412439992390468,157,0.9044585987261148,24.726114649681527,23.0,0.7448697943664008,673.3,False
sleeper_adp,all_adp,A,season_2025,7.5,461,all,all,175,158,16,1,0.9028571428571428,0.8499458032983596,0.9384619905642824,174,0.9080459770114944,23.30857142857143,23.0,0.7507385263572297,674.3,False
sleeper_adp,all_adp,A,season_2025,7.5,461,direction,buy,121,112,8,1,0.9256198347107438,0.8646691146497353,0.9603773160230724,120,0.9333333333333332,46.12396694214876,42.0,0.4864024257336891,685.4,False
sleeper_adp,all_adp,A,season_2025,7.5,461,direction,fade,54,46,8,0,0.8518518518518519,0.7339988471639411,0.9229693686239466,54,0.8518518518518519,-27.814814814814813,-24.0,0.3161663627477615,439.2,False
sleeper_adp,all_adp,A,season_2025,7.5,461,position,QB,13,12,1,0,0.9230769230769232,0.6668604907890041,0.9862895787574436,13,0.9230769230769232,7.769230769230769,16.0,0.6477925269137189,686.3,False
sleeper_adp,all_adp,A,season_2025,7.5,461,position,RB,39,32,7,0,0.8205128205128205,0.6733195433811838,0.9102273452678088,39,0.8205128205128205,19.205128205128204,17.0,0.7121366530041684,663.2,False
sleeper_adp,all_adp,A,season_2025,7.5,461,position,TE,45,44,1,0,0.9777777777777776,0.8843331823158513,0.9960664011171668,45,0.9777777777777776,24.177777777777777,32.0,0.8395782211416827,678.0,False
sleeper_adp,all_adp,A,season_2025,7.5,461,position,WR,78,70,7,1,0.8974358974358975,0.8104556014759761,0.9471066523425362,77,0.9090909090909092,27.44871794871795,30.0,0.7029728056238884,669.3,False
sleeper_adp,all_adp,A,season_2025,7.5,461,season,2025,175,158,16,1,0.9028571428571428,0.8499458032983596,0.9384619905642824,174,0.9080459770114944,23.30857142857143,23.0,0.7507385263572297,674.3,False
sleeper_adp,all_adp,A,season_2025,7.5,461,group,rookie,29,24,4,1,0.8275862068965517,0.6545156010980476,0.9240214274710876,28,0.8571428571428571,9.379310344827584,0.0,0.7579918430856792,623.6,False
sleeper_adp,all_adp,A,season_2025,7.5,461,group,veteran,146,134,12,0,0.9178082191780822,0.8618346176099935,0.9523592707850052,146,0.9178082191780822,26.075342465753423,25.0,0.7378856331591112,675.0,False
sleeper_adp,all_adp,A,season_2025,10.0,461,all,all,153,140,12,1,0.915032679738562,0.8600613971458112,0.9496734838921816,152,0.9210526315789472,26.954248366013072,27.0,0.7238691273452853,677.0,False
sleeper_adp,all_adp,A,season_2025,10.0,461,direction,buy,108,103,4,1,0.9537037037037036,0.8961751741634375,0.9800651845850572,107,0.9626168224299064,49.91666666666666,48.0,0.4177485646109717,687.2,False
sleeper_adp,all_adp,A,season_2025,10.0,461,direction,fade,45,37,8,0,0.8222222222222222,0.6867017537354023,0.9070561048589584,45,0.8222222222222222,-28.155555555555555,-26.0,0.3764927497900974,488.0,False
sleeper_adp,all_adp,A,season_2025,10.0,461,position,QB,9,9,0,0,1.0,0.7008549515804559,1.0,9,1.0,15.22222222222222,17.0,0.3038218101250999,688.7,True
sleeper_adp,all_adp,A,season_2025,10.0,461,position,RB,33,27,6,0,0.8181818181818182,0.6561176836533009,0.9138923179105932,33,0.8181818181818182,20.87878787878788,19.0,0.7652866221950314,671.2,False
sleeper_adp,all_adp,A,season_2025,10.0,461,position,TE,41,41,0,0,1.0,0.914332429815568,1.0,41,1.0,26.0,37.0,0.8076789473708618,683.9,False
sleeper_adp,all_adp,A,season_2025,10.0,461,position,WR,70,63,6,1,0.9,0.807670851514326,0.9507106985574604,69,0.9130434782608696,31.88571428571429,38.5,0.6658557080426465,674.3,False
sleeper_adp,all_adp,A,season_2025,10.0,461,season,2025,153,140,12,1,0.915032679738562,0.8600613971458112,0.9496734838921816,152,0.9210526315789472,26.954248366013072,27.0,0.7238691273452853,677.0,False
sleeper_adp,all_adp,A,season_2025,10.0,461,group,rookie,22,18,3,1,0.8181818181818182,0.6148339256287345,0.9269311541657794,21,0.8571428571428571,20.13636363636364,21.5,0.7392538666630643,676.2,False
sleeper_adp,all_adp,A,season_2025,10.0,461,group,veteran,131,122,9,0,0.931297709923664,0.8745837372655908,0.9634374543492382,131,0.931297709923664,28.09923664122137,30.0,0.7217099889885884,677.0,False
sleeper_adp,all_adp,A,pooled_2024_2025,0.0,866,all,all,512,409,97,6,0.798828125,0.7619372966187927,0.8312682217968281,506,0.808300395256917,9.09375,5.0,0.7636041278139402,459.55,False
sleeper_adp,all_adp,A,pooled_2024_2025,0.0,866,direction,buy,310,249,58,3,0.8032258064516129,0.7553738548999698,0.843654714194878,307,0.8110749185667753,27.677419354838708,21.0,0.6578926291508616,659.2,False
sleeper_adp,all_adp,A,pooled_2024_2025,0.0,866,direction,fade,202,160,39,3,0.7920792079207921,0.7309220957476699,0.8423346265668972,199,0.8040201005025126,-19.425742574257427,-15.0,0.3913188153195245,240.15,False
sleeper_adp,all_adp,A,pooled_2024_2025,0.0,866,position,QB,68,52,14,2,0.7647058823529411,0.6514483202805676,0.8496550897970421,66,0.7878787878787878,2.147058823529412,0.0,0.7504213211581513,560.45,False
sleeper_adp,all_adp,A,pooled_2024_2025,0.0,866,position,RB,143,111,31,1,0.7762237762237763,0.7012014143300711,0.8367937856254517,142,0.7816901408450704,6.370629370629371,4.0,0.7016287167037352,238.6,False
sleeper_adp,all_adp,A,pooled_2024_2025,0.0,866,position,TE,105,90,13,2,0.8571428571428571,0.7776004677299959,0.9114751916063542,103,0.8737864077669902,10.761904761904765,6.0,0.8579230642333341,596.7,False
sleeper_adp,all_adp,A,pooled_2024_2025,0.0,866,position,WR,196,156,39,1,0.7959183673469388,0.7340631977318307,0.8463969364392269,195,0.8,12.596938775510203,5.0,0.7485963191286106,505.0,False
sleeper_adp,all_adp,A,pooled_2024_2025,0.0,866,season,2024,234,191,41,2,0.8162393162393162,0.7616475702353991,0.8606156833362815,232,0.8232758620689655,4.914529914529915,2.0,0.7691363326364485,293.8,False
sleeper_adp,all_adp,A,pooled_2024_2025,0.0,866,season,2025,278,218,56,4,0.7841726618705036,0.7321143759325688,0.8284844822379698,274,0.7956204379562044,12.611510791366907,7.0,0.7545474292902915,618.6,False
sleeper_adp,all_adp,A,pooled_2024_2025,0.0,866,group,rookie,74,58,13,3,0.7837837837837838,0.6772627498746149,0.8622954834409498,71,0.8169014084507042,-1.648648648648649,-2.0,0.7469783756795213,256.05,False
sleeper_adp,all_adp,A,pooled_2024_2025,0.0,866,group,veteran,438,351,84,3,0.8013698630136986,0.7614565920046297,0.8360427931925734,435,0.8068965517241379,10.908675799086758,5.0,0.7628382719090055,485.7,False
sleeper_adp,all_adp,A,pooled_2024_2025,5.0,866,all,all,338,300,37,1,0.8875739644970414,0.8494499044861954,0.9169872646736364,337,0.8902077151335311,16.153846153846153,14.0,0.7866895904096841,634.25,False
sleeper_adp,all_adp,A,pooled_2024_2025,5.0,866,direction,buy,217,198,18,1,0.912442396313364,0.8673056162590542,0.943230598072576,216,0.9166666666666666,39.046082949308754,33.0,0.5425671412783687,675.0,False
sleeper_adp,all_adp,A,pooled_2024_2025,5.0,866,direction,fade,121,102,19,0,0.8429752066115702,0.7677344176119717,0.8971088226389315,121,0.8429752066115702,-24.90082644628099,-20.0,0.3256833343198475,330.0,False
sleeper_adp,all_adp,A,pooled_2024_2025,5.0,866,position,QB,33,30,3,0,0.9090909090909092,0.7642739435353026,0.9685960584754184,33,0.9090909090909092,5.242424242424242,9.0,0.7429371378735079,668.0,False
sleeper_adp,all_adp,A,pooled_2024_2025,5.0,866,position,RB,86,72,14,0,0.8372093023255814,0.7451029913702094,0.900478689530104,86,0.8372093023255814,11.930232558139537,9.0,0.757013096320374,545.95,False
sleeper_adp,all_adp,A,pooled_2024_2025,5.0,866,position,TE,71,68,3,0,0.9577464788732394,0.882975839595153,0.9855267393795246,71,0.9577464788732394,18.901408450704224,20.0,0.8264309259051834,668.5,False
sleeper_adp,all_adp,A,pooled_2024_2025,5.0,866,position,WR,148,130,17,1,0.8783783783783784,0.8159442304391774,0.9216672287095264,147,0.8843537414965986,19.72297297297297,19.0,0.762197332064826,622.8,False
sleeper_adp,all_adp,A,pooled_2024_2025,5.0,866,season,2024,151,134,17,0,0.8874172185430463,0.8271008348721776,0.9285107493320606,151,0.8874172185430463,8.602649006622517,6.0,0.7976204891103461,535.5,False
sleeper_adp,all_adp,A,pooled_2024_2025,5.0,866,season,2025,187,166,20,1,0.8877005347593583,0.8344263371015401,0.9253666392047002,186,0.8924731182795699,22.25133689839572,20.0,0.7559690322529309,671.3,False
sleeper_adp,all_adp,A,pooled_2024_2025,5.0,866,group,rookie,54,44,9,1,0.8148148148148148,0.6916405221784752,0.8961731445791086,53,0.8301886792452831,0.4074074074074074,-2.0,0.8000231801199233,533.2,False
sleeper_adp,all_adp,A,pooled_2024_2025,5.0,866,group,veteran,284,256,28,0,0.9014084507042254,0.8611980686887881,0.9309046427626178,284,0.9014084507042254,19.14788732394366,17.0,0.7758945704766089,640.6,False
sleeper_adp,all_adp,A,pooled_2024_2025,7.5,866,all,all,307,277,29,1,0.9022801302931596,0.8639267403697865,0.9306905572619284,306,0.9052287581699346,17.423452768729643,16.0,0.7877552993916604,640.7,False
sleeper_adp,all_adp,A,pooled_2024_2025,7.5,866,direction,buy,200,185,14,1,0.925,0.8799563897637055,0.954025082815618,199,0.9296482412060302,40.965,35.5,0.539662740640597,677.0,False
sleeper_adp,all_adp,A,pooled_2024_2025,7.5,866,direction,fade,107,92,15,0,0.8598130841121495,0.7815182005609461,0.9131677122666834,107,0.8598130841121495,-26.57943925233645,-23.0,0.282382647040167,331.0,False
sleeper_adp,all_adp,A,pooled_2024_2025,7.5,866,position,QB,23,20,3,0,0.8695652173913043,0.6787251772990404,0.9546234090636876,23,0.8695652173913043,6.043478260869565,9.0,0.7958886461128722,683.3,False
sleeper_adp,all_adp,A,pooled_2024_2025,7.5,866,position,RB,74,65,9,0,0.8783783783783784,0.7847341343323124,0.9346768434217738,74,0.8783783783783784,13.18918918918919,11.5,0.7703674983591199,623.25,False
sleeper_adp,all_adp,A,pooled_2024_2025,7.5,866,position,TE,70,68,2,0,0.9714285714285714,0.9016774388157608,0.9921293880545587,70,0.9714285714285714,19.314285714285717,20.5,0.820525428262693,669.6,False
sleeper_adp,all_adp,A,pooled_2024_2025,7.5,866,position,WR,140,124,15,1,0.8857142857142857,0.8224092535736809,0.9284173918556292,139,0.8920863309352518,20.585714285714285,19.0,0.7628023529779374,628.4,False
sleeper_adp,all_adp,A,pooled_2024_2025,7.5,866,season,2024,132,119,13,0,0.9015151515151516,0.8387827994358381,0.9415386202561884,132,0.9015151515151516,9.62121212121212,7.0,0.8099934658034291,559.15,False
sleeper_adp,all_adp,A,pooled_2024_2025,7.5,866,season,2025,175,158,16,1,0.9028571428571428,0.8499458032983596,0.9384619905642824,174,0.9080459770114944,23.30857142857143,23.0,0.7507385263572297,674.3,False
sleeper_adp,all_adp,A,pooled_2024_2025,7.5,866,group,rookie,51,44,6,1,0.8627450980392157,0.7427830774241833,0.9318889826494312,50,0.88,0.5098039215686274,-3.0,0.7972272754580568,473.0,False
sleeper_adp,all_adp,A,pooled_2024_2025,7.5,866,group,veteran,256,233,23,0,0.91015625,0.8687984850418649,0.9393866327337874,256,0.91015625,20.79296875,19.0,0.7761350000431237,647.5,False
sleeper_adp,all_adp,A,pooled_2024_2025,10.0,866,all,all,259,239,19,1,0.9227799227799228,0.8837435069107883,0.9494583821009374,258,0.9263565891472868,20.83011583011583,21.0,0.7719047945774957,652.0,False
sleeper_adp,all_adp,A,pooled_2024_2025,10.0,866,direction,buy,172,163,8,1,0.9476744186046512,0.9035586714558714,0.9722302410839984,171,0.953216374269006,45.48255813953488,40.5,0.4670516997215754,681.0,False
sleeper_adp,all_adp,A,pooled_2024_2025,10.0,866,direction,fade,87,76,11,0,0.8735632183908046,0.7876218511925265,0.9279104712055444,87,0.8735632183908046,-27.908045977011493,-23.0,0.3107627700331059,376.0,False
sleeper_adp,all_adp,A,pooled_2024_2025,10.0,866,position,QB,18,16,2,0,0.8888888888888888,0.672002348698212,0.9689804773543876,18,0.8888888888888888,10.555555555555555,16.5,0.7366559648578329,685.0,False
sleeper_adp,all_adp,A,pooled_2024_2025,10.0,866,position,RB,56,49,7,0,0.875,0.7637452344180986,0.9381093130428289,56,0.875,15.660714285714286,18.0,0.789262254863207,632.05,False
sleeper_adp,all_adp,A,pooled_2024_2025,10.0,866,position,TE,63,63,0,0,1.0,0.9425288004111484,1.0,63,1.0,20.20634920634921,21.0,0.8137963310438199,675.0,False
sleeper_adp,all_adp,A,pooled_2024_2025,10.0,866,position,WR,122,111,10,1,0.9098360655737704,0.8457432172942352,0.9489074561573936,121,0.9173553719008264,25.040983606557376,28.0,0.7373449463810225,644.1,False
sleeper_adp,all_adp,A,pooled_2024_2025,10.0,866,season,2024,106,99,7,0,0.9339622641509434,0.8699249604256265,0.9676458528879636,106,0.9339622641509434,11.99056603773585,11.5,0.8078109124105755,572.1500000000001,False
sleeper_adp,all_adp,A,pooled_2024_2025,10.0,866,season,2025,153,140,12,1,0.915032679738562,0.8600613971458112,0.9496734838921816,152,0.9210526315789472,26.954248366013072,27.0,0.7238691273452853,677.0,False
sleeper_adp,all_adp,A,pooled_2024_2025,10.0,866,group,rookie,36,32,3,1,0.8888888888888888,0.7468519140963513,0.9559335969968435,35,0.9142857142857144,5.861111111111111,3.0,0.8222409732317134,626.2,False
sleeper_adp,all_adp,A,pooled_2024_2025,10.0,866,group,veteran,223,207,16,0,0.9282511210762332,0.8866411610568192,0.9553565980520002,223,0.9282511210762332,23.246636771300448,23.0,0.7638686273433449,652.3,False
sleeper_adp,all_adp,A,pooled_2023_2025,0.0,1150,all,all,655,511,136,8,0.7801526717557252,0.7468536856957086,0.8101847263327613,647,0.7897990726429676,7.483969465648855,4.0,0.7356094544339572,287.0,False
sleeper_adp,all_adp,A,pooled_2023_2025,0.0,1150,direction,buy,385,304,77,4,0.7896103896103897,0.7461366588809102,0.827361858165935,381,0.7979002624671916,24.22077922077922,17.0,0.6466898699867425,622.6,False
sleeper_adp,all_adp,A,pooled_2023_2025,0.0,1150,direction,fade,270,207,59,4,0.7666666666666667,0.7126918628840407,0.8131598493444144,266,0.7781954887218046,-16.381481481481483,-12.0,0.417926611127851,219.4,False
sleeper_adp,all_adp,A,pooled_2023_2025,0.0,1150,position,QB,84,65,17,2,0.7738095238095238,0.6735309285283279,0.850139791625549,82,0.7926829268292683,1.8333333333333333,0.5,0.740443535144318,421.05,False
sleeper_adp,all_adp,A,pooled_2023_2025,0.0,1150,position,RB,182,141,40,1,0.7747252747252747,0.7087156954946054,0.8293773685319918,181,0.7790055248618785,5.7967032967032965,5.0,0.686599374051197,213.35,False
sleeper_adp,all_adp,A,pooled_2023_2025,0.0,1150,position,TE,135,112,20,3,0.8296296296296296,0.7573122603847401,0.883706645322225,132,0.8484848484848485,9.162962962962965,6.0,0.8283370349192906,503.5,False
sleeper_adp,all_adp,A,pooled_2023_2025,0.0,1150,position,WR,254,193,59,2,0.7598425196850394,0.7036864666292176,0.808256029367108,252,0.7658730158730159,9.669291338582678,3.0,0.7245107329013174,285.2,False
sleeper_adp,all_adp,A,pooled_2023_2025,0.0,1150,season,2023,143,102,39,2,0.7132867132867133,0.634350324994648,0.7810636901608823,141,0.723404255319149,1.7202797202797202,2.0,0.5330691546330957,194.5,False
sleeper_adp,all_adp,A,pooled_2023_2025,0.0,1150,season,2024,234,191,41,2,0.8162393162393162,0.7616475702353991,0.8606156833362815,232,0.8232758620689655,4.914529914529915,2.0,0.7691363326364485,293.8,False
sleeper_adp,all_adp,A,pooled_2023_2025,0.0,1150,season,2025,278,218,56,4,0.7841726618705036,0.7321143759325688,0.8284844822379698,274,0.7956204379562044,12.611510791366907,7.0,0.7545474292902915,618.6,False
sleeper_adp,all_adp,A,pooled_2023_2025,0.0,1150,group,rookie,93,72,18,3,0.7741935483870968,0.6793354933632197,0.8472984568174416,90,0.8,-0.7634408602150538,-1.0,0.7089374687752794,244.1,False
sleeper_adp,all_adp,A,pooled_2023_2025,0.0,1150,group,veteran,562,439,118,5,0.7811387900355872,0.7451085338871124,0.8133517822915493,557,0.7881508078994613,8.848754448398576,5.0,0.7400499892858217,297.20000000000005,False
sleeper_adp,all_adp,A,pooled_2023_2025,5.0,1150,all,all,392,345,46,1,0.8801020408163265,0.8442007005541878,0.9086259510244844,391,0.8823529411764706,14.21938775510204,12.5,0.7860343521805733,612.3,False
sleeper_adp,all_adp,A,pooled_2023_2025,5.0,1150,direction,buy,246,223,22,1,0.9065040650406504,0.8636175779799415,0.9368900757299086,245,0.9102040816326532,36.38211382113821,30.0,0.5511134625596947,671.45,False
sleeper_adp,all_adp,A,pooled_2023_2025,5.0,1150,direction,fade,146,122,24,0,0.8356164383561644,0.7670494253514148,0.886975173523256,146,0.8356164383561644,-23.12328767123288,-19.0,0.3569098048543063,281.9,False
sleeper_adp,all_adp,A,pooled_2023_2025,5.0,1150,position,QB,36,33,3,0,0.9166666666666666,0.7817330875072737,0.9712513886640066,36,0.9166666666666666,5.805555555555555,9.5,0.7357364256142622,668.0,False
sleeper_adp,all_adp,A,pooled_2023_2025,5.0,1150,position,RB,104,87,17,0,0.8365384615384616,0.7537363724335733,0.8953646390465073,104,0.8365384615384616,10.326923076923077,9.0,0.7543220638452944,368.0,False
sleeper_adp,all_adp,A,pooled_2023_2025,5.0,1150,position,TE,80,75,5,0,0.9375,0.8618985123272557,0.973010624329158,80,0.9375,17.6125,17.5,0.8165852881702896,644.2,False
sleeper_adp,all_adp,A,pooled_2023_2025,5.0,1150,position,WR,172,150,21,1,0.872093023255814,0.813934781275765,0.9139936655106204,171,0.8771929824561403,16.75581395348837,13.5,0.7713258206627365,581.05,False
sleeper_adp,all_adp,A,pooled_2023_2025,5.0,1150,season,2023,54,45,9,0,0.8333333333333334,0.7126348577027084,0.9097560835700274,54,0.8333333333333334,2.111111111111111,7.0,0.6642147219984407,221.45,False
sleeper_adp,all_adp,A,pooled_2023_2025,5.0,1150,season,2024,151,134,17,0,0.8874172185430463,0.8271008348721776,0.9285107493320606,151,0.8874172185430463,8.602649006622517,6.0,0.7976204891103461,535.5,False
sleeper_adp,all_adp,A,pooled_2023_2025,5.0,1150,season,2025,187,166,20,1,0.8877005347593583,0.8344263371015401,0.9253666392047002,186,0.8924731182795699,22.25133689839572,20.0,0.7559690322529309,671.3,False
sleeper_adp,all_adp,A,pooled_2023_2025,5.0,1150,group,rookie,60,48,11,1,0.8,0.6821819419437211,0.8817149467710251,59,0.8135593220338984,-0.2333333333333333,-2.0,0.7944614980418216,371.9,False
sleeper_adp,all_adp,A,pooled_2023_2025,5.0,1150,group,veteran,332,297,35,0,0.8945783132530121,0.8569124233139825,0.923217584815484,332,0.8945783132530121,16.83132530120482,15.0,0.7773617227821662,620.6,False
sleeper_adp,all_adp,A,pooled_2023_2025,7.5,1150,all,all,338,305,32,1,0.9023668639053254,0.866057154023918,0.9296333422030828,337,0.9050445103857568,16.076923076923077,15.0,0.7887315320389814,632.3,False
sleeper_adp,all_adp,A,pooled_2023_2025,7.5,1150,direction,buy,219,202,16,1,0.9223744292237442,0.8792144845601889,0.9509721466844816,218,0.926605504587156,39.08675799086758,32.0,0.5455310730143191,675.6,False
sleeper_adp,all_adp,A,pooled_2023_2025,7.5,1150,direction,fade,119,103,16,0,0.865546218487395,0.7927150943383466,0.9155148537200674,119,0.865546218487395,-26.26890756302521,-23.0,0.2648251316065607,293.5,False
sleeper_adp,all_adp,A,pooled_2023_2025,7.5,1150,position,QB,23,20,3,0,0.8695652173913043,0.6787251772990404,0.9546234090636876,23,0.8695652173913043,6.043478260869565,9.0,0.7958886461128722,683.3,False
sleeper_adp,all_adp,A,pooled_2023_2025,7.5,1150,position,RB,84,74,10,0,0.8809523809523809,0.794550842255297,0.9340345075240096,84,0.8809523809523809,12.154761904761903,11.5,0.771619981981995,617.25,False
sleeper_adp,all_adp,A,pooled_2023_2025,7.5,1150,position,TE,76,74,2,0,0.9736842105263158,0.9090337890134194,0.9927533409248718,76,0.9736842105263158,19.039473684210527,20.0,0.8024172505199585,666.8,False
sleeper_adp,all_adp,A,pooled_2023_2025,7.5,1150,position,WR,155,137,17,1,0.8838709677419355,0.823906677570482,0.9252680082042908,154,0.8896103896103896,18.238709677419354,16.0,0.771105069593988,615.6,False
sleeper_adp,all_adp,A,pooled_2023_2025,7.5,1150,season,2023,31,28,3,0,0.9032258064516128,0.7510006155660716,0.9665353558368026,31,0.9032258064516128,2.7419354838709675,10.0,0.6815773550223411,233.5,False
sleeper_adp,all_adp,A,pooled_2023_2025,7.5,1150,season,2024,132,119,13,0,0.9015151515151516,0.8387827994358381,0.9415386202561884,132,0.9015151515151516,9.62121212121212,7.0,0.8099934658034291,559.15,False
sleeper_adp,all_adp,A,pooled_2023_2025,7.5,1150,season,2025,175,158,16,1,0.9028571428571428,0.8499458032983596,0.9384619905642824,174,0.9080459770114944,23.30857142857143,23.0,0.7507385263572297,674.3,False
sleeper_adp,all_adp,A,pooled_2023_2025,7.5,1150,group,rookie,54,47,6,1,0.8703703703703703,0.7557826977763024,0.9357627925267374,53,0.8867924528301887,-0.4444444444444444,-3.5,0.7995766257921632,378.85,False
sleeper_adp,all_adp,A,pooled_2023_2025,7.5,1150,group,veteran,284,258,26,0,0.908450704225352,0.8692408705255494,0.9367583797232496,284,0.908450704225352,19.218309859154928,17.0,0.776989487946571,639.8,False
sleeper_adp,all_adp,A,pooled_2023_2025,10.0,1150,all,all,281,260,20,1,0.9252669039145908,0.8884600095427511,0.9506032398504805,280,0.9285714285714286,19.81138790035587,20.0,0.772594541304385,643.0,False
sleeper_adp,all_adp,A,pooled_2023_2025,10.0,1150,direction,buy,188,178,9,1,0.946808510638298,0.9048690368524904,0.970854078644782,187,0.9518716577540108,43.430851063829785,38.0,0.4795262304076729,678.9000000000001,False
sleeper_adp,all_adp,A,pooled_2023_2025,10.0,1150,direction,fade,93,82,11,0,0.8817204301075269,0.8005014459532714,0.9326556219452964,93,0.8817204301075269,-27.93548387096774,-24.0,0.2984962074504365,360.0,False
sleeper_adp,all_adp,A,pooled_2023_2025,10.0,1150,position,QB,18,16,2,0,0.8888888888888888,0.672002348698212,0.9689804773543876,18,0.8888888888888888,10.555555555555555,16.5,0.7366559648578329,685.0,False
sleeper_adp,all_adp,A,pooled_2023_2025,10.0,1150,position,RB,64,56,8,0,0.875,0.7722543817887005,0.9352775733666956,64,0.875,14.5,18.0,0.7932168589282523,623.25,False
sleeper_adp,all_adp,A,pooled_2023_2025,10.0,1150,position,TE,68,68,0,0,1.0,0.9465286634799296,1.0,68,1.0,19.88235294117647,20.5,0.8008042477045524,669.6,False
sleeper_adp,all_adp,A,pooled_2023_2025,10.0,1150,position,WR,131,120,10,1,0.916030534351145,0.8558897996241043,0.9524669250309078,130,0.9230769230769232,23.6412213740458,26.0,0.7447745019258315,632.8,False
sleeper_adp,all_adp,A,pooled_2023_2025,10.0,1150,season,2023,22,21,1,0,0.9545454545454546,0.7820195416134267,0.991930572378736,22,0.9545454545454546,7.818181818181818,15.0,0.4901976565769141,320.9,False
sleeper_adp,all_adp,A,pooled_2023_2025,10.0,1150,season,2024,106,99,7,0,0.9339622641509434,0.8699249604256265,0.9676458528879636,106,0.9339622641509434,11.99056603773585,11.5,0.8078109124105755,572.1500000000001,False
sleeper_adp,all_adp,A,pooled_2023_2025,10.0,1150,season,2025,153,140,12,1,0.915032679738562,0.8600613971458112,0.9496734838921816,152,0.9210526315789472,26.954248366013072,27.0,0.7238691273452853,677.0,False
sleeper_adp,all_adp,A,pooled_2023_2025,10.0,1150,group,rookie,38,34,3,1,0.8947368421052632,0.7586947827711269,0.9582974265244648,37,0.918918918918919,3.8157894736842106,-4.0,0.8233783050030246,615.25,False
sleeper_adp,all_adp,A,pooled_2023_2025,10.0,1150,group,veteran,243,226,17,0,0.9300411522633744,0.8908316695742092,0.9558656437479331,243,0.9300411522633744,22.31275720164609,22.0,0.7620280194166884,644.5,False
sleeper_adp,all_adp,A,pooled_2021_2025,0.0,1679,all,all,940,722,199,19,0.7680851063829788,0.7400461601755477,0.7939418261433997,921,0.7839305103148752,6.197872340425532,3.0,0.6996187017859783,243.35,False
sleeper_adp,all_adp,A,pooled_2021_2025,0.0,1679,direction,buy,543,429,106,8,0.7900552486187845,0.7538220065138623,0.8222133231396753,535,0.8018691588785046,20.60220994475138,13.0,0.6114633588207163,520.7,False
sleeper_adp,all_adp,A,pooled_2021_2025,0.0,1679,direction,fade,397,293,93,11,0.7380352644836272,0.6926487472651398,0.7788593660823474,386,0.7590673575129534,-13.503778337531486,-9.0,0.361675888348387,185.6,False
sleeper_adp,all_adp,A,pooled_2021_2025,0.0,1679,position,QB,126,100,24,2,0.7936507936507936,0.7148150905604327,0.8551107302992285,124,0.8064516129032258,2.611111111111111,2.0,0.7542615246255066,353.15,False
sleeper_adp,all_adp,A,pooled_2021_2025,0.0,1679,position,RB,270,201,62,7,0.7444444444444445,0.6892413418306098,0.7927893943788074,263,0.7642585551330798,4.848148148148148,3.0,0.634259200390227,198.75,False
sleeper_adp,all_adp,A,pooled_2021_2025,0.0,1679,position,TE,179,146,29,4,0.8156424581005587,0.7524139267598686,0.865607832248382,175,0.8342857142857143,6.988826815642458,4.0,0.8174155976286391,406.0,False
sleeper_adp,all_adp,A,pooled_2021_2025,0.0,1679,position,WR,365,275,84,6,0.7534246575342466,0.706719280174183,0.7948512335948089,359,0.766016713091922,8.046575342465754,4.0,0.6961261911439582,239.6,False
sleeper_adp,all_adp,A,pooled_2021_2025,0.0,1679,season,2021,147,112,32,3,0.7619047619047619,0.6869389934914688,0.8235307447489325,144,0.7777777777777778,3.578231292517007,3.0,0.5098407853788778,197.3,False
sleeper_adp,all_adp,A,pooled_2021_2025,0.0,1679,season,2022,138,99,31,8,0.717391304347826,0.6371703718014349,0.7858371219091854,130,0.7615384615384615,2.8840579710144927,1.0,0.6278312857601134,172.95,False
sleeper_adp,all_adp,A,pooled_2021_2025,0.0,1679,season,2023,143,102,39,2,0.7132867132867133,0.634350324994648,0.7810636901608823,141,0.723404255319149,1.7202797202797202,2.0,0.5330691546330957,194.5,False
sleeper_adp,all_adp,A,pooled_2021_2025,0.0,1679,season,2024,234,191,41,2,0.8162393162393162,0.7616475702353991,0.8606156833362815,232,0.8232758620689655,4.914529914529915,2.0,0.7691363326364485,293.8,False
sleeper_adp,all_adp,A,pooled_2021_2025,0.0,1679,season,2025,278,218,56,4,0.7841726618705036,0.7321143759325688,0.8284844822379698,274,0.7956204379562044,12.611510791366907,7.0,0.7545474292902915,618.6,False
sleeper_adp,all_adp,A,pooled_2021_2025,0.0,1679,group,rookie,128,98,26,4,0.765625,0.6851645688917714,0.8306064230879273,124,0.7903225806451613,1.5625,2.0,0.6721869463031481,241.35,False
sleeper_adp,all_adp,A,pooled_2021_2025,0.0,1679,group,veteran,812,624,173,15,0.7684729064039408,0.7382370637995304,0.7961804940311807,797,0.7829360100376411,6.928571428571429,3.0,0.7071476362654323,244.75,False
sleeper_adp,all_adp,A,pooled_2021_2025,5.0,1679,all,all,516,442,67,7,0.8565891472868217,0.8237096975133233,0.8841984420853155,509,0.8683693516699411,12.687984496124033,11.0,0.7658290947065169,535.25,False
sleeper_adp,all_adp,A,pooled_2021_2025,5.0,1679,direction,buy,331,294,34,3,0.8882175226586103,0.8497210083112883,0.9178064087091418,328,0.8963414634146342,31.205438066465256,23.0,0.5560636868714315,659.8,False
sleeper_adp,all_adp,A,pooled_2021_2025,5.0,1679,direction,fade,185,148,33,4,0.8,0.7365213611187467,0.8512732931546831,181,0.8176795580110497,-20.443243243243245,-17.0,0.3412878370128642,244.0,False
sleeper_adp,all_adp,A,pooled_2021_2025,5.0,1679,position,QB,53,49,4,0,0.9245283018867924,0.8214152251634678,0.9702604449130532,53,0.9245283018867924,7.679245283018868,10.0,0.7375491517576588,664.0,False
sleeper_adp,all_adp,A,pooled_2021_2025,5.0,1679,position,RB,141,111,28,2,0.7872340425531915,0.7125314409183947,0.8467007061443714,139,0.7985611510791367,9.617021276595745,8.0,0.7098119734634336,281.8,False
sleeper_adp,all_adp,A,pooled_2021_2025,5.0,1679,position,TE,96,90,5,1,0.9375,0.8702905349355852,0.9710433256889488,95,0.9473684210526316,15.65625,15.0,0.8312084766196908,635.2,False
sleeper_adp,all_adp,A,pooled_2021_2025,5.0,1679,position,WR,226,192,30,4,0.8495575221238938,0.7971289271602179,0.890301446849287,222,0.8648648648648649,14.517699115044248,11.0,0.7655958906918313,421.9,False
sleeper_adp,all_adp,A,pooled_2021_2025,5.0,1679,season,2021,61,48,12,1,0.7868852459016393,0.6687758459836244,0.8710022625994256,60,0.8,10.344262295081966,9.0,0.499311564131969,310.0,False
sleeper_adp,all_adp,A,pooled_2021_2025,5.0,1679,season,2022,63,49,9,5,0.7777777777777778,0.6608771888656633,0.8627499224738635,58,0.8448275862068966,5.428571428571429,5.0,0.6777532157970397,174.5,False
sleeper_adp,all_adp,A,pooled_2021_2025,5.0,1679,season,2023,54,45,9,0,0.8333333333333334,0.7126348577027084,0.9097560835700274,54,0.8333333333333334,2.111111111111111,7.0,0.6642147219984407,221.45,False
sleeper_adp,all_adp,A,pooled_2021_2025,5.0,1679,season,2024,151,134,17,0,0.8874172185430463,0.8271008348721776,0.9285107493320606,151,0.8874172185430463,8.602649006622517,6.0,0.7976204891103461,535.5,False
sleeper_adp,all_adp,A,pooled_2021_2025,5.0,1679,season,2025,187,166,20,1,0.8877005347593583,0.8344263371015401,0.9253666392047002,186,0.8924731182795699,22.25133689839572,20.0,0.7559690322529309,671.3,False
sleeper_adp,all_adp,A,pooled_2021_2025,5.0,1679,group,rookie,74,60,12,2,0.8108108108108109,0.7071244273939165,0.8838203043326546,72,0.8333333333333334,1.8783783783783785,1.0,0.7747919304885951,297.35,False
sleeper_adp,all_adp,A,pooled_2021_2025,5.0,1679,group,veteran,442,382,55,5,0.8642533936651584,0.8291665502516337,0.893063277480695,437,0.8741418764302059,14.497737556561086,12.0,0.7602097073603248,556.55,False
sleeper_adp,all_adp,A,pooled_2021_2025,7.5,1679,all,all,422,372,46,4,0.8815165876777251,0.8471876032794319,0.9089623518980938,418,0.8899521531100478,14.92654028436019,14.0,0.7751680823846926,605.45,False
sleeper_adp,all_adp,A,pooled_2021_2025,7.5,1679,direction,buy,277,252,24,1,0.9097472924187726,0.8701645852680673,0.9381206335639938,276,0.9130434782608696,34.82671480144404,27.0,0.5485314761574092,667.6,False
sleeper_adp,all_adp,A,pooled_2021_2025,7.5,1679,direction,fade,145,120,22,3,0.8275862068965517,0.7578607455114587,0.8804022811526667,142,0.8450704225352113,-23.089655172413792,-20.0,0.3175182268265595,273.8,False
sleeper_adp,all_adp,A,pooled_2021_2025,7.5,1679,position,QB,35,31,4,0,0.8857142857142857,0.7404853135378618,0.9546482066690264,35,0.8857142857142857,8.542857142857143,16.0,0.7899425583716059,667.4,False
sleeper_adp,all_adp,A,pooled_2021_2025,7.5,1679,position,RB,108,91,16,1,0.8425925925925926,0.7623129098457861,0.899337973290832,107,0.8504672897196262,11.925925925925926,11.5,0.7264630213891725,423.95,False
sleeper_adp,all_adp,A,pooled_2021_2025,7.5,1679,position,TE,86,83,2,1,0.9651162790697676,0.9023912889743924,0.9880662019225916,85,0.976470588235294,17.74418604651163,16.0,0.8169884244488618,644.2,False
sleeper_adp,all_adp,A,pooled_2021_2025,7.5,1679,position,WR,193,167,24,2,0.8652849740932642,0.8099309589488196,0.9063815538965512,191,0.8743455497382199,16.507772020725387,13.0,0.7723656689620105,488.0,False
sleeper_adp,all_adp,A,pooled_2021_2025,7.5,1679,season,2021,43,35,8,0,0.813953488372093,0.6738299634272562,0.9025824857100376,43,0.813953488372093,13.651162790697674,16.0,0.4413772520592132,310.0,False
sleeper_adp,all_adp,A,pooled_2021_2025,7.5,1679,season,2022,41,32,6,3,0.7804878048780488,0.6329499401177383,0.8799682522178243,38,0.8421052631578947,6.780487804878049,5.0,0.6908304557506978,178.5,False
sleeper_adp,all_adp,A,pooled_2021_2025,7.5,1679,season,2023,31,28,3,0,0.9032258064516128,0.7510006155660716,0.9665353558368026,31,0.9032258064516128,2.7419354838709675,10.0,0.6815773550223411,233.5,False
sleeper_adp,all_adp,A,pooled_2021_2025,7.5,1679,season,2024,132,119,13,0,0.9015151515151516,0.8387827994358381,0.9415386202561884,132,0.9015151515151516,9.62121212121212,7.0,0.8099934658034291,559.15,False
sleeper_adp,all_adp,A,pooled_2021_2025,7.5,1679,season,2025,175,158,16,1,0.9028571428571428,0.8499458032983596,0.9384619905642824,174,0.9080459770114944,23.30857142857143,23.0,0.7507385263572297,674.3,False
sleeper_adp,all_adp,A,pooled_2021_2025,7.5,1679,group,rookie,64,55,7,2,0.859375,0.7538371825842297,0.9242142744396914,62,0.8870967741935484,1.671875,0.0,0.782792056847396,297.35,False
sleeper_adp,all_adp,A,pooled_2021_2025,7.5,1679,group,veteran,358,317,39,2,0.8854748603351955,0.848316674702308,0.9144483243653312,356,0.8904494382022472,17.29608938547486,16.0,0.7666640628194362,617.25,False
sleeper_adp,all_adp,A,pooled_2021_2025,10.0,1679,all,all,331,302,26,3,0.9123867069486404,0.8770049929218792,0.9383062321620792,328,0.9207317073170732,19.027190332326285,19.0,0.7593019490083467,632.8,False
sleeper_adp,all_adp,A,pooled_2021_2025,10.0,1679,direction,buy,225,211,13,1,0.9377777777777778,0.8982807458593837,0.9625772517045844,224,0.9419642857142856,40.004444444444445,33.0,0.471649610161873,675.0,False
sleeper_adp,all_adp,A,pooled_2021_2025,10.0,1679,direction,fade,106,91,13,2,0.8584905660377359,0.7795766972144925,0.9123296268271688,104,0.875,-25.5,-21.0,0.3515047078733705,293.55,False
sleeper_adp,all_adp,A,pooled_2021_2025,10.0,1679,position,QB,27,25,2,0,0.925925925925926,0.7663040731697686,0.9794453459390112,27,0.925925925925926,12.296296296296296,18.0,0.7197922884194141,682.2,False
sleeper_adp,all_adp,A,pooled_2021_2025,10.0,1679,position,RB,83,70,12,1,0.8433734939759037,0.7502486450452769,0.9061198772487894,82,0.8536585365853658,14.120481927710845,15.0,0.7394642314769004,555.2,False
sleeper_adp,all_adp,A,pooled_2021_2025,10.0,1679,position,TE,72,72,0,0,1.0,0.9493488274035422,1.0,72,1.0,19.30555555555556,20.0,0.807477033240578,669.6,False
sleeper_adp,all_adp,A,pooled_2021_2025,10.0,1679,position,WR,149,135,12,2,0.906040268456376,0.8484661894552181,0.9432038255630965,147,0.9183673469387756,22.845637583892614,26.0,0.7446492642966462,616.1,False
sleeper_adp,all_adp,A,pooled_2021_2025,10.0,1679,season,2021,23,20,3,0,0.8695652173913043,0.6787251772990404,0.9546234090636876,23,0.8695652173913043,23.47826086956522,23.0,0.1238813482592596,635.3,False
sleeper_adp,all_adp,A,pooled_2021_2025,10.0,1679,season,2022,27,22,3,2,0.8148148148148148,0.6330131638145156,0.9181929285702346,25,0.88,7.074074074074074,12.0,0.7023053715004363,118.1,False
sleeper_adp,all_adp,A,pooled_2021_2025,10.0,1679,season,2023,22,21,1,0,0.9545454545454546,0.7820195416134267,0.991930572378736,22,0.9545454545454546,7.818181818181818,15.0,0.4901976565769141,320.9,False
sleeper_adp,all_adp,A,pooled_2021_2025,10.0,1679,season,2024,106,99,7,0,0.9339622641509434,0.8699249604256265,0.9676458528879636,106,0.9339622641509434,11.99056603773585,11.5,0.8078109124105755,572.1500000000001,False
sleeper_adp,all_adp,A,pooled_2021_2025,10.0,1679,season,2025,153,140,12,1,0.915032679738562,0.8600613971458112,0.9496734838921816,152,0.9210526315789472,26.954248366013072,27.0,0.7238691273452853,677.0,False
sleeper_adp,all_adp,A,pooled_2021_2025,10.0,1679,group,rookie,45,40,4,1,0.8888888888888888,0.7650090300423141,0.9515952820543282,44,0.9090909090909092,6.955555555555556,8.0,0.8043756499259107,606.9,False
sleeper_adp,all_adp,A,pooled_2021_2025,10.0,1679,group,veteran,286,262,22,2,0.916083916083916,0.8781767686932633,0.9429617977781224,284,0.9225352112676056,20.926573426573427,20.0,0.7524349093915977,635.3,False
sleeper_adp,all_adp,B,season_2021,0.0,270,all,all,147,108,35,4,0.7346938775510204,0.6580084493423021,0.7994254719380577,143,0.7552447552447552,1.9387755102040816,1.0,0.4438423356396348,196.2,False
sleeper_adp,all_adp,B,season_2021,0.0,270,direction,buy,68,52,12,4,0.7647058823529411,0.6514483202805676,0.8496550897970421,64,0.8125,10.602941176470589,7.0,0.3841613439825256,230.95,False
sleeper_adp,all_adp,B,season_2021,0.0,270,direction,fade,79,56,23,0,0.7088607594936709,0.6008711991561764,0.7974800668618054,79,0.7088607594936709,-5.518987341772152,-5.0,-0.031814045549401,162.1,False
sleeper_adp,all_adp,B,season_2021,0.0,270,position,QB,21,20,1,0,0.9523809523809524,0.7733063992587743,0.9915440121901736,21,0.9523809523809524,0.9047619047619048,-1.0,0.8357560763714831,191.7,False
sleeper_adp,all_adp,B,season_2021,0.0,270,position,RB,51,35,15,1,0.6862745098039216,0.5497300046930566,0.7967232153447456,50,0.7,1.5098039215686274,-1.0,0.4556826792651345,167.8,False
sleeper_adp,all_adp,B,season_2021,0.0,270,position,TE,24,19,4,1,0.7916666666666666,0.5952954674681133,0.9075517464714814,23,0.8260869565217391,0.125,-1.5,0.8207041692926549,299.1,False
sleeper_adp,all_adp,B,season_2021,0.0,270,position,WR,51,34,15,2,0.6666666666666666,0.529683778569708,0.7803006814641148,49,0.6938775510204082,3.647058823529412,4.0,0.2853422633390419,162.1,False
sleeper_adp,all_adp,B,season_2021,0.0,270,season,2021,147,108,35,4,0.7346938775510204,0.6580084493423021,0.7994254719380577,143,0.7552447552447552,1.9387755102040816,1.0,0.4438423356396348,196.2,False
sleeper_adp,all_adp,B,season_2021,0.0,270,group,rookie,21,14,6,1,0.6666666666666666,0.4537345197425524,0.8280524739491653,20,0.7,9.714285714285714,8.0,0.4386199235856019,310.0,False
sleeper_adp,all_adp,B,season_2021,0.0,270,group,veteran,126,94,29,3,0.746031746031746,0.6635293662856476,0.8139760511913658,123,0.7642276422764228,0.6428571428571429,0.5,0.4597551041029891,192.7,False
sleeper_adp,all_adp,B,season_2021,5.0,270,all,all,54,39,14,1,0.7222222222222222,0.5910955707120475,0.8238317234697763,53,0.7358490566037735,6.722222222222222,6.5,0.4610447472239559,244.2,False
sleeper_adp,all_adp,B,season_2021,5.0,270,direction,buy,28,22,5,1,0.7857142857142857,0.6046141434627812,0.8978753966710211,27,0.8148148148148148,17.5,12.5,0.2303201748844111,341.5,False
sleeper_adp,all_adp,B,season_2021,5.0,270,direction,fade,26,17,9,0,0.6538461538461539,0.4622057118881081,0.8058776967705947,26,0.6538461538461539,-4.884615384615385,-5.5,-0.063979180709777,220.45,False
sleeper_adp,all_adp,B,season_2021,5.0,270,position,QB,6,6,0,0,1.0,0.6096657120978346,1.0,6,1.0,4.666666666666667,7.5,0.8116794499134279,534.55,True
sleeper_adp,all_adp,B,season_2021,5.0,270,position,RB,18,11,7,0,0.6111111111111112,0.3861904160223791,0.7969475342783638,18,0.6111111111111112,7.166666666666667,0.5,0.4984613950304172,229.2,False
sleeper_adp,all_adp,B,season_2021,5.0,270,position,TE,7,7,0,0,1.0,0.6456695649333126,1.0,7,1.0,3.7142857142857135,5.0,0.8727272727272728,436.0,True
sleeper_adp,all_adp,B,season_2021,5.0,270,position,WR,23,15,7,1,0.6521739130434783,0.44890335377263,0.8118872406120227,22,0.6818181818181818,7.826086956521739,8.0,0.2516572326633382,214.4,False
sleeper_adp,all_adp,B,season_2021,5.0,270,season,2021,54,39,14,1,0.7222222222222222,0.5910955707120475,0.8238317234697763,53,0.7358490566037735,6.722222222222222,6.5,0.4610447472239559,244.2,False
sleeper_adp,all_adp,B,season_2021,5.0,270,group,rookie,8,7,1,0,0.875,0.5291118177871464,0.9775825085499432,8,0.875,12.125,2.0,0.2275489897635191,382.0,True
sleeper_adp,all_adp,B,season_2021,5.0,270,group,veteran,46,32,13,1,0.6956521739130435,0.5519435355159235,0.8092015919723277,45,0.7111111111111111,5.782608695652174,6.5,0.4660581568835189,237.55,False
sleeper_adp,all_adp,B,season_2021,7.5,270,all,all,36,27,8,1,0.75,0.5892954623327166,0.8624952233700517,35,0.7714285714285715,8.666666666666666,6.5,0.4474567506221376,248.75,False
sleeper_adp,all_adp,B,season_2021,7.5,270,direction,buy,18,15,2,1,0.8333333333333334,0.6077796189608428,0.9416342319413856,17,0.8823529411764706,20.944444444444443,21.0,-0.0852848066506985,402.45,False
sleeper_adp,all_adp,B,season_2021,7.5,270,direction,fade,18,12,6,0,0.6666666666666666,0.437494672959451,0.837212252491663,18,0.6666666666666666,-3.611111111111111,-5.5,0.0250014031190609,237.05,False
sleeper_adp,all_adp,B,season_2021,7.5,270,position,QB,3,3,0,0,1.0,0.4385029682449546,1.0,3,1.0,4.333333333333333,7.0,1.0,654.3,True
sleeper_adp,all_adp,B,season_2021,7.5,270,position,RB,8,7,1,0,0.875,0.5291118177871464,0.9775825085499432,8,0.875,10.875,0.5,0.4431217169079058,235.3,True
sleeper_adp,all_adp,B,season_2021,7.5,270,position,TE,3,3,0,0,1.0,0.4385029682449546,1.0,3,1.0,2.6666666666666665,-10.0,1.0,310.0,True
sleeper_adp,all_adp,B,season_2021,7.5,270,position,WR,22,14,7,1,0.6363636363636364,0.4295170809013101,0.8026679532963387,21,0.6666666666666666,9.272727272727272,10.5,0.267008185672058,217.0,False
sleeper_adp,all_adp,B,season_2021,7.5,270,season,2021,36,27,8,1,0.75,0.5892954623327166,0.8624952233700517,35,0.7714285714285715,8.666666666666666,6.5,0.4474567506221376,248.75,False
sleeper_adp,all_adp,B,season_2021,7.5,270,group,rookie,7,6,1,0,0.8571428571428571,0.4868721707256811,0.9743203756552564,7,0.8571428571428571,17.285714285714285,8.0,0.2702812388086677,454.0,True
sleeper_adp,all_adp,B,season_2021,7.5,270,group,veteran,29,21,7,1,0.7241379310344828,0.5428286758313405,0.8530124489791204,28,0.75,6.586206896551724,6.0,0.4804683171249552,223.6,False
sleeper_adp,all_adp,B,season_2021,10.0,270,all,all,17,12,4,1,0.7058823529411765,0.4686688993346016,0.8672001038970478,16,0.75,13.764705882352942,21.0,0.2441432188901613,247.0,False
sleeper_adp,all_adp,B,season_2021,10.0,270,direction,buy,11,9,1,1,0.8181818181818182,0.523019438039156,0.9486323102539148,10,0.9,18.63636363636364,21.0,-0.0137300130650289,635.3,False
sleeper_adp,all_adp,B,season_2021,10.0,270,direction,fade,6,3,3,0,0.5,0.1876163064826506,0.8123836935173494,6,0.5,4.833333333333333,5.0,-0.0303588370359458,194.8,True
sleeper_adp,all_adp,B,season_2021,10.0,270,position,QB,1,1,0,0,1.0,0.2065493143772374,1.0,1,1.0,12.0,12.0,,659.3,True
sleeper_adp,all_adp,B,season_2021,10.0,270,position,RB,4,3,1,0,0.75,0.3006418425824018,0.9544127391902996,4,0.75,-11.75,-13.0,0.7999999999999999,232.15,True
sleeper_adp,all_adp,B,season_2021,10.0,270,position,TE,2,2,0,0,1.0,0.342380227506653,1.0,2,1.0,9.0,9.0,,476.45,True
sleeper_adp,all_adp,B,season_2021,10.0,270,position,WR,10,6,3,1,0.6,0.3126737697336582,0.8318196702937638,9,0.6666666666666666,25.1,21.5,-0.0996889572558453,230.5,False
sleeper_adp,all_adp,B,season_2021,10.0,270,season,2021,17,12,4,1,0.7058823529411765,0.4686688993346016,0.8672001038970478,16,0.75,13.764705882352942,21.0,0.2441432188901613,247.0,False
sleeper_adp,all_adp,B,season_2021,10.0,270,group,rookie,3,2,1,0,0.6666666666666666,0.2076596008020477,0.9385080552796036,3,0.6666666666666666,28.33333333333333,35.0,-0.5,241.4,True
sleeper_adp,all_adp,B,season_2021,10.0,270,group,veteran,14,10,3,1,0.7142857142857143,0.4535091567010681,0.8827862135542308,13,0.7692307692307693,10.642857142857142,16.5,0.3650451411758651,248.75,False
sleeper_adp,all_adp,B,season_2022,0.0,259,all,all,136,100,30,6,0.7352941176470589,0.655424390111397,0.8022367394257408,130,0.7692307692307693,2.0955882352941178,1.0,0.6166690407977756,172.25,False
sleeper_adp,all_adp,B,season_2022,0.0,259,direction,buy,68,53,13,2,0.7794117647058824,0.6674326122885067,0.861509876126748,66,0.803030303030303,11.882352941176473,9.5,0.4089740719517385,213.05,False
sleeper_adp,all_adp,B,season_2022,0.0,259,direction,fade,68,47,17,4,0.6911764705882353,0.5736318830649045,0.7882761353244803,64,0.734375,-7.6911764705882355,-5.0,0.163181831711456,121.05,False
sleeper_adp,all_adp,B,season_2022,0.0,259,position,QB,19,14,4,1,0.7368421052631579,0.5120844910218489,0.8819358765321748,18,0.7777777777777778,1.6842105263157894,-1.0,0.6163589599231871,275.6,False
sleeper_adp,all_adp,B,season_2022,0.0,259,position,RB,40,29,10,1,0.725,0.5716504419378943,0.8389198375233267,39,0.7435897435897436,1.625,-0.5,0.3359826535115784,115.85,False
sleeper_adp,all_adp,B,season_2022,0.0,259,position,TE,23,17,5,1,0.7391304347826086,0.5352999516257462,0.8745138395501366,22,0.7727272727272727,-1.608695652173913,0.0,0.5944768263529855,223.4,False
sleeper_adp,all_adp,B,season_2022,0.0,259,position,WR,54,40,11,3,0.7407407407407407,0.6106910949571832,0.8388134737397926,51,0.7843137254901961,4.166666666666667,3.5,0.7827757633803126,128.2,False
sleeper_adp,all_adp,B,season_2022,0.0,259,season,2022,136,100,30,6,0.7352941176470589,0.655424390111397,0.8022367394257408,130,0.7692307692307693,2.0955882352941178,1.0,0.6166690407977756,172.25,False
sleeper_adp,all_adp,B,season_2022,0.0,259,group,rookie,16,14,2,0,0.875,0.639771727342413,0.9650225122567596,16,0.875,1.75,2.5,0.7200126423082757,208.8,False
sleeper_adp,all_adp,B,season_2022,0.0,259,group,veteran,120,86,28,6,0.7166666666666667,0.6302979754694596,0.7895937190824355,114,0.7543859649122807,2.1416666666666666,0.5,0.6085733624186723,168.25,False
sleeper_adp,all_adp,B,season_2022,5.0,259,all,all,55,45,7,3,0.8181818181818182,0.6966954036336236,0.8981232956555033,52,0.8653846153846154,5.890909090909091,9.0,0.6229167378131033,145.7,False
sleeper_adp,all_adp,B,season_2022,5.0,259,direction,buy,32,28,3,1,0.875,0.7193169451834978,0.9502986561251991,31,0.9032258064516128,18.5625,18.0,-0.0016639390095548,225.75,False
sleeper_adp,all_adp,B,season_2022,5.0,259,direction,fade,23,17,4,2,0.7391304347826086,0.5352999516257462,0.8745138395501366,21,0.8095238095238095,-11.73913043478261,-10.0,0.0603203095398931,111.3,False
sleeper_adp,all_adp,B,season_2022,5.0,259,position,QB,5,5,0,0,1.0,0.5655175352168251,1.0,5,1.0,9.6,13.0,0.7999999999999999,275.6,True
sleeper_adp,all_adp,B,season_2022,5.0,259,position,RB,16,11,4,1,0.6875,0.4440435583474066,0.8583535614521796,15,0.7333333333333333,3.5,2.5,0.2780235988200589,128.64999999999998,False
sleeper_adp,all_adp,B,season_2022,5.0,259,position,TE,6,5,0,1,0.8333333333333334,0.4364971778135298,0.9699466302516936,5,1.0,3.5,4.5,0.4638168285219587,478.15,True
sleeper_adp,all_adp,B,season_2022,5.0,259,position,WR,28,24,3,1,0.8571428571428571,0.685101978364747,0.943009946802506,27,0.8888888888888888,7.107142857142857,11.0,0.7822643803627856,108.1,False
sleeper_adp,all_adp,B,season_2022,5.0,259,season,2022,55,45,7,3,0.8181818181818182,0.6966954036336236,0.8981232956555033,52,0.8653846153846154,5.890909090909091,9.0,0.6229167378131033,145.7,False
sleeper_adp,all_adp,B,season_2022,5.0,259,group,rookie,6,5,1,0,0.8333333333333334,0.4364971778135298,0.9699466302516936,6,0.8333333333333334,1.1666666666666667,8.0,0.942857142857143,134.05,True
sleeper_adp,all_adp,B,season_2022,5.0,259,group,veteran,49,40,6,3,0.8163265306122449,0.6864239739710013,0.9002365893792968,46,0.8695652173913043,6.469387755102041,9.0,0.620494482379112,151.7,False
sleeper_adp,all_adp,B,season_2022,7.5,259,all,all,37,30,5,2,0.8108108108108109,0.6579530307016159,0.90520021269688,35,0.8571428571428571,5.4324324324324325,6.0,0.6817576443652222,145.7,False
sleeper_adp,all_adp,B,season_2022,7.5,259,direction,buy,22,18,3,1,0.8181818181818182,0.6148339256287345,0.9269311541657794,21,0.8571428571428571,16.727272727272727,15.0,0.2759679774684197,204.65,False
sleeper_adp,all_adp,B,season_2022,7.5,259,direction,fade,15,12,2,1,0.8,0.5481455128483065,0.9295245065301844,14,0.8571428571428571,-11.133333333333333,-7.0,0.3546390550032239,111.3,False
sleeper_adp,all_adp,B,season_2022,7.5,259,position,QB,4,4,0,0,1.0,0.5101091635454027,1.0,4,1.0,8.0,4.5,0.7999999999999999,471.5,True
sleeper_adp,all_adp,B,season_2022,7.5,259,position,RB,12,8,4,0,0.6666666666666666,0.3906220888727995,0.8618799089087867,12,0.6666666666666666,4.916666666666667,4.5,0.2126541069713016,128.64999999999998,False
sleeper_adp,all_adp,B,season_2022,7.5,259,position,TE,3,2,0,1,0.6666666666666666,0.2076596008020477,0.9385080552796036,2,1.0,2.6666666666666665,0.0,1.0,629.9,True
sleeper_adp,all_adp,B,season_2022,7.5,259,position,WR,18,16,1,1,0.8888888888888888,0.672002348698212,0.9689804773543876,17,0.9411764705882352,5.666666666666667,8.5,0.8784302537479808,108.1,False
sleeper_adp,all_adp,B,season_2022,7.5,259,season,2022,37,30,5,2,0.8108108108108109,0.6579530307016159,0.90520021269688,35,0.8571428571428571,5.4324324324324325,6.0,0.6817576443652222,145.7,False
sleeper_adp,all_adp,B,season_2022,7.5,259,group,rookie,5,4,1,0,0.8,0.3755346297625253,0.9637758913675698,5,0.8,-5.0,-1.0,1.0,145.7,True
sleeper_adp,all_adp,B,season_2022,7.5,259,group,veteran,32,26,4,2,0.8125,0.6469084479862404,0.9111045531043404,30,0.8666666666666667,7.0625,7.5,0.6532303379828928,142.1,False
sleeper_adp,all_adp,B,season_2022,10.0,259,all,all,22,20,1,1,0.9090909090909092,0.7218505315839417,0.9747045710090046,21,0.9523809523809524,5.454545454545454,9.5,0.7644405140975423,114.85,False
sleeper_adp,all_adp,B,season_2022,10.0,259,direction,buy,13,12,1,0,0.9230769230769232,0.6668604907890041,0.9862895787574436,13,0.9230769230769232,20.07692307692308,17.0,0.436117841376644,172.6,False
sleeper_adp,all_adp,B,season_2022,10.0,259,direction,fade,9,8,0,1,0.8888888888888888,0.5650002944233439,0.9801091123614551,8,1.0,-15.666666666666666,-10.0,0.1848804774995239,73.2,True
sleeper_adp,all_adp,B,season_2022,10.0,259,position,QB,4,4,0,0,1.0,0.5101091635454027,1.0,4,1.0,8.0,4.5,0.7999999999999999,471.5,True
sleeper_adp,all_adp,B,season_2022,10.0,259,position,RB,8,7,1,0,0.875,0.5291118177871464,0.9775825085499432,8,0.875,2.875,4.5,0.261904761904762,103.35,True
sleeper_adp,all_adp,B,season_2022,10.0,259,position,TE,1,1,0,0,1.0,0.2065493143772374,1.0,1,1.0,9.0,9.0,,698.5,True
sleeper_adp,all_adp,B,season_2022,10.0,259,position,WR,9,8,0,1,0.8888888888888888,0.5650002944233439,0.9801091123614551,8,1.0,6.222222222222222,17.0,0.8833333333333333,104.9,True
sleeper_adp,all_adp,B,season_2022,10.0,259,season,2022,22,20,1,1,0.9090909090909092,0.7218505315839417,0.9747045710090046,21,0.9523809523809524,5.454545454545454,9.5,0.7644405140975423,114.85,False
sleeper_adp,all_adp,B,season_2022,10.0,259,group,rookie,3,3,0,0,1.0,0.4385029682449546,1.0,3,1.0,-13.666666666666666,-28.0,1.0,118.1,True
sleeper_adp,all_adp,B,season_2022,10.0,259,group,veteran,19,17,1,1,0.8947368421052632,0.6860591728889099,0.97064143970113,18,0.9444444444444444,8.473684210526315,10.0,0.7420786148569076,111.6,False
sleeper_adp,all_adp,B,season_2023,0.0,284,all,all,143,99,41,3,0.6923076923076923,0.6124571650588287,0.7620964551633705,140,0.7071428571428572,0.1048951048951049,0.0,0.4761249097118823,194.5,False
sleeper_adp,all_adp,B,season_2023,0.0,284,direction,buy,60,43,15,2,0.7166666666666667,0.5923271483560882,0.8149317157156729,58,0.7413793103448276,9.583333333333334,8.5,0.2782311823195189,241.15,False
sleeper_adp,all_adp,B,season_2023,0.0,284,direction,fade,83,56,26,1,0.6746987951807228,0.5681352168462454,0.7658066629174022,82,0.6829268292682927,-6.746987951807229,-6.0,0.2790051725872358,161.3,False
sleeper_adp,all_adp,B,season_2023,0.0,284,position,QB,15,13,2,0,0.8666666666666667,0.6211801716767764,0.9626387408969346,15,0.8666666666666667,-0.2666666666666666,1.0,0.5699015444523429,184.0,False
sleeper_adp,all_adp,B,season_2023,0.0,284,position,RB,41,29,11,1,0.7073170731707317,0.5552053227700284,0.8239081237388657,40,0.725,0.902439024390244,2.0,0.5940501717246927,170.7,False
sleeper_adp,all_adp,B,season_2023,0.0,284,position,TE,30,20,9,1,0.6666666666666666,0.4878005164454384,0.8076950191632386,29,0.6896551724137931,0.0666666666666666,1.0,0.4060543442741496,243.15,False
sleeper_adp,all_adp,B,season_2023,0.0,284,position,WR,57,37,19,1,0.6491228070175439,0.519418953556502,0.7599957799083991,56,0.6607142857142857,-0.3508771929824561,-4.0,0.4290851496441221,187.9,False
sleeper_adp,all_adp,B,season_2023,0.0,284,season,2023,143,99,41,3,0.6923076923076923,0.6124571650588287,0.7620964551633705,140,0.7071428571428572,0.1048951048951049,0.0,0.4761249097118823,194.5,False
sleeper_adp,all_adp,B,season_2023,0.0,284,group,rookie,20,15,5,0,0.75,0.531299122381256,0.8881382985923343,20,0.75,0.8,-2.0,0.5198745453082247,212.9,False
sleeper_adp,all_adp,B,season_2023,0.0,284,group,veteran,123,84,36,3,0.6829268292682927,0.5962162974391453,0.7585572948735465,120,0.7,-0.008130081300813,0.0,0.4940587732073817,193.0,False
sleeper_adp,all_adp,B,season_2023,5.0,284,all,all,52,40,12,0,0.7692307692307693,0.6386621744190016,0.8627573907450726,52,0.7692307692307693,-1.5192307692307692,-0.5,0.6515255727906312,218.0,False
sleeper_adp,all_adp,B,season_2023,5.0,284,direction,buy,22,18,4,0,0.8181818181818182,0.6148339256287345,0.9269311541657794,22,0.8181818181818182,13.227272727272728,14.0,0.4026612683345708,238.25,False
sleeper_adp,all_adp,B,season_2023,5.0,284,direction,fade,30,22,8,0,0.7333333333333333,0.555520383048111,0.8581733668040368,30,0.7333333333333333,-12.333333333333334,-11.0,0.4575206171908059,195.6,False
sleeper_adp,all_adp,B,season_2023,5.0,284,position,RB,20,15,5,0,0.75,0.531299122381256,0.8881382985923343,20,0.75,-0.7,3.0,0.7302396317863177,206.2,False
sleeper_adp,all_adp,B,season_2023,5.0,284,position,TE,9,7,2,0,0.7777777777777778,0.4525889691069888,0.9367748928821532,9,0.7777777777777778,-2.2222222222222223,1.0,0.4188646205308832,410.5,True
sleeper_adp,all_adp,B,season_2023,5.0,284,position,WR,23,18,5,0,0.782608695652174,0.5809651698373599,0.903360219734138,23,0.782608695652174,-1.9565217391304348,-5.0,0.6440286303507424,187.9,False
sleeper_adp,all_adp,B,season_2023,5.0,284,season,2023,52,40,12,0,0.7692307692307693,0.6386621744190016,0.8627573907450726,52,0.7692307692307693,-1.5192307692307692,-0.5,0.6515255727906312,218.0,False
sleeper_adp,all_adp,B,season_2023,5.0,284,group,rookie,8,5,3,0,0.625,0.3057423946026273,0.8631557141764026,8,0.625,-6.5,-8.0,0.8117540630909458,204.95,True
sleeper_adp,all_adp,B,season_2023,5.0,284,group,veteran,44,35,9,0,0.7954545454545454,0.6549942193889834,0.8884674692991871,44,0.7954545454545454,-0.6136363636363636,1.5,0.6522212984475878,218.0,False
sleeper_adp,all_adp,B,season_2023,7.5,284,all,all,31,26,5,0,0.8387096774193549,0.6736564604120674,0.9290737555663472,31,0.8387096774193549,-2.774193548387097,-5.0,0.7477533220368179,222.9,False
sleeper_adp,all_adp,B,season_2023,7.5,284,direction,buy,14,12,2,0,0.8571428571428571,0.6005862050302965,0.9599060787285352,14,0.8571428571428571,17.785714285714285,18.0,0.4566514152395918,355.75,False
sleeper_adp,all_adp,B,season_2023,7.5,284,direction,fade,17,14,3,0,0.8235294117647058,0.5897054143116588,0.93808873362379,17,0.8235294117647058,-19.705882352941178,-21.0,0.2567510672862386,185.6,False
sleeper_adp,all_adp,B,season_2023,7.5,284,position,RB,13,10,3,0,0.7692307692307693,0.4974362405327249,0.9182047128150144,13,0.7692307692307693,-2.1538461538461537,2.0,0.7972971574797689,209.1,False
sleeper_adp,all_adp,B,season_2023,7.5,284,position,TE,3,3,0,0,1.0,0.4385029682449546,1.0,3,1.0,2.333333333333333,1.0,0.5,574.7,True
sleeper_adp,all_adp,B,season_2023,7.5,284,position,WR,15,13,2,0,0.8666666666666667,0.6211801716767764,0.9626387408969346,15,0.8666666666666667,-4.333333333333333,-8.0,0.713903929355906,187.9,False
sleeper_adp,all_adp,B,season_2023,7.5,284,season,2023,31,26,5,0,0.8387096774193549,0.6736564604120674,0.9290737555663472,31,0.8387096774193549,-2.774193548387097,-5.0,0.7477533220368179,222.9,False
sleeper_adp,all_adp,B,season_2023,7.5,284,group,rookie,3,3,0,0,1.0,0.4385029682449546,1.0,3,1.0,-29.0,-27.0,1.0,185.6,True
sleeper_adp,all_adp,B,season_2023,7.5,284,group,veteran,28,23,5,0,0.8214285714285714,0.6440857521065705,0.9212149805439572,28,0.8214285714285714,0.0357142857142857,1.5,0.7177652506427677,228.2,False
sleeper_adp,all_adp,B,season_2023,10.0,284,all,all,14,14,0,0,1.0,0.7846891972623643,1.0,14,1.0,1.9285714285714288,4.0,0.7643880138593009,238.25,False
sleeper_adp,all_adp,B,season_2023,10.0,284,direction,buy,8,8,0,0,1.0,0.6755924351161198,1.0,8,1.0,24.75,28.5,0.0,407.15,True
sleeper_adp,all_adp,B,season_2023,10.0,284,direction,fade,6,6,0,0,1.0,0.6096657120978346,1.0,6,1.0,-28.5,-33.0,0.2794117647058823,174.7,True
sleeper_adp,all_adp,B,season_2023,10.0,284,position,RB,4,4,0,0,1.0,0.5101091635454027,1.0,4,1.0,-1.5,-2.0,1.0,421.2000000000001,True
sleeper_adp,all_adp,B,season_2023,10.0,284,position,TE,1,1,0,0,1.0,0.2065493143772374,1.0,1,1.0,1.0,1.0,,574.7,True
sleeper_adp,all_adp,B,season_2023,10.0,284,position,WR,9,9,0,0,1.0,0.7008549515804559,1.0,9,1.0,3.555555555555556,7.0,0.619252282479235,236.9,True
sleeper_adp,all_adp,B,season_2023,10.0,284,season,2023,14,14,0,0,1.0,0.7846891972623643,1.0,14,1.0,1.9285714285714288,4.0,0.7643880138593009,238.25,False
sleeper_adp,all_adp,B,season_2023,10.0,284,group,rookie,2,2,0,0,1.0,0.342380227506653,1.0,2,1.0,-33.0,-33.0,,174.7,True
sleeper_adp,all_adp,B,season_2023,10.0,284,group,veteran,12,12,0,0,1.0,0.7575059933447592,1.0,12,1.0,7.75,11.5,0.6843129296172976,256.7,False
sleeper_adp,all_adp,B,season_2024,0.0,405,all,all,226,183,41,2,0.8097345132743363,0.7535503227112629,0.8555651985629821,224,0.8169642857142857,0.1283185840707964,-1.0,0.7312699475846172,286.0,False
sleeper_adp,all_adp,B,season_2024,0.0,405,direction,buy,117,92,23,2,0.7863247863247863,0.7035748148826341,0.8508706598233221,115,0.8,18.83760683760684,13.0,0.5397316455680029,606.9,False
sleeper_adp,all_adp,B,season_2024,0.0,405,direction,fade,109,91,18,0,0.8348623853211009,0.7540122433426419,0.8929131045119751,109,0.8348623853211009,-19.95412844036697,-16.0,0.3209043991152875,247.9,False
sleeper_adp,all_adp,B,season_2024,0.0,405,position,QB,30,22,7,1,0.7333333333333333,0.555520383048111,0.8581733668040368,29,0.7586206896551724,1.9,0.5,0.7697979493682584,457.55,False
sleeper_adp,all_adp,B,season_2024,0.0,405,position,RB,70,60,10,0,0.8571428571428571,0.7566158011633325,0.920510582829334,70,0.8571428571428571,0.4285714285714285,2.0,0.7617381198270599,211.4,False
sleeper_adp,all_adp,B,season_2024,0.0,405,position,TE,44,35,8,1,0.7954545454545454,0.6549942193889834,0.8884674692991871,43,0.813953488372093,0.5909090909090909,-1.0,0.6195933226033712,405.0,False
sleeper_adp,all_adp,B,season_2024,0.0,405,position,WR,82,66,16,0,0.8048780487804879,0.7062981066280967,0.8761710252681838,82,0.8048780487804879,-1.024390243902439,-6.0,0.7472111090658117,324.8,False
sleeper_adp,all_adp,B,season_2024,0.0,405,season,2024,226,183,41,2,0.8097345132743363,0.7535503227112629,0.8555651985629821,224,0.8169642857142857,0.1283185840707964,-1.0,0.7312699475846172,286.0,False
sleeper_adp,all_adp,B,season_2024,0.0,405,group,rookie,34,30,4,0,0.8823529411764706,0.7337915722962817,0.9532855333511766,34,0.8823529411764706,-13.0,-12.5,0.7000841835760506,239.85,False
sleeper_adp,all_adp,B,season_2024,0.0,405,group,veteran,192,153,37,2,0.796875,0.7344044198137055,0.8476990872091593,190,0.8052631578947368,2.453125,1.0,0.7284046211507159,305.55,False
sleeper_adp,all_adp,B,season_2024,5.0,405,all,all,139,121,18,0,0.8705035971223022,0.8045854090649949,0.9164937569584616,139,0.8705035971223022,1.3021582733812949,-2.0,0.767327703546614,460.0,False
sleeper_adp,all_adp,B,season_2024,5.0,405,direction,buy,67,58,9,0,0.8656716417910447,0.7639962773866296,0.927689083357045,67,0.8656716417910447,28.34328358208955,27.0,0.4871027197088498,651.3,False
sleeper_adp,all_adp,B,season_2024,5.0,405,direction,fade,72,63,9,0,0.875,0.7791894627583916,0.9328221577942648,72,0.875,-23.86111111111111,-20.5,0.194631794176658,323.5,False
sleeper_adp,all_adp,B,season_2024,5.0,405,position,QB,15,12,3,0,0.8,0.5481455128483065,0.9295245065301844,15,0.8,-0.2,-4.0,0.8527882622732772,555.0,False
sleeper_adp,all_adp,B,season_2024,5.0,405,position,RB,39,36,3,0,0.9230769230769232,0.7967892883204503,0.9734926046962205,39,0.9230769230769232,0.8205128205128205,-4.0,0.7858014136474559,284.7,False
sleeper_adp,all_adp,B,season_2024,5.0,405,position,TE,21,17,4,0,0.8095238095238095,0.5999943530979508,0.9233243494723822,21,0.8095238095238095,1.5714285714285714,-1.0,0.6253661512748603,559.5,False
sleeper_adp,all_adp,B,season_2024,5.0,405,position,WR,64,56,8,0,0.875,0.7722543817887005,0.9352775733666956,64,0.875,1.859375,-0.5,0.7609480067265899,455.55,False
sleeper_adp,all_adp,B,season_2024,5.0,405,season,2024,139,121,18,0,0.8705035971223022,0.8045854090649949,0.9164937569584616,139,0.8705035971223022,1.3021582733812949,-2.0,0.767327703546614,460.0,False
sleeper_adp,all_adp,B,season_2024,5.0,405,group,rookie,21,18,3,0,0.8571428571428571,0.6536393971937906,0.9501898750027472,21,0.8571428571428571,-20.285714285714285,-15.0,0.6746009096172674,237.3,False
sleeper_adp,all_adp,B,season_2024,5.0,405,group,veteran,118,103,15,0,0.8728813559322034,0.8008209645091546,0.9214290877452564,118,0.8728813559322034,5.1440677966101696,2.5,0.7722692931226117,471.85,False
sleeper_adp,all_adp,B,season_2024,7.5,405,all,all,120,107,13,0,0.8916666666666667,0.8234463978470834,0.9355885884582658,120,0.8916666666666667,1.7083333333333333,-3.5,0.7851469590568041,455.55,False
sleeper_adp,all_adp,B,season_2024,7.5,405,direction,buy,61,52,9,0,0.8524590163934426,0.742767647052789,0.9203883149206724,61,0.8524590163934426,28.40983606557377,28.0,0.5529240268047384,653.0,False
sleeper_adp,all_adp,B,season_2024,7.5,405,direction,fade,59,55,4,0,0.9322033898305084,0.838244756312555,0.9733213810286956,59,0.9322033898305084,-25.89830508474576,-21.0,0.1125700973165896,317.0,False
sleeper_adp,all_adp,B,season_2024,7.5,405,position,QB,12,10,2,0,0.8333333333333334,0.5519691377470266,0.9530348578161464,12,0.8333333333333334,-1.1666666666666667,-8.5,0.8360113420519601,607.55,False
sleeper_adp,all_adp,B,season_2024,7.5,405,position,RB,32,31,1,0,0.96875,0.8425573617998744,0.9944621398359969,32,0.96875,2.4375,-4.0,0.7700575479409969,289.75,False
sleeper_adp,all_adp,B,season_2024,7.5,405,position,TE,18,15,3,0,0.8333333333333334,0.6077796189608428,0.9416342319413856,18,0.8333333333333334,-2.111111111111111,-2.5,0.7461224258453608,578.1,False
sleeper_adp,all_adp,B,season_2024,7.5,405,position,WR,58,51,7,0,0.8793103448275862,0.7712064595403911,0.9402903395175928,58,0.8793103448275862,3.086206896551724,1.5,0.8005295407260565,445.3,False
sleeper_adp,all_adp,B,season_2024,7.5,405,season,2024,120,107,13,0,0.8916666666666667,0.8234463978470834,0.9355885884582658,120,0.8916666666666667,1.7083333333333333,-3.5,0.7851469590568041,455.55,False
sleeper_adp,all_adp,B,season_2024,7.5,405,group,rookie,18,15,3,0,0.8333333333333334,0.6077796189608428,0.9416342319413856,18,0.8333333333333334,-19.166666666666668,-15.0,0.7630897863111207,236.55,False
sleeper_adp,all_adp,B,season_2024,7.5,405,group,veteran,102,92,10,0,0.9019607843137256,0.8288716882111405,0.945871979475036,102,0.9019607843137256,5.392156862745098,0.0,0.7871521828877138,471.85,False
sleeper_adp,all_adp,B,season_2024,10.0,405,all,all,94,86,8,0,0.9148936170212766,0.8409635527251013,0.9562445116287234,94,0.9148936170212766,3.872340425531915,-3.5,0.7948185864198517,472.4,False
sleeper_adp,all_adp,B,season_2024,10.0,405,direction,buy,48,42,6,0,0.875,0.7529954171361317,0.9414294856142802,48,0.875,33.833333333333336,31.5,0.503374961433884,655.85,False
sleeper_adp,all_adp,B,season_2024,10.0,405,direction,fade,46,44,2,0,0.9565217391304348,0.8546774097378094,0.9879945544014436,46,0.9565217391304348,-27.39130434782609,-20.5,0.1164017666560555,346.65,False
sleeper_adp,all_adp,B,season_2024,10.0,405,position,QB,7,6,1,0,0.8571428571428571,0.4868721707256811,0.9743203756552564,7,0.8571428571428571,3.142857142857143,-5.0,0.8829187134416479,666.8,True
sleeper_adp,all_adp,B,season_2024,10.0,405,position,RB,23,22,1,0,0.9565217391304348,0.7900884492974114,0.9922833338565468,23,0.9565217391304348,5.130434782608695,-4.0,0.7136858022710469,317.0,False
sleeper_adp,all_adp,B,season_2024,10.0,405,position,TE,16,14,2,0,0.875,0.639771727342413,0.9650225122567596,16,0.875,-3.0625,-4.0,0.7544255993530444,544.1500000000001,False
sleeper_adp,all_adp,B,season_2024,10.0,405,position,WR,48,44,4,0,0.9166666666666666,0.8044669820963272,0.967116243181908,48,0.9166666666666666,5.6875,1.5,0.8203700693653635,467.9,False
sleeper_adp,all_adp,B,season_2024,10.0,405,season,2024,94,86,8,0,0.9148936170212766,0.8409635527251013,0.9562445116287234,94,0.9148936170212766,3.872340425531915,-3.5,0.7948185864198517,472.4,False
sleeper_adp,all_adp,B,season_2024,10.0,405,group,rookie,13,12,1,0,0.9230769230769232,0.6668604907890041,0.9862895787574436,13,0.9230769230769232,-26.07692307692308,-15.0,0.7095442471573097,281.8,False
sleeper_adp,all_adp,B,season_2024,10.0,405,group,veteran,81,74,7,0,0.9135802469135802,0.8322008336612947,0.9575074166600406,81,0.9135802469135802,8.679012345679013,5.0,0.7960922528076142,535.5,False
sleeper_adp,all_adp,B,season_2025,0.0,461,all,all,283,212,67,4,0.7491166077738516,0.6955002915375993,0.7960604492970781,279,0.7598566308243727,2.360424028268551,-1.0,0.6829734209336209,617.7,False
sleeper_adp,all_adp,B,season_2025,0.0,461,direction,buy,146,108,38,0,0.7397260273972602,0.6630559975733337,0.8041044301942883,146,0.7397260273972602,19.801369863013697,16.0,0.5688735039231787,676.9000000000001,False
sleeper_adp,all_adp,B,season_2025,0.0,461,direction,fade,137,104,29,4,0.7591240875912408,0.6810823562192406,0.8230305704324948,133,0.7819548872180451,-16.226277372262775,-14.0,0.5117456531445918,488.0,False
sleeper_adp,all_adp,B,season_2025,0.0,461,position,QB,39,30,8,1,0.7692307692307693,0.6166374277165825,0.8735419587485715,38,0.7894736842105263,-0.6923076923076923,0.0,0.6044478888619782,662.4,False
sleeper_adp,all_adp,B,season_2025,0.0,461,position,RB,69,47,20,2,0.6811594202898551,0.5641587428411312,0.779052395496169,67,0.7014925373134329,5.985507246376812,6.0,0.5833617758905433,244.1,False
sleeper_adp,all_adp,B,season_2025,0.0,461,position,TE,68,52,15,1,0.7647058823529411,0.6514483202805676,0.8496550897970421,67,0.7761194029850746,0.7647058823529411,-1.0,0.8049568943974216,641.2,False
sleeper_adp,all_adp,B,season_2025,0.0,461,position,WR,107,83,24,0,0.7757009345794392,0.6879073136504652,0.844384489684991,107,0.7757009345794392,2.149532710280374,-5.0,0.6691568679837695,621.7,False
sleeper_adp,all_adp,B,season_2025,0.0,461,season,2025,283,212,67,4,0.7491166077738516,0.6955002915375993,0.7960604492970781,279,0.7598566308243727,2.360424028268551,-1.0,0.6829734209336209,617.7,False
sleeper_adp,all_adp,B,season_2025,0.0,461,group,rookie,41,28,11,2,0.6829268292682927,0.5301580035565572,0.8043538610101142,39,0.717948717948718,-2.2439024390243905,-3.0,0.6237901223309291,284.0,False
sleeper_adp,all_adp,B,season_2025,0.0,461,group,veteran,242,184,56,2,0.7603305785123967,0.7027463847412225,0.8097790477241731,240,0.7666666666666667,3.1404958677685952,0.0,0.6855098401729981,619.75,False
sleeper_adp,all_adp,B,season_2025,5.0,461,all,all,182,153,28,1,0.8406593406593407,0.7805287195990771,0.8867066797939036,181,0.8453038674033149,6.302197802197802,5.0,0.7438369047611499,664.25,False
sleeper_adp,all_adp,B,season_2025,5.0,461,direction,buy,100,84,16,0,0.84,0.7557973061072976,0.8990471151119521,100,0.84,30.68,26.5,0.3953648288177231,686.7,False
sleeper_adp,all_adp,B,season_2025,5.0,461,direction,fade,82,69,12,1,0.8414634146341463,0.7474213307168286,0.9049440970070054,81,0.8518518518518519,-23.42682926829268,-20.5,0.4391476424065955,599.25,False
sleeper_adp,all_adp,B,season_2025,5.0,461,position,QB,18,17,1,0,0.9444444444444444,0.7424269921812741,0.990124809021697,18,0.9444444444444444,0.3888888888888889,-2.0,0.7657168686731664,670.45,False
sleeper_adp,all_adp,B,season_2025,5.0,461,position,RB,38,29,8,1,0.7631578947368421,0.607931876367602,0.8700629298294591,37,0.7837837837837838,11.578947368421051,11.5,0.6881060905729517,645.25,False
sleeper_adp,all_adp,B,season_2025,5.0,461,position,TE,45,39,6,0,0.8666666666666667,0.7382269817382293,0.9374285125243192,45,0.8666666666666667,5.266666666666667,15.0,0.8308893835703135,669.0,False
sleeper_adp,all_adp,B,season_2025,5.0,461,position,WR,81,68,13,0,0.8395061728395061,0.7445295089488065,0.9037384577328867,81,0.8395061728395061,5.716049382716049,-5.0,0.7041036489270128,661.5,False
sleeper_adp,all_adp,B,season_2025,5.0,461,season,2025,182,153,28,1,0.8406593406593407,0.7805287195990771,0.8867066797939036,181,0.8453038674033149,6.302197802197802,5.0,0.7438369047611499,664.25,False
sleeper_adp,all_adp,B,season_2025,5.0,461,group,rookie,29,23,6,0,0.7931034482758621,0.6160990959613211,0.9015392980215896,29,0.7931034482758621,-0.1724137931034483,-5.0,0.6427867612907967,623.6,False
sleeper_adp,all_adp,B,season_2025,5.0,461,group,veteran,153,130,22,1,0.8496732026143791,0.784524700823098,0.8976928761144234,152,0.8552631578947368,7.529411764705882,6.0,0.7502895258152564,668.0,False
sleeper_adp,all_adp,B,season_2025,7.5,461,all,all,156,133,22,1,0.8525641025641025,0.7884789138447561,0.8997029934750154,155,0.8580645161290322,6.923076923076923,6.5,0.7428641041498264,668.35,False
sleeper_adp,all_adp,B,season_2025,7.5,461,direction,buy,84,72,12,0,0.8571428571428571,0.7666989708237691,0.9163497945943307,84,0.8571428571428571,34.773809523809526,32.0,0.3046424247829706,687.3499999999999,False
sleeper_adp,all_adp,B,season_2025,7.5,461,direction,fade,72,61,10,1,0.8472222222222222,0.7467771063249946,0.912492912705243,71,0.8591549295774648,-25.569444444444443,-24.0,0.3876375544569004,596.6,False
sleeper_adp,all_adp,B,season_2025,7.5,461,position,QB,9,9,0,0,1.0,0.7008549515804559,1.0,9,1.0,2.111111111111111,5.0,0.7333333333333334,685.4,True
sleeper_adp,all_adp,B,season_2025,7.5,461,position,RB,35,27,7,1,0.7714285714285715,0.6098268310800976,0.879341201658083,34,0.7941176470588235,12.428571428571429,13.0,0.6893456270177646,643.0,False
sleeper_adp,all_adp,B,season_2025,7.5,461,position,TE,39,35,4,0,0.8974358974358975,0.7642114553714348,0.9593866865533164,39,0.8974358974358975,4.897435897435898,15.0,0.8492228339569651,675.0,False
sleeper_adp,all_adp,B,season_2025,7.5,461,position,WR,73,62,11,0,0.8493150684931506,0.7499809802559176,0.9137232333640508,73,0.8493150684931506,5.958904109589041,-5.0,0.6972547156889938,670.5,False
sleeper_adp,all_adp,B,season_2025,7.5,461,season,2025,156,133,22,1,0.8525641025641025,0.7884789138447561,0.8997029934750154,155,0.8580645161290322,6.923076923076923,6.5,0.7428641041498264,668.35,False
sleeper_adp,all_adp,B,season_2025,7.5,461,group,rookie,28,23,5,0,0.8214285714285714,0.6440857521065705,0.9212149805439572,28,0.8214285714285714,0.0357142857142857,-3.5,0.6337353651267319,609.1500000000001,False
sleeper_adp,all_adp,B,season_2025,7.5,461,group,veteran,128,110,17,1,0.859375,0.7886475076210383,0.9091603050573774,127,0.8661417322834646,8.4296875,7.5,0.7514571002754871,670.55,False
sleeper_adp,all_adp,B,season_2025,10.0,461,all,all,137,119,17,1,0.8686131386861314,0.8018685419891511,0.9152498466281064,136,0.875,7.875912408759124,10.0,0.7362304751897316,670.5,False
sleeper_adp,all_adp,B,season_2025,10.0,461,direction,buy,74,66,8,0,0.8918918918918919,0.800911555641104,0.9441926713184854,74,0.8918918918918919,36.95945945945946,34.0,0.2276592833217892,687.75,False
sleeper_adp,all_adp,B,season_2025,10.0,461,direction,fade,63,53,9,1,0.8412698412698413,0.7318842321822745,0.9114290760348585,62,0.8548387096774194,-26.285714285714285,-26.0,0.3988441133421906,603.0,False
sleeper_adp,all_adp,B,season_2025,10.0,461,position,QB,5,5,0,0,1.0,0.5655175352168251,1.0,5,1.0,0.4,5.0,0.6,685.4,True
sleeper_adp,all_adp,B,season_2025,10.0,461,position,RB,29,23,5,1,0.7931034482758621,0.6160990959613211,0.9015392980215896,28,0.8214285714285714,14.241379310344827,15.0,0.7116239111084505,647.5,False
sleeper_adp,all_adp,B,season_2025,10.0,461,position,TE,36,34,2,0,0.9444444444444444,0.8185534279135275,0.9846300133358382,36,0.9444444444444444,6.083333333333333,16.5,0.8130191382117494,675.5,False
sleeper_adp,all_adp,B,season_2025,10.0,461,position,WR,67,57,10,0,0.8507462686567164,0.7465960395409149,0.9168572656622016,67,0.8507462686567164,6.641791044776119,-5.0,0.7021387012455329,670.6,False
sleeper_adp,all_adp,B,season_2025,10.0,461,season,2025,137,119,17,1,0.8686131386861314,0.8018685419891511,0.9152498466281064,136,0.875,7.875912408759124,10.0,0.7362304751897316,670.5,False
sleeper_adp,all_adp,B,season_2025,10.0,461,group,rookie,20,16,4,0,0.8,0.5839825677481064,0.919342337420202,20,0.8,3.1,11.5,0.667921686746988,663.45,False
sleeper_adp,all_adp,B,season_2025,10.0,461,group,veteran,117,103,13,1,0.8803418803418803,0.8091336915104884,0.9273685062332444,116,0.8879310344827587,8.692307692307692,8.0,0.7384688961947831,670.5,False
sleeper_adp,all_adp,B,pooled_2024_2025,0.0,866,all,all,509,395,108,6,0.7760314341846758,0.7378226908329572,0.8101049292275858,503,0.7852882703777336,1.3693516699410608,-1.0,0.7040789565660102,451.1,False
sleeper_adp,all_adp,B,pooled_2024_2025,0.0,866,direction,buy,263,200,61,2,0.7604562737642585,0.7053600998652662,0.8080533727093161,261,0.7662835249042146,19.372623574144487,14.0,0.5605179985006705,651.3,False
sleeper_adp,all_adp,B,pooled_2024_2025,0.0,866,direction,fade,246,195,47,4,0.7926829268292683,0.7377146994617786,0.8386508112093137,242,0.8057851239669421,-17.878048780487806,-15.0,0.4372695450467972,287.3,False
sleeper_adp,all_adp,B,pooled_2024_2025,0.0,866,position,QB,69,52,15,2,0.7536231884057971,0.6403933718423956,0.8401022218298245,67,0.7761194029850746,0.4347826086956521,0.0,0.6866164807471046,579.7,False
sleeper_adp,all_adp,B,pooled_2024_2025,0.0,866,position,RB,139,107,30,2,0.7697841726618705,0.6931130278329162,0.8319446173297947,137,0.781021897810219,3.1870503597122304,2.0,0.6694470699399075,237.3,False
sleeper_adp,all_adp,B,pooled_2024_2025,0.0,866,position,TE,112,87,23,2,0.7767857142857143,0.6912259682679223,0.8439882860343053,110,0.7909090909090909,0.6964285714285714,-1.0,0.7412471299546495,582.75,False
sleeper_adp,all_adp,B,pooled_2024_2025,0.0,866,position,WR,189,149,40,0,0.7883597883597884,0.724678800184377,0.8405523522170849,189,0.7883597883597884,0.7724867724867724,-5.0,0.7010255266269113,471.8,False
sleeper_adp,all_adp,B,pooled_2024_2025,0.0,866,season,2024,226,183,41,2,0.8097345132743363,0.7535503227112629,0.8555651985629821,224,0.8169642857142857,0.1283185840707964,-1.0,0.7312699475846172,286.0,False
sleeper_adp,all_adp,B,pooled_2024_2025,0.0,866,season,2025,283,212,67,4,0.7491166077738516,0.6955002915375993,0.7960604492970781,279,0.7598566308243727,2.360424028268551,-1.0,0.6829734209336209,617.7,False
sleeper_adp,all_adp,B,pooled_2024_2025,0.0,866,group,rookie,75,58,15,2,0.7733333333333333,0.6666446452773059,0.8533863208320934,73,0.7945205479452054,-7.12,-5.0,0.675108773406358,256.8,False
sleeper_adp,all_adp,B,pooled_2024_2025,0.0,866,group,veteran,434,337,93,4,0.7764976958525346,0.7349752627917002,0.8131683521287073,430,0.7837209302325582,2.8364055299539173,1.0,0.7039018439103829,477.65,False
sleeper_adp,all_adp,B,pooled_2024_2025,5.0,866,all,all,321,274,46,1,0.8535825545171339,0.810730229958466,0.8880721976137467,320,0.85625,4.137071651090342,2.0,0.7583587655202249,617.4,False
sleeper_adp,all_adp,B,pooled_2024_2025,5.0,866,direction,buy,167,142,25,0,0.8502994011976048,0.7883465789437719,0.8964988959640304,167,0.8502994011976048,29.74251497005988,27.0,0.4408980511110604,677.0,False
sleeper_adp,all_adp,B,pooled_2024_2025,5.0,866,direction,fade,154,132,21,1,0.8571428571428571,0.7931730121161725,0.9037288083678776,153,0.8627450980392157,-23.62987012987013,-20.5,0.3255387398646489,421.9,False
sleeper_adp,all_adp,B,pooled_2024_2025,5.0,866,position,QB,33,29,4,0,0.8787878787878788,0.7267449482892476,0.9518383869058644,33,0.8787878787878788,0.1212121212121212,-4.0,0.8272375228578586,664.0,False
sleeper_adp,all_adp,B,pooled_2024_2025,5.0,866,position,RB,77,65,11,1,0.8441558441558441,0.7470629230044414,0.9085412777751818,76,0.8552631578947368,6.12987012987013,5.0,0.7336356211348384,360.0,False
sleeper_adp,all_adp,B,pooled_2024_2025,5.0,866,position,TE,66,56,10,0,0.8484848484848485,0.7430709513021234,0.9155636301732872,66,0.8484848484848485,4.090909090909091,5.0,0.8026692498643347,642.9,False
sleeper_adp,all_adp,B,pooled_2024_2025,5.0,866,position,WR,145,124,21,0,0.8551724137931035,0.7887296914856833,0.9032818005817368,145,0.8551724137931035,4.0137931034482754,-5.0,0.7236793936409243,616.1,False
sleeper_adp,all_adp,B,pooled_2024_2025,5.0,866,season,2024,139,121,18,0,0.8705035971223022,0.8045854090649949,0.9164937569584616,139,0.8705035971223022,1.3021582733812949,-2.0,0.767327703546614,460.0,False
sleeper_adp,all_adp,B,pooled_2024_2025,5.0,866,season,2025,182,153,28,1,0.8406593406593407,0.7805287195990771,0.8867066797939036,181,0.8453038674033149,6.302197802197802,5.0,0.7438369047611499,664.25,False
sleeper_adp,all_adp,B,pooled_2024_2025,5.0,866,group,rookie,50,41,9,0,0.82,0.6920394632569922,0.9022980732976582,50,0.82,-8.62,-12.5,0.6748480749439659,282.9,False
sleeper_adp,all_adp,B,pooled_2024_2025,5.0,866,group,veteran,271,233,37,1,0.8597785977859779,0.8133936533735624,0.8961062919284217,270,0.8629629629629629,6.490774907749078,5.0,0.7644221303757359,625.0,False
sleeper_adp,all_adp,B,pooled_2024_2025,7.5,866,all,all,276,240,35,1,0.8695652173913043,0.82470887613349,0.904275316772362,275,0.8727272727272727,4.655797101449275,0.5,0.7660480135563008,624.3,False
sleeper_adp,all_adp,B,pooled_2024_2025,7.5,866,direction,buy,145,124,21,0,0.8551724137931035,0.7887296914856833,0.9032818005817368,145,0.8551724137931035,32.09655172413793,31.0,0.4243833846942506,681.0,False
sleeper_adp,all_adp,B,pooled_2024_2025,7.5,866,direction,fade,131,116,14,1,0.8854961832061069,0.8196581083613613,0.9293696823740172,130,0.8923076923076924,-25.7175572519084,-22.0,0.277952791894895,404.0,False
sleeper_adp,all_adp,B,pooled_2024_2025,7.5,866,position,QB,21,19,2,0,0.9047619047619048,0.7108586092608176,0.9734812325619256,21,0.9047619047619048,0.238095238095238,-5.0,0.8482441033634126,666.8,False
sleeper_adp,all_adp,B,pooled_2024_2025,7.5,866,position,RB,67,58,8,1,0.8656716417910447,0.7639962773866296,0.927689083357045,66,0.8787878787878788,7.656716417910448,6.0,0.7241408898729397,376.0,False
sleeper_adp,all_adp,B,pooled_2024_2025,7.5,866,position,TE,57,50,7,0,0.8771929824561403,0.7675355156482598,0.9392193984100192,57,0.8771929824561403,2.6842105263157894,-1.0,0.8596002264526389,664.5,False
sleeper_adp,all_adp,B,pooled_2024_2025,7.5,866,position,WR,131,113,18,0,0.8625954198473282,0.7932459058387804,0.9112851844568725,131,0.8625954198473282,4.687022900763359,-3.0,0.732306411478715,625.0,False
sleeper_adp,all_adp,B,pooled_2024_2025,7.5,866,season,2024,120,107,13,0,0.8916666666666667,0.8234463978470834,0.9355885884582658,120,0.8916666666666667,1.7083333333333333,-3.5,0.7851469590568041,455.55,False
sleeper_adp,all_adp,B,pooled_2024_2025,7.5,866,season,2025,156,133,22,1,0.8525641025641025,0.7884789138447561,0.8997029934750154,155,0.8580645161290322,6.923076923076923,6.5,0.7428641041498264,668.35,False
sleeper_adp,all_adp,B,pooled_2024_2025,7.5,866,group,rookie,46,38,8,0,0.8260869565217391,0.692766462836215,0.9091420829775368,46,0.8260869565217391,-7.478260869565218,-12.5,0.6928732827030214,282.9,False
sleeper_adp,all_adp,B,pooled_2024_2025,7.5,866,group,veteran,230,202,27,1,0.8782608695652174,0.8296791138731242,0.914414772974462,229,0.8820960698689956,7.082608695652174,5.0,0.7727450748588228,639.5999999999999,False
sleeper_adp,all_adp,B,pooled_2024_2025,10.0,866,all,all,231,205,25,1,0.8874458874458875,0.8401928543788795,0.9220234974479498,230,0.8913043478260869,6.246753246753247,5.0,0.7635305863485198,640.7,False
sleeper_adp,all_adp,B,pooled_2024_2025,10.0,866,direction,buy,122,108,14,0,0.8852459016393442,0.8165707956145146,0.9304008374300164,122,0.8852459016393442,35.72950819672131,33.0,0.3341066052849054,683.3499999999999,False
sleeper_adp,all_adp,B,pooled_2024_2025,10.0,866,direction,fade,109,97,11,1,0.8899082568807339,0.8173772800737439,0.9358919605788926,108,0.8981481481481481,-26.75229357798165,-23.0,0.2992140865391511,451.0,False
sleeper_adp,all_adp,B,pooled_2024_2025,10.0,866,position,QB,12,11,1,0,0.9166666666666666,0.646120088858883,0.9851349055950828,12,0.9166666666666666,2.0,0.0,0.8315840663996672,675.05,False
sleeper_adp,all_adp,B,pooled_2024_2025,10.0,866,position,RB,52,45,6,1,0.8653846153846154,0.747266798348062,0.9332311829460386,51,0.8823529411764706,10.211538461538462,13.0,0.7207119213112653,617.55,False
sleeper_adp,all_adp,B,pooled_2024_2025,10.0,866,position,TE,52,48,4,0,0.9230769230769232,0.8182643761570466,0.96968065481507,52,0.9230769230769232,3.269230769230769,3.5,0.8406979907292568,668.6,False
sleeper_adp,all_adp,B,pooled_2024_2025,10.0,866,position,WR,115,101,14,0,0.8782608695652174,0.8059875238548942,0.9260802314834516,115,0.8782608695652174,6.243478260869566,-3.0,0.737631841305044,637.0,False
sleeper_adp,all_adp,B,pooled_2024_2025,10.0,866,season,2024,94,86,8,0,0.9148936170212766,0.8409635527251013,0.9562445116287234,94,0.9148936170212766,3.872340425531915,-3.5,0.7948185864198517,472.4,False
sleeper_adp,all_adp,B,pooled_2024_2025,10.0,866,season,2025,137,119,17,1,0.8686131386861314,0.8018685419891511,0.9152498466281064,136,0.875,7.875912408759124,10.0,0.7362304751897316,670.5,False
sleeper_adp,all_adp,B,pooled_2024_2025,10.0,866,group,rookie,33,28,5,0,0.8484848484848485,0.6908012411955788,0.9334954271839244,33,0.8484848484848485,-8.393939393939394,-13.0,0.7148954876008445,604.0,False
sleeper_adp,all_adp,B,pooled_2024_2025,10.0,866,group,veteran,198,177,20,1,0.8939393939393939,0.8433063711097043,0.929577460148088,197,0.8984771573604061,8.686868686868687,6.0,0.7637064870391804,642.95,False
sleeper_adp,all_adp,B,pooled_2023_2025,0.0,1150,all,all,652,494,149,9,0.7576687116564417,0.7233308575183347,0.78898808097052,643,0.7682737169517885,1.0920245398773003,-1.0,0.6737515834861232,287.15,False
sleeper_adp,all_adp,B,pooled_2023_2025,0.0,1150,direction,buy,323,243,76,4,0.7523219814241486,0.7024647316458908,0.7962480099632515,319,0.7617554858934169,17.554179566563466,13.0,0.5353412295067774,606.9,False
sleeper_adp,all_adp,B,pooled_2023_2025,0.0,1150,direction,fade,329,251,73,5,0.7629179331306991,0.7140932053337057,0.8056737750567908,324,0.7746913580246914,-15.069908814589663,-12.0,0.4487822165726415,244.0,False
sleeper_adp,all_adp,B,pooled_2023_2025,0.0,1150,position,QB,84,65,17,2,0.7738095238095238,0.6735309285283279,0.850139791625549,82,0.7926829268292683,0.3095238095238095,0.5,0.6662281255158156,488.05,False
sleeper_adp,all_adp,B,pooled_2023_2025,0.0,1150,position,RB,180,136,41,3,0.7555555555555555,0.6878639064119214,0.8125672835392541,177,0.768361581920904,2.6666666666666665,2.0,0.6558739331199139,211.5,False
sleeper_adp,all_adp,B,pooled_2023_2025,0.0,1150,position,TE,142,107,32,3,0.7535211267605634,0.676582192800579,0.8171045858576141,139,0.7697841726618705,0.5633802816901409,-0.5,0.7004723698367226,501.4,False
sleeper_adp,all_adp,B,pooled_2023_2025,0.0,1150,position,WR,246,186,59,1,0.7560975609756098,0.6987653513023125,0.805554470534893,245,0.7591836734693878,0.5121951219512195,-5.0,0.6746794524178977,279.4,False
sleeper_adp,all_adp,B,pooled_2023_2025,0.0,1150,season,2023,143,99,41,3,0.6923076923076923,0.6124571650588287,0.7620964551633705,140,0.7071428571428572,0.1048951048951049,0.0,0.4761249097118823,194.5,False
sleeper_adp,all_adp,B,pooled_2023_2025,0.0,1150,season,2024,226,183,41,2,0.8097345132743363,0.7535503227112629,0.8555651985629821,224,0.8169642857142857,0.1283185840707964,-1.0,0.7312699475846172,286.0,False
sleeper_adp,all_adp,B,pooled_2023_2025,0.0,1150,season,2025,283,212,67,4,0.7491166077738516,0.6955002915375993,0.7960604492970781,279,0.7598566308243727,2.360424028268551,-1.0,0.6829734209336209,617.7,False
sleeper_adp,all_adp,B,pooled_2023_2025,0.0,1150,group,rookie,95,73,20,2,0.7684210526315789,0.6741746146961753,0.8418032007721075,93,0.7849462365591398,-5.4526315789473685,-5.0,0.6504701730352188,251.0,False
sleeper_adp,all_adp,B,pooled_2023_2025,0.0,1150,group,veteran,557,421,129,7,0.755834829443447,0.718485762317376,0.7896792378223819,550,0.7654545454545455,2.208258527827648,0.0,0.675883325462053,296.3,False
sleeper_adp,all_adp,B,pooled_2023_2025,5.0,1150,all,all,373,314,58,1,0.8418230563002681,0.801331518203581,0.8753456202355105,372,0.8440860215053764,3.3485254691689006,1.0,0.7565665699441213,574.7,False
sleeper_adp,all_adp,B,pooled_2023_2025,5.0,1150,direction,buy,189,160,29,0,0.8465608465608465,0.788322878359742,0.8909916259025654,189,0.8465608465608465,27.82010582010582,24.0,0.4642408171122273,674.3,False
sleeper_adp,all_adp,B,pooled_2023_2025,5.0,1150,direction,fade,184,154,29,1,0.8369565217391305,0.7767910864609038,0.8833400729673533,183,0.8415300546448088,-21.78804347826087,-19.5,0.372736352056057,365.15,False
sleeper_adp,all_adp,B,pooled_2023_2025,5.0,1150,position,QB,33,29,4,0,0.8787878787878788,0.7267449482892476,0.9518383869058644,33,0.8787878787878788,0.1212121212121212,-4.0,0.8272375228578586,664.0,False
sleeper_adp,all_adp,B,pooled_2023_2025,5.0,1150,position,RB,97,80,16,1,0.8247422680412371,0.737143589002599,0.8875994555424038,96,0.8333333333333334,4.721649484536083,3.0,0.7423151740844388,317.0,False
sleeper_adp,all_adp,B,pooled_2023_2025,5.0,1150,position,TE,75,63,12,0,0.84,0.7408329231474533,0.9060348639642386,75,0.84,3.333333333333333,5.0,0.7997068177966598,622.6,False
sleeper_adp,all_adp,B,pooled_2023_2025,5.0,1150,position,WR,168,142,26,0,0.8452380952380952,0.7828963194479739,0.892144504786641,168,0.8452380952380952,3.196428571428572,-5.0,0.7279562963360775,528.75,False
sleeper_adp,all_adp,B,pooled_2023_2025,5.0,1150,season,2023,52,40,12,0,0.7692307692307693,0.6386621744190016,0.8627573907450726,52,0.7692307692307693,-1.5192307692307692,-0.5,0.6515255727906312,218.0,False
sleeper_adp,all_adp,B,pooled_2023_2025,5.0,1150,season,2024,139,121,18,0,0.8705035971223022,0.8045854090649949,0.9164937569584616,139,0.8705035971223022,1.3021582733812949,-2.0,0.767327703546614,460.0,False
sleeper_adp,all_adp,B,pooled_2023_2025,5.0,1150,season,2025,182,153,28,1,0.8406593406593407,0.7805287195990771,0.8867066797939036,181,0.8453038674033149,6.302197802197802,5.0,0.7438369047611499,664.25,False
sleeper_adp,all_adp,B,pooled_2023_2025,5.0,1150,group,rookie,58,46,12,0,0.7931034482758621,0.6723078207851659,0.8774851603050945,58,0.7931034482758621,-8.327586206896552,-11.5,0.6880719197628908,276.45000000000005,False
sleeper_adp,all_adp,B,pooled_2023_2025,5.0,1150,group,veteran,315,268,46,1,0.8507936507936508,0.8072314358606794,0.8859030166581916,314,0.8535031847133758,5.498412698412698,3.0,0.762180428237324,598.5,False
sleeper_adp,all_adp,B,pooled_2023_2025,7.5,1150,all,all,307,266,40,1,0.8664495114006515,0.8238348565060513,0.9000068113770899,306,0.869281045751634,3.905537459283388,0.0,0.7672504591668851,612.4,False
sleeper_adp,all_adp,B,pooled_2023_2025,7.5,1150,direction,buy,159,136,23,0,0.8553459119496856,0.7922908979731279,0.9016355800770663,159,0.8553459119496856,30.836477987421382,29.0,0.4389025776351037,677.2,False
sleeper_adp,all_adp,B,pooled_2023_2025,7.5,1150,direction,fade,148,130,17,1,0.8783783783783784,0.8159442304391774,0.9216672287095264,147,0.8843537414965986,-25.027027027027028,-21.5,0.2811393417287123,365.15,False
sleeper_adp,all_adp,B,pooled_2023_2025,7.5,1150,position,QB,21,19,2,0,0.9047619047619048,0.7108586092608176,0.9734812325619256,21,0.9047619047619048,0.238095238095238,-5.0,0.8482441033634126,666.8,False
sleeper_adp,all_adp,B,pooled_2023_2025,7.5,1150,position,RB,80,68,11,1,0.85,0.7558677143867665,0.9120595949383644,79,0.8607594936708861,6.0625,6.0,0.7390447062724259,356.0,False
sleeper_adp,all_adp,B,pooled_2023_2025,7.5,1150,position,TE,60,53,7,0,0.8833333333333333,0.7782121197582914,0.9423227935994396,60,0.8833333333333333,2.6666666666666665,0.0,0.8635826881295697,647.8,False
sleeper_adp,all_adp,B,pooled_2023_2025,7.5,1150,position,WR,146,126,20,0,0.863013698630137,0.7978732897610338,0.9095410722870796,146,0.863013698630137,3.76027397260274,-5.0,0.7360677873030606,614.0,False
sleeper_adp,all_adp,B,pooled_2023_2025,7.5,1150,season,2023,31,26,5,0,0.8387096774193549,0.6736564604120674,0.9290737555663472,31,0.8387096774193549,-2.774193548387097,-5.0,0.7477533220368179,222.9,False
sleeper_adp,all_adp,B,pooled_2023_2025,7.5,1150,season,2024,120,107,13,0,0.8916666666666667,0.8234463978470834,0.9355885884582658,120,0.8916666666666667,1.7083333333333333,-3.5,0.7851469590568041,455.55,False
sleeper_adp,all_adp,B,pooled_2023_2025,7.5,1150,season,2025,156,133,22,1,0.8525641025641025,0.7884789138447561,0.8997029934750154,155,0.8580645161290322,6.923076923076923,6.5,0.7428641041498264,668.35,False
sleeper_adp,all_adp,B,pooled_2023_2025,7.5,1150,group,rookie,49,41,8,0,0.8367346938775511,0.7096366156608317,0.9148730162927116,49,0.8367346938775511,-8.795918367346939,-13.0,0.6928247589865176,254.5,False
sleeper_adp,all_adp,B,pooled_2023_2025,7.5,1150,group,veteran,258,225,32,1,0.872093023255814,0.8258137860433787,0.9074543559259924,257,0.8754863813229572,6.317829457364341,4.0,0.7728708160211751,619.75,False
sleeper_adp,all_adp,B,pooled_2023_2025,10.0,1150,all,all,245,219,25,1,0.8938775510204081,0.8490496205705843,0.9265446108515542,244,0.8975409836065574,6.0,5.0,0.7640146445045124,635.3,False
sleeper_adp,all_adp,B,pooled_2023_2025,10.0,1150,direction,buy,130,116,14,0,0.8923076923076924,0.8273370377561917,0.9347586603835624,130,0.8923076923076924,35.05384615384615,33.0,0.3292227572282256,681.75,False
sleeper_adp,all_adp,B,pooled_2023_2025,10.0,1150,direction,fade,115,103,11,1,0.8956521739130435,0.8264310773606731,0.9392949655794358,114,0.9035087719298246,-26.843478260869563,-25.0,0.2940619972825037,421.8,False
sleeper_adp,all_adp,B,pooled_2023_2025,10.0,1150,position,QB,12,11,1,0,0.9166666666666666,0.646120088858883,0.9851349055950828,12,0.9166666666666666,2.0,0.0,0.8315840663996672,675.05,False
sleeper_adp,all_adp,B,pooled_2023_2025,10.0,1150,position,RB,56,49,6,1,0.875,0.7637452344180986,0.9381093130428289,55,0.8909090909090909,9.375,13.0,0.7347338446203684,617.55,False
sleeper_adp,all_adp,B,pooled_2023_2025,10.0,1150,position,TE,53,49,4,0,0.9245283018867924,0.8214152251634678,0.9702604449130532,53,0.9245283018867924,3.2264150943396226,2.0,0.8454292956797242,668.5,False
sleeper_adp,all_adp,B,pooled_2023_2025,10.0,1150,position,WR,124,110,14,0,0.8870967741935484,0.8193861015044891,0.9315440027478896,124,0.8870967741935484,6.048387096774194,-2.5,0.7414789108456347,628.4,False
sleeper_adp,all_adp,B,pooled_2023_2025,10.0,1150,season,2023,14,14,0,0,1.0,0.7846891972623643,1.0,14,1.0,1.9285714285714288,4.0,0.7643880138593009,238.25,False
sleeper_adp,all_adp,B,pooled_2023_2025,10.0,1150,season,2024,94,86,8,0,0.9148936170212766,0.8409635527251013,0.9562445116287234,94,0.9148936170212766,3.872340425531915,-3.5,0.7948185864198517,472.4,False
sleeper_adp,all_adp,B,pooled_2023_2025,10.0,1150,season,2025,137,119,17,1,0.8686131386861314,0.8018685419891511,0.9152498466281064,136,0.875,7.875912408759124,10.0,0.7362304751897316,670.5,False
sleeper_adp,all_adp,B,pooled_2023_2025,10.0,1150,group,rookie,35,30,5,0,0.8571428571428571,0.7062444591340484,0.9373976892056628,35,0.8571428571428571,-9.8,-15.0,0.716330220105923,594.7,False
sleeper_adp,all_adp,B,pooled_2023_2025,10.0,1150,group,veteran,210,189,20,1,0.9,0.8519683553183302,0.9336604040742432,209,0.9043062200956936,8.633333333333333,6.5,0.7623821524205135,640.25,False
sleeper_adp,all_adp,B,pooled_2021_2025,0.0,1679,all,all,935,702,214,19,0.7508021390374332,0.7220883277528053,0.7774635354436971,916,0.7663755458515283,1.3711229946524064,0.0,0.6386175326153652,241.4,False
sleeper_adp,all_adp,B,pooled_2021_2025,0.0,1679,direction,buy,459,348,101,10,0.7581699346405228,0.7169588888769076,0.7950954992582191,449,0.7750556792873051,15.68409586056645,11.0,0.5035132196892632,275.7,False
sleeper_adp,all_adp,B,pooled_2021_2025,0.0,1679,direction,fade,476,354,113,9,0.7436974789915967,0.7026340876667448,0.7808589405725953,467,0.7580299785867237,-12.430672268907562,-10.0,0.3759575856176335,211.5,False
sleeper_adp,all_adp,B,pooled_2021_2025,0.0,1679,position,QB,124,99,22,3,0.7983870967741935,0.719298435790695,0.8595435195705133,121,0.8181818181818182,0.6209677419354839,0.0,0.6865092420105707,333.35,False
sleeper_adp,all_adp,B,pooled_2021_2025,0.0,1679,position,RB,271,200,66,5,0.7380073800738007,0.6825889667961461,0.7867725354805511,266,0.7518796992481203,2.2952029520295203,2.0,0.5855451134963502,199.3,False
sleeper_adp,all_adp,B,pooled_2021_2025,0.0,1679,position,TE,189,143,41,5,0.7566137566137566,0.6907200232980768,0.8122838462701967,184,0.7771739130434783,0.2433862433862433,-1.0,0.6871836869977834,417.0,False
sleeper_adp,all_adp,B,pooled_2021_2025,0.0,1679,position,WR,351,260,85,6,0.7407407407407407,0.6924636314017845,0.7838054059358108,345,0.7536231884057971,1.5299145299145298,0.0,0.6528092471567375,236.9,False
sleeper_adp,all_adp,B,pooled_2021_2025,0.0,1679,season,2021,147,108,35,4,0.7346938775510204,0.6580084493423021,0.7994254719380577,143,0.7552447552447552,1.9387755102040816,1.0,0.4438423356396348,196.2,False
sleeper_adp,all_adp,B,pooled_2021_2025,0.0,1679,season,2022,136,100,30,6,0.7352941176470589,0.655424390111397,0.8022367394257408,130,0.7692307692307693,2.0955882352941178,1.0,0.6166690407977756,172.25,False
sleeper_adp,all_adp,B,pooled_2021_2025,0.0,1679,season,2023,143,99,41,3,0.6923076923076923,0.6124571650588287,0.7620964551633705,140,0.7071428571428572,0.1048951048951049,0.0,0.4761249097118823,194.5,False
sleeper_adp,all_adp,B,pooled_2021_2025,0.0,1679,season,2024,226,183,41,2,0.8097345132743363,0.7535503227112629,0.8555651985629821,224,0.8169642857142857,0.1283185840707964,-1.0,0.7312699475846172,286.0,False
sleeper_adp,all_adp,B,pooled_2021_2025,0.0,1679,season,2025,283,212,67,4,0.7491166077738516,0.6955002915375993,0.7960604492970781,279,0.7598566308243727,2.360424028268551,-1.0,0.6829734209336209,617.7,False
sleeper_adp,all_adp,B,pooled_2021_2025,0.0,1679,group,rookie,132,101,28,3,0.7651515151515151,0.6859748045488461,0.8293317933609827,129,0.7829457364341085,-2.1666666666666665,-1.5,0.6341532149723218,241.95,False
sleeper_adp,all_adp,B,pooled_2021_2025,0.0,1679,group,veteran,803,601,186,16,0.7484433374844334,0.71729714474063,0.7772237994151046,787,0.7636594663278272,1.9526774595267744,0.0,0.6417743017739987,240.4,False
sleeper_adp,all_adp,B,pooled_2021_2025,5.0,1679,all,all,482,398,79,5,0.8257261410788381,0.7893210620760079,0.8569803070212013,477,0.8343815513626834,4.016597510373444,2.0,0.7317157180426237,457.0,False
sleeper_adp,all_adp,B,pooled_2021_2025,5.0,1679,direction,buy,249,210,37,2,0.8433734939759037,0.7930550119755395,0.8832581243177728,247,0.8502024291497976,25.46987951807229,21.0,0.4188600080224767,657.9,False
sleeper_adp,all_adp,B,pooled_2021_2025,5.0,1679,direction,fade,233,188,42,3,0.8068669527896996,0.7513693532352224,0.8524100725124513,230,0.8173913043478261,-18.909871244635195,-17.0,0.3753251176107047,284.0,False
sleeper_adp,all_adp,B,pooled_2021_2025,5.0,1679,position,QB,44,40,4,0,0.9090909090909092,0.7884076083340138,0.9640778067726836,44,0.9090909090909092,1.818181818181818,1.0,0.8099340042923168,659.7,False
sleeper_adp,all_adp,B,pooled_2021_2025,5.0,1679,position,RB,131,102,27,2,0.7786259541984732,0.7001649570553736,0.8412115649612859,129,0.7906976744186046,4.908396946564886,3.0,0.6811160297852713,254.5,False
sleeper_adp,all_adp,B,pooled_2021_2025,5.0,1679,position,TE,88,75,12,1,0.8522727272727273,0.7634888952813075,0.9115874895684276,87,0.8620689655172413,3.375,5.0,0.7910580840491702,613.3,False
sleeper_adp,all_adp,B,pooled_2021_2025,5.0,1679,position,WR,219,181,36,2,0.8264840182648402,0.7708177124156174,0.8708941160599927,217,0.8341013824884793,4.1826484018264845,1.0,0.7190238002871449,298.1,False
sleeper_adp,all_adp,B,pooled_2021_2025,5.0,1679,season,2021,54,39,14,1,0.7222222222222222,0.5910955707120475,0.8238317234697763,53,0.7358490566037735,6.722222222222222,6.5,0.4610447472239559,244.2,False
sleeper_adp,all_adp,B,pooled_2021_2025,5.0,1679,season,2022,55,45,7,3,0.8181818181818182,0.6966954036336236,0.8981232956555033,52,0.8653846153846154,5.890909090909091,9.0,0.6229167378131033,145.7,False
sleeper_adp,all_adp,B,pooled_2021_2025,5.0,1679,season,2023,52,40,12,0,0.7692307692307693,0.6386621744190016,0.8627573907450726,52,0.7692307692307693,-1.5192307692307692,-0.5,0.6515255727906312,218.0,False
sleeper_adp,all_adp,B,pooled_2021_2025,5.0,1679,season,2024,139,121,18,0,0.8705035971223022,0.8045854090649949,0.9164937569584616,139,0.8705035971223022,1.3021582733812949,-2.0,0.767327703546614,460.0,False
sleeper_adp,all_adp,B,pooled_2021_2025,5.0,1679,season,2025,182,153,28,1,0.8406593406593407,0.7805287195990771,0.8867066797939036,181,0.8453038674033149,6.302197802197802,5.0,0.7438369047611499,664.25,False
sleeper_adp,all_adp,B,pooled_2021_2025,5.0,1679,group,rookie,72,58,14,0,0.8055555555555556,0.6996724105411147,0.8804852062054944,72,0.8055555555555556,-5.263888888888889,-8.0,0.6769177070786738,262.8,False
sleeper_adp,all_adp,B,pooled_2021_2025,5.0,1679,group,veteran,410,340,65,5,0.8292682926829268,0.789830952635735,0.8625928058958707,405,0.8395061728395061,5.646341463414634,5.0,0.7372931098707183,495.3,False
sleeper_adp,all_adp,B,pooled_2021_2025,7.5,1679,all,all,380,323,53,4,0.85,0.8106045976725522,0.8823898506532031,376,0.8590425531914894,4.505263157894737,1.5,0.7558076594644366,536.25,False
sleeper_adp,all_adp,B,pooled_2021_2025,7.5,1679,direction,buy,199,169,28,2,0.8492462311557789,0.79294960361786,0.8923146456541386,197,0.8578680203045685,28.38190954773869,27.0,0.4158223309275813,667.4,False
sleeper_adp,all_adp,B,pooled_2021_2025,7.5,1679,direction,fade,181,154,25,2,0.850828729281768,0.7916642235284824,0.8954110722967722,179,0.8603351955307262,-21.74585635359116,-19.0,0.3619597332558922,293.5,False
sleeper_adp,all_adp,B,pooled_2021_2025,7.5,1679,position,QB,28,26,2,0,0.9285714285714286,0.7735463743160095,0.9801879358846942,28,0.9285714285714286,1.7857142857142858,-4.0,0.8302474019141308,662.05,False
sleeper_adp,all_adp,B,pooled_2021_2025,7.5,1679,position,RB,100,83,16,1,0.83,0.7445199523239887,0.8910643388594006,99,0.8383838383838383,6.31,5.5,0.6887874085013739,283.35,False
sleeper_adp,all_adp,B,pooled_2021_2025,7.5,1679,position,TE,66,58,7,1,0.8787878787878788,0.7786256097735968,0.9372815440040234,65,0.8923076923076924,2.6666666666666665,-0.5,0.8729545537906539,635.9,False
sleeper_adp,all_adp,B,pooled_2021_2025,7.5,1679,position,WR,186,156,28,2,0.8387096774193549,0.7790894681189787,0.8846222457643801,184,0.8478260869565217,4.596774193548387,1.0,0.7399975208648448,445.3,False
sleeper_adp,all_adp,B,pooled_2021_2025,7.5,1679,season,2021,36,27,8,1,0.75,0.5892954623327166,0.8624952233700517,35,0.7714285714285715,8.666666666666666,6.5,0.4474567506221376,248.75,False
sleeper_adp,all_adp,B,pooled_2021_2025,7.5,1679,season,2022,37,30,5,2,0.8108108108108109,0.6579530307016159,0.90520021269688,35,0.8571428571428571,5.4324324324324325,6.0,0.6817576443652222,145.7,False
sleeper_adp,all_adp,B,pooled_2021_2025,7.5,1679,season,2023,31,26,5,0,0.8387096774193549,0.6736564604120674,0.9290737555663472,31,0.8387096774193549,-2.774193548387097,-5.0,0.7477533220368179,222.9,False
sleeper_adp,all_adp,B,pooled_2021_2025,7.5,1679,season,2024,120,107,13,0,0.8916666666666667,0.8234463978470834,0.9355885884582658,120,0.8916666666666667,1.7083333333333333,-3.5,0.7851469590568041,455.55,False
sleeper_adp,all_adp,B,pooled_2021_2025,7.5,1679,season,2025,156,133,22,1,0.8525641025641025,0.7884789138447561,0.8997029934750154,155,0.8580645161290322,6.923076923076923,6.5,0.7428641041498264,668.35,False
sleeper_adp,all_adp,B,pooled_2021_2025,7.5,1679,group,rookie,61,51,10,0,0.8360655737704918,0.7238716146826547,0.908439883943204,61,0.8360655737704918,-5.491803278688525,-10.0,0.7011508936747798,254.5,False
sleeper_adp,all_adp,B,pooled_2021_2025,7.5,1679,group,veteran,319,272,43,4,0.8526645768025078,0.8095781446150806,0.8873583666431121,315,0.8634920634920635,6.41692789968652,5.0,0.7619298722767117,573.7,False
sleeper_adp,all_adp,B,pooled_2021_2025,10.0,1679,all,all,284,251,30,3,0.8838028169014085,0.8413071234735803,0.9160542409843428,281,0.8932384341637011,6.422535211267606,6.0,0.7593515415955898,618.6,False
sleeper_adp,all_adp,B,pooled_2021_2025,10.0,1679,direction,buy,154,137,16,1,0.8896103896103896,0.8303292745615479,0.929927256875598,153,0.8954248366013072,32.61688311688312,31.0,0.3303733472972155,677.1,False
sleeper_adp,all_adp,B,pooled_2021_2025,10.0,1679,direction,fade,130,114,14,2,0.8769230769230769,0.8094058911768179,0.9228037011535338,128,0.890625,-24.607692307692307,-22.0,0.3536498498212951,372.0,False
sleeper_adp,all_adp,B,pooled_2021_2025,10.0,1679,position,QB,17,16,1,0,0.9411764705882352,0.7301796936242461,0.9895395990150024,17,0.9411764705882352,4.0,5.0,0.8573244100297867,666.8,False
sleeper_adp,all_adp,B,pooled_2021_2025,10.0,1679,position,RB,68,59,8,1,0.8676470588235294,0.7671994025434227,0.928777555897702,67,0.8805970149253731,7.367647058823529,6.5,0.6946013317680915,368.0,False
sleeper_adp,all_adp,B,pooled_2021_2025,10.0,1679,position,TE,56,52,4,0,0.9285714285714286,0.8302455193913656,0.9718739634211232,56,0.9285714285714286,3.5357142857142856,3.5,0.8509216283719602,668.6,False
sleeper_adp,all_adp,B,pooled_2021_2025,10.0,1679,position,WR,143,124,17,2,0.8671328671328671,0.8017942968727334,0.9132626144605562,141,0.8794326241134752,7.391608391608392,8.0,0.7390128156165757,615.6,False
sleeper_adp,all_adp,B,pooled_2021_2025,10.0,1679,season,2021,17,12,4,1,0.7058823529411765,0.4686688993346016,0.8672001038970478,16,0.75,13.764705882352942,21.0,0.2441432188901613,247.0,False
sleeper_adp,all_adp,B,pooled_2021_2025,10.0,1679,season,2022,22,20,1,1,0.9090909090909092,0.7218505315839417,0.9747045710090046,21,0.9523809523809524,5.454545454545454,9.5,0.7644405140975423,114.85,False
sleeper_adp,all_adp,B,pooled_2021_2025,10.0,1679,season,2023,14,14,0,0,1.0,0.7846891972623643,1.0,14,1.0,1.9285714285714288,4.0,0.7643880138593009,238.25,False
sleeper_adp,all_adp,B,pooled_2021_2025,10.0,1679,season,2024,94,86,8,0,0.9148936170212766,0.8409635527251013,0.9562445116287234,94,0.9148936170212766,3.872340425531915,-3.5,0.7948185864198517,472.4,False
sleeper_adp,all_adp,B,pooled_2021_2025,10.0,1679,season,2025,137,119,17,1,0.8686131386861314,0.8018685419891511,0.9152498466281064,136,0.875,7.875912408759124,10.0,0.7362304751897316,670.5,False
sleeper_adp,all_adp,B,pooled_2021_2025,10.0,1679,group,rookie,41,35,6,0,0.8536585365853658,0.7155654195751904,0.9311575185870408,41,0.8536585365853658,-7.292682926829267,-13.0,0.7275585076776481,284.7,False
sleeper_adp,all_adp,B,pooled_2021_2025,10.0,1679,group,veteran,243,216,24,3,0.8888888888888888,0.8431674400989941,0.9225062068765316,240,0.9,8.736625514403292,8.0,0.7587102736432108,622.6,False
sleeper_adp,drafted_top180,A,season_2021,0.0,170,all,all,79,66,12,1,0.8354430379746836,0.738543347728053,0.9012329279977964,78,0.8461538461538461,1.5316455696202531,3.0,0.454570869003876,79.3,False
sleeper_adp,drafted_top180,A,season_2021,0.0,170,direction,buy,41,37,3,1,0.902439024390244,0.7745231869447662,0.9614029151019106,40,0.925,8.463414634146341,6.0,0.3324732212643355,123.7,False
sleeper_adp,drafted_top180,A,season_2021,0.0,170,direction,fade,38,29,9,0,0.7631578947368421,0.607931876367602,0.8700629298294591,38,0.7631578947368421,-5.947368421052632,-5.5,0.0032965390236902,61.4,False
sleeper_adp,drafted_top180,A,season_2021,0.0,170,position,QB,9,9,0,0,1.0,0.7008549515804559,1.0,9,1.0,0.5555555555555556,-1.0,0.869499587351029,102.7,True
sleeper_adp,drafted_top180,A,season_2021,0.0,170,position,RB,28,23,5,0,0.8214285714285714,0.6440857521065705,0.9212149805439572,28,0.8214285714285714,0.5357142857142857,1.0,0.5457958548044648,54.0,False
sleeper_adp,drafted_top180,A,season_2021,0.0,170,position,TE,9,9,0,0,1.0,0.7008549515804559,1.0,9,1.0,0.7777777777777778,3.0,0.725488950913579,141.1,True
sleeper_adp,drafted_top180,A,season_2021,0.0,170,position,WR,33,25,7,1,0.7575757575757576,0.5897538017044264,0.8716828662282499,32,0.78125,2.8484848484848486,4.0,0.3327755304098853,89.4,False
sleeper_adp,drafted_top180,A,season_2021,0.0,170,season,2021,79,66,12,1,0.8354430379746836,0.738543347728053,0.9012329279977964,78,0.8461538461538461,1.5316455696202531,3.0,0.454570869003876,79.3,False
sleeper_adp,drafted_top180,A,season_2021,0.0,170,group,rookie,8,4,4,0,0.5,0.2152160622138775,0.7847839377861224,8,0.5,14.875,13.5,-0.4147575310031267,91.1,True
sleeper_adp,drafted_top180,A,season_2021,0.0,170,group,veteran,71,62,8,1,0.8732394366197183,0.7763089172134625,0.9318547241043516,70,0.8857142857142857,0.028169014084507,1.0,0.5831301443718748,76.6,False
sleeper_adp,drafted_top180,A,season_2021,5.0,170,all,all,13,10,3,0,0.7692307692307693,0.4974362405327249,0.9182047128150144,13,0.7692307692307693,7.6923076923076925,8.0,0.7704018434047202,124.8,False
sleeper_adp,drafted_top180,A,season_2021,5.0,170,direction,buy,8,7,1,0,0.875,0.5291118177871464,0.9775825085499432,8,0.875,16.0,19.0,0.8433734939759037,152.95,True
sleeper_adp,drafted_top180,A,season_2021,5.0,170,direction,fade,5,3,2,0,0.6,0.2307242812760128,0.882379225767352,5,0.6,-5.6,-5.0,0.5526315789473686,62.0,True
sleeper_adp,drafted_top180,A,season_2021,5.0,170,position,RB,3,1,2,0,0.3333333333333333,0.0614919447203962,0.7923403991979522,3,0.3333333333333333,11.666666666666666,8.0,0.5,33.0,True
sleeper_adp,drafted_top180,A,season_2021,5.0,170,position,WR,10,9,1,0,0.9,0.5958499732047615,0.9821237869049272,10,0.9,6.5,9.5,0.8109906863144085,137.8,False
sleeper_adp,drafted_top180,A,season_2021,5.0,170,season,2021,13,10,3,0,0.7692307692307693,0.4974362405327249,0.9182047128150144,13,0.7692307692307693,7.6923076923076925,8.0,0.7704018434047202,124.8,False
sleeper_adp,drafted_top180,A,season_2021,5.0,170,group,veteran,13,10,3,0,0.7692307692307693,0.4974362405327249,0.9182047128150144,13,0.7692307692307693,7.6923076923076925,8.0,0.7704018434047202,124.8,False
sleeper_adp,drafted_top180,A,season_2021,7.5,170,all,all,7,7,0,0,1.0,0.6456695649333126,1.0,7,1.0,8.857142857142858,23.0,0.8108437164260032,123.7,True
sleeper_adp,drafted_top180,A,season_2021,7.5,170,direction,buy,5,5,0,0,1.0,0.5655175352168251,1.0,5,1.0,23.2,27.0,0.4616902584383193,132.4,True
sleeper_adp,drafted_top180,A,season_2021,7.5,170,direction,fade,2,2,0,0,1.0,0.342380227506653,1.0,2,1.0,-27.0,-27.0,,44.8,True
sleeper_adp,drafted_top180,A,season_2021,7.5,170,position,RB,1,1,0,0,1.0,0.2065493143772374,1.0,1,1.0,31.0,31.0,,97.7,True
sleeper_adp,drafted_top180,A,season_2021,7.5,170,position,WR,6,6,0,0,1.0,0.6096657120978346,1.0,6,1.0,5.166666666666667,13.5,0.942857142857143,128.05,True
sleeper_adp,drafted_top180,A,season_2021,7.5,170,season,2021,7,7,0,0,1.0,0.6456695649333126,1.0,7,1.0,8.857142857142858,23.0,0.8108437164260032,123.7,True
sleeper_adp,drafted_top180,A,season_2021,7.5,170,group,veteran,7,7,0,0,1.0,0.6456695649333126,1.0,7,1.0,8.857142857142858,23.0,0.8108437164260032,123.7,True
sleeper_adp,drafted_top180,A,season_2021,10.0,170,all,all,4,4,0,0,1.0,0.5101091635454027,1.0,4,1.0,28.0,29.0,-0.1054092553389459,128.05,True
sleeper_adp,drafted_top180,A,season_2021,10.0,170,direction,buy,4,4,0,0,1.0,0.5101091635454027,1.0,4,1.0,28.0,29.0,-0.1054092553389459,128.05,True
sleeper_adp,drafted_top180,A,season_2021,10.0,170,position,RB,1,1,0,0,1.0,0.2065493143772374,1.0,1,1.0,31.0,31.0,,97.7,True
sleeper_adp,drafted_top180,A,season_2021,10.0,170,position,WR,3,3,0,0,1.0,0.4385029682449546,1.0,3,1.0,27.0,27.0,0.5,132.4,True
sleeper_adp,drafted_top180,A,season_2021,10.0,170,season,2021,4,4,0,0,1.0,0.5101091635454027,1.0,4,1.0,28.0,29.0,-0.1054092553389459,128.05,True
sleeper_adp,drafted_top180,A,season_2021,10.0,170,group,veteran,4,4,0,0,1.0,0.5101091635454027,1.0,4,1.0,28.0,29.0,-0.1054092553389459,128.05,True
sleeper_adp,drafted_top180,A,season_2022,0.0,174,all,all,90,68,19,3,0.7555555555555555,0.6575162887069911,0.8326721693379086,87,0.7816091954022989,2.311111111111111,1.5,0.6413238975414172,100.05,False
sleeper_adp,drafted_top180,A,season_2022,0.0,174,direction,buy,50,39,11,0,0.78,0.6475845041874634,0.8724608402978559,50,0.78,10.72,9.0,0.4106260510788351,138.75,False
sleeper_adp,drafted_top180,A,season_2022,0.0,174,direction,fade,40,29,8,3,0.725,0.5716504419378943,0.8389198375233267,37,0.7837837837837838,-8.2,-5.0,0.0765648453031784,59.0,False
sleeper_adp,drafted_top180,A,season_2022,0.0,174,position,QB,7,5,2,0,0.7142857142857143,0.3589344518326193,0.9177810759959432,7,0.7142857142857143,1.7142857142857142,3.0,0.7431505414602935,96.4,True
sleeper_adp,drafted_top180,A,season_2022,0.0,174,position,RB,32,24,7,1,0.75,0.5789344100575552,0.8674759908149096,31,0.7741935483870968,1.8125,-0.5,0.4234540855691489,90.2,False
sleeper_adp,drafted_top180,A,season_2022,0.0,174,position,TE,7,5,2,0,0.7142857142857143,0.3589344518326193,0.9177810759959432,7,0.7142857142857143,-3.142857142857143,-3.0,0.3818813079129867,99.4,True
sleeper_adp,drafted_top180,A,season_2022,0.0,174,position,WR,44,34,8,2,0.7727272727272727,0.6300764193536367,0.8715805240508284,42,0.8095238095238095,3.636363636363636,2.0,0.7650838332699607,108.1,False
sleeper_adp,drafted_top180,A,season_2022,0.0,174,season,2022,90,68,19,3,0.7555555555555555,0.6575162887069911,0.8326721693379086,87,0.7816091954022989,2.311111111111111,1.5,0.6413238975414172,100.05,False
sleeper_adp,drafted_top180,A,season_2022,0.0,174,group,rookie,12,10,2,0,0.8333333333333334,0.5519691377470266,0.9530348578161464,12,0.8333333333333334,10.75,14.0,0.5651443485053824,158.55,False
sleeper_adp,drafted_top180,A,season_2022,0.0,174,group,veteran,78,58,17,3,0.7435897435897436,0.6368667271880386,0.8274456219265334,75,0.7733333333333333,1.0128205128205128,0.0,0.634515718952818,86.9,False
sleeper_adp,drafted_top180,A,season_2022,5.0,174,all,all,33,27,4,2,0.8181818181818182,0.6561176836533009,0.9138923179105932,31,0.8709677419354839,4.0606060606060606,2.0,0.693177258287613,85.3,False
sleeper_adp,drafted_top180,A,season_2022,5.0,174,direction,buy,19,17,2,0,0.8947368421052632,0.6860591728889099,0.97064143970113,19,0.8947368421052632,16.842105263157894,18.0,0.203352942773772,100.7,False
sleeper_adp,drafted_top180,A,season_2022,5.0,174,direction,fade,14,10,2,2,0.7142857142857143,0.4535091567010681,0.8827862135542308,12,0.8333333333333334,-13.285714285714286,-11.5,-0.141112504821745,54.95,False
sleeper_adp,drafted_top180,A,season_2022,5.0,174,position,QB,1,1,0,0,1.0,0.2065493143772374,1.0,1,1.0,-5.0,-5.0,,73.2,True
sleeper_adp,drafted_top180,A,season_2022,5.0,174,position,RB,12,9,2,1,0.75,0.4676946650664342,0.9110583316059452,11,0.8181818181818182,3.583333333333333,2.0,0.4200357980672817,90.2,False
sleeper_adp,drafted_top180,A,season_2022,5.0,174,position,WR,20,17,2,1,0.85,0.6395811352592431,0.9476312541037836,19,0.8947368421052632,4.8,5.5,0.7956279789580741,78.8,False
sleeper_adp,drafted_top180,A,season_2022,5.0,174,season,2022,33,27,4,2,0.8181818181818182,0.6561176836533009,0.9138923179105932,31,0.8709677419354839,4.0606060606060606,2.0,0.693177258287613,85.3,False
sleeper_adp,drafted_top180,A,season_2022,5.0,174,group,rookie,4,4,0,0,1.0,0.5101091635454027,1.0,4,1.0,8.25,11.5,0.7999999999999999,120.25,True
sleeper_adp,drafted_top180,A,season_2022,5.0,174,group,veteran,29,23,4,2,0.7931034482758621,0.6160990959613211,0.9015392980215896,27,0.8518518518518519,3.4827586206896552,1.0,0.6670781690109142,73.2,False
sleeper_adp,drafted_top180,A,season_2022,7.5,174,all,all,23,18,3,2,0.782608695652174,0.5809651698373599,0.903360219734138,21,0.8571428571428571,6.260869565217392,2.0,0.6781383400691335,94.3,False
sleeper_adp,drafted_top180,A,season_2022,7.5,174,direction,buy,14,12,2,0,0.8571428571428571,0.6005862050302965,0.9599060787285352,14,0.8571428571428571,17.785714285714285,19.5,0.2209956893664225,101.1,False
sleeper_adp,drafted_top180,A,season_2022,7.5,174,direction,fade,9,6,1,2,0.6666666666666666,0.3542021355803963,0.879416181613089,7,0.8571428571428571,-11.666666666666666,-11.0,0.1822033898305085,51.4,True
sleeper_adp,drafted_top180,A,season_2022,7.5,174,position,QB,1,1,0,0,1.0,0.2065493143772374,1.0,1,1.0,-5.0,-5.0,,73.2,True
sleeper_adp,drafted_top180,A,season_2022,7.5,174,position,RB,8,5,2,1,0.625,0.3057423946026273,0.8631557141764026,7,0.7142857142857143,6.0,1.0,0.2275489897635191,98.3,True
sleeper_adp,drafted_top180,A,season_2022,7.5,174,position,WR,14,12,1,1,0.8571428571428571,0.6005862050302965,0.9599060787285352,13,0.9230769230769232,7.214285714285714,10.5,0.8920726485904312,91.4,False
sleeper_adp,drafted_top180,A,season_2022,7.5,174,season,2022,23,18,3,2,0.782608695652174,0.5809651698373599,0.903360219734138,21,0.8571428571428571,6.260869565217392,2.0,0.6781383400691335,94.3,False
sleeper_adp,drafted_top180,A,season_2022,7.5,174,group,rookie,2,2,0,0,1.0,0.342380227506653,1.0,2,1.0,-0.5,-0.5,,106.6,True
sleeper_adp,drafted_top180,A,season_2022,7.5,174,group,veteran,21,16,3,2,0.7619047619047619,0.5490882631704924,0.8937198697736354,19,0.8421052631578947,6.904761904761905,2.0,0.6344402386220944,88.5,False
sleeper_adp,drafted_top180,A,season_2022,10.0,174,all,all,14,10,2,2,0.7142857142857143,0.4535091567010681,0.8827862135542308,12,0.8333333333333334,5.857142857142857,5.0,0.7386994566939735,97.9,False
sleeper_adp,drafted_top180,A,season_2022,10.0,174,direction,buy,9,7,2,0,0.7777777777777778,0.4525889691069888,0.9367748928821532,9,0.7777777777777778,17.11111111111111,18.0,0.5882560647712126,101.5,True
sleeper_adp,drafted_top180,A,season_2022,10.0,174,direction,fade,5,3,0,2,0.6,0.2307242812760128,0.882379225767352,3,1.0,-14.4,-11.0,0.4103913408340616,51.4,True
sleeper_adp,drafted_top180,A,season_2022,10.0,174,position,RB,6,3,2,1,0.5,0.1876163064826506,0.8123836935173494,5,0.6,2.6666666666666665,-1.0,0.347862621391469,70.94999999999999,True
sleeper_adp,drafted_top180,A,season_2022,10.0,174,position,WR,8,7,0,1,0.875,0.5291118177871464,0.9775825085499432,7,1.0,8.25,13.5,1.0,102.8,True
sleeper_adp,drafted_top180,A,season_2022,10.0,174,season,2022,14,10,2,2,0.7142857142857143,0.4535091567010681,0.8827862135542308,12,0.8333333333333334,5.857142857142857,5.0,0.7386994566939735,97.9,False
sleeper_adp,drafted_top180,A,season_2022,10.0,174,group,rookie,2,2,0,0,1.0,0.342380227506653,1.0,2,1.0,-0.5,-0.5,,106.6,True
sleeper_adp,drafted_top180,A,season_2022,10.0,174,group,veteran,12,8,2,2,0.6666666666666666,0.3906220888727995,0.8618799089087867,10,0.8,6.916666666666667,5.0,0.6736842105263158,82.65,False
sleeper_adp,drafted_top180,A,season_2023,0.0,174,all,all,79,55,22,2,0.6962025316455697,0.5876533928859551,0.7865553721612399,77,0.7142857142857143,2.556962025316456,0.0,0.5211648614910456,106.5,False
sleeper_adp,drafted_top180,A,season_2023,0.0,174,direction,buy,44,30,13,1,0.6818181818181818,0.5344310393781777,0.8000069228914657,43,0.6976744186046512,8.090909090909092,6.5,0.5280257924039168,132.55,False
sleeper_adp,drafted_top180,A,season_2023,0.0,174,direction,fade,35,25,9,1,0.7142857142857143,0.5494506513681738,0.836734637635653,34,0.7352941176470589,-4.4,-5.0,0.2611630188134073,97.2,False
sleeper_adp,drafted_top180,A,season_2023,0.0,174,position,QB,9,7,2,0,0.7777777777777778,0.4525889691069888,0.9367748928821532,9,0.7777777777777778,-1.3333333333333333,-3.0,0.5821817364274595,115.4,True
sleeper_adp,drafted_top180,A,season_2023,0.0,174,position,RB,26,20,6,0,0.7692307692307693,0.5794844592105632,0.8896615059421671,26,0.7692307692307693,5.153846153846154,5.5,0.7394833197832374,112.85,False
sleeper_adp,drafted_top180,A,season_2023,0.0,174,position,TE,12,7,3,2,0.5833333333333334,0.3195113125495497,0.8067396863412435,10,0.7,-0.0833333333333333,0.0,0.4281085316923025,116.4,False
sleeper_adp,drafted_top180,A,season_2023,0.0,174,position,WR,32,21,11,0,0.65625,0.4831108797896222,0.7958956207556682,32,0.65625,2.53125,0.0,0.396391937422844,99.55,False
sleeper_adp,drafted_top180,A,season_2023,0.0,174,season,2023,79,55,22,2,0.6962025316455697,0.5876533928859551,0.7865553721612399,77,0.7142857142857143,2.556962025316456,0.0,0.5211648614910456,106.5,False
sleeper_adp,drafted_top180,A,season_2023,0.0,174,group,rookie,13,7,5,1,0.5384615384615384,0.29143795714506,0.7679393219046169,12,0.5833333333333334,7.230769230769231,0.0,0.262586223552285,149.4,False
sleeper_adp,drafted_top180,A,season_2023,0.0,174,group,veteran,66,48,17,1,0.7272727272727273,0.6095777422224589,0.8199665500441133,65,0.7384615384615385,1.6363636363636365,0.5,0.5842431370589123,98.65,False
sleeper_adp,drafted_top180,A,season_2023,5.0,174,all,all,19,17,2,0,0.8947368421052632,0.6860591728889099,0.97064143970113,19,0.8947368421052632,9.052631578947368,19.0,0.6556309021704855,134.7,False
sleeper_adp,drafted_top180,A,season_2023,5.0,174,direction,buy,13,12,1,0,0.9230769230769232,0.6668604907890041,0.9862895787574436,13,0.9230769230769232,22.07692307692308,25.0,0.2317863852057799,170.7,False
sleeper_adp,drafted_top180,A,season_2023,5.0,174,direction,fade,6,5,1,0,0.8333333333333334,0.4364971778135298,0.9699466302516936,6,0.8333333333333334,-19.166666666666668,-25.5,-0.0882734829504749,81.1,True
sleeper_adp,drafted_top180,A,season_2023,5.0,174,position,RB,10,10,0,0,1.0,0.7224672001371107,1.0,10,1.0,14.0,19.5,0.4969699265032775,152.7,False
sleeper_adp,drafted_top180,A,season_2023,5.0,174,position,WR,9,7,2,0,0.7777777777777778,0.4525889691069888,0.9367748928821532,9,0.7777777777777778,3.555555555555556,3.0,0.798347516475217,101.9,True
sleeper_adp,drafted_top180,A,season_2023,5.0,174,season,2023,19,17,2,0,0.8947368421052632,0.6860591728889099,0.97064143970113,19,0.8947368421052632,9.052631578947368,19.0,0.6556309021704855,134.7,False
sleeper_adp,drafted_top180,A,season_2023,5.0,174,group,rookie,2,2,0,0,1.0,0.342380227506653,1.0,2,1.0,28.0,28.0,,187.75,True
sleeper_adp,drafted_top180,A,season_2023,5.0,174,group,veteran,17,15,2,0,0.8823529411764706,0.6566364940511412,0.9671202262362074,17,0.8823529411764706,6.823529411764706,17.0,0.6672890160872622,130.4,False
sleeper_adp,drafted_top180,A,season_2023,7.5,174,all,all,11,10,1,0,0.9090909090909092,0.6226415635484043,0.9837678271141151,11,0.9090909090909092,4.909090909090909,17.0,0.8138468670729141,106.5,False
sleeper_adp,drafted_top180,A,season_2023,7.5,174,direction,buy,7,6,1,0,0.8571428571428571,0.4868721707256811,0.9743203756552564,7,0.8571428571428571,22.857142857142858,26.0,0.555936987495826,154.6,True
sleeper_adp,drafted_top180,A,season_2023,7.5,174,direction,fade,4,4,0,0,1.0,0.5101091635454027,1.0,4,1.0,-26.5,-25.5,-0.7378647873726218,81.1,True
sleeper_adp,drafted_top180,A,season_2023,7.5,174,position,RB,5,5,0,0,1.0,0.5655175352168251,1.0,5,1.0,14.6,19.0,0.8999999999999998,134.7,True
sleeper_adp,drafted_top180,A,season_2023,7.5,174,position,WR,6,5,1,0,0.8333333333333334,0.4364971778135298,0.9699466302516936,6,0.8333333333333334,-3.1666666666666665,-13.5,0.7944613465542746,83.9,True
sleeper_adp,drafted_top180,A,season_2023,7.5,174,season,2023,11,10,1,0,0.9090909090909092,0.6226415635484043,0.9837678271141151,11,0.9090909090909092,4.909090909090909,17.0,0.8138468670729141,106.5,False
sleeper_adp,drafted_top180,A,season_2023,7.5,174,group,rookie,1,1,0,0,1.0,0.2065493143772374,1.0,1,1.0,31.0,31.0,,188.8,True
sleeper_adp,drafted_top180,A,season_2023,7.5,174,group,veteran,10,9,1,0,0.9,0.5958499732047615,0.9821237869049272,10,0.9,2.3,7.0,0.8414790579803637,104.2,False
sleeper_adp,drafted_top180,A,season_2023,10.0,174,all,all,4,4,0,0,1.0,0.5101091635454027,1.0,4,1.0,18.0,30.0,0.3999999999999999,162.64999999999998,True
sleeper_adp,drafted_top180,A,season_2023,10.0,174,direction,buy,3,3,0,0,1.0,0.4385029682449546,1.0,3,1.0,32.0,34.0,-0.5,170.7,True
sleeper_adp,drafted_top180,A,season_2023,10.0,174,direction,fade,1,1,0,0,1.0,0.2065493143772374,1.0,1,1.0,-24.0,-24.0,,101.9,True
sleeper_adp,drafted_top180,A,season_2023,10.0,174,position,RB,2,2,0,0,1.0,0.342380227506653,1.0,2,1.0,30.0,30.0,,184.2,True
sleeper_adp,drafted_top180,A,season_2023,10.0,174,position,WR,2,2,0,0,1.0,0.342380227506653,1.0,2,1.0,6.0,6.0,,128.25,True
sleeper_adp,drafted_top180,A,season_2023,10.0,174,season,2023,4,4,0,0,1.0,0.5101091635454027,1.0,4,1.0,18.0,30.0,0.3999999999999999,162.64999999999998,True
sleeper_adp,drafted_top180,A,season_2023,10.0,174,group,veteran,4,4,0,0,1.0,0.5101091635454027,1.0,4,1.0,18.0,30.0,0.3999999999999999,162.64999999999998,True
sleeper_adp,drafted_top180,A,season_2024,0.0,174,all,all,86,64,20,2,0.7441860465116279,0.6429209354010718,0.8245692473198448,84,0.7619047619047619,-0.2906976744186046,1.0,0.6588650772068967,94.95,False
sleeper_adp,drafted_top180,A,season_2024,0.0,174,direction,buy,45,34,10,1,0.7555555555555555,0.6132661994297965,0.8576452056622828,44,0.7727272727272727,8.088888888888889,5.0,0.4980476177624416,129.7,False
sleeper_adp,drafted_top180,A,season_2024,0.0,174,direction,fade,41,30,10,1,0.7317073170731707,0.5806646689292336,0.8430503595218832,40,0.75,-9.48780487804878,-6.0,0.3544316128437609,72.8,False
sleeper_adp,drafted_top180,A,season_2024,0.0,174,position,QB,7,4,3,0,0.5714285714285714,0.2504583645276572,0.8417801447485302,7,0.5714285714285714,2.2857142857142856,1.0,0.6325259888413398,127.0,True
sleeper_adp,drafted_top180,A,season_2024,0.0,174,position,RB,37,30,7,0,0.8108108108108109,0.6579530307016159,0.90520021269688,37,0.8108108108108109,-0.4324324324324324,2.0,0.7614106227835117,86.7,False
sleeper_adp,drafted_top180,A,season_2024,0.0,174,position,TE,13,11,1,1,0.8461538461538461,0.5776536898051745,0.9567418216419186,12,0.9166666666666666,1.5384615384615383,3.0,0.6975474093186154,124.9,False
sleeper_adp,drafted_top180,A,season_2024,0.0,174,position,WR,29,19,9,1,0.6551724137931034,0.4734510409047613,0.80059281473325,28,0.6785714285714286,-1.5517241379310345,-6.0,0.6299547043046553,92.1,False
sleeper_adp,drafted_top180,A,season_2024,0.0,174,season,2024,86,64,20,2,0.7441860465116279,0.6429209354010718,0.8245692473198448,84,0.7619047619047619,-0.2906976744186046,1.0,0.6588650772068967,94.95,False
sleeper_adp,drafted_top180,A,season_2024,0.0,174,group,rookie,9,7,2,0,0.7777777777777778,0.4525889691069888,0.9367748928821532,9,0.7777777777777778,0.7777777777777778,-3.0,0.7029350233548074,125.4,True
sleeper_adp,drafted_top180,A,season_2024,0.0,174,group,veteran,77,57,18,2,0.7402597402597403,0.6325779252040777,0.8251080262835839,75,0.76,-0.4155844155844156,1.0,0.6292834287854225,92.1,False
sleeper_adp,drafted_top180,A,season_2024,5.0,174,all,all,29,25,4,0,0.8620689655172413,0.6944100627964798,0.9450256003588804,29,0.8620689655172413,1.4137931034482758,-3.0,0.8508143941979437,115.3,False
sleeper_adp,drafted_top180,A,season_2024,5.0,174,direction,buy,14,12,2,0,0.8571428571428571,0.6005862050302965,0.9599060787285352,14,0.8571428571428571,18.928571428571427,22.0,0.4831435190627607,157.35000000000002,False
sleeper_adp,drafted_top180,A,season_2024,5.0,174,direction,fade,15,13,2,0,0.8666666666666667,0.6211801716767764,0.9626387408969346,15,0.8666666666666667,-14.933333333333334,-13.0,0.625795359454895,75.6,False
sleeper_adp,drafted_top180,A,season_2024,5.0,174,position,QB,1,1,0,0,1.0,0.2065493143772374,1.0,1,1.0,-11.0,-11.0,,53.7,True
sleeper_adp,drafted_top180,A,season_2024,5.0,174,position,RB,14,13,1,0,0.9285714285714286,0.6853129557584889,0.9872777847521093,14,0.9285714285714286,3.2857142857142856,3.5,0.9050326795100704,113.05,False
sleeper_adp,drafted_top180,A,season_2024,5.0,174,position,WR,14,11,3,0,0.7857142857142857,0.524107694133997,0.9242861328730684,14,0.7857142857142857,0.4285714285714285,-9.0,0.7953539823008849,122.7,False
sleeper_adp,drafted_top180,A,season_2024,5.0,174,season,2024,29,25,4,0,0.8620689655172413,0.6944100627964798,0.9450256003588804,29,0.8620689655172413,1.4137931034482758,-3.0,0.8508143941979437,115.3,False
sleeper_adp,drafted_top180,A,season_2024,5.0,174,group,rookie,6,5,1,0,0.8333333333333334,0.4364971778135298,0.9699466302516936,6,0.8333333333333334,4.666666666666667,-3.5,0.898645105261295,120.35,True
sleeper_adp,drafted_top180,A,season_2024,5.0,174,group,veteran,23,20,3,0,0.8695652173913043,0.6787251772990404,0.9546234090636876,23,0.8695652173913043,0.5652173913043478,-3.0,0.8689081610278993,110.8,False
sleeper_adp,drafted_top180,A,season_2024,7.5,174,all,all,23,21,2,0,0.9130434782608696,0.7320401892425634,0.9758199955157796,23,0.9130434782608696,3.8260869565217392,5.0,0.8365845633323193,120.0,False
sleeper_adp,drafted_top180,A,season_2024,7.5,174,direction,buy,13,12,1,0,0.9230769230769232,0.6668604907890041,0.9862895787574436,13,0.9230769230769232,21.0,24.0,0.3859049225796407,156.9,False
sleeper_adp,drafted_top180,A,season_2024,7.5,174,direction,fade,10,9,1,0,0.9,0.5958499732047615,0.9821237869049272,10,0.9,-18.5,-17.0,0.5784642767604541,75.05,False
sleeper_adp,drafted_top180,A,season_2024,7.5,174,position,QB,1,1,0,0,1.0,0.2065493143772374,1.0,1,1.0,-11.0,-11.0,,53.7,True
sleeper_adp,drafted_top180,A,season_2024,7.5,174,position,RB,9,9,0,0,1.0,0.7008549515804559,1.0,9,1.0,9.444444444444445,12.0,0.8172252705693474,130.6,True
sleeper_adp,drafted_top180,A,season_2024,7.5,174,position,WR,13,11,2,0,0.8461538461538461,0.5776536898051745,0.9567418216419186,13,0.8461538461538461,1.0769230769230769,-10.0,0.7742382271468145,120.0,False
sleeper_adp,drafted_top180,A,season_2024,7.5,174,season,2024,23,21,2,0,0.9130434782608696,0.7320401892425634,0.9758199955157796,23,0.9130434782608696,3.8260869565217392,5.0,0.8365845633323193,120.0,False
sleeper_adp,drafted_top180,A,season_2024,7.5,174,group,rookie,6,5,1,0,0.8333333333333334,0.4364971778135298,0.9699466302516936,6,0.8333333333333334,4.666666666666667,-3.5,0.898645105261295,120.35,True
sleeper_adp,drafted_top180,A,season_2024,7.5,174,group,veteran,17,16,1,0,0.9411764705882352,0.7301796936242461,0.9895395990150024,17,0.9411764705882352,3.5294117647058822,7.0,0.8264232798543383,120.0,False
sleeper_adp,drafted_top180,A,season_2024,10.0,174,all,all,12,12,0,0,1.0,0.7575059933447592,1.0,12,1.0,1.5833333333333333,1.0,0.923764673353814,128.0,False
sleeper_adp,drafted_top180,A,season_2024,10.0,174,direction,buy,6,6,0,0,1.0,0.6096657120978346,1.0,6,1.0,25.33333333333333,26.0,0.4689790496105417,173.95,True
sleeper_adp,drafted_top180,A,season_2024,10.0,174,direction,fade,6,6,0,0,1.0,0.6096657120978346,1.0,6,1.0,-22.166666666666668,-21.5,0.8676470588235294,82.94999999999999,True
sleeper_adp,drafted_top180,A,season_2024,10.0,174,position,RB,3,3,0,0,1.0,0.4385029682449546,1.0,3,1.0,3.0,12.0,1.0,130.6,True
sleeper_adp,drafted_top180,A,season_2024,10.0,174,position,WR,9,9,0,0,1.0,0.7008549515804559,1.0,9,1.0,1.1111111111111112,-10.0,0.8893697544027211,125.4,True
sleeper_adp,drafted_top180,A,season_2024,10.0,174,season,2024,12,12,0,0,1.0,0.7575059933447592,1.0,12,1.0,1.5833333333333333,1.0,0.923764673353814,128.0,False
sleeper_adp,drafted_top180,A,season_2024,10.0,174,group,rookie,2,2,0,0,1.0,0.342380227506653,1.0,2,1.0,-13.5,-13.5,,99.1,True
sleeper_adp,drafted_top180,A,season_2024,10.0,174,group,veteran,10,10,0,0,1.0,0.7224672001371107,1.0,10,1.0,4.6,18.0,0.8827328673463727,137.55,False
sleeper_adp,drafted_top180,A,season_2025,0.0,175,all,all,76,43,28,5,0.5657894736842105,0.4538575306835998,0.6713906818078296,71,0.6056338028169014,2.131578947368421,2.5,0.3487799335612121,100.85,False
sleeper_adp,drafted_top180,A,season_2025,0.0,175,direction,buy,45,29,15,1,0.6444444444444445,0.4983581419637687,0.7678091739578413,44,0.6590909090909091,4.755555555555556,6.0,0.2834798855121494,132.0,False
sleeper_adp,drafted_top180,A,season_2025,0.0,175,direction,fade,31,14,13,4,0.4516129032258064,0.2916173598052001,0.6222783236264549,27,0.5185185185185185,-1.6774193548387095,0.0,0.1054607429772408,77.9,False
sleeper_adp,drafted_top180,A,season_2025,0.0,175,position,QB,13,8,3,2,0.6153846153846154,0.355228915126657,0.8229029220223743,11,0.7272727272727273,1.4615384615384617,0.0,0.3473512001506207,126.3,False
sleeper_adp,drafted_top180,A,season_2025,0.0,175,position,RB,26,16,7,3,0.6153846153846154,0.4253485008511553,0.7757140556428721,23,0.6956521739130435,5.461538461538462,5.5,0.4564623100748189,98.1,False
sleeper_adp,drafted_top180,A,season_2025,0.0,175,position,TE,10,3,7,0,0.3,0.1077912674063009,0.6032218525388546,10,0.3,1.6,2.5,0.1502894276569036,106.0,False
sleeper_adp,drafted_top180,A,season_2025,0.0,175,position,WR,27,16,11,0,0.5925925925925926,0.4072670096806468,0.7548524292560443,27,0.5925925925925926,-0.5555555555555556,1.0,0.2010499913197845,93.2,False
sleeper_adp,drafted_top180,A,season_2025,0.0,175,season,2025,76,43,28,5,0.5657894736842105,0.4538575306835998,0.6713906818078296,71,0.6056338028169014,2.131578947368421,2.5,0.3487799335612121,100.85,False
sleeper_adp,drafted_top180,A,season_2025,0.0,175,group,rookie,10,5,4,1,0.5,0.236593090512564,0.7634069094874361,9,0.5555555555555556,4.5,3.5,0.5122795792916492,149.89999999999998,False
sleeper_adp,drafted_top180,A,season_2025,0.0,175,group,veteran,66,38,24,4,0.5757575757575758,0.4556065322409429,0.6875748985145812,62,0.6129032258064516,1.7727272727272727,2.0,0.3282193763926125,95.35,False
sleeper_adp,drafted_top180,A,season_2025,5.0,175,all,all,11,9,1,1,0.8181818181818182,0.523019438039156,0.9486323102539148,10,0.9,8.090909090909092,6.0,0.747714288761701,161.1,False
sleeper_adp,drafted_top180,A,season_2025,5.0,175,direction,buy,8,6,1,1,0.75,0.4092754303101688,0.9285207872478908,7,0.8571428571428571,14.125,18.0,0.5366252710607083,180.9,True
sleeper_adp,drafted_top180,A,season_2025,5.0,175,direction,fade,3,3,0,0,1.0,0.4385029682449546,1.0,3,1.0,-8.0,-5.0,0.5,90.3,True
sleeper_adp,drafted_top180,A,season_2025,5.0,175,position,QB,1,1,0,0,1.0,0.2065493143772374,1.0,1,1.0,20.0,20.0,,210.2,True
sleeper_adp,drafted_top180,A,season_2025,5.0,175,position,RB,6,5,0,1,0.8333333333333334,0.4364971778135298,0.9699466302516936,5,1.0,7.666666666666667,3.0,0.9856107606091624,149.89999999999998,True
sleeper_adp,drafted_top180,A,season_2025,5.0,175,position,WR,4,3,1,0,0.75,0.3006418425824018,0.9544127391902996,4,0.75,5.75,6.5,0.7999999999999999,129.3,True
sleeper_adp,drafted_top180,A,season_2025,5.0,175,season,2025,11,9,1,1,0.8181818181818182,0.523019438039156,0.9486323102539148,10,0.9,8.090909090909092,6.0,0.747714288761701,161.1,False
sleeper_adp,drafted_top180,A,season_2025,5.0,175,group,rookie,2,2,0,0,1.0,0.342380227506653,1.0,2,1.0,1.0,1.0,,149.89999999999998,True
sleeper_adp,drafted_top180,A,season_2025,5.0,175,group,veteran,9,7,1,1,0.7777777777777778,0.4525889691069888,0.9367748928821532,8,0.875,9.666666666666666,18.0,0.7203648512563053,165.2,True
sleeper_adp,drafted_top180,A,season_2025,7.5,175,all,all,6,6,0,0,1.0,0.6096657120978346,1.0,6,1.0,14.333333333333334,12.0,0.898645105261295,163.14999999999998,True
sleeper_adp,drafted_top180,A,season_2025,7.5,175,direction,buy,4,4,0,0,1.0,0.5101091635454027,1.0,4,1.0,26.25,29.0,0.632455532033676,182.55,True
sleeper_adp,drafted_top180,A,season_2025,7.5,175,direction,fade,2,2,0,0,1.0,0.342380227506653,1.0,2,1.0,-9.5,-9.5,,114.5,True
sleeper_adp,drafted_top180,A,season_2025,7.5,175,position,RB,5,5,0,0,1.0,0.5655175352168251,1.0,5,1.0,9.2,6.0,0.9746794344808964,161.1,True
sleeper_adp,drafted_top180,A,season_2025,7.5,175,position,WR,1,1,0,0,1.0,0.2065493143772374,1.0,1,1.0,40.0,40.0,,207.8,True
sleeper_adp,drafted_top180,A,season_2025,7.5,175,season,2025,6,6,0,0,1.0,0.6096657120978346,1.0,6,1.0,14.333333333333334,12.0,0.898645105261295,163.14999999999998,True
sleeper_adp,drafted_top180,A,season_2025,7.5,175,group,rookie,2,2,0,0,1.0,0.342380227506653,1.0,2,1.0,1.0,1.0,,149.89999999999998,True
sleeper_adp,drafted_top180,A,season_2025,7.5,175,group,veteran,4,4,0,0,1.0,0.5101091635454027,1.0,4,1.0,21.0,29.0,0.632455532033676,182.55,True
sleeper_adp,drafted_top180,A,season_2025,10.0,175,all,all,3,3,0,0,1.0,0.4385029682449546,1.0,3,1.0,14.666666666666666,18.0,0.8660254037844387,165.2,True
sleeper_adp,drafted_top180,A,season_2025,10.0,175,direction,buy,2,2,0,0,1.0,0.342380227506653,1.0,2,1.0,29.5,29.5,,182.55,True
sleeper_adp,drafted_top180,A,season_2025,10.0,175,direction,fade,1,1,0,0,1.0,0.2065493143772374,1.0,1,1.0,-15.0,-15.0,,90.3,True
sleeper_adp,drafted_top180,A,season_2025,10.0,175,position,RB,3,3,0,0,1.0,0.4385029682449546,1.0,3,1.0,14.666666666666666,18.0,0.8660254037844387,165.2,True
sleeper_adp,drafted_top180,A,season_2025,10.0,175,season,2025,3,3,0,0,1.0,0.4385029682449546,1.0,3,1.0,14.666666666666666,18.0,0.8660254037844387,165.2,True
sleeper_adp,drafted_top180,A,season_2025,10.0,175,group,veteran,3,3,0,0,1.0,0.4385029682449546,1.0,3,1.0,14.666666666666666,18.0,0.8660254037844387,165.2,True
sleeper_adp,drafted_top180,A,pooled_2024_2025,0.0,349,all,all,162,107,48,7,0.6604938271604939,0.584609552010207,0.7289429237686138,155,0.6903225806451613,0.845679012345679,2.0,0.5191639833030011,97.45,False
sleeper_adp,drafted_top180,A,pooled_2024_2025,0.0,349,direction,buy,90,63,25,2,0.7,0.598734894751539,0.7848908550227303,88,0.7159090909090909,6.422222222222223,6.0,0.3791687824298433,130.14999999999998,False
sleeper_adp,drafted_top180,A,pooled_2024_2025,0.0,349,direction,fade,72,44,23,5,0.6111111111111112,0.4956235499421539,0.7153428561475221,67,0.6567164179104478,-6.125,-4.0,0.2900475563118634,73.3,False
sleeper_adp,drafted_top180,A,pooled_2024_2025,0.0,349,position,QB,20,12,6,2,0.6,0.3865815007622531,0.781193467627183,18,0.6666666666666666,1.75,0.5,0.5009691628558972,126.65,False
sleeper_adp,drafted_top180,A,pooled_2024_2025,0.0,349,position,RB,63,46,14,3,0.7301587301587301,0.6097009078044822,0.82416155587684,60,0.7666666666666667,2.0,3.0,0.6444585423696517,93.4,False
sleeper_adp,drafted_top180,A,pooled_2024_2025,0.0,349,position,TE,23,14,8,1,0.6086956521739131,0.4078552239138171,0.7784237720752205,22,0.6363636363636364,1.565217391304348,3.0,0.5044467995982983,108.5,False
sleeper_adp,drafted_top180,A,pooled_2024_2025,0.0,349,position,WR,56,35,20,1,0.625,0.4940536590850181,0.7398978567352911,55,0.6363636363636364,-1.0714285714285714,-4.0,0.4158465057680909,92.65,False
sleeper_adp,drafted_top180,A,pooled_2024_2025,0.0,349,season,2024,86,64,20,2,0.7441860465116279,0.6429209354010718,0.8245692473198448,84,0.7619047619047619,-0.2906976744186046,1.0,0.6588650772068967,94.95,False
sleeper_adp,drafted_top180,A,pooled_2024_2025,0.0,349,season,2025,76,43,28,5,0.5657894736842105,0.4538575306835998,0.6713906818078296,71,0.6056338028169014,2.131578947368421,2.5,0.3487799335612121,100.85,False
sleeper_adp,drafted_top180,A,pooled_2024_2025,0.0,349,group,rookie,19,12,6,1,0.631578947368421,0.4103953316480306,0.8085048725486492,18,0.6666666666666666,2.736842105263158,3.0,0.7703228303839166,138.7,False
sleeper_adp,drafted_top180,A,pooled_2024_2025,0.0,349,group,veteran,143,95,42,6,0.6643356643356644,0.5835373250331337,0.7365357686112912,137,0.6934306569343066,0.5944055944055944,1.0,0.4922892157854535,94.7,False
sleeper_adp,drafted_top180,A,pooled_2024_2025,5.0,349,all,all,40,34,5,1,0.85,0.709276756335103,0.9293881228267964,39,0.8717948717948718,3.25,1.0,0.824218838739209,122.7,False
sleeper_adp,drafted_top180,A,pooled_2024_2025,5.0,349,direction,buy,22,18,3,1,0.8181818181818182,0.6148339256287345,0.9269311541657794,21,0.8571428571428571,17.181818181818183,19.0,0.5353063548456689,163.14999999999998,False
sleeper_adp,drafted_top180,A,pooled_2024_2025,5.0,349,direction,fade,18,16,2,0,0.8888888888888888,0.672002348698212,0.9689804773543876,18,0.8888888888888888,-13.77777777777778,-12.0,0.6272325593356802,75.94999999999999,False
sleeper_adp,drafted_top180,A,pooled_2024_2025,5.0,349,position,QB,2,2,0,0,1.0,0.342380227506653,1.0,2,1.0,4.5,4.5,,131.95,True
sleeper_adp,drafted_top180,A,pooled_2024_2025,5.0,349,position,RB,20,18,1,1,0.9,0.6989663547715128,0.972133518786232,19,0.9473684210526316,4.6,3.5,0.9091462226722522,122.95,False
sleeper_adp,drafted_top180,A,pooled_2024_2025,5.0,349,position,WR,18,14,4,0,0.7777777777777778,0.5478541568378739,0.9099907189139832,18,0.7777777777777778,1.6111111111111112,-6.5,0.7545314320938621,122.7,False
sleeper_adp,drafted_top180,A,pooled_2024_2025,5.0,349,season,2024,29,25,4,0,0.8620689655172413,0.6944100627964798,0.9450256003588804,29,0.8620689655172413,1.4137931034482758,-3.0,0.8508143941979437,115.3,False
sleeper_adp,drafted_top180,A,pooled_2024_2025,5.0,349,season,2025,11,9,1,1,0.8181818181818182,0.523019438039156,0.9486323102539148,10,0.9,8.090909090909092,6.0,0.747714288761701,161.1,False
sleeper_adp,drafted_top180,A,pooled_2024_2025,5.0,349,group,rookie,8,7,1,0,0.875,0.5291118177871464,0.9775825085499432,8,0.875,3.75,-0.5,0.9334876415650786,132.05,True
sleeper_adp,drafted_top180,A,pooled_2024_2025,5.0,349,group,veteran,32,27,4,1,0.84375,0.682458504024696,0.9313557971749428,31,0.8709677419354839,3.125,1.0,0.8285361793286993,115.4,False
sleeper_adp,drafted_top180,A,pooled_2024_2025,7.5,349,all,all,29,27,2,0,0.9310344827586208,0.7803541984972431,0.9808787338305668,29,0.9310344827586208,6.0,6.0,0.8236090869637288,130.6,False
sleeper_adp,drafted_top180,A,pooled_2024_2025,7.5,349,direction,buy,17,16,1,0,0.9411764705882352,0.7301796936242461,0.9895395990150024,17,0.9411764705882352,22.235294117647054,24.0,0.3439636775562071,165.2,False
sleeper_adp,drafted_top180,A,pooled_2024_2025,7.5,349,direction,fade,12,11,1,0,0.9166666666666666,0.646120088858883,0.9851349055950828,12,0.9166666666666666,-17.0,-16.0,0.6078904613802286,83.3,False
sleeper_adp,drafted_top180,A,pooled_2024_2025,7.5,349,position,QB,1,1,0,0,1.0,0.2065493143772374,1.0,1,1.0,-11.0,-11.0,,53.7,True
sleeper_adp,drafted_top180,A,pooled_2024_2025,7.5,349,position,RB,14,14,0,0,1.0,0.7846891972623643,1.0,14,1.0,9.357142857142858,9.5,0.8623088065304073,147.8,False
sleeper_adp,drafted_top180,A,pooled_2024_2025,7.5,349,position,WR,14,12,2,0,0.8571428571428571,0.6005862050302965,0.9599060787285352,14,0.8571428571428571,3.857142857142857,-3.5,0.7179203539823008,122.7,False
sleeper_adp,drafted_top180,A,pooled_2024_2025,7.5,349,season,2024,23,21,2,0,0.9130434782608696,0.7320401892425634,0.9758199955157796,23,0.9130434782608696,3.8260869565217392,5.0,0.8365845633323193,120.0,False
sleeper_adp,drafted_top180,A,pooled_2024_2025,7.5,349,season,2025,6,6,0,0,1.0,0.6096657120978346,1.0,6,1.0,14.333333333333334,12.0,0.898645105261295,163.14999999999998,True
sleeper_adp,drafted_top180,A,pooled_2024_2025,7.5,349,group,rookie,8,7,1,0,0.875,0.5291118177871464,0.9775825085499432,8,0.875,3.75,-0.5,0.9334876415650786,132.05,True
sleeper_adp,drafted_top180,A,pooled_2024_2025,7.5,349,group,veteran,21,20,1,0,0.9523809523809524,0.7733063992587743,0.9915440121901736,21,0.9523809523809524,6.857142857142857,12.0,0.7729870351982894,130.6,False
sleeper_adp,drafted_top180,A,pooled_2024_2025,10.0,349,all,all,15,15,0,0,1.0,0.7961166989641515,1.0,15,1.0,4.2,12.0,0.8814772018744551,130.6,False
sleeper_adp,drafted_top180,A,pooled_2024_2025,10.0,349,direction,buy,8,8,0,0,1.0,0.6755924351161198,1.0,8,1.0,26.375,26.0,0.2533472959690699,173.95,True
sleeper_adp,drafted_top180,A,pooled_2024_2025,10.0,349,direction,fade,7,7,0,0,1.0,0.6456695649333126,1.0,7,1.0,-21.142857142857142,-17.0,0.8788501706079498,90.3,True
sleeper_adp,drafted_top180,A,pooled_2024_2025,10.0,349,position,RB,6,6,0,0,1.0,0.6096657120978346,1.0,6,1.0,8.833333333333334,15.0,0.819688599970537,147.89999999999998,True
sleeper_adp,drafted_top180,A,pooled_2024_2025,10.0,349,position,WR,9,9,0,0,1.0,0.7008549515804559,1.0,9,1.0,1.1111111111111112,-10.0,0.8893697544027211,125.4,True
sleeper_adp,drafted_top180,A,pooled_2024_2025,10.0,349,season,2024,12,12,0,0,1.0,0.7575059933447592,1.0,12,1.0,1.5833333333333333,1.0,0.923764673353814,128.0,False
sleeper_adp,drafted_top180,A,pooled_2024_2025,10.0,349,season,2025,3,3,0,0,1.0,0.4385029682449546,1.0,3,1.0,14.666666666666666,18.0,0.8660254037844387,165.2,True
sleeper_adp,drafted_top180,A,pooled_2024_2025,10.0,349,group,rookie,2,2,0,0,1.0,0.342380227506653,1.0,2,1.0,-13.5,-13.5,,99.1,True
sleeper_adp,drafted_top180,A,pooled_2024_2025,10.0,349,group,veteran,13,13,0,0,1.0,0.7719046276458016,1.0,13,1.0,6.923076923076923,18.0,0.8301125501174894,144.5,False
sleeper_adp,drafted_top180,A,pooled_2023_2025,0.0,523,all,all,241,162,70,9,0.6721991701244814,0.6106377958238182,0.7283570802881715,232,0.6982758620689655,1.4066390041493777,1.0,0.5172178506186641,101.9,False
sleeper_adp,drafted_top180,A,pooled_2023_2025,0.0,523,direction,buy,134,93,38,3,0.6940298507462687,0.6115042750414341,0.7657407167403363,131,0.7099236641221374,6.970149253731344,6.0,0.4293299524646636,130.5,False
sleeper_adp,drafted_top180,A,pooled_2023_2025,0.0,523,direction,fade,107,69,32,6,0.6448598130841121,0.5506079079663686,0.7290708361590406,101,0.6831683168316832,-5.5607476635514015,-4.0,0.2733458462699863,77.9,False
sleeper_adp,drafted_top180,A,pooled_2023_2025,0.0,523,position,QB,29,19,8,2,0.6551724137931034,0.4734510409047613,0.80059281473325,27,0.7037037037037037,0.7931034482758621,0.0,0.4537210554206168,126.3,False
sleeper_adp,drafted_top180,A,pooled_2023_2025,0.0,523,position,RB,89,66,20,3,0.7415730337078652,0.6419705871628898,0.8211845651386962,86,0.7674418604651163,2.9213483146067416,3.0,0.6737179552030221,97.4,False
sleeper_adp,drafted_top180,A,pooled_2023_2025,0.0,523,position,TE,35,21,11,3,0.6,0.435727090128925,0.7444927114061941,32,0.65625,1.0,2.0,0.4775250921362491,114.7,False
sleeper_adp,drafted_top180,A,pooled_2023_2025,0.0,523,position,WR,88,56,31,1,0.6363636363636364,0.5321128870350564,0.7292070038745184,87,0.6436781609195402,0.2386363636363636,-1.5,0.4191020477168549,94.3,False
sleeper_adp,drafted_top180,A,pooled_2023_2025,0.0,523,season,2023,79,55,22,2,0.6962025316455697,0.5876533928859551,0.7865553721612399,77,0.7142857142857143,2.556962025316456,0.0,0.5211648614910456,106.5,False
sleeper_adp,drafted_top180,A,pooled_2023_2025,0.0,523,season,2024,86,64,20,2,0.7441860465116279,0.6429209354010718,0.8245692473198448,84,0.7619047619047619,-0.2906976744186046,1.0,0.6588650772068967,94.95,False
sleeper_adp,drafted_top180,A,pooled_2023_2025,0.0,523,season,2025,76,43,28,5,0.5657894736842105,0.4538575306835998,0.6713906818078296,71,0.6056338028169014,2.131578947368421,2.5,0.3487799335612121,100.85,False
sleeper_adp,drafted_top180,A,pooled_2023_2025,0.0,523,group,rookie,32,19,11,2,0.59375,0.4226002487538287,0.7448036515733456,30,0.6333333333333333,4.5625,2.5,0.6041237207696263,144.05,False
sleeper_adp,drafted_top180,A,pooled_2023_2025,0.0,523,group,veteran,209,143,59,7,0.6842105263157895,0.6183500679246057,0.7434215550789174,202,0.7079207920792079,0.9234449760765552,1.0,0.5203696058865895,95.3,False
sleeper_adp,drafted_top180,A,pooled_2023_2025,5.0,523,all,all,59,51,7,1,0.864406779661017,0.7546033919346271,0.9296582532746628,58,0.8793103448275862,5.11864406779661,5.0,0.7775224577246193,130.4,False
sleeper_adp,drafted_top180,A,pooled_2023_2025,5.0,523,direction,buy,35,30,4,1,0.8571428571428571,0.7062444591340484,0.9373976892056628,34,0.8823529411764706,19.0,20.0,0.3875721881073596,165.2,False
sleeper_adp,drafted_top180,A,pooled_2023_2025,5.0,523,direction,fade,24,21,3,0,0.875,0.6899611872949993,0.9565566591987656,24,0.875,-15.125,-16.0,0.4374992050216436,75.94999999999999,False
sleeper_adp,drafted_top180,A,pooled_2023_2025,5.0,523,position,QB,2,2,0,0,1.0,0.342380227506653,1.0,2,1.0,4.5,4.5,,131.95,True
sleeper_adp,drafted_top180,A,pooled_2023_2025,5.0,523,position,RB,30,28,1,1,0.9333333333333332,0.7867654163738308,0.9815229762087296,29,0.9655172413793104,7.733333333333333,8.5,0.7878780592420187,132.64999999999998,False
sleeper_adp,drafted_top180,A,pooled_2023_2025,5.0,523,position,WR,27,21,6,0,0.7777777777777778,0.5924307113336742,0.8939276054763996,27,0.7777777777777778,2.259259259259259,-3.0,0.7632663915907387,120.0,False
sleeper_adp,drafted_top180,A,pooled_2023_2025,5.0,523,season,2023,19,17,2,0,0.8947368421052632,0.6860591728889099,0.97064143970113,19,0.8947368421052632,9.052631578947368,19.0,0.6556309021704855,134.7,False
sleeper_adp,drafted_top180,A,pooled_2023_2025,5.0,523,season,2024,29,25,4,0,0.8620689655172413,0.6944100627964798,0.9450256003588804,29,0.8620689655172413,1.4137931034482758,-3.0,0.8508143941979437,115.3,False
sleeper_adp,drafted_top180,A,pooled_2023_2025,5.0,523,season,2025,11,9,1,1,0.8181818181818182,0.523019438039156,0.9486323102539148,10,0.9,8.090909090909092,6.0,0.747714288761701,161.1,False
sleeper_adp,drafted_top180,A,pooled_2023_2025,5.0,523,group,rookie,10,9,1,0,0.9,0.5958499732047615,0.9821237869049272,10,0.9,8.6,4.5,0.9075630385563792,149.89999999999998,False
sleeper_adp,drafted_top180,A,pooled_2023_2025,5.0,523,group,veteran,49,42,6,1,0.8571428571428571,0.7333229377608557,0.9290357627959324,48,0.875,4.408163265306122,5.0,0.7823542009840971,120.0,False
sleeper_adp,drafted_top180,A,pooled_2023_2025,7.5,523,all,all,40,37,3,0,0.925,0.8013576647568946,0.974163974225412,40,0.925,5.7,6.5,0.809294307005945,128.0,False
sleeper_adp,drafted_top180,A,pooled_2023_2025,7.5,523,direction,buy,24,22,2,0,0.9166666666666666,0.741511978067893,0.9768411847029568,24,0.9166666666666666,22.416666666666668,24.0,0.4046297866534935,163.14999999999998,False
sleeper_adp,drafted_top180,A,pooled_2023_2025,7.5,523,direction,fade,16,15,1,0,0.9375,0.7167126242970107,0.9888806552353576,16,0.9375,-19.375,-20.0,0.17028701091113,83.3,False
sleeper_adp,drafted_top180,A,pooled_2023_2025,7.5,523,position,QB,1,1,0,0,1.0,0.2065493143772374,1.0,1,1.0,-11.0,-11.0,,53.7,True
sleeper_adp,drafted_top180,A,pooled_2023_2025,7.5,523,position,RB,19,19,0,0,1.0,0.8318207759473837,1.0,19,1.0,10.736842105263158,12.0,0.848661031419755,138.7,False
sleeper_adp,drafted_top180,A,pooled_2023_2025,7.5,523,position,WR,20,17,3,0,0.85,0.6395811352592431,0.9476312541037836,20,0.85,1.75,-6.5,0.7167351451214566,110.95,False
sleeper_adp,drafted_top180,A,pooled_2023_2025,7.5,523,season,2023,11,10,1,0,0.9090909090909092,0.6226415635484043,0.9837678271141151,11,0.9090909090909092,4.909090909090909,17.0,0.8138468670729141,106.5,False
sleeper_adp,drafted_top180,A,pooled_2023_2025,7.5,523,season,2024,23,21,2,0,0.9130434782608696,0.7320401892425634,0.9758199955157796,23,0.9130434782608696,3.8260869565217392,5.0,0.8365845633323193,120.0,False
sleeper_adp,drafted_top180,A,pooled_2023_2025,7.5,523,season,2025,6,6,0,0,1.0,0.6096657120978346,1.0,6,1.0,14.333333333333334,12.0,0.898645105261295,163.14999999999998,True
sleeper_adp,drafted_top180,A,pooled_2023_2025,7.5,523,group,rookie,9,8,1,0,0.8888888888888888,0.5650002944233439,0.9801091123614551,9,0.8888888888888888,6.777777777777778,3.0,0.940480156078058,138.7,True
sleeper_adp,drafted_top180,A,pooled_2023_2025,7.5,523,group,veteran,31,29,2,0,0.935483870967742,0.7928136326370188,0.9821252164780854,31,0.935483870967742,5.387096774193548,12.0,0.8052640283112688,120.0,False
sleeper_adp,drafted_top180,A,pooled_2023_2025,10.0,523,all,all,19,19,0,0,1.0,0.8318207759473837,1.0,19,1.0,7.105263157894737,18.0,0.8357162865911824,144.5,False
sleeper_adp,drafted_top180,A,pooled_2023_2025,10.0,523,direction,buy,11,11,0,0,1.0,0.7411670330319684,1.0,11,1.0,27.90909090909091,28.0,0.2578049934236076,172.9,False
sleeper_adp,drafted_top180,A,pooled_2023_2025,10.0,523,direction,fade,8,8,0,0,1.0,0.6755924351161198,1.0,8,1.0,-21.5,-20.5,0.6504169191178062,91.2,True
sleeper_adp,drafted_top180,A,pooled_2023_2025,10.0,523,position,RB,8,8,0,0,1.0,0.6755924351161198,1.0,8,1.0,14.125,22.0,0.7319250547114,167.95,True
sleeper_adp,drafted_top180,A,pooled_2023_2025,10.0,523,position,WR,11,11,0,0,1.0,0.7411670330319684,1.0,11,1.0,2.0,-10.0,0.835657103712079,125.4,False
sleeper_adp,drafted_top180,A,pooled_2023_2025,10.0,523,season,2023,4,4,0,0,1.0,0.5101091635454027,1.0,4,1.0,18.0,30.0,0.3999999999999999,162.64999999999998,True
sleeper_adp,drafted_top180,A,pooled_2023_2025,10.0,523,season,2024,12,12,0,0,1.0,0.7575059933447592,1.0,12,1.0,1.5833333333333333,1.0,0.923764673353814,128.0,False
sleeper_adp,drafted_top180,A,pooled_2023_2025,10.0,523,season,2025,3,3,0,0,1.0,0.4385029682449546,1.0,3,1.0,14.666666666666666,18.0,0.8660254037844387,165.2,True
sleeper_adp,drafted_top180,A,pooled_2023_2025,10.0,523,group,rookie,2,2,0,0,1.0,0.342380227506653,1.0,2,1.0,-13.5,-13.5,,99.1,True
sleeper_adp,drafted_top180,A,pooled_2023_2025,10.0,523,group,veteran,17,17,0,0,1.0,0.8156818649911483,1.0,17,1.0,9.529411764705882,24.0,0.7932145530832342,154.6,False
sleeper_adp,drafted_top180,A,pooled_2021_2025,0.0,867,all,all,410,296,101,13,0.7219512195121951,0.6766754636984431,0.7631064772376763,397,0.7455919395465995,1.6292682926829267,1.5,0.5425914389004189,97.6,False
sleeper_adp,drafted_top180,A,pooled_2021_2025,0.0,867,direction,buy,225,169,52,4,0.7511111111111111,0.690718420547469,0.8030732227252639,221,0.7647058823529411,8.075555555555555,6.0,0.4216717001685017,130.4,False
sleeper_adp,drafted_top180,A,pooled_2021_2025,0.0,867,direction,fade,185,127,49,9,0.6864864864864865,0.6164169546186546,0.7489689115513152,176,0.7215909090909091,-6.210810810810811,-5.0,0.1775345109647118,68.5,False
sleeper_adp,drafted_top180,A,pooled_2021_2025,0.0,867,position,QB,45,33,10,2,0.7333333333333333,0.5896116224686505,0.8403509647893348,43,0.7674418604651163,0.8888888888888888,0.0,0.582272231090713,115.4,False
sleeper_adp,drafted_top180,A,pooled_2021_2025,0.0,867,position,RB,149,113,32,4,0.7583892617449665,0.6837221833765111,0.8200678261805979,145,0.7793103448275862,2.2348993288590604,2.0,0.5933001883903812,86.7,False
sleeper_adp,drafted_top180,A,pooled_2021_2025,0.0,867,position,TE,51,35,13,3,0.6862745098039216,0.5497300046930566,0.7967232153447456,48,0.7291666666666666,0.392156862745098,1.0,0.5800404617366317,114.7,False
sleeper_adp,drafted_top180,A,pooled_2021_2025,0.0,867,position,WR,165,115,46,4,0.696969696969697,0.6230235657608585,0.7619529705354109,161,0.7142857142857143,1.6666666666666667,1.0,0.5178872402568804,97.2,False
sleeper_adp,drafted_top180,A,pooled_2021_2025,0.0,867,season,2021,79,66,12,1,0.8354430379746836,0.738543347728053,0.9012329279977964,78,0.8461538461538461,1.5316455696202531,3.0,0.454570869003876,79.3,False
sleeper_adp,drafted_top180,A,pooled_2021_2025,0.0,867,season,2022,90,68,19,3,0.7555555555555555,0.6575162887069911,0.8326721693379086,87,0.7816091954022989,2.311111111111111,1.5,0.6413238975414172,100.05,False
sleeper_adp,drafted_top180,A,pooled_2021_2025,0.0,867,season,2023,79,55,22,2,0.6962025316455697,0.5876533928859551,0.7865553721612399,77,0.7142857142857143,2.556962025316456,0.0,0.5211648614910456,106.5,False
sleeper_adp,drafted_top180,A,pooled_2021_2025,0.0,867,season,2024,86,64,20,2,0.7441860465116279,0.6429209354010718,0.8245692473198448,84,0.7619047619047619,-0.2906976744186046,1.0,0.6588650772068967,94.95,False
sleeper_adp,drafted_top180,A,pooled_2021_2025,0.0,867,season,2025,76,43,28,5,0.5657894736842105,0.4538575306835998,0.6713906818078296,71,0.6056338028169014,2.131578947368421,2.5,0.3487799335612121,100.85,False
sleeper_adp,drafted_top180,A,pooled_2021_2025,0.0,867,group,rookie,52,33,17,2,0.6346153846153846,0.4987167813201709,0.7519930012618661,50,0.66,7.576923076923077,3.5,0.4900163482007186,146.3,False
sleeper_adp,drafted_top180,A,pooled_2021_2025,0.0,867,group,veteran,358,263,84,11,0.7346368715083799,0.6865846172589336,0.7777071213039772,347,0.7579250720461095,0.7653631284916201,1.0,0.5643417164856647,90.85,False
sleeper_adp,drafted_top180,A,pooled_2021_2025,5.0,867,all,all,105,88,14,3,0.8380952380952381,0.7559378330310743,0.8963871244740037,102,0.8627450980392157,5.104761904761904,4.0,0.7514519875154375,106.5,False
sleeper_adp,drafted_top180,A,pooled_2021_2025,5.0,867,direction,buy,62,54,7,1,0.8709677419354839,0.7655067270982637,0.9331412194071697,61,0.8852459016393442,17.951612903225808,20.0,0.385854874845159,151.64999999999998,False
sleeper_adp,drafted_top180,A,pooled_2021_2025,5.0,867,direction,fade,43,34,7,2,0.7906976744186046,0.6479435728926356,0.885771657790044,41,0.8292682926829268,-13.418604651162791,-12.0,0.3013504248230235,72.8,False
sleeper_adp,drafted_top180,A,pooled_2021_2025,5.0,867,position,QB,3,3,0,0,1.0,0.4385029682449546,1.0,3,1.0,1.3333333333333333,-5.0,0.8660254037844387,73.2,True
sleeper_adp,drafted_top180,A,pooled_2021_2025,5.0,867,position,RB,45,38,5,2,0.8444444444444444,0.7121609112760374,0.9225457651524174,43,0.8837209302325582,6.888888888888889,6.0,0.6892813027545184,110.8,False
sleeper_adp,drafted_top180,A,pooled_2021_2025,5.0,867,position,WR,57,47,9,1,0.8245614035087719,0.7063264717030607,0.9018114776029004,56,0.8392857142857143,3.8947368421052633,3.0,0.7843800425007382,104.9,False
sleeper_adp,drafted_top180,A,pooled_2021_2025,5.0,867,season,2021,13,10,3,0,0.7692307692307693,0.4974362405327249,0.9182047128150144,13,0.7692307692307693,7.6923076923076925,8.0,0.7704018434047202,124.8,False
sleeper_adp,drafted_top180,A,pooled_2021_2025,5.0,867,season,2022,33,27,4,2,0.8181818181818182,0.6561176836533009,0.9138923179105932,31,0.8709677419354839,4.0606060606060606,2.0,0.693177258287613,85.3,False
sleeper_adp,drafted_top180,A,pooled_2021_2025,5.0,867,season,2023,19,17,2,0,0.8947368421052632,0.6860591728889099,0.97064143970113,19,0.8947368421052632,9.052631578947368,19.0,0.6556309021704855,134.7,False
sleeper_adp,drafted_top180,A,pooled_2021_2025,5.0,867,season,2024,29,25,4,0,0.8620689655172413,0.6944100627964798,0.9450256003588804,29,0.8620689655172413,1.4137931034482758,-3.0,0.8508143941979437,115.3,False
sleeper_adp,drafted_top180,A,pooled_2021_2025,5.0,867,season,2025,11,9,1,1,0.8181818181818182,0.523019438039156,0.9486323102539148,10,0.9,8.090909090909092,6.0,0.747714288761701,161.1,False
sleeper_adp,drafted_top180,A,pooled_2021_2025,5.0,867,group,rookie,14,13,1,0,0.9285714285714286,0.6853129557584889,0.9872777847521093,14,0.9285714285714286,8.5,4.5,0.8505238943260008,132.05,False
sleeper_adp,drafted_top180,A,pooled_2021_2025,5.0,867,group,veteran,91,75,13,3,0.8241758241758241,0.7333161024339296,0.8887747082055877,88,0.8522727272727273,4.582417582417582,4.0,0.7530856772243061,101.9,False
sleeper_adp,drafted_top180,A,pooled_2021_2025,7.5,867,all,all,70,62,6,2,0.8857142857142857,0.7903577841784561,0.9409387105336235,68,0.9117647058823528,6.2,6.5,0.7629302296159366,105.7,False
sleeper_adp,drafted_top180,A,pooled_2021_2025,7.5,867,direction,buy,43,39,4,0,0.9069767441860463,0.783972963587464,0.9632283593682872,43,0.9069767441860463,21.0,24.0,0.3056901242860937,148.7,False
sleeper_adp,drafted_top180,A,pooled_2021_2025,7.5,867,direction,fade,27,23,2,2,0.8518518518518519,0.6752131457218702,0.9408407222375568,25,0.92,-17.37037037037037,-17.0,0.1676668973166196,72.8,False
sleeper_adp,drafted_top180,A,pooled_2021_2025,7.5,867,position,QB,2,2,0,0,1.0,0.342380227506653,1.0,2,1.0,-8.0,-8.0,,63.45,True
sleeper_adp,drafted_top180,A,pooled_2021_2025,7.5,867,position,RB,28,25,2,1,0.8928571428571429,0.7280414845132785,0.9628816331707,27,0.925925925925926,10.107142857142858,12.0,0.6335965235510346,122.95,False
sleeper_adp,drafted_top180,A,pooled_2021_2025,7.5,867,position,WR,40,35,4,1,0.875,0.738878801611489,0.945404997490546,39,0.8974358974358975,4.175,3.5,0.7832793305891506,101.3,False
sleeper_adp,drafted_top180,A,pooled_2021_2025,7.5,867,season,2021,7,7,0,0,1.0,0.6456695649333126,1.0,7,1.0,8.857142857142858,23.0,0.8108437164260032,123.7,True
sleeper_adp,drafted_top180,A,pooled_2021_2025,7.5,867,season,2022,23,18,3,2,0.782608695652174,0.5809651698373599,0.903360219734138,21,0.8571428571428571,6.260869565217392,2.0,0.6781383400691335,94.3,False
sleeper_adp,drafted_top180,A,pooled_2021_2025,7.5,867,season,2023,11,10,1,0,0.9090909090909092,0.6226415635484043,0.9837678271141151,11,0.9090909090909092,4.909090909090909,17.0,0.8138468670729141,106.5,False
sleeper_adp,drafted_top180,A,pooled_2021_2025,7.5,867,season,2024,23,21,2,0,0.9130434782608696,0.7320401892425634,0.9758199955157796,23,0.9130434782608696,3.8260869565217392,5.0,0.8365845633323193,120.0,False
sleeper_adp,drafted_top180,A,pooled_2021_2025,7.5,867,season,2025,6,6,0,0,1.0,0.6096657120978346,1.0,6,1.0,14.333333333333334,12.0,0.898645105261295,163.14999999999998,True
sleeper_adp,drafted_top180,A,pooled_2021_2025,7.5,867,group,rookie,11,10,1,0,0.9090909090909092,0.6226415635484043,0.9837678271141151,11,0.9090909090909092,5.454545454545454,3.0,0.9309645467233084,125.4,False
sleeper_adp,drafted_top180,A,pooled_2021_2025,7.5,867,group,veteran,59,52,5,2,0.8813559322033898,0.7747635960001831,0.9413241722420972,57,0.912280701754386,6.338983050847458,10.0,0.7562267623782741,101.9,False
sleeper_adp,drafted_top180,A,pooled_2021_2025,10.0,867,all,all,37,33,2,2,0.8918918918918919,0.7529146845587398,0.9571481005958852,35,0.9428571428571428,8.891891891891891,18.0,0.7739864991177415,118.1,False
sleeper_adp,drafted_top180,A,pooled_2021_2025,10.0,867,direction,buy,24,22,2,0,0.9166666666666666,0.741511978067893,0.9768411847029568,24,0.9166666666666666,23.875,26.5,0.3344395259207866,149.55,False
sleeper_adp,drafted_top180,A,pooled_2021_2025,10.0,867,direction,fade,13,11,0,2,0.8461538461538461,0.5776536898051745,0.9567418216419186,11,1.0,-18.76923076923077,-17.0,0.4427650684365658,73.8,False
sleeper_adp,drafted_top180,A,pooled_2021_2025,10.0,867,position,RB,15,12,2,1,0.8,0.5481455128483065,0.9295245065301844,14,0.8571428571428571,10.666666666666666,18.0,0.49324928439974,101.5,False
sleeper_adp,drafted_top180,A,pooled_2021_2025,10.0,867,position,WR,22,21,0,1,0.9545454545454546,0.7820195416134267,0.991930572378736,21,1.0,7.681818181818182,20.0,0.8810873439742344,121.85,False
sleeper_adp,drafted_top180,A,pooled_2021_2025,10.0,867,season,2021,4,4,0,0,1.0,0.5101091635454027,1.0,4,1.0,28.0,29.0,-0.1054092553389459,128.05,True
sleeper_adp,drafted_top180,A,pooled_2021_2025,10.0,867,season,2022,14,10,2,2,0.7142857142857143,0.4535091567010681,0.8827862135542308,12,0.8333333333333334,5.857142857142857,5.0,0.7386994566939735,97.9,False
sleeper_adp,drafted_top180,A,pooled_2021_2025,10.0,867,season,2023,4,4,0,0,1.0,0.5101091635454027,1.0,4,1.0,18.0,30.0,0.3999999999999999,162.64999999999998,True
sleeper_adp,drafted_top180,A,pooled_2021_2025,10.0,867,season,2024,12,12,0,0,1.0,0.7575059933447592,1.0,12,1.0,1.5833333333333333,1.0,0.923764673353814,128.0,False
sleeper_adp,drafted_top180,A,pooled_2021_2025,10.0,867,season,2025,3,3,0,0,1.0,0.4385029682449546,1.0,3,1.0,14.666666666666666,18.0,0.8660254037844387,165.2,True
sleeper_adp,drafted_top180,A,pooled_2021_2025,10.0,867,group,rookie,4,4,0,0,1.0,0.5101091635454027,1.0,4,1.0,-7.0,-13.5,0.948683298050514,106.6,True
sleeper_adp,drafted_top180,A,pooled_2021_2025,10.0,867,group,veteran,33,29,2,2,0.8787878787878788,0.7267449482892476,0.9518383869058644,31,0.935483870967742,10.818181818181818,18.0,0.7271681326663955,120.0,False
sleeper_adp,drafted_top180,B,season_2021,0.0,170,all,all,76,62,12,2,0.8157894736842105,0.7142173789108908,0.8869740410479698,74,0.8378378378378378,0.3552631578947368,1.0,0.4280161310529426,75.44999999999999,False
sleeper_adp,drafted_top180,B,season_2021,0.0,170,direction,buy,37,32,3,2,0.8648648648648649,0.7202258821599021,0.94086705574268,35,0.9142857142857144,7.081081081081081,5.0,0.3616187352008028,114.7,False
sleeper_adp,drafted_top180,B,season_2021,0.0,170,direction,fade,39,30,9,0,0.7692307692307693,0.6166374277165825,0.8735419587485715,39,0.7692307692307693,-6.0256410256410255,-6.0,-0.0577742517675196,62.0,False
sleeper_adp,drafted_top180,B,season_2021,0.0,170,position,QB,9,9,0,0,1.0,0.7008549515804559,1.0,9,1.0,0.5555555555555556,-1.0,0.869499587351029,102.7,True
sleeper_adp,drafted_top180,B,season_2021,0.0,170,position,RB,26,21,5,0,0.8076923076923077,0.6212374288068301,0.9149293885105758,26,0.8076923076923077,-1.9615384615384612,-2.0,0.4983724998280719,51.85,False
sleeper_adp,drafted_top180,B,season_2021,0.0,170,position,TE,9,9,0,0,1.0,0.7008549515804559,1.0,9,1.0,0.5555555555555556,3.0,0.7047742836003864,141.1,True
sleeper_adp,drafted_top180,B,season_2021,0.0,170,position,WR,32,23,7,2,0.71875,0.5462549057408342,0.8443541950225723,30,0.7666666666666667,2.125,3.5,0.3031721931916366,86.35,False
sleeper_adp,drafted_top180,B,season_2021,0.0,170,season,2021,76,62,12,2,0.8157894736842105,0.7142173789108908,0.8869740410479698,74,0.8378378378378378,0.3552631578947368,1.0,0.4280161310529426,75.44999999999999,False
sleeper_adp,drafted_top180,B,season_2021,0.0,170,group,rookie,8,4,4,0,0.5,0.2152160622138775,0.7847839377861224,8,0.5,14.375,12.5,-0.4819626927118798,91.1,True
sleeper_adp,drafted_top180,B,season_2021,0.0,170,group,veteran,68,58,8,2,0.8529411764705882,0.7500260574669123,0.9181118226365672,66,0.8787878787878788,-1.2941176470588236,1.0,0.574630568059151,70.65,False
sleeper_adp,drafted_top180,B,season_2021,5.0,170,all,all,13,9,3,1,0.6923076923076923,0.4236934318054903,0.8731929634428948,12,0.75,7.076923076923077,8.0,0.7925318784037785,124.8,False
sleeper_adp,drafted_top180,B,season_2021,5.0,170,direction,buy,8,6,1,1,0.75,0.4092754303101688,0.9285207872478908,7,0.8571428571428571,15.125,18.0,0.8433734939759037,152.95,True
sleeper_adp,drafted_top180,B,season_2021,5.0,170,direction,fade,5,3,2,0,0.6,0.2307242812760128,0.882379225767352,5,0.6,-5.8,-5.0,0.5797509043642028,62.0,True
sleeper_adp,drafted_top180,B,season_2021,5.0,170,position,RB,3,1,2,0,0.3333333333333333,0.0614919447203962,0.7923403991979522,3,0.3333333333333333,11.333333333333334,8.0,0.5,33.0,True
sleeper_adp,drafted_top180,B,season_2021,5.0,170,position,WR,10,8,1,1,0.8,0.4901624715366418,0.9433178485456248,9,0.8888888888888888,5.8,8.5,0.8226338160636469,137.8,False
sleeper_adp,drafted_top180,B,season_2021,5.0,170,season,2021,13,9,3,1,0.6923076923076923,0.4236934318054903,0.8731929634428948,12,0.75,7.076923076923077,8.0,0.7925318784037785,124.8,False
sleeper_adp,drafted_top180,B,season_2021,5.0,170,group,veteran,13,9,3,1,0.6923076923076923,0.4236934318054903,0.8731929634428948,12,0.75,7.076923076923077,8.0,0.7925318784037785,124.8,False
sleeper_adp,drafted_top180,B,season_2021,7.5,170,all,all,7,7,0,0,1.0,0.6456695649333126,1.0,7,1.0,8.285714285714286,22.0,0.8,123.7,True
sleeper_adp,drafted_top180,B,season_2021,7.5,170,direction,buy,5,5,0,0,1.0,0.5655175352168251,1.0,5,1.0,22.2,26.0,0.4616902584383193,132.4,True
sleeper_adp,drafted_top180,B,season_2021,7.5,170,direction,fade,2,2,0,0,1.0,0.342380227506653,1.0,2,1.0,-26.5,-26.5,,44.8,True
sleeper_adp,drafted_top180,B,season_2021,7.5,170,position,RB,1,1,0,0,1.0,0.2065493143772374,1.0,1,1.0,30.0,30.0,,97.7,True
sleeper_adp,drafted_top180,B,season_2021,7.5,170,position,WR,6,6,0,0,1.0,0.6096657120978346,1.0,6,1.0,4.666666666666667,12.5,0.9276336570439174,128.05,True
sleeper_adp,drafted_top180,B,season_2021,7.5,170,season,2021,7,7,0,0,1.0,0.6456695649333126,1.0,7,1.0,8.285714285714286,22.0,0.8,123.7,True
sleeper_adp,drafted_top180,B,season_2021,7.5,170,group,veteran,7,7,0,0,1.0,0.6456695649333126,1.0,7,1.0,8.285714285714286,22.0,0.8,123.7,True
sleeper_adp,drafted_top180,B,season_2021,10.0,170,all,all,3,3,0,0,1.0,0.4385029682449546,1.0,3,1.0,26.0,26.0,0.5,132.4,True
sleeper_adp,drafted_top180,B,season_2021,10.0,170,direction,buy,3,3,0,0,1.0,0.4385029682449546,1.0,3,1.0,26.0,26.0,0.5,132.4,True
sleeper_adp,drafted_top180,B,season_2021,10.0,170,position,WR,3,3,0,0,1.0,0.4385029682449546,1.0,3,1.0,26.0,26.0,0.5,132.4,True
sleeper_adp,drafted_top180,B,season_2021,10.0,170,season,2021,3,3,0,0,1.0,0.4385029682449546,1.0,3,1.0,26.0,26.0,0.5,132.4,True
sleeper_adp,drafted_top180,B,season_2021,10.0,170,group,veteran,3,3,0,0,1.0,0.4385029682449546,1.0,3,1.0,26.0,26.0,0.5,132.4,True
sleeper_adp,drafted_top180,B,season_2022,0.0,174,all,all,80,62,16,2,0.775,0.6721321021639265,0.8526679265915337,78,0.7948717948717948,1.6125,0.5,0.6487070272948328,89.35,False
sleeper_adp,drafted_top180,B,season_2022,0.0,174,direction,buy,40,32,8,0,0.8,0.652426936536005,0.895000102745623,40,0.8,11.475,11.0,0.489876186175201,118.15,False
sleeper_adp,drafted_top180,B,season_2022,0.0,174,direction,fade,40,30,8,2,0.75,0.5980603857923197,0.858128813609037,38,0.7894736842105263,-8.25,-5.0,0.0477888697536682,59.0,False
sleeper_adp,drafted_top180,B,season_2022,0.0,174,position,QB,7,5,2,0,0.7142857142857143,0.3589344518326193,0.9177810759959432,7,0.7142857142857143,1.2857142857142858,3.0,0.6760418552511805,96.4,True
sleeper_adp,drafted_top180,B,season_2022,0.0,174,position,RB,27,22,5,0,0.8148148148148148,0.6330131638145156,0.9181929285702346,27,0.8148148148148148,0.4814814814814814,-1.0,0.4240896965048771,76.7,False
sleeper_adp,drafted_top180,B,season_2022,0.0,174,position,TE,7,5,2,0,0.7142857142857143,0.3589344518326193,0.9177810759959432,7,0.7142857142857143,-3.142857142857143,-3.0,0.3818813079129867,99.4,True
sleeper_adp,drafted_top180,B,season_2022,0.0,174,position,WR,39,30,7,2,0.7692307692307693,0.6166374277165825,0.8735419587485715,37,0.8108108108108109,3.3076923076923075,2.0,0.7778066835216437,94.3,False
sleeper_adp,drafted_top180,B,season_2022,0.0,174,season,2022,80,62,16,2,0.775,0.6721321021639265,0.8526679265915337,78,0.7948717948717948,1.6125,0.5,0.6487070272948328,89.35,False
sleeper_adp,drafted_top180,B,season_2022,0.0,174,group,rookie,9,8,1,0,0.8888888888888888,0.5650002944233439,0.9801091123614551,9,0.8888888888888888,12.666666666666666,18.0,0.7458698539828915,150.5,True
sleeper_adp,drafted_top180,B,season_2022,0.0,174,group,veteran,71,54,15,2,0.7605633802816901,0.6495877914390639,0.8447905996695989,69,0.782608695652174,0.2112676056338028,-1.0,0.6444773078447655,76.7,False
sleeper_adp,drafted_top180,B,season_2022,5.0,174,all,all,31,25,5,1,0.8064516129032258,0.6371974218820453,0.908129916384139,30,0.8333333333333334,4.290322580645161,1.0,0.6443532627588957,74.4,False
sleeper_adp,drafted_top180,B,season_2022,5.0,174,direction,buy,16,14,2,0,0.875,0.639771727342413,0.9650225122567596,16,0.875,18.5,20.0,0.1340753982820779,97.9,False
sleeper_adp,drafted_top180,B,season_2022,5.0,174,direction,fade,15,11,3,1,0.7333333333333333,0.4804956594401943,0.8910254667430761,14,0.7857142857142857,-10.866666666666667,-11.0,-0.0834913113582311,57.9,False
sleeper_adp,drafted_top180,B,season_2022,5.0,174,position,QB,1,1,0,0,1.0,0.2065493143772374,1.0,1,1.0,-5.0,-5.0,,73.2,True
sleeper_adp,drafted_top180,B,season_2022,5.0,174,position,RB,10,7,3,0,0.7,0.3967781474611453,0.8922087325936989,10,0.7,3.5,2.0,0.291794660966431,84.75,False
sleeper_adp,drafted_top180,B,season_2022,5.0,174,position,WR,20,17,2,1,0.85,0.6395811352592431,0.9476312541037836,19,0.8947368421052632,5.15,6.0,0.7996235524374601,78.8,False
sleeper_adp,drafted_top180,B,season_2022,5.0,174,season,2022,31,25,5,1,0.8064516129032258,0.6371974218820453,0.908129916384139,30,0.8333333333333334,4.290322580645161,1.0,0.6443532627588957,74.4,False
sleeper_adp,drafted_top180,B,season_2022,5.0,174,group,rookie,4,3,1,0,0.75,0.3006418425824018,0.9544127391902996,4,0.75,12.0,18.5,0.7999999999999999,120.25,True
sleeper_adp,drafted_top180,B,season_2022,5.0,174,group,veteran,27,22,4,1,0.8148148148148148,0.6330131638145156,0.9181929285702346,26,0.8461538461538461,3.1481481481481484,1.0,0.6726417205847097,69.1,False
sleeper_adp,drafted_top180,B,season_2022,7.5,174,all,all,23,18,4,1,0.782608695652174,0.5809651698373599,0.903360219734138,22,0.8181818181818182,6.608695652173913,11.0,0.6864942176722567,94.3,False
sleeper_adp,drafted_top180,B,season_2022,7.5,174,direction,buy,13,11,2,0,0.8461538461538461,0.5776536898051745,0.9567418216419186,13,0.8461538461538461,18.307692307692307,19.0,0.2894747948348698,100.7,False
sleeper_adp,drafted_top180,B,season_2022,7.5,174,direction,fade,10,7,2,1,0.7,0.3967781474611453,0.8922087325936989,9,0.7777777777777778,-8.6,-8.0,0.3951294861742059,51.7,False
sleeper_adp,drafted_top180,B,season_2022,7.5,174,position,QB,1,1,0,0,1.0,0.2065493143772374,1.0,1,1.0,-5.0,-5.0,,73.2,True
sleeper_adp,drafted_top180,B,season_2022,7.5,174,position,RB,8,5,3,0,0.625,0.3057423946026273,0.8631557141764026,8,0.625,6.5,8.0,0.1916202019061214,98.3,True
sleeper_adp,drafted_top180,B,season_2022,7.5,174,position,WR,14,12,1,1,0.8571428571428571,0.6005862050302965,0.9599060787285352,13,0.9230769230769232,7.5,11.0,0.8952596400529949,91.4,False
sleeper_adp,drafted_top180,B,season_2022,7.5,174,season,2022,23,18,4,1,0.782608695652174,0.5809651698373599,0.903360219734138,22,0.8181818181818182,6.608695652173913,11.0,0.6864942176722567,94.3,False
sleeper_adp,drafted_top180,B,season_2022,7.5,174,group,rookie,3,2,1,0,0.6666666666666666,0.2076596008020477,0.9385080552796036,3,0.6666666666666666,5.333333333333333,18.0,1.0,118.1,True
sleeper_adp,drafted_top180,B,season_2022,7.5,174,group,veteran,20,16,3,1,0.8,0.5839825677481064,0.919342337420202,19,0.8421052631578947,6.8,6.0,0.6789894954984793,80.85,False
sleeper_adp,drafted_top180,B,season_2022,10.0,174,all,all,13,11,1,1,0.8461538461538461,0.5776536898051745,0.9567418216419186,12,0.9166666666666666,6.769230769230769,11.0,0.787295821622217,95.1,False
sleeper_adp,drafted_top180,B,season_2022,10.0,174,direction,buy,8,7,1,0,0.875,0.5291118177871464,0.9775825085499432,8,0.875,20.0,18.0,0.5333431285220599,102.8,True
sleeper_adp,drafted_top180,B,season_2022,10.0,174,direction,fade,5,4,0,1,0.8,0.3755346297625253,0.9637758913675698,4,1.0,-14.4,-12.0,0.6155870112510925,51.4,True
sleeper_adp,drafted_top180,B,season_2022,10.0,174,position,RB,5,4,1,0,0.8,0.3755346297625253,0.9637758913675698,5,0.8,3.8,-1.0,0.0999999999999999,46.8,True
sleeper_adp,drafted_top180,B,season_2022,10.0,174,position,WR,8,7,0,1,0.875,0.5291118177871464,0.9775825085499432,7,1.0,8.625,14.0,1.0,102.8,True
sleeper_adp,drafted_top180,B,season_2022,10.0,174,season,2022,13,11,1,1,0.8461538461538461,0.5776536898051745,0.9567418216419186,12,0.9166666666666666,6.769230769230769,11.0,0.787295821622217,95.1,False
sleeper_adp,drafted_top180,B,season_2022,10.0,174,group,rookie,2,2,0,0,1.0,0.342380227506653,1.0,2,1.0,-1.0,-1.0,,106.6,True
sleeper_adp,drafted_top180,B,season_2022,10.0,174,group,veteran,11,9,1,1,0.8181818181818182,0.523019438039156,0.9486323102539148,10,0.9,8.181818181818182,11.0,0.7780340736849756,64.6,False
sleeper_adp,drafted_top180,B,season_2023,0.0,174,all,all,74,52,20,2,0.7027027027027027,0.5906708986801543,0.794727839402392,72,0.7222222222222222,1.9054054054054053,-0.5,0.5218689648568885,105.9,False
sleeper_adp,drafted_top180,B,season_2023,0.0,174,direction,buy,34,24,9,1,0.7058823529411765,0.5383109020528557,0.8316536932957758,33,0.7272727272727273,8.735294117647058,6.0,0.6384223508052647,138.8,False
sleeper_adp,drafted_top180,B,season_2023,0.0,174,direction,fade,40,28,11,1,0.7,0.5456998118185507,0.8192515477025347,39,0.717948717948718,-3.9,-5.0,0.2584483610941889,92.0,False
sleeper_adp,drafted_top180,B,season_2023,0.0,174,position,QB,7,6,1,0,0.8571428571428571,0.4868721707256811,0.9743203756552564,7,0.8571428571428571,-3.571428571428572,-7.0,0.7378988555115865,95.4,True
sleeper_adp,drafted_top180,B,season_2023,0.0,174,position,RB,23,18,5,0,0.782608695652174,0.5809651698373599,0.903360219734138,23,0.782608695652174,3.739130434782609,2.0,0.7257471428993565,119.2,False
sleeper_adp,drafted_top180,B,season_2023,0.0,174,position,TE,12,7,3,2,0.5833333333333334,0.3195113125495497,0.8067396863412435,10,0.7,-0.0833333333333333,0.0,0.4281085316923025,116.4,False
sleeper_adp,drafted_top180,B,season_2023,0.0,174,position,WR,32,21,11,0,0.65625,0.4831108797896222,0.7958956207556682,32,0.65625,2.53125,0.0,0.396391937422844,99.55,False
sleeper_adp,drafted_top180,B,season_2023,0.0,174,season,2023,74,52,20,2,0.7027027027027027,0.5906708986801543,0.794727839402392,72,0.7222222222222222,1.9054054054054053,-0.5,0.5218689648568885,105.9,False
sleeper_adp,drafted_top180,B,season_2023,0.0,174,group,rookie,13,7,5,1,0.5384615384615384,0.29143795714506,0.7679393219046169,12,0.5833333333333334,7.923076923076923,7.0,0.2865159683088361,163.8,False
sleeper_adp,drafted_top180,B,season_2023,0.0,174,group,veteran,61,45,15,1,0.7377049180327869,0.6156325821638563,0.8316121363763852,60,0.75,0.6229508196721312,-1.0,0.5992475717694759,89.2,False
sleeper_adp,drafted_top180,B,season_2023,5.0,174,all,all,18,16,2,0,0.8888888888888888,0.672002348698212,0.9689804773543876,18,0.8888888888888888,4.666666666666667,9.0,0.7829766401940751,124.8,False
sleeper_adp,drafted_top180,B,season_2023,5.0,174,direction,buy,10,9,1,0,0.9,0.5958499732047615,0.9821237869049272,10,0.9,22.0,24.5,0.2105515441726557,144.64999999999998,False
sleeper_adp,drafted_top180,B,season_2023,5.0,174,direction,fade,8,7,1,0,0.875,0.5291118177871464,0.9775825085499432,8,0.875,-17.0,-23.0,0.4663366589901251,104.2,True
sleeper_adp,drafted_top180,B,season_2023,5.0,174,position,RB,9,9,0,0,1.0,0.7008549515804559,1.0,9,1.0,5.777777777777778,15.0,0.7615129419677079,130.4,True
sleeper_adp,drafted_top180,B,season_2023,5.0,174,position,WR,9,7,2,0,0.7777777777777778,0.4525889691069888,0.9367748928821532,9,0.7777777777777778,3.555555555555556,3.0,0.798347516475217,101.9,True
sleeper_adp,drafted_top180,B,season_2023,5.0,174,season,2023,18,16,2,0,0.8888888888888888,0.672002348698212,0.9689804773543876,18,0.8888888888888888,4.666666666666667,9.0,0.7829766401940751,124.8,False
sleeper_adp,drafted_top180,B,season_2023,5.0,174,group,rookie,2,2,0,0,1.0,0.342380227506653,1.0,2,1.0,11.5,11.5,,176.3,True
sleeper_adp,drafted_top180,B,season_2023,5.0,174,group,veteran,16,14,2,0,0.875,0.639771727342413,0.9650225122567596,16,0.875,3.8125,9.0,0.7531463105234509,112.85,False
sleeper_adp,drafted_top180,B,season_2023,7.5,174,all,all,10,9,1,0,0.9,0.5958499732047615,0.9821237869049272,10,0.9,2.8,6.0,0.8422061766906231,120.6,False
sleeper_adp,drafted_top180,B,season_2023,7.5,174,direction,buy,6,5,1,0,0.8333333333333334,0.4364971778135298,0.9699466302516936,6,0.8333333333333334,22.166666666666668,27.0,0.739249324360437,162.64999999999998,True
sleeper_adp,drafted_top180,B,season_2023,7.5,174,direction,fade,4,4,0,0,1.0,0.5101091635454027,1.0,4,1.0,-26.25,-25.5,-0.8944271909999159,81.1,True
sleeper_adp,drafted_top180,B,season_2023,7.5,174,position,RB,4,4,0,0,1.0,0.5101091635454027,1.0,4,1.0,11.75,19.0,1.0,152.7,True
sleeper_adp,drafted_top180,B,season_2023,7.5,174,position,WR,6,5,1,0,0.8333333333333334,0.4364971778135298,0.9699466302516936,6,0.8333333333333334,-3.1666666666666665,-13.5,0.7944613465542746,83.9,True
sleeper_adp,drafted_top180,B,season_2023,7.5,174,season,2023,10,9,1,0,0.9,0.5958499732047615,0.9821237869049272,10,0.9,2.8,6.0,0.8422061766906231,120.6,False
sleeper_adp,drafted_top180,B,season_2023,7.5,174,group,rookie,1,1,0,0,1.0,0.2065493143772374,1.0,1,1.0,31.0,31.0,,188.8,True
sleeper_adp,drafted_top180,B,season_2023,7.5,174,group,veteran,9,8,1,0,0.8888888888888888,0.5650002944233439,0.9801091123614551,9,0.8888888888888888,-0.3333333333333333,-3.0,0.8523889672954192,106.5,True
sleeper_adp,drafted_top180,B,season_2023,10.0,174,all,all,5,5,0,0,1.0,0.5655175352168251,1.0,5,1.0,8.8,23.0,0.9746794344808964,154.6,True
sleeper_adp,drafted_top180,B,season_2023,10.0,174,direction,buy,3,3,0,0,1.0,0.4385029682449546,1.0,3,1.0,30.0,31.0,1.0,170.7,True
sleeper_adp,drafted_top180,B,season_2023,10.0,174,direction,fade,2,2,0,0,1.0,0.342380227506653,1.0,2,1.0,-23.0,-23.0,,104.2,True
sleeper_adp,drafted_top180,B,season_2023,10.0,174,position,RB,3,3,0,0,1.0,0.4385029682449546,1.0,3,1.0,10.666666666666666,23.0,1.0,170.7,True
sleeper_adp,drafted_top180,B,season_2023,10.0,174,position,WR,2,2,0,0,1.0,0.342380227506653,1.0,2,1.0,6.0,6.0,,128.25,True
sleeper_adp,drafted_top180,B,season_2023,10.0,174,season,2023,5,5,0,0,1.0,0.5655175352168251,1.0,5,1.0,8.8,23.0,0.9746794344808964,154.6,True
sleeper_adp,drafted_top180,B,season_2023,10.0,174,group,veteran,5,5,0,0,1.0,0.5655175352168251,1.0,5,1.0,8.8,23.0,0.9746794344808964,154.6,True
sleeper_adp,drafted_top180,B,season_2024,0.0,174,all,all,85,63,21,1,0.7411764705882353,0.639077247708533,0.8224190012752776,84,0.75,-0.5058823529411764,1.0,0.6584146496110914,93.4,False
sleeper_adp,drafted_top180,B,season_2024,0.0,174,direction,buy,44,33,11,0,0.75,0.6055943364104086,0.8542578617103511,44,0.75,7.795454545454546,6.0,0.5000803685511895,128.35,False
sleeper_adp,drafted_top180,B,season_2024,0.0,174,direction,fade,41,30,10,1,0.7317073170731707,0.5806646689292336,0.8430503595218832,40,0.75,-9.414634146341465,-6.0,0.3694786967736941,72.8,False
sleeper_adp,drafted_top180,B,season_2024,0.0,174,position,QB,7,4,3,0,0.5714285714285714,0.2504583645276572,0.8417801447485302,7,0.5714285714285714,2.2857142857142856,1.0,0.6325259888413398,127.0,True
sleeper_adp,drafted_top180,B,season_2024,0.0,174,position,RB,36,29,7,0,0.8055555555555556,0.6497195700482261,0.9024690458107129,36,0.8055555555555556,-0.6111111111111112,2.0,0.7542713404016618,82.6,False
sleeper_adp,drafted_top180,B,season_2024,0.0,174,position,TE,13,11,1,1,0.8461538461538461,0.5776536898051745,0.9567418216419186,12,0.9166666666666666,1.5384615384615383,3.0,0.6975474093186154,124.9,False
sleeper_adp,drafted_top180,B,season_2024,0.0,174,position,WR,29,19,10,0,0.6551724137931034,0.4734510409047613,0.80059281473325,29,0.6551724137931034,-1.9655172413793105,-6.0,0.6140841212768442,92.1,False
sleeper_adp,drafted_top180,B,season_2024,0.0,174,season,2024,85,63,21,1,0.7411764705882353,0.639077247708533,0.8224190012752776,84,0.75,-0.5058823529411764,1.0,0.6584146496110914,93.4,False
sleeper_adp,drafted_top180,B,season_2024,0.0,174,group,rookie,9,7,2,0,0.7777777777777778,0.4525889691069888,0.9367748928821532,9,0.7777777777777778,0.7777777777777778,-3.0,0.7166666666666667,125.4,True
sleeper_adp,drafted_top180,B,season_2024,0.0,174,group,veteran,76,56,19,1,0.7368421052631579,0.6281875545908703,0.8227060103782752,75,0.7466666666666667,-0.6578947368421053,1.0,0.6300365593134666,90.55,False
sleeper_adp,drafted_top180,B,season_2024,5.0,174,all,all,28,25,3,0,0.8928571428571429,0.7280414845132785,0.9628816331707,28,0.8928571428571429,1.5357142857142858,-0.5,0.8332428902293059,113.05,False
sleeper_adp,drafted_top180,B,season_2024,5.0,174,direction,buy,13,12,1,0,0.9230769230769232,0.6668604907890041,0.9862895787574436,13,0.9230769230769232,20.23076923076923,22.0,0.2311151054971316,156.9,False
sleeper_adp,drafted_top180,B,season_2024,5.0,174,direction,fade,15,13,2,0,0.8666666666666667,0.6211801716767764,0.9626387408969346,15,0.8666666666666667,-14.666666666666666,-13.0,0.6501418647939182,75.6,False
sleeper_adp,drafted_top180,B,season_2024,5.0,174,position,QB,1,1,0,0,1.0,0.2065493143772374,1.0,1,1.0,-11.0,-11.0,,53.7,True
sleeper_adp,drafted_top180,B,season_2024,5.0,174,position,RB,14,13,1,0,0.9285714285714286,0.6853129557584889,0.9872777847521093,14,0.9285714285714286,3.2142857142857144,3.5,0.9050326795100704,113.05,False
sleeper_adp,drafted_top180,B,season_2024,5.0,174,position,WR,13,11,2,0,0.8461538461538461,0.5776536898051745,0.9567418216419186,13,0.8461538461538461,0.6923076923076923,-10.0,0.7853215725902929,120.0,False
sleeper_adp,drafted_top180,B,season_2024,5.0,174,season,2024,28,25,3,0,0.8928571428571429,0.7280414845132785,0.9628816331707,28,0.8928571428571429,1.5357142857142858,-0.5,0.8332428902293059,113.05,False
sleeper_adp,drafted_top180,B,season_2024,5.0,174,group,rookie,6,5,1,0,0.8333333333333334,0.4364971778135298,0.9699466302516936,6,0.8333333333333334,4.666666666666667,-3.5,0.942857142857143,120.35,True
sleeper_adp,drafted_top180,B,season_2024,5.0,174,group,veteran,22,20,2,0,0.9090909090909092,0.7218505315839417,0.9747045710090046,22,0.9090909090909092,0.6818181818181818,-0.5,0.8509801360700247,107.35,False
sleeper_adp,drafted_top180,B,season_2024,7.5,174,all,all,22,20,2,0,0.9090909090909092,0.7218505315839417,0.9747045710090046,22,0.9090909090909092,1.8636363636363635,4.0,0.8699637565154255,117.65,False
sleeper_adp,drafted_top180,B,season_2024,7.5,174,direction,buy,12,11,1,0,0.9166666666666666,0.646120088858883,0.9851349055950828,12,0.9166666666666666,18.5,21.0,0.5395131673046317,164.9,False
sleeper_adp,drafted_top180,B,season_2024,7.5,174,direction,fade,10,9,1,0,0.9,0.5958499732047615,0.9821237869049272,10,0.9,-18.1,-16.0,0.6492338425343394,75.05,False
sleeper_adp,drafted_top180,B,season_2024,7.5,174,position,QB,1,1,0,0,1.0,0.2065493143772374,1.0,1,1.0,-11.0,-11.0,,53.7,True
sleeper_adp,drafted_top180,B,season_2024,7.5,174,position,RB,9,9,0,0,1.0,0.7008549515804559,1.0,9,1.0,9.333333333333334,12.0,0.8172252705693474,130.6,True
sleeper_adp,drafted_top180,B,season_2024,7.5,174,position,WR,12,10,2,0,0.8333333333333334,0.5519691377470266,0.9530348578161464,12,0.8333333333333334,-2.6666666666666665,-10.5,0.846295036132789,106.05,False
sleeper_adp,drafted_top180,B,season_2024,7.5,174,season,2024,22,20,2,0,0.9090909090909092,0.7218505315839417,0.9747045710090046,22,0.9090909090909092,1.8636363636363635,4.0,0.8699637565154255,117.65,False
sleeper_adp,drafted_top180,B,season_2024,7.5,174,group,rookie,6,5,1,0,0.8333333333333334,0.4364971778135298,0.9699466302516936,6,0.8333333333333334,4.666666666666667,-3.5,0.942857142857143,120.35,True
sleeper_adp,drafted_top180,B,season_2024,7.5,174,group,veteran,16,15,1,0,0.9375,0.7167126242970107,0.9888806552353576,16,0.9375,0.8125,6.0,0.9140126382291016,111.95,False
sleeper_adp,drafted_top180,B,season_2024,10.0,174,all,all,11,11,0,0,1.0,0.7411670330319684,1.0,11,1.0,-0.6363636363636364,-10.0,0.9334862385321102,125.4,False
sleeper_adp,drafted_top180,B,season_2024,10.0,174,direction,buy,5,5,0,0,1.0,0.5655175352168251,1.0,5,1.0,24.6,28.0,0.3590924232298039,172.9,True
sleeper_adp,drafted_top180,B,season_2024,10.0,174,direction,fade,6,6,0,0,1.0,0.6096657120978346,1.0,6,1.0,-21.666666666666668,-21.0,0.940403258591788,82.94999999999999,True
sleeper_adp,drafted_top180,B,season_2024,10.0,174,position,RB,3,3,0,0,1.0,0.4385029682449546,1.0,3,1.0,3.0,12.0,1.0,130.6,True
sleeper_adp,drafted_top180,B,season_2024,10.0,174,position,WR,8,8,0,0,1.0,0.6755924351161198,1.0,8,1.0,-2.0,-13.0,0.9394111922831736,122.7,True
sleeper_adp,drafted_top180,B,season_2024,10.0,174,season,2024,11,11,0,0,1.0,0.7411670330319684,1.0,11,1.0,-0.6363636363636364,-10.0,0.9334862385321102,125.4,False
sleeper_adp,drafted_top180,B,season_2024,10.0,174,group,rookie,2,2,0,0,1.0,0.342380227506653,1.0,2,1.0,-13.0,-13.0,,99.1,True
sleeper_adp,drafted_top180,B,season_2024,10.0,174,group,veteran,9,9,0,0,1.0,0.7008549515804559,1.0,9,1.0,2.111111111111111,12.0,0.8860838370611986,130.6,True
sleeper_adp,drafted_top180,B,season_2025,0.0,175,all,all,76,43,28,5,0.5657894736842105,0.4538575306835998,0.6713906818078296,71,0.6056338028169014,2.0657894736842106,2.0,0.3466737417598235,100.85,False
sleeper_adp,drafted_top180,B,season_2025,0.0,175,direction,buy,45,29,15,1,0.6444444444444445,0.4983581419637687,0.7678091739578413,44,0.6590909090909091,4.666666666666667,6.0,0.2756790202798271,132.0,False
sleeper_adp,drafted_top180,B,season_2025,0.0,175,direction,fade,31,14,13,4,0.4516129032258064,0.2916173598052001,0.6222783236264549,27,0.5185185185185185,-1.7096774193548387,0.0,0.1329873064796647,77.9,False
sleeper_adp,drafted_top180,B,season_2025,0.0,175,position,QB,13,8,3,2,0.6153846153846154,0.355228915126657,0.8229029220223743,11,0.7272727272727273,1.4615384615384617,0.0,0.3473512001506207,126.3,False
sleeper_adp,drafted_top180,B,season_2025,0.0,175,position,RB,26,16,7,3,0.6153846153846154,0.4253485008511553,0.7757140556428721,23,0.6956521739130435,5.461538461538462,5.5,0.4564623100748189,98.1,False
sleeper_adp,drafted_top180,B,season_2025,0.0,175,position,TE,10,3,7,0,0.3,0.1077912674063009,0.6032218525388546,10,0.3,1.6,2.5,0.1502894276569036,106.0,False
sleeper_adp,drafted_top180,B,season_2025,0.0,175,position,WR,27,16,11,0,0.5925925925925926,0.4072670096806468,0.7548524292560443,27,0.5925925925925926,-0.7407407407407407,1.0,0.1886396090023977,93.2,False
sleeper_adp,drafted_top180,B,season_2025,0.0,175,season,2025,76,43,28,5,0.5657894736842105,0.4538575306835998,0.6713906818078296,71,0.6056338028169014,2.0657894736842106,2.0,0.3466737417598235,100.85,False
sleeper_adp,drafted_top180,B,season_2025,0.0,175,group,rookie,10,5,4,1,0.5,0.236593090512564,0.7634069094874361,9,0.5555555555555556,4.2,3.5,0.5365953413208115,149.89999999999998,False
sleeper_adp,drafted_top180,B,season_2025,0.0,175,group,veteran,66,38,24,4,0.5757575757575758,0.4556065322409429,0.6875748985145812,62,0.6129032258064516,1.7424242424242424,2.0,0.3287231495918214,95.35,False
sleeper_adp,drafted_top180,B,season_2025,5.0,175,all,all,11,9,1,1,0.8181818181818182,0.523019438039156,0.9486323102539148,10,0.9,7.909090909090909,6.0,0.7477378904816533,161.1,False
sleeper_adp,drafted_top180,B,season_2025,5.0,175,direction,buy,8,6,1,1,0.75,0.4092754303101688,0.9285207872478908,7,0.8571428571428571,13.875,17.5,0.5367450401216933,180.9,True
sleeper_adp,drafted_top180,B,season_2025,5.0,175,direction,fade,3,3,0,0,1.0,0.4385029682449546,1.0,3,1.0,-8.0,-5.0,0.5,90.3,True
sleeper_adp,drafted_top180,B,season_2025,5.0,175,position,QB,1,1,0,0,1.0,0.2065493143772374,1.0,1,1.0,20.0,20.0,,210.2,True
sleeper_adp,drafted_top180,B,season_2025,5.0,175,position,RB,6,5,0,1,0.8333333333333334,0.4364971778135298,0.9699466302516936,5,1.0,7.666666666666667,3.0,0.9856107606091624,149.89999999999998,True
sleeper_adp,drafted_top180,B,season_2025,5.0,175,position,WR,4,3,1,0,0.75,0.3006418425824018,0.9544127391902996,4,0.75,5.25,6.0,0.7999999999999999,129.3,True
sleeper_adp,drafted_top180,B,season_2025,5.0,175,season,2025,11,9,1,1,0.8181818181818182,0.523019438039156,0.9486323102539148,10,0.9,7.909090909090909,6.0,0.7477378904816533,161.1,False
sleeper_adp,drafted_top180,B,season_2025,5.0,175,group,rookie,2,2,0,0,1.0,0.342380227506653,1.0,2,1.0,1.0,1.0,,149.89999999999998,True
sleeper_adp,drafted_top180,B,season_2025,5.0,175,group,veteran,9,7,1,1,0.7777777777777778,0.4525889691069888,0.9367748928821532,8,0.875,9.444444444444445,17.0,0.7426755358613555,165.2,True
sleeper_adp,drafted_top180,B,season_2025,7.5,175,all,all,6,6,0,0,1.0,0.6096657120978346,1.0,6,1.0,14.166666666666666,12.0,0.8533103351879247,163.14999999999998,True
sleeper_adp,drafted_top180,B,season_2025,7.5,175,direction,buy,4,4,0,0,1.0,0.5101091635454027,1.0,4,1.0,26.0,28.5,0.4472135954999579,182.55,True
sleeper_adp,drafted_top180,B,season_2025,7.5,175,direction,fade,2,2,0,0,1.0,0.342380227506653,1.0,2,1.0,-9.5,-9.5,,114.5,True
sleeper_adp,drafted_top180,B,season_2025,7.5,175,position,RB,5,5,0,0,1.0,0.5655175352168251,1.0,5,1.0,9.2,6.0,0.9746794344808964,161.1,True
sleeper_adp,drafted_top180,B,season_2025,7.5,175,position,WR,1,1,0,0,1.0,0.2065493143772374,1.0,1,1.0,39.0,39.0,,207.8,True
sleeper_adp,drafted_top180,B,season_2025,7.5,175,season,2025,6,6,0,0,1.0,0.6096657120978346,1.0,6,1.0,14.166666666666666,12.0,0.8533103351879247,163.14999999999998,True
sleeper_adp,drafted_top180,B,season_2025,7.5,175,group,rookie,2,2,0,0,1.0,0.342380227506653,1.0,2,1.0,1.0,1.0,,149.89999999999998,True
sleeper_adp,drafted_top180,B,season_2025,7.5,175,group,veteran,4,4,0,0,1.0,0.5101091635454027,1.0,4,1.0,20.75,28.5,0.632455532033676,182.55,True
sleeper_adp,drafted_top180,B,season_2025,10.0,175,all,all,3,3,0,0,1.0,0.4385029682449546,1.0,3,1.0,14.666666666666666,18.0,0.8660254037844387,165.2,True
sleeper_adp,drafted_top180,B,season_2025,10.0,175,direction,buy,2,2,0,0,1.0,0.342380227506653,1.0,2,1.0,29.5,29.5,,182.55,True
sleeper_adp,drafted_top180,B,season_2025,10.0,175,direction,fade,1,1,0,0,1.0,0.2065493143772374,1.0,1,1.0,-15.0,-15.0,,90.3,True
sleeper_adp,drafted_top180,B,season_2025,10.0,175,position,RB,3,3,0,0,1.0,0.4385029682449546,1.0,3,1.0,14.666666666666666,18.0,0.8660254037844387,165.2,True
sleeper_adp,drafted_top180,B,season_2025,10.0,175,season,2025,3,3,0,0,1.0,0.4385029682449546,1.0,3,1.0,14.666666666666666,18.0,0.8660254037844387,165.2,True
sleeper_adp,drafted_top180,B,season_2025,10.0,175,group,veteran,3,3,0,0,1.0,0.4385029682449546,1.0,3,1.0,14.666666666666666,18.0,0.8660254037844387,165.2,True
sleeper_adp,drafted_top180,B,pooled_2024_2025,0.0,349,all,all,161,106,49,6,0.6583850931677019,0.5822026164929497,0.7271855699794543,155,0.6838709677419355,0.7080745341614907,2.0,0.5181260112558332,97.4,False
sleeper_adp,drafted_top180,B,pooled_2024_2025,0.0,349,direction,buy,89,62,26,1,0.6966292134831461,0.5946286603942715,0.7823580914791123,88,0.7045454545454546,6.213483146067416,6.0,0.377504131628923,129.7,False
sleeper_adp,drafted_top180,B,pooled_2024_2025,0.0,349,direction,fade,72,44,23,5,0.6111111111111112,0.4956235499421539,0.7153428561475221,67,0.6567164179104478,-6.097222222222222,-4.0,0.31396081953527,73.3,False
sleeper_adp,drafted_top180,B,pooled_2024_2025,0.0,349,position,QB,20,12,6,2,0.6,0.3865815007622531,0.781193467627183,18,0.6666666666666666,1.75,0.5,0.5009691628558972,126.65,False
sleeper_adp,drafted_top180,B,pooled_2024_2025,0.0,349,position,RB,62,45,14,3,0.7258064516129032,0.6040746035801102,0.8211893638579796,59,0.7627118644067796,1.935483870967742,2.5,0.6428351107034903,91.85,False
sleeper_adp,drafted_top180,B,pooled_2024_2025,0.0,349,position,TE,23,14,8,1,0.6086956521739131,0.4078552239138171,0.7784237720752205,22,0.6363636363636364,1.565217391304348,3.0,0.5044467995982983,108.5,False
sleeper_adp,drafted_top180,B,pooled_2024_2025,0.0,349,position,WR,56,35,21,0,0.625,0.4940536590850181,0.7398978567352911,56,0.625,-1.375,-4.0,0.4029143337402857,92.65,False
sleeper_adp,drafted_top180,B,pooled_2024_2025,0.0,349,season,2024,85,63,21,1,0.7411764705882353,0.639077247708533,0.8224190012752776,84,0.75,-0.5058823529411764,1.0,0.6584146496110914,93.4,False
sleeper_adp,drafted_top180,B,pooled_2024_2025,0.0,349,season,2025,76,43,28,5,0.5657894736842105,0.4538575306835998,0.6713906818078296,71,0.6056338028169014,2.0657894736842106,2.0,0.3466737417598235,100.85,False
sleeper_adp,drafted_top180,B,pooled_2024_2025,0.0,349,group,rookie,19,12,6,1,0.631578947368421,0.4103953316480306,0.8085048725486492,18,0.6666666666666666,2.5789473684210527,2.0,0.7636731812009534,138.7,False
sleeper_adp,drafted_top180,B,pooled_2024_2025,0.0,349,group,veteran,142,94,43,5,0.6619718309859155,0.5808148814735217,0.734596116002546,137,0.6861313868613139,0.4577464788732394,1.0,0.4922496973689252,94.05,False
sleeper_adp,drafted_top180,B,pooled_2024_2025,5.0,349,all,all,39,34,4,1,0.8717948717948718,0.7329425662025455,0.9439718246302862,38,0.8947368421052632,3.333333333333333,2.0,0.8021155489008583,120.0,False
sleeper_adp,drafted_top180,B,pooled_2024_2025,5.0,349,direction,buy,21,18,2,1,0.8571428571428571,0.6536393971937906,0.9501898750027472,20,0.9,17.80952380952381,20.0,0.3564698909200188,165.2,False
sleeper_adp,drafted_top180,B,pooled_2024_2025,5.0,349,direction,fade,18,16,2,0,0.8888888888888888,0.672002348698212,0.9689804773543876,18,0.8888888888888888,-13.555555555555555,-12.0,0.6453251041290283,75.94999999999999,False
sleeper_adp,drafted_top180,B,pooled_2024_2025,5.0,349,position,QB,2,2,0,0,1.0,0.342380227506653,1.0,2,1.0,4.5,4.5,,131.95,True
sleeper_adp,drafted_top180,B,pooled_2024_2025,5.0,349,position,RB,20,18,1,1,0.9,0.6989663547715128,0.972133518786232,19,0.9473684210526316,4.55,3.5,0.9091462226722522,122.95,False
sleeper_adp,drafted_top180,B,pooled_2024_2025,5.0,349,position,WR,17,14,3,0,0.8235294117647058,0.5897054143116588,0.93808873362379,17,0.8235294117647058,1.7647058823529411,-5.0,0.7099759078540011,120.0,False
sleeper_adp,drafted_top180,B,pooled_2024_2025,5.0,349,season,2024,28,25,3,0,0.8928571428571429,0.7280414845132785,0.9628816331707,28,0.8928571428571429,1.5357142857142858,-0.5,0.8332428902293059,113.05,False
sleeper_adp,drafted_top180,B,pooled_2024_2025,5.0,349,season,2025,11,9,1,1,0.8181818181818182,0.523019438039156,0.9486323102539148,10,0.9,7.909090909090909,6.0,0.7477378904816533,161.1,False
sleeper_adp,drafted_top180,B,pooled_2024_2025,5.0,349,group,rookie,8,7,1,0,0.875,0.5291118177871464,0.9775825085499432,8,0.875,3.75,-0.5,0.9518763181059628,132.05,True
sleeper_adp,drafted_top180,B,pooled_2024_2025,5.0,349,group,veteran,31,27,3,1,0.8709677419354839,0.7114759374369357,0.9486571562537084,30,0.9,3.225806451612903,2.0,0.7996172294223758,110.8,False
sleeper_adp,drafted_top180,B,pooled_2024_2025,7.5,349,all,all,28,26,2,0,0.9285714285714286,0.7735463743160095,0.9801879358846942,28,0.9285714285714286,4.5,5.5,0.8439845002547831,128.0,False
sleeper_adp,drafted_top180,B,pooled_2024_2025,7.5,349,direction,buy,16,15,1,0,0.9375,0.7167126242970107,0.9888806552353576,16,0.9375,20.375,21.0,0.4064045020814488,169.05,False
sleeper_adp,drafted_top180,B,pooled_2024_2025,7.5,349,direction,fade,12,11,1,0,0.9166666666666666,0.646120088858883,0.9851349055950828,12,0.9166666666666666,-16.666666666666668,-15.5,0.66254833127987,83.3,False
sleeper_adp,drafted_top180,B,pooled_2024_2025,7.5,349,position,QB,1,1,0,0,1.0,0.2065493143772374,1.0,1,1.0,-11.0,-11.0,,53.7,True
sleeper_adp,drafted_top180,B,pooled_2024_2025,7.5,349,position,RB,14,14,0,0,1.0,0.7846891972623643,1.0,14,1.0,9.285714285714286,9.5,0.8623088065304073,147.8,False
sleeper_adp,drafted_top180,B,pooled_2024_2025,7.5,349,position,WR,13,11,2,0,0.8461538461538461,0.5776536898051745,0.9567418216419186,13,0.8461538461538461,0.5384615384615384,-10.0,0.7853215725902929,120.0,False
sleeper_adp,drafted_top180,B,pooled_2024_2025,7.5,349,season,2024,22,20,2,0,0.9090909090909092,0.7218505315839417,0.9747045710090046,22,0.9090909090909092,1.8636363636363635,4.0,0.8699637565154255,117.65,False
sleeper_adp,drafted_top180,B,pooled_2024_2025,7.5,349,season,2025,6,6,0,0,1.0,0.6096657120978346,1.0,6,1.0,14.166666666666666,12.0,0.8533103351879247,163.14999999999998,True
sleeper_adp,drafted_top180,B,pooled_2024_2025,7.5,349,group,rookie,8,7,1,0,0.875,0.5291118177871464,0.9775825085499432,8,0.875,3.75,-0.5,0.9518763181059628,132.05,True
sleeper_adp,drafted_top180,B,pooled_2024_2025,7.5,349,group,veteran,20,19,1,0,0.95,0.763868806553258,0.9911185511992048,20,0.95,4.8,9.5,0.8336592245865523,125.3,False
sleeper_adp,drafted_top180,B,pooled_2024_2025,10.0,349,all,all,14,14,0,0,1.0,0.7846891972623643,1.0,14,1.0,2.642857142857143,1.0,0.900124847896498,128.0,False
sleeper_adp,drafted_top180,B,pooled_2024_2025,10.0,349,direction,buy,7,7,0,0,1.0,0.6456695649333126,1.0,7,1.0,26.0,28.0,0.2058323268554079,172.9,True
sleeper_adp,drafted_top180,B,pooled_2024_2025,10.0,349,direction,fade,7,7,0,0,1.0,0.6456695649333126,1.0,7,1.0,-20.714285714285715,-16.0,0.9537037037037036,90.3,True
sleeper_adp,drafted_top180,B,pooled_2024_2025,10.0,349,position,RB,6,6,0,0,1.0,0.6096657120978346,1.0,6,1.0,8.833333333333334,15.0,0.819688599970537,147.89999999999998,True
sleeper_adp,drafted_top180,B,pooled_2024_2025,10.0,349,position,WR,8,8,0,0,1.0,0.6755924351161198,1.0,8,1.0,-2.0,-13.0,0.9394111922831736,122.7,True
sleeper_adp,drafted_top180,B,pooled_2024_2025,10.0,349,season,2024,11,11,0,0,1.0,0.7411670330319684,1.0,11,1.0,-0.6363636363636364,-10.0,0.9334862385321102,125.4,False
sleeper_adp,drafted_top180,B,pooled_2024_2025,10.0,349,season,2025,3,3,0,0,1.0,0.4385029682449546,1.0,3,1.0,14.666666666666666,18.0,0.8660254037844387,165.2,True
sleeper_adp,drafted_top180,B,pooled_2024_2025,10.0,349,group,rookie,2,2,0,0,1.0,0.342380227506653,1.0,2,1.0,-13.0,-13.0,,99.1,True
sleeper_adp,drafted_top180,B,pooled_2024_2025,10.0,349,group,veteran,12,12,0,0,1.0,0.7575059933447592,1.0,12,1.0,5.25,15.0,0.8460508288587225,137.55,False
sleeper_adp,drafted_top180,B,pooled_2023_2025,0.0,523,all,all,235,158,69,8,0.6723404255319149,0.6099790645844206,0.7291580366539755,227,0.6960352422907489,1.0851063829787233,1.0,0.5149635986835401,100.5,False
sleeper_adp,drafted_top180,B,pooled_2023_2025,0.0,523,direction,buy,123,86,35,2,0.6991869918699187,0.6131159096641785,0.7731931130763079,121,0.7107438016528925,6.9105691056910565,6.0,0.4538713060125832,130.6,False
sleeper_adp,drafted_top180,B,pooled_2023_2025,0.0,523,direction,fade,112,72,34,6,0.6428571428571429,0.5507355016059547,0.7255041135177758,106,0.6792452830188679,-5.3125,-4.0,0.2854888858572048,77.6,False
sleeper_adp,drafted_top180,B,pooled_2023_2025,0.0,523,position,QB,27,18,7,2,0.6666666666666666,0.4782476050732007,0.8135673850128435,25,0.72,0.3703703703703703,0.0,0.4644954969476213,126.3,False
sleeper_adp,drafted_top180,B,pooled_2023_2025,0.0,523,position,RB,85,63,19,3,0.7411764705882353,0.639077247708533,0.8224190012752776,82,0.7682926829268293,2.4235294117647057,2.0,0.670794332494205,96.5,False
sleeper_adp,drafted_top180,B,pooled_2023_2025,0.0,523,position,TE,35,21,11,3,0.6,0.435727090128925,0.7444927114061941,32,0.65625,1.0,2.0,0.4775250921362491,114.7,False
sleeper_adp,drafted_top180,B,pooled_2023_2025,0.0,523,position,WR,88,56,32,0,0.6363636363636364,0.5321128870350564,0.7292070038745184,88,0.6363636363636364,0.0454545454545454,-2.0,0.409782265238046,94.3,False
sleeper_adp,drafted_top180,B,pooled_2023_2025,0.0,523,season,2023,74,52,20,2,0.7027027027027027,0.5906708986801543,0.794727839402392,72,0.7222222222222222,1.9054054054054053,-0.5,0.5218689648568885,105.9,False
sleeper_adp,drafted_top180,B,pooled_2023_2025,0.0,523,season,2024,85,63,21,1,0.7411764705882353,0.639077247708533,0.8224190012752776,84,0.75,-0.5058823529411764,1.0,0.6584146496110914,93.4,False
sleeper_adp,drafted_top180,B,pooled_2023_2025,0.0,523,season,2025,76,43,28,5,0.5657894736842105,0.4538575306835998,0.6713906818078296,71,0.6056338028169014,2.0657894736842106,2.0,0.3466737417598235,100.85,False
sleeper_adp,drafted_top180,B,pooled_2023_2025,0.0,523,group,rookie,32,19,11,2,0.59375,0.4226002487538287,0.7448036515733456,30,0.6333333333333333,4.75,2.5,0.6202724879002985,155.25,False
sleeper_adp,drafted_top180,B,pooled_2023_2025,0.0,523,group,veteran,203,139,58,6,0.6847290640394089,0.6178868956266222,0.7447096574416662,197,0.7055837563451777,0.5073891625615764,1.0,0.5235560839070494,93.4,False
sleeper_adp,drafted_top180,B,pooled_2023_2025,5.0,523,all,all,57,50,6,1,0.8771929824561403,0.7675355156482598,0.9392193984100192,56,0.8928571428571429,3.754385964912281,3.0,0.7809431361147663,120.0,False
sleeper_adp,drafted_top180,B,pooled_2023_2025,5.0,523,direction,buy,31,27,3,1,0.8709677419354839,0.7114759374369357,0.9486571562537084,30,0.9,19.161290322580644,20.0,0.3009482670507892,161.1,False
sleeper_adp,drafted_top180,B,pooled_2023_2025,5.0,523,direction,fade,26,23,3,0,0.8846153846153846,0.7102409678828635,0.9599675537638938,26,0.8846153846153846,-14.615384615384617,-14.0,0.4883548901105501,83.3,False
sleeper_adp,drafted_top180,B,pooled_2023_2025,5.0,523,position,QB,2,2,0,0,1.0,0.342380227506653,1.0,2,1.0,4.5,4.5,,131.95,True
sleeper_adp,drafted_top180,B,pooled_2023_2025,5.0,523,position,RB,29,27,1,1,0.9310344827586208,0.7803541984972431,0.9808787338305668,28,0.9642857142857144,4.931034482758621,5.0,0.8506019833365838,130.4,False
sleeper_adp,drafted_top180,B,pooled_2023_2025,5.0,523,position,WR,26,21,5,0,0.8076923076923077,0.6212374288068301,0.9149293885105758,26,0.8076923076923077,2.3846153846153846,0.0,0.7152455452864014,110.95,False
sleeper_adp,drafted_top180,B,pooled_2023_2025,5.0,523,season,2023,18,16,2,0,0.8888888888888888,0.672002348698212,0.9689804773543876,18,0.8888888888888888,4.666666666666667,9.0,0.7829766401940751,124.8,False
sleeper_adp,drafted_top180,B,pooled_2023_2025,5.0,523,season,2024,28,25,3,0,0.8928571428571429,0.7280414845132785,0.9628816331707,28,0.8928571428571429,1.5357142857142858,-0.5,0.8332428902293059,113.05,False
sleeper_adp,drafted_top180,B,pooled_2023_2025,5.0,523,season,2025,11,9,1,1,0.8181818181818182,0.523019438039156,0.9486323102539148,10,0.9,7.909090909090909,6.0,0.7477378904816533,161.1,False
sleeper_adp,drafted_top180,B,pooled_2023_2025,5.0,523,group,rookie,10,9,1,0,0.9,0.5958499732047615,0.9821237869049272,10,0.9,5.3,-0.5,0.9231861823449954,149.89999999999998,False
sleeper_adp,drafted_top180,B,pooled_2023_2025,5.0,523,group,veteran,47,41,5,1,0.8723404255319149,0.748260592072075,0.9401539580185662,46,0.8913043478260869,3.425531914893617,3.0,0.7795217150434345,110.8,False
sleeper_adp,drafted_top180,B,pooled_2023_2025,7.5,523,all,all,38,35,3,0,0.9210526315789472,0.7920062854222853,0.9727854044930122,38,0.9210526315789472,4.052631578947368,5.5,0.8206742186793542,128.0,False
sleeper_adp,drafted_top180,B,pooled_2023_2025,7.5,523,direction,buy,22,20,2,0,0.9090909090909092,0.7218505315839417,0.9747045710090046,22,0.9090909090909092,20.863636363636363,22.0,0.4452340376742753,167.95,False
sleeper_adp,drafted_top180,B,pooled_2023_2025,7.5,523,direction,fade,16,15,1,0,0.9375,0.7167126242970107,0.9888806552353576,16,0.9375,-19.0625,-19.0,0.1797278734626367,83.3,False
sleeper_adp,drafted_top180,B,pooled_2023_2025,7.5,523,position,QB,1,1,0,0,1.0,0.2065493143772374,1.0,1,1.0,-11.0,-11.0,,53.7,True
sleeper_adp,drafted_top180,B,pooled_2023_2025,7.5,523,position,RB,18,18,0,0,1.0,0.8241207763533425,1.0,18,1.0,9.833333333333334,12.0,0.8715600643140977,147.8,False
sleeper_adp,drafted_top180,B,pooled_2023_2025,7.5,523,position,WR,19,16,3,0,0.8421052631578947,0.6243452472967093,0.9447952836146584,19,0.8421052631578947,-0.631578947368421,-10.0,0.726562613325086,101.9,False
sleeper_adp,drafted_top180,B,pooled_2023_2025,7.5,523,season,2023,10,9,1,0,0.9,0.5958499732047615,0.9821237869049272,10,0.9,2.8,6.0,0.8422061766906231,120.6,False
sleeper_adp,drafted_top180,B,pooled_2023_2025,7.5,523,season,2024,22,20,2,0,0.9090909090909092,0.7218505315839417,0.9747045710090046,22,0.9090909090909092,1.8636363636363635,4.0,0.8699637565154255,117.65,False
sleeper_adp,drafted_top180,B,pooled_2023_2025,7.5,523,season,2025,6,6,0,0,1.0,0.6096657120978346,1.0,6,1.0,14.166666666666666,12.0,0.8533103351879247,163.14999999999998,True
sleeper_adp,drafted_top180,B,pooled_2023_2025,7.5,523,group,rookie,9,8,1,0,0.8888888888888888,0.5650002944233439,0.9801091123614551,9,0.8888888888888888,6.777777777777778,3.0,0.9534073144497984,138.7,True
sleeper_adp,drafted_top180,B,pooled_2023_2025,7.5,523,group,veteran,29,27,2,0,0.9310344827586208,0.7803541984972431,0.9808787338305668,29,0.9310344827586208,3.206896551724138,7.0,0.8439930068599335,120.0,False
sleeper_adp,drafted_top180,B,pooled_2023_2025,10.0,523,all,all,19,19,0,0,1.0,0.8318207759473837,1.0,19,1.0,4.2631578947368425,12.0,0.8608741220540674,130.6,False
sleeper_adp,drafted_top180,B,pooled_2023_2025,10.0,523,direction,buy,10,10,0,0,1.0,0.7224672001371107,1.0,10,1.0,27.2,29.0,0.3449649065949483,171.8,False
sleeper_adp,drafted_top180,B,pooled_2023_2025,10.0,523,direction,fade,9,9,0,0,1.0,0.7008549515804559,1.0,9,1.0,-21.22222222222222,-22.0,0.5489411402772777,92.1,True
sleeper_adp,drafted_top180,B,pooled_2023_2025,10.0,523,position,RB,9,9,0,0,1.0,0.7008549515804559,1.0,9,1.0,9.444444444444445,18.0,0.7967246167544523,165.2,True
sleeper_adp,drafted_top180,B,pooled_2023_2025,10.0,523,position,WR,10,10,0,0,1.0,0.7224672001371107,1.0,10,1.0,-0.4,-13.0,0.8899124181208967,122.7,False
sleeper_adp,drafted_top180,B,pooled_2023_2025,10.0,523,season,2023,5,5,0,0,1.0,0.5655175352168251,1.0,5,1.0,8.8,23.0,0.9746794344808964,154.6,True
sleeper_adp,drafted_top180,B,pooled_2023_2025,10.0,523,season,2024,11,11,0,0,1.0,0.7411670330319684,1.0,11,1.0,-0.6363636363636364,-10.0,0.9334862385321102,125.4,False
sleeper_adp,drafted_top180,B,pooled_2023_2025,10.0,523,season,2025,3,3,0,0,1.0,0.4385029682449546,1.0,3,1.0,14.666666666666666,18.0,0.8660254037844387,165.2,True
sleeper_adp,drafted_top180,B,pooled_2023_2025,10.0,523,group,rookie,2,2,0,0,1.0,0.342380227506653,1.0,2,1.0,-13.0,-13.0,,99.1,True
sleeper_adp,drafted_top180,B,pooled_2023_2025,10.0,523,group,veteran,17,17,0,0,1.0,0.8156818649911483,1.0,17,1.0,6.294117647058823,18.0,0.846740523189545,144.5,False
sleeper_adp,drafted_top180,B,pooled_2021_2025,0.0,867,all,all,391,282,97,12,0.7212276214833759,0.6747948841225401,0.7633556599381407,379,0.7440633245382586,1.051150895140665,1.0,0.5380500407619713,95.1,False
sleeper_adp,drafted_top180,B,pooled_2021_2025,0.0,867,direction,buy,200,150,46,4,0.75,0.6856590168795417,0.8049183199318249,196,0.7653061224489796,7.855,6.0,0.4674585254625037,126.45,False
sleeper_adp,drafted_top180,B,pooled_2021_2025,0.0,867,direction,fade,191,132,51,8,0.6910994764397905,0.6223460426051248,0.7523175451232926,183,0.7213114754098361,-6.073298429319372,-5.0,0.174431586070292,68.5,False
sleeper_adp,drafted_top180,B,pooled_2021_2025,0.0,867,position,QB,43,32,9,2,0.7441860465116279,0.5976159650115332,0.8507048287619176,41,0.7804878048780488,0.5581395348837209,0.0,0.5791260960320405,113.8,False
sleeper_adp,drafted_top180,B,pooled_2021_2025,0.0,867,position,RB,138,106,29,3,0.7681159420289855,0.6910223792683624,0.830686862974736,135,0.7851851851851852,1.2173913043478262,1.0,0.5885549497793623,83.1,False
sleeper_adp,drafted_top180,B,pooled_2021_2025,0.0,867,position,TE,51,35,13,3,0.6862745098039216,0.5497300046930566,0.7967232153447456,48,0.7291666666666666,0.3529411764705882,1.0,0.5742184749689374,114.7,False
sleeper_adp,drafted_top180,B,pooled_2021_2025,0.0,867,position,WR,159,109,46,4,0.6855345911949685,0.60971093672005,0.7526046580141221,155,0.7032258064516129,1.2641509433962264,1.0,0.511287541525343,93.2,False
sleeper_adp,drafted_top180,B,pooled_2021_2025,0.0,867,season,2021,76,62,12,2,0.8157894736842105,0.7142173789108908,0.8869740410479698,74,0.8378378378378378,0.3552631578947368,1.0,0.4280161310529426,75.44999999999999,False
sleeper_adp,drafted_top180,B,pooled_2021_2025,0.0,867,season,2022,80,62,16,2,0.775,0.6721321021639265,0.8526679265915337,78,0.7948717948717948,1.6125,0.5,0.6487070272948328,89.35,False
sleeper_adp,drafted_top180,B,pooled_2021_2025,0.0,867,season,2023,74,52,20,2,0.7027027027027027,0.5906708986801543,0.794727839402392,72,0.7222222222222222,1.9054054054054053,-0.5,0.5218689648568885,105.9,False
sleeper_adp,drafted_top180,B,pooled_2021_2025,0.0,867,season,2024,85,63,21,1,0.7411764705882353,0.639077247708533,0.8224190012752776,84,0.75,-0.5058823529411764,1.0,0.6584146496110914,93.4,False
sleeper_adp,drafted_top180,B,pooled_2021_2025,0.0,867,season,2025,76,43,28,5,0.5657894736842105,0.4538575306835998,0.6713906818078296,71,0.6056338028169014,2.0657894736842106,2.0,0.3466737417598235,100.85,False
sleeper_adp,drafted_top180,B,pooled_2021_2025,0.0,867,group,rookie,49,31,16,2,0.6326530612244898,0.4926706756079242,0.7533482703131686,47,0.6595744680851063,7.775510204081633,5.0,0.5198960894132946,146.4,False
sleeper_adp,drafted_top180,B,pooled_2021_2025,0.0,867,group,veteran,342,251,81,10,0.7339181286549707,0.684673717124848,0.7779660153860943,332,0.7560240963855421,0.087719298245614,0.0,0.5665089617781971,88.05,False
sleeper_adp,drafted_top180,B,pooled_2021_2025,5.0,867,all,all,101,84,14,3,0.8316831683168316,0.7468879108136176,0.8921722544458838,98,0.8571428571428571,4.346534653465347,3.0,0.7349089798361575,104.9,False
sleeper_adp,drafted_top180,B,pooled_2021_2025,5.0,867,direction,buy,55,47,6,2,0.8545454545454545,0.7383908706854773,0.9244071085224068,53,0.8867924528301887,18.381818181818183,20.0,0.3109925718970578,134.7,False
sleeper_adp,drafted_top180,B,pooled_2021_2025,5.0,867,direction,fade,46,37,8,1,0.8043478260869565,0.6682874107701539,0.8934938986560147,45,0.8222222222222222,-12.434782608695652,-11.5,0.279329200683286,73.5,False
sleeper_adp,drafted_top180,B,pooled_2021_2025,5.0,867,position,QB,3,3,0,0,1.0,0.4385029682449546,1.0,3,1.0,1.3333333333333333,-5.0,0.8660254037844387,73.2,True
sleeper_adp,drafted_top180,B,pooled_2021_2025,5.0,867,position,RB,42,35,6,1,0.8333333333333334,0.6939599725535115,0.9168408335360192,41,0.8536585365853658,5.047619047619048,5.0,0.692878245387758,108.65,False
sleeper_adp,drafted_top180,B,pooled_2021_2025,5.0,867,position,WR,56,46,8,2,0.8214285714285714,0.7015881796334894,0.900001432475877,54,0.8518518518518519,3.982142857142857,3.0,0.7598417925630114,103.4,False
sleeper_adp,drafted_top180,B,pooled_2021_2025,5.0,867,season,2021,13,9,3,1,0.6923076923076923,0.4236934318054903,0.8731929634428948,12,0.75,7.076923076923077,8.0,0.7925318784037785,124.8,False
sleeper_adp,drafted_top180,B,pooled_2021_2025,5.0,867,season,2022,31,25,5,1,0.8064516129032258,0.6371974218820453,0.908129916384139,30,0.8333333333333334,4.290322580645161,1.0,0.6443532627588957,74.4,False
sleeper_adp,drafted_top180,B,pooled_2021_2025,5.0,867,season,2023,18,16,2,0,0.8888888888888888,0.672002348698212,0.9689804773543876,18,0.8888888888888888,4.666666666666667,9.0,0.7829766401940751,124.8,False
sleeper_adp,drafted_top180,B,pooled_2021_2025,5.0,867,season,2024,28,25,3,0,0.8928571428571429,0.7280414845132785,0.9628816331707,28,0.8928571428571429,1.5357142857142858,-0.5,0.8332428902293059,113.05,False
sleeper_adp,drafted_top180,B,pooled_2021_2025,5.0,867,season,2025,11,9,1,1,0.8181818181818182,0.523019438039156,0.9486323102539148,10,0.9,7.909090909090909,6.0,0.7477378904816533,161.1,False
sleeper_adp,drafted_top180,B,pooled_2021_2025,5.0,867,group,rookie,14,12,2,0,0.8571428571428571,0.6005862050302965,0.9599060787285352,14,0.8571428571428571,7.214285714285714,4.5,0.8584259875454576,132.05,False
sleeper_adp,drafted_top180,B,pooled_2021_2025,5.0,867,group,veteran,87,72,12,3,0.8275862068965517,0.7348297312608015,0.89263707453443,84,0.8571428571428571,3.885057471264368,3.0,0.7492382638706484,101.5,False
sleeper_adp,drafted_top180,B,pooled_2021_2025,7.5,867,all,all,68,60,7,1,0.8823529411764706,0.784650962802083,0.9391650739766866,67,0.8955223880597015,5.352941176470588,6.5,0.7675082301325349,105.7,False
sleeper_adp,drafted_top180,B,pooled_2021_2025,7.5,867,direction,buy,40,36,4,0,0.9,0.7694822477247771,0.9604204713173936,40,0.9,20.2,22.0,0.3465144665892844,149.55,False
sleeper_adp,drafted_top180,B,pooled_2021_2025,7.5,867,direction,fade,28,24,3,1,0.8571428571428571,0.685101978364747,0.943009946802506,27,0.8888888888888888,-15.857142857142858,-15.5,0.1725927890048954,73.0,False
sleeper_adp,drafted_top180,B,pooled_2021_2025,7.5,867,position,QB,2,2,0,0,1.0,0.342380227506653,1.0,2,1.0,-8.0,-8.0,,63.45,True
sleeper_adp,drafted_top180,B,pooled_2021_2025,7.5,867,position,RB,27,24,3,0,0.8888888888888888,0.7194219918172017,0.9614796517169016,27,0.8888888888888888,9.592592592592592,12.0,0.646370359116386,130.6,False
sleeper_adp,drafted_top180,B,pooled_2021_2025,7.5,867,position,WR,39,34,4,1,0.8717948717948718,0.7329425662025455,0.9439718246302862,38,0.8947368421052632,3.102564102564102,3.0,0.7936416863341077,100.7,False
sleeper_adp,drafted_top180,B,pooled_2021_2025,7.5,867,season,2021,7,7,0,0,1.0,0.6456695649333126,1.0,7,1.0,8.285714285714286,22.0,0.8,123.7,True
sleeper_adp,drafted_top180,B,pooled_2021_2025,7.5,867,season,2022,23,18,4,1,0.782608695652174,0.5809651698373599,0.903360219734138,22,0.8181818181818182,6.608695652173913,11.0,0.6864942176722567,94.3,False
sleeper_adp,drafted_top180,B,pooled_2021_2025,7.5,867,season,2023,10,9,1,0,0.9,0.5958499732047615,0.9821237869049272,10,0.9,2.8,6.0,0.8422061766906231,120.6,False
sleeper_adp,drafted_top180,B,pooled_2021_2025,7.5,867,season,2024,22,20,2,0,0.9090909090909092,0.7218505315839417,0.9747045710090046,22,0.9090909090909092,1.8636363636363635,4.0,0.8699637565154255,117.65,False
sleeper_adp,drafted_top180,B,pooled_2021_2025,7.5,867,season,2025,6,6,0,0,1.0,0.6096657120978346,1.0,6,1.0,14.166666666666666,12.0,0.8533103351879247,163.14999999999998,True
sleeper_adp,drafted_top180,B,pooled_2021_2025,7.5,867,group,rookie,12,10,2,0,0.8333333333333334,0.5519691377470266,0.9530348578161464,12,0.8333333333333334,6.416666666666667,4.5,0.9117120056348832,132.05,False
sleeper_adp,drafted_top180,B,pooled_2021_2025,7.5,867,group,veteran,56,50,5,1,0.8928571428571429,0.7853155482892853,0.9499606442888292,55,0.9090909090909092,5.125,9.0,0.7824036736084738,101.7,False
sleeper_adp,drafted_top180,B,pooled_2021_2025,10.0,867,all,all,35,33,1,1,0.9428571428571428,0.8139294257983507,0.9841868381428912,34,0.9705882352941176,7.057142857142857,17.0,0.815473780653309,118.1,False
sleeper_adp,drafted_top180,B,pooled_2021_2025,10.0,867,direction,buy,21,20,1,0,0.9523809523809524,0.7733063992587743,0.9915440121901736,21,0.9523809523809524,24.285714285714285,26.0,0.400483173191117,154.6,False
sleeper_adp,drafted_top180,B,pooled_2021_2025,10.0,867,direction,fade,14,13,0,1,0.9285714285714286,0.6853129557584889,0.9872777847521093,13,1.0,-18.785714285714285,-18.5,0.3385179760893119,82.05,False
sleeper_adp,drafted_top180,B,pooled_2021_2025,10.0,867,position,RB,14,13,1,0,0.9285714285714286,0.6853129557584889,0.9872777847521093,14,0.9285714285714286,7.428571428571429,14.5,0.6051620991281312,109.05,False
sleeper_adp,drafted_top180,B,pooled_2021_2025,10.0,867,position,WR,21,20,0,1,0.9523809523809524,0.7733063992587743,0.9915440121901736,20,1.0,6.809523809523809,17.0,0.9080234833659492,120.0,False
sleeper_adp,drafted_top180,B,pooled_2021_2025,10.0,867,season,2021,3,3,0,0,1.0,0.4385029682449546,1.0,3,1.0,26.0,26.0,0.5,132.4,True
sleeper_adp,drafted_top180,B,pooled_2021_2025,10.0,867,season,2022,13,11,1,1,0.8461538461538461,0.5776536898051745,0.9567418216419186,12,0.9166666666666666,6.769230769230769,11.0,0.787295821622217,95.1,False
sleeper_adp,drafted_top180,B,pooled_2021_2025,10.0,867,season,2023,5,5,0,0,1.0,0.5655175352168251,1.0,5,1.0,8.8,23.0,0.9746794344808964,154.6,True
sleeper_adp,drafted_top180,B,pooled_2021_2025,10.0,867,season,2024,11,11,0,0,1.0,0.7411670330319684,1.0,11,1.0,-0.6363636363636364,-10.0,0.9334862385321102,125.4,False
sleeper_adp,drafted_top180,B,pooled_2021_2025,10.0,867,season,2025,3,3,0,0,1.0,0.4385029682449546,1.0,3,1.0,14.666666666666666,18.0,0.8660254037844387,165.2,True
sleeper_adp,drafted_top180,B,pooled_2021_2025,10.0,867,group,rookie,4,4,0,0,1.0,0.5101091635454027,1.0,4,1.0,-7.0,-13.0,1.0,106.6,True
sleeper_adp,drafted_top180,B,pooled_2021_2025,10.0,867,group,veteran,31,29,1,1,0.935483870967742,0.7928136326370188,0.9821252164780854,30,0.9666666666666668,8.870967741935484,17.0,0.7845084570064366,120.0,False
underdog_final_window,all_adp,A,pooled_2024_2025,0.0,721,all,all,451,330,113,8,0.7317073170731707,0.6889849415044565,0.7705158272730687,443,0.744920993227991,1.7383592017738358,2.0,0.6235907464079105,197.5,False
underdog_final_window,all_adp,A,pooled_2024_2025,5.0,721,all,all,245,199,45,1,0.8122448979591836,0.7586652207023615,0.8561840922903182,244,0.8155737704918032,2.473469387755102,1.0,0.7362404905142879,203.52631578947367,False
underdog_final_window,all_adp,A,pooled_2024_2025,7.5,721,all,all,204,172,32,0,0.8431372549019608,0.7869486355886571,0.8866417096406779,204,0.8431372549019608,2.215686274509804,1.0,0.7691285176054684,203.51315789473682,False
underdog_final_window,all_adp,A,pooled_2024_2025,10.0,721,all,all,163,141,22,0,0.8650306748466258,0.8041015025973851,0.9091504723082663,163,0.8650306748466258,1.1717791411042944,-1.0,0.797043226434616,203.52631578947367,False
underdog_final_window,all_adp,A,pooled_2023_2025,0.0,970,all,all,581,418,149,14,0.7194492254733219,0.6815680943244615,0.7544475064063687,567,0.7372134038800705,1.144578313253012,1.0,0.6102384501491027,186.10564784053156,False
underdog_final_window,all_adp,A,pooled_2023_2025,5.0,970,all,all,296,242,52,2,0.8175675675675675,0.7695966274940903,0.8574013891892011,294,0.8231292517006803,2.668918918918919,2.0,0.7239546077780113,202.4894736842105,False
underdog_final_window,all_adp,A,pooled_2023_2025,7.5,970,all,all,234,196,37,1,0.8376068376068376,0.7849664840837483,0.8793415839184513,233,0.8412017167381974,2.0384615384615383,1.0,0.765711395399784,202.9101323007422,False
underdog_final_window,all_adp,A,pooled_2023_2025,10.0,970,all,all,181,157,23,1,0.8674033149171271,0.8102845314609839,0.9092510145607393,180,0.8722222222222222,0.994475138121547,-1.0,0.7931836443195632,203.0,False
underdog_final_window,all_adp,A,pooled_2021_2025,0.0,1419,all,all,836,597,214,25,0.7141148325358851,0.6825614693159653,0.7437094610364178,811,0.7361282367447596,1.3421052631578947,1.0,0.5821621891474226,165.70383561643837,False
underdog_final_window,all_adp,A,pooled_2021_2025,5.0,1419,all,all,388,313,72,3,0.8067010309278351,0.7644799631909813,0.8429085472445832,385,0.812987012987013,3.520618556701031,3.0,0.711244689876736,195.94503136666282,False
underdog_final_window,all_adp,A,pooled_2021_2025,7.5,1419,all,all,306,254,50,2,0.8300653594771242,0.7839542466598006,0.8679920770143912,304,0.8355263157894737,2.9836601307189543,3.0,0.7490026403073633,197.56244396076738,False
underdog_final_window,all_adp,A,pooled_2021_2025,10.0,1419,all,all,225,195,28,2,0.8666666666666667,0.8160406625343364,0.9049825333948756,223,0.874439461883408,2.391111111111111,1.0,0.7826570300436436,200.0,False
underdog_final_window,all_adp,B,pooled_2024_2025,0.0,721,all,all,442,322,110,10,0.7285067873303167,0.685209627866233,0.7678662267981471,432,0.7453703703703703,1.3054298642533937,2.0,0.6117279223050835,196.33064672281924,False
underdog_final_window,all_adp,B,pooled_2024_2025,5.0,721,all,all,234,189,43,2,0.8076923076923077,0.7523896551088429,0.85305567269063,232,0.8146551724137931,0.7991452991452992,-1.0,0.7457966970887925,203.1252138889016,False
underdog_final_window,all_adp,B,pooled_2024_2025,7.5,721,all,all,195,165,29,1,0.8461538461538461,0.788873469350839,0.8900593890212003,194,0.8505154639175257,1.235897435897436,0.0,0.7727804769226696,203.41324921135646,False
underdog_final_window,all_adp,B,pooled_2024_2025,10.0,721,all,all,156,133,22,1,0.8525641025641025,0.7884789138447561,0.8997029934750154,155,0.8580645161290322,-0.15384615384615385,-4.0,0.8070945345567879,203.41217523205165,False
underdog_final_window,all_adp,B,pooled_2023_2025,0.0,970,all,all,570,410,144,16,0.7192982456140351,0.6810363569821383,0.75462404391287,554,0.740072202166065,0.6035087719298246,0.5,0.6004851746886631,185.60999029520178,False
underdog_final_window,all_adp,B,pooled_2023_2025,5.0,970,all,all,284,232,48,4,0.8169014084507042,0.7677938802447309,0.8575503656379578,280,0.8285714285714286,1.0422535211267605,0.0,0.7290552600619845,201.20376134889753,False
underdog_final_window,all_adp,B,pooled_2023_2025,7.5,970,all,all,226,189,34,3,0.8362831858407079,0.7824973957625693,0.8788280273351822,223,0.8475336322869955,0.9336283185840708,0.0,0.7675590626926974,201.97646386937797,False
underdog_final_window,all_adp,B,pooled_2023_2025,10.0,970,all,all,174,148,24,2,0.8505747126436781,0.7900615387883905,0.895942730457987,172,0.8604651162790697,-0.3103448275862069,-4.0,0.8018943704529756,202.9101323007422,False
underdog_final_window,all_adp,B,pooled_2021_2025,0.0,1419,all,all,812,584,206,22,0.7192118226600985,0.6873260210597233,0.7490332692791143,790,0.739240506329114,0.6440886699507389,1.0,0.572621405125698,162.98005232177894,False
underdog_final_window,all_adp,B,pooled_2021_2025,5.0,1419,all,all,366,297,65,4,0.8114754098360656,0.7682468501994095,0.848233521490176,362,0.8204419889502762,1.953551912568306,1.0,0.7186051687636121,192.35416666666669,False
underdog_final_window,all_adp,B,pooled_2021_2025,7.5,1419,all,all,292,243,46,3,0.8321917808219178,0.7850773460231619,0.8706792905663736,289,0.8408304498269896,1.8972602739726028,2.0,0.7546554282379622,196.0561424777739,False
underdog_final_window,all_adp,B,pooled_2021_2025,10.0,1419,all,all,212,182,28,2,0.8584905660377359,0.805175873914583,0.8990447185077045,210,0.8666666666666667,1.0471698113207548,-2.0,0.7934388562692337,199.34526129317982,False
underdog_final_window,drafted_top180,A,pooled_2024_2025,0.0,349,all,all,172,108,54,10,0.627906976744186,0.5536148828120255,0.6966105207707944,162,0.6666666666666666,0.813953488372093,0.0,0.45839356998291925,95.98492757405715,False
underdog_final_window,drafted_top180,A,pooled_2024_2025,5.0,349,all,all,49,37,9,3,0.7551020408163265,0.6191368101239605,0.8539765474166023,46,0.8043478260869565,0.9795918367346939,-2.0,0.6794069083632236,109.33355328274497,False
underdog_final_window,drafted_top180,A,pooled_2024_2025,7.5,349,all,all,30,26,3,1,0.8666666666666667,0.703186733179637,0.9469034451594526,29,0.896551724137931,2.7,-2.5,0.7367277832314009,111.56751344032841,False
underdog_final_window,drafted_top180,A,pooled_2024_2025,10.0,349,all,all,13,10,2,1,0.7692307692307693,0.49743624053272495,0.9182047128150143,12,0.8333333333333334,-0.15384615384615385,-8.0,0.8904308148368858,99.19692026621428,False
underdog_final_window,drafted_top180,A,pooled_2023_2025,0.0,523,all,all,264,170,78,16,0.6439393939393939,0.5844930779981001,0.699256869954797,248,0.6854838709677419,1.0568181818181819,0.0,0.4593930869166268,96.52529497166455,False
underdog_final_window,drafted_top180,A,pooled_2023_2025,5.0,523,all,all,74,56,14,4,0.7567567567567568,0.6479367133123634,0.8402350215921953,70,0.8,3.418918918918919,1.5,0.6872408743130516,110.32369951753066,False
underdog_final_window,drafted_top180,A,pooled_2023_2025,7.5,523,all,all,44,38,5,1,0.8636363636363636,0.7329054695148456,0.9359704550244412,43,0.8837209302325582,6.7727272727272725,9.0,0.7265421201630947,111.56751344032841,False
underdog_final_window,drafted_top180,A,pooled_2023_2025,10.0,523,all,all,20,16,3,1,0.8,0.5839825677481064,0.919342337420202,19,0.8421052631578947,5.65,7.0,0.788644510832484,105.59278752370682,False
underdog_final_window,drafted_top180,A,pooled_2021_2025,0.0,867,all,all,451,308,121,22,0.6829268292682927,0.6385893363202387,0.7241744285041233,429,0.717948717948718,1.057649667405765,1.0,0.5005657618358726,96.91590131460472,False
underdog_final_window,drafted_top180,A,pooled_2021_2025,5.0,867,all,all,129,101,24,4,0.7829457364341085,0.7041855996742583,0.8453416386447175,125,0.808,4.713178294573644,4.0,0.7066504585323423,106.01259583789704,False
underdog_final_window,drafted_top180,A,pooled_2021_2025,7.5,867,all,all,86,74,11,1,0.8604651162790697,0.7717630270008773,0.9183415284442853,85,0.8705882352941177,7.441860465116279,9.0,0.7382995830287556,100.96967366219096,False
underdog_final_window,drafted_top180,A,pooled_2021_2025,10.0,867,all,all,42,36,5,1,0.8571428571428571,0.7215891052555522,0.9328403298403735,41,0.8780487804878049,8.69047619047619,13.0,0.7671807514617789,97.50645961111836,False
underdog_final_window,drafted_top180,B,pooled_2024_2025,0.0,349,all,all,170,107,53,10,0.6294117647058823,0.5547017376450134,0.6984024430175699,160,0.66875,0.7,0.0,0.45875150676344584,95.98492757405715,False
underdog_final_window,drafted_top180,B,pooled_2024_2025,5.0,349,all,all,46,36,8,2,0.782608695652174,0.6442631262842105,0.8773909467543746,44,0.8181818181818182,0.6304347826086957,-2.5,0.6918839134709174,104.26523677447963,False
underdog_final_window,drafted_top180,B,pooled_2024_2025,7.5,349,all,all,28,25,3,0,0.8928571428571429,0.7280414845132785,0.9628816331707,28,0.8928571428571429,0.10714285714285714,-4.5,0.7435337939694202,111.56751344032841,False
underdog_final_window,drafted_top180,B,pooled_2024_2025,10.0,349,all,all,12,10,2,0,0.8333333333333334,0.5519691377470266,0.9530348578161463,12,0.8333333333333334,-2.4166666666666665,-9.0,0.8769785072618141,97.50645961111836,False
underdog_final_window,drafted_top180,B,pooled_2023_2025,0.0,523,all,all,261,170,77,14,0.6513409961685823,0.5917107587742017,0.7065809073107727,247,0.6882591093117408,0.6743295019157088,0.0,0.45790137024435057,96.15385619209187,False
underdog_final_window,drafted_top180,B,pooled_2023_2025,5.0,523,all,all,67,52,12,3,0.7761194029850746,0.6629303387922625,0.8593626887080634,64,0.8125,2.3582089552238807,0.0,0.6878407666671849,99.19692026621428,False
underdog_final_window,drafted_top180,B,pooled_2023_2025,7.5,523,all,all,41,36,5,0,0.8780487804878049,0.7445578847902312,0.9467666353142228,41,0.8780487804878049,4.560975609756097,7.0,0.7347828158308182,111.31384575231633,False
underdog_final_window,drafted_top180,B,pooled_2023_2025,10.0,523,all,all,19,16,3,0,0.8421052631578947,0.6243452472967093,0.9447952836146585,19,0.8421052631578947,4.2105263157894735,4.0,0.786949298156254,99.19692026621428,False
underdog_final_window,drafted_top180,B,pooled_2021_2025,0.0,867,all,all,444,303,120,21,0.6824324324324325,0.6377236482540702,0.7240115078134284,423,0.7163120567375887,0.7432432432432432,0.0,0.4921527494484381,96.0211763770346,False
underdog_final_window,drafted_top180,B,pooled_2021_2025,5.0,867,all,all,120,94,22,4,0.7833333333333333,0.7014563746709164,0.8476327643584851,116,0.8103448275862069,3.966666666666667,2.0,0.7026566625471167,101.35697475580889,False
underdog_final_window,drafted_top180,B,pooled_2021_2025,7.5,867,all,all,82,68,13,1,0.8292682926829268,0.733582609118571,0.8954840533294116,81,0.8395061728395061,6.402439024390244,8.0,0.7548589447401597,97.50645961111836,False
underdog_final_window,drafted_top180,B,pooled_2021_2025,10.0,867,all,all,39,34,4,1,0.8717948717948718,0.7329425662025455,0.9439718246302862,38,0.8947368421052632,8.282051282051283,16.0,0.7842771420951545,95.81599895602244,False
