season,player_id,player,pos,team,grp,group,is_rookie,norm_name,adp_half_ppr,adp_overall_rank,adp_pos_rank,pred,sleeper,y,model
2021,00-0036223,Jonathan Taylor,RB,IND,vet,veteran,0,jonathan taylor,9.8,9.0,9.0,178.7,285.2,353.1,lightgbm
2021,00-0032764,Derrick Henry,RB,TEN,vet,veteran,0,derrick henry,3.0,3.0,3.0,193.8,270.2,184.3,lightgbm
2021,00-0033699,Austin Ekeler,RB,LAC,vet,veteran,0,austin ekeler,13.7,13.0,10.0,145.2,224.5,308.8,lightgbm
2021,00-0033906,Alvin Kamara,RB,NO,vet,veteran,0,alvin kamara,4.6,4.0,4.0,190.5,282.0,211.2,lightgbm
2021,00-0033280,Christian McCaffrey,RB,CAR,vet,veteran,0,christian mccaffrey,1.0,1.0,1.0,145.2,319.3,109.0,lightgbm
2021,00-0033553,James Conner,RB,ARI,vet,veteran,0,james conner,97.7,97.0,36.0,144.3,177.3,239.2,lightgbm
2021,00-0033856,Leonard Fournette,RB,TB,vet,veteran,0,leonard fournette,85.7,85.0,33.0,98.7,170.0,221.1,lightgbm
2021,00-0034791,Nick Chubb,RB,CLE,vet,veteran,0,nick chubb,6.5,6.0,6.0,193.4,263.4,205.3,lightgbm
2021,00-0033893,Dalvin Cook,RB,MIN,vet,veteran,0,dalvin cook,2.7,2.0,2.0,207.9,296.3,189.3,lightgbm
2021,00-0036275,D'Andre Swift,RB,DET,vet,veteran,0,dandre swift,36.8,37.0,19.0,155.7,232.1,177.9,lightgbm
2021,00-0035685,David Montgomery,RB,CHI,vet,veteran,0,david montgomery,26.6,26.0,15.0,175.9,236.5,174.0,lightgbm
2021,00-0033897,Joe Mixon,RB,CIN,vet,veteran,0,joe mixon,17.4,17.0,12.0,157.5,241.7,266.9,lightgbm
2021,00-0030578,Cordarrelle Patterson,RB,ATL,vet,veteran,0,cordarrelle patterson,235.8,200.0,68.0,55.5,160.5,208.6,lightgbm
2021,00-0036328,Antonio Gibson,RB,WAS,vet,veteran,0,antonio gibson,21.4,21.0,13.0,164.1,238.9,208.1,lightgbm
2021,00-0033045,Ezekiel Elliott,RB,DAL,vet,veteran,0,ezekiel elliott,5.2,5.0,5.0,128.1,276.2,228.56,lightgbm
2021,00-0033293,Aaron Jones,RB,GB,vet,veteran,0,aaron jones,7.5,7.0,7.0,219.4,252.3,203.0,lightgbm
2021,00-0035657,Damien Harris,RB,NE,vet,veteran,0,damien harris,70.3,70.0,28.0,89.5,183.8,201.1,lightgbm
2021,00-0035700,Josh Jacobs,RB,LV,vet,veteran,0,josh jacobs,31.8,31.0,17.0,173.6,227.1,199.0,lightgbm
2021,00-0033923,Kareem Hunt,RB,CLE,vet,veteran,0,kareem hunt,52.6,52.0,23.0,124.5,174.3,99.0,lightgbm
2021,00-0034750,Rashaad Penny,RB,SEA,vet,veteran,0,rashaad penny,197.3,174.0,56.0,17.9,88.4,118.7,lightgbm
2021,00-0035664,Darrell Henderson,RB,LA,vet,veteran,0,darrell henderson,41.0,41.0,21.0,113.5,186.2,148.9,lightgbm
2021,00-0032144,Melvin Gordon,RB,DEN,vet,veteran,0,melvin gordon,76.6,76.0,32.0,123.9,158.0,181.1,lightgbm
2021,00-0035831,James Robinson,RB,JAX,vet,veteran,0,james robinson,33.0,33.0,18.0,197.1,239.3,158.4,lightgbm
2021,00-0033594,Chris Carson,RB,SEA,vet,veteran,0,chris carson,29.5,29.0,16.0,133.8,191.6,45.1,lightgbm
2021,00-0034844,Saquon Barkley,RB,NYG,vet,veteran,0,saquon barkley,7.6,8.0,8.0,65.2,248.1,128.1,lightgbm
2021,00-0032602,J.D. McKissic,RB,WAS,vet,veteran,0,jd mckissic,159.0,145.0,51.0,77.3,80.9,106.4,lightgbm
2021,00-0034681,Chase Edmonds,RB,ARI,vet,veteran,0,chase edmonds,60.8,60.0,25.0,121.5,148.5,121.8,lightgbm
2021,00-0036265,AJ Dillon,RB,GB,vet,veteran,0,aj dillon,100.4,100.0,37.0,55.1,188.3,168.60000000000002,lightgbm
2021,00-0035250,Devin Singletary,RB,BUF,vet,veteran,0,devin singletary,110.7,109.0,39.0,87.4,132.0,177.8,lightgbm
2021,00-0034301,Darrel Williams,RB,KC,vet,veteran,0,darrel williams,221.5,190.0,62.0,36.2,97.3,172.5,lightgbm
2021,00-0036360,Clyde Edwards-Helaire,RB,KC,vet,veteran,0,clyde edwardshelaire,22.6,22.0,14.0,151.3,225.1,108.1,lightgbm
2021,00-0035261,Tony Pollard,RB,DAL,vet,veteran,0,tony pollard,122.8,119.0,43.0,43.7,98.7,143.1,lightgbm
2021,00-0035311,Myles Gaskin,RB,MIA,vet,veteran,0,myles gaskin,51.1,51.0,22.0,127.0,169.6,149.1,lightgbm
2021,00-0031062,James White,RB,NE,vet,veteran,0,james white,167.8,150.0,52.0,48.6,82.5,25.200000000000003,lightgbm
2021,00-0034414,Boston Scott,RB,PHI,vet,veteran,0,boston scott,225.9,194.0,65.0,76.9,70.6,92.1,lightgbm
2021,00-0033948,Jamaal Williams,RB,DET,vet,veteran,0,jamaal williams,114.7,112.0,40.0,82.0,122.5,106.8,lightgbm
2021,00-0031285,Devonta Freeman,RB,BAL,vet,veteran,0,devonta freeman,557.9,393.0,107.0,64.8,81.7,129.6,lightgbm
2021,00-0035243,Miles Sanders,RB,PHI,vet,veteran,0,miles sanders,37.6,38.0,20.0,163.2,213.9,104.2,lightgbm
2021,00-0034253,Dontrell Hilliard,RB,TEN,vet,veteran,0,dontrell hilliard,543.0,385.0,105.0,10.9,62.2,63.2,lightgbm
2021,00-0032972,Devontae Booker,RB,NYG,vet,veteran,0,devontae booker,202.5,177.0,57.0,51.0,80.4,124.1,lightgbm
2021,00-0033118,Kenyan Drake,RB,LV,vet,veteran,0,kenyan drake,106.6,105.0,38.0,141.8,119.9,87.5,lightgbm
2021,00-0030513,Latavius Murray,RB,BAL,vet,veteran,0,latavius murray,153.8,140.0,49.0,71.3,88.1,98.6,lightgbm
2021,00-0034972,Alexander Mattison,RB,MIN,vet,veteran,0,alexander mattison,151.8,139.0,48.0,80.5,98.2,109.9,lightgbm
2021,00-0032063,Mike Davis,RB,ATL,vet,veteran,0,mike davis,55.4,55.0,24.0,121.8,171.0,116.2,lightgbm
2021,00-0027966,Mark Ingram,RB,HOU,vet,veteran,0,mark ingram,215.6,187.0,60.0,80.2,90.4,95.1,lightgbm
2021,00-0036251,Zack Moss,RB,BUF,vet,veteran,0,zack moss,94.5,94.0,35.0,84.7,138.3,93.7,lightgbm
2021,00-0034845,Sony Michel,RB,LA,vet,veteran,0,sony michel,118.1,115.0,42.0,36.7,117.0,135.8,lightgbm
2021,00-0035537,Ty Johnson,RB,NYJ,vet,veteran,0,ty johnson,210.0,182.0,59.0,57.3,98.9,100.0,lightgbm
2021,00-0029239,Brandon Bolden,RB,NE,vet,veteran,0,brandon bolden,544.0,386.0,106.0,-4.5,57.8,103.6,lightgbm
2021,00-0032426,Alex Collins,RB,SEA,vet,veteran,0,alex collins,602.8,414.0,116.0,30.2,50.4,64.3,lightgbm
2021,00-0034440,Justin Jackson,RB,LAC,vet,veteran,0,justin jackson,593.7,409.0,113.0,50.6,55.1,75.2,lightgbm
2021,00-0030288,Rex Burkhead,RB,HOU,vet,veteran,0,rex burkhead,530.5,377.0,103.0,82.0,61.3,91.8,lightgbm
2021,00-0034367,Nyheim Hines,RB,IND,vet,veteran,0,nyheim hines,127.9,124.0,45.0,115.2,,96.6,lightgbm
2021,00-0032187,David Johnson,RB,HOU,vet,veteran,0,david johnson,116.5,114.0,41.0,143.5,97.4,65.3,lightgbm
2021,00-0032104,Ameer Abdullah,RB,MIN,vet,veteran,0,ameer abdullah,568.0,397.0,108.0,28.8,14.7,70.5,lightgbm
2021,00-0034816,Ronald Jones,RB,TB,vet,veteran,0,ronald jones,73.3,74.0,30.0,133.9,85.4,74.2,lightgbm
2021,00-0030496,Le'Veon Bell,RB,BAL,vet,veteran,0,leveon bell,234.8,199.0,67.0,79.0,89.7,35.6,lightgbm
2021,00-0030874,Damien Williams,RB,CHI,vet,veteran,0,damien williams,223.6,192.0,63.0,14.2,78.1,52.7,lightgbm
2021,00-0033955,Jeremy McNichols,RB,TEN,vet,veteran,0,jeremy mcnichols,686.8,475.0,133.0,48.4,36.9,59.6,lightgbm
2021,00-0032058,Tevin Coleman,RB,NYJ,vet,veteran,0,tevin coleman,154.3,141.0,50.0,35.7,103.9,46.0,lightgbm
2021,00-0030456,Giovani Bernard,RB,TB,vet,veteran,0,giovani bernard,195.7,172.0,55.0,81.0,78.0,47.6,lightgbm
2021,00-0031045,Carlos Hyde,RB,JAX,vet,veteran,0,carlos hyde,239.3,204.0,70.0,83.4,88.6,39.8,lightgbm
2021,00-0036096,J.J. Taylor,RB,NE,vet,veteran,0,jj taylor,597.2,410.0,114.0,10.1,20.5,16.5,lightgbm
2021,00-0034109,Phillip Lindsay,RB,HOU,vet,veteran,0,phillip lindsay,127.8,123.0,44.0,47.1,110.5,43.4,lightgbm
2021,00-0031806,Malcolm Brown,RB,MIA,vet,veteran,0,malcolm brown,223.9,193.0,64.0,38.3,82.0,21.0,lightgbm
2021,00-0036020,Salvon Ahmed,RB,MIA,vet,veteran,0,salvon ahmed,247.0,212.0,71.0,65.7,101.1,32.6,lightgbm
2021,00-0033950,Wayne Gallman,RB,ATL,vet,veteran,0,wayne gallman,635.3,436.0,122.0,77.8,88.7,13.000000000000002,lightgbm
2021,00-0033951,Marlon Mack,RB,IND,vet,veteran,0,marlon mack,217.3,188.0,61.0,20.7,76.3,11.9,lightgbm
2021,00-0035860,Tony Jones,RB,NO,vet,veteran,0,tony jones,206.9,178.0,58.0,11.3,117.1,19.6,lightgbm
2021,00-0031376,Jerick McKinnon,RB,KC,vet,veteran,0,jerick mckinnon,247.7,213.0,72.0,61.3,80.5,29.4,lightgbm
2021,00-0036414,Cam Akers,RB,LA,vet,veteran,0,cam akers,341.0,272.0,79.0,93.9,3.4,2.8,lightgbm
2021,00-0034164,Trenton Cannon,RB,BAL,vet,veteran,0,trenton cannon,385.3,299.0,87.0,3.6,74.3,0.4,lightgbm
2021,00-0034959,Andrew Beck,RB,DEN,vet,veteran,0,andrew beck,601.3,413.0,115.0,1.3,11.6,0.0,lightgbm
2021,00-0028063,Taiwan Jones,RB,BUF,vet,veteran,0,taiwan jones,399.0,309.0,92.0,7.0,,0.0,lightgbm
2021,00-0030465,Kenjon Barner,RB,TB,vet,veteran,0,kenjon barner,478.8,351.0,96.0,11.6,,0.0,lightgbm
2021,00-0031687,Raheem Mostert,RB,SF,vet,veteran,0,raheem mostert,63.4,65.0,27.0,75.5,156.4,2.0,lightgbm
2021,00-0032782,Wendell Smallwood,RB,WAS,vet,veteran,0,wendell smallwood,649.0,447.0,124.0,4.0,14.6,6.7,lightgbm
2021,00-0034184,Gus Edwards,RB,BAL,vet,veteran,0,gus edwards,73.0,73.0,29.0,77.7,,0.0,lightgbm
2021,00-0034578,Reggie Bonnafon,RB,CAR,vet,veteran,0,reggie bonnafon,615.2,422.0,120.0,25.2,,2.6,lightgbm
2021,00-0034975,Justice Hill,RB,BAL,vet,veteran,0,justice hill,605.1,416.0,117.0,13.2,,0.0,lightgbm
2021,00-0036158,J.K. Dobbins,RB,BAL,vet,veteran,0,jk dobbins,335.0,268.0,78.0,136.1,,0.0,lightgbm
2021,00-0036297,Darrynton Evans,RB,TEN,vet,veteran,0,darrynton evans,249.1,214.0,73.0,33.2,83.5,2.8,lightgbm
2022,00-0032764,Derrick Henry,RB,TEN,vet,veteran,0,derrick henry,3.1,3.0,3.0,164.2,263.0,286.26,lightgbm
2022,00-0035700,Josh Jacobs,RB,LV,vet,veteran,0,josh jacobs,46.8,46.0,21.0,176.1,245.6,301.8,lightgbm
2022,00-0033699,Austin Ekeler,RB,LAC,vet,veteran,0,austin ekeler,4.5,4.0,4.0,162.9,244.6,319.2,lightgbm
2022,00-0034791,Nick Chubb,RB,CLE,vet,veteran,0,nick chubb,16.1,16.0,10.0,194.3,263.5,267.90000000000003,lightgbm
2022,00-0033280,Christian McCaffrey,RB,CAR,vet,veteran,0,christian mccaffrey,2.3,2.0,2.0,173.5,277.1,313.86,lightgbm
2022,00-0034844,Saquon Barkley,RB,NYG,vet,veteran,0,saquon barkley,17.7,17.0,11.0,162.7,274.3,255.5,lightgbm
2022,00-0033553,James Conner,RB,ARI,vet,veteran,0,james conner,29.3,29.0,16.0,149.6,206.6,177.2,lightgbm
2022,00-0033948,Jamaal Williams,RB,DET,vet,veteran,0,jamaal williams,153.4,140.0,51.0,62.4,202.5,219.9,lightgbm
2022,00-0033293,Aaron Jones,RB,GB,vet,veteran,0,aaron jones,18.0,18.0,12.0,181.2,230.4,219.1,lightgbm
2022,00-0035261,Tony Pollard,RB,DAL,vet,veteran,0,tony pollard,83.6,83.0,33.0,117.7,182.7,229.3,lightgbm
2022,00-0036875,Rhamondre Stevenson,RB,NE,vet,veteran,0,rhamondre stevenson,92.9,92.0,36.0,82.0,212.2,214.6,lightgbm
2022,00-0033897,Joe Mixon,RB,CIN,vet,veteran,0,joe mixon,9.9,9.0,7.0,161.4,250.0,209.5,lightgbm
2022,00-0033906,Alvin Kamara,RB,NO,vet,veteran,0,alvin kamara,11.0,11.0,8.0,179.8,240.2,183.2,lightgbm
2022,00-0033893,Dalvin Cook,RB,MIN,vet,veteran,0,dalvin cook,5.5,5.0,5.0,183.9,237.6,218.3,lightgbm
2022,00-0036893,Najee Harris,RB,PIT,vet,veteran,0,najee harris,6.9,7.0,6.0,217.1,227.8,204.96,lightgbm
2022,00-0036223,Jonathan Taylor,RB,IND,vet,veteran,0,jonathan taylor,1.5,1.0,1.0,203.9,237.6,132.4,lightgbm
2022,00-0036275,D'Andre Swift,RB,DET,vet,veteran,0,dandre swift,13.0,13.0,9.0,163.6,228.3,167.1,lightgbm
2022,00-0033856,Leonard Fournette,RB,TB,vet,veteran,0,leonard fournette,24.9,24.0,14.0,159.9,236.1,189.6,lightgbm
2022,00-0030578,Cordarrelle Patterson,RB,ATL,vet,veteran,0,cordarrelle patterson,81.4,81.0,32.0,115.5,188.2,144.20000000000002,lightgbm
2022,00-0030513,Latavius Murray,RB,DEN,vet,veteran,0,latavius murray,271.4,229.0,74.0,68.0,76.2,140.7,lightgbm
2022,00-0033045,Ezekiel Elliott,RB,DAL,vet,veteran,0,ezekiel elliott,27.5,27.0,15.0,149.9,209.9,177.3,lightgbm
2022,00-0035243,Miles Sanders,RB,PHI,vet,veteran,0,miles sanders,80.6,80.0,31.0,74.9,199.4,206.7,lightgbm
2022,00-0035685,David Montgomery,RB,CHI,vet,veteran,0,david montgomery,37.0,37.0,18.0,170.4,193.8,160.70000000000002,lightgbm
2022,00-0034750,Rashaad Penny,RB,SEA,vet,veteran,0,rashaad penny,87.9,87.0,35.0,101.4,,50.2,lightgbm
2022,00-0036973,Travis Etienne,RB,JAX,vet,veteran,0,travis etienne,36.6,36.0,17.0,30.7,171.4,187.6,lightgbm
2022,00-0031687,Raheem Mostert,RB,MIA,vet,veteran,0,raheem mostert,157.0,144.0,53.0,37.5,188.5,152.8,lightgbm
2022,00-0036328,Antonio Gibson,RB,WAS,vet,veteran,0,antonio gibson,58.4,58.0,25.0,159.7,151.2,142.9,lightgbm
2022,00-0036265,AJ Dillon,RB,GB,vet,veteran,0,aj dillon,54.2,54.0,23.0,120.4,178.4,153.6,lightgbm
2022,00-0036414,Cam Akers,RB,LA,vet,veteran,0,cam akers,39.5,39.0,19.0,22.5,187.2,134.8,lightgbm
2022,00-0036360,Clyde Edwards-Helaire,RB,KC,vet,veteran,0,clyde edwardshelaire,60.1,60.0,26.0,96.7,189.7,89.8,lightgbm
2022,00-0035250,Devin Singletary,RB,BUF,vet,veteran,0,devin singletary,85.3,85.0,34.0,137.0,189.2,158.9,lightgbm
2022,00-0036906,Khalil Herbert,RB,CHI,vet,veteran,0,khalil herbert,146.9,136.0,50.0,47.9,159.4,113.3,lightgbm
2022,00-0034115,Jeff Wilson,RB,SF,vet,veteran,0,jeff wilson,214.3,185.0,63.0,42.2,71.9,147.5,lightgbm
2022,00-0036158,J.K. Dobbins,RB,BAL,vet,veteran,0,jk dobbins,53.0,53.0,22.0,28.4,213.8,77.7,lightgbm
2022,00-0036997,Javonte Williams,RB,DEN,vet,veteran,0,javonte williams,20.9,21.0,13.0,105.3,,34.0,lightgbm
2022,00-0031376,Jerick McKinnon,RB,KC,vet,veteran,0,jerick mckinnon,232.9,200.0,69.0,44.9,74.4,168.3,lightgbm
2022,00-0033118,Kenyan Drake,RB,BAL,vet,veteran,0,kenyan drake,230.7,198.0,67.0,70.8,60.1,95.6,lightgbm
2022,00-0033925,D'Onta Foreman,RB,CAR,vet,veteran,0,donta foreman,202.3,177.0,62.0,53.8,163.5,128.5,lightgbm
2022,00-0035831,James Robinson,RB,JAX,vet,veteran,0,james robinson,111.6,111.0,40.0,182.2,211.2,83.1,lightgbm
2022,00-0035657,Damien Harris,RB,NE,vet,veteran,0,damien harris,75.5,75.0,28.0,132.6,177.9,82.4,lightgbm
2022,00-0032144,Melvin Gordon,RB,DEN,vet,veteran,0,melvin gordon,101.5,101.0,38.0,122.4,203.1,74.6,lightgbm
2022,00-0033951,Marlon Mack,RB,HOU,vet,veteran,0,marlon mack,188.8,166.0,58.0,36.9,34.7,34.3,lightgbm
2022,00-0036924,Michael Carter,RB,NYJ,vet,veteran,0,michael carter,115.3,114.0,42.0,110.4,160.4,105.5,lightgbm
2022,00-0035664,Darrell Henderson,RB,LA,vet,veteran,0,darrell henderson,113.9,112.0,41.0,124.7,173.3,65.0,lightgbm
2022,00-0033526,Samaje Perine,RB,CIN,vet,veteran,0,samaje perine,240.4,208.0,71.0,38.8,107.7,123.1,lightgbm
2022,00-0033923,Kareem Hunt,RB,CLE,vet,veteran,0,kareem hunt,76.7,77.0,30.0,101.6,183.5,109.3,lightgbm
2022,00-0036567,Elijah Mitchell,RB,SF,vet,veteran,0,elijah mitchell,55.5,55.0,24.0,134.8,103.0,42.1,lightgbm
2022,00-0034184,Gus Edwards,RB,BAL,vet,veteran,0,gus edwards,216.5,188.0,65.0,14.4,71.0,59.3,lightgbm
2022,00-0034253,Dontrell Hilliard,RB,TEN,vet,veteran,0,dontrell hilliard,230.8,199.0,68.0,64.5,123.1,66.7,lightgbm
2022,00-0036555,Chuba Hubbard,RB,CAR,vet,veteran,0,chuba hubbard,195.3,171.0,59.0,43.9,150.2,82.7,lightgbm
2022,00-0036383,Eno Benjamin,RB,ARI,vet,veteran,0,eno benjamin,216.4,187.0,64.0,45.0,108.3,77.10000000000001,lightgbm
2022,00-0032602,J.D. McKissic,RB,WAS,vet,veteran,0,jd mckissic,170.3,153.0,55.0,69.1,104.5,42.3,lightgbm
2022,00-0034681,Chase Edmonds,RB,MIA,vet,veteran,0,chase edmonds,74.4,74.0,27.0,97.3,114.9,66.2,lightgbm
2022,00-0034972,Alexander Mattison,RB,MIN,vet,veteran,0,alexander mattison,117.8,116.0,43.0,58.1,148.6,80.9,lightgbm
2022,00-0027966,Mark Ingram,RB,NO,vet,veteran,0,mark ingram,174.5,157.0,56.0,70.1,131.6,42.1,lightgbm
2022,00-0036370,Joshua Kelley,RB,LAC,vet,veteran,0,joshua kelley,691.2,555.0,131.0,42.9,30.5,57.8,lightgbm
2022,00-0034301,Darrel Williams,RB,ARI,vet,veteran,0,darrel williams,221.4,192.0,66.0,93.9,79.0,19.1,lightgbm
2022,00-0036919,Kenneth Gainwell,RB,PHI,vet,veteran,0,kenneth gainwell,129.7,125.0,45.0,86.3,,76.4,lightgbm
2022,00-0034367,Nyheim Hines,RB,IND,vet,veteran,0,nyheim hines,120.9,118.0,44.0,73.8,,66.4,lightgbm
2022,00-0035537,Ty Johnson,RB,NYJ,vet,veteran,0,ty johnson,480.0,406.0,109.0,74.0,30.5,36.8,lightgbm
2022,00-0036297,Darrynton Evans,RB,CHI,vet,veteran,0,darrynton evans,348.3,294.0,85.0,17.5,17.1,10.2,lightgbm
2022,00-0029239,Brandon Bolden,RB,LV,vet,veteran,0,brandon bolden,555.2,458.0,118.0,44.9,71.6,22.8,lightgbm
2022,00-0034816,Ronald Jones,RB,KC,vet,veteran,0,ronald jones,188.4,165.0,57.0,77.1,56.4,15.7,lightgbm
2022,00-0034845,Sony Michel,RB,LAC,vet,veteran,0,sony michel,234.3,202.0,70.0,86.9,88.7,20.4,lightgbm
2022,00-0032187,David Johnson,RB,NO,vet,veteran,0,david johnson,423.0,357.0,97.0,65.7,16.0,7.100000000000001,lightgbm
2022,00-0035973,Patrick Taylor,RB,GB,vet,veteran,0,patrick taylor,486.4,412.0,111.0,18.5,21.7,5.300000000000001,lightgbm
2022,00-0032063,Mike Davis,RB,BAL,vet,veteran,0,mike davis,200.6,175.0,60.0,56.8,60.3,3.2,lightgbm
2022,00-0034614,Godwin Igwebuike,RB,DET,vet,veteran,0,godwin igwebuike,597.6,487.0,123.0,35.2,15.9,1.2000000000000002,lightgbm
2022,00-0036096,J.J. Taylor,RB,NE,vet,veteran,0,jj taylor,460.0,389.0,104.0,17.1,32.9,2.2,lightgbm
2022,00-0036670,Jermar Jefferson,RB,DET,vet,veteran,0,jermar jefferson,377.8,318.0,89.0,37.9,31.9,0.0,lightgbm
2023,00-0033280,Christian McCaffrey,RB,SF,vet,veteran,0,christian mccaffrey,2.8,2.0,1.0,213.7,309.0,357.8,lightgbm
2023,00-0031687,Raheem Mostert,RB,MIA,vet,veteran,0,raheem mostert,130.4,125.0,45.0,88.2,156.2,255.2,lightgbm
2023,00-0033906,Alvin Kamara,RB,NO,vet,veteran,0,alvin kamara,67.8,66.0,25.0,171.1,174.0,195.5,lightgbm
2023,00-0036973,Travis Etienne,RB,JAX,vet,veteran,0,travis etienne,29.4,28.0,10.0,146.7,217.1,253.4,lightgbm
2023,00-0038120,Breece Hall,RB,NYJ,vet,veteran,0,breece hall,39.0,38.0,14.0,175.5,184.4,252.5,lightgbm
2023,00-0036223,Jonathan Taylor,RB,IND,vet,veteran,0,jonathan taylor,43.5,43.0,17.0,161.6,178.3,146.9,lightgbm
2023,00-0034844,Saquon Barkley,RB,NYG,vet,veteran,0,saquon barkley,9.0,8.0,4.0,137.1,228.5,202.7,lightgbm
2023,00-0033553,James Conner,RB,ARI,vet,veteran,0,james conner,62.6,61.0,23.0,189.5,178.2,188.0,lightgbm
2023,00-0033897,Joe Mixon,RB,CIN,vet,veteran,0,joe mixon,33.8,32.0,13.0,240.8,201.7,241.0,lightgbm
2023,00-0032764,Derrick Henry,RB,TEN,vet,veteran,0,derrick henry,13.7,12.0,6.0,139.6,230.4,232.66000000000005,lightgbm
2023,00-0035700,Josh Jacobs,RB,LV,vet,veteran,0,josh jacobs,17.6,18.0,7.0,222.8,221.5,162.6,lightgbm
2023,00-0037256,Rachaad White,RB,TB,vet,veteran,0,rachaad white,73.9,72.0,28.0,49.4,172.1,235.9,lightgbm
2023,00-0038134,Kenneth Walker III,RB,SEA,vet,veteran,0,kenneth walker,42.4,41.0,16.0,167.7,194.8,184.9,lightgbm
2023,00-0037746,Brian Robinson,RB,WAS,vet,veteran,0,brian robinson,100.3,99.0,36.0,85.3,165.5,180.10000000000002,lightgbm
2023,00-0035685,David Montgomery,RB,DET,vet,veteran,0,david montgomery,78.1,78.0,31.0,134.5,212.7,199.2,lightgbm
2023,00-0033699,Austin Ekeler,RB,LAC,vet,veteran,0,austin ekeler,4.3,4.0,2.0,198.4,260.7,159.9,lightgbm
2023,00-0036251,Zack Moss,RB,IND,vet,veteran,0,zack moss,224.8,194.0,67.0,29.4,78.0,156.1,lightgbm
2023,00-0037248,James Cook,RB,BUF,vet,veteran,0,james cook,77.3,77.0,30.0,84.7,165.0,210.7,lightgbm
2023,00-0035261,Tony Pollard,RB,DAL,vet,veteran,0,tony pollard,19.6,19.0,8.0,131.4,212.9,195.1,lightgbm
2023,00-0037197,Isiah Pacheco,RB,KC,vet,veteran,0,isiah pacheco,75.1,74.0,29.0,92.1,166.0,191.9,lightgbm
2023,00-0036275,D'Andre Swift,RB,PHI,vet,veteran,0,dandre swift,64.5,63.0,24.0,190.2,179.9,179.8,lightgbm
2023,00-0036875,Rhamondre Stevenson,RB,NE,vet,veteran,0,rhamondre stevenson,31.8,30.0,11.0,156.6,203.6,126.7,lightgbm
2023,00-0037267,Jerome Ford,RB,CLE,vet,veteran,0,jerome ford,223.3,192.0,65.0,9.3,170.2,189.2,lightgbm
2023,00-0036893,Najee Harris,RB,PIT,vet,veteran,0,najee harris,24.3,24.0,9.0,143.6,202.9,181.0,lightgbm
2023,00-0036997,Javonte Williams,RB,DEN,vet,veteran,0,javonte williams,70.7,69.0,26.0,85.1,180.9,155.70000000000002,lightgbm
2023,00-0036555,Chuba Hubbard,RB,CAR,vet,veteran,0,chuba hubbard,197.7,171.0,57.0,97.2,108.8,163.0,lightgbm
2023,00-0034184,Gus Edwards,RB,BAL,vet,veteran,0,gus edwards,215.0,184.0,63.0,38.2,146.4,181.0,lightgbm
2023,00-0033925,D'Onta Foreman,RB,CHI,vet,veteran,0,donta foreman,159.0,142.0,50.0,86.0,64.9,85.7,lightgbm
2023,00-0033293,Aaron Jones,RB,GB,vet,veteran,0,aaron jones,40.5,39.0,15.0,159.2,187.6,119.9,lightgbm
2023,00-0037228,Jaylen Warren,RB,PIT,vet,veteran,0,jaylen warren,141.9,130.0,48.0,63.0,111.8,165.9,lightgbm
2023,00-0033045,Ezekiel Elliott,RB,NE,vet,veteran,0,ezekiel elliott,120.1,116.0,41.0,145.3,108.8,149.0,lightgbm
2023,00-0036906,Khalil Herbert,RB,CHI,vet,veteran,0,khalil herbert,96.8,95.0,34.0,95.4,146.5,102.5,lightgbm
2023,00-0035250,Devin Singletary,RB,HOU,vet,veteran,0,devin singletary,170.7,149.0,53.0,113.1,119.3,152.34,lightgbm
2023,00-0037263,Tyler Allgeier,RB,ATL,vet,veteran,0,tyler allgeier,134.7,129.0,47.0,108.9,127.6,128.6,lightgbm
2023,00-0034972,Alexander Mattison,RB,MIN,vet,veteran,0,alexander mattison,53.6,53.0,21.0,58.2,178.8,118.2,lightgbm
2023,00-0036265,AJ Dillon,RB,GB,vet,veteran,0,aj dillon,87.4,87.0,32.0,97.9,167.1,106.6,lightgbm
2023,00-0037276,Ty Chandler,RB,MIN,vet,veteran,0,ty chandler,209.1,178.0,61.0,22.6,62.9,90.5,lightgbm
2023,00-0033923,Kareem Hunt,RB,CLE,vet,veteran,0,kareem hunt,173.6,152.0,55.0,69.6,80.9,111.0,lightgbm
2023,00-0036328,Antonio Gibson,RB,WAS,vet,veteran,0,antonio gibson,89.2,89.0,33.0,119.6,136.1,103.4,lightgbm
2023,00-0036414,Cam Akers,RB,LA,vet,veteran,0,cam akers,58.1,58.0,22.0,114.0,96.4,41.2,lightgbm
2023,00-0033526,Samaje Perine,RB,DEN,vet,veteran,0,samaje perine,112.5,109.0,39.0,48.5,133.8,96.3,lightgbm
2023,00-0031376,Jerick McKinnon,RB,KC,vet,veteran,0,jerick mckinnon,125.3,121.0,43.0,80.6,101.4,71.86,lightgbm
2023,00-0037258,Dameon Pierce,RB,HOU,vet,veteran,0,dameon pierce,47.0,47.0,18.0,99.6,201.1,76.2,lightgbm
2023,00-0034975,Justice Hill,RB,BAL,vet,veteran,0,justice hill,678.6,598.0,156.0,62.3,116.4,95.3,lightgbm
2023,00-0036139,Rico Dowdle,RB,DAL,vet,veteran,0,rico dowdle,676.7,597.0,155.0,7.3,53.5,83.0,lightgbm
2023,00-0036919,Kenneth Gainwell,RB,PHI,vet,veteran,0,kenneth gainwell,164.8,145.0,52.0,85.7,,82.38000000000001,lightgbm
2023,00-0035243,Miles Sanders,RB,CAR,vet,veteran,0,miles sanders,52.2,52.0,20.0,125.9,182.4,74.10000000000001,lightgbm
2023,00-0038040,Zamir White,RB,LV,vet,veteran,0,zamir white,210.8,179.0,62.0,6.1,72.9,66.4,lightgbm
2023,00-0036297,Darrynton Evans,RB,MIA,vet,veteran,0,darrynton evans,673.3,595.0,154.0,15.9,12.7,26.5,lightgbm
2023,00-0036020,Salvon Ahmed,RB,MIA,vet,veteran,0,salvon ahmed,680.6,600.0,157.0,16.6,53.2,34.9,lightgbm
2023,00-0035860,Tony Jones,RB,NO,vet,veteran,0,tony jones,629.6,564.0,148.0,7.4,3.7,28.700000000000003,lightgbm
2023,00-0033948,Jamaal Williams,RB,NO,vet,veteran,0,jamaal williams,105.3,103.0,37.0,125.1,139.9,51.8,lightgbm
2023,00-0036370,Joshua Kelley,RB,LAC,vet,veteran,0,joshua kelley,227.0,195.0,68.0,45.2,125.1,57.7,lightgbm
2023,00-0036360,Clyde Edwards-Helaire,RB,KC,vet,veteran,0,clyde edwardshelaire,202.5,175.0,59.0,103.4,76.7,61.60000000000001,lightgbm
2023,00-0036567,Elijah Mitchell,RB,SF,vet,veteran,0,elijah mitchell,119.2,115.0,40.0,55.0,104.6,44.5,lightgbm
2023,00-0036924,Michael Carter,RB,NYJ,vet,veteran,0,michael carter,254.6,232.0,74.0,79.0,47.7,46.8,lightgbm
2023,00-0035657,Damien Harris,RB,BUF,vet,veteran,0,damien harris,129.8,124.0,44.0,59.2,111.7,18.0,lightgbm
2023,00-0038098,Pierre Strong,RB,CLE,vet,veteran,0,pierre strong,268.6,257.0,78.0,34.0,74.6,40.3,lightgbm
2023,00-0036269,La'Mical Perine,RB,KC,vet,veteran,0,lamical perine,551.1,503.0,135.0,4.4,4.4,12.5,lightgbm
2023,00-0030578,Cordarrelle Patterson,RB,ATL,vet,veteran,0,cordarrelle patterson,221.3,190.0,64.0,54.7,61.8,32.400000000000006,lightgbm
2023,00-0033893,Dalvin Cook,RB,NYJ,vet,veteran,0,dalvin cook,71.2,70.0,27.0,196.6,151.9,32.7,lightgbm
2023,00-0034959,Andrew Beck,RB,HOU,vet,veteran,0,andrew beck,593.1,538.0,142.0,2.6,11.5,33.3,lightgbm
2023,00-0035973,Patrick Taylor,RB,GB,vet,veteran,0,patrick taylor,482.7,440.0,119.0,2.3,11.2,24.5,lightgbm
2023,00-0037299,Keaontay Ingram,RB,ARI,vet,veteran,0,keaontay ingram,258.1,237.0,75.0,19.3,70.2,12.000000000000002,lightgbm
2023,00-0034750,Rashaad Penny,RB,PHI,vet,veteran,0,rashaad penny,106.5,104.0,38.0,67.1,91.5,4.300000000000001,lightgbm
2023,00-0034208,Mike Boone,RB,HOU,vet,veteran,0,mike boone,615.5,555.0,146.0,26.5,4.7,9.8,lightgbm
2023,00-0033854,Dare Ogunbowale,RB,HOU,vet,veteran,0,dare ogunbowale,496.5,454.0,127.0,22.1,12.3,6.300000000000001,lightgbm
2023,00-0032975,Jonathan Williams,RB,WAS,vet,veteran,0,jonathan williams,664.0,590.0,153.0,28.8,,-0.2,lightgbm
2023,00-0033856,Leonard Fournette,RB,BUF,vet,veteran,0,leonard fournette,235.0,203.0,69.0,143.8,51.0,4.0,lightgbm
2023,00-0034791,Nick Chubb,RB,CLE,vet,veteran,0,nick chubb,10.6,9.0,5.0,205.1,,21.1,lightgbm
2023,00-0035311,Myles Gaskin,RB,MIN,vet,veteran,0,myles gaskin,471.9,429.0,113.0,42.7,65.2,0.0,lightgbm
2023,00-0036096,J.J. Taylor,RB,NE,vet,veteran,0,jj taylor,461.5,419.0,110.0,17.0,17.4,0.0,lightgbm
2023,00-0036158,J.K. Dobbins,RB,BAL,vet,veteran,0,jk dobbins,51.3,51.0,19.0,101.7,,10.7,lightgbm
2023,00-0036493,Deon Jackson,RB,IND,vet,veteran,0,deon jackson,203.3,176.0,60.0,25.4,68.6,1.5000000000000002,lightgbm
2023,00-0037085,Tyler Badie,RB,DEN,vet,veteran,0,tyler badie,692.5,609.0,159.0,45.1,21.8,0.0,lightgbm
2024,00-0039139,Jahmyr Gibbs,RB,DET,vet,veteran,0,jahmyr gibbs,10.3,10.0,4.0,160.1,208.7,336.9,lightgbm
2024,00-0038542,Bijan Robinson,RB,ATL,vet,veteran,0,bijan robinson,6.1,6.0,2.0,164.4,239.8,311.2,lightgbm
2024,00-0032764,Derrick Henry,RB,BAL,vet,veteran,0,derrick henry,18.6,18.0,9.0,159.9,278.0,326.90000000000003,lightgbm
2024,00-0034844,Saquon Barkley,RB,PHI,vet,veteran,0,saquon barkley,12.1,12.0,6.0,205.0,260.2,338.8,lightgbm
2024,00-0036223,Jonathan Taylor,RB,IND,vet,veteran,0,jonathan taylor,11.8,11.0,5.0,172.2,227.3,235.7,lightgbm
2024,00-0033906,Alvin Kamara,RB,NO,vet,veteran,0,alvin kamara,50.9,50.0,17.0,176.3,211.3,231.3,lightgbm
2024,00-0039040,De'Von Achane,RB,MIA,vet,veteran,0,devon achane,23.0,23.0,10.0,188.8,213.7,260.90000000000003,lightgbm
2024,00-0035700,Josh Jacobs,RB,GB,vet,veteran,0,josh jacobs,24.0,24.0,11.0,200.5,202.0,275.1,lightgbm
2024,00-0036555,Chuba Hubbard,RB,CAR,vet,veteran,0,chuba hubbard,130.6,130.0,43.0,111.2,178.1,220.1,lightgbm
2024,00-0033553,James Conner,RB,ARI,vet,veteran,0,james conner,59.7,59.0,19.0,163.9,175.3,230.3,lightgbm
2024,00-0038134,Kenneth Walker III,RB,SEA,vet,veteran,0,kenneth walker,45.1,45.0,16.0,161.3,181.1,158.2,lightgbm
2024,00-0038597,Chase Brown,RB,CIN,vet,veteran,0,chase brown,117.0,117.0,41.0,44.1,143.5,228.0,lightgbm
2024,00-0037840,Kyren Williams,RB,LA,vet,veteran,0,kyren williams,17.8,17.0,8.0,140.9,209.0,255.1,lightgbm
2024,00-0033897,Joe Mixon,RB,HOU,vet,veteran,0,joe mixon,43.2,43.0,15.0,168.8,204.2,222.5,lightgbm
2024,00-0035685,David Montgomery,RB,DET,vet,veteran,0,david montgomery,62.8,63.0,20.0,147.6,182.3,203.72,lightgbm
2024,00-0038120,Breece Hall,RB,NYJ,vet,veteran,0,breece hall,8.6,8.0,3.0,185.5,256.7,212.4,lightgbm
2024,00-0037248,James Cook,RB,BUF,vet,veteran,0,james cook,40.2,40.0,14.0,145.1,200.7,250.7,lightgbm
2024,00-0036158,J.K. Dobbins,RB,LAC,vet,veteran,0,jk dobbins,131.8,131.0,44.0,66.7,152.5,175.8,lightgbm
2024,00-0033293,Aaron Jones,RB,MIN,vet,veteran,0,aaron jones,55.8,56.0,18.0,132.3,181.6,216.1,lightgbm
2024,00-0036275,D'Andre Swift,RB,CHI,vet,veteran,0,dandre swift,64.1,64.0,21.0,141.3,202.9,193.5,lightgbm
2024,00-0035261,Tony Pollard,RB,TEN,vet,veteran,0,tony pollard,78.5,78.0,26.0,127.0,200.2,180.2,lightgbm
2024,00-0036139,Rico Dowdle,RB,DAL,vet,veteran,0,rico dowdle,146.6,134.0,45.0,46.1,118.5,178.3,lightgbm
2024,00-0036875,Rhamondre Stevenson,RB,NE,vet,veteran,0,rhamondre stevenson,66.1,66.0,22.0,61.8,196.6,159.4,lightgbm
2024,00-0036893,Najee Harris,RB,PIT,vet,veteran,0,najee harris,69.3,69.0,23.0,134.7,181.6,186.6,lightgbm
2024,00-0037256,Rachaad White,RB,TB,vet,veteran,0,rachaad white,37.6,37.0,13.0,133.8,194.3,174.1,lightgbm
2024,00-0036924,Michael Carter,RB,ARI,vet,veteran,0,michael carter,680.8,924.0,228.0,38.6,29.0,30.3,lightgbm
2024,00-0033280,Christian McCaffrey,RB,SF,vet,veteran,0,christian mccaffrey,1.5,1.0,1.0,192.8,250.4,40.3,lightgbm
2024,00-0039165,Zach Charbonnet,RB,SEA,vet,veteran,0,zach charbonnet,128.8,128.0,42.0,93.1,98.2,165.9,lightgbm
2024,00-0037525,Jordan Mason,RB,SF,vet,veteran,0,jordan mason,250.6,219.0,71.0,37.6,88.7,109.5,lightgbm
2024,00-0033923,Kareem Hunt,RB,KC,vet,veteran,0,kareem hunt,639.8,819.0,200.0,50.5,87.0,143.9,lightgbm
2024,00-0037746,Brian Robinson,RB,WAS,vet,veteran,0,brian robinson,103.9,103.0,34.0,125.0,174.9,149.8,lightgbm
2024,00-0036251,Zack Moss,RB,CIN,vet,veteran,0,zack moss,89.0,89.0,28.0,90.9,154.9,70.4,lightgbm
2024,00-0034972,Alexander Mattison,RB,LV,vet,veteran,0,alexander mattison,229.3,199.0,65.0,71.3,127.0,119.4,lightgbm
2024,00-0038555,Tank Bigsby,RB,JAX,vet,veteran,0,tank bigsby,222.0,192.0,63.0,28.1,127.0,125.5,lightgbm
2024,00-0037267,Jerome Ford,RB,CLE,vet,veteran,0,jerome ford,116.0,116.0,40.0,110.8,134.1,115.5,lightgbm
2024,00-0039032,Tyjae Spears,RB,TEN,vet,veteran,0,tyjae spears,108.4,108.0,36.0,126.4,119.8,98.6,lightgbm
2024,00-0033699,Austin Ekeler,RB,WAS,vet,veteran,0,austin ekeler,95.5,95.0,32.0,122.5,118.8,114.8,lightgbm
2024,00-0034791,Nick Chubb,RB,CLE,vet,veteran,0,nick chubb,86.7,86.0,27.0,115.9,136.6,60.8,lightgbm
2024,00-0032104,Ameer Abdullah,RB,LV,vet,veteran,0,ameer abdullah,663.0,882.0,215.0,45.4,27.9,105.2,lightgbm
2024,00-0036973,Travis Etienne,RB,JAX,vet,veteran,0,travis etienne,16.3,16.0,7.0,170.8,203.5,110.7,lightgbm
2024,00-0036997,Javonte Williams,RB,DEN,vet,veteran,0,javonte williams,90.4,91.0,30.0,99.4,160.6,131.9,lightgbm
2024,00-0037228,Jaylen Warren,RB,PIT,vet,veteran,0,jaylen warren,93.4,93.0,31.0,95.8,136.4,105.1,lightgbm
2024,00-0034975,Justice Hill,RB,BAL,vet,veteran,0,justice hill,253.5,220.0,72.0,49.4,81.5,106.1,lightgbm
2024,00-0035243,Miles Sanders,RB,CAR,vet,veteran,0,miles sanders,291.3,270.0,87.0,54.2,30.8,65.30000000000001,lightgbm
2024,00-0037263,Tyler Allgeier,RB,ATL,vet,veteran,0,tyler allgeier,156.9,144.0,48.0,91.3,116.0,99.7,lightgbm
2024,00-0035250,Devin Singletary,RB,NYG,vet,veteran,0,devin singletary,96.5,96.0,33.0,107.7,156.5,86.10000000000001,lightgbm
2024,00-0036328,Antonio Gibson,RB,NE,vet,veteran,0,antonio gibson,174.3,155.0,51.0,80.7,102.1,91.9,lightgbm
2024,00-0036414,Cam Akers,RB,HOU,vet,veteran,0,cam akers,617.4,755.0,182.0,35.6,44.2,86.2,lightgbm
2024,00-0038951,Sean Tucker,RB,TB,vet,veteran,0,sean tucker,662.8,878.0,213.0,15.2,78.4,64.2,lightgbm
2024,00-0039021,Roschon Johnson,RB,CHI,vet,veteran,0,roschon johnson,236.6,206.0,67.0,79.7,56.8,69.4,lightgbm
2024,00-0034184,Gus Edwards,RB,LAC,vet,veteran,0,gus edwards,104.3,104.0,35.0,104.7,147.0,62.6,lightgbm
2024,00-0037197,Isiah Pacheco,RB,KC,vet,veteran,0,isiah pacheco,27.4,28.0,12.0,149.8,215.4,50.900000000000006,lightgbm
2024,00-0038797,Emanuel Wilson,RB,GB,vet,veteran,0,emanuel wilson,431.3,410.0,112.0,8.1,82.8,90.5,lightgbm
2024,00-0038794,Jaleel McLaughlin,RB,DEN,vet,veteran,0,jaleel mclaughlin,175.0,156.0,52.0,87.2,114.9,85.2,lightgbm
2024,00-0031687,Raheem Mostert,RB,MIA,vet,veteran,0,raheem mostert,75.6,75.0,25.0,105.5,145.8,61.400000000000006,lightgbm
2024,00-0038551,Kendre Miller,RB,NO,vet,veteran,0,kendre miller,173.1,154.0,50.0,42.4,55.7,26.6,lightgbm
2024,00-0038611,Chris Rodriguez Jr.,RB,WAS,vet,veteran,0,chris rodriguez,642.9,829.0,202.0,52.6,44.1,31.0,lightgbm
2024,00-0035537,Ty Johnson,RB,BUF,vet,veteran,0,ty johnson,582.2,671.0,164.0,30.8,45.1,82.7,lightgbm
2024,00-0035973,Patrick Taylor,RB,SF,vet,veteran,0,patrick taylor,586.0,681.0,165.0,26.4,22.6,28.3,lightgbm
2024,00-0038705,Emari Demercado,RB,ARI,vet,veteran,0,emari demercado,639.4,818.0,199.0,34.0,48.1,46.7,lightgbm
2024,00-0037258,Dameon Pierce,RB,HOU,vet,veteran,0,dameon pierce,202.5,179.0,60.0,53.0,70.8,42.5,lightgbm
2024,00-0033045,Ezekiel Elliott,RB,DAL,vet,veteran,0,ezekiel elliott,110.8,110.0,38.0,69.8,102.8,51.5,lightgbm
2024,00-0033526,Samaje Perine,RB,KC,vet,veteran,0,samaje perine,290.2,268.0,85.0,64.6,69.6,67.4,lightgbm
2024,00-0038040,Zamir White,RB,LV,vet,veteran,0,zamir white,73.8,73.0,24.0,47.8,112.7,26.3,lightgbm
2024,00-0036984,Trey Sermon,RB,IND,vet,veteran,0,trey sermon,257.4,224.0,74.0,17.3,56.3,45.8,lightgbm
2024,00-0033925,D'Onta Foreman,RB,CLE,vet,veteran,0,donta foreman,244.5,215.0,70.0,51.6,54.6,29.6,lightgbm
2024,00-0038685,Chris Brooks,RB,GB,vet,veteran,0,chris brooks,509.7,533.0,132.0,24.6,19.4,36.7,lightgbm
2024,00-0038636,Kenny McIntosh,RB,SEA,vet,veteran,0,kenny mcintosh,376.0,350.0,101.0,3.7,7.5,20.9,lightgbm
2024,00-0036919,Kenneth Gainwell,RB,PHI,vet,veteran,0,kenneth gainwell,261.8,228.0,76.0,55.3,,54.6,lightgbm
2024,00-0037120,Tyler Goodson,RB,IND,vet,veteran,0,tyler goodson,526.8,563.0,139.0,12.9,50.1,38.900000000000006,lightgbm
2024,00-0030578,Cordarrelle Patterson,RB,PIT,vet,veteran,0,cordarrelle patterson,698.3,973.0,239.0,49.7,33.8,31.500000000000004,lightgbm
2024,00-0033948,Jamaal Williams,RB,NO,vet,veteran,0,jamaal williams,258.7,226.0,75.0,26.5,69.8,32.6,lightgbm
2024,00-0038678,Jordan Mims,RB,NO,vet,veteran,0,jordan mims,657.9,865.0,210.0,13.4,17.0,20.1,lightgbm
2024,00-0037617,Hassan Haskins,RB,LAC,vet,veteran,0,hassan haskins,522.0,554.0,135.0,31.9,6.7,31.3,lightgbm
2024,00-0036906,Khalil Herbert,RB,CHI,vet,veteran,0,khalil herbert,198.2,174.0,58.0,46.9,65.7,26.5,lightgbm
2024,00-0035806,JaMycal Hasty,RB,NE,vet,veteran,0,jamycal hasty,340.0,319.0,96.0,4.3,31.1,23.8,lightgbm
2024,00-0037085,Tyler Badie,RB,DEN,vet,veteran,0,tyler badie,557.8,622.0,152.0,30.7,25.2,7.9,lightgbm
2024,00-0037276,Ty Chandler,RB,MIN,vet,veteran,0,ty chandler,153.0,141.0,46.0,79.5,100.1,25.4,lightgbm
2024,00-0038622,Deuce Vaughn,RB,DAL,vet,veteran,0,deuce vaughn,279.7,249.0,77.0,13.1,30.8,10.3,lightgbm
2024,00-0038454,Keaton Mitchell,RB,BAL,vet,veteran,0,keaton mitchell,237.3,208.0,68.0,26.9,39.0,6.300000000000001,lightgbm
2024,00-0035567,Craig Reynolds,RB,DET,vet,veteran,0,craig reynolds,556.2,617.0,150.0,34.7,27.3,19.4,lightgbm
2024,00-0036096,J.J. Taylor,RB,HOU,vet,veteran,0,jj taylor,282.0,252.0,79.0,4.3,23.6,5.4,lightgbm
2024,00-0034208,Mike Boone,RB,CAR,vet,veteran,0,mike boone,317.0,298.0,93.0,19.8,18.1,5.4,lightgbm
2024,00-0038396,Eric Gray,RB,NYG,vet,veteran,0,eric gray,647.2,839.0,206.0,9.7,57.5,14.3,lightgbm
2024,00-0034115,Jeff Wilson,RB,MIA,vet,veteran,0,jeff wilson,658.6,868.0,211.0,36.4,21.5,9.1,lightgbm
2024,00-0034959,Andrew Beck,RB,GB,vet,veteran,0,andrew beck,494.5,509.0,127.0,10.0,,0.0,lightgbm
2024,00-0033893,Dalvin Cook,RB,DAL,vet,veteran,0,dalvin cook,617.1,754.0,181.0,57.4,51.1,3.5,lightgbm
2024,00-0034367,Nyheim Hines,RB,CLE,vet,veteran,0,nyheim hines,598.5,714.0,170.0,23.0,,0.0,lightgbm
2024,00-0034681,Chase Edmonds,RB,TB,vet,veteran,0,chase edmonds,637.3,812.0,198.0,41.8,28.6,0.0,lightgbm
2024,00-0035311,Myles Gaskin,RB,MIN,vet,veteran,0,myles gaskin,471.9,468.0,120.0,18.2,4.7,1.5,lightgbm
2024,00-0035860,Tony Jones,RB,ARI,vet,veteran,0,tony jones,629.6,790.0,190.0,35.1,,11.5,lightgbm
2024,00-0036265,AJ Dillon,RB,GB,vet,veteran,0,aj dillon,234.0,204.0,66.0,64.6,,0.0,lightgbm
2024,00-0036360,Clyde Edwards-Helaire,RB,KC,vet,veteran,0,clyde edwardshelaire,221.5,191.0,62.0,55.8,49.0,8.5,lightgbm
2024,00-0036370,Joshua Kelley,RB,TEN,vet,veteran,0,joshua kelley,699.0,975.0,241.0,51.9,25.5,0.2,lightgbm
2024,00-0036567,Elijah Mitchell,RB,SF,vet,veteran,0,elijah mitchell,197.6,173.0,57.0,40.0,,0.0,lightgbm
2024,00-0036755,Jaret Patterson,RB,LAC,vet,veteran,0,jaret patterson,589.4,689.0,168.0,50.0,7.5,0.0,lightgbm
2024,00-0036842,Kene Nwangwu,RB,NO,vet,veteran,0,kene nwangwu,670.0,898.0,220.0,7.8,7.0,6.0,lightgbm
2024,00-0037299,Keaontay Ingram,RB,KC,vet,veteran,0,keaontay ingram,698.4,974.0,240.0,10.0,5.0,0.0,lightgbm
2024,00-0037456,Troy Hairston,RB,HOU,vet,veteran,0,troy hairston,501.5,520.0,128.0,2.0,,0.0,lightgbm
2024,00-0038397,Evan Hull,RB,IND,vet,veteran,0,evan hull,289.3,266.0,84.0,6.5,35.3,0.0,lightgbm
2025,00-0036223,Jonathan Taylor,RB,IND,vet,veteran,0,jonathan taylor,15.7,16.0,9.0,185.4,238.5,339.3,lightgbm
2025,00-0038542,Bijan Robinson,RB,ATL,vet,veteran,0,bijan robinson,2.5,2.0,1.0,182.7,280.1,331.3,lightgbm
2025,00-0039139,Jahmyr Gibbs,RB,DET,vet,veteran,0,jahmyr gibbs,4.3,4.0,3.0,203.8,275.3,328.40000000000003,lightgbm
2025,00-0033280,Christian McCaffrey,RB,SF,vet,veteran,0,christian mccaffrey,7.3,7.0,4.0,134.0,243.0,365.6,lightgbm
2025,00-0039040,De'Von Achane,RB,MIA,vet,veteran,0,devon achane,15.1,15.0,8.0,236.8,233.4,289.3,lightgbm
2025,00-0032764,Derrick Henry,RB,BAL,vet,veteran,0,derrick henry,7.9,8.0,5.0,132.7,262.7,272.0,lightgbm
2025,00-0037248,James Cook,RB,BUF,vet,veteran,0,james cook,27.2,27.0,13.0,136.9,203.7,285.7,lightgbm
2025,00-0038597,Chase Brown,RB,CIN,vet,veteran,0,chase brown,25.9,25.0,12.0,170.7,225.3,248.1,lightgbm
2025,00-0036997,Javonte Williams,RB,DAL,vet,veteran,0,javonte williams,103.3,103.0,39.0,94.3,124.8,225.3,lightgbm
2025,00-0035700,Josh Jacobs,RB,GB,vet,veteran,0,josh jacobs,13.4,13.0,7.0,178.2,243.8,219.1,lightgbm
2025,00-0036973,Travis Etienne,RB,JAX,vet,veteran,0,travis etienne,84.8,84.0,31.0,95.9,140.7,235.9,lightgbm
2025,00-0034844,Saquon Barkley,RB,PHI,vet,veteran,0,saquon barkley,3.6,3.0,2.0,171.3,283.0,213.8,lightgbm
2025,00-0039361,Bucky Irving,RB,TB,vet,veteran,0,bucky irving,23.3,23.0,10.0,181.6,224.6,123.5,lightgbm
2025,00-0037840,Kyren Williams,RB,LA,vet,veteran,0,kyren williams,23.8,24.0,11.0,186.5,223.1,245.3,lightgbm
2025,00-0038120,Breece Hall,RB,NYJ,vet,veteran,0,breece hall,34.8,34.0,15.0,197.3,192.3,189.66,lightgbm
2025,00-0036275,D'Andre Swift,RB,CHI,vet,veteran,0,dandre swift,63.3,63.0,24.0,148.5,168.9,211.6,lightgbm
2025,00-0037228,Jaylen Warren,RB,PIT,vet,veteran,0,jaylen warren,89.4,89.0,32.0,64.0,153.5,197.1,lightgbm
2025,00-0036158,J.K. Dobbins,RB,DEN,vet,veteran,0,jk dobbins,102.9,102.0,38.0,150.8,143.5,110.4,lightgbm
2025,00-0036139,Rico Dowdle,RB,CAR,vet,veteran,0,rico dowdle,199.9,172.0,59.0,109.7,94.6,196.8,lightgbm
2025,00-0036919,Kenneth Gainwell,RB,PIT,vet,veteran,0,kenneth gainwell,683.5,1529.0,371.0,49.6,,184.8,lightgbm
2025,00-0039165,Zach Charbonnet,RB,SEA,vet,veteran,0,zach charbonnet,98.8,98.0,36.0,119.6,142.1,171.4,lightgbm
2025,00-0035261,Tony Pollard,RB,TEN,vet,veteran,0,tony pollard,65.7,65.0,25.0,131.9,190.0,169.3,lightgbm
2025,00-0033553,James Conner,RB,ARI,vet,veteran,0,james conner,47.9,48.0,20.0,144.9,203.5,29.3,lightgbm
2025,00-0039384,Tyrone Tracy Jr.,RB,NYG,vet,veteran,0,tyrone tracy,78.3,78.0,28.0,115.1,161.5,142.8,lightgbm
2025,00-0035685,David Montgomery,RB,DET,vet,veteran,0,david montgomery,52.8,52.0,21.0,143.9,167.6,154.92000000000002,lightgbm
2025,00-0036875,Rhamondre Stevenson,RB,NE,vet,veteran,0,rhamondre stevenson,122.7,120.0,43.0,123.2,111.2,162.8,lightgbm
2025,00-0038134,Kenneth Walker III,RB,SEA,vet,veteran,0,kenneth walker,41.5,41.0,17.0,189.8,165.5,176.4,lightgbm
2025,00-0033293,Aaron Jones,RB,MIN,vet,veteran,0,aaron jones,67.1,67.0,26.0,120.1,159.2,104.7,lightgbm
2025,00-0033923,Kareem Hunt,RB,KC,vet,veteran,0,kareem hunt,181.7,157.0,56.0,99.4,92.6,136.4,lightgbm
2025,00-0039391,Kimani Vidal,RB,LAC,vet,veteran,0,kimani vidal,678.2,1447.0,347.0,39.9,3.6,109.9,lightgbm
2025,00-0033906,Alvin Kamara,RB,NO,vet,veteran,0,alvin kamara,38.6,38.0,16.0,152.7,198.8,84.2,lightgbm
2025,00-0037525,Jordan Mason,RB,MIN,vet,veteran,0,jordan mason,95.3,95.0,34.0,70.8,131.5,121.9,lightgbm
2025,00-0037256,Rachaad White,RB,TB,vet,veteran,0,rachaad white,155.6,142.0,50.0,101.2,92.8,123.0,lightgbm
2025,00-0039921,Trey Benson,RB,ARI,vet,veteran,0,trey benson,142.2,132.0,48.0,42.0,114.6,28.9,lightgbm
2025,00-0039373,Audric Estimé,RB,PHI,vet,veteran,0,audric estime,296.3,323.0,96.0,34.2,3.1,42.1,lightgbm
2025,00-0038611,Chris Rodriguez Jr.,RB,WAS,vet,veteran,0,chris rodriguez,646.0,1142.0,274.0,31.2,58.4,90.5,lightgbm
2025,00-0036555,Chuba Hubbard,RB,CAR,vet,veteran,0,chuba hubbard,44.0,44.0,18.0,164.2,196.8,110.4,lightgbm
2025,00-0039032,Tyjae Spears,RB,TEN,vet,veteran,0,tyjae spears,170.8,151.0,55.0,72.2,82.9,89.2,lightgbm
2025,00-0037263,Tyler Allgeier,RB,ATL,vet,veteran,0,tyler allgeier,165.2,149.0,54.0,88.7,108.9,116.0,lightgbm
2025,00-0039405,Jawhar Jordan,RB,HOU,vet,veteran,0,jawhar jordan,573.2,764.0,186.0,17.1,,26.2,lightgbm
2025,00-0037197,Isiah Pacheco,RB,KC,vet,veteran,0,isiah pacheco,55.0,55.0,23.0,37.9,175.3,77.80000000000001,lightgbm
2025,00-0039738,Blake Corum,RB,LA,vet,veteran,0,blake corum,212.2,181.0,62.0,39.7,48.6,118.2,lightgbm
2025,00-0035250,Devin Singletary,RB,NYG,vet,veteran,0,devin singletary,698.5,1795.0,426.0,54.9,52.6,99.8,lightgbm
2025,00-0038951,Sean Tucker,RB,TB,vet,veteran,0,sean tucker,635.3,1066.0,256.0,47.3,57.5,87.4,lightgbm
2025,00-0035243,Miles Sanders,RB,DAL,vet,veteran,0,miles sanders,245.6,211.0,72.0,47.6,35.3,22.700000000000003,lightgbm
2025,00-0034975,Justice Hill,RB,BAL,vet,veteran,0,justice hill,241.4,206.0,70.0,56.0,71.4,54.7,lightgbm
2025,00-0035537,Ty Johnson,RB,BUF,vet,veteran,0,ty johnson,676.1,1415.0,336.0,42.5,48.7,88.30000000000001,lightgbm
2025,00-0038797,Emanuel Wilson,RB,GB,vet,veteran,0,emanuel wilson,676.6,1422.0,338.0,63.3,60.8,87.0,lightgbm
2025,00-0034791,Nick Chubb,RB,HOU,vet,veteran,0,nick chubb,118.2,116.0,42.0,63.5,109.1,81.8,lightgbm
2025,00-0033526,Samaje Perine,RB,CIN,vet,veteran,0,samaje perine,663.2,1277.0,313.0,34.0,46.0,69.4,lightgbm
2025,00-0039874,Jaylen Wright,RB,MIA,vet,veteran,0,jaylen wright,219.3,188.0,65.0,42.4,79.4,45.7,lightgbm
2025,00-0036328,Antonio Gibson,RB,NE,vet,veteran,0,antonio gibson,695.3,1738.0,412.0,79.5,41.2,22.200000000000003,lightgbm
2025,00-0038551,Kendre Miller,RB,NO,vet,veteran,0,kendre miller,229.7,193.0,66.0,44.1,58.6,30.8,lightgbm
2025,00-0038705,Emari Demercado,RB,ARI,vet,veteran,0,emari demercado,686.0,1577.0,382.0,31.6,15.9,51.8,lightgbm
2025,00-0038555,Tank Bigsby,RB,JAX,vet,veteran,0,tank bigsby,117.8,115.0,41.0,89.7,90.5,52.3,lightgbm
2025,00-0037563,Malik Davis,RB,DAL,vet,veteran,0,malik davis,617.7,960.0,219.0,6.2,4.8,39.6,lightgbm
2025,00-0038454,Keaton Mitchell,RB,BAL,vet,veteran,0,keaton mitchell,207.1,176.0,61.0,14.8,60.8,50.9,lightgbm
2025,00-0039798,Isaiah Davis,RB,NYJ,vet,veteran,0,isaiah davis,687.7,1601.0,386.0,49.9,28.4,60.7,lightgbm
2025,00-0036842,Kene Nwangwu,RB,NYJ,vet,veteran,0,kene nwangwu,654.0,1208.0,294.0,12.1,,10.9,lightgbm
2025,00-0039794,Braelon Allen,RB,NYJ,vet,veteran,0,braelon allen,127.9,126.0,46.0,94.1,78.8,14.3,lightgbm
2025,00-0033955,Jeremy McNichols,RB,WAS,vet,veteran,0,jeremy mcnichols,537.0,654.0,167.0,40.4,17.9,60.2,lightgbm
2025,00-0036893,Najee Harris,RB,LAC,vet,veteran,0,najee harris,124.6,122.0,44.0,138.3,91.0,10.1,lightgbm
2025,00-0039299,George Holani,RB,SEA,vet,veteran,0,george holani,659.0,1242.0,303.0,2.1,26.7,19.8,lightgbm
2025,00-0039875,Ray Davis,RB,BUF,vet,veteran,0,ray davis,159.4,146.0,51.0,76.8,110.6,59.10000000000001,lightgbm
2025,00-0037746,Brian Robinson,RB,SF,vet,veteran,0,brian robinson,90.3,90.0,33.0,79.2,71.4,58.5,lightgbm
2025,00-0038794,Jaleel McLaughlin,RB,DEN,vet,veteran,0,jaleel mclaughlin,277.9,292.0,90.0,72.3,29.8,29.4,lightgbm
2025,00-0039757,Terrell Jennings,RB,NE,vet,veteran,0,terrell jennings,643.0,1118.0,266.0,13.5,2.1,14.7,lightgbm
2025,00-0035291,Trayveon Williams,RB,CLE,vet,veteran,0,trayveon williams,352.0,374.0,104.0,5.4,3.3,13.1,lightgbm
2025,00-0037267,Jerome Ford,RB,CLE,vet,veteran,0,jerome ford,150.1,139.0,49.0,83.5,98.1,30.6,lightgbm
2025,00-0032104,Ameer Abdullah,RB,IND,vet,veteran,0,ameer abdullah,657.0,1227.0,298.0,47.9,,29.9,lightgbm
2025,00-0036906,Khalil Herbert,RB,IND,vet,veteran,0,khalil herbert,673.8,1384.0,334.0,32.7,3.2,6.1000000000000005,lightgbm
2025,00-0039796,Rasheen Ali,RB,BAL,vet,veteran,0,rasheen ali,692.0,1677.0,400.0,2.3,5.8,19.7,lightgbm
2025,00-0031687,Raheem Mostert,RB,LV,vet,veteran,0,raheem mostert,238.6,203.0,69.0,19.2,35.9,23.4,lightgbm
2025,00-0036414,Cam Akers,RB,NO,vet,veteran,0,cam akers,700.1,1829.0,438.0,51.6,3.2,7.180000000000001,lightgbm
2025,00-0038040,Zamir White,RB,LV,vet,veteran,0,zamir white,684.8,1551.0,377.0,28.4,43.6,7.6,lightgbm
2025,00-0038685,Chris Brooks,RB,GB,vet,veteran,0,chris brooks,677.2,1433.0,341.0,38.3,30.3,26.200000000000003,lightgbm
2025,00-0037085,Tyler Badie,RB,DEN,vet,veteran,0,tyler badie,671.7,1371.0,332.0,26.5,3.3,25.9,lightgbm
2025,00-0037258,Dameon Pierce,RB,HOU,vet,veteran,0,dameon pierce,682.3,1509.0,363.0,55.7,43.0,3.6,lightgbm
2025,00-0033854,Dare Ogunbowale,RB,HOU,vet,veteran,0,dare ogunbowale,698.0,1785.0,424.0,26.5,13.4,19.1,lightgbm
2025,00-0034959,Andrew Beck,RB,NYJ,vet,veteran,0,andrew beck,494.5,555.0,143.0,5.1,,20.0,lightgbm
2025,00-0036265,AJ Dillon,RB,PHI,vet,veteran,0,aj dillon,652.5,1196.0,291.0,25.4,24.4,7.6,lightgbm
2025,00-0038397,Evan Hull,RB,PIT,vet,veteran,0,evan hull,694.0,1708.0,407.0,16.0,,5.9,lightgbm
2025,00-0039746,Will Shipley,RB,PHI,vet,veteran,0,will shipley,187.5,162.0,58.0,29.4,68.5,15.0,lightgbm
2025,00-0037557,Ronnie Rivers,RB,LA,vet,veteran,0,ronnie rivers,689.5,1634.0,391.0,15.9,1.6,4.6000000000000005,lightgbm
2025,00-0039407,Dylan Laube,RB,LV,vet,veteran,0,dylan laube,659.3,1245.0,305.0,2.0,9.1,4.2,lightgbm
2025,00-0037617,Hassan Haskins,RB,LAC,vet,veteran,0,hassan haskins,694.0,1711.0,408.0,26.8,33.6,8.0,lightgbm
2025,00-0039603,British Brooks,RB,HOU,vet,veteran,0,british brooks,360.0,382.0,106.0,5.4,3.9,7.800000000000001,lightgbm
2025,00-0037120,Tyler Goodson,RB,IND,vet,veteran,0,tyler goodson,631.4,1041.0,247.0,31.2,13.9,4.2,lightgbm
2025,00-0035628,D'Ernest Johnson,RB,BAL,vet,veteran,0,dernest johnson,465.0,498.0,129.0,35.0,1.5,2.5,lightgbm
2025,00-0037594,Julius Chestnut,RB,TEN,vet,veteran,0,julius chestnut,691.4,1658.0,396.0,11.2,23.4,4.0,lightgbm
2025,00-0039363,Isaac Guerendo,RB,SF,vet,veteran,0,isaac guerendo,201.8,173.0,60.0,67.2,48.3,0.0,lightgbm
2025,00-0033699,Austin Ekeler,RB,WAS,vet,veteran,0,austin ekeler,109.1,108.0,40.0,86.7,136.0,10.6,lightgbm
2025,00-0034367,Nyheim Hines,RB,LAC,vet,veteran,0,nyheim hines,663.0,1275.0,312.0,28.8,,-0.2,lightgbm
2025,00-0034681,Chase Edmonds,RB,WAS,vet,veteran,0,chase edmonds,648.0,1159.0,282.0,13.5,,0.0,lightgbm
2025,00-0035567,Craig Reynolds,RB,DET,vet,veteran,0,craig reynolds,699.6,1818.0,434.0,11.3,6.6,0.4,lightgbm
2025,00-0035594,Travis Homer,RB,CHI,vet,veteran,0,travis homer,695.8,1748.0,415.0,7.5,4.7,-0.2,lightgbm
2025,00-0036360,Clyde Edwards-Helaire,RB,KC,vet,veteran,0,clyde edwardshelaire,675.2,1407.0,335.0,23.6,,3.2,lightgbm
2025,00-0036567,Elijah Mitchell,RB,KC,vet,veteran,0,elijah mitchell,281.8,298.0,91.0,8.1,20.9,0.0,lightgbm
2025,00-0036569,Gary Brightwell,RB,CIN,vet,veteran,0,gary brightwell,538.8,659.0,170.0,2.5,,0.0,lightgbm
2025,00-0036950,Avery Williams,RB,PHI,vet,veteran,0,avery williams,647.5,1154.0,280.0,8.4,-0.3,0.0,lightgbm
2025,00-0036984,Trey Sermon,RB,PIT,vet,veteran,0,trey sermon,640.8,1099.0,260.0,35.8,3.3,0.0,lightgbm
2025,00-0037276,Ty Chandler,RB,MIN,vet,veteran,0,ty chandler,671.2,1360.0,330.0,29.4,28.8,7.300000000000001,lightgbm
2025,00-0037329,Brittain Brown,RB,CHI,vet,veteran,0,brittain brown,696.5,1759.0,419.0,3.3,,9.7,lightgbm
2025,00-0038396,Eric Gray,RB,NYG,vet,veteran,0,eric gray,663.7,1280.0,315.0,7.2,3.4,0.0,lightgbm
2025,00-0038678,Jordan Mims,RB,TEN,vet,veteran,0,jordan mims,539.5,664.0,171.0,4.3,,0.0,lightgbm
2025,00-0039021,Roschon Johnson,RB,CHI,vet,veteran,0,roschon johnson,237.7,201.0,68.0,31.5,67.0,1.7000000000000002,lightgbm
2025,00-0039364,Sione Vaki,RB,DET,vet,veteran,0,sione vaki,680.0,1469.0,352.0,12.1,2.1,0.4,lightgbm
2025,00-0040429,Josh Williams,RB,TB,vet,veteran,0,josh williams,695.4,1739.0,413.0,2.0,6.1,1.1,lightgbm
2021,00-0036893,Najee Harris,RB,PIT,rook,rookie,1,najee harris,14.7,14.0,11.0,113.8,257.3,263.7,lightgbm
2021,00-0036567,Elijah Mitchell,RB,SF,rook,rookie,1,elijah mitchell,681.7,470.0,131.0,13.9,98.4,155.5,lightgbm
2021,00-0036997,Javonte Williams,RB,DEN,rook,rookie,1,javonte williams,61.5,61.0,26.0,153.0,191.5,183.4,lightgbm
2021,00-0036924,Michael Carter,RB,NYJ,rook,rookie,1,michael carter,92.7,92.0,34.0,97.0,101.0,136.4,lightgbm
2021,00-0036875,Rhamondre Stevenson,RB,NE,rook,rookie,1,rhamondre stevenson,148.1,136.0,47.0,57.8,103.9,107.9,lightgbm
2021,00-0036555,Chuba Hubbard,RB,CAR,rook,rookie,1,chuba hubbard,146.4,134.0,46.0,83.6,104.4,125.1,lightgbm
2021,00-0036919,Kenneth Gainwell,RB,PHI,rook,rookie,1,kenneth gainwell,169.4,151.0,53.0,36.1,,106.9,lightgbm
2021,00-0036984,Trey Sermon,RB,SF,rook,rookie,1,trey sermon,74.5,75.0,31.0,70.0,170.7,26.8,lightgbm
2021,00-0035715,Derrick Gore,RB,KC,rook,rookie,1,derrick gore,677.3,467.0,130.0,9.1,38.2,52.1,lightgbm
2021,00-0036457,Ty'Son Williams,RB,BAL,rook,rookie,1,tyson williams,177.3,155.0,54.0,4.7,142.4,37.4,lightgbm
2021,00-0036842,Kene Nwangwu,RB,MIN,rook,rookie,1,kene nwangwu,663.3,457.0,125.0,39.6,29.2,21.0,lightgbm
2021,00-0035973,Patrick Taylor,RB,GB,rook,rookie,1,patrick taylor,431.0,330.0,94.0,17.6,4.8,16.200000000000003,lightgbm
2021,00-0036698,Mekhi Sargent,RB,TEN,rook,rookie,1,mekhi sargent,683.3,472.0,132.0,1.6,,1.1,lightgbm
2021,00-0036860,Jake Funk,RB,LA,rook,rookie,1,jake funk,674.0,465.0,129.0,10.0,91.0,0.5000000000000001,lightgbm
2021,00-0036768,JaQuan Hardy,RB,DAL,rook,rookie,1,jaquan hardy,349.7,278.0,81.0,13.7,,8.9,lightgbm
2022,00-0038120,Breece Hall,RB,NYJ,rook,rookie,1,breece hall,41.7,41.0,20.0,138.0,215.2,105.6,lightgbm
2022,00-0038134,Kenneth Walker III,RB,SEA,rook,rookie,1,kenneth walker,95.1,95.0,37.0,125.9,236.2,189.0,lightgbm
2022,00-0037258,Dameon Pierce,RB,HOU,rook,rookie,1,dameon pierce,76.2,76.0,29.0,62.7,210.7,151.4,lightgbm
2022,00-0037263,Tyler Allgeier,RB,ATL,rook,rookie,1,tyler allgeier,145.7,134.0,48.0,43.3,113.2,151.4,lightgbm
2022,00-0037746,Brian Robinson,RB,WAS,rook,rookie,1,brian robinson,138.6,128.0,46.0,65.4,180.6,108.2,lightgbm
2022,00-0037256,Rachaad White,RB,TB,rook,rookie,1,rachaad white,146.2,135.0,49.0,76.9,144.6,116.1,lightgbm
2022,00-0037197,Isiah Pacheco,RB,KC,rook,rookie,1,isiah pacheco,153.5,141.0,52.0,18.8,138.6,128.5,lightgbm
2022,00-0037248,James Cook,RB,BUF,rook,rookie,1,james cook,103.4,102.0,39.0,86.2,124.5,95.2,lightgbm
2022,00-0036829,Caleb Huntley,RB,ATL,rook,rookie,1,caleb huntley,521.0,439.0,114.0,16.6,22.9,43.900000000000006,lightgbm
2022,00-0037827,Tyrion Davis-Price,RB,SF,rook,rookie,1,tyrion davisprice,201.1,176.0,61.0,75.4,82.5,9.9,lightgbm
2022,00-0037617,Hassan Haskins,RB,TEN,rook,rookie,1,hassan haskins,241.3,209.0,72.0,57.4,67.1,20.5,lightgbm
2022,00-0038045,Isaiah Spiller,RB,LAC,rook,rookie,1,isaiah spiller,139.9,129.0,47.0,84.7,125.4,6.9,lightgbm
2022,00-0038040,Zamir White,RB,LV,rook,rookie,1,zamir white,167.5,150.0,54.0,48.0,113.6,7.000000000000001,lightgbm
2023,00-0039040,De'Von Achane,RB,MIA,rook,rookie,1,devon achane,123.9,118.0,42.0,84.6,106.0,177.2,lightgbm
2023,00-0038542,Bijan Robinson,RB,ATL,rook,rookie,1,bijan robinson,7.8,7.0,3.0,136.1,237.2,217.3,lightgbm
2023,00-0039139,Jahmyr Gibbs,RB,DET,rook,rookie,1,jahmyr gibbs,32.3,31.0,12.0,163.7,171.6,216.1,lightgbm
2023,00-0039032,Tyjae Spears,RB,TEN,rook,rookie,1,tyjae spears,186.7,161.0,56.0,99.9,79.9,127.8,lightgbm
2023,00-0039021,Roschon Johnson,RB,CHI,rook,rookie,1,roschon johnson,172.9,151.0,54.0,50.5,73.8,85.1,lightgbm
2023,00-0039165,Zach Charbonnet,RB,SEA,rook,rookie,1,zach charbonnet,98.5,97.0,35.0,145.7,140.0,89.6,lightgbm
2023,00-0038794,Jaleel McLaughlin,RB,DEN,rook,rookie,1,jaleel mclaughlin,601.3,545.0,144.0,1.6,28.3,90.5,lightgbm
2023,00-0038551,Kendre Miller,RB,NO,rook,rookie,1,kendre miller,158.1,141.0,49.0,83.9,79.0,38.3,lightgbm
2023,00-0038597,Chase Brown,RB,CIN,rook,rookie,1,chase brown,201.5,174.0,58.0,18.2,76.6,46.5,lightgbm
2023,00-0038685,Chris Brooks,RB,MIA,rook,rookie,1,chris brooks,452.6,410.0,106.0,3.6,17.9,10.6,lightgbm
2023,00-0038389,Israel Abanikanda,RB,NYJ,rook,rookie,1,israel abanikanda,242.1,213.0,72.0,72.3,25.6,14.8,lightgbm
2023,00-0038622,Deuce Vaughn,RB,DAL,rook,rookie,1,deuce vaughn,163.8,144.0,51.0,14.4,71.7,11.5,lightgbm
2023,00-0038555,Tank Bigsby,RB,JAX,rook,rookie,1,tank bigsby,131.1,126.0,46.0,87.9,98.7,24.3,lightgbm
2023,00-0038797,Emanuel Wilson,RB,GB,rook,rookie,1,emanuel wilson,582.7,529.0,141.0,13.8,27.1,12.8,lightgbm
2023,00-0039136,Zach Evans,RB,LA,rook,rookie,1,zach evans,241.5,211.0,71.0,17.9,42.4,1.9,lightgbm
2023,00-0038397,Evan Hull,RB,IND,rook,rookie,1,evan hull,224.3,193.0,66.0,15.3,45.7,1.2000000000000002,lightgbm
2023,00-0038678,Jordan Mims,RB,NO,rook,rookie,1,jordan mims,419.9,381.0,100.0,13.6,,0.0,lightgbm
2024,00-0039361,Bucky Irving,RB,TB,rook,rookie,1,bucky irving,199.3,175.0,59.0,64.3,112.0,220.9,lightgbm
2024,00-0039384,Tyrone Tracy Jr.,RB,NYG,rook,rookie,1,tyrone tracy,195.3,172.0,56.0,37.9,105.8,163.3,lightgbm
2024,00-0039363,Isaac Guerendo,RB,SF,rook,rookie,1,isaac guerendo,242.4,212.0,69.0,89.1,66.7,88.7,lightgbm
2024,00-0039875,Ray Davis,RB,BUF,rook,rookie,1,ray davis,183.5,164.0,54.0,66.7,107.2,107.6,lightgbm
2024,00-0039798,Isaiah Davis,RB,NYJ,rook,rookie,1,isaiah davis,685.1,935.0,232.0,7.7,24.7,41.4,lightgbm
2024,00-0039794,Braelon Allen,RB,NYJ,rook,rookie,1,braelon allen,191.0,167.0,55.0,37.2,90.2,75.7,lightgbm
2024,00-0039373,Audric Estimé,RB,DEN,rook,rookie,1,audric estime,213.6,189.0,61.0,80.9,50.6,46.2,lightgbm
2024,00-0039921,Trey Benson,RB,ARI,rook,rookie,1,trey benson,109.7,109.0,37.0,97.3,108.2,44.0,lightgbm
2024,00-0039391,Kimani Vidal,RB,LAC,rook,rookie,1,kimani vidal,180.0,161.0,53.0,40.3,77.0,30.200000000000003,lightgbm
2024,00-0039738,Blake Corum,RB,LA,rook,rookie,1,blake corum,115.3,115.0,39.0,65.1,84.3,30.0,lightgbm
2024,00-0039344,Jonathon Brooks,RB,CAR,rook,rookie,1,jonathon brooks,90.0,90.0,29.0,167.2,109.5,6.000000000000001,lightgbm
2024,00-0039874,Jaylen Wright,RB,MIA,rook,rookie,1,jaylen wright,155.2,143.0,47.0,71.6,60.6,25.2,lightgbm
2024,00-0039746,Will Shipley,RB,PHI,rook,rookie,1,will shipley,223.5,194.0,64.0,33.9,60.5,13.7,lightgbm
2024,00-0039325,Carson Steele,RB,KC,rook,rookie,1,carson steele,459.1,444.0,118.0,51.2,47.1,20.4,lightgbm
2024,00-0039796,Rasheen Ali,RB,BAL,rook,rookie,1,rasheen ali,284.7,257.0,80.0,12.9,33.0,3.1,lightgbm
2024,00-0039364,Sione Vaki,RB,DET,rook,rookie,1,sione vaki,671.6,905.0,221.0,29.1,10.5,6.6,lightgbm
2024,00-0039385,Keilan Robinson,RB,JAX,rook,rookie,1,keilan robinson,641.5,826.0,201.0,14.2,5.8,0.0,lightgbm
2024,00-0039393,Jase McClellan,RB,ATL,rook,rookie,1,jase mcclellan,662.8,879.0,214.0,14.9,36.3,3.2,lightgbm
2024,00-0039407,Dylan Laube,RB,LV,rook,rookie,1,dylan laube,256.8,223.0,73.0,2.5,56.1,-2.0,lightgbm
2024,00-0039703,Cody Schrader,RB,LA,rook,rookie,1,cody schrader,604.0,724.0,172.0,5.1,3.0,1.4,lightgbm
2024,00-0039811,MarShawn Lloyd,RB,GB,rook,rookie,1,marshawn lloyd,171.9,152.0,49.0,74.1,80.9,2.3,lightgbm
2025,00-0040715,Cam Skattebo,RB,NYG,rook,rookie,1,cam skattebo,99.3,99.0,37.0,101.7,102.9,115.7,lightgbm
2025,00-0040122,Ashton Jeanty,RB,LV,rook,rookie,1,ashton jeanty,10.2,10.0,6.0,151.8,257.3,217.6,lightgbm
2025,00-0040666,Omarion Hampton,RB,LAC,rook,rookie,1,omarion hampton,30.5,30.0,14.0,154.4,217.4,119.7,lightgbm
2025,00-0040784,Quinshon Judkins,RB,CLE,rook,rookie,1,quinshon judkins,82.7,82.0,29.0,176.0,104.4,156.8,lightgbm
2025,00-0040730,RJ Harvey,RB,DEN,rook,rookie,1,rj harvey,54.3,54.0,22.0,71.4,180.5,183.1,lightgbm
2025,00-0040734,TreVeyon Henderson,RB,NE,rook,rookie,1,treveyon henderson,47.7,47.0,19.0,129.0,181.7,188.7,lightgbm
2025,00-0040242,Jacory Croskey-Merritt,RB,WAS,rook,rookie,1,jacory croskeymerritt,97.4,97.0,35.0,9.0,113.4,135.8,lightgbm
2025,00-0040583,Woody Marks,RB,HOU,rook,rookie,1,woody marks,182.3,158.0,57.0,39.6,56.5,133.1,lightgbm
2025,00-0040236,Kyle Monangai,RB,CHI,rook,rookie,1,kyle monangai,215.6,185.0,64.0,17.1,75.7,137.7,lightgbm
2025,00-0040202,Devin Neal,RB,NO,rook,rookie,1,devin neal,254.5,232.0,76.0,51.8,67.5,51.5,lightgbm
2025,00-0040719,Bhayshul Tuten,RB,JAX,rook,rookie,1,bhayshul tuten,164.8,148.0,53.0,58.3,94.5,83.6,lightgbm
2025,00-0040162,Dylan Sampson,RB,CLE,rook,rookie,1,dylan sampson,161.1,147.0,52.0,100.8,108.8,71.10000000000001,lightgbm
2025,00-0040466,Raheim Sanders,RB,CLE,rook,rookie,1,raheim sanders,682.7,1516.0,366.0,5.4,,18.8,lightgbm
2025,00-0040586,Jaydon Blue,RB,DAL,rook,rookie,1,jaydon blue,127.7,125.0,45.0,71.6,113.2,19.9,lightgbm
2025,00-0038440,Zavier Scott,RB,MIN,rook,rookie,1,zavier scott,628.8,1029.0,242.0,4.8,7.7,32.2,lightgbm
2025,00-0040078,Brashard Smith,RB,KC,rook,rookie,1,brashard smith,244.1,209.0,71.0,20.4,48.8,50.8,lightgbm
2025,00-0040198,Ollie Gordon II,RB,MIA,rook,rookie,1,ollie gordon,138.7,130.0,47.0,28.3,71.6,50.6,lightgbm
2025,00-0040556,Corey Kiner,RB,SF,rook,rookie,1,corey kiner,656.0,1215.0,297.0,9.0,,8.3,lightgbm
2025,00-0040238,LeQuint Allen Jr.,RB,JAX,rook,rookie,1,lequint allen,697.2,1771.0,420.0,17.7,13.9,19.8,lightgbm
2025,00-0040179,DJ Giddens,RB,IND,rook,rookie,1,dj giddens,214.5,183.0,63.0,73.2,70.1,9.6,lightgbm
2025,00-0040208,Tahj Brooks,RB,CIN,rook,rookie,1,tahj brooks,232.0,196.0,67.0,36.0,45.0,5.9,lightgbm
2025,00-0040142,Kaleb Johnson,RB,PIT,rook,rookie,1,kaleb johnson,73.6,73.0,27.0,88.8,163.0,8.3,lightgbm
2025,00-0040644,Trevor Etienne,RB,CAR,rook,rookie,1,trevor etienne,272.4,278.0,87.0,56.8,29.2,12.2,lightgbm
2025,00-0038896,Jacob Saylors,RB,DET,rook,rookie,1,jacob saylors,526.8,633.0,160.0,3.5,,1.1,lightgbm
2025,00-0038458,Owen Wright,RB,TB,rook,rookie,1,owen wright,677.0,1426.0,340.0,3.7,,0.6000000000000001,lightgbm
2025,00-0040205,Kalel Mullings,RB,TEN,rook,rookie,1,kalel mullings,699.5,1814.0,433.0,0.1,23.4,0.7000000000000001,lightgbm
2025,00-0040649,Robbie Ouzts,RB,SEA,rook,rookie,1,robbie ouzts,685.5,1562.0,378.0,8.4,,0.0,lightgbm
2025,00-0039266,Kendall Milton,RB,CIN,rook,rookie,1,kendall milton,649.9,1172.0,287.0,11.4,,0.2,lightgbm
2025,00-0040021,Phil Mafah,RB,DAL,rook,rookie,1,phil mafah,649.9,1171.0,286.0,14.0,22.0,9.9,lightgbm
2025,00-0040039,Amar Johnson,RB,LAC,rook,rookie,1,amar johnson,666.2,1309.0,321.0,7.4,,0.8,lightgbm
2025,00-0040067,Jacardia Wright,RB,SEA,rook,rookie,1,jacardia wright,590.3,834.0,198.0,8.7,,2.0,lightgbm
2025,00-0040476,Ulysses Bentley IV,RB,IND,rook,rookie,1,ulysses bentley,573.5,765.0,187.0,9.3,,0.0,lightgbm
2021,00-0033908,Cooper Kupp,WR,LA,vet,veteran,0,cooper kupp,45.4,46.0,18.0,153.9,210.3,367.0,elasticnet
2021,00-0031381,Davante Adams,WR,GB,vet,veteran,0,davante adams,10.4,10.0,1.0,223.7,273.2,282.8,elasticnet
2021,00-0036322,Justin Jefferson,WR,MIN,vet,veteran,0,justin jefferson,28.7,28.0,9.0,220.2,255.7,276.40000000000003,elasticnet
2021,00-0035719,Deebo Samuel Sr.,WR,SF,vet,veteran,0,deebo samuel,81.6,81.0,34.0,102.0,199.4,300.46000000000004,elasticnet
2021,00-0027793,Antonio Brown,WR,TB,vet,veteran,0,antonio brown,89.4,89.0,37.0,111.2,181.9,100.1,elasticnet
2021,00-0033921,Chris Godwin Jr.,WR,TB,vet,veteran,0,chris godwin,39.2,40.0,14.0,172.4,215.6,193.4,elasticnet
2021,00-0033536,Mike Williams,WR,LAC,vet,veteran,0,mike williams,108.4,107.0,45.0,112.7,199.2,208.6,elasticnet
2021,00-0035216,Diontae Johnson,WR,PIT,vet,veteran,0,diontae johnson,54.9,54.0,22.0,133.6,211.6,220.9,elasticnet
2021,00-0032211,Tyler Lockett,WR,SEA,vet,veteran,0,tyler lockett,50.8,50.0,20.0,175.0,210.5,204.9,elasticnet
2021,00-0030279,Keenan Allen,WR,LAC,vet,veteran,0,keenan allen,27.6,27.0,8.0,148.9,212.0,204.8,elasticnet
2021,00-0030035,Adam Thielen,WR,MIN,vet,veteran,0,adam thielen,53.3,53.0,21.0,140.9,210.1,166.3,elasticnet
2021,00-0030431,Robert Woods,WR,LA,vet,veteran,0,robert woods,43.1,44.0,16.0,150.8,216.1,114.7,elasticnet
2021,00-0030564,DeAndre Hopkins,WR,ARI,vet,veteran,0,deandre hopkins,15.8,16.0,4.0,186.7,250.0,126.2,elasticnet
2021,00-0031408,Mike Evans,WR,TB,vet,veteran,0,mike evans,33.2,34.0,12.0,197.4,222.0,225.5,elasticnet
2021,00-0031588,Stefon Diggs,WR,BUF,vet,veteran,0,stefon diggs,15.5,15.0,3.0,210.9,247.7,234.0,elasticnet
2021,00-0035640,DK Metcalf,WR,SEA,vet,veteran,0,dk metcalf,18.4,18.0,5.0,182.7,262.9,206.8,elasticnet
2021,00-0033040,Tyreek Hill,WR,KC,vet,veteran,0,tyreek hill,11.9,11.0,2.0,194.2,275.3,241.0,elasticnet
2021,00-0031236,Brandin Cooks,WR,HOU,vet,veteran,0,brandin cooks,91.4,91.0,39.0,148.8,175.3,186.8,elasticnet
2021,00-0036252,Michael Pittman,WR,IND,vet,veteran,0,michael pittman,107.5,106.0,44.0,95.4,179.4,194.6,elasticnet
2021,00-0035662,Marquise Brown,WR,BAL,vet,veteran,0,marquise brown,123.7,120.0,51.0,145.9,201.6,182.8,elasticnet
2021,00-0036358,CeeDee Lamb,WR,DAL,vet,veteran,0,ceedee lamb,35.1,36.0,13.0,159.8,226.2,193.3,elasticnet
2021,00-0034827,DJ Moore,WR,CAR,vet,veteran,0,dj moore,47.9,49.0,19.0,162.5,210.9,191.0,elasticnet
2021,00-0034837,Calvin Ridley,WR,ATL,vet,veteran,0,calvin ridley,20.9,20.0,6.0,179.1,254.0,55.6,elasticnet
2021,00-0035676,A.J. Brown,WR,TEN,vet,veteran,0,aj brown,23.8,24.0,7.0,176.9,258.8,149.4,elasticnet
2021,00-0036309,Darnell Mooney,WR,CHI,vet,veteran,0,darnell mooney,115.1,113.0,48.0,110.8,151.8,179.20000000000002,elasticnet
2021,00-0031544,Amari Cooper,WR,DAL,vet,veteran,0,amari cooper,41.2,42.0,15.0,158.8,214.5,168.5,elasticnet
2021,00-0036357,Henry Ruggs III,WR,LV,vet,veteran,0,henry ruggs,124.8,121.0,52.0,94.9,144.5,72.5,elasticnet
2021,00-0035659,Terry McLaurin,WR,WAS,vet,veteran,0,terry mclaurin,30.8,30.0,10.0,161.1,219.7,175.0,elasticnet
2021,00-0036410,Tee Higgins,WR,CIN,vet,veteran,0,tee higgins,65.4,66.0,25.0,161.7,207.6,182.1,elasticnet
2021,00-0033871,Corey Davis,WR,NYJ,vet,veteran,0,corey davis,99.9,99.0,43.0,125.0,158.1,88.2,elasticnet
2021,00-0034775,Christian Kirk,WR,ARI,vet,veteran,0,christian kirk,219.6,189.0,77.0,117.7,137.2,169.12,elasticnet
2021,00-0034411,Russell Gage,WR,ATL,vet,veteran,0,russell gage,143.2,132.0,57.0,89.3,128.6,130.0,elasticnet
2021,00-0031382,Jarvis Landry,WR,CLE,vet,veteran,0,jarvis landry,95.9,96.0,41.0,149.6,174.4,107.0,elasticnet
2021,00-0036326,Chase Claypool,WR,PIT,vet,veteran,0,chase claypool,67.4,67.0,26.0,161.0,186.2,137.1,elasticnet
2021,00-0032385,Sterling Shepard,WR,NYG,vet,veteran,0,sterling shepard,193.7,170.0,69.0,138.7,144.3,59.7,elasticnet
2021,00-0029293,Marvin Jones,WR,JAX,vet,veteran,0,marvin jones,132.4,127.0,54.0,133.9,182.6,143.7,elasticnet
2021,00-0031547,DeVante Parker,WR,MIA,vet,veteran,0,devante parker,150.8,138.0,59.0,123.2,146.4,83.5,elasticnet
2021,00-0034764,Michael Gallup,WR,DAL,vet,veteran,0,michael gallup,119.8,117.0,49.0,120.2,144.8,74.0,elasticnet
2021,00-0034960,Jakobi Meyers,WR,NE,vet,veteran,0,jakobi meyers,142.2,131.0,56.0,99.1,175.4,144.8,elasticnet
2021,00-0033215,Cyril Grayson,WR,TB,vet,veteran,0,cyril grayson,433.3,331.0,117.0,12.6,28.3,39.6,elasticnet
2021,00-0034777,DJ Chark,WR,JAX,vet,veteran,0,dj chark,84.1,84.0,36.0,122.0,189.2,30.9,elasticnet
2021,00-0034521,Allen Lazard,WR,GB,vet,veteran,0,allen lazard,244.5,209.0,82.0,79.8,89.2,122.5,elasticnet
2021,00-0027942,A.J. Green,WR,ARI,vet,veteran,0,aj green,194.4,171.0,70.0,66.1,111.6,129.8,elasticnet
2021,00-0036219,Marquez Callaway,WR,NO,vet,veteran,0,marquez callaway,121.5,118.0,50.0,48.6,176.2,128.8,elasticnet
2021,00-0033009,Tyler Boyd,WR,CIN,vet,veteran,0,tyler boyd,90.7,90.0,38.0,154.1,178.0,150.34,elasticnet
2021,00-0036196,Gabe Davis,WR,BUF,vet,veteran,0,gabe davis,196.2,173.0,71.0,96.6,147.1,108.4,elasticnet
2021,00-0034348,Courtland Sutton,WR,DEN,vet,veteran,0,courtland sutton,79.7,80.0,33.0,77.1,194.0,121.24,elasticnet
2021,00-0036261,Brandon Aiyuk,WR,SF,vet,veteran,0,brandon aiyuk,59.2,59.0,23.0,168.5,198.8,142.3,elasticnet
2021,00-0031941,Jamison Crowder,WR,NYJ,vet,veteran,0,jamison crowder,236.3,201.0,79.0,127.0,118.3,84.2,elasticnet
2021,00-0027685,Emmanuel Sanders,WR,BUF,vet,veteran,0,emmanuel sanders,212.9,184.0,74.0,99.7,131.2,110.7,elasticnet
2021,00-0034272,Marquez Valdes-Scantling,WR,GB,vet,veteran,0,marquez valdesscantling,214.4,186.0,76.0,92.4,148.6,74.0,elasticnet
2021,00-0036233,Donovan Peoples-Jones,WR,CLE,vet,veteran,0,donovan peoplesjones,245.1,210.0,83.0,64.2,141.0,92.7,elasticnet
2021,00-0036407,Jerry Jeudy,WR,DEN,vet,veteran,0,jerry jeudy,71.2,71.0,29.0,117.9,203.3,66.0,elasticnet
2021,00-0032688,Robbie Chosen,WR,CAR,vet,veteran,0,robbie chosen,79.3,79.0,32.0,129.7,186.6,112.0,elasticnet
2021,00-0029000,Cole Beasley,WR,BUF,vet,veteran,0,cole beasley,149.8,137.0,58.0,125.9,133.3,118.3,elasticnet
2021,00-0034765,Tre'Quan Smith,WR,NO,vet,veteran,0,trequan smith,199.2,176.0,73.0,79.6,129.8,71.7,elasticnet
2021,00-0028002,Randall Cobb,WR,GB,vet,veteran,0,randall cobb,191.8,169.0,68.0,91.4,128.1,81.6,elasticnet
2021,00-0029608,T.Y. Hilton,WR,IND,vet,veteran,0,ty hilton,182.5,160.0,66.0,104.1,122.3,62.6,elasticnet
2021,00-0036268,Laviska Shenault Jr.,WR,JAX,vet,veteran,0,laviska shenault,95.5,95.0,40.0,133.8,167.0,95.5,elasticnet
2021,00-0031235,Odell Beckham Jr.,WR,CLE,vet,veteran,0,odell beckham,69.7,69.0,28.0,109.5,192.8,107.1,elasticnet
2021,00-0027944,Julio Jones,WR,TEN,vet,veteran,0,julio jones,44.3,45.0,17.0,154.2,208.1,64.9,elasticnet
2021,00-0031428,Allen Robinson,WR,CHI,vet,veteran,0,allen robinson,32.0,32.0,11.0,164.3,222.4,68.0,elasticnet
2021,00-0035140,Mecole Hardman,WR,KC,vet,veteran,0,mecole hardman,129.1,125.0,53.0,122.7,170.5,111.4,elasticnet
2021,00-0036365,Bryan Edwards,WR,LV,vet,veteran,0,bryan edwards,167.7,149.0,63.0,51.3,142.7,92.1,elasticnet
2021,00-0031549,Nelson Agholor,WR,NE,vet,veteran,0,nelson agholor,155.0,142.0,60.0,110.5,142.3,84.9,elasticnet
2021,00-0033932,Kenny Golladay,WR,NYG,vet,veteran,0,kenny golladay,71.6,72.0,30.0,122.3,184.6,70.60000000000001,elasticnet
2021,00-0033857,JuJu Smith-Schuster,WR,PIT,vet,veteran,0,juju smithschuster,77.4,77.0,31.0,157.7,184.3,27.3,elasticnet
2021,00-0035639,Parris Campbell,WR,IND,vet,veteran,0,parris campbell,213.3,185.0,75.0,53.4,132.1,27.200000000000003,elasticnet
2021,00-0031763,DeAndre Carter,WR,WAS,vet,veteran,0,deandre carter,250.5,215.0,85.0,0.7,25.4,74.5,elasticnet
2021,00-0031325,Sammy Watkins,WR,BAL,vet,veteran,0,sammy watkins,222.7,191.0,78.0,79.5,125.2,56.900000000000006,elasticnet
2021,00-0036387,Jalen Reagor,WR,PHI,vet,veteran,0,jalen reagor,173.5,153.0,65.0,96.4,150.7,61.6,elasticnet
2021,00-0030068,Marquise Goodwin,WR,CHI,vet,veteran,0,marquise goodwin,662.1,456.0,164.0,26.9,122.3,47.2,elasticnet
2021,00-0029632,Mohamed Sanu,WR,SF,vet,veteran,0,mohamed sanu,479.7,352.0,123.0,51.2,34.9,25.200000000000003,elasticnet
2021,00-0032980,Marcus Johnson,WR,TEN,vet,veteran,0,marcus johnson,604.0,415.0,143.0,57.9,42.6,20.3,elasticnet
2021,00-0034407,Ray-Ray McCloud,WR,PIT,vet,veteran,0,rayray mccloud,355.7,282.0,103.0,26.9,49.9,48.7,elasticnet
2021,00-0033282,Curtis Samuel,WR,WAS,vet,veteran,0,curtis samuel,113.7,111.0,47.0,141.3,121.6,6.800000000000001,elasticnet
2021,00-0033292,Trent Taylor,WR,CIN,vet,veteran,0,trent taylor,546.0,388.0,136.0,14.4,,5.1000000000000005,elasticnet
2021,00-0036228,Dezmon Patmon,WR,IND,vet,veteran,0,dezmon patmon,628.0,431.0,150.0,23.9,,9.1,elasticnet
2021,00-0034317,Keith Kirkwood,WR,CAR,vet,veteran,0,keith kirkwood,527.0,375.0,130.0,19.9,,3.2,elasticnet
2021,00-0029664,Josh Gordon,WR,KC,vet,veteran,0,josh gordon,468.5,348.0,122.0,35.0,51.0,11.7,elasticnet
2021,00-0033111,Pharoh Cooper,WR,JAX,vet,veteran,0,pharoh cooper,619.2,426.0,147.0,24.2,5.1,5.6,elasticnet
2021,00-0035022,Penny Hart,WR,SEA,vet,veteran,0,penny hart,606.7,417.0,144.0,18.0,51.3,9.4,elasticnet
2021,00-0032543,Alex Erickson,WR,CAR,vet,veteran,0,alex erickson,638.4,438.0,152.0,24.4,20.9,7.0,elasticnet
2021,00-0035480,Malik Taylor,WR,GB,vet,veteran,0,malik taylor,280.0,232.0,90.0,22.6,18.3,2.4000000000000004,elasticnet
2021,00-0035399,Stanley Morgan,WR,CIN,vet,veteran,0,stanley morgan,661.0,455.0,163.0,17.9,8.0,2.4000000000000004,elasticnet
2021,00-0026293,Matthew Slater,WR,NE,vet,veteran,0,matthew slater,616.0,423.0,145.0,-23.2,,0.0,elasticnet
2021,00-0031051,John Brown,WR,LV,vet,veteran,0,john brown,647.4,446.0,159.0,88.3,120.9,0.0,elasticnet
2021,00-0032160,Tyrell Williams,WR,DET,vet,veteran,0,tyrell williams,198.3,175.0,72.0,56.5,132.6,2.4000000000000004,elasticnet
2021,00-0032765,Michael Thomas,WR,NO,vet,veteran,0,michael thomas,62.0,63.0,24.0,137.7,176.1,0.0,elasticnet
2021,00-0033127,Will Fuller,WR,MIA,vet,veteran,0,will fuller,109.3,108.0,46.0,160.7,,6.6,elasticnet
2021,00-0033957,Rodney Adams,WR,CHI,vet,veteran,0,rodney adams,679.1,469.0,169.0,12.3,41.1,0.0,elasticnet
2021,00-0035432,Jason Moore,WR,LAC,vet,veteran,0,jason moore,586.0,407.0,141.0,3.5,10.8,7.1000000000000005,elasticnet
2021,00-0035621,Nsimba Webster,WR,CHI,vet,veteran,0,nsimba webster,665.0,458.0,165.0,8.4,9.4,0.0,elasticnet
2021,00-0036398,John Hightower,WR,PHI,vet,veteran,0,john hightower,550.2,390.0,137.0,30.0,45.8,0.0,elasticnet
2022,00-0033908,Cooper Kupp,WR,LA,vet,veteran,0,cooper kupp,6.4,6.0,1.0,247.9,280.8,163.9,elasticnet
2022,00-0036322,Justin Jefferson,WR,MIN,vet,veteran,0,justin jefferson,8.2,8.0,2.0,230.5,287.46,304.66,elasticnet
2022,00-0031381,Davante Adams,WR,LV,vet,veteran,0,davante adams,12.9,12.0,4.0,218.7,231.8,285.5,elasticnet
2022,00-0033040,Tyreek Hill,WR,MIA,vet,veteran,0,tyreek hill,20.4,20.0,7.0,193.5,238.3,281.7,elasticnet
2022,00-0031588,Stefon Diggs,WR,BUF,vet,veteran,0,stefon diggs,13.1,14.0,5.0,168.9,248.2,262.6,elasticnet
2022,00-0032765,Michael Thomas,WR,NO,vet,veteran,0,michael thomas,67.6,67.0,28.0,75.3,182.9,43.1,elasticnet
2022,00-0036963,Amon-Ra St. Brown,WR,DET,vet,veteran,0,amonra st brown,64.6,64.0,25.0,177.6,189.2,214.6,elasticnet
2022,00-0030564,DeAndre Hopkins,WR,ARI,vet,veteran,0,deandre hopkins,83.9,84.0,34.0,132.9,167.4,119.7,elasticnet
2022,00-0036900,Ja'Marr Chase,WR,CIN,vet,veteran,0,jamarr chase,10.4,10.0,3.0,224.4,238.6,198.9,elasticnet
2022,00-0036358,CeeDee Lamb,WR,DAL,vet,veteran,0,ceedee lamb,19.9,19.0,6.0,169.2,211.1,248.1,elasticnet
2022,00-0035676,A.J. Brown,WR,PHI,vet,veteran,0,aj brown,27.7,28.0,10.0,155.3,215.0,255.6,elasticnet
2022,00-0036613,Jaylen Waddle,WR,MIA,vet,veteran,0,jaylen waddle,48.2,48.0,18.0,178.0,207.0,221.7,elasticnet
2022,00-0031544,Amari Cooper,WR,CLE,vet,veteran,0,amari cooper,69.1,70.0,31.0,152.8,183.1,207.0,elasticnet
2022,00-0030279,Keenan Allen,WR,LAC,vet,veteran,0,keenan allen,30.3,30.0,11.0,161.5,173.1,131.0,elasticnet
2022,00-0031408,Mike Evans,WR,TB,vet,veteran,0,mike evans,26.1,26.0,9.0,173.4,182.1,186.9,elasticnet
2022,00-0032211,Tyler Lockett,WR,SEA,vet,veteran,0,tyler lockett,104.9,104.0,43.0,162.1,176.1,197.3,elasticnet
2022,00-0036407,Jerry Jeudy,WR,DEN,vet,veteran,0,jerry jeudy,51.4,51.0,21.0,107.4,168.0,170.70000000000002,elasticnet
2022,00-0035659,Terry McLaurin,WR,WAS,vet,veteran,0,terry mclaurin,42.0,42.0,15.0,147.6,176.7,190.5,elasticnet
2022,00-0033536,Mike Williams,WR,LAC,vet,veteran,0,mike williams,43.3,43.0,16.0,155.3,194.3,145.0,elasticnet
2022,00-0033921,Chris Godwin Jr.,WR,TB,vet,veteran,0,chris godwin,65.7,65.0,26.0,165.1,172.4,170.8,elasticnet
2022,00-0034960,Jakobi Meyers,WR,NE,vet,veteran,0,jakobi meyers,172.6,155.0,65.0,119.4,156.76,148.8,elasticnet
2022,00-0034775,Christian Kirk,WR,JAX,vet,veteran,0,christian kirk,100.7,100.0,42.0,154.8,183.4,199.9,elasticnet
2022,00-0036912,DeVonta Smith,WR,PHI,vet,veteran,0,devonta smith,88.5,88.0,36.0,144.7,174.8,209.1,elasticnet
2022,00-0036252,Michael Pittman,WR,IND,vet,veteran,0,michael pittman,33.9,33.0,12.0,151.2,181.9,167.0,elasticnet
2022,00-0035662,Marquise Brown,WR,ARI,vet,veteran,0,marquise brown,57.9,57.0,23.0,141.8,151.0,122.5,elasticnet
2022,00-0035640,DK Metcalf,WR,SEA,vet,veteran,0,dk metcalf,50.2,50.0,20.0,168.9,181.4,181.8,elasticnet
2022,00-0034827,DJ Moore,WR,CAR,vet,veteran,0,dj moore,40.1,40.0,14.0,160.8,156.7,167.60000000000002,elasticnet
2022,00-0036196,Gabe Davis,WR,BUF,vet,veteran,0,gabe davis,68.5,68.0,29.0,101.0,168.8,147.6,elasticnet
2022,00-0036410,Tee Higgins,WR,CIN,vet,veteran,0,tee higgins,34.7,35.0,13.0,172.5,202.1,183.9,elasticnet
2022,00-0034521,Allen Lazard,WR,GB,vet,veteran,0,allen lazard,89.8,89.0,37.0,100.4,177.2,144.8,elasticnet
2022,00-0036261,Brandon Aiyuk,WR,SF,vet,veteran,0,brandon aiyuk,94.3,94.0,40.0,159.5,169.6,188.8,elasticnet
2022,00-0035140,Mecole Hardman,WR,KC,vet,veteran,0,mecole hardman,178.5,158.0,66.0,112.7,135.5,81.3,elasticnet
2022,00-0031236,Brandin Cooks,WR,HOU,vet,veteran,0,brandin cooks,59.9,59.0,24.0,154.2,178.2,117.1,elasticnet
2022,00-0035719,Deebo Samuel Sr.,WR,SF,vet,veteran,0,deebo samuel,23.1,23.0,8.0,177.4,205.96,140.4,elasticnet
2022,00-0034348,Courtland Sutton,WR,DEN,vet,veteran,0,courtland sutton,44.7,44.0,17.0,115.2,184.0,127.4,elasticnet
2022,00-0033282,Curtis Samuel,WR,WAS,vet,veteran,0,curtis samuel,235.1,203.0,81.0,68.2,173.0,144.3,elasticnet
2022,00-0036936,Rondale Moore,WR,ARI,vet,veteran,0,rondale moore,152.7,139.0,59.0,96.3,137.1,67.4,elasticnet
2022,00-0035216,Diontae Johnson,WR,PIT,vet,veteran,0,diontae johnson,48.9,49.0,19.0,165.9,171.6,137.7,elasticnet
2022,00-0030035,Adam Thielen,WR,MIN,vet,veteran,0,adam thielen,69.0,69.0,30.0,122.2,156.3,145.0,elasticnet
2022,00-0036233,Donovan Peoples-Jones,WR,CLE,vet,veteran,0,donovan peoplesjones,237.4,205.0,83.0,82.2,132.4,136.6,elasticnet
2022,00-0036554,Nico Collins,WR,HOU,vet,veteran,0,nico collins,193.5,170.0,72.0,80.5,114.3,78.60000000000001,elasticnet
2022,00-0036988,Josh Palmer,WR,LAC,vet,veteran,0,josh palmer,184.0,162.0,68.0,86.1,,133.3,elasticnet
2022,00-0033857,JuJu Smith-Schuster,WR,KC,vet,veteran,0,juju smithschuster,66.7,66.0,27.0,68.2,175.9,146.3,elasticnet
2022,00-0036550,Rashod Bateman,WR,BAL,vet,veteran,0,rashod bateman,78.2,78.0,33.0,105.4,167.7,46.0,elasticnet
2022,00-0034777,DJ Chark,WR,DET,vet,veteran,0,dj chark,168.0,151.0,64.0,78.1,138.1,83.2,elasticnet
2022,00-0033009,Tyler Boyd,WR,CIN,vet,veteran,0,tyler boyd,125.5,123.0,53.0,140.3,139.8,138.12,elasticnet
2022,00-0034411,Russell Gage,WR,TB,vet,veteran,0,russell gage,163.5,146.0,60.0,103.8,134.4,98.1,elasticnet
2022,00-0036345,K.J. Osborn,WR,MIN,vet,veteran,0,kj osborn,185.0,163.0,69.0,71.7,123.8,125.6,elasticnet
2022,00-0035639,Parris Campbell,WR,IND,vet,veteran,0,parris campbell,239.2,207.0,85.0,58.8,110.0,117.6,elasticnet
2022,00-0031428,Allen Robinson,WR,LA,vet,veteran,0,allen robinson,52.0,52.0,22.0,97.2,124.8,68.4,elasticnet
2022,00-0036309,Darnell Mooney,WR,CHI,vet,veteran,0,darnell mooney,72.7,72.0,32.0,122.9,157.9,81.5,elasticnet
2022,00-0031547,DeVante Parker,WR,NE,vet,veteran,0,devante parker,141.8,130.0,55.0,104.3,131.6,87.4,elasticnet
2022,00-0034286,Richie James,WR,NYG,vet,veteran,0,richie james,393.8,332.0,111.0,24.1,119.1,110.0,elasticnet
2022,00-0033466,Isaiah McKenzie,WR,BUF,vet,veteran,0,isaiah mckenzie,164.6,147.0,61.0,45.7,124.6,98.8,elasticnet
2022,00-0034983,Hunter Renfrow,WR,LV,vet,veteran,0,hunter renfrow,86.4,86.0,35.0,145.6,121.5,61.0,elasticnet
2022,00-0036415,Van Jefferson,WR,LA,vet,veteran,0,van jefferson,219.7,190.0,78.0,111.8,118.1,66.9,elasticnet
2022,00-0030068,Marquise Goodwin,WR,SEA,vet,veteran,0,marquise goodwin,620.1,506.0,162.0,32.3,29.7,76.7,elasticnet
2022,00-0036326,Chase Claypool,WR,PIT,vet,veteran,0,chase claypool,110.8,109.0,46.0,131.6,144.7,82.04,elasticnet
2022,00-0034764,Michael Gallup,WR,DAL,vet,veteran,0,michael gallup,130.9,126.0,54.0,101.9,159.8,85.9,elasticnet
2022,00-0030431,Robert Woods,WR,TEN,vet,veteran,0,robert woods,106.9,105.0,44.0,122.0,133.4,91.2,elasticnet
2022,00-0027944,Julio Jones,WR,TB,vet,veteran,0,julio jones,124.0,121.0,52.0,87.5,134.1,58.4,elasticnet
2022,00-0031382,Jarvis Landry,WR,NO,vet,veteran,0,jarvis landry,144.7,133.0,57.0,92.6,128.3,47.7,elasticnet
2022,00-0029293,Marvin Jones,WR,JAX,vet,veteran,0,marvin jones,218.6,189.0,77.0,113.9,116.5,93.9,elasticnet
2022,00-0034272,Marquez Valdes-Scantling,WR,KC,vet,veteran,0,marquez valdesscantling,121.9,119.0,50.0,64.0,148.3,101.4,elasticnet
2022,00-0028002,Randall Cobb,WR,GB,vet,veteran,0,randall cobb,236.6,204.0,82.0,68.2,123.5,64.7,elasticnet
2022,00-0036980,Elijah Moore,WR,NYJ,vet,veteran,0,elijah moore,90.3,91.0,38.0,137.5,141.4,69.6,elasticnet
2022,00-0036913,Kadarius Toney,WR,NYG,vet,veteran,0,kadarius toney,111.3,110.0,47.0,98.4,125.14,51.3,elasticnet
2022,00-0027942,A.J. Green,WR,ARI,vet,veteran,0,aj green,233.7,201.0,80.0,71.3,101.1,49.6,elasticnet
2022,00-0036412,KJ Hamler,WR,DEN,vet,veteran,0,kj hamler,205.5,179.0,76.0,62.1,127.8,22.3,elasticnet
2022,00-0029608,T.Y. Hilton,WR,DAL,vet,veteran,0,ty hilton,426.3,360.0,119.0,63.8,25.8,15.6,elasticnet
2022,00-0031325,Sammy Watkins,WR,GB,vet,veteran,0,sammy watkins,199.2,174.0,74.0,52.4,92.3,38.5,elasticnet
2022,00-0026189,DeSean Jackson,WR,BAL,vet,veteran,0,desean jackson,565.1,464.0,150.0,49.4,17.2,19.8,elasticnet
2022,00-0034386,Justin Watson,WR,KC,vet,veteran,0,justin watson,681.1,546.0,178.0,16.6,18.6,51.0,elasticnet
2022,00-0032688,Robbie Chosen,WR,CAR,vet,veteran,0,robbie chosen,220.6,191.0,79.0,83.6,121.0,42.2,elasticnet
2022,00-0035544,Tom Kennedy,WR,DET,vet,veteran,0,tom kennedy,530.0,445.0,143.0,23.0,7.9,18.1,elasticnet
2022,00-0034054,River Cracraft,WR,MIA,vet,veteran,0,river cracraft,670.0,538.0,174.0,5.4,27.9,26.7,elasticnet
2022,00-0033932,Kenny Golladay,WR,NYG,vet,veteran,0,kenny golladay,180.4,159.0,67.0,88.8,75.7,17.1,elasticnet
2022,00-0036671,Dax Milne,WR,WAS,vet,veteran,0,dax milne,653.0,525.0,171.0,22.8,14.8,12.7,elasticnet
2022,00-0035593,Juwann Winfree,WR,GB,vet,veteran,0,juwann winfree,562.9,463.0,149.0,16.8,,2.2,elasticnet
2022,00-0033114,Mike Thomas,WR,CIN,vet,veteran,0,mike thomas,454.6,384.0,124.0,11.3,22.1,6.800000000000001,elasticnet
2022,00-0035406,Lil'Jordan Humphrey,WR,NE,vet,veteran,0,liljordan humphrey,561.5,462.0,148.0,38.9,23.1,3.0,elasticnet
2022,00-0036527,DJ Turner,WR,LV,vet,veteran,0,dj turner,510.3,431.0,140.0,32.0,7.3,2.6,elasticnet
2022,00-0035399,Stanley Morgan,WR,CIN,vet,veteran,0,stanley morgan,649.0,522.0,169.0,14.9,4.8,0.0,elasticnet
2022,00-0029664,Josh Gordon,WR,TEN,vet,veteran,0,josh gordon,638.6,517.0,166.0,-12.3,20.7,0.0,elasticnet
2022,00-0031235,Odell Beckham Jr.,WR,,vet,veteran,0,odell beckham,204.7,178.0,75.0,88.6,84.5,0.0,elasticnet
2022,00-0033375,Tim Patrick,WR,DEN,vet,veteran,0,tim patrick,492.5,417.0,135.0,99.3,,0.0,elasticnet
2022,00-0033589,David Moore,WR,CHI,vet,veteran,0,david moore,505.0,427.0,137.0,21.1,,0.0,elasticnet
2022,00-0034837,Calvin Ridley,WR,,vet,veteran,0,calvin ridley,535.8,448.0,144.0,122.3,,0.0,elasticnet
2023,00-0036358,CeeDee Lamb,WR,DAL,vet,veteran,0,ceedee lamb,15.0,14.0,6.0,203.3,232.7,335.70000000000005,lightgbm
2023,00-0033040,Tyreek Hill,WR,MIA,vet,veteran,0,tyreek hill,6.8,6.0,3.0,192.4,254.2,316.90000000000003,lightgbm
2023,00-0030279,Keenan Allen,WR,LAC,vet,veteran,0,keenan allen,41.6,40.0,18.0,144.3,182.2,224.86,lightgbm
2023,00-0036322,Justin Jefferson,WR,MIN,vet,veteran,0,justin jefferson,1.6,1.0,1.0,220.0,288.7,168.2,lightgbm
2023,00-0036963,Amon-Ra St. Brown,WR,DET,vet,veteran,0,amonra st brown,17.5,17.0,9.0,167.0,212.9,271.40000000000003,lightgbm
2023,00-0034827,DJ Moore,WR,CHI,vet,veteran,0,dj moore,50.9,50.0,21.0,158.4,184.5,238.5,lightgbm
2023,00-0035676,A.J. Brown,WR,PHI,vet,veteran,0,aj brown,12.5,11.0,5.0,189.5,237.5,236.6,lightgbm
2023,00-0033536,Mike Williams,WR,LAC,vet,veteran,0,mike williams,68.9,67.0,27.0,155.8,174.3,40.7,lightgbm
2023,00-0036900,Ja'Marr Chase,WR,CIN,vet,veteran,0,jamarr chase,3.4,3.0,2.0,192.4,267.0,212.72,lightgbm
2023,00-0036554,Nico Collins,WR,HOU,vet,veteran,0,nico collins,166.4,147.0,61.0,52.9,162.7,220.4,lightgbm
2023,00-0031408,Mike Evans,WR,TB,vet,veteran,0,mike evans,74.0,73.0,30.0,161.6,185.5,243.0,lightgbm
2023,00-0031381,Davante Adams,WR,LV,vet,veteran,0,davante adams,16.9,16.0,8.0,176.8,240.7,213.9,lightgbm
2023,00-0036252,Michael Pittman,WR,IND,vet,veteran,0,michael pittman,80.8,81.0,35.0,174.3,167.9,197.7,lightgbm
2023,00-0035640,DK Metcalf,WR,SEA,vet,veteran,0,dk metcalf,35.9,35.0,16.0,183.1,186.8,192.4,lightgbm
2023,00-0031544,Amari Cooper,WR,CLE,vet,veteran,0,amari cooper,43.2,42.0,19.0,180.4,184.3,191.0,lightgbm
2023,00-0035719,Deebo Samuel Sr.,WR,SF,vet,veteran,0,deebo samuel,35.4,34.0,15.0,155.0,188.7,213.7,lightgbm
2023,00-0037239,Chris Olave,WR,NO,vet,veteran,0,chris olave,26.3,26.0,12.0,178.4,196.2,187.8,lightgbm
2023,00-0031588,Stefon Diggs,WR,BUF,vet,veteran,0,stefon diggs,11.4,10.0,4.0,168.7,240.6,220.3,lightgbm
2023,00-0034960,Jakobi Meyers,WR,LV,vet,veteran,0,jakobi meyers,154.6,138.0,58.0,106.0,139.5,183.08,lightgbm
2023,00-0034837,Calvin Ridley,WR,JAX,vet,veteran,0,calvin ridley,38.1,37.0,17.0,105.2,197.6,191.9,lightgbm
2023,00-0036261,Brandon Aiyuk,WR,SF,vet,veteran,0,brandon aiyuk,66.2,65.0,26.0,163.2,176.3,211.7,lightgbm
2023,00-0036912,DeVonta Smith,WR,PHI,vet,veteran,0,devonta smith,30.7,29.0,14.0,170.6,195.7,187.1,lightgbm
2023,00-0030564,DeAndre Hopkins,WR,TEN,vet,veteran,0,deandre hopkins,49.8,49.0,20.0,115.7,177.5,186.1,lightgbm
2023,00-0036613,Jaylen Waddle,WR,MIA,vet,veteran,0,jaylen waddle,22.3,22.0,11.0,200.9,205.0,162.60000000000002,lightgbm
2023,00-0030035,Adam Thielen,WR,CAR,vet,veteran,0,adam thielen,128.8,123.0,53.0,110.9,124.9,179.5,lightgbm
2023,00-0033908,Cooper Kupp,WR,LA,vet,veteran,0,cooper kupp,16.5,15.0,7.0,160.9,191.7,134.9,lightgbm
2023,00-0034775,Christian Kirk,WR,JAX,vet,veteran,0,christian kirk,71.3,71.0,29.0,155.3,170.2,121.76,lightgbm
2023,00-0034348,Courtland Sutton,WR,DEN,vet,veteran,0,courtland sutton,109.4,107.0,47.0,85.5,140.9,160.70000000000002,lightgbm
2023,00-0037247,George Pickens,WR,PIT,vet,veteran,0,george pickens,76.9,76.0,32.0,167.9,165.2,177.3,lightgbm
2023,00-0037740,Garrett Wilson,WR,NYJ,vet,veteran,0,garrett wilson,21.7,21.0,10.0,169.5,201.2,165.70000000000002,lightgbm
2023,00-0036410,Tee Higgins,WR,CIN,vet,veteran,0,tee higgins,28.7,27.0,13.0,176.1,195.1,116.6,lightgbm
2023,00-0035659,Terry McLaurin,WR,WAS,vet,veteran,0,terry mclaurin,53.6,54.0,22.0,173.6,182.0,163.70000000000002,lightgbm
2023,00-0032211,Tyler Lockett,WR,SEA,vet,veteran,0,tyler lockett,69.1,68.0,28.0,167.4,175.5,162.9,lightgbm
2023,00-0035216,Diontae Johnson,WR,PIT,vet,veteran,0,diontae johnson,80.1,80.0,34.0,126.7,137.6,127.2,lightgbm
2023,00-0037545,Rashid Shaheed,WR,NO,vet,veteran,0,rashid shaheed,236.9,205.0,81.0,62.7,117.1,134.6,lightgbm
2023,00-0033921,Chris Godwin Jr.,WR,TB,vet,veteran,0,chris godwin,65.9,64.0,25.0,179.1,187.9,167.70000000000002,lightgbm
2023,00-0037238,Drake London,WR,ATL,vet,veteran,0,drake london,56.4,56.0,23.0,148.1,182.1,139.88,lightgbm
2023,00-0036196,Gabe Davis,WR,BUF,vet,veteran,0,gabe davis,94.3,93.0,40.0,107.9,146.8,138.9,lightgbm
2023,00-0031236,Brandin Cooks,WR,DAL,vet,veteran,0,brandin cooks,93.7,92.0,39.0,90.8,150.7,146.2,lightgbm
2023,00-0038124,Christian Watson,WR,GB,vet,veteran,0,christian watson,60.3,59.0,24.0,140.2,151.2,87.3,lightgbm
2023,00-0033282,Curtis Samuel,WR,WAS,vet,veteran,0,curtis samuel,233.5,202.0,80.0,92.6,116.4,126.2,lightgbm
2023,00-0035662,Marquise Brown,WR,ARI,vet,veteran,0,marquise brown,79.3,79.0,33.0,130.4,160.1,109.2,lightgbm
2023,00-0037816,Romeo Doubs,WR,GB,vet,veteran,0,romeo doubs,152.0,136.0,57.0,46.5,117.8,144.9,lightgbm
2023,00-0036407,Jerry Jeudy,WR,DEN,vet,veteran,0,jerry jeudy,76.5,75.0,31.0,168.6,175.0,114.8,lightgbm
2023,00-0032765,Michael Thomas,WR,NO,vet,veteran,0,michael thomas,99.0,98.0,42.0,90.5,145.3,70.3,lightgbm
2023,00-0038117,Wan'Dale Robinson,WR,NYG,vet,veteran,0,wandale robinson,240.4,210.0,84.0,51.6,81.5,103.2,lightgbm
2023,00-0033891,Zay Jones,WR,JAX,vet,veteran,0,zay jones,175.5,154.0,63.0,117.1,125.6,61.1,lightgbm
2023,00-0033009,Tyler Boyd,WR,CIN,vet,veteran,0,tyler boyd,148.9,133.0,55.0,70.0,133.2,111.3,lightgbm
2023,00-0034777,DJ Chark,WR,CAR,vet,veteran,0,dj chark,200.5,173.0,70.0,69.2,112.1,98.0,lightgbm
2023,00-0036345,K.J. Osborn,WR,MIN,vet,veteran,0,kj osborn,219.0,188.0,75.0,83.7,109.7,96.0,lightgbm
2023,00-0037741,Jahan Dotson,WR,WAS,vet,veteran,0,jahan dotson,85.1,85.0,38.0,145.6,160.2,100.3,lightgbm
2023,00-0036980,Elijah Moore,WR,CLE,vet,veteran,0,elijah moore,117.0,113.0,49.0,75.2,130.2,102.6,lightgbm
2023,00-0031235,Odell Beckham Jr.,WR,BAL,vet,veteran,0,odell beckham,113.2,110.0,48.0,26.8,131.6,90.00000000000001,lightgbm
2023,00-0036936,Rondale Moore,WR,ARI,vet,veteran,0,rondale moore,194.5,167.0,69.0,56.9,115.1,85.0,lightgbm
2023,00-0037261,Khalil Shakir,WR,BUF,vet,veteran,0,khalil shakir,260.8,243.0,96.0,50.9,79.3,93.6,lightgbm
2023,00-0037382,Brandon Johnson,WR,DEN,vet,veteran,0,brandon johnson,395.7,361.0,136.0,12.6,24.6,63.900000000000006,lightgbm
2023,00-0037664,Alec Pierce,WR,IND,vet,veteran,0,alec pierce,214.0,183.0,73.0,85.7,110.3,79.4,lightgbm
2023,00-0037240,Jameson Williams,WR,DET,vet,veteran,0,jameson williams,134.4,128.0,54.0,48.1,131.5,68.3,lightgbm
2023,00-0030431,Robert Woods,WR,HOU,vet,veteran,0,robert woods,239.6,208.0,83.0,82.2,130.0,69.3,lightgbm
2023,00-0031547,DeVante Parker,WR,NE,vet,veteran,0,devante parker,231.8,199.0,79.0,36.4,113.3,55.900000000000006,lightgbm
2023,00-0033857,JuJu Smith-Schuster,WR,NE,vet,veteran,0,juju smithschuster,107.1,105.0,45.0,95.1,135.2,46.5,lightgbm
2023,00-0036309,Darnell Mooney,WR,CHI,vet,veteran,0,darnell mooney,157.3,140.0,59.0,106.6,127.3,63.400000000000006,lightgbm
2023,00-0034764,Michael Gallup,WR,DAL,vet,veteran,0,michael gallup,192.5,165.0,68.0,60.5,115.6,70.8,lightgbm
2023,00-0034386,Justin Watson,WR,KC,vet,veteran,0,justin watson,530.1,488.0,184.0,37.4,22.7,75.5,lightgbm
2023,00-0034521,Allen Lazard,WR,NYJ,vet,veteran,0,allen lazard,122.8,117.0,50.0,89.8,125.1,48.6,lightgbm
2023,00-0032398,Chris Moore,WR,TEN,vet,veteran,0,chris moore,530.7,489.0,185.0,56.0,24.0,57.3,lightgbm
2023,00-0036550,Rashod Bateman,WR,BAL,vet,veteran,0,rashod bateman,125.2,120.0,52.0,67.6,134.5,60.5,lightgbm
2023,00-0038090,Skyy Moore,WR,KC,vet,veteran,0,skyy moore,124.8,119.0,51.0,72.0,140.5,43.2,lightgbm
2023,00-0036913,Kadarius Toney,WR,KC,vet,veteran,0,kadarius toney,101.9,100.0,43.0,53.0,131.1,39.5,lightgbm
2023,00-0036165,Isaiah Hodgins,WR,NYG,vet,veteran,0,isaiah hodgins,229.9,197.0,78.0,46.8,98.0,49.5,lightgbm
2023,00-0037742,Treylon Burks,WR,TEN,vet,veteran,0,treylon burks,107.7,106.0,46.0,69.3,139.8,31.9,lightgbm
2023,00-0036955,Terrace Marshall Jr.,WR,CAR,vet,veteran,0,terrace marshall,269.7,259.0,101.0,83.7,70.8,23.4,lightgbm
2023,00-0031428,Allen Robinson,WR,PIT,vet,veteran,0,allen robinson,265.7,252.0,98.0,40.2,81.8,45.0,lightgbm
2023,00-0035406,Lil'Jordan Humphrey,WR,DEN,vet,veteran,0,liljordan humphrey,487.0,445.0,169.0,18.8,50.6,40.7,lightgbm
2023,00-0038104,Tyquan Thornton,WR,NE,vet,veteran,0,tyquan thornton,266.4,253.0,99.0,50.5,50.0,20.700000000000003,lightgbm
2023,00-0034272,Marquez Valdes-Scantling,WR,KC,vet,veteran,0,marquez valdesscantling,213.1,182.0,72.0,37.8,105.4,46.0,lightgbm
2023,00-0036387,Jalen Reagor,WR,NE,vet,veteran,0,jalen reagor,422.7,385.0,144.0,30.5,24.3,25.0,lightgbm
2023,00-0034983,Hunter Renfrow,WR,LV,vet,veteran,0,hunter renfrow,220.0,189.0,76.0,48.0,73.2,36.0,lightgbm
2023,00-0034054,River Cracraft,WR,MIA,vet,veteran,0,river cracraft,528.4,486.0,183.0,10.8,67.7,22.6,lightgbm
2023,00-0035045,D.J. Montgomery,WR,IND,vet,veteran,0,dj montgomery,273.8,263.0,105.0,7.4,7.9,13.1,lightgbm
2023,00-0035639,Parris Campbell,WR,NYG,vet,veteran,0,parris campbell,241.9,212.0,85.0,63.2,93.5,20.4,lightgbm
2023,00-0036415,Van Jefferson,WR,LA,vet,veteran,0,van jefferson,187.9,162.0,66.0,53.1,83.2,31.3,lightgbm
2023,00-0037614,John Metchie III,WR,HOU,vet,veteran,0,john metchie,222.9,191.0,77.0,19.8,77.3,24.200000000000003,lightgbm
2023,00-0034279,Equanimeous St. Brown,WR,CHI,vet,veteran,0,equanimeous st brown,670.5,593.0,221.0,45.7,33.8,8.7,lightgbm
2023,00-0036233,Donovan Peoples-Jones,WR,CLE,vet,veteran,0,donovan peoplesjones,216.0,185.0,74.0,104.6,116.9,22.0,lightgbm
2023,00-0034317,Keith Kirkwood,WR,NO,vet,veteran,0,keith kirkwood,368.0,338.0,128.0,10.2,3.2,12.2,lightgbm
2023,00-0030068,Marquise Goodwin,WR,CLE,vet,veteran,0,marquise goodwin,433.1,392.0,148.0,38.6,25.9,12.0,lightgbm
2023,00-0035645,Gunner Olszewski,WR,PIT,vet,veteran,0,gunner olszewski,533.3,491.0,186.0,12.5,4.8,4.5,lightgbm
2023,00-0032951,Laquon Treadwell,WR,BAL,vet,veteran,0,laquon treadwell,515.3,473.0,178.0,18.0,20.2,2.1,lightgbm
2023,00-0030663,Willie Snead,WR,SF,vet,veteran,0,willie snead,656.2,584.0,219.0,3.7,,2.4,lightgbm
2023,00-0036254,Collin Johnson,WR,NYG,vet,veteran,0,collin johnson,542.8,495.0,189.0,15.1,,1.6,lightgbm
2023,00-0035703,Miles Boykin,WR,PIT,vet,veteran,0,miles boykin,543.4,496.0,190.0,13.2,7.0,3.2,lightgbm
2023,00-0035021,Ashton Dulin,WR,IND,vet,veteran,0,ashton dulin,363.0,334.0,125.0,28.3,,0.0,lightgbm
2023,00-0035359,David Sills,WR,DEN,vet,veteran,0,david sills,685.9,603.0,224.0,16.8,,0.0,lightgbm
2023,00-0035399,Stanley Morgan,WR,CIN,vet,veteran,0,stanley morgan,562.7,512.0,196.0,10.1,,0.0,lightgbm
2023,00-0035544,Tom Kennedy,WR,,vet,veteran,0,tom kennedy,316.5,296.0,115.0,14.9,,0.0,lightgbm
2023,00-0035891,Cody White,WR,PIT,vet,veteran,0,cody white,614.9,554.0,214.0,5.3,,0.0,lightgbm
2023,00-0035976,Dan Chisena,WR,PIT,vet,veteran,0,dan chisena,637.0,570.0,216.0,5.5,,0.0,lightgbm
2023,00-0036183,Kristian Wilkerson,WR,LV,vet,veteran,0,kristian wilkerson,388.0,356.0,134.0,13.7,8.3,0.0,lightgbm
2023,00-0037272,Montrell Washington,WR,KC,vet,veteran,0,montrell washington,501.3,459.0,173.0,10.7,5.0,0.0,lightgbm
2024,00-0036900,Ja'Marr Chase,WR,CIN,vet,veteran,0,jamarr chase,5.6,5.0,4.0,176.5,255.8,339.5,lightgbm
2024,00-0033921,Chris Godwin Jr.,WR,TB,vet,veteran,0,chris godwin,79.3,79.0,36.0,153.2,202.8,112.8,lightgbm
2024,00-0036410,Tee Higgins,WR,CIN,vet,veteran,0,tee higgins,57.3,57.0,28.0,109.3,186.6,185.6,lightgbm
2024,00-0036322,Justin Jefferson,WR,MIN,vet,veteran,0,justin jefferson,4.3,4.0,3.0,173.8,235.9,265.98,lightgbm
2024,00-0036963,Amon-Ra St. Brown,WR,DET,vet,veteran,0,amonra st brown,6.2,7.0,5.0,222.9,212.5,258.68,lightgbm
2024,00-0031381,Davante Adams,WR,LV,vet,veteran,0,davante adams,20.7,21.0,11.0,166.7,201.3,198.8,lightgbm
2024,00-0036358,CeeDee Lamb,WR,DAL,vet,veteran,0,ceedee lamb,3.9,3.0,2.0,202.0,230.2,212.9,lightgbm
2024,00-0037238,Drake London,WR,ATL,vet,veteran,0,drake london,19.4,19.0,10.0,137.5,194.5,230.8,lightgbm
2024,00-0031408,Mike Evans,WR,TB,vet,veteran,0,mike evans,29.9,29.0,15.0,169.3,195.4,203.4,lightgbm
2024,00-0039067,Rashee Rice,WR,KC,vet,veteran,0,rashee rice,81.7,81.0,38.0,138.7,,52.900000000000006,lightgbm
2024,00-0039075,Puka Nacua,WR,LA,vet,veteran,0,puka nacua,15.9,15.0,9.0,216.9,207.9,167.1,lightgbm
2024,00-0036554,Nico Collins,WR,HOU,vet,veteran,0,nico collins,33.5,33.0,16.0,156.0,202.1,176.60000000000002,lightgbm
2024,00-0031588,Stefon Diggs,WR,HOU,vet,veteran,0,stefon diggs,34.7,34.0,17.0,169.7,186.1,98.42,lightgbm
2024,00-0037545,Rashid Shaheed,WR,NO,vet,veteran,0,rashid shaheed,151.7,139.0,60.0,99.8,170.3,71.8,lightgbm
2024,00-0038543,Jaxon Smith-Njigba,WR,SEA,vet,veteran,0,jaxon smithnjigba,102.2,102.0,46.0,103.6,159.5,203.0,lightgbm
2024,00-0037740,Garrett Wilson,WR,NYJ,vet,veteran,0,garrett wilson,13.3,13.0,7.0,148.1,200.3,201.4,lightgbm
2024,00-0034960,Jakobi Meyers,WR,LV,vet,veteran,0,jakobi meyers,144.5,132.0,55.0,145.1,161.0,174.5,lightgbm
2024,00-0030035,Adam Thielen,WR,CAR,vet,veteran,0,adam thielen,179.3,160.0,68.0,140.4,124.7,115.5,lightgbm
2024,00-0036407,Jerry Jeudy,WR,CLE,vet,veteran,0,jerry jeudy,148.7,136.0,58.0,111.4,139.0,195.9,lightgbm
2024,00-0036259,Jauan Jennings,WR,SF,vet,veteran,0,jauan jennings,588.4,685.0,277.0,34.8,128.8,172.0,lightgbm
2024,00-0037240,Jameson Williams,WR,DET,vet,veteran,0,jameson williams,111.1,111.0,48.0,75.2,177.2,183.2,lightgbm
2024,00-0035659,Terry McLaurin,WR,WAS,vet,veteran,0,terry mclaurin,68.0,68.0,32.0,139.5,191.9,226.8,lightgbm
2024,00-0038994,Jordan Addison,WR,MIN,vet,veteran,0,jordan addison,83.5,84.0,39.0,174.8,165.4,181.0,lightgbm
2024,00-0034827,DJ Moore,WR,CHI,vet,veteran,0,dj moore,38.6,38.0,19.0,199.5,186.9,189.1,lightgbm
2024,00-0034348,Courtland Sutton,WR,DEN,vet,veteran,0,courtland sutton,114.2,114.0,49.0,97.3,177.9,199.8,lightgbm
2024,00-0035676,A.J. Brown,WR,PHI,vet,veteran,0,aj brown,9.1,9.0,6.0,196.2,223.0,183.4,lightgbm
2024,00-0035640,DK Metcalf,WR,SEA,vet,veteran,0,dk metcalf,41.9,41.0,21.0,169.3,192.0,158.2,lightgbm
2024,00-0038997,Josh Downs,WR,IND,vet,veteran,0,josh downs,172.9,153.0,66.0,112.9,137.8,147.5,lightgbm
2024,00-0033040,Tyreek Hill,WR,MIA,vet,veteran,0,tyreek hill,2.1,2.0,1.0,194.4,258.2,177.7,lightgbm
2024,00-0039064,Zay Flowers,WR,BAL,vet,veteran,0,zay flowers,52.7,52.0,25.0,166.5,179.8,172.5,lightgbm
2024,00-0033908,Cooper Kupp,WR,LA,vet,veteran,0,cooper kupp,39.1,39.0,20.0,137.3,190.4,141.5,lightgbm
2024,00-0036309,Darnell Mooney,WR,ATL,vet,veteran,0,darnell mooney,181.6,162.0,69.0,53.4,118.0,161.20000000000002,lightgbm
2024,00-0030279,Keenan Allen,WR,CHI,vet,veteran,0,keenan allen,65.5,65.0,30.0,170.3,153.1,149.4,lightgbm
2024,00-0034837,Calvin Ridley,WR,TEN,vet,veteran,0,calvin ridley,80.2,80.0,37.0,158.3,170.9,167.20000000000002,lightgbm
2024,00-0036912,DeVonta Smith,WR,PHI,vet,veteran,0,devonta smith,47.3,47.0,24.0,180.5,181.2,165.4,lightgbm
2024,00-0039146,Jayden Reed,WR,GB,vet,veteran,0,jayden reed,74.1,74.0,34.0,151.1,174.8,169.5,lightgbm
2024,00-0038544,Quentin Johnston,WR,LAC,vet,veteran,0,quentin johnston,193.8,169.0,71.0,67.6,126.2,147.20000000000002,lightgbm
2024,00-0037247,George Pickens,WR,PIT,vet,veteran,0,george pickens,60.8,60.0,29.0,174.0,178.7,134.9,lightgbm
2024,00-0034521,Allen Lazard,WR,NYJ,vet,veteran,0,allen lazard,652.3,852.0,332.0,46.1,96.0,107.5,lightgbm
2024,00-0037664,Alec Pierce,WR,IND,vet,veteran,0,alec pierce,615.6,750.0,297.0,69.3,70.9,142.9,lightgbm
2024,00-0035719,Deebo Samuel Sr.,WR,SF,vet,veteran,0,deebo samuel,27.4,27.0,14.0,140.1,179.3,130.1,lightgbm
2024,00-0036252,Michael Pittman,WR,IND,vet,veteran,0,michael pittman,44.7,44.0,23.0,183.0,139.8,131.3,lightgbm
2024,00-0038977,Tank Dell,WR,HOU,vet,veteran,0,tank dell,54.9,54.0,26.0,166.3,178.1,114.5,lightgbm
2024,00-0036613,Jaylen Waddle,WR,MIA,vet,veteran,0,jaylen waddle,34.9,35.0,18.0,191.1,186.0,120.6,lightgbm
2024,00-0037261,Khalil Shakir,WR,BUF,vet,veteran,0,khalil shakir,125.9,126.0,54.0,58.1,141.1,144.5,lightgbm
2024,00-0038117,Wan'Dale Robinson,WR,NYG,vet,veteran,0,wandale robinson,231.0,201.0,82.0,99.6,144.8,136.20000000000002,lightgbm
2024,00-0036550,Rashod Bateman,WR,BAL,vet,veteran,0,rashod bateman,208.9,184.0,77.0,49.6,106.2,152.10000000000002,lightgbm
2024,00-0037816,Romeo Doubs,WR,GB,vet,veteran,0,romeo doubs,121.5,121.0,51.0,99.2,140.4,109.1,lightgbm
2024,00-0037239,Chris Olave,WR,NO,vet,veteran,0,chris olave,22.6,22.0,12.0,194.0,170.8,60.7,lightgbm
2024,00-0037666,Jalen Tolbert,WR,DAL,vet,veteran,0,jalen tolbert,255.8,222.0,88.0,35.7,99.0,127.5,lightgbm
2024,00-0034775,Christian Kirk,WR,JAX,vet,veteran,0,christian kirk,67.7,67.0,31.0,102.1,168.2,57.400000000000006,lightgbm
2024,00-0036261,Brandon Aiyuk,WR,SF,vet,veteran,0,brandon aiyuk,26.4,26.0,13.0,177.2,181.1,49.900000000000006,lightgbm
2024,00-0038621,DeMario Douglas,WR,NE,vet,veteran,0,demario douglas,195.3,171.0,72.0,40.6,105.0,114.7,lightgbm
2024,00-0038608,Kayshon Boutte,WR,NE,vet,veteran,0,kayshon boutte,643.8,830.0,326.0,18.2,79.5,100.4,lightgbm
2024,00-0034407,Ray-Ray McCloud,WR,ATL,vet,veteran,0,rayray mccloud,569.3,645.0,257.0,15.8,80.6,111.5,lightgbm
2024,00-0038559,Michael Wilson,WR,ARI,vet,veteran,0,michael wilson,201.7,177.0,74.0,100.4,116.9,101.0,lightgbm
2024,00-0030564,DeAndre Hopkins,WR,TEN,vet,veteran,0,deandre hopkins,101.6,101.0,45.0,130.8,137.9,119.0,lightgbm
2024,00-0033591,Noah Brown,WR,WAS,vet,veteran,0,noah brown,631.8,796.0,315.0,33.1,92.4,68.80000000000001,lightgbm
2024,00-0038563,Tre Tucker,WR,LV,vet,veteran,0,tre tucker,283.4,255.0,101.0,66.8,120.9,105.8,lightgbm
2024,00-0038976,Marvin Mims Jr.,WR,DEN,vet,veteran,0,marvin mims,209.6,186.0,78.0,67.8,28.7,110.0,lightgbm
2024,00-0038124,Christian Watson,WR,GB,vet,veteran,0,christian watson,100.5,100.0,44.0,92.4,143.4,90.8,lightgbm
2024,00-0038619,Andrei Iosivas,WR,CIN,vet,veteran,0,andrei iosivas,657.9,866.0,340.0,44.2,86.7,101.9,lightgbm
2024,00-0038979,Cedric Tillman,WR,CLE,vet,veteran,0,cedric tillman,657.1,864.0,339.0,29.3,52.9,65.9,lightgbm
2024,00-0031544,Amari Cooper,WR,CLE,vet,veteran,0,amari cooper,55.2,55.0,27.0,165.5,205.6,100.7,lightgbm
2024,00-0036988,Josh Palmer,WR,LAC,vet,veteran,0,josh palmer,145.4,133.0,56.0,94.1,,87.9,lightgbm
2024,00-0037837,Calvin Austin III,WR,PIT,vet,veteran,0,calvin austin,677.0,918.0,357.0,48.4,64.6,102.8,lightgbm
2024,00-0032775,Demarcus Robinson,WR,LA,vet,veteran,0,demarcus robinson,225.2,195.0,80.0,41.8,119.6,108.0,lightgbm
2024,00-0032211,Tyler Lockett,WR,SEA,vet,veteran,0,tyler lockett,122.5,122.0,52.0,128.5,137.3,96.5,lightgbm
2024,00-0031236,Brandin Cooks,WR,DAL,vet,veteran,0,brandin cooks,158.7,146.0,62.0,98.7,115.9,56.6,lightgbm
2024,00-0035535,Darius Slayton,WR,NYG,vet,veteran,0,darius slayton,272.6,241.0,95.0,74.0,103.0,90.5,lightgbm
2024,00-0035216,Diontae Johnson,WR,CAR,vet,veteran,0,diontae johnson,94.7,94.0,42.0,77.4,180.2,72.60000000000001,lightgbm
2024,00-0034272,Marquez Valdes-Scantling,WR,BUF,vet,veteran,0,marquez valdesscantling,629.2,789.0,314.0,38.0,24.3,75.0,lightgbm
2024,00-0036980,Elijah Moore,WR,CLE,vet,veteran,0,elijah moore,267.0,234.0,90.0,73.5,80.0,90.4,lightgbm
2024,00-0037801,KaVontae Turpin,WR,DAL,vet,veteran,0,kavontae turpin,566.5,643.0,255.0,25.3,66.0,88.7,lightgbm
2024,00-0037291,Jalen Nailor,WR,MIN,vet,veteran,0,jalen nailor,554.1,612.0,248.0,20.0,57.6,91.0,lightgbm
2024,00-0038393,Dontayvion Wicks,WR,GB,vet,veteran,0,dontayvion wicks,169.7,150.0,64.0,86.7,114.5,91.0,lightgbm
2024,00-0038606,Parker Washington,WR,JAX,vet,veteran,0,parker washington,675.6,913.0,355.0,49.8,49.4,81.0,lightgbm
2024,00-0035208,Olamide Zaccheaus,WR,WAS,vet,veteran,0,olamide zaccheaus,393.0,363.0,146.0,40.0,81.6,91.9,lightgbm
2024,00-0033375,Tim Patrick,WR,DET,vet,veteran,0,tim patrick,593.7,702.0,283.0,29.6,84.6,75.9,lightgbm
2024,00-0036196,Gabe Davis,WR,JAX,vet,veteran,0,gabe davis,157.8,145.0,61.0,122.4,128.2,43.9,lightgbm
2024,00-0032385,Sterling Shepard,WR,TB,vet,veteran,0,sterling shepard,439.5,420.0,176.0,31.8,32.6,64.3,lightgbm
2024,00-0033307,Kendrick Bourne,WR,NE,vet,veteran,0,kendrick bourne,275.7,243.0,96.0,50.5,88.0,51.1,lightgbm
2024,00-0035500,Greg Dortch,WR,ARI,vet,veteran,0,greg dortch,227.4,197.0,81.0,41.6,102.0,71.80000000000001,lightgbm
2024,00-0033555,Mack Hollins,WR,BUF,vet,veteran,0,mack hollins,421.8,397.0,165.0,20.5,45.3,83.3,lightgbm
2024,00-0036849,Tutu Atwell,WR,LA,vet,veteran,0,tutu atwell,659.8,871.0,342.0,56.5,52.8,77.9,lightgbm
2024,00-0033589,David Moore,WR,CAR,vet,veteran,0,david moore,697.0,971.0,372.0,3.3,24.5,69.10000000000001,lightgbm
2024,00-0032464,Kalif Raymond,WR,DET,vet,veteran,0,kalif raymond,651.3,848.0,330.0,38.5,60.3,48.0,lightgbm
2024,00-0033009,Tyler Boyd,WR,TEN,vet,veteran,0,tyler boyd,243.1,213.0,86.0,64.9,82.4,58.8,lightgbm
2024,00-0033943,Josh Reynolds,WR,DEN,vet,veteran,0,josh reynolds,287.3,263.0,105.0,57.5,87.9,31.9,lightgbm
2024,00-0037614,John Metchie III,WR,HOU,vet,veteran,0,john metchie,653.0,853.0,333.0,38.7,30.0,43.400000000000006,lightgbm
2024,00-0036415,Van Jefferson,WR,PIT,vet,veteran,0,van jefferson,595.5,709.0,286.0,20.5,55.9,51.6,lightgbm
2024,00-0033282,Curtis Samuel,WR,BUF,vet,veteran,0,curtis samuel,120.0,120.0,50.0,74.6,79.6,48.2,lightgbm
2024,00-0034418,Cedrick Wilson Jr.,WR,NO,vet,veteran,0,cedrick wilson,625.0,777.0,309.0,32.5,49.2,41.94,lightgbm
2024,00-0036626,Dyami Brown,WR,WAS,vet,veteran,0,dyami brown,585.0,677.0,272.0,26.5,53.2,52.4,lightgbm
2024,00-0035662,Marquise Brown,WR,KC,vet,veteran,0,marquise brown,92.1,92.0,41.0,77.5,28.7,13.6,lightgbm
2024,00-0035406,Lil'Jordan Humphrey,WR,DEN,vet,veteran,0,liljordan humphrey,461.5,449.0,187.0,22.4,52.4,48.8,lightgbm
2024,00-0031549,Nelson Agholor,WR,BAL,vet,veteran,0,nelson agholor,691.8,955.0,369.0,56.8,47.4,42.1,lightgbm
2024,00-0034386,Justin Watson,WR,KC,vet,veteran,0,justin watson,633.2,799.0,316.0,39.4,51.8,51.9,lightgbm
2024,00-0033857,JuJu Smith-Schuster,WR,KC,vet,veteran,0,juju smithschuster,654.6,857.0,335.0,46.3,93.2,44.1,lightgbm
2024,00-0033536,Mike Williams,WR,NYJ,vet,veteran,0,mike williams,147.0,135.0,57.0,113.9,64.2,46.3,lightgbm
2024,00-0038573,Derius Davis,WR,LAC,vet,veteran,0,derius davis,362.3,339.0,135.0,30.1,30.1,33.6,lightgbm
2024,00-0038640,Jalen Brooks,WR,DAL,vet,veteran,0,jalen brooks,641.2,825.0,325.0,5.6,53.1,29.7,lightgbm
2024,00-0036345,K.J. Osborn,WR,NE,vet,veteran,0,kj osborn,293.5,274.0,107.0,68.9,48.0,15.2,lightgbm
2024,00-0039052,Trey Palmer,WR,TB,vet,veteran,0,trey palmer,683.4,932.0,360.0,48.9,31.2,29.2,lightgbm
2024,00-0035639,Parris Campbell,WR,PHI,vet,veteran,0,parris campbell,656.0,863.0,338.0,29.5,28.7,12.0,lightgbm
2024,00-0030431,Robert Woods,WR,HOU,vet,veteran,0,robert woods,570.6,648.0,259.0,37.6,52.4,28.3,lightgbm
2024,00-0037741,Jahan Dotson,WR,PHI,vet,veteran,0,jahan dotson,170.3,151.0,65.0,63.2,83.3,32.400000000000006,lightgbm
2024,00-0038821,Rakim Jarrett,WR,TB,vet,veteran,0,rakim jarrett,471.8,467.0,193.0,10.3,31.5,16.900000000000002,lightgbm
2024,00-0036387,Jalen Reagor,WR,NE,vet,veteran,0,jalen reagor,661.5,876.0,344.0,24.2,21.0,11.2,lightgbm
2024,00-0039062,Jonathan Mingo,WR,CAR,vet,veteran,0,jonathan mingo,285.4,259.0,103.0,55.9,58.2,23.7,lightgbm
2024,00-0034777,DJ Chark,WR,LAC,vet,veteran,0,dj chark,241.5,211.0,85.0,91.7,75.2,11.1,lightgbm
2024,00-0038752,Jake Bobo,WR,SEA,vet,veteran,0,jake bobo,561.7,631.0,252.0,36.4,47.0,23.2,lightgbm
2024,00-0035021,Ashton Dulin,WR,IND,vet,veteran,0,ashton dulin,464.0,452.0,189.0,8.4,21.1,18.2,lightgbm
2024,00-0036331,Devin Duvernay,WR,JAX,vet,veteran,0,devin duvernay,573.7,655.0,262.0,12.6,8.1,13.7,lightgbm
2024,00-0033891,Zay Jones,WR,ARI,vet,veteran,0,zay jones,272.2,240.0,94.0,37.6,70.9,12.400000000000002,lightgbm
2024,00-0031235,Odell Beckham Jr.,WR,MIA,vet,veteran,0,odell beckham,247.9,217.0,87.0,30.1,78.0,10.0,lightgbm
2024,00-0037742,Treylon Burks,WR,TEN,vet,veteran,0,treylon burks,282.1,253.0,100.0,48.0,86.5,5.5,lightgbm
2024,00-0034487,Trent Sherfield,WR,MIN,vet,veteran,0,trent sherfield,460.0,446.0,185.0,31.7,29.6,18.3,lightgbm
2024,00-0035976,Dan Chisena,WR,ARI,vet,veteran,0,dan chisena,637.0,811.0,318.0,5.0,2.7,5.2,lightgbm
2024,00-0038496,Xavier Gipson,WR,NYJ,vet,veteran,0,xavier gipson,585.5,678.0,273.0,60.0,26.6,13.4,lightgbm
2024,00-0036165,Isaiah Hodgins,WR,NYG,vet,veteran,0,isaiah hodgins,428.0,406.0,169.0,41.3,31.7,2.2,lightgbm
2024,00-0035298,Scott Miller,WR,PIT,vet,veteran,0,scott miller,480.5,486.0,200.0,26.8,,9.4,lightgbm
2024,00-0038507,Grant DuBose,WR,MIA,vet,veteran,0,grant dubose,496.9,513.0,210.0,10.4,,2.1,lightgbm
2024,00-0038938,Jalin Hyatt,WR,NYG,vet,veteran,0,jalin hyatt,269.2,236.0,91.0,56.7,58.1,10.2,lightgbm
2024,00-0034646,Brandon Powell,WR,MIN,vet,veteran,0,brandon powell,622.0,766.0,304.0,45.3,29.4,10.6,lightgbm
2024,00-0037382,Brandon Johnson,WR,PIT,vet,veteran,0,brandon johnson,400.0,369.0,150.0,33.8,24.1,1.4,lightgbm
2024,00-0035341,Trenton Irwin,WR,CIN,vet,veteran,0,trenton irwin,380.0,354.0,143.0,43.0,22.8,3.0,lightgbm
2024,00-0038647,Ronnie Bell,WR,SF,vet,veteran,0,ronnie bell,451.1,435.0,182.0,21.0,25.3,3.2,lightgbm
2024,00-0031428,Allen Robinson,WR,DET,vet,veteran,0,allen robinson,517.7,548.0,221.0,56.2,23.2,4.5,lightgbm
2024,00-0036254,Collin Johnson,WR,CHI,vet,veteran,0,collin johnson,429.0,408.0,170.0,6.3,,1.1,lightgbm
2024,00-0038941,Tyler Scott,WR,CHI,vet,veteran,0,tyler scott,688.0,943.0,365.0,27.5,50.8,1.0,lightgbm
2024,00-0034419,Braxton Berrios,WR,MIA,vet,veteran,0,braxton berrios,673.9,908.0,354.0,41.2,29.2,0.0,lightgbm
2024,00-0034928,Steven Sims,WR,HOU,vet,veteran,0,steven sims,517.7,549.0,222.0,10.7,,0.0,lightgbm
2024,00-0038090,Skyy Moore,WR,KC,vet,veteran,0,skyy moore,594.5,706.0,285.0,26.9,25.8,0.0,lightgbm
2024,00-0036913,Kadarius Toney,WR,KC,vet,veteran,0,kadarius toney,571.2,649.0,260.0,29.0,35.1,-0.4,lightgbm
2024,00-0032398,Chris Moore,WR,ARI,vet,veteran,0,chris moore,535.5,578.0,232.0,28.8,26.3,0.0,lightgbm
2024,00-0032688,Robbie Chosen,WR,MIA,vet,veteran,0,robbie chosen,652.0,850.0,331.0,8.4,22.0,1.0,lightgbm
2024,00-0033460,John Ross,WR,PHI,vet,veteran,0,john ross,686.5,939.0,363.0,14.3,,1.1,lightgbm
2024,00-0034983,Hunter Renfrow,WR,,vet,veteran,0,hunter renfrow,681.0,925.0,359.0,40.7,25.5,0.0,lightgbm
2024,00-0035359,David Sills,WR,DEN,vet,veteran,0,david sills,685.9,937.0,362.0,1.1,,0.0,lightgbm
2024,00-0035645,Gunner Olszewski,WR,NYG,vet,veteran,0,gunner olszewski,533.3,574.0,230.0,2.4,,0.0,lightgbm
2024,00-0036183,Kristian Wilkerson,WR,LV,vet,veteran,0,kristian wilkerson,388.0,359.0,145.0,11.8,,8.8,lightgbm
2024,00-0036959,Michael Bandy,WR,DEN,vet,veteran,0,michael bandy,471.0,465.0,191.0,3.3,,0.0,lightgbm
2024,00-0037216,Justyn Ross,WR,KC,vet,veteran,0,justyn ross,558.8,624.0,251.0,16.8,20.3,0.0,lightgbm
2024,00-0037272,Montrell Washington,WR,KC,vet,veteran,0,montrell washington,501.3,519.0,211.0,3.5,,0.0,lightgbm
2024,00-0038092,Erik Ezukanma,WR,MIA,vet,veteran,0,erik ezukanma,692.0,956.0,370.0,12.7,,0.0,lightgbm
2024,00-0038492,Jason Brownlee,WR,NYJ,vet,veteran,0,jason brownlee,422.0,399.0,167.0,15.5,25.6,0.0,lightgbm
2024,00-0038891,Shedrick Jackson,WR,CIN,vet,veteran,0,shedrick jackson,316.0,297.0,118.0,2.9,,0.0,lightgbm
2025,00-0039075,Puka Nacua,WR,LA,vet,veteran,0,puka nacua,12.8,12.0,6.0,196.5,227.8,310.5,lightgbm
2025,00-0036900,Ja'Marr Chase,WR,CIN,vet,veteran,0,jamarr chase,1.4,1.0,1.0,219.4,271.8,251.1,lightgbm
2025,00-0036963,Amon-Ra St. Brown,WR,DET,vet,veteran,0,amonra st brown,9.5,9.0,4.0,203.6,222.2,265.5,lightgbm
2025,00-0039067,Rashee Rice,WR,KC,vet,veteran,0,rashee rice,62.0,62.0,29.0,102.8,164.3,123.6,lightgbm
2025,00-0038543,Jaxon Smith-Njigba,WR,SEA,vet,veteran,0,jaxon smithnjigba,31.7,32.0,14.0,176.8,184.5,300.40000000000003,lightgbm
2025,00-0037247,George Pickens,WR,DAL,vet,veteran,0,george pickens,61.1,61.0,28.0,133.9,181.9,245.4,lightgbm
2025,00-0037238,Drake London,WR,ATL,vet,veteran,0,drake london,17.4,17.0,8.0,195.7,224.4,167.9,lightgbm
2025,00-0037239,Chris Olave,WR,NO,vet,veteran,0,chris olave,76.6,76.0,34.0,82.1,166.7,218.0,lightgbm
2025,00-0036410,Tee Higgins,WR,CIN,vet,veteran,0,tee higgins,31.2,31.0,13.0,163.3,193.7,182.1,lightgbm
2025,00-0039337,Malik Nabers,WR,NYG,vet,veteran,0,malik nabers,11.5,11.0,5.0,195.9,228.3,48.1,lightgbm
2025,00-0036554,Nico Collins,WR,HOU,vet,veteran,0,nico collins,14.5,14.0,7.0,171.5,229.1,190.7,lightgbm
2025,00-0039064,Zay Flowers,WR,BAL,vet,veteran,0,zay flowers,60.4,60.0,27.0,169.5,159.2,200.3,lightgbm
2025,00-0036358,CeeDee Lamb,WR,DAL,vet,veteran,0,ceedee lamb,6.1,6.0,3.0,179.5,248.5,163.4,lightgbm
2025,00-0037740,Garrett Wilson,WR,NYJ,vet,veteran,0,garrett wilson,43.1,43.0,18.0,183.6,195.7,81.5,lightgbm
2025,00-0031381,Davante Adams,WR,LA,vet,veteran,0,davante adams,45.0,45.0,19.0,158.9,193.0,192.9,lightgbm
2025,00-0035676,A.J. Brown,WR,PHI,vet,veteran,0,aj brown,18.7,18.0,9.0,176.0,210.5,181.3,lightgbm
2025,00-0037240,Jameson Williams,WR,DET,vet,veteran,0,jameson williams,59.9,59.0,26.0,141.1,188.0,187.4,lightgbm
2025,00-0033040,Tyreek Hill,WR,MIA,vet,veteran,0,tyreek hill,28.7,28.0,12.0,165.0,215.4,43.0,lightgbm
2025,00-0038117,Wan'Dale Robinson,WR,NYG,vet,veteran,0,wandale robinson,215.3,184.0,73.0,86.1,108.3,171.9,lightgbm
2025,00-0038559,Michael Wilson,WR,ARI,vet,veteran,0,michael wilson,251.2,224.0,88.0,83.2,100.2,181.6,lightgbm
2025,00-0037664,Alec Pierce,WR,IND,vet,veteran,0,alec pierce,249.2,218.0,84.0,92.2,82.0,159.8,lightgbm
2025,00-0038124,Christian Watson,WR,GB,vet,veteran,0,christian watson,288.9,310.0,124.0,99.5,50.3,114.9,lightgbm
2025,00-0036613,Jaylen Waddle,WR,MIA,vet,veteran,0,jaylen waddle,71.9,72.0,32.0,110.6,171.8,162.12,lightgbm
2025,00-0035640,DK Metcalf,WR,PIT,vet,veteran,0,dk metcalf,46.8,46.0,20.0,158.2,194.7,157.70000000000002,lightgbm
2025,00-0038544,Quentin Johnston,WR,LAC,vet,veteran,0,quentin johnston,245.5,210.0,81.0,120.7,67.7,145.7,lightgbm
2025,00-0034348,Courtland Sutton,WR,DEN,vet,veteran,0,courtland sutton,50.6,50.0,21.0,149.0,181.8,182.7,lightgbm
2025,00-0036252,Michael Pittman,WR,IND,vet,veteran,0,michael pittman,111.2,110.0,47.0,120.3,135.0,162.4,lightgbm
2025,00-0035659,Terry McLaurin,WR,WAS,vet,veteran,0,terry mclaurin,42.9,42.0,17.0,170.0,194.7,95.2,lightgbm
2025,00-0035719,Deebo Samuel Sr.,WR,WAS,vet,veteran,0,deebo samuel,79.4,79.0,36.0,89.2,165.1,152.20000000000002,lightgbm
2025,00-0036322,Justin Jefferson,WR,MIN,vet,veteran,0,justin jefferson,5.0,5.0,2.0,231.6,246.3,159.5,lightgbm
2025,00-0038606,Parker Washington,WR,JAX,vet,veteran,0,parker washington,689.8,1639.0,660.0,75.0,56.2,155.7,lightgbm
2025,00-0036912,DeVonta Smith,WR,PHI,vet,veteran,0,devonta smith,57.8,57.0,24.0,166.8,170.2,163.3,lightgbm
2025,00-0039849,Marvin Harrison Jr.,WR,ARI,vet,veteran,0,marvin harrison,36.4,36.0,15.0,167.1,194.8,107.3,lightgbm
2025,00-0039919,Rome Odunze,WR,CHI,vet,veteran,0,rome odunze,77.9,77.0,35.0,126.6,157.6,124.1,lightgbm
2025,00-0031408,Mike Evans,WR,TB,vet,veteran,0,mike evans,39.3,39.0,16.0,162.7,194.1,69.80000000000001,lightgbm
2025,00-0039915,Ladd McConkey,WR,LAC,vet,veteran,0,ladd mcconkey,26.6,26.0,11.0,187.0,195.7,147.9,lightgbm
2025,00-0036259,Jauan Jennings,WR,SF,vet,veteran,0,jauan jennings,107.3,106.0,46.0,113.7,132.4,145.8,lightgbm
2025,00-0038994,Jordan Addison,WR,MIN,vet,veteran,0,jordan addison,95.4,96.0,43.0,189.3,148.2,114.1,lightgbm
2025,00-0034960,Jakobi Meyers,WR,LV,vet,veteran,0,jakobi meyers,87.8,88.0,40.0,145.2,155.16,138.3,lightgbm
2025,00-0037816,Romeo Doubs,WR,GB,vet,veteran,0,romeo doubs,207.8,177.0,72.0,106.3,108.0,137.9,lightgbm
2025,00-0039868,Troy Franklin,WR,DEN,vet,veteran,0,troy franklin,247.0,213.0,82.0,48.7,78.3,144.6,lightgbm
2025,00-0031588,Stefon Diggs,WR,NE,vet,veteran,0,stefon diggs,93.2,93.0,42.0,139.6,148.6,167.8,lightgbm
2025,00-0030279,Keenan Allen,WR,LAC,vet,veteran,0,keenan allen,141.6,131.0,55.0,134.7,100.3,142.2,lightgbm
2025,00-0038563,Tre Tucker,WR,LV,vet,veteran,0,tre tucker,685.6,1567.0,630.0,74.5,58.2,133.2,lightgbm
2025,00-0034827,DJ Moore,WR,CHI,vet,veteran,0,dj moore,51.5,51.0,22.0,174.3,179.5,147.18,lightgbm
2025,00-0039893,Brian Thomas Jr.,WR,JAX,vet,veteran,0,brian thomas,20.2,20.0,10.0,197.8,226.3,114.8,lightgbm
2025,00-0033921,Chris Godwin Jr.,WR,TB,vet,veteran,0,chris godwin,105.4,105.0,45.0,142.1,133.8,66.5,lightgbm
2025,00-0037261,Khalil Shakir,WR,BUF,vet,veteran,0,khalil shakir,100.3,100.0,44.0,103.1,136.3,130.4,lightgbm
2025,00-0035662,Marquise Brown,WR,KC,vet,veteran,0,marquise brown,197.9,169.0,69.0,26.4,107.8,113.2,lightgbm
2025,00-0039916,Ricky Pearsall,WR,SF,vet,veteran,0,ricky pearsall,81.8,81.0,37.0,87.7,158.4,70.60000000000001,lightgbm
2025,00-0038997,Josh Downs,WR,IND,vet,veteran,0,josh downs,119.3,117.0,50.0,126.1,131.2,109.4,lightgbm
2025,00-0039894,Xavier Worthy,WR,KC,vet,veteran,0,xavier worthy,58.0,58.0,25.0,143.7,173.2,88.9,lightgbm
2025,00-0039410,Ryan Flournoy,WR,DAL,vet,veteran,0,ryan flournoy,277.0,290.0,116.0,10.8,12.2,94.0,lightgbm
2025,00-0039491,Jalen Coker,WR,CAR,vet,veteran,0,jalen coker,226.6,190.0,76.0,86.4,82.4,73.9,lightgbm
2025,00-0037545,Rashid Shaheed,WR,NO,vet,veteran,0,rashid shaheed,125.9,123.0,52.0,68.7,142.3,127.1,lightgbm
2025,00-0038608,Kayshon Boutte,WR,NE,vet,veteran,0,kayshon boutte,286.4,307.0,123.0,72.2,77.3,107.6,lightgbm
2025,00-0039855,Jalen McMillan,WR,TB,vet,veteran,0,jalen mcmillan,242.6,207.0,80.0,119.3,43.9,23.9,lightgbm
2025,00-0035535,Darius Slayton,WR,NYG,vet,veteran,0,darius slayton,260.1,249.0,100.0,50.8,97.5,80.3,lightgbm
2025,00-0039355,Luke McCaffrey,WR,WAS,vet,veteran,0,luke mccaffrey,685.3,1557.0,627.0,37.0,26.6,45.8,lightgbm
2025,00-0036407,Jerry Jeudy,WR,CLE,vet,veteran,0,jerry jeudy,75.2,75.0,33.0,139.7,175.7,95.7,lightgbm
2025,00-0039901,Keon Coleman,WR,BUF,vet,veteran,0,keon coleman,113.4,112.0,48.0,108.4,130.0,83.4,lightgbm
2025,00-0034837,Calvin Ridley,WR,TEN,vet,veteran,0,calvin ridley,69.1,69.0,30.0,149.1,176.9,38.8,lightgbm
2025,00-0039880,Malik Washington,WR,MIA,vet,veteran,0,malik washington,694.5,1719.0,696.0,25.8,69.2,93.7,lightgbm
2025,00-0033555,Mack Hollins,WR,NE,vet,veteran,0,mack hollins,689.1,1624.0,655.0,41.2,22.5,90.4,lightgbm
2025,00-0038104,Tyquan Thornton,WR,KC,vet,veteran,0,tyquan thornton,680.2,1472.0,595.0,17.8,24.4,71.30000000000001,lightgbm
2025,00-0037291,Jalen Nailor,WR,MIN,vet,veteran,0,jalen nailor,632.8,1050.0,433.0,54.8,34.1,86.2,lightgbm
2025,00-0035500,Greg Dortch,WR,ARI,vet,veteran,0,greg dortch,692.8,1691.0,685.0,43.0,66.2,60.6,lightgbm
2025,00-0033908,Cooper Kupp,WR,SEA,vet,veteran,0,cooper kupp,91.4,91.0,41.0,100.9,135.0,92.8,lightgbm
2025,00-0039146,Jayden Reed,WR,GB,vet,veteran,0,jayden reed,115.6,114.0,49.0,136.9,103.6,39.0,lightgbm
2025,00-0032385,Sterling Shepard,WR,TB,vet,veteran,0,sterling shepard,674.3,1392.0,560.0,31.1,8.4,62.5,lightgbm
2025,00-0037801,KaVontae Turpin,WR,DAL,vet,veteran,0,kavontae turpin,661.5,1261.0,515.0,40.4,71.8,71.5,lightgbm
2025,00-0034983,Hunter Renfrow,WR,CAR,vet,veteran,0,hunter renfrow,671.1,1359.0,546.0,12.2,31.3,28.4,lightgbm
2025,00-0037837,Calvin Austin III,WR,PIT,vet,veteran,0,calvin austin,269.8,272.0,110.0,60.0,70.9,70.7,lightgbm
2025,00-0038976,Marvin Mims Jr.,WR,DEN,vet,veteran,0,marvin mims,145.5,135.0,56.0,100.6,128.5,76.5,lightgbm
2025,00-0039342,Xavier Legette,WR,CAR,vet,veteran,0,xavier legette,186.7,161.0,66.0,66.0,118.1,71.80000000000001,lightgbm
2025,00-0039890,Adonai Mitchell,WR,IND,vet,veteran,0,adonai mitchell,251.8,225.0,89.0,56.1,65.8,71.4,lightgbm
2025,00-0036309,Darnell Mooney,WR,ATL,vet,veteran,0,darnell mooney,132.0,129.0,54.0,103.6,131.0,66.3,lightgbm
2025,00-0038393,Dontayvion Wicks,WR,GB,vet,veteran,0,dontayvion wicks,276.0,287.0,114.0,51.6,48.0,60.8,lightgbm
2025,00-0039451,Isaiah Williams,WR,CIN,vet,veteran,0,isaiah williams,252.0,227.0,91.0,1.7,1.9,47.7,lightgbm
2025,00-0038619,Andrei Iosivas,WR,CIN,vet,veteran,0,andrei iosivas,259.3,246.0,99.0,55.0,84.0,73.4,lightgbm
2025,00-0038618,Xavier Hutchinson,WR,HOU,vet,veteran,0,xavier hutchinson,652.0,1192.0,488.0,15.8,3.1,80.5,lightgbm
2025,00-0036196,Gabe Davis,WR,BUF,vet,veteran,0,gabe davis,685.2,1556.0,626.0,49.1,44.7,24.9,lightgbm
2025,00-0039424,Devaughn Vele,WR,NO,vet,veteran,0,devaughn vele,681.9,1499.0,608.0,54.2,64.5,53.8,lightgbm
2025,00-0033307,Kendrick Bourne,WR,NE,vet,veteran,0,kendrick bourne,688.0,1608.0,648.0,36.0,3.7,73.60000000000001,lightgbm
2025,00-0038621,DeMario Douglas,WR,NE,vet,veteran,0,demario douglas,196.6,168.0,68.0,84.7,113.0,80.3,lightgbm
2025,00-0038979,Cedric Tillman,WR,CLE,vet,veteran,0,cedric tillman,183.1,159.0,65.0,36.7,115.7,49.5,lightgbm
2025,00-0032464,Kalif Raymond,WR,DET,vet,veteran,0,kalif raymond,620.0,973.0,408.0,28.5,27.8,54.8,lightgbm
2025,00-0035208,Olamide Zaccheaus,WR,CHI,vet,veteran,0,olamide zaccheaus,663.1,1276.0,521.0,56.9,23.5,65.30000000000001,lightgbm
2025,00-0036550,Rashod Bateman,WR,BAL,vet,veteran,0,rashod bateman,158.6,145.0,59.0,110.9,120.4,45.900000000000006,lightgbm
2025,00-0033943,Josh Reynolds,WR,NYJ,vet,veteran,0,josh reynolds,640.1,1094.0,457.0,19.6,88.5,17.6,lightgbm
2025,00-0036415,Van Jefferson,WR,TEN,vet,veteran,0,van jefferson,666.3,1310.0,528.0,40.1,25.1,55.5,lightgbm
2025,00-0037614,John Metchie III,WR,PHI,vet,veteran,0,john metchie,700.5,1832.0,739.0,33.9,10.7,55.400000000000006,lightgbm
2025,00-0039792,Devontez Walker,WR,BAL,vet,veteran,0,devontez walker,677.0,1430.0,581.0,20.4,20.6,34.6,lightgbm
2025,00-0036988,Josh Palmer,WR,BUF,vet,veteran,0,josh palmer,171.0,152.0,61.0,95.8,,41.3,lightgbm
2025,00-0033857,JuJu Smith-Schuster,WR,KC,vet,veteran,0,juju smithschuster,681.7,1491.0,603.0,31.1,21.8,57.0,lightgbm
2025,00-0030564,DeAndre Hopkins,WR,BAL,vet,veteran,0,deandre hopkins,218.8,187.0,74.0,49.3,71.8,56.0,lightgbm
2025,00-0035645,Gunner Olszewski,WR,NYG,vet,veteran,0,gunner olszewski,619.5,970.0,407.0,1.6,6.2,30.82,lightgbm
2025,00-0033891,Zay Jones,WR,ARI,vet,veteran,0,zay jones,635.2,1063.0,440.0,12.8,25.5,24.3,lightgbm
2025,00-0032211,Tyler Lockett,WR,TEN,vet,veteran,0,tyler lockett,239.4,204.0,79.0,52.3,77.5,51.1,lightgbm
2025,00-0037742,Treylon Burks,WR,TEN,vet,veteran,0,treylon burks,687.0,1588.0,641.0,25.1,,24.0,lightgbm
2025,00-0032775,Demarcus Robinson,WR,SF,vet,veteran,0,demarcus robinson,668.0,1323.0,535.0,62.0,44.7,47.2,lightgbm
2025,00-0034775,Christian Kirk,WR,HOU,vet,veteran,0,christian kirk,148.5,137.0,57.0,44.0,116.9,43.9,lightgbm
2025,00-0037666,Jalen Tolbert,WR,DAL,vet,veteran,0,jalen tolbert,298.1,326.0,131.0,63.0,73.3,37.3,lightgbm
2025,00-0036626,Dyami Brown,WR,JAX,vet,veteran,0,dyami brown,250.4,221.0,85.0,43.7,81.0,39.7,lightgbm
2025,00-0038891,Shedrick Jackson,WR,LV,vet,veteran,0,shedrick jackson,374.0,395.0,160.0,4.3,,13.9,lightgbm
2025,00-0033591,Noah Brown,WR,WAS,vet,veteran,0,noah brown,681.3,1485.0,599.0,42.6,60.5,10.8,lightgbm
2025,00-0036427,Tyler Johnson,WR,NYJ,vet,veteran,0,tyler johnson,695.8,1749.0,708.0,34.9,11.5,31.7,lightgbm
2025,00-0032688,Robbie Chosen,WR,SF,vet,veteran,0,robbie chosen,641.4,1102.0,460.0,4.1,,7.8,lightgbm
2025,00-0033375,Tim Patrick,WR,JAX,vet,veteran,0,tim patrick,679.7,1464.0,593.0,39.6,25.4,44.2,lightgbm
2025,00-0036849,Tutu Atwell,WR,LA,vet,veteran,0,tutu atwell,693.0,1695.0,686.0,71.2,73.8,28.2,lightgbm
2025,00-0033282,Curtis Samuel,WR,BUF,vet,veteran,0,curtis samuel,674.6,1396.0,563.0,35.6,44.4,17.6,lightgbm
2025,00-0039739,Roman Wilson,WR,PIT,vet,veteran,0,roman wilson,265.4,260.0,105.0,16.0,71.2,32.6,lightgbm
2025,00-0036980,Elijah Moore,WR,BUF,vet,veteran,0,elijah moore,675.0,1405.0,568.0,35.6,22.4,24.1,lightgbm
2025,00-0035359,David Sills,WR,ATL,vet,veteran,0,david sills,655.3,1211.0,495.0,6.4,,40.1,lightgbm
2025,00-0031236,Brandin Cooks,WR,NO,vet,veteran,0,brandin cooks,293.6,317.0,127.0,36.2,32.6,39.900000000000006,lightgbm
2025,00-0035406,Lil'Jordan Humphrey,WR,NYG,vet,veteran,0,liljordan humphrey,483.4,529.0,210.0,28.0,6.4,28.1,lightgbm
2025,00-0038359,Xavier Smith,WR,LA,vet,veteran,0,xavier smith,488.0,539.0,215.0,9.7,1.7,39.3,lightgbm
2025,00-0037741,Jahan Dotson,WR,PHI,vet,veteran,0,jahan dotson,639.8,1091.0,455.0,52.6,48.5,41.2,lightgbm
2025,00-0034272,Marquez Valdes-Scantling,WR,SF,vet,veteran,0,marquez valdesscantling,688.5,1614.0,652.0,37.8,20.9,25.0,lightgbm
2025,00-0038679,Tyrell Shavers,WR,BUF,vet,veteran,0,tyrell shavers,675.0,1403.0,567.0,18.8,5.0,38.0,lightgbm
2025,00-0039920,Malachi Corley,WR,CLE,vet,veteran,0,malachi corley,694.9,1722.0,698.0,31.8,4.6,26.1,lightgbm
2025,00-0035891,Cody White,WR,SEA,vet,veteran,0,cody white,495.8,558.0,226.0,8.6,,16.5,lightgbm
2025,00-0034521,Allen Lazard,WR,NYJ,vet,veteran,0,allen lazard,694.3,1716.0,694.0,53.9,32.2,18.0,lightgbm
2025,00-0039394,Casey Washington,WR,ATL,vet,veteran,0,casey washington,522.0,622.0,250.0,10.1,24.0,12.400000000000002,lightgbm
2025,00-0030035,Adam Thielen,WR,MIN,vet,veteran,0,adam thielen,166.1,150.0,60.0,96.2,78.4,30.1,lightgbm
2025,00-0039379,Jamari Thrash,WR,CLE,vet,veteran,0,jamari thrash,681.8,1492.0,604.0,6.8,53.0,15.7,lightgbm
2025,00-0034407,Ray-Ray McCloud,WR,ATL,vet,veteran,0,rayray mccloud,666.2,1308.0,527.0,43.1,56.8,10.4,lightgbm
2025,00-0034419,Braxton Berrios,WR,HOU,vet,veteran,0,braxton berrios,616.1,956.0,397.0,8.2,3.4,6.700000000000001,lightgbm
2025,00-0039751,Jordan Whittington,WR,LA,vet,veteran,0,jordan whittington,289.3,312.0,125.0,34.2,86.5,27.3,lightgbm
2025,00-0034386,Justin Watson,WR,HOU,vet,veteran,0,justin watson,661.5,1260.0,514.0,38.5,3.2,4.5,lightgbm
2025,00-0038840,Brycen Tremayne,WR,CAR,vet,veteran,0,brycen tremayne,505.0,582.0,237.0,-0.7,83.2,23.0,lightgbm
2025,00-0038576,Charlie Jones,WR,CIN,vet,veteran,0,charlie jones,670.6,1353.0,544.0,7.7,3.6,6.0,lightgbm
2025,00-0039623,Mason Tipton,WR,NO,vet,veteran,0,mason tipton,694.3,1717.0,695.0,16.3,,14.900000000000002,lightgbm
2025,00-0039521,Xavier Weaver,WR,ARI,vet,veteran,0,xavier weaver,491.5,546.0,217.0,11.1,,10.2,lightgbm
2025,00-0039589,Kameron Johnson,WR,TB,vet,veteran,0,kameron johnson,707.0,1839.0,743.0,8.3,3.2,15.7,lightgbm
2025,00-0038640,Jalen Brooks,WR,DAL,vet,veteran,0,jalen brooks,660.3,1253.0,510.0,21.7,8.1,6.6000000000000005,lightgbm
2025,00-0038465,Malik Heath,WR,GB,vet,veteran,0,malik heath,640.7,1098.0,458.0,20.5,5.9,11.6,lightgbm
2025,00-0037132,Britain Covey,WR,PHI,vet,veteran,0,britain covey,674.5,1394.0,561.0,4.2,,3.0,lightgbm
2025,00-0036182,Nick Westbrook-Ikhine,WR,MIA,vet,veteran,0,nick westbrookikhine,689.4,1630.0,657.0,55.3,72.8,14.4,lightgbm
2025,00-0036630,Tylan Wallace,WR,BAL,vet,veteran,0,tylan wallace,621.7,983.0,411.0,21.9,17.9,12.5,lightgbm
2025,00-0036862,Ben Skowronek,WR,PIT,vet,veteran,0,ben skowronek,699.3,1811.0,731.0,6.9,,14.9,lightgbm
2025,00-0038824,Ryan Miller,WR,TB,vet,veteran,0,ryan miller,313.0,341.0,137.0,22.3,,10.4,lightgbm
2025,00-0038938,Jalin Hyatt,WR,NYG,vet,veteran,0,jalin hyatt,673.3,1380.0,555.0,19.3,29.0,6.0,lightgbm
2025,00-0038090,Skyy Moore,WR,SF,vet,veteran,0,skyy moore,612.2,935.0,385.0,15.1,3.1,12.3,lightgbm
2025,00-0035298,Scott Miller,WR,PIT,vet,veteran,0,scott miller,566.5,747.0,304.0,11.1,,10.7,lightgbm
2025,00-0036620,Dee Eskridge,WR,MIA,vet,veteran,0,dee eskridge,687.0,1586.0,639.0,3.5,0.5,8.2,lightgbm
2025,00-0034418,Cedrick Wilson Jr.,WR,NO,vet,veteran,0,cedrick wilson,598.5,872.0,355.0,23.7,3.8,6.9,lightgbm
2025,00-0033589,David Moore,WR,CAR,vet,veteran,0,david moore,692.7,1689.0,684.0,30.4,27.6,2.2,lightgbm
2025,00-0038496,Xavier Gipson,WR,NYJ,vet,veteran,0,xavier gipson,672.0,1373.0,551.0,21.3,5.5,1.6,lightgbm
2025,00-0039884,Tahj Washington,WR,MIA,vet,veteran,0,tahj washington,612.4,937.0,387.0,6.9,4.1,3.2,lightgbm
2025,00-0036331,Devin Duvernay,WR,CHI,vet,veteran,0,devin duvernay,674.8,1399.0,565.0,15.0,1.7,3.6000000000000005,lightgbm
2025,00-0039062,Jonathan Mingo,WR,DAL,vet,veteran,0,jonathan mingo,671.2,1361.0,547.0,23.9,,3.0,lightgbm
2025,00-0034854,KhaDarel Hodge,WR,ATL,vet,veteran,0,khadarel hodge,679.5,1462.0,592.0,6.1,27.8,4.6,lightgbm
2025,00-0035876,Andre Baccellia,WR,ARI,vet,veteran,0,andre baccellia,253.0,229.0,93.0,3.4,4.8,1.8,lightgbm
2025,00-0039650,Bryce Oliver,WR,TEN,vet,veteran,0,bryce oliver,700.5,1833.0,740.0,9.4,,1.3,lightgbm
2025,00-0038519,Nikko Remigio,WR,KC,vet,veteran,0,nikko remigio,684.8,1548.0,623.0,14.8,1.8,3.7,lightgbm
2025,00-0039816,Anthony Gould,WR,IND,vet,veteran,0,anthony gould,677.0,1428.0,579.0,5.7,4.4,1.6,lightgbm
2025,00-0038573,Derius Davis,WR,LAC,vet,veteran,0,derius davis,680.8,1482.0,597.0,31.9,2.8,2.5,lightgbm
2025,00-0038752,Jake Bobo,WR,SEA,vet,veteran,0,jake bobo,698.7,1797.0,725.0,23.1,28.2,3.0,lightgbm
2025,00-0035602,Alex Bachman,WR,LV,vet,veteran,0,alex bachman,670.5,1348.0,542.0,4.4,7.9,2.2,lightgbm
2025,00-0031763,DeAndre Carter,WR,CLE,vet,veteran,0,deandre carter,395.0,419.0,167.0,8.3,7.6,0.0,lightgbm
2025,00-0032951,Laquon Treadwell,WR,IND,vet,veteran,0,laquon treadwell,699.8,1820.0,734.0,3.4,,0.0,lightgbm
2025,00-0036646,Simi Fehoko,WR,ARI,vet,veteran,0,simi fehoko,584.3,806.0,329.0,17.5,,0.0,lightgbm
2025,00-0038492,Jason Brownlee,WR,KC,vet,veteran,0,jason brownlee,647.5,1156.0,476.0,8.4,1.9,0.0,lightgbm
2025,00-0033572,Jamal Agnew,WR,ATL,vet,veteran,0,jamal agnew,575.5,771.0,311.0,7.9,,0.0,lightgbm
2025,00-0034054,River Cracraft,WR,WAS,vet,veteran,0,river cracraft,553.0,703.0,287.0,7.2,,0.0,lightgbm
2025,00-0035140,Mecole Hardman,WR,GB,vet,veteran,0,mecole hardman,660.4,1255.0,511.0,17.3,,0.0,lightgbm
2025,00-0036463,Chris Blair,WR,ATL,vet,veteran,0,chris blair,534.0,647.0,263.0,9.5,,0.0,lightgbm
2025,00-0037098,Samori Toure,WR,CHI,vet,veteran,0,samori toure,404.0,430.0,173.0,7.7,,0.8,lightgbm
2025,00-0037380,Kaden Davis,WR,CLE,vet,veteran,0,kaden davis,595.0,855.0,346.0,2.8,,0.0,lightgbm
2025,00-0038647,Ronnie Bell,WR,DET,vet,veteran,0,ronnie bell,598.9,873.0,356.0,6.9,,9.3,lightgbm
2025,00-0038911,Malik Cunningham,WR,BAL,vet,veteran,0,malik cunningham,625.3,1007.0,421.0,4.7,,0.1,lightgbm
2021,00-0036900,Ja'Marr Chase,WR,CIN,rook,rookie,1,jamarr chase,68.4,68.0,27.0,111.0,192.5,264.1,lightgbm
2021,00-0036613,Jaylen Waddle,WR,MIA,rook,rookie,1,jaylen waddle,98.9,98.0,42.0,104.1,175.7,195.8,lightgbm
2021,00-0036963,Amon-Ra St. Brown,WR,DET,rook,rookie,1,amonra st brown,172.3,152.0,64.0,43.8,125.3,182.3,lightgbm
2021,00-0036980,Elijah Moore,WR,NYJ,rook,rookie,1,elijah moore,133.4,128.0,55.0,89.8,177.6,116.7,lightgbm
2021,00-0036912,DeVonta Smith,WR,PHI,rook,rookie,1,devonta smith,83.3,83.0,35.0,104.0,180.4,153.6,lightgbm
2021,00-0036550,Rashod Bateman,WR,BAL,rook,rookie,1,rashod bateman,187.9,165.0,67.0,122.4,114.4,80.5,lightgbm
2021,00-0036913,Kadarius Toney,WR,NYG,rook,rookie,1,kadarius toney,241.4,206.0,80.0,103.5,136.0,62.86,lightgbm
2021,00-0036936,Rondale Moore,WR,ARI,rook,rookie,1,rondale moore,159.7,146.0,61.0,85.1,157.3,84.10000000000001,lightgbm
2021,00-0036554,Nico Collins,WR,HOU,rook,rookie,1,nico collins,700.5,484.0,172.0,53.5,126.1,67.10000000000001,lightgbm
2021,00-0036988,Josh Palmer,WR,LAC,rook,rookie,1,josh palmer,242.2,207.0,81.0,50.2,,76.4,lightgbm
2021,00-0035126,Antoine Wesley,WR,ARI,rook,rookie,1,antoine wesley,646.0,445.0,158.0,6.6,35.3,48.3,lightgbm
2021,00-0036955,Terrace Marshall Jr.,WR,CAR,rook,rookie,1,terrace marshall,162.1,148.0,62.0,75.9,133.1,24.3,lightgbm
2021,00-0035045,D.J. Montgomery,WR,NYJ,rook,rookie,1,dj montgomery,538.6,383.0,134.0,7.2,18.3,5.1,lightgbm
2021,00-0036991,Amari Rodgers,WR,GB,rook,rookie,1,amari rodgers,246.1,211.0,84.0,71.7,115.2,7.6,lightgbm
2021,00-0036526,Dillon Stoner,WR,LV,rook,rookie,1,dillon stoner,454.0,341.0,120.0,5.2,20.4,0.0,lightgbm
2021,00-0036491,Tarik Black,WR,IND,rook,rookie,1,tarik black,403.0,312.0,111.0,3.1,,1.5,lightgbm
2021,00-0036598,Landen Akers,WR,LA,rook,rookie,1,landen akers,675.0,466.0,167.0,4.3,,0.0,lightgbm
2021,00-0036910,C.J. Saunders,WR,CAR,rook,rookie,1,cj saunders,421.2,324.0,114.0,4.1,,2.1,lightgbm
2022,00-0037239,Chris Olave,WR,NO,rook,rookie,1,chris olave,97.6,97.0,41.0,101.9,184.4,162.20000000000002,lightgbm
2022,00-0038124,Christian Watson,WR,GB,rook,rookie,1,christian watson,166.6,149.0,63.0,90.2,146.5,143.60000000000002,lightgbm
2022,00-0037740,Garrett Wilson,WR,NYJ,rook,rookie,1,garrett wilson,122.4,120.0,51.0,123.5,150.7,174.2,lightgbm
2022,00-0037741,Jahan Dotson,WR,WAS,rook,rookie,1,jahan dotson,150.5,137.0,58.0,101.2,134.8,113.1,lightgbm
2022,00-0037238,Drake London,WR,ATL,rook,rookie,1,drake london,93.9,93.0,39.0,103.6,171.4,142.6,lightgbm
2022,00-0037247,George Pickens,WR,PIT,rook,rookie,1,george pickens,114.5,113.0,48.0,116.5,138.2,140.5,lightgbm
2022,00-0038117,Wan'Dale Robinson,WR,NYG,rook,rookie,1,wandale robinson,192.5,169.0,71.0,111.9,114.9,40.1,lightgbm
2022,00-0037742,Treylon Burks,WR,TEN,rook,rookie,1,treylon burks,107.2,106.0,45.0,122.7,144.3,71.6,lightgbm
2022,00-0037816,Romeo Doubs,WR,GB,rook,rookie,1,romeo doubs,143.8,132.0,56.0,31.2,151.2,80.6,lightgbm
2022,00-0037664,Alec Pierce,WR,IND,rook,rookie,1,alec pierce,197.5,173.0,73.0,63.0,136.6,91.8,lightgbm
2022,00-0037240,Jameson Williams,WR,DET,rook,rookie,1,jameson williams,165.3,148.0,62.0,118.4,125.8,14.6,lightgbm
2022,00-0037257,David Bell,WR,CLE,rook,rookie,1,david bell,237.7,206.0,84.0,68.3,105.3,33.400000000000006,lightgbm
2022,00-0038090,Skyy Moore,WR,KC,rook,rookie,1,skyy moore,118.1,117.0,49.0,67.9,124.6,38.4,lightgbm
2022,00-0037098,Samori Toure,WR,GB,rook,rookie,1,samori toure,569.8,467.0,151.0,15.2,9.2,16.7,lightgbm
2022,00-0036841,Austin Trammell,WR,LA,rook,rookie,1,austin trammell,509.3,430.0,139.0,5.6,17.7,2.3,lightgbm
2022,00-0037666,Jalen Tolbert,WR,DAL,rook,rookie,1,jalen tolbert,191.9,168.0,70.0,48.0,109.4,2.2,lightgbm
2022,00-0037801,KaVontae Turpin,WR,DAL,rook,rookie,1,kavontae turpin,615.1,503.0,161.0,5.5,17.4,3.1,lightgbm
2022,00-0037055,Lance McCutcheon,WR,LA,rook,rookie,1,lance mccutcheon,682.5,547.0,179.0,5.1,6.4,0.0,lightgbm
2023,00-0039075,Puka Nacua,WR,LA,rook,rookie,1,puka nacua,248.5,223.0,87.0,19.7,185.9,246.0,lightgbm
2023,00-0038977,Tank Dell,WR,HOU,rook,rookie,1,tank dell,188.8,164.0,67.0,67.9,137.8,141.5,lightgbm
2023,00-0038994,Jordan Addison,WR,MIN,rook,rookie,1,jordan addison,83.5,83.0,36.0,116.5,155.2,186.3,lightgbm
2023,00-0039146,Jayden Reed,WR,GB,rook,rookie,1,jayden reed,212.8,181.0,71.0,106.6,113.4,185.2,lightgbm
2023,00-0039064,Zay Flowers,WR,BAL,rook,rookie,1,zay flowers,97.2,96.0,41.0,102.2,137.8,167.9,lightgbm
2023,00-0039067,Rashee Rice,WR,KC,rook,rookie,1,rashee rice,149.4,134.0,56.0,62.0,121.1,173.0,lightgbm
2023,00-0038559,Michael Wilson,WR,ARI,rook,rookie,1,michael wilson,251.0,227.0,90.0,44.3,82.2,95.5,lightgbm
2023,00-0038997,Josh Downs,WR,IND,rook,rookie,1,josh downs,238.3,207.0,82.0,73.3,103.6,123.1,lightgbm
2023,00-0038543,Jaxon Smith-Njigba,WR,SEA,rook,rookie,1,jaxon smithnjigba,84.1,84.0,37.0,110.0,131.4,118.3,lightgbm
2023,00-0038544,Quentin Johnston,WR,LAC,rook,rookie,1,quentin johnston,102.8,101.0,44.0,95.4,121.2,75.0,lightgbm
2023,00-0039062,Jonathan Mingo,WR,CAR,rook,rookie,1,jonathan mingo,169.4,148.0,62.0,85.5,110.0,63.3,lightgbm
2023,00-0038976,Marvin Mims Jr.,WR,DEN,rook,rookie,1,marvin mims,179.5,157.0,64.0,72.3,119.7,63.7,lightgbm
2023,00-0038496,Xavier Gipson,WR,NYJ,rook,rookie,1,xavier gipson,395.8,362.0,137.0,4.9,12.0,52.2,lightgbm
2023,00-0038938,Jalin Hyatt,WR,NYG,rook,rookie,1,jalin hyatt,165.9,146.0,60.0,73.5,114.7,48.8,lightgbm
2023,00-0038752,Jake Bobo,WR,SEA,rook,rookie,1,jake bobo,544.9,497.0,191.0,3.9,25.4,47.4,lightgbm
2023,00-0038465,Malik Heath,WR,GB,rook,rookie,1,malik heath,552.2,504.0,194.0,4.4,36.5,26.0,lightgbm
2023,00-0037216,Justyn Ross,WR,KC,rook,rookie,1,justyn ross,185.6,160.0,65.0,4.0,65.8,8.3,lightgbm
2023,00-0038667,Elijah Cooks,WR,JAX,rook,rookie,1,elijah cooks,569.5,518.0,199.0,2.2,4.0,5.300000000000001,lightgbm
2023,00-0037039,Devon Allen,WR,PHI,rook,rookie,1,devon allen,490.0,448.0,170.0,7.8,,0.0,lightgbm
2024,00-0039337,Malik Nabers,WR,NYG,rook,rookie,1,malik nabers,42.0,42.0,22.0,131.8,192.3,219.1,lightgbm
2024,00-0039893,Brian Thomas Jr.,WR,JAX,rook,rookie,1,brian thomas,104.5,105.0,47.0,107.6,183.2,240.5,lightgbm
2024,00-0039915,Ladd McConkey,WR,LAC,rook,rookie,1,ladd mcconkey,88.0,88.0,40.0,115.2,176.6,199.9,lightgbm
2024,00-0039849,Marvin Harrison Jr.,WR,ARI,rook,rookie,1,marvin harrison,14.0,14.0,8.0,116.6,196.8,165.5,lightgbm
2024,00-0039855,Jalen McMillan,WR,TB,rook,rookie,1,jalen mcmillan,235.8,205.0,83.0,52.3,56.3,116.9,lightgbm
2024,00-0039894,Xavier Worthy,WR,KC,rook,rookie,1,xavier worthy,76.3,76.0,35.0,106.5,156.0,157.7,lightgbm
2024,00-0039916,Ricky Pearsall,WR,SF,rook,rookie,1,ricky pearsall,176.4,157.0,67.0,123.0,62.6,78.0,lightgbm
2024,00-0039491,Jalen Coker,WR,CAR,rook,rookie,1,jalen coker,623.5,771.0,307.0,16.3,56.4,76.56,lightgbm
2024,00-0039919,Rome Odunze,WR,CHI,rook,rookie,1,rome odunze,72.8,72.0,33.0,111.9,145.8,117.9,lightgbm
2024,00-0039342,Xavier Legette,WR,CAR,rook,rookie,1,xavier legette,149.2,137.0,59.0,112.2,115.2,100.6,lightgbm
2024,00-0039424,Devaughn Vele,WR,DEN,rook,rookie,1,devaughn vele,615.0,749.0,296.0,15.3,52.8,86.0,lightgbm
2024,00-0039901,Keon Coleman,WR,BUF,rook,rookie,1,keon coleman,97.6,98.0,43.0,133.6,101.3,97.0,lightgbm
2024,00-0039386,Bub Means,WR,NO,rook,rookie,1,bub means,628.4,784.0,310.0,18.3,53.0,22.3,lightgbm
2024,00-0039880,Malik Washington,WR,MIA,rook,rookie,1,malik washington,281.8,251.0,99.0,31.6,30.5,43.8,lightgbm
2024,00-0039868,Troy Franklin,WR,DEN,rook,rookie,1,troy franklin,181.6,163.0,70.0,60.6,85.6,53.1,lightgbm
2024,00-0039751,Jordan Whittington,WR,LA,rook,rookie,1,jordan whittington,453.1,437.0,183.0,13.0,97.2,41.5,lightgbm
2024,00-0039890,Adonai Mitchell,WR,IND,rook,rookie,1,adonai mitchell,125.4,125.0,53.0,57.0,90.8,42.26,lightgbm
2024,00-0039747,Ainias Smith,WR,PHI,rook,rookie,1,ainias smith,691.0,952.0,368.0,20.2,26.2,14.2,lightgbm
2024,00-0039907,Ja'Lynn Polk,WR,NE,rook,rookie,1,jalynn polk,167.7,148.0,63.0,136.4,96.7,26.7,lightgbm
2024,00-0039623,Mason Tipton,WR,NO,rook,rookie,1,mason tipton,584.0,675.0,271.0,6.8,49.1,16.9,lightgbm
2024,00-0039355,Luke McCaffrey,WR,WAS,rook,rookie,1,luke mccaffrey,207.6,183.0,76.0,58.8,85.3,25.8,lightgbm
2024,00-0039792,Devontez Walker,WR,BAL,rook,rookie,1,devontez walker,271.1,238.0,92.0,41.6,74.1,8.6,lightgbm
2024,00-0039810,Jermaine Burton,WR,CIN,rook,rookie,1,jermaine burton,205.8,181.0,75.0,26.2,77.0,12.7,lightgbm
2024,00-0039365,Jacob Cowing,WR,SF,rook,rookie,1,jacob cowing,666.9,889.0,347.0,21.4,25.5,10.7,lightgbm
2024,00-0039236,Johnny Wilson,WR,PHI,rook,rookie,1,johnny wilson,593.4,701.0,282.0,31.5,30.2,12.3,lightgbm
2024,00-0039920,Malachi Corley,WR,NYJ,rook,rookie,1,malachi corley,212.2,188.0,79.0,42.3,25.5,3.7,lightgbm
2024,00-0039379,Jamari Thrash,WR,CLE,rook,rookie,1,jamari thrash,581.0,670.0,267.0,37.6,26.2,3.7,lightgbm
2024,00-0039451,Isaiah Williams,WR,DET,rook,rookie,1,isaiah williams,582.4,672.0,268.0,2.8,,1.6,lightgbm
2024,00-0039853,Javon Baker,WR,NE,rook,rookie,1,javon baker,237.3,207.0,84.0,41.0,30.8,1.7000000000000002,lightgbm
2024,00-0037422,Kendric Pryor,WR,CIN,rook,rookie,1,kendric pryor,477.0,479.0,197.0,4.7,,1.4,lightgbm
2024,00-0038477,Bryce Ford-Wheaton,WR,NYG,rook,rookie,1,bryce fordwheaton,554.0,611.0,247.0,9.7,,6.0,lightgbm
2025,00-0040124,Tetairoa McMillan,WR,CAR,rook,rookie,1,tetairoa mcmillan,55.7,56.0,23.0,137.5,189.2,178.4,lightgbm
2025,00-0040129,Emeka Egbuka,WR,TB,rook,rookie,1,emeka egbuka,85.3,85.0,38.0,117.8,158.2,164.2,lightgbm
2025,00-0040311,Theo Wease Jr.,WR,MIA,rook,rookie,1,theo wease,692.0,1675.0,678.0,0.6,7.4,22.9,lightgbm
2025,00-0040648,Tory Horton,WR,SEA,rook,rookie,1,tory horton,227.0,191.0,77.0,41.9,92.0,58.6,lightgbm
2025,00-0040718,Travis Hunter,WR,JAX,rook,rookie,1,travis hunter,70.3,70.0,31.0,159.6,165.5,49.8,lightgbm
2025,00-0040735,Luther Burden III,WR,CHI,rook,rookie,1,luther burden,154.0,141.0,58.0,115.7,110.2,104.4,lightgbm
2025,00-0040705,Chimere Dike,WR,TEN,rook,rookie,1,chimere dike,691.5,1664.0,671.0,45.1,53.5,104.1,lightgbm
2025,00-0040170,Elic Ayomanor,WR,TEN,rook,rookie,1,elic ayomanor,206.6,175.0,71.0,51.0,97.2,96.0,lightgbm
2025,00-0040130,Jayden Higgins,WR,HOU,rook,rookie,1,jayden higgins,121.1,119.0,51.0,113.6,128.6,109.0,lightgbm
2025,00-0040237,Tez Johnson,WR,TB,rook,rookie,1,tez johnson,691.1,1655.0,666.0,25.3,5.4,78.4,lightgbm
2025,00-0040669,Isaac TeSlaa,WR,DET,rook,rookie,1,isaac teslaa,177.0,155.0,63.0,60.6,85.0,67.9,lightgbm
2025,00-0040667,Matthew Golden,WR,GB,rook,rookie,1,matthew golden,86.4,86.0,39.0,98.3,164.9,55.5,lightgbm
2025,00-0040134,Pat Bryant,WR,DEN,rook,rookie,1,pat bryant,236.3,200.0,78.0,52.7,75.8,59.3,lightgbm
2025,00-0040277,Jahdae Walker,WR,CHI,rook,rookie,1,jahdae walker,623.6,998.0,417.0,9.8,1.3,23.7,lightgbm
2025,00-0040727,Tre Harris,WR,LAC,rook,rookie,1,tre harris,174.1,154.0,62.0,88.2,110.6,54.4,lightgbm
2025,00-0040138,Jaylin Noel,WR,HOU,rook,rookie,1,jaylin noel,253.1,231.0,94.0,47.0,65.0,55.4,lightgbm
2025,00-0040164,Jaylin Lane,WR,WAS,rook,rookie,1,jaylin lane,678.1,1444.0,583.0,15.7,57.1,43.2,lightgbm
2025,00-0040782,Isaiah Bond,WR,CLE,rook,rookie,1,isaiah bond,681.8,1495.0,606.0,25.3,54.4,45.7,lightgbm
2025,00-0040729,Jack Bech,WR,LV,rook,rookie,1,jack bech,220.8,189.0,75.0,50.6,68.1,32.4,lightgbm
2025,00-0040131,Kyle Williams,WR,NE,rook,rookie,1,kyle williams,195.3,167.0,67.0,44.8,84.4,44.2,lightgbm
2025,00-0040009,Savion Williams,WR,GB,rook,rookie,1,savion williams,667.6,1319.0,533.0,36.8,22.2,20.5,lightgbm
2025,00-0040218,Jimmy Horn Jr.,WR,CAR,rook,rookie,1,jimmy horn,665.9,1304.0,526.0,22.6,26.8,23.2,lightgbm
2025,00-0038839,Mitchell Tinsley,WR,CIN,rook,rookie,1,mitchell tinsley,675.5,1408.0,569.0,4.9,,27.6,lightgbm
2025,00-0040563,Efton Chism III,WR,NE,rook,rookie,1,efton chism,673.2,1379.0,554.0,4.7,3.6,15.0,lightgbm
2025,00-0040184,KeAndre Lambert-Smith,WR,LAC,rook,rookie,1,keandre lambertsmith,687.8,1603.0,644.0,28.8,25.3,13.6,lightgbm
2025,00-0040581,Dont'e Thornton Jr.,WR,LV,rook,rookie,1,donte thornton,180.1,156.0,64.0,30.5,88.0,18.5,lightgbm
2025,00-0040590,Konata Mumpfield,WR,LA,rook,rookie,1,konata mumpfield,688.8,1619.0,653.0,34.9,16.4,20.2,lightgbm
2025,00-0040024,Darius Cooper,WR,PHI,rook,rookie,1,darius cooper,658.2,1238.0,504.0,2.3,,13.700000000000005,lightgbm
2025,00-0038953,Dylan Drummond,WR,ATL,rook,rookie,1,dylan drummond,361.0,383.0,155.0,2.5,,7.7,lightgbm
2025,00-0040172,Jordan Watkins,WR,SF,rook,rookie,1,jordan watkins,692.6,1687.0,683.0,3.3,2.5,3.6000000000000005,lightgbm
2025,00-0040259,Gage Larvadain,WR,CLE,rook,rookie,1,gage larvadain,696.7,1761.0,713.0,8.2,,10.9,lightgbm
2025,00-0040154,Tai Felton,WR,MIN,rook,rookie,1,tai felton,698.0,1788.0,720.0,33.1,23.5,4.0,lightgbm
2025,00-0040582,Arian Smith,WR,NYJ,rook,rookie,1,arian smith,674.3,1391.0,559.0,43.8,38.2,10.0,lightgbm
2025,00-0040432,Beaux Collins,WR,NYG,rook,rookie,1,beaux collins,689.7,1636.0,659.0,4.2,3.2,3.5,lightgbm
2025,00-0040646,Jalen Royals,WR,KC,rook,rookie,1,jalen royals,251.8,226.0,90.0,37.2,51.6,1.4,lightgbm
2025,00-0040075,LaJohntay Wester,WR,BAL,rook,rookie,1,lajohntay wester,694.0,1713.0,693.0,27.2,3.4,0.0,lightgbm
2025,00-0040241,Dominic Lovett,WR,DET,rook,rookie,1,dominic lovett,687.3,1597.0,643.0,10.1,,0.0,lightgbm
2025,00-0040506,Myles Price,WR,MIN,rook,rookie,1,myles price,532.5,645.0,262.0,3.8,,0.0,lightgbm
2025,00-0038728,Jared Wayne,WR,HOU,rook,rookie,1,jared wayne,619.2,968.0,406.0,5.8,,3.0,lightgbm
2025,00-0039710,Jeshaun Jones,WR,MIN,rook,rookie,1,jeshaun jones,540.3,666.0,266.0,2.8,,0.0,lightgbm
2025,00-0040352,Coleman Owen,WR,IND,rook,rookie,1,coleman owen,545.0,680.0,275.0,10.6,,0.0,lightgbm
2025,00-0040388,Jakobie Keeney-James,WR,DET,rook,rookie,1,jakobie keeneyjames,641.8,1108.0,463.0,3.2,,2.5,lightgbm
2025,00-0040522,Xavier Restrepo,WR,TEN,rook,rookie,1,xavier restrepo,284.0,302.0,122.0,5.3,12.2,5.6,lightgbm
2021,00-0034753,Mark Andrews,TE,BAL,vet,veteran,0,mark andrews,47.6,48.0,5.0,123.0,186.6,247.6,lightgbm
2021,00-0030506,Travis Kelce,TE,KC,vet,veteran,0,travis kelce,12.7,12.0,1.0,166.5,225.0,216.8,lightgbm
2021,00-0027656,Rob Gronkowski,TE,TB,vet,veteran,0,rob gronkowski,101.0,101.0,11.0,74.8,163.1,143.7,lightgbm
2021,00-0033357,Taysom Hill,TE,NO,vet,veteran,0,taysom hill,687.9,476.0,83.0,75.5,215.82,119.72,lightgbm
2021,00-0035229,T.J. Hockenson,TE,DET,vet,veteran,0,tj hockenson,57.2,57.0,6.0,90.6,178.2,114.8,lightgbm
2021,00-0033288,George Kittle,TE,SF,vet,veteran,0,george kittle,23.3,23.0,2.0,136.5,211.0,162.5,lightgbm
2021,00-0031610,Darren Waller,TE,LV,vet,veteran,0,darren waller,25.8,25.0,3.0,168.9,209.5,106.0,lightgbm
2021,00-0034351,Dallas Goedert,TE,PHI,vet,veteran,0,dallas goedert,87.6,87.0,9.0,100.1,128.2,137.0,lightgbm
2021,00-0030061,Zach Ertz,TE,PHI,vet,veteran,0,zach ertz,180.0,158.0,19.0,59.6,138.3,143.70000000000002,lightgbm
2021,00-0035644,Noah Fant,TE,DEN,vet,veteran,0,noah fant,82.9,82.0,7.0,118.5,162.0,125.0,lightgbm
2021,00-0033090,Hunter Henry,TE,NE,vet,veteran,0,hunter henry,147.8,135.0,15.0,94.9,132.9,139.3,lightgbm
2021,00-0034829,Mike Gesicki,TE,MIA,vet,veteran,0,mike gesicki,111.4,110.0,13.0,117.1,134.0,128.5,lightgbm
2021,00-0031260,Logan Thomas,TE,WAS,vet,veteran,0,logan thomas,93.0,93.0,10.0,89.1,146.7,44.6,lightgbm
2021,00-0027061,Jared Cook,TE,LAC,vet,veteran,0,jared cook,158.8,144.0,16.0,98.0,131.1,108.4,lightgbm
2021,00-0033110,Tyler Higbee,TE,LA,vet,veteran,0,tyler higbee,103.4,103.0,12.0,98.1,145.2,116.5,lightgbm
2021,00-0033895,Gerald Everett,TE,SEA,vet,veteran,0,gerald everett,186.8,164.0,21.0,63.5,126.8,93.8,lightgbm
2021,00-0036290,Cole Kmet,TE,CHI,vet,veteran,0,cole kmet,190.8,167.0,22.0,70.7,112.4,91.2,lightgbm
2021,00-0033881,Evan Engram,TE,NYG,vet,veteran,0,evan engram,179.0,157.0,18.0,93.8,100.9,79.5,lightgbm
2021,00-0033757,Robert Tonyan,TE,GB,vet,veteran,0,robert tonyan,86.3,86.0,8.0,88.4,135.0,41.4,lightgbm
2021,00-0032392,Austin Hooper,TE,CLE,vet,veteran,0,austin hooper,185.6,163.0,20.0,87.9,110.0,73.5,lightgbm
2021,00-0033611,Ricky Seals-Jones,TE,WAS,vet,veteran,0,ricky sealsjones,259.0,223.0,29.0,14.1,45.6,54.1,lightgbm
2021,00-0036422,Adam Trautman,TE,NO,vet,veteran,0,adam trautman,207.3,179.0,23.0,46.9,101.6,49.8,lightgbm
2021,00-0035562,Jesper Horsted,TE,CHI,vet,veteran,0,jesper horsted,467.3,347.0,66.0,3.5,35.3,15.1,lightgbm
2021,00-0033455,Anthony Firkser,TE,TEN,vet,veteran,0,anthony firkser,239.9,205.0,26.0,63.8,98.3,56.10000000000001,lightgbm
2021,00-0036040,Juwan Johnson,TE,NO,vet,veteran,0,juwan johnson,673.5,464.0,82.0,11.0,62.3,46.4,lightgbm
2021,00-0031387,Eric Ebron,TE,PIT,vet,veteran,0,eric ebron,243.1,208.0,27.0,81.8,100.2,26.5,lightgbm
2021,00-0033858,Jonnu Smith,TE,NE,vet,veteran,0,jonnu smith,141.1,130.0,14.0,56.4,113.5,53.400000000000006,lightgbm
2021,00-0033658,Blake Jarwin,TE,DAL,vet,veteran,0,blake jarwin,211.7,183.0,25.0,8.2,111.5,27.1,lightgbm
2021,00-0036332,Josiah Deguara,TE,GB,vet,veteran,0,josiah deguara,423.0,326.0,60.0,18.5,36.8,49.0,lightgbm
2021,00-0024243,Marcedes Lewis,TE,GB,vet,veteran,0,marcedes lewis,515.6,368.0,70.0,17.8,27.6,32.9,lightgbm
2021,00-0033439,Pharaoh Brown,TE,HOU,vet,veteran,0,pharaoh brown,436.0,332.0,62.0,23.8,58.4,26.6,lightgbm
2021,00-0036032,Sean McKeon,TE,DAL,vet,veteran,0,sean mckeon,350.7,279.0,47.0,1.3,17.6,10.7,lightgbm
2021,00-0033421,Antony Auclair,TE,HOU,vet,veteran,0,antony auclair,690.0,478.0,85.0,6.6,17.2,13.2,lightgbm
2021,00-0032062,Blake Bell,TE,KC,vet,veteran,0,blake bell,297.2,243.0,34.0,12.7,7.3,14.2,lightgbm
2021,00-0034193,Kevin Rader,TE,PIT,vet,veteran,0,kevin rader,265.0,224.0,30.0,0.0,4.9,1.8000000000000005,lightgbm
2021,00-0033246,Johnny Mundt,TE,LA,vet,veteran,0,johnny mundt,422.0,325.0,59.0,6.0,10.2,1.4,lightgbm
2021,00-0033798,Mason Schreck,TE,CIN,vet,veteran,0,mason schreck,331.0,265.0,44.0,0.7,,0.0,lightgbm
2021,00-0034970,Irv Smith,TE,MIN,vet,veteran,0,irv smith,175.1,154.0,17.0,64.1,,0.0,lightgbm
2021,00-0036005,Noah Togiai,TE,IND,vet,veteran,0,noah togiai,301.0,245.0,36.0,7.2,10.2,0.0,lightgbm
2022,00-0030506,Travis Kelce,TE,KC,vet,veteran,0,travis kelce,15.6,15.0,1.0,175.1,232.9,261.3,lightgbm
2022,00-0035229,T.J. Hockenson,TE,DET,vet,veteran,0,tj hockenson,71.8,71.0,7.0,106.2,139.1,174.4,lightgbm
2022,00-0034753,Mark Andrews,TE,BAL,vet,veteran,0,mark andrews,25.1,25.0,2.0,181.0,196.3,154.0,lightgbm
2022,00-0033288,George Kittle,TE,SF,vet,veteran,0,george kittle,38.2,38.0,4.0,152.6,143.6,170.5,lightgbm
2022,00-0030061,Zach Ertz,TE,ARI,vet,veteran,0,zach ertz,99.4,99.0,10.0,126.7,134.1,92.1,lightgbm
2022,00-0033357,Taysom Hill,TE,NO,vet,veteran,0,taysom hill,223.4,194.0,25.0,56.9,104.3,141.3,lightgbm
2022,00-0033885,David Njoku,TE,CLE,vet,veteran,0,david njoku,156.9,143.0,16.0,74.3,136.5,113.0,lightgbm
2022,00-0031610,Darren Waller,TE,LV,vet,veteran,0,darren waller,47.4,47.0,5.0,118.9,137.2,70.8,lightgbm
2022,00-0034351,Dallas Goedert,TE,PHI,vet,veteran,0,dallas goedert,79.0,79.0,8.0,118.7,146.0,113.7,lightgbm
2022,00-0033881,Evan Engram,TE,JAX,vet,veteran,0,evan engram,215.5,186.0,24.0,41.8,99.5,140.4,lightgbm
2022,00-0036894,Pat Freiermuth,TE,PIT,vet,veteran,0,pat freiermuth,108.7,107.0,11.0,76.9,130.9,116.7,lightgbm
2022,00-0036290,Cole Kmet,TE,CHI,vet,veteran,0,cole kmet,116.9,115.0,12.0,88.2,109.9,122.3,lightgbm
2022,00-0036040,Juwan Johnson,TE,NO,vet,veteran,0,juwan johnson,380.3,319.0,47.0,28.6,114.9,113.8,lightgbm
2022,00-0033110,Tyler Higbee,TE,LA,vet,veteran,0,tyler higbee,169.6,152.0,17.0,66.5,139.7,116.0,lightgbm
2022,00-0034383,Dalton Schultz,TE,DAL,vet,veteran,0,dalton schultz,61.7,61.0,6.0,140.4,129.6,114.2,lightgbm
2022,00-0035689,Dawson Knox,TE,BUF,vet,veteran,0,dawson knox,90.2,90.0,9.0,89.2,116.0,111.7,lightgbm
2022,00-0033895,Gerald Everett,TE,LAC,vet,veteran,0,gerald everett,195.4,172.0,20.0,75.7,119.1,110.5,lightgbm
2022,00-0036970,Kyle Pitts,TE,ATL,vet,veteran,0,kyle pitts,31.5,31.0,3.0,142.9,134.1,61.6,lightgbm
2022,00-0035644,Noah Fant,TE,SEA,vet,veteran,0,noah fant,208.4,182.0,21.0,125.3,65.0,97.6,lightgbm
2022,00-0033757,Robert Tonyan,TE,GB,vet,veteran,0,robert tonyan,190.7,167.0,19.0,46.7,69.9,85.5,lightgbm
2022,00-0034830,Hayden Hurst,TE,CIN,vet,veteran,0,hayden hurst,209.7,183.0,22.0,53.2,105.4,79.4,lightgbm
2022,00-0033090,Hunter Henry,TE,NE,vet,veteran,0,hunter henry,142.1,131.0,14.0,107.9,87.8,83.4,lightgbm
2022,00-0034970,Irv Smith,TE,MIN,vet,veteran,0,irv smith,173.3,156.0,18.0,43.6,89.0,42.7,lightgbm
2022,00-0034829,Mike Gesicki,TE,MIA,vet,veteran,0,mike gesicki,128.3,124.0,13.0,133.4,85.6,82.2,lightgbm
2022,00-0032392,Austin Hooper,TE,TEN,vet,veteran,0,austin hooper,212.6,184.0,23.0,40.1,78.1,76.9,lightgbm
2022,00-0031585,MyCole Pruitt,TE,ATL,vet,veteran,0,mycole pruitt,642.1,519.0,101.0,25.6,28.1,47.0,lightgbm
2022,00-0036244,Colby Parkinson,TE,SEA,vet,veteran,0,colby parkinson,566.5,465.0,78.0,15.7,14.6,56.7,lightgbm
2022,00-0036423,Albert Okwuegbunam,TE,DEN,vet,veteran,0,albert okwuegbunam,151.7,138.0,15.0,47.4,62.3,20.5,lightgbm
2022,00-0031273,Cameron Brate,TE,TB,vet,veteran,0,cameron brate,698.5,559.0,110.0,36.7,87.8,27.4,lightgbm
2022,00-0033576,Eric Saubert,TE,DEN,vet,veteran,0,eric saubert,594.9,486.0,87.0,23.7,26.3,28.3,lightgbm
2022,00-0024243,Marcedes Lewis,TE,GB,vet,veteran,0,marcedes lewis,370.2,313.0,46.0,45.0,34.6,23.6,lightgbm
2022,00-0027981,Kyle Rudolph,TE,TB,vet,veteran,0,kyle rudolph,629.9,513.0,98.0,37.9,41.0,10.3,lightgbm
2022,00-0036424,Brycen Hopkins,TE,LA,vet,veteran,0,brycen hopkins,510.4,432.0,69.0,9.2,17.4,14.4,lightgbm
2022,00-0035823,Ben Ellefson,TE,MIN,vet,veteran,0,ben ellefson,663.8,533.0,104.0,2.9,2.6,4.1000000000000005,lightgbm
2022,00-0033798,Mason Schreck,TE,HOU,vet,veteran,0,mason schreck,325.6,273.0,37.0,0.6,,1.6,lightgbm
2022,00-0030108,Ryan Griffin,TE,CHI,vet,veteran,0,ryan griffin,308.0,259.0,35.0,34.1,28.9,4.6,lightgbm
2022,00-0031384,Richard Rodgers,TE,LAC,vet,veteran,0,richard rodgers,477.0,403.0,62.0,24.3,8.1,0.9,lightgbm
2022,00-0027696,Jimmy Graham,TE,,vet,veteran,0,jimmy graham,508.6,429.0,68.0,27.6,,0.0,lightgbm
2022,00-0031299,Jordan Matthews,TE,SF,vet,veteran,0,jordan matthews,466.3,395.0,61.0,29.9,,0.0,lightgbm
2023,00-0035229,T.J. Hockenson,TE,MIN,vet,veteran,0,tj hockenson,48.4,48.0,4.0,132.4,147.9,171.5,lightgbm
2023,00-0034753,Mark Andrews,TE,BAL,vet,veteran,0,mark andrews,26.0,25.0,2.0,136.4,170.3,112.9,lightgbm
2023,00-0033881,Evan Engram,TE,JAX,vet,veteran,0,evan engram,82.6,82.0,8.0,93.9,133.6,173.3,lightgbm
2023,00-0033885,David Njoku,TE,CLE,vet,veteran,0,david njoku,89.2,90.0,10.0,118.2,134.1,160.7,lightgbm
2023,00-0030506,Travis Kelce,TE,KC,vet,veteran,0,travis kelce,5.1,5.0,1.0,183.4,206.4,172.9,lightgbm
2023,00-0033288,George Kittle,TE,SF,vet,veteran,0,george kittle,44.7,45.0,3.0,128.7,144.2,170.70000000000002,lightgbm
2023,00-0036290,Cole Kmet,TE,CHI,vet,veteran,0,cole kmet,127.8,122.0,13.0,96.7,111.3,144.6,lightgbm
2023,00-0037744,Trey McBride,TE,ARI,vet,veteran,0,trey mcbride,242.3,214.0,29.0,41.0,78.1,141.0,lightgbm
2023,00-0033357,Taysom Hill,TE,NO,vet,veteran,0,taysom hill,199.9,172.0,22.0,87.2,87.44,127.02,lightgbm
2023,00-0038041,Jake Ferguson,TE,DAL,vet,veteran,0,jake ferguson,206.3,177.0,23.0,46.4,92.4,141.6,lightgbm
2023,00-0031610,Darren Waller,TE,NYG,vet,veteran,0,darren waller,55.0,55.0,5.0,72.1,143.1,87.2,lightgbm
2023,00-0034351,Dallas Goedert,TE,PHI,vet,veteran,0,dallas goedert,62.6,62.0,7.0,105.3,138.4,106.8,lightgbm
2023,00-0034383,Dalton Schultz,TE,HOU,vet,veteran,0,dalton schultz,118.1,114.0,12.0,91.7,106.3,121.0,lightgbm
2023,00-0036970,Kyle Pitts,TE,ATL,vet,veteran,0,kyle pitts,61.5,60.0,6.0,92.0,137.1,110.8,lightgbm
2023,00-0036040,Juwan Johnson,TE,NO,vet,veteran,0,juwan johnson,193.0,166.0,20.0,57.7,92.9,79.3,lightgbm
2023,00-0033858,Jonnu Smith,TE,ATL,vet,veteran,0,jonnu smith,244.0,218.0,33.0,34.4,28.2,99.2,lightgbm
2023,00-0033895,Gerald Everett,TE,LAC,vet,veteran,0,gerald everett,177.2,156.0,18.0,80.8,97.5,85.60000000000001,lightgbm
2023,00-0030061,Zach Ertz,TE,ARI,vet,veteran,0,zach ertz,232.2,200.0,25.0,88.9,98.8,38.2,lightgbm
2023,00-0034270,Tyler Conklin,TE,NYJ,vet,veteran,0,tyler conklin,237.7,206.0,27.0,66.1,85.1,92.6,lightgbm
2023,00-0033110,Tyler Higbee,TE,LA,vet,veteran,0,tyler higbee,150.2,135.0,15.0,96.2,103.0,85.0,lightgbm
2023,00-0037809,Chig Okonkwo,TE,TEN,vet,veteran,0,chig okonkwo,147.4,132.0,14.0,60.8,100.3,86.4,lightgbm
2023,00-0038129,Cade Otton,TE,TB,vet,veteran,0,cade otton,263.2,247.0,40.0,43.7,94.1,95.0,lightgbm
2023,00-0036894,Pat Freiermuth,TE,PIT,vet,veteran,0,pat freiermuth,88.3,88.0,9.0,107.2,132.9,60.8,lightgbm
2023,00-0037838,Isaiah Likely,TE,BAL,vet,veteran,0,isaiah likely,244.0,217.0,32.0,56.1,63.9,86.10000000000001,lightgbm
2023,00-0036876,Kylen Granson,TE,IND,vet,veteran,0,kylen granson,520.7,478.0,95.0,30.9,47.8,58.0,lightgbm
2023,00-0034830,Hayden Hurst,TE,CAR,vet,veteran,0,hayden hurst,240.4,209.0,28.0,62.8,89.8,33.400000000000006,lightgbm
2023,00-0035644,Noah Fant,TE,SEA,vet,veteran,0,noah fant,264.5,250.0,41.0,97.0,76.1,57.400000000000006,lightgbm
2023,00-0035689,Dawson Knox,TE,BUF,vet,veteran,0,dawson knox,211.2,180.0,24.0,98.2,89.4,43.6,lightgbm
2023,00-0034829,Mike Gesicki,TE,NE,vet,veteran,0,mike gesicki,242.5,215.0,30.0,68.1,71.8,50.900000000000006,lightgbm
2023,00-0036556,Brevin Jordan,TE,HOU,vet,veteran,0,brevin jordan,509.1,467.0,92.0,25.1,5.7,42.400000000000006,lightgbm
2023,00-0035249,Josh Oliver,TE,MIN,vet,veteran,0,josh oliver,595.9,540.0,109.0,38.0,26.1,42.3,lightgbm
2023,00-0035631,Drew Sample,TE,CIN,vet,veteran,0,drew sample,499.3,457.0,89.0,6.3,21.3,39.3,lightgbm
2023,00-0034970,Irv Smith,TE,CIN,vet,veteran,0,irv smith,233.3,201.0,26.0,45.8,88.4,24.5,lightgbm
2023,00-0033246,Johnny Mundt,TE,MIN,vet,veteran,0,johnny mundt,413.0,375.0,77.0,21.4,5.9,31.700000000000003,lightgbm
2023,00-0036887,Luke Farrell,TE,JAX,vet,veteran,0,luke farrell,521.0,479.0,96.0,15.8,29.0,22.0,lightgbm
2023,00-0036145,Lawrence Cager,TE,NYG,vet,veteran,0,lawrence cager,693.0,610.0,123.0,17.8,14.2,11.6,lightgbm
2023,00-0034364,Jordan Akins,TE,CLE,vet,veteran,0,jordan akins,512.7,471.0,94.0,56.0,40.1,20.700000000000003,lightgbm
2023,00-0037569,Peyton Hendershot,TE,DAL,vet,veteran,0,peyton hendershot,574.7,522.0,105.0,43.0,42.6,5.800000000000001,lightgbm
2023,00-0032062,Blake Bell,TE,KC,vet,veteran,0,blake bell,555.8,505.0,101.0,8.9,4.7,9.1,lightgbm
2023,00-0037086,Grant Calcaterra,TE,PHI,vet,veteran,0,grant calcaterra,303.7,286.0,48.0,22.7,,5.9,lightgbm
2023,00-0036741,Jack Stoll,TE,PHI,vet,veteran,0,jack stoll,390.2,358.0,71.0,18.4,5.9,6.300000000000001,lightgbm
2023,00-0034193,Kevin Rader,TE,TEN,vet,veteran,0,kevin rader,354.0,326.0,60.0,7.0,,1.1,lightgbm
2023,00-0035572,Parker Hesse,TE,ATL,vet,veteran,0,parker hesse,443.3,401.0,81.0,14.8,22.6,0.0,lightgbm
2023,00-0036032,Sean McKeon,TE,DAL,vet,veteran,0,sean mckeon,459.0,417.0,84.0,7.6,,0.0,lightgbm
2023,00-0031299,Jordan Matthews,TE,,vet,veteran,0,jordan matthews,386.5,355.0,70.0,17.5,,0.0,lightgbm
2023,00-0031690,Eric Tomlinson,TE,HOU,vet,veteran,0,eric tomlinson,299.0,282.0,47.0,24.8,,0.0,lightgbm
2023,00-0037252,Greg Dulcich,TE,DEN,vet,veteran,0,greg dulcich,174.1,153.0,17.0,52.2,90.9,4.0,lightgbm
2023,00-0037317,Nick Muse,TE,MIN,vet,veteran,0,nick muse,256.0,235.0,36.0,3.0,,2.7,lightgbm
2023,00-0037348,Tanner Conner,TE,MIA,vet,veteran,0,tanner conner,466.5,424.0,86.0,3.6,,0.0,lightgbm
2023,00-0037755,Jelani Woods,TE,IND,vet,veteran,0,jelani woods,259.1,240.0,37.0,48.2,43.4,0.0,lightgbm
2024,00-0033288,George Kittle,TE,SF,vet,veteran,0,george kittle,58.9,58.0,6.0,145.5,171.3,197.6,lightgbm
2024,00-0037744,Trey McBride,TE,ARI,vet,veteran,0,trey mcbride,48.2,48.0,3.0,110.5,161.3,188.3,lightgbm
2024,00-0033357,Taysom Hill,TE,NO,vet,veteran,0,taysom hill,167.9,149.0,18.0,113.8,107.08,90.84,lightgbm
2024,00-0033885,David Njoku,TE,CLE,vet,veteran,0,david njoku,87.6,87.0,11.0,157.1,132.1,116.5,lightgbm
2024,00-0033858,Jonnu Smith,TE,MIA,vet,veteran,0,jonnu smith,239.3,209.0,28.0,69.3,72.4,178.3,lightgbm
2024,00-0039065,Sam LaPorta,TE,DET,vet,veteran,0,sam laporta,30.0,30.0,2.0,155.1,146.0,144.6,lightgbm
2024,00-0034753,Mark Andrews,TE,BAL,vet,veteran,0,mark andrews,48.3,49.0,4.0,135.8,114.2,161.3,lightgbm
2024,00-0030506,Travis Kelce,TE,KC,vet,veteran,0,travis kelce,25.6,25.0,1.0,162.3,171.0,146.9,lightgbm
2024,00-0038996,Tucker Kraft,TE,GB,vet,veteran,0,tucker kraft,274.2,242.0,36.0,60.7,96.5,138.3,lightgbm
2024,00-0036894,Pat Freiermuth,TE,PIT,vet,veteran,0,pat freiermuth,124.9,124.0,15.0,62.9,113.1,137.8,lightgbm
2024,00-0038129,Cade Otton,TE,TB,vet,veteran,0,cade otton,190.3,166.0,20.0,71.2,99.3,111.1,lightgbm
2024,00-0033881,Evan Engram,TE,JAX,vet,veteran,0,evan engram,71.6,71.0,8.0,141.4,129.0,66.0,lightgbm
2024,00-0030061,Zach Ertz,TE,WAS,vet,veteran,0,zach ertz,263.1,230.0,32.0,61.1,71.8,144.4,lightgbm
2024,00-0033090,Hunter Henry,TE,NE,vet,veteran,0,hunter henry,194.7,170.0,22.0,80.7,117.2,112.4,lightgbm
2024,00-0034829,Mike Gesicki,TE,CIN,vet,veteran,0,mike gesicki,233.8,203.0,27.0,47.1,77.3,109.0,lightgbm
2024,00-0036970,Kyle Pitts,TE,ATL,vet,veteran,0,kyle pitts,61.3,61.0,7.0,90.1,124.0,107.7,lightgbm
2024,00-0034270,Tyler Conklin,TE,NYJ,vet,veteran,0,tyler conklin,202.4,178.0,23.0,92.7,91.4,96.4,lightgbm
2024,00-0035229,T.J. Hockenson,TE,MIN,vet,veteran,0,tj hockenson,118.7,119.0,14.0,135.8,112.0,66.0,lightgbm
2024,00-0034351,Dallas Goedert,TE,PHI,vet,veteran,0,dallas goedert,107.4,107.0,12.0,85.5,129.2,82.6,lightgbm
2024,00-0036040,Juwan Johnson,TE,NO,vet,veteran,0,juwan johnson,248.4,218.0,29.0,59.1,69.9,97.8,lightgbm
2024,00-0035644,Noah Fant,TE,SEA,vet,veteran,0,noah fant,223.2,193.0,25.0,63.5,93.6,80.0,lightgbm
2024,00-0037838,Isaiah Likely,TE,BAL,vet,veteran,0,isaiah likely,192.9,168.0,21.0,57.6,98.0,102.7,lightgbm
2024,00-0036290,Cole Kmet,TE,CHI,vet,veteran,0,cole kmet,129.7,129.0,16.0,153.9,120.9,96.9,lightgbm
2024,00-0037809,Chig Okonkwo,TE,TEN,vet,veteran,0,chig okonkwo,211.9,187.0,24.0,75.2,69.2,87.60000000000001,lightgbm
2024,00-0038041,Jake Ferguson,TE,DAL,vet,veteran,0,jake ferguson,85.5,85.0,10.0,85.0,133.1,74.9,lightgbm
2024,00-0034159,Will Dissly,TE,LAC,vet,veteran,0,will dissly,694.8,964.0,199.0,35.6,21.2,85.1,lightgbm
2024,00-0034981,Foster Moreau,TE,NO,vet,veteran,0,foster moreau,540.5,586.0,111.0,24.4,23.1,87.3,lightgbm
2024,00-0032392,Austin Hooper,TE,NE,vet,veteran,0,austin hooper,545.0,593.0,113.0,34.1,22.4,86.1,lightgbm
2024,00-0038933,Dalton Kincaid,TE,BUF,vet,veteran,0,dalton kincaid,51.3,51.0,5.0,115.7,144.9,78.80000000000001,lightgbm
2024,00-0034383,Dalton Schultz,TE,HOU,vet,veteran,0,dalton schultz,118.0,118.0,13.0,83.5,119.5,91.7,lightgbm
2024,00-0036637,Noah Gray,TE,KC,vet,veteran,0,noah gray,596.7,711.0,140.0,51.2,67.8,93.3,lightgbm
2024,00-0033110,Tyler Higbee,TE,LA,vet,veteran,0,tyler higbee,668.5,895.0,178.0,61.0,47.6,22.6,lightgbm
2024,00-0034364,Jordan Akins,TE,CLE,vet,veteran,0,jordan akins,512.7,541.0,104.0,15.8,27.1,71.0,lightgbm
2024,00-0038589,Josh Whyle,TE,TEN,vet,veteran,0,josh whyle,627.4,782.0,157.0,28.0,47.1,46.8,lightgbm
2024,00-0036244,Colby Parkinson,TE,LA,vet,veteran,0,colby parkinson,262.4,229.0,31.0,35.7,88.4,50.4,lightgbm
2024,00-0038547,Luke Schoonmaker,TE,DAL,vet,veteran,0,luke schoonmaker,671.0,902.0,180.0,21.9,18.7,43.6,lightgbm
2024,00-0035689,Dawson Knox,TE,BUF,vet,veteran,0,dawson knox,270.7,237.0,35.0,52.9,64.2,48.1,lightgbm
2024,00-0039066,Michael Mayer,TE,LV,vet,veteran,0,michael mayer,276.3,244.0,37.0,51.9,54.2,26.1,lightgbm
2024,00-0039041,Elijah Higgins,TE,ARI,vet,veteran,0,elijah higgins,563.0,635.0,126.0,30.6,28.8,39.2,lightgbm
2024,00-0036422,Adam Trautman,TE,DEN,vet,veteran,0,adam trautman,689.0,947.0,190.0,36.5,25.6,37.3,lightgbm
2024,00-0038558,Darnell Washington,TE,PIT,vet,veteran,0,darnell washington,678.3,920.0,184.0,14.2,28.8,35.5,lightgbm
2024,00-0037475,Stone Smartt,TE,LAC,vet,veteran,0,stone smartt,330.0,310.0,47.0,22.8,18.7,26.8,lightgbm
2024,00-0039050,Payne Durham,TE,TB,vet,veteran,0,payne durham,605.0,726.0,146.0,14.9,25.6,29.0,lightgbm
2024,00-0038046,Charlie Kolar,TE,BAL,vet,veteran,0,charlie kolar,695.0,965.0,200.0,21.8,7.6,23.8,lightgbm
2024,00-0036754,Brock Wright,TE,DET,vet,veteran,0,brock wright,406.0,377.0,62.0,23.4,22.4,28.5,lightgbm
2024,00-0033217,Mo Alie-Cox,TE,IND,vet,veteran,0,mo aliecox,293.5,273.0,42.0,23.3,21.5,26.7,lightgbm
2024,00-0035631,Drew Sample,TE,CIN,vet,veteran,0,drew sample,417.0,390.0,64.0,34.2,24.6,26.5,lightgbm
2024,00-0036876,Kylen Granson,TE,IND,vet,veteran,0,kylen granson,559.5,625.0,121.0,35.9,57.3,25.200000000000003,lightgbm
2024,00-0037292,Andrew Ogletree,TE,IND,vet,veteran,0,andrew ogletree,350.0,328.0,53.0,19.8,,21.4,lightgbm
2024,00-0034830,Hayden Hurst,TE,LAC,vet,veteran,0,hayden hurst,287.6,264.0,39.0,34.7,54.8,11.3,lightgbm
2024,00-0037805,Jeremy Ruckert,TE,NYJ,vet,veteran,0,jeremy ruckert,681.0,926.0,186.0,19.3,33.9,19.5,lightgbm
2024,00-0038115,Daniel Bellinger,TE,NYG,vet,veteran,0,daniel bellinger,292.5,272.0,41.0,48.3,26.0,19.5,lightgbm
2024,00-0036232,Harrison Bryant,TE,LV,vet,veteran,0,harrison bryant,628.0,783.0,158.0,34.5,24.2,13.1,lightgbm
2024,00-0038720,Julian Hill,TE,MIA,vet,veteran,0,julian hill,491.6,501.0,94.0,8.6,19.0,16.0,lightgbm
2024,00-0039144,Luke Musgrave,TE,GB,vet,veteran,0,luke musgrave,153.9,142.0,17.0,59.4,54.7,8.0,lightgbm
2024,00-0036887,Luke Farrell,TE,JAX,vet,veteran,0,luke farrell,559.5,627.0,122.0,15.0,30.1,12.7,lightgbm
2024,00-0037654,Tucker Fisk,TE,LAC,vet,veteran,0,tucker fisk,451.0,434.0,70.0,7.5,14.8,7.4,lightgbm
2024,00-0037252,Greg Dulcich,TE,DEN,vet,veteran,0,greg dulcich,264.5,231.0,33.0,28.2,62.6,5.300000000000001,lightgbm
2024,00-0034798,Durham Smythe,TE,MIA,vet,veteran,0,durham smythe,688.1,945.0,188.0,38.4,40.7,9.8,lightgbm
2024,00-0033895,Gerald Everett,TE,CHI,vet,veteran,0,gerald everett,610.8,739.0,150.0,63.6,49.9,7.6,lightgbm
2024,00-0039074,Davis Allen,TE,LA,vet,veteran,0,davis allen,695.4,967.0,201.0,22.2,25.7,6.9,lightgbm
2024,00-0036640,Zach Davidson,TE,BUF,vet,veteran,0,zach davidson,589.2,688.0,133.0,16.1,,1.0,lightgbm
2024,00-0036741,Jack Stoll,TE,PHI,vet,veteran,0,jack stoll,404.0,373.0,61.0,5.7,20.0,2.0,lightgbm
2024,00-0037306,John FitzPatrick,TE,ATL,vet,veteran,0,john fitzpatrick,609.8,736.0,149.0,8.7,,0.7,lightgbm
2024,00-0024243,Marcedes Lewis,TE,CHI,vet,veteran,0,marcedes lewis,433.5,412.0,66.0,14.1,,0.7,lightgbm
2024,00-0032134,C.J. Uzomah,TE,PHI,vet,veteran,0,cj uzomah,454.5,440.0,72.0,20.2,,0.0,lightgbm
2024,00-0037112,Jake Tonges,TE,SF,vet,veteran,0,jake tonges,547.0,597.0,114.0,0.4,,0.0,lightgbm
2024,00-0038643,Brayden Willis,TE,SF,vet,veteran,0,brayden willis,663.0,881.0,175.0,1.4,,0.0,lightgbm
2024,00-0037031,Nikola Kalinic,TE,LA,vet,veteran,0,nikola kalinic,493.5,507.0,95.0,1.3,,0.0,lightgbm
2024,00-0037755,Jelani Woods,TE,IND,vet,veteran,0,jelani woods,265.5,232.0,34.0,6.5,,0.0,lightgbm
2025,00-0037744,Trey McBride,TE,ARI,vet,veteran,0,trey mcbride,29.5,29.0,2.0,145.2,196.4,252.9,lightgbm
2025,00-0038996,Tucker Kraft,TE,GB,vet,veteran,0,tucker kraft,103.5,104.0,11.0,108.3,123.5,101.2,lightgbm
2025,00-0039338,Brock Bowers,TE,LV,vet,veteran,0,brock bowers,22.6,22.0,1.0,138.7,200.3,144.2,lightgbm
2025,00-0033288,George Kittle,TE,SF,vet,veteran,0,george kittle,37.7,37.0,3.0,155.6,172.5,133.0,lightgbm
2025,00-0036970,Kyle Pitts,TE,ATL,vet,veteran,0,kyle pitts,119.6,118.0,13.0,104.4,111.8,166.8,lightgbm
2025,00-0034351,Dallas Goedert,TE,PHI,vet,veteran,0,dallas goedert,151.2,140.0,16.0,59.5,117.7,155.1,lightgbm
2025,00-0039065,Sam LaPorta,TE,DET,vet,veteran,0,sam laporta,49.0,49.0,4.0,134.5,146.9,86.9,lightgbm
2025,00-0030506,Travis Kelce,TE,KC,vet,veteran,0,travis kelce,63.9,64.0,5.0,97.4,137.9,155.20000000000002,lightgbm
2025,00-0038041,Jake Ferguson,TE,DAL,vet,veteran,0,jake ferguson,143.2,133.0,15.0,34.3,113.5,147.1,lightgbm
2025,00-0031610,Darren Waller,TE,MIA,vet,veteran,0,darren waller,211.6,180.0,23.0,68.5,95.0,76.7,lightgbm
2025,00-0036040,Juwan Johnson,TE,NO,vet,veteran,0,juwan johnson,269.6,271.0,41.0,87.0,93.5,141.4,lightgbm
2025,00-0030061,Zach Ertz,TE,WAS,vet,veteran,0,zach ertz,173.1,153.0,18.0,101.8,98.4,101.4,lightgbm
2025,00-0038933,Dalton Kincaid,TE,BUF,vet,veteran,0,dalton kincaid,123.7,121.0,14.0,75.8,112.5,106.6,lightgbm
2025,00-0038935,Brenton Strange,TE,JAX,vet,veteran,0,brenton strange,199.4,171.0,22.0,64.8,95.0,95.0,lightgbm
2025,00-0034383,Dalton Schultz,TE,HOU,vet,veteran,0,dalton schultz,250.0,220.0,29.0,66.5,76.0,136.70000000000002,lightgbm
2025,00-0033090,Hunter Henry,TE,NE,vet,veteran,0,hunter henry,193.3,165.0,20.0,95.2,104.9,148.8,lightgbm
2025,00-0039847,Theo Johnson,TE,NYG,vet,veteran,0,theo johnson,266.6,263.0,38.0,21.5,90.5,105.3,lightgbm
2025,00-0034753,Mark Andrews,TE,BAL,vet,veteran,0,mark andrews,71.7,71.0,7.0,145.0,138.0,107.0,lightgbm
2025,00-0039793,AJ Barner,TE,SEA,vet,veteran,0,aj barner,622.6,989.0,189.0,59.7,59.6,121.3,lightgbm
2025,00-0036244,Colby Parkinson,TE,LA,vet,veteran,0,colby parkinson,695.0,1724.0,333.0,30.1,21.0,108.3,lightgbm
2025,00-0035229,T.J. Hockenson,TE,MIN,vet,veteran,0,tj hockenson,66.6,66.0,6.0,76.5,139.0,87.3,lightgbm
2025,00-0033885,David Njoku,TE,CLE,vet,veteran,0,david njoku,92.8,92.0,10.0,103.8,125.0,69.8,lightgbm
2025,00-0038129,Cade Otton,TE,TB,vet,veteran,0,cade otton,243.6,208.0,28.0,100.1,93.2,92.7,lightgbm
2025,00-0037809,Chig Okonkwo,TE,TEN,vet,veteran,0,chig okonkwo,185.4,160.0,19.0,50.6,112.6,96.0,lightgbm
2025,00-0036894,Pat Freiermuth,TE,PIT,vet,veteran,0,pat freiermuth,230.0,194.0,25.0,112.6,88.5,93.1,lightgbm
2025,00-0037252,Greg Dulcich,TE,MIA,vet,veteran,0,greg dulcich,683.0,1521.0,293.0,12.9,3.0,49.8,lightgbm
2025,00-0035689,Dawson Knox,TE,BUF,vet,veteran,0,dawson knox,687.1,1591.0,305.0,48.8,46.2,85.7,lightgbm
2025,00-0033110,Tyler Higbee,TE,LA,vet,veteran,0,tyler higbee,269.5,270.0,40.0,37.9,73.0,58.6,lightgbm
2025,00-0034829,Mike Gesicki,TE,CIN,vet,veteran,0,mike gesicki,239.4,205.0,27.0,87.9,99.5,56.7,lightgbm
2025,00-0039066,Michael Mayer,TE,LV,vet,veteran,0,michael mayer,665.1,1298.0,252.0,21.0,51.0,56.3,lightgbm
2025,00-0033881,Evan Engram,TE,DEN,vet,veteran,0,evan engram,79.8,80.0,8.0,87.0,133.1,77.8,lightgbm
2025,00-0037112,Jake Tonges,TE,SF,vet,veteran,0,jake tonges,679.5,1461.0,281.0,1.1,36.0,76.3,lightgbm
2025,00-0035644,Noah Fant,TE,CIN,vet,veteran,0,noah fant,295.0,320.0,56.0,59.9,55.0,57.8,lightgbm
2025,00-0033858,Jonnu Smith,TE,PIT,vet,veteran,0,jonnu smith,157.2,144.0,17.0,122.3,99.3,66.2,lightgbm
2025,00-0038558,Darnell Washington,TE,PIT,vet,veteran,0,darnell washington,643.9,1125.0,213.0,43.4,25.7,57.9,lightgbm
2025,00-0036290,Cole Kmet,TE,CHI,vet,veteran,0,cole kmet,261.4,252.0,36.0,71.9,46.0,63.7,lightgbm
2025,00-0037838,Isaiah Likely,TE,BAL,vet,veteran,0,isaiah likely,198.2,170.0,21.0,84.7,84.5,48.2,lightgbm
2025,00-0035249,Josh Oliver,TE,MIN,vet,veteran,0,josh oliver,688.5,1617.0,312.0,31.2,23.3,47.5,lightgbm
2025,00-0038115,Daniel Bellinger,TE,NYG,vet,veteran,0,daniel bellinger,687.3,1595.0,308.0,23.1,22.9,50.1,lightgbm
2025,00-0039356,Ja'Tavion Sanders,TE,CAR,vet,veteran,0,jatavion sanders,258.5,244.0,33.0,44.5,93.3,39.5,lightgbm
2025,00-0034613,Tanner Hudson,TE,CIN,vet,veteran,0,tanner hudson,500.8,572.0,113.0,45.3,2.8,38.3,lightgbm
2025,00-0037005,Tommy Tremble,TE,CAR,vet,veteran,0,tommy tremble,697.0,1767.0,342.0,32.2,26.0,50.400000000000006,lightgbm
2025,00-0033357,Taysom Hill,TE,NO,vet,veteran,0,taysom hill,277.8,291.0,47.0,99.6,17.0,36.28,lightgbm
2025,00-0036754,Brock Wright,TE,DET,vet,veteran,0,brock wright,683.9,1536.0,295.0,30.7,18.0,29.8,lightgbm
2025,00-0039074,Davis Allen,TE,LA,vet,veteran,0,davis allen,626.3,1013.0,193.0,21.4,3.0,50.8,lightgbm
2025,00-0039041,Elijah Higgins,TE,ARI,vet,veteran,0,elijah higgins,692.0,1672.0,320.0,38.0,29.0,43.1,lightgbm
2025,00-0032392,Austin Hooper,TE,NE,vet,veteran,0,austin hooper,685.4,1560.0,300.0,56.7,43.0,48.8,lightgbm
2025,00-0037805,Jeremy Ruckert,TE,NYJ,vet,veteran,0,jeremy ruckert,699.0,1802.0,348.0,33.9,22.5,35.400000000000006,lightgbm
2025,00-0039144,Luke Musgrave,TE,GB,vet,veteran,0,luke musgrave,670.7,1354.0,263.0,21.4,34.2,37.2,lightgbm
2025,00-0036422,Adam Trautman,TE,DEN,vet,veteran,0,adam trautman,676.0,1413.0,276.0,32.4,23.5,35.5,lightgbm
2025,00-0038046,Charlie Kolar,TE,BAL,vet,veteran,0,charlie kolar,671.3,1364.0,266.0,15.4,6.4,31.2,lightgbm
2025,00-0036637,Noah Gray,TE,KC,vet,veteran,0,noah gray,273.9,281.0,46.0,88.9,65.0,28.3,lightgbm
2025,00-0038720,Julian Hill,TE,MIA,vet,veteran,0,julian hill,695.2,1736.0,337.0,15.1,25.0,23.5,lightgbm
2025,00-0037304,Connor Heyward,TE,PIT,vet,veteran,0,connor heyward,403.0,429.0,87.0,11.7,,25.9,lightgbm
2025,00-0034159,Will Dissly,TE,LAC,vet,veteran,0,will dissly,694.9,1723.0,332.0,42.5,50.5,15.2,lightgbm
2025,00-0037348,Tanner Conner,TE,MIA,vet,veteran,0,tanner conner,460.5,492.0,102.0,10.6,30.0,13.6,lightgbm
2025,00-0036628,John Bates,TE,WAS,vet,veteran,0,john bates,655.7,1213.0,229.0,12.8,17.4,21.8,lightgbm
2025,00-0035631,Drew Sample,TE,CIN,vet,veteran,0,drew sample,640.5,1097.0,207.0,23.4,20.7,24.4,lightgbm
2025,00-0039912,Ben Sinnott,TE,WAS,vet,veteran,0,ben sinnott,290.0,313.0,53.0,22.1,44.4,22.9,lightgbm
2025,00-0033217,Mo Alie-Cox,TE,IND,vet,veteran,0,mo aliecox,559.4,724.0,141.0,30.3,3.0,24.2,lightgbm
2025,00-0034270,Tyler Conklin,TE,LAC,vet,veteran,0,tyler conklin,293.9,318.0,55.0,70.3,49.5,13.8,lightgbm
2025,00-0038589,Josh Whyle,TE,GB,vet,veteran,0,josh whyle,651.3,1186.0,226.0,34.6,4.6,12.1,lightgbm
2025,00-0039359,Cade Stover,TE,HOU,vet,veteran,0,cade stover,675.0,1406.0,275.0,33.5,47.6,13.9,lightgbm
2025,00-0036887,Luke Farrell,TE,SF,vet,veteran,0,luke farrell,697.0,1764.0,341.0,16.4,8.5,24.0,lightgbm
2025,00-0038783,Nate Adkins,TE,DEN,vet,veteran,0,nate adkins,660.8,1256.0,242.0,22.1,,13.8,lightgbm
2025,00-0034365,Ian Thomas,TE,LV,vet,veteran,0,ian thomas,519.5,617.0,123.0,13.4,4.4,17.9,lightgbm
2025,00-0038547,Luke Schoonmaker,TE,DAL,vet,veteran,0,luke schoonmaker,687.4,1598.0,309.0,36.7,27.5,20.200000000000003,lightgbm
2025,00-0039530,Brevyn Spann-Ford,TE,DAL,vet,veteran,0,brevyn spannford,611.5,930.0,182.0,9.5,23.5,19.5,lightgbm
2025,00-0037086,Grant Calcaterra,TE,PHI,vet,veteran,0,grant calcaterra,693.0,1694.0,322.0,35.1,19.0,18.1,lightgbm
2025,00-0036590,Quintin Morris,TE,JAX,vet,veteran,0,quintin morris,603.0,891.0,173.0,10.6,2.9,14.5,lightgbm
2025,00-0037475,Stone Smartt,TE,NYJ,vet,veteran,0,stone smartt,693.3,1699.0,324.0,19.2,4.6,8.7,lightgbm
2025,00-0033246,Johnny Mundt,TE,JAX,vet,veteran,0,johnny mundt,644.5,1129.0,214.0,30.7,22.6,15.6,lightgbm
2025,00-0036741,Jack Stoll,TE,NO,vet,veteran,0,jack stoll,641.9,1110.0,208.0,7.1,4.5,13.6,lightgbm
2025,00-0034981,Foster Moreau,TE,NO,vet,veteran,0,foster moreau,687.3,1594.0,307.0,56.6,29.5,9.4,lightgbm
2025,00-0037539,Lucas Krull,TE,DEN,vet,veteran,0,lucas krull,694.0,1704.0,326.0,13.5,4.8,2.5,lightgbm
2025,00-0039737,Tip Reiman,TE,ARI,vet,veteran,0,tip reiman,256.0,237.0,31.0,20.3,7.4,3.3,lightgbm
2025,00-0039458,Brenden Bates,TE,CLE,vet,veteran,0,brenden bates,698.0,1786.0,347.0,2.6,,6.800000000000001,lightgbm
2025,00-0039648,David Martin-Robinson,TE,TEN,vet,veteran,0,david martinrobinson,381.7,405.0,81.0,5.5,,11.0,lightgbm
2025,00-0037282,James Mitchell,TE,CAR,vet,veteran,0,james mitchell,574.5,768.0,153.0,11.5,5.3,4.300000000000001,lightgbm
2025,00-0037292,Andrew Ogletree,TE,IND,vet,veteran,0,andrew ogletree,681.5,1488.0,286.0,30.9,,10.7,lightgbm
2025,00-0039754,Devin Culp,TE,TB,vet,veteran,0,devin culp,685.0,1555.0,299.0,4.4,17.7,7.1,lightgbm
2025,00-0036534,Shane Zylstra,TE,DET,vet,veteran,0,shane zylstra,550.4,697.0,136.0,2.7,,3.5,lightgbm
2025,00-0033576,Eric Saubert,TE,SEA,vet,veteran,0,eric saubert,678.0,1443.0,279.0,18.4,5.9,7.1,lightgbm
2025,00-0038809,Ben Sims,TE,GB,vet,veteran,0,ben sims,674.8,1398.0,273.0,7.7,,4.5,lightgbm
2025,00-0036876,Kylen Granson,TE,PHI,vet,veteran,0,kylen granson,690.0,1645.0,318.0,16.5,1.4,7.5,lightgbm
2025,00-0039631,Cam Grandy,TE,CIN,vet,veteran,0,cam grandy,287.0,308.0,52.0,6.2,2.9,1.7000000000000002,lightgbm
2025,00-0037654,Tucker Fisk,TE,LAC,vet,veteran,0,tucker fisk,326.0,352.0,65.0,8.5,5.9,2.9000000000000004,lightgbm
2025,00-0034798,Durham Smythe,TE,CHI,vet,veteran,0,durham smythe,668.7,1331.0,261.0,10.7,4.5,4.5,lightgbm
2025,00-0037755,Jelani Woods,TE,NYJ,vet,veteran,0,jelani woods,683.5,1530.0,294.0,6.1,,0.9,lightgbm
2025,00-0039824,Jared Wiley,TE,KC,vet,veteran,0,jared wiley,695.0,1727.0,334.0,18.2,3.0,0.9,lightgbm
2025,00-0039686,Colson Yankoff,TE,WAS,vet,veteran,0,colson yankoff,637.3,1078.0,200.0,-0.3,,2.8,lightgbm
2025,00-0034073,Ross Dwelley,TE,DET,vet,veteran,0,ross dwelley,566.5,746.0,148.0,1.0,,1.7000000000000002,lightgbm
2025,00-0033439,Pharaoh Brown,TE,MIA,vet,veteran,0,pharaoh brown,615.8,954.0,186.0,6.2,7.5,1.1,lightgbm
2025,00-0036232,Harrison Bryant,TE,HOU,vet,veteran,0,harrison bryant,499.0,569.0,112.0,17.7,1.4,1.7,lightgbm
2025,00-0039050,Payne Durham,TE,TB,vet,veteran,0,payne durham,610.0,924.0,180.0,27.8,17.8,1.6,lightgbm
2025,00-0038710,Blake Whiteheart,TE,CLE,vet,veteran,0,blake whiteheart,591.0,836.0,165.0,14.6,3.0,1.4,lightgbm
2025,00-0033757,Robert Tonyan,TE,KC,vet,veteran,0,robert tonyan,669.0,1333.0,262.0,6.4,3.0,0.6,lightgbm
2025,00-0024243,Marcedes Lewis,TE,DEN,vet,veteran,0,marcedes lewis,656.1,1217.0,230.0,13.2,,0.0,lightgbm
2025,00-0037277,Teagan Quitoriano,TE,ATL,vet,veteran,0,teagan quitoriano,666.0,1306.0,257.0,6.1,,0.0,lightgbm
2025,00-0038564,Cameron Latu,TE,PHI,vet,veteran,0,cameron latu,586.8,816.0,160.0,4.3,,0.0,lightgbm
2025,00-0038643,Brayden Willis,TE,SF,vet,veteran,0,brayden willis,594.9,854.0,170.0,0.2,,0.0,lightgbm
2025,00-0036423,Albert Okwuegbunam,TE,LV,vet,veteran,0,albert okwuegbunam,680.4,1476.0,285.0,9.2,6.0,6.1,lightgbm
2025,00-0038394,Will Mallory,TE,IND,vet,veteran,0,will mallory,664.5,1290.0,249.0,13.6,2.9,2.1,lightgbm
2025,00-0038498,E.J. Jenkins,TE,PHI,vet,veteran,0,ej jenkins,356.3,378.0,74.0,2.5,,0.0,lightgbm
2025,00-0038735,Princeton Fant,TE,DAL,vet,veteran,0,princeton fant,401.0,427.0,86.0,2.4,,0.0,lightgbm
2021,00-0036970,Kyle Pitts,TE,ATL,rook,rookie,1,kyle pitts,42.0,43.0,4.0,60.3,177.2,142.6,lightgbm
2021,00-0036894,Pat Freiermuth,TE,PIT,rook,rookie,1,pat freiermuth,209.3,181.0,24.0,47.7,96.5,121.7,lightgbm
2021,00-0035356,Tyree Jackson,TE,PHI,rook,rookie,1,tyree jackson,382.0,297.0,51.0,8.9,23.2,9.7,lightgbm
2021,00-0035771,Mitchell Wilcox,TE,CIN,rook,rookie,1,mitchell wilcox,486.8,356.0,67.0,11.5,25.3,3.1,lightgbm
2021,00-0036692,Miller Forristall,TE,TEN,rook,rookie,1,miller forristall,310.0,252.0,40.0,3.5,8.3,0.0,lightgbm
2022,00-0037838,Isaiah Likely,TE,BAL,rook,rookie,1,isaiah likely,225.7,195.0,26.0,43.2,81.2,73.3,lightgbm
2022,00-0036059,Tyler Mabry,TE,SEA,rook,rookie,1,tyler mabry,611.0,500.0,93.0,6.6,,7.2,lightgbm
2022,00-0037304,Connor Heyward,TE,PIT,rook,rookie,1,connor heyward,326.4,274.0,38.0,2.5,12.1,29.8,lightgbm
2022,00-0037168,Armani Rogers,TE,WAS,rook,rookie,1,armani rogers,583.9,479.0,85.0,8.0,22.1,11.500000000000002,lightgbm
2022,00-0037086,Grant Calcaterra,TE,PHI,rook,rookie,1,grant calcaterra,545.0,454.0,77.0,6.0,19.1,10.6,lightgbm
2023,00-0039065,Sam LaPorta,TE,DET,rook,rookie,1,sam laporta,155.1,139.0,16.0,66.3,120.3,196.3,lightgbm
2023,00-0038933,Dalton Kincaid,TE,BUF,rook,rookie,1,dalton kincaid,114.7,111.0,11.0,60.3,104.6,113.8,lightgbm
2023,00-0039144,Luke Musgrave,TE,GB,rook,rookie,1,luke musgrave,182.1,158.0,19.0,69.0,101.5,58.2,lightgbm
2023,00-0039066,Michael Mayer,TE,LV,rook,rookie,1,michael mayer,197.6,170.0,21.0,55.7,94.8,57.900000000000006,lightgbm
2023,00-0037539,Lucas Krull,TE,DEN,rook,rookie,1,lucas krull,571.8,519.0,104.0,-0.1,9.2,19.5,lightgbm
2023,00-0039074,Davis Allen,TE,LA,rook,rookie,1,davis allen,688.4,606.0,120.0,24.5,6.1,20.5,lightgbm
2023,00-0039050,Payne Durham,TE,TB,rook,rookie,1,payne durham,503.5,462.0,91.0,22.9,9.2,8.3,lightgbm
2023,00-0038720,Julian Hill,TE,MIA,rook,rookie,1,julian hill,410.5,372.0,76.0,4.8,9.3,5.8,lightgbm
2024,00-0039338,Brock Bowers,TE,LV,rook,rookie,1,brock bowers,83.2,83.0,9.0,83.4,159.1,206.7,lightgbm
2024,00-0039847,Theo Johnson,TE,NYG,rook,rookie,1,theo johnson,258.1,225.0,30.0,15.8,68.1,53.6,lightgbm
2024,00-0039356,Ja'Tavion Sanders,TE,CAR,rook,rookie,1,jatavion sanders,232.4,202.0,26.0,32.7,69.5,56.7,lightgbm
2024,00-0039814,Erick All,TE,CIN,rook,rookie,1,erick all,679.2,923.0,185.0,57.5,67.2,25.8,lightgbm
2024,00-0039359,Cade Stover,TE,HOU,rook,rookie,1,cade stover,606.9,729.0,147.0,32.3,29.4,26.8,lightgbm
2024,00-0038710,Blake Whiteheart,TE,CLE,rook,rookie,1,blake whiteheart,473.0,472.0,86.0,3.6,22.7,14.1,lightgbm
2024,00-0038498,E.J. Jenkins,TE,PHI,rook,rookie,1,ej jenkins,314.0,295.0,46.0,7.7,,7.2,lightgbm
2024,00-0039912,Ben Sinnott,TE,WAS,rook,rookie,1,ben sinnott,177.8,158.0,19.0,64.7,66.5,11.3,lightgbm
2024,00-0039613,Dallin Holker,TE,NO,rook,rookie,1,dallin holker,559.7,628.0,123.0,10.0,26.0,3.6,lightgbm
2024,00-0039420,Jaheim Bell,TE,NE,rook,rookie,1,jaheim bell,685.3,936.0,187.0,28.8,48.8,3.0000000000000004,lightgbm
2024,00-0039824,Jared Wiley,TE,KC,rook,rookie,1,jared wiley,599.5,717.0,142.0,24.8,24.8,1.2000000000000002,lightgbm
2024,00-0039686,Colson Yankoff,TE,WAS,rook,rookie,1,colson yankoff,611.5,742.0,152.0,2.1,,0.0,lightgbm
2025,00-0040663,Harold Fannin Jr.,TE,CLE,rook,rookie,1,harold fannin,268.3,268.0,39.0,53.9,68.0,150.4,lightgbm
2025,00-0040128,Tyler Warren,TE,IND,rook,rookie,1,tyler warren,87.8,87.0,9.0,79.6,121.6,150.5,lightgbm
2025,00-0040126,Colston Loveland,TE,CHI,rook,rookie,1,colston loveland,108.5,107.0,12.0,78.3,116.8,136.1,lightgbm
2025,00-0040189,Oronde Gadsden II,TE,LAC,rook,rookie,1,oronde gadsden,285.6,304.0,50.0,49.0,48.0,106.9,lightgbm
2025,00-0040736,Mason Taylor,TE,NYJ,rook,rookie,1,mason taylor,213.2,182.0,24.0,55.5,99.5,66.9,lightgbm
2025,00-0040584,Gunnar Helm,TE,TEN,rook,rookie,1,gunnar helm,696.2,1755.0,339.0,16.0,35.0,69.7,lightgbm
2025,00-0040737,Terrance Ferguson,TE,LA,rook,rookie,1,terrance ferguson,257.6,242.0,32.0,57.4,45.6,46.6,lightgbm
2025,00-0040194,Jackson Hawes,TE,BUF,rook,rookie,1,jackson hawes,653.7,1206.0,228.0,12.7,6.2,44.7,lightgbm
2025,00-0040187,Mitchell Evans,TE,CAR,rook,rookie,1,mitchell evans,698.0,1784.0,346.0,20.8,9.0,38.7,lightgbm
2025,00-0040739,Elijah Arroyo,TE,SEA,rook,rookie,1,elijah arroyo,231.9,195.0,26.0,48.3,88.0,29.4,lightgbm
2025,00-0037340,Zaire Mitchell-Paden,TE,BAL,rook,rookie,1,zaire mitchellpaden,594.7,852.0,168.0,3.6,3.0,2.7,lightgbm
2025,00-0040244,Moliki Matavao,TE,NO,rook,rookie,1,moliki matavao,301.7,329.0,57.0,21.7,,2.0,lightgbm
2025,00-0040509,Ben Yurosek,TE,MIN,rook,rookie,1,ben yurosek,305.0,334.0,59.0,3.9,,2.4,lightgbm
2025,00-0040488,Carter Runyon,TE,LV,rook,rookie,1,carter runyon,425.0,456.0,94.0,2.6,,0.8,lightgbm
2025,00-0039305,Jack Westover,TE,NE,rook,rookie,1,jack westover,694.0,1714.0,329.0,4.2,,0.5,lightgbm
2025,00-0038456,Travis Vokolek,TE,ARI,rook,rookie,1,travis vokolek,456.0,488.0,100.0,4.9,,0.0,lightgbm
2025,00-0039489,Hayden Rucci,TE,MIA,rook,rookie,1,hayden rucci,273.0,279.0,45.0,5.4,,0.0,lightgbm
2025,00-0040058,Nick Kallerup,TE,SEA,rook,rookie,1,nick kallerup,585.3,810.0,158.0,1.3,,0.0,lightgbm
2025,00-0040225,Thomas Fidone II,TE,NYG,rook,rookie,1,thomas fidone,683.0,1520.0,292.0,11.4,,0.0,lightgbm
2025,00-0040628,Drake Dabney,TE,TEN,rook,rookie,1,drake dabney,517.0,611.0,120.0,6.1,,0.8,lightgbm
2021,00-0036355,Justin Herbert,QB,LAC,vet,veteran,0,justin herbert,63.2,64.0,8.0,304.3,349.68,380.76,lightgbm
2021,00-0034857,Josh Allen,QB,BUF,vet,veteran,0,josh allen,34.1,35.0,2.0,257.5,404.22,402.58,lightgbm
2021,00-0035228,Kyler Murray,QB,ARI,vet,veteran,0,kyler murray,38.1,39.0,3.0,282.5,347.22,300.48,lightgbm
2021,00-0034796,Lamar Jackson,QB,BAL,vet,veteran,0,lamar jackson,46.6,47.0,4.0,321.8,363.34,239.98,lightgbm
2021,00-0019596,Tom Brady,QB,TB,vet,veteran,0,tom brady,78.8,78.0,9.0,294.5,332.9,374.74,lightgbm
2021,00-0023459,Aaron Rodgers,QB,GB,vet,veteran,0,aaron rodgers,62.0,62.0,7.0,283.0,349.1,332.8,lightgbm
2021,00-0036389,Jalen Hurts,QB,PHI,vet,veteran,0,jalen hurts,105.2,104.0,12.0,52.4,382.78,312.16,lightgbm
2021,00-0033077,Dak Prescott,QB,DAL,vet,veteran,0,dak prescott,58.0,58.0,6.0,166.9,348.32,320.56,lightgbm
2021,00-0029604,Kirk Cousins,QB,MIN,vet,veteran,0,kirk cousins,161.9,147.0,19.0,260.9,316.92,300.34000000000003,lightgbm
2021,00-0033873,Patrick Mahomes,QB,KC,vet,veteran,0,patrick mahomes,19.4,19.0,1.0,273.6,395.08,361.66,lightgbm
2021,00-0029263,Russell Wilson,QB,SEA,vet,veteran,0,russell wilson,55.7,56.0,5.0,292.1,334.9,242.82,lightgbm
2021,00-0031503,Jameis Winston,QB,NO,vet,veteran,0,jameis winston,178.8,156.0,20.0,55.2,248.78,117.4,lightgbm
2021,00-0036442,Joe Burrow,QB,CIN,vet,veteran,0,joe burrow,125.9,122.0,14.0,277.9,334.36,314.24,lightgbm
2021,00-0026498,Matthew Stafford,QB,LA,vet,veteran,0,matthew stafford,87.8,88.0,10.0,214.9,350.5,329.74,lightgbm
2021,00-0035710,Daniel Jones,QB,NYG,vet,veteran,0,daniel jones,233.3,198.0,29.0,133.7,307.1,167.02,lightgbm
2021,00-0032950,Carson Wentz,QB,IND,vet,veteran,0,carson wentz,231.8,197.0,28.0,115.8,245.04,258.02000000000004,lightgbm
2021,00-0029701,Ryan Tannehill,QB,TEN,vet,veteran,0,ryan tannehill,102.7,102.0,11.0,236.4,331.86,268.36,lightgbm
2021,00-0031280,Derek Carr,QB,LV,vet,veteran,0,derek carr,228.6,195.0,27.0,261.7,311.58,256.96000000000004,lightgbm
2021,00-0036212,Tua Tagovailoa,QB,MIA,vet,veteran,0,tua tagovailoa,183.4,161.0,22.0,168.8,248.48,180.92,lightgbm
2021,00-0030565,Geno Smith,QB,SEA,vet,veteran,0,geno smith,684.0,473.0,90.0,14.7,96.14,54.28,lightgbm
2021,00-0026143,Matt Ryan,QB,ATL,vet,veteran,0,matt ryan,157.5,143.0,18.0,272.7,283.04,222.92,lightgbm
2021,00-0034869,Sam Darnold,QB,CAR,vet,veteran,0,sam darnold,238.6,203.0,30.0,100.9,136.94,157.28,lightgbm
2021,00-0034855,Baker Mayfield,QB,CLE,vet,veteran,0,baker mayfield,145.9,133.0,17.0,212.7,294.52,180.9,lightgbm
2021,00-0022924,Ben Roethlisberger,QB,PIT,vet,veteran,0,ben roethlisberger,207.7,180.0,26.0,231.9,230.28,218.1,lightgbm
2021,00-0035993,Tyler Huntley,QB,BAL,vet,veteran,0,tyler huntley,391.7,303.0,55.0,16.6,31.44,82.64000000000001,lightgbm
2021,00-0034401,Mike White,QB,NYJ,vet,veteran,0,mike white,257.0,221.0,34.0,9.3,64.68,44.02,lightgbm
2021,00-0027939,Cam Newton,QB,NE,vet,veteran,0,cam newton,659.3,453.0,88.0,169.9,189.74,86.36,lightgbm
2021,00-0035289,Gardner Minshew,QB,PHI,vet,veteran,0,gardner minshew,654.3,450.0,87.0,124.1,103.94,33.660000000000004,lightgbm
2021,00-0030520,Mike Glennon,QB,NYG,vet,veteran,0,mike glennon,682.2,471.0,89.0,24.6,44.32,30.9,lightgbm
2021,00-0028986,Case Keenum,QB,CLE,vet,veteran,0,case keenum,414.8,318.0,57.0,9.0,10.0,28.68,lightgbm
2021,00-0036197,Jake Fromm,QB,BUF,vet,veteran,0,jake fromm,471.7,350.0,67.0,4.3,40.22,10.900000000000002,lightgbm
2021,00-0026197,Chad Henne,QB,KC,vet,veteran,0,chad henne,548.9,389.0,77.0,17.6,,3.28,lightgbm
2021,00-0034343,Josh Rosen,QB,ATL,vet,veteran,0,josh rosen,415.0,319.0,58.0,24.7,,-3.24,lightgbm
2021,00-0022942,Philip Rivers,QB,,vet,veteran,0,philip rivers,358.7,285.0,50.0,217.6,,0.0,lightgbm
2021,00-0023682,Ryan Fitzpatrick,QB,WAS,vet,veteran,0,ryan fitzpatrick,191.7,168.0,25.0,115.2,-5.28,0.72,lightgbm
2021,00-0026158,Joe Flacco,QB,PHI,vet,veteran,0,joe flacco,462.7,345.0,65.0,44.4,34.72,23.82,lightgbm
2021,00-0029567,Nick Foles,QB,CHI,vet,veteran,0,nick foles,439.6,334.0,60.0,47.1,8.16,16.8,lightgbm
2021,00-0031288,AJ McCarron,QB,ATL,vet,veteran,0,aj mccarron,346.0,276.0,49.0,10.9,,0.0,lightgbm
2021,00-0032245,Sean Mannion,QB,MIN,vet,veteran,0,sean mannion,370.6,292.0,53.0,2.8,9.72,12.96,lightgbm
2021,00-0032792,Nate Sudfeld,QB,SF,vet,veteran,0,nate sudfeld,326.7,261.0,45.0,18.0,,0.0,lightgbm
2021,00-0033319,Nick Mullens,QB,CLE,vet,veteran,0,nick mullens,535.0,380.0,75.0,18.4,27.5,9.88,lightgbm
2021,00-0033537,Deshaun Watson,QB,HOU,vet,veteran,0,deshaun watson,183.8,162.0,23.0,228.3,38.2,0.0,lightgbm
2021,00-0033936,C.J. Beathard,QB,JAX,vet,veteran,0,cj beathard,542.0,384.0,76.0,61.5,12.26,1.52,lightgbm
2021,00-0033949,Joshua Dobbs,QB,PIT,vet,veteran,0,joshua dobbs,634.0,435.0,86.0,4.8,,0.0,lightgbm
2021,00-0033958,Nathan Peterman,QB,LV,vet,veteran,0,nathan peterman,415.7,320.0,59.0,3.2,,0.2,lightgbm
2021,00-0034955,Brett Rypien,QB,DEN,vet,veteran,0,brett rypien,305.0,249.0,42.0,12.4,,0.0,lightgbm
2021,00-0035040,David Blough,QB,DET,vet,veteran,0,david blough,699.0,483.0,93.0,6.1,,0.6000000000000001,lightgbm
2021,00-0035146,Trace McSorley,QB,BAL,vet,veteran,0,trace mcsorley,507.0,365.0,70.0,6.6,,0.0,lightgbm
2021,00-0035282,Easton Stick,QB,LAC,vet,veteran,0,easton stick,469.0,349.0,66.0,14.3,,0.0,lightgbm
2021,00-0035752,Chris Streveler,QB,ARI,vet,veteran,0,chris streveler,578.0,401.0,81.0,4.1,,2.04,lightgbm
2022,00-0034857,Josh Allen,QB,BUF,vet,veteran,0,josh allen,22.1,22.0,1.0,244.6,385.7,395.52,lightgbm
2022,00-0036389,Jalen Hurts,QB,PHI,vet,veteran,0,jalen hurts,62.3,62.0,6.0,216.4,373.96,378.04,lightgbm
2022,00-0033873,Patrick Mahomes,QB,KC,vet,veteran,0,patrick mahomes,32.4,32.0,2.0,314.0,367.2,416.9,lightgbm
2022,00-0036945,Justin Fields,QB,CHI,vet,veteran,0,justin fields,162.5,145.0,17.0,107.6,373.44,295.98,lightgbm
2022,00-0034796,Lamar Jackson,QB,BAL,vet,veteran,0,lamar jackson,45.3,45.0,4.0,275.2,378.82,236.08,lightgbm
2022,00-0036442,Joe Burrow,QB,CIN,vet,veteran,0,joe burrow,62.8,63.0,7.0,264.9,329.84,350.7,lightgbm
2022,00-0035228,Kyler Murray,QB,ARI,vet,veteran,0,kyler murray,55.8,56.0,5.0,288.8,347.74,200.52,lightgbm
2022,00-0036212,Tua Tagovailoa,QB,MIA,vet,veteran,0,tua tagovailoa,155.3,142.0,16.0,125.9,284.76,230.92,lightgbm
2022,00-0033106,Jared Goff,QB,DET,vet,veteran,0,jared goff,694.6,557.0,134.0,146.6,279.56,283.82,lightgbm
2022,00-0029604,Kirk Cousins,QB,MIN,vet,veteran,0,kirk cousins,131.3,127.0,15.0,248.0,286.76,291.58,lightgbm
2022,00-0035710,Daniel Jones,QB,NYG,vet,veteran,0,daniel jones,228.1,197.0,26.0,201.7,280.14,289.0,lightgbm
2022,00-0036355,Justin Herbert,QB,LAC,vet,veteran,0,justin herbert,34.5,34.0,3.0,293.8,336.54,280.26,lightgbm
2022,00-0036971,Trevor Lawrence,QB,JAX,vet,veteran,0,trevor lawrence,171.9,154.0,18.0,204.8,290.04,295.62,lightgbm
2022,00-0019596,Tom Brady,QB,TB,vet,veteran,0,tom brady,82.8,82.0,9.0,275.5,295.44,271.66,lightgbm
2022,00-0029263,Russell Wilson,QB,DEN,vet,veteran,0,russell wilson,73.2,73.0,8.0,170.1,254.84,225.26,lightgbm
2022,00-0031503,Jameis Winston,QB,NO,vet,veteran,0,jameis winston,183.6,161.0,20.0,65.6,272.2,43.92,lightgbm
2022,00-0031280,Derek Carr,QB,LV,vet,veteran,0,derek carr,125.4,122.0,14.0,223.1,277.92,219.08,lightgbm
2022,00-0033537,Deshaun Watson,QB,CLE,vet,veteran,0,deshaun watson,187.3,164.0,21.0,189.6,141.96,85.58,lightgbm
2022,00-0033077,Dak Prescott,QB,DAL,vet,veteran,0,dak prescott,96.4,96.0,10.0,312.2,298.4,198.6,lightgbm
2022,00-0023459,Aaron Rodgers,QB,GB,vet,veteran,0,aaron rodgers,97.8,98.0,11.0,309.3,253.94,239.2,lightgbm
2022,00-0029701,Ryan Tannehill,QB,TEN,vet,veteran,0,ryan tannehill,222.9,193.0,24.0,216.6,232.72,161.24,lightgbm
2022,00-0026143,Matt Ryan,QB,IND,vet,veteran,0,matt ryan,181.1,160.0,19.0,187.7,247.02,155.28,lightgbm
2022,00-0036972,Mac Jones,QB,NE,vet,veteran,0,mac jones,206.8,180.0,22.0,219.4,245.84,170.08,lightgbm
2022,00-0026498,Matthew Stafford,QB,LA,vet,veteran,0,matthew stafford,109.7,108.0,13.0,280.2,267.68,108.38,lightgbm
2022,00-0037013,Zach Wilson,QB,NYJ,vet,veteran,0,zach wilson,667.4,535.0,129.0,75.7,248.16,98.42,lightgbm
2022,00-0034855,Baker Mayfield,QB,CAR,vet,veteran,0,baker mayfield,207.8,181.0,23.0,66.1,140.3,121.42,lightgbm
2022,00-0026158,Joe Flacco,QB,NYJ,vet,veteran,0,joe flacco,634.9,514.0,125.0,53.0,12.62,48.34,lightgbm
2022,00-0033958,Nathan Peterman,QB,CHI,vet,veteran,0,nathan peterman,454.3,383.0,99.0,20.1,9.36,8.26,lightgbm
2022,00-0026544,Chase Daniel,QB,LAC,vet,veteran,0,chase daniel,439.2,371.0,95.0,14.7,20.72,8.48,lightgbm
2022,00-0035146,Trace McSorley,QB,ARI,vet,veteran,0,trace mcsorley,426.2,359.0,89.0,1.5,37.6,8.58,lightgbm
2022,00-0029567,Nick Foles,QB,IND,vet,veteran,0,nick foles,404.1,341.0,83.0,76.6,53.56,1.7999999999999998,lightgbm
2022,00-0026300,Josh Johnson,QB,DEN,vet,veteran,0,josh johnson,522.1,440.0,114.0,21.5,13.62,0.7000000000000001,lightgbm
2022,00-0026197,Chad Henne,QB,KC,vet,veteran,0,chad henne,528.9,444.0,116.0,22.8,21.0,-0.5,lightgbm
2022,00-0033936,C.J. Beathard,QB,JAX,vet,veteran,0,cj beathard,335.7,282.0,62.0,29.9,13.16,-1.0000000000000002,lightgbm
2022,00-0022942,Philip Rivers,QB,,vet,veteran,0,philip rivers,362.6,305.0,74.0,50.8,,0.0,lightgbm
2022,00-0030533,Matt Barkley,QB,BUF,vet,veteran,0,matt barkley,470.0,398.0,104.0,5.8,,0.0,lightgbm
2022,00-0031288,AJ McCarron,QB,,vet,veteran,0,aj mccarron,305.7,257.0,52.0,8.8,,0.0,lightgbm
2022,00-0032156,Trevor Siemian,QB,CHI,vet,veteran,0,trevor siemian,658.0,529.0,127.0,31.4,20.7,10.16,lightgbm
2022,00-0033949,Joshua Dobbs,QB,CLE,vet,veteran,0,joshua dobbs,440.0,372.0,96.0,13.5,12.4,20.84,lightgbm
2022,00-0034177,Tim Boyle,QB,DET,vet,veteran,0,tim boyle,498.0,423.0,109.0,10.2,,-2.88,lightgbm
2022,00-0035040,David Blough,QB,MIN,vet,veteran,0,david blough,275.6,232.0,42.0,3.3,3.84,18.58,lightgbm
2022,00-0035282,Easton Stick,QB,LAC,vet,veteran,0,easton stick,350.0,295.0,70.0,1.6,,0.0,lightgbm
2022,00-0035752,Chris Streveler,QB,NYJ,vet,veteran,0,chris streveler,487.8,413.0,106.0,10.3,,9.0,lightgbm
2022,00-0036226,Jacob Eason,QB,CAR,vet,veteran,0,jacob eason,430.4,363.0,90.0,10.2,20.8,0.3599999999999999,lightgbm
2022,00-0037012,Trey Lance,QB,SF,vet,veteran,0,trey lance,104.1,103.0,12.0,76.6,,12.46,lightgbm
2022,00-0037175,Anthony Brown,QB,BAL,vet,veteran,0,anthony brown,685.9,550.0,132.0,5.6,4.74,5.579999999999999,lightgbm
2023,00-0034857,Josh Allen,QB,BUF,vet,veteran,0,josh allen,20.5,20.0,2.0,330.4,373.62,392.64,lightgbm
2023,00-0036389,Jalen Hurts,QB,PHI,vet,veteran,0,jalen hurts,23.2,23.0,3.0,275.7,376.4,356.82,lightgbm
2023,00-0033077,Dak Prescott,QB,DAL,vet,veteran,0,dak prescott,92.0,91.0,10.0,168.0,307.12,342.84000000000003,lightgbm
2023,00-0029604,Kirk Cousins,QB,MIN,vet,veteran,0,kirk cousins,115.4,112.0,14.0,238.9,290.5,149.74,lightgbm
2023,00-0034796,Lamar Jackson,QB,BAL,vet,veteran,0,lamar jackson,34.2,33.0,4.0,264.2,356.7,331.22,lightgbm
2023,00-0035228,Kyler Murray,QB,ARI,vet,veteran,0,kyler murray,196.1,169.0,24.0,204.3,244.46,146.36,lightgbm
2023,00-0036355,Justin Herbert,QB,LAC,vet,veteran,0,justin herbert,44.3,44.0,6.0,284.7,317.26,233.66,lightgbm
2023,00-0036945,Justin Fields,QB,CHI,vet,veteran,0,justin fields,46.0,46.0,7.0,229.7,310.54,230.18,lightgbm
2023,00-0029263,Russell Wilson,QB,DEN,vet,veteran,0,russell wilson,170.9,150.0,19.0,171.0,280.3,256.90000000000003,lightgbm
2023,00-0026158,Joe Flacco,QB,CLE,vet,veteran,0,joe flacco,667.1,592.0,102.0,23.3,82.02,100.84,lightgbm
2023,00-0036264,Jordan Love,QB,GB,vet,veteran,0,jordan love,188.7,163.0,22.0,26.2,265.46,319.06,lightgbm
2023,00-0036971,Trevor Lawrence,QB,JAX,vet,veteran,0,trevor lawrence,57.4,57.0,8.0,254.6,307.66,262.54,lightgbm
2023,00-0037834,Brock Purdy,QB,SF,vet,veteran,0,brock purdy,161.3,143.0,18.0,29.4,272.12,295.6,lightgbm
2023,00-0033949,Joshua Dobbs,QB,ARI,vet,veteran,0,joshua dobbs,516.7,474.0,72.0,43.6,143.7,200.66,lightgbm
2023,00-0026498,Matthew Stafford,QB,LA,vet,veteran,0,matthew stafford,217.6,186.0,25.0,52.2,274.88,243.1,lightgbm
2023,00-0037077,Sam Howell,QB,WAS,vet,veteran,0,sam howell,228.7,196.0,27.0,66.5,250.74,257.04,lightgbm
2023,00-0030565,Geno Smith,QB,SEA,vet,veteran,0,geno smith,133.4,127.0,15.0,265.2,279.98,226.76,lightgbm
2023,00-0036212,Tua Tagovailoa,QB,MIA,vet,veteran,0,tua tagovailoa,95.4,94.0,11.0,251.0,311.22,270.36,lightgbm
2023,00-0036442,Joe Burrow,QB,CIN,vet,veteran,0,joe burrow,37.7,36.0,5.0,247.4,334.72,147.16,lightgbm
2023,00-0033537,Deshaun Watson,QB,CLE,vet,veteran,0,deshaun watson,86.8,86.0,9.0,102.9,304.86,86.8,lightgbm
2023,00-0033106,Jared Goff,QB,DET,vet,veteran,0,jared goff,153.0,137.0,17.0,227.9,266.58,289.1,lightgbm
2023,00-0034855,Baker Mayfield,QB,TB,vet,veteran,0,baker mayfield,255.1,234.0,33.0,71.6,240.22,274.06,lightgbm
2023,00-0031280,Derek Carr,QB,NO,vet,veteran,0,derek carr,195.0,168.0,23.0,197.1,249.08,241.12,lightgbm
2023,00-0033873,Patrick Mahomes,QB,KC,vet,veteran,0,patrick mahomes,14.6,13.0,1.0,316.7,375.26,280.22,lightgbm
2023,00-0035282,Easton Stick,QB,LAC,vet,veteran,0,easton stick,598.3,543.0,82.0,2.3,59.46,67.56,lightgbm
2023,00-0038122,Desmond Ridder,QB,ATL,vet,veteran,0,desmond ridder,256.9,236.0,34.0,62.1,228.16,176.64,lightgbm
2023,00-0036972,Mac Jones,QB,NE,vet,veteran,0,mac jones,260.4,242.0,35.0,148.7,239.58,106.4,lightgbm
2023,00-0035710,Daniel Jones,QB,NYG,vet,veteran,0,daniel jones,142.9,131.0,16.0,281.7,289.14,56.96000000000001,lightgbm
2023,00-0038102,Kenny Pickett,QB,PIT,vet,veteran,0,kenny pickett,184.0,159.0,21.0,85.1,250.98,110.2,lightgbm
2023,00-0031345,Jimmy Garoppolo,QB,LV,vet,veteran,0,jimmy garoppolo,230.3,198.0,28.0,120.2,223.4,64.1,lightgbm
2023,00-0029701,Ryan Tannehill,QB,TEN,vet,veteran,0,ryan tannehill,252.0,228.0,31.0,138.8,234.54,80.03999999999999,lightgbm
2023,00-0034771,Mason Rudolph,QB,PIT,vet,veteran,0,mason rudolph,463.8,421.0,66.0,12.5,10.66,39.56,lightgbm
2023,00-0034177,Tim Boyle,QB,NYJ,vet,veteran,0,tim boyle,697.4,613.0,105.0,21.2,66.9,10.9,lightgbm
2023,00-0023459,Aaron Rodgers,QB,NYJ,vet,veteran,0,aaron rodgers,103.3,102.0,12.0,200.4,,0.0,lightgbm
2023,00-0028986,Case Keenum,QB,HOU,vet,veteran,0,case keenum,526.9,484.0,73.0,17.5,10.06,9.74,lightgbm
2023,00-0030533,Matt Barkley,QB,BUF,vet,veteran,0,matt barkley,563.7,513.0,76.0,15.9,,-0.3,lightgbm
2023,00-0032434,Brandon Allen,QB,SF,vet,veteran,0,brandon allen,358.0,330.0,52.0,24.1,,0.0,lightgbm
2023,00-0034438,Logan Woodside,QB,ATL,vet,veteran,0,logan woodside,264.0,249.0,38.0,8.9,,-0.3199999999999998,lightgbm
2023,00-0034955,Brett Rypien,QB,LA,vet,veteran,0,brett rypien,439.3,397.0,63.0,14.7,12.28,4.78,lightgbm
2023,00-0037012,Trey Lance,QB,DAL,vet,veteran,0,trey lance,262.6,246.0,36.0,59.2,20.74,0.0,lightgbm
2024,00-0034796,Lamar Jackson,QB,BAL,vet,veteran,0,lamar jackson,36.3,36.0,4.0,287.6,350.14,430.38000000000005,lightgbm
2024,00-0036442,Joe Burrow,QB,CIN,vet,veteran,0,joe burrow,62.3,62.0,7.0,185.1,312.44,372.82,lightgbm
2024,00-0034855,Baker Mayfield,QB,TB,vet,veteran,0,baker mayfield,178.6,159.0,21.0,216.3,287.08,365.8,lightgbm
2024,00-0034857,Josh Allen,QB,BUF,vet,veteran,0,josh allen,20.2,20.0,1.0,313.8,359.4,379.04,lightgbm
2024,00-0033106,Jared Goff,QB,DET,vet,veteran,0,jared goff,113.8,113.0,15.0,263.6,280.98,323.96000000000004,lightgbm
2024,00-0037834,Brock Purdy,QB,SF,vet,veteran,0,brock purdy,97.5,97.0,11.0,245.4,307.16,266.86,lightgbm
2024,00-0035228,Kyler Murray,QB,ARI,vet,veteran,0,kyler murray,69.9,70.0,8.0,181.6,316.52,297.24,lightgbm
2024,00-0034869,Sam Darnold,QB,MIN,vet,veteran,0,sam darnold,254.3,221.0,33.0,55.7,274.98,307.96,lightgbm
2024,00-0036389,Jalen Hurts,QB,PHI,vet,veteran,0,jalen hurts,31.3,31.0,2.0,299.4,346.46,315.12,lightgbm
2024,00-0036212,Tua Tagovailoa,QB,MIA,vet,veteran,0,tua tagovailoa,106.1,106.0,13.0,258.5,279.66,181.58,lightgbm
2024,00-0036355,Justin Herbert,QB,LAC,vet,veteran,0,justin herbert,123.0,123.0,16.0,251.3,272.66,285.40000000000003,lightgbm
2024,00-0030565,Geno Smith,QB,SEA,vet,veteran,0,geno smith,206.4,182.0,24.0,210.8,298.1,266.0,lightgbm
2024,00-0023459,Aaron Rodgers,QB,NYJ,vet,veteran,0,aaron rodgers,150.4,138.0,18.0,81.7,270.48,256.58,lightgbm
2024,00-0031280,Derek Carr,QB,NO,vet,veteran,0,derek carr,244.4,214.0,31.0,217.6,231.8,150.9,lightgbm
2024,00-0033873,Patrick Mahomes,QB,KC,vet,veteran,0,patrick mahomes,32.8,32.0,3.0,292.5,326.2,282.52,lightgbm
2024,00-0039164,Anthony Richardson,QB,IND,vet,veteran,0,anthony richardson,53.7,53.0,6.0,154.8,276.3,162.86,lightgbm
2024,00-0036264,Jordan Love,QB,GB,vet,veteran,0,jordan love,82.5,82.0,10.0,244.4,306.0,233.86,lightgbm
2024,00-0033077,Dak Prescott,QB,DAL,vet,veteran,0,dak prescott,76.6,77.0,9.0,268.2,298.32,116.52,lightgbm
2024,00-0036971,Trevor Lawrence,QB,JAX,vet,veteran,0,trevor lawrence,127.0,127.0,17.0,254.5,279.36,145.2,lightgbm
2024,00-0029263,Russell Wilson,QB,PIT,vet,veteran,0,russell wilson,246.8,216.0,32.0,189.4,184.14,172.78,lightgbm
2024,00-0039150,Bryce Young,QB,CAR,vet,veteran,0,bryce young,228.5,198.0,28.0,197.4,174.04,195.02,lightgbm
2024,00-0035710,Daniel Jones,QB,NYG,vet,veteran,0,daniel jones,240.9,210.0,30.0,58.4,222.44,135.3,lightgbm
2024,00-0029604,Kirk Cousins,QB,ATL,vet,veteran,0,kirk cousins,152.8,140.0,19.0,137.5,261.1,176.32,lightgbm
2024,00-0026158,Joe Flacco,QB,IND,vet,veteran,0,joe flacco,700.8,979.0,160.0,72.0,60.42,99.04,lightgbm
2024,00-0034771,Mason Rudolph,QB,TEN,vet,veteran,0,mason rudolph,512.3,540.0,87.0,25.8,12.56,95.8,lightgbm
2024,00-0026498,Matthew Stafford,QB,LA,vet,veteran,0,matthew stafford,166.3,147.0,20.0,241.9,253.04,214.58,lightgbm
2024,00-0039163,C.J. Stroud,QB,HOU,vet,veteran,0,cj stroud,46.2,46.0,5.0,231.4,322.18,220.38,lightgbm
2024,00-0033537,Deshaun Watson,QB,CLE,vet,veteran,0,deshaun watson,188.9,165.0,22.0,98.0,250.58,76.72,lightgbm
2024,00-0031503,Jameis Winston,QB,CLE,vet,veteran,0,jameis winston,697.7,972.0,159.0,77.0,75.68,131.14,lightgbm
2024,00-0036945,Justin Fields,QB,PIT,vet,veteran,0,justin fields,209.2,185.0,25.0,167.6,266.6,119.14,lightgbm
2024,00-0038579,Aidan O'Connell,QB,LV,vet,veteran,0,aidan oconnell,294.1,276.0,39.0,41.7,56.24,93.48,lightgbm
2024,00-0039152,Will Levis,QB,TEN,vet,veteran,0,will levis,204.1,180.0,23.0,23.7,246.74,119.94,lightgbm
2024,00-0035289,Gardner Minshew,QB,LV,vet,veteran,0,gardner minshew,268.3,235.0,35.0,61.1,188.14,96.32,lightgbm
2024,00-0036972,Mac Jones,QB,JAX,vet,veteran,0,mac jones,668.0,893.0,150.0,22.5,13.4,96.08,lightgbm
2024,00-0032268,Marcus Mariota,QB,WAS,vet,veteran,0,marcus mariota,667.4,891.0,149.0,91.5,12.98,45.760000000000005,lightgbm
2024,00-0033119,Jacoby Brissett,QB,NE,vet,veteran,0,jacoby brissett,607.2,731.0,120.0,23.6,230.14,45.24,lightgbm
2024,00-0034177,Tim Boyle,QB,MIA,vet,veteran,0,tim boyle,493.0,505.0,80.0,2.0,,13.94,lightgbm
2024,00-0038476,Tommy DeVito,QB,NYG,vet,veteran,0,tommy devito,410.3,382.0,58.0,40.6,55.76,13.480000000000002,lightgbm
2024,00-0038122,Desmond Ridder,QB,ARI,vet,veteran,0,desmond ridder,378.0,352.0,52.0,74.8,63.84,21.92,lightgbm
2024,00-0037012,Trey Lance,QB,DAL,vet,veteran,0,trey lance,669.1,896.0,151.0,21.1,12.7,12.74,lightgbm
2024,00-0036898,Davis Mills,QB,HOU,vet,veteran,0,davis mills,579.7,666.0,109.0,22.7,13.02,9.580000000000002,lightgbm
2024,00-0038583,Dorian Thompson-Robinson,QB,CLE,vet,veteran,0,dorian thompsonrobinson,635.6,805.0,130.0,23.0,4.78,15.8,lightgbm
2024,00-0032434,Brandon Allen,QB,SF,vet,veteran,0,brandon allen,402.8,371.0,56.0,-0.5,9.96,6.360000000000001,lightgbm
2024,00-0038998,Jake Haener,QB,NO,vet,veteran,0,jake haener,692.5,957.0,158.0,11.7,23.9,13.24,lightgbm
2024,00-0032950,Carson Wentz,QB,KC,vet,veteran,0,carson wentz,602.4,721.0,117.0,35.8,13.06,4.72,lightgbm
2024,00-0033869,Mitchell Trubisky,QB,BUF,vet,veteran,0,mitchell trubisky,683.3,931.0,156.0,26.0,16.26,15.259999999999998,lightgbm
2024,00-0031800,Taylor Heinicke,QB,LAC,vet,veteran,0,taylor heinicke,331.0,311.0,45.0,17.5,11.2,3.12,lightgbm
2024,00-0033319,Nick Mullens,QB,MIN,vet,veteran,0,nick mullens,514.0,543.0,88.0,27.3,27.88,1.32,lightgbm
2024,00-0035264,Jarrett Stidham,QB,DEN,vet,veteran,0,jarrett stidham,660.1,874.0,146.0,30.1,29.14,0.5,lightgbm
2024,00-0026300,Josh Johnson,QB,BAL,vet,veteran,0,josh johnson,644.3,832.0,139.0,1.2,13.54,0.78,lightgbm
2024,00-0036928,Kyle Trask,QB,TB,vet,veteran,0,kyle trask,537.0,581.0,95.0,5.0,12.8,-0.2,lightgbm
2024,00-0038416,Tyson Bagent,QB,CHI,vet,veteran,0,tyson bagent,580.7,669.0,110.0,79.1,13.42,-0.26,lightgbm
2024,00-0035100,Jake Browning,QB,CIN,vet,veteran,0,jake browning,666.8,888.0,148.0,115.5,18.72,-0.2,lightgbm
2024,00-0038582,Clayton Tune,QB,ARI,vet,veteran,0,clayton tune,555.0,614.0,99.0,2.4,12.74,-2.08,lightgbm
2024,00-0022942,Philip Rivers,QB,,vet,veteran,0,philip rivers,457.0,442.0,70.0,0.4,,0.0,lightgbm
2024,00-0031237,Teddy Bridgewater,QB,,vet,veteran,0,teddy bridgewater,341.0,320.0,46.0,14.8,,0.0,lightgbm
2024,00-0031345,Jimmy Garoppolo,QB,LA,vet,veteran,0,jimmy garoppolo,605.4,727.0,118.0,16.1,16.38,19.86,lightgbm
2024,00-0033949,Joshua Dobbs,QB,SF,vet,veteran,0,joshua dobbs,671.2,903.0,152.0,186.8,13.2,30.84,lightgbm
2024,00-0034401,Mike White,QB,BUF,vet,veteran,0,mike white,647.5,840.0,140.0,32.0,9.9,1.12,lightgbm
2024,00-0034577,Kyle Allen,QB,PIT,vet,veteran,0,kyle allen,385.0,357.0,53.0,23.6,9.96,0.76,lightgbm
2024,00-0037013,Zach Wilson,QB,DEN,vet,veteran,0,zach wilson,492.4,503.0,79.0,61.6,12.7,0.0,lightgbm
2024,00-0037324,Chris Oladokun,QB,KC,vet,veteran,0,chris oladokun,560.0,629.0,102.0,4.6,,0.5,lightgbm
2025,00-0033873,Patrick Mahomes,QB,KC,vet,veteran,0,patrick mahomes,53.3,53.0,6.0,270.4,327.02,285.18,lightgbm
2025,00-0034857,Josh Allen,QB,BUF,vet,veteran,0,josh allen,19.2,19.0,1.0,295.2,356.04,364.62,lightgbm
2025,00-0036971,Trevor Lawrence,QB,JAX,vet,veteran,0,trevor lawrence,190.7,164.0,21.0,148.2,290.7,338.18,lightgbm
2025,00-0033077,Dak Prescott,QB,DAL,vet,veteran,0,dak prescott,110.1,109.0,11.0,115.7,286.7,313.78,lightgbm
2025,00-0036389,Jalen Hurts,QB,PHI,vet,veteran,0,jalen hurts,33.9,33.0,3.0,259.7,351.5,301.06,lightgbm
2025,00-0026498,Matthew Stafford,QB,LA,vet,veteran,0,matthew stafford,210.2,179.0,24.0,197.4,279.0,350.38,lightgbm
2025,00-0033106,Jared Goff,QB,DET,vet,veteran,0,jared goff,101.9,101.0,10.0,256.2,278.14,297.06,lightgbm
2025,00-0035710,Daniel Jones,QB,IND,vet,veteran,0,daniel jones,269.9,273.0,37.0,96.2,172.64,226.44,lightgbm
2025,00-0039732,Bo Nix,QB,DEN,vet,veteran,0,bo nix,74.2,74.0,8.0,296.3,310.48,304.84000000000003,lightgbm
2025,00-0036355,Justin Herbert,QB,LAC,vet,veteran,0,justin herbert,111.7,111.0,12.0,262.5,286.8,286.88,lightgbm
2025,00-0036442,Joe Burrow,QB,CIN,vet,veteran,0,joe burrow,40.0,40.0,5.0,270.9,331.24,134.46,lightgbm
2025,00-0039851,Drake Maye,QB,NE,vet,veteran,0,drake maye,130.1,127.0,15.0,138.9,301.5,351.46000000000004,lightgbm
2025,00-0039918,Caleb Williams,QB,CHI,vet,veteran,0,caleb williams,143.9,134.0,16.0,248.1,290.52,317.18,lightgbm
2025,00-0034796,Lamar Jackson,QB,BAL,vet,veteran,0,lamar jackson,21.1,21.0,2.0,316.2,359.04,214.86,lightgbm
2025,00-0039910,Jayden Daniels,QB,WAS,vet,veteran,0,jayden daniels,35.6,35.0,4.0,288.9,354.46,114.28,lightgbm
2025,00-0033119,Jacoby Brissett,QB,ARI,vet,veteran,0,jacoby brissett,626.6,1016.0,165.0,32.0,199.3,227.44,lightgbm
2025,00-0037834,Brock Purdy,QB,SF,vet,veteran,0,brock purdy,114.5,113.0,13.0,230.8,311.72,177.38,lightgbm
2025,00-0034855,Baker Mayfield,QB,TB,vet,veteran,0,baker mayfield,68.5,68.0,7.0,243.1,311.5,271.92,lightgbm
2025,00-0036945,Justin Fields,QB,NYJ,vet,veteran,0,justin fields,149.6,138.0,18.0,57.7,242.44,142.66,lightgbm
2025,00-0035228,Kyler Murray,QB,ARI,vet,veteran,0,kyler murray,94.7,94.0,9.0,276.0,313.86,77.78,lightgbm
2025,00-0036264,Jordan Love,QB,GB,vet,veteran,0,jordan love,146.0,136.0,17.0,207.0,276.88,235.14,lightgbm
2025,00-0031503,Jameis Winston,QB,NYG,vet,veteran,0,jameis winston,685.4,1559.0,255.0,98.8,29.6,42.78,lightgbm
2025,00-0032950,Carson Wentz,QB,MIN,vet,veteran,0,carson wentz,677.3,1435.0,234.0,83.6,,70.34,lightgbm
2025,00-0039917,Michael Penix Jr.,QB,ATL,vet,veteran,0,michael penix,194.8,166.0,22.0,78.5,253.04,120.28,lightgbm
2025,00-0023459,Aaron Rodgers,QB,PIT,vet,veteran,0,aaron rodgers,228.2,192.0,26.0,198.7,238.34,226.58,lightgbm
2025,00-0039163,C.J. Stroud,QB,HOU,vet,veteran,0,cj stroud,126.3,124.0,14.0,192.4,286.0,208.54,lightgbm
2025,00-0039150,Bryce Young,QB,CAR,vet,veteran,0,bryce young,217.4,186.0,25.0,157.1,268.22,218.04,lightgbm
2025,00-0038128,Malik Willis,QB,GB,vet,veteran,0,malik willis,669.6,1340.0,216.0,14.6,14.54,51.17999999999999,lightgbm
2025,00-0039923,J.J. McCarthy,QB,MIN,vet,veteran,0,jj mccarthy,156.6,143.0,19.0,20.8,211.36,125.38,lightgbm
2025,00-0034869,Sam Darnold,QB,SEA,vet,veteran,0,sam darnold,235.7,199.0,29.0,186.3,232.02,235.42,lightgbm
2025,00-0030565,Geno Smith,QB,LV,vet,veteran,0,geno smith,238.1,202.0,30.0,165.4,257.7,173.9,lightgbm
2025,00-0036212,Tua Tagovailoa,QB,MIA,vet,veteran,0,tua tagovailoa,209.8,178.0,23.0,216.0,262.6,160.70000000000002,lightgbm
2025,00-0036898,Davis Mills,QB,HOU,vet,veteran,0,davis mills,698.0,1787.0,297.0,6.9,11.66,68.6,lightgbm
2025,00-0032268,Marcus Mariota,QB,WAS,vet,veteran,0,marcus mariota,664.2,1287.0,200.0,20.9,14.1,125.5,lightgbm
2025,00-0026158,Joe Flacco,QB,CLE,vet,veteran,0,joe flacco,279.2,295.0,41.0,65.9,145.78,146.66,lightgbm
2025,00-0039376,Spencer Rattler,QB,NO,vet,veteran,0,spencer rattler,692.8,1690.0,282.0,32.2,144.92,98.64,lightgbm
2025,00-0036972,Mac Jones,QB,SF,vet,veteran,0,mac jones,670.0,1346.0,217.0,23.1,12.14,130.04,lightgbm
2025,00-0022942,Philip Rivers,QB,IND,vet,veteran,0,philip rivers,681.9,1500.0,247.0,8.0,,31.66,lightgbm
2025,00-0029604,Kirk Cousins,QB,ATL,vet,veteran,0,kirk cousins,695.2,1734.0,287.0,114.1,12.44,103.54,lightgbm
2025,00-0028118,Tyrod Taylor,QB,NYJ,vet,veteran,0,tyrod taylor,686.3,1579.0,260.0,25.7,23.54,59.46,lightgbm
2025,00-0035100,Jake Browning,QB,CIN,vet,veteran,0,jake browning,688.7,1618.0,267.0,26.3,13.06,48.74,lightgbm
2025,00-0029263,Russell Wilson,QB,NYG,vet,veteran,0,russell wilson,262.0,254.0,35.0,90.1,180.7,49.84,lightgbm
2025,00-0035993,Tyler Huntley,QB,BAL,vet,veteran,0,tyler huntley,580.5,792.0,127.0,35.3,35.54,40.14,lightgbm
2025,00-0033869,Mitchell Trubisky,QB,BUF,vet,veteran,0,mitchell trubisky,683.5,1528.0,251.0,20.0,12.0,31.12,lightgbm
2025,00-0026300,Josh Johnson,QB,WAS,vet,veteran,0,josh johnson,600.0,880.0,144.0,9.3,,24.380000000000003,lightgbm
2025,00-0037324,Chris Oladokun,QB,KC,vet,veteran,0,chris oladokun,565.9,743.0,112.0,-0.5,21.0,11.2,lightgbm
2025,00-0038400,Tanner McKee,QB,PHI,vet,veteran,0,tanner mckee,678.5,1450.0,238.0,38.8,12.9,13.760000000000002,lightgbm
2025,00-0037012,Trey Lance,QB,LAC,vet,veteran,0,trey lance,662.4,1269.0,197.0,21.1,13.5,13.54,lightgbm
2025,00-0039398,Joe Milton III,QB,DAL,vet,veteran,0,joe milton,684.6,1547.0,253.0,121.3,13.7,10.32,lightgbm
2025,00-0034771,Mason Rudolph,QB,PIT,vet,veteran,0,mason rudolph,690.0,1641.0,273.0,23.6,12.1,15.0,lightgbm
2025,00-0027973,Andy Dalton,QB,CAR,vet,veteran,0,andy dalton,698.1,1790.0,298.0,30.9,12.08,9.52,lightgbm
2025,00-0038102,Kenny Pickett,QB,LV,vet,veteran,0,kenny pickett,689.8,1637.0,272.0,69.6,34.22,7.720000000000001,lightgbm
2025,00-0038416,Tyson Bagent,QB,CHI,vet,veteran,0,tyson bagent,672.5,1378.0,224.0,17.6,13.08,2.58,lightgbm
2025,00-0031237,Teddy Bridgewater,QB,TB,vet,veteran,0,teddy bridgewater,600.0,881.0,145.0,-0.3,11.96,2.88,lightgbm
2025,00-0033949,Joshua Dobbs,QB,NE,vet,veteran,0,joshua dobbs,677.3,1434.0,233.0,18.9,13.8,2.1,lightgbm
2025,00-0033662,Cooper Rush,QB,BAL,vet,veteran,0,cooper rush,695.0,1730.0,285.0,12.7,12.08,1.7200000000000002,lightgbm
2025,00-0037013,Zach Wilson,QB,MIA,vet,veteran,0,zach wilson,668.0,1325.0,210.0,14.9,12.4,1.38,lightgbm
2025,00-0035704,Drew Lock,QB,SEA,vet,veteran,0,drew lock,614.5,945.0,154.0,38.2,11.8,0.0999999999999999,lightgbm
2025,00-0033319,Nick Mullens,QB,JAX,vet,veteran,0,nick mullens,669.0,1334.0,213.0,18.9,12.76,-0.04,lightgbm
2025,00-0035289,Gardner Minshew,QB,KC,vet,veteran,0,gardner minshew,668.4,1327.0,211.0,30.4,10.9,-0.3200000000000003,lightgbm
2025,00-0034577,Kyle Allen,QB,DET,vet,veteran,0,kyle allen,471.2,504.0,70.0,6.6,,-0.3,lightgbm
2025,00-0031345,Jimmy Garoppolo,QB,LA,vet,veteran,0,jimmy garoppolo,671.9,1372.0,222.0,54.6,16.48,-1.0,lightgbm
2025,00-0032434,Brandon Allen,QB,TEN,vet,veteran,0,brandon allen,698.7,1796.0,299.0,5.5,11.6,0.8799999999999999,lightgbm
2025,00-0034955,Brett Rypien,QB,CIN,vet,veteran,0,brett rypien,519.0,615.0,89.0,0.7,,0.0,lightgbm
2025,00-0035264,Jarrett Stidham,QB,DEN,vet,veteran,0,jarrett stidham,664.0,1286.0,199.0,17.3,12.2,-0.1,lightgbm
2025,00-0038579,Aidan O'Connell,QB,LV,vet,veteran,0,aidan oconnell,682.0,1503.0,248.0,39.3,,4.78,lightgbm
2025,00-0038582,Clayton Tune,QB,GB,vet,veteran,0,clayton tune,421.7,451.0,58.0,9.4,,1.98,lightgbm
2025,00-0039164,Anthony Richardson,QB,IND,vet,veteran,0,anthony richardson,247.9,215.0,32.0,173.7,130.7,1.66,lightgbm
