week,position,slp_proj,name,norm_name
14,QB,27.68,Josh Allen,josh allen
13,QB,26.71,Josh Allen,josh allen
8,QB,26.51,Josh Allen,josh allen
6,QB,26.18,Josh Allen,josh allen
13,QB,26.11,Patrick Mahomes,patrick mahomes
15,QB,26.05,Josh Allen,josh allen
12,QB,25.94,Josh Allen,josh allen
12,QB,25.74,Jalen Hurts,jalen hurts
3,QB,25.65,Josh Allen,josh allen
10,QB,25.64,Josh Allen,josh allen
3,QB,25.52,Lamar Jackson,lamar jackson
2,QB,25.51,Lamar Jackson,lamar jackson
5,QB,25.28,Josh Allen,josh allen
12,QB,25.26,Drake Maye,drake maye
4,QB,25.24,Josh Allen,josh allen
8,QB,25.21,Patrick Mahomes,patrick mahomes
10,QB,25.14,Lamar Jackson,lamar jackson
11,QB,25.13,Josh Allen,josh allen
9,QB,25.11,Patrick Mahomes,patrick mahomes
1,QB,25.07,Lamar Jackson,lamar jackson
13,QB,25.06,Jalen Hurts,jalen hurts
12,QB,24.92,Patrick Mahomes,patrick mahomes
1,QB,24.87,Jalen Hurts,jalen hurts
9,QB,24.7,Josh Allen,josh allen
16,QB,24.66,Josh Allen,josh allen
13,QB,24.64,Lamar Jackson,lamar jackson
15,QB,24.62,Lamar Jackson,lamar jackson
14,QB,24.59,Dak Prescott,dak prescott
12,QB,24.5,Lamar Jackson,lamar jackson
3,QB,24.43,Jalen Hurts,jalen hurts
9,QB,24.42,Lamar Jackson,lamar jackson
7,QB,24.38,Jayden Daniels,jayden daniels
18,QB,24.25,Jaxson Dart,jaxson dart
17,QB,24.18,Dak Prescott,dak prescott
11,QB,24.11,Jalen Hurts,jalen hurts
2,QB,24.11,Josh Allen,josh allen
10,QB,24.06,Jaxson Dart,jaxson dart
13,QB,24.04,Drake Maye,drake maye
16,QB,23.96,Jalen Hurts,jalen hurts
2,QB,23.91,Jayden Daniels,jayden daniels
1,QB,23.85,Jayden Daniels,jayden daniels
18,QB,23.69,Trevor Lawrence,trevor lawrence
2,QB,23.62,Joe Burrow,joe burrow
17,QB,23.58,Josh Allen,josh allen
2,QB,23.58,Jalen Hurts,jalen hurts
1,QB,23.54,Josh Allen,josh allen
15,QB,23.53,Drake Maye,drake maye
9,QB,23.53,Drake Maye,drake maye
6,QB,23.37,Patrick Mahomes,patrick mahomes
16,QB,23.35,Justin Herbert,justin herbert
6,QB,23.31,Dak Prescott,dak prescott
17,QB,23.24,Brock Purdy,brock purdy
13,QB,23.21,Dak Prescott,dak prescott
7,QB,23.16,Patrick Mahomes,patrick mahomes
10,QB,23.12,Jalen Hurts,jalen hurts
4,QB,23.09,Lamar Jackson,lamar jackson
6,QB,23.08,Jayden Daniels,jayden daniels
12,QB,23.07,Brock Purdy,brock purdy
11,QB,23.06,Justin Herbert,justin herbert
11,QB,23.02,Drake Maye,drake maye
14,QB,22.97,Jalen Hurts,jalen hurts
10,QB,22.96,Drake Maye,drake maye
15,QB,22.92,Patrick Mahomes,patrick mahomes
17,QB,22.91,Drake Maye,drake maye
15,QB,22.9,Jaxson Dart,jaxson dart
15,QB,22.9,Brock Purdy,brock purdy
14,QB,22.88,Patrick Mahomes,patrick mahomes
1,QB,22.87,Joe Burrow,joe burrow
14,QB,22.87,Lamar Jackson,lamar jackson
11,QB,22.82,Lamar Jackson,lamar jackson
3,QB,22.82,Patrick Mahomes,patrick mahomes
13,QB,22.81,Justin Herbert,justin herbert
17,QB,22.78,Trevor Lawrence,trevor lawrence
6,QB,22.65,Jalen Hurts,jalen hurts
16,QB,22.62,Brock Purdy,brock purdy
17,QB,22.58,Joe Burrow,joe burrow
9,QB,22.57,Dak Prescott,dak prescott
7,QB,22.54,Baker Mayfield,baker mayfield
15,QB,22.52,Dak Prescott,dak prescott
5,QB,22.51,Patrick Mahomes,patrick mahomes
18,QB,22.5,Dak Prescott,dak prescott
16,QB,22.48,Baker Mayfield,baker mayfield
5,QB,22.48,Justin Fields,justin fields
11,QB,22.45,Patrick Mahomes,patrick mahomes
13,QB,22.39,Bo Nix,bo nix
10,QB,22.39,Justin Herbert,justin herbert
18,QB,22.29,Drake Maye,drake maye
8,QB,22.28,Bo Nix,bo nix
4,QB,22.26,Brock Purdy,brock purdy
11,QB,22.25,Dak Prescott,dak prescott
15,QB,22.24,Baker Mayfield,baker mayfield
17,RB,22.19,Christian McCaffrey,christian mccaffrey
11,RB,22.18,De'Von Achane,devon achane
8,QB,22.17,Jalen Hurts,jalen hurts
11,QB,22.13,Geno Smith,geno smith
9,RB,22.12,Christian McCaffrey,christian mccaffrey
9,QB,22.12,Justin Herbert,justin herbert
8,QB,22.11,Justin Herbert,justin herbert
6,QB,22.09,Baker Mayfield,baker mayfield
14,RB,22.04,Jahmyr Gibbs,jahmyr gibbs
13,QB,22.04,Jaxson Dart,jaxson dart
4,QB,22.01,Jalen Hurts,jalen hurts
17,QB,21.99,Jalen Hurts,jalen hurts
7,QB,21.98,Dak Prescott,dak prescott
16,RB,21.97,Jahmyr Gibbs,jahmyr gibbs
10,QB,21.92,Baker Mayfield,baker mayfield
15,QB,21.9,Jalen Hurts,jalen hurts
16,QB,21.86,Drake Maye,drake maye
16,QB,21.84,Dak Prescott,dak prescott
8,QB,21.8,Baker Mayfield,baker mayfield
7,QB,21.75,Drake Maye,drake maye
14,QB,21.73,Baker Mayfield,baker mayfield
5,RB,21.73,Christian McCaffrey,christian mccaffrey
11,QB,21.69,J.J. McCarthy,jj mccarthy
5,QB,21.68,Justin Herbert,justin herbert
16,QB,21.67,Lamar Jackson,lamar jackson
16,RB,21.67,Jonathan Taylor,jonathan taylor
12,QB,21.66,Dak Prescott,dak prescott
8,RB,21.64,Christian McCaffrey,christian mccaffrey
17,QB,21.63,Justin Herbert,justin herbert
2,QB,21.6,Patrick Mahomes,patrick mahomes
13,RB,21.59,Jonathan Taylor,jonathan taylor
1,QB,21.58,Baker Mayfield,baker mayfield
5,QB,21.57,Jayden Daniels,jayden daniels
16,RB,21.57,Bijan Robinson,bijan robinson
7,QB,21.57,Jalen Hurts,jalen hurts
18,QB,21.56,Brock Purdy,brock purdy
6,QB,21.54,Drake Maye,drake maye
3,RB,21.53,Christian McCaffrey,christian mccaffrey
1,QB,21.52,Justin Fields,justin fields
17,QB,21.47,Jacoby Brissett,jacoby brissett
14,QB,21.44,Jared Goff,jared goff
15,QB,21.43,Matthew Stafford,matthew stafford
6,QB,21.42,Justin Herbert,justin herbert
13,QB,21.4,Baker Mayfield,baker mayfield
17,QB,21.4,Matthew Stafford,matthew stafford
5,QB,21.35,Jalen Hurts,jalen hurts
1,QB,21.33,Patrick Mahomes,patrick mahomes
2,QB,21.33,Justin Fields,justin fields
3,QB,21.31,Dak Prescott,dak prescott
10,QB,21.3,Jared Goff,jared goff
17,QB,21.29,Baker Mayfield,baker mayfield
13,RB,21.28,Jahmyr Gibbs,jahmyr gibbs
15,RB,21.26,Christian McCaffrey,christian mccaffrey
11,RB,21.26,Christian McCaffrey,christian mccaffrey
12,RB,21.25,Christian McCaffrey,christian mccaffrey
18,QB,21.24,Jared Goff,jared goff
18,QB,21.24,Baker Mayfield,baker mayfield
5,QB,21.22,Drake Maye,drake maye
11,QB,21.16,Brock Purdy,brock purdy
10,QB,21.14,Bo Nix,bo nix
1,QB,21.13,Brock Purdy,brock purdy
12,RB,21.12,Jonathan Taylor,jonathan taylor
9,QB,21.12,Jaxson Dart,jaxson dart
3,QB,21.11,Justin Herbert,justin herbert
10,RB,21.09,Jonathan Taylor,jonathan taylor
7,QB,21.05,Justin Herbert,justin herbert
2,QB,21.03,Baker Mayfield,baker mayfield
10,QB,21.02,Daniel Jones,daniel jones
17,QB,20.99,Tyler Shough,tyler shough
4,QB,20.94,Justin Herbert,justin herbert
16,QB,20.92,Jacoby Brissett,jacoby brissett
2,QB,20.89,Jared Goff,jared goff
8,QB,20.84,Daniel Jones,daniel jones
13,QB,20.84,Trevor Lawrence,trevor lawrence
9,QB,20.82,Jayden Daniels,jayden daniels
8,QB,20.8,Drake Maye,drake maye
11,QB,20.8,Marcus Mariota,marcus mariota
2,QB,20.79,Kyler Murray,kyler murray
18,QB,20.77,Matthew Stafford,matthew stafford
9,RB,20.75,Jonathan Taylor,jonathan taylor
15,QB,20.75,Joe Burrow,joe burrow
3,QB,20.73,Baker Mayfield,baker mayfield
16,QB,20.71,Joe Burrow,joe burrow
4,RB,20.71,Christian McCaffrey,christian mccaffrey
12,QB,20.71,Matthew Stafford,matthew stafford
18,QB,20.67,Tyler Shough,tyler shough
7,QB,20.66,Justin Fields,justin fields
13,QB,20.66,Matthew Stafford,matthew stafford
7,RB,20.63,Christian McCaffrey,christian mccaffrey
3,QB,20.63,Kyler Murray,kyler murray
4,QB,20.62,Daniel Jones,daniel jones
12,RB,20.61,Jahmyr Gibbs,jahmyr gibbs
14,QB,20.6,Jordan Love,jordan love
1,QB,20.6,Dak Prescott,dak prescott
4,QB,20.59,Baker Mayfield,baker mayfield
15,QB,20.58,Marcus Mariota,marcus mariota
9,QB,20.57,Jared Goff,jared goff
8,QB,20.57,Dak Prescott,dak prescott
14,QB,20.57,Bo Nix,bo nix
2,QB,20.56,Justin Herbert,justin herbert
1,QB,20.56,Jared Goff,jared goff
16,QB,20.55,Tyler Shough,tyler shough
5,QB,20.53,Kyler Murray,kyler murray
2,QB,20.53,Bo Nix,bo nix
5,QB,20.51,Dak Prescott,dak prescott
8,RB,20.51,Bijan Robinson,bijan robinson
4,QB,20.49,Justin Fields,justin fields
11,QB,20.48,Bo Nix,bo nix
7,QB,20.47,Caleb Williams,caleb williams
16,QB,20.45,J.J. McCarthy,jj mccarthy
4,QB,20.43,Patrick Mahomes,patrick mahomes
11,QB,20.42,Baker Mayfield,baker mayfield
18,QB,20.41,Lamar Jackson,lamar jackson
18,QB,20.4,Joe Burrow,joe burrow
8,QB,20.4,Justin Fields,justin fields
4,QB,20.39,Jordan Love,jordan love
14,QB,20.37,Matthew Stafford,matthew stafford
13,QB,20.37,Daniel Jones,daniel jones
12,QB,20.35,Baker Mayfield,baker mayfield
5,QB,20.35,Baker Mayfield,baker mayfield
9,QB,20.34,Daniel Jones,daniel jones
9,QB,20.34,Bo Nix,bo nix
4,QB,20.33,Drake Maye,drake maye
3,QB,20.33,Jared Goff,jared goff
1,QB,20.32,Bo Nix,bo nix
13,QB,20.31,Jacoby Brissett,jacoby brissett
16,QB,20.31,Jordan Love,jordan love
17,QB,20.3,Jaxson Dart,jaxson dart
9,QB,20.3,Sam Darnold,sam darnold
4,QB,20.29,Bo Nix,bo nix
12,QB,20.28,Jared Goff,jared goff
3,QB,20.23,Bo Nix,bo nix
14,RB,20.2,Jonathan Taylor,jonathan taylor
6,QB,20.19,Bryce Young,bryce young
18,RB,20.16,Jahmyr Gibbs,jahmyr gibbs
8,RB,20.14,Jonathan Taylor,jonathan taylor
2,QB,20.11,Daniel Jones,daniel jones
1,QB,20.1,Kyler Murray,kyler murray
16,QB,20.08,Trevor Lawrence,trevor lawrence
1,QB,20.08,Tua Tagovailoa,tua tagovailoa
14,RB,20.08,De'Von Achane,devon achane
3,QB,20.06,Drake Maye,drake maye
2,QB,20.02,Dak Prescott,dak prescott
15,RB,20.02,Bijan Robinson,bijan robinson
16,QB,20.02,Jaxson Dart,jaxson dart
5,QB,20.01,Jared Goff,jared goff
16,QB,20.01,Jared Goff,jared goff
16,QB,20.0,Aaron Rodgers,aaron rodgers
9,QB,19.99,Jordan Love,jordan love
1,QB,19.98,Jordan Love,jordan love
8,QB,19.95,Marcus Mariota,marcus mariota
15,QB,19.95,Sam Darnold,sam darnold
15,QB,19.95,J.J. McCarthy,jj mccarthy
4,QB,19.9,Geno Smith,geno smith
2,QB,19.89,Sam Darnold,sam darnold
10,QB,19.88,Justin Fields,justin fields
17,RB,19.87,Jahmyr Gibbs,jahmyr gibbs
4,QB,19.87,Marcus Mariota,marcus mariota
11,QB,19.87,Jared Goff,jared goff
16,QB,19.87,Bo Nix,bo nix
7,QB,19.86,Bo Nix,bo nix
12,QB,19.86,Daniel Jones,daniel jones
17,QB,19.85,Sam Darnold,sam darnold
11,QB,19.84,Aaron Rodgers,aaron rodgers
7,QB,19.84,Jared Goff,jared goff
12,QB,19.83,Trevor Lawrence,trevor lawrence
18,QB,19.81,Sam Darnold,sam darnold
3,QB,19.8,Jordan Love,jordan love
12,QB,19.8,Jacoby Brissett,jacoby brissett
13,RB,19.78,De'Von Achane,devon achane
10,RB,19.77,Christian McCaffrey,christian mccaffrey
3,QB,19.76,Marcus Mariota,marcus mariota
10,QB,19.76,Marcus Mariota,marcus mariota
13,QB,19.76,Marcus Mariota,marcus mariota
2,QB,19.76,Jordan Love,jordan love
6,QB,19.75,Sam Darnold,sam darnold
17,RB,19.75,Jonathan Taylor,jonathan taylor
5,QB,19.74,Daniel Jones,daniel jones
18,QB,19.73,Shedeur Sanders,shedeur sanders
14,QB,19.73,Justin Herbert,justin herbert
4,QB,19.73,Dak Prescott,dak prescott
6,QB,19.72,Jordan Love,jordan love
2,QB,19.71,J.J. McCarthy,jj mccarthy
4,QB,19.7,Jared Goff,jared goff
3,QB,19.69,Tua Tagovailoa,tua tagovailoa
14,QB,19.68,Joe Burrow,joe burrow
6,QB,19.67,Jared Goff,jared goff
17,WR,19.67,Puka Nacua,puka nacua
5,QB,19.66,Jaxson Dart,jaxson dart
3,QB,19.66,Geno Smith,geno smith
13,QB,19.64,Joe Burrow,joe burrow
9,QB,19.64,Caleb Williams,caleb williams
11,QB,19.63,Tua Tagovailoa,tua tagovailoa
1,QB,19.63,Trevor Lawrence,trevor lawrence
10,QB,19.6,J.J. McCarthy,jj mccarthy
10,QB,19.55,Matthew Stafford,matthew stafford
11,QB,19.54,Matthew Stafford,matthew stafford
3,QB,19.54,Caleb Williams,caleb williams
15,QB,19.52,Jacoby Brissett,jacoby brissett
6,QB,19.52,Justin Fields,justin fields
5,RB,19.51,De'Von Achane,devon achane
18,QB,19.49,Bo Nix,bo nix
6,RB,19.48,Christian McCaffrey,christian mccaffrey
6,RB,19.47,Jonathan Taylor,jonathan taylor
1,QB,19.47,Joe Flacco,joe flacco
15,QB,19.45,C.J. Stroud,cj stroud
2,QB,19.42,Trevor Lawrence,trevor lawrence
14,QB,19.42,Jayden Daniels,jayden daniels
10,QB,19.41,Sam Darnold,sam darnold
1,QB,19.41,Sam Darnold,sam darnold
15,QB,19.4,Justin Herbert,justin herbert
14,QB,19.38,Tyler Shough,tyler shough
2,QB,19.35,Russell Wilson,russell wilson
3,QB,19.35,Aaron Rodgers,aaron rodgers
3,QB,19.35,Sam Darnold,sam darnold
6,QB,19.34,Daniel Jones,daniel jones
8,QB,19.34,Jaxson Dart,jaxson dart
6,QB,19.33,Bo Nix,bo nix
7,QB,19.32,Daniel Jones,daniel jones
15,RB,19.3,Jahmyr Gibbs,jahmyr gibbs
11,QB,19.29,Jacoby Brissett,jacoby brissett
7,QB,19.28,Jordan Love,jordan love
9,QB,19.26,Jacoby Brissett,jacoby brissett
2,QB,19.25,Tua Tagovailoa,tua tagovailoa
9,QB,19.23,Aaron Rodgers,aaron rodgers
1,QB,19.2,Drake Maye,drake maye
16,QB,19.2,Marcus Mariota,marcus mariota
17,QB,19.18,Bo Nix,bo nix
6,QB,19.17,Trevor Lawrence,trevor lawrence
14,QB,19.16,Jacoby Brissett,jacoby brissett
15,QB,19.15,Tyler Shough,tyler shough
6,QB,19.15,Geno Smith,geno smith
14,QB,19.14,Tyrod Taylor,tyrod taylor
16,QB,19.13,Bryce Young,bryce young
14,QB,19.13,Sam Darnold,sam darnold
9,QB,19.13,Geno Smith,geno smith
9,QB,19.09,Trevor Lawrence,trevor lawrence
13,QB,19.07,Jordan Love,jordan love
9,WR,19.07,Jaxon Smith-Njigba,jaxon smithnjigba
18,QB,19.06,Bryce Young,bryce young
11,QB,19.05,Sam Darnold,sam darnold
16,RB,19.04,Christian McCaffrey,christian mccaffrey
15,QB,19.04,Jared Goff,jared goff
7,RB,19.03,Jonathan Taylor,jonathan taylor
5,QB,19.03,Tua Tagovailoa,tua tagovailoa
3,QB,19.02,Jake Browning,jake browning
1,QB,19.02,Geno Smith,geno smith
17,QB,18.99,Jared Goff,jared goff
7,RB,18.99,Bijan Robinson,bijan robinson
3,QB,18.98,Trevor Lawrence,trevor lawrence
11,RB,18.95,Josh Jacobs,josh jacobs
14,QB,18.94,J.J. McCarthy,jj mccarthy
3,QB,18.94,Joe Flacco,joe flacco
12,QB,18.93,Tyler Shough,tyler shough
2,QB,18.93,Drake Maye,drake maye
2,QB,18.91,Geno Smith,geno smith
17,RB,18.9,James Cook,james cook
3,QB,18.89,Russell Wilson,russell wilson
11,RB,18.89,Bijan Robinson,bijan robinson
9,QB,18.88,Matthew Stafford,matthew stafford
3,RB,18.88,De'Von Achane,devon achane
12,QB,18.87,Sam Darnold,sam darnold
5,QB,18.86,Bo Nix,bo nix
1,QB,18.83,J.J. McCarthy,jj mccarthy
18,RB,18.83,Bijan Robinson,bijan robinson
18,RB,18.83,Christian McCaffrey,christian mccaffrey
11,QB,18.81,Trevor Lawrence,trevor lawrence
12,RB,18.79,Bijan Robinson,bijan robinson
18,QB,18.79,Tanner McKee,tanner mckee
7,QB,18.78,Aaron Rodgers,aaron rodgers
10,QB,18.78,Geno Smith,geno smith
15,QB,18.75,Bo Nix,bo nix
5,QB,18.74,Trevor Lawrence,trevor lawrence
3,QB,18.73,C.J. Stroud,cj stroud
6,RB,18.73,De'Von Achane,devon achane
16,QB,18.72,Matthew Stafford,matthew stafford
13,QB,18.72,Aaron Rodgers,aaron rodgers
4,QB,18.72,Kyler Murray,kyler murray
13,QB,18.71,Jared Goff,jared goff
8,RB,18.71,De'Von Achane,devon achane
17,QB,18.71,Caleb Williams,caleb williams
15,QB,18.69,Trevor Lawrence,trevor lawrence
18,QB,18.69,C.J. Stroud,cj stroud
10,QB,18.68,Jordan Love,jordan love
13,RB,18.67,Bijan Robinson,bijan robinson
9,QB,18.66,Joe Flacco,joe flacco
14,QB,18.66,Trevor Lawrence,trevor lawrence
13,QB,18.66,Sam Darnold,sam darnold
9,QB,18.65,J.J. McCarthy,jj mccarthy
2,QB,18.64,Caleb Williams,caleb williams
13,RB,18.64,Christian McCaffrey,christian mccaffrey
7,QB,18.64,Matthew Stafford,matthew stafford
9,RB,18.63,Jahmyr Gibbs,jahmyr gibbs
13,QB,18.62,Brock Purdy,brock purdy
3,QB,18.62,Cam Ward,cam ward
4,QB,18.61,Caleb Williams,caleb williams
4,QB,18.59,Matthew Stafford,matthew stafford
18,QB,18.56,Caleb Williams,caleb williams
4,QB,18.56,Trevor Lawrence,trevor lawrence
7,RB,18.56,De'Von Achane,devon achane
6,QB,18.55,Caleb Williams,caleb williams
12,QB,18.55,Bryce Young,bryce young
5,QB,18.53,Dillon Gabriel,dillon gabriel
16,QB,18.52,C.J. Stroud,cj stroud
10,QB,18.52,Tua Tagovailoa,tua tagovailoa
4,QB,18.52,Joe Flacco,joe flacco
3,RB,18.52,Bijan Robinson,bijan robinson
17,QB,18.5,Geno Smith,geno smith
6,QB,18.47,Matthew Stafford,matthew stafford
11,QB,18.46,Caleb Williams,caleb williams
7,QB,18.45,Mac Jones,mac jones
8,QB,18.45,Tua Tagovailoa,tua tagovailoa
7,QB,18.45,Sam Darnold,sam darnold
2,RB,18.44,De'Von Achane,devon achane
1,RB,18.42,Saquon Barkley,saquon barkley
18,QB,18.42,J.J. McCarthy,jj mccarthy
3,QB,18.4,Daniel Jones,daniel jones
2,RB,18.39,Christian McCaffrey,christian mccaffrey
7,QB,18.38,Spencer Rattler,spencer rattler
13,QB,18.37,C.J. Stroud,cj stroud
13,WR,18.36,Jaxon Smith-Njigba,jaxon smithnjigba
4,QB,18.35,Sam Darnold,sam darnold
12,QB,18.34,Joe Flacco,joe flacco
5,QB,18.34,Geno Smith,geno smith
15,WR,18.33,Jaxon Smith-Njigba,jaxon smithnjigba
18,QB,18.32,Jacoby Brissett,jacoby brissett
16,QB,18.32,Sam Darnold,sam darnold
12,QB,18.32,Caleb Williams,caleb williams
4,QB,18.27,Jaxson Dart,jaxson dart
4,QB,18.26,Bryce Young,bryce young
2,QB,18.26,Joe Flacco,joe flacco
10,QB,18.25,Aaron Rodgers,aaron rodgers
12,QB,18.25,Jordan Love,jordan love
3,RB,18.24,Saquon Barkley,saquon barkley
5,QB,18.21,Sam Darnold,sam darnold
6,WR,18.19,Puka Nacua,puka nacua
10,RB,18.18,Jahmyr Gibbs,jahmyr gibbs
2,RB,18.17,Jahmyr Gibbs,jahmyr gibbs
10,QB,18.17,Trevor Lawrence,trevor lawrence
16,WR,18.16,Amon-Ra St. Brown,amonra st brown
6,QB,18.16,Dillon Gabriel,dillon gabriel
3,QB,18.15,Bryce Young,bryce young
14,QB,18.15,Shedeur Sanders,shedeur sanders
12,QB,18.15,Geno Smith,geno smith
2,RB,18.14,Derrick Henry,derrick henry
1,QB,18.12,Justin Herbert,justin herbert
10,WR,18.11,Jaxon Smith-Njigba,jaxon smithnjigba
17,RB,18.11,De'Von Achane,devon achane
10,QB,18.1,Caleb Williams,caleb williams
14,RB,18.1,Josh Jacobs,josh jacobs
12,QB,18.08,Jameis Winston,jameis winston
10,WR,18.08,Amon-Ra St. Brown,amonra st brown
3,QB,18.08,Michael Penix,michael penix
6,QB,18.07,Tua Tagovailoa,tua tagovailoa
11,QB,18.04,Jordan Love,jordan love
11,QB,18.03,Bryce Young,bryce young
5,QB,18.03,Bryce Young,bryce young
1,QB,18.03,Russell Wilson,russell wilson
15,QB,18.02,Aaron Rodgers,aaron rodgers
10,WR,18.01,Puka Nacua,puka nacua
4,RB,18.0,Jonathan Taylor,jonathan taylor
13,QB,17.99,Caleb Williams,caleb williams
11,QB,17.98,Jameis Winston,jameis winston
1,QB,17.96,Matthew Stafford,matthew stafford
2,QB,17.96,Bryce Young,bryce young
8,QB,17.94,Jordan Love,jordan love
12,RB,17.94,James Cook,james cook
5,RB,17.94,Jonathan Taylor,jonathan taylor
17,RB,17.94,Bijan Robinson,bijan robinson
17,QB,17.93,Shedeur Sanders,shedeur sanders
4,QB,17.93,Jake Browning,jake browning
13,QB,17.93,Tyrod Taylor,tyrod taylor
1,RB,17.91,Bijan Robinson,bijan robinson
1,QB,17.9,Caleb Williams,caleb williams
2,QB,17.89,Aaron Rodgers,aaron rodgers
7,QB,17.89,Trevor Lawrence,trevor lawrence
1,QB,17.89,C.J. Stroud,cj stroud
5,QB,17.88,Jake Browning,jake browning
2,QB,17.88,Michael Penix,michael penix
2,RB,17.87,Chase Brown,chase brown
14,QB,17.86,Aaron Rodgers,aaron rodgers
9,QB,17.85,Tua Tagovailoa,tua tagovailoa
1,QB,17.85,Michael Penix,michael penix
3,QB,17.84,Matthew Stafford,matthew stafford
13,RB,17.83,Derrick Henry,derrick henry
6,QB,17.83,Michael Penix,michael penix
13,QB,17.82,Tua Tagovailoa,tua tagovailoa
6,QB,17.8,Spencer Rattler,spencer rattler
1,QB,17.79,Aaron Rodgers,aaron rodgers
1,RB,17.79,De'Von Achane,devon achane
6,QB,17.77,Mac Jones,mac jones
11,WR,17.77,Jaxon Smith-Njigba,jaxon smithnjigba
16,RB,17.76,James Cook,james cook
15,QB,17.75,Shedeur Sanders,shedeur sanders
12,QB,17.74,Mason Rudolph,mason rudolph
6,RB,17.74,Jahmyr Gibbs,jahmyr gibbs
6,RB,17.74,Bijan Robinson,bijan robinson
18,WR,17.73,Jaxon Smith-Njigba,jaxon smithnjigba
1,QB,17.71,Bryce Young,bryce young
15,QB,17.7,Bryce Young,bryce young
2,QB,17.69,C.J. Stroud,cj stroud
18,WR,17.66,Puka Nacua,puka nacua
9,RB,17.66,Josh Jacobs,josh jacobs
5,RB,17.66,Jahmyr Gibbs,jahmyr gibbs
17,QB,17.64,Josh Johnson,josh johnson
5,QB,17.64,Matthew Stafford,matthew stafford
5,RB,17.63,Derrick Henry,derrick henry
13,QB,17.62,Geno Smith,geno smith
10,QB,17.61,Bryce Young,bryce young
8,QB,17.61,Caleb Williams,caleb williams
11,WR,17.6,Amon-Ra St. Brown,amonra st brown
2,QB,17.59,Matthew Stafford,matthew stafford
17,QB,17.59,C.J. Stroud,cj stroud
4,RB,17.59,Jahmyr Gibbs,jahmyr gibbs
16,RB,17.59,De'Von Achane,devon achane
4,RB,17.59,De'Von Achane,devon achane
10,RB,17.58,Bijan Robinson,bijan robinson
10,RB,17.58,De'Von Achane,devon achane
11,RB,17.58,Jahmyr Gibbs,jahmyr gibbs
9,WR,17.56,Ja'Marr Chase,jamarr chase
2,RB,17.55,Saquon Barkley,saquon barkley
3,QB,17.54,Tyrod Taylor,tyrod taylor
15,WR,17.53,Puka Nacua,puka nacua
15,QB,17.53,Jordan Love,jordan love
11,QB,17.53,Michael Penix,michael penix
5,QB,17.52,Spencer Rattler,spencer rattler
8,RB,17.52,Rachaad White,rachaad white
1,RB,17.51,Christian McCaffrey,christian mccaffrey
14,QB,17.49,C.J. Stroud,cj stroud
9,WR,17.47,Puka Nacua,puka nacua
4,QB,17.47,Michael Penix,michael penix
4,RB,17.46,Bijan Robinson,bijan robinson
9,RB,17.44,Derrick Henry,derrick henry
8,QB,17.42,Carson Wentz,carson wentz
14,RB,17.42,James Cook,james cook
10,RB,17.41,James Cook,james cook
11,WR,17.41,Puka Nacua,puka nacua
3,RB,17.39,Jahmyr Gibbs,jahmyr gibbs
12,QB,17.39,J.J. McCarthy,jj mccarthy
15,RB,17.38,De'Von Achane,devon achane
16,QB,17.36,Gardner Minshew,gardner minshew
14,QB,17.36,Caleb Williams,caleb williams
2,RB,17.34,Josh Jacobs,josh jacobs
5,RB,17.33,James Cook,james cook
8,QB,17.32,Tyler Huntley,tyler huntley
14,QB,17.32,Geno Smith,geno smith
17,RB,17.32,Ashton Jeanty,ashton jeanty
1,RB,17.31,Jahmyr Gibbs,jahmyr gibbs
3,RB,17.31,Jonathan Taylor,jonathan taylor
5,QB,17.31,Carson Wentz,carson wentz
8,QB,17.3,Aaron Rodgers,aaron rodgers
3,RB,17.29,Bucky Irving,bucky irving
3,RB,17.29,Kenneth Walker,kenneth walker
8,RB,17.27,Derrick Henry,derrick henry
4,QB,17.27,Tua Tagovailoa,tua tagovailoa
16,WR,17.26,Puka Nacua,puka nacua
6,QB,17.25,Aaron Rodgers,aaron rodgers
5,RB,17.25,Omarion Hampton,omarion hampton
8,QB,17.25,Joe Flacco,joe flacco
14,WR,17.24,Jaxon Smith-Njigba,jaxon smithnjigba
8,QB,17.22,Andy Dalton,andy dalton
9,QB,17.2,Michael Penix,michael penix
1,WR,17.18,Ja'Marr Chase,jamarr chase
6,QB,17.17,Jaxson Dart,jaxson dart
9,RB,17.17,Javonte Williams,javonte williams
7,QB,17.16,Jaxson Dart,jaxson dart
7,QB,17.13,Tua Tagovailoa,tua tagovailoa
15,RB,17.13,Jonathan Taylor,jonathan taylor
15,QB,17.13,Caleb Williams,caleb williams
7,QB,17.1,Michael Penix,michael penix
14,RB,17.09,Bijan Robinson,bijan robinson
11,WR,17.09,CeeDee Lamb,ceedee lamb
4,QB,17.08,Spencer Rattler,spencer rattler
1,QB,17.08,Cam Ward,cam ward
11,QB,17.07,Joe Flacco,joe flacco
1,RB,17.06,Bucky Irving,bucky irving
9,QB,17.05,C.J. Stroud,cj stroud
12,QB,17.02,Kirk Cousins,kirk cousins
17,QB,17.02,Bryce Young,bryce young
9,RB,17.02,Bijan Robinson,bijan robinson
2,RB,17.01,Bijan Robinson,bijan robinson
14,QB,17.0,Tua Tagovailoa,tua tagovailoa
12,WR,16.98,Jaxon Smith-Njigba,jaxon smithnjigba
17,WR,16.97,Jaxon Smith-Njigba,jaxon smithnjigba
7,QB,16.97,Geno Smith,geno smith
2,WR,16.95,Ja'Marr Chase,jamarr chase
8,QB,16.94,C.J. Stroud,cj stroud
4,QB,16.94,Cam Ward,cam ward
5,WR,16.93,Puka Nacua,puka nacua
6,RB,16.92,Saquon Barkley,saquon barkley
11,QB,16.92,Justin Fields,justin fields
16,QB,16.9,Kirk Cousins,kirk cousins
16,QB,16.9,Caleb Williams,caleb williams
13,QB,16.89,Bryce Young,bryce young
4,RB,16.89,Bucky Irving,bucky irving
3,WR,16.88,CeeDee Lamb,ceedee lamb
18,QB,16.87,Aaron Rodgers,aaron rodgers
7,QB,16.87,Bryce Young,bryce young
16,QB,16.86,Shedeur Sanders,shedeur sanders
1,RB,16.86,Jonathan Taylor,jonathan taylor
4,QB,16.86,Aaron Rodgers,aaron rodgers
4,QB,16.85,Carson Wentz,carson wentz
8,RB,16.85,James Cook,james cook
14,WR,16.84,CeeDee Lamb,ceedee lamb
15,QB,16.83,Tua Tagovailoa,tua tagovailoa
10,QB,16.83,Michael Penix,michael penix
17,QB,16.82,Kirk Cousins,kirk cousins
11,RB,16.81,Javonte Williams,javonte williams
17,QB,16.76,Philip Rivers,philip rivers
6,WR,16.75,Jaxon Smith-Njigba,jaxon smithnjigba
8,WR,16.72,Ja'Marr Chase,jamarr chase
17,QB,16.71,Malik Willis,malik willis
4,WR,16.7,Puka Nacua,puka nacua
12,RB,16.7,Derrick Henry,derrick henry
15,RB,16.68,Derrick Henry,derrick henry
13,WR,16.68,Puka Nacua,puka nacua
13,QB,16.67,Tyler Shough,tyler shough
17,QB,16.67,Quinn Ewers,quinn ewers
13,WR,16.65,Ja'Marr Chase,jamarr chase
18,QB,16.64,Kirk Cousins,kirk cousins
9,WR,16.64,CeeDee Lamb,ceedee lamb
5,QB,16.64,Mac Jones,mac jones
7,WR,16.64,Jaxon Smith-Njigba,jaxon smithnjigba
7,QB,16.62,Carson Wentz,carson wentz
13,QB,16.62,Kirk Cousins,kirk cousins
16,WR,16.61,Jaxon Smith-Njigba,jaxon smithnjigba
3,RB,16.6,Josh Jacobs,josh jacobs
14,QB,16.59,Daniel Jones,daniel jones
4,RB,16.59,Saquon Barkley,saquon barkley
9,QB,16.58,Bryce Young,bryce young
1,RB,16.57,Chase Brown,chase brown
8,QB,16.56,Mac Jones,mac jones
9,RB,16.56,Kyren Williams,kyren williams
3,QB,16.55,Carson Wentz,carson wentz
8,QB,16.52,Kirk Cousins,kirk cousins
16,QB,16.52,Geno Smith,geno smith
7,RB,16.52,Jahmyr Gibbs,jahmyr gibbs
8,QB,16.52,Spencer Rattler,spencer rattler
18,RB,16.48,Jonathan Taylor,jonathan taylor
4,RB,16.48,Josh Jacobs,josh jacobs
14,QB,16.48,Kirk Cousins,kirk cousins
10,QB,16.48,Tyler Shough,tyler shough
7,QB,16.46,Joe Flacco,joe flacco
9,WR,16.46,Amon-Ra St. Brown,amonra st brown
2,RB,16.45,Jonathan Taylor,jonathan taylor
3,WR,16.44,Puka Nacua,puka nacua
7,RB,16.43,Josh Jacobs,josh jacobs
9,RB,16.43,De'Von Achane,devon achane
17,WR,16.43,Ja'Marr Chase,jamarr chase
14,WR,16.42,Puka Nacua,puka nacua
1,RB,16.41,Ashton Jeanty,ashton jeanty
15,WR,16.41,Ja'Marr Chase,jamarr chase
7,QB,16.4,C.J. Stroud,cj stroud
6,RB,16.38,Josh Jacobs,josh jacobs
11,QB,16.35,Davis Mills,davis mills
3,QB,16.35,Mac Jones,mac jones
18,RB,16.34,Derrick Henry,derrick henry
10,RB,16.32,Josh Jacobs,josh jacobs
2,QB,16.32,Cam Ward,cam ward
8,RB,16.29,Josh Jacobs,josh jacobs
2,RB,16.28,Ashton Jeanty,ashton jeanty
4,RB,16.27,James Cook,james cook
18,QB,16.27,Quinn Ewers,quinn ewers
12,WR,16.26,Puka Nacua,puka nacua
12,QB,16.24,Tyrod Taylor,tyrod taylor
4,QB,16.18,C.J. Stroud,cj stroud
7,RB,16.18,Kyren Williams,kyren williams
12,QB,16.17,Davis Mills,davis mills
12,WR,16.17,Amon-Ra St. Brown,amonra st brown
2,RB,16.16,Kyren Williams,kyren williams
11,WR,16.16,Ja'Marr Chase,jamarr chase
16,RB,16.16,Josh Jacobs,josh jacobs
11,RB,16.15,Rico Dowdle,rico dowdle
6,RB,16.12,James Cook,james cook
9,QB,16.12,Mac Jones,mac jones
18,RB,16.1,Kyren Williams,kyren williams
6,RB,16.1,Rachaad White,rachaad white
18,QB,16.07,Riley Leonard,riley leonard
10,QB,16.04,Mac Jones,mac jones
6,RB,16.02,Javonte Williams,javonte williams
10,QB,16.01,Dillon Gabriel,dillon gabriel
16,WR,16.01,Ja'Marr Chase,jamarr chase
8,RB,16.0,Saquon Barkley,saquon barkley
3,QB,15.99,Spencer Rattler,spencer rattler
5,RB,15.97,Cam Skattebo,cam skattebo
11,RB,15.96,Kimani Vidal,kimani vidal
17,WR,15.96,CeeDee Lamb,ceedee lamb
13,RB,15.96,James Cook,james cook
11,RB,15.95,TreVeyon Henderson,treveyon henderson
11,RB,15.94,Ashton Jeanty,ashton jeanty
2,RB,15.93,Bucky Irving,bucky irving
9,RB,15.9,James Cook,james cook
11,TE,15.89,Brock Bowers,brock bowers
15,QB,15.88,Philip Rivers,philip rivers
3,RB,15.88,Derrick Henry,derrick henry
9,QB,15.88,Tyler Shough,tyler shough
16,RB,15.87,Saquon Barkley,saquon barkley
15,RB,15.86,James Cook,james cook
14,RB,15.84,Derrick Henry,derrick henry
7,WR,15.83,Amon-Ra St. Brown,amonra st brown
13,WR,15.83,Amon-Ra St. Brown,amonra st brown
1,RB,15.82,Kyren Williams,kyren williams
1,WR,15.81,Justin Jefferson,justin jefferson
6,WR,15.8,Amon-Ra St. Brown,amonra st brown
17,WR,15.79,Amon-Ra St. Brown,amonra st brown
7,RB,15.79,Ashton Jeanty,ashton jeanty
7,RB,15.78,Saquon Barkley,saquon barkley
3,RB,15.76,Chase Brown,chase brown
6,RB,15.73,Ashton Jeanty,ashton jeanty
18,QB,15.73,Trey Lance,trey lance
18,QB,15.73,Josh Johnson,josh johnson
13,QB,15.71,Shedeur Sanders,shedeur sanders
17,QB,15.71,Aaron Rodgers,aaron rodgers
17,TE,15.69,Trey McBride,trey mcbride
11,RB,15.69,James Cook,james cook
18,RB,15.68,James Cook,james cook
7,RB,15.68,Jacory Croskey-Merritt,jacory croskeymerritt
18,WR,15.66,Ja'Marr Chase,jamarr chase
17,QB,15.66,Max Brosmer,max brosmer
2,QB,15.63,Mac Jones,mac jones
18,QB,15.61,Mitchell Trubisky,mitchell trubisky
1,QB,15.61,Daniel Jones,daniel jones
15,QB,15.61,Kirk Cousins,kirk cousins
12,WR,15.59,CeeDee Lamb,ceedee lamb
13,QB,15.58,Max Brosmer,max brosmer
5,RB,15.57,Saquon Barkley,saquon barkley
16,QB,15.57,Brady Cook,brady cook
15,QB,15.57,Kenny Pickett,kenny pickett
10,RB,15.56,Derrick Henry,derrick henry
7,QB,15.52,Cam Ward,cam ward
8,QB,15.52,Cam Ward,cam ward
16,QB,15.49,Quinn Ewers,quinn ewers
10,RB,15.48,Rico Dowdle,rico dowdle
12,RB,15.48,Saquon Barkley,saquon barkley
18,QB,15.46,Chris Oladokun,chris oladokun
2,WR,15.46,CeeDee Lamb,ceedee lamb
4,RB,15.45,Derrick Henry,derrick henry
9,RB,15.45,Kimani Vidal,kimani vidal
9,WR,15.42,Rashee Rice,rashee rice
2,WR,15.42,Puka Nacua,puka nacua
2,WR,15.41,Justin Jefferson,justin jefferson
5,QB,15.38,C.J. Stroud,cj stroud
12,RB,15.38,Javonte Williams,javonte williams
3,RB,15.37,Jordan Mason,jordan mason
15,RB,15.33,Javonte Williams,javonte williams
10,QB,15.33,Jacoby Brissett,jacoby brissett
15,WR,15.3,Amon-Ra St. Brown,amonra st brown
13,RB,15.29,Breece Hall,breece hall
15,RB,15.29,Josh Jacobs,josh jacobs
13,WR,15.29,Rashee Rice,rashee rice
3,WR,15.28,Malik Nabers,malik nabers
1,QB,15.24,Spencer Rattler,spencer rattler
13,QB,15.22,Cam Ward,cam ward
3,RB,15.21,James Cook,james cook
15,RB,15.21,Quinshon Judkins,quinshon judkins
3,WR,15.2,Jaxon Smith-Njigba,jaxon smithnjigba
14,WR,15.2,Ja'Marr Chase,jamarr chase
8,QB,15.18,Dillon Gabriel,dillon gabriel
4,RB,15.17,Omarion Hampton,omarion hampton
11,RB,15.15,Derrick Henry,derrick henry
10,RB,15.15,Kyren Williams,kyren williams
1,RB,15.14,Derrick Henry,derrick henry
13,WR,15.14,CeeDee Lamb,ceedee lamb
3,WR,15.13,Justin Jefferson,justin jefferson
11,QB,15.12,Dillon Gabriel,dillon gabriel
7,RB,15.11,Quinshon Judkins,quinshon judkins
4,RB,15.11,Jordan Mason,jordan mason
14,WR,15.1,George Pickens,george pickens
18,QB,15.07,Clayton Tune,clayton tune
17,RB,15.05,Saquon Barkley,saquon barkley
14,RB,15.05,Quinshon Judkins,quinshon judkins
3,WR,15.04,Amon-Ra St. Brown,amonra st brown
17,QB,15.04,Tyler Huntley,tyler huntley
12,RB,15.04,Chase Brown,chase brown
9,RB,15.03,Ashton Jeanty,ashton jeanty
7,RB,14.99,Rachaad White,rachaad white
16,RB,14.99,Derrick Henry,derrick henry
15,QB,14.98,Cam Ward,cam ward
7,WR,14.98,CeeDee Lamb,ceedee lamb
1,RB,14.98,Josh Jacobs,josh jacobs
8,WR,14.97,Rashee Rice,rashee rice
1,RB,14.96,Alvin Kamara,alvin kamara
3,RB,14.96,Kyren Williams,kyren williams
14,RB,14.95,Saquon Barkley,saquon barkley
7,WR,14.94,Ja'Marr Chase,jamarr chase
8,WR,14.93,CeeDee Lamb,ceedee lamb
17,RB,14.92,Travis Etienne,travis etienne
7,RB,14.9,Breece Hall,breece hall
12,TE,14.88,Trey McBride,trey mcbride
9,TE,14.88,Trey McBride,trey mcbride
6,QB,14.87,Jacoby Brissett,jacoby brissett
9,QB,14.87,Cam Ward,cam ward
17,RB,14.86,Derrick Henry,derrick henry
2,RB,14.85,James Cook,james cook
17,QB,14.83,Cam Ward,cam ward
2,RB,14.82,Chuba Hubbard,chuba hubbard
15,QB,14.82,Brady Cook,brady cook
5,QB,14.81,Cam Ward,cam ward
15,WR,14.77,CeeDee Lamb,ceedee lamb
17,QB,14.77,Brady Cook,brady cook
16,RB,14.76,Bucky Irving,bucky irving
13,RB,14.75,Josh Jacobs,josh jacobs
6,QB,14.75,Joe Flacco,joe flacco
13,RB,14.73,Javonte Williams,javonte williams
11,WR,14.73,Justin Jefferson,justin jefferson
4,RB,14.73,Kyren Williams,kyren williams
17,WR,14.72,George Pickens,george pickens
7,RB,14.68,Javonte Williams,javonte williams
13,RB,14.68,TreVeyon Henderson,treveyon henderson
11,QB,14.68,Cam Ward,cam ward
3,WR,14.67,Zay Flowers,zay flowers
4,WR,14.67,Jaxon Smith-Njigba,jaxon smithnjigba
5,RB,14.66,Ashton Jeanty,ashton jeanty
1,WR,14.65,Nico Collins,nico collins
16,WR,14.64,CeeDee Lamb,ceedee lamb
5,RB,14.64,Jordan Mason,jordan mason
18,WR,14.63,Amon-Ra St. Brown,amonra st brown
3,WR,14.63,Nico Collins,nico collins
4,RB,14.61,Cam Skattebo,cam skattebo
6,RB,14.61,Rico Dowdle,rico dowdle
11,WR,14.61,Rashee Rice,rashee rice
10,QB,14.61,Davis Mills,davis mills
12,QB,14.6,Cam Ward,cam ward
11,WR,14.6,Drake London,drake london
11,RB,14.58,Chase Brown,chase brown
3,RB,14.58,Javonte Williams,javonte williams
5,WR,14.58,Jaxon Smith-Njigba,jaxon smithnjigba
3,WR,14.58,Ja'Marr Chase,jamarr chase
18,QB,14.56,Cam Ward,cam ward
6,RB,14.56,Derrick Henry,derrick henry
17,QB,14.55,Chris Oladokun,chris oladokun
1,WR,14.55,CeeDee Lamb,ceedee lamb
5,WR,14.55,Amon-Ra St. Brown,amonra st brown
2,QB,14.53,Spencer Rattler,spencer rattler
15,RB,14.52,Woody Marks,woody marks
6,QB,14.5,Cooper Rush,cooper rush
6,WR,14.5,George Pickens,george pickens
13,WR,14.49,George Pickens,george pickens
13,RB,14.48,Saquon Barkley,saquon barkley
13,RB,14.47,Ashton Jeanty,ashton jeanty
7,QB,14.46,Jacoby Brissett,jacoby brissett
4,WR,14.46,Amon-Ra St. Brown,amonra st brown
12,WR,14.44,Tee Higgins,tee higgins
6,WR,14.44,Emeka Egbuka,emeka egbuka
8,RB,14.44,Javonte Williams,javonte williams
12,WR,14.42,Rashee Rice,rashee rice
8,WR,14.4,Emeka Egbuka,emeka egbuka
2,RB,14.39,Tony Pollard,tony pollard
1,WR,14.37,Brian Thomas,brian thomas
5,RB,14.37,Rachaad White,rachaad white
2,WR,14.37,Jaxon Smith-Njigba,jaxon smithnjigba
2,WR,14.36,Nico Collins,nico collins
16,TE,14.35,Trey McBride,trey mcbride
3,RB,14.34,Chuba Hubbard,chuba hubbard
14,RB,14.34,Breece Hall,breece hall
1,WR,14.34,Drake London,drake london
6,RB,14.34,Quinshon Judkins,quinshon judkins
17,RB,14.32,Chase Brown,chase brown
16,WR,14.32,Nico Collins,nico collins
11,RB,14.29,Jaylen Warren,jaylen warren
5,RB,14.29,Breece Hall,breece hall
9,RB,14.26,Kyle Monangai,kyle monangai
10,RB,14.26,Jaylen Warren,jaylen warren
15,WR,14.23,Zay Flowers,zay flowers
12,RB,14.22,Rico Dowdle,rico dowdle
10,RB,14.22,Saquon Barkley,saquon barkley
2,WR,14.21,Brian Thomas,brian thomas
11,RB,14.19,Saquon Barkley,saquon barkley
14,WR,14.19,Amon-Ra St. Brown,amonra st brown
17,RB,14.17,Javonte Williams,javonte williams
18,RB,14.16,Travis Etienne,travis etienne
14,TE,14.14,Trey McBride,trey mcbride
17,RB,14.13,Omarion Hampton,omarion hampton
18,TE,14.12,Trey McBride,trey mcbride
14,RB,14.11,Javonte Williams,javonte williams
10,WR,14.1,Justin Jefferson,justin jefferson
16,QB,14.09,Philip Rivers,philip rivers
5,RB,14.08,Quinshon Judkins,quinshon judkins
5,RB,14.06,Javonte Williams,javonte williams
14,RB,14.06,Chase Brown,chase brown
15,WR,14.01,Nico Collins,nico collins
6,QB,14.0,Cam Ward,cam ward
11,WR,14.0,Nico Collins,nico collins
12,WR,13.95,Chris Olave,chris olave
12,QB,13.95,Shedeur Sanders,shedeur sanders
15,WR,13.95,Rashee Rice,rashee rice
11,RB,13.94,Travis Etienne,travis etienne
16,RB,13.93,Javonte Williams,javonte williams
16,QB,13.93,Cam Ward,cam ward
14,WR,13.91,Rashee Rice,rashee rice
18,WR,13.91,CeeDee Lamb,ceedee lamb
18,QB,13.89,Brady Cook,brady cook
15,RB,13.89,Saquon Barkley,saquon barkley
14,QB,13.89,Cam Ward,cam ward
7,WR,13.89,Davante Adams,davante adams
3,RB,13.86,Ashton Jeanty,ashton jeanty
8,WR,13.86,Justin Jefferson,justin jefferson
14,RB,13.85,Bucky Irving,bucky irving
7,RB,13.83,Cam Skattebo,cam skattebo
10,RB,13.81,Rachaad White,rachaad white
5,RB,13.81,Chase Brown,chase brown
18,RB,13.79,Bucky Irving,bucky irving
2,RB,13.78,Alvin Kamara,alvin kamara
11,TE,13.75,Trey McBride,trey mcbride
12,RB,13.75,Woody Marks,woody marks
13,WR,13.74,Davante Adams,davante adams
15,TE,13.73,Trey McBride,trey mcbride
2,WR,13.72,Amon-Ra St. Brown,amonra st brown
15,WR,13.71,George Pickens,george pickens
6,RB,13.71,Kyren Williams,kyren williams
3,RB,13.67,Tony Pollard,tony pollard
1,RB,13.66,Chuba Hubbard,chuba hubbard
9,RB,13.66,Jaylen Warren,jaylen warren
12,RB,13.65,TreVeyon Henderson,treveyon henderson
3,WR,13.63,Davante Adams,davante adams
9,WR,13.62,Justin Jefferson,justin jefferson
13,TE,13.62,Trey McBride,trey mcbride
7,QB,13.61,Dillon Gabriel,dillon gabriel
8,RB,13.61,J.K. Dobbins,jk dobbins
10,WR,13.61,Drake London,drake london
15,WR,13.6,Davante Adams,davante adams
2,RB,13.6,James Conner,james conner
3,RB,13.58,Breece Hall,breece hall
1,RB,13.58,James Conner,james conner
5,WR,13.57,George Pickens,george pickens
12,WR,13.57,Davante Adams,davante adams
10,RB,13.54,Quinshon Judkins,quinshon judkins
2,RB,13.54,Javonte Williams,javonte williams
1,WR,13.53,Puka Nacua,puka nacua
7,WR,13.52,Justin Jefferson,justin jefferson
16,WR,13.52,A.J. Brown,aj brown
13,WR,13.51,Nico Collins,nico collins
5,WR,13.5,Ja'Marr Chase,jamarr chase
17,RB,13.5,Bucky Irving,bucky irving
17,WR,13.5,Chris Olave,chris olave
14,RB,13.5,Kyren Williams,kyren williams
11,RB,13.5,Woody Marks,woody marks
4,RB,13.48,J.K. Dobbins,jk dobbins
18,RB,13.48,Ashton Jeanty,ashton jeanty
1,RB,13.47,Omarion Hampton,omarion hampton
1,WR,13.45,Amon-Ra St. Brown,amonra st brown
1,RB,13.4,James Cook,james cook
16,RB,13.38,RJ Harvey,rj harvey
12,RB,13.36,Emanuel Wilson,emanuel wilson
3,WR,13.35,Brian Thomas,brian thomas
3,WR,13.34,Garrett Wilson,garrett wilson
18,RB,13.32,RJ Harvey,rj harvey
11,WR,13.3,Jaylen Waddle,jaylen waddle
2,WR,13.3,Malik Nabers,malik nabers
17,WR,13.3,Drake London,drake london
12,WR,13.29,A.J. Brown,aj brown
7,WR,13.29,Nico Collins,nico collins
14,WR,13.29,Nico Collins,nico collins
15,RB,13.29,Travis Etienne,travis etienne
13,RB,13.28,Travis Etienne,travis etienne
14,WR,13.28,Davante Adams,davante adams
12,WR,13.28,DeVonta Smith,devonta smith
7,WR,13.26,Mike Evans,mike evans
2,RB,13.25,Omarion Hampton,omarion hampton
9,WR,13.25,Nico Collins,nico collins
12,WR,13.24,Nico Collins,nico collins
11,WR,13.24,Davante Adams,davante adams
7,WR,13.24,Drake London,drake london
16,RB,13.22,Quinshon Judkins,quinshon judkins
3,WR,13.21,Mike Evans,mike evans
6,WR,13.19,Ja'Marr Chase,jamarr chase
2,RB,13.18,Breece Hall,breece hall
3,WR,13.17,DK Metcalf,dk metcalf
13,RB,13.17,Kyren Williams,kyren williams
12,WR,13.16,Stefon Diggs,stefon diggs
1,WR,13.16,Tyreek Hill,tyreek hill
11,RB,13.14,Rachaad White,rachaad white
16,WR,13.14,George Pickens,george pickens
8,WR,13.12,DeVonta Smith,devonta smith
17,WR,13.12,Nico Collins,nico collins
10,WR,13.12,Nico Collins,nico collins
15,RB,13.11,Bucky Irving,bucky irving
2,WR,13.11,Mike Evans,mike evans
10,RB,13.09,Ashton Jeanty,ashton jeanty
2,WR,13.07,A.J. Brown,aj brown
6,RB,13.04,Jacory Croskey-Merritt,jacory croskeymerritt
17,WR,13.04,Tee Higgins,tee higgins
2,RB,13.03,Tyrone Tracy,tyrone tracy
17,WR,13.0,Jaylen Waddle,jaylen waddle
13,WR,13.0,A.J. Brown,aj brown
5,RB,13.0,Kyren Williams,kyren williams
13,RB,12.99,Jaylen Warren,jaylen warren
3,RB,12.98,Jaylen Warren,jaylen warren
4,RB,12.97,Quinshon Judkins,quinshon judkins
15,RB,12.96,Breece Hall,breece hall
11,WR,12.96,A.J. Brown,aj brown
4,WR,12.95,Nico Collins,nico collins
14,RB,12.95,Ashton Jeanty,ashton jeanty
11,RB,12.95,Quinshon Judkins,quinshon judkins
13,WR,12.94,Zay Flowers,zay flowers
1,WR,12.94,Mike Evans,mike evans
15,RB,12.93,TreVeyon Henderson,treveyon henderson
13,TE,12.92,Brock Bowers,brock bowers
12,RB,12.91,Ashton Jeanty,ashton jeanty
2,WR,12.91,Tee Higgins,tee higgins
12,RB,12.9,Quinshon Judkins,quinshon judkins
17,RB,12.9,Josh Jacobs,josh jacobs
11,WR,12.88,Emeka Egbuka,emeka egbuka
18,WR,12.87,Jameson Williams,jameson williams
3,WR,12.87,Deebo Samuel,deebo samuel
12,WR,12.86,Justin Jefferson,justin jefferson
10,TE,12.86,Brock Bowers,brock bowers
18,RB,12.85,Chase Brown,chase brown
3,RB,12.85,J.K. Dobbins,jk dobbins
3,WR,12.84,Ladd McConkey,ladd mcconkey
10,WR,12.83,Davante Adams,davante adams
5,WR,12.83,Jakobi Meyers,jakobi meyers
12,WR,12.82,George Pickens,george pickens
9,WR,12.82,Jaylen Waddle,jaylen waddle
1,WR,12.82,Malik Nabers,malik nabers
5,WR,12.82,Nico Collins,nico collins
1,WR,12.82,A.J. Brown,aj brown
13,WR,12.81,Jaylen Waddle,jaylen waddle
1,TE,12.81,Brock Bowers,brock bowers
2,WR,12.81,DK Metcalf,dk metcalf
1,RB,12.8,Tony Pollard,tony pollard
5,RB,12.8,Alvin Kamara,alvin kamara
9,WR,12.79,Drake London,drake london
17,RB,12.78,Jaylen Warren,jaylen warren
4,RB,12.78,Trey Benson,trey benson
2,WR,12.77,Ladd McConkey,ladd mcconkey
13,RB,12.77,Chase Brown,chase brown
3,RB,12.77,James Conner,james conner
15,WR,12.77,Jaylen Waddle,jaylen waddle
18,WR,12.76,George Pickens,george pickens
14,WR,12.76,Chris Olave,chris olave
16,RB,12.75,Travis Etienne,travis etienne
4,WR,12.75,Davante Adams,davante adams
13,RB,12.74,Rico Dowdle,rico dowdle
13,RB,12.73,Bucky Irving,bucky irving
9,WR,12.73,Zay Flowers,zay flowers
11,RB,12.72,Kyren Williams,kyren williams
4,RB,12.71,Alvin Kamara,alvin kamara
6,WR,12.7,Tetairoa McMillan,tetairoa mcmillan
4,WR,12.7,Malik Nabers,malik nabers
4,WR,12.7,Ja'Marr Chase,jamarr chase
12,RB,12.69,Kenneth Walker,kenneth walker
2,RB,12.68,D'Andre Swift,dandre swift
4,RB,12.68,Tony Pollard,tony pollard
2,WR,12.67,Drake London,drake london
1,WR,12.66,Ladd McConkey,ladd mcconkey
5,WR,12.65,Garrett Wilson,garrett wilson
12,TE,12.64,George Kittle,george kittle
7,RB,12.63,J.K. Dobbins,jk dobbins
9,WR,12.62,Davante Adams,davante adams
8,RB,12.62,Cam Skattebo,cam skattebo
3,RB,12.62,Jacory Croskey-Merritt,jacory croskeymerritt
11,WR,12.61,DeVonta Smith,devonta smith
16,TE,12.6,George Kittle,george kittle
5,WR,12.6,Justin Jefferson,justin jefferson
10,WR,12.59,Emeka Egbuka,emeka egbuka
2,RB,12.59,J.K. Dobbins,jk dobbins
7,WR,12.57,Rashee Rice,rashee rice
18,WR,12.56,Drake London,drake london
10,TE,12.56,Trey McBride,trey mcbride
3,TE,12.55,Trey McBride,trey mcbride
7,RB,12.55,Jordan Mason,jordan mason
5,WR,12.54,Deebo Samuel,deebo samuel
5,WR,12.54,Emeka Egbuka,emeka egbuka
1,RB,12.54,TreVeyon Henderson,treveyon henderson
17,WR,12.54,Mike Evans,mike evans
18,RB,12.53,Audric Estime,audric estime
13,WR,12.52,Chris Olave,chris olave
1,WR,12.52,Terry McLaurin,terry mclaurin
16,WR,12.51,Jameson Williams,jameson williams
10,RB,12.51,Breece Hall,breece hall
12,RB,12.5,Kyren Williams,kyren williams
16,WR,12.5,Mike Evans,mike evans
7,WR,12.49,DK Metcalf,dk metcalf
10,WR,12.49,Zay Flowers,zay flowers
6,WR,12.49,Ladd McConkey,ladd mcconkey
10,WR,12.48,Chris Olave,chris olave
4,RB,12.48,Kenny Gainwell,kenny gainwell
8,WR,12.47,Zay Flowers,zay flowers
15,WR,12.45,A.J. Brown,aj brown
3,RB,12.42,Nick Chubb,nick chubb
17,RB,12.42,Kyren Williams,kyren williams
16,RB,12.41,Omarion Hampton,omarion hampton
8,WR,12.39,Chris Olave,chris olave
16,WR,12.39,Drake London,drake london
5,WR,12.39,Zay Flowers,zay flowers
17,RB,12.38,RJ Harvey,rj harvey
13,RB,12.38,Kimani Vidal,kimani vidal
11,WR,12.38,Ladd McConkey,ladd mcconkey
14,WR,12.37,A.J. Brown,aj brown
15,RB,12.37,RJ Harvey,rj harvey
13,RB,12.36,Quinshon Judkins,quinshon judkins
5,WR,12.34,Tetairoa McMillan,tetairoa mcmillan
4,WR,12.34,Justin Jefferson,justin jefferson
5,QB,12.34,Cooper Rush,cooper rush
13,WR,12.33,Ladd McConkey,ladd mcconkey
1,WR,12.33,Jaxon Smith-Njigba,jaxon smithnjigba
2,WR,12.33,Tyreek Hill,tyreek hill
5,RB,12.32,Rico Dowdle,rico dowdle
10,WR,12.32,Jaylen Waddle,jaylen waddle
15,WR,12.32,Chris Olave,chris olave
3,WR,12.31,Terry McLaurin,terry mclaurin
12,WR,12.31,Zay Flowers,zay flowers
18,WR,12.3,Michael Wilson,michael wilson
3,WR,12.29,Tyreek Hill,tyreek hill
4,RB,12.29,Javonte Williams,javonte williams
8,RB,12.29,Breece Hall,breece hall
14,WR,12.29,Jameson Williams,jameson williams
10,WR,12.28,A.J. Brown,aj brown
16,RB,12.28,Ashton Jeanty,ashton jeanty
2,WR,12.27,Garrett Wilson,garrett wilson
6,RB,12.27,Breece Hall,breece hall
12,WR,12.27,Tetairoa McMillan,tetairoa mcmillan
6,WR,12.27,Zay Flowers,zay flowers
4,RB,12.27,Chuba Hubbard,chuba hubbard
2,TE,12.26,Trey McBride,trey mcbride
15,RB,12.25,Kyren Williams,kyren williams
3,WR,12.25,Drake London,drake london
6,WR,12.25,Garrett Wilson,garrett wilson
1,WR,12.23,Tee Higgins,tee higgins
11,WR,12.23,Stefon Diggs,stefon diggs
3,RB,12.23,D'Andre Swift,dandre swift
16,WR,12.23,Tee Higgins,tee higgins
16,RB,12.22,Rico Dowdle,rico dowdle
9,WR,12.22,DK Metcalf,dk metcalf
12,WR,12.21,Emeka Egbuka,emeka egbuka
7,WR,12.2,George Pickens,george pickens
6,WR,12.2,Xavier Worthy,xavier worthy
4,WR,12.18,George Pickens,george pickens
8,RB,12.18,Quinshon Judkins,quinshon judkins
4,RB,12.17,Ashton Jeanty,ashton jeanty
4,WR,12.17,Jakobi Meyers,jakobi meyers
18,WR,12.17,Tetairoa McMillan,tetairoa mcmillan
11,RB,12.15,Aaron Jones,aaron jones
12,TE,12.14,Brock Bowers,brock bowers
16,WR,12.14,Tetairoa McMillan,tetairoa mcmillan
9,WR,12.14,George Pickens,george pickens
9,WR,12.14,Stefon Diggs,stefon diggs
16,RB,12.13,Kyren Williams,kyren williams
15,RB,12.13,Ashton Jeanty,ashton jeanty
11,RB,12.12,Breece Hall,breece hall
17,RB,12.12,Aaron Jones,aaron jones
16,RB,12.12,TreVeyon Henderson,treveyon henderson
15,TE,12.12,George Kittle,george kittle
1,RB,12.12,Jaylen Warren,jaylen warren
9,WR,12.1,Ladd McConkey,ladd mcconkey
9,WR,12.09,Marvin Harrison,marvin harrison
1,WR,12.09,DK Metcalf,dk metcalf
6,WR,12.09,Deebo Samuel,deebo samuel
9,TE,12.09,George Kittle,george kittle
16,RB,12.08,Chase Brown,chase brown
13,WR,12.08,DeVonta Smith,devonta smith
3,RB,12.08,Alvin Kamara,alvin kamara
12,RB,12.08,Kareem Hunt,kareem hunt
4,WR,12.07,A.J. Brown,aj brown
4,RB,12.07,Breece Hall,breece hall
1,WR,12.07,Tetairoa McMillan,tetairoa mcmillan
7,WR,12.07,Rome Odunze,rome odunze
3,TE,12.06,Brock Bowers,brock bowers
10,WR,12.05,Garrett Wilson,garrett wilson
9,WR,12.04,Chris Olave,chris olave
13,RB,12.04,RJ Harvey,rj harvey
11,WR,12.04,George Pickens,george pickens
14,TE,12.03,Brock Bowers,brock bowers
4,TE,12.02,Brock Bowers,brock bowers
14,WR,12.02,Michael Wilson,michael wilson
6,WR,12.01,Courtland Sutton,courtland sutton
4,WR,12.0,Emeka Egbuka,emeka egbuka
11,RB,12.0,RJ Harvey,rj harvey
9,TE,11.99,Tucker Kraft,tucker kraft
1,RB,11.98,Breece Hall,breece hall
16,WR,11.98,Jaylen Waddle,jaylen waddle
14,RB,11.97,Kenneth Walker,kenneth walker
12,RB,11.97,Travis Etienne,travis etienne
13,WR,11.97,Emeka Egbuka,emeka egbuka
9,WR,11.96,Rome Odunze,rome odunze
15,RB,11.95,Devin Neal,devin neal
1,WR,11.95,Jerry Jeudy,jerry jeudy
17,RB,11.94,Breece Hall,breece hall
13,RB,11.94,Kenneth Walker,kenneth walker
10,WR,11.94,DeVonta Smith,devonta smith
16,RB,11.94,Kenny Gainwell,kenny gainwell
3,WR,11.94,Rome Odunze,rome odunze
16,WR,11.94,Ladd McConkey,ladd mcconkey
9,RB,11.93,Tyrone Tracy,tyrone tracy
1,WR,11.93,Xavier Worthy,xavier worthy
16,WR,11.92,Chris Olave,chris olave
4,WR,11.9,Garrett Wilson,garrett wilson
2,WR,11.9,Davante Adams,davante adams
4,RB,11.9,Kenneth Walker,kenneth walker
15,WR,11.9,Justin Jefferson,justin jefferson
7,TE,11.9,George Kittle,george kittle
4,WR,11.89,Tetairoa McMillan,tetairoa mcmillan
2,WR,11.87,Courtland Sutton,courtland sutton
6,WR,11.86,Jaylen Waddle,jaylen waddle
16,RB,11.86,Aaron Jones,aaron jones
14,WR,11.86,Tee Higgins,tee higgins
4,WR,11.85,Brian Thomas,brian thomas
16,WR,11.84,Michael Wilson,michael wilson
16,WR,11.84,DK Metcalf,dk metcalf
5,WR,11.84,Davante Adams,davante adams
8,RB,11.83,Rhamondre Stevenson,rhamondre stevenson
18,WR,11.83,Zay Flowers,zay flowers
2,RB,11.83,Jordan Mason,jordan mason
8,WR,11.83,Courtland Sutton,courtland sutton
12,RB,11.83,Jaylen Warren,jaylen warren
10,WR,11.82,Wan'Dale Robinson,wandale robinson
10,RB,11.82,D'Andre Swift,dandre swift
12,WR,11.81,Jameson Williams,jameson williams
4,WR,11.81,Ladd McConkey,ladd mcconkey
7,WR,11.81,Tetairoa McMillan,tetairoa mcmillan
18,RB,11.8,Jordan Mason,jordan mason
6,WR,11.8,A.J. Brown,aj brown
2,WR,11.8,George Pickens,george pickens
5,WR,11.8,Brian Thomas,brian thomas
6,RB,11.78,Kenneth Walker,kenneth walker
11,RB,11.78,D'Andre Swift,dandre swift
4,RB,11.78,D'Andre Swift,dandre swift
1,RB,11.78,Aaron Jones,aaron jones
2,RB,11.78,Travis Etienne,travis etienne
8,RB,11.77,Jaylen Warren,jaylen warren
15,RB,11.75,Kenneth Walker,kenneth walker
6,WR,11.75,Drake London,drake london
6,WR,11.75,Rome Odunze,rome odunze
2,WR,11.74,Terry McLaurin,terry mclaurin
16,WR,11.73,DeVonta Smith,devonta smith
14,WR,11.73,Jaylen Waddle,jaylen waddle
2,WR,11.73,Tetairoa McMillan,tetairoa mcmillan
4,WR,11.72,Tyreek Hill,tyreek hill
10,RB,11.72,David Montgomery,david montgomery
2,TE,11.72,Brock Bowers,brock bowers
15,RB,11.71,Chase Brown,chase brown
6,WR,11.71,Davante Adams,davante adams
3,WR,11.7,A.J. Brown,aj brown
1,TE,11.7,Trey McBride,trey mcbride
14,WR,11.7,Emeka Egbuka,emeka egbuka
5,TE,11.69,Trey McBride,trey mcbride
17,RB,11.69,Jacory Croskey-Merritt,jacory croskeymerritt
9,WR,11.69,Brian Thomas,brian thomas
6,RB,11.68,J.K. Dobbins,jk dobbins
14,WR,11.68,Zay Flowers,zay flowers
15,TE,11.67,Harold Fannin,harold fannin
1,RB,11.67,David Montgomery,david montgomery
5,RB,11.66,Travis Etienne,travis etienne
17,RB,11.65,Kenneth Walker,kenneth walker
2,RB,11.64,Jaylen Warren,jaylen warren
16,WR,11.64,Zay Flowers,zay flowers
9,RB,11.63,Chase Brown,chase brown
18,RB,11.63,Tyrone Tracy,tyrone tracy
4,TE,11.63,Trey McBride,trey mcbride
2,WR,11.61,Jakobi Meyers,jakobi meyers
5,WR,11.6,Quentin Johnston,quentin johnston
10,WR,11.59,Deebo Samuel,deebo samuel
3,WR,11.58,Jakobi Meyers,jakobi meyers
9,RB,11.57,TreVeyon Henderson,treveyon henderson
4,WR,11.57,Rome Odunze,rome odunze
1,WR,11.57,Garrett Wilson,garrett wilson
12,RB,11.56,D'Andre Swift,dandre swift
6,WR,11.56,Brian Thomas,brian thomas
15,RB,11.55,Jaylen Warren,jaylen warren
1,RB,11.55,Kenneth Walker,kenneth walker
2,WR,11.54,Marvin Harrison,marvin harrison
12,RB,11.54,Breece Hall,breece hall
6,TE,11.54,Trey McBride,trey mcbride
7,WR,11.54,Emeka Egbuka,emeka egbuka
15,WR,11.54,DeVonta Smith,devonta smith
17,WR,11.53,Stefon Diggs,stefon diggs
9,WR,11.53,Michael Pittman,michael pittman
9,WR,11.52,Deebo Samuel,deebo samuel
10,WR,11.52,Stefon Diggs,stefon diggs
8,TE,11.52,George Kittle,george kittle
4,WR,11.52,Ricky Pearsall,ricky pearsall
1,TE,11.52,George Kittle,george kittle
11,WR,11.51,Zay Flowers,zay flowers
15,WR,11.51,Tetairoa McMillan,tetairoa mcmillan
18,RB,11.51,Jaylen Warren,jaylen warren
8,RB,11.5,Woody Marks,woody marks
8,RB,11.49,Alvin Kamara,alvin kamara
15,WR,11.49,DK Metcalf,dk metcalf
18,RB,11.48,Tank Bigsby,tank bigsby
11,TE,11.48,George Kittle,george kittle
6,WR,11.48,DK Metcalf,dk metcalf
7,RB,11.47,Kimani Vidal,kimani vidal
14,RB,11.46,RJ Harvey,rj harvey
18,TE,11.46,George Kittle,george kittle
1,WR,11.46,Courtland Sutton,courtland sutton
6,WR,11.46,Stefon Diggs,stefon diggs
16,RB,11.46,Breece Hall,breece hall
4,RB,11.45,Travis Etienne,travis etienne
18,RB,11.44,D'Andre Swift,dandre swift
15,WR,11.44,Jameson Williams,jameson williams
2,WR,11.44,Deebo Samuel,deebo samuel
9,TE,11.43,Tyler Warren,tyler warren
17,WR,11.43,Jameson Williams,jameson williams
7,WR,11.43,Jaylen Waddle,jaylen waddle
10,RB,11.42,Kimani Vidal,kimani vidal
12,RB,11.42,Alvin Kamara,alvin kamara
15,WR,11.42,Wan'Dale Robinson,wandale robinson
7,WR,11.42,Courtland Sutton,courtland sutton
7,WR,11.41,Chris Olave,chris olave
2,WR,11.41,Calvin Ridley,calvin ridley
18,WR,11.41,Mike Evans,mike evans
15,RB,11.4,Aaron Jones,aaron jones
9,RB,11.4,J.K. Dobbins,jk dobbins
3,WR,11.38,Tetairoa McMillan,tetairoa mcmillan
18,RB,11.37,Jaydon Blue,jaydon blue
10,RB,11.37,TreVeyon Henderson,treveyon henderson
5,WR,11.36,A.J. Brown,aj brown
13,RB,11.35,Woody Marks,woody marks
2,RB,11.35,David Montgomery,david montgomery
8,RB,11.34,Kimani Vidal,kimani vidal
1,RB,11.34,Isiah Pacheco,isiah pacheco
14,WR,11.34,Justin Jefferson,justin jefferson
2,WR,11.33,DJ Moore,dj moore
1,RB,11.33,Tyrone Tracy,tyrone tracy
1,WR,11.32,Jaylen Waddle,jaylen waddle
5,WR,11.31,Jaylen Waddle,jaylen waddle
3,WR,11.3,Ricky Pearsall,ricky pearsall
4,WR,11.3,Drake London,drake london
4,WR,11.29,Chris Olave,chris olave
3,WR,11.27,Chris Olave,chris olave
5,RB,11.27,J.K. Dobbins,jk dobbins
1,WR,11.27,Davante Adams,davante adams
9,RB,11.27,Jacory Croskey-Merritt,jacory croskeymerritt
3,RB,11.26,Travis Etienne,travis etienne
9,RB,11.26,Zonovan Knight,zonovan knight
7,WR,11.26,Kendrick Bourne,kendrick bourne
9,WR,11.25,Tee Higgins,tee higgins
8,WR,11.25,Jaylen Waddle,jaylen waddle
9,WR,11.25,Keenan Allen,keenan allen
4,RB,11.23,Chase Brown,chase brown
8,WR,11.23,George Pickens,george pickens
8,WR,11.23,DK Metcalf,dk metcalf
7,TE,11.23,Trey McBride,trey mcbride
14,WR,11.23,DeVonta Smith,devonta smith
18,WR,11.22,Justin Jefferson,justin jefferson
17,WR,11.22,Zay Flowers,zay flowers
6,TE,11.21,Jake Ferguson,jake ferguson
11,WR,11.21,Deebo Samuel,deebo samuel
1,WR,11.21,DeVonta Smith,devonta smith
6,WR,11.2,Keenan Allen,keenan allen
1,RB,11.2,Jerome Ford,jerome ford
9,WR,11.2,Khalil Shakir,khalil shakir
18,WR,11.19,Tee Higgins,tee higgins
9,RB,11.18,Travis Etienne,travis etienne
9,WR,11.17,Wan'Dale Robinson,wandale robinson
10,RB,11.17,Woody Marks,woody marks
13,WR,11.17,Tetairoa McMillan,tetairoa mcmillan
12,WR,11.17,DK Metcalf,dk metcalf
7,RB,11.16,Jaylen Warren,jaylen warren
11,WR,11.16,DK Metcalf,dk metcalf
10,WR,11.16,Ladd McConkey,ladd mcconkey
7,WR,11.15,Ladd McConkey,ladd mcconkey
2,WR,11.15,Jerry Jeudy,jerry jeudy
6,RB,11.15,Cam Skattebo,cam skattebo
4,RB,11.15,David Montgomery,david montgomery
16,WR,11.14,Justin Jefferson,justin jefferson
17,RB,11.14,TreVeyon Henderson,treveyon henderson
15,WR,11.13,Ladd McConkey,ladd mcconkey
14,RB,11.13,Aaron Jones,aaron jones
13,RB,11.13,Devin Neal,devin neal
1,WR,11.12,George Pickens,george pickens
1,WR,11.12,Jakobi Meyers,jakobi meyers
4,TE,11.12,Tyler Warren,tyler warren
8,WR,11.12,Tetairoa McMillan,tetairoa mcmillan
4,WR,11.1,Courtland Sutton,courtland sutton
16,WR,11.1,Courtland Sutton,courtland sutton
10,RB,11.1,Travis Etienne,travis etienne
17,WR,11.09,Tetairoa McMillan,tetairoa mcmillan
14,RB,11.09,Jaylen Warren,jaylen warren
2,RB,11.07,TreVeyon Henderson,treveyon henderson
8,RB,11.07,Chase Brown,chase brown
6,RB,11.07,David Montgomery,david montgomery
18,WR,11.06,Jakobi Meyers,jakobi meyers
8,WR,11.06,Ladd McConkey,ladd mcconkey
8,RB,11.05,Jacory Croskey-Merritt,jacory croskeymerritt
10,WR,11.04,Michael Pittman,michael pittman
7,TE,11.02,Tyler Warren,tyler warren
12,RB,11.01,David Montgomery,david montgomery
7,WR,11.01,Brian Thomas,brian thomas
1,WR,11.01,DJ Moore,dj moore
4,WR,11.0,Zay Flowers,zay flowers
18,RB,11.0,Kenneth Walker,kenneth walker
10,WR,11.0,Courtland Sutton,courtland sutton
17,WR,10.99,A.J. Brown,aj brown
17,RB,10.98,D'Andre Swift,dandre swift
18,TE,10.98,Juwan Johnson,juwan johnson
5,WR,10.98,Xavier Worthy,xavier worthy
13,WR,10.97,Khalil Shakir,khalil shakir
4,WR,10.97,Keenan Allen,keenan allen
13,WR,10.96,Stefon Diggs,stefon diggs
14,RB,10.95,Devin Neal,devin neal
17,TE,10.95,Harold Fannin,harold fannin
3,WR,10.95,Marvin Harrison,marvin harrison
7,WR,10.95,Stefon Diggs,stefon diggs
15,WR,10.95,Michael Wilson,michael wilson
9,TE,10.94,Brock Bowers,brock bowers
15,WR,10.94,Deebo Samuel,deebo samuel
1,RB,10.94,D'Andre Swift,dandre swift
15,WR,10.94,Terry McLaurin,terry mclaurin
1,WR,10.94,Chris Olave,chris olave
15,WR,10.93,Stefon Diggs,stefon diggs
9,WR,10.92,Courtland Sutton,courtland sutton
8,TE,10.91,Tyler Warren,tyler warren
10,WR,10.91,DK Metcalf,dk metcalf
3,RB,10.91,David Montgomery,david montgomery
17,RB,10.91,Tyrone Tracy,tyrone tracy
2,RB,10.9,Nick Chubb,nick chubb
17,WR,10.9,Michael Wilson,michael wilson
5,RB,10.89,David Montgomery,david montgomery
16,RB,10.89,Tyrone Tracy,tyrone tracy
8,WR,10.88,Michael Pittman,michael pittman
17,WR,10.88,Courtland Sutton,courtland sutton
1,WR,10.87,Deebo Samuel,deebo samuel
5,RB,10.87,Kenneth Walker,kenneth walker
11,WR,10.86,Tee Higgins,tee higgins
8,WR,10.85,Rome Odunze,rome odunze
11,WR,10.85,Rome Odunze,rome odunze
10,TE,10.84,Sam LaPorta,sam laporta
2,WR,10.84,Chris Olave,chris olave
9,WR,10.84,Tetairoa McMillan,tetairoa mcmillan
6,WR,10.82,DeVonta Smith,devonta smith
16,TE,10.81,Brock Bowers,brock bowers
1,RB,10.81,Austin Ekeler,austin ekeler
16,WR,10.81,Jauan Jennings,jauan jennings
13,RB,10.81,Kenny Gainwell,kenny gainwell
10,RB,10.8,J.K. Dobbins,jk dobbins
15,TE,10.8,Brock Bowers,brock bowers
2,WR,10.78,Zay Flowers,zay flowers
7,RB,10.78,D'Andre Swift,dandre swift
17,WR,10.78,Justin Jefferson,justin jefferson
4,WR,10.77,DK Metcalf,dk metcalf
5,RB,10.77,Tony Pollard,tony pollard
4,WR,10.76,Deebo Samuel,deebo samuel
10,TE,10.75,George Kittle,george kittle
14,WR,10.75,Ladd McConkey,ladd mcconkey
18,RB,10.75,Jaylen Wright,jaylen wright
14,RB,10.74,Travis Etienne,travis etienne
11,WR,10.74,Tetairoa McMillan,tetairoa mcmillan
16,RB,10.73,D'Andre Swift,dandre swift
6,WR,10.72,Marvin Harrison,marvin harrison
17,RB,10.72,Kenny Gainwell,kenny gainwell
8,WR,10.72,Tee Higgins,tee higgins
17,WR,10.7,Marvin Harrison,marvin harrison
14,RB,10.7,Zonovan Knight,zonovan knight
17,WR,10.7,Terry McLaurin,terry mclaurin
11,WR,10.69,Jameson Williams,jameson williams
14,WR,10.69,Terry McLaurin,terry mclaurin
17,WR,10.69,DeVonta Smith,devonta smith
7,RB,10.68,Alvin Kamara,alvin kamara
14,WR,10.68,DK Metcalf,dk metcalf
18,RB,10.68,TreVeyon Henderson,treveyon henderson
10,WR,10.68,Keenan Allen,keenan allen
6,RB,10.67,D'Andre Swift,dandre swift
6,RB,10.67,Jaylen Warren,jaylen warren
8,WR,10.65,Deebo Samuel,deebo samuel
9,RB,10.65,Kareem Hunt,kareem hunt
8,RB,10.64,Rico Dowdle,rico dowdle
2,WR,10.63,Emeka Egbuka,emeka egbuka
4,WR,10.63,Jauan Jennings,jauan jennings
18,RB,10.62,Kenny Gainwell,kenny gainwell
17,WR,10.62,Wan'Dale Robinson,wandale robinson
1,WR,10.62,Calvin Ridley,calvin ridley
13,WR,10.61,Courtland Sutton,courtland sutton
14,WR,10.61,Deebo Samuel,deebo samuel
18,WR,10.61,Darius Slayton,darius slayton
8,RB,10.61,D'Andre Swift,dandre swift
14,WR,10.6,Christian Watson,christian watson
7,RB,10.6,David Montgomery,david montgomery
4,RB,10.6,Nick Chubb,nick chubb
4,WR,10.59,Jameson Williams,jameson williams
2,WR,10.59,DeVonta Smith,devonta smith
7,WR,10.59,A.J. Brown,aj brown
6,RB,10.57,Chase Brown,chase brown
9,RB,10.56,David Montgomery,david montgomery
11,WR,10.56,Quentin Johnston,quentin johnston
8,WR,10.55,Quentin Johnston,quentin johnston
1,RB,10.55,Javonte Williams,javonte williams
5,WR,10.54,Jameson Williams,jameson williams
10,WR,10.54,Romeo Doubs,romeo doubs
8,RB,10.54,Jordan Mason,jordan mason
18,RB,10.54,Rhamondre Stevenson,rhamondre stevenson
12,RB,10.54,Sean Tucker,sean tucker
5,WR,10.54,Ladd McConkey,ladd mcconkey
11,WR,10.54,Wan'Dale Robinson,wandale robinson
7,RB,10.53,Chase Brown,chase brown
7,RB,10.53,Travis Etienne,travis etienne
5,WR,10.53,Keenan Allen,keenan allen
7,WR,10.52,DJ Moore,dj moore
5,WR,10.51,Chris Olave,chris olave
4,WR,10.5,Quentin Johnston,quentin johnston
15,WR,10.5,Khalil Shakir,khalil shakir
12,RB,10.5,Zach Charbonnet,zach charbonnet
8,WR,10.49,Keenan Allen,keenan allen
3,RB,10.49,Omarion Hampton,omarion hampton
14,RB,10.49,Woody Marks,woody marks
13,WR,10.49,Wan'Dale Robinson,wandale robinson
1,TE,10.49,David Njoku,david njoku
18,WR,10.49,Courtland Sutton,courtland sutton
12,RB,10.48,Aaron Jones,aaron jones
3,WR,10.48,DJ Moore,dj moore
16,WR,10.48,Xavier Worthy,xavier worthy
4,WR,10.48,DeVonta Smith,devonta smith
13,TE,10.47,Travis Kelce,travis kelce
13,WR,10.46,Marvin Harrison,marvin harrison
12,RB,10.46,Zonovan Knight,zonovan knight
10,WR,10.45,Tetairoa McMillan,tetairoa mcmillan
2,WR,10.45,Jaylen Waddle,jaylen waddle
10,TE,10.45,Tyler Warren,tyler warren
9,RB,10.45,Kenneth Walker,kenneth walker
6,RB,10.44,Travis Etienne,travis etienne
11,RB,10.44,David Montgomery,david montgomery
8,WR,10.44,Stefon Diggs,stefon diggs
7,WR,10.43,Keenan Allen,keenan allen
7,RB,10.43,Kenneth Walker,kenneth walker
12,WR,10.43,Michael Pittman,michael pittman
18,RB,10.43,Woody Marks,woody marks
5,WR,10.43,Michael Pittman,michael pittman
7,RB,10.41,Rhamondre Stevenson,rhamondre stevenson
13,WR,10.41,Michael Pittman,michael pittman
3,WR,10.41,Wan'Dale Robinson,wandale robinson
13,TE,10.41,Dallas Goedert,dallas goedert
16,TE,10.4,Kyle Pitts,kyle pitts
13,WR,10.4,Deebo Samuel,deebo samuel
7,WR,10.39,Michael Pittman,michael pittman
10,WR,10.39,Jordan Addison,jordan addison
13,WR,10.38,Brian Thomas,brian thomas
3,WR,10.38,Calvin Ridley,calvin ridley
11,WR,10.37,Courtland Sutton,courtland sutton
5,WR,10.37,Wan'Dale Robinson,wandale robinson
14,WR,10.37,Khalil Shakir,khalil shakir
6,WR,10.37,Jauan Jennings,jauan jennings
13,WR,10.36,Justin Jefferson,justin jefferson
3,WR,10.36,Keenan Allen,keenan allen
2,WR,10.36,Jameson Williams,jameson williams
16,RB,10.36,Jaylen Warren,jaylen warren
17,WR,10.35,Jauan Jennings,jauan jennings
15,RB,10.34,Omarion Hampton,omarion hampton
10,WR,10.33,Rome Odunze,rome odunze
9,RB,10.32,Zach Charbonnet,zach charbonnet
17,WR,10.31,Jakobi Meyers,jakobi meyers
4,WR,10.31,Jerry Jeudy,jerry jeudy
1,WR,10.31,Emeka Egbuka,emeka egbuka
5,TE,10.3,Tyler Warren,tyler warren
14,RB,10.3,Chris Rodriguez,chris rodriguez
2,RB,10.29,Aaron Jones,aaron jones
15,RB,10.29,Tyrone Tracy,tyrone tracy
3,WR,10.29,Courtland Sutton,courtland sutton
2,TE,10.29,Travis Kelce,travis kelce
15,WR,10.28,Jauan Jennings,jauan jennings
2,RB,10.28,Kenneth Walker,kenneth walker
12,WR,10.27,Michael Wilson,michael wilson
1,WR,10.27,Jameson Williams,jameson williams
1,WR,10.26,Marvin Harrison,marvin harrison
2,WR,10.26,Marquise Brown,marquise brown
13,WR,10.26,DK Metcalf,dk metcalf
1,RB,10.25,Nick Chubb,nick chubb
1,RB,10.23,RJ Harvey,rj harvey
6,WR,10.23,Chris Olave,chris olave
10,WR,10.22,Khalil Shakir,khalil shakir
3,WR,10.22,DeVonta Smith,devonta smith
13,RB,10.21,Zonovan Knight,zonovan knight
18,QB,10.19,Kenny Pickett,kenny pickett
8,WR,10.19,Jordan Addison,jordan addison
1,WR,10.19,Ricky Pearsall,ricky pearsall
11,WR,10.18,Tre Tucker,tre tucker
18,WR,10.17,Parker Washington,parker washington
11,WR,10.15,Ricky Pearsall,ricky pearsall
3,WR,10.15,Tee Higgins,tee higgins
13,WR,10.15,Jameson Williams,jameson williams
8,WR,10.14,Terry McLaurin,terry mclaurin
14,WR,10.13,Courtland Sutton,courtland sutton
18,RB,10.12,Chris Rodriguez,chris rodriguez
9,TE,10.12,Sam LaPorta,sam laporta
18,RB,10.12,Dylan Sampson,dylan sampson
10,RB,10.11,Tyrone Tracy,tyrone tracy
3,WR,10.11,Marquise Brown,marquise brown
8,WR,10.09,Xavier Worthy,xavier worthy
10,WR,10.08,Marvin Harrison,marvin harrison
7,TE,10.08,Sam LaPorta,sam laporta
11,RB,10.07,Kareem Hunt,kareem hunt
6,RB,10.06,TreVeyon Henderson,treveyon henderson
17,WR,10.06,DJ Moore,dj moore
9,TE,10.06,Oronde Gadsden,oronde gadsden
6,WR,10.05,Jakobi Meyers,jakobi meyers
11,WR,10.05,Jordan Addison,jordan addison
18,WR,10.04,Terry McLaurin,terry mclaurin
2,WR,10.04,Michael Pittman,michael pittman
12,WR,10.02,Jauan Jennings,jauan jennings
16,TE,10.02,Harold Fannin,harold fannin
1,WR,10.02,Zay Flowers,zay flowers
2,WR,10.02,Ricky Pearsall,ricky pearsall
4,WR,10.02,Michael Pittman,michael pittman
15,RB,10.01,Kenny Gainwell,kenny gainwell
5,WR,10.0,Courtland Sutton,courtland sutton
12,WR,10.0,Rome Odunze,rome odunze
18,RB,10.0,Emanuel Wilson,emanuel wilson
7,WR,9.99,Marvin Harrison,marvin harrison
15,WR,9.99,Mike Evans,mike evans
11,RB,9.99,Zonovan Knight,zonovan knight
9,WR,9.98,Jordan Addison,jordan addison
6,RB,9.97,Rhamondre Stevenson,rhamondre stevenson
9,WR,9.97,Xavier Worthy,xavier worthy
8,WR,9.97,Wan'Dale Robinson,wandale robinson
14,RB,9.96,Kareem Hunt,kareem hunt
16,RB,9.95,Audric Estime,audric estime
18,WR,9.95,Stefon Diggs,stefon diggs
14,RB,9.94,D'Andre Swift,dandre swift
12,RB,9.94,Kenny Gainwell,kenny gainwell
6,RB,9.94,Zach Charbonnet,zach charbonnet
12,TE,9.94,Travis Kelce,travis kelce
6,TE,9.93,Tucker Kraft,tucker kraft
7,RB,9.92,Rico Dowdle,rico dowdle
3,WR,9.92,Jameson Williams,jameson williams
15,RB,9.92,Jacory Croskey-Merritt,jacory croskeymerritt
10,RB,9.92,Kenneth Walker,kenneth walker
12,TE,9.91,Tyler Warren,tyler warren
16,WR,9.9,Terry McLaurin,terry mclaurin
7,WR,9.9,Tee Higgins,tee higgins
8,TE,9.89,Tucker Kraft,tucker kraft
3,RB,9.89,Quinshon Judkins,quinshon judkins
7,WR,9.89,Quentin Johnston,quentin johnston
4,WR,9.88,DJ Moore,dj moore
6,RB,9.88,Tony Pollard,tony pollard
16,WR,9.88,Christian Watson,christian watson
3,RB,9.87,Rhamondre Stevenson,rhamondre stevenson
7,WR,9.87,DeVonta Smith,devonta smith
12,RB,9.87,Tyrone Tracy,tyrone tracy
6,TE,9.87,Tyler Warren,tyler warren
13,RB,9.86,D'Andre Swift,dandre swift
6,TE,9.84,Sam LaPorta,sam laporta
3,TE,9.83,Sam LaPorta,sam laporta
1,RB,9.83,J.K. Dobbins,jk dobbins
3,WR,9.83,Keon Coleman,keon coleman
18,RB,9.82,Rico Dowdle,rico dowdle
13,WR,9.81,Quentin Johnston,quentin johnston
18,WR,9.81,DJ Moore,dj moore
7,WR,9.81,Rashid Shaheed,rashid shaheed
10,RB,9.8,Alvin Kamara,alvin kamara
15,RB,9.8,D'Andre Swift,dandre swift
5,WR,9.79,Marvin Harrison,marvin harrison
2,RB,9.78,Zach Charbonnet,zach charbonnet
15,TE,9.78,Kyle Pitts,kyle pitts
3,WR,9.77,Jerry Jeudy,jerry jeudy
16,WR,9.77,Wan'Dale Robinson,wandale robinson
10,RB,9.77,Jacory Croskey-Merritt,jacory croskeymerritt
13,WR,9.77,Darnell Mooney,darnell mooney
10,RB,9.76,Emari Demercado,emari demercado
13,TE,9.76,Oronde Gadsden,oronde gadsden
16,WR,9.75,Keenan Allen,keenan allen
16,WR,9.75,Stefon Diggs,stefon diggs
5,WR,9.74,DeVonta Smith,devonta smith
9,TE,9.73,Travis Kelce,travis kelce
15,WR,9.72,Courtland Sutton,courtland sutton
3,TE,9.71,Travis Kelce,travis kelce
8,WR,9.71,Rashid Shaheed,rashid shaheed
7,WR,9.71,Wan'Dale Robinson,wandale robinson
9,WR,9.7,Jameson Williams,jameson williams
14,RB,9.69,Omarion Hampton,omarion hampton
12,WR,9.68,Khalil Shakir,khalil shakir
10,TE,9.68,Oronde Gadsden,oronde gadsden
13,WR,9.67,Michael Wilson,michael wilson
4,TE,9.67,Sam LaPorta,sam laporta
1,RB,9.67,Zach Charbonnet,zach charbonnet
14,WR,9.66,Jakobi Meyers,jakobi meyers
9,RB,9.65,Woody Marks,woody marks
15,WR,9.65,Emeka Egbuka,emeka egbuka
18,TE,9.65,Michael Mayer,michael mayer
15,WR,9.64,Michael Pittman,michael pittman
18,RB,9.63,Kene Nwangwu,kene nwangwu
7,RB,9.63,Kenny Gainwell,kenny gainwell
15,WR,9.63,Jakobi Meyers,jakobi meyers
14,RB,9.62,David Montgomery,david montgomery
12,WR,9.62,Ricky Pearsall,ricky pearsall
13,WR,9.62,Terry McLaurin,terry mclaurin
3,WR,9.62,Darnell Mooney,darnell mooney
13,TE,9.61,George Kittle,george kittle
4,RB,9.6,Zach Charbonnet,zach charbonnet
16,RB,9.6,Michael Carter,michael carter
1,WR,9.6,Cooper Kupp,cooper kupp
5,RB,9.59,Woody Marks,woody marks
6,WR,9.58,Michael Pittman,michael pittman
13,WR,9.57,Keenan Allen,keenan allen
2,WR,9.57,Keon Coleman,keon coleman
5,TE,9.56,Sam LaPorta,sam laporta
17,WR,9.56,Ladd McConkey,ladd mcconkey
16,WR,9.55,Jakobi Meyers,jakobi meyers
13,TE,9.55,Tyler Warren,tyler warren
18,WR,9.55,Jayden Higgins,jayden higgins
3,WR,9.54,Cooper Kupp,cooper kupp
11,WR,9.54,Jakobi Meyers,jakobi meyers
15,TE,9.53,Mark Andrews,mark andrews
18,TE,9.53,Kyle Pitts,kyle pitts
10,RB,9.52,Zach Charbonnet,zach charbonnet
3,WR,9.51,Jaylen Waddle,jaylen waddle
16,RB,9.51,Kenneth Walker,kenneth walker
9,WR,9.51,Quentin Johnston,quentin johnston
3,WR,9.5,Christian Kirk,christian kirk
14,WR,9.49,DJ Moore,dj moore
7,RB,9.48,Tony Pollard,tony pollard
16,WR,9.48,Chris Godwin,chris godwin
9,WR,9.48,Jakobi Meyers,jakobi meyers
16,WR,9.48,Marvin Harrison,marvin harrison
9,WR,9.48,Jauan Jennings,jauan jennings
15,WR,9.48,Chris Godwin,chris godwin
1,TE,9.47,Travis Kelce,travis kelce
2,WR,9.46,Keenan Allen,keenan allen
1,WR,9.45,Stefon Diggs,stefon diggs
18,TE,9.45,AJ Barner,aj barner
13,WR,9.45,Xavier Worthy,xavier worthy
9,RB,9.45,Rico Dowdle,rico dowdle
1,RB,9.45,Jordan Mason,jordan mason
12,WR,9.45,Alec Pierce,alec pierce
16,WR,9.44,DJ Moore,dj moore
6,RB,9.43,Alvin Kamara,alvin kamara
14,TE,9.41,Kyle Pitts,kyle pitts
5,WR,9.41,Jerry Jeudy,jerry jeudy
15,RB,9.41,Kareem Hunt,kareem hunt
4,WR,9.41,Tee Higgins,tee higgins
4,TE,9.41,Juwan Johnson,juwan johnson
12,WR,9.4,Jakobi Meyers,jakobi meyers
11,WR,9.4,Keenan Allen,keenan allen
16,WR,9.38,Brian Thomas,brian thomas
11,WR,9.38,Khalil Shakir,khalil shakir
6,WR,9.38,Kendrick Bourne,kendrick bourne
14,WR,9.37,Alec Pierce,alec pierce
7,WR,9.36,Jauan Jennings,jauan jennings
12,WR,9.36,Wan'Dale Robinson,wandale robinson
1,RB,9.36,Travis Etienne,travis etienne
3,RB,9.35,Cam Skattebo,cam skattebo
2,WR,9.35,Rashid Shaheed,rashid shaheed
15,RB,9.34,Kyle Monangai,kyle monangai
17,RB,9.34,Woody Marks,woody marks
16,TE,9.33,Dallas Goedert,dallas goedert
13,WR,9.33,Rome Odunze,rome odunze
10,TE,9.33,Dallas Goedert,dallas goedert
10,WR,9.32,Jameson Williams,jameson williams
15,WR,9.32,Alec Pierce,alec pierce
4,WR,9.32,Marvin Harrison,marvin harrison
17,WR,9.31,Michael Pittman,michael pittman
13,RB,9.31,Aaron Jones,aaron jones
16,WR,9.31,Khalil Shakir,khalil shakir
3,WR,9.3,George Pickens,george pickens
11,WR,9.3,Parker Washington,parker washington
13,WR,9.28,Alec Pierce,alec pierce
9,RB,9.28,Alvin Kamara,alvin kamara
5,RB,9.28,Emari Demercado,emari demercado
14,WR,9.27,Brian Thomas,brian thomas
18,RB,9.27,Tony Pollard,tony pollard
3,TE,9.27,Tyler Warren,tyler warren
3,WR,9.27,Emeka Egbuka,emeka egbuka
14,RB,9.27,Kenny Gainwell,kenny gainwell
17,WR,9.26,Deebo Samuel,deebo samuel
5,WR,9.26,Chris Godwin,chris godwin
7,TE,9.26,Zach Ertz,zach ertz
9,WR,9.26,Rashid Shaheed,rashid shaheed
16,RB,9.26,Tony Pollard,tony pollard
13,WR,9.25,Christian Watson,christian watson
2,RB,9.25,Austin Ekeler,austin ekeler
10,WR,9.24,Quentin Johnston,quentin johnston
17,TE,9.24,Hunter Henry,hunter henry
18,RB,9.24,Zach Charbonnet,zach charbonnet
4,WR,9.24,Xavier Worthy,xavier worthy
16,WR,9.24,Jayden Reed,jayden reed
11,TE,9.23,Oronde Gadsden,oronde gadsden
8,WR,9.23,Romeo Doubs,romeo doubs
15,WR,9.23,Christian Watson,christian watson
4,TE,9.23,Tucker Kraft,tucker kraft
8,RB,9.22,Isiah Pacheco,isiah pacheco
2,RB,9.22,Dylan Sampson,dylan sampson
7,TE,9.21,Jake Ferguson,jake ferguson
1,RB,9.21,Dylan Sampson,dylan sampson
13,WR,9.2,Troy Franklin,troy franklin
18,WR,9.2,Luther Burden,luther burden
11,WR,9.2,Jauan Jennings,jauan jennings
6,WR,9.19,Tee Higgins,tee higgins
8,TE,9.18,Travis Kelce,travis kelce
7,RB,9.18,Zach Charbonnet,zach charbonnet
8,RB,9.18,Chuba Hubbard,chuba hubbard
9,WR,9.17,DJ Moore,dj moore
7,WR,9.17,Romeo Doubs,romeo doubs
7,WR,9.17,Tre Tucker,tre tucker
4,WR,9.16,Calvin Ridley,calvin ridley
7,WR,9.16,Jameson Williams,jameson williams
6,WR,9.16,Jerry Jeudy,jerry jeudy
2,TE,9.15,Sam LaPorta,sam laporta
14,RB,9.15,Kyle Monangai,kyle monangai
1,RB,9.15,Jacory Croskey-Merritt,jacory croskeymerritt
5,WR,9.15,Tee Higgins,tee higgins
8,WR,9.14,Jauan Jennings,jauan jennings
1,WR,9.14,Jauan Jennings,jauan jennings
5,WR,9.14,Tre Tucker,tre tucker
6,WR,9.14,Keon Coleman,keon coleman
18,WR,9.14,Jauan Jennings,jauan jennings
3,RB,9.13,Kenny Gainwell,kenny gainwell
10,WR,9.13,Darius Slayton,darius slayton
15,RB,9.13,Rico Dowdle,rico dowdle
2,WR,9.13,Stefon Diggs,stefon diggs
2,WR,9.12,Rome Odunze,rome odunze
12,TE,9.12,Dallas Goedert,dallas goedert
17,RB,9.12,Rico Dowdle,rico dowdle
5,RB,9.11,Zach Charbonnet,zach charbonnet
8,WR,9.11,DJ Moore,dj moore
18,RB,9.1,Kyle Monangai,kyle monangai
4,WR,9.09,Keon Coleman,keon coleman
7,WR,9.09,Xavier Worthy,xavier worthy
14,TE,9.08,Travis Kelce,travis kelce
16,RB,9.08,Jordan Mason,jordan mason
10,WR,9.08,Tre Tucker,tre tucker
17,WR,9.07,Brian Thomas,brian thomas
14,WR,9.06,Michael Pittman,michael pittman
11,WR,9.06,Romeo Doubs,romeo doubs
14,WR,9.05,Chris Godwin,chris godwin
17,RB,9.04,Rhamondre Stevenson,rhamondre stevenson
18,WR,9.04,Brian Thomas,brian thomas
6,WR,9.04,Rashid Shaheed,rashid shaheed
17,RB,9.03,Michael Carter,michael carter
4,WR,9.02,Khalil Shakir,khalil shakir
17,WR,9.02,Alec Pierce,alec pierce
2,WR,9.01,Jauan Jennings,jauan jennings
1,WR,9.01,Rome Odunze,rome odunze
5,WR,9.01,Cooper Kupp,cooper kupp
8,WR,9.01,Darnell Mooney,darnell mooney
17,RB,9.0,Tony Pollard,tony pollard
11,RB,9.0,Tyrone Tracy,tyrone tracy
17,TE,9.0,Kyle Pitts,kyle pitts
15,WR,9.0,Ricky Pearsall,ricky pearsall
17,TE,8.99,Juwan Johnson,juwan johnson
6,WR,8.99,Wan'Dale Robinson,wandale robinson
8,WR,8.99,Khalil Shakir,khalil shakir
1,WR,8.99,Matthew Golden,matthew golden
4,TE,8.99,Jake Ferguson,jake ferguson
10,WR,8.99,Alec Pierce,alec pierce
1,WR,8.99,Michael Pittman,michael pittman
3,WR,8.98,Quentin Johnston,quentin johnston
9,WR,8.98,Romeo Doubs,romeo doubs
6,WR,8.97,Khalil Shakir,khalil shakir
13,RB,8.97,Tyrone Tracy,tyrone tracy
6,WR,8.97,Cooper Kupp,cooper kupp
13,TE,8.97,Mark Andrews,mark andrews
7,WR,8.97,Elic Ayomanor,elic ayomanor
12,WR,8.97,Christian Watson,christian watson
17,WR,8.96,Tre Tucker,tre tucker
5,TE,8.96,Jake Ferguson,jake ferguson
12,TE,8.96,Juwan Johnson,juwan johnson
15,RB,8.96,Jeremy McNichols,jeremy mcnichols
14,TE,8.95,Tyler Warren,tyler warren
14,TE,8.95,Jake Ferguson,jake ferguson
16,TE,8.94,Tyler Warren,tyler warren
17,TE,8.94,Jake Ferguson,jake ferguson
16,TE,8.94,Travis Kelce,travis kelce
11,TE,8.92,Travis Kelce,travis kelce
13,RB,8.92,Kareem Hunt,kareem hunt
14,TE,8.92,Juwan Johnson,juwan johnson
12,WR,8.91,Romeo Doubs,romeo doubs
13,WR,8.91,Tre Tucker,tre tucker
3,TE,8.9,Tucker Kraft,tucker kraft
5,TE,8.9,Juwan Johnson,juwan johnson
15,RB,8.89,Kimani Vidal,kimani vidal
9,TE,8.87,Jake Ferguson,jake ferguson
16,TE,8.86,Juwan Johnson,juwan johnson
11,TE,8.86,Dallas Goedert,dallas goedert
7,RB,8.86,Chuba Hubbard,chuba hubbard
8,TE,8.86,Dallas Goedert,dallas goedert
18,TE,8.86,Brenton Strange,brenton strange
15,TE,8.86,Travis Kelce,travis kelce
13,WR,8.85,Jakobi Meyers,jakobi meyers
13,WR,8.85,Romeo Doubs,romeo doubs
1,WR,8.85,Rashid Shaheed,rashid shaheed
12,RB,8.84,Rachaad White,rachaad white
6,WR,8.84,Jameson Williams,jameson williams
5,WR,8.83,Khalil Shakir,khalil shakir
4,WR,8.83,Jaylen Waddle,jaylen waddle
18,RB,8.82,David Montgomery,david montgomery
14,TE,8.82,Brenton Strange,brenton strange
16,WR,8.82,Deebo Samuel,deebo samuel
15,WR,8.82,DJ Moore,dj moore
5,WR,8.82,Keon Coleman,keon coleman
4,WR,8.81,Cooper Kupp,cooper kupp
7,TE,8.8,Tucker Kraft,tucker kraft
18,WR,8.8,Darius Cooper,darius cooper
9,TE,8.8,Hunter Henry,hunter henry
15,WR,8.8,Xavier Worthy,xavier worthy
17,RB,8.8,Kyle Monangai,kyle monangai
16,WR,8.8,Jalen Coker,jalen coker
12,WR,8.79,Xavier Worthy,xavier worthy
13,TE,8.79,Jake Ferguson,jake ferguson
14,TE,8.79,Mark Andrews,mark andrews
5,WR,8.79,Stefon Diggs,stefon diggs
6,WR,8.78,Romeo Doubs,romeo doubs
1,WR,8.77,Josh Downs,josh downs
14,TE,8.76,Harold Fannin,harold fannin
17,TE,8.76,Tyler Warren,tyler warren
12,WR,8.76,Darnell Mooney,darnell mooney
16,WR,8.75,Quentin Johnston,quentin johnston
5,WR,8.75,Calvin Ridley,calvin ridley
2,WR,8.75,Cooper Kupp,cooper kupp
8,RB,8.74,Tony Pollard,tony pollard
17,RB,8.73,Zach Charbonnet,zach charbonnet
10,WR,8.73,Jauan Jennings,jauan jennings
16,TE,8.72,Oronde Gadsden,oronde gadsden
4,RB,8.72,Rhamondre Stevenson,rhamondre stevenson
3,TE,8.71,Juwan Johnson,juwan johnson
10,RB,8.7,Aaron Jones,aaron jones
11,TE,8.7,Jake Ferguson,jake ferguson
9,WR,8.7,Kayshon Boutte,kayshon boutte
9,TE,8.69,Dalton Kincaid,dalton kincaid
3,WR,8.69,Elic Ayomanor,elic ayomanor
14,WR,8.69,John Metchie,john metchie
16,RB,8.68,Kimani Vidal,kimani vidal
6,WR,8.68,Calvin Ridley,calvin ridley
15,TE,8.68,Tyler Warren,tyler warren
3,WR,8.67,Stefon Diggs,stefon diggs
12,TE,8.67,Kyle Pitts,kyle pitts
5,WR,8.66,Troy Franklin,troy franklin
11,RB,8.66,Chris Rodriguez,chris rodriguez
10,RB,8.65,Devin Singletary,devin singletary
17,WR,8.65,Rashid Shaheed,rashid shaheed
7,WR,8.65,Cooper Kupp,cooper kupp
2,WR,8.64,Jayden Reed,jayden reed
18,WR,8.64,Isaiah Hodgins,isaiah hodgins
5,WR,8.64,Rashid Shaheed,rashid shaheed
12,WR,8.64,Jordan Addison,jordan addison
16,RB,8.64,Nick Chubb,nick chubb
1,TE,8.63,Mark Andrews,mark andrews
12,WR,8.63,Andrei Iosivas,andrei iosivas
15,WR,8.63,Brian Thomas,brian thomas
8,TE,8.62,Jake Ferguson,jake ferguson
17,WR,8.62,Kyle Williams,kyle williams
12,WR,8.62,Tre Tucker,tre tucker
18,WR,8.62,Jerry Jeudy,jerry jeudy
18,RB,8.62,Khalil Herbert,khalil herbert
18,RB,8.61,Chris Brooks,chris brooks
6,WR,8.61,DJ Moore,dj moore
10,TE,8.61,Juwan Johnson,juwan johnson
10,WR,8.59,Troy Franklin,troy franklin
13,TE,8.57,Harold Fannin,harold fannin
3,RB,8.57,Isiah Pacheco,isiah pacheco
14,WR,8.57,Keenan Allen,keenan allen
11,RB,8.57,Tyler Allgeier,tyler allgeier
4,WR,8.56,Rashid Shaheed,rashid shaheed
15,WR,8.56,John Metchie,john metchie
5,WR,8.55,Elic Ayomanor,elic ayomanor
4,RB,8.55,TreVeyon Henderson,treveyon henderson
1,TE,8.55,Sam LaPorta,sam laporta
10,WR,8.54,Rashid Shaheed,rashid shaheed
11,WR,8.54,Mack Hollins,mack hollins
6,WR,8.53,Rashod Bateman,rashod bateman
17,WR,8.53,Khalil Shakir,khalil shakir
14,WR,8.53,Tre Tucker,tre tucker
17,WR,8.52,Chris Godwin,chris godwin
7,RB,8.52,TreVeyon Henderson,treveyon henderson
2,RB,8.52,Jacory Croskey-Merritt,jacory croskeymerritt
11,TE,8.51,Zach Ertz,zach ertz
1,WR,8.5,Khalil Shakir,khalil shakir
9,RB,8.5,Aaron Jones,aaron jones
12,TE,8.5,Mark Andrews,mark andrews
10,WR,8.49,Tez Johnson,tez johnson
18,TE,8.49,Hunter Henry,hunter henry
16,WR,8.47,Adonai Mitchell,adonai mitchell
15,TE,8.47,Dallas Goedert,dallas goedert
17,TE,8.47,AJ Barner,aj barner
10,RB,8.47,Kyle Monangai,kyle monangai
3,RB,8.46,Kareem Hunt,kareem hunt
4,WR,8.46,Stefon Diggs,stefon diggs
11,WR,8.46,Xavier Worthy,xavier worthy
12,TE,8.45,Hunter Henry,hunter henry
14,RB,8.45,Kimani Vidal,kimani vidal
18,WR,8.44,Jahan Dotson,jahan dotson
18,WR,8.43,Tre Tucker,tre tucker
3,RB,8.43,TreVeyon Henderson,treveyon henderson
17,RB,8.42,Blake Corum,blake corum
15,WR,8.4,Jayden Higgins,jayden higgins
9,TE,8.4,Kyle Pitts,kyle pitts
4,RB,8.4,Chris Rodriguez,chris rodriguez
7,WR,8.4,Jordan Addison,jordan addison
17,WR,8.39,Jalen Coker,jalen coker
17,RB,8.39,Samaje Perine,samaje perine
5,RB,8.39,RJ Harvey,rj harvey
3,WR,8.39,Troy Franklin,troy franklin
18,WR,8.39,Jalen Coker,jalen coker
18,WR,8.38,Chris Godwin,chris godwin
2,WR,8.38,Calvin Austin,calvin austin
10,WR,8.38,DJ Moore,dj moore
8,WR,8.37,Keon Coleman,keon coleman
3,WR,8.37,Michael Pittman,michael pittman
7,TE,8.37,Hunter Henry,hunter henry
11,RB,8.36,Kenny Gainwell,kenny gainwell
2,RB,8.36,Isiah Pacheco,isiah pacheco
13,TE,8.36,Zach Ertz,zach ertz
11,TE,8.35,Kyle Pitts,kyle pitts
5,RB,8.35,Michael Carter,michael carter
15,WR,8.35,Keenan Allen,keenan allen
1,RB,8.35,Ollie Gordon,ollie gordon
11,RB,8.35,Emari Demercado,emari demercado
4,WR,8.35,Tre Tucker,tre tucker
4,WR,8.35,Darnell Mooney,darnell mooney
3,WR,8.34,Rashid Shaheed,rashid shaheed
5,RB,8.34,TreVeyon Henderson,treveyon henderson
13,TE,8.34,Juwan Johnson,juwan johnson
2,TE,8.33,Tyler Warren,tyler warren
12,WR,8.33,Parker Washington,parker washington
17,TE,8.33,Darren Waller,darren waller
16,TE,8.32,Dalton Schultz,dalton schultz
3,RB,8.32,Tyrone Tracy,tyrone tracy
4,WR,8.32,Jordan Addison,jordan addison
11,RB,8.32,Tyjae Spears,tyjae spears
16,TE,8.32,Colston Loveland,colston loveland
14,TE,8.32,Zach Ertz,zach ertz
15,WR,8.31,Jordan Addison,jordan addison
14,WR,8.31,Quentin Johnston,quentin johnston
2,RB,8.31,Kenny Gainwell,kenny gainwell
9,WR,8.3,Darnell Mooney,darnell mooney
10,TE,8.3,Hunter Henry,hunter henry
18,TE,8.3,Mark Andrews,mark andrews
2,TE,8.3,David Njoku,david njoku
15,RB,8.29,Tony Pollard,tony pollard
11,RB,8.29,Zach Charbonnet,zach charbonnet
8,WR,8.29,Jerry Jeudy,jerry jeudy
16,WR,8.29,Jayden Higgins,jayden higgins
3,TE,8.28,Jake Ferguson,jake ferguson
17,WR,8.28,Darius Slayton,darius slayton
5,WR,8.28,Kendrick Bourne,kendrick bourne
1,TE,8.28,T.J. Hockenson,tj hockenson
15,TE,8.28,Juwan Johnson,juwan johnson
6,RB,8.28,Hassan Haskins,hassan haskins
3,TE,8.27,Mark Andrews,mark andrews
6,TE,8.27,Travis Kelce,travis kelce
8,WR,8.27,Elic Ayomanor,elic ayomanor
9,WR,8.26,Troy Franklin,troy franklin
9,RB,8.25,Tyjae Spears,tyjae spears
4,WR,8.25,Christian Kirk,christian kirk
16,TE,8.24,Brenton Strange,brenton strange
6,RB,8.24,Kenny Gainwell,kenny gainwell
18,WR,8.24,Deebo Samuel,deebo samuel
12,WR,8.23,Kayshon Boutte,kayshon boutte
18,RB,8.23,Devin Singletary,devin singletary
18,TE,8.22,Tyler Warren,tyler warren
14,WR,8.22,Adonai Mitchell,adonai mitchell
14,TE,8.22,AJ Barner,aj barner
13,RB,8.22,David Montgomery,david montgomery
18,WR,8.21,Chimere Dike,chimere dike
4,TE,8.21,Travis Kelce,travis kelce
16,RB,8.21,Kyle Monangai,kyle monangai
5,WR,8.21,Jordan Addison,jordan addison
1,TE,8.21,Dallas Goedert,dallas goedert
4,WR,8.2,Calvin Austin,calvin austin
4,WR,8.2,Josh Downs,josh downs
12,WR,8.19,Darius Slayton,darius slayton
13,RB,8.19,Tyjae Spears,tyjae spears
17,WR,8.18,Quentin Johnston,quentin johnston
10,WR,8.18,Josh Downs,josh downs
14,TE,8.18,Dalton Kincaid,dalton kincaid
5,RB,8.17,Jacory Croskey-Merritt,jacory croskeymerritt
5,TE,8.17,Travis Kelce,travis kelce
15,RB,8.17,David Montgomery,david montgomery
17,WR,8.16,Adonai Mitchell,adonai mitchell
16,WR,8.16,Rashid Shaheed,rashid shaheed
15,RB,8.16,Devin Singletary,devin singletary
15,WR,8.15,Adonai Mitchell,adonai mitchell
2,RB,8.15,Kareem Hunt,kareem hunt
15,WR,8.14,Tre Tucker,tre tucker
2,TE,8.14,Mark Andrews,mark andrews
6,TE,8.14,Hunter Henry,hunter henry
5,RB,8.13,Rhamondre Stevenson,rhamondre stevenson
15,TE,8.12,Oronde Gadsden,oronde gadsden
2,TE,8.12,T.J. Hockenson,tj hockenson
12,RB,8.12,Devin Singletary,devin singletary
4,TE,8.12,Hunter Henry,hunter henry
11,RB,8.12,Kenneth Walker,kenneth walker
5,TE,8.12,Hunter Henry,hunter henry
17,TE,8.11,Colby Parkinson,colby parkinson
3,WR,8.11,Romeo Doubs,romeo doubs
4,RB,8.11,Jacory Croskey-Merritt,jacory croskeymerritt
14,WR,8.11,Darnell Mooney,darnell mooney
8,TE,8.11,Dalton Schultz,dalton schultz
17,TE,8.1,Brenton Strange,brenton strange
12,RB,8.1,Tyjae Spears,tyjae spears
16,TE,8.1,Darren Waller,darren waller
17,WR,8.1,Josh Downs,josh downs
15,WR,8.1,Darius Slayton,darius slayton
14,TE,8.09,Oronde Gadsden,oronde gadsden
12,TE,8.08,Jake Ferguson,jake ferguson
18,RB,8.08,Tyjae Spears,tyjae spears
13,RB,8.08,Kyle Monangai,kyle monangai
11,WR,8.08,Troy Franklin,troy franklin
4,WR,8.08,Wan'Dale Robinson,wandale robinson
7,RB,8.08,Zonovan Knight,zonovan knight
3,WR,8.07,Khalil Shakir,khalil shakir
8,WR,8.07,Tez Johnson,tez johnson
18,TE,8.07,Travis Kelce,travis kelce
11,WR,8.06,Michael Wilson,michael wilson
4,RB,8.06,Kareem Hunt,kareem hunt
16,WR,8.06,Emeka Egbuka,emeka egbuka
18,WR,8.06,Kevin Austin,kevin austin
15,WR,8.05,Kayshon Boutte,kayshon boutte
14,WR,8.05,Jayden Higgins,jayden higgins
10,TE,8.05,Zach Ertz,zach ertz
14,WR,8.04,Xavier Worthy,xavier worthy
3,WR,8.04,Calvin Austin,calvin austin
10,TE,8.04,Mark Andrews,mark andrews
10,TE,8.03,Dalton Kincaid,dalton kincaid
16,TE,8.03,Hunter Henry,hunter henry
16,WR,8.03,Marquise Brown,marquise brown
18,WR,8.03,Adonai Mitchell,adonai mitchell
17,TE,8.03,Dallas Goedert,dallas goedert
9,RB,8.02,Samaje Perine,samaje perine
3,WR,8.02,Cedric Tillman,cedric tillman
3,TE,8.01,T.J. Hockenson,tj hockenson
17,TE,8.01,Taysom Hill,taysom hill
17,WR,8.01,Jayden Reed,jayden reed
2,WR,8.01,Wan'Dale Robinson,wandale robinson
17,WR,8.01,Luther Burden,luther burden
3,WR,8.01,Jalen Nailor,jalen nailor
2,WR,7.99,Khalil Shakir,khalil shakir
15,WR,7.98,Devaughn Vele,devaughn vele
11,WR,7.98,Rashid Shaheed,rashid shaheed
10,RB,7.98,RJ Harvey,rj harvey
13,TE,7.97,Hunter Henry,hunter henry
13,TE,7.97,Kyle Pitts,kyle pitts
6,TE,7.97,Darren Waller,darren waller
9,WR,7.97,Kendrick Bourne,kendrick bourne
2,WR,7.97,Cedric Tillman,cedric tillman
3,TE,7.96,Dallas Goedert,dallas goedert
9,RB,7.96,Jordan Mason,jordan mason
9,WR,7.96,Tory Horton,tory horton
17,WR,7.96,Jordan Addison,jordan addison
7,RB,7.96,Nick Chubb,nick chubb
11,TE,7.95,Dalton Schultz,dalton schultz
7,TE,7.95,Travis Kelce,travis kelce
9,WR,7.95,Tre Tucker,tre tucker
13,WR,7.94,Jauan Jennings,jauan jennings
15,TE,7.94,Dalton Kincaid,dalton kincaid
14,WR,7.94,Devaughn Vele,devaughn vele
8,WR,7.94,Kendrick Bourne,kendrick bourne
8,TE,7.93,Oronde Gadsden,oronde gadsden
4,TE,7.93,Zach Ertz,zach ertz
9,TE,7.93,Mark Andrews,mark andrews
5,RB,7.92,Isiah Pacheco,isiah pacheco
9,WR,7.92,Darius Slayton,darius slayton
17,RB,7.91,David Montgomery,david montgomery
11,WR,7.91,Tez Johnson,tez johnson
16,RB,7.91,Kareem Hunt,kareem hunt
15,TE,7.91,Hunter Henry,hunter henry
15,TE,7.91,Jake Ferguson,jake ferguson
17,WR,7.89,Ricky Pearsall,ricky pearsall
4,WR,7.89,Elic Ayomanor,elic ayomanor
17,WR,7.89,Christian Watson,christian watson
9,WR,7.88,Parker Washington,parker washington
3,RB,7.88,Trey Benson,trey benson
4,TE,7.88,Dalton Kincaid,dalton kincaid
16,WR,7.88,Jordan Addison,jordan addison
6,TE,7.88,Mark Andrews,mark andrews
2,WR,7.87,Quentin Johnston,quentin johnston
11,WR,7.87,Calvin Ridley,calvin ridley
14,TE,7.87,Dallas Goedert,dallas goedert
11,RB,7.87,Nick Chubb,nick chubb
13,RB,7.86,Zach Charbonnet,zach charbonnet
15,RB,7.85,Rhamondre Stevenson,rhamondre stevenson
16,TE,7.85,Mark Andrews,mark andrews
9,WR,7.85,Calvin Austin,calvin austin
10,TE,7.84,Kyle Pitts,kyle pitts
9,WR,7.84,Josh Downs,josh downs
12,RB,7.84,Rhamondre Stevenson,rhamondre stevenson
8,TE,7.84,Hunter Henry,hunter henry
3,WR,7.83,Joshua Palmer,joshua palmer
18,WR,7.83,Michael Pittman,michael pittman
8,RB,7.83,Aaron Jones,aaron jones
14,RB,7.82,Tyjae Spears,tyjae spears
5,RB,7.82,Kareem Hunt,kareem hunt
16,RB,7.82,Samaje Perine,samaje perine
10,WR,7.81,Darnell Mooney,darnell mooney
11,TE,7.81,Hunter Henry,hunter henry
9,WR,7.8,Keon Coleman,keon coleman
7,TE,7.79,Dallas Goedert,dallas goedert
11,WR,7.79,Malik Washington,malik washington
13,TE,7.79,Dalton Schultz,dalton schultz
16,RB,7.79,Blake Corum,blake corum
4,TE,7.79,David Njoku,david njoku
5,WR,7.78,Darius Slayton,darius slayton
12,RB,7.78,Bhayshul Tuten,bhayshul tuten
15,RB,7.78,Jordan Mason,jordan mason
13,TE,7.77,Brenton Strange,brenton strange
10,WR,7.77,Christian Kirk,christian kirk
8,TE,7.77,Zach Ertz,zach ertz
9,RB,7.77,Tony Pollard,tony pollard
16,TE,7.76,Jake Ferguson,jake ferguson
15,TE,7.76,AJ Barner,aj barner
1,TE,7.75,Evan Engram,evan engram
15,WR,7.75,Josh Downs,josh downs
4,WR,7.75,Matthew Golden,matthew golden
13,RB,7.74,Blake Corum,blake corum
8,TE,7.73,Mark Andrews,mark andrews
6,RB,7.73,Michael Carter,michael carter
18,RB,7.73,Raheim Sanders,raheim sanders
10,WR,7.73,Rashod Bateman,rashod bateman
1,WR,7.73,Adam Thielen,adam thielen
7,RB,7.73,Woody Marks,woody marks
8,TE,7.72,Dalton Kincaid,dalton kincaid
3,WR,7.72,Josh Downs,josh downs
15,WR,7.72,Darnell Mooney,darnell mooney
14,WR,7.72,Jerry Jeudy,jerry jeudy
9,TE,7.72,Zach Ertz,zach ertz
14,TE,7.72,Dalton Schultz,dalton schultz
7,RB,7.72,Hassan Haskins,hassan haskins
7,WR,7.72,Matthew Golden,matthew golden
10,WR,7.71,Calvin Austin,calvin austin
14,WR,7.71,Luther Burden,luther burden
4,WR,7.71,KaVontae Turpin,kavontae turpin
5,WR,7.71,Malik Washington,malik washington
4,WR,7.69,Marquise Brown,marquise brown
14,WR,7.69,Jordan Addison,jordan addison
5,WR,7.68,Marquise Brown,marquise brown
15,TE,7.68,Theo Johnson,theo johnson
15,RB,7.66,Tyjae Spears,tyjae spears
6,WR,7.66,Elic Ayomanor,elic ayomanor
12,WR,7.65,Cooper Kupp,cooper kupp
14,RB,7.65,Jordan Mason,jordan mason
15,RB,7.65,Blake Corum,blake corum
14,RB,7.65,Blake Corum,blake corum
7,WR,7.65,Jerry Jeudy,jerry jeudy
15,RB,7.65,Tyler Allgeier,tyler allgeier
13,WR,7.64,Parker Washington,parker washington
13,WR,7.64,Kayshon Boutte,kayshon boutte
4,WR,7.64,Cedric Tillman,cedric tillman
1,TE,7.64,Tucker Kraft,tucker kraft
7,TE,7.64,Darren Waller,darren waller
10,TE,7.64,Theo Johnson,theo johnson
15,TE,7.64,Brenton Strange,brenton strange
5,RB,7.63,Nick Chubb,nick chubb
16,RB,7.63,Jawhar Jordan,jawhar jordan
5,TE,7.63,Dalton Kincaid,dalton kincaid
6,WR,7.63,Tre Tucker,tre tucker
15,RB,7.63,Zonovan Knight,zonovan knight
3,WR,7.62,Matthew Golden,matthew golden
13,RB,7.62,Tony Pollard,tony pollard
10,TE,7.62,Colston Loveland,colston loveland
12,WR,7.62,Josh Downs,josh downs
10,TE,7.61,Dalton Schultz,dalton schultz
17,WR,7.61,Parker Washington,parker washington
10,WR,7.61,Keon Coleman,keon coleman
18,RB,7.61,Michael Carter,michael carter
18,RB,7.61,Jaret Patterson,jaret patterson
8,RB,7.6,Tyler Allgeier,tyler allgeier
2,TE,7.6,Tucker Kraft,tucker kraft
15,TE,7.6,Isaiah Likely,isaiah likely
4,TE,7.6,Harold Fannin,harold fannin
17,RB,7.58,Isiah Pacheco,isiah pacheco
16,RB,7.58,Isiah Pacheco,isiah pacheco
17,TE,7.58,Colston Loveland,colston loveland
11,TE,7.57,Mark Andrews,mark andrews
13,WR,7.57,Jayden Higgins,jayden higgins
1,WR,7.56,Xavier Legette,xavier legette
4,WR,7.56,Romeo Doubs,romeo doubs
15,RB,7.56,Zach Charbonnet,zach charbonnet
10,WR,7.56,Jakobi Meyers,jakobi meyers
13,WR,7.55,John Metchie,john metchie
11,WR,7.55,Calvin Austin,calvin austin
7,TE,7.55,Michael Mayer,michael mayer
16,RB,7.55,Chris Rodriguez,chris rodriguez
16,WR,7.54,Mack Hollins,mack hollins
10,TE,7.54,Harold Fannin,harold fannin
6,TE,7.54,Dallas Goedert,dallas goedert
18,WR,7.54,Alec Pierce,alec pierce
3,TE,7.54,Harold Fannin,harold fannin
3,TE,7.52,David Njoku,david njoku
4,TE,7.51,Dallas Goedert,dallas goedert
18,TE,7.51,Colston Loveland,colston loveland
13,TE,7.51,Cade Otton,cade otton
13,WR,7.51,Josh Downs,josh downs
16,RB,7.51,Tyler Allgeier,tyler allgeier
6,RB,7.51,Kimani Vidal,kimani vidal
15,RB,7.51,Chuba Hubbard,chuba hubbard
14,RB,7.51,Zach Charbonnet,zach charbonnet
10,WR,7.51,Parker Washington,parker washington
9,WR,7.5,Chimere Dike,chimere dike
4,WR,7.5,Chris Godwin,chris godwin
15,WR,7.5,Jerry Jeudy,jerry jeudy
9,TE,7.5,Jonnu Smith,jonnu smith
8,RB,7.49,Nick Chubb,nick chubb
1,WR,7.48,Marvin Mims,marvin mims
5,WR,7.48,Christian Kirk,christian kirk
9,WR,7.48,Malik Washington,malik washington
6,TE,7.46,Zach Ertz,zach ertz
5,TE,7.44,Harold Fannin,harold fannin
2,TE,7.44,Harold Fannin,harold fannin
13,WR,7.44,Chimere Dike,chimere dike
3,WR,7.43,Hunter Renfrow,hunter renfrow
16,TE,7.43,Colby Parkinson,colby parkinson
12,TE,7.42,Dalton Schultz,dalton schultz
7,TE,7.42,Harold Fannin,harold fannin
1,WR,7.41,Cedric Tillman,cedric tillman
18,TE,7.4,Chig Okonkwo,chig okonkwo
12,WR,7.4,DJ Moore,dj moore
13,RB,7.39,Isiah Pacheco,isiah pacheco
10,RB,7.39,Jordan Mason,jordan mason
18,WR,7.39,Cooper Kupp,cooper kupp
1,WR,7.39,Keon Coleman,keon coleman
16,RB,7.39,David Montgomery,david montgomery
17,WR,7.39,Xavier Worthy,xavier worthy
11,WR,7.38,DJ Moore,dj moore
5,WR,7.37,Josh Downs,josh downs
9,TE,7.37,Evan Engram,evan engram
17,RB,7.37,Tyjae Spears,tyjae spears
17,WR,7.37,John Metchie,john metchie
7,TE,7.37,Jonnu Smith,jonnu smith
12,TE,7.37,Harold Fannin,harold fannin
18,RB,7.37,Will Shipley,will shipley
10,TE,7.37,T.J. Hockenson,tj hockenson
2,WR,7.37,Xavier Legette,xavier legette
15,WR,7.36,Chimere Dike,chimere dike
3,WR,7.36,Adam Thielen,adam thielen
11,TE,7.36,Mason Taylor,mason taylor
3,TE,7.35,Hunter Henry,hunter henry
2,WR,7.35,Darnell Mooney,darnell mooney
11,WR,7.34,Christian Watson,christian watson
12,RB,7.34,Tony Pollard,tony pollard
16,TE,7.33,AJ Barner,aj barner
4,WR,7.33,Troy Franklin,troy franklin
3,TE,7.33,Kyle Pitts,kyle pitts
13,WR,7.33,DJ Moore,dj moore
18,TE,7.33,Pat Freiermuth,pat freiermuth
7,WR,7.32,Chris Moore,chris moore
1,TE,7.32,Tyler Warren,tyler warren
14,RB,7.32,Tony Pollard,tony pollard
18,WR,7.32,JuJu Smith-Schuster,juju smithschuster
10,WR,7.31,Malik Washington,malik washington
18,WR,7.31,Dante Pettis,dante pettis
12,TE,7.31,Cade Otton,cade otton
9,WR,7.31,Christian Watson,christian watson
16,WR,7.3,Romeo Doubs,romeo doubs
2,TE,7.3,Juwan Johnson,juwan johnson
4,TE,7.3,T.J. Hockenson,tj hockenson
16,TE,7.29,Theo Johnson,theo johnson
1,WR,7.29,Marquise Brown,marquise brown
2,WR,7.29,Romeo Doubs,romeo doubs
9,TE,7.28,Juwan Johnson,juwan johnson
8,TE,7.28,Jonnu Smith,jonnu smith
9,TE,7.28,Theo Johnson,theo johnson
11,RB,7.28,Tony Pollard,tony pollard
9,RB,7.28,Kenny Gainwell,kenny gainwell
8,WR,7.27,Marvin Mims,marvin mims
9,WR,7.27,Alec Pierce,alec pierce
16,WR,7.26,Michael Pittman,michael pittman
16,WR,7.26,John Metchie,john metchie
4,TE,7.26,Mark Andrews,mark andrews
3,RB,7.26,Dylan Sampson,dylan sampson
5,WR,7.25,Jalen Tolbert,jalen tolbert
6,WR,7.24,Matthew Golden,matthew golden
9,WR,7.24,Elic Ayomanor,elic ayomanor
4,RB,7.24,Jeremy McNichols,jeremy mcnichols
3,TE,7.23,Chig Okonkwo,chig okonkwo
4,WR,7.23,Jalen Tolbert,jalen tolbert
2,WR,7.23,Kayshon Boutte,kayshon boutte
17,WR,7.23,Chimere Dike,chimere dike
8,WR,7.23,Darius Slayton,darius slayton
13,TE,7.23,Theo Johnson,theo johnson
5,TE,7.23,Dallas Goedert,dallas goedert
8,TE,7.22,Harold Fannin,harold fannin
9,WR,7.22,Rashod Bateman,rashod bateman
1,RB,7.22,Kaleb Johnson,kaleb johnson
7,WR,7.21,Jordan Whittington,jordan whittington
8,TE,7.21,Mason Taylor,mason taylor
10,TE,7.21,Cade Otton,cade otton
12,WR,7.21,Chimere Dike,chimere dike
3,TE,7.2,Zach Ertz,zach ertz
2,TE,7.2,Hunter Henry,hunter henry
10,WR,7.19,Cooper Kupp,cooper kupp
11,TE,7.19,Theo Johnson,theo johnson
9,TE,7.19,Noah Fant,noah fant
2,RB,7.19,Trey Benson,trey benson
16,RB,7.19,Rhamondre Stevenson,rhamondre stevenson
6,TE,7.19,David Njoku,david njoku
7,WR,7.18,Luke McCaffrey,luke mccaffrey
11,TE,7.18,Cade Otton,cade otton
1,WR,7.18,Keenan Allen,keenan allen
15,WR,7.17,Cooper Kupp,cooper kupp
12,WR,7.17,Rashid Shaheed,rashid shaheed
16,WR,7.17,Darius Slayton,darius slayton
11,RB,7.17,Devin Singletary,devin singletary
10,RB,7.17,Kenny Gainwell,kenny gainwell
7,WR,7.16,Kayshon Boutte,kayshon boutte
6,TE,7.16,Kyle Pitts,kyle pitts
11,TE,7.16,T.J. Hockenson,tj hockenson
7,RB,7.16,Isiah Pacheco,isiah pacheco
18,WR,7.16,Ryan Flournoy,ryan flournoy
13,WR,7.15,Andrei Iosivas,andrei iosivas
15,TE,7.15,Colston Loveland,colston loveland
17,RB,7.14,Devin Singletary,devin singletary
15,WR,7.13,Luther Burden,luther burden
17,RB,7.12,Audric Estime,audric estime
5,TE,7.12,Mark Andrews,mark andrews
8,WR,7.12,Calvin Austin,calvin austin
16,WR,7.11,Jerry Jeudy,jerry jeudy
3,RB,7.1,Rachaad White,rachaad white
13,RB,7.1,Bhayshul Tuten,bhayshul tuten
15,TE,7.1,Mike Gesicki,mike gesicki
13,WR,7.09,Cooper Kupp,cooper kupp
3,RB,7.09,Bhayshul Tuten,bhayshul tuten
11,WR,7.09,Greg Dortch,greg dortch
16,WR,7.08,Tre Tucker,tre tucker
16,RB,7.08,Evan Hull,evan hull
12,RB,7.08,Tyler Allgeier,tyler allgeier
2,WR,7.08,Elic Ayomanor,elic ayomanor
11,WR,7.08,Darnell Mooney,darnell mooney
1,TE,7.08,Kyle Pitts,kyle pitts
12,WR,7.08,Chris Godwin,chris godwin
8,WR,7.07,Josh Downs,josh downs
12,TE,7.07,Theo Johnson,theo johnson
15,WR,7.07,Rashid Shaheed,rashid shaheed
18,WR,7.07,Jordan Addison,jordan addison
2,WR,7.07,Marvin Mims,marvin mims
16,RB,7.06,Zach Charbonnet,zach charbonnet
8,RB,7.05,Tyjae Spears,tyjae spears
3,RB,7.05,Tyler Allgeier,tyler allgeier
14,WR,7.05,Cooper Kupp,cooper kupp
5,TE,7.05,Brenton Strange,brenton strange
13,WR,7.05,Jordan Addison,jordan addison
8,WR,7.04,Kayshon Boutte,kayshon boutte
6,WR,7.04,Ryan Flournoy,ryan flournoy
8,TE,7.03,Cade Otton,cade otton
10,WR,7.03,Olamide Zaccheaus,olamide zaccheaus
2,RB,7.03,Rhamondre Stevenson,rhamondre stevenson
13,WR,7.03,Tez Johnson,tez johnson
17,WR,7.03,Keenan Allen,keenan allen
6,WR,7.02,Jalen Tolbert,jalen tolbert
16,WR,7.02,Kayshon Boutte,kayshon boutte
5,RB,7.01,Chris Rodriguez,chris rodriguez
8,TE,7.01,Kyle Pitts,kyle pitts
14,WR,7.01,Josh Downs,josh downs
17,TE,7.0,Michael Mayer,michael mayer
18,RB,7.0,Kareem Hunt,kareem hunt
18,TE,7.0,Dalton Schultz,dalton schultz
9,TE,6.99,AJ Barner,aj barner
10,WR,6.99,Nick Westbrook-Ikhine,nick westbrookikhine
17,WR,6.98,Cooper Kupp,cooper kupp
5,TE,6.98,David Njoku,david njoku
9,TE,6.98,T.J. Hockenson,tj hockenson
9,RB,6.97,Emanuel Wilson,emanuel wilson
1,WR,6.97,Rashod Bateman,rashod bateman
4,WR,6.96,Tyquan Thornton,tyquan thornton
13,RB,6.96,Devin Singletary,devin singletary
14,WR,6.96,Malik Washington,malik washington
14,WR,6.96,Troy Franklin,troy franklin
13,RB,6.96,Chris Rodriguez,chris rodriguez
1,TE,6.96,Jake Ferguson,jake ferguson
11,TE,6.96,Colston Loveland,colston loveland
6,WR,6.95,Josh Downs,josh downs
17,WR,6.95,Emeka Egbuka,emeka egbuka
18,RB,6.95,Ollie Gordon,ollie gordon
8,RB,6.95,Kenny Gainwell,kenny gainwell
3,WR,6.95,Dyami Brown,dyami brown
18,RB,6.95,Tyler Allgeier,tyler allgeier
10,RB,6.95,Zonovan Knight,zonovan knight
13,WR,6.94,Malik Washington,malik washington
3,WR,6.94,Rashod Bateman,rashod bateman
14,RB,6.94,Samaje Perine,samaje perine
18,WR,6.94,Marquise Brown,marquise brown
6,RB,6.93,RJ Harvey,rj harvey
17,TE,6.93,Travis Kelce,travis kelce
14,TE,6.93,Darren Waller,darren waller
11,WR,6.93,Cooper Kupp,cooper kupp
2,RB,6.92,RJ Harvey,rj harvey
15,TE,6.92,Dalton Schultz,dalton schultz
5,TE,6.92,T.J. Hockenson,tj hockenson
10,WR,6.92,Jerry Jeudy,jerry jeudy
5,TE,6.92,Zach Ertz,zach ertz
1,WR,6.91,DeMario Douglas,demario douglas
3,TE,6.91,Jonnu Smith,jonnu smith
8,TE,6.9,T.J. Hockenson,tj hockenson
6,TE,6.9,Juwan Johnson,juwan johnson
17,WR,6.9,Jerry Jeudy,jerry jeudy
11,WR,6.9,Jerry Jeudy,jerry jeudy
12,WR,6.9,Mack Hollins,mack hollins
16,WR,6.89,Chimere Dike,chimere dike
7,RB,6.89,Tyler Allgeier,tyler allgeier
16,RB,6.88,Tyjae Spears,tyjae spears
6,WR,6.88,Sterling Shepard,sterling shepard
11,TE,6.88,Harold Fannin,harold fannin
17,WR,6.87,Troy Franklin,troy franklin
15,WR,6.87,Romeo Doubs,romeo doubs
13,TE,6.86,Colston Loveland,colston loveland
14,WR,6.86,Chimere Dike,chimere dike
13,WR,6.86,Rashod Bateman,rashod bateman
12,WR,6.86,Greg Dortch,greg dortch
13,WR,6.86,Mack Hollins,mack hollins
7,WR,6.86,Alec Pierce,alec pierce
7,TE,6.85,Mason Taylor,mason taylor
18,WR,6.85,Matthew Golden,matthew golden
12,WR,6.85,Jayden Higgins,jayden higgins
12,TE,6.85,Mason Taylor,mason taylor
1,TE,6.85,Chig Okonkwo,chig okonkwo
13,RB,6.84,Rhamondre Stevenson,rhamondre stevenson
16,WR,6.84,Cooper Kupp,cooper kupp
2,TE,6.84,Chig Okonkwo,chig okonkwo
8,TE,6.84,Juwan Johnson,juwan johnson
17,TE,6.84,Dalton Schultz,dalton schultz
16,WR,6.83,Parker Washington,parker washington
2,TE,6.83,Jonnu Smith,jonnu smith
13,RB,6.83,Sean Tucker,sean tucker
4,WR,6.83,Dontayvion Wicks,dontayvion wicks
16,WR,6.82,Josh Downs,josh downs
16,WR,6.82,Alec Pierce,alec pierce
16,TE,6.82,Dalton Kincaid,dalton kincaid
8,WR,6.82,Rashod Bateman,rashod bateman
1,TE,6.81,Colston Loveland,colston loveland
7,RB,6.81,Michael Carter,michael carter
6,RB,6.8,Kendre Miller,kendre miller
18,TE,6.8,Greg Dulcich,greg dulcich
9,TE,6.79,Dalton Schultz,dalton schultz
2,TE,6.79,Dalton Schultz,dalton schultz
17,TE,6.79,Oronde Gadsden,oronde gadsden
2,WR,6.78,Joshua Palmer,joshua palmer
18,RB,6.78,Jacory Croskey-Merritt,jacory croskeymerritt
13,WR,6.78,Gabe Davis,gabe davis
4,WR,6.77,Sterling Shepard,sterling shepard
5,WR,6.77,Hunter Renfrow,hunter renfrow
3,TE,6.77,Dalton Schultz,dalton schultz
1,WR,6.77,Joshua Palmer,joshua palmer
17,RB,6.77,Dylan Sampson,dylan sampson
13,TE,6.77,Mason Taylor,mason taylor
6,RB,6.77,Kareem Hunt,kareem hunt
6,RB,6.76,Jeremy McNichols,jeremy mcnichols
12,WR,6.76,John Metchie,john metchie
14,TE,6.75,Colston Loveland,colston loveland
17,WR,6.75,Jayden Higgins,jayden higgins
6,RB,6.75,Sean Tucker,sean tucker
11,RB,6.74,Sean Tucker,sean tucker
1,WR,6.74,Wan'Dale Robinson,wandale robinson
5,WR,6.73,Chris Moore,chris moore
14,WR,6.73,Rashid Shaheed,rashid shaheed
10,TE,6.72,Jonnu Smith,jonnu smith
13,RB,6.72,Tyler Allgeier,tyler allgeier
13,WR,6.72,Ricky Pearsall,ricky pearsall
16,RB,6.71,Ty Johnson,ty johnson
18,WR,6.71,Elic Ayomanor,elic ayomanor
11,WR,6.71,Elic Ayomanor,elic ayomanor
12,WR,6.7,Jerry Jeudy,jerry jeudy
16,TE,6.7,T.J. Hockenson,tj hockenson
5,WR,6.69,Isaiah Bond,isaiah bond
14,WR,6.69,Cedric Tillman,cedric tillman
1,WR,6.69,Jayden Higgins,jayden higgins
15,WR,6.69,Mack Hollins,mack hollins
18,RB,6.69,Phil Mafah,phil mafah
18,RB,6.68,Samaje Perine,samaje perine
6,TE,6.68,Jonnu Smith,jonnu smith
16,WR,6.68,Olamide Zaccheaus,olamide zaccheaus
11,RB,6.67,Jacory Croskey-Merritt,jacory croskeymerritt
9,WR,6.67,Olamide Zaccheaus,olamide zaccheaus
2,TE,6.67,Brenton Strange,brenton strange
7,WR,6.67,Jack Bech,jack bech
7,TE,6.67,Kyle Pitts,kyle pitts
18,WR,6.66,Kayshon Boutte,kayshon boutte
12,RB,6.65,Isaiah Davis,isaiah davis
11,TE,6.65,Evan Engram,evan engram
8,TE,6.65,Evan Engram,evan engram
10,WR,6.65,Kendrick Bourne,kendrick bourne
13,RB,6.64,Emanuel Wilson,emanuel wilson
15,TE,6.64,T.J. Hockenson,tj hockenson
3,TE,6.64,Pat Freiermuth,pat freiermuth
8,WR,6.63,Troy Franklin,troy franklin
10,WR,6.62,Sterling Shepard,sterling shepard
4,RB,6.62,Woody Marks,woody marks
14,TE,6.62,Mason Taylor,mason taylor
10,RB,6.62,Nick Chubb,nick chubb
4,RB,6.62,Isiah Pacheco,isiah pacheco
2,WR,6.62,Josh Downs,josh downs
3,TE,6.61,Ja'Tavion Sanders,jatavion sanders
1,WR,6.61,Ray-Ray McCloud,rayray mccloud
18,RB,6.6,Chuba Hubbard,chuba hubbard
12,WR,6.6,Jalen Coker,jalen coker
18,RB,6.6,Emari Demercado,emari demercado
9,WR,6.59,Dyami Brown,dyami brown
3,RB,6.59,Jeremy McNichols,jeremy mcnichols
4,WR,6.58,Hunter Renfrow,hunter renfrow
7,TE,6.58,Cade Otton,cade otton
13,WR,6.58,Darius Slayton,darius slayton
2,TE,6.58,Zach Ertz,zach ertz
12,WR,6.58,Cedric Tillman,cedric tillman
7,RB,6.58,Kareem Hunt,kareem hunt
4,WR,6.58,Joshua Palmer,joshua palmer
14,WR,6.57,Tyler Lockett,tyler lockett
2,TE,6.57,Kyle Pitts,kyle pitts
15,WR,6.57,Troy Franklin,troy franklin
13,WR,6.57,Jerry Jeudy,jerry jeudy
18,RB,6.57,Brashard Smith,brashard smith
2,TE,6.57,Evan Engram,evan engram
3,WR,6.57,Dontayvion Wicks,dontayvion wicks
4,TE,6.56,Kyle Pitts,kyle pitts
11,TE,6.56,Jonnu Smith,jonnu smith
8,TE,6.55,Theo Johnson,theo johnson
8,RB,6.54,Samaje Perine,samaje perine
11,WR,6.54,Marvin Mims,marvin mims
12,TE,6.54,Colston Loveland,colston loveland
10,WR,6.53,Christian Watson,christian watson
10,WR,6.53,DeMario Douglas,demario douglas
8,WR,6.52,Jaylin Noel,jaylin noel
12,TE,6.52,Brenton Strange,brenton strange
14,WR,6.52,Pat Bryant,pat bryant
2,WR,6.51,DeMario Douglas,demario douglas
15,WR,6.5,Tyler Lockett,tyler lockett
14,WR,6.5,Romeo Doubs,romeo doubs
11,RB,6.5,Kyle Monangai,kyle monangai
6,RB,6.49,Isiah Pacheco,isiah pacheco
3,WR,6.49,Kayshon Boutte,kayshon boutte
8,RB,6.48,Justice Hill,justice hill
13,TE,6.47,AJ Barner,aj barner
2,WR,6.47,Rashod Bateman,rashod bateman
4,RB,6.47,Tyler Allgeier,tyler allgeier
12,RB,6.47,Michael Carter,michael carter
7,WR,6.46,Josh Reynolds,josh reynolds
6,RB,6.46,Tyler Allgeier,tyler allgeier
6,TE,6.46,Jake Tonges,jake tonges
18,WR,6.46,Malik Washington,malik washington
3,RB,6.46,RJ Harvey,rj harvey
9,RB,6.46,Nick Chubb,nick chubb
7,RB,6.46,RJ Harvey,rj harvey
7,WR,6.46,Jaylin Lane,jaylin lane
13,RB,6.45,Jordan Mason,jordan mason
12,WR,6.45,Van Jefferson,van jefferson
12,WR,6.45,DeAndre Hopkins,deandre hopkins
13,WR,6.45,Rashid Shaheed,rashid shaheed
4,TE,6.45,Jonnu Smith,jonnu smith
6,WR,6.44,Isaiah Bond,isaiah bond
12,RB,6.44,Kyle Monangai,kyle monangai
10,TE,6.44,Evan Engram,evan engram
4,TE,6.43,Chig Okonkwo,chig okonkwo
14,TE,6.43,T.J. Hockenson,tj hockenson
8,WR,6.42,Matthew Golden,matthew golden
10,TE,6.42,David Njoku,david njoku
8,WR,6.42,Alec Pierce,alec pierce
13,TE,6.42,Darren Waller,darren waller
5,WR,6.41,Demarcus Robinson,demarcus robinson
5,WR,6.4,Marvin Mims,marvin mims
13,WR,6.4,Greg Dortch,greg dortch
17,RB,6.4,Jeremy McNichols,jeremy mcnichols
13,RB,6.4,Ty Johnson,ty johnson
1,TE,6.4,Pat Freiermuth,pat freiermuth
1,TE,6.39,Hunter Henry,hunter henry
6,WR,6.39,Marquise Brown,marquise brown
12,RB,6.39,Blake Corum,blake corum
8,TE,6.39,David Njoku,david njoku
8,RB,6.38,Isaiah Davis,isaiah davis
15,RB,6.38,Samaje Perine,samaje perine
11,WR,6.38,Olamide Zaccheaus,olamide zaccheaus
1,RB,6.38,Rhamondre Stevenson,rhamondre stevenson
18,WR,6.38,John Metchie,john metchie
17,WR,6.38,Treylon Burks,treylon burks
8,WR,6.37,Malik Washington,malik washington
4,RB,6.37,Bhayshul Tuten,bhayshul tuten
3,WR,6.37,Kendrick Bourne,kendrick bourne
13,WR,6.37,Adonai Mitchell,adonai mitchell
6,TE,6.37,Harold Fannin,harold fannin
1,WR,6.37,Tyler Lockett,tyler lockett
10,RB,6.36,Tyler Allgeier,tyler allgeier
12,TE,6.36,Brock Wright,brock wright
11,WR,6.36,Joshua Palmer,joshua palmer
17,TE,6.33,Mark Andrews,mark andrews
17,RB,6.33,Evan Hull,evan hull
12,WR,6.33,Tyler Lockett,tyler lockett
13,TE,6.33,Dawson Knox,dawson knox
5,WR,6.33,Rashod Bateman,rashod bateman
7,TE,6.33,Oronde Gadsden,oronde gadsden
1,TE,6.33,Brenton Strange,brenton strange
4,RB,6.32,Devin Singletary,devin singletary
11,RB,6.32,Jordan Mason,jordan mason
2,WR,6.31,JuJu Smith-Schuster,juju smithschuster
3,WR,6.3,Marvin Mims,marvin mims
18,WR,6.3,Khalil Shakir,khalil shakir
18,TE,6.3,Daniel Bellinger,daniel bellinger
8,WR,6.3,Jayden Higgins,jayden higgins
3,TE,6.3,Cole Kmet,cole kmet
17,RB,6.3,Keaton Mitchell,keaton mitchell
9,RB,6.29,Tyler Allgeier,tyler allgeier
7,TE,6.29,T.J. Hockenson,tj hockenson
7,WR,6.29,Darnell Mooney,darnell mooney
17,WR,6.29,Darnell Mooney,darnell mooney
7,WR,6.28,Tez Johnson,tez johnson
1,TE,6.28,Cade Otton,cade otton
7,TE,6.28,AJ Barner,aj barner
10,WR,6.27,Cedric Tillman,cedric tillman
13,RB,6.27,Keaton Mitchell,keaton mitchell
2,TE,6.27,Ja'Tavion Sanders,jatavion sanders
1,TE,6.26,Ja'Tavion Sanders,jatavion sanders
14,TE,6.26,Evan Engram,evan engram
5,WR,6.26,Sterling Shepard,sterling shepard
6,WR,6.26,Troy Franklin,troy franklin
17,WR,6.26,Adam Thielen,adam thielen
15,WR,6.26,Parker Washington,parker washington
7,TE,6.25,Theo Johnson,theo johnson
7,WR,6.25,Marquise Brown,marquise brown
18,WR,6.25,Isaac TeSlaa,isaac teslaa
11,WR,6.25,Chimere Dike,chimere dike
17,WR,6.24,Elic Ayomanor,elic ayomanor
12,TE,6.24,T.J. Hockenson,tj hockenson
1,TE,6.23,Zach Ertz,zach ertz
18,WR,6.23,Jack Bech,jack bech
4,RB,6.23,RJ Harvey,rj harvey
15,WR,6.23,Marvin Mims,marvin mims
4,RB,6.23,Rico Dowdle,rico dowdle
5,TE,6.23,Dalton Schultz,dalton schultz
15,WR,6.23,Elic Ayomanor,elic ayomanor
6,TE,6.23,AJ Barner,aj barner
14,RB,6.23,Ty Johnson,ty johnson
16,WR,6.21,Darnell Mooney,darnell mooney
11,WR,6.21,Chris Moore,chris moore
12,WR,6.21,Devaughn Vele,devaughn vele
6,TE,6.21,Mason Taylor,mason taylor
18,WR,6.2,Josh Downs,josh downs
12,TE,6.2,David Njoku,david njoku
10,RB,6.2,Sean Tucker,sean tucker
13,TE,6.2,Evan Engram,evan engram
18,WR,6.2,Konata Mumpfield,konata mumpfield
15,RB,6.19,Ty Johnson,ty johnson
17,WR,6.19,Kevin Austin,kevin austin
14,TE,6.18,Cade Otton,cade otton
6,RB,6.18,Zonovan Knight,zonovan knight
15,WR,6.18,Jalen Coker,jalen coker
5,RB,6.18,Jeremy McNichols,jeremy mcnichols
10,TE,6.17,AJ Barner,aj barner
11,TE,6.17,Dawson Knox,dawson knox
4,WR,6.17,Kayshon Boutte,kayshon boutte
15,WR,6.17,Jayden Reed,jayden reed
13,WR,6.16,Devaughn Vele,devaughn vele
8,WR,6.16,Xavier Legette,xavier legette
11,WR,6.16,Jalen Coker,jalen coker
8,WR,6.15,Sterling Shepard,sterling shepard
7,RB,6.15,Kendre Miller,kendre miller
12,WR,6.15,Tez Johnson,tez johnson
18,TE,6.15,Grant Calcaterra,grant calcaterra
17,RB,6.15,Raheim Sanders,raheim sanders
13,WR,6.14,Elic Ayomanor,elic ayomanor
4,TE,6.14,Brenton Strange,brenton strange
4,WR,6.14,Parker Washington,parker washington
12,TE,6.14,AJ Barner,aj barner
6,WR,6.14,Tez Johnson,tez johnson
7,TE,6.13,Dalton Schultz,dalton schultz
5,RB,6.13,Trevor Etienne,trevor etienne
7,WR,6.13,Marvin Mims,marvin mims
9,WR,6.12,Jalen Coker,jalen coker
8,TE,6.12,Colston Loveland,colston loveland
5,RB,6.12,Justice Hill,justice hill
4,TE,6.11,Dalton Schultz,dalton schultz
9,WR,6.11,Mack Hollins,mack hollins
15,WR,6.11,Mitch Tinsley,mitch tinsley
15,TE,6.11,Darren Waller,darren waller
15,WR,6.11,Cedric Tillman,cedric tillman
9,RB,6.11,Michael Carter,michael carter
10,TE,6.1,Mason Taylor,mason taylor
9,RB,6.1,Chuba Hubbard,chuba hubbard
7,TE,6.1,Noah Fant,noah fant
5,RB,6.09,Tyjae Spears,tyjae spears
9,WR,6.09,Matthew Golden,matthew golden
18,WR,6.09,KeAndre Lambert-Smith,keandre lambertsmith
9,WR,6.08,Christian Kirk,christian kirk
17,WR,6.08,Romeo Doubs,romeo doubs
9,WR,6.08,Xavier Legette,xavier legette
7,WR,6.08,Lil'Jordan Humphrey,liljordan humphrey
9,RB,6.08,Brashard Smith,brashard smith
13,WR,6.07,Calvin Austin,calvin austin
2,TE,6.07,Jake Ferguson,jake ferguson
18,WR,6.07,Jalen McMillan,jalen mcmillan
3,TE,6.07,Cade Otton,cade otton
15,WR,6.07,Malik Washington,malik washington
7,TE,6.07,Juwan Johnson,juwan johnson
6,WR,6.07,Alec Pierce,alec pierce
6,RB,6.07,Bhayshul Tuten,bhayshul tuten
9,WR,6.06,Michael Wilson,michael wilson
5,WR,6.06,Kayshon Boutte,kayshon boutte
7,WR,6.06,Tutu Atwell,tutu atwell
13,RB,6.06,Samaje Perine,samaje perine
16,WR,6.05,Malik Washington,malik washington
13,RB,6.04,Michael Carter,michael carter
6,RB,6.04,Tyjae Spears,tyjae spears
1,WR,6.04,Jayden Reed,jayden reed
13,WR,6.04,Jalen Coker,jalen coker
18,WR,6.03,Tre' Harris,tre harris
7,TE,6.02,Evan Engram,evan engram
6,RB,6.02,Chris Rodriguez,chris rodriguez
4,TE,6.02,Pat Freiermuth,pat freiermuth
14,WR,6.0,Jayden Reed,jayden reed
11,WR,6.0,DeAndre Hopkins,deandre hopkins
15,WR,6.0,Isaiah Hodgins,isaiah hodgins
14,TE,6.0,Isaiah Likely,isaiah likely
11,WR,5.99,Tyler Lockett,tyler lockett
13,WR,5.99,Chris Godwin,chris godwin
4,WR,5.99,Tory Horton,tory horton
2,TE,5.98,Tyler Higbee,tyler higbee
5,WR,5.98,Dont'e Thornton,donte thornton
6,TE,5.97,Theo Johnson,theo johnson
3,TE,5.97,Dalton Kincaid,dalton kincaid
13,WR,5.97,Luther Burden,luther burden
14,WR,5.96,Rashod Bateman,rashod bateman
18,RB,5.95,Kimani Vidal,kimani vidal
11,TE,5.95,David Njoku,david njoku
7,WR,5.95,Isaiah Bond,isaiah bond
2,WR,5.95,Michael Wilson,michael wilson
2,TE,5.95,Cole Kmet,cole kmet
11,WR,5.95,Xavier Legette,xavier legette
18,WR,5.95,Darnell Mooney,darnell mooney
6,WR,5.94,Xavier Legette,xavier legette
14,RB,5.94,Tyler Allgeier,tyler allgeier
16,WR,5.94,Elic Ayomanor,elic ayomanor
18,WR,5.94,Christian Kirk,christian kirk
8,RB,5.93,RJ Harvey,rj harvey
14,WR,5.93,Olamide Zaccheaus,olamide zaccheaus
4,WR,5.92,Marvin Mims,marvin mims
4,WR,5.92,Rashod Bateman,rashod bateman
7,RB,5.92,Tyjae Spears,tyjae spears
16,RB,5.92,Malik Davis,malik davis
18,WR,5.92,Marvin Mims,marvin mims
9,RB,5.92,RJ Harvey,rj harvey
5,TE,5.91,Darren Waller,darren waller
11,WR,5.91,Cedric Tillman,cedric tillman
6,WR,5.91,Marvin Mims,marvin mims
12,WR,5.91,Xavier Legette,xavier legette
2,RB,5.91,Tyler Allgeier,tyler allgeier
16,RB,5.91,Emari Demercado,emari demercado
6,TE,5.9,Isaiah Likely,isaiah likely
9,RB,5.9,Bhayshul Tuten,bhayshul tuten
10,TE,5.89,Taysom Hill,taysom hill
13,RB,5.88,Jaleel McLaughlin,jaleel mclaughlin
18,TE,5.88,Isaiah Likely,isaiah likely
10,WR,5.88,Jalen Coker,jalen coker
18,WR,5.88,Treylon Burks,treylon burks
12,WR,5.88,Tim Patrick,tim patrick
11,RB,5.87,Isaiah Davis,isaiah davis
6,WR,5.87,Tre' Harris,tre harris
16,WR,5.87,Isaiah Bond,isaiah bond
1,TE,5.87,Mike Gesicki,mike gesicki
1,WR,5.87,Alec Pierce,alec pierce
3,WR,5.87,Malik Washington,malik washington
6,WR,5.86,Dontayvion Wicks,dontayvion wicks
1,RB,5.86,Rico Dowdle,rico dowdle
2,WR,5.85,Alec Pierce,alec pierce
16,RB,5.85,Jacory Croskey-Merritt,jacory croskeymerritt
12,WR,5.85,Joshua Palmer,joshua palmer
1,WR,5.84,Romeo Doubs,romeo doubs
10,TE,5.83,Luke Musgrave,luke musgrave
15,WR,5.83,David Sills,david sills
16,WR,5.83,Andrei Iosivas,andrei iosivas
12,WR,5.82,Adonai Mitchell,adonai mitchell
13,WR,5.81,Xavier Legette,xavier legette
1,WR,5.81,Michael Wilson,michael wilson
7,RB,5.8,Jeremy McNichols,jeremy mcnichols
13,TE,5.8,Isaiah Likely,isaiah likely
12,WR,5.79,Roman Wilson,roman wilson
15,WR,5.79,Xavier Legette,xavier legette
10,RB,5.79,Bhayshul Tuten,bhayshul tuten
10,WR,5.78,Xavier Legette,xavier legette
13,WR,5.78,Tyler Lockett,tyler lockett
16,TE,5.78,Isaiah Likely,isaiah likely
14,WR,5.78,David Sills,david sills
15,RB,5.78,Emari Demercado,emari demercado
16,RB,5.77,Chuba Hubbard,chuba hubbard
6,RB,5.77,Emari Demercado,emari demercado
3,TE,5.77,Brenton Strange,brenton strange
15,RB,5.76,Rachaad White,rachaad white
18,TE,5.76,Blake Whiteheart,blake whiteheart
17,WR,5.76,Jalen McMillan,jalen mcmillan
13,WR,5.76,Dontayvion Wicks,dontayvion wicks
1,WR,5.76,Dont'e Thornton,donte thornton
5,RB,5.75,Ollie Gordon,ollie gordon
15,TE,5.75,Evan Engram,evan engram
17,WR,5.74,Tre' Harris,tre harris
14,RB,5.74,Bhayshul Tuten,bhayshul tuten
8,WR,5.74,Allen Lazard,allen lazard
12,RB,5.73,Jordan Mason,jordan mason
18,WR,5.73,Malachi Corley,malachi corley
18,WR,5.73,Keenan Allen,keenan allen
14,WR,5.73,Gabe Davis,gabe davis
5,TE,5.72,Chig Okonkwo,chig okonkwo
6,WR,5.72,Kayshon Boutte,kayshon boutte
8,WR,5.71,Xavier Hutchinson,xavier hutchinson
17,WR,5.71,Isaiah Williams,isaiah williams
7,TE,5.71,Tyler Higbee,tyler higbee
11,TE,5.71,AJ Barner,aj barner
12,TE,5.71,Dawson Knox,dawson knox
16,WR,5.71,Pat Bryant,pat bryant
18,WR,5.7,Tyrell Shavers,tyrell shavers
5,TE,5.7,Jake Tonges,jake tonges
10,RB,5.7,Isaiah Davis,isaiah davis
3,RB,5.7,Woody Marks,woody marks
16,TE,5.69,Darnell Washington,darnell washington
13,WR,5.68,Mitch Tinsley,mitch tinsley
10,WR,5.67,Devaughn Vele,devaughn vele
3,WR,5.67,Dont'e Thornton,donte thornton
3,WR,5.67,Sterling Shepard,sterling shepard
5,TE,5.66,Mason Taylor,mason taylor
17,WR,5.66,Marvin Mims,marvin mims
6,TE,5.66,Cade Otton,cade otton
18,WR,5.66,Rashid Shaheed,rashid shaheed
1,RB,5.66,Trey Benson,trey benson
17,RB,5.66,Emari Demercado,emari demercado
13,WR,5.66,Cedric Tillman,cedric tillman
13,WR,5.65,Isaiah Hodgins,isaiah hodgins
18,WR,5.64,Olamide Zaccheaus,olamide zaccheaus
12,WR,5.62,Luther Burden,luther burden
4,RB,5.62,Ray Davis,ray davis
14,WR,5.61,Elic Ayomanor,elic ayomanor
1,TE,5.61,Dalton Kincaid,dalton kincaid
13,RB,5.61,Isaiah Davis,isaiah davis
16,WR,5.61,Isaiah Hodgins,isaiah hodgins
10,WR,5.6,Jack Bech,jack bech
8,TE,5.6,Chig Okonkwo,chig okonkwo
14,WR,5.59,Keon Coleman,keon coleman
10,WR,5.59,Chris Moore,chris moore
6,RB,5.59,Ray Davis,ray davis
15,WR,5.59,Van Jefferson,van jefferson
6,TE,5.59,Evan Engram,evan engram
15,WR,5.59,Andrei Iosivas,andrei iosivas
3,WR,5.58,KaVontae Turpin,kavontae turpin
13,TE,5.58,T.J. Hockenson,tj hockenson
2,WR,5.58,Matthew Golden,matthew golden
16,TE,5.57,Cade Otton,cade otton
2,TE,5.57,Dalton Kincaid,dalton kincaid
12,WR,5.57,Calvin Austin,calvin austin
2,TE,5.57,Cade Otton,cade otton
9,RB,5.57,Justice Hill,justice hill
10,RB,5.56,Emanuel Wilson,emanuel wilson
18,TE,5.56,Cade Otton,cade otton
12,TE,5.56,Mike Gesicki,mike gesicki
1,TE,5.56,Dalton Schultz,dalton schultz
8,WR,5.55,Arian Smith,arian smith
13,TE,5.55,Taysom Hill,taysom hill
8,TE,5.54,Noah Fant,noah fant
17,RB,5.54,Chuba Hubbard,chuba hubbard
16,WR,5.53,Isaiah Williams,isaiah williams
17,WR,5.53,Jalen Nailor,jalen nailor
10,RB,5.53,Terrell Jennings,terrell jennings
11,RB,5.52,Jeremy McNichols,jeremy mcnichols
7,WR,5.52,Jalen Coker,jalen coker
16,RB,5.52,Trayveon Williams,trayveon williams
5,RB,5.52,Sean Tucker,sean tucker
10,WR,5.52,Michael Wilson,michael wilson
8,RB,5.51,TreVeyon Henderson,treveyon henderson
12,RB,5.51,Chris Brooks,chris brooks
11,TE,5.5,Luke Musgrave,luke musgrave
10,RB,5.5,Devin Neal,devin neal
1,RB,5.5,Kareem Hunt,kareem hunt
4,RB,5.5,Hassan Haskins,hassan haskins
18,TE,5.5,Tommy Tremble,tommy tremble
1,WR,5.49,Brandin Cooks,brandin cooks
3,RB,5.49,Jerome Ford,jerome ford
11,WR,5.49,Jayden Higgins,jayden higgins
15,WR,5.48,DeAndre Hopkins,deandre hopkins
7,RB,5.48,Bhayshul Tuten,bhayshul tuten
1,WR,5.48,Calvin Austin,calvin austin
10,WR,5.47,Brandin Cooks,brandin cooks
13,RB,5.46,Raheem Mostert,raheem mostert
12,TE,5.46,Gunnar Helm,gunnar helm
3,RB,5.45,Najee Harris,najee harris
16,WR,5.45,Troy Franklin,troy franklin
2,TE,5.45,Mike Gesicki,mike gesicki
9,WR,5.45,Luke McCaffrey,luke mccaffrey
18,WR,5.44,Theo Wease,theo wease
1,RB,5.43,Tyler Allgeier,tyler allgeier
4,TE,5.43,Cole Kmet,cole kmet
5,RB,5.43,Bhayshul Tuten,bhayshul tuten
11,TE,5.42,Pat Freiermuth,pat freiermuth
17,TE,5.42,Evan Engram,evan engram
18,RB,5.42,Blake Corum,blake corum
17,TE,5.42,Josh Oliver,josh oliver
13,WR,5.42,Tyrell Shavers,tyrell shavers
5,WR,5.42,Joshua Palmer,joshua palmer
5,RB,5.41,Isaiah Davis,isaiah davis
8,WR,5.41,Marquise Brown,marquise brown
17,WR,5.41,Van Jefferson,van jefferson
14,RB,5.41,Isaiah Davis,isaiah davis
8,WR,5.41,Chimere Dike,chimere dike
6,TE,5.41,Michael Mayer,michael mayer
4,WR,5.4,Malik Washington,malik washington
1,WR,5.4,Darius Slayton,darius slayton
9,WR,5.4,Pat Bryant,pat bryant
7,WR,5.39,Sterling Shepard,sterling shepard
5,WR,5.39,Tory Horton,tory horton
5,WR,5.39,JuJu Smith-Schuster,juju smithschuster
12,WR,5.37,Tyrell Shavers,tyrell shavers
9,TE,5.37,Colston Loveland,colston loveland
10,RB,5.37,Jeremy McNichols,jeremy mcnichols
7,WR,5.37,Malik Washington,malik washington
10,WR,5.37,Tyler Johnson,tyler johnson
1,WR,5.36,KaVontae Turpin,kavontae turpin
13,TE,5.36,Jonnu Smith,jonnu smith
18,WR,5.35,Britain Covey,britain covey
1,TE,5.35,Theo Johnson,theo johnson
3,RB,5.34,Kyle Monangai,kyle monangai
18,TE,5.34,Jake Ferguson,jake ferguson
11,TE,5.34,Noah Fant,noah fant
16,WR,5.34,Xavier Legette,xavier legette
7,WR,5.34,Luther Burden,luther burden
7,WR,5.33,Dyami Brown,dyami brown
17,RB,5.33,Tyler Allgeier,tyler allgeier
5,TE,5.33,Tommy Tremble,tommy tremble
12,TE,5.32,Jonnu Smith,jonnu smith
4,RB,5.32,Rachaad White,rachaad white
18,RB,5.32,Jawhar Jordan,jawhar jordan
1,RB,5.32,Rachaad White,rachaad white
11,WR,5.32,Jaylin Lane,jaylin lane
3,RB,5.32,George Holani,george holani
12,TE,5.32,Darnell Washington,darnell washington
15,WR,5.31,Olamide Zaccheaus,olamide zaccheaus
12,WR,5.31,KhaDarel Hodge,khadarel hodge
18,WR,5.3,Isaiah Williams,isaiah williams
2,RB,5.3,Bhayshul Tuten,bhayshul tuten
3,WR,5.3,Alec Pierce,alec pierce
3,RB,5.3,Chris Rodriguez,chris rodriguez
12,WR,5.3,Dontayvion Wicks,dontayvion wicks
4,WR,5.3,Dont'e Thornton,donte thornton
2,WR,5.3,Dont'e Thornton,donte thornton
11,RB,5.3,Bhayshul Tuten,bhayshul tuten
18,WR,5.29,Jaylin Noel,jaylin noel
16,WR,5.29,Kendrick Bourne,kendrick bourne
18,TE,5.28,Colby Parkinson,colby parkinson
7,RB,5.28,Jerome Ford,jerome ford
14,TE,5.28,Darnell Washington,darnell washington
4,RB,5.28,Ollie Gordon,ollie gordon
2,RB,5.27,Quinshon Judkins,quinshon judkins
15,RB,5.27,Bhayshul Tuten,bhayshul tuten
12,TE,5.27,Pat Freiermuth,pat freiermuth
9,TE,5.27,Pat Freiermuth,pat freiermuth
16,TE,5.26,Pat Freiermuth,pat freiermuth
18,WR,5.26,Marquez Valdes-Scantling,marquez valdesscantling
16,RB,5.26,Devin Singletary,devin singletary
12,TE,5.25,Noah Fant,noah fant
13,TE,5.25,Mike Gesicki,mike gesicki
14,TE,5.24,Ross Dwelley,ross dwelley
16,WR,5.24,Van Jefferson,van jefferson
2,WR,5.24,Tre Tucker,tre tucker
4,RB,5.24,Kaleb Johnson,kaleb johnson
2,RB,5.24,Jerome Ford,jerome ford
17,RB,5.24,Malik Davis,malik davis
14,WR,5.23,Van Jefferson,van jefferson
4,RB,5.23,Antonio Gibson,antonio gibson
12,TE,5.23,Isaiah Likely,isaiah likely
18,WR,5.23,Troy Franklin,troy franklin
17,TE,5.23,Gunnar Helm,gunnar helm
18,WR,5.22,Bo Melton,bo melton
2,RB,5.22,Rachaad White,rachaad white
11,WR,5.21,Sterling Shepard,sterling shepard
15,TE,5.2,Jeremy Ruckert,jeremy ruckert
18,TE,5.2,Josh Oliver,josh oliver
16,TE,5.2,Gunnar Helm,gunnar helm
2,TE,5.2,Mason Taylor,mason taylor
9,RB,5.2,Devin Neal,devin neal
9,TE,5.19,Chig Okonkwo,chig okonkwo
15,RB,5.19,Isiah Pacheco,isiah pacheco
14,TE,5.19,Dawson Knox,dawson knox
16,RB,5.19,Isaiah Davis,isaiah davis
10,WR,5.19,Mack Hollins,mack hollins
18,TE,5.19,Evan Engram,evan engram
17,TE,5.18,Isaiah Likely,isaiah likely
17,RB,5.18,Emanuel Wilson,emanuel wilson
14,RB,5.18,Rachaad White,rachaad white
3,WR,5.18,Jaylin Lane,jaylin lane
14,RB,5.18,Michael Carter,michael carter
8,WR,5.18,Van Jefferson,van jefferson
11,WR,5.17,DeMario Douglas,demario douglas
7,RB,5.17,Zavier Scott,zavier scott
1,WR,5.17,Devaughn Vele,devaughn vele
9,WR,5.16,Nick Westbrook-Ikhine,nick westbrookikhine
1,WR,5.16,Malik Washington,malik washington
15,WR,5.16,Joshua Palmer,joshua palmer
8,TE,5.16,Pat Freiermuth,pat freiermuth
3,WR,5.15,Tyquan Thornton,tyquan thornton
13,WR,5.15,David Sills,david sills
2,WR,5.15,Darius Slayton,darius slayton
3,WR,5.15,Olamide Zaccheaus,olamide zaccheaus
5,WR,5.14,Xavier Legette,xavier legette
11,WR,5.14,Dyami Brown,dyami brown
11,RB,5.14,Blake Corum,blake corum
3,RB,5.13,Brian Robinson,brian robinson
15,TE,5.13,Gunnar Helm,gunnar helm
17,TE,5.13,Darnell Washington,darnell washington
15,WR,5.11,JuJu Smith-Schuster,juju smithschuster
5,RB,5.11,Blake Corum,blake corum
11,RB,5.11,Keaton Mitchell,keaton mitchell
13,RB,5.11,Jacory Croskey-Merritt,jacory croskeymerritt
2,WR,5.11,Troy Franklin,troy franklin
1,RB,5.1,Braelon Allen,braelon allen
7,RB,5.1,Isaiah Davis,isaiah davis
14,TE,5.1,David Njoku,david njoku
11,TE,5.1,Chig Okonkwo,chig okonkwo
4,TE,5.09,Cade Otton,cade otton
14,RB,5.09,Jerome Ford,jerome ford
12,WR,5.09,Isaiah Williams,isaiah williams
11,RB,5.09,Emanuel Wilson,emanuel wilson
1,TE,5.09,Tyler Higbee,tyler higbee
16,WR,5.09,Jalen Nailor,jalen nailor
3,TE,5.09,Tyler Higbee,tyler higbee
13,RB,5.09,Nick Chubb,nick chubb
6,RB,5.09,Justice Hill,justice hill
16,WR,5.09,Calvin Austin,calvin austin
11,TE,5.08,Brock Wright,brock wright
3,TE,5.08,Jake Tonges,jake tonges
5,TE,5.08,Theo Johnson,theo johnson
18,WR,5.07,Jalen Royals,jalen royals
1,WR,5.07,Dyami Brown,dyami brown
8,RB,5.07,Ty Johnson,ty johnson
6,WR,5.07,JuJu Smith-Schuster,juju smithschuster
13,TE,5.07,Ross Dwelley,ross dwelley
18,TE,5.07,Taysom Hill,taysom hill
7,TE,5.06,Chig Okonkwo,chig okonkwo
14,WR,5.06,Calvin Austin,calvin austin
14,RB,5.06,Jacory Croskey-Merritt,jacory croskeymerritt
6,WR,5.06,Joshua Palmer,joshua palmer
14,TE,5.06,Taysom Hill,taysom hill
18,TE,5.06,Jonnu Smith,jonnu smith
13,WR,5.06,Dylan Drummond,dylan drummond
2,RB,5.05,Brian Robinson,brian robinson
10,TE,5.05,Pat Freiermuth,pat freiermuth
10,TE,5.05,Johnny Mundt,johnny mundt
17,TE,5.04,Mike Gesicki,mike gesicki
6,TE,5.04,Cole Kmet,cole kmet
6,WR,5.03,Dyami Brown,dyami brown
2,TE,5.03,AJ Barner,aj barner
17,TE,5.03,Daniel Bellinger,daniel bellinger
10,RB,5.03,Chuba Hubbard,chuba hubbard
6,WR,5.03,Hunter Renfrow,hunter renfrow
16,WR,5.03,Rashod Bateman,rashod bateman
3,WR,5.02,Tyler Johnson,tyler johnson
3,WR,5.02,Michael Wilson,michael wilson
2,WR,5.02,Malik Washington,malik washington
10,WR,5.02,Dyami Brown,dyami brown
16,WR,5.02,Ryan Flournoy,ryan flournoy
14,RB,5.0,Jaleel McLaughlin,jaleel mclaughlin
6,WR,5.0,Tory Horton,tory horton
13,TE,5.0,Gunnar Helm,gunnar helm
16,WR,4.99,JuJu Smith-Schuster,juju smithschuster
2,WR,4.99,Dyami Brown,dyami brown
2,TE,4.99,Pat Freiermuth,pat freiermuth
1,RB,4.99,Bhayshul Tuten,bhayshul tuten
14,WR,4.97,Tez Johnson,tez johnson
1,TE,4.97,Jonnu Smith,jonnu smith
1,RB,4.97,Ray Davis,ray davis
16,TE,4.97,Mike Gesicki,mike gesicki
1,RB,4.96,Najee Harris,najee harris
6,WR,4.96,Luther Burden,luther burden
5,WR,4.96,Dyami Brown,dyami brown
11,TE,4.96,Isaiah Likely,isaiah likely
13,WR,4.95,Pat Bryant,pat bryant
18,WR,4.94,Xavier Legette,xavier legette
17,WR,4.94,Rashod Bateman,rashod bateman
6,WR,4.94,Michael Wilson,michael wilson
18,WR,4.94,Adam Thielen,adam thielen
17,WR,4.94,Isaiah Bond,isaiah bond
13,WR,4.94,Marquise Brown,marquise brown
13,TE,4.94,Pat Freiermuth,pat freiermuth
13,RB,4.94,Rachaad White,rachaad white
4,WR,4.93,Jaylin Lane,jaylin lane
9,RB,4.93,Devin Singletary,devin singletary
12,RB,4.92,Brian Robinson,brian robinson
4,RB,4.92,Jerome Ford,jerome ford
2,RB,4.92,Ollie Gordon,ollie gordon
16,RB,4.92,LeQuint Allen,lequint allen
16,TE,4.92,Jeremy Ruckert,jeremy ruckert
10,WR,4.92,Jaylin Lane,jaylin lane
2,TE,4.92,Theo Johnson,theo johnson
6,WR,4.91,Malik Washington,malik washington
14,WR,4.91,Isaac TeSlaa,isaac teslaa
12,TE,4.91,Chig Okonkwo,chig okonkwo
13,RB,4.91,Ollie Gordon,ollie gordon
1,WR,4.91,Quentin Johnston,quentin johnston
16,RB,4.91,Jaylen Wright,jaylen wright
3,RB,4.9,Miles Sanders,miles sanders
8,WR,4.9,DeAndre Hopkins,deandre hopkins
7,WR,4.89,Allen Lazard,allen lazard
3,WR,4.89,Marquez Valdes-Scantling,marquez valdesscantling
11,WR,4.88,Nick Westbrook-Ikhine,nick westbrookikhine
6,RB,4.88,Tyrone Tracy,tyrone tracy
17,TE,4.88,Dawson Knox,dawson knox
14,WR,4.88,Dontayvion Wicks,dontayvion wicks
4,RB,4.88,Emari Demercado,emari demercado
18,RB,4.88,Keaton Mitchell,keaton mitchell
1,WR,4.88,Elic Ayomanor,elic ayomanor
8,RB,4.88,Kyle Monangai,kyle monangai
4,WR,4.88,Darius Slayton,darius slayton
8,WR,4.88,Nick Westbrook-Ikhine,nick westbrookikhine
12,WR,4.87,Mitch Tinsley,mitch tinsley
9,TE,4.87,Hunter Long,hunter long
17,RB,4.86,Kareem Hunt,kareem hunt
3,RB,4.86,Justice Hill,justice hill
15,RB,4.85,Keaton Mitchell,keaton mitchell
7,WR,4.85,Troy Franklin,troy franklin
8,RB,4.85,Sean Tucker,sean tucker
4,RB,4.84,Dylan Sampson,dylan sampson
6,TE,4.84,Chig Okonkwo,chig okonkwo
16,WR,4.84,Jalen McMillan,jalen mcmillan
6,TE,4.84,Hunter Long,hunter long
7,RB,4.83,Sean Tucker,sean tucker
9,RB,4.83,Jeremy McNichols,jeremy mcnichols
11,WR,4.83,Christian Kirk,christian kirk
18,WR,4.83,Emeka Egbuka,emeka egbuka
6,RB,4.83,Raheem Mostert,raheem mostert
15,WR,4.82,Keon Coleman,keon coleman
18,TE,4.82,Mike Gesicki,mike gesicki
14,TE,4.82,Gunnar Helm,gunnar helm
14,WR,4.82,Jalen Nailor,jalen nailor
13,TE,4.82,Colby Parkinson,colby parkinson
6,RB,4.82,Trevor Etienne,trevor etienne
4,TE,4.82,Isaiah Likely,isaiah likely
14,RB,4.81,Nick Chubb,nick chubb
2,WR,4.8,Jalen Nailor,jalen nailor
15,RB,4.8,Emanuel Wilson,emanuel wilson
9,WR,4.79,Zay Jones,zay jones
11,WR,4.79,Andrei Iosivas,andrei iosivas
5,RB,4.79,Kendre Miller,kendre miller
11,TE,4.79,Michael Mayer,michael mayer
9,RB,4.78,Blake Corum,blake corum
12,WR,4.78,Isaiah Hodgins,isaiah hodgins
16,TE,4.78,Cole Kmet,cole kmet
13,RB,4.78,Jeremy McNichols,jeremy mcnichols
6,WR,4.77,Demarcus Robinson,demarcus robinson
2,WR,4.77,Adam Thielen,adam thielen
3,RB,4.77,Zavier Scott,zavier scott
4,RB,4.77,Zavier Scott,zavier scott
1,RB,4.76,Cam Skattebo,cam skattebo
9,WR,4.76,Van Jefferson,van jefferson
3,WR,4.76,David Moore,david moore
10,TE,4.76,Isaiah Likely,isaiah likely
13,WR,4.76,Van Jefferson,van jefferson
12,TE,4.76,Taysom Hill,taysom hill
3,RB,4.75,Braelon Allen,braelon allen
12,RB,4.75,Ty Johnson,ty johnson
12,TE,4.75,Ja'Tavion Sanders,jatavion sanders
5,WR,4.75,Michael Wilson,michael wilson
8,RB,4.75,Ollie Gordon,ollie gordon
5,TE,4.74,Isaiah Likely,isaiah likely
1,WR,4.74,Kayshon Boutte,kayshon boutte
17,RB,4.73,Rachaad White,rachaad white
17,RB,4.73,Isaiah Davis,isaiah davis
15,WR,4.73,Noah Brown,noah brown
9,TE,4.73,Isaiah Likely,isaiah likely
13,RB,4.73,Dylan Sampson,dylan sampson
13,WR,4.72,Christian Kirk,christian kirk
1,TE,4.72,Mason Taylor,mason taylor
17,WR,4.72,JuJu Smith-Schuster,juju smithschuster
8,RB,4.72,Ray Davis,ray davis
9,WR,4.71,Isaac TeSlaa,isaac teslaa
11,WR,4.71,Xavier Hutchinson,xavier hutchinson
15,RB,4.71,Isaiah Davis,isaiah davis
15,TE,4.7,Colby Parkinson,colby parkinson
18,WR,4.7,Lil'Jordan Humphrey,liljordan humphrey
5,RB,4.7,Devin Singletary,devin singletary
9,WR,4.7,Jaylin Lane,jaylin lane
5,TE,4.7,Evan Engram,evan engram
17,TE,4.7,Ja'Tavion Sanders,jatavion sanders
17,WR,4.7,Marquise Brown,marquise brown
12,WR,4.7,Gabe Davis,gabe davis
1,TE,4.69,Juwan Johnson,juwan johnson
4,RB,4.69,Brian Robinson,brian robinson
16,RB,4.69,Emanuel Wilson,emanuel wilson
4,TE,4.69,Theo Johnson,theo johnson
17,WR,4.69,Xavier Legette,xavier legette
4,TE,4.68,Evan Engram,evan engram
17,WR,4.68,Isaiah Hodgins,isaiah hodgins
8,WR,4.67,Isaiah Bond,isaiah bond
17,RB,4.67,Ty Johnson,ty johnson
14,WR,4.67,Andrei Iosivas,andrei iosivas
10,RB,4.66,Blake Corum,blake corum
6,WR,4.66,Chris Moore,chris moore
11,WR,4.66,Dontayvion Wicks,dontayvion wicks
16,WR,4.66,Jack Bech,jack bech
6,WR,4.66,Tyquan Thornton,tyquan thornton
17,WR,4.66,Konata Mumpfield,konata mumpfield
17,RB,4.66,Jaleel McLaughlin,jaleel mclaughlin
18,WR,4.66,Jalen Nailor,jalen nailor
4,WR,4.65,Luther Burden,luther burden
6,WR,4.65,Olamide Zaccheaus,olamide zaccheaus
5,WR,4.65,Jalin Hyatt,jalin hyatt
8,TE,4.64,Gunnar Helm,gunnar helm
2,RB,4.64,Cam Skattebo,cam skattebo
4,WR,4.64,Michael Wilson,michael wilson
10,RB,4.64,Ollie Gordon,ollie gordon
12,WR,4.63,Marquise Brown,marquise brown
17,TE,4.63,Terrance Ferguson,terrance ferguson
9,TE,4.63,Ja'Tavion Sanders,jatavion sanders
4,TE,4.63,Mason Taylor,mason taylor
18,QB,4.62,Aidan O'Connell,aidan oconnell
9,WR,4.62,Chris Moore,chris moore
12,RB,4.62,Devin Neal,devin neal
18,RB,4.61,Ty Chandler,ty chandler
1,RB,4.61,Emanuel Wilson,emanuel wilson
9,WR,4.61,Marquise Brown,marquise brown
1,TE,4.61,AJ Barner,aj barner
11,RB,4.59,Jerome Ford,jerome ford
16,WR,4.59,Joshua Palmer,joshua palmer
3,TE,4.59,Mike Gesicki,mike gesicki
2,WR,4.59,Ray-Ray McCloud,rayray mccloud
17,RB,4.59,Jawhar Jordan,jawhar jordan
3,WR,4.59,DeAndre Hopkins,deandre hopkins
9,WR,4.58,Andrei Iosivas,andrei iosivas
7,WR,4.57,Andrei Iosivas,andrei iosivas
1,WR,4.57,Roman Wilson,roman wilson
18,RB,4.57,Ty Johnson,ty johnson
9,RB,4.57,Jaret Patterson,jaret patterson
7,WR,4.56,Van Jefferson,van jefferson
9,RB,4.56,Ty Johnson,ty johnson
18,WR,4.55,Andrei Iosivas,andrei iosivas
3,WR,4.55,Darius Slayton,darius slayton
11,WR,4.55,Marquise Brown,marquise brown
18,WR,4.55,Calvin Austin,calvin austin
3,TE,4.55,Theo Johnson,theo johnson
14,WR,4.55,Jack Bech,jack bech
10,RB,4.54,Jerome Ford,jerome ford
15,TE,4.54,Darnell Washington,darnell washington
1,TE,4.54,Harold Fannin,harold fannin
16,RB,4.54,Brian Robinson,brian robinson
3,WR,4.53,JuJu Smith-Schuster,juju smithschuster
8,TE,4.52,Ja'Tavion Sanders,jatavion sanders
4,WR,4.52,Olamide Zaccheaus,olamide zaccheaus
15,WR,4.52,Christian Kirk,christian kirk
5,WR,4.52,Jaylin Lane,jaylin lane
17,TE,4.52,Cade Otton,cade otton
11,TE,4.52,Greg Dulcich,greg dulcich
12,WR,4.51,Christian Kirk,christian kirk
12,TE,4.51,Colby Parkinson,colby parkinson
10,WR,4.51,Kyle Williams,kyle williams
1,WR,4.51,DeAndre Hopkins,deandre hopkins
5,WR,4.51,Jack Bech,jack bech
16,RB,4.51,Rachaad White,rachaad white
18,WR,4.5,Cedric Tillman,cedric tillman
11,TE,4.5,Ja'Tavion Sanders,jatavion sanders
9,TE,4.49,Elijah Arroyo,elijah arroyo
6,TE,4.49,Pat Freiermuth,pat freiermuth
18,WR,4.49,DeMario Douglas,demario douglas
3,TE,4.49,Noah Gray,noah gray
4,WR,4.48,Greg Dortch,greg dortch
14,TE,4.48,Pat Freiermuth,pat freiermuth
6,RB,4.48,Ollie Gordon,ollie gordon
1,WR,4.47,Tory Horton,tory horton
9,WR,4.47,KaVontae Turpin,kavontae turpin
8,WR,4.46,KaVontae Turpin,kavontae turpin
17,WR,4.46,Marquez Valdes-Scantling,marquez valdesscantling
16,TE,4.45,Dawson Knox,dawson knox
5,WR,4.45,Luke McCaffrey,luke mccaffrey
1,WR,4.45,Nick Westbrook-Ikhine,nick westbrookikhine
4,RB,4.45,Miles Sanders,miles sanders
3,WR,4.45,DeMario Douglas,demario douglas
11,WR,4.45,Jalen Nailor,jalen nailor
17,TE,4.45,Jeremy Ruckert,jeremy ruckert
13,TE,4.44,Darnell Washington,darnell washington
18,WR,4.44,Jayden Reed,jayden reed
14,TE,4.44,Colby Parkinson,colby parkinson
1,WR,4.44,Jalen Nailor,jalen nailor
10,TE,4.44,Ja'Tavion Sanders,jatavion sanders
4,RB,4.43,Justice Hill,justice hill
9,RB,4.43,Travis Homer,travis homer
5,WR,4.43,Nick Westbrook-Ikhine,nick westbrookikhine
18,RB,4.43,Evan Hull,evan hull
14,RB,4.42,Isiah Pacheco,isiah pacheco
1,RB,4.42,Woody Marks,woody marks
6,WR,4.42,DeAndre Hopkins,deandre hopkins
1,TE,4.42,Cole Kmet,cole kmet
15,WR,4.41,DeMario Douglas,demario douglas
14,RB,4.41,Evan Hull,evan hull
6,WR,4.41,Luke McCaffrey,luke mccaffrey
4,WR,4.41,Adonai Mitchell,adonai mitchell
17,WR,4.41,Malik Washington,malik washington
13,WR,4.4,Jalen Nailor,jalen nailor
7,RB,4.4,Raheem Mostert,raheem mostert
16,WR,4.4,David Sills,david sills
3,TE,4.4,Noah Fant,noah fant
11,WR,4.4,Robbie Chosen,robbie chosen
17,WR,4.4,Andrei Iosivas,andrei iosivas
17,TE,4.4,Pat Freiermuth,pat freiermuth
5,WR,4.4,Josh Reynolds,josh reynolds
6,WR,4.39,Parker Washington,parker washington
15,TE,4.38,Chig Okonkwo,chig okonkwo
7,WR,4.38,Dont'e Thornton,donte thornton
3,WR,4.38,Tory Horton,tory horton
18,WR,4.38,Kyle Williams,kyle williams
18,WR,4.38,Isaiah Bond,isaiah bond
1,WR,4.38,Tre Tucker,tre tucker
8,RB,4.37,Jerome Ford,jerome ford
7,TE,4.37,Darnell Washington,darnell washington
18,WR,4.37,Gunner Olszewski,gunner olszewski
18,RB,4.36,Dameon Pierce,dameon pierce
12,WR,4.36,DeMario Douglas,demario douglas
14,RB,4.35,Jeremy McNichols,jeremy mcnichols
9,RB,4.35,Ollie Gordon,ollie gordon
1,RB,4.35,Dameon Pierce,dameon pierce
6,TE,4.35,Tommy Tremble,tommy tremble
4,WR,4.35,David Moore,david moore
8,WR,4.34,Tyrell Shavers,tyrell shavers
15,WR,4.34,Tyrell Shavers,tyrell shavers
16,WR,4.34,Christian Kirk,christian kirk
11,WR,4.34,Tyler Johnson,tyler johnson
3,TE,4.33,AJ Barner,aj barner
8,WR,4.33,Olamide Zaccheaus,olamide zaccheaus
7,WR,4.32,Isaac TeSlaa,isaac teslaa
14,RB,4.32,Keaton Mitchell,keaton mitchell
9,TE,4.32,Dawson Knox,dawson knox
16,TE,4.32,Chig Okonkwo,chig okonkwo
14,TE,4.32,Mike Gesicki,mike gesicki
18,RB,4.32,Rachaad White,rachaad white
11,RB,4.31,Ty Johnson,ty johnson
15,TE,4.31,Ja'Tavion Sanders,jatavion sanders
8,TE,4.31,Taysom Hill,taysom hill
3,RB,4.31,Zamir White,zamir white
16,RB,4.3,Keaton Mitchell,keaton mitchell
6,WR,4.3,Isaac TeSlaa,isaac teslaa
4,WR,4.3,Luke McCaffrey,luke mccaffrey
8,RB,4.3,Kareem Hunt,kareem hunt
13,TE,4.3,Ja'Tavion Sanders,jatavion sanders
7,RB,4.3,Emanuel Wilson,emanuel wilson
2,RB,4.29,Rico Dowdle,rico dowdle
17,TE,4.29,Chig Okonkwo,chig okonkwo
16,RB,4.29,Sean Tucker,sean tucker
7,WR,4.29,Tory Horton,tory horton
13,TE,4.28,Chig Okonkwo,chig okonkwo
2,RB,4.28,Justice Hill,justice hill
11,WR,4.28,KaVontae Turpin,kavontae turpin
4,RB,4.27,Kendre Miller,kendre miller
1,WR,4.26,Josh Reynolds,josh reynolds
8,WR,4.26,Andrei Iosivas,andrei iosivas
5,WR,4.26,Parker Washington,parker washington
15,WR,4.26,Andre Baccellia,andre baccellia
4,WR,4.26,Kendrick Bourne,kendrick bourne
4,TE,4.25,Tommy Tremble,tommy tremble
5,RB,4.25,Zavier Scott,zavier scott
1,WR,4.25,Andrei Iosivas,andrei iosivas
18,WR,4.25,Xavier Weaver,xavier weaver
8,WR,4.25,Luther Burden,luther burden
5,TE,4.25,Cade Otton,cade otton
8,RB,4.24,Jeremy McNichols,jeremy mcnichols
15,TE,4.24,Taysom Hill,taysom hill
4,WR,4.23,Chris Moore,chris moore
12,RB,4.23,Nick Chubb,nick chubb
1,RB,4.23,Brian Robinson,brian robinson
18,WR,4.22,Xavier Hutchinson,xavier hutchinson
13,WR,4.22,Brandin Cooks,brandin cooks
7,WR,4.22,Michael Wilson,michael wilson
8,WR,4.22,Jahan Dotson,jahan dotson
16,TE,4.22,Evan Engram,evan engram
18,TE,4.21,Will Dissly,will dissly
1,RB,4.2,Devin Singletary,devin singletary
15,WR,4.2,Jalen Brooks,jalen brooks
18,TE,4.2,Josh Whyle,josh whyle
13,WR,4.2,Mason Tipton,mason tipton
9,WR,4.19,Roman Wilson,roman wilson
7,TE,4.19,Ja'Tavion Sanders,jatavion sanders
8,RB,4.19,Tyrone Tracy,tyrone tracy
16,TE,4.18,John Bates,john bates
3,RB,4.18,Ray Davis,ray davis
1,RB,4.18,Justice Hill,justice hill
2,WR,4.18,Hunter Renfrow,hunter renfrow
2,RB,4.18,Najee Harris,najee harris
2,WR,4.17,Tyler Lockett,tyler lockett
12,WR,4.17,David Sills,david sills
10,TE,4.17,Greg Dulcich,greg dulcich
11,WR,4.17,Roman Wilson,roman wilson
7,TE,4.16,Hunter Long,hunter long
10,RB,4.16,Justice Hill,justice hill
3,WR,4.15,Ray-Ray McCloud,rayray mccloud
12,WR,4.15,Sterling Shepard,sterling shepard
17,RB,4.15,Brian Robinson,brian robinson
18,WR,4.15,Cedrick Wilson,cedrick wilson
17,RB,4.15,Ameer Abdullah,ameer abdullah
15,TE,4.15,Anthony Firkser,anthony firkser
5,TE,4.14,AJ Barner,aj barner
12,WR,4.14,KaVontae Turpin,kavontae turpin
4,WR,4.13,Jalen Nailor,jalen nailor
4,TE,4.13,Oronde Gadsden,oronde gadsden
6,WR,4.13,Andrei Iosivas,andrei iosivas
15,TE,4.13,Cole Kmet,cole kmet
4,WR,4.13,Josh Reynolds,josh reynolds
4,WR,4.12,Andrei Iosivas,andrei iosivas
3,WR,4.11,Tre Tucker,tre tucker
5,RB,4.1,Brian Robinson,brian robinson
14,WR,4.09,Tyrell Shavers,tyrell shavers
6,RB,4.09,Jerome Ford,jerome ford
18,RB,4.09,Sean Tucker,sean tucker
14,WR,4.08,Nick Westbrook-Ikhine,nick westbrookikhine
5,TE,4.08,Oronde Gadsden,oronde gadsden
18,WR,4.08,KaVontae Turpin,kavontae turpin
7,TE,4.07,Cole Kmet,cole kmet
3,TE,4.07,Luke Musgrave,luke musgrave
5,RB,4.07,Raheem Mostert,raheem mostert
1,RB,4.07,Kenny Gainwell,kenny gainwell
12,WR,4.06,Mason Tipton,mason tipton
14,TE,4.06,Chig Okonkwo,chig okonkwo
2,WR,4.05,Tyler Johnson,tyler johnson
5,WR,4.05,Andrei Iosivas,andrei iosivas
2,RB,4.05,Kendre Miller,kendre miller
16,TE,4.04,Ben Sinnott,ben sinnott
15,WR,4.04,Isaiah Williams,isaiah williams
6,WR,4.04,Jaylin Lane,jaylin lane
10,TE,4.04,Tyler Higbee,tyler higbee
10,WR,4.03,Zay Jones,zay jones
6,RB,4.03,Jaydon Blue,jaydon blue
17,WR,4.03,DeMario Douglas,demario douglas
15,TE,4.03,Pat Freiermuth,pat freiermuth
13,WR,4.03,DeMario Douglas,demario douglas
16,WR,4.02,Gage Larvadain,gage larvadain
17,RB,4.02,Jaylen Wright,jaylen wright
13,WR,4.02,Nick Westbrook-Ikhine,nick westbrookikhine
10,WR,4.01,Tim Patrick,tim patrick
8,RB,4.01,Brashard Smith,brashard smith
15,WR,4.01,KaVontae Turpin,kavontae turpin
2,WR,4.0,KaVontae Turpin,kavontae turpin
2,TE,4.0,Noah Fant,noah fant
11,WR,4.0,Jaylin Noel,jaylin noel
16,TE,4.0,Jonnu Smith,jonnu smith
8,RB,4.0,Emanuel Wilson,emanuel wilson
7,WR,4.0,Arian Smith,arian smith
2,WR,3.99,Noah Brown,noah brown
17,WR,3.99,Joshua Palmer,joshua palmer
18,TE,3.99,Davis Allen,davis allen
18,TE,3.99,Sal Cannella,sal cannella
14,WR,3.98,Dylan Drummond,dylan drummond
14,WR,3.98,Matthew Golden,matthew golden
15,TE,3.97,Dawson Knox,dawson knox
3,RB,3.97,Samaje Perine,samaje perine
6,WR,3.97,Dont'e Thornton,donte thornton
6,WR,3.96,Jimmy Horn,jimmy horn
17,RB,3.96,Trayveon Williams,trayveon williams
7,WR,3.96,Jalen Nailor,jalen nailor
14,WR,3.96,Marquise Brown,marquise brown
10,RB,3.96,Jaret Patterson,jaret patterson
18,WR,3.95,Tyler Lockett,tyler lockett
10,RB,3.94,Chris Rodriguez,chris rodriguez
7,WR,3.94,KaVontae Turpin,kavontae turpin
17,TE,3.94,Cole Kmet,cole kmet
9,WR,3.94,Ray-Ray McCloud,rayray mccloud
12,WR,3.94,Jalen Nailor,jalen nailor
14,WR,3.93,Marvin Mims,marvin mims
6,RB,3.93,Ty Johnson,ty johnson
12,TE,3.93,Michael Mayer,michael mayer
14,TE,3.93,Luke Musgrave,luke musgrave
17,WR,3.93,Christian Kirk,christian kirk
6,TE,3.93,Oronde Gadsden,oronde gadsden
3,TE,3.93,Mason Taylor,mason taylor
4,WR,3.92,Brycen Tremayne,brycen tremayne
18,RB,3.92,Jaleel McLaughlin,jaleel mclaughlin
15,WR,3.92,Isaiah Bond,isaiah bond
4,RB,3.91,Ty Johnson,ty johnson
15,WR,3.91,Dylan Drummond,dylan drummond
15,TE,3.91,Ben Sinnott,ben sinnott
13,TE,3.9,Noah Fant,noah fant
9,RB,3.9,Terrell Jennings,terrell jennings
6,WR,3.9,Nick Westbrook-Ikhine,nick westbrookikhine
2,RB,3.9,Ray Davis,ray davis
17,RB,3.9,Sean Tucker,sean tucker
15,RB,3.89,Brian Robinson,brian robinson
6,RB,3.89,Blake Corum,blake corum
12,RB,3.89,Keaton Mitchell,keaton mitchell
6,RB,3.89,Samaje Perine,samaje perine
5,RB,3.89,Antonio Gibson,antonio gibson
2,TE,3.89,Colston Loveland,colston loveland
14,WR,3.89,Christian Kirk,christian kirk
6,RB,3.89,Isaiah Davis,isaiah davis
16,TE,3.89,Luke Musgrave,luke musgrave
10,WR,3.88,Curtis Samuel,curtis samuel
17,TE,3.88,Luke Farrell,luke farrell
3,WR,3.88,Jalen Tolbert,jalen tolbert
4,RB,3.88,Blake Corum,blake corum
11,RB,3.87,Brian Robinson,brian robinson
2,TE,3.87,Will Dissly,will dissly
10,WR,3.87,Roman Wilson,roman wilson
9,WR,3.87,DeMario Douglas,demario douglas
15,TE,3.87,Noah Fant,noah fant
7,TE,3.87,Pat Freiermuth,pat freiermuth
10,TE,3.86,Elijah Arroyo,elijah arroyo
11,WR,3.86,Kyle Williams,kyle williams
4,TE,3.86,AJ Barner,aj barner
8,RB,3.85,Devin Neal,devin neal
1,TE,3.85,Julian Hill,julian hill
3,RB,3.84,Ollie Gordon,ollie gordon
7,RB,3.84,Samaje Perine,samaje perine
14,RB,3.84,Dylan Sampson,dylan sampson
13,WR,3.83,Marvin Mims,marvin mims
2,RB,3.83,Braelon Allen,braelon allen
13,WR,3.83,Isaac TeSlaa,isaac teslaa
15,WR,3.83,Ryan Flournoy,ryan flournoy
15,TE,3.83,Michael Mayer,michael mayer
16,WR,3.82,Tre' Harris,tre harris
2,WR,3.82,Tyquan Thornton,tyquan thornton
18,WR,3.81,James Proche,james proche
3,TE,3.81,Tyler Conklin,tyler conklin
7,RB,3.81,Chris Rodriguez,chris rodriguez
15,RB,3.81,Jaleel McLaughlin,jaleel mclaughlin
3,RB,3.81,Rico Dowdle,rico dowdle
6,WR,3.81,KeAndre Lambert-Smith,keandre lambertsmith
1,WR,3.8,Troy Franklin,troy franklin
3,WR,3.8,Nick Westbrook-Ikhine,nick westbrookikhine
18,TE,3.8,Cole Kmet,cole kmet
18,RB,3.8,Jeremy McNichols,jeremy mcnichols
10,WR,3.8,Jordan Whittington,jordan whittington
12,RB,3.8,Justice Hill,justice hill
7,WR,3.8,DeMario Douglas,demario douglas
7,WR,3.79,Brandin Cooks,brandin cooks
5,RB,3.79,Ty Johnson,ty johnson
4,TE,3.79,Jake Tonges,jake tonges
17,TE,3.78,Ben Sinnott,ben sinnott
1,RB,3.78,Kendre Miller,kendre miller
9,WR,3.78,DeAndre Hopkins,deandre hopkins
15,WR,3.78,Tre' Harris,tre harris
7,TE,3.78,Taysom Hill,taysom hill
14,WR,3.78,KaVontae Turpin,kavontae turpin
5,WR,3.77,Brandin Cooks,brandin cooks
10,WR,3.77,DeAndre Hopkins,deandre hopkins
18,WR,3.77,Gabe Davis,gabe davis
18,WR,3.77,David Sills,david sills
14,WR,3.77,Andre Baccellia,andre baccellia
5,RB,3.76,Jerome Ford,jerome ford
14,WR,3.76,Treylon Burks,treylon burks
14,RB,3.76,Ollie Gordon,ollie gordon
11,WR,3.76,Gunner Olszewski,gunner olszewski
13,WR,3.76,JuJu Smith-Schuster,juju smithschuster
10,TE,3.76,Dawson Knox,dawson knox
2,WR,3.76,Olamide Zaccheaus,olamide zaccheaus
15,WR,3.75,Mason Tipton,mason tipton
4,WR,3.75,Ray-Ray McCloud,rayray mccloud
12,WR,3.75,Mason Kinsey,mason kinsey
12,TE,3.74,Cole Kmet,cole kmet
9,WR,3.74,Jordan Whittington,jordan whittington
14,WR,3.74,Isaiah Bond,isaiah bond
18,RB,3.74,AJ Dillon,aj dillon
3,WR,3.74,Tyler Lockett,tyler lockett
3,RB,3.74,Tyler Badie,tyler badie
17,TE,3.73,Davis Allen,davis allen
4,TE,3.73,Tyler Higbee,tyler higbee
10,WR,3.73,Jalen Nailor,jalen nailor
7,WR,3.73,Tyler Johnson,tyler johnson
5,WR,3.73,Tyler Johnson,tyler johnson
16,TE,3.72,Ja'Tavion Sanders,jatavion sanders
1,WR,3.72,Olamide Zaccheaus,olamide zaccheaus
18,RB,3.72,Rasheen Ali,rasheen ali
18,WR,3.72,Christian Watson,christian watson
7,RB,3.72,Tyrone Tracy,tyrone tracy
11,TE,3.72,Gunnar Helm,gunnar helm
11,TE,3.72,Elijah Arroyo,elijah arroyo
9,TE,3.71,Gunnar Helm,gunnar helm
13,WR,3.71,DeAndre Hopkins,deandre hopkins
7,WR,3.71,Xavier Legette,xavier legette
6,WR,3.71,Brycen Tremayne,brycen tremayne
4,RB,3.71,Kyle Monangai,kyle monangai
8,WR,3.71,JuJu Smith-Schuster,juju smithschuster
11,RB,3.71,Brashard Smith,brashard smith
9,RB,3.71,Malik Davis,malik davis
6,RB,3.71,Kyle Monangai,kyle monangai
17,WR,3.7,Tyrell Shavers,tyrell shavers
7,TE,3.69,Colston Loveland,colston loveland
5,WR,3.69,Brycen Tremayne,brycen tremayne
17,WR,3.69,Kendrick Bourne,kendrick bourne
14,WR,3.69,DeAndre Hopkins,deandre hopkins
17,WR,3.69,Scotty Miller,scotty miller
7,WR,3.69,Demarcus Robinson,demarcus robinson
9,WR,3.69,Jalen Nailor,jalen nailor
16,WR,3.68,Demarcus Robinson,demarcus robinson
11,TE,3.68,Elijah Higgins,elijah higgins
12,RB,3.68,Jerome Ford,jerome ford
9,WR,3.68,JuJu Smith-Schuster,juju smithschuster
13,WR,3.68,Keon Coleman,keon coleman
2,WR,3.68,DeAndre Hopkins,deandre hopkins
10,TE,3.67,Michael Mayer,michael mayer
9,TE,3.67,Taysom Hill,taysom hill
6,RB,3.66,Brian Robinson,brian robinson
15,WR,3.66,Jalen Nailor,jalen nailor
2,WR,3.66,Nick Westbrook-Ikhine,nick westbrookikhine
14,TE,3.66,Jonnu Smith,jonnu smith
11,WR,3.66,Jordan Whittington,jordan whittington
1,RB,3.65,DJ Giddens,dj giddens
18,WR,3.65,Joshua Palmer,joshua palmer
3,TE,3.65,Michael Mayer,michael mayer
1,WR,3.65,Jamari Thrash,jamari thrash
14,RB,3.65,Emanuel Wilson,emanuel wilson
17,WR,3.64,Tyler Lockett,tyler lockett
13,WR,3.64,Sterling Shepard,sterling shepard
6,WR,3.64,Brandin Cooks,brandin cooks
6,WR,3.63,Mack Hollins,mack hollins
4,TE,3.63,Mike Gesicki,mike gesicki
17,WR,3.63,Lil'Jordan Humphrey,liljordan humphrey
7,RB,3.63,Ollie Gordon,ollie gordon
12,TE,3.63,Jackson Hawes,jackson hawes
18,RB,3.62,Trayveon Williams,trayveon williams
17,RB,3.62,LeQuint Allen,lequint allen
16,TE,3.62,Michael Mayer,michael mayer
17,WR,3.62,KaVontae Turpin,kavontae turpin
18,WR,3.61,DeAndre Hopkins,deandre hopkins
9,TE,3.61,Tanner Conner,tanner conner
15,WR,3.61,Tyquan Thornton,tyquan thornton
11,WR,3.61,Luther Burden,luther burden
16,WR,3.61,Marvin Mims,marvin mims
16,TE,3.61,Terrance Ferguson,terrance ferguson
2,TE,3.61,Noah Gray,noah gray
12,WR,3.61,JuJu Smith-Schuster,juju smithschuster
16,WR,3.61,DeMario Douglas,demario douglas
9,WR,3.61,Jaylin Noel,jaylin noel
3,TE,3.6,Adam Trautman,adam trautman
12,RB,3.6,Brashard Smith,brashard smith
11,WR,3.6,Curtis Samuel,curtis samuel
2,RB,3.6,Miles Sanders,miles sanders
16,RB,3.6,Jeremy McNichols,jeremy mcnichols
5,TE,3.59,Noah Fant,noah fant
15,RB,3.59,Jaylen Wright,jaylen wright
9,TE,3.58,Darnell Washington,darnell washington
11,TE,3.58,Johnny Mundt,johnny mundt
16,WR,3.58,Matthew Golden,matthew golden
9,WR,3.58,Tyrell Shavers,tyrell shavers
8,TE,3.58,Tanner Conner,tanner conner
13,WR,3.57,Roman Wilson,roman wilson
8,WR,3.57,Brandin Cooks,brandin cooks
15,RB,3.57,Michael Carter,michael carter
1,WR,3.57,Hunter Renfrow,hunter renfrow
8,WR,3.56,Curtis Samuel,curtis samuel
8,WR,3.56,DeMario Douglas,demario douglas
2,WR,3.56,Brandin Cooks,brandin cooks
2,RB,3.56,Ty Johnson,ty johnson
15,TE,3.56,Daniel Bellinger,daniel bellinger
14,TE,3.56,Elijah Higgins,elijah higgins
12,TE,3.56,Luke Musgrave,luke musgrave
6,RB,3.55,Keaton Mitchell,keaton mitchell
10,RB,3.55,Ty Johnson,ty johnson
18,TE,3.55,Ben Sinnott,ben sinnott
12,WR,3.55,Jahan Dotson,jahan dotson
5,TE,3.55,Mike Gesicki,mike gesicki
17,WR,3.55,Isaac TeSlaa,isaac teslaa
18,TE,3.55,Jackson Hawes,jackson hawes
15,TE,3.54,Payne Durham,payne durham
6,TE,3.54,Noah Fant,noah fant
11,TE,3.53,Darnell Washington,darnell washington
12,WR,3.53,Xavier Weaver,xavier weaver
10,WR,3.52,Dontayvion Wicks,dontayvion wicks
18,WR,3.52,Keon Coleman,keon coleman
5,WR,3.52,Jamari Thrash,jamari thrash
18,TE,3.52,Tyler Higbee,tyler higbee
4,RB,3.52,Braelon Allen,braelon allen
8,TE,3.52,Dawson Knox,dawson knox
9,RB,3.52,Raheem Mostert,raheem mostert
15,RB,3.51,Raheim Sanders,raheim sanders
12,TE,3.51,Terrance Ferguson,terrance ferguson
18,WR,3.5,Jalen Brooks,jalen brooks
16,WR,3.5,Tyler Lockett,tyler lockett
15,WR,3.5,Calvin Austin,calvin austin
3,WR,3.5,Jayden Higgins,jayden higgins
7,TE,3.5,Gunnar Helm,gunnar helm
4,WR,3.5,DeMario Douglas,demario douglas
11,WR,3.49,Tim Patrick,tim patrick
7,RB,3.49,Blake Corum,blake corum
16,WR,3.49,Brandin Cooks,brandin cooks
11,WR,3.49,Ray-Ray McCloud,rayray mccloud
10,RB,3.48,Tyler Badie,tyler badie
13,RB,3.48,Brashard Smith,brashard smith
9,WR,3.48,Demarcus Robinson,demarcus robinson
1,TE,3.47,Tyler Conklin,tyler conklin
5,WR,3.47,Jayden Higgins,jayden higgins
1,TE,3.47,Will Dissly,will dissly
7,RB,3.47,Jaydon Blue,jaydon blue
4,WR,3.46,Mack Hollins,mack hollins
1,WR,3.46,JuJu Smith-Schuster,juju smithschuster
1,RB,3.46,Ty Johnson,ty johnson
5,WR,3.46,Mack Hollins,mack hollins
2,WR,3.46,Tory Horton,tory horton
11,WR,3.46,Isaiah Williams,isaiah williams
2,WR,3.46,Andrei Iosivas,andrei iosivas
2,TE,3.46,Elijah Arroyo,elijah arroyo
2,TE,3.46,Michael Mayer,michael mayer
16,WR,3.45,Jalen Brooks,jalen brooks
3,RB,3.45,Ty Johnson,ty johnson
8,TE,3.45,Darnell Washington,darnell washington
2,WR,3.45,Malachi Corley,malachi corley
1,WR,3.44,KhaDarel Hodge,khadarel hodge
3,WR,3.44,Mack Hollins,mack hollins
4,RB,3.44,Samaje Perine,samaje perine
3,WR,3.44,Parker Washington,parker washington
10,WR,3.44,Ray-Ray McCloud,rayray mccloud
16,RB,3.43,Ameer Abdullah,ameer abdullah
15,TE,3.43,John Bates,john bates
17,WR,3.43,Xavier Weaver,xavier weaver
4,RB,3.43,Julius Chestnut,julius chestnut
1,RB,3.43,Samaje Perine,samaje perine
5,WR,3.43,DeMario Douglas,demario douglas
18,RB,3.43,Bhayshul Tuten,bhayshul tuten
3,WR,3.42,Skyy Moore,skyy moore
17,WR,3.42,Gabe Davis,gabe davis
4,WR,3.42,Brandin Cooks,brandin cooks
8,RB,3.42,Brian Robinson,brian robinson
10,WR,3.41,Cedrick Wilson,cedrick wilson
12,TE,3.41,Elijah Arroyo,elijah arroyo
5,WR,3.41,Skyy Moore,skyy moore
16,RB,3.41,Jaleel McLaughlin,jaleel mclaughlin
1,RB,3.41,Blake Corum,blake corum
16,WR,3.41,KaVontae Turpin,kavontae turpin
6,RB,3.41,Brashard Smith,brashard smith
10,WR,3.41,Treylon Burks,treylon burks
13,WR,3.4,KaVontae Turpin,kavontae turpin
10,WR,3.4,Tyrell Shavers,tyrell shavers
11,WR,3.39,Matthew Golden,matthew golden
10,WR,3.39,Pat Bryant,pat bryant
4,RB,3.39,Tahj Brooks,tahj brooks
2,WR,3.39,Jayden Higgins,jayden higgins
10,RB,3.39,Dylan Sampson,dylan sampson
17,RB,3.38,Zavier Scott,zavier scott
3,RB,3.38,Dare Ogunbowale,dare ogunbowale
16,WR,3.38,Tyrell Shavers,tyrell shavers
16,TE,3.38,Tommy Tremble,tommy tremble
7,WR,3.38,Zay Jones,zay jones
6,WR,3.37,Roman Wilson,roman wilson
16,WR,3.37,DeAndre Hopkins,deandre hopkins
10,WR,3.37,Tyler Lockett,tyler lockett
13,TE,3.36,David Njoku,david njoku
14,TE,3.36,Cole Kmet,cole kmet
1,WR,3.36,Jaylin Noel,jaylin noel
18,TE,3.35,Dalton Kincaid,dalton kincaid
15,TE,3.35,Jonnu Smith,jonnu smith
3,WR,3.35,Andrei Iosivas,andrei iosivas
5,RB,3.35,Hassan Haskins,hassan haskins
3,WR,3.35,Brandin Cooks,brandin cooks
11,RB,3.34,Chuba Hubbard,chuba hubbard
2,RB,3.34,Devin Singletary,devin singletary
12,RB,3.34,Raheem Mostert,raheem mostert
6,WR,3.34,Josh Reynolds,josh reynolds
17,TE,3.34,Jake Tonges,jake tonges
9,WR,3.33,Curtis Samuel,curtis samuel
2,WR,3.33,Jahan Dotson,jahan dotson
18,TE,3.33,Oronde Gadsden,oronde gadsden
10,TE,3.33,Darnell Washington,darnell washington
8,WR,3.33,Pat Bryant,pat bryant
11,WR,3.32,Tyrell Shavers,tyrell shavers
18,TE,3.32,Dawson Knox,dawson knox
2,WR,3.32,Dontayvion Wicks,dontayvion wicks
10,WR,3.32,Elijah Moore,elijah moore
11,WR,3.31,Kendrick Bourne,kendrick bourne
3,TE,3.31,Tanner Conner,tanner conner
6,TE,3.31,Mike Gesicki,mike gesicki
1,WR,3.31,Jordan Whittington,jordan whittington
7,RB,3.3,Dylan Sampson,dylan sampson
17,TE,3.3,John Bates,john bates
7,RB,3.3,Kyle Monangai,kyle monangai
4,WR,3.3,DeAndre Hopkins,deandre hopkins
1,RB,3.28,Will Shipley,will shipley
18,WR,3.28,Scotty Miller,scotty miller
12,TE,3.28,Daniel Bellinger,daniel bellinger
17,TE,3.28,Jonnu Smith,jonnu smith
8,TE,3.27,Isaiah Likely,isaiah likely
18,RB,3.27,Hunter Luepke,hunter luepke
11,WR,3.27,JuJu Smith-Schuster,juju smithschuster
14,RB,3.27,Malik Davis,malik davis
7,WR,3.27,Jayden Higgins,jayden higgins
18,TE,3.27,Stone Smartt,stone smartt
15,WR,3.26,Xavier Hutchinson,xavier hutchinson
14,WR,3.26,Mason Tipton,mason tipton
11,TE,3.26,Tyler Higbee,tyler higbee
7,WR,3.26,Mack Hollins,mack hollins
3,RB,3.25,Chris Brooks,chris brooks
10,WR,3.25,Xavier Hutchinson,xavier hutchinson
2,TE,3.25,Grant Calcaterra,grant calcaterra
18,WR,3.25,Justin Watson,justin watson
7,WR,3.25,Xavier Hutchinson,xavier hutchinson
9,TE,3.24,Tyler Higbee,tyler higbee
9,TE,3.24,Cole Kmet,cole kmet
12,WR,3.24,Jordan Whittington,jordan whittington
17,TE,3.24,Luke Musgrave,luke musgrave
9,WR,3.23,Jayden Higgins,jayden higgins
11,WR,3.23,Tylan Wallace,tylan wallace
1,WR,3.23,Greg Dortch,greg dortch
6,TE,3.22,Daniel Bellinger,daniel bellinger
15,WR,3.22,Marquez Valdes-Scantling,marquez valdesscantling
1,WR,3.22,Xavier Hutchinson,xavier hutchinson
2,RB,3.22,LeQuint Allen,lequint allen
18,TE,3.22,Tyler Conklin,tyler conklin
8,RB,3.21,Chris Rodriguez,chris rodriguez
16,WR,3.21,Jahan Dotson,jahan dotson
5,WR,3.2,Ryan Flournoy,ryan flournoy
9,WR,3.2,Jack Bech,jack bech
3,WR,3.2,Jahan Dotson,jahan dotson
17,WR,3.2,DeAndre Hopkins,deandre hopkins
13,RB,3.2,Jerome Ford,jerome ford
14,TE,3.2,Noah Fant,noah fant
17,RB,3.2,Ty Chandler,ty chandler
10,RB,3.2,Keaton Mitchell,keaton mitchell
9,WR,3.19,Cody White,cody white
7,WR,3.19,Parker Washington,parker washington
18,RB,3.19,Ray Davis,ray davis
3,RB,3.19,Jaylen Wright,jaylen wright
7,WR,3.18,Adonai Mitchell,adonai mitchell
11,RB,3.18,Tyler Badie,tyler badie
12,RB,3.18,Chuba Hubbard,chuba hubbard
15,RB,3.18,Dare Ogunbowale,dare ogunbowale
3,TE,3.18,Dawson Knox,dawson knox
3,WR,3.17,Roman Wilson,roman wilson
14,WR,3.17,Brandin Cooks,brandin cooks
8,WR,3.17,Jalen Coker,jalen coker
18,TE,3.17,Noah Fant,noah fant
16,TE,3.17,Noah Gray,noah gray
16,WR,3.17,Treylon Burks,treylon burks
6,TE,3.16,Luke Schoonmaker,luke schoonmaker
9,RB,3.16,Brian Robinson,brian robinson
6,TE,3.16,Taysom Hill,taysom hill
13,TE,3.15,Cole Kmet,cole kmet
11,TE,3.15,Jackson Hawes,jackson hawes
17,TE,3.15,Noah Fant,noah fant
8,WR,3.15,Demarcus Robinson,demarcus robinson
3,RB,3.15,Isaiah Davis,isaiah davis
16,TE,3.14,Daniel Bellinger,daniel bellinger
17,TE,3.14,Noah Gray,noah gray
6,WR,3.14,Beaux Collins,beaux collins
15,RB,3.14,Evan Hull,evan hull
7,WR,3.14,Chimere Dike,chimere dike
12,RB,3.14,Dylan Sampson,dylan sampson
8,WR,3.14,Mack Hollins,mack hollins
18,WR,3.13,Romeo Doubs,romeo doubs
13,TE,3.13,Daniel Bellinger,daniel bellinger
6,TE,3.13,Tyler Higbee,tyler higbee
1,WR,3.12,Sterling Shepard,sterling shepard
8,RB,3.12,Jaydon Blue,jaydon blue
10,TE,3.12,Austin Hooper,austin hooper
4,WR,3.12,JuJu Smith-Schuster,juju smithschuster
3,RB,3.12,AJ Dillon,aj dillon
16,RB,3.11,Rasheen Ali,rasheen ali
7,WR,3.1,Scotty Miller,scotty miller
7,WR,3.1,Pat Bryant,pat bryant
13,TE,3.1,Jackson Hawes,jackson hawes
13,TE,3.1,Luke Musgrave,luke musgrave
2,RB,3.1,Tyler Badie,tyler badie
11,WR,3.09,Gabe Davis,gabe davis
9,WR,3.09,Brandin Cooks,brandin cooks
5,WR,3.09,Jordan Whittington,jordan whittington
7,WR,3.09,Devaughn Vele,devaughn vele
13,TE,3.09,Elijah Arroyo,elijah arroyo
16,WR,3.09,Mason Tipton,mason tipton
4,RB,3.08,LeQuint Allen,lequint allen
14,WR,3.08,Xavier Hutchinson,xavier hutchinson
14,RB,3.07,Sean Tucker,sean tucker
10,WR,3.07,Jamari Thrash,jamari thrash
3,RB,3.07,Blake Corum,blake corum
2,RB,3.07,Chris Brooks,chris brooks
1,WR,3.07,Tyler Johnson,tyler johnson
18,TE,3.07,John Bates,john bates
10,WR,3.07,Tylan Wallace,tylan wallace
1,TE,3.07,Noah Gray,noah gray
11,WR,3.06,Tre' Harris,tre harris
6,RB,3.06,LeQuint Allen,lequint allen
15,WR,3.05,Demarcus Robinson,demarcus robinson
7,WR,3.05,Olamide Zaccheaus,olamide zaccheaus
2,WR,3.05,Sterling Shepard,sterling shepard
7,RB,3.05,Brian Robinson,brian robinson
5,WR,3.04,DeAndre Hopkins,deandre hopkins
17,RB,3.04,Nick Chubb,nick chubb
16,RB,3.04,Brashard Smith,brashard smith
17,WR,3.04,Demarcus Robinson,demarcus robinson
1,WR,3.03,Parker Washington,parker washington
1,RB,3.03,Jeremy McNichols,jeremy mcnichols
17,WR,3.03,Ben Skowronek,ben skowronek
2,RB,3.03,Dare Ogunbowale,dare ogunbowale
17,WR,3.02,Malachi Corley,malachi corley
16,RB,3.02,Tyler Badie,tyler badie
2,RB,3.02,Samaje Perine,samaje perine
1,RB,3.01,Chris Brooks,chris brooks
1,RB,3.01,Sean Tucker,sean tucker
17,TE,3.01,Austin Hooper,austin hooper
4,WR,3.01,Tutu Atwell,tutu atwell
15,WR,3.01,Jahan Dotson,jahan dotson
1,RB,3.0,Kyle Monangai,kyle monangai
13,TE,2.99,Terrance Ferguson,terrance ferguson
18,TE,2.99,Jeremy Ruckert,jeremy ruckert
11,RB,2.99,Tahj Brooks,tahj brooks
17,WR,2.99,Kalif Raymond,kalif raymond
8,WR,2.99,Jalen Nailor,jalen nailor
18,WR,2.98,Efton Chism,efton chism
16,WR,2.98,Konata Mumpfield,konata mumpfield
6,WR,2.98,Jack Bech,jack bech
11,WR,2.98,Kalif Raymond,kalif raymond
15,WR,2.97,Allen Lazard,allen lazard
7,WR,2.97,Roman Wilson,roman wilson
11,WR,2.97,Jalin Hyatt,jalin hyatt
12,WR,2.97,Xavier Hutchinson,xavier hutchinson
8,TE,2.96,Harrison Bryant,harrison bryant
12,TE,2.96,Davis Allen,davis allen
16,WR,2.96,Xavier Hutchinson,xavier hutchinson
5,WR,2.96,Chimere Dike,chimere dike
6,TE,2.95,Johnny Mundt,johnny mundt
4,TE,2.95,Darren Waller,darren waller
9,TE,2.95,Austin Hooper,austin hooper
15,TE,2.95,Terrance Ferguson,terrance ferguson
5,WR,2.94,Jalen Royals,jalen royals
12,WR,2.94,Savion Williams,savion williams
8,WR,2.94,Malik Heath,malik heath
18,WR,2.93,Nick Westbrook-Ikhine,nick westbrookikhine
12,WR,2.93,Kalif Raymond,kalif raymond
14,WR,2.93,Sterling Shepard,sterling shepard
1,WR,2.93,Tyquan Thornton,tyquan thornton
1,WR,2.93,Isaac TeSlaa,isaac teslaa
18,RB,2.93,LeQuint Allen,lequint allen
2,RB,2.93,Woody Marks,woody marks
4,WR,2.93,Chimere Dike,chimere dike
11,WR,2.92,Allen Lazard,allen lazard
14,WR,2.92,Ryan Flournoy,ryan flournoy
14,TE,2.91,Elijah Arroyo,elijah arroyo
18,TE,2.91,Mitchell Evans,mitchell evans
1,TE,2.9,Cade Stover,cade stover
1,WR,2.9,Tutu Atwell,tutu atwell
5,WR,2.9,Tyquan Thornton,tyquan thornton
18,TE,2.9,Kylen Granson,kylen granson
18,WR,2.89,Ronnie Bell,ronnie bell
15,TE,2.88,Charlie Kolar,charlie kolar
9,WR,2.88,KhaDarel Hodge,khadarel hodge
14,TE,2.88,Terrance Ferguson,terrance ferguson
8,RB,2.88,Dylan Sampson,dylan sampson
10,WR,2.87,Jimmy Horn,jimmy horn
13,WR,2.87,Jordan Whittington,jordan whittington
5,RB,2.87,Ray Davis,ray davis
1,TE,2.87,Payne Durham,payne durham
1,WR,2.87,Jalen Tolbert,jalen tolbert
6,TE,2.86,Colston Loveland,colston loveland
3,RB,2.86,Kendre Miller,kendre miller
8,WR,2.86,Lil'Jordan Humphrey,liljordan humphrey
6,RB,2.86,Chris Brooks,chris brooks
13,WR,2.85,Treylon Burks,treylon burks
1,TE,2.85,Elijah Arroyo,elijah arroyo
16,WR,2.85,Dontayvion Wicks,dontayvion wicks
2,RB,2.85,Kyle Monangai,kyle monangai
2,RB,2.85,Kyle Juszczyk,kyle juszczyk
12,WR,2.85,Tylan Wallace,tylan wallace
9,RB,2.84,Ray Davis,ray davis
7,WR,2.84,Jimmy Horn,jimmy horn
7,WR,2.84,Greg Dortch,greg dortch
5,WR,2.84,Xavier Hutchinson,xavier hutchinson
18,WR,2.84,Kalif Raymond,kalif raymond
9,TE,2.82,Drew Sample,drew sample
5,WR,2.82,Greg Dortch,greg dortch
3,WR,2.82,Xavier Hutchinson,xavier hutchinson
17,WR,2.82,Cedric Tillman,cedric tillman
6,RB,2.82,Emanuel Wilson,emanuel wilson
12,TE,2.82,Charlie Woerner,charlie woerner
18,TE,2.82,Luke Musgrave,luke musgrave
8,WR,2.82,Braxton Berrios,braxton berrios
15,WR,2.82,Brandin Cooks,brandin cooks
6,WR,2.81,Tylan Wallace,tylan wallace
2,TE,2.81,Kylen Granson,kylen granson
13,RB,2.81,Chuba Hubbard,chuba hubbard
12,TE,2.81,Foster Moreau,foster moreau
14,WR,2.81,Jahan Dotson,jahan dotson
13,RB,2.8,Brian Robinson,brian robinson
17,WR,2.8,Theo Wease,theo wease
10,WR,2.8,Jayden Higgins,jayden higgins
5,WR,2.8,Adonai Mitchell,adonai mitchell
10,WR,2.79,Kalif Raymond,kalif raymond
5,WR,2.79,Tez Johnson,tez johnson
11,RB,2.79,Dylan Sampson,dylan sampson
14,TE,2.78,Foster Moreau,foster moreau
16,WR,2.78,Devin Duvernay,devin duvernay
11,RB,2.78,Raheem Mostert,raheem mostert
15,TE,2.77,Luke Musgrave,luke musgrave
13,WR,2.77,Tre' Harris,tre harris
11,WR,2.77,Dont'e Thornton,donte thornton
18,TE,2.77,Elijah Higgins,elijah higgins
18,WR,2.77,Demarcus Robinson,demarcus robinson
18,WR,2.77,Xavier Smith,xavier smith
8,TE,2.77,Daniel Bellinger,daniel bellinger
16,WR,2.76,Dante Pettis,dante pettis
16,WR,2.76,Isaac TeSlaa,isaac teslaa
7,WR,2.76,Jamari Thrash,jamari thrash
7,TE,2.76,Johnny Mundt,johnny mundt
1,WR,2.76,Mack Hollins,mack hollins
11,RB,2.75,Jaleel McLaughlin,jaleel mclaughlin
13,WR,2.75,Ryan Flournoy,ryan flournoy
15,WR,2.75,Dontayvion Wicks,dontayvion wicks
9,RB,2.75,Keaton Mitchell,keaton mitchell
1,TE,2.75,Michael Mayer,michael mayer
17,WR,2.75,Xavier Hutchinson,xavier hutchinson
2,TE,2.75,Julian Hill,julian hill
7,TE,2.75,Drew Sample,drew sample
5,TE,2.74,Noah Gray,noah gray
18,TE,2.74,Julian Hill,julian hill
6,TE,2.74,Gunnar Helm,gunnar helm
3,RB,2.73,Julius Chestnut,julius chestnut
9,WR,2.73,Elijah Moore,elijah moore
4,TE,2.73,Elijah Arroyo,elijah arroyo
5,WR,2.73,Ashton Dulin,ashton dulin
5,WR,2.73,Kalif Raymond,kalif raymond
7,WR,2.73,JuJu Smith-Schuster,juju smithschuster
7,WR,2.73,Nick Westbrook-Ikhine,nick westbrookikhine
14,WR,2.72,Tom Kennedy,tom kennedy
4,WR,2.72,Kalif Raymond,kalif raymond
2,RB,2.72,Blake Corum,blake corum
13,WR,2.72,Jahan Dotson,jahan dotson
6,WR,2.72,Jalin Hyatt,jalin hyatt
2,WR,2.72,Jalen Tolbert,jalen tolbert
14,WR,2.71,Noah Brown,noah brown
16,TE,2.71,Taysom Hill,taysom hill
16,WR,2.71,Lil'Jordan Humphrey,liljordan humphrey
4,WR,2.71,Jahan Dotson,jahan dotson
6,WR,2.7,Greg Dortch,greg dortch
16,WR,2.7,Adam Thielen,adam thielen
3,TE,2.7,Elijah Arroyo,elijah arroyo
6,TE,2.7,Dawson Knox,dawson knox
12,WR,2.7,Olamide Zaccheaus,olamide zaccheaus
15,WR,2.7,Jack Bech,jack bech
10,WR,2.69,Demarcus Robinson,demarcus robinson
10,RB,2.69,Ray Davis,ray davis
17,WR,2.69,Tutu Atwell,tutu atwell
11,RB,2.69,Ollie Gordon,ollie gordon
5,WR,2.69,Jalen Nailor,jalen nailor
15,RB,2.68,Raheem Mostert,raheem mostert
3,RB,2.68,Brashard Smith,brashard smith
17,RB,2.68,Tank Bigsby,tank bigsby
6,TE,2.67,Elijah Arroyo,elijah arroyo
15,RB,2.67,Audric Estime,audric estime
9,WR,2.67,Malik Heath,malik heath
4,TE,2.67,Noah Gray,noah gray
17,RB,2.66,Corey Kiner,corey kiner
18,RB,2.66,Donovan Edwards,donovan edwards
5,TE,2.66,Elijah Arroyo,elijah arroyo
6,WR,2.66,Chimere Dike,chimere dike
1,RB,2.65,Antonio Gibson,antonio gibson
5,WR,2.64,Adam Thielen,adam thielen
8,WR,2.64,Luke McCaffrey,luke mccaffrey
5,TE,2.64,Dawson Knox,dawson knox
6,WR,2.64,Ryan Miller,ryan miller
9,RB,2.63,LeQuint Allen,lequint allen
3,TE,2.63,Luke Farrell,luke farrell
5,TE,2.63,Luke Farrell,luke farrell
14,WR,2.63,Malachi Corley,malachi corley
10,RB,2.63,Raheem Mostert,raheem mostert
1,RB,2.62,Hassan Haskins,hassan haskins
16,WR,2.62,Kevin Austin,kevin austin
2,TE,2.62,Tyler Conklin,tyler conklin
18,TE,2.62,Noah Gray,noah gray
9,TE,2.62,Michael Mayer,michael mayer
1,TE,2.62,Noah Fant,noah fant
14,TE,2.61,Anthony Firkser,anthony firkser
1,RB,2.61,Devin Neal,devin neal
6,TE,2.61,Elijah Higgins,elijah higgins
15,TE,2.61,Elijah Higgins,elijah higgins
7,RB,2.61,Brashard Smith,brashard smith
8,TE,2.6,Greg Dulcich,greg dulcich
13,WR,2.6,Olamide Zaccheaus,olamide zaccheaus
13,RB,2.6,Jaret Patterson,jaret patterson
17,WR,2.6,Jahan Dotson,jahan dotson
4,TE,2.6,Ben Sinnott,ben sinnott
12,TE,2.59,Tommy Tremble,tommy tremble
11,RB,2.58,D'Ernest Johnson,dernest johnson
12,WR,2.58,Elijah Moore,elijah moore
18,WR,2.58,Samori Toure,samori toure
8,RB,2.58,Tyler Badie,tyler badie
2,WR,2.58,Roman Wilson,roman wilson
6,WR,2.58,Jahan Dotson,jahan dotson
17,RB,2.58,Chase Edmonds,chase edmonds
3,RB,2.57,Antonio Gibson,antonio gibson
5,WR,2.57,Jahan Dotson,jahan dotson
15,WR,2.57,Lil'Jordan Humphrey,liljordan humphrey
16,WR,2.57,Jaylin Lane,jaylin lane
15,WR,2.57,Treylon Burks,treylon burks
4,WR,2.56,Jayden Higgins,jayden higgins
2,RB,2.56,Kaleb Johnson,kaleb johnson
11,WR,2.55,Devontez Walker,devontez walker
15,WR,2.55,Isaac TeSlaa,isaac teslaa
6,WR,2.55,DeMario Douglas,demario douglas
8,WR,2.54,Chris Moore,chris moore
12,TE,2.54,Elijah Higgins,elijah higgins
9,WR,2.54,Xavier Hutchinson,xavier hutchinson
18,WR,2.54,Derius Davis,derius davis
4,WR,2.54,Xavier Hutchinson,xavier hutchinson
14,WR,2.54,Adam Thielen,adam thielen
4,WR,2.54,Jordan Whittington,jordan whittington
5,WR,2.53,Tyler Lockett,tyler lockett
5,RB,2.53,Samaje Perine,samaje perine
17,RB,2.52,Tyler Badie,tyler badie
17,TE,2.52,Ian Thomas,ian thomas
6,WR,2.52,Arian Smith,arian smith
4,WR,2.52,Tyler Lockett,tyler lockett
7,TE,2.52,Elijah Arroyo,elijah arroyo
13,RB,2.52,Tyler Badie,tyler badie
15,RB,2.51,Kyle Juszczyk,kyle juszczyk
7,TE,2.51,Elijah Higgins,elijah higgins
6,WR,2.51,Scotty Miller,scotty miller
6,WR,2.51,Lil'Jordan Humphrey,liljordan humphrey
8,TE,2.51,Tanner Hudson,tanner hudson
16,RB,2.51,Tank Bigsby,tank bigsby
2,WR,2.51,Kalif Raymond,kalif raymond
10,WR,2.5,Tre' Harris,tre harris
6,WR,2.5,Zay Jones,zay jones
15,RB,2.5,Rasheen Ali,rasheen ali
6,WR,2.5,Ben Skowronek,ben skowronek
8,WR,2.49,John Metchie,john metchie
6,WR,2.49,Jamari Thrash,jamari thrash
14,TE,2.49,Adam Trautman,adam trautman
5,TE,2.49,Taysom Hill,taysom hill
15,RB,2.49,Tyler Badie,tyler badie
15,TE,2.49,Blake Whiteheart,blake whiteheart
9,TE,2.48,Elijah Higgins,elijah higgins
7,WR,2.48,Dontayvion Wicks,dontayvion wicks
7,TE,2.47,Daniel Bellinger,daniel bellinger
8,RB,2.47,Will Shipley,will shipley
5,RB,2.47,Kyle Juszczyk,kyle juszczyk
13,WR,2.47,Jaylin Noel,jaylin noel
18,QB,2.47,Josh Allen,josh allen
15,TE,2.46,Devin Culp,devin culp
7,WR,2.46,Malik Heath,malik heath
12,RB,2.46,Tank Bigsby,tank bigsby
5,TE,2.46,Ian Thomas,ian thomas
8,TE,2.46,Noah Gray,noah gray
18,TE,2.46,Shane Zylstra,shane zylstra
15,WR,2.45,Adam Thielen,adam thielen
5,WR,2.45,Zay Jones,zay jones
14,WR,2.45,Tre' Harris,tre harris
1,TE,2.45,Luke Musgrave,luke musgrave
16,TE,2.45,Davis Allen,davis allen
18,WR,2.45,Dont'e Thornton,donte thornton
14,RB,2.45,Rasheen Ali,rasheen ali
3,TE,2.45,Colston Loveland,colston loveland
3,WR,2.44,Isaac TeSlaa,isaac teslaa
1,WR,2.44,Jahan Dotson,jahan dotson
5,WR,2.44,Marquez Valdes-Scantling,marquez valdesscantling
9,TE,2.44,Adam Trautman,adam trautman
18,RB,2.44,Tyler Badie,tyler badie
10,WR,2.43,John Metchie,john metchie
13,WR,2.43,Tyler Johnson,tyler johnson
15,TE,2.43,Foster Moreau,foster moreau
7,TE,2.43,Julian Hill,julian hill
13,TE,2.43,Ian Thomas,ian thomas
1,RB,2.43,Zamir White,zamir white
6,WR,2.42,Tyler Lockett,tyler lockett
9,TE,2.42,Tommy Tremble,tommy tremble
3,RB,2.42,DJ Giddens,dj giddens
10,WR,2.42,Greg Dortch,greg dortch
15,WR,2.42,Tylan Wallace,tylan wallace
2,RB,2.42,Roschon Johnson,roschon johnson
16,TE,2.41,Foster Moreau,foster moreau
17,WR,2.41,Efton Chism,efton chism
5,WR,2.41,Beaux Collins,beaux collins
12,WR,2.41,Isaiah Bond,isaiah bond
15,WR,2.4,Jaylin Noel,jaylin noel
11,TE,2.4,Daniel Bellinger,daniel bellinger
13,RB,2.4,Tank Bigsby,tank bigsby
13,TE,2.4,Josh Whyle,josh whyle
12,RB,2.4,Ameer Abdullah,ameer abdullah
8,WR,2.39,Christian Watson,christian watson
9,TE,2.39,Noah Gray,noah gray
2,TE,2.39,Gunnar Helm,gunnar helm
15,RB,2.39,Sean Tucker,sean tucker
2,TE,2.39,Jake Tonges,jake tonges
13,TE,2.39,Davis Allen,davis allen
6,RB,2.38,Tahj Brooks,tahj brooks
14,RB,2.38,Tyler Badie,tyler badie
11,TE,2.38,Tommy Tremble,tommy tremble
16,TE,2.38,Shane Zylstra,shane zylstra
11,WR,2.38,Xavier Weaver,xavier weaver
8,WR,2.38,Jimmy Horn,jimmy horn
16,RB,2.38,Chris Brooks,chris brooks
4,TE,2.38,Tyler Conklin,tyler conklin
15,WR,2.38,Devontez Walker,devontez walker
2,WR,2.38,Kendrick Bourne,kendrick bourne
5,WR,2.38,Tutu Atwell,tutu atwell
1,TE,2.38,Gunnar Helm,gunnar helm
8,WR,2.38,Jamari Thrash,jamari thrash
13,TE,2.37,Tommy Tremble,tommy tremble
7,TE,2.37,Davis Allen,davis allen
10,TE,2.37,Elijah Higgins,elijah higgins
2,TE,2.37,Tommy Tremble,tommy tremble
11,RB,2.36,LeQuint Allen,lequint allen
8,WR,2.36,Tylan Wallace,tylan wallace
16,WR,2.36,Jalen Royals,jalen royals
15,RB,2.36,Ollie Gordon,ollie gordon
4,WR,2.36,Nick Westbrook-Ikhine,nick westbrookikhine
9,WR,2.35,Tre' Harris,tre harris
5,WR,2.35,Isaac TeSlaa,isaac teslaa
7,WR,2.35,Ryan Flournoy,ryan flournoy
2,TE,2.35,Josh Oliver,josh oliver
12,TE,2.35,Jeremy Ruckert,jeremy ruckert
7,WR,2.35,Jaylin Noel,jaylin noel
3,WR,2.34,Pat Bryant,pat bryant
4,WR,2.34,Isaac TeSlaa,isaac teslaa
16,WR,2.34,Marquez Valdes-Scantling,marquez valdesscantling
2,RB,2.34,Devin Neal,devin neal
10,RB,2.34,Brian Robinson,brian robinson
11,WR,2.34,Jalen Tolbert,jalen tolbert
17,WR,2.34,Gage Larvadain,gage larvadain
18,WR,2.34,Devontez Walker,devontez walker
16,WR,2.33,Cedric Tillman,cedric tillman
4,TE,2.33,Luke Farrell,luke farrell
7,WR,2.33,Alex Bachman,alex bachman
17,RB,2.33,Kyle Juszczyk,kyle juszczyk
5,RB,2.33,Dylan Sampson,dylan sampson
13,WR,2.32,Tyquan Thornton,tyquan thornton
18,TE,2.32,Moliki Matavao,moliki matavao
7,WR,2.32,Casey Washington,casey washington
4,WR,2.32,Jack Bech,jack bech
16,TE,2.32,Elijah Higgins,elijah higgins
9,WR,2.32,Greg Dortch,greg dortch
2,RB,2.31,Zamir White,zamir white
15,RB,2.31,Ameer Abdullah,ameer abdullah
8,TE,2.31,Tommy Tremble,tommy tremble
12,WR,2.31,Dont'e Thornton,donte thornton
3,WR,2.31,Luke McCaffrey,luke mccaffrey
15,TE,2.31,Tommy Tremble,tommy tremble
17,WR,2.31,Chris Moore,chris moore
3,WR,2.31,Kalif Raymond,kalif raymond
13,WR,2.31,Demarcus Robinson,demarcus robinson
1,RB,2.31,Miles Sanders,miles sanders
4,RB,2.31,Emanuel Wilson,emanuel wilson
11,WR,2.3,Ryan Flournoy,ryan flournoy
10,TE,2.3,Tommy Tremble,tommy tremble
5,TE,2.3,Colby Parkinson,colby parkinson
13,TE,2.3,Anthony Firkser,anthony firkser
14,TE,2.3,Josh Whyle,josh whyle
11,TE,2.3,Cole Kmet,cole kmet
12,WR,2.3,Allen Lazard,allen lazard
1,WR,2.3,Noah Brown,noah brown
4,WR,2.29,Pat Bryant,pat bryant
6,TE,2.29,Noah Gray,noah gray
18,RB,2.28,Brian Robinson,brian robinson
10,RB,2.28,LeQuint Allen,lequint allen
5,TE,2.28,Gunnar Helm,gunnar helm
8,RB,2.28,Nyheim Miller-Hines,nyheim millerhines
6,WR,2.28,Jordan Whittington,jordan whittington
6,WR,2.28,Kyle Williams,kyle williams
8,WR,2.28,Tyler Johnson,tyler johnson
7,RB,2.28,Kaleb Johnson,kaleb johnson
18,WR,2.28,Jalen Tolbert,jalen tolbert
12,TE,2.27,Josh Whyle,josh whyle
10,RB,2.27,Tank Bigsby,tank bigsby
12,RB,2.27,Malik Davis,malik davis
11,WR,2.27,Adonai Mitchell,adonai mitchell
8,WR,2.27,Jaylin Lane,jaylin lane
17,TE,2.26,Tommy Tremble,tommy tremble
18,RB,2.26,Kyle Juszczyk,kyle juszczyk
17,WR,2.26,Dante Pettis,dante pettis
11,WR,2.26,Jahan Dotson,jahan dotson
16,TE,2.25,John FitzPatrick,john fitzpatrick
6,RB,2.25,Will Shipley,will shipley
9,WR,2.25,Jalen Tolbert,jalen tolbert
14,WR,2.25,Allen Lazard,allen lazard
18,RB,2.25,Corey Kiner,corey kiner
14,WR,2.25,Tim Patrick,tim patrick
4,TE,2.25,Gunnar Helm,gunnar helm
16,WR,2.24,Kalif Raymond,kalif raymond
11,WR,2.24,Arian Smith,arian smith
2,TE,2.24,Elijah Higgins,elijah higgins
16,WR,2.24,Cedrick Wilson,cedrick wilson
6,WR,2.23,Marquez Valdes-Scantling,marquez valdesscantling
4,WR,2.23,Jaylin Noel,jaylin noel
10,WR,2.23,Luther Burden,luther burden
7,TE,2.23,Jake Tonges,jake tonges
13,TE,2.23,Elijah Higgins,elijah higgins
4,WR,2.22,Tylan Wallace,tylan wallace
11,TE,2.22,Julian Hill,julian hill
17,TE,2.22,Shane Zylstra,shane zylstra
15,WR,2.21,Matthew Golden,matthew golden
5,RB,2.21,DJ Giddens,dj giddens
16,RB,2.21,Kyle Juszczyk,kyle juszczyk
4,TE,2.21,Luke Schoonmaker,luke schoonmaker
13,WR,2.21,Tim Patrick,tim patrick
4,WR,2.21,Ryan Flournoy,ryan flournoy
5,RB,2.21,Will Shipley,will shipley
7,TE,2.2,Blake Whiteheart,blake whiteheart
12,WR,2.2,Jalin Hyatt,jalin hyatt
18,WR,2.2,Chris Moore,chris moore
13,RB,2.2,Malik Davis,malik davis
10,WR,2.2,Jahan Dotson,jahan dotson
15,TE,2.19,Josh Whyle,josh whyle
1,RB,2.19,Dare Ogunbowale,dare ogunbowale
18,WR,2.19,Gage Larvadain,gage larvadain
3,TE,2.19,Brock Wright,brock wright
3,WR,2.19,Allen Lazard,allen lazard
5,WR,2.19,Tre' Harris,tre harris
5,WR,2.18,Jaylin Noel,jaylin noel
3,WR,2.18,Arian Smith,arian smith
2,WR,2.18,Mack Hollins,mack hollins
14,TE,2.18,Ian Thomas,ian thomas
13,WR,2.18,Xavier Hutchinson,xavier hutchinson
7,WR,2.18,Jalin Hyatt,jalin hyatt
7,WR,2.18,Jalen Tolbert,jalen tolbert
12,TE,2.17,Austin Hooper,austin hooper
12,RB,2.17,Tahj Brooks,tahj brooks
15,WR,2.17,Kalif Raymond,kalif raymond
9,WR,2.17,Tylan Wallace,tylan wallace
1,WR,2.17,Jaylin Lane,jaylin lane
7,WR,2.17,Kyle Williams,kyle williams
5,RB,2.17,Brashard Smith,brashard smith
8,WR,2.16,Dee Eskridge,dee eskridge
3,WR,2.16,Chimere Dike,chimere dike
15,TE,2.16,Tanner Hudson,tanner hudson
1,TE,2.16,Dawson Knox,dawson knox
6,TE,2.16,Ian Thomas,ian thomas
15,RB,2.16,LeQuint Allen,lequint allen
2,RB,2.16,AJ Dillon,aj dillon
6,RB,2.16,DeeJay Dallas,deejay dallas
13,WR,2.16,Allen Lazard,allen lazard
2,TE,2.16,Terrance Ferguson,terrance ferguson
4,TE,2.16,Dawson Knox,dawson knox
11,TE,2.16,Charlie Kolar,charlie kolar
12,WR,2.15,Jimmy Horn,jimmy horn
14,TE,2.15,Charlie Kolar,charlie kolar
7,RB,2.15,Will Shipley,will shipley
15,RB,2.15,Brashard Smith,brashard smith
15,TE,2.15,Davis Allen,davis allen
13,WR,2.15,Chris Moore,chris moore
17,TE,2.15,Elijah Higgins,elijah higgins
7,TE,2.15,John Bates,john bates
15,RB,2.15,Malik Davis,malik davis
12,TE,2.14,Noah Gray,noah gray
18,WR,2.14,Jimmy Horn,jimmy horn
16,WR,2.14,Tutu Atwell,tutu atwell
8,WR,2.14,Roman Wilson,roman wilson
2,RB,2.14,DJ Giddens,dj giddens
13,WR,2.14,Dont'e Thornton,donte thornton
3,TE,2.14,Austin Hooper,austin hooper
11,TE,2.13,Josh Oliver,josh oliver
4,TE,2.13,Luke Musgrave,luke musgrave
15,TE,2.13,Shane Zylstra,shane zylstra
2,WR,2.13,Jaylin Noel,jaylin noel
7,RB,2.13,LeQuint Allen,lequint allen
1,WR,2.13,Luther Burden,luther burden
3,WR,2.12,Tylan Wallace,tylan wallace
17,WR,2.12,Dontayvion Wicks,dontayvion wicks
7,WR,2.12,Jahan Dotson,jahan dotson
5,TE,2.12,Foster Moreau,foster moreau
4,WR,2.12,Roman Wilson,roman wilson
13,TE,2.12,Jeremy Ruckert,jeremy ruckert
2,RB,2.12,Julius Chestnut,julius chestnut
11,WR,2.12,Isaiah Hodgins,isaiah hodgins
10,WR,2.12,Gunner Olszewski,gunner olszewski
2,WR,2.11,Allen Lazard,allen lazard
13,TE,2.11,Foster Moreau,foster moreau
1,TE,2.11,Tommy Tremble,tommy tremble
7,RB,2.11,DJ Giddens,dj giddens
17,WR,2.1,David Sills,david sills
2,TE,2.1,Dawson Knox,dawson knox
2,WR,2.09,Xavier Hutchinson,xavier hutchinson
1,WR,2.09,Russell Gage,russell gage
3,WR,2.09,Devontez Walker,devontez walker
10,TE,2.09,Adam Trautman,adam trautman
3,TE,2.09,Jeremy Ruckert,jeremy ruckert
12,WR,2.08,Jaylin Noel,jaylin noel
4,RB,2.08,Brashard Smith,brashard smith
16,TE,2.08,Blake Whiteheart,blake whiteheart
18,TE,2.08,Ian Thomas,ian thomas
8,RB,2.07,Jaret Patterson,jaret patterson
3,TE,2.07,Lucas Krull,lucas krull
8,TE,2.07,Grant Calcaterra,grant calcaterra
11,WR,2.07,Jimmy Horn,jimmy horn
14,WR,2.07,JuJu Smith-Schuster,juju smithschuster
2,WR,2.07,Tutu Atwell,tutu atwell
2,TE,2.07,Jeremy Ruckert,jeremy ruckert
16,TE,2.06,Greg Dulcich,greg dulcich
5,WR,2.06,Curtis Samuel,curtis samuel
13,RB,2.06,LeQuint Allen,lequint allen
16,RB,2.06,Raheem Mostert,raheem mostert
8,WR,2.06,Tyquan Thornton,tyquan thornton
10,WR,2.06,Isaiah Williams,isaiah williams
14,TE,2.06,Davis Allen,davis allen
7,TE,2.06,Noah Gray,noah gray
9,WR,2.06,Jimmy Horn,jimmy horn
1,TE,2.05,Austin Hooper,austin hooper
11,WR,2.05,Lil'Jordan Humphrey,liljordan humphrey
3,WR,2.05,Luther Burden,luther burden
10,WR,2.05,Cody White,cody white
1,RB,2.05,Brashard Smith,brashard smith
13,TE,2.04,Charlie Kolar,charlie kolar
4,TE,2.04,Mitchell Evans,mitchell evans
2,WR,2.04,Luther Burden,luther burden
6,RB,2.04,AJ Dillon,aj dillon
14,WR,2.04,Trent Sherfield,trent sherfield
18,TE,2.04,Tanner Conner,tanner conner
4,RB,2.04,Isaiah Davis,isaiah davis
16,WR,2.04,Jaylin Noel,jaylin noel
13,RB,2.03,Evan Hull,evan hull
14,TE,2.03,Jeremy Ruckert,jeremy ruckert
3,WR,2.03,Jaylin Noel,jaylin noel
17,WR,2.03,Matthew Golden,matthew golden
2,RB,2.03,Brashard Smith,brashard smith
14,WR,2.03,Jordan Whittington,jordan whittington
17,RB,2.03,Brashard Smith,brashard smith
17,WR,2.02,Brandin Cooks,brandin cooks
1,WR,2.02,Dontayvion Wicks,dontayvion wicks
15,WR,2.02,Jimmy Horn,jimmy horn
15,TE,2.02,Josh Oliver,josh oliver
4,WR,2.02,Tre' Harris,tre harris
14,WR,2.01,Tyquan Thornton,tyquan thornton
2,WR,2.01,Greg Dortch,greg dortch
18,TE,2.01,Anthony Firkser,anthony firkser
6,TE,2.01,Charlie Kolar,charlie kolar
6,TE,2.01,Will Dissly,will dissly
3,TE,2.01,Darnell Washington,darnell washington
9,WR,2.01,Jordan Watkins,jordan watkins
18,WR,2.01,Kendrick Bourne,kendrick bourne
11,WR,2.0,Pat Bryant,pat bryant
2,RB,2.0,Khalil Herbert,khalil herbert
16,TE,2.0,Austin Hooper,austin hooper
4,WR,2.0,Adam Thielen,adam thielen
3,TE,2.0,Charlie Kolar,charlie kolar
1,WR,2.0,Kendrick Bourne,kendrick bourne
4,RB,2.0,Chris Brooks,chris brooks
3,TE,2.0,Gunnar Helm,gunnar helm
9,TE,1.99,Luke Musgrave,luke musgrave
11,TE,1.99,Adam Trautman,adam trautman
16,TE,1.99,Josh Oliver,josh oliver
17,RB,1.99,Chris Brooks,chris brooks
16,WR,1.99,Dont'e Thornton,donte thornton
8,WR,1.98,Jalen Tolbert,jalen tolbert
9,RB,1.98,Emari Demercado,emari demercado
16,WR,1.98,Malachi Corley,malachi corley
12,WR,1.98,Demarcus Robinson,demarcus robinson
14,RB,1.97,Chris Brooks,chris brooks
13,WR,1.97,Jimmy Horn,jimmy horn
17,TE,1.97,Will Dissly,will dissly
18,TE,1.97,Ben Yurosek,ben yurosek
4,WR,1.97,Isaiah Bond,isaiah bond
13,TE,1.97,Austin Hooper,austin hooper
3,TE,1.97,Elijah Higgins,elijah higgins
17,TE,1.96,Tanner Hudson,tanner hudson
12,TE,1.96,Charlie Kolar,charlie kolar
17,WR,1.96,Xavier Smith,xavier smith
11,TE,1.96,Noah Gray,noah gray
9,TE,1.96,Johnny Mundt,johnny mundt
3,WR,1.95,Jalen Royals,jalen royals
13,RB,1.95,Audric Estime,audric estime
3,RB,1.95,Devin Singletary,devin singletary
6,RB,1.95,Jaleel McLaughlin,jaleel mclaughlin
12,WR,1.95,Jack Bech,jack bech
14,WR,1.95,Jaylin Noel,jaylin noel
14,TE,1.95,Noah Gray,noah gray
15,WR,1.95,Malachi Corley,malachi corley
11,RB,1.95,Tank Bigsby,tank bigsby
12,WR,1.95,Austin Trammell,austin trammell
7,TE,1.95,Austin Hooper,austin hooper
11,RB,1.95,Terrell Jennings,terrell jennings
3,WR,1.94,Isaiah Bond,isaiah bond
15,TE,1.94,Austin Hooper,austin hooper
16,TE,1.94,Jackson Hawes,jackson hawes
2,WR,1.93,Arian Smith,arian smith
14,RB,1.93,Ray Davis,ray davis
13,TE,1.93,John FitzPatrick,john fitzpatrick
18,TE,1.92,Austin Hooper,austin hooper
7,WR,1.92,Savion Williams,savion williams
14,WR,1.92,Isaiah Williams,isaiah williams
16,TE,1.92,Tanner Hudson,tanner hudson
4,WR,1.92,Jamari Thrash,jamari thrash
9,WR,1.91,Dee Eskridge,dee eskridge
12,TE,1.91,John FitzPatrick,john fitzpatrick
2,TE,1.91,Luke Farrell,luke farrell
8,RB,1.91,Chris Brooks,chris brooks
14,RB,1.91,Raheem Mostert,raheem mostert
10,WR,1.91,Michael Bandy,michael bandy
6,TE,1.91,Darnell Washington,darnell washington
10,TE,1.91,Daniel Bellinger,daniel bellinger
5,WR,1.91,Dee Eskridge,dee eskridge
5,TE,1.9,Brevyn Spann-Ford,brevyn spannford
17,RB,1.9,Ollie Gordon,ollie gordon
9,WR,1.9,Skyy Moore,skyy moore
12,RB,1.9,Kaleb Johnson,kaleb johnson
17,WR,1.9,Jaylin Noel,jaylin noel
4,TE,1.9,Brevyn Spann-Ford,brevyn spannford
6,RB,1.9,Kyle Juszczyk,kyle juszczyk
7,TE,1.9,Jeremy Ruckert,jeremy ruckert
5,TE,1.89,Albert Okwuegbunam,albert okwuegbunam
5,WR,1.89,Devaughn Vele,devaughn vele
2,WR,1.89,Jaylin Lane,jaylin lane
16,RB,1.88,Ollie Gordon,ollie gordon
17,TE,1.88,Ben Yurosek,ben yurosek
15,TE,1.88,Noah Gray,noah gray
8,TE,1.88,Austin Hooper,austin hooper
15,WR,1.87,Dont'e Thornton,donte thornton
16,TE,1.87,Charlie Kolar,charlie kolar
2,RB,1.87,Trevor Etienne,trevor etienne
12,RB,1.87,LeQuint Allen,lequint allen
2,TE,1.87,Luke Schoonmaker,luke schoonmaker
4,TE,1.86,Davis Allen,davis allen
8,TE,1.86,Jeremy Ruckert,jeremy ruckert
8,RB,1.86,Ameer Abdullah,ameer abdullah
6,WR,1.86,Kalif Raymond,kalif raymond
12,TE,1.86,Quintin Morris,quintin morris
11,RB,1.86,Chris Brooks,chris brooks
1,WR,1.86,Van Jefferson,van jefferson
13,RB,1.85,Rasheen Ali,rasheen ali
12,TE,1.85,Josh Oliver,josh oliver
10,RB,1.85,Ameer Abdullah,ameer abdullah
1,RB,1.85,Julius Chestnut,julius chestnut
9,RB,1.85,Tyler Badie,tyler badie
6,WR,1.85,Malik Heath,malik heath
17,TE,1.85,Anthony Firkser,anthony firkser
13,TE,1.84,Tanner Hudson,tanner hudson
11,WR,1.84,John Metchie,john metchie
11,TE,1.84,Tanner Hudson,tanner hudson
1,WR,1.84,David Moore,david moore
16,WR,1.84,Jordan Whittington,jordan whittington
12,RB,1.84,Jermar Jefferson,jermar jefferson
2,TE,1.84,Adam Trautman,adam trautman
11,TE,1.83,Ross Dwelley,ross dwelley
6,TE,1.83,Davis Allen,davis allen
6,TE,1.83,Austin Hooper,austin hooper
4,WR,1.83,Malik Heath,malik heath
2,RB,1.83,Isaiah Davis,isaiah davis
15,TE,1.83,Nate Adkins,nate adkins
14,TE,1.83,Josh Oliver,josh oliver
2,TE,1.83,Luke Musgrave,luke musgrave
14,RB,1.82,Jaylen Wright,jaylen wright
2,WR,1.82,Justin Watson,justin watson
18,TE,1.82,Tanner Hudson,tanner hudson
14,TE,1.82,Tanner Hudson,tanner hudson
17,WR,1.81,Cody White,cody white
13,TE,1.81,Charlie Woerner,charlie woerner
3,WR,1.81,Jordan Whittington,jordan whittington
1,RB,1.81,Tahj Brooks,tahj brooks
6,TE,1.81,Adam Trautman,adam trautman
2,TE,1.81,Johnny Mundt,johnny mundt
8,TE,1.8,Luke Musgrave,luke musgrave
17,TE,1.8,Charlie Kolar,charlie kolar
4,WR,1.8,Tez Johnson,tez johnson
17,RB,1.8,D'Ernest Johnson,dernest johnson
2,WR,1.8,Isaac TeSlaa,isaac teslaa
16,RB,1.79,Dare Ogunbowale,dare ogunbowale
15,RB,1.79,Ray Davis,ray davis
1,WR,1.79,Tez Johnson,tez johnson
15,TE,1.79,Colson Yankoff,colson yankoff
17,RB,1.79,Hassan Haskins,hassan haskins
6,WR,1.78,Pat Bryant,pat bryant
17,WR,1.78,Alex Bachman,alex bachman
18,RB,1.78,Ameer Abdullah,ameer abdullah
2,TE,1.78,Charlie Kolar,charlie kolar
7,WR,1.77,Brycen Tremayne,brycen tremayne
6,WR,1.77,Devaughn Vele,devaughn vele
12,WR,1.77,Malachi Corley,malachi corley
5,WR,1.77,Tylan Wallace,tylan wallace
15,WR,1.77,Deven Thompkins,deven thompkins
16,WR,1.76,Devontez Walker,devontez walker
10,WR,1.76,Arian Smith,arian smith
5,TE,1.76,Luke Schoonmaker,luke schoonmaker
5,TE,1.76,Adam Trautman,adam trautman
11,WR,1.76,Cedrick Wilson,cedrick wilson
15,WR,1.76,Xavier Smith,xavier smith
4,TE,1.76,Austin Hooper,austin hooper
7,RB,1.76,Chris Brooks,chris brooks
11,WR,1.75,Andre Baccellia,andre baccellia
5,RB,1.75,Jaydon Blue,jaydon blue
13,WR,1.75,Devontez Walker,devontez walker
16,RB,1.75,Corey Kiner,corey kiner
12,TE,1.75,Grant Calcaterra,grant calcaterra
15,RB,1.75,Chase Edmonds,chase edmonds
14,RB,1.75,LeQuint Allen,lequint allen
5,TE,1.75,Austin Hooper,austin hooper
11,RB,1.74,Jaylen Wright,jaylen wright
13,WR,1.74,Isaiah Bond,isaiah bond
11,WR,1.74,Van Jefferson,van jefferson
8,WR,1.73,Kameron Johnson,kameron johnson
4,TE,1.73,Adam Trautman,adam trautman
11,WR,1.73,Kameron Johnson,kameron johnson
7,RB,1.73,Devin Singletary,devin singletary
1,RB,1.73,Trevor Etienne,trevor etienne
9,WR,1.73,David Sills,david sills
1,WR,1.73,Jack Bech,jack bech
8,WR,1.73,Skyy Moore,skyy moore
13,WR,1.73,Dante Pettis,dante pettis
17,WR,1.72,Jahdae Walker,jahdae walker
13,RB,1.72,Kyle Juszczyk,kyle juszczyk
17,TE,1.72,Colson Yankoff,colson yankoff
11,TE,1.71,John Bates,john bates
2,WR,1.71,Devaughn Vele,devaughn vele
15,WR,1.71,Tim Patrick,tim patrick
3,TE,1.71,Josh Oliver,josh oliver
12,RB,1.71,Kyle Juszczyk,kyle juszczyk
16,TE,1.71,Mitchell Evans,mitchell evans
10,RB,1.71,Michael Carter,michael carter
10,WR,1.71,Kameron Johnson,kameron johnson
15,TE,1.7,Cade Stover,cade stover
2,TE,1.7,Austin Hooper,austin hooper
14,WR,1.7,Xavier Smith,xavier smith
15,WR,1.7,Cody White,cody white
17,WR,1.7,Roman Wilson,roman wilson
9,WR,1.69,Kyle Williams,kyle williams
4,WR,1.69,Savion Williams,savion williams
11,TE,1.69,Jeremy Ruckert,jeremy ruckert
14,RB,1.69,Tank Bigsby,tank bigsby
3,WR,1.69,Tez Johnson,tez johnson
2,RB,1.69,Antonio Gibson,antonio gibson
7,TE,1.69,Tommy Tremble,tommy tremble
13,WR,1.68,Jaylin Lane,jaylin lane
4,RB,1.68,Dylan Laube,dylan laube
15,WR,1.68,Tez Johnson,tez johnson
2,RB,1.67,Tank Bigsby,tank bigsby
10,RB,1.67,Jaylen Wright,jaylen wright
5,TE,1.67,Johnny Mundt,johnny mundt
3,WR,1.67,Elijah Moore,elijah moore
11,RB,1.67,Ray Davis,ray davis
10,WR,1.67,Ryan Miller,ryan miller
2,WR,1.67,Russell Gage,russell gage
3,TE,1.67,Julian Hill,julian hill
10,RB,1.67,Alec Ingold,alec ingold
10,TE,1.67,Cole Kmet,cole kmet
16,WR,1.66,Jimmy Horn,jimmy horn
14,WR,1.65,Deven Thompkins,deven thompkins
4,TE,1.65,John FitzPatrick,john fitzpatrick
18,TE,1.65,Charlie Kolar,charlie kolar
1,WR,1.65,Kyle Williams,kyle williams
9,RB,1.65,Ameer Abdullah,ameer abdullah
12,RB,1.65,Will Shipley,will shipley
12,WR,1.64,Kyle Williams,kyle williams
18,WR,1.64,Jahdae Walker,jahdae walker
15,TE,1.64,Nick Kallerup,nick kallerup
3,WR,1.64,Greg Dortch,greg dortch
9,WR,1.64,Tyler Lockett,tyler lockett
4,TE,1.64,Josh Oliver,josh oliver
16,WR,1.64,Arian Smith,arian smith
13,TE,1.64,Josh Oliver,josh oliver
4,RB,1.64,DJ Giddens,dj giddens
8,WR,1.63,Brycen Tremayne,brycen tremayne
6,RB,1.63,Dylan Sampson,dylan sampson
11,WR,1.62,Jack Bech,jack bech
7,TE,1.62,Ben Sinnott,ben sinnott
7,TE,1.62,Ian Thomas,ian thomas
15,RB,1.62,Tank Bigsby,tank bigsby
15,TE,1.62,Will Dissly,will dissly
5,TE,1.62,Josh Oliver,josh oliver
3,TE,1.61,Oronde Gadsden,oronde gadsden
18,TE,1.61,Colson Yankoff,colson yankoff
7,TE,1.61,Luke Musgrave,luke musgrave
9,RB,1.6,Alec Ingold,alec ingold
1,RB,1.6,Khalil Herbert,khalil herbert
6,TE,1.6,Brevyn Spann-Ford,brevyn spannford
14,RB,1.6,Brashard Smith,brashard smith
18,TE,1.6,David Martin-Robinson,david martinrobinson
4,RB,1.59,Will Shipley,will shipley
9,WR,1.59,Kalif Raymond,kalif raymond
10,TE,1.59,Jackson Hawes,jackson hawes
17,WR,1.59,Jimmy Horn,jimmy horn
10,WR,1.59,Jaylin Noel,jaylin noel
10,TE,1.59,Terrance Ferguson,terrance ferguson
8,TE,1.58,Josh Oliver,josh oliver
3,WR,1.58,Dee Eskridge,dee eskridge
4,WR,1.58,Curtis Samuel,curtis samuel
7,WR,1.58,Robbie Chosen,robbie chosen
10,RB,1.58,Chris Brooks,chris brooks
11,WR,1.57,Malachi Corley,malachi corley
18,RB,1.57,Hassan Haskins,hassan haskins
2,WR,1.57,KeAndre Lambert-Smith,keandre lambertsmith
1,TE,1.57,Johnny Mundt,johnny mundt
10,WR,1.57,David Sills,david sills
3,WR,1.56,Savion Williams,savion williams
18,RB,1.56,Zavier Scott,zavier scott
7,WR,1.56,Tyquan Thornton,tyquan thornton
14,WR,1.56,Jaylin Lane,jaylin lane
11,WR,1.56,David Sills,david sills
12,TE,1.56,Ross Dwelley,ross dwelley
13,TE,1.55,Adam Trautman,adam trautman
5,TE,1.55,Jeremy Ruckert,jeremy ruckert
13,WR,1.55,Malachi Corley,malachi corley
13,RB,1.55,Hunter Luepke,hunter luepke
3,TE,1.55,Tommy Tremble,tommy tremble
8,RB,1.55,Alec Ingold,alec ingold
5,TE,1.55,Julian Hill,julian hill
9,WR,1.55,Xavier Smith,xavier smith
3,TE,1.54,Davis Allen,davis allen
8,TE,1.54,John Bates,john bates
15,WR,1.54,Kendrick Bourne,kendrick bourne
1,RB,1.54,Kalel Mullings,kalel mullings
12,WR,1.54,Cody White,cody white
7,TE,1.54,Will Dissly,will dissly
2,WR,1.54,Dee Eskridge,dee eskridge
2,WR,1.54,Jamari Thrash,jamari thrash
18,TE,1.53,Cade Stover,cade stover
12,WR,1.53,Isaac TeSlaa,isaac teslaa
8,TE,1.53,Jake Tonges,jake tonges
3,WR,1.52,Adonai Mitchell,adonai mitchell
7,WR,1.52,Kalif Raymond,kalif raymond
7,WR,1.52,Ben Skowronek,ben skowronek
9,WR,1.52,Austin Trammell,austin trammell
17,TE,1.52,Cade Stover,cade stover
17,RB,1.52,Rasheen Ali,rasheen ali
14,RB,1.51,Zavier Scott,zavier scott
17,TE,1.51,Josh Whyle,josh whyle
2,WR,1.51,Jordan Whittington,jordan whittington
11,TE,1.51,Terrance Ferguson,terrance ferguson
9,TE,1.51,Terrance Ferguson,terrance ferguson
1,RB,1.51,Emari Demercado,emari demercado
10,TE,1.5,John Bates,john bates
6,TE,1.5,Luke Musgrave,luke musgrave
2,RB,1.5,Sean Tucker,sean tucker
14,TE,1.5,Cade Stover,cade stover
5,RB,1.5,Tyler Badie,tyler badie
8,TE,1.5,Tyler Conklin,tyler conklin
5,TE,1.49,Daniel Bellinger,daniel bellinger
5,TE,1.49,Davis Allen,davis allen
8,WR,1.49,Kyle Williams,kyle williams
7,WR,1.49,Tre' Harris,tre harris
3,RB,1.49,LeQuint Allen,lequint allen
17,WR,1.49,Dont'e Thornton,donte thornton
1,WR,1.49,Chimere Dike,chimere dike
12,TE,1.49,Mitchell Evans,mitchell evans
13,RB,1.48,Will Shipley,will shipley
2,WR,1.48,Chimere Dike,chimere dike
3,TE,1.48,Tip Reiman,tip reiman
3,WR,1.48,Jack Bech,jack bech
6,TE,1.48,Terrance Ferguson,terrance ferguson
9,TE,1.47,Chris Manhertz,chris manhertz
16,RB,1.47,Dylan Laube,dylan laube
14,RB,1.47,Ameer Abdullah,ameer abdullah
1,TE,1.47,Luke Schoonmaker,luke schoonmaker
6,RB,1.47,Kaleb Johnson,kaleb johnson
8,RB,1.47,Zavier Scott,zavier scott
1,WR,1.47,Zay Jones,zay jones
7,TE,1.47,Josh Oliver,josh oliver
16,WR,1.47,Tim Patrick,tim patrick
18,WR,1.46,Tahj Washington,tahj washington
11,WR,1.46,Xavier Smith,xavier smith
5,RB,1.46,LeQuint Allen,lequint allen
11,TE,1.46,Davis Allen,davis allen
1,RB,1.46,George Holani,george holani
10,WR,1.45,Savion Williams,savion williams
17,WR,1.45,Devontez Walker,devontez walker
1,TE,1.45,Josh Oliver,josh oliver
15,WR,1.44,KeAndre Lambert-Smith,keandre lambertsmith
7,WR,1.44,Beaux Collins,beaux collins
10,TE,1.44,Davis Allen,davis allen
14,WR,1.44,Tylan Wallace,tylan wallace
10,WR,1.44,Dont'e Thornton,donte thornton
7,TE,1.44,Nate Adkins,nate adkins
15,TE,1.44,John FitzPatrick,john fitzpatrick
8,WR,1.44,Adam Thielen,adam thielen
18,WR,1.44,Tez Johnson,tez johnson
4,WR,1.44,Russell Gage,russell gage
9,WR,1.43,Devaughn Vele,devaughn vele
8,WR,1.43,Anthony Gould,anthony gould
1,WR,1.43,KeAndre Lambert-Smith,keandre lambertsmith
1,TE,1.43,Terrance Ferguson,terrance ferguson
10,TE,1.43,Jeremy Ruckert,jeremy ruckert
4,TE,1.43,Jeremy Ruckert,jeremy ruckert
1,TE,1.43,Jeremy Ruckert,jeremy ruckert
1,TE,1.43,Grant Calcaterra,grant calcaterra
4,TE,1.43,Elijah Higgins,elijah higgins
2,WR,1.42,Isaiah Bond,isaiah bond
14,WR,1.42,Konata Mumpfield,konata mumpfield
8,TE,1.42,Nate Adkins,nate adkins
10,TE,1.42,Grant Calcaterra,grant calcaterra
13,WR,1.42,Konata Mumpfield,konata mumpfield
1,WR,1.42,Arian Smith,arian smith
3,WR,1.41,Derius Davis,derius davis
2,WR,1.41,Tai Felton,tai felton
11,TE,1.41,Grant Calcaterra,grant calcaterra
16,TE,1.41,Adam Trautman,adam trautman
17,RB,1.41,Ray Davis,ray davis
16,TE,1.41,Charlie Woerner,charlie woerner
5,TE,1.41,Terrance Ferguson,terrance ferguson
15,WR,1.41,Sterling Shepard,sterling shepard
10,TE,1.41,Quintin Morris,quintin morris
9,TE,1.41,Davis Allen,davis allen
17,TE,1.41,Adam Trautman,adam trautman
16,RB,1.4,Ray Davis,ray davis
17,WR,1.4,Arian Smith,arian smith
10,TE,1.4,John FitzPatrick,john fitzpatrick
11,RB,1.4,Will Shipley,will shipley
18,WR,1.4,Tim Patrick,tim patrick
1,TE,1.4,Daniel Bellinger,daniel bellinger
16,TE,1.39,Nate Adkins,nate adkins
9,TE,1.39,Mitchell Evans,mitchell evans
15,TE,1.39,Adam Trautman,adam trautman
9,TE,1.39,Ben Yurosek,ben yurosek
5,TE,1.39,Tyler Conklin,tyler conklin
8,WR,1.39,Tre' Harris,tre harris
18,TE,1.39,Charlie Woerner,charlie woerner
6,RB,1.39,DJ Giddens,dj giddens
3,TE,1.38,Luke Schoonmaker,luke schoonmaker
11,TE,1.38,Mitchell Evans,mitchell evans
17,RB,1.38,Will Shipley,will shipley
6,WR,1.38,Savion Williams,savion williams
18,TE,1.38,Chris Manhertz,chris manhertz
15,WR,1.38,Nick Westbrook-Ikhine,nick westbrookikhine
15,RB,1.37,Will Shipley,will shipley
11,RB,1.37,Malik Davis,malik davis
13,WR,1.37,Jack Bech,jack bech
4,WR,1.37,Devaughn Vele,devaughn vele
13,WR,1.37,Xavier Weaver,xavier weaver
9,RB,1.37,Chris Rodriguez,chris rodriguez
8,WR,1.37,Elijah Moore,elijah moore
7,TE,1.37,Adam Trautman,adam trautman
6,TE,1.37,Julian Hill,julian hill
8,RB,1.37,Keaton Mitchell,keaton mitchell
10,WR,1.37,Mason Tipton,mason tipton
6,TE,1.37,Tyler Conklin,tyler conklin
8,TE,1.37,Adam Trautman,adam trautman
16,WR,1.36,Darius Cooper,darius cooper
18,TE,1.36,Adam Trautman,adam trautman
16,TE,1.36,Anthony Firkser,anthony firkser
3,TE,1.36,Jackson Hawes,jackson hawes
2,RB,1.36,Emanuel Wilson,emanuel wilson
9,WR,1.36,Trent Sherfield,trent sherfield
7,WR,1.35,Adam Thielen,adam thielen
1,TE,1.35,Adam Trautman,adam trautman
9,WR,1.35,Adam Thielen,adam thielen
13,RB,1.34,Ameer Abdullah,ameer abdullah
1,WR,1.34,Pat Bryant,pat bryant
13,TE,1.34,Mitchell Evans,mitchell evans
8,TE,1.34,Mitchell Evans,mitchell evans
10,TE,1.34,Mitchell Evans,mitchell evans
16,TE,1.34,Cade Stover,cade stover
17,TE,1.34,Mitchell Evans,mitchell evans
13,TE,1.34,John Bates,john bates
14,WR,1.33,Marquez Valdes-Scantling,marquez valdesscantling
7,TE,1.33,Colby Parkinson,colby parkinson
18,TE,1.33,Nate Adkins,nate adkins
18,RB,1.33,Zamir White,zamir white
15,TE,1.33,Mitchell Evans,mitchell evans
14,RB,1.33,Kaleb Johnson,kaleb johnson
2,WR,1.33,Jack Bech,jack bech
16,WR,1.33,Xavier Smith,xavier smith
8,TE,1.33,Jackson Hawes,jackson hawes
2,TE,1.33,Drew Sample,drew sample
3,WR,1.32,Tutu Atwell,tutu atwell
12,WR,1.32,Devontez Walker,devontez walker
12,RB,1.32,Hunter Luepke,hunter luepke
6,WR,1.32,Ashton Dulin,ashton dulin
14,WR,1.32,Cody White,cody white
13,TE,1.31,Luke Schoonmaker,luke schoonmaker
15,RB,1.31,Trayveon Williams,trayveon williams
18,RB,1.31,DJ Giddens,dj giddens
15,TE,1.31,Charlie Woerner,charlie woerner
18,WR,1.31,Michael Bandy,michael bandy
4,WR,1.31,Kyle Williams,kyle williams
18,TE,1.31,Luke Schoonmaker,luke schoonmaker
15,TE,1.3,Stone Smartt,stone smartt
9,WR,1.3,Tyquan Thornton,tyquan thornton
5,WR,1.3,Kyle Williams,kyle williams
10,TE,1.3,Ben Sinnott,ben sinnott
12,WR,1.3,Tyquan Thornton,tyquan thornton
17,TE,1.3,Charlie Woerner,charlie woerner
9,WR,1.3,Braxton Berrios,braxton berrios
16,WR,1.29,Chris Moore,chris moore
8,TE,1.29,Drew Sample,drew sample
3,WR,1.28,Nikko Remigio,nikko remigio
5,TE,1.28,Tip Reiman,tip reiman
12,WR,1.28,Dyami Brown,dyami brown
12,WR,1.28,Andre Baccellia,andre baccellia
1,WR,1.28,Kalif Raymond,kalif raymond
14,TE,1.28,Hunter Long,hunter long
1,WR,1.27,Casey Washington,casey washington
15,WR,1.27,Tai Felton,tai felton
3,RB,1.27,Alec Ingold,alec ingold
10,WR,1.27,Jalin Hyatt,jalin hyatt
9,TE,1.27,John Bates,john bates
3,TE,1.27,Drew Sample,drew sample
17,WR,1.27,Jalen Brooks,jalen brooks
7,RB,1.27,Alec Ingold,alec ingold
18,RB,1.26,Tahj Brooks,tahj brooks
17,WR,1.26,Tim Patrick,tim patrick
17,TE,1.26,Stone Smartt,stone smartt
16,WR,1.26,KeAndre Lambert-Smith,keandre lambertsmith
7,TE,1.26,Terrance Ferguson,terrance ferguson
4,RB,1.26,Tyler Badie,tyler badie
16,RB,1.26,Alec Ingold,alec ingold
3,TE,1.25,Eric Saubert,eric saubert
11,WR,1.25,Adam Thielen,adam thielen
9,RB,1.25,Brittain Brown,brittain brown
4,RB,1.25,Trevor Etienne,trevor etienne
1,RB,1.25,Ty Chandler,ty chandler
10,RB,1.25,Tyler Goodson,tyler goodson
13,TE,1.24,Robert Tonyan,robert tonyan
2,RB,1.24,Emari Demercado,emari demercado
2,TE,1.24,Payne Durham,payne durham
11,RB,1.24,Alec Ingold,alec ingold
4,TE,1.24,Tip Reiman,tip reiman
17,TE,1.24,Greg Dulcich,greg dulcich
1,WR,1.24,Tre' Harris,tre harris
7,TE,1.23,Mo Alie-Cox,mo aliecox
14,TE,1.23,Charlie Woerner,charlie woerner
4,TE,1.23,Tanner Conner,tanner conner
3,TE,1.23,Brevyn Spann-Ford,brevyn spannford
15,RB,1.23,Kaleb Johnson,kaleb johnson
14,RB,1.22,Will Shipley,will shipley
4,WR,1.22,Casey Washington,casey washington
1,TE,1.22,Charlie Woerner,charlie woerner
4,RB,1.22,AJ Dillon,aj dillon
10,TE,1.22,Harrison Bryant,harrison bryant
10,TE,1.22,Brock Wright,brock wright
17,WR,1.22,KeAndre Lambert-Smith,keandre lambertsmith
2,RB,1.22,Michael Carter,michael carter
1,TE,1.22,Charlie Kolar,charlie kolar
18,TE,1.22,Cameron Latu,cameron latu
8,WR,1.22,Cedrick Wilson,cedrick wilson
1,WR,1.22,Elijah Moore,elijah moore
3,WR,1.21,Trent Sherfield,trent sherfield
14,TE,1.21,Greg Dulcich,greg dulcich
18,WR,1.21,Mason Kinsey,mason kinsey
18,TE,1.21,Jared Wiley,jared wiley
15,TE,1.21,Drew Sample,drew sample
12,WR,1.21,Arian Smith,arian smith
6,TE,1.21,Foster Moreau,foster moreau
7,TE,1.21,Foster Moreau,foster moreau
9,RB,1.2,Tahj Brooks,tahj brooks
16,TE,1.2,Julian Hill,julian hill
11,RB,1.2,Kaleb Johnson,kaleb johnson
11,WR,1.2,Isaac TeSlaa,isaac teslaa
9,RB,1.2,Kyle Juszczyk,kyle juszczyk
8,RB,1.2,Devin Singletary,devin singletary
2,WR,1.2,Zay Jones,zay jones
12,TE,1.2,Tanner Hudson,tanner hudson
13,TE,1.2,Julian Hill,julian hill
14,TE,1.2,Julian Hill,julian hill
10,RB,1.19,Kaleb Johnson,kaleb johnson
10,WR,1.19,Adam Thielen,adam thielen
11,RB,1.19,Kyle Juszczyk,kyle juszczyk
17,WR,1.19,Tai Felton,tai felton
8,TE,1.19,Blake Whiteheart,blake whiteheart
14,TE,1.19,Grant Calcaterra,grant calcaterra
8,RB,1.19,Terrell Jennings,terrell jennings
9,RB,1.18,Chris Brooks,chris brooks
2,WR,1.18,Adonai Mitchell,adonai mitchell
6,TE,1.18,Luke Farrell,luke farrell
8,WR,1.18,Ashton Dulin,ashton dulin
11,TE,1.18,Drew Sample,drew sample
13,TE,1.18,Greg Dulcich,greg dulcich
8,WR,1.18,Casey Washington,casey washington
5,RB,1.17,DeeJay Dallas,deejay dallas
12,WR,1.17,James Proche,james proche
15,TE,1.17,Greg Dulcich,greg dulcich
9,WR,1.17,Jalin Hyatt,jalin hyatt
1,WR,1.17,DeAndre Carter,deandre carter
12,RB,1.17,George Holani,george holani
7,WR,1.17,Kameron Johnson,kameron johnson
9,WR,1.17,Devin Duvernay,devin duvernay
7,RB,1.17,Tahj Brooks,tahj brooks
4,RB,1.16,Kyle Juszczyk,kyle juszczyk
1,TE,1.16,Tip Reiman,tip reiman
4,TE,1.16,Darnell Washington,darnell washington
16,TE,1.16,Will Dissly,will dissly
15,RB,1.16,Chris Brooks,chris brooks
6,RB,1.16,Devin Singletary,devin singletary
6,WR,1.16,Tyler Johnson,tyler johnson
17,TE,1.16,Julian Hill,julian hill
13,RB,1.15,Chris Brooks,chris brooks
5,RB,1.15,Zonovan Knight,zonovan knight
3,TE,1.15,Grant Calcaterra,grant calcaterra
6,RB,1.15,Hunter Luepke,hunter luepke
14,RB,1.15,Hunter Luepke,hunter luepke
2,WR,1.15,Parker Washington,parker washington
13,WR,1.14,Kyle Williams,kyle williams
9,RB,1.14,Julius Chestnut,julius chestnut
11,WR,1.14,Tyquan Thornton,tyquan thornton
1,WR,1.14,Tai Felton,tai felton
2,WR,1.14,Marquez Valdes-Scantling,marquez valdesscantling
12,WR,1.14,Kendrick Bourne,kendrick bourne
16,WR,1.13,Brycen Tremayne,brycen tremayne
13,RB,1.13,Kaleb Johnson,kaleb johnson
7,TE,1.13,Harrison Bryant,harrison bryant
7,RB,1.13,Kyle Juszczyk,kyle juszczyk
15,TE,1.13,Julian Hill,julian hill
8,RB,1.13,Kyle Juszczyk,kyle juszczyk
14,WR,1.12,Ben Skowronek,ben skowronek
16,RB,1.12,Will Shipley,will shipley
10,TE,1.12,Charlie Kolar,charlie kolar
3,RB,1.12,Hunter Luepke,hunter luepke
17,RB,1.12,Hunter Luepke,hunter luepke
15,WR,1.12,Dante Pettis,dante pettis
2,RB,1.12,Hunter Luepke,hunter luepke
5,TE,1.12,Grant Calcaterra,grant calcaterra
17,WR,1.12,Darius Cooper,darius cooper
13,RB,1.11,Ray Davis,ray davis
12,WR,1.11,Adam Thielen,adam thielen
9,RB,1.11,Hunter Luepke,hunter luepke
5,RB,1.11,Josh Williams,josh williams
4,TE,1.11,Drew Sample,drew sample
18,RB,1.11,Dare Ogunbowale,dare ogunbowale
4,TE,1.1,Ian Thomas,ian thomas
2,TE,1.1,Brevyn Spann-Ford,brevyn spannford
3,TE,1.1,Kylen Granson,kylen granson
2,RB,1.1,George Holani,george holani
3,RB,1.1,Kalel Mullings,kalel mullings
3,WR,1.09,Tre' Harris,tre harris
4,TE,1.09,Johnny Mundt,johnny mundt
9,TE,1.09,Charlie Kolar,charlie kolar
17,WR,1.09,Tom Kennedy,tom kennedy
3,WR,1.09,Jamari Thrash,jamari thrash
6,RB,1.09,Devin Neal,devin neal
10,WR,1.09,Xavier Smith,xavier smith
5,WR,1.09,Van Jefferson,van jefferson
16,WR,1.09,Mecole Hardman,mecole hardman
6,TE,1.09,Jeremy Ruckert,jeremy ruckert
1,WR,1.09,Adonai Mitchell,adonai mitchell
5,TE,1.08,Drew Sample,drew sample
11,RB,1.08,Hunter Luepke,hunter luepke
15,WR,1.08,Jordan Whittington,jordan whittington
14,RB,1.08,Alec Ingold,alec ingold
1,RB,1.08,Hunter Luepke,hunter luepke
4,WR,1.08,Van Jefferson,van jefferson
6,WR,1.08,Van Jefferson,van jefferson
15,TE,1.07,Jackson Hawes,jackson hawes
2,WR,1.07,Kyle Williams,kyle williams
10,TE,1.07,Jake Tonges,jake tonges
2,RB,1.07,Kimani Vidal,kimani vidal
7,RB,1.07,Hunter Luepke,hunter luepke
1,RB,1.07,Kimani Vidal,kimani vidal
17,TE,1.06,Luke Schoonmaker,luke schoonmaker
15,WR,1.06,Tutu Atwell,tutu atwell
3,TE,1.06,Nate Adkins,nate adkins
5,RB,1.06,Tahj Brooks,tahj brooks
10,RB,1.06,Kyle Juszczyk,kyle juszczyk
8,WR,1.06,Ryan Miller,ryan miller
9,TE,1.06,Jackson Hawes,jackson hawes
12,TE,1.05,Jake Tonges,jake tonges
10,WR,1.05,Malik Heath,malik heath
16,RB,1.05,Hunter Luepke,hunter luepke
18,TE,1.05,Connor Heyward,connor heyward
12,WR,1.05,Ryan Flournoy,ryan flournoy
14,WR,1.05,Jalen Brooks,jalen brooks
15,WR,1.05,Jalen McMillan,jalen mcmillan
11,RB,1.05,Clyde Edwards-Helaire,clyde edwardshelaire
11,RB,1.05,George Holani,george holani
18,WR,1.05,Jordan Whittington,jordan whittington
1,TE,1.05,Drew Sample,drew sample
18,RB,1.05,Ronnie Rivers,ronnie rivers
4,TE,1.05,Daniel Bellinger,daniel bellinger
14,TE,1.05,John Bates,john bates
5,TE,1.04,Elijah Higgins,elijah higgins
10,TE,1.04,Ben Yurosek,ben yurosek
12,WR,1.04,Jamal Agnew,jamal agnew
8,WR,1.04,Isaiah Williams,isaiah williams
11,WR,1.04,Austin Trammell,austin trammell
9,WR,1.04,Ryan Flournoy,ryan flournoy
6,TE,1.04,Drew Sample,drew sample
3,RB,1.04,Dylan Laube,dylan laube
13,RB,1.03,Alec Ingold,alec ingold
17,RB,1.03,Alec Ingold,alec ingold
13,RB,1.03,Jaylen Wright,jaylen wright
10,WR,1.03,Alex Bachman,alex bachman
3,WR,1.03,Jason Brownlee,jason brownlee
15,TE,1.03,Luke Farrell,luke farrell
6,TE,1.03,John Bates,john bates
14,TE,1.03,Luke Schoonmaker,luke schoonmaker
16,WR,1.03,Tai Felton,tai felton
5,RB,1.02,Hunter Luepke,hunter luepke
13,WR,1.02,Isaiah Williams,isaiah williams
9,TE,1.02,Luke Schoonmaker,luke schoonmaker
11,WR,1.02,Isaiah Bond,isaiah bond
14,WR,1.02,Tai Felton,tai felton
4,RB,1.02,Hunter Luepke,hunter luepke
3,RB,1.01,Kaleb Johnson,kaleb johnson
12,TE,1.01,Drew Sample,drew sample
2,TE,1.01,Daniel Bellinger,daniel bellinger
2,WR,1.01,Tylan Wallace,tylan wallace
9,TE,1.01,Jake Tonges,jake tonges
15,RB,1.01,Hunter Luepke,hunter luepke
3,WR,1.01,Van Jefferson,van jefferson
18,WR,1.01,Tutu Atwell,tutu atwell
12,TE,1.01,Johnny Mundt,johnny mundt
18,WR,1.0,Jake Bobo,jake bobo
7,WR,1.0,Skyy Moore,skyy moore
11,RB,1.0,Owen Wright,owen wright
2,WR,1.0,David Moore,david moore
10,WR,1.0,Isaac TeSlaa,isaac teslaa
11,TE,0.99,Luke Schoonmaker,luke schoonmaker
7,TE,0.99,Stone Smartt,stone smartt
8,WR,0.99,Devaughn Vele,devaughn vele
15,RB,0.99,Alec Ingold,alec ingold
7,WR,0.99,Xavier Smith,xavier smith
6,WR,0.99,Casey Washington,casey washington
15,WR,0.99,Konata Mumpfield,konata mumpfield
8,WR,0.99,Xavier Gipson,xavier gipson
11,TE,0.99,Jake Tonges,jake tonges
14,WR,0.99,Dee Eskridge,dee eskridge
17,WR,0.99,Dareke Young,dareke young
8,WR,0.98,Savion Williams,savion williams
15,RB,0.98,British Brooks,british brooks
13,WR,0.98,Lil'Jordan Humphrey,liljordan humphrey
18,RB,0.98,Alec Ingold,alec ingold
8,RB,0.98,Hunter Luepke,hunter luepke
16,WR,0.98,Kyle Williams,kyle williams
13,WR,0.98,Dee Eskridge,dee eskridge
16,TE,0.98,Drew Sample,drew sample
1,TE,0.98,Brock Wright,brock wright
5,TE,0.98,John Bates,john bates
1,WR,0.98,Isaiah Bond,isaiah bond
1,RB,0.98,Isaiah Davis,isaiah davis
12,RB,0.97,Clyde Edwards-Helaire,clyde edwardshelaire
1,TE,0.97,Mitchell Evans,mitchell evans
18,WR,0.96,Arian Smith,arian smith
16,TE,0.96,Luke Farrell,luke farrell
10,TE,0.96,Colby Parkinson,colby parkinson
7,TE,0.96,Luke Schoonmaker,luke schoonmaker
1,RB,0.96,Isaac Guerendo,isaac guerendo
16,WR,0.96,Mitch Tinsley,mitch tinsley
11,RB,0.96,Dare Ogunbowale,dare ogunbowale
8,WR,0.95,Ryan Flournoy,ryan flournoy
5,RB,0.95,Julius Chestnut,julius chestnut
1,TE,0.95,Colby Parkinson,colby parkinson
2,WR,0.95,Tre' Harris,tre harris
1,QB,0.95,Jaxson Dart,jaxson dart
7,WR,0.95,Malachi Corley,malachi corley
3,RB,0.95,Sean Tucker,sean tucker
16,TE,0.94,Luke Schoonmaker,luke schoonmaker
15,WR,0.94,Jalin Hyatt,jalin hyatt
9,TE,0.94,Colby Parkinson,colby parkinson
10,TE,0.94,Drew Ogletree,drew ogletree
11,TE,0.94,Cade Stover,cade stover
16,RB,0.94,Raheim Sanders,raheim sanders
18,TE,0.94,Drew Sample,drew sample
4,WR,0.94,Jalen Royals,jalen royals
18,WR,0.94,Tai Felton,tai felton
9,TE,0.93,Drew Ogletree,drew ogletree
5,TE,0.93,Charlie Kolar,charlie kolar
11,WR,0.93,Demarcus Robinson,demarcus robinson
4,RB,0.93,Dare Ogunbowale,dare ogunbowale
8,TE,0.93,Luke Farrell,luke farrell
14,TE,0.93,Drew Sample,drew sample
15,WR,0.93,Dee Eskridge,dee eskridge
13,TE,0.93,Grant Calcaterra,grant calcaterra
14,WR,0.93,Devin Duvernay,devin duvernay
15,TE,0.93,Luke Schoonmaker,luke schoonmaker
11,TE,0.93,Colby Parkinson,colby parkinson
17,RB,0.93,Dylan Laube,dylan laube
2,WR,0.92,Charlie Jones,charlie jones
14,WR,0.92,Lil'Jordan Humphrey,liljordan humphrey
5,WR,0.92,Devontez Walker,devontez walker
14,WR,0.92,Dante Pettis,dante pettis
11,WR,0.92,Ryan Miller,ryan miller
12,WR,0.92,Bo Melton,bo melton
9,TE,0.92,Harrison Bryant,harrison bryant
12,TE,0.92,Luke Schoonmaker,luke schoonmaker
4,TE,0.92,Colby Parkinson,colby parkinson
18,TE,0.92,Luke Farrell,luke farrell
4,WR,0.92,Devontez Walker,devontez walker
17,TE,0.92,Jack Stoll,jack stoll
10,WR,0.92,Austin Trammell,austin trammell
11,WR,0.91,Tahj Washington,tahj washington
11,TE,0.91,Tyler Conklin,tyler conklin
17,WR,0.91,Cedrick Wilson,cedrick wilson
14,TE,0.91,John FitzPatrick,john fitzpatrick
1,TE,0.91,John Bates,john bates
13,WR,0.91,Kendrick Bourne,kendrick bourne
3,WR,0.91,Malik Heath,malik heath
5,TE,0.91,Payne Durham,payne durham
4,TE,0.9,Payne Durham,payne durham
17,WR,0.9,Brycen Tremayne,brycen tremayne
13,TE,0.9,Mo Alie-Cox,mo aliecox
13,TE,0.9,Brevyn Spann-Ford,brevyn spannford
12,RB,0.9,Dare Ogunbowale,dare ogunbowale
4,WR,0.9,Ashton Dulin,ashton dulin
2,TE,0.9,John Bates,john bates
12,WR,0.9,Jonathan Mingo,jonathan mingo
7,WR,0.89,David Sills,david sills
7,WR,0.89,Anthony Gould,anthony gould
15,WR,0.89,Bo Melton,bo melton
15,RB,0.89,Tyler Goodson,tyler goodson
11,WR,0.89,Derius Davis,derius davis
5,TE,0.89,Mitchell Evans,mitchell evans
10,TE,0.89,Payne Durham,payne durham
4,RB,0.88,Jaylen Wright,jaylen wright
10,WR,0.88,Trent Sherfield,trent sherfield
1,RB,0.88,AJ Dillon,aj dillon
9,WR,0.88,Cedrick Wilson,cedrick wilson
3,TE,0.88,Stone Smartt,stone smartt
5,WR,0.88,Arian Smith,arian smith
3,TE,0.87,Colby Parkinson,colby parkinson
17,RB,0.87,Jaret Patterson,jaret patterson
13,TE,0.87,Cade Stover,cade stover
4,TE,0.87,Drew Ogletree,drew ogletree
2,WR,0.87,Chris Moore,chris moore
2,WR,0.87,Elijah Moore,elijah moore
3,TE,0.87,Charlie Woerner,charlie woerner
8,TE,0.87,Luke Schoonmaker,luke schoonmaker
1,TE,0.86,Brevyn Spann-Ford,brevyn spannford
7,WR,0.86,Dee Eskridge,dee eskridge
15,TE,0.86,Drew Ogletree,drew ogletree
8,TE,0.86,Charlie Kolar,charlie kolar
13,RB,0.86,Terrell Jennings,terrell jennings
12,RB,0.86,Ray Davis,ray davis
12,TE,0.86,Cade Stover,cade stover
11,WR,0.86,Savion Williams,savion williams
16,TE,0.86,Stone Smartt,stone smartt
3,RB,0.85,Kyle Juszczyk,kyle juszczyk
4,WR,0.85,Trent Sherfield,trent sherfield
10,RB,0.85,Will Shipley,will shipley
4,WR,0.85,Mitch Tinsley,mitch tinsley
10,RB,0.85,Dare Ogunbowale,dare ogunbowale
1,WR,0.85,Marquez Valdes-Scantling,marquez valdesscantling
18,RB,0.84,C.J. Ham,cj ham
1,WR,0.84,Xavier Gipson,xavier gipson
15,TE,0.84,Mo Alie-Cox,mo aliecox
8,TE,0.84,Payne Durham,payne durham
12,TE,0.84,Blake Whiteheart,blake whiteheart
9,WR,0.84,Beaux Collins,beaux collins
4,WR,0.84,Elijah Moore,elijah moore
11,RB,0.84,Trayveon Williams,trayveon williams
5,WR,0.84,Jimmy Horn,jimmy horn
6,WR,0.83,Mitch Tinsley,mitch tinsley
11,WR,0.83,Casey Washington,casey washington
4,TE,0.83,Charlie Woerner,charlie woerner
5,TE,0.83,Eric Saubert,eric saubert
13,TE,0.83,Tyler Conklin,tyler conklin
5,WR,0.83,Allen Lazard,allen lazard
7,RB,0.83,Tyler Badie,tyler badie
18,TE,0.83,Robert Tonyan,robert tonyan
1,RB,0.83,Alec Ingold,alec ingold
15,WR,0.83,James Proche,james proche
13,TE,0.82,Luke Farrell,luke farrell
18,RB,0.82,Tyler Goodson,tyler goodson
15,WR,0.82,Darius Cooper,darius cooper
13,WR,0.82,Tom Kennedy,tom kennedy
13,TE,0.82,Drew Sample,drew sample
4,WR,0.82,Arian Smith,arian smith
9,TE,0.82,Brock Wright,brock wright
16,TE,0.82,Jelani Woods,jelani woods
4,TE,0.82,Stone Smartt,stone smartt
18,WR,0.82,Dareke Young,dareke young
5,RB,0.82,Alec Ingold,alec ingold
4,TE,0.81,Eric Saubert,eric saubert
14,TE,0.81,Blake Whiteheart,blake whiteheart
5,WR,0.81,Mitch Tinsley,mitch tinsley
3,TE,0.81,Mo Alie-Cox,mo aliecox
5,TE,0.81,Drew Ogletree,drew ogletree
10,WR,0.81,Casey Washington,casey washington
15,WR,0.81,Mason Kinsey,mason kinsey
2,RB,0.8,Jeremy McNichols,jeremy mcnichols
12,TE,0.8,Ian Thomas,ian thomas
6,TE,0.8,Charlie Woerner,charlie woerner
9,TE,0.8,Greg Dulcich,greg dulcich
6,WR,0.8,Dee Eskridge,dee eskridge
13,WR,0.8,Jamal Agnew,jamal agnew
17,WR,0.8,James Proche,james proche
2,WR,0.8,Pat Bryant,pat bryant
3,WR,0.8,Zay Jones,zay jones
17,WR,0.79,Mason Kinsey,mason kinsey
14,WR,0.79,James Proche,james proche
2,TE,0.79,Charlie Woerner,charlie woerner
16,WR,0.79,Cody White,cody white
1,RB,0.79,Michael Carter,michael carter
2,RB,0.79,Alec Ingold,alec ingold
7,TE,0.79,Brock Wright,brock wright
16,WR,0.79,Tez Johnson,tez johnson
4,WR,0.78,Allen Lazard,allen lazard
1,WR,0.78,Savion Williams,savion williams
16,WR,0.78,James Proche,james proche
1,WR,0.78,Devontez Walker,devontez walker
1,RB,0.78,Dylan Laube,dylan laube
6,TE,0.78,Payne Durham,payne durham
10,TE,0.78,Foster Moreau,foster moreau
14,RB,0.78,Audric Estime,audric estime
9,RB,0.78,Trevor Etienne,trevor etienne
6,RB,0.78,Alec Ingold,alec ingold
15,TE,0.78,Tyler Conklin,tyler conklin
5,RB,0.78,AJ Dillon,aj dillon
1,TE,0.78,Stone Smartt,stone smartt
6,TE,0.78,Drew Ogletree,drew ogletree
2,TE,0.78,Eric Saubert,eric saubert
7,TE,0.77,Drew Ogletree,drew ogletree
18,RB,0.77,Sione Vaki,sione vaki
6,TE,0.77,Brock Wright,brock wright
17,RB,0.77,Dare Ogunbowale,dare ogunbowale
16,WR,0.77,Mason Kinsey,mason kinsey
16,WR,0.77,Jahdae Walker,jahdae walker
4,TE,0.77,Grant Calcaterra,grant calcaterra
15,WR,0.76,Kyle Williams,kyle williams
1,TE,0.76,Eric Saubert,eric saubert
16,RB,0.76,Tyler Goodson,tyler goodson
17,WR,0.76,Tez Johnson,tez johnson
5,TE,0.76,Brock Wright,brock wright
14,WR,0.76,Mason Kinsey,mason kinsey
18,RB,0.75,D'Ernest Johnson,dernest johnson
12,WR,0.75,Ashton Dulin,ashton dulin
18,WR,0.75,Tom Kennedy,tom kennedy
13,WR,0.75,Cody White,cody white
6,RB,0.75,Nyheim Miller-Hines,nyheim millerhines
4,TE,0.75,Brock Wright,brock wright
12,RB,0.75,Tyler Goodson,tyler goodson
3,RB,0.74,Tyler Goodson,tyler goodson
14,TE,0.74,Jackson Hawes,jackson hawes
16,WR,0.74,Nikko Remigio,nikko remigio
15,RB,0.74,Isaac Guerendo,isaac guerendo
4,RB,0.74,Alec Ingold,alec ingold
18,TE,0.74,Johnny Mundt,johnny mundt
9,WR,0.73,Savion Williams,savion williams
17,WR,0.73,Mitch Tinsley,mitch tinsley
18,TE,0.73,Brevyn Spann-Ford,brevyn spannford
2,WR,0.72,Jason Brownlee,jason brownlee
2,WR,0.72,Malik Heath,malik heath
3,TE,0.72,Harrison Bryant,harrison bryant
12,TE,0.72,Kylen Granson,kylen granson
16,WR,0.72,Dee Eskridge,dee eskridge
10,RB,0.71,Trevor Etienne,trevor etienne
8,TE,0.71,Durham Smythe,durham smythe
9,RB,0.71,Kaleb Johnson,kaleb johnson
4,RB,0.71,Tyler Goodson,tyler goodson
11,TE,0.71,Ian Thomas,ian thomas
14,RB,0.71,Dare Ogunbowale,dare ogunbowale
5,RB,0.71,Dare Ogunbowale,dare ogunbowale
2,WR,0.7,John Metchie,john metchie
2,TE,0.7,Brock Wright,brock wright
14,TE,0.7,Josiah Deguara,josiah deguara
15,RB,0.7,Zavier Scott,zavier scott
11,TE,0.7,Quintin Morris,quintin morris
13,RB,0.7,Dare Ogunbowale,dare ogunbowale
3,WR,0.7,Mitch Tinsley,mitch tinsley
2,WR,0.7,Savion Williams,savion williams
14,RB,0.7,Tahj Brooks,tahj brooks
6,WR,0.7,Malachi Corley,malachi corley
9,RB,0.69,George Holani,george holani
4,WR,0.69,John Metchie,john metchie
10,WR,0.69,Malachi Corley,malachi corley
15,WR,0.69,Jaylin Lane,jaylin lane
10,WR,0.69,Ashton Dulin,ashton dulin
13,WR,0.69,Malik Heath,malik heath
6,TE,0.69,Jackson Hawes,jackson hawes
12,WR,0.69,Kameron Johnson,kameron johnson
12,WR,0.69,Gunner Olszewski,gunner olszewski
14,WR,0.69,Mitch Tinsley,mitch tinsley
17,WR,0.69,Ashton Dulin,ashton dulin
9,RB,0.69,Trayveon Williams,trayveon williams
15,RB,0.68,Sione Vaki,sione vaki
11,RB,0.68,C.J. Ham,cj ham
3,TE,0.68,Daniel Bellinger,daniel bellinger
17,TE,0.68,Johnny Mundt,johnny mundt
14,WR,0.68,Derius Davis,derius davis
18,WR,0.67,Mitch Tinsley,mitch tinsley
6,WR,0.67,John Metchie,john metchie
15,WR,0.67,KhaDarel Hodge,khadarel hodge
12,WR,0.67,Brycen Tremayne,brycen tremayne
2,WR,0.67,Van Jefferson,van jefferson
12,WR,0.67,Malik Heath,malik heath
6,RB,0.67,Julius Chestnut,julius chestnut
17,RB,0.67,Tahj Brooks,tahj brooks
13,TE,0.67,Johnny Mundt,johnny mundt
8,RB,0.66,Josh Williams,josh williams
2,RB,0.66,Jarquez Hunter,jarquez hunter
5,RB,0.66,Zamir White,zamir white
17,TE,0.66,Drew Sample,drew sample
18,WR,0.66,Brycen Tremayne,brycen tremayne
8,WR,0.66,Malachi Corley,malachi corley
11,RB,0.66,Trevor Etienne,trevor etienne
8,TE,0.66,Charlie Woerner,charlie woerner
15,RB,0.66,Trevor Etienne,trevor etienne
3,TE,0.66,Payne Durham,payne durham
17,TE,0.65,Mo Alie-Cox,mo aliecox
8,RB,0.65,Dare Ogunbowale,dare ogunbowale
8,TE,0.65,Ben Sinnott,ben sinnott
3,RB,0.65,Trevor Etienne,trevor etienne
16,TE,0.65,Connor Heyward,connor heyward
5,WR,0.65,John Metchie,john metchie
16,RB,0.65,Julius Chestnut,julius chestnut
15,RB,0.65,Julius Chestnut,julius chestnut
16,RB,0.65,Sione Vaki,sione vaki
10,TE,0.65,Chris Manhertz,chris manhertz
1,TE,0.64,Elijah Higgins,elijah higgins
5,TE,0.64,Jackson Hawes,jackson hawes
3,TE,0.64,Johnny Mundt,johnny mundt
8,RB,0.64,AJ Dillon,aj dillon
1,TE,0.64,Jackson Hawes,jackson hawes
2,WR,0.64,KhaDarel Hodge,khadarel hodge
11,RB,0.64,Julius Chestnut,julius chestnut
2,TE,0.64,Drew Ogletree,drew ogletree
18,RB,0.64,Julius Chestnut,julius chestnut
3,WR,0.64,Kyle Williams,kyle williams
1,WR,0.64,Jalin Hyatt,jalin hyatt
4,TE,0.64,Tucker Fisk,tucker fisk
4,TE,0.64,Jackson Hawes,jackson hawes
10,WR,0.63,Efton Chism,efton chism
16,TE,0.63,Johnny Mundt,johnny mundt
16,RB,0.63,Hassan Haskins,hassan haskins
13,RB,0.63,Julius Chestnut,julius chestnut
17,RB,0.63,Julius Chestnut,julius chestnut
8,TE,0.63,Drew Ogletree,drew ogletree
3,RB,0.63,Roschon Johnson,roschon johnson
10,WR,0.63,Jordan Watkins,jordan watkins
16,RB,0.63,Tahj Brooks,tahj brooks
16,RB,0.63,Trevor Etienne,trevor etienne
10,RB,0.63,C.J. Ham,cj ham
7,RB,0.63,Julius Chestnut,julius chestnut
1,TE,0.63,Luke Farrell,luke farrell
4,TE,0.63,Charlie Kolar,charlie kolar
7,WR,0.63,Mitch Tinsley,mitch tinsley
2,WR,0.62,Devontez Walker,devontez walker
14,TE,0.62,Kylen Granson,kylen granson
15,RB,0.62,D'Ernest Johnson,dernest johnson
8,RB,0.62,Kaleb Johnson,kaleb johnson
9,WR,0.62,Brycen Tremayne,brycen tremayne
9,TE,0.62,Charlie Woerner,charlie woerner
4,RB,0.62,Roschon Johnson,roschon johnson
14,RB,0.62,Julius Chestnut,julius chestnut
5,RB,0.62,Dylan Laube,dylan laube
11,WR,0.62,Brycen Tremayne,brycen tremayne
12,WR,0.62,Ryan Miller,ryan miller
11,WR,0.61,Cody White,cody white
1,TE,0.61,Drew Ogletree,drew ogletree
9,RB,0.61,Clyde Edwards-Helaire,clyde edwardshelaire
18,RB,0.61,Trevor Etienne,trevor etienne
1,TE,0.61,Darnell Washington,darnell washington
14,TE,0.61,Mo Alie-Cox,mo aliecox
13,TE,0.61,Drew Ogletree,drew ogletree
10,WR,0.61,Skyy Moore,skyy moore
15,WR,0.61,Brycen Tremayne,brycen tremayne
2,TE,0.61,Darnell Washington,darnell washington
7,TE,0.61,Cam Grandy,cam grandy
12,RB,0.61,Trevor Etienne,trevor etienne
8,WR,0.61,Jordan Watkins,jordan watkins
13,WR,0.61,Brycen Tremayne,brycen tremayne
3,TE,0.6,Hunter Long,hunter long
9,TE,0.6,Ben Sinnott,ben sinnott
17,TE,0.6,Jackson Hawes,jackson hawes
12,RB,0.59,C.J. Ham,cj ham
11,TE,0.59,Charlie Woerner,charlie woerner
15,TE,0.59,Johnny Mundt,johnny mundt
10,TE,0.59,Ian Thomas,ian thomas
17,TE,0.59,Connor Heyward,connor heyward
12,WR,0.59,Dante Pettis,dante pettis
6,RB,0.58,Roschon Johnson,roschon johnson
8,WR,0.58,Beaux Collins,beaux collins
4,WR,0.58,Anthony Gould,anthony gould
4,RB,0.58,Isaac Guerendo,isaac guerendo
12,WR,0.58,Xavier Restrepo,xavier restrepo
6,TE,0.58,Ben Sinnott,ben sinnott
2,RB,0.58,Tahj Brooks,tahj brooks
10,RB,0.58,Josh Williams,josh williams
10,TE,0.58,Charlie Woerner,charlie woerner
8,RB,0.58,Khalil Herbert,khalil herbert
1,WR,0.58,Mitch Tinsley,mitch tinsley
11,WR,0.57,Efton Chism,efton chism
14,WR,0.57,Dominic Lovett,dominic lovett
2,RB,0.57,Rasheen Ali,rasheen ali
10,TE,0.57,Stone Smartt,stone smartt
15,WR,0.57,Ben Skowronek,ben skowronek
4,RB,0.57,George Holani,george holani
10,RB,0.57,George Holani,george holani
10,TE,0.57,Blake Whiteheart,blake whiteheart
2,TE,0.56,Harrison Bryant,harrison bryant
14,TE,0.56,Brevyn Spann-Ford,brevyn spannford
6,RB,0.56,George Holani,george holani
15,WR,0.56,Devin Duvernay,devin duvernay
17,TE,0.56,Brevyn Spann-Ford,brevyn spannford
16,TE,0.56,Mo Alie-Cox,mo aliecox
1,TE,0.56,Harrison Bryant,harrison bryant
9,WR,0.56,Mitch Tinsley,mitch tinsley
16,WR,0.56,Skyy Moore,skyy moore
10,TE,0.56,Tyler Conklin,tyler conklin
2,TE,0.56,Stone Smartt,stone smartt
3,TE,0.56,Ian Thomas,ian thomas
18,TE,0.56,Mo Alie-Cox,mo aliecox
1,WR,0.55,Nikko Remigio,nikko remigio
17,RB,0.55,Trevor Etienne,trevor etienne
2,TE,0.55,Mo Alie-Cox,mo aliecox
2,TE,0.55,Ben Sinnott,ben sinnott
5,WR,0.55,Pat Bryant,pat bryant
8,RB,0.55,Trevor Etienne,trevor etienne
12,WR,0.55,Charlie Jones,charlie jones
3,TE,0.55,Ben Sinnott,ben sinnott
13,RB,0.55,Trevor Etienne,trevor etienne
18,RB,0.55,Dylan Laube,dylan laube
7,RB,0.54,C.J. Ham,cj ham
8,WR,0.54,Trent Sherfield,trent sherfield
14,WR,0.54,Anthony Gould,anthony gould
13,TE,0.54,Blake Whiteheart,blake whiteheart
13,RB,0.54,C.J. Ham,cj ham
11,TE,0.54,Stone Smartt,stone smartt
17,WR,0.54,Gunner Olszewski,gunner olszewski
16,TE,0.54,Grant Calcaterra,grant calcaterra
7,TE,0.54,Josiah Deguara,josiah deguara
11,TE,0.54,Blake Whiteheart,blake whiteheart
4,RB,0.54,Sean Tucker,sean tucker
15,TE,0.54,Jack Stoll,jack stoll
2,RB,0.53,Isaac Guerendo,isaac guerendo
9,TE,0.53,Ian Thomas,ian thomas
5,TE,0.53,Chris Manhertz,chris manhertz
7,TE,0.53,Charlie Woerner,charlie woerner
4,RB,0.53,Craig Reynolds,craig reynolds
7,RB,0.53,Devin Neal,devin neal
6,TE,0.53,Stone Smartt,stone smartt
10,RB,0.53,Craig Reynolds,craig reynolds
1,TE,0.53,Mo Alie-Cox,mo aliecox
13,WR,0.53,Cedrick Wilson,cedrick wilson
5,TE,0.53,Ben Sinnott,ben sinnott
1,RB,0.53,Craig Reynolds,craig reynolds
1,WR,0.53,Charlie Jones,charlie jones
16,WR,0.53,Gunner Olszewski,gunner olszewski
14,WR,0.53,Cedrick Wilson,cedrick wilson
2,RB,0.53,Craig Reynolds,craig reynolds
14,RB,0.53,Tyler Goodson,tyler goodson
9,RB,0.52,Dare Ogunbowale,dare ogunbowale
9,TE,0.52,Brevyn Spann-Ford,brevyn spannford
11,TE,0.52,Payne Durham,payne durham
11,WR,0.52,Mitch Tinsley,mitch tinsley
5,RB,0.52,Craig Reynolds,craig reynolds
2,TE,0.52,Jackson Hawes,jackson hawes
5,RB,0.52,George Holani,george holani
7,TE,0.52,Tanner Conner,tanner conner
15,RB,0.52,Hassan Haskins,hassan haskins
1,TE,0.52,Ian Thomas,ian thomas
2,TE,0.52,Ian Thomas,ian thomas
15,TE,0.52,Brevyn Spann-Ford,brevyn spannford
16,TE,0.51,Eric Saubert,eric saubert
11,TE,0.51,Brevyn Spann-Ford,brevyn spannford
9,WR,0.51,Efton Chism,efton chism
6,WR,0.51,Jake Bobo,jake bobo
4,WR,0.51,DeAndre Carter,deandre carter
4,RB,0.51,Jarquez Hunter,jarquez hunter
3,RB,0.51,Emanuel Wilson,emanuel wilson
7,TE,0.51,Brevyn Spann-Ford,brevyn spannford
7,RB,0.51,Cam Akers,cam akers
3,TE,0.51,Durham Smythe,durham smythe
16,WR,0.51,Savion Williams,savion williams
16,TE,0.5,Robert Tonyan,robert tonyan
2,RB,0.5,DeeJay Dallas,deejay dallas
17,WR,0.5,Jake Bobo,jake bobo
7,WR,0.5,Jake Bobo,jake bobo
18,WR,0.5,Dyami Brown,dyami brown
12,WR,0.5,Alex Bachman,alex bachman
7,TE,0.5,Chris Manhertz,chris manhertz
13,WR,0.5,Xavier Smith,xavier smith
5,WR,0.5,Jake Bobo,jake bobo
12,RB,0.5,Julius Chestnut,julius chestnut
9,WR,0.5,Ashton Dulin,ashton dulin
12,RB,0.5,Owen Wright,owen wright
17,WR,0.5,Devin Duvernay,devin duvernay
16,TE,0.5,Brevyn Spann-Ford,brevyn spannford
12,WR,0.5,Scotty Miller,scotty miller
1,WR,0.5,Tylan Wallace,tylan wallace
8,WR,0.5,Mitch Tinsley,mitch tinsley
2,WR,0.5,Ashton Dulin,ashton dulin
3,WR,0.5,Jake Bobo,jake bobo
15,TE,0.5,Grant Calcaterra,grant calcaterra
11,RB,0.5,Michael Carter,michael carter
15,WR,0.5,Nikko Remigio,nikko remigio
15,WR,0.5,Cedrick Wilson,cedrick wilson
6,TE,0.5,Mitchell Evans,mitchell evans
6,RB,0.5,Craig Reynolds,craig reynolds
7,RB,0.5,George Holani,george holani
6,RB,0.49,Jarquez Hunter,jarquez hunter
4,WR,0.49,KeAndre Lambert-Smith,keandre lambertsmith
2,WR,0.49,Trent Sherfield,trent sherfield
15,RB,0.49,Tahj Brooks,tahj brooks
4,WR,0.49,Jalin Hyatt,jalin hyatt
11,TE,0.49,Josiah Deguara,josiah deguara
18,TE,0.49,James Mitchell,james mitchell
2,WR,0.49,Jake Bobo,jake bobo
10,TE,0.49,Luke Farrell,luke farrell
3,WR,0.49,KhaDarel Hodge,khadarel hodge
14,TE,0.49,Ben Sinnott,ben sinnott
4,WR,0.49,Jake Bobo,jake bobo
11,WR,0.49,Scotty Miller,scotty miller
2,WR,0.49,Luke McCaffrey,luke mccaffrey
7,TE,0.48,Durham Smythe,durham smythe
6,WR,0.48,Trent Sherfield,trent sherfield
15,WR,0.48,Dyami Brown,dyami brown
16,RB,0.48,Zavier Scott,zavier scott
4,TE,0.48,Durham Smythe,durham smythe
3,WR,0.48,DeAndre Carter,deandre carter
6,TE,0.48,Chris Manhertz,chris manhertz
7,RB,0.48,Craig Reynolds,craig reynolds
1,WR,0.48,Malik Heath,malik heath
10,RB,0.48,Brittain Brown,brittain brown
12,TE,0.48,Brevyn Spann-Ford,brevyn spannford
7,WR,0.48,Trent Sherfield,trent sherfield
10,TE,0.48,Mo Alie-Cox,mo aliecox
5,TE,0.47,Tucker Fisk,tucker fisk
2,TE,0.47,Durham Smythe,durham smythe
9,TE,0.47,Mo Alie-Cox,mo aliecox
17,WR,0.47,Jordan Whittington,jordan whittington
2,TE,0.47,Mitchell Evans,mitchell evans
4,TE,0.47,Julian Hill,julian hill
2,WR,0.47,Jalin Hyatt,jalin hyatt
13,TE,0.47,Ben Sinnott,ben sinnott
17,TE,0.47,Eric Saubert,eric saubert
3,WR,0.47,Tai Felton,tai felton
7,WR,0.47,Efton Chism,efton chism
1,TE,0.47,Durham Smythe,durham smythe
7,WR,0.47,Derius Davis,derius davis
13,WR,0.46,Dominic Lovett,dominic lovett
9,TE,0.46,Foster Moreau,foster moreau
18,WR,0.46,Ben Skowronek,ben skowronek
13,WR,0.46,Gunner Olszewski,gunner olszewski
2,WR,0.46,DeAndre Carter,deandre carter
6,TE,0.46,Durham Smythe,durham smythe
17,TE,0.45,Grant Calcaterra,grant calcaterra
1,WR,0.45,Trent Sherfield,trent sherfield
13,RB,0.45,Tyler Goodson,tyler goodson
9,WR,0.45,Alex Bachman,alex bachman
11,TE,0.45,Kylen Granson,kylen granson
3,WR,0.45,Ashton Dulin,ashton dulin
9,TE,0.45,Tyler Conklin,tyler conklin
2,WR,0.45,Nikko Remigio,nikko remigio
13,WR,0.45,Derius Davis,derius davis
1,WR,0.45,Ashton Dulin,ashton dulin
11,WR,0.45,Mecole Hardman,mecole hardman
15,WR,0.45,Tom Kennedy,tom kennedy
18,TE,0.45,Eric Saubert,eric saubert
6,WR,0.45,Efton Chism,efton chism
4,TE,0.45,Mo Alie-Cox,mo aliecox
9,TE,0.44,Tucker Fisk,tucker fisk
10,TE,0.44,Kylen Granson,kylen granson
18,WR,0.44,Alex Bachman,alex bachman
6,TE,0.44,Tucker Fisk,tucker fisk
12,TE,0.44,Mo Alie-Cox,mo aliecox
17,WR,0.44,Dyami Brown,dyami brown
2,TE,0.44,Davis Allen,davis allen
8,TE,0.44,Foster Moreau,foster moreau
16,WR,0.44,Tyler Johnson,tyler johnson
1,WR,0.44,Luke McCaffrey,luke mccaffrey
13,TE,0.44,Teagan Quitoriano,teagan quitoriano
7,TE,0.44,Mitchell Evans,mitchell evans
4,WR,0.44,Marquez Valdes-Scantling,marquez valdesscantling
17,WR,0.43,Laquon Treadwell,laquon treadwell
11,WR,0.43,KhaDarel Hodge,khadarel hodge
7,WR,0.43,John Metchie,john metchie
13,WR,0.43,James Proche,james proche
3,WR,0.43,Xavier Smith,xavier smith
9,WR,0.43,Adonai Mitchell,adonai mitchell
3,TE,0.43,Drew Ogletree,drew ogletree
15,WR,0.42,Skyy Moore,skyy moore
14,WR,0.42,KhaDarel Hodge,khadarel hodge
2,WR,0.42,Tim Patrick,tim patrick
6,TE,0.42,Mo Alie-Cox,mo aliecox
5,TE,0.42,Mo Alie-Cox,mo aliecox
10,TE,0.42,Ross Dwelley,ross dwelley
12,WR,0.42,Skyy Moore,skyy moore
10,WR,0.42,KhaDarel Hodge,khadarel hodge
16,WR,0.42,Dyami Brown,dyami brown
1,TE,0.42,Ben Sinnott,ben sinnott
13,RB,0.41,Dylan Laube,dylan laube
13,WR,0.41,Deven Thompkins,deven thompkins
3,RB,0.41,Jarquez Hunter,jarquez hunter
11,WR,0.41,Bo Melton,bo melton
10,WR,0.41,Derius Davis,derius davis
14,WR,0.41,Dyami Brown,dyami brown
15,TE,0.41,Jelani Woods,jelani woods
15,WR,0.41,Laquon Treadwell,laquon treadwell
14,TE,0.41,Drew Ogletree,drew ogletree
9,WR,0.4,Treylon Burks,treylon burks
3,WR,0.4,John Metchie,john metchie
1,WR,0.4,John Metchie,john metchie
17,TE,0.4,Blake Whiteheart,blake whiteheart
14,WR,0.4,Arian Smith,arian smith
17,WR,0.4,Ryan Miller,ryan miller
5,WR,0.4,Tim Patrick,tim patrick
3,TE,0.4,Chris Manhertz,chris manhertz
3,RB,0.4,Isaac Guerendo,isaac guerendo
8,WR,0.4,Adonai Mitchell,adonai mitchell
2,WR,0.4,Mitch Tinsley,mitch tinsley
2,TE,0.39,Chris Manhertz,chris manhertz
9,WR,0.39,Derius Davis,derius davis
16,WR,0.39,Xavier Weaver,xavier weaver
11,RB,0.39,Roschon Johnson,roschon johnson
11,RB,0.39,Zavier Scott,zavier scott
4,TE,0.39,Kylen Granson,kylen granson
6,WR,0.39,Tim Patrick,tim patrick
15,WR,0.39,Arian Smith,arian smith
9,WR,0.39,Gunner Olszewski,gunner olszewski
17,TE,0.39,Jelani Woods,jelani woods
1,TE,0.38,Chris Manhertz,chris manhertz
5,WR,0.38,Trent Sherfield,trent sherfield
4,WR,0.38,Tim Patrick,tim patrick
15,TE,0.38,Teagan Quitoriano,teagan quitoriano
14,WR,0.38,Jamal Agnew,jamal agnew
16,TE,0.38,Drew Ogletree,drew ogletree
4,WR,0.38,Dee Eskridge,dee eskridge
18,WR,0.38,Ladd McConkey,ladd mcconkey
13,WR,0.38,Bo Melton,bo melton
17,WR,0.37,Jalen Royals,jalen royals
8,WR,0.37,David Sills,david sills
18,WR,0.37,Quentin Johnston,quentin johnston
1,RB,0.37,Raheim Sanders,raheim sanders
6,TE,0.37,Kylen Granson,kylen granson
18,WR,0.37,Skyy Moore,skyy moore
7,TE,0.37,Payne Durham,payne durham
7,WR,0.37,Tim Patrick,tim patrick
16,WR,0.37,Laquon Treadwell,laquon treadwell
5,TE,0.37,Kylen Granson,kylen granson
17,WR,0.37,Skyy Moore,skyy moore
12,TE,0.37,Luke Farrell,luke farrell
3,RB,0.37,Tahj Brooks,tahj brooks
13,WR,0.36,Alex Bachman,alex bachman
17,TE,0.36,Payne Durham,payne durham
4,TE,0.36,Chris Manhertz,chris manhertz
15,RB,0.35,C.J. Ham,cj ham
13,TE,0.35,Payne Durham,payne durham
11,TE,0.35,Luke Farrell,luke farrell
1,WR,0.35,Skyy Moore,skyy moore
8,TE,0.35,Mo Alie-Cox,mo aliecox
11,WR,0.35,Skyy Moore,skyy moore
8,TE,0.35,Kylen Granson,kylen granson
15,RB,0.35,Dylan Laube,dylan laube
17,RB,0.35,Ronnie Rivers,ronnie rivers
1,TE,0.35,Tanner Hudson,tanner hudson
7,RB,0.35,Roschon Johnson,roschon johnson
3,RB,0.35,Emari Demercado,emari demercado
18,WR,0.35,Laquon Treadwell,laquon treadwell
10,WR,0.35,Xavier Gipson,xavier gipson
3,TE,0.35,Mitchell Evans,mitchell evans
18,RB,0.35,Raheem Blackshear,raheem blackshear
5,RB,0.34,Tank Bigsby,tank bigsby
18,TE,0.34,Payne Durham,payne durham
5,TE,0.34,Hunter Long,hunter long
10,WR,0.34,Robbie Chosen,robbie chosen
6,TE,0.34,Eric Saubert,eric saubert
9,TE,0.34,Luke Farrell,luke farrell
17,RB,0.34,Khalil Herbert,khalil herbert
16,RB,0.34,Ronnie Rivers,ronnie rivers
9,RB,0.34,Isaac Guerendo,isaac guerendo
1,WR,0.34,Anthony Gould,anthony gould
7,TE,0.34,Kylen Granson,kylen granson
13,WR,0.33,Skyy Moore,skyy moore
1,TE,0.33,Hunter Long,hunter long
14,WR,0.33,Scotty Miller,scotty miller
11,RB,0.33,Isaac Guerendo,isaac guerendo
15,RB,0.33,Ronnie Rivers,ronnie rivers
8,RB,0.33,Tyler Goodson,tyler goodson
11,WR,0.33,LaJohntay Wester,lajohntay wester
14,TE,0.33,Jack Stoll,jack stoll
4,RB,0.33,Tank Bigsby,tank bigsby
6,WR,0.33,KhaDarel Hodge,khadarel hodge
16,WR,0.32,Dareke Young,dareke young
8,RB,0.32,Tahj Brooks,tahj brooks
4,TE,0.32,Hunter Long,hunter long
2,TE,0.32,Hunter Long,hunter long
7,RB,0.32,Tank Bigsby,tank bigsby
7,WR,0.32,Charlie Jones,charlie jones
17,TE,0.32,Durham Smythe,durham smythe
15,TE,0.32,Jake Tonges,jake tonges
4,RB,0.32,Zonovan Knight,zonovan knight
14,WR,0.31,Darius Cooper,darius cooper
8,RB,0.31,Isaac Guerendo,isaac guerendo
4,WR,0.31,Charlie Jones,charlie jones
3,WR,0.31,Anthony Gould,anthony gould
18,TE,0.31,Durham Smythe,durham smythe
2,WR,0.31,Derius Davis,derius davis
4,WR,0.31,Tai Felton,tai felton
12,TE,0.31,Durham Smythe,durham smythe
13,TE,0.31,Jared Wiley,jared wiley
9,WR,0.31,Tim Jones,tim jones
4,WR,0.31,Xavier Smith,xavier smith
12,RB,0.31,Eric Gray,eric gray
13,TE,0.3,Nick Vannett,nick vannett
13,WR,0.3,Ryan Miller,ryan miller
5,WR,0.3,Charlie Jones,charlie jones
6,WR,0.3,Charlie Jones,charlie jones
16,TE,0.3,Durham Smythe,durham smythe
15,TE,0.3,Nick Vannett,nick vannett
8,RB,0.3,Julius Chestnut,julius chestnut
7,RB,0.3,Ameer Abdullah,ameer abdullah
11,TE,0.3,Durham Smythe,durham smythe
14,RB,0.3,Patrick Ricard,patrick ricard
16,TE,0.3,Jake Tonges,jake tonges
14,TE,0.3,Durham Smythe,durham smythe
13,TE,0.3,Durham Smythe,durham smythe
14,TE,0.29,Nick Vannett,nick vannett
13,TE,0.29,Kylen Granson,kylen granson
16,TE,0.29,Kylen Granson,kylen granson
11,RB,0.29,Dylan Laube,dylan laube
10,RB,0.29,Isaac Guerendo,isaac guerendo
13,RB,0.29,Isaac Guerendo,isaac guerendo
18,TE,0.29,Nick Vannett,nick vannett
2,WR,0.28,Anthony Gould,anthony gould
14,RB,0.28,Ronnie Rivers,ronnie rivers
15,TE,0.28,Eric Saubert,eric saubert
5,WR,0.28,Tai Felton,tai felton
18,TE,0.28,Jake Tonges,jake tonges
1,WR,0.28,Derius Davis,derius davis
16,RB,0.27,C.J. Ham,cj ham
14,TE,0.27,Teagan Quitoriano,teagan quitoriano
12,WR,0.27,Ben Skowronek,ben skowronek
16,WR,0.27,Ben Skowronek,ben skowronek
15,WR,0.27,Charlie Jones,charlie jones
9,RB,0.27,Tyler Goodson,tyler goodson
8,RB,0.27,Tank Bigsby,tank bigsby
7,RB,0.27,Dylan Laube,dylan laube
3,RB,0.27,Tank Bigsby,tank bigsby
14,RB,0.26,Dylan Laube,dylan laube
9,WR,0.26,Ben Skowronek,ben skowronek
12,RB,0.26,Sione Vaki,sione vaki
1,RB,0.26,DeeJay Dallas,deejay dallas
15,TE,0.26,Durham Smythe,durham smythe
6,WR,0.26,Russell Gage,russell gage
15,TE,0.26,Kylen Granson,kylen granson
16,TE,0.26,Payne Durham,payne durham
13,RB,0.26,Ronnie Rivers,ronnie rivers
11,WR,0.26,Ben Skowronek,ben skowronek
15,RB,0.26,Patrick Ricard,patrick ricard
13,TE,0.25,Jake Tonges,jake tonges
14,TE,0.25,Payne Durham,payne durham
17,RB,0.25,C.J. Ham,cj ham
10,TE,0.25,Devin Culp,devin culp
2,WR,0.25,Cedrick Wilson,cedrick wilson
7,TE,0.25,Luke Farrell,luke farrell
10,WR,0.25,Ben Skowronek,ben skowronek
2,WR,0.25,Xavier Smith,xavier smith
12,RB,0.25,Dylan Laube,dylan laube
14,RB,0.25,C.J. Ham,cj ham
11,TE,0.25,Josh Whyle,josh whyle
5,WR,0.25,KeAndre Lambert-Smith,keandre lambertsmith
3,WR,0.25,Tim Patrick,tim patrick
13,WR,0.25,Ben Skowronek,ben skowronek
16,RB,0.25,Khalil Herbert,khalil herbert
1,WR,0.25,Cedrick Wilson,cedrick wilson
13,TE,0.25,Tucker Fisk,tucker fisk
7,RB,0.24,Jaylen Wright,jaylen wright
8,TE,0.24,Chris Manhertz,chris manhertz
7,WR,0.24,Jalen Royals,jalen royals
11,TE,0.24,Tucker Fisk,tucker fisk
17,WR,0.24,Jonathan Mingo,jonathan mingo
10,RB,0.24,Patrick Ricard,patrick ricard
12,TE,0.24,Payne Durham,payne durham
1,WR,0.24,Xavier Smith,xavier smith
6,RB,0.24,Dylan Laube,dylan laube
15,TE,0.24,Chris Manhertz,chris manhertz
3,TE,0.24,Connor Heyward,connor heyward
16,WR,0.24,Bo Melton,bo melton
10,TE,0.23,Tucker Fisk,tucker fisk
9,TE,0.23,John FitzPatrick,john fitzpatrick
18,WR,0.23,Devin Duvernay,devin duvernay
14,WR,0.23,Bo Melton,bo melton
6,WR,0.23,Skyy Moore,skyy moore
7,TE,0.23,Tyler Conklin,tyler conklin
12,TE,0.23,Chris Manhertz,chris manhertz
8,WR,0.23,Ben Skowronek,ben skowronek
10,WR,0.23,Tahj Washington,tahj washington
8,TE,0.23,Brevyn Spann-Ford,brevyn spannford
13,TE,0.23,Connor Heyward,connor heyward
17,TE,0.23,Kylen Granson,kylen granson
11,TE,0.22,Chris Manhertz,chris manhertz
15,WR,0.22,Scotty Miller,scotty miller
10,RB,0.22,Roschon Johnson,roschon johnson
4,WR,0.22,Skyy Moore,skyy moore
1,TE,0.22,Kylen Granson,kylen granson
8,TE,0.22,Tucker Fisk,tucker fisk
12,RB,0.22,Patrick Ricard,patrick ricard
12,TE,0.22,Drew Ogletree,drew ogletree
7,TE,0.22,Tucker Fisk,tucker fisk
13,TE,0.22,Chris Manhertz,chris manhertz
13,WR,0.22,Darius Cooper,darius cooper
17,TE,0.22,Chris Manhertz,chris manhertz
8,TE,0.21,John FitzPatrick,john fitzpatrick
12,RB,0.21,Terrell Jennings,terrell jennings
12,RB,0.21,Brittain Brown,brittain brown
17,WR,0.21,Tahj Washington,tahj washington
14,TE,0.21,Stone Smartt,stone smartt
7,TE,0.21,Devin Culp,devin culp
8,WR,0.21,KhaDarel Hodge,khadarel hodge
14,RB,0.21,Corey Kiner,corey kiner
14,RB,0.21,Hassan Haskins,hassan haskins
11,RB,0.21,Patrick Ricard,patrick ricard
11,TE,0.21,John FitzPatrick,john fitzpatrick
16,TE,0.21,Chris Manhertz,chris manhertz
15,WR,0.21,Jonathan Mingo,jonathan mingo
16,WR,0.21,Alex Bachman,alex bachman
18,RB,0.21,Eric Gray,eric gray
16,WR,0.21,Jonathan Mingo,jonathan mingo
3,RB,0.21,Rasheen Ali,rasheen ali
7,TE,0.21,John FitzPatrick,john fitzpatrick
9,TE,0.2,Josiah Deguara,josiah deguara
13,TE,0.2,Josiah Deguara,josiah deguara
12,WR,0.2,Jake Bobo,jake bobo
15,WR,0.2,Jake Bobo,jake bobo
13,TE,0.2,Stone Smartt,stone smartt
3,WR,0.2,Devin Duvernay,devin duvernay
17,WR,0.2,Bo Melton,bo melton
12,TE,0.2,Stone Smartt,stone smartt
4,WR,0.2,Nikko Remigio,nikko remigio
8,RB,0.2,Jaylen Wright,jaylen wright
7,RB,0.2,Khalil Herbert,khalil herbert
2,WR,0.2,Devin Duvernay,devin duvernay
15,RB,0.2,Jawhar Jordan,jawhar jordan
17,TE,0.19,Nick Kallerup,nick kallerup
12,RB,0.19,Kene Nwangwu,kene nwangwu
18,RB,0.19,Jeff Wilson,jeff wilson
1,WR,0.19,Devin Duvernay,devin duvernay
13,WR,0.19,Andre Baccellia,andre baccellia
4,WR,0.19,Devin Duvernay,devin duvernay
17,RB,0.19,DJ Giddens,dj giddens
16,WR,0.19,Jordan Watkins,jordan watkins
3,RB,0.19,Hassan Haskins,hassan haskins
8,WR,0.19,Derius Davis,derius davis
6,WR,0.19,Devin Duvernay,devin duvernay
10,TE,0.18,Durham Smythe,durham smythe
12,WR,0.18,LaJohntay Wester,lajohntay wester
6,WR,0.18,Anthony Gould,anthony gould
13,WR,0.18,Nikko Remigio,nikko remigio
5,RB,0.17,Rasheen Ali,rasheen ali
2,WR,0.17,Skyy Moore,skyy moore
16,TE,0.17,Nick Kallerup,nick kallerup
13,WR,0.17,Charlie Jones,charlie jones
10,RB,0.17,Sione Vaki,sione vaki
7,RB,0.16,Trevor Etienne,trevor etienne
9,WR,0.16,Jamal Agnew,jamal agnew
11,WR,0.16,Jamal Agnew,jamal agnew
15,RB,0.16,Eric Gray,eric gray
10,RB,0.16,Zavier Scott,zavier scott
14,WR,0.16,Charlie Jones,charlie jones
15,RB,0.15,Corey Kiner,corey kiner
9,WR,0.15,Charlie Jones,charlie jones
13,WR,0.15,Kameron Johnson,kameron johnson
8,WR,0.15,Jamal Agnew,jamal agnew
17,WR,0.15,Kameron Johnson,kameron johnson
17,WR,0.15,Michael Bandy,michael bandy
16,WR,0.15,Kameron Johnson,kameron johnson
10,WR,0.15,Jamal Agnew,jamal agnew
12,WR,0.15,Anthony Gould,anthony gould
7,WR,0.15,Ryan Miller,ryan miller
13,WR,0.15,Anthony Gould,anthony gould
13,RB,0.15,Zavier Scott,zavier scott
16,WR,0.15,Michael Bandy,michael bandy
14,WR,0.15,Kameron Johnson,kameron johnson
12,RB,0.15,Zavier Scott,zavier scott
15,TE,0.14,Harrison Bryant,harrison bryant
15,WR,0.14,Michael Bandy,michael bandy
18,RB,0.14,DeeJay Dallas,deejay dallas
3,RB,0.14,Sione Vaki,sione vaki
14,WR,0.14,Britain Covey,britain covey
12,TE,0.14,Jack Stoll,jack stoll
7,RB,0.14,Dare Ogunbowale,dare ogunbowale
5,RB,0.14,Dameon Pierce,dameon pierce
14,TE,0.14,Will Dissly,will dissly
16,WR,0.14,Tom Kennedy,tom kennedy
16,TE,0.14,Harrison Bryant,harrison bryant
9,WR,0.14,KeAndre Lambert-Smith,keandre lambertsmith
8,TE,0.13,Jack Stoll,jack stoll
10,WR,0.13,Devin Duvernay,devin duvernay
18,TE,0.13,Harrison Bryant,harrison bryant
13,TE,0.13,Jack Stoll,jack stoll
8,WR,0.13,Charlie Jones,charlie jones
11,WR,0.13,Devin Duvernay,devin duvernay
12,WR,0.13,Xavier Gipson,xavier gipson
7,TE,0.13,Jack Stoll,jack stoll
11,WR,0.13,Charlie Jones,charlie jones
7,WR,0.13,KhaDarel Hodge,khadarel hodge
7,RB,0.13,Kene Nwangwu,kene nwangwu
14,RB,0.12,Kene Nwangwu,kene nwangwu
12,WR,0.12,Devin Duvernay,devin duvernay
13,WR,0.12,Devin Duvernay,devin duvernay
8,TE,0.12,Robert Tonyan,robert tonyan
9,TE,0.12,Durham Smythe,durham smythe
12,TE,0.12,Connor Heyward,connor heyward
8,WR,0.12,Devin Duvernay,devin duvernay
10,RB,0.12,Dameon Pierce,dameon pierce
7,TE,0.12,Eric Saubert,eric saubert
18,WR,0.12,River Cracraft,river cracraft
16,TE,0.12,Jack Stoll,jack stoll
16,RB,0.12,D'Ernest Johnson,dernest johnson
9,TE,0.12,Jack Stoll,jack stoll
7,WR,0.12,Tai Felton,tai felton
9,TE,0.12,Connor Heyward,connor heyward
10,RB,0.12,Kene Nwangwu,kene nwangwu
17,TE,0.12,Harrison Bryant,harrison bryant
11,TE,0.12,Connor Heyward,connor heyward
16,RB,0.12,DeeJay Dallas,deejay dallas
17,RB,0.12,DeeJay Dallas,deejay dallas
10,TE,0.11,Connor Heyward,connor heyward
9,TE,0.11,Robert Tonyan,robert tonyan
7,TE,0.11,Connor Heyward,connor heyward
14,TE,0.11,Connor Heyward,connor heyward
12,TE,0.11,Robert Tonyan,robert tonyan
17,TE,0.11,Devin Culp,devin culp
12,WR,0.11,Nikko Remigio,nikko remigio
15,TE,0.11,Connor Heyward,connor heyward
9,WR,0.11,Nikko Remigio,nikko remigio
11,RB,0.11,Kene Nwangwu,kene nwangwu
11,WR,0.11,Xavier Gipson,xavier gipson
2,TE,0.1,Connor Heyward,connor heyward
8,TE,0.1,Connor Heyward,connor heyward
18,TE,0.1,Quintin Morris,quintin morris
8,TE,0.1,Devin Culp,devin culp
4,TE,0.1,Connor Heyward,connor heyward
7,WR,0.1,Nikko Remigio,nikko remigio
14,TE,0.1,Robert Tonyan,robert tonyan
12,RB,0.1,D'Ernest Johnson,dernest johnson
13,RB,0.1,Sione Vaki,sione vaki
7,TE,0.1,Robert Tonyan,robert tonyan
5,RB,0.1,Jarquez Hunter,jarquez hunter
17,TE,0.1,Josiah Deguara,josiah deguara
13,TE,0.1,Devin Culp,devin culp
11,WR,0.1,Nikko Remigio,nikko remigio
1,TE,0.1,Shane Zylstra,shane zylstra
16,TE,0.1,Josiah Deguara,josiah deguara
14,TE,0.1,Devin Culp,devin culp
7,TE,0.1,Ross Dwelley,ross dwelley
7,RB,0.1,British Brooks,british brooks
6,TE,0.1,Connor Heyward,connor heyward
18,TE,0.1,Devin Culp,devin culp
15,TE,0.1,Robert Tonyan,robert tonyan
9,TE,0.1,Ross Dwelley,ross dwelley
11,TE,0.1,Robert Tonyan,robert tonyan
2,TE,0.1,Shane Zylstra,shane zylstra
9,RB,0.1,British Brooks,british brooks
16,TE,0.1,Jared Wiley,jared wiley
7,WR,0.1,Isaiah Williams,isaiah williams
17,RB,0.1,Eric Gray,eric gray
1,TE,0.1,Connor Heyward,connor heyward
16,TE,0.1,Pharaoh Brown,pharaoh brown
7,WR,0.09,Devin Duvernay,devin duvernay
12,TE,0.09,Devin Culp,devin culp
15,TE,0.09,Pharaoh Brown,pharaoh brown
7,RB,0.09,Nyheim Miller-Hines,nyheim millerhines
18,TE,0.09,Pharaoh Brown,pharaoh brown
14,TE,0.09,Pharaoh Brown,pharaoh brown
12,TE,0.09,Josiah Deguara,josiah deguara
13,TE,0.09,Quintin Morris,quintin morris
6,TE,0.09,Devin Culp,devin culp
5,TE,0.09,Devin Culp,devin culp
11,TE,0.09,Ben Yurosek,ben yurosek
6,WR,0.09,Jalen Royals,jalen royals
10,RB,0.09,D'Ernest Johnson,dernest johnson
15,TE,0.09,Josiah Deguara,josiah deguara
18,TE,0.09,Teagan Quitoriano,teagan quitoriano
4,TE,0.09,Devin Culp,devin culp
17,TE,0.09,Teagan Quitoriano,teagan quitoriano
16,TE,0.09,Teagan Quitoriano,teagan quitoriano
13,RB,0.09,Kene Nwangwu,kene nwangwu
9,RB,0.09,Dylan Laube,dylan laube
11,TE,0.09,Devin Culp,devin culp
8,TE,0.09,Jelani Woods,jelani woods
17,RB,0.09,Travis Homer,travis homer
17,TE,0.09,Quintin Morris,quintin morris
18,TE,0.09,Josiah Deguara,josiah deguara
8,WR,0.08,Gunner Olszewski,gunner olszewski
10,TE,0.08,Josiah Deguara,josiah deguara
14,TE,0.08,Quintin Morris,quintin morris
7,WR,0.08,Gunner Olszewski,gunner olszewski
13,RB,0.08,Nathan Carter,nathan carter
9,RB,0.08,Sione Vaki,sione vaki
10,RB,0.08,Dylan Laube,dylan laube
15,RB,0.08,Nathan Carter,nathan carter
18,RB,0.08,Nathan Carter,nathan carter
15,TE,0.08,Quintin Morris,quintin morris
11,RB,0.08,Sione Vaki,sione vaki
11,RB,0.08,Brittain Brown,brittain brown
16,TE,0.08,Ben Yurosek,ben yurosek
16,TE,0.08,Quintin Morris,quintin morris
17,TE,0.08,Robert Tonyan,robert tonyan
10,TE,0.07,Josh Whyle,josh whyle
7,WR,0.07,Xavier Gipson,xavier gipson
8,WR,0.06,Nikko Remigio,nikko remigio
10,RB,0.06,Trey Sermon,trey sermon
10,WR,0.05,LaJohntay Wester,lajohntay wester
11,WR,0.05,Tai Felton,tai felton
9,WR,0.05,LaJohntay Wester,lajohntay wester
15,WR,0.05,Jalen Royals,jalen royals
6,WR,0.05,Xavier Smith,xavier smith
9,WR,0.05,Tai Felton,tai felton
8,WR,0.05,Tai Felton,tai felton
16,WR,0.05,Scotty Miller,scotty miller
16,TE,0.05,Cam Grandy,cam grandy
8,WR,0.05,LaJohntay Wester,lajohntay wester
15,WR,0.05,LaJohntay Wester,lajohntay wester
12,WR,0.05,Tai Felton,tai felton
10,RB,0.05,Ronnie Rivers,ronnie rivers
14,WR,0.05,Jake Bobo,jake bobo
14,RB,0.05,Travis Homer,travis homer
17,WR,0.04,Tyler Johnson,tyler johnson
10,WR,0.04,Tai Felton,tai felton
18,WR,0.04,Dylan Drummond,dylan drummond
3,WR,0.04,Jalin Hyatt,jalin hyatt
17,WR,0.04,LaJohntay Wester,lajohntay wester
17,TE,0.04,Will Mallory,will mallory
15,WR,0.04,Britain Covey,britain covey
17,WR,0.04,Dylan Drummond,dylan drummond
16,WR,0.04,Britain Covey,britain covey
16,WR,0.04,Dylan Drummond,dylan drummond
13,WR,0.04,Tai Felton,tai felton
10,WR,0.04,Braxton Berrios,braxton berrios
14,WR,0.04,LaJohntay Wester,lajohntay wester
15,RB,0.03,Kene Nwangwu,kene nwangwu
18,RB,0.03,Travis Homer,travis homer
17,WR,0.03,Britain Covey,britain covey
11,RB,0.03,Travis Homer,travis homer
3,WR,0.03,Charlie Jones,charlie jones
11,RB,0.03,British Brooks,british brooks
17,RB,0.03,Kene Nwangwu,kene nwangwu
16,RB,0.03,Kene Nwangwu,kene nwangwu
16,RB,0.03,Travis Homer,travis homer
12,RB,0.02,Ronnie Rivers,ronnie rivers
13,RB,0.02,British Brooks,british brooks
10,RB,0.02,British Brooks,british brooks
18,WR,0.02,A.J. Brown,aj brown
11,RB,0.02,Ronnie Rivers,ronnie rivers
18,RB,0.02,British Brooks,british brooks
15,RB,0.02,Khalil Herbert,khalil herbert
13,RB,0.02,Raheim Sanders,raheim sanders
11,RB,0.02,Rasheen Ali,rasheen ali
16,RB,0.02,Eric Gray,eric gray
1,RB,-0.07,Avery Williams,avery williams
2,RB,-0.07,Avery Williams,avery williams
