player,position,team,ppg_pred,games_pred,projected_total,vor,our_overall_rank,our_pos_rank,blend_rank,blend_pos_rank,adp_pos_rank,adp_overall_rank,value_gap,sleeper_pts_half_ppr,age,years_exp,target_ppg,target_games
Bijan Robinson,RB,ATL,16.743069389298462,15.39653483675925,257.7852511266112,145.22487475060245,1.0,1.0,1.0,1.0,1.0,1.0,0.0,292.9,24.58590006844627,3.0,,0.0
Jahmyr Gibbs,RB,DET,15.894168665535535,15.721080087629224,249.87349851717104,137.31312214116232,2.0,2.0,2.0,2.0,2.0,2.0,0.0,277.9,24.4517453798768,3.0,,0.0
De'Von Achane,RB,MIA,14.66917890578969,15.041702541988247,220.64942563609716,108.08904926008844,3.0,3.0,12.0,6.0,6.0,11.0,3.0,222.0,24.88432580424367,3.0,,0.0
Amon-Ra St. Brown,WR,DET,13.362959469924952,16.6856162920351,222.96921424118452,106.18405970836038,4.0,1.0,10.0,3.0,4.0,9.0,3.0,227.5,26.855578370978783,5.0,,0.0
James Cook,RB,BUF,14.989890050520339,14.351051487568089,215.120683908002,102.56030753199329,5.0,4.0,8.0,5.0,5.0,8.0,1.0,245.3,26.93497604380561,4.0,,0.0
Jonathan Taylor,RB,IND,13.95894376781591,14.879154381743682,207.69727932741176,95.13690295140304,6.0,5.0,5.0,3.0,3.0,5.0,-2.0,254.3,27.616700889801507,6.0,,0.0
Ja'Marr Chase,WR,CIN,13.661618363722763,15.170635249109168,207.25542910856967,90.47027457574553,7.0,2.0,6.0,2.0,1.0,3.0,-1.0,250.6,26.50239561943874,5.0,,0.0
Puka Nacua,WR,LA,12.776387658748659,16.162835095691257,206.50264684697947,89.71749231415534,8.0,3.0,4.0,1.0,2.0,4.0,-1.0,259.0,25.259411362080765,3.0,,0.0
Kyren Williams,RB,LA,13.328459558688527,15.155316156187949,201.99701848688994,89.43664211088122,9.0,6.0,31.0,15.0,16.0,32.0,10.0,185.3,26.015058179329227,4.0,,0.0
Josh Jacobs,RB,GB,14.224609710691055,13.956714797746018,198.52882084136357,85.96844446535485,10.0,7.0,26.0,14.0,14.0,27.0,7.0,186.1,28.553045859000683,7.0,,0.0
Christian McCaffrey,RB,SF,14.668785413374101,13.523805164837448,198.3777959352809,85.81741955927217,11.0,8.0,7.0,4.0,4.0,6.0,-4.0,256.0,30.2340862422998,9.0,,0.0
Chase Brown,RB,CIN,12.690156065575685,15.316437750278272,194.36798541970623,81.80760904369751,12.0,9.0,18.0,10.0,10.0,17.0,1.0,205.8,26.4476386036961,3.0,,0.0
Derrick Henry,RB,BAL,13.850865220695589,13.845289221006738,191.76923494171373,79.20885856570501,13.0,10.0,14.0,8.0,13.0,26.0,3.0,236.2,32.6570841889117,10.0,,0.0
Breece Hall,RB,NYJ,12.717851001442202,14.949558664719902,190.12625963522694,77.56588325921823,14.0,11.0,25.0,13.0,15.0,31.0,4.0,195.6,25.253935660506503,4.0,,0.0
George Pickens,WR,DAL,12.104250398612137,15.955076395753387,193.12423982318504,76.3390852903609,15.0,4.0,23.0,8.0,12.0,29.0,8.0,197.9,25.49486652977413,4.0,,0.0
Jaxon Smith-Njigba,WR,SEA,12.05692879608533,15.872912164932954,191.37857175911327,74.59341722628913,16.0,5.0,11.0,4.0,3.0,7.0,-2.0,235.1,24.54483230663929,3.0,,0.0
Jalen Hurts,QB,PHI,18.788031177579597,15.6490230334208,294.01433265057125,72.5237322566158,17.0,1.0,15.0,3.0,6.0,72.0,5.0,310.54,28.0684462696783,6.0,,0.0
Ashton Jeanty,RB,LV,12.03952855969016,15.320336869657279,184.44963328631295,71.88925691030423,18.0,12.0,13.0,7.0,8.0,13.0,-4.0,234.5,22.748802190280628,1.0,,0.0
Zay Flowers,WR,BAL,12.013480824098975,15.657656546261192,188.1029566688366,71.31780213601247,19.0,6.0,40.0,14.0,24.0,50.0,18.0,185.2,25.97125256673512,3.0,,0.0
Justin Jefferson,WR,MIN,11.836502073965443,15.813568614247973,187.17733769934097,70.39218316651683,20.0,7.0,20.0,6.0,6.0,14.0,-1.0,202.1,27.21149897330596,6.0,,0.0
Omarion Hampton,RB,LAC,12.463108426820513,14.44711701507101,180.0559858137935,67.4956094377848,21.0,13.0,16.0,9.0,9.0,15.0,-4.0,217.9,23.463381245722108,1.0,,0.0
Nico Collins,WR,HOU,12.17747376344444,15.116911765372173,184.0857964071242,67.30064187430007,22.0,8.0,22.0,7.0,9.0,23.0,1.0,198.0,27.45516769336071,5.0,,0.0
DeVonta Smith,WR,PHI,11.669013110350619,15.716859466198633,183.40023916461007,66.61508463178593,23.0,9.0,37.0,12.0,15.0,34.0,6.0,179.1,27.797399041752225,5.0,,0.0
Drake Maye,QB,NE,17.60776428870156,16.336344120956547,287.64649662091836,66.15589622696291,24.0,2.0,9.0,2.0,3.0,48.0,1.0,320.76,24.005475701574262,2.0,,0.0
Tetairoa McMillan,WR,CAR,11.533290999535131,15.782319053016224,182.02207828594382,65.23692375311968,25.0,10.0,39.0,13.0,16.0,35.0,6.0,178.9,23.408624229979463,1.0,,0.0
Jameson Williams,WR,DET,11.544889738127138,15.458965459938389,178.47205170050458,61.68689716768044,26.0,11.0,45.0,16.0,25.0,51.0,14.0,176.2,25.43463381245722,4.0,,0.0
Kenneth Walker III,RB,KC,11.566584403889015,14.7612652680654,170.73742063127386,58.177044255265145,27.0,14.0,21.0,12.0,11.0,18.0,-3.0,210.0,25.86447638603696,4.0,,0.0
TreVeyon Henderson,RB,NE,10.946573382605044,15.59531366309692,170.71524543783352,58.1548690618248,28.0,15.0,46.0,18.0,19.0,41.0,4.0,162.0,23.860369609856264,1.0,,0.0
Travis Etienne,RB,NO,11.321659312655632,15.04984967903524,170.38927077271669,57.828894396707966,29.0,16.0,32.0,16.0,17.0,36.0,1.0,195.9,27.59753593429158,5.0,,0.0
A.J. Brown,WR,NE,11.985075158462262,14.35952976500611,172.10004347377418,55.31488894095004,30.0,12.0,24.0,9.0,8.0,19.0,-4.0,195.8,29.17180013689254,7.0,,0.0
Bo Nix,QB,DEN,17.076573501830964,16.059359163955268,274.2388271555848,52.748226761629326,31.0,3.0,43.0,10.0,15.0,127.0,12.0,295.72,26.5160848733744,2.0,,0.0
Chris Olave,WR,NO,10.650703403672326,15.642431119211551,166.60289436309637,49.81773983027223,32.0,13.0,30.0,11.0,11.0,28.0,-2.0,191.8,26.17932922655715,4.0,,0.0
Javonte Williams,RB,DAL,10.585152279157814,15.222663006289485,161.1342060158765,48.57382963986777,33.0,17.0,38.0,17.0,18.0,39.0,1.0,185.8,26.35181382614648,5.0,,0.0
CeeDee Lamb,WR,DAL,11.352750237149818,14.383831692075312,163.29604865333107,46.51089412050693,34.0,14.0,17.0,5.0,5.0,10.0,-9.0,222.5,27.40041067761807,6.0,,0.0
Josh Allen,QB,BUF,17.8629182731148,14.989139081147016,267.7497663908802,46.259165996924764,35.0,4.0,3.0,1.0,1.0,24.0,-3.0,361.5,30.28062970568104,8.0,,0.0
Cam Skattebo,RB,NYG,12.05460466854186,13.16087339884357,158.64912591578806,46.08874953977934,36.0,18.0,50.0,19.0,21.0,52.0,3.0,168.7,24.56947296372348,1.0,,0.0
Saquon Barkley,RB,PHI,11.35871377486591,13.942798988239222,158.37226292789933,45.81188655189061,37.0,19.0,19.0,11.0,7.0,12.0,-12.0,226.0,29.557837097878167,8.0,,0.0
Wan'Dale Robinson,WR,TEN,10.217854143330234,15.689335595172235,160.31134271722914,43.526188184405,38.0,15.0,102.0,40.0,44.0,103.0,29.0,127.0,25.65366187542779,4.0,,0.0
Justin Herbert,QB,LAC,17.093507117867752,15.488998058844697,264.7612985675016,43.27069817354618,39.0,5.0,29.0,5.0,8.0,89.0,3.0,303.3,28.47912388774812,6.0,,0.0
Emeka Egbuka,WR,TB,10.12371521760986,15.676226602241446,158.70165380781222,41.916499274988084,40.0,16.0,52.0,19.0,20.0,43.0,4.0,163.6,23.88227241615332,1.0,,0.0
Trevor Lawrence,QB,JAX,17.323211873095982,15.168753992481832,262.7715392626334,41.280938868677936,41.0,6.0,33.0,6.0,10.0,95.0,4.0,303.42,26.90485968514716,5.0,,0.0
Caleb Williams,QB,CHI,16.513143108768926,15.854785402318205,261.81234030730104,40.321739913345596,42.0,7.0,35.0,7.0,9.0,94.0,2.0,299.34,24.78576317590691,2.0,,0.0
Trey McBride,TE,ARI,9.715280717795402,15.115445962700008,146.85080070229773,40.2957789225276,43.0,1.0,33.0,1.0,2.0,22.0,1.0,191.4,26.77618069815195,4.0,,0.0
D'Andre Swift,RB,CHI,10.001640575709784,14.946751405637453,149.4920353336708,36.93165895766208,44.0,20.0,56.0,21.0,23.0,58.0,3.0,175.4,27.630390143737166,6.0,,0.0
Kyle Pitts,TE,ATL,9.384922535349043,15.262114449228765,143.23376183164328,36.67874005187315,45.0,2.0,83.0,6.0,7.0,75.0,5.0,138.6,25.90280629705681,5.0,,0.0
Brian Thomas Jr.,WR,JAX,11.075578869495793,13.848408632263876,153.37914202364493,36.593987490820794,46.0,17.0,69.0,25.0,31.0,67.0,14.0,152.9,23.89869952087611,2.0,,0.0
Tee Higgins,WR,CIN,10.04418733041741,14.968427209108055,150.34568692999835,33.560532397174214,47.0,18.0,44.0,15.0,14.0,33.0,-4.0,174.6,27.61943874058864,6.0,,0.0
Baker Mayfield,QB,TB,17.13162194901283,14.796881209827971,253.49457491122436,32.003974517268915,48.0,8.0,64.0,15.0,19.0,153.0,11.0,274.88,31.38398357289528,8.0,,0.0
Courtland Sutton,WR,DEN,9.528722672269973,15.581025789086981,148.46727369369626,31.68211916087212,49.0,19.0,84.0,33.0,35.0,76.0,16.0,139.5,30.89390828199863,8.0,,0.0
Ladd McConkey,WR,LAC,9.701312374568836,15.213967778043882,147.59545387142865,30.81029933860451,50.0,20.0,48.0,18.0,18.0,40.0,-2.0,171.8,24.80492813141684,2.0,,0.0
Jaylen Warren,RB,PIT,10.211181879909983,14.014815692852666,143.1078320531352,30.547455677126493,51.0,21.0,72.0,25.0,27.0,69.0,6.0,152.6,27.83299110198494,4.0,,0.0
Jaylen Waddle,WR,DEN,9.56876839403352,15.316877743485245,146.5636556471371,29.77850111431296,52.0,21.0,63.0,23.0,21.0,45.0,0.0,155.0,27.76728268309377,5.0,,0.0
Brock Bowers,TE,LV,9.412875924733259,14.290535141843964,134.51503418821764,27.96001240844751,53.0,3.0,36.0,2.0,1.0,21.0,-2.0,188.0,23.7180013689254,2.0,,0.0
Tyler Warren,TE,IND,8.696395884485417,15.264112459758785,132.74276477536887,26.18774299559874,54.0,4.0,70.0,4.0,4.0,56.0,0.0,151.2,24.27378507871321,1.0,,0.0
Drake London,WR,ATL,10.014800854372904,14.18263964379707,142.03631162196191,25.251157089137777,55.0,22.0,28.0,10.0,7.0,16.0,-15.0,197.7,25.10609171800137,4.0,,0.0
Travis Kelce,TE,KC,8.468650164145368,15.414451964109254,130.53960115606472,23.98457937629459,56.0,5.0,114.0,10.0,19.0,119.0,14.0,131.5,36.90622861054072,13.0,,0.0
RJ Harvey,RB,DEN,8.989666585413131,15.137012905937175,136.07669912347075,23.516322747462027,57.0,22.0,108.0,34.0,35.0,100.0,13.0,125.6,25.571526351813823,1.0,,0.0
Alec Pierce,WR,IND,9.225801466193694,15.050556284245397,138.8534442342219,22.068289701397774,58.0,23.0,71.0,26.0,33.0,71.0,10.0,157.0,26.33264887063655,4.0,,0.0
Rashee Rice,WR,KC,9.514462214911733,14.550646207887997,138.44157354749905,21.65641901467491,59.0,24.0,54.0,20.0,13.0,30.0,-11.0,162.0,26.36002737850788,3.0,,0.0
Hunter Henry,TE,NE,8.078712402983266,15.633259493739269,126.29660737112732,19.741585591357193,60.0,6.0,117.0,12.0,12.0,101.0,6.0,119.9,31.734428473648187,10.0,,0.0
DK Metcalf,WR,PIT,9.24800927339642,14.739425824776937,136.31034671207578,19.525192179251647,61.0,25.0,79.0,31.0,37.0,79.0,12.0,152.3,28.71457905544148,7.0,,0.0
Tony Pollard,RB,TEN,8.892348916550738,14.83237036512826,131.89461254622753,19.334236170218816,62.0,23.0,85.0,27.0,31.0,81.0,8.0,146.1,29.3388090349076,7.0,,0.0
Juwan Johnson,TE,NO,7.893981103690813,15.8939237865987,125.46633403491208,18.91131225514195,63.0,7.0,124.0,16.0,17.0,115.0,10.0,109.6,29.965776865160848,6.0,,0.0
Colston Loveland,TE,CHI,8.13418646189639,15.156942352357948,123.28939528629404,16.73437350652391,64.0,8.0,62.0,3.0,3.0,49.0,-5.0,161.9,22.39561943874059,1.0,,0.0
Romeo Doubs,WR,NE,8.485652167147837,15.564734201972643,132.0769205120492,15.291765979225076,65.0,26.0,99.0,38.0,46.0,105.0,20.0,138.7,26.38466803559206,4.0,,0.0
Sam Darnold,QB,SEA,14.863040481307497,15.89116616131428,236.19104595079799,14.700445556842539,66.0,9.0,76.0,19.0,23.0,175.0,14.0,262.74,29.240246406570844,8.0,,0.0
Stefon Diggs,WR,,9.223064594159698,14.231274994909127,131.2559685352966,14.470814002472466,67.0,27.0,115.0,47.0,53.0,132.0,26.0,134.6,32.75564681724846,11.0,,0.0
Quentin Johnston,WR,LAC,9.345267293547062,13.985747456872579,130.70054828452032,13.915393751696186,68.0,28.0,101.0,39.0,45.0,104.0,17.0,134.9,24.985626283367555,3.0,,0.0
Aaron Rodgers,QB,PIT,14.218751340608863,16.547691740265716,235.28751411588536,13.796913721929911,69.0,10.0,,,,,,,42.74880219028063,21.0,,0.0
Dallas Goedert,TE,PHI,7.932328717327582,15.123472988331038,119.96435909106629,13.409337311296156,70.0,9.0,121.0,14.0,13.0,106.0,4.0,115.5,31.66050650239562,8.0,,0.0
Matthew Stafford,QB,LA,15.437247550897018,15.214605083711573,234.8716250663918,13.381024672436354,71.0,11.0,59.0,14.0,14.0,123.0,3.0,280.22,38.56536618754278,17.0,,0.0
Tre Tucker,WR,LV,8.146655978319977,15.910334392108501,129.61602079254067,12.83086625971653,72.0,29.0,,,79.0,207.0,50.0,91.8,25.4839151266256,3.0,,0.0
Harold Fannin Jr.,TE,CLE,8.345128505216099,14.242987302242398,118.85955933537397,12.304537555603844,73.0,10.0,80.0,5.0,6.0,70.0,-4.0,148.1,22.11635865845312,1.0,,0.0
Quinshon Judkins,RB,CLE,8.909226528554363,13.986532179024364,124.60918353184313,12.04880715583441,74.0,24.0,66.0,24.0,24.0,59.0,0.0,167.8,22.84188911704312,1.0,,0.0
Davante Adams,WR,LA,9.155315800979173,14.064268542135803,128.76282001303022,11.977665480206085,75.0,30.0,68.0,24.0,26.0,54.0,-4.0,157.7,33.686516084873375,12.0,,0.0
Jordan Addison,WR,MIN,9.003171968262262,14.257510890752567,128.36282238881742,11.577667855993283,76.0,31.0,110.0,45.0,47.0,111.0,16.0,134.1,24.594113620807665,3.0,,0.0
David Montgomery,RB,HOU,8.529478776470205,14.516007170035465,123.81397507590681,11.253598699898092,77.0,25.0,61.0,23.0,26.0,65.0,1.0,180.4,29.234770704996578,7.0,,0.0
Bucky Irving,RB,TB,8.957639673501063,13.760877535232364,123.26498255178694,10.704606175778224,78.0,26.0,57.0,22.0,20.0,44.0,-6.0,179.3,24.03559206023272,2.0,,0.0
Kenneth Gainwell,RB,TB,8.042757593935526,15.234014679107954,122.52348724652077,9.963110870512054,79.0,27.0,125.0,37.0,37.0,114.0,10.0,116.2,27.468856947296374,5.0,,0.0
Dalton Kincaid,TE,BUF,7.696841333769217,14.865377103536439,114.41644893256577,7.861427152795642,80.0,11.0,112.0,9.0,10.0,91.0,-1.0,125.6,26.87200547570157,3.0,,0.0
Jared Goff,QB,DET,15.20561979026178,15.07357301544631,229.20302015362637,7.712419759670922,81.0,12.0,65.0,16.0,17.0,141.0,5.0,283.46,31.88227241615332,10.0,,0.0
Dak Prescott,QB,DAL,15.83574435533003,14.43999295126063,228.66803686893093,7.1774364749754795,82.0,13.0,41.0,8.0,11.0,97.0,-2.0,303.88,33.09240246406571,10.0,,0.0
Luther Burden III,WR,CHI,8.394391660307539,14.751603779024684,123.83073973880599,7.045585205981851,83.0,32.0,60.0,22.0,19.0,42.0,-13.0,166.7,22.72142368240931,1.0,,0.0
Michael Wilson,WR,ARI,7.7795017520753875,15.891396089422205,123.627143720584,6.841989187759864,84.0,33.0,91.0,35.0,38.0,82.0,5.0,139.9,26.521560574948666,3.0,,0.0
Zach Charbonnet,RB,SEA,8.09406366446048,14.502473142946979,117.38394091114111,4.823564535132391,85.0,28.0,139.0,40.0,44.0,133.0,16.0,68.8,25.6454483230664,3.0,,0.0
Michael Pittman,WR,PIT,7.770340258372872,15.624241265582967,121.40567091249004,4.620516379665901,86.0,34.0,109.0,44.0,43.0,99.0,9.0,133.5,28.90622861054073,6.0,,0.0
Troy Franklin,WR,DEN,7.6592360887387665,15.5024610774908,118.7370093489856,1.9518548161614575,87.0,35.0,,,69.0,185.0,34.0,70.6,23.567419575633128,2.0,,0.0
Dalton Schultz,TE,HOU,6.946782346172768,15.610183296907227,108.44054574747614,1.885523967706007,88.0,12.0,130.0,18.0,16.0,110.0,4.0,106.0,30.140999315537304,8.0,,0.0
Theo Johnson,TE,NYG,6.851852115285493,15.601397358336353,106.89846749112644,0.34344571135630986,89.0,13.0,156.0,25.0,30.0,164.0,17.0,61.5,25.51129363449692,2.0,,0.0
Blake Corum,RB,LA,8.204836845220534,13.744476483254878,112.77118706807677,0.21081069206805125,90.0,29.0,113.0,35.0,34.0,93.0,5.0,127.8,25.765913757700204,2.0,,0.0
Patrick Mahomes,QB,KC,18.037517673756483,12.27943913347961,221.49060039395545,0.0,91.0,14.0,55.0,13.0,12.0,102.0,-2.0,278.62,30.95687885010267,9.0,,0.0
Sam LaPorta,TE,DET,7.0723628232018285,15.066396400111458,106.55502177977013,0.0,91.0,14.0,94.0,7.0,9.0,90.0,-5.0,144.1,25.634496919917865,3.0,,0.0
Rashid Shaheed,WR,SEA,7.5074281839004176,15.555946946421464,116.78515453282414,0.0,91.0,36.0,145.0,58.0,65.0,177.0,29.0,111.2,28.00273785078713,4.0,,0.0
Rachaad White,RB,WAS,7.576096548008469,14.857304901373979,112.56037637600872,0.0,91.0,30.0,135.0,38.0,43.0,126.0,13.0,106.7,27.63586584531143,4.0,,0.0
Deebo Samuel Sr.,WR,,7.893943196847833,14.738944005174222,116.3483867583662,-0.4367677744579339,95.0,37.0,147.0,60.0,62.0,168.0,25.0,102.9,30.628336755646817,7.0,,0.0
Keenan Allen,WR,,7.672877352374695,15.091419722345506,115.79461260276565,-0.9905419300584839,96.0,38.0,,,94.0,231.0,56.0,76.0,34.34633812457221,13.0,,0.0
Parker Washington,WR,JAX,7.532768707387472,15.32757130752383,115.45904950556559,-1.3261050272585493,97.0,39.0,78.0,30.0,34.0,73.0,-5.0,158.2,24.449007529089663,3.0,,0.0
George Kittle,TE,SF,7.943027516951997,12.942270802580031,102.80081311673759,-3.754208663032543,98.0,15.0,115.0,11.0,8.0,84.0,-7.0,123.4,32.8952772073922,9.0,,0.0
Rhamondre Stevenson,RB,NE,8.169970325452557,13.157420418712002,107.49573438038061,-5.064641995628108,99.0,31.0,81.0,26.0,28.0,74.0,-3.0,157.9,28.52019164955509,5.0,,0.0
DJ Moore,WR,BUF,7.463555027168714,14.904158778271617,111.23800917528985,-5.547145357534291,100.0,40.0,86.0,34.0,32.0,68.0,-8.0,147.5,29.38261464750171,8.0,,0.0
Oronde Gadsden II,TE,LAC,6.283761233809743,15.776673014730747,99.13684628845736,-7.418175491312766,101.0,16.0,119.0,13.0,11.0,92.0,-5.0,122.1,23.18685831622177,1.0,,0.0
Jordan Love,QB,GB,14.808661440701634,14.455837775610437,214.07160746072037,-7.418992933235074,102.0,15.0,67.0,17.0,16.0,137.0,1.0,282.52,27.83025325119781,6.0,,0.0
Jaxson Dart,QB,NYG,15.699237420623218,13.63158923824714,214.00555587165425,-7.4850445223011945,103.0,16.0,42.0,9.0,7.0,83.0,-9.0,300.54,23.30458590006845,1.0,,0.0
J.K. Dobbins,RB,DEN,8.485182922035486,12.332687004838464,104.64510515626431,-7.915271219744412,104.0,32.0,90.0,31.0,29.0,78.0,-3.0,147.2,27.707049965776864,6.0,,0.0
Xavier Worthy,WR,KC,7.574723259533911,14.292089660829296,108.2586239812278,-8.526530551596338,105.0,41.0,126.0,50.0,56.0,139.0,15.0,134.0,23.34839151266256,2.0,,0.0
Rico Dowdle,RB,PIT,7.289964503502675,14.198421627347965,103.50598966913135,-9.054386706877366,106.0,33.0,103.0,33.0,32.0,86.0,-1.0,136.6,28.216290212183434,6.0,,0.0
Tucker Kraft,TE,GB,6.449301343459289,15.077190138511277,97.23734261589192,-9.31767916387821,107.0,17.0,96.0,8.0,5.0,63.0,-12.0,134.8,25.82614647501711,3.0,,0.0
Josh Downs,WR,IND,6.863964615142562,15.558087748357384,106.7901637840081,-9.994990748816036,108.0,42.0,127.0,51.0,52.0,131.0,10.0,132.1,25.05407255304586,3.0,,0.0
Marvin Harrison Jr.,WR,ARI,7.884804913136935,13.465614391416526,106.17374251184845,-10.611412020975692,109.0,43.0,92.0,36.0,36.0,77.0,-7.0,145.7,24.057494866529773,2.0,,0.0
Chris Godwin Jr.,WR,TB,8.280063550519863,12.800697414178973,105.99058808037718,-10.794566452446958,110.0,44.0,104.0,41.0,42.0,98.0,-2.0,139.6,30.510609171800137,9.0,,0.0
Khalil Shakir,WR,BUF,6.783688693994821,15.52018121848401,105.28407786058075,-11.501076672243386,111.0,45.0,120.0,49.0,48.0,113.0,3.0,132.0,26.576317590691307,4.0,,0.0
Garrett Wilson,WR,NYJ,7.988719146716512,13.104749997420912,104.6901672173296,-12.094987315494535,112.0,46.0,58.0,21.0,17.0,38.0,-29.0,188.1,26.11088295687885,4.0,,0.0
Malik Nabers,WR,NYG,9.170588797138073,11.408900015429944,104.62633066917024,-12.158823863653893,113.0,47.0,47.0,17.0,10.0,25.0,-37.0,191.6,23.096509240246405,2.0,,0.0
Mark Andrews,TE,BAL,6.03839331980347,15.581128586646223,94.08498277260344,-12.47003900716669,114.0,18.0,122.0,15.0,15.0,108.0,-3.0,127.8,30.98699520876112,8.0,,0.0
Jayden Higgins,WR,HOU,6.608637839691198,15.76616228162565,104.19285664106339,-12.59229789176075,115.0,48.0,129.0,52.0,59.0,147.0,11.0,135.2,23.71252566735113,1.0,,0.0
Cam Ward,QB,TEN,13.071546955483,15.912966661227353,208.00709091326888,-13.483509480686564,116.0,17.0,,,25.0,196.0,8.0,227.84,24.27104722792608,1.0,,0.0
Rome Odunze,WR,CHI,7.6163757792646525,13.533828292033842,103.07872200417326,-13.706432528650879,117.0,49.0,77.0,29.0,23.0,47.0,-26.0,156.7,24.246406570841888,2.0,,0.0
Chuba Hubbard,RB,CAR,7.060518737485883,13.91164031844017,98.2233971375109,-14.336979238497818,118.0,34.0,87.0,28.0,33.0,88.0,-1.0,159.1,27.225188227241617,5.0,,0.0
AJ Barner,TE,SEA,5.632942718981717,16.253790453240676,91.5566705894366,-14.998351190333523,119.0,19.0,137.0,20.0,23.0,144.0,4.0,113.4,24.331279945242983,2.0,,0.0
Tyrone Tracy Jr.,RB,NYG,6.745143788481289,14.374802114941883,96.96010719624793,-15.600269179760787,120.0,35.0,143.0,42.0,47.0,140.0,12.0,100.8,26.77344284736482,2.0,,0.0
Jerry Jeudy,WR,CLE,6.5019963445330395,15.414432683321444,100.22458496000664,-16.5605695728175,121.0,50.0,160.0,63.0,64.0,176.0,14.0,98.1,27.35660506502396,6.0,,0.0
Jacory Croskey-Merritt,RB,WAS,7.803484535098719,12.245104622209297,95.5544845500761,-17.005891825932622,122.0,36.0,136.0,39.0,42.0,124.0,6.0,118.4,25.388090349075977,1.0,,0.0
Jake Ferguson,TE,DAL,5.551822993187294,16.07539846129979,89.24776680209182,-17.307254977678312,123.0,20.0,128.0,17.0,14.0,107.0,-6.0,124.8,27.61943874058864,4.0,,0.0
Trey Benson,RB,ARI,7.9255053287897,11.703466760445277,92.75588817522217,-19.80448820078655,124.0,37.0,166.0,51.0,50.0,151.0,13.0,25.7,24.109514031485283,2.0,,0.0
Joe Mixon,RB,,10.072975715415275,9.078939181180731,91.45193389376574,-21.108442482242978,125.0,38.0,,,64.0,193.0,26.0,25.4,30.105407255304584,9.0,,0.0
Jauan Jennings,WR,MIN,7.19911237923212,13.237916553617616,95.30124893639038,-21.483905596433758,126.0,51.0,142.0,57.0,57.0,142.0,6.0,108.1,29.144421629021217,6.0,,0.0
Kyle Monangai,RB,CHI,6.919413486198828,13.153247497617416,91.01275812232494,-21.54761825368378,127.0,39.0,100.0,32.0,30.0,80.0,-9.0,143.1,24.23819301848049,1.0,,0.0
Terry McLaurin,WR,WAS,7.370829981659354,12.916144994337808,95.2027087717245,-21.582445761099635,128.0,52.0,75.0,28.0,27.0,55.0,-25.0,165.6,30.96235455167693,7.0,,0.0
Lamar Jackson,QB,BAL,17.37562958914964,11.447024105073718,198.89925074782806,-22.591349646127384,129.0,18.0,27.0,4.0,2.0,37.0,-16.0,320.0,29.648186173853524,8.0,,0.0
Ricky Pearsall,WR,SF,7.023396168988894,13.314521373604274,93.513158407293,-23.271996125531132,130.0,53.0,107.0,43.0,41.0,96.0,-12.0,139.7,25.976728268309376,2.0,,0.0
Woody Marks,RB,HOU,6.048866427633908,14.745142018591219,89.1913945269505,-23.368981849058216,131.0,40.0,153.0,45.0,46.0,138.0,6.0,74.3,25.67282683093772,1.0,,0.0
Jordan Mason,RB,MIN,6.564017431861063,13.522670140994192,88.76304253079297,-23.797333845215746,132.0,41.0,141.0,41.0,48.0,146.0,7.0,118.0,27.274469541409992,4.0,,0.0
Jonathon Brooks,RB,CAR,6.8097382601244325,13.019429497032467,88.65890717093458,-23.901469205074136,133.0,42.0,159.0,49.0,39.0,118.0,-3.0,24.3,23.11567419575633,2.0,,0.0
Tua Tagovailoa,QB,ATL,15.287956684584554,12.921223464496787,197.53910463706444,-23.951495756891006,134.0,19.0,,,32.0,243.0,13.0,137.94,28.501026694045173,6.0,,0.0
Christian Watson,WR,GB,6.8339413048424005,13.581739817999274,92.81681273384795,-23.968341798976184,135.0,54.0,82.0,32.0,29.0,62.0,-25.0,159.9,27.307323750855577,4.0,,0.0
Keon Coleman,WR,BUF,6.5455088933897825,14.095101905184594,92.25961487362102,-24.52553965920312,136.0,55.0,,,95.0,232.0,40.0,31.8,23.29363449691992,2.0,,0.0
Tyjae Spears,RB,TEN,6.31034688173438,13.919448856186646,87.83655068509859,-24.723825690910132,137.0,43.0,155.0,46.0,52.0,155.0,9.0,97.1,25.21286789869952,3.0,,0.0
Brenton Strange,TE,JAX,5.468455386744505,14.917811158465927,81.5773847879503,-24.977636991819836,138.0,21.0,132.0,19.0,18.0,117.0,-3.0,124.8,25.67830253251197,3.0,,0.0
Jakobi Meyers,WR,JAX,6.26677341798165,14.508117191653096,90.91908316161421,-25.866071371209927,139.0,56.0,111.0,46.0,40.0,87.0,-16.0,137.3,29.80971937029432,7.0,,0.0
Kimani Vidal,RB,LAC,6.70311777997374,12.905376473371803,86.50625849591333,-26.05411788009539,140.0,44.0,176.0,56.0,56.0,173.0,12.0,32.2,25.010266940451743,2.0,,0.0
Tre Harris,WR,LAC,5.654714386220823,15.881678541066668,89.80635612350422,-26.97879840931992,141.0,57.0,,,73.0,194.0,16.0,93.4,24.50650239561944,1.0,,0.0
Travis Hunter,WR,JAX,7.552731785696029,11.758355138516709,88.80770260217739,-27.97745193064675,142.0,58.0,146.0,59.0,49.0,125.0,-9.0,83.1,23.290896646132783,1.0,,0.0
Elic Ayomanor,WR,TEN,5.7621870522963965,15.298016660060474,88.15003352441504,-28.6351210084091,143.0,59.0,,,77.0,201.0,18.0,46.7,23.24709103353868,1.0,,0.0
Cole Kmet,TE,CHI,4.939267515380564,15.533038360281594,76.72183178809907,-29.833189991671063,144.0,22.0,,,,,,,27.479808350444905,6.0,,0.0
Pat Bryant,WR,DEN,5.662649046036411,15.33608404305261,86.8428616763261,-29.942292856498042,145.0,60.0,,,70.0,186.0,10.0,78.9,23.72621492128679,1.0,,0.0
Cooper Kupp,WR,SEA,5.670094514096939,15.245015887429037,86.44068095063206,-30.34447358219208,146.0,61.0,,,96.0,233.0,35.0,70.4,33.21286789869952,9.0,,0.0
Matthew Golden,WR,GB,6.324125948656417,13.563366397737829,85.77643738706831,-31.008717145755824,147.0,62.0,133.0,54.0,54.0,134.0,-8.0,132.3,23.08555783709788,1.0,,0.0
Bryce Young,QB,CAR,12.809958917083229,14.831856253745748,189.995469274567,-31.495131119388446,148.0,20.0,,,27.0,205.0,7.0,225.26,25.10335386721424,3.0,,0.0
Brian Robinson,RB,ATL,6.34577231283973,12.72208596861695,80.73146090121627,-31.828915474792453,149.0,45.0,158.0,48.0,45.0,135.0,0.0,63.4,27.44695414099932,4.0,,0.0
T.J. Hockenson,TE,MIN,4.920929391423948,15.183953597696977,74.71916353692444,-31.83585824284569,150.0,23.0,150.0,23.0,24.0,149.0,1.0,103.0,29.163586584531146,7.0,,0.0
Tank Bigsby,RB,PHI,7.2891767102997225,10.977099196866464,80.01401581244882,-32.5463605635599,151.0,46.0,177.0,57.0,58.0,178.0,12.0,53.2,25.00479123887748,3.0,,0.0
Colby Parkinson,TE,LA,4.698284801340616,15.545436498027456,73.03688802888809,-33.51813375088204,152.0,24.0,164.0,27.0,26.0,158.0,2.0,67.2,27.64955509924709,6.0,,0.0
Emanuel Wilson,RB,SEA,5.838033200007843,13.469297077607672,78.63420351984222,-33.9261728561665,153.0,47.0,,,63.0,190.0,16.0,51.0,27.318275154004105,3.0,,0.0
James Conner,RB,ARI,8.245785936618589,9.525348345213544,78.54398342635498,-34.016392949653735,154.0,48.0,157.0,47.0,41.0,121.0,-7.0,53.8,31.326488706365502,9.0,,0.0
Alvin Kamara,RB,NO,6.1064062032325905,12.834311924992223,78.37152195299451,-34.188854423014206,155.0,49.0,170.0,53.0,51.0,154.0,2.0,40.9,31.1047227926078,9.0,,0.0
Mason Taylor,TE,NYJ,4.943072412090638,14.564576919701478,71.99375836554842,-34.56126341422171,156.0,25.0,169.0,30.0,27.0,159.0,2.0,60.8,22.31622176591376,1.0,,0.0
Dawson Knox,TE,BUF,4.4726346330142315,16.049279570149665,71.78256364037915,-34.77245813939098,157.0,26.0,,,,,,,29.79603011635865,7.0,,0.0
Cade Otton,TE,TB,4.454281577835753,15.928387932646865,70.94952493301025,-35.60549684675988,158.0,27.0,161.0,26.0,31.0,166.0,4.0,100.0,27.381245722108144,4.0,,0.0
Chig Okonkwo,TE,WAS,4.282014242798677,16.496124244223267,70.6366389647406,-35.91838281502953,159.0,28.0,154.0,24.0,22.0,143.0,-6.0,95.9,26.981519507186857,4.0,,0.0
Aaron Jones,RB,MIN,6.290708247232572,12.075676223996195,75.96455601320315,-36.59582036280557,160.0,50.0,123.0,36.0,36.0,112.0,-14.0,136.8,31.74811772758385,9.0,,0.0
Chimere Dike,WR,TEN,5.048457947181798,15.866008018431769,80.098874270702,-36.68628026212214,161.0,63.0,,,71.0,188.0,8.0,70.4,24.71457905544148,1.0,,0.0
Mike Evans,WR,SF,6.746496063703936,11.845561729947452,79.91603558345247,-36.86911894937167,162.0,64.0,74.0,27.0,22.0,46.0,-42.0,173.0,33.02943189596167,12.0,,0.0
Bhayshul Tuten,RB,JAX,6.098299089125558,12.39398556558607,75.58223088524885,-36.97814549075987,163.0,51.0,88.0,29.0,22.0,53.0,-29.0,152.9,24.54483230663929,1.0,,0.0
Jayden Reed,WR,GB,6.9547169098851676,11.120017029066984,77.33657047026318,-39.448584062560954,164.0,65.0,131.0,53.0,55.0,136.0,-10.0,136.8,26.34360027378508,3.0,,0.0
Jaylin Noel,WR,HOU,4.84381567482807,15.838796011905783,76.72020839287356,-40.06494613995058,165.0,66.0,,,81.0,213.0,15.0,67.4,23.991786447638603,1.0,,0.0
Brandon Aiyuk,WR,,7.160893115474434,10.68970630520505,76.5478442873865,-40.23731024543764,166.0,67.0,,,72.0,189.0,5.0,106.3,28.459958932238195,6.0,,0.0
Adonai Mitchell,WR,NYJ,4.795652880340677,15.579419649753925,74.71348871737855,-42.071665815445584,167.0,68.0,179.0,66.0,66.0,179.0,-2.0,52.2,23.89869952087611,2.0,,0.0
Michael Mayer,TE,LV,4.1756916616218716,15.295246608360024,63.86823372497916,-42.686788054790966,168.0,29.0,,,,,,,25.155373032169745,3.0,,0.0
Pat Freiermuth,TE,PIT,3.9102345596400196,16.215856969042758,63.407804334530454,-43.147217445239676,169.0,30.0,,,,,,,27.852156057494867,5.0,,0.0
Tyler Allgeier,RB,ARI,5.091792363077603,13.595103713886482,69.22344526561515,-43.336931110393564,170.0,52.0,151.0,44.0,38.0,116.0,-14.0,67.8,26.379192334017795,4.0,,0.0
Chris Rodriguez Jr.,RB,JAX,6.166532798275228,11.218822873774068,69.18123920916814,-43.37913716684058,171.0,53.0,149.0,43.0,57.0,174.0,4.0,125.0,26.93223819301848,3.0,,0.0
Isaiah Bond,WR,CLE,5.1212657239688655,14.289072771134437,73.17813861010761,-43.60701592271653,172.0,69.0,,,,,,,22.46406570841889,1.0,,0.0
David Njoku,TE,LAC,4.396146428274166,14.201678399516688,62.43265777153366,-44.12236400823647,173.0,31.0,165.0,28.0,25.0,150.0,-6.0,64.2,30.143737166324435,9.0,,0.0
Mike Gesicki,TE,CIN,4.283113664110557,14.4330868647739,61.81855156580769,-44.73647021396244,174.0,32.0,,,,,,,30.91307323750856,8.0,,0.0
Kayshon Boutte,WR,NE,5.2033002309543015,13.705013083012522,71.31129774007078,-45.47385679275335,175.0,70.0,,,67.0,181.0,-3.0,79.1,24.32032854209445,3.0,,0.0
Xavier Legette,WR,CAR,4.816818544400379,14.782906469495067,71.20657802240017,-45.57857651042397,176.0,71.0,,,,,,,25.587953456536617,2.0,,0.0
Kaleb Johnson,RB,PIT,6.386563981375012,10.480247322189296,66.93277006379608,-45.627606312212635,177.0,54.0,,,70.0,210.0,16.0,29.5,23.04996577686516,1.0,,0.0
Marvin Mims Jr.,WR,DEN,5.034578764858738,14.103093731153677,71.00313621767869,-45.78201831514545,178.0,72.0,,,82.0,215.0,10.0,56.4,24.45448323066393,3.0,,0.0
Noah Fant,TE,NO,4.128569170548899,14.706858851117701,60.718284048338745,-45.836737731431384,179.0,33.0,,,,,,,28.78028747433265,7.0,,0.0
Geno Smith,QB,NYJ,13.314052382767755,13.181067447844235,175.49342246139304,-45.99717793256241,180.0,21.0,,,,,,,35.893223819301845,13.0,,0.0
Tyreek Hill,WR,,6.817844233220062,10.330622407063531,70.43257440357205,-46.35258012925209,181.0,73.0,163.0,64.0,61.0,165.0,-12.0,97.9,32.50376454483231,10.0,,0.0
Tommy Tremble,TE,CAR,3.709557191909985,16.13780765947887,59.86412046487988,-46.69090131489025,182.0,34.0,,,,,,,26.24777549623545,5.0,,0.0
Evan Engram,TE,DEN,4.0215515412833875,14.837274252061329,59.66886313682156,-46.88615864294857,183.0,35.0,,,,,,,31.99726214921287,9.0,,0.0
Calvin Austin III,WR,NYG,4.973543926526005,13.975192326981624,69.50623291989228,-47.27892161293185,184.0,74.0,,,,,,,27.44147843942505,4.0,,0.0
Jalen Coker,WR,CAR,5.416535566113911,12.795727420196652,69.30851266579417,-47.47664186702997,185.0,75.0,134.0,55.0,51.0,129.0,-24.0,133.9,24.83778234086242,2.0,,0.0
Andrei Iosivas,WR,CIN,4.473876735765599,15.388034284938675,68.84416859655056,-47.94098593627358,186.0,76.0,,,,,,,26.88021902806297,3.0,,0.0
Marquise Brown,WR,PHI,4.549255203303857,15.033445002804262,68.39097790258965,-48.39417663023448,187.0,77.0,,,,,,,29.24298425735797,7.0,,0.0
Daniel Jones,QB,IND,14.522738154134359,11.903806332929191,172.87586241065696,-48.61473798329848,188.0,22.0,,,26.0,204.0,4.0,231.52,29.26488706365503,7.0,,0.0
Devin Singletary,RB,NYG,4.705073236127217,13.548466752380534,63.74652830718509,-48.81384806882363,189.0,55.0,,,,,,,28.993839835728952,7.0,,0.0
Jeremiyah Love,RB,ARI,4.3225199735732245,14.684203838197009,63.472764386627176,-49.08761198938154,190.0,56.0,50.0,19.0,12.0,20.0,-44.0,212.5,21.253935660506503,0.0,,0.0
Michael Carter,RB,TEN,4.737122027018912,13.397910582073715,63.467537334371166,-49.09283904163755,191.0,57.0,,,,,,,27.32101300479124,5.0,,0.0
DeMario Douglas,WR,NE,4.4836233699187265,15.092312108144442,67.66824327418378,-49.11691125864036,192.0,78.0,,,,,,,25.730321697467488,3.0,,0.0
Isaac TeSlaa,WR,DET,4.2009122699500505,16.093618003909402,67.60787734051205,-49.17727719231209,193.0,79.0,,,76.0,200.0,-3.0,88.9,24.52840520191649,1.0,,0.0
Jahan Dotson,WR,ATL,4.31738448650323,15.485194091648177,66.85553674177332,-49.929617791050816,194.0,80.0,,,,,,,26.444900752908968,4.0,,0.0
Jalen McMillan,WR,TB,5.604375680945762,11.638571496455592,65.22692705568424,-51.558227477139894,195.0,81.0,,,68.0,182.0,-13.0,98.4,24.733744010951405,2.0,,0.0
Jake Tonges,TE,SF,3.559895852061898,15.373466733300425,54.72794045568776,-51.82708132408237,196.0,36.0,,,33.0,191.0,-3.0,55.8,27.15126625598905,4.0,,0.0
Jack Bech,WR,LV,4.317668875522553,14.881962338830133,64.2553855970657,-52.52976893575844,197.0,82.0,,,97.0,235.0,15.0,71.7,23.704312114989733,1.0,,0.0
John Metchie III,WR,CAR,4.255301718694078,15.055640122056525,64.06629128742665,-52.718863245397486,198.0,83.0,,,,,,,26.12183436002738,4.0,,0.0
Dylan Sampson,RB,CLE,4.226919318759203,14.108127855072514,59.63391818213084,-52.92645819387788,199.0,58.0,167.0,52.0,53.0,161.0,-5.0,77.2,21.96303901437372,1.0,,0.0
Luke Musgrave,TE,GB,3.2575927356929784,16.21719016988928,52.8290008907829,-53.72602088898723,200.0,37.0,,,,,,,25.9958932238193,3.0,,0.0
Tyquan Thornton,WR,KC,4.892206079574973,12.794519405307629,62.59342561988595,-54.19172891293819,201.0,84.0,,,,,,,26.067077344284737,4.0,,0.0
Tyler Higbee,TE,LA,3.993955320703827,13.091543393881699,52.28703939421885,-54.26798238555128,202.0,38.0,,,,,,,33.66461327857632,10.0,,0.0
Darnell Mooney,WR,NYG,4.3272266645292685,14.384973442025297,62.24704064687724,-54.5381138859469,203.0,85.0,,,83.0,217.0,-2.0,49.1,28.84052019164956,6.0,,0.0
Trevor Etienne,RB,CAR,4.915695573886737,11.800586742759803,58.008092020650864,-54.552284355357855,204.0,59.0,,,,,,,22.14647501711157,1.0,,0.0
Rashod Bateman,WR,BAL,4.673141727504097,13.315188934891896,62.223765021244155,-54.56138951157998,205.0,86.0,,,93.0,229.0,7.0,70.1,26.757015742642025,5.0,,0.0
Jarquez Hunter,RB,LA,5.138290158235254,11.245787826171558,57.78412090881915,-54.77625546718957,206.0,60.0,,,76.0,230.0,16.0,8.6,23.67419575633128,1.0,,0.0
Tank Dell,WR,HOU,5.665567422276433,10.933735059215437,61.94581315529266,-54.839341377531476,207.0,87.0,,,80.0,209.0,-7.0,80.8,26.84188911704312,3.0,,0.0
Ray Davis,RB,BUF,4.43184705987755,12.949861169714449,57.391804150821436,-55.16857222518728,208.0,61.0,,,65.0,198.0,4.0,53.5,26.781656399726216,2.0,,0.0
Samaje Perine,RB,CIN,4.580769718287112,12.497474428899118,57.24805241896859,-55.31232395704013,209.0,62.0,,,,,,,30.9596167008898,9.0,,0.0
Cedric Tillman,WR,CLE,4.488602127669913,13.683032622442994,61.41768934207445,-55.367465190749684,210.0,88.0,,,,,,,26.368240930869263,3.0,,0.0
Kyle Williams,WR,NE,3.857676817657871,15.842542983573127,61.11541080047841,-55.66974373234573,211.0,89.0,,,85.0,219.0,-4.0,26.2,23.80013689253936,1.0,,0.0
Xavier Hutchinson,WR,HOU,3.860371777047585,15.735406359844063,60.7445186119171,-56.040635920907036,212.0,90.0,,,,,,,26.250513347022583,3.0,,0.0
Mitchell Evans,TE,CAR,2.9311774185813975,17.0,49.83001611588376,-56.72500566388637,213.0,39.0,,,,,,,23.290896646132783,1.0,,0.0
Tez Johnson,WR,TB,4.243484013852381,13.945405901352295,59.17710700907112,-57.608047523753015,214.0,91.0,,,,,,,24.290212183436,1.0,,0.0
Terrance Ferguson,TE,LA,3.2544047719878533,14.742023360608883,47.976511173521956,-58.57851060624817,215.0,40.0,171.0,31.0,29.0,162.0,-11.0,63.4,23.48802190280629,1.0,,0.0
Ollie Gordon II,RB,MIA,3.9721863281283083,13.49399886943562,53.60067782095102,-58.9596985550577,216.0,63.0,,,,,,,22.628336755646817,1.0,,0.0
Emari Demercado,RB,KC,5.108486636284529,10.490519151876525,53.59067689504814,-58.96969948096058,217.0,64.0,,,,,,,27.61396303901437,3.0,,0.0
Isiah Pacheco,RB,DET,4.657272636174776,11.451062910193082,53.33072194675814,-59.22965442925058,218.0,65.0,,,60.0,183.0,-5.0,48.6,27.50171115674196,4.0,,0.0
Jaylin Lane,WR,WAS,3.909178729109271,14.699259450650093,57.462032378139774,-59.32312215468436,219.0,92.0,,,,,,,24.33675564681725,1.0,,0.0
Isaiah Davis,RB,NYJ,3.806259175369547,13.916337000865536,52.96918539707917,-59.591190978929546,220.0,66.0,,,,,,,24.525667351129364,2.0,,0.0
Tory Horton,WR,SEA,5.29533527396133,10.677980335169426,56.543485923488085,-60.24166860933605,221.0,93.0,,,89.0,224.0,-4.0,88.8,23.756331279945243,1.0,,0.0
Gunnar Helm,TE,TEN,2.877535024370162,16.08191885332477,46.276284759520856,-60.278737020249274,222.0,41.0,168.0,29.0,32.0,169.0,-9.0,94.3,23.98631074606434,1.0,,0.0
J.J. McCarthy,QB,MIN,13.621839400402575,11.834593217578634,161.20892817894972,-60.28167221500573,223.0,23.0,,,29.0,234.0,6.0,19.62,23.61396303901437,2.0,,0.0
Dontayvion Wicks,WR,PHI,4.212790998395997,13.372079024291619,56.333774143375656,-60.45138038944848,224.0,94.0,,,,,,,25.21013004791239,3.0,,0.0
Justice Hill,RB,BAL,4.544558935255518,11.269358907908293,51.214265719535994,-61.346110656472725,225.0,67.0,,,,,,,28.79671457905544,7.0,,0.0
Kendre Miller,RB,NO,6.195430102813318,8.266356731366972,51.213635334104445,-61.346741041904274,226.0,68.0,,,72.0,214.0,4.0,4.6,24.22450376454483,3.0,,0.0
Calvin Ridley,WR,TEN,4.71666973922056,11.720678354602956,55.28256891829319,-61.50258561453095,227.0,95.0,,,74.0,195.0,-21.0,63.8,31.698836413415467,8.0,,0.0
Jalen Nailor,WR,LV,3.437790827989385,15.766831744817038,54.20306955878389,-62.58208497404025,228.0,96.0,,,87.0,221.0,-9.0,116.1,27.50171115674196,4.0,,0.0
Dyami Brown,WR,WAS,4.253681655754894,12.679539997235135,53.93472668964956,-62.85042784317458,229.0,97.0,,,,,,,26.833675564681723,5.0,,0.0
Elijah Arroyo,TE,SEA,2.963200738079304,14.704989092365944,43.57383453194688,-62.98118724782325,230.0,42.0,,,,,,,23.408624229979463,1.0,,0.0
Darius Slayton,WR,NYG,4.074715249985063,13.084762307259371,53.3166805158195,-63.46847401700464,231.0,98.0,,,,,,,29.634496919917865,7.0,,0.0
Sean Tucker,RB,TB,4.449685282397886,10.906314586121507,48.529667499066264,-64.03070887694246,232.0,69.0,,,61.0,184.0,-8.0,48.5,24.851471594798085,3.0,,0.0
Darnell Washington,TE,PIT,2.6638951942573015,15.89387491256408,42.33961699770614,-64.21540478206398,233.0,43.0,,,,,,,25.0403832991102,3.0,,0.0
Najee Harris,RB,,7.137121941705314,6.75305969340282,48.19741051143103,-64.36296586457769,234.0,70.0,,,68.0,203.0,-2.0,47.5,28.48186173853525,5.0,,0.0
Roman Wilson,WR,PIT,4.0933832147369245,12.77414761559729,52.28948143225765,-64.49567310056648,235.0,99.0,,,,,,,25.201916495551,2.0,,0.0
Greg Dulcich,TE,MIA,2.9116658746707613,14.371834957698297,41.84598140273044,-64.70904037703968,236.0,44.0,,,,,,,26.43394934976044,4.0,,0.0
Isaiah Likely,TE,NYG,2.8653977101736987,14.601795156029345,41.83995040451189,-64.71507137525825,237.0,45.0,140.0,21.0,21.0,130.0,-24.0,121.7,26.3709787816564,4.0,,0.0
Devin Neal,RB,NO,4.495749323803741,10.634850098774823,47.81162014032106,-64.74875623568767,238.0,71.0,,,67.0,202.0,-4.0,28.4,23.055441478439427,1.0,,0.0
Audric Estimé,RB,NO,5.03027722873639,9.494697621435018,47.76096123884213,-64.79941513716659,239.0,72.0,,,75.0,225.0,3.0,21.1,22.98699520876112,2.0,,0.0
Ja'Tavion Sanders,TE,CAR,2.782506844986412,14.625645329796352,40.6959582425019,-65.85906353726823,240.0,46.0,,,,,,,23.43326488706365,2.0,,0.0
DJ Giddens,RB,IND,5.51792869692064,8.449798054783662,46.62538316967497,-65.93499320633376,241.0,73.0,,,,,,,23.017111567419576,1.0,,0.0
Bam Knight,RB,ARI,3.830459417198404,12.061385425518536,46.200647387637055,-66.35972898837167,242.0,74.0,,,,,,,25.39082819986311,4.0,,0.0
Ja'Lynn Polk,WR,NO,4.213275300382853,11.838728045367075,49.87982046149487,-66.90533407132926,243.0,100.0,,,,,,,24.39151266255989,2.0,,0.0
Carnell Tate,WR,TEN,3.276589595503896,15.188763513007107,49.76734449528829,-67.01781003753584,244.0,101.0,93.0,37.0,28.0,60.0,-73.0,154.8,21.61533196440794,0.0,,0.0
Ryan Flournoy,WR,DAL,3.39456688341309,14.64532774385314,49.714544556014815,-67.07060997680932,245.0,102.0,,,88.0,222.0,-14.0,94.0,26.847364818617383,2.0,,0.0
Jeremy Ruckert,TE,NYJ,2.394365388822759,16.38775157605781,39.23826517433844,-67.31675660543169,246.0,47.0,,,,,,,26.05612594113621,4.0,,0.0
Olamide Zaccheaus,WR,ATL,3.307605602770058,14.748956466744385,48.783731044415404,-68.00142348840873,247.0,103.0,,,,,,,29.1088295687885,7.0,,0.0
LeQuint Allen Jr.,RB,JAX,3.878982583939037,11.372774890727252,44.11479573219019,-68.44558064381853,248.0,75.0,,,,,,,22.072553045859,1.0,,0.0
Kenyon Sadiq,TE,NYJ,2.4917431345990764,15.161948493304742,37.7796810653369,-68.77534071443323,249.0,48.0,144.0,22.0,20.0,122.0,-28.0,109.4,21.49486652977413,0.0,,0.0
Jackson Hawes,TE,BUF,2.305168093864041,16.37478197765323,37.74662495886615,-68.80839682090398,250.0,49.0,,,,,,,25.73579739904175,1.0,,0.0
Albert Okwuegbunam,TE,LV,3.2188879450017764,11.677940758077334,37.589982728620036,-68.96503905115009,251.0,50.0,,,,,,,28.35318275154004,6.0,,0.0
Malik Washington,WR,MIA,3.049506748289511,15.660437502125314,47.75660984389727,-69.02854468892687,252.0,104.0,,,,,,,25.86447638603696,2.0,,0.0
Adam Thielen,WR,MIN,3.635613115996341,13.03317644418975,47.383587223590816,-69.40156730923331,253.0,105.0,,,,,,,36.02737850787132,12.0,,0.0
Jordan James,RB,SF,3.8031468211701633,11.250341397385842,42.78670012254706,-69.77367625346166,254.0,76.0,,,,,,,22.42573579739904,1.0,,0.0
Jalen Tolbert,WR,MIA,3.6067879960530473,12.986942172248025,46.84114713229926,-69.94400740052487,255.0,106.0,,,,,,,27.509924709103355,4.0,,0.0
Malik Davis,RB,DAL,4.339746363287772,9.759376157911277,42.35321718925285,-70.20715918675586,256.0,77.0,,,,,,,27.76454483230664,4.0,,0.0
Jalen Reagor,WR,MIA,4.443197469569287,10.465691927148976,46.50113588800004,-70.2840186448241,257.0,107.0,,,,,,,27.66324435318275,6.0,,0.0
Dont'e Thornton Jr.,WR,LV,3.1255886943224374,14.875767092649788,46.49552944415993,-70.28962508866421,258.0,108.0,,,,,,,23.753593429158112,1.0,,0.0
Josh Palmer,WR,BUF,3.5660601138679477,13.030653793034643,46.468094748962926,-70.31705978386121,259.0,109.0,,,,,,,26.94318959616701,5.0,,0.0
Jerome Ford,RB,WAS,3.682790927050324,11.419778544675118,42.056656813253475,-70.50371956275524,260.0,78.0,,,,,,,26.97056810403833,4.0,,0.0
Ameer Abdullah,RB,JAX,4.381070422927598,9.597829342359802,42.048766256119166,-70.51161011988955,261.0,79.0,,,,,,,33.21834360027378,11.0,,0.0
Austin Hooper,TE,ATL,2.4143476748623005,14.824267729382314,35.79093632397042,-70.76408545579972,262.0,51.0,,,,,,,31.84120465434634,10.0,,0.0
David Sills,WR,TB,3.0366563495896397,15.10391809288036,45.86540878042698,-70.91974575239715,263.0,110.0,,,,,,,31.260780287474333,5.0,,0.0
Josh Oliver,TE,MIN,2.4094252245084617,14.743612369539477,35.52363154354339,-71.03139023622674,264.0,52.0,,,,,,,29.44832306639288,7.0,,0.0
Brashard Smith,RB,KC,3.4929889802202654,11.687665919855698,40.82488826255191,-71.73548811345681,265.0,80.0,,,73.0,216.0,-7.0,17.9,23.392197125256672,1.0,,0.0
Tanner Hudson,TE,CIN,2.873703415125161,12.114987902305687,34.81488210905586,-71.74013967071427,266.0,53.0,,,,,,,31.802874743326488,7.0,,0.0
Ben Sinnott,TE,WAS,2.17769387379717,15.968139385099294,34.773719314870036,-71.7813024649001,267.0,54.0,,,,,,,24.216290212183434,2.0,,0.0
Jordan Whittington,WR,LA,2.9856933647733865,15.021611292798259,44.84992516511274,-71.9352293677114,268.0,111.0,,,,,,,25.916495550992472,2.0,,0.0
Jaylen Wright,RB,MIA,4.254017063385879,9.536751907148902,40.569505342289254,-71.99087103371946,269.0,81.0,,,69.0,208.0,-12.0,41.1,23.419575633127995,2.0,,0.0
K.C. Concepcion,WR,CLE,2.905750646806675,15.402534610421064,44.75592490669321,-72.02922962613093,270.0,112.0,138.0,56.0,50.0,128.0,-62.0,122.2,21.9356605065024,0.0,,0.0
Kendrick Bourne,WR,ARI,3.151908297817565,14.077429166627459,44.3707658022321,-72.41438873059204,271.0,113.0,,,,,,,31.077344284736483,9.0,,0.0
Theo Wease Jr.,WR,MIA,5.892869079582551,7.481269080690823,44.086139241639934,-72.6990152911842,272.0,114.0,,,,,,,25.1854893908282,1.0,,0.0
Will Shipley,RB,PHI,3.138863950358066,12.696635302765742,39.85301084269496,-72.70736553331376,273.0,82.0,,,,,,,24.0082135523614,2.0,,0.0
Daniel Bellinger,TE,TEN,2.0886113639628743,15.970762913879392,33.35671691308533,-73.1983048666848,274.0,55.0,,,,,,,25.94113620807666,4.0,,0.0
MarShawn Lloyd,RB,GB,3.906394387204796,10.062676144058468,39.3087816094096,-73.25159476659911,275.0,83.0,,,,,,,25.65366187542779,2.0,,0.0
Ty Johnson,RB,BUF,2.837712441603322,13.761182184050451,39.05027789484994,-73.51009848115878,276.0,84.0,,,,,,,28.955509924709105,7.0,,0.0
Keaton Mitchell,RB,LAC,3.846186437758266,10.11544935032214,38.905904103039674,-73.65447227296904,277.0,85.0,173.0,54.0,59.0,180.0,-26.0,87.9,24.621492128678987,3.0,,0.0
Tutu Atwell,WR,MIA,3.8246609872845796,11.240423379585094,42.9908087804606,-73.79434575236354,278.0,115.0,,,,,,,26.902121834360027,5.0,,0.0
Treylon Burks,WR,WAS,3.7098006217281596,11.549640707627265,42.84686427789249,-73.93829025493164,279.0,116.0,,,,,,,26.44216290212184,4.0,,0.0
Davis Allen,TE,LA,1.9947777673857574,16.265081181622133,32.4452223258243,-74.10979945394584,280.0,56.0,,,,,,,25.57426420260096,3.0,,0.0
Jeremy McNichols,RB,WAS,2.7182431045819677,14.113440747925827,38.363762994975545,-74.19661338103317,281.0,86.0,,,,,,,30.68309377138946,9.0,,0.0
C.J. Stroud,QB,HOU,12.918781142897064,11.386505571952963,147.09977346643828,-74.39082692751717,282.0,24.0,105.0,23.0,22.0,172.0,-2.0,234.2,24.91170431211499,3.0,,0.0
Tyrell Shavers,WR,BUF,2.7957855382590666,15.133393432758563,42.30972250409112,-74.47543202873302,283.0,117.0,,,,,,,27.03901437371664,2.0,,0.0
KaVontae Turpin,WR,DAL,3.2229585919972426,13.1274307173741,42.309165621409385,-74.47598891141476,284.0,118.0,,,,,,,30.0807665982204,4.0,,0.0
Mack Hollins,WR,NE,2.893076069066457,14.620602795804565,42.29851606386833,-74.48663846895582,285.0,119.0,,,,,,,32.95824777549623,9.0,,0.0
Noah Gray,TE,KC,2.0664324037314694,15.466886647978978,31.96127575422537,-74.59374602554476,286.0,57.0,,,,,,,27.34017796030116,5.0,,0.0
Adam Trautman,TE,DEN,1.964880653098814,16.18481028566791,31.80122060438357,-74.75380117538656,287.0,58.0,,,,,,,29.56878850102669,6.0,,0.0
Elijah Higgins,TE,ARI,1.9995314612779564,15.898643216735184,31.78983730349537,-74.76518447627475,288.0,59.0,,,,,,,25.84531143052704,3.0,,0.0
Isaiah Williams,WR,NYJ,3.259759214392215,12.728981833502221,41.49341582158998,-75.29173871123416,289.0,120.0,,,,,,,25.587953456536617,2.0,,0.0
Odell Beckham Jr.,WR,NYG,4.143698344666117,9.901140058155416,41.02733766928598,-75.75781686353815,290.0,121.0,,,,,,,33.82067077344285,12.0,,0.0
Devaughn Vele,WR,NO,3.297886561134928,12.299077699487318,40.56096305949351,-76.22419147333062,291.0,122.0,,,98.0,237.0,-24.0,74.5,28.720054757015745,2.0,,0.0
Jaret Patterson,RB,LAC,5.160172373474431,7.017689701920143,36.21248852546434,-76.34788785054438,292.0,87.0,,,,,,,26.691307323750856,5.0,,0.0
Makai Lemon,WR,PHI,2.6671140509454436,15.094901996442207,40.25982521235544,-76.5253293204687,293.0,123.0,118.0,48.0,39.0,85.0,-84.0,138.5,22.24777549623545,0.0,,0.0
Ty Chandler,RB,NO,4.926574188777177,7.305193277776659,35.98957664632302,-76.57079972968569,294.0,88.0,,,,,,,28.306639288158795,4.0,,0.0
Jadarian Price,RB,SEA,2.577991136020965,13.855837753175754,35.72022690983174,-76.84014946617698,295.0,89.0,89.0,30.0,25.0,61.0,-64.0,160.5,22.89664613278576,0.0,,0.0
Chris Brooks,RB,GB,2.721257839792973,12.920916907330469,35.16114643138661,-77.3992299446221,296.0,90.0,,,,,,,26.639288158795345,3.0,,0.0
Van Jefferson,WR,WAS,2.5934461062800525,15.084803207351023,39.121624142105354,-77.66353039071879,297.0,124.0,,,,,,,30.09993155373032,6.0,,0.0
Chris Bell,WR,MIA,2.596641750383491,14.829319210291217,38.50642939120611,-78.27872514161803,298.0,125.0,,,92.0,228.0,-33.0,74.7,22.2340862422998,0.0,,0.0
Jonah Coleman,RB,DEN,2.7728559177790104,12.33720379454569,34.20928855055168,-78.35108782545703,299.0,91.0,162.0,50.0,40.0,120.0,-51.0,54.9,23.033538672142367,0.0,,0.0
Demarcus Robinson,WR,SF,3.03644828829047,12.6209019380233,38.322716086392724,-78.4624384464314,300.0,126.0,,,,,,,31.94524298425736,10.0,,0.0
Israel Abanikanda,RB,DAL,3.4873054758013504,9.64157857022967,33.623129743330885,-78.93724663267784,301.0,92.0,,,,,,,23.906913073237508,3.0,,0.0
Jordyn Tyson,WR,NO,2.5198458174569254,14.96361097727512,37.705992535139245,-79.07916199768489,302.0,127.0,105.0,42.0,30.0,66.0,-97.0,145.6,22.05338809034908,0.0,,0.0
Braelon Allen,RB,NYJ,5.027770875419866,6.641240057054509,33.39063333553043,-79.1697430404783,303.0,93.0,180.0,59.0,54.0,167.0,-39.0,48.8,22.61464750171116,2.0,,0.0
JuJu Smith-Schuster,WR,NYG,2.5022227352182496,15.008419718083779,37.554409038287105,-79.23074549453703,304.0,128.0,,,,,,,29.7741273100616,9.0,,0.0
Luke McCaffrey,WR,WAS,3.745062040134263,9.999314672344063,37.44805380675333,-79.33710072607082,305.0,129.0,,,,,,,25.415468856947296,2.0,,0.0
Dameon Pierce,RB,PHI,6.3107262461059825,5.264006408563288,33.21970340219043,-79.34067297381829,306.0,94.0,,,,,,,26.5325119780972,4.0,,0.0
Kyle Juszczyk,RB,SF,4.174363380826093,7.918912306087292,33.0564175465039,-79.50395882950482,307.0,95.0,,,,,,,35.35934291581109,13.0,,0.0
AJ Dillon,RB,CAR,4.246815272608735,7.730904210838554,32.83172207366435,-79.72865430234437,308.0,96.0,,,,,,,28.33401779603012,6.0,,0.0
Julius Chestnut,RB,TEN,4.043343601346198,8.11646941839953,32.81767468840784,-79.74270168760088,309.0,97.0,,,,,,,25.848049281314168,4.0,,0.0
Charlie Kolar,TE,LAC,1.6376809002919228,16.15991132567774,26.46477812847356,-80.09024365129656,310.0,60.0,,,,,,,27.5564681724846,4.0,,0.0
Ja'Kobi Lane,WR,BAL,2.4254240690486037,15.09174345709093,36.60387782473512,-80.18127670808902,311.0,130.0,,,75.0,197.0,-55.0,74.1,22.072553045859,0.0,,0.0
Elijah Moore,WR,PHI,3.402127996882258,10.49799610212964,35.71552645021607,-81.06962808260806,312.0,131.0,,,,,,,26.431211498973305,5.0,,0.0
Terrace Marshall Jr.,WR,MIA,3.3138637448578945,10.49652721708894,34.78406099162517,-82.00109354119897,313.0,132.0,,,,,,,26.22861054072553,5.0,,0.0
Christian Kirk,WR,SF,2.6273962036424328,13.194464191813337,34.66708512666638,-82.11806940615776,314.0,133.0,,,99.0,238.0,-34.0,60.7,29.78507871321013,8.0,,0.0
Jawhar Jordan,RB,HOU,4.943613003320611,6.098104833498427,30.146670350495096,-82.41370602551362,315.0,98.0,,,,,,,27.03901437371664,2.0,,0.0
Jaleel McLaughlin,RB,DEN,4.1765150493603755,7.209179019716099,30.109244669377365,-82.45113170663136,316.0,99.0,,,,,,,25.965776865160848,3.0,,0.0
Antonio Williams,WR,WAS,2.27215622732102,15.107096407919572,34.32568317999347,-82.45947135283066,317.0,134.0,172.0,65.0,63.0,171.0,-71.0,79.5,22.132785763175907,0.0,,0.0
Tim Patrick,WR,NYJ,2.4971963114563667,13.73752686014746,34.305301403693,-82.47985312913113,318.0,135.0,,,,,,,32.772073921971256,8.0,,0.0
Tyler Conklin,TE,DET,2.0179123266064636,11.863052318957491,23.938599505601715,-82.61642227416841,319.0,61.0,,,,,,,31.091033538672143,8.0,,0.0
Luke Farrell,TE,SF,1.4825984353198003,15.955798224886129,23.656041482494622,-82.8989802972755,320.0,62.0,,,,,,,28.88158795345654,5.0,,0.0
Justin Joly,TE,DEN,1.9756972319686654,11.948494783606009,23.60660807016243,-82.9484137096077,321.0,63.0,,,,,,,22.14647501711157,0.0,,0.0
Luke Schoonmaker,TE,DAL,1.4494922014806433,16.222552966595934,23.51446401318748,-83.04055776658265,322.0,64.0,,,,,,,27.92607802874744,3.0,,0.0
Hunter Long,TE,JAX,1.8736615073457172,12.536862072923373,23.48983588893896,-83.06518589083117,323.0,65.0,,,,,,,28.03559206023272,5.0,,0.0
Malachi Corley,WR,CLE,2.7595955595624484,12.200594457279156,33.66870628832978,-83.11644824449436,324.0,136.0,,,,,,,24.449007529089663,2.0,,0.0
Jaydon Blue,RB,DAL,5.060485519796195,5.815109261341946,29.427276213053666,-83.13310016295506,325.0,100.0,,,74.0,223.0,-26.0,41.4,22.647501711156742,1.0,,0.0
Grant Calcaterra,TE,PHI,1.6310151420373025,14.329703519230446,23.37196342077008,-83.18305835900006,326.0,66.0,,,,,,,27.742642026009584,4.0,,0.0
Phillip Dorsett,WR,LV,3.2024596370863176,10.295624128147628,32.971320709004786,-83.81383382381935,327.0,137.0,,,,,,,33.65366187542779,11.0,,0.0
Hunter Luepke,RB,DAL,2.1242071815473422,13.400473731525794,28.465382536643602,-84.09499383936512,328.0,101.0,,,,,,,26.50787132101301,3.0,,0.0
Kene Nwangwu,RB,NYJ,5.370836419551409,5.258557394703229,28.242851569773478,-84.31752480623524,329.0,102.0,,,,,,,28.55852156057495,5.0,,0.0
Erick All,TE,CIN,1.92263445232601,11.515168540672452,22.13945976063748,-84.41556201913265,330.0,67.0,,,,,,,25.965776865160848,2.0,,0.0
Julian Hill,TE,NE,1.4652571000748384,14.711778251733442,21.55653753807902,-84.9984842416911,331.0,68.0,,,,,,,26.14647501711157,3.0,,0.0
Mo Alie-Cox,TE,IND,1.3298025243463147,16.06900820575366,21.368607675752866,-85.18641410401726,332.0,69.0,,,,,,,32.95003422313484,8.0,,0.0
Gage Larvadain,WR,CLE,2.61185620116282,12.013518541218277,31.377582899665473,-85.40757163315867,333.0,138.0,,,,,,,23.66050650239562,1.0,,0.0
Zavier Scott,RB,MIN,3.358354529887406,8.06042216644521,27.06975529548613,-85.49062108052259,334.0,103.0,,,,,,,27.12662559890486,1.0,,0.0
Kylen Granson,TE,TEN,1.3131276523978614,15.851391951535776,20.81490110055853,-85.7401206792116,335.0,70.0,,,,,,,28.432580424366872,5.0,,0.0
John Bates,TE,WAS,1.3887571586101495,14.980222910275568,20.803891804220964,-85.75112997554916,336.0,71.0,,,,,,,28.8186173853525,5.0,,0.0
Fernando Mendoza,QB,LV,12.439556049085269,10.883377813681877,135.3843883166668,-86.10621207728866,337.0,25.0,,,24.0,192.0,-1.0,212.16,22.91854893908282,0.0,,0.0
Barion Brown,WR,NO,2.9270157509952712,10.347998817150254,30.28875552907923,-86.49639900374491,338.0,139.0,,,,,,,,0.0,,0.0
Denzel Boston,WR,CLE,2.079954267626622,14.48895457595478,30.136362903705418,-86.64879162911872,339.0,140.0,148.0,61.0,58.0,145.0,-82.0,119.2,22.7378507871321,0.0,,0.0
Devontez Walker,WR,BAL,2.6824222706334466,11.170630895896895,29.964349092179884,-86.82080544064425,340.0,141.0,,,,,,,25.201916495551,2.0,,0.0
Desmond Reid,RB,BUF,3.913331960265108,6.567988179710366,25.70271805830403,-86.85765831770469,341.0,104.0,,,,,,,,0.0,,0.0
Tip Reiman,TE,ARI,1.7107219370262132,11.306445389195266,19.342184157085224,-87.2128376226849,342.0,72.0,,,,,,,24.955509924709105,2.0,,0.0
Max Klare,TE,LA,1.2947904873022802,14.588089684245825,18.888519751074018,-87.66650202869612,343.0,73.0,,,34.0,241.0,-39.0,45.1,23.15126625598905,0.0,,0.0
Josh Whyle,TE,GB,1.5923460796958888,11.84042165802953,18.85404900910962,-87.70097277066051,344.0,74.0,,,,,,,26.981519507186857,3.0,,0.0
Le'Veon Moss,RB,MIA,3.781768013843839,6.567988179710366,24.83860761333308,-87.72176876267564,345.0,105.0,,,,,,,,0.0,,0.0
Foster Moreau,TE,HOU,1.4960099359004237,12.565645595227934,18.798330661464384,-87.75669111830575,346.0,75.0,,,,,,,29.322381930184804,7.0,,0.0
Drew Sample,TE,CIN,1.1577761768681565,16.026649105154576,18.555272528973326,-87.99974925079681,347.0,76.0,,,,,,,30.376454483230663,7.0,,0.0
Durham Smythe,TE,BAL,1.1649994107082038,15.816422076047374,18.426122398107417,-88.1288993816627,348.0,77.0,,,,,,,31.06365503080082,8.0,,0.0
Kalif Raymond,WR,CHI,2.3226786953205973,12.296354311074168,28.560480188445553,-88.22467434437858,349.0,142.0,,,,,,,32.06570841889117,10.0,,0.0
Ted Hurst,WR,TB,1.9090100922344115,14.900634578154202,28.445461790393416,-88.33969274243071,350.0,143.0,,,86.0,220.0,-57.0,83.2,22.16563997262149,0.0,,0.0
Michael Burton,RB,CLE,3.5321271593494608,6.852322513874842,24.203274455879104,-88.35710192012962,351.0,106.0,,,,,,,34.58179329226557,11.0,,0.0
Mike Washington,RB,LV,2.0660355748813988,11.707680905092284,24.188485249280312,-88.3718911267284,352.0,107.0,178.0,58.0,55.0,170.0,-52.0,57.5,23.16495550992471,0.0,,0.0
Arian Smith,WR,NYJ,1.8749116943936186,15.023659800140564,28.16803545187484,-88.6171190809493,353.0,144.0,,,,,,,24.88980150581793,1.0,,0.0
Brevyn Spann-Ford,TE,DAL,1.139143665414475,15.488341243727277,17.64344581556968,-88.91157596420045,354.0,78.0,,,,,,,26.680355920602327,2.0,,0.0
Connor Heyward,TE,LV,1.2061374744431512,14.433703622102472,17.40903083362364,-89.1459909461465,355.0,79.0,,,,,,,27.60848733744011,4.0,,0.0
Will Kacmarek,TE,MIA,1.2389560601296374,13.99216685562031,17.335679920115837,-89.21934185965429,356.0,80.0,,,,,,,23.550992470910334,0.0,,0.0
Cade Stover,TE,HOU,1.375687383804108,12.531836537619496,17.239889420698493,-89.31513235907164,357.0,81.0,,,,,,,26.220396988364133,2.0,,0.0
Joe Flacco,QB,CIN,11.700432557763934,11.280337921473322,131.9848330789856,-89.50576731496986,358.0,26.0,,,,,,,41.62354551676933,18.0,,0.0
Jonathan Mingo,WR,DAL,2.94848774434759,9.208207912075904,27.150288176160313,-89.63486635666382,359.0,145.0,,,,,,,25.36618754277892,3.0,,0.0
Payne Durham,TE,TB,1.0255236154353509,16.350594550111637,16.76792083754803,-89.7871009422221,360.0,82.0,,,,,,,26.21218343600274,3.0,,0.0
Mitchell Tinsley,WR,CIN,1.8147289299008988,14.73890210227467,26.747112039975022,-90.03804249284912,361.0,146.0,,,,,,,26.96235455167693,1.0,,0.0
Pierre Strong,RB,GB,2.584651174785754,8.636260176177938,22.32172001011373,-90.238656365895,362.0,108.0,,,,,,,27.72621492128679,4.0,,0.0
Tanner Conner,TE,NYG,1.3180915035657799,12.240911390319214,16.134641299481334,-90.4203804802888,363.0,83.0,,,,,,,28.4517453798768,4.0,,0.0
Darius Cooper,WR,PHI,2.2996023630188,11.460108250153024,26.35369201250314,-90.43146252032099,364.0,147.0,,,,,,,24.774811772758383,1.0,,0.0
Konata Mumpfield,WR,LA,1.845180163779458,14.232602742362097,26.26171625915966,-90.52343827366448,365.0,148.0,,,,,,,23.854893908282,1.0,,0.0
Isaiah Hodgins,WR,NYG,2.3624682395427583,11.11545562866986,26.259910890779327,-90.52524364204481,366.0,149.0,,,,,,,27.863107460643395,6.0,,0.0
Adam Randall,RB,BAL,2.124994664392718,10.342515393104039,21.977790026745634,-90.58258634926308,367.0,109.0,,,,,,,22.132785763175907,0.0,,0.0
Eli Raridon,TE,NE,1.0839747187667856,14.719065394091215,15.955094771069952,-90.59992700870018,368.0,84.0,,,,,,,22.55167693360712,0.0,,0.0
Savion Williams,WR,GB,2.2435713423836305,11.571906181538225,25.962397085651148,-90.82275744717299,369.0,150.0,,,,,,,24.774811772758383,1.0,,0.0
Eli Stowers,TE,PHI,1.0665726482262223,14.461404408781691,15.424138397344656,-91.13088338242548,370.0,85.0,173.0,32.0,28.0,160.0,-57.0,65.9,23.381245722108144,0.0,,0.0
George Holani,RB,SEA,4.331846616622347,4.946633225099515,21.42805639981902,-91.1323199761897,371.0,110.0,,,,,,,26.71047227926078,2.0,,0.0
Omar Cooper,WR,NYJ,1.755669252789425,14.564672043387885,25.570746883537836,-91.2144076492863,372.0,151.0,152.0,62.0,60.0,156.0,-91.0,123.8,22.715947980835043,0.0,,0.0
Tahj Brooks,RB,CIN,4.119430531625966,5.181209129815636,21.343631080101733,-91.21674529590699,373.0,111.0,,,,,,,24.303901437371664,1.0,,0.0
Zachariah Branch,WR,ATL,1.7169312684779285,14.747304904353506,25.32010891606244,-91.4650456167617,374.0,152.0,,,78.0,206.0,-74.0,82.1,22.42573579739904,0.0,,0.0
Raheim Sanders,RB,CLE,4.034505571230972,5.119448131870996,20.654442009661526,-91.9059343663472,375.0,112.0,,,,,,,24.23271731690623,1.0,,0.0
Xavier Smith,WR,LA,2.1400130276338127,11.596229328109644,24.816081833583933,-91.9690726992402,376.0,153.0,,,,,,,28.944558521560573,2.0,,0.0
Corey Kiner,RB,ARI,4.0117732524115315,5.11840834032139,20.533893674621453,-92.02648270138727,377.0,113.0,,,,,,,24.61054072553046,1.0,,0.0
Sam Roush,TE,CHI,0.9800311174610914,14.602465762517108,14.310870838926968,-92.24415094084316,378.0,86.0,,,,,,,22.98699520876112,0.0,,0.0
Jamari Thrash,WR,CLE,2.3054219913323832,10.590144481569538,24.414751979197696,-92.37040255362643,379.0,154.0,,,,,,,25.700205338809035,2.0,,0.0
Kevin Austin Jr.,WR,NO,2.411621639478069,9.998708503428247,24.113101793700938,-92.6720527391232,380.0,155.0,,,,,,,26.42299794661191,2.0,,0.0
Zavion Thomas,WR,CHI,1.657843737084817,14.45736823518123,23.968057383424174,-92.81709714939996,381.0,156.0,,,,,,,22.546201232032853,0.0,,0.0
Tyler Badie,RB,DEN,1.5924542565383573,12.387447011934636,19.726442721798666,-92.83393365421006,382.0,114.0,,,,,,,27.564681724846,4.0,,0.0
Nicholas Singleton,RB,TEN,1.9087512235938557,10.32248103902017,19.703048313754124,-92.8573280622546,383.0,115.0,,,66.0,199.0,-49.0,57.7,22.652977412731005,0.0,,0.0
Andrew Ogletree,TE,IND,0.933198147934893,14.675609346980673,13.69525146241837,-92.85977031735176,384.0,87.0,,,,,,,28.095824777549623,4.0,,0.0
Cole Turner,TE,MIA,1.261188205569997,10.799627085082633,13.620362304260503,-92.93465947550962,385.0,88.0,,,,,,,26.46132785763176,4.0,,0.0
Harrison Bryant,TE,SEA,1.0261739606791482,13.246745515750915,13.593465312006863,-92.96155646776327,386.0,89.0,,,,,,,28.358658453114305,6.0,,0.0
Jimmy Horn Jr.,WR,CAR,2.1168602538150467,11.142218883499595,23.58652029378776,-93.19863423903638,387.0,157.0,,,,,,,23.969883641341543,1.0,,0.0
DeeJay Dallas,RB,JAX,3.714898347429517,5.157609165883485,19.159993767027885,-93.40038260898083,388.0,116.0,,,,,,,27.95893223819301,6.0,,0.0
David Martin-Robinson,TE,TEN,0.9352575026366715,13.856710796313864,12.95959273411911,-93.59542904565102,389.0,90.0,,,,,,,26.68309377138946,2.0,,0.0
Brock Wright,TE,DET,0.946172314213306,13.578139241666891,12.847259428998466,-93.70776235077166,390.0,91.0,,,,,,,27.761806981519506,5.0,,0.0
Corey Rucker,WR,LV,3.2223404346029043,7.132928013383381,22.984722354637036,-93.8004321781871,391.0,158.0,,,,,,,,0.0,,0.0
Germie Bernard,WR,PIT,1.5924279437639337,14.425064461794399,22.97087573955745,-93.81427879326668,392.0,159.0,,,84.0,218.0,-75.0,80.9,22.748802190280628,0.0,,0.0
Tyler Johnson,WR,DAL,1.9700365592459232,11.659991813697431,22.970610153492117,-93.81454437933202,393.0,160.0,,,,,,,28.019164955509925,6.0,,0.0
Marlin Klein,TE,HOU,0.9044024373435149,13.855686354000124,12.531116509624992,-94.02390527014514,394.0,92.0,,,,,,,23.956194387405887,0.0,,0.0
Caleb Douglas,WR,MIA,1.6058772158979842,14.127233996413533,22.686603198499917,-94.09855133432421,395.0,161.0,,,,,,,22.978781656399725,0.0,,0.0
Jack Stoll,TE,CLE,0.8782443434270901,14.123547054436498,12.403925309685196,-94.15109647008494,396.0,93.0,,,,,,,28.591375770020534,5.0,,0.0
Max Bredeson,RB,MIN,1.9853681962453391,9.271446421023818,18.40723485749336,-94.15314151851535,397.0,117.0,,,,,,,23.90965092402464,0.0,,0.0
Greg Dortch,WR,DET,2.0618284303715884,10.825835286397421,22.321014976014148,-94.46413955680998,398.0,162.0,,,,,,,28.26009582477755,7.0,,0.0
C.J. Donaldson,RB,NO,2.8411192401027385,6.3549963951536474,18.055302529054572,-94.50507384695415,399.0,118.0,,,,,,,22.14647501711157,0.0,,0.0
Jalin Hyatt,WR,NYG,2.297716753382665,9.693577636271707,22.273095735077035,-94.5120587977471,400.0,163.0,,,,,,,24.933607118412045,3.0,,0.0
Terrell Jennings,RB,NE,3.1922249690018667,5.644595545526829,18.018818840347457,-94.54155753566127,401.0,119.0,,,,,,,25.659137577002053,2.0,,0.0
Evan Hull,RB,HOU,3.3585698561534763,5.316729762902784,17.85660831499931,-94.70376806100941,402.0,120.0,,,,,,,25.848049281314168,3.0,,0.0
Robert Tonyan,TE,PIT,0.8570373584675247,13.818755109258209,11.843189376148267,-94.71183240362186,403.0,94.0,,,,,,,32.33949349760438,8.0,,0.0
Nate Adkins,TE,DEN,0.9793944240278554,12.049328912037153,11.801045549726812,-94.75397623004332,404.0,95.0,,,,,,,27.148528405201915,3.0,,0.0
T.J. Harden,RB,CLE,2.938539774561711,6.05036456179513,17.779236915433625,-94.78113946057509,405.0,121.0,,,,,,,22.35728952772073,0.0,,0.0
Oscar Delp,TE,NO,0.813899770121953,14.44880875350017,11.75988212300985,-94.79513965676028,406.0,96.0,,,,,,,23.077344284736483,0.0,,0.0
Matthew Hibner,TE,BAL,0.9784054568488587,11.970138428288424,11.711648757473615,-94.84337302229652,407.0,97.0,,,,,,,24.48186173853525,0.0,,0.0
Quintin Morris,TE,JAX,0.9359784661399064,12.501221263026856,11.70087390264346,-94.85414787712666,408.0,98.0,,,,,,,27.61122518822724,4.0,,0.0
Colbie Young,WR,CIN,1.9239220252338731,11.390538666484826,21.914508219728226,-94.8706463130959,409.0,164.0,,,,,,,24.10677618069815,0.0,,0.0
Gabriel Benyard,WR,BUF,3.0579952415503886,7.132928013383381,21.812459923247847,-94.9726946095763,410.0,165.0,,,,,,,,0.0,,0.0
Justin Fields,QB,KC,14.344684048248741,8.789337977411499,126.08027627924159,-95.41032411471386,411.0,27.0,,,,,,,27.49349760438056,5.0,,0.0
Nick Westbrook-Ikhine,WR,IND,1.5305729274139899,13.837553401578884,21.179384618102006,-95.60576991472213,412.0,166.0,,,,,,,29.44832306639288,6.0,,0.0
Tyler Goodson,RB,ATL,2.361399950243435,7.169541177096595,16.930154178864157,-95.63022219714456,413.0,122.0,,,,,,,25.806981519507183,3.0,,0.0
Romello Brinson,WR,DAL,2.9652834179491907,7.132928013383381,21.151153159511004,-95.63400137331314,414.0,167.0,,,,,,,,0.0,,0.0
Brycen Tremayne,WR,CAR,1.5313588430808027,13.791227608934776,21.119318355882385,-95.66583617694175,415.0,168.0,,,,,,,26.78713210130048,2.0,,0.0
Jared Wiley,TE,KC,1.1502034569373984,9.423982173012366,10.83949687351524,-95.71552490625488,416.0,99.0,,,,,,,25.828884325804243,2.0,,0.0
Jelani Woods,TE,NYJ,0.9806139606376137,11.001639644530371,10.788361425330717,-95.76666035443941,417.0,100.0,,,,,,,27.89596167008898,4.0,,0.0
Joe Royer,TE,CLE,0.9944958109050042,10.79817383315827,10.73873864249993,-95.8162831372702,418.0,101.0,,,,,,,24.51471594798084,0.0,,0.0
Rasheen Ali,RB,BAL,2.014172095524137,8.310392777228774,16.73856123473953,-95.82181514126918,419.0,123.0,,,,,,,25.53867214236824,2.0,,0.0
Cameron Latu,TE,PHI,0.72836331071374,14.39913857271548,10.487804242248965,-96.06721753752116,420.0,102.0,,,,,,,26.51882272416153,3.0,,0.0
Will Mallory,TE,IND,1.2162457669063083,8.562861583942478,10.414544154074685,-96.14047762569544,421.0,103.0,,,,,,,27.195071868583163,3.0,,0.0
Teagan Quitoriano,TE,ARI,0.7393640394101332,14.080130176695507,10.410341922862102,-96.14467985690803,422.0,104.0,,,,,,,26.46406570841889,4.0,,0.0
Seydou Traore,TE,MIA,0.9501766918868833,10.936937258207806,10.392022863378292,-96.16299891639184,423.0,105.0,,,,,,,24.05475701574264,0.0,,0.0
Squirrel White,WR,CHI,2.888467389583317,7.132928013383381,20.60322995890321,-96.18192457392092,424.0,169.0,,,,,,,,0.0,,0.0
Damien Alford,WR,NO,2.8708484880087486,7.132928013383381,20.477555602296928,-96.3075989305272,425.0,170.0,,,,,,,,0.0,,0.0
Stone Smartt,TE,PHI,0.9400905359809365,10.718468014523268,10.076330340667703,-96.47869143910242,426.0,106.0,,,,,,,27.90965092402464,4.0,,0.0
Demond Claiborne,RB,MIN,1.791056168123309,8.966828904182616,16.060094217342648,-96.50028215866607,427.0,124.0,,,71.0,211.0,-53.0,25.8,22.89664613278576,0.0,,0.0
R.J. Maryland,TE,GB,1.3503803079631624,7.379478418728696,9.965102339690368,-96.58991944007977,428.0,107.0,,,,,,,22.14647501711157,0.0,,0.0
Jimmy Kibble,WR,NE,2.816483838430899,7.132928013383381,20.08977647038531,-96.69537806243883,429.0,171.0,,,,,,,,0.0,,0.0
Kobe Prentice,WR,CAR,2.804230262498365,7.132928013383381,20.002372595352018,-96.78278193747212,430.0,172.0,,,,,,,,0.0,,0.0
Riley Nowakowski,TE,PIT,0.8731652337130793,11.059689647236887,9.65693649562372,-96.8980852841464,431.0,108.0,,,,,,,24.17248459958932,0.0,,0.0
Scott Matlock,RB,LAC,2.230094459260034,6.920465127765849,15.4332909369329,-97.12708543907581,432.0,125.0,,,,,,,26.17659137577002,3.0,,0.0
Velus Jones Jr.,RB,SEA,2.477467588102402,6.222426781775879,15.41586067119008,-97.14451570481864,433.0,126.0,,,,,,,29.308692676249144,4.0,,0.0
Malachi Fields,WR,NYG,1.3990228757924665,13.993722717546067,19.577538199343667,-97.20761633348047,434.0,173.0,,,100.0,240.0,-73.0,67.6,23.017111567419576,0.0,,0.0
Kaelon Black,RB,SF,1.5000298534258851,10.217042131813095,15.32586821142969,-97.23450816457903,435.0,127.0,,,,,,,24.87337440109514,0.0,,0.0
Kyre Duplessis,WR,DET,2.73940071410211,7.132928013383381,19.53994809350138,-97.24520643932276,436.0,174.0,,,,,,,,0.0,,0.0
Ian Thomas,TE,LV,0.632461545485489,14.434641275980244,9.129355529935097,-97.42566624983503,437.0,109.0,,,,,,,30.236824093086927,8.0,,0.0
Skyy Moore,WR,GB,1.6228177331023999,11.838762199149075,19.212153234761484,-97.57300129806265,438.0,175.0,,,,,,,25.973990417522245,4.0,,0.0
Alex Bullock,WR,JAX,2.6887356028838747,7.132928013383381,19.178557502391644,-97.6065970304325,439.0,176.0,,,,,,,,0.0,,0.0
Ben Sims,TE,MIA,0.7926144027717601,11.087761941684239,8.788319809483504,-97.76670197028662,440.0,110.0,,,,,,,26.2943189596167,3.0,,0.0
Blake Whiteheart,TE,CLE,0.5985796154981095,14.559693582350578,8.7151357862937,-97.83988599347643,441.0,111.0,,,,,,,26.444900752908968,2.0,,0.0
Josh Cuevas,TE,BAL,0.7697320282590701,11.161791380518217,8.591588318330892,-97.96343346143924,442.0,112.0,,,,,,,23.93429158110883,0.0,,0.0
Johnny Mundt,TE,PHI,0.5579992995702812,15.315632553258137,8.546112237193837,-98.00890954257629,443.0,113.0,,,,,,,31.77275838466804,8.0,,0.0
Lil'Jordan Humphrey,WR,DEN,1.7807718471334812,10.509768307296827,18.715499521529892,-98.06965501129424,444.0,177.0,,,,,,,28.36960985626284,7.0,,0.0
Jack Westover,RB,NE,1.0365585525416705,13.953521335661492,14.463641878552593,-98.09673449745613,445.0,128.0,,,,,,,27.23066392881588,1.0,,0.0
Anthony Hankerson,RB,MIA,2.532313236660749,5.674205946041894,14.368866824701017,-98.1915095513077,446.0,129.0,,,,,,,22.576317590691307,0.0,,0.0
Nate Boerkircher,TE,JAX,0.6598944972073282,12.631823263775411,8.335670661460906,-98.21935111830922,447.0,114.0,,,,,,,24.99110198494182,0.0,,0.0
Brittain Brown,RB,CHI,4.356682859203234,3.2752705378542792,14.269315011523096,-98.29106136448563,448.0,130.0,,,,,,,28.892539356605067,4.0,,0.0
De'Zhaun Stribling,WR,SF,1.3772529955404864,13.4264344823552,18.491597110251778,-98.29355742257236,449.0,178.0,,,101.0,245.0,-77.0,93.1,23.704312114989733,0.0,,0.0
Tai Felton,WR,MIN,1.910850690451528,9.65010014272826,18.439900520658682,-98.34525401216546,450.0,179.0,,,,,,,23.46611909650924,1.0,,0.0
Tyler Shough,QB,NO,12.997816940931443,9.465783441184179,123.03452037101205,-98.4560800229434,451.0,28.0,95.0,20.0,20.0,157.0,-8.0,260.0,26.92676249144421,1.0,,0.0
Josh Kattus,TE,CIN,1.1370012945257968,7.061361077194288,8.028776685883981,-98.52624509388615,452.0,115.0,,,,,,,22.48596851471595,0.0,,0.0
Dan Villari,TE,LA,1.1175272515037693,7.177935379413696,8.021538396027854,-98.53348338374228,453.0,116.0,,,,,,,24.175222450376456,0.0,,0.0
Jacardia Wright,RB,SEA,3.792494282625735,3.6817980744366317,13.963198147083366,-98.59717822892536,454.0,131.0,,,,,,,25.93018480492813,1.0,,0.0
Brenden Bates,TE,CLE,0.7095054623592082,11.07066960608543,7.854700557491676,-98.70032122227845,455.0,117.0,,,,,,,26.87748117727584,2.0,,0.0
Jared Wayne,WR,HOU,2.6916485477195993,6.7141616055294575,18.072163334678056,-98.71299119814609,456.0,180.0,,,,,,,25.90006844626968,1.0,,0.0
Amar Johnson,RB,LAC,4.610031141096851,2.997739939934837,13.8196744760094,-98.74070189999932,457.0,132.0,,,,,,,23.58384668035592,1.0,,0.0
Brevin Jordan,TE,HOU,0.7105356967126354,10.937521215353135,7.77149925706017,-98.78352252270996,458.0,118.0,,,,,,,26.127310061601644,5.0,,0.0
Reggie Virgil,WR,ARI,1.4511676164689982,12.402421937179748,17.99799308101995,-98.7871614518042,459.0,181.0,,,,,,,22.299794661190965,0.0,,0.0
Robbie Ouzts,RB,SEA,1.2451173952023205,11.05843155543273,13.769045493323546,-98.79133088268517,460.0,133.0,,,,,,,23.98631074606434,1.0,,0.0
Drake Dabney,TE,GB,0.9702682095451914,7.872134634930402,7.638081977532611,-98.91693980223752,461.0,119.0,,,,,,,24.301163586584533,1.0,,0.0
Jam Miller,RB,NE,2.0161316967434413,6.687543730554934,13.482968888529681,-99.07740748747904,462.0,134.0,,,,,,,22.340862422997947,0.0,,0.0
Jalen Royals,WR,KC,1.9340784058670346,9.11163478604238,17.622616081831467,-99.16253845099267,463.0,182.0,,,,,,,23.534565366187543,1.0,,0.0
Nate Carter,RB,ATL,3.701167864161702,3.6137350357987863,13.375039984093705,-99.18533639191502,464.0,135.0,,,,,,,24.27926078028748,1.0,,0.0
Jakobie Keeney-James,WR,GB,2.5027877364767637,7.032026671247516,17.5996701153758,-99.18548441744834,465.0,183.0,,,,,,,25.93018480492813,1.0,,0.0
Chris Manhertz,TE,NYG,0.5201944455691812,14.163647949894008,7.3678509925321825,-99.18717078723795,466.0,120.0,,,,,,,34.392881587953454,10.0,,0.0
Dean Connors,RB,LA,2.4075464990701567,5.489886236673538,13.217156389396814,-99.3432199866119,467.0,136.0,,,,,,,23.00889801505818,0.0,,0.0
A.T. Perry,WR,PIT,2.125808678020357,8.197800985728065,17.426956476144557,-99.35819805667958,468.0,184.0,,,,,,,26.85010266940452,3.0,,0.0
Jaren Kanak,TE,TEN,1.0264870295517512,6.925849660922742,7.109294845562588,-99.44572693420754,469.0,121.0,,,,,,,22.55715263518138,0.0,,0.0
Tylan Wallace,WR,CLE,1.4254465441818431,12.147751092065214,17.31596981376557,-99.46918471905857,470.0,185.0,,,,,,,27.30458590006845,5.0,,0.0
Cam Grandy,TE,CIN,0.8639664588798409,8.191385369659269,7.077082211144655,-99.47793956862547,471.0,122.0,,,,,,,26.784394250513348,2.0,,0.0
Jahdae Walker,WR,CHI,2.268846875538042,7.615127693071295,17.277558673248024,-99.50759585957611,472.0,186.0,,,,,,,24.15879534565366,1.0,,0.0
Mark Redman,TE,LA,1.059380836426166,6.63189410675856,7.025701525907645,-99.52932025386248,473.0,123.0,,,,,,,24.61327857631759,0.0,,0.0
Charlie Woerner,TE,ATL,0.46847009543449214,14.930431210666082,6.9944605341388595,-99.56056124563128,474.0,124.0,,,,,,,28.876112251882272,6.0,,0.0
Roschon Johnson,RB,CHI,2.8630291731751947,4.5274929165952145,12.962344301556147,-99.59803207445258,475.0,137.0,,,,,,,25.582477754962355,3.0,,0.0
Skyler Bell,WR,BUF,1.4934544534349021,11.486749938409657,17.154937851010992,-99.63021668181315,476.0,187.0,,,,,,,24.15879534565366,0.0,,0.0
Emmett Johnson,RB,KC,1.2571049225082707,10.260219224744679,12.898172093440529,-99.66220428256818,477.0,138.0,173.0,54.0,49.0,148.0,-89.0,59.2,22.89390828199863,0.0,,0.0
James Mitchell,TE,CAR,0.6902701554180741,9.826380724984888,6.7828573502324865,-99.77216442953764,478.0,125.0,,,,,,,27.05817932922656,4.0,,0.0
Carter Runyon,TE,LV,0.6635556695386204,10.131689113316883,6.722939753144136,-99.832082026626,479.0,126.0,,,,,,,25.1088295687885,1.0,,0.0
Shane Zylstra,TE,BUF,0.6192373492495254,10.79669277618113,6.685715415383903,-99.86930636438623,480.0,127.0,,,,,,,29.790554414784395,5.0,,0.0
Anthony Firkser,TE,WAS,0.6135661830460892,10.631590528439201,6.523184420243395,-100.03183735952673,481.0,128.0,,,,,,,31.53182751540041,8.0,,0.0
Jack Endries,TE,CIN,0.9513713556151937,6.8086001062234445,6.47750711289955,-100.07751466687058,482.0,129.0,,,,,,,22.43394934976044,0.0,,0.0
Kaytron Allen,RB,WAS,1.4636331059996304,8.498478667069802,12.438654727754974,-100.12172164825374,483.0,139.0,,,62.0,187.0,-77.0,41.9,23.64681724845996,0.0,,0.0
Lucas Krull,TE,DEN,0.7272343422483745,8.777894940719596,6.38358665353955,-100.17143512623058,484.0,130.0,,,,,,,28.142368240930868,3.0,,0.0
Ben Yurosek,TE,MIN,0.535805900488759,11.816212492389258,6.3311963748511495,-100.22382540491898,485.0,131.0,,,,,,,24.459958932238195,1.0,,0.0
Zaire Mitchell-Paden,TE,NO,0.6279348306007521,10.073593771954162,6.3255603987328275,-100.2294613810373,486.0,132.0,,,,,,,27.033538672142367,1.0,,0.0
British Brooks,RB,HOU,1.4255431549615063,8.640990623642246,12.31810503561976,-100.24227134038895,487.0,140.0,,,,,,,26.78713210130048,2.0,,0.0
Salvon Ahmed,RB,CHI,2.859768518308613,4.289109166425878,12.265859365733624,-100.2945170102751,488.0,141.0,,,,,,,27.67419575633128,6.0,,0.0
Dylan Laube,RB,LV,2.5637613651609445,4.739190197621027,12.15015273081025,-100.41022364519847,489.0,142.0,,,,,,,26.715947980835043,2.0,,0.0
Marquez Valdes-Scantling,WR,DAL,1.497668642807483,10.93111086858396,16.371181978930267,-100.41397255389387,490.0,188.0,,,,,,,31.89322381930185,8.0,,0.0
Damien Martinez,RB,GB,1.7667513538964525,6.7993560618556295,12.012771527907486,-100.54760484810123,491.0,143.0,,,,,,,22.584531143052704,1.0,,0.0
Jamal Haynes,RB,CIN,2.3670498640354025,5.064097179343602,11.986970539827338,-100.57340583618138,492.0,144.0,,,,,,,23.906913073237508,0.0,,0.0
Eric Saubert,TE,SEA,0.5132748905041473,11.441797459511983,5.872787338201644,-100.68223444156848,493.0,133.0,,,,,,,32.31485284052019,9.0,,0.0
Chris Brazzell,WR,CAR,1.1334318780295165,14.196300149216585,16.090539139197258,-100.69461539362688,494.0,189.0,,,91.0,227.0,-98.0,70.8,22.858316221765914,0.0,,0.0
Lake McRee,TE,PIT,0.8119286945160846,7.2054812045439105,5.8503369477655225,-100.7046848320046,495.0,134.0,,,,,,,23.991786447638603,0.0,,0.0
Kendrick Law,WR,DET,1.3827093778201338,11.60582827757762,16.047487596776666,-100.73766693604748,496.0,190.0,,,,,,,,0.0,,0.0
Adam Prentice,RB,DEN,0.8788534973742536,13.446360349796873,11.817380820373472,-100.74299555563525,497.0,145.0,,,,,,,29.623545516769337,5.0,,0.0
Gavin Bartholomew,TE,MIN,0.5989343259840437,9.626434896048078,5.765602296093833,-100.7894194836763,498.0,135.0,,,,,,,23.34017796030116,1.0,,0.0
Devin Culp,TE,TB,0.6903759831395,8.349307184575341,5.764161156084892,-100.79086062368523,499.0,136.0,,,,,,,26.57905544147844,2.0,,0.0
Rohan Jones,TE,LA,0.8985168352821975,6.394974077580254,5.7459918698990995,-100.80902990987103,500.0,137.0,,,,,,,24.90075290896646,0.0,,0.0
Xavier Restrepo,WR,TEN,2.5555569600273813,6.245696649150463,15.961233541956158,-100.82392099086798,501.0,191.0,,,,,,,24.38877481177276,1.0,,0.0
Carsen Ryan,TE,CLE,0.8871602477698355,6.3802971445044765,5.660345995563765,-100.89467578420637,502.0,138.0,,,,,,,23.03080082135524,0.0,,0.0
Michael Trigg,TE,DAL,0.7849156412955316,7.177935379413696,5.634073751510386,-100.92094802825974,503.0,139.0,,,35.0,242.0,-104.0,26.8,24.18069815195072,0.0,,0.0
Justin Watson,WR,HOU,1.7775962192301948,8.909815700588542,15.83805470340402,-100.94709982942011,504.0,192.0,,,,,,,30.409308692676248,8.0,,0.0
Sione Vaki,RB,DET,2.7078554560050794,4.254081703343683,11.519438350690574,-101.04093802531814,505.0,146.0,,,,,,,25.08966461327857,2.0,,0.0
Colson Yankoff,TE,WAS,0.4470562547168062,12.213426594533598,5.460088750610827,-101.09493302915931,506.0,140.0,,,,,,,26.50239561943874,2.0,,0.0
Elijah Mitchell,RB,PHI,2.298323863634385,4.973529906021676,11.430782469508898,-101.12959390649982,507.0,147.0,,,,,,,28.33401779603012,5.0,,0.0
Miles Kitselman,TE,DET,0.7550475981879354,7.185362354961732,5.425290588223863,-101.12973119154627,508.0,141.0,,,,,,,23.93429158110883,0.0,,0.0
Marcus Sanders,WR,MIN,2.2521936028699847,6.919936228826662,15.585036106831655,-101.20011842599249,509.0,193.0,,,,,,,22.132785763175907,0.0,,0.0
Bryson Nesbit,TE,MIN,0.744761244750233,7.185362354961732,5.351379411462765,-101.20364236830737,510.0,142.0,,,,,,,23.93429158110883,0.0,,0.0
Dae'Quan Wright,TE,PHI,0.7483148901857133,7.088560358301195,5.30447526609696,-101.25054651367317,511.0,143.0,,,,,,,22.94592744695414,0.0,,0.0
Rivaldo Fairweather,TE,ARI,0.7258334642068256,7.1871007887142,5.216638263076036,-101.3383835166941,512.0,144.0,,,,,,,24.12046543463381,0.0,,0.0
Johnny Pascuzzi,TE,LAC,0.7420744412442559,7.018411465847744,5.208183766941244,-101.34683801282888,513.0,145.0,,,,,,,24.292950034223136,0.0,,0.0
Donovan Edwards,RB,MIA,2.1327960503308945,5.243727173010034,11.183800603608587,-101.37657577240013,514.0,148.0,,,,,,,23.515400410677618,0.0,,0.0
Hayden Large,TE,CHI,0.7426217101314139,6.91320097266177,5.133893128800237,-101.42112865096989,515.0,146.0,,,,,,,24.432580424366872,0.0,,0.0
Tanner Koziol,TE,JAX,0.4302746459991553,11.84076966098417,5.094782974237503,-101.46023880553263,516.0,147.0,,,,,,,22.5927446954141,0.0,,0.0
Casey Washington,WR,ATL,1.6093471872348455,9.513376189102605,15.310325211039231,-101.47482932178491,517.0,194.0,,,,,,,25.489390828199863,2.0,,0.0
Evan Svoboda,TE,LAC,0.7115828499334764,7.076755025181681,5.0356975090998315,-101.5193242706703,518.0,148.0,,,,,,,23.42231348391513,0.0,,0.0
Kalel Mullings,RB,TEN,2.7983922683306237,3.928212831467153,10.99268041593483,-101.56769596007389,519.0,149.0,,,,,,,23.90965092402464,1.0,,0.0
Stephen Carlson,TE,CHI,0.6699850430849856,7.389191672159362,4.950647900834907,-101.60437387893522,520.0,149.0,,,,,,,29.71937029431896,7.0,,0.0
KeAndre Lambert-Smith,WR,LAC,1.4900974885470089,10.175913511245097,15.163103166777894,-101.62205136604624,521.0,195.0,,,,,,,24.876112251882272,1.0,,0.0
Sean McKeon,TE,IND,0.6663402653518647,7.300708517132885,4.864756050562946,-101.69026572920718,522.0,150.0,,,,,,,28.67624914442163,6.0,,0.0
Derius Davis,WR,LAC,1.4280321921559007,10.565805749276205,15.088310746032318,-101.69684378679182,523.0,196.0,,,,,,,25.97125256673512,3.0,,0.0
Patrick Gurd,TE,LV,0.7058129450654467,6.788375100763741,4.791323022079004,-101.76369875769113,524.0,151.0,,,,,,,24.53388090349076,0.0,,0.0
Mason Tipton,WR,NO,1.2775952053401796,11.735060402444589,14.992656904540604,-101.79249762828353,525.0,197.0,,,,,,,25.927446954141,2.0,,0.0
Louis Hansen,TE,HOU,0.7225654997989621,6.581799687350218,4.755781380666863,-101.79924039910327,526.0,152.0,,,,,,,24.66255989048597,0.0,,0.0
Kentrel Bullock,RB,CIN,2.3346386591309627,4.607779600385835,10.757500387815789,-101.80287598819294,527.0,150.0,,,,,,,24.421629021218344,0.0,,0.0
CJ Dippre,TE,NE,0.6610316355250925,7.11274544154327,4.701749752296994,-101.85327202747314,528.0,153.0,,,,,,,24.34223134839151,0.0,,0.0
C.J. Daniels,WR,LA,1.7111019598539683,8.72281856584407,14.92563194346637,-101.85952258935777,529.0,198.0,,,,,,,24.657084188911703,0.0,,0.0
Jackson Acker,RB,BUF,2.1041148826375258,5.084134700773983,10.697603489232423,-101.8627728867763,530.0,151.0,,,,,,,23.956194387405887,0.0,,0.0
Feleipe Franks,TE,CAR,0.5210513668928447,8.97273116109083,4.675253836248398,-101.87976794352173,531.0,154.0,,,,,,,28.692676249144423,5.0,,0.0
Roman Hemby,RB,LV,2.0840789109983042,5.094032192521928,10.616365064381403,-101.94401131162732,532.0,152.0,,,,,,,24.04380561259412,0.0,,0.0
Ben Skowronek,WR,PIT,1.2251647502281133,12.10210411285993,14.82707136266666,-101.95808317015748,533.0,199.0,,,,,,,29.180013689253936,5.0,,0.0
Kenny Fletcher,TE,TB,0.6315416365472419,7.169757567893423,4.528000428074385,-102.02702135169574,534.0,155.0,,,,,,,22.74332648870637,0.0,,0.0
Xavier Weaver,WR,ARI,1.456109227204414,10.10690218465631,14.716753529530504,-102.06840100329363,535.0,200.0,,,,,,,25.88637919233402,2.0,,0.0
Keleki Latu,TE,BUF,0.549847296729151,8.144032482787805,4.477974245135271,-102.07704753463486,536.0,156.0,,,,,,,24.05201916495551,1.0,,0.0
Isaac Guerendo,RB,SF,1.4977232143617454,6.9580339872502215,10.421209029022673,-102.13916734698604,537.0,153.0,,,,,,,26.17659137577002,2.0,,0.0
Lawrence Cager,TE,WAS,0.603152834963205,7.315827447968299,4.412562065343709,-102.14245971442642,538.0,157.0,,,,,,,29.032169746748803,6.0,,0.0
Sam Scott,RB,NYJ,1.9940283264792222,5.206218770725056,10.381347702673597,-102.17902867333513,539.0,154.0,,,,,,,23.68788501026694,0.0,,0.0
Zach Horton,TE,DET,0.5998941815959413,7.263668214621795,4.357432298994994,-102.19758948077514,540.0,158.0,,,,,,,23.74811772758385,0.0,,0.0
Layne Pryor,TE,HOU,0.5935014632936988,7.263668214621795,4.310997714257964,-102.24402406551216,541.0,159.0,,,,,,,23.72895277207392,0.0,,0.0
Quentin Skinner,WR,NYJ,2.404211882544297,6.037854961417807,14.516282643319729,-102.26887188950441,542.0,201.0,,,,,,,24.68720054757016,1.0,,0.0
Patrick Taylor,RB,SF,2.23246567508009,4.6007459293971396,10.27100736714356,-102.28936900886515,543.0,155.0,,,,,,,28.34223134839151,5.0,,0.0
Khalil Dinkins,TE,SF,0.6040281814043418,7.041163332365291,4.253061082619541,-102.30196069715059,544.0,160.0,,,,,,,24.26009582477755,0.0,,0.0
Cody Hardy,TE,NO,0.5926559004956196,7.15771371263707,4.242061265852767,-102.31296051391736,545.0,161.0,,,,,,,22.80355920602328,0.0,,0.0
Josh Pitsenberger,RB,HOU,1.8496041916587167,5.525354479762822,10.219718806169583,-102.34065756983914,546.0,156.0,,,,,,,22.888432580424368,0.0,,0.0
Danny Gray,WR,PHI,1.3422795227324484,10.706508120232659,14.371126609756978,-102.41402792306715,547.0,202.0,,,,,,,27.419575633127995,4.0,,0.0
Jameson Geers,TE,ARI,0.5676474249634342,7.263668214621795,4.123202557818808,-102.43181922195132,548.0,162.0,,,,,,,23.73990417522245,0.0,,0.0
Gunner Olszewski,WR,NYG,1.5765515189066424,9.093281564352196,14.336026862125223,-102.44912767069891,549.0,203.0,,,,,,,29.76317590691308,7.0,,0.0
Tanner Arkin,TE,NE,0.5890211613440601,6.952244828825806,4.095019323023212,-102.46000245674692,550.0,163.0,,,,,,,23.15400410677618,0.0,,0.0
Jack Velling,TE,ATL,0.5682381491110937,7.09976850955507,4.0343593169868015,-102.52066246278332,551.0,164.0,,,,,,,22.84188911704312,0.0,,0.0
Joel Wilson,TE,TEN,0.6452299863108464,6.250218845239478,4.032828619953662,-102.52219315981647,552.0,165.0,,,,,,,26.195756331279945,0.0,,0.0
Ronnie Bell,WR,NO,2.2354207513091597,6.3663445291431495,14.231458670430138,-102.553695862394,553.0,204.0,,,,,,,26.5927446954141,3.0,,0.0
Sincere McCormick,RB,SF,2.5751995033375197,3.876013800143287,9.981508813058365,-102.57886756295035,554.0,157.0,,,,,,,25.973990417522245,2.0,,0.0
Lance Mason,TE,SEA,0.5559736144546492,7.088560358301195,3.9410525236846587,-102.61396925608547,555.0,166.0,,,,,,,22.951403148528406,0.0,,0.0
Damon Bankston,RB,NYG,1.8458258186691503,5.3818316813201195,9.933923869112279,-102.62645250689644,556.0,158.0,,,,,,,23.353867214236825,0.0,,0.0
Brenen Thompson,WR,LAC,1.0756660157306546,13.12002722380738,14.112767410110605,-102.67238712271353,557.0,205.0,,,,,,,23.1047227926078,0.0,,0.0
Tyler Scott,WR,LA,1.3920791687717946,10.13745935502844,14.112145992405845,-102.6730085404183,558.0,206.0,,,,,,,24.8870636550308,3.0,,0.0
Bauer Sharp,TE,TB,0.3800997538087323,10.20927326607685,3.8805422550018833,-102.67447952476824,559.0,167.0,,,,,,,23.33196440793977,0.0,,0.0
Kye Robichaux,RB,DET,1.9511949786335137,5.064097179343602,9.881040987647376,-102.67933538836134,560.0,159.0,,,,,,,23.904175222450377,0.0,,0.0
Beaux Collins,WR,NYG,1.6690178658381407,8.445963071849537,14.096463261126061,-102.68869127169808,561.0,207.0,,,,,,,23.709787816564,1.0,,0.0
D.J. Herman,RB,MIA,2.1549230851803367,4.572695148121848,9.853806336179888,-102.70657003982883,562.0,160.0,,,,,,,24.459958932238195,0.0,,0.0
Bryce Lance,WR,NO,1.2281213934825355,11.448289599127994,14.05988937547269,-102.72526515735144,563.0,208.0,,,,,,,24.032854209445585,0.0,,0.0
Jake Briningstool,TE,KC,0.5259226126438361,7.263668214621795,3.8201273648118828,-102.73489441495825,564.0,168.0,,,,,,,23.72895277207392,0.0,,0.0
JJ Galbreath,TE,PIT,0.5930553566064649,6.407358125378631,3.799918057951755,-102.75510372181837,565.0,169.0,,,,,,,25.073237508555785,0.0,,0.0
Nick Kallerup,TE,SEA,0.39001389766881656,9.719786282903032,3.79085173270291,-102.76417004706722,566.0,170.0,,,,,,,25.43189596167009,1.0,,0.0
Ethan Conner,TE,JAX,0.5350504888235315,7.076755025181681,3.786421235507841,-102.76860054426228,567.0,171.0,,,,,,,23.41409993155373,0.0,,0.0
Nikola Kalinic,TE,CHI,0.5492705193741009,6.76207009181001,3.714205751372558,-102.84081602839757,568.0,172.0,,,,,,,29.60985626283368,4.0,,0.0
D.J. Rogers,TE,DAL,0.5687258667725588,6.423532590439039,3.653229140239222,-102.90179263953091,569.0,173.0,,,,,,,24.80766598220397,0.0,,0.0
John Michael Gyllenborg,TE,KC,0.5041948663671536,7.230943113969276,3.6458043970562284,-102.9092173827139,570.0,174.0,,,,,,,24.0684462696783,0.0,,0.0
Anthony Tyus III,RB,CAR,1.7893496044509851,5.378321134742259,9.623696795061434,-102.93667958094728,571.0,161.0,,,,,,,23.45242984257358,0.0,,0.0
Jaheim Bell,TE,PIT,0.5712809005059087,6.280675660286234,3.588030046993863,-102.96699173277626,572.0,175.0,,,,,,,25.21560574948665,2.0,,0.0
E.J. Jenkins,TE,PHI,0.6031296324588815,5.909000757648237,3.5638934551596337,-102.9911283246105,573.0,176.0,,,,,,,27.82751540041068,2.0,,0.0
Tre Watson,TE,KC,0.494534105822781,7.20551569252635,3.5633732599955352,-102.9916485197746,574.0,177.0,,,,,,,23.887748117727583,0.0,,0.0
Ahmani Marshall,RB,CLE,2.0915590471594863,4.572695148121848,9.564061906956537,-102.99631446905218,575.0,162.0,,,,,,,24.449007529089663,0.0,,0.0
Coleman Bennett,RB,CHI,1.8835995425773198,5.064097179343602,9.538731130578704,-103.02164524543002,576.0,163.0,,,,,,,23.91238877481177,0.0,,0.0
Carson Steele,RB,PHI,1.872926611394088,5.08002445058259,9.514512980028764,-103.04586339597995,577.0,164.0,,,,,,,23.863107460643395,2.0,,0.0
Jacoby Jones,WR,WAS,2.7232319657497315,5.03276643341741,13.705390427634558,-103.07976410518958,578.0,209.0,,,,,,,25.12251882272416,1.0,,0.0
Austin Trammell,WR,JAX,1.771501023309514,7.722881982951826,13.681093335697769,-103.10406119712637,579.0,210.0,,,,,,,28.1615331964408,4.0,,0.0
Carson Towt,TE,IND,0.5363907556205953,6.393364444860368,3.429341585536501,-103.12568019423362,580.0,178.0,,,,,,,25.25119780971937,0.0,,0.0
Miles Davis,RB,CAR,2.1823491800947954,4.318328081374161,9.424099747767231,-103.13627662824149,581.0,165.0,,,,,,,24.58590006844627,0.0,,0.0
Frank Gore Jr.,RB,BUF,2.0883406182912596,4.466512911886606,9.32760033601517,-103.23277603999355,582.0,166.0,,,,,,,24.470910335386723,0.0,,0.0
Myles Montgomery,RB,NE,1.7280651674783902,5.359855552240346,9.262179682542193,-103.29819669346652,583.0,167.0,,,,,,,23.4113620807666,0.0,,0.0
Brock Lampe,RB,NE,1.7280651674783902,5.359855552240346,9.262179682542193,-103.29819669346652,583.0,167.0,,,,,,,23.42231348391513,0.0,,0.0
Kenny McIntosh,RB,SEA,1.6673154997488822,5.53117112137494,9.222207342431842,-103.33816903357688,585.0,169.0,,,,,,,26.49691991786448,3.0,,0.0
Jabari Small,RB,DET,2.1304482638700977,4.318328081374161,9.199974563785071,-103.36040181222364,586.0,170.0,,,,,,,24.583162217659137,0.0,,0.0
Brayden Willis,TE,SF,0.5267186322041705,6.04222407642727,3.182552001006879,-103.37246977876325,587.0,179.0,,,,,,,26.806297056810404,3.0,,0.0
Elijah Sarratt,WR,BAL,1.0509898011120264,12.75245557530067,13.402700748775205,-103.38245378404893,588.0,211.0,,,90.0,226.0,-121.0,73.1,23.263518138261464,0.0,,0.0
Kevin Coleman,WR,MIA,1.1937556849448112,11.21597382153361,13.389132511647928,-103.39602202117621,589.0,212.0,,,,,,,22.9760438056126,0.0,,0.0
Kendall Milton,RB,CIN,3.5323961528777827,2.5934373370357005,9.161048072074509,-103.39932830393421,590.0,171.0,,,,,,,24.555783709787818,1.0,,0.0
Camden Brown,WR,DAL,2.025569848541723,6.56460311641291,13.297062140249022,-103.48809239257511,591.0,213.0,,,,,,,22.321697467488026,0.0,,0.0
Kameron Johnson,WR,TB,1.155401385714518,11.404035002965276,13.176237845162948,-103.60891668766119,592.0,214.0,,,,,,,24.459958932238195,2.0,,0.0
Robert Henry,RB,WAS,2.1379901789712097,4.1829457633051,8.943096961115534,-103.61727941489319,593.0,172.0,,,,,,,24.66803559206023,0.0,,0.0
Ryan Miller,WR,NYG,1.3998250510485244,9.39243788805462,13.147769846116152,-103.63738468670799,594.0,215.0,,,,,,,26.529774127310063,2.0,,0.0
Trey Palmer,WR,NO,1.5102059463010795,8.703252012733206,13.143702941786525,-103.64145159103761,595.0,216.0,,,,,,,25.415468856947296,3.0,,0.0
Elijah Tau-Tolliver,RB,BAL,1.6243936284000333,5.471768342967305,8.888305632397099,-103.67207074361161,596.0,173.0,,,,,,,23.29637234770705,0.0,,0.0
Jaydn Ott,RB,KC,1.7107975605465793,5.177033728400059,8.856856673414184,-103.70351970259453,597.0,174.0,,,,,,,23.709787816564,0.0,,0.0
Lucas Scott,RB,BAL,1.6131388594045721,5.489886236673538,8.85594882208841,-103.70442755392031,598.0,175.0,,,,,,,23.019849418206707,0.0,,0.0
E.J. Smith,RB,KC,1.8543961538557605,4.76789091081182,8.841558567013278,-103.71881780899544,599.0,176.0,,,,,,,24.2984257357974,0.0,,0.0
Scott Miller,WR,CHI,1.2520422428720905,10.435220439191033,13.065336803549423,-103.71981772927471,600.0,217.0,,,,,,,29.086926762491444,7.0,,0.0
Dallen Bentley,TE,DEN,0.6522274721777643,4.341684428430337,2.8317658597486806,-103.72325592002144,601.0,180.0,,,,,,,25.66735112936345,0.0,,0.0
Princeton Fant,TE,DAL,0.5018211575369488,5.542521882434467,2.7813547467171325,-103.773667033053,602.0,181.0,,,,,,,27.477070499657767,2.0,,0.0
Ainias Smith,WR,CAR,1.3434999796411413,9.680335127086218,13.005530046159759,-103.77962448666437,603.0,218.0,,,,,,,25.253935660506503,2.0,,0.0
Kaden Wetjen,WR,PIT,1.1800262734324667,11.018509873193814,13.002131144443737,-103.7830233883804,604.0,219.0,,,,,,,24.48186173853525,0.0,,0.0
J'mari Taylor,RB,JAX,1.9620836321708466,4.466512911886606,8.763671877292456,-103.79670449871627,605.0,177.0,,,,,,,24.465434633812457,0.0,,0.0
Jaden Nixon,RB,GB,1.6830448080036806,5.206218770725056,8.76229947140011,-103.7980769046086,606.0,178.0,,,,,,,23.668720054757017,0.0,,0.0
Davon Booth,RB,CLE,2.052407699409277,4.253126445384653,8.729149463068671,-103.83122691294005,607.0,179.0,,,,,,,24.6050650239562,0.0,,0.0
Hayden Rucci,TE,SF,0.4084916385070555,6.647774047209217,2.7155601129691727,-103.83946166680096,608.0,182.0,,,,,,,25.593429158110883,1.0,,0.0
Jacob Cowing,WR,SF,1.278694019348011,10.095263819495372,12.90875346972909,-103.87640106309505,609.0,220.0,,,,,,,25.571526351813823,2.0,,0.0
Messiah Swinson,TE,GB,0.41946043870237126,6.276875959715658,2.6329011437426972,-103.92212063602743,610.0,183.0,,,,,,,26.36550308008213,0.0,,0.0
Cody White,WR,SEA,1.357902691032483,9.441281270603515,12.820341244147093,-103.96481328867705,611.0,221.0,,,,,,,27.75906913073237,5.0,,0.0
Qadir Ismail,TE,CHI,0.4102104199131693,6.277025151651595,2.5749011232645262,-103.9801206565056,612.0,184.0,,,,,,,26.537987679671456,0.0,,0.0
Thomas Gordon,TE,DET,0.404962828976255,6.301681001755893,2.551946565776987,-104.00307521399314,613.0,185.0,,,,,,,25.987679671457904,0.0,,0.0
Ko Kieft,TE,TB,0.3159857743435569,7.986253905193774,2.5235426243369097,-104.03147915543322,614.0,186.0,,,,,,,28.61327857631759,4.0,,0.0
Bryce Pierre,TE,CAR,0.3923590804959214,6.315278782476832,2.477856976168012,-104.07716480360212,615.0,187.0,,,,,,,25.598904859685145,0.0,,0.0
Chip Trayanum,RB,NYJ,2.0279087913020843,4.1829457633051,8.48263248694622,-104.0777438890625,616.0,180.0,,,,,,,24.66255989048597,0.0,,0.0
Kejon Owens,RB,MIN,2.103793073321797,3.9822433976141234,8.377816076182052,-104.18256029982666,617.0,181.0,,,,,,,24.739219712525667,0.0,,0.0
Moliki Matavao,TE,NO,0.30077081309761977,7.880027782491473,2.370082363371794,-104.18493941639834,618.0,188.0,,,,,,,23.460643394934976,1.0,,0.0
Quentin Moore,TE,WAS,0.36961188610653606,6.301681001755893,2.329176200700721,-104.22584557906941,619.0,189.0,,,,,,,26.015058179329227,0.0,,0.0
Chase Curtis,TE,NYJ,0.3608843195502822,6.215954072330118,2.2432403557486604,-104.31178142402148,620.0,190.0,,,,,,,26.833675564681723,0.0,,0.0
Patrick Herbert,TE,JAX,0.35431514418135723,6.303758584038968,2.233517131588235,-104.3215046481819,621.0,191.0,,,,,,,25.869952087611225,0.0,,0.0
Treyton Welch,TE,NO,0.3293515774647999,6.315278782476832,2.079947029138726,-104.4750747506314,622.0,192.0,,,,,,,25.639972621492127,0.0,,0.0
LaJohntay Wester,WR,BAL,1.0768549382593768,11.42499396114565,12.303061166643253,-104.48209336618089,623.0,222.0,,,,,,,24.42710472279261,1.0,,0.0
Johnny Wilson,WR,PHI,1.426431230182803,8.612556760446063,12.285219934822294,-104.49993459800184,624.0,223.0,,,,,,,25.412731006160165,2.0,,0.0
Kadarius Calloway,RB,TB,1.8647749460889753,4.318328081374161,8.05271001513901,-104.5076663608697,625.0,182.0,,,,,,,24.57221081451061,0.0,,0.0
Bub Means,WR,NO,1.3312004942337,9.207168437745263,12.256587174819417,-104.52856735800472,626.0,224.0,,,,,,,25.639972621492127,2.0,,0.0
Jordan Waters,RB,LA,2.111773413913287,3.8002019756480685,8.02516549967434,-104.53521087633438,627.0,183.0,,,,,,,25.70294318959617,0.0,,0.0
K.J. Osborn,WR,TEN,1.388582559458424,8.748970935388652,12.148668454089336,-104.6364860787348,628.0,225.0,,,,,,,29.22655715263518,6.0,,0.0
Anderson Castle,RB,IND,1.837114811569378,4.253126445384653,7.813481588293565,-104.74689478771515,629.0,184.0,,,,,,,24.591375770020534,0.0,,0.0
Brady Russell,RB,SEA,1.8691152078786455,4.153968964622224,7.76424656483131,-104.79612981117741,630.0,185.0,,,,,,,28.00273785078713,0.0,,0.0
Noah Whittington,RB,HOU,1.938281724796552,3.9822433976141234,7.718709601287185,-104.84166677472153,631.0,186.0,,,,,,,24.71731690622861,0.0,,0.0
Thomas Fidone II,TE,NYG,0.2995748659679796,5.629018312128419,1.686312406387174,-104.86870937338296,632.0,193.0,,,,,,,23.94798083504449,1.0,,0.0
C.J. Ham,RB,MIN,1.9644721198660007,3.8887656827040313,7.6393717643637435,-104.92100461164497,633.0,187.0,,,,,,,33.11156741957564,0.0,,0.0
Treyvhon Saunders,WR,HOU,1.8045186590465971,6.56460311641291,11.845948812802538,-104.9392057200216,634.0,226.0,,,,,,,22.31895961670089,0.0,,0.0
Joshua Simon,TE,ATL,0.25593951568411955,6.306590588217312,1.6141057407663655,-104.94091603900377,635.0,194.0,,,,,,,25.760438056125945,0.0,,0.0
Brenden Rice,WR,GB,1.609311973458963,7.355417064361383,11.837160751461148,-104.94799378136298,636.0,227.0,,,,,,,24.45722108145106,2.0,,0.0
Dane Key,WR,DEN,2.039657573896216,5.797061528940014,11.824020453844877,-104.96113407897926,637.0,228.0,,,,,,,23.17043121149897,0.0,,0.0
Caleb Lohner,TE,DEN,0.27269488800677033,5.844112187890031,1.5936595185756735,-104.96136226119445,638.0,195.0,,,,,,,24.91718001368925,1.0,,0.0
Phil Mafah,RB,DAL,5.4681996415187255,1.3879492815628787,7.589583763888306,-104.97079261212042,639.0,188.0,,,,,,,23.854893908282,1.0,,0.0
Josh Williams,RB,TB,2.6760240769236345,2.8101149450353375,7.5199352518375,-105.04044112417122,640.0,189.0,,,,,,,26.22861054072553,1.0,,0.0
Jake Bobo,WR,SEA,1.1795460610406545,9.94608157642153,11.73186134625704,-105.0532931865671,641.0,229.0,,,,,,,28.07665982203969,3.0,,0.0
Laquon Treadwell,WR,IND,1.3934125605610366,8.371096005769727,11.664390320101862,-105.12076421272228,642.0,230.0,,,,,,,31.21697467488022,10.0,,0.0
Cedrick Wilson Jr.,WR,DET,1.1340767216429044,10.27244501297192,11.649740763568197,-105.13541376925593,643.0,231.0,,,,,,,30.781656399726216,8.0,,0.0
Joseph Manjack,WR,DEN,2.052233979170122,5.647273959213453,11.589527508780433,-105.1956270240437,644.0,232.0,,,,,,,23.79466119096509,0.0,,0.0
Jalen Brooks,WR,ARI,1.5311714191120427,7.544587284354967,11.552056418800467,-105.23309811402368,645.0,233.0,,,,,,,26.31895961670089,3.0,,0.0
Cody Schrader,RB,DEN,1.8535485960473432,3.8899065443329626,7.210130814003735,-105.35024556200499,646.0,190.0,,,,,,,26.981519507186857,2.0,,0.0
Malik Benson,WR,LV,1.1854926248995599,9.627215864832923,11.412993406075469,-105.37216112674867,647.0,234.0,,,,,,,23.874058863791923,0.0,,0.0
Carlos Washington,RB,MIA,1.791991964436918,3.982267705864448,7.136191729145731,-105.42418464686298,648.0,191.0,,,,,,,27.68240930869268,0.0,,0.0
Quez Watkins,WR,PHI,1.3631066749845677,8.304868228961748,11.320421317765025,-105.46473321505911,649.0,235.0,,,,,,,28.229979466119097,6.0,,0.0
Rashad Rochelle,WR,SEA,1.7312743350008364,6.533355876508369,11.311031350425834,-105.4741231823983,650.0,236.0,,,,,,,22.390143737166323,0.0,,0.0
Jordan Watkins,WR,SF,1.4450692201726794,7.704863007150836,11.134060377280784,-105.65109415554335,651.0,237.0,,,,,,,24.542094455852155,1.0,,0.0
Dominic Richardson,RB,DAL,1.7496024055879682,3.9112593165369525,6.8431487090914045,-105.71722766691731,652.0,192.0,,,,,,,25.388090349075977,0.0,,0.0
Eli Heidenreich,RB,PIT,1.0176833913738643,6.618741277323178,6.735783069732435,-105.82459330627628,653.0,193.0,,,,,,,23.096509240246405,0.0,,0.0
Ke'Shawn Williams,WR,CIN,1.5665544957150357,6.99136029213011,10.952346896800009,-105.83280763602413,654.0,238.0,,,,,,,24.67898699520876,1.0,,0.0
Ronnie Rivers,RB,LA,1.5050721277849288,4.448658848204637,6.695552438456604,-105.86482393755212,655.0,194.0,,,,,,,27.58384668035592,4.0,,0.0
Max Hurleman,RB,PIT,1.6736745795381598,3.952105313615249,6.614538199055529,-105.94583817695319,656.0,195.0,,,,,,,24.867898699520875,0.0,,0.0
Cash Jones,RB,ATL,1.7571241622578058,3.760366308984178,6.607430500456301,-105.95294587555242,657.0,196.0,,,,,,,26.40657084188912,0.0,,0.0
Efton Chism III,WR,NE,1.4006383451387787,7.708059015451875,10.796203023634558,-105.98895150918958,658.0,239.0,,,,,,,24.84873374401095,1.0,,0.0
Seth McGowan,RB,IND,1.2376738997884127,5.14075467776216,6.362577889881418,-106.1977984861273,659.0,197.0,,,,,,,24.856947296372347,0.0,,0.0
Alec Ingold,RB,LAC,1.527189167534362,4.1643223439244315,6.359707973762696,-106.20066840224602,660.0,198.0,,,,,,,30.14647501711157,0.0,,0.0
Mario Williams,WR,LA,1.8163325626221838,5.793122455350883,10.522236954911586,-106.26291757791255,661.0,240.0,,,,,,,23.61122518822724,0.0,,0.0
Anthony Smith,WR,DAL,1.383283600724502,7.594002932107131,10.504659719837578,-106.28049481298656,662.0,241.0,,,,,,,24.503764544832308,0.0,,0.0
Lincoln Pare,RB,IND,1.5913095083285569,3.9169992534514755,6.233158156133192,-106.32721821987553,663.0,199.0,,,,,,,25.17453798767967,0.0,,0.0
Trent Sherfield,WR,BUF,1.08931333596241,9.54343930679877,10.395795707843758,-106.38935882498038,664.0,242.0,,,,,,,30.51334702258727,8.0,,0.0
Reggie Gilliam,RB,NE,1.4522834842830188,4.242971879133756,6.161997984343238,-106.39837839166547,665.0,200.0,,,,,,,29.032169746748803,0.0,,0.0
Travis Homer,RB,PIT,1.3580812275578564,4.512527280485325,6.128378588469826,-106.43199778753889,666.0,201.0,,,,,,,28.0684462696783,7.0,,0.0
Patrick Ricard,RB,NYG,1.4817364105929194,4.132719674117713,6.123601215913919,-106.4367751600948,667.0,202.0,,,,,,,32.26557152635181,0.0,,0.0
Lan Larison,RB,NE,1.542109291872059,3.9163441625373387,6.039430723217727,-106.520945652791,668.0,203.0,,,,,,,24.88980150581793,0.0,,0.0
Ulysses Bentley IV,RB,IND,2.3372005570000356,2.5639742339395717,5.992522007697307,-106.56785436831142,669.0,204.0,,,,,,,25.67008898015058,1.0,,0.0
Gregory Desrosiers,RB,LAC,1.5233246336252289,3.9112593165369525,5.958117665376916,-106.6022587106318,670.0,205.0,,,,,,,25.43189596167009,0.0,,0.0
Mike Woods,WR,DEN,1.246963193807693,8.137153779436073,10.146731265309946,-106.63842326751418,671.0,243.0,,,,,,,26.45311430527036,4.0,,0.0
Ben VanSumeren,RB,BUF,1.496625790842714,3.884500829911646,5.813644126595697,-106.74673224941303,672.0,206.0,,,,,,,26.32443531827516,3.0,,0.0
Jacob Saylors,RB,DET,1.5057722960222473,3.8249784165014233,5.759546532450888,-106.80082984355784,673.0,207.0,,,,,,,26.48323066392881,1.0,,0.0
Noah Thomas,WR,CIN,1.603005196233649,6.186213905620037,9.916533035721775,-106.86862149710237,674.0,244.0,,,,,,,22.633812457221083,0.0,,0.0
Chris Collier,RB,LV,1.4798577220283369,3.816838798946918,5.64837837035896,-106.91199800564976,675.0,208.0,,,,,,,26.439425051334705,2.0,,0.0
Dontae McMillan,RB,BAL,1.4250797380840057,3.92872821033572,5.5987509689884725,-106.96162540702025,676.0,209.0,,,,,,,25.07597535934292,0.0,,0.0
Emmanuel Henderson,WR,SEA,0.9868936037384692,9.814488390192647,9.685855816246589,-107.09929871657755,677.0,245.0,,,,,,,23.449691991786448,0.0,,0.0
Braxton Berrios,WR,NYG,1.1402348971927843,8.485420297729332,9.67537234081897,-107.10978219200517,678.0,246.0,,,,,,,30.90485968514716,8.0,,0.0
Tahj Washington,WR,MIA,1.4545935191466508,6.583837579356392,9.576807474045982,-107.20834705877816,679.0,247.0,,,,,,,25.295003422313485,2.0,,0.0
Kole Wilson,WR,CLE,1.5510812526181768,6.166919212432294,9.565392776814583,-107.21976175600955,680.0,248.0,,,,,,,22.71047227926078,0.0,,0.0
Shedrick Jackson,WR,LV,1.416133233479678,6.746504153236278,9.553948741206566,-107.23120579161757,681.0,249.0,,,,,,,26.86652977412731,3.0,,0.0
Hank Beatty,WR,TEN,1.59758914623576,5.976658781155892,9.548245199529301,-107.23690933329483,682.0,250.0,,,,,,,22.94866529774127,0.0,,0.0
Wesley Grimes,WR,SF,1.4988125086959234,6.357995138049008,9.529442643135717,-107.25571188968843,683.0,251.0,,,,,,,22.480492813141684,0.0,,0.0
Kolbe Katsis,WR,DEN,1.9877088684612019,4.788051993695442,9.517253410521768,-107.26790112230236,684.0,252.0,,,,,,,24.67624914442163,0.0,,0.0
Mason Kinsey,WR,TEN,1.0112987327060778,9.396114389988464,9.502278574956675,-107.28287595786746,685.0,253.0,,,,,,,28.0082135523614,5.0,,0.0
Ihmir Smith-Marsette,WR,ARI,1.0274416967032942,9.113775682418497,9.363873150517284,-107.42128138230686,686.0,254.0,,,,,,,27.00889801505818,5.0,,0.0
Mecole Hardman,WR,BUF,1.266275967770057,7.383300326781006,9.349295766631597,-107.43585876619254,687.0,255.0,,,,,,,28.47364818617385,7.0,,0.0
Omari Evans,WR,KC,1.460378434274898,6.1991204090089225,9.053061756790015,-107.73209277603412,688.0,256.0,,,,,,,22.6694045174538,0.0,,0.0
Brennan Presley,WR,LA,1.8119842066475182,4.93323310727536,8.938940478093613,-107.84621405473052,689.0,257.0,,,,,,,24.577686516084874,0.0,,0.0
Eric Gray,RB,NYG,0.9272401658041104,4.944964044437715,4.585169280459792,-107.97520709554892,690.0,210.0,,,,,,,26.82546201232033,3.0,,0.0
Dante Miller,RB,NYG,1.1421254218837207,3.957574617727719,4.520046579908575,-108.04032979610014,691.0,211.0,,,,,,,27.301848049281315,2.0,,0.0
Dylan Drummond,WR,ATL,1.0689050289368782,8.174709122975553,8.737987691644745,-108.04716684117939,692.0,258.0,,,,,,,26.622861054072555,1.0,,0.0
Jordan Moore,WR,CIN,1.6542272258559858,5.236545663917001,8.662436406689611,-108.12271812613453,693.0,259.0,,,,,,,24.372347707049965,0.0,,0.0
Charlie Jones,WR,CIN,1.084723706393935,7.936727108658898,8.609156045941699,-108.17599848688243,694.0,260.0,,,,,,,27.84120465434634,3.0,,0.0
Donaven McCulley,WR,MIA,1.474408287688714,5.793122455350883,8.541427759764932,-108.24372677305921,695.0,261.0,,,,,,,23.627652292950035,0.0,,0.0
Dillon Bell,WR,MIN,1.3875188066195179,6.090666160404467,8.450913842402286,-108.33424069042185,696.0,262.0,,,,,,,22.819986310746064,0.0,,0.0
Anthony Gould,WR,IND,1.0896389175089765,7.678131809429442,8.366391233317936,-108.4187632995062,697.0,263.0,,,,,,,25.404517453798768,2.0,,0.0
Junior Bergen,WR,SF,1.228018243342809,6.702756320102587,8.23110704176729,-108.55404749105685,698.0,264.0,,,,,,,23.85763175906913,1.0,,0.0
Devin Duvernay,WR,ARI,0.9487962174325699,8.640026134814812,8.197624115230841,-108.5875304175933,699.0,265.0,,,,,,,28.969199178644764,6.0,,0.0
Cameron Dorner,WR,NE,1.310347242266259,6.148531738425601,8.056711607432554,-108.72844292539159,700.0,266.0,,,,,,,22.573579739904176,0.0,,0.0
Jordan Hudson,WR,DAL,1.3079444432916154,6.1027100156608185,7.982005654003655,-108.80314887882048,701.0,267.0,,,,,,,22.77618069815195,0.0,,0.0
C.J. Williams,WR,JAX,0.8325615708576084,9.5466701441822,7.948190691699763,-108.83696384112437,702.0,268.0,,,,,,,23.85763175906913,0.0,,0.0
Britain Covey,WR,PHI,1.1638405278393957,6.733220974384614,7.836395452887079,-108.94875907993706,703.0,269.0,,,,,,,29.45653661875428,4.0,,0.0
Tejhaun Palmer,WR,ARI,0.9267944135490433,8.41469076477333,7.798688392534649,-108.9864661402895,704.0,270.0,,,,,,,26.286105407255302,2.0,,0.0
Michael Bandy,WR,DEN,1.195164983340627,6.519724611935398,7.7921465572092465,-108.99300797561489,705.0,271.0,,,,,,,28.739219712525667,5.0,,0.0
Ricky White III,WR,SEA,1.1611140069526247,6.657393561071421,7.729992913556241,-109.05516161926789,706.0,272.0,,,,,,,24.566735112936342,1.0,,0.0
Jonathan Brady,WR,LV,1.2799164138328314,6.032720957322468,7.721378573350338,-109.0637759594738,707.0,273.0,,,,,,,22.899383983572896,0.0,,0.0
Cam Ross,WR,DEN,1.6962479332579015,4.541062636678805,7.7027681122611,-109.08238642056304,708.0,274.0,,,,,,,25.04312114989733,0.0,,0.0
Dominic Lovett,WR,DET,1.192350533456248,6.437111459039093,7.67529328210259,-109.10986125072155,709.0,275.0,,,,,,,23.813826146475016,1.0,,0.0
Xavier Gipson,WR,NYG,1.3037463161227192,5.88604305681592,7.673906951863465,-109.11124758096068,710.0,276.0,,,,,,,25.4839151266256,3.0,,0.0
Jason Brownlee,WR,KC,1.221284174597489,6.166905050291565,7.5315435441664205,-109.25361098865771,711.0,277.0,,,,,,,27.586584531143053,3.0,,0.0
Lewis Bond,WR,HOU,0.7699167026867428,9.77707024956151,7.5275296884790475,-109.25762484434509,712.0,278.0,,,,,,,23.260780287474333,0.0,,0.0
Nikko Remigio,WR,KC,0.9694332478488177,7.727909885511165,7.491692779394073,-109.29346175343007,713.0,279.0,,,,,,,26.82546201232033,2.0,,0.0
Aaron Anderson,WR,CLE,1.3086654455356073,5.6844657724737875,7.439063932766319,-109.34609060005782,714.0,280.0,,,,,,,23.74811772758385,0.0,,0.0
Bryce Oliver,WR,TEN,1.3941104348299895,5.311153341242853,7.404334294008825,-109.38082023881532,715.0,281.0,,,,,,,26.286105407255302,2.0,,0.0
Chris Hilton,WR,WAS,1.3150023388997611,5.626401479853777,7.398731105596794,-109.38642342722734,716.0,282.0,,,,,,,23.89048596851472,0.0,,0.0
Omari Kelly,WR,CHI,1.2151654110755363,6.032720957322468,7.330753842008759,-109.45440069081538,717.0,283.0,,,,,,,22.858316221765914,0.0,,0.0
Jaden Bradley,WR,WAS,1.2477553357972517,5.867509575061058,7.321216380123901,-109.46393815270024,718.0,284.0,,,,,,,23.43874058863792,0.0,,0.0
Luke Wysong,WR,MIN,1.2181026001460233,5.960956783286105,7.261056957078879,-109.52409757574526,719.0,285.0,,,,,,,23.260780287474333,0.0,,0.0
Cyrus Allen,WR,KC,0.6721832812417143,10.718308263462944,7.204667617894703,-109.58048691492944,720.0,286.0,,,,,,,23.55373032169747,0.0,,0.0
Terrill Davis,WR,MIN,1.210800551134332,5.93328587566027,7.184025808287003,-109.60112872453713,721.0,287.0,,,,,,,23.05817932922656,0.0,,0.0
Parris Campbell,WR,DAL,0.9656632631271317,7.398722289106816,7.1446743086703295,-109.6404802241538,722.0,288.0,,,,,,,29.127994524298423,7.0,,0.0
Simi Fehoko,WR,ARI,0.9242638876205711,7.694948524146999,7.112163037968281,-109.67299149485585,723.0,289.0,,,,,,,28.82135523613963,5.0,,0.0
Michael Briscoe,WR,MIN,1.27750785386931,5.542268645561934,7.080291722958994,-109.70486280986515,724.0,290.0,,,,,,,24.10677618069815,0.0,,0.0
Justin Shorter,WR,LV,0.974775645417285,7.199019675704536,7.017429050756623,-109.76772548206752,725.0,291.0,,,,,,,26.37371663244353,3.0,,0.0
Lew Nichols III,RB,PIT,0.8025536893667683,3.4588597910407586,2.77592068630213,-109.78445568970659,726.0,212.0,,,,,,,25.04312114989733,3.0,,0.0
Josh Cameron,WR,JAX,0.6956378253839186,9.897522578369319,6.885091083105068,-109.90006344971907,727.0,292.0,,,,,,,23.457905544147845,0.0,,0.0
Trayvon Rudolph,WR,MIN,1.2523389337230586,5.296505958968294,6.633020625112179,-110.15213390771196,728.0,293.0,,,,,,,24.2984257357974,0.0,,0.0
Tru Edwards,WR,LA,1.440578308029697,4.529333679794562,6.5248598489403715,-110.26029468388377,729.0,294.0,,,,,,,25.229295003422312,0.0,,0.0
Jalen Walthall,WR,NYJ,1.1453381313477007,5.626401479853777,6.444132157147663,-110.34102237567647,730.0,295.0,,,,,,,23.88227241615332,0.0,,0.0
Malik McClain,WR,NYJ,1.1453381313477007,5.582448274595078,6.393790875169922,-110.39136365765421,731.0,296.0,,,,,,,23.89869952087611,0.0,,0.0
Octavian Smith,WR,BAL,1.0492594366804266,5.960658851506137,6.254277548775528,-110.5308769840486,732.0,297.0,,,,,,,23.307323750855577,0.0,,0.0
David Moore,WR,CAR,0.8571034713297652,7.173827047621604,6.148712065235837,-110.6364424675883,733.0,298.0,,,,,,,31.627652292950035,9.0,,0.0
Jordan Mims,RB,SF,0.5427919415208386,3.534219146378426,1.918345672222867,-110.64203070378585,734.0,213.0,,,,,,,27.21149897330596,3.0,,0.0
Daniel Sobkowicz,WR,HOU,1.103159005112817,5.5524584968007415,6.1252445912609135,-110.65990994156323,735.0,299.0,,,,,,,23.95893223819301,0.0,,0.0
Jerand Bradley,WR,LAC,1.084771031991739,5.626401479853777,6.103357339700828,-110.68179719312332,736.0,300.0,,,,,,,23.89322381930185,0.0,,0.0
Xavier Loyd,WR,KC,1.0359430577955648,5.890237303039115,6.101950442851842,-110.68320408997229,737.0,301.0,,,,,,,23.477070499657767,0.0,,0.0
Jeff Caldwell,WR,KC,1.0359430577955648,5.8894745811041105,6.101160306358246,-110.6839942264659,738.0,302.0,,,,,,,23.50171115674196,0.0,,0.0
Ty Pezza,WR,BAL,1.0974420249593146,5.5524584968007415,6.093501296231558,-110.69165323659257,739.0,303.0,,,,,,,23.95345653661876,0.0,,0.0
Devonte Ross,WR,LAC,1.0970035840567105,5.542416479140644,6.0800507419522605,-110.70510379087187,740.0,304.0,,,,,,,23.978097193702943,0.0,,0.0
Jaden Smith,WR,DAL,1.3141349574057684,4.617234686186534,6.067669507664177,-110.71748502515996,741.0,305.0,,,,,,,24.71731690622861,0.0,,0.0
Sahmir Hagans,WR,IND,1.0530255797645678,5.761141447565851,6.066629312928712,-110.71852521989543,742.0,306.0,,,,,,,23.709787816564,0.0,,0.0
Dontae Fleming,WR,MIN,1.3021968307908829,4.617234686186534,6.012548375369842,-110.77260615745429,743.0,307.0,,,,,,,24.7583846680356,0.0,,0.0
Brock Rechsteiner,WR,NO,1.0793692606188432,5.564518973705986,6.006170730348554,-110.77898380247558,744.0,308.0,,,,,,,24.030116358658454,0.0,,0.0
Harrison Wallace,WR,ARI,1.001230874865445,5.870059249505713,5.877284557894603,-110.90786997492954,745.0,309.0,,,,,,,23.359342915811087,0.0,,0.0
Kyron Hudson,WR,CHI,1.1079620898261995,5.296505958968294,5.86832781107543,-110.9168267217487,746.0,310.0,,,,,,,24.295687885010267,0.0,,0.0
Jamaal Pritchett,WR,NYJ,1.0070673457414672,5.797061528940014,5.838031367049592,-110.94712316577454,747.0,311.0,,,,,,,23.227926078028748,0.0,,0.0
J.Michael Sturdivant,WR,GB,1.0479852003427523,5.5390570642806205,5.804849827220064,-110.98030470560407,748.0,312.0,,,,,,,23.98631074606434,0.0,,0.0
Gary Brightwell,RB,CIN,0.3200284780087771,4.881271244368483,1.562145807083255,-110.99823056892546,749.0,214.0,,,,,,,28.50650239561944,5.0,,0.0
Vinny Anthony,WR,ATL,0.9865240301800156,5.797061528940014,5.718940502731425,-111.06621403009271,750.0,313.0,,,,,,,23.1813826146475,0.0,,0.0
JP Richardson,WR,CHI,1.1079620898261995,5.132541927657668,5.68666188028818,-111.09849265253595,751.0,314.0,,,,,,,24.4435318275154,0.0,,0.0
Michael Wortham,WR,JAX,1.0349241913245035,5.469080334548093,5.660083542520931,-111.1250709903032,752.0,315.0,,,,,,,24.18069815195072,0.0,,0.0
Andrew Beck,RB,NYJ,0.10275651663836324,13.71567291607331,1.409374772206835,-111.15100160380189,753.0,215.0,,,,,,,30.297056810403834,7.0,,0.0
Ja'Seem Reed,WR,CAR,0.9568257023649811,5.867509575061058,5.614183970291049,-111.17097056253309,754.0,316.0,,,,,,,23.449691991786448,0.0,,0.0
Jha'Quan Jackson,WR,HOU,0.6688517702500695,8.384213872575309,5.607796290827186,-111.17735824199696,755.0,317.0,,,,,,,26.297056810403834,2.0,,0.0
Brady Boyd,WR,JAX,1.0366308022602815,5.387469963865679,5.584817310795248,-111.20033722202889,756.0,318.0,,,,,,,24.23819301848049,0.0,,0.0
Raylen Sharpe,WR,IND,1.0801384898036277,5.1676263799216535,5.581752153877963,-111.20340237894618,757.0,319.0,,,,,,,24.432580424366872,0.0,,0.0
Samori Toure,WR,PHI,1.0964806468014479,5.086574287358969,5.577330264606976,-111.20782426821717,758.0,320.0,,,,,,,28.44079397672827,4.0,,0.0
Jackson Meeks,WR,DET,0.9442281967678992,5.867509575061058,5.540267985578286,-111.24488654724586,759.0,321.0,,,,,,,23.44147843942505,0.0,,0.0
Eric Rivers,WR,TB,0.9970587142866747,5.5524584968007415,5.53612712995027,-111.24902740287386,760.0,322.0,,,,,,,23.956194387405887,0.0,,0.0
Jacoby Brissett,QB,ARI,11.392349959439748,9.67242934412799,110.19170004626034,-111.29890034769511,761.0,29.0,,,28.0,212.0,-1.0,160.0,33.72210814510609,10.0,,0.0
Dalen Cambre,WR,NYG,1.081356758939481,5.064629749240225,5.476671610866886,-111.30848292195725,762.0,323.0,,,,,,,25.39356605065024,1.0,,0.0
Dalevon Campbell,WR,LAC,1.314546309909271,4.165951129154679,5.476335684092644,-111.30881884873149,763.0,324.0,,,,,,,24.739219712525667,1.0,,0.0
Will Pauling,WR,SF,0.9157845777262459,5.8894745811041105,5.393489992285887,-111.39166454053824,764.0,325.0,,,,,,,23.49623545516769,0.0,,0.0
Mac Jones,QB,SF,11.564500816596796,9.518384205382107,110.07536191582342,-111.41523847813203,765.0,30.0,,,,,,,27.98904859685147,5.0,,0.0
Tyren Montgomery,WR,TEN,1.1853602828879661,4.529333679794562,5.368892251975275,-111.41626228084885,766.0,326.0,,,,,,,25.163586584531146,0.0,,0.0
E.J. Williams,WR,LV,1.1513909413989298,4.557630161133134,5.247614081775235,-111.5375404510489,767.0,327.0,,,,,,,24.79671457905544,0.0,,0.0
Bryson Green,WR,ARI,0.9185753959853851,5.712408713140473,5.247278095703374,-111.53787643712076,768.0,328.0,,,,,,,23.67145790554415,0.0,,0.0
Dean Patterson,WR,TB,0.9812844499404076,5.3323082874996865,5.232511204811807,-111.55264332801232,769.0,329.0,,,,,,,24.28473648186174,0.0,,0.0
Ben Patterson,WR,JAX,0.8967912926917796,5.797061528940014,5.198754302351899,-111.58640023047224,770.0,330.0,,,,,,,23.18685831622177,0.0,,0.0
A.J. Henning,WR,MIA,1.144598353737068,4.541062636678805,5.19769281815947,-111.58746171466467,771.0,331.0,,,,,,,24.97741273100616,0.0,,0.0
Deion Burks,WR,IND,0.8157298955800125,6.329287391699253,5.162988943126722,-111.62216558969742,772.0,332.0,,,,,,,23.64681724845996,0.0,,0.0
Xavier Johnson,WR,CIN,1.1228282858893686,4.582633010997028,5.145509968597828,-111.6396445642263,773.0,333.0,,,,,,,27.310061601642712,0.0,,0.0
Trebor Pena,WR,JAX,1.0239325657191656,5.018888075619298,5.139002944326193,-111.64615158849794,774.0,334.0,,,,,,,24.525667351129364,0.0,,0.0
Dohnte Meyers,WR,CIN,1.1569313054915245,4.430250931061084,5.125495993327542,-111.65965853949659,775.0,335.0,,,,,,,26.154688569472963,0.0,,0.0
Will Sheppard,WR,GB,1.0125765414916352,5.024512465291032,5.087703454786003,-111.69745107803813,776.0,336.0,,,,,,,24.553045859000683,0.0,,0.0
Mante Morrow,WR,LAC,1.0305268182885206,4.8680314712858515,5.016636983432594,-111.76851754939155,777.0,337.0,,,,,,,24.62696783025325,0.0,,0.0
Caullin Lacy,WR,NYJ,1.0467589847379664,4.788051993695442,5.011936443793236,-111.7732180890309,778.0,338.0,,,,,,,24.692676249144423,0.0,,0.0
Courtney Jackson,WR,TEN,1.0948025092097629,4.523593742880041,4.952441780350652,-111.83271275247348,779.0,339.0,,,,,,,25.470225872689937,0.0,,0.0
Brandon Johnson,WR,LV,0.928247616154316,5.267761791730853,4.889787325642952,-111.89536720718118,780.0,340.0,,,,,,,28.10130047912389,4.0,,0.0
Dareke Young,WR,LV,0.6394729889321551,7.532729632811475,4.816977133111769,-111.96817739971237,781.0,341.0,,,,,,,27.24435318275154,4.0,,0.0
Traeshon Holden,WR,DAL,1.0543804899753435,4.528678588880427,4.774950349484592,-112.01020418333954,782.0,342.0,,,,,,,24.969199178644764,0.0,,0.0
Luke Floriea,WR,CLE,1.0237336131497674,4.577616177585759,4.686259549092696,-112.09889498373144,783.0,343.0,,,,,,,24.856947296372347,0.0,,0.0
Sincere Brown,WR,LAC,0.9927795219197568,4.617234686186534,4.583896044343586,-112.20125848848055,784.0,344.0,,,,,,,24.73100616016427,0.0,,0.0
Cornelius Johnson,WR,BAL,0.7445120960324458,6.077875696436725,4.525051974178767,-112.26010255864537,785.0,345.0,,,,,,,25.75496235455168,2.0,,0.0
Jacob De Jesus,WR,KC,0.8947649647815328,5.026359691422428,4.497410552274904,-112.28774398054924,786.0,346.0,,,,,,,24.470910335386723,0.0,,0.0
Tom Kennedy,WR,DET,0.6477547600809179,6.871911578683386,4.4513134359473385,-112.3338410968768,787.0,347.0,,,,,,,30.091718001368925,5.0,,0.0
Myles Price,WR,MIN,0.8408495285711501,5.188397924485313,4.36266194884301,-112.42249258398112,788.0,348.0,,,,,,,24.709103353867214,1.0,,0.0
Malik Cunningham,WR,DET,0.9140074184348272,4.602161361268063,4.206409625033133,-112.578744907791,789.0,349.0,,,,,,,27.904175222450377,3.0,,0.0
Chase Roberts,WR,LV,0.9393318173374827,4.4762242911680294,4.20465989823305,-112.58049463459109,790.0,350.0,,,,,,,25.60985626283368,0.0,,0.0
Montorie Foster Jr,WR,SEA,0.9218506524310057,4.541062636678805,4.1861815543524195,-112.59897297847172,791.0,351.0,,,,,,,25.078713210130047,0.0,,0.0
Stephen Gosnell,WR,BUF,0.9036262790909868,4.577616177585759,4.136454273658526,-112.64870025916561,792.0,352.0,,,,,,,24.85968514715948,0.0,,0.0
Mac Dalena,WR,BUF,0.9036262790909868,4.528678588880427,4.092232982469041,-112.6929215503551,793.0,353.0,,,,,,,24.908966461327857,0.0,,0.0
Ja'Mori Maclin,WR,BUF,0.9003628785943714,4.528678588880427,4.077454090513077,-112.70770044231107,794.0,354.0,,,,,,,24.94182067077344,0.0,,0.0
Ashton Dulin,WR,IND,0.41844412423335564,9.493770009928967,3.972612277477623,-112.81254225534651,795.0,355.0,,,,,,,29.297741273100616,7.0,,0.0
Jimmy Holiday,WR,KC,0.8334731009666103,4.70574732505967,3.922113815382815,-112.86304071744132,796.0,356.0,,,,,,,24.709103353867214,0.0,,0.0
Le'Meke Brockington,WR,ATL,0.849925886527565,4.528678588880427,3.8490411644525993,-112.93611336837154,797.0,357.0,,,,,,,24.89801505817933,0.0,,0.0
Coleman Owen,WR,IND,0.9377424883416857,4.098578730303878,3.843411417219465,-112.94174311560467,798.0,358.0,,,,,,,25.44284736481862,1.0,,0.0
Lance McCutcheon,WR,TEN,0.77716083294834,4.945286697305269,3.8432831288461085,-112.94187140397803,799.0,359.0,,,,,,,27.50718685831622,4.0,,0.0
Tyrone Broden,WR,SEA,0.84617298193101,4.474645535880474,3.786324156180263,-112.99883037664388,800.0,360.0,,,,,,,25.51129363449692,0.0,,0.0
Chandler Brayboy,WR,JAX,0.7804331888233147,4.541062636678805,3.543995994189649,-113.2411585386345,801.0,361.0,,,,,,,25.032169746748803,0.0,,0.0
Nick Nash,WR,WAS,0.7747498525369951,4.560518065191636,3.5332606984995225,-113.25189383432462,802.0,362.0,,,,,,,27.15126625598905,0.0,,0.0
Luke Grimm,WR,LAC,0.7718584285053183,4.541062636678805,3.5050574704911193,-113.28009706233301,803.0,363.0,,,,,,,25.065023956194388,0.0,,0.0
Isaiah Neyor,WR,GB,0.7690870486615107,4.529333679794562,3.4834518721963796,-113.30170266062775,804.0,364.0,,,,,,,25.234770704996578,0.0,,0.0
Cole Burgess,WR,PIT,0.7824589000979105,4.41836781833826,3.4571912233649598,-113.32796330945918,805.0,365.0,,,,,,,26.55441478439425,0.0,,0.0
Josh Kelly,WR,HOU,0.7551398252456649,4.529333679794562,3.42028024343937,-113.36487428938477,806.0,366.0,,,,,,,25.169062286105408,0.0,,0.0
Garrett Greene,WR,TB,0.7528087427143637,4.528678588880427,3.4092288346525335,-113.3759256981716,807.0,367.0,,,,,,,24.8870636550308,0.0,,0.0
Xavier Guillory,WR,BAL,0.7513678194115405,4.52690443438063,3.4013703135450073,-113.38378421927914,808.0,368.0,,,,,,,25.136208076659823,0.0,,0.0
Colton Dowell,WR,SF,0.4884412997679784,6.829419904745463,3.3357707349351773,-113.44938379788896,809.0,369.0,,,,,,,27.370294318959616,3.0,,0.0
D.T. Sheffield,WR,NYJ,0.7369769975270124,4.474645535880474,3.297710832030841,-113.48744370079329,810.0,370.0,,,,,,,25.516769336071185,0.0,,0.0
Malick Meiga,WR,CAR,0.7124145131868524,4.523593742880041,3.222673834188976,-113.56248069863516,811.0,371.0,,,,,,,25.43737166324436,0.0,,0.0
JaQuae Jackson,WR,LAC,0.7213868098246321,4.41836781833826,3.187352265102857,-113.59780226772128,812.0,372.0,,,,,,,26.587268993839835,0.0,,0.0
Kendric Pryor,WR,CIN,0.6550436273406791,4.834201445966419,3.166612850461399,-113.61854168236273,813.0,373.0,,,,,,,28.65160848733744,2.0,,0.0
Gee Scott Jr.,WR,NYJ,0.6977683238607888,4.46753609690851,3.1173051741274214,-113.66784935869671,814.0,374.0,,,,,,,25.675564681724847,0.0,,0.0
Cortez Braham,WR,BAL,0.6848496541497626,4.457057237473204,3.05241410760922,-113.73274042521491,815.0,375.0,,,,,,,26.48870636550308,0.0,,0.0
Keelan Marion,WR,ATL,0.6878344206652791,4.430250931061084,3.047279082568214,-113.73787545025593,816.0,376.0,,,,,,,26.19301848049281,0.0,,0.0
Jeremiah Webb,WR,NE,0.6601252296331088,4.5270689561605435,2.988432434250397,-113.79672209857374,817.0,377.0,,,,,,,25.29226557152635,0.0,,0.0
Dennis Houston,WR,TB,0.5861094362567693,4.958442781131481,2.9061901031604194,-113.87896442966371,818.0,378.0,,,,,,,27.35660506502396,4.0,,0.0
E.J. Horton,WR,IND,0.6401168741796823,4.481713087577499,2.8688201725902815,-113.91633436023386,819.0,379.0,,,,,,,26.001368925393567,0.0,,0.0
Brandon Smith,WR,PIT,0.6282840295241785,4.5325746792852515,2.847744283620599,-113.93741024920354,820.0,380.0,,,,,,,27.72621492128679,0.0,,0.0
Eli Pancol,WR,IND,0.6401168741796823,4.430250931061084,2.8358783778224486,-113.94927615500168,821.0,381.0,,,,,,,26.151950718685832,0.0,,0.0
Jayden Daniels,QB,WAS,16.663762474233557,6.452415328163832,107.52151641362587,-113.96908398032957,822.0,31.0,53.0,12.0,5.0,64.0,-26.0,313.72,25.70294318959617,2.0,,0.0
Dayton Wade,WR,BAL,0.6156810527167589,4.493943465544475,2.766835843716022,-114.01831868910811,823.0,382.0,,,,,,,25.97946611909651,0.0,,0.0
Marcus Mariota,QB,WAS,12.991431557943047,8.267650403105545,107.40861435694593,-114.08198603700951,824.0,32.0,,,,,,,32.837782340862425,11.0,,0.0
Jalen Virgil,WR,BUF,0.5110741140321061,5.268714836898931,2.6927037673559333,-114.0924507654682,825.0,383.0,,,,,,,28.136892539356605,4.0,,0.0
Andrew Armstrong,WR,KC,0.5973195026158438,4.476722635757091,2.674033738139515,-114.11112079468462,826.0,384.0,,,,,,,25.83436002737851,0.0,,0.0
Ben Nikkel,WR,IND,0.5943097356432032,4.461970738981807,2.651792650331986,-114.13336188249215,827.0,385.0,,,,,,,26.937713894592743,0.0,,0.0
Kyle Dixon,WR,NE,0.5887688653238348,4.493943465544475,2.645893995038082,-114.13926053778606,828.0,386.0,,,,,,,25.96303901437372,0.0,,0.0
Nick DeGennaro,WR,NE,0.5887688653238348,4.46753609690851,2.630346158570097,-114.15480837425405,829.0,387.0,,,,,,,25.67282683093772,0.0,,0.0
Tim Jones,WR,JAX,0.35973248649721495,6.824601182018103,2.4550307525592046,-114.33012378026493,830.0,388.0,,,,,,,28.2984257357974,4.0,,0.0
Jeshaun Jones,WR,MIN,0.6523658738989075,3.6764571443293317,2.3983951778122865,-114.38675935501185,831.0,389.0,,,,,,,26.694045174537987,1.0,,0.0
Dan Chisena,WR,CAR,0.42762924579603584,5.349575630796199,2.287634992326231,-114.4975195404979,832.0,390.0,,,,,,,29.51403148528405,6.0,,0.0
Joe Burrow,QB,CIN,15.037878695367205,7.10288149473662,106.81227030541778,-114.67833008853766,833.0,33.0,49.0,11.0,4.0,57.0,-29.0,306.12,29.724845995893222,6.0,,0.0
Chris Blair,WR,ATL,0.35537988878560783,4.92288792831653,1.7494953644691396,-115.035659168355,834.0,391.0,,,,,,,28.903490759753595,2.0,,0.0
Maurice Alexander,WR,CHI,0.3253780634688668,5.323101293046442,1.732020390380072,-115.05313414244407,835.0,392.0,,,,,,,29.639972621492127,4.0,,0.0
Malik Turner,WR,SF,0.2237132964259144,6.465062498363292,1.4463204431084098,-115.33883408971573,836.0,393.0,,,,,,,30.587268993839835,8.0,,0.0
Irvin Charles,WR,SEA,0.21125519168850954,5.1756829977319425,1.0933899038048212,-115.69176462901932,837.0,394.0,,,,,,,29.38535249828884,3.0,,0.0
Kirk Cousins,QB,LV,12.640524680777876,7.115429168378105,89.94275801721024,-131.54784237674522,838.0,34.0,,,,,,,38.03422313483915,14.0,,0.0
Michael Penix Jr.,QB,ATL,11.484095949784077,7.620901532376435,87.51916442166748,-133.97143597228796,839.0,35.0,,,31.0,239.0,-4.0,108.38,26.31622176591376,2.0,,0.0
Brock Purdy,QB,SF,15.938985955932896,5.4515909744807125,86.8928319797386,-134.59776841421683,840.0,36.0,73.0,18.0,13.0,109.0,-23.0,295.66,26.680355920602327,4.0,,0.0
Ty Simpson,QB,LA,9.119362871237385,9.38066689750113,85.54570541251739,-135.94489498143804,841.0,37.0,,,33.0,244.0,-4.0,13.62,23.696098562628336,0.0,,0.0
Kyler Murray,QB,MIN,15.469190539156784,5.505253371968934,85.16181337732282,-136.32878701663265,842.0,38.0,98.0,22.0,21.0,163.0,-17.0,265.2,29.06776180698152,7.0,,0.0
Carson Wentz,QB,MIN,13.61452903660438,5.798045381161303,78.93765719737046,-142.55294319658498,843.0,39.0,,,,,,,33.67008898015058,10.0,,0.0
Deshaun Watson,QB,CLE,12.474413250224467,6.289932115984898,78.46321253065443,-143.02738786330102,844.0,40.0,,,,,,,30.965092402464062,9.0,,0.0
Drew Allar,QB,PIT,7.14007367005292,9.761970160508241,69.70118611088716,-151.78941428306828,845.0,41.0,,,,,,,22.48323066392881,0.0,,0.0
Dillon Gabriel,QB,CLE,9.973717781529087,6.535557454016772,65.18380559133205,-156.30679480262341,846.0,42.0,,,,,,,25.675564681724847,1.0,,0.0
Shedeur Sanders,QB,CLE,9.73263746310953,5.901047896330477,57.43275982742968,-164.05784056652578,847.0,43.0,,,30.0,236.0,-13.0,97.12,24.56399726214921,1.0,,0.0
Andy Dalton,QB,PHI,8.98136567852655,5.23697566304281,47.035193479331525,-174.45540691462392,848.0,44.0,,,,,,,38.84188911704312,15.0,,0.0
Anthony Richardson,QB,IND,10.278753367223473,4.0897104756100235,42.03712532214564,-179.4534750718098,849.0,45.0,,,,,,,24.27926078028748,3.0,,0.0
Malik Willis,QB,MIA,9.652649685558105,4.303061793339588,41.53594806641647,-179.95465232753898,850.0,46.0,97.0,21.0,18.0,152.0,-28.0,252.78,27.27173169062286,4.0,,0.0
Bailey Zappe,QB,NYJ,9.250257582708842,4.311421842799101,39.88176259360891,-181.60883780034652,851.0,47.0,,,,,,,27.351129363449694,4.0,,0.0
Carson Beck,QB,ARI,3.7246483038329674,10.431053804013354,38.85200685830876,-182.6385935356467,852.0,48.0,,,,,,,,0.0,,0.0
Jameis Winston,QB,NYG,7.350153562579722,5.262684592677699,38.6815399076034,-182.80906048635205,853.0,49.0,,,,,,,32.65160848733744,11.0,,0.0
Quinn Ewers,QB,MIA,10.547401907073958,3.578348885271625,37.74228385668991,-183.74831653726554,854.0,50.0,,,,,,,23.46611909650924,1.0,,0.0
Will Levis,QB,TEN,6.280477142516355,5.853994103899517,36.765876161966425,-184.72472423198903,855.0,51.0,,,,,,,27.1813826146475,3.0,,0.0
Mitchell Trubisky,QB,TEN,7.324835434654374,4.892560002983549,35.83719687602661,-185.65340351792884,856.0,52.0,,,,,,,32.03285420944559,9.0,,0.0
Jack Strand,QB,ATL,5.663078388901743,5.85497077741026,33.15715847720328,-188.33344191675218,857.0,53.0,,,,,,,22.190280629705683,0.0,,0.0
Cade Klubnik,QB,NYJ,4.110789634004881,7.98710192142594,32.83329578433822,-188.65730460961723,858.0,54.0,,,,,,,22.89390828199863,0.0,,0.0
Trey Lance,QB,LAC,6.364045032760814,5.046740934072588,32.11768657311532,-189.37291382084013,859.0,55.0,,,,,,,26.313483915126625,5.0,,0.0
Zach Wilson,QB,NO,6.543997051878297,4.713873897672005,30.847576889291656,-190.6430235046638,860.0,56.0,,,,,,,27.08008213552361,5.0,,0.0
Tyler Huntley,QB,BAL,6.158153775181217,4.833010474660912,29.762421700023463,-191.728178693932,861.0,57.0,,,,,,,28.57494866529774,6.0,,0.0
Aidan O'Connell,QB,LV,10.696044932081273,2.593130924779844,27.736244886214678,-193.75435550774077,862.0,58.0,,,,,,,28.0,3.0,,0.0
Brady Cook,QB,NYJ,8.24225273753068,3.3414052113212787,27.540706250212093,-193.94989414374336,863.0,59.0,,,,,,,24.8870636550308,1.0,,0.0
Diego Pavia,QB,BAL,4.1808526214570385,6.344579920900353,26.525753594339932,-194.96484679961551,864.0,60.0,,,,,,,,0.0,,0.0
Kenny Pickett,QB,CAR,5.851176302940809,4.51900577145303,26.44149948277872,-195.04910091117674,865.0,61.0,,,,,,,28.23819301848049,4.0,,0.0
Will Grier,QB,CAR,5.292117341929535,4.985357499419328,26.383096878395484,-195.10750351555996,866.0,62.0,,,,,,,31.41409993155373,7.0,,0.0
Kyle McCord,QB,GB,6.1003085376299415,3.6579746805848874,22.314774174406146,-199.1758262195493,867.0,63.0,,,,,,,23.95071868583162,1.0,,0.0
Tyrod Taylor,QB,GB,5.612870574327632,3.806406512524603,21.364867108078407,-200.12573328587703,868.0,64.0,,,,,,,37.07871321013005,15.0,,0.0
Jalen Milroe,QB,SEA,5.519843325427549,3.654233401726197,20.170795852072754,-201.3198045418827,869.0,65.0,,,,,,,23.7180013689254,1.0,,0.0
Spencer Rattler,QB,NO,3.979645347962765,4.925393558753845,19.601319562980507,-201.88928083097494,870.0,66.0,,,,,,,25.924709103353862,2.0,,0.0
Cam Miller,QB,MIA,6.009433676093966,2.8811240601029304,17.313923951787125,-204.17667644216831,871.0,67.0,,,,,,,25.204654346338124,1.0,,0.0
Matthew Caldwell,QB,LA,3.5000508239318613,4.897647686640739,17.142015820954892,-204.34858457300055,872.0,68.0,,,,,,,23.277207392197127,0.0,,0.0
Drew Lock,QB,SEA,4.335056668181642,3.8794602784757153,16.81768014915196,-204.6729202448035,873.0,69.0,,,,,,,29.806981519507183,7.0,,0.0
Trevor Siemian,QB,ATL,9.933022407470288,1.6500402449862435,16.38988672667612,-205.10071366727934,874.0,70.0,,,,,,,34.68309377138946,11.0,,0.0
Max Brosmer,QB,MIN,5.183707515523671,3.116026872417434,16.15257191712397,-205.33802847683148,875.0,71.0,,,,,,,25.429158110882955,1.0,,0.0
Luke Altmyer,QB,DET,3.4157128855811063,4.425742719087844,15.117066433855111,-206.37353396010033,876.0,72.0,,,,,,,23.860369609856264,0.0,,0.0
Kyron Drones,QB,GB,3.1019622969935474,4.7973008110107225,14.881046243091829,-206.60955415086363,877.0,73.0,,,,,,,23.107460643394933,0.0,,0.0
Mason Rudolph,QB,PIT,4.229635241013759,3.396866057674023,14.367504386541524,-207.12309600741392,878.0,74.0,,,,,,,31.12662559890486,8.0,,0.0
Sam Hartman,QB,WAS,5.007093842872785,2.8594726902081966,14.317648101004341,-207.1729522929511,879.0,75.0,,,,,,,27.09377138945928,0.0,,0.0
Jake Browning,QB,TB,4.3813014103994155,3.2335491101728433,14.167153276996054,-207.3234471169594,880.0,76.0,,,,,,,30.390143737166323,3.0,,0.0
Jalon Daniels,QB,TB,3.1425162048659168,4.494908092849079,14.125321521161185,-207.36527887279425,881.0,77.0,,,,,,,23.84120465434634,0.0,,0.0
Davis Mills,QB,HOU,2.7603170101462693,4.978098412314789,13.741129725694648,-207.7494706682608,882.0,78.0,,,,,,,27.863107460643395,5.0,,0.0
Mark Gronowski,QB,MIA,4.75897182702466,2.886899262466791,13.73867225753773,-207.75192813641772,883.0,79.0,,,,,,,24.90622861054073,0.0,,0.0
Tanner McKee,QB,PHI,7.041606800474835,1.8039421934544215,12.702651617092144,-208.7879487768633,884.0,80.0,,,,,,,26.34633812457221,3.0,,0.0
Jacob Clark,QB,LV,4.326455675496913,2.800988254720309,12.118351531634874,-209.37224886232056,885.0,81.0,,,,,,,25.831622176591377,0.0,,0.0
Hendon Hooker,QB,TEN,2.1661340833737186,5.468371579153467,11.84522605815649,-209.64537433579895,886.0,82.0,,,,,,,28.63244353182752,3.0,,0.0
Teddy Bridgewater,QB,DET,3.374579821086302,3.3988533010476303,11.4697017645479,-210.02089862940755,887.0,83.0,,,,,,,33.80698151950719,12.0,,0.0
Easton Stick,QB,IND,3.592514734914997,3.178529905120323,11.418915519512726,-210.07168487444272,888.0,84.0,,,,,,,30.978781656399725,7.0,,0.0
Taylen Green,QB,CLE,3.2068346847230456,3.4454792295926513,11.049082298950552,-210.44151809500488,889.0,85.0,,,,,,,23.871321013004792,0.0,,0.0
Stetson Bennett,QB,LA,2.377415814531663,4.638716217377673,11.028157294318175,-210.46244309963728,890.0,86.0,,,,,,,28.843258042436688,3.0,,0.0
Will Howard,QB,PIT,3.6649764227898127,2.8369205382907268,10.397246886163698,-211.09335350779176,891.0,87.0,,,,,,,24.93634496919918,1.0,,0.0
Case Keenum,QB,CHI,3.3631566999072637,3.0251332625096605,10.173997199921684,-211.31660319403377,892.0,88.0,,,,,,,38.53798767967146,13.0,,0.0
Nick Mullens,QB,JAX,3.0394765638853207,3.329251072371669,10.11918060976376,-211.3714197841917,893.0,89.0,,,,,,,31.449691991786448,8.0,,0.0
Gardner Minshew,QB,ARI,3.6477623850706156,2.612842204851752,9.531027512983194,-211.95957288097225,894.0,90.0,,,,,,,30.2943189596167,7.0,,0.0
Joey Aguilar,QB,JAX,3.220013354227278,2.8875543533809243,9.297963578943689,-212.19263681501175,895.0,91.0,,,,,,,25.21013004791239,0.0,,0.0
Miller Moss,QB,CHI,2.653765793148007,3.479483911332961,9.233735381704246,-212.2568650122512,896.0,92.0,,,,,,,24.45448323066393,0.0,,0.0
Graham Mertz,QB,HOU,3.4180408244654954,2.690058339027024,9.19472922298821,-212.29587117096725,897.0,93.0,,,,,,,25.73579739904175,1.0,,0.0
Haynes King,QB,CAR,3.234954985880619,2.780940144068669,8.996216184490509,-212.49438420946493,898.0,94.0,,,,,,,25.642710472279266,0.0,,0.0
Carter Bradley,QB,JAX,3.224389488523433,2.754270577744755,8.880841099429553,-212.6097592945259,899.0,95.0,,,,,,,26.480492813141684,0.0,,0.0
Sam Howell,QB,DAL,2.1214476177817336,4.10445907793488,8.707394933167562,-212.78320546078788,900.0,96.0,,,,,,,25.95756331279945,4.0,,0.0
Chris Oladokun,QB,KC,3.9405226255755994,2.1920004510970674,8.637627372819914,-212.85297302113554,901.0,97.0,,,,,,,28.993839835728952,4.0,,0.0
Riley Leonard,QB,IND,2.995637999075679,2.6761584203929,8.016801855675316,-213.47379853828014,902.0,98.0,,,,,,,23.96714579055441,1.0,,0.0
Josh Johnson,QB,CIN,2.910269395148385,2.7492943286400617,8.001187142896198,-213.48941325105926,903.0,99.0,,,,,,,40.2984257357974,18.0,,0.0
Joe Milton III,QB,DAL,4.350966022718175,1.6859725177372695,7.335609139911474,-214.15499125404398,904.0,100.0,,,,,,,26.48870636550308,2.0,,0.0
Connor Bazelak,QB,TB,2.4588162627407213,2.81114105040421,6.9120793315919045,-214.57852106236354,905.0,101.0,,,,,,,25.94113620807666,0.0,,0.0
Sam Ehlinger,QB,DEN,2.427659859963603,2.8438613135234974,6.903927958144361,-214.5866724358111,906.0,102.0,,,,,,,27.920602327173167,5.0,,0.0
Sean Clifford,QB,CIN,1.7115554700461195,3.9515454498981786,6.763289229909081,-214.72731116404637,907.0,103.0,,,,,,,28.13415468856948,3.0,,0.0
Athan Kaliakmanis,QB,WAS,2.340739797142814,2.7042084897198233,6.329848431658655,-215.16075196229679,908.0,104.0,,,,,,,23.033538672142367,0.0,,0.0
Joe Fagnano,QB,BAL,2.1876838963416056,2.881814416466405,6.304498991148635,-215.1861014028068,909.0,105.0,,,,,,,25.42094455852156,0.0,,0.0
DJ Uiagalelei,QB,LAC,2.134488235735297,2.881814416466405,6.15119896951992,-215.33940142443552,910.0,106.0,,,,,,,25.37440109514032,0.0,,0.0
Cole Payton,QB,PHI,1.3789723991391605,3.9454172246038457,5.440621455816933,-216.0499789381385,911.0,107.0,,,,,,,23.84941820670773,0.0,,0.0
Tommy DeVito,QB,NE,1.4588891370632557,3.0866644546887656,4.503101242704718,-216.98749915125072,912.0,108.0,,,,,,,28.0684462696783,3.0,,0.0
Brandon Allen,QB,NYG,1.708057417339241,2.359381556395805,4.0299591677352575,-217.4606412262202,913.0,109.0,,,,,,,33.987679671457904,10.0,,0.0
Kedon Slovis,QB,ARI,2.0452788428182136,1.5999162158874736,3.272274786636427,-218.21832560731903,914.0,110.0,,,,,,,25.39082819986311,1.0,,0.0
Kurtis Rourke,QB,SF,1.7997093125307786,1.636023316558095,2.9443663983270936,-218.54623399562834,915.0,111.0,,,,,,,25.8507871321013,1.0,,0.0
Garrett Nussmeier,QB,KC,1.6366532132546427,1.7096751205331913,2.798145279642166,-218.69245511431328,916.0,112.0,,,,,,,24.566735112936342,0.0,,0.0
Jarrett Stidham,QB,DEN,1.0007945000913738,2.208919369785562,2.210674356426694,-219.27992603752875,917.0,113.0,,,,,,,30.06433949349761,7.0,,0.0
Behren Morton,QB,NE,1.3605488941324921,1.4589129151283018,1.9849223533134213,-219.50567804064204,918.0,114.0,,,,,,,24.621492128678987,0.0,,0.0
Adrian Martinez,QB,SF,1.460358765888773,1.3348236402989961,1.9493214040262012,-219.54127898992925,919.0,115.0,,,,,,,26.65023956194388,1.0,,0.0
Skylar Thompson,QB,BAL,0.31302088888776824,1.9884103214894981,0.6224139663062558,-220.8681864276492,920.0,116.0,,,,,,,29.24298425735797,4.0,,0.0
Kyle Allen,QB,BUF,0.14739430611865684,3.1239112041225656,0.4604467243079433,-221.0301536696475,921.0,117.0,,,,,,,30.48323066392881,8.0,,0.0
Shane Buechele,QB,BUF,0.23488269739167086,1.9094867253012016,0.4485053926723347,-221.04209500128312,922.0,118.0,,,,,,,28.64613278576317,1.0,,0.0
Tyson Bagent,QB,CHI,0.0,2.5497135771336357,0.0,-221.49060039395545,923.0,119.0,,,,,,,26.23134839151266,3.0,,0.0
