season,sleeper_id,player,norm_name,position,adp_half_ppr,adp_ppr,adp_std,adp_2qb,sleeper_pts_half_ppr,sleeper_pts_ppr,sleeper_pts_std,sleeper_rush_yd,sleeper_rush_td,sleeper_rec,sleeper_rec_yd,sleeper_rec_td,sleeper_pass_yd,sleeper_pass_td,sleeper_gp,adp_overall_rank,adp_pos_rank
2020,3321,Tyreek Hill,tyreek hill,WR,1.3,6.0,2.0,3.0,226.98,267.01,186.95,95.33,1.06,80.06,1239.82,8.32,,,15.0,1,1
2020,4029,Dalvin Cook,dalvin cook,RB,2.0,4.0,4.0,12.0,255.41,278.59,232.23,1233.82,11.07,46.36,425.99,1.0,,,14.0,2,1
2020,4137,James Conner,james conner,RB,3.0,25.0,5.0,30.0,169.94,186.48,153.4,835.54,6.74,33.09,285.36,0.78,,,13.0,3,2
2020,4866,Saquon Barkley,saquon barkley,RB,4.0,5.0,6.0,22.0,35.12,39.4,30.85,142.21,1.22,8.54,77.94,0.34,,,2.0,4,3
2020,3198,Derrick Henry,derrick henry,RB,5.0,3.0,9.0,4.0,279.2,294.36,264.05,1506.08,14.74,30.32,248.21,1.09,,,16.0,5,4
2020,4018,Joe Mixon,joe mixon,RB,6.0,21.0,11.0,25.0,88.05,96.32,79.77,429.01,3.11,16.55,160.49,0.76,,,6.0,6,5
2020,4988,Nick Chubb,nick chubb,RB,7.0,10.0,12.0,15.0,173.67,184.63,162.71,982.39,7.93,21.93,174.19,0.56,,,12.0,7,6
2020,4035,Alvin Kamara,alvin kamara,RB,8.0,2.0,13.0,6.0,278.48,323.63,233.32,905.03,9.01,90.31,748.14,3.0,,,15.0,8,7
2020,3164,Ezekiel Elliott,ezekiel elliott,RB,9.0,1.3,15.0,10.0,238.3,266.76,209.83,1124.57,8.63,56.93,413.12,1.6,,,15.0,9,8
2020,2133,Davante Adams,davante adams,WR,10.0,12.0,22.0,19.0,253.61,307.92,199.29,,,108.62,1341.48,10.69,,,14.0,10,2
2020,5850,Josh Jacobs,josh jacobs,RB,11.0,8.0,24.0,20.0,220.56,238.68,202.45,1169.11,9.16,36.23,310.27,0.81,,,15.0,11,9
2020,1234,Russell Wilson,russell wilson,QB,12.0,17.0,1.3,2.0,399.23,399.23,399.23,377.82,3.42,,,,4609.52,37.74,16.0,12,1
2020,4273,Chris Carson,chris carson,RB,13.0,38.0,154.0,29.0,169.42,189.39,149.45,806.93,6.66,39.94,256.55,1.22,,,12.0,13,10
2020,1992,Allen Robinson,allen robinson,WR,14.0,22.0,29.0,21.0,219.02,265.41,172.63,7.04,,92.78,1247.05,8.05,,,16.0,14,3
2020,1408,Le'Veon Bell,leveon bell,RB,15.0,29.0,30.0,44.0,91.4,104.95,77.85,404.94,2.62,27.1,201.1,0.67,,,12.0,15,11
2020,4040,JuJu Smith-Schuster,juju smithschuster,WR,16.0,19.0,31.0,45.0,185.83,227.13,144.52,,,82.61,1071.63,6.36,,,16.0,16,4
2020,2216,Mike Evans,mike evans,WR,17.0,13.0,3.0,11.0,206.06,246.94,165.18,,,81.76,1156.02,8.43,,,16.0,17,5
2020,4983,DJ Moore,dj moore,WR,18.0,26.0,35.0,32.0,186.76,226.07,147.45,77.67,,78.62,1032.21,6.22,,,15.0,18,6
2020,2320,Melvin Gordon,melvin gordon,RB,19.0,43.0,36.0,46.0,170.4,190.75,150.06,792.5,6.79,40.7,288.04,1.05,,,15.0,19,12
2020,4217,George Kittle,george kittle,TE,20.0,30.0,7.0,24.0,106.74,129.89,83.58,,,46.31,591.49,4.02,,,8.0,20,1
2020,6151,Miles Sanders,miles sanders,RB,21.0,35.0,8.0,33.0,181.63,204.91,158.35,734.16,5.37,46.56,426.28,2.51,,,12.0,21,13
2020,2391,David Johnson,david johnson,RB,22.0,31.0,38.0,47.0,156.19,173.83,138.56,716.66,4.97,35.26,326.8,1.4,,,12.0,22,14
2020,5846,DK Metcalf,dk metcalf,WR,23.0,36.0,39.0,34.0,239.87,284.59,195.14,33.5,,89.45,1366.88,9.35,,,16.0,23,7
2020,1689,Adam Thielen,adam thielen,WR,24.0,20.0,122.0,13.0,204.42,248.71,160.13,16.49,,88.59,1194.82,6.98,,,15.0,24,8
2020,1426,DeAndre Hopkins,deandre hopkins,WR,25.0,7.0,10.0,5.0,255.95,313.08,198.83,25.52,0.01,114.25,1393.84,9.66,,,16.0,25,9
2020,5012,Mark Andrews,mark andrews,TE,26.0,27.0,40.0,14.0,159.91,192.92,126.89,,,66.03,818.14,7.26,,,14.0,26,2
2020,2315,Todd Gurley,todd gurley,RB,27.0,23.0,44.0,36.0,174.34,192.03,156.64,791.21,8.58,35.38,250.56,0.99,,,15.0,27,15
2020,4881,Lamar Jackson,lamar jackson,QB,28.0,14.0,14.0,9.0,379.02,379.02,379.02,911.19,5.51,,,,3394.81,25.89,15.0,28,2
2020,4037,Chris Godwin,chris godwin,WR,29.0,42.0,16.0,37.0,155.55,187.49,123.61,14.73,,63.89,890.65,5.62,,,12.0,29,10
2020,4199,Aaron Jones,aaron jones,RB,30.0,15.0,17.0,16.0,225.59,251.81,199.36,1032.47,7.45,52.45,451.77,1.91,,,14.0,30,16
2020,2309,Amari Cooper,amari cooper,WR,31.0,18.0,18.0,17.0,195.14,237.88,152.39,13.71,,85.49,1148.29,6.53,,,16.0,31,11
2020,2078,Odell Beckham,odell beckham,WR,32.0,24.0,46.0,38.0,89.68,107.08,72.27,9.72,,34.81,510.14,3.16,3.29,0.41,7.0,32,12
2020,1466,Travis Kelce,travis kelce,TE,33.0,11.0,19.0,18.0,227.75,278.93,176.57,,,102.36,1286.21,7.87,,,16.0,33,3
2020,2374,Tyler Lockett,tyler lockett,WR,34.0,32.0,20.0,26.0,224.52,271.35,177.69,31.02,,93.66,1251.57,8.74,,,16.0,34,13
2020,3242,Kenyan Drake,kenyan drake,RB,35.0,33.0,21.0,39.0,179.73,195.13,164.34,1019.61,6.03,30.79,240.84,0.97,,,15.0,35,17
2020,4663,Austin Ekeler,austin ekeler,RB,36.0,16.0,23.0,27.0,153.78,178.25,129.31,523.63,3.14,48.94,474.49,2.44,,,10.0,36,18
2020,4046,Patrick Mahomes,patrick mahomes,QB,37.0,9.0,25.0,1.3,395.35,395.35,395.35,341.21,2.7,,,,4687.27,36.6,15.0,37,3
2020,1352,Robert Woods,robert woods,WR,38.0,40.0,48.0,50.0,205.98,252.24,159.71,135.0,0.85,92.53,1130.56,5.16,,,16.0,38,14
2020,1339,Zach Ertz,zach ertz,TE,39.0,28.0,26.0,41.0,100.14,124.93,75.34,,,49.58,531.45,3.63,,,11.0,39,4
2020,4981,Calvin Ridley,calvin ridley,WR,40.0,37.0,50.0,42.0,223.48,271.38,175.58,46.26,0.02,95.79,1224.59,8.59,,,15.0,40,15
2020,3199,Michael Thomas,michael thomas,WR,41.0,34.0,27.0,43.0,105.65,131.15,80.14,2.17,,51.01,609.33,3.23,,,7.0,41,16
2020,6130,Devin Singletary,devin singletary,RB,42.0,54.0,28.0,54.0,154.47,177.2,131.75,671.25,3.98,45.45,348.74,1.99,,,16.0,42,19
2020,5892,David Montgomery,david montgomery,RB,43.0,56.0,32.0,63.0,201.97,227.02,176.93,904.94,6.07,50.09,406.92,2.15,,,15.0,43,20
2020,3294,Dak Prescott,dak prescott,QB,44.0,47.0,52.0,31.0,123.66,123.66,123.66,111.53,1.2,,,,1488.91,10.63,5.0,44,4
2020,4098,Kareem Hunt,kareem hunt,RB,45.0,50.0,33.0,61.0,202.07,227.98,176.17,720.39,8.1,51.82,452.88,2.09,,,16.0,45,21
2020,1110,T.Y. Hilton,ty hilton,WR,46.0,52.0,34.0,56.0,146.37,179.81,112.93,14.45,,66.87,842.22,5.05,,,15.0,46,17
2020,2749,Raheem Mostert,raheem mostert,RB,47.0,62.0,63.0,64.0,96.16,103.64,88.68,517.41,3.6,14.96,140.28,0.64,,,8.0,47,22
2020,4951,DJ Chark,dj chark,WR,48.0,58.0,65.0,57.0,147.87,177.54,118.2,21.69,0.01,59.34,837.91,5.49,,,13.0,48,18
2020,3969,Leonard Fournette,leonard fournette,RB,49.0,49.0,37.0,52.0,111.96,124.97,98.96,467.71,3.62,26.01,255.89,1.03,,,13.0,49,23
2020,2505,Darren Waller,darren waller,TE,50.0,44.0,55.0,35.0,195.28,243.62,146.94,,,96.67,1044.11,7.24,,,16.0,50,5
2020,5859,A.J. Brown,aj brown,WR,51.0,51.0,56.0,53.0,190.61,226.46,154.76,56.72,,71.7,1072.29,7.11,,,14.0,51,19
2020,4017,Deshaun Watson,deshaun watson,QB,52.0,41.0,42.0,7.0,387.48,387.48,387.48,425.23,4.09,,,,4445.75,30.86,16.0,52,5
2020,5849,Kyler Murray,kyler murray,QB,53.0,39.0,43.0,8.0,406.2,406.2,406.2,694.8,6.62,,,,4152.09,28.62,16.0,53,6
2020,2449,Stefon Diggs,stefon diggs,WR,54.0,45.0,45.0,48.0,222.62,269.53,175.72,47.68,0.02,93.81,1254.36,8.11,,,16.0,54,20
2020,6813,Jonathan Taylor,jonathan taylor,RB,55.0,46.0,68.0,59.0,193.97,211.29,176.66,1044.66,7.13,34.63,276.89,0.99,,,15.0,55,24
2020,5848,Marquise Brown,marquise brown,WR,56.0,63.0,67.0,66.0,173.33,208.59,138.07,35.35,0.03,70.52,1010.95,5.97,,,16.0,56,21
2020,4066,Evan Engram,evan engram,TE,57.0,48.0,41.0,58.0,137.7,171.56,103.84,,,67.72,693.07,5.38,,,16.0,57,6
2020,289,Drew Brees,drew brees,QB,58.0,55.0,58.0,40.0,245.36,245.36,245.36,28.71,0.73,,,,3449.32,24.03,12.0,58,7
2020,5045,Courtland Sutton,courtland sutton,WR,59.0,60.0,59.0,60.0,0.06,0.06,0.06,,,,,,,,1.0,59,22
2020,830,A.J. Green,aj green,WR,60.0,59.0,49.0,65.0,132.55,161.26,103.84,,,57.42,753.96,5.18,,,16.0,60,23
2020,515,Rob Gronkowski,rob gronkowski,TE,61.0,53.0,79.0,62.0,129.86,156.68,103.04,,,53.64,658.98,5.91,,,16.0,61,7
2020,344,Julian Edelman,julian edelman,WR,62.0,64.0,53.0,73.0,60.97,77.14,44.79,6.37,,32.35,348.18,1.77,,,6.0,62,24
2020,5038,Michael Gallup,michael gallup,WR,63.0,65.0,57.0,68.0,151.69,185.46,117.93,,,67.53,888.85,5.29,,,16.0,63,25
2020,5052,Ronald Jones,ronald jones,RB,64.0,74.0,69.0,70.0,163.21,180.01,146.41,804.5,5.62,33.6,310.01,1.07,,,14.0,64,25
2020,2197,Brandin Cooks,brandin cooks,WR,65.0,69.0,51.0,72.0,161.12,194.67,127.58,35.57,0.03,67.09,1005.94,4.39,,,15.0,65,26
2020,6806,J.K. Dobbins,jk dobbins,RB,66.0,77.0,124.0,69.0,128.18,142.63,113.73,622.45,4.21,28.9,235.22,1.02,,,15.0,66,26
2020,4152,Marlon Mack,marlon mack,RB,67.0,79.0,54.0,77.0,-0.08,-0.08,-0.08,,,,,,,,1.0,67,27
2020,6790,D'Andre Swift,dandre swift,RB,68.0,75.0,156.0,83.0,124.25,144.85,103.66,490.09,2.97,41.19,334.18,1.17,,,13.0,68,28
2020,4984,Josh Allen,josh allen,QB,69.0,70.0,64.0,23.0,379.49,379.49,379.49,576.04,7.43,,,,3885.84,26.42,16.0,69,8
2020,96,Aaron Rodgers,aaron rodgers,QB,70.0,57.0,47.0,28.0,351.22,351.22,351.22,172.22,1.16,,,,4560.44,35.75,16.0,70,9
2020,24,Matt Ryan,matt ryan,QB,71.0,67.0,60.0,49.0,331.75,331.75,331.75,62.19,0.87,,,,4736.21,29.93,16.0,71,10
2020,6786,CeeDee Lamb,ceedee lamb,WR,72.0,71.0,82.0,71.0,159.75,195.54,123.97,18.88,,71.58,932.98,5.24,,,16.0,72,27
2020,3306,Jordan Howard,jordan howard,RB,73.0,91.0,141.0,97.0,,,,,,,,,,,,73,29
2020,5170,Phillip Lindsay,phillip lindsay,RB,74.0,88.0,70.0,84.0,85.93,93.91,77.95,482.84,3.12,15.97,118.37,0.58,,,11.0,74,30
2020,1067,Marvin Jones,marvin jones,WR,75.0,85.0,71.0,89.0,175.71,213.98,137.44,,,76.54,939.86,7.84,,,16.0,75,28
2020,1848,James White,james white,RB,76.0,76.0,85.0,87.0,114.28,142.14,86.42,202.85,1.13,55.72,443.85,2.71,,,14.0,76,31
2020,167,Tom Brady,tom brady,QB,77.0,61.0,80.0,51.0,338.69,338.69,338.69,39.01,1.59,,,,4709.37,32.5,16.0,77,11
2020,4973,Hayden Hurst,hayden hurst,TE,78.0,73.0,97.0,80.0,130.28,160.2,100.36,,,59.84,694.09,5.19,,,16.0,78,8
2020,4455,Matt Breida,matt breida,RB,79.0,92.0,74.0,90.0,51.83,57.29,46.37,277.49,1.42,10.92,102.2,0.27,,,12.0,79,32
2020,3271,Tyler Higbee,tyler higbee,TE,80.0,81.0,92.0,82.0,107.59,133.17,82.01,,,51.16,578.38,4.05,,,15.0,80,9
2020,5068,Kerryon Johnson,kerryon johnson,RB,81.0,99.0,73.0,78.0,80.05,92.53,67.57,292.52,2.26,24.97,194.75,1.17,,,16.0,81,33
2020,1476,Latavius Murray,latavius murray,RB,82.0,96.0,76.0,103.0,116.26,126.88,105.63,651.94,4.08,21.26,162.48,0.64,,,15.0,82,34
2020,367,Jared Cook,jared cook,TE,83.0,80.0,77.0,104.0,117.51,140.49,94.53,,,45.96,605.0,5.46,,,15.0,83,10
2020,2378,Tevin Coleman,tevin coleman,RB,84.0,103.0,61.0,110.0,33.66,37.11,30.22,159.14,1.22,6.88,60.41,0.38,,,8.0,84,35
2020,538,Emmanuel Sanders,emmanuel sanders,WR,85.0,93.0,81.0,102.0,126.64,155.0,98.29,,,56.71,763.58,4.1,,,14.0,85,29
2020,6789,Henry Ruggs,henry ruggs,WR,86.0,89.0,95.0,100.0,108.0,131.11,84.88,24.56,,46.24,665.34,2.99,,,13.0,86,30
2020,4962,Sony Michel,sony michel,RB,87.0,109.0,149.0,94.0,50.58,53.95,47.21,320.32,2.2,6.74,38.5,0.05,,,9.0,87,36
2020,5937,Diontae Johnson,diontae johnson,WR,88.0,98.0,93.0,111.0,173.03,210.79,135.27,45.65,,75.52,938.71,6.7,,,15.0,88,31
2020,5917,Mecole Hardman,mecole hardman,WR,89.0,105.0,83.0,107.0,98.97,116.43,81.51,40.23,0.14,34.92,555.16,3.83,,,16.0,89,32
2020,6783,Jerry Jeudy,jerry jeudy,WR,90.0,90.0,91.0,109.0,156.28,191.86,120.7,20.36,0.04,71.16,885.63,5.47,,,16.0,90,33
2020,6845,Zack Moss,zack moss,RB,93.0,102.0,100.0,108.0,98.56,108.68,88.44,545.99,2.84,20.25,166.16,0.53,,,13.0,91,37
2020,6945,Antonio Gibson,antonio gibson,RB,94.0,86.0,104.0,93.0,154.5,173.84,135.15,662.64,4.7,38.7,315.61,1.55,,,14.0,92,38
2020,3161,Carson Wentz,carson wentz,QB,95.0,87.0,75.0,55.0,220.69,220.69,220.69,158.51,1.42,,,,2799.01,19.17,11.0,93,12
2020,4950,Christian Kirk,christian kirk,WR,96.0,106.0,86.0,92.0,128.36,158.64,98.07,30.74,0.02,60.57,707.52,4.45,,,14.0,94,34
2020,5857,Noah Fant,noah fant,TE,98.0,97.0,89.0,85.0,131.16,163.45,98.87,,,64.58,682.16,4.8,,,15.0,95,11
2020,4157,Tarik Cohen,tarik cohen,RB,99.0,84.0,110.0,98.0,27.97,34.52,21.43,71.45,0.24,13.09,112.79,0.42,,,3.0,96,39
2020,6149,Darius Slayton,darius slayton,WR,102.0,112.0,90.0,113.0,160.56,193.52,127.61,,,65.92,916.07,6.52,,,16.0,97,35
2020,3200,Sterling Shepard,sterling shepard,WR,103.0,110.0,88.0,101.0,111.86,140.41,83.31,39.64,,57.1,598.67,3.67,,,12.0,98,36
2020,3202,Austin Hooper,austin hooper,TE,104.0,101.0,87.0,75.0,104.92,129.77,80.08,,,49.69,517.63,4.85,,,13.0,99,12
2020,421,Matthew Stafford,matthew stafford,QB,105.0,107.0,94.0,67.0,295.53,295.53,295.53,73.72,0.53,,,,4287.74,26.73,15.0,100,13
2020,954,Cam Newton,cam newton,QB,106.0,95.0,98.0,79.0,321.18,321.18,321.18,603.93,7.25,,,,3279.69,18.51,15.0,101,14
2020,2410,Jamison Crowder,jamison crowder,WR,107.0,108.0,143.0,116.0,128.07,161.78,94.36,5.65,,67.42,710.92,4.24,,,12.0,102,37
2020,5000,Chase Edmonds,chase edmonds,RB,108.0,118.0,109.0,130.0,124.12,150.98,97.26,450.52,1.34,53.72,362.55,1.53,,,16.0,103,40
2020,147,DeSean Jackson,desean jackson,WR,110.0,122.0,107.0,145.0,,,,,,,,,,,,104,38
2020,6794,Justin Jefferson,justin jefferson,WR,111.0,115.0,113.0,135.0,186.11,227.99,144.22,,,83.77,1094.13,7.05,,,16.0,105,39
2020,5967,Tony Pollard,tony pollard,RB,112.0,124.0,102.0,139.0,96.25,110.12,82.38,414.22,3.08,27.73,197.99,0.99,,,16.0,106,41
2020,5916,Darrell Henderson,darrell henderson,RB,113.0,129.0,96.0,121.0,136.5,148.62,124.38,635.28,5.56,24.24,236.69,1.08,,,15.0,107,42
2020,4993,Mike Gesicki,mike gesicki,TE,114.0,120.0,118.0,112.0,117.68,144.4,90.95,,,53.45,623.84,4.48,,,15.0,108,13
2020,6770,Joe Burrow,joe burrow,QB,118.0,111.0,146.0,81.0,213.33,213.33,213.33,250.35,2.62,,,,2430.11,15.95,10.0,109,15
2020,5844,T.J. Hockenson,tj hockenson,TE,119.0,117.0,115.0,91.0,156.3,192.87,119.73,,,73.13,772.66,6.74,,,16.0,110,14
2020,1817,Sammy Watkins,sammy watkins,WR,121.0,125.0,162.0,132.0,95.45,116.75,74.15,14.44,0.01,42.6,536.84,3.56,,,10.0,111,40
2020,5013,Anthony Miller,anthony miller,WR,123.0,136.0,153.0,140.0,115.21,141.1,89.32,17.19,,51.78,692.27,3.44,,,16.0,112,41
2020,6148,Preston Williams,preston williams,WR,124.0,138.0,159.0,148.0,64.97,78.97,50.98,,,27.99,393.0,2.18,,,8.0,113,42
2020,5870,Daniel Jones,daniel jones,QB,125.0,133.0,106.0,76.0,271.18,271.18,271.18,280.07,2.4,,,,3286.71,20.64,14.0,114,16
2020,6828,AJ Dillon,aj dillon,RB,126.0,137.0,166.0,152.0,35.77,38.24,33.3,214.13,1.4,4.94,34.56,0.06,,,11.0,115,43
2020,6798,Jalen Reagor,jalen reagor,WR,128.0,126.0,165.0,147.0,87.82,106.78,68.86,15.47,0.04,37.92,504.05,3.05,,,11.0,116,43
2020,5122,Boston Scott,boston scott,RB,130.0,135.0,164.0,156.0,103.58,121.55,85.61,420.4,2.27,35.94,282.98,0.78,,,16.0,117,44
2020,138,Ben Roethlisberger,ben roethlisberger,QB,131.0,123.0,119.0,86.0,317.76,317.76,317.76,43.43,0.22,,,,4376.88,30.65,15.0,118,17
2020,5878,N'Keal Harry,nkeal harry,TE,134.0,147.0,111.0,133.0,94.43,115.77,73.09,31.86,,42.68,477.88,4.04,,,14.0,119,15
2020,5185,Allen Lazard,allen lazard,WR,136.0,141.0,170.0,162.0,84.88,103.26,66.51,20.19,0.01,36.74,492.61,2.84,,,11.0,120,44
2020,4068,Mike Williams,mike williams,WR,137.0,156.0,101.0,134.0,146.58,172.51,120.65,,,51.85,813.32,6.37,,,15.0,121,45
2020,184,Adrian Peterson,adrian peterson,RB,138.0,144.0,112.0,146.0,109.18,117.77,100.59,597.37,4.95,17.19,114.35,0.64,,,16.0,122,45
2020,1502,Chris Thompson,chris thompson,RB,140.0,145.0,182.0,167.0,52.06,64.14,39.99,92.39,0.71,24.15,215.31,0.95,,,8.0,123,46
2020,4144,Jonnu Smith,jonnu smith,TE,141.0,140.0,171.0,137.0,124.41,153.64,95.18,,,58.46,641.63,4.9,,,15.0,124,16
2020,4892,Baker Mayfield,baker mayfield,QB,142.0,139.0,105.0,74.0,315.37,315.37,315.37,102.97,0.95,,,,4161.08,29.19,16.0,125,18
2020,5131,Justin Jackson,justin jackson,RB,143.0,160.0,155.0,180.0,44.44,50.34,38.54,206.32,1.35,11.8,94.08,0.29,,,9.0,126,47
2020,6819,Michael Pittman,michael pittman,WR,144.0,146.0,176.0,120.0,100.79,124.91,76.66,,,48.24,583.94,3.44,,,13.0,127,46
2020,4571,Blake Jarwin,blake jarwin,TE,145.0,148.0,177.0,151.0,8.29,10.33,6.26,,,4.07,45.45,0.29,,,1.0,128,17
2020,3423,Robbie Chosen,robbie chosen,WR,146.0,157.0,116.0,159.0,189.72,229.8,149.64,,,80.16,1106.6,7.09,,,16.0,129,47
2020,5022,Dallas Goedert,dallas goedert,TE,147.0,142.0,142.0,126.0,96.61,120.13,73.08,,,47.05,497.07,3.66,,,11.0,130,18
2020,5889,Bryce Love,bryce love,RB,149.0,165.0,181.0,193.0,,,,,,,,,,,,131,48
2020,6885,Ke'Shawn Vaughn,keshawn vaughn,RB,150.0,151.0,150.0,169.0,23.44,27.41,19.47,93.94,0.61,7.94,56.72,0.48,,,10.0,132,49
2020,5347,Nyheim Miller-Hines,nyheim millerhines,RB,152.0,152.0,196.0,160.0,141.33,173.06,109.6,361.55,2.09,63.46,491.17,2.24,,,16.0,133,50
2020,223,Larry Fitzgerald,larry fitzgerald,WR,154.0,150.0,179.0,171.0,92.2,119.16,65.25,,,53.91,550.21,2.12,,,13.0,134,48
2020,5009,Chris Herndon,chris herndon,TE,155.0,162.0,189.0,165.0,75.62,94.83,56.41,,,38.42,397.91,2.79,,,16.0,135,19
2020,2161,Jerick McKinnon,jerick mckinnon,RB,157.0,170.0,183.0,170.0,122.76,145.68,99.85,432.43,2.19,45.83,384.99,1.1,,,16.0,136,51
2020,2257,Carlos Hyde,carlos hyde,RB,158.0,177.0,169.0,202.0,61.27,67.1,55.43,342.21,2.41,11.67,90.1,0.14,,,10.0,137,52
2020,6870,Bryan Edwards,bryan edwards,WR,159.0,179.0,185.0,127.0,50.78,61.91,39.66,,,22.24,295.85,1.69,,,12.0,138,49
2020,5549,Darrel Williams,darrel williams,RB,160.0,178.0,191.0,225.0,56.52,69.29,43.76,189.39,0.66,25.53,185.45,0.4,,,16.0,139,53
2020,4082,Curtis Samuel,curtis samuel,WR,161.0,168.0,178.0,138.0,125.46,149.67,101.25,109.21,1.12,48.42,588.82,4.66,,,15.0,140,50
2020,5880,Parris Campbell,parris campbell,WR,165.0,175.0,197.0,176.0,18.4,22.19,14.61,6.45,,7.58,98.89,0.7,,,2.0,141,51
2020,6156,Benny Snell,benny snell,RB,166.0,185.0,186.0,204.0,70.15,76.78,63.53,447.66,1.7,13.25,95.81,0.16,,,16.0,142,54
2020,1049,Ryan Tannehill,ryan tannehill,QB,167.0,169.0,173.0,99.0,336.62,336.62,336.62,316.52,3.67,,,,3939.14,28.42,16.0,143,19
2020,2118,Eric Ebron,eric ebron,TE,168.0,154.0,174.0,153.0,122.47,152.35,92.58,,,59.77,664.77,4.38,,,15.0,144,20
2020,2331,Breshad Perriman,breshad perriman,WR,169.0,173.0,193.0,186.0,99.64,118.49,80.79,20.65,,37.71,601.31,3.5,,,12.0,145,52
2020,1149,Alshon Jeffery,alshon jeffery,WR,170.0,189.0,120.0,172.0,30.5,36.53,24.47,,,12.06,159.44,1.55,,,7.0,146,53
2020,1837,Jimmy Garoppolo,jimmy garoppolo,QB,174.0,153.0,172.0,88.0,118.66,118.66,118.66,22.4,0.43,,,,1614.46,11.06,6.0,147,20
2020,331,Philip Rivers,philip rivers,QB,175.0,172.0,175.0,96.0,,,,,,,,,,,,148,21
2020,6011,Gardner Minshew,gardner minshew,QB,176.0,181.0,192.0,106.0,161.16,161.16,161.16,139.64,0.77,,,,2007.17,14.02,8.0,149,22
2020,1706,Jack Doyle,jack doyle,TE,177.0,167.0,200.0,166.0,64.12,80.04,48.19,,,31.85,317.05,2.76,,,14.0,150,21
2020,5955,Hunter Renfrow,hunter renfrow,WR,178.0,186.0,213.0,197.0,124.34,154.11,94.57,,,59.54,749.61,3.74,,,16.0,151,54
2020,1166,Kirk Cousins,kirk cousins,QB,180.0,183.0,161.0,95.0,312.93,312.93,312.93,56.17,1.05,,,,4272.01,29.46,16.0,152,23
2020,5854,Drew Lock,drew lock,QB,181.0,174.0,195.0,114.0,237.63,237.63,237.63,121.92,1.06,,,,3210.38,19.74,13.0,153,24
2020,58,Greg Olsen,greg olsen,TE,182.0,171.0,190.0,195.0,,,,,,,,,,,,154,22
2020,7064,Darrynton Evans,darrynton evans,RB,186.0,197.0,208.0,189.0,13.09,15.9,10.28,38.79,0.19,5.62,46.27,0.11,,,3.0,155,55
2020,676,LeSean McCoy,lesean mccoy,RB,187.0,187.0,188.0,259.0,35.66,44.71,26.62,89.82,0.49,18.09,125.49,0.45,,,12.0,156,56
2020,6068,Devine Ozigbo,devine ozigbo,RB,188.0,220.0,220.0,303.0,15.97,17.82,14.12,83.11,0.49,3.7,26.72,0.05,,,8.0,157,57
2020,4146,Dede Westbrook,dede westbrook,WR,189.0,190.0,184.0,196.0,3.77,4.66,2.87,1.01,,1.79,21.48,0.11,,,2.0,158,55
2020,6768,Tua Tagovailoa,tua tagovailoa,QB,190.0,188.0,194.0,129.0,156.88,156.88,156.88,84.71,1.13,,,,2193.33,11.96,9.0,159,25
2020,6814,Laviska Shenault,laviska shenault,WR,191.0,209.0,210.0,123.0,119.87,144.59,95.15,99.49,0.78,49.44,637.7,3.22,,,14.0,160,56
2020,4055,O.J. Howard,oj howard,TE,192.0,205.0,121.0,161.0,26.86,33.68,20.04,,,13.64,153.48,0.79,,,4.0,161,23
2020,928,Randall Cobb,randall cobb,WR,193.0,196.0,219.0,212.0,82.48,100.69,64.28,9.01,,36.4,529.3,2.09,,,10.0,162,57
2020,5024,James Washington,james washington,WR,194.0,203.0,198.0,191.0,85.92,103.97,67.86,,,36.12,497.85,3.33,,,16.0,163,58
2020,2588,Malcolm Brown,malcolm brown,RB,195.0,221.0,209.0,219.0,97.85,112.53,83.18,494.34,3.12,29.35,150.59,0.49,,,16.0,164,58
2020,6801,Tee Higgins,tee higgins,WR,197.0,191.0,211.0,105.0,140.07,171.0,109.13,,,61.87,836.62,4.92,,,16.0,165,59
2020,6886,Chase Claypool,chase claypool,WR,198.0,195.0,232.0,183.0,155.59,184.6,126.58,107.42,0.84,58.02,775.05,5.59,,,16.0,166,60
2020,1144,Cole Beasley,cole beasley,WR,199.0,200.0,226.0,227.0,133.24,166.74,99.74,,,67.0,744.23,4.8,,,15.0,167,61
2020,2152,Teddy Bridgewater,teddy bridgewater,QB,201.0,193.0,217.0,117.0,295.7,295.7,295.7,195.36,1.69,,,,3961.24,26.2,15.0,168,26
2020,6849,Denzel Mims,denzel mims,WR,202.0,208.0,231.0,141.0,77.25,92.53,61.97,,,30.56,427.05,3.23,,,10.0,169,62
2020,4036,Corey Davis,corey davis,WR,203.0,206.0,207.0,199.0,145.11,175.12,115.1,,,60.02,866.51,5.21,,,14.0,170,63
2020,2168,Devonta Freeman,devonta freeman,RB,205.0,201.0,202.0,211.0,,,,,,,,,,,,171,59
2020,4985,Rashaad Penny,rashaad penny,RB,206.0,215.0,167.0,164.0,5.36,5.95,4.78,29.43,0.18,1.17,8.11,,,,16.0,172,60
2020,6402,Steven Sims,steven sims,WR,207.0,223.0,238.0,218.0,67.84,82.94,52.75,63.84,0.08,30.19,359.56,1.69,,,12.0,173,64
2020,536,Antonio Brown,antonio brown,WR,208.0,199.0,199.0,210.0,76.24,94.68,57.8,14.09,,36.88,435.36,2.45,,,8.0,174,65
2020,2583,Tyrell Williams,tyrell williams,WR,209.0,222.0,201.0,205.0,,,,,,,,,,,,175,66
2020,3868,Jalen Richard,jalen richard,RB,210.0,216.0,255.0,270.0,57.72,73.78,41.65,92.7,0.44,32.13,267.18,0.62,,,13.0,176,61
2020,616,Jimmy Graham,jimmy graham,TE,212.0,192.0,227.0,241.0,106.11,128.9,83.31,,,45.58,543.25,4.86,,,16.0,177,24
2020,1386,Giovani Bernard,giovani bernard,RB,213.0,225.0,247.0,242.0,138.37,160.95,115.78,563.48,2.88,45.16,366.06,1.37,,,16.0,178,62
2020,6126,Irv Smith,irv smith,TE,214.0,213.0,229.0,144.0,74.08,93.7,54.45,,,39.26,387.96,2.63,,,13.0,179,25
2020,4038,John Ross,john ross,WR,215.0,245.0,224.0,214.0,14.94,17.63,12.25,3.68,,5.38,89.64,0.57,,,3.0,180,67
2020,5086,Marquez Valdes-Scantling,marquez valdesscantling,WR,216.0,218.0,225.0,263.0,112.6,135.4,89.8,,,45.6,692.67,3.45,,,16.0,181,68
2020,5004,Ito Smith,ito smith,RB,217.0,234.0,230.0,257.0,63.2,72.84,53.56,227.41,1.95,19.28,159.56,0.71,,,14.0,182,63
2020,2028,Derek Carr,derek carr,QB,218.0,219.0,215.0,119.0,275.98,275.98,275.98,56.67,0.9,,,,3945.44,24.98,16.0,183,27
2020,2381,Chris Conley,chris conley,WR,220.0,246.0,241.0,310.0,78.41,93.2,63.61,,,29.6,474.09,3.11,,,15.0,184,69
2020,6909,Lynn Bowden,lynn bowden,WR,221.0,247.0,242.0,233.0,32.68,39.88,25.47,50.9,0.3,14.41,147.96,0.57,15.15,,10.0,185,70
2020,4171,Josh Reynolds,josh reynolds,WR,222.0,249.0,243.0,254.0,113.65,137.36,89.93,23.18,,47.44,628.76,4.15,,,16.0,186,71
2020,943,Kyle Rudolph,kyle rudolph,TE,223.0,214.0,254.0,230.0,66.62,83.65,49.58,,,34.07,319.75,2.95,,,12.0,187,26
2020,491,Danny Amendola,danny amendola,WR,225.0,227.0,372.0,322.0,98.0,127.27,68.74,,,58.53,638.54,1.32,,,14.0,188,72
2020,1071,Mohamed Sanu,mohamed sanu,WR,226.0,242.0,265.0,246.0,36.03,45.27,26.79,3.99,0.02,18.48,207.78,1.13,,,10.0,189,73
2020,5965,Miles Boykin,miles boykin,WR,228.0,268.0,387.0,261.0,72.2,89.09,55.32,,,33.77,411.94,2.37,,,16.0,190,74
2020,5010,Will Dissly,will dissly,TE,229.0,297.0,222.0,213.0,59.14,72.89,45.39,,,27.5,334.69,2.01,,,16.0,191,27
2020,4943,Sam Darnold,sam darnold,QB,230.0,237.0,223.0,142.0,206.04,206.04,206.04,78.82,1.68,,,,2787.17,16.55,12.0,192,28
2020,4187,Brian Hill,brian hill,RB,232.0,303.0,316.0,311.0,85.06,97.73,72.38,396.25,2.08,25.35,171.19,0.54,,,16.0,193,64
2020,6853,Van Jefferson,van jefferson,WR,235.0,274.0,334.0,220.0,55.72,68.93,42.51,,,26.42,330.13,1.59,,,16.0,194,75
2020,1387,Rex Burkhead,rex burkhead,RB,239.0,258.0,261.0,346.0,68.12,77.9,58.33,249.67,1.87,19.57,192.76,0.65,,,10.0,195,65
2020,4995,Ian Thomas,ian thomas,TE,242.0,243.0,380.0,184.0,64.6,82.36,46.85,,,35.51,348.74,2.02,,,16.0,196,28
2020,6797,Justin Herbert,justin herbert,QB,244.0,228.0,276.0,174.0,315.14,315.14,315.14,321.83,3.88,,,,3633.38,25.06,14.0,197,29
2020,3594,Peyton Barber,peyton barber,RB,246.0,282.0,236.0,331.0,54.87,57.75,52.0,291.15,3.07,5.75,40.34,0.12,,,16.0,198,66
2020,6805,KJ Hamler,kj hamler,WR,247.0,254.0,303.0,206.0,92.43,113.56,71.3,26.12,0.02,42.26,517.35,2.84,,,13.0,199,76
2020,5046,Royce Freeman,royce freeman,RB,249.0,229.0,205.0,278.0,45.38,51.67,39.08,182.83,1.31,12.59,104.38,0.54,,,16.0,200,67
2020,5110,Russell Gage,russell gage,WR,251.0,255.0,321.0,280.0,130.58,166.79,94.36,,,72.43,770.29,3.42,,,16.0,201,77
2020,788,Dion Lewis,dion lewis,RB,254.0,290.0,348.0,319.0,63.44,79.21,47.68,168.99,0.56,31.53,218.16,1.07,,,16.0,202,68
2020,4454,Kendrick Bourne,kendrick bourne,WR,258.0,310.0,384.0,350.0,113.95,141.5,86.4,,,55.1,665.12,3.35,,,15.0,203,78
2020,5026,Tre'Quan Smith,trequan smith,WR,260.0,294.0,386.0,285.0,103.21,125.35,81.08,,,44.27,528.08,4.74,,,14.0,204,79
2020,2306,Jameis Winston,jameis winston,QB,263.0,231.0,218.0,216.0,,,,,,,,,,,,205,30
2020,6906,Antonio Gandy-Golden,antonio gandygolden,TE,265.0,280.0,391.0,274.0,11.13,13.45,8.82,4.88,,4.62,62.14,0.35,,,7.0,206,29
2020,6290,Scotty Miller,scotty miller,WR,266.0,296.0,275.0,304.0,85.24,102.63,67.86,16.66,,34.77,533.84,2.17,,,16.0,207,80
2020,2431,Mike Davis,mike davis,RB,267.0,270.0,289.0,307.0,173.93,199.87,147.99,716.64,4.66,51.87,369.12,2.06,,,15.0,208,69
2020,4033,David Njoku,david njoku,TE,269.0,224.0,204.0,207.0,47.33,58.81,35.84,,,22.97,244.18,1.92,,,14.0,209,30
2020,6956,Devin Asiasi,devin asiasi,TE,270.0,284.0,305.0,252.0,10.28,12.9,7.65,,,5.25,55.46,0.35,,,5.0,210,31
2020,2334,Phillip Dorsett,phillip dorsett,WR,272.0,315.0,320.0,424.0,,,,,,,,,,,,211,81
2020,2822,Adam Humphries,adam humphries,WR,275.0,287.0,325.0,373.0,,,,,,,,,,,,212,82
2020,6908,La'Mical Perine,lamical perine,RB,276.0,305.0,326.0,265.0,71.17,79.64,62.69,288.81,2.17,16.95,165.16,0.74,,,10.0,213,70
2020,6826,Cole Kmet,cole kmet,TE,280.0,275.0,336.0,215.0,50.6,64.88,36.31,,,28.57,268.49,1.59,,,16.0,214,32
2020,1388,Tyler Eifert,tyler eifert,TE,282.0,256.0,338.0,256.0,97.76,121.97,73.54,,,48.43,461.45,4.57,,,15.0,215,33
2020,827,Tyrod Taylor,tyrod taylor,QB,284.0,289.0,341.0,157.0,34.74,34.74,34.74,47.7,0.31,,,,400.96,2.92,2.0,216,31
2020,3664,J.D. McKissic,jd mckissic,RB,292.0,335.0,375.0,396.0,127.25,158.53,95.98,292.38,1.26,62.55,512.19,1.42,,,16.0,217,71
2020,5906,Dawson Knox,dawson knox,TE,293.0,259.0,379.0,208.0,64.3,80.44,48.16,,,32.28,320.28,2.7,,,12.0,218,34
2020,5107,Jaylen Samuels,jaylen samuels,RB,295.0,252.0,272.0,273.0,36.56,45.14,27.98,73.12,0.76,17.16,129.32,0.68,,,14.0,219,72
2020,4089,Gerald Everett,gerald everett,TE,297.0,269.0,394.0,224.0,74.0,93.29,54.71,,,38.59,368.79,2.99,,,16.0,220,35
2020,1911,Willie Snead,willie snead,WR,300.0,326.0,282.0,306.0,76.42,95.93,56.91,,,39.02,419.39,2.51,,,13.0,221,83
2020,1535,Cordarrelle Patterson,cordarrelle patterson,RB,301.0,341.0,283.0,357.0,63.94,72.5,55.38,249.18,1.23,17.12,152.78,1.33,,,16.0,222,73
2020,333,Ryan Fitzpatrick,ryan fitzpatrick,QB,302.0,327.0,284.0,175.0,138.32,138.32,138.32,85.65,0.89,,,,1797.93,11.38,7.0,223,32
2020,1793,Trey Burton,trey burton,TE,304.0,328.0,291.0,329.0,80.14,99.28,61.0,1.8,0.03,38.28,409.32,3.3,,,13.0,224,36
2020,6847,Devin Duvernay,devin duvernay,WR,305.0,311.0,292.0,238.0,50.99,63.42,38.55,4.6,0.02,24.87,299.39,1.36,,,16.0,225,84
2020,4741,Dan Arnold,dan arnold,TE,306.0,344.0,576.0,290.0,65.45,79.82,51.08,,,28.74,368.52,2.38,,,16.0,226,37
2020,1971,Donte Moncrief,donte moncrief,WR,308.0,281.0,296.0,470.0,2.92,4.03,1.81,,,2.22,16.94,0.02,,,5.0,227,85
2020,4381,Taysom Hill,taysom hill,TE,310.0,312.0,300.0,251.0,128.56,130.88,126.24,328.43,3.37,4.64,46.41,0.93,827.96,6.44,16.0,228,38
2020,5845,Dwayne Haskins,dwayne haskins,QB,311.0,283.0,302.0,155.0,88.44,88.44,88.44,62.17,0.54,,,,1186.74,6.8,5.0,229,33
2020,6904,Jalen Hurts,jalen hurts,QB,312.0,346.0,307.0,232.0,106.12,106.12,106.12,313.48,2.42,,,,852.34,5.1,10.0,230,34
2020,284,Delanie Walker,delanie walker,TE,317.0,248.0,228.0,423.0,,,,,,,,,,,,231,39
2020,6088,Bisi Johnson,bisi johnson,WR,319.0,351.0,328.0,336.0,35.48,45.69,25.27,3.75,,20.42,215.91,0.55,,,16.0,232,86
2020,5995,Justice Hill,justice hill,RB,321.0,264.0,212.0,267.0,14.06,16.23,11.88,45.9,0.18,4.35,45.42,0.32,,,12.0,233,74
2020,5130,Auden Tate,auden tate,WR,324.0,371.0,324.0,294.0,19.14,23.26,15.03,,,8.23,124.37,0.61,,,8.0,234,87
2020,5248,Gus Edwards,gus edwards,RB,325.0,332.0,339.0,339.0,95.59,100.05,91.12,639.2,3.54,8.93,63.65,0.11,,,16.0,235,75
2020,1029,Nick Foles,nick foles,QB,326.0,316.0,342.0,178.0,125.69,125.69,125.69,56.42,1.58,,,,1753.14,10.4,7.0,236,35
2020,3976,Mitchell Trubisky,mitchell trubisky,QB,329.0,308.0,352.0,200.0,170.18,170.18,170.18,165.52,1.3,,,,2221.37,12.52,9.0,237,36
2020,6178,Darwin Thompson,darwin thompson,RB,332.0,266.0,256.0,296.0,14.81,16.86,12.76,79.86,0.26,4.1,27.98,0.1,,,8.0,238,76
2020,5162,Reggie Bonnafon,reggie bonnafon,RB,333.0,375.0,361.0,389.0,4.83,5.77,3.88,23.8,,1.88,15.05,,,,2.0,239,77
2020,6919,Thaddeus Moss,thaddeus moss,TE,337.0,277.0,370.0,393.0,,,,,,,,,,,,240,40
2020,6744,Greg Ward,greg ward,WR,341.0,379.0,341.0,399.0,103.23,130.65,75.8,20.45,0.02,54.84,617.0,2.02,,,16.0,241,88
2020,4421,Jacob Hollister,jacob hollister,TE,346.0,425.0,415.0,408.0,47.22,60.54,33.9,,,26.63,259.84,1.33,,,16.0,242,41
2020,1592,Darren Fells,darren fells,TE,350.0,340.0,281.0,356.0,64.75,80.17,49.33,,,30.83,320.96,2.88,,,16.0,243,42
2020,4651,Corey Clement,corey clement,RB,352.0,428.0,475.0,454.0,34.92,40.2,29.64,188.94,0.75,10.56,42.16,0.34,,,15.0,244,78
2020,6136,Jarrett Stidham,jarrett stidham,QB,355.0,388.0,497.0,237.0,,,,,,,,,,,,245,37
2020,1111,Andrew Luck,andrew luck,QB,357.0,298.0,233.0,412.0,,,,,,,,,,,,246,38
2020,5209,Mike Boone,mike boone,RB,360.0,390.0,294.0,360.0,15.58,17.51,13.65,97.14,0.33,3.86,16.21,0.07,,,16.0,247,79
2020,4602,Robert Tonyan,robert tonyan,TE,363.0,391.0,363.0,416.0,121.05,148.98,93.12,,,55.86,608.23,5.26,,,16.0,248,43
2020,5973,Josh Oliver,josh oliver,TE,366.0,329.0,366.0,417.0,,,,,,,,,,,,249,44
2020,2325,Nelson Agholor,nelson agholor,WR,367.0,394.0,367.0,418.0,108.56,134.45,82.66,17.83,,51.79,555.22,4.24,,,16.0,250,89
2020,4718,Dare Ogunbowale,dare ogunbowale,RB,368.0,395.0,368.0,363.0,33.32,40.29,26.34,115.54,0.4,13.96,104.03,0.36,,,14.0,251,80
2020,6960,Tyler Johnson,tyler johnson,WR,370.0,397.0,370.0,332.0,21.68,27.4,15.96,,,11.44,123.1,0.62,,,13.0,252,90
2020,4992,Dante Pettis,dante pettis,WR,373.0,285.0,239.0,367.0,15.95,19.42,12.48,,,6.95,89.77,0.58,,,7.0,253,91
2020,2291,Dontrelle Inman,dontrelle inman,WR,375.0,440.0,375.0,482.0,,,,,,,,,,,,254,92
2020,4319,Zach Pascal,zach pascal,WR,377.0,400.0,377.0,369.0,121.71,148.07,95.35,21.34,,52.72,711.77,4.34,,,16.0,255,93
2020,4994,Kalen Ballage,kalen ballage,RB,378.0,301.0,313.0,420.0,56.9,65.08,48.71,260.85,1.55,16.37,124.88,0.19,,,10.0,256,81
2020,2251,Logan Thomas,logan thomas,TE,380.0,366.0,380.0,370.0,123.5,154.55,92.45,,,62.09,634.48,4.85,,,16.0,257,45
2020,4150,Wayne Gallman,wayne gallman,RB,387.0,402.0,387.0,426.0,104.79,115.56,94.02,564.11,3.4,21.54,156.67,0.29,,,15.0,258,82
2020,23,Jason Witten,jason witten,TE,389.0,353.0,332.0,427.0,,,,,,,,,,,,259,46
2020,6895,Quintez Cephus,quintez cephus,WR,392.0,403.0,392.0,375.0,54.7,68.29,41.12,,,27.18,340.69,1.19,,,13.0,260,94
2020,4274,David Moore,david moore,WR,393.0,404.0,393.0,504.0,93.88,110.56,77.21,29.0,,33.35,489.22,4.25,,,16.0,261,95
2020,3342,Jakeem Grant,jakeem grant,WR,401.0,374.0,401.0,384.0,67.92,81.95,53.88,24.56,0.02,28.07,408.9,1.75,,,14.0,262,96
2020,2460,C.J. Uzomah,cj uzomah,TE,409.0,413.0,409.0,391.0,4.99,6.44,3.54,,,2.9,28.16,0.12,,,2.0,263,47
2020,5323,Equanimeous St. Brown,equanimeous st brown,WR,413.0,461.0,413.0,439.0,24.35,30.71,18.0,,,12.7,140.34,0.66,,,12.0,264,97
2020,1500,Jordan Reed,jordan reed,TE,416.0,378.0,374.0,441.0,69.81,87.36,52.27,,,35.09,356.12,2.78,,,11.0,265,48
2020,2673,Damiere Byrd,damiere byrd,WR,417.0,463.0,417.0,554.0,107.18,138.1,76.27,,,61.83,644.62,1.99,,,16.0,266,98
2020,3257,Jacoby Brissett,jacoby brissett,QB,419.0,464.0,419.0,347.0,,,,,,,,,,,,267,39
2020,5007,Keke Coutee,keke coutee,WR,420.0,419.0,378.0,398.0,54.37,67.47,41.26,11.4,0.02,26.22,314.21,1.46,,,10.0,268,99
2020,745,Marshawn Lynch,marshawn lynch,RB,421.0,420.0,421.0,556.0,,,,,,,,,,,,269,83
2020,1587,Vance McDonald,vance mcdonald,TE,422.0,260.0,267.0,348.0,,,,,,,,,,,,270,49
2020,574,Dez Bryant,dez bryant,WR,423.0,466.0,423.0,559.0,19.5,23.89,15.12,,,8.78,90.05,1.02,,,6.0,271,100
2020,2399,Ty Montgomery,ty montgomery,RB,427.0,381.0,427.0,446.0,20.28,24.52,16.05,50.82,0.29,8.47,72.39,0.33,,,6.0,272,84
2020,5980,Myles Gaskin,myles gaskin,RB,428.0,338.0,428.0,402.0,103.7,118.95,88.46,458.96,2.83,30.49,218.64,0.83,,,10.0,273,85
2020,6869,Adam Trautman,adam trautman,TE,429.0,422.0,429.0,286.0,23.64,30.08,17.2,,,12.88,133.77,0.64,,,15.0,274,50
2020,4622,Keelan Cole,keelan cole,WR,430.0,423.0,430.0,569.0,130.08,158.92,101.23,27.67,0.03,57.69,717.38,4.46,,,16.0,275,101
2020,5911,Jalen Hurd,jalen hurd,WR,431.0,382.0,431.0,301.0,,,,,,,,,,,,276,102
2020,3286,Demarcus Robinson,demarcus robinson,WR,434.0,384.0,392.0,405.0,86.68,105.57,67.78,,,37.79,511.89,2.79,,,16.0,277,103
2020,695,Ted Ginn,ted ginn,WR,435.0,361.0,393.0,351.0,,,,,,,,,,,,278,104
2020,6311,Patrick Laird,patrick laird,RB,436.0,473.0,436.0,578.0,29.89,35.78,24.0,85.12,0.84,11.78,103.16,0.39,,,16.0,279,86
2020,1195,Doug Martin,doug martin,RB,441.0,475.0,400.0,584.0,,,,,,,,,,,,280,87
2020,7499,Paul Quessenberry,paul quessenberry,TE,442.0,633.0,401.0,585.0,,,,,,,,,,,,281,51
2020,2276,Kevin Norwood,kevin norwood,WR,443.0,634.0,402.0,586.0,,,,,,,,,,,,282,105
2020,5136,Josh Adams,josh adams,RB,448.0,476.0,407.0,591.0,18.53,20.31,16.76,103.2,0.59,3.55,26.94,0.06,,,7.0,283,88
2020,6591,Charles Jones,charles jones,TE,450.0,640.0,409.0,593.0,,,,,,,,,,,,284,52
2020,2602,Darius Jennings,darius jennings,WR,451.0,641.0,410.0,594.0,,,,,,,,,,,,285,106
2020,5154,Trent Sherfield,trent sherfield,WR,453.0,644.0,412.0,598.0,1.96,2.46,1.46,,,1.0,14.0,0.01,,,1.0,286,107
2020,2104,Ka'Deem Carey,kadeem carey,RB,456.0,456.0,416.0,603.0,,,,,,,,,,,,287,89
2020,4460,Cole Hikutini,cole hikutini,TE,457.0,457.0,417.0,604.0,,,,,,,,,,,,288,53
2020,3177,Corey Coleman,corey coleman,WR,458.0,477.0,418.0,605.0,,,,,,,,,,,,289,108
2020,6164,Kahale Warring,kahale warring,TE,462.0,478.0,422.0,449.0,4.02,5.74,2.31,,,3.43,20.7,0.04,,,6.0,290,54
2020,1262,Alex Tanney,alex tanney,QB,463.0,463.0,423.0,463.0,,,,,,,,,,,,291,40
2020,2373,Clive Walford,clive walford,TE,464.0,464.0,424.0,464.0,,,,,,,,,,,,292,55
2020,269,Pierre Garcon,pierre garcon,WR,467.0,467.0,427.0,467.0,,,,,,,,,,,,293,109
2020,1601,Spencer Ware,spencer ware,RB,468.0,468.0,428.0,468.0,,,,,,,,,,,,294,90
2020,4314,Johnny Mundt,johnny mundt,TE,470.0,470.0,430.0,470.0,5.63,7.2,4.06,,,3.14,30.94,0.16,,,9.0,295,56
2020,2229,Garrett Gilbert,garrett gilbert,QB,472.0,472.0,432.0,472.0,14.96,14.96,14.96,5.87,0.07,,,,183.36,1.2,1.0,296,41
2020,4443,Pharaoh Brown,pharaoh brown,TE,475.0,475.0,436.0,475.0,15.6,20.19,11.01,,,9.18,82.12,0.47,,,9.0,297,57
2020,5985,Foster Moreau,foster moreau,TE,478.0,480.0,439.0,451.0,23.11,28.71,17.5,,,11.21,118.18,0.95,,,16.0,298,58
2020,6920,Isaiah Hodgins,isaiah hodgins,WR,481.0,482.0,442.0,452.0,,,,,,,,,,,,299,110
2020,4153,Jordan Leggett,jordan leggett,TE,483.0,483.0,444.0,483.0,,,,,,,,,,,,300,59
2020,6293,Cullen Gillaspia,cullen gillaspia,RB,486.0,486.0,447.0,486.0,0.21,0.21,0.21,0.94,0.02,,,,,,5.0,301,91
2020,6362,Dredrick Snelson,dredrick snelson,WR,487.0,487.0,448.0,487.0,,,,,,,,,,,,302,111
2020,4491,Marcus Kemp,marcus kemp,WR,490.0,490.0,452.0,490.0,,,,,,,,,,,,303,112
2020,2412,Justin Hardy,justin hardy,WR,493.0,484.0,455.0,493.0,,,,,,,,,,,,304,113
2020,465,Brandon Pettigrew,brandon pettigrew,TE,494.0,494.0,456.0,494.0,,,,,,,,,,,,305,60
2020,5269,Codey McElroy,codey mcelroy,TE,495.0,495.0,457.0,495.0,,,,,,,,,,,,306,61
2020,4326,Bug Howard,bug howard,TE,498.0,498.0,461.0,498.0,,,,,,,,,,,,307,62
2020,6147,Clayton Thorson,clayton thorson,QB,500.0,500.0,463.0,500.0,,,,,,,,,,,,308,42
2020,7335,Bryce Perkins,bryce perkins,QB,501.0,485.0,464.0,501.0,,,,,,,,,,,,309,43
2020,7203,Antonio Williams,antonio williams,RB,502.0,502.0,465.0,502.0,2.22,2.38,2.08,13.23,0.08,0.3,2.32,0.01,,,1.0,310,92
2020,7244,Ja'Marcus Bradley,jamarcus bradley,WR,504.0,504.0,467.0,504.0,7.47,9.56,5.38,,,4.18,40.59,0.22,,,2.0,311,114
2020,5094,Ryan Izzo,ryan izzo,TE,506.0,506.0,469.0,506.0,32.33,39.89,24.76,,,15.13,152.24,1.6,,,11.0,312,63
2020,5828,Diontae Spencer,diontae spencer,WR,507.0,507.0,470.0,507.0,2.63,3.46,1.8,2.52,,1.66,17.05,0.02,,,7.0,313,115
2020,4127,C.J. Beathard,cj beathard,QB,508.0,486.0,471.0,508.0,35.28,35.28,35.28,23.96,0.23,,,,477.14,2.83,2.0,314,44
2020,6323,Andrew Beck,andrew beck,RB,509.0,509.0,472.0,509.0,,,,,,,,,,,,315,93
2020,6943,Gabe Davis,gabe davis,WR,511.0,427.0,474.0,358.0,87.84,106.24,69.43,,,36.81,556.31,2.92,,,16.0,316,116
2020,389,Matt Cassel,matt cassel,QB,512.0,487.0,476.0,512.0,,,,,,,,,,,,317,45
2020,4744,Barrett Burns,barrett burns,TE,513.0,513.0,513.0,513.0,,,,,,,,,,,,318,64
2020,627,Andre Roberts,andre roberts,WR,518.0,518.0,482.0,518.0,8.22,10.58,5.85,,,4.73,52.11,0.11,,,15.0,319,117
2020,3371,Darius Jackson,darius jackson,RB,520.0,520.0,484.0,520.0,,,,,,,,,,,,320,94
2020,2549,Trevor Siemian,trevor siemian,QB,525.0,525.0,490.0,525.0,,,,,,,,,,,,321,46
2020,3319,Trevor Davis,trevor davis,WR,526.0,526.0,491.0,526.0,,,,,,,,,,,,322,118
2020,4367,Monty Madaris,monty madaris,WR,529.0,529.0,494.0,529.0,,,,,,,,,,,,323,119
2020,6973,J.J. Taylor,jj taylor,RB,534.0,431.0,500.0,459.0,10.44,12.03,8.84,66.35,0.05,3.19,17.88,0.02,,,6.0,324,95
2020,3568,Marken Michel,marken michel,WR,535.0,535.0,501.0,535.0,,,,,,,,,,,,325,120
2020,1514,Corey Fuller,corey fuller,WR,539.0,539.0,505.0,539.0,,,,,,,,,,,,326,121
2020,964,Lance Kendricks,lance kendricks,TE,540.0,540.0,540.0,540.0,,,,,,,,,,,,327,65
2020,7087,Jonathan Ward,jonathan ward,RB,546.0,492.0,512.0,546.0,,,,,,,,,,,,328,96
2020,6996,JaMycal Hasty,jamycal hasty,RB,548.0,433.0,514.0,461.0,33.96,36.83,31.1,171.66,1.34,5.73,53.24,0.1,,,7.0,329,97
2020,7378,Kyle Markway,kyle markway,TE,549.0,549.0,515.0,549.0,,,,,,,,,,,,330,66
2020,2082,Xavier Grimble,xavier grimble,TE,550.0,550.0,516.0,550.0,,,,,,,,,,,,331,67
2020,2307,Marcus Mariota,marcus mariota,QB,551.0,434.0,517.0,289.0,-0.45,-0.45,-0.45,,,,,,,,1.0,332,47
2020,7436,Mason Kinsey,mason kinsey,WR,552.0,552.0,518.0,552.0,,,,,,,,,,,,333,122
2020,6469,Davis Koppenhaver,davis koppenhaver,TE,553.0,553.0,553.0,553.0,,,,,,,,,,,,334,68
2020,4926,Nick Schuessler,nick schuessler,QB,554.0,554.0,519.0,554.0,,,,,,,,,,,,335,48
2020,7483,Farrod Green,farrod green,TE,556.0,556.0,556.0,556.0,,,,,,,,,,,,336,69
2020,6932,Charlie Taumoepeau,charlie taumoepeau,TE,557.0,557.0,521.0,557.0,,,,,,,,,,,,337,70
2020,530,Jermaine Gresham,jermaine gresham,TE,559.0,559.0,559.0,559.0,,,,,,,,,,,,338,71
2020,1170,Alfred Morris,alfred morris,RB,561.0,493.0,525.0,462.0,20.48,21.23,19.73,130.9,1.18,1.5,9.55,0.02,,,8.0,339,98
2020,5199,Byron Pringle,byron pringle,WR,562.0,494.0,526.0,562.0,14.42,18.04,10.8,,,7.24,94.03,0.24,,,13.0,340,123
2020,6450,David Blough,david blough,QB,564.0,564.0,528.0,564.0,,,,,,,,,,,,341,49
2020,3496,Stephen Anderson,stephen anderson,TE,567.0,567.0,567.0,567.0,11.01,14.58,7.44,,,7.14,53.62,0.36,,,10.0,342,72
2020,4252,Isaiah Ford,isaiah ford,WR,569.0,496.0,533.0,464.0,58.5,74.51,42.49,18.0,0.02,32.02,325.37,1.35,,,12.0,343,124
2020,3391,Dwayne Washington,dwayne washington,RB,572.0,572.0,536.0,572.0,1.16,1.16,1.16,11.62,,,,,,,3.0,344,99
2020,2529,Marcus Murphy,marcus murphy,RB,576.0,576.0,540.0,576.0,,,,,,,,,,,,345,100
2020,5134,Keith Kirkwood,keith kirkwood,WR,577.0,577.0,541.0,577.0,,,,,,,,,,,,346,125
2020,5128,Logan Woodside,logan woodside,QB,578.0,578.0,542.0,578.0,,,,,,,,,,,,347,50
2020,1333,Russell Shepard,russell shepard,WR,579.0,579.0,543.0,579.0,,,,,,,,,,,,348,126
2020,4678,Tyrone Swoopes,tyrone swoopes,TE,581.0,581.0,545.0,581.0,,,,,,,,,,,,349,73
2020,4719,Chris Thompson,chris thompson,WR,582.0,582.0,546.0,582.0,,,,,,,,,,,,350,127
2020,812,Lee Smith,lee smith,TE,583.0,583.0,547.0,583.0,,,,,,,,,,,,351,74
2020,3333,Temarrick Hemingway,temarrick hemingway,TE,584.0,584.0,548.0,584.0,,,,,,,,,,,,352,75
2020,91,Carson Palmer,carson palmer,QB,585.0,497.0,549.0,585.0,,,,,,,,,,,,353,51
2020,7103,Tavien Feaster,tavien feaster,RB,587.0,587.0,551.0,587.0,,,,,,,,,,,,354,101
2020,6018,Zach Gentry,zach gentry,TE,591.0,591.0,555.0,591.0,,,,,,,,,,,,355,76
2021,4034,Christian McCaffrey,christian mccaffrey,RB,1.0,1.4,1.2,1.5,319.3,363.3,275.3,1126.0,10.0,88.0,767.0,4.0,,,17.0,1,1
2021,4029,Dalvin Cook,dalvin cook,RB,2.7,2.0,2.9,3.0,296.3,324.3,268.3,1366.0,12.0,56.0,477.0,2.0,,,17.0,2,2
2021,3198,Derrick Henry,derrick henry,RB,3.0,4.3,3.8,4.6,270.2,278.7,261.7,1538.0,15.0,17.0,119.0,1.0,,,17.0,3,3
2021,4035,Alvin Kamara,alvin kamara,RB,4.6,3.4,4.7,5.6,282.0,324.5,239.5,912.0,9.0,85.0,743.0,3.0,,,17.0,4,4
2021,3164,Ezekiel Elliott,ezekiel elliott,RB,5.2,5.5,5.5,11.2,276.2,299.7,252.7,1366.0,12.0,47.0,401.0,1.0,,,17.0,5,5
2021,4988,Nick Chubb,nick chubb,RB,6.5,6.6,6.9,13.0,263.4,278.9,247.9,1428.0,12.0,31.0,271.0,1.0,,,17.0,6,6
2021,4199,Aaron Jones,aaron jones,RB,7.5,11.7,10.6,15.2,252.3,276.8,227.8,1061.0,11.0,49.0,437.0,2.0,,,17.0,7,7
2021,4866,Saquon Barkley,saquon barkley,RB,7.6,7.0,7.2,10.6,248.1,272.1,224.1,1135.0,9.0,48.0,446.0,2.0,,,17.0,8,8
2021,6813,Jonathan Taylor,jonathan taylor,RB,9.8,10.8,7.8,12.5,285.2,308.7,261.7,1300.0,13.0,47.0,417.0,2.0,,,17.0,9,9
2021,2133,Davante Adams,davante adams,WR,10.4,7.3,9.3,15.5,273.2,328.2,218.2,,,110.0,1322.0,14.0,,,17.0,10,1
2021,3321,Tyreek Hill,tyreek hill,WR,11.9,9.2,11.2,14.7,275.3,322.3,228.3,95.0,1.0,94.0,1468.0,11.0,,,17.0,11,2
2021,1466,Travis Kelce,travis kelce,TE,12.7,12.8,12.9,9.5,225.0,273.0,177.0,,,96.0,1190.0,9.0,,,17.0,12,1
2021,4663,Austin Ekeler,austin ekeler,RB,13.7,13.4,14.7,18.1,224.5,270.5,178.5,645.0,3.0,92.0,780.0,3.0,,,17.0,13,10
2021,7528,Najee Harris,najee harris,RB,14.7,15.8,13.8,22.4,257.3,286.3,228.3,1188.0,10.0,58.0,415.0,2.0,,,17.0,14,11
2021,2449,Stefon Diggs,stefon diggs,WR,15.5,15.0,15.1,19.2,247.7,304.7,190.7,,,114.0,1367.0,9.0,,,17.0,15,3
2021,1426,DeAndre Hopkins,deandre hopkins,WR,15.8,17.4,17.1,23.1,250.0,306.0,194.0,,,112.0,1380.0,9.0,,,17.0,16,4
2021,4018,Joe Mixon,joe mixon,RB,17.4,20.3,19.7,30.9,241.7,269.7,213.7,1172.0,7.0,56.0,445.0,2.0,,,17.0,17,12
2021,5846,DK Metcalf,dk metcalf,WR,18.4,18.9,20.0,25.4,262.9,308.9,216.9,,,92.0,1509.0,11.0,,,17.0,18,5
2021,4046,Patrick Mahomes,patrick mahomes,QB,19.4,14.3,15.6,2.8,395.08,395.08,395.08,388.0,3.0,,,,4982.0,38.0,17.0,19,1
2021,4981,Calvin Ridley,calvin ridley,WR,20.9,19.3,18.0,29.7,254.0,306.5,201.5,,,105.0,1475.0,9.0,,,17.0,20,6
2021,6945,Antonio Gibson,antonio gibson,RB,21.4,21.8,21.3,28.6,238.9,261.9,215.9,1095.0,10.0,46.0,404.0,1.0,,,17.0,21,13
2021,6820,Clyde Edwards-Helaire,clyde edwardshelaire,RB,22.6,23.4,22.9,31.1,225.1,247.6,202.6,1134.0,7.0,45.0,372.0,2.0,,,17.0,22,14
2021,4217,George Kittle,george kittle,TE,23.3,22.9,23.9,23.5,211.0,254.5,167.5,,,87.0,1175.0,8.0,,,17.0,23,2
2021,5859,A.J. Brown,aj brown,WR,23.8,23.7,23.9,33.8,258.8,305.8,211.8,,,94.0,1458.0,11.0,,,17.0,24,7
2021,2505,Darren Waller,darren waller,TE,25.8,26.1,27.4,26.1,209.5,260.5,158.5,,,102.0,1165.0,7.0,,,17.0,25,3
2021,5892,David Montgomery,david montgomery,RB,26.6,34.9,25.4,38.3,236.5,256.0,217.0,1176.0,10.0,39.0,334.0,1.0,,,17.0,26,15
2021,1479,Keenan Allen,keenan allen,WR,27.6,27.5,26.8,39.5,212.0,264.5,159.5,,,105.0,1195.0,7.0,,,17.0,27,8
2021,6794,Justin Jefferson,justin jefferson,WR,28.7,25.3,32.0,31.5,255.7,303.2,208.2,12.0,,95.0,1390.0,11.0,,,17.0,28,9
2021,4273,Chris Carson,chris carson,RB,29.5,33.9,29.6,45.8,191.6,211.6,171.6,878.0,7.0,40.0,318.0,2.0,,,17.0,29,16
2021,5927,Terry McLaurin,terry mclaurin,WR,30.8,30.3,30.3,36.1,219.7,271.2,168.2,,,103.0,1202.0,8.0,,,17.0,30,10
2021,5850,Josh Jacobs,josh jacobs,RB,31.8,29.2,28.6,43.7,227.1,242.1,212.1,1149.0,11.0,30.0,252.0,1.0,,,17.0,31,17
2021,1992,Allen Robinson,allen robinson,WR,32.0,31.9,34.7,41.8,222.4,269.9,174.9,,,95.0,1329.0,7.0,,,17.0,32,11
2021,6955,James Robinson,james robinson,RB,33.0,36.0,33.0,59.9,239.3,263.3,215.3,1229.0,8.0,48.0,344.0,2.0,,,17.0,33,18
2021,2216,Mike Evans,mike evans,WR,33.2,31.7,33.1,47.9,222.0,264.0,180.0,,,84.0,1180.0,10.0,,,17.0,34,12
2021,4984,Josh Allen,josh allen,QB,34.1,28.7,31.9,6.8,404.22,404.22,404.22,495.0,6.0,,,,4593.0,38.0,17.0,35,2
2021,6786,CeeDee Lamb,ceedee lamb,WR,35.1,37.1,37.5,42.9,226.2,274.7,177.7,,,97.0,1277.0,8.0,,,17.0,36,13
2021,6790,D'Andre Swift,dandre swift,RB,36.8,35.6,35.2,37.8,232.1,256.1,208.1,1009.0,9.0,48.0,412.0,2.0,,,17.0,37,19
2021,6151,Miles Sanders,miles sanders,RB,37.6,42.2,36.6,50.6,213.9,235.9,191.9,1085.0,7.0,44.0,374.0,1.0,,,17.0,38,20
2021,5849,Kyler Murray,kyler murray,QB,38.1,36.9,38.7,7.2,347.22,347.22,347.22,399.0,5.0,,,,4383.0,30.0,17.0,39,3
2021,4037,Chris Godwin,chris godwin,WR,39.2,44.8,39.3,51.1,215.6,261.6,169.6,,,92.0,1156.0,9.0,,,17.0,40,14
2021,5916,Darrell Henderson,darrell henderson,RB,41.0,44.0,61.4,53.0,186.2,207.7,164.7,856.0,7.0,43.0,331.0,1.0,,,17.0,41,21
2021,2309,Amari Cooper,amari cooper,WR,41.2,41.8,43.5,52.4,214.5,262.0,167.0,22.0,,95.0,1228.0,7.0,,,17.0,42,15
2021,7553,Kyle Pitts,kyle pitts,TE,42.0,38.3,44.2,35.0,177.2,219.2,135.2,,,84.0,932.0,7.0,,,17.0,43,4
2021,1352,Robert Woods,robert woods,WR,43.1,46.7,45.4,57.2,216.1,267.1,165.1,125.0,1.0,102.0,1126.0,6.0,,,17.0,44,16
2021,947,Julio Jones,julio jones,WR,44.3,40.0,42.6,54.3,208.1,252.1,164.1,,,88.0,1241.0,7.0,,,17.0,45,17
2021,4039,Cooper Kupp,cooper kupp,WR,45.4,43.3,47.5,58.4,210.3,258.3,162.3,43.0,,96.0,1180.0,7.0,,,17.0,46,18
2021,4881,Lamar Jackson,lamar jackson,QB,46.6,39.4,41.1,7.8,363.34,363.34,363.34,1011.0,4.0,,,,3556.0,28.0,17.0,47,4
2021,5012,Mark Andrews,mark andrews,TE,47.6,47.5,51.7,49.0,186.6,224.6,148.6,,,76.0,966.0,8.0,,,17.0,48,5
2021,4983,DJ Moore,dj moore,WR,47.9,50.5,50.0,55.4,210.9,256.9,164.9,46.0,,92.0,1203.0,7.0,,,17.0,49,19
2021,2374,Tyler Lockett,tyler lockett,WR,50.8,51.0,54.0,62.6,210.5,260.0,161.0,,,99.0,1150.0,8.0,,,17.0,50,20
2021,5980,Myles Gaskin,myles gaskin,RB,51.1,57.0,52.9,64.0,169.6,190.1,149.1,758.0,6.0,41.0,333.0,1.0,,,17.0,51,22
2021,4098,Kareem Hunt,kareem hunt,RB,52.6,52.0,46.2,60.1,174.3,196.8,151.8,677.0,5.0,45.0,381.0,3.0,,,17.0,52,23
2021,1689,Adam Thielen,adam thielen,WR,53.3,49.6,47.2,61.5,210.1,254.6,165.6,,,89.0,1116.0,9.0,,,17.0,53,21
2021,5937,Diontae Johnson,diontae johnson,WR,54.9,58.2,55.8,67.4,211.6,260.6,162.6,59.0,,98.0,1167.0,7.0,,,17.0,54,22
2021,2431,Mike Davis,mike davis,RB,55.4,63.9,63.7,68.5,171.0,194.0,148.0,761.0,5.0,46.0,379.0,1.0,,,17.0,55,24
2021,1234,Russell Wilson,russell wilson,QB,55.7,47.4,49.8,21.5,334.9,334.9,334.9,267.0,2.0,,,,4405.0,33.0,17.0,56,5
2021,5844,T.J. Hockenson,tj hockenson,TE,57.2,55.7,57.9,55.6,178.2,220.7,135.7,,,85.0,937.0,7.0,,,17.0,57,6
2021,3294,Dak Prescott,dak prescott,QB,58.0,59.5,55.5,17.9,348.32,348.32,348.32,244.0,4.0,,,,4298.0,35.0,17.0,58,6
2021,6803,Brandon Aiyuk,brandon aiyuk,WR,59.2,61.8,62.7,71.1,198.8,240.3,157.3,103.0,1.0,83.0,1050.0,6.0,,,17.0,59,23
2021,5000,Chase Edmonds,chase edmonds,RB,60.8,66.4,59.3,76.1,148.5,169.0,128.0,709.0,2.0,41.0,351.0,2.0,,,17.0,60,25
2021,7588,Javonte Williams,javonte williams,RB,61.5,62.4,66.1,69.4,191.5,206.5,176.5,1056.0,7.0,30.0,249.0,1.0,,,17.0,61,26
2021,96,Aaron Rodgers,aaron rodgers,QB,62.0,54.0,53.5,27.0,349.1,349.1,349.1,129.0,4.0,,,,4530.0,35.0,17.0,62,7
2021,3199,Michael Thomas,michael thomas,WR,62.0,63.0,64.0,73.0,176.1,217.6,134.6,,,83.0,986.0,6.0,,,17.0,63,24
2021,6797,Justin Herbert,justin herbert,QB,63.2,55.2,58.2,20.0,349.68,349.68,349.68,286.0,3.0,,,,4602.0,34.0,17.0,64,8
2021,2749,Raheem Mostert,raheem mostert,RB,63.4,71.8,60.1,82.8,156.4,168.4,144.4,814.0,6.0,24.0,230.0,1.0,,,17.0,65,27
2021,6801,Tee Higgins,tee higgins,WR,65.4,65.2,67.5,73.7,207.6,248.1,167.1,44.0,,81.0,1067.0,9.0,,,17.0,66,25
2021,6886,Chase Claypool,chase claypool,WR,67.4,70.0,68.0,74.0,186.2,219.7,152.7,31.0,1.0,67.0,976.0,8.0,,,17.0,67,26
2021,7564,Ja'Marr Chase,jamarr chase,WR,68.4,60.8,74.6,63.4,192.5,233.0,152.0,,,81.0,1120.0,7.0,,,17.0,68,27
2021,2078,Odell Beckham,odell beckham,WR,69.7,63.4,65.8,79.2,192.8,231.8,153.8,,,78.0,1138.0,7.0,,,17.0,69,28
2021,5890,Damien Harris,damien harris,RB,70.3,85.2,70.2,90.4,183.8,191.8,175.8,1114.0,9.0,16.0,124.0,,,,17.0,70,28
2021,6783,Jerry Jeudy,jerry jeudy,WR,71.2,71.6,75.3,81.2,203.3,244.8,161.8,,,83.0,1218.0,7.0,,,17.0,71,29
2021,4131,Kenny Golladay,kenny golladay,WR,71.6,69.8,71.6,77.3,184.6,221.1,148.1,,,73.0,1001.0,8.0,,,17.0,72,30
2021,5248,Gus Edwards,gus edwards,RB,73.0,68.0,70.0,76.0,,,,,,,,,,,17.0,73,29
2021,5052,Ronald Jones,ronald jones,RB,73.3,86.5,73.9,91.0,85.4,94.4,76.4,421.0,3.0,18.0,123.0,1.0,,,17.0,74,30
2021,7593,Trey Sermon,trey sermon,RB,74.5,81.5,78.3,87.7,170.7,190.2,151.2,867.0,5.0,39.0,305.0,1.0,,,17.0,75,31
2021,2320,Melvin Gordon,melvin gordon,RB,76.6,77.9,69.0,92.3,158.0,173.0,143.0,926.0,5.0,30.0,164.0,1.0,,,17.0,76,32
2021,4040,JuJu Smith-Schuster,juju smithschuster,WR,77.4,67.5,76.7,89.7,184.3,227.8,140.8,,,87.0,988.0,7.0,,,17.0,77,31
2021,167,Tom Brady,tom brady,QB,78.8,68.8,71.8,34.3,332.9,332.9,332.9,5.0,2.0,,,,4860.0,35.0,17.0,78,9
2021,3423,Robbie Chosen,robbie chosen,WR,79.3,79.5,85.6,93.4,186.6,227.1,146.1,21.0,,81.0,1100.0,6.0,,,17.0,79,32
2021,5045,Courtland Sutton,courtland sutton,WR,79.7,83.1,79.6,83.7,194.0,235.5,152.5,,,83.0,1105.0,7.0,,,17.0,80,33
2021,5872,Deebo Samuel,deebo samuel,WR,81.6,84.7,82.8,95.6,199.4,238.4,160.4,125.0,1.0,78.0,999.0,7.0,,,17.0,81,34
2021,5857,Noah Fant,noah fant,TE,82.9,73.5,84.0,75.3,162.0,200.0,124.0,,,76.0,880.0,6.0,,,17.0,82,7
2021,7525,DeVonta Smith,devonta smith,WR,83.3,74.3,87.4,85.6,180.4,217.9,142.9,,,75.0,1029.0,7.0,,,17.0,83,35
2021,4951,DJ Chark,dj chark,WR,84.1,82.7,86.2,94.0,189.2,229.2,149.2,,,80.0,1092.0,7.0,,,17.0,84,36
2021,3969,Leonard Fournette,leonard fournette,RB,85.7,78.1,81.6,103.2,170.0,189.0,151.0,862.0,6.0,38.0,248.0,1.0,,,17.0,85,33
2021,4602,Robert Tonyan,robert tonyan,TE,86.3,93.6,83.5,101.9,135.0,165.0,105.0,,,60.0,630.0,7.0,,,17.0,86,8
2021,5022,Dallas Goedert,dallas goedert,TE,87.6,87.8,79.2,86.6,128.2,158.2,98.2,,,60.0,702.0,5.0,,,17.0,87,9
2021,421,Matthew Stafford,matthew stafford,QB,87.8,87.8,87.3,39.4,350.5,350.5,350.5,85.0,1.0,,,,5300.0,35.0,17.0,88,10
2021,536,Antonio Brown,antonio brown,WR,89.4,94.5,94.7,105.3,181.9,220.4,143.4,,,77.0,1034.0,7.0,,,17.0,89,37
2021,3225,Tyler Boyd,tyler boyd,WR,90.7,102.1,98.0,110.0,178.0,224.5,131.5,37.0,,93.0,998.0,5.0,,,17.0,90,38
2021,2197,Brandin Cooks,brandin cooks,WR,91.4,95.7,101.6,109.6,175.3,215.8,134.8,,,81.0,1068.0,5.0,,,17.0,91,39
2021,7607,Michael Carter,michael carter,RB,92.7,98.5,102.3,106.9,101.0,113.5,88.5,440.0,3.0,25.0,205.0,1.0,,,17.0,92,34
2021,2251,Logan Thomas,logan thomas,TE,93.0,99.0,97.3,97.8,146.7,184.2,109.2,,,75.0,752.0,6.0,,,17.0,93,10
2021,6845,Zack Moss,zack moss,RB,94.5,109.6,90.5,119.1,138.3,149.8,126.8,670.0,6.0,23.0,198.0,1.0,,,17.0,94,35
2021,6814,Laviska Shenault,laviska shenault,WR,95.5,95.7,103.5,102.9,167.0,203.5,130.5,131.0,1.0,73.0,834.0,5.0,,,17.0,95,40
2021,1825,Jarvis Landry,jarvis landry,WR,95.9,91.3,99.6,115.5,174.4,218.9,129.9,,,89.0,1019.0,5.0,,,17.0,96,41
2021,4137,James Conner,james conner,RB,97.7,101.4,95.2,119.2,177.3,195.3,159.3,688.0,10.0,36.0,265.0,1.0,,,17.0,97,36
2021,7526,Jaylen Waddle,jaylen waddle,WR,98.9,89.3,108.4,100.0,175.7,212.7,138.7,,,74.0,1047.0,6.0,,,17.0,98,42
2021,4036,Corey Davis,corey davis,WR,99.9,103.4,105.8,121.4,158.1,190.1,126.1,,,64.0,981.0,5.0,,,17.0,99,43
2021,6828,AJ Dillon,aj dillon,RB,100.4,111.6,93.4,123.3,188.3,202.3,174.3,1005.0,7.0,28.0,278.0,1.0,,,17.0,100,37
2021,515,Rob Gronkowski,rob gronkowski,TE,101.0,79.6,89.8,108.5,163.1,196.1,130.1,,,66.0,801.0,8.0,,,17.0,101,11
2021,1049,Ryan Tannehill,ryan tannehill,QB,102.7,97.5,91.5,48.0,331.86,331.86,331.86,257.0,4.0,,,,4204.0,32.0,17.0,102,11
2021,3271,Tyler Higbee,tyler higbee,TE,103.4,105.0,111.5,113.4,145.2,179.7,110.7,,,69.0,747.0,6.0,,,17.0,103,12
2021,6904,Jalen Hurts,jalen hurts,QB,105.2,107.8,103.7,46.1,382.78,382.78,382.78,1015.0,9.0,,,,3657.0,23.0,17.0,104,12
2021,3242,Kenyan Drake,kenyan drake,RB,106.6,106.3,109.9,126.0,119.9,129.9,109.9,616.0,5.0,20.0,143.0,1.0,,,17.0,105,38
2021,6819,Michael Pittman,michael pittman,WR,107.5,108.6,118.6,118.4,179.4,216.9,141.9,43.0,,75.0,1016.0,6.0,,,17.0,106,44
2021,4068,Mike Williams,mike williams,WR,108.4,115.8,115.2,125.4,199.2,239.2,159.2,,,80.0,1112.0,8.0,,,17.0,107,45
2021,3157,William Fuller,william fuller,WR,109.3,116.0,114.7,122.4,156.6,186.1,127.1,,,59.0,931.0,6.0,,,17.0,108,46
2021,6130,Devin Singletary,devin singletary,RB,110.7,114.5,111.7,127.2,132.0,149.5,114.5,651.0,3.0,35.0,274.0,1.0,,,17.0,109,39
2021,4993,Mike Gesicki,mike gesicki,TE,111.4,90.8,106.4,98.8,134.0,165.5,102.5,,,63.0,725.0,5.0,,,17.0,110,13
2021,4082,Curtis Samuel,curtis samuel,WR,113.7,119.5,125.3,124.5,121.6,146.1,97.1,99.0,1.0,49.0,592.0,4.0,,,17.0,111,47
2021,4149,Jamaal Williams,jamaal williams,RB,114.7,132.8,123.3,138.9,122.5,140.0,105.0,536.0,3.0,35.0,294.0,1.0,,,17.0,112,40
2021,7090,Darnell Mooney,darnell mooney,WR,115.1,122.4,142.0,131.9,151.8,188.8,114.8,35.0,,74.0,833.0,5.0,,,17.0,113,48
2021,2391,David Johnson,david johnson,RB,116.5,121.9,107.5,127.5,97.4,106.9,87.9,431.0,4.0,19.0,168.0,1.0,,,17.0,114,41
2021,4962,Sony Michel,sony michel,RB,118.1,135.7,119.3,154.0,117.0,124.5,109.5,836.0,3.0,15.0,99.0,,,,17.0,115,42
2021,7523,Trevor Lawrence,trevor lawrence,QB,119.2,103.8,119.9,53.3,276.34,276.34,276.34,219.0,2.0,,,,4336.0,24.0,17.0,116,13
2021,5038,Michael Gallup,michael gallup,WR,119.8,119.6,126.2,130.3,144.8,176.3,113.3,,,63.0,853.0,5.0,,,17.0,117,49
2021,6989,Marquez Callaway,marquez callaway,WR,121.5,131.9,135.1,146.8,176.2,216.2,136.2,,,80.0,942.0,7.0,,,17.0,118,50
2021,5967,Tony Pollard,tony pollard,RB,122.8,139.1,137.4,137.2,98.7,114.7,82.7,380.0,3.0,32.0,207.0,1.0,,,17.0,119,43
2021,5848,Marquise Brown,marquise brown,WR,123.7,118.9,130.1,129.0,201.6,245.6,157.6,,,88.0,1176.0,7.0,,,17.0,120,51
2021,6789,Henry Ruggs,henry ruggs,WR,124.8,133.8,140.0,136.0,144.5,169.5,119.5,62.0,,50.0,833.0,5.0,,,17.0,121,52
2021,6770,Joe Burrow,joe burrow,QB,125.9,113.5,117.4,44.0,334.36,334.36,334.36,242.0,3.0,,,,4104.0,36.0,17.0,122,14
2021,5170,Phillip Lindsay,phillip lindsay,RB,127.8,142.7,124.5,147.1,110.5,117.5,103.5,772.0,3.0,14.0,103.0,,,,17.0,123,44
2021,5347,Nyheim Miller-Hines,nyheim millerhines,RB,127.9,124.4,131.5,135.1,91.1,110.1,72.1,213.0,2.0,38.0,288.0,2.0,,,17.0,124,45
2021,5917,Mecole Hardman,mecole hardman,WR,129.1,126.9,129.5,139.8,170.5,205.5,135.5,,,70.0,1015.0,6.0,,,17.0,125,53
2021,7610,Trey Lance,trey lance,QB,131.6,141.3,143.6,87.3,307.08,307.08,307.08,570.0,7.0,,,,3702.0,19.0,17.0,126,15
2021,1067,Marvin Jones,marvin jones,WR,132.4,143.7,148.0,140.8,182.6,221.1,144.1,,,77.0,1021.0,7.0,,,17.0,127,54
2021,7596,Elijah Moore,elijah moore,WR,133.4,137.2,150.4,133.6,177.6,216.6,138.6,,,78.0,1026.0,6.0,,,17.0,128,55
2021,7591,Justin Fields,justin fields,QB,135.9,135.7,139.3,79.5,298.28,298.28,298.28,518.0,6.0,,,,3237.0,25.0,17.0,129,16
2021,4144,Jonnu Smith,jonnu smith,TE,141.1,140.3,141.7,134.0,113.5,141.5,85.5,,,56.0,555.0,5.0,,,17.0,130,14
2021,5947,Jakobi Meyers,jakobi meyers,WR,142.2,154.1,162.4,159.5,175.4,214.9,135.9,20.0,,79.0,1059.0,5.0,,,17.0,131,56
2021,5110,Russell Gage,russell gage,WR,143.2,159.3,181.8,145.2,128.6,161.1,96.1,8.0,,65.0,733.0,4.0,,,17.0,132,57
2021,4892,Baker Mayfield,baker mayfield,QB,145.9,123.9,138.9,66.3,294.52,294.52,294.52,124.0,1.0,,,,4203.0,31.0,17.0,133,17
2021,7594,Chuba Hubbard,chuba hubbard,RB,146.4,164.5,143.1,158.9,104.4,112.4,96.4,611.0,4.0,16.0,133.0,,,,17.0,134,46
2021,3214,Hunter Henry,hunter henry,TE,147.8,138.2,147.0,132.5,132.9,162.9,102.9,,,60.0,529.0,8.0,,,17.0,135,15
2021,7611,Rhamondre Stevenson,rhamondre stevenson,RB,148.1,182.0,146.1,183.5,103.9,115.9,91.9,547.0,4.0,24.0,132.0,,,,17.0,136,47
2021,1144,Cole Beasley,cole beasley,WR,149.8,162.7,166.8,157.3,133.3,165.8,100.8,,,65.0,788.0,4.0,,,17.0,137,58
2021,2319,DeVante Parker,devante parker,WR,150.8,157.4,158.7,148.6,146.4,177.9,114.9,,,63.0,809.0,6.0,,,17.0,138,59
2021,5987,Alexander Mattison,alexander mattison,RB,151.8,171.8,156.4,159.6,98.2,111.2,85.2,445.0,3.0,26.0,167.0,1.0,,,17.0,139,48
2021,1476,Latavius Murray,latavius murray,RB,153.8,172.7,149.8,182.1,88.1,98.6,77.6,422.0,3.0,21.0,134.0,1.0,,,17.0,140,49
2021,2378,Tevin Coleman,tevin coleman,RB,154.3,196.5,159.3,188.8,103.9,115.9,91.9,500.0,3.0,24.0,179.0,1.0,,,17.0,141,50
2021,2325,Nelson Agholor,nelson agholor,WR,155.0,170.7,165.4,151.2,142.3,169.3,115.3,,,54.0,813.0,6.0,,,17.0,142,60
2021,24,Matt Ryan,matt ryan,QB,157.5,153.9,145.5,65.3,283.04,283.04,283.04,80.0,1.0,,,,4801.0,24.0,17.0,143,18
2021,367,Jared Cook,jared cook,TE,158.8,163.9,157.0,149.4,131.1,163.1,99.1,,,64.0,711.0,5.0,,,17.0,144,16
2021,3664,J.D. McKissic,jd mckissic,RB,159.0,165.2,168.0,153.6,80.9,103.9,57.9,164.0,1.0,46.0,295.0,1.0,,,17.0,145,51
2021,7601,Rondale Moore,rondale moore,WR,159.7,167.2,182.5,156.9,157.3,188.8,125.8,122.0,1.0,63.0,776.0,5.0,,,17.0,146,61
2021,1166,Kirk Cousins,kirk cousins,QB,161.9,158.7,159.7,71.5,316.92,316.92,316.92,144.0,1.0,,,,4563.0,33.0,17.0,147,19
2021,7565,Terrace Marshall,terrace marshall,WR,162.1,183.2,189.2,180.6,133.1,160.6,105.6,,,55.0,776.0,5.0,,,17.0,148,62
2021,6870,Bryan Edwards,bryan edwards,WR,167.7,199.2,194.6,185.7,142.7,175.2,110.2,,,65.0,742.0,6.0,,,17.0,149,63
2021,1848,James White,james white,RB,167.8,193.5,210.5,193.5,82.5,105.5,59.5,113.0,1.0,46.0,362.0,1.0,,,17.0,150,52
2021,7567,Kenneth Gainwell,kenneth gainwell,RB,169.4,189.1,196.8,162.1,97.5,111.5,83.5,389.0,3.0,28.0,226.0,1.0,,,17.0,151,53
2021,7547,Amon-Ra St. Brown,amonra st brown,WR,172.3,183.2,195.6,161.1,125.3,155.3,95.3,,,60.0,773.0,3.0,,,17.0,152,64
2021,6798,Jalen Reagor,jalen reagor,WR,173.5,195.8,191.6,183.6,150.7,184.7,116.7,36.0,,68.0,911.0,4.0,,,17.0,153,65
2021,6126,Irv Smith,irv smith,TE,175.1,151.5,172.5,166.7,,,,,,,,,,,17.0,154,17
2021,7098,Ty'Son Williams,tyson williams,RB,177.3,226.4,199.1,241.7,142.4,159.4,125.4,659.0,5.0,34.0,255.0,1.0,,,17.0,155,54
2021,2306,Jameis Winston,jameis winston,QB,178.8,175.9,161.8,117.2,248.78,248.78,248.78,185.0,4.0,,,,3457.0,23.0,17.0,156,20
2021,4066,Evan Engram,evan engram,TE,179.0,159.9,174.6,143.5,100.9,128.4,73.4,,,55.0,574.0,3.0,,,17.0,157,18
2021,1339,Zach Ertz,zach ertz,TE,180.0,155.0,178.2,179.4,138.3,172.3,104.3,,,68.0,703.0,6.0,,,17.0,158,19
2021,7527,Mac Jones,mac jones,QB,181.3,180.5,173.3,143.9,238.32,238.32,238.32,120.0,1.0,,,,3658.0,23.0,17.0,159,21
2021,1110,T.Y. Hilton,ty hilton,WR,182.5,178.4,183.9,181.8,122.3,150.8,93.8,,,57.0,718.0,4.0,,,17.0,160,66
2021,6768,Tua Tagovailoa,tua tagovailoa,QB,183.4,181.2,179.6,84.9,248.48,248.48,248.48,200.0,2.0,,,,3412.0,24.0,17.0,161,22
2021,4017,Deshaun Watson,deshaun watson,QB,183.8,156.7,175.1,141.6,38.2,38.2,38.2,242.0,3.0,,,,,,17.0,162,23
2021,3202,Austin Hooper,austin hooper,TE,185.6,167.9,177.5,178.2,110.0,137.0,83.0,,,54.0,550.0,5.0,,,17.0,163,20
2021,4089,Gerald Everett,gerald everett,TE,186.8,187.8,186.2,155.0,126.8,158.3,95.3,,,63.0,653.0,5.0,,,17.0,164,21
2021,7571,Rashod Bateman,rashod bateman,WR,187.9,161.7,204.4,150.9,114.4,138.9,89.9,,,49.0,659.0,4.0,,,17.0,165,67
2021,7538,Zach Wilson,zach wilson,QB,189.9,186.5,180.5,112.0,241.0,241.0,241.0,124.0,2.0,,,,3590.0,23.0,17.0,166,24
2021,6826,Cole Kmet,cole kmet,TE,190.8,191.2,203.7,151.0,112.4,142.9,81.9,,,61.0,639.0,3.0,,,17.0,167,22
2021,333,Ryan Fitzpatrick,ryan fitzpatrick,QB,191.7,185.9,183.2,99.2,-5.28,-5.28,-5.28,2.0,,,,,13.0,,17.0,168,25
2021,928,Randall Cobb,randall cobb,WR,191.8,190.4,164.6,215.6,128.1,160.1,96.1,,,64.0,721.0,4.0,,,17.0,169,68
2021,3200,Sterling Shepard,sterling shepard,WR,193.7,197.0,222.1,190.1,144.3,181.3,107.3,37.0,,74.0,816.0,4.0,,,17.0,170,69
2021,830,A.J. Green,aj green,WR,194.4,198.9,193.3,194.4,111.6,137.1,86.1,,,51.0,621.0,4.0,,,17.0,171,70
2021,1386,Giovani Bernard,giovani bernard,RB,195.7,201.6,211.5,191.9,78.0,98.0,58.0,140.0,1.0,40.0,320.0,1.0,,,17.0,172,55
2021,6943,Gabe Davis,gabe davis,WR,196.2,207.4,214.1,187.4,147.1,179.1,115.1,,,64.0,871.0,5.0,,,17.0,173,71
2021,4985,Rashaad Penny,rashaad penny,RB,197.3,220.4,167.4,195.4,88.4,96.4,80.4,488.0,3.0,16.0,136.0,,,,17.0,174,56
2021,2583,Tyrell Williams,tyrell williams,WR,198.3,219.3,237.7,225.6,132.6,159.1,106.1,,,53.0,761.0,5.0,,,17.0,175,72
2021,5026,Tre'Quan Smith,trequan smith,WR,199.2,210.6,238.2,189.3,129.8,156.8,102.8,,,54.0,728.0,5.0,,,17.0,176,73
2021,3209,Devontae Booker,devontae booker,RB,202.5,202.8,197.3,223.6,80.4,94.4,66.4,327.0,1.0,28.0,217.0,1.0,,,17.0,177,57
2021,6984,Tony Jones,tony jones,RB,206.9,236.1,202.2,281.2,117.1,131.6,102.6,658.0,4.0,29.0,148.0,,,,17.0,178,58
2021,6869,Adam Trautman,adam trautman,TE,207.3,191.9,205.6,174.9,101.6,127.1,76.1,,,51.0,521.0,4.0,,,17.0,179,23
2021,138,Ben Roethlisberger,ben roethlisberger,QB,207.7,179.6,175.9,116.3,230.28,230.28,230.28,,,,,,3732.0,24.0,17.0,180,26
2021,7600,Pat Freiermuth,pat freiermuth,TE,209.3,188.6,185.4,186.7,96.5,118.5,74.5,,,44.0,505.0,4.0,,,17.0,181,24
2021,6039,Ty Johnson,ty johnson,RB,210.0,244.5,239.5,249.9,98.9,115.9,81.9,452.0,2.0,34.0,207.0,1.0,,,17.0,182,59
2021,4571,Blake Jarwin,blake jarwin,TE,211.7,213.7,206.5,211.2,111.5,140.0,83.0,,,57.0,590.0,4.0,,,17.0,183,25
2021,538,Emmanuel Sanders,emmanuel sanders,WR,212.9,211.1,221.3,214.3,131.2,158.7,103.7,9.0,,55.0,728.0,5.0,,,17.0,184,74
2021,5880,Parris Campbell,parris campbell,WR,213.3,215.9,244.9,191.9,132.1,163.1,101.1,,,62.0,771.0,4.0,,,17.0,185,75
2021,5086,Marquez Valdes-Scantling,marquez valdesscantling,WR,214.4,221.2,207.1,223.2,148.6,174.6,122.6,23.0,,52.0,843.0,6.0,,,17.0,186,76
2021,956,Mark Ingram,mark ingram,RB,215.6,241.9,207.1,254.6,90.4,102.9,77.9,347.0,3.0,25.0,192.0,1.0,,,17.0,187,60
2021,4152,Marlon Mack,marlon mack,RB,217.3,222.4,198.4,230.9,76.3,87.3,65.3,390.0,2.0,22.0,143.0,,,,17.0,188,61
2021,4950,Christian Kirk,christian kirk,WR,219.6,209.9,241.8,215.6,137.2,166.7,107.7,11.0,,59.0,726.0,6.0,,,17.0,189,77
2021,5549,Darrel Williams,darrel williams,RB,221.5,245.0,215.5,228.1,97.3,111.3,83.3,493.0,2.0,28.0,160.0,1.0,,,17.0,190,62
2021,1817,Sammy Watkins,sammy watkins,WR,222.7,212.8,246.9,217.9,125.2,156.7,93.7,,,63.0,697.0,4.0,,,17.0,191,78
2021,1833,Damien Williams,damien williams,RB,223.6,223.3,248.0,233.7,78.1,95.6,60.6,221.0,1.0,35.0,265.0,1.0,,,17.0,192,63
2021,2588,Malcolm Brown,malcolm brown,RB,223.9,255.5,242.9,258.9,82.0,92.5,71.5,362.0,2.0,21.0,173.0,1.0,,,17.0,193,64
2021,5122,Boston Scott,boston scott,RB,225.9,223.9,243.0,235.9,70.6,82.6,58.6,282.0,1.0,24.0,184.0,1.0,,,17.0,194,65
2021,2028,Derek Carr,derek carr,QB,228.6,204.3,201.1,114.5,311.58,311.58,311.58,109.0,1.0,,,,5192.0,26.0,17.0,195,27
2021,7088,Xavier Jones,xavier jones,RB,230.5,242.6,212.6,246.7,,,,,,,,,,,17.0,196,66
2021,3161,Carson Wentz,carson wentz,QB,231.8,233.0,228.5,103.9,245.04,245.04,245.04,232.0,3.0,,,,3446.0,23.0,17.0,197,28
2021,5870,Daniel Jones,daniel jones,QB,233.3,206.2,223.7,107.0,307.1,307.1,307.1,511.0,3.0,,,,4000.0,25.0,17.0,198,29
2021,1408,Le'Veon Bell,leveon bell,RB,234.8,238.2,372.7,252.0,89.7,104.7,74.7,346.0,2.0,30.0,221.0,1.0,,,17.0,199,67
2021,1535,Cordarrelle Patterson,cordarrelle patterson,RB,235.8,231.2,229.0,282.3,160.5,185.5,135.5,453.0,2.0,50.0,562.0,4.0,,,17.0,200,68
2021,2410,Jamison Crowder,jamison crowder,WR,236.3,217.6,239.7,222.5,118.3,148.3,88.3,9.0,,60.0,654.0,4.0,,,17.0,201,79
2021,4157,Tarik Cohen,tarik cohen,RB,237.0,243.5,235.0,221.8,52.3,61.3,43.3,92.0,1.0,18.0,161.0,2.0,,,17.0,202,69
2021,4943,Sam Darnold,sam darnold,QB,238.6,239.5,231.2,111.0,136.94,136.94,136.94,185.0,5.0,,,,1986.0,7.0,17.0,203,30
2021,2257,Carlos Hyde,carlos hyde,RB,239.3,247.6,219.9,283.8,88.6,100.6,76.6,405.0,2.0,24.0,181.0,1.0,,,17.0,204,70
2021,4435,Anthony Firkser,anthony firkser,TE,239.9,218.4,249.5,212.6,98.3,124.3,72.3,,,52.0,543.0,3.0,,,17.0,205,26
2021,7606,Kadarius Toney,kadarius toney,WR,241.4,215.9,247.3,218.5,136.0,162.5,109.5,109.0,,53.0,686.0,5.0,,,17.0,206,80
2021,7670,Joshua Palmer,joshua palmer,WR,242.2,249.6,252.8,259.9,132.8,163.8,101.8,,,62.0,778.0,4.0,,,17.0,207,81
2021,2118,Eric Ebron,eric ebron,TE,243.1,214.9,227.9,219.2,100.2,125.7,74.7,,,51.0,507.0,4.0,,,17.0,208,27
2021,5185,Allen Lazard,allen lazard,WR,244.5,252.1,220.6,257.4,89.2,107.2,71.2,,,36.0,472.0,4.0,,,17.0,209,82
2021,6824,Donovan Peoples-Jones,donovan peoplesjones,WR,245.1,253.1,422.1,250.3,141.0,171.5,110.5,,,61.0,805.0,5.0,,,17.0,210,83
2021,7540,Amari Rodgers,amari rodgers,WR,246.1,247.9,479.9,253.3,115.2,138.7,91.7,,,47.0,617.0,5.0,,,17.0,211,84
2021,6918,Salvon Ahmed,salvon ahmed,RB,247.0,257.4,251.8,238.6,101.1,115.1,87.1,519.0,2.0,28.0,172.0,1.0,,,17.0,212,71
2021,2161,Jerick McKinnon,jerick mckinnon,RB,247.7,251.2,250.3,262.2,80.5,97.5,63.5,238.0,1.0,34.0,277.0,1.0,,,17.0,213,72
2021,7064,Darrynton Evans,darrynton evans,RB,249.1,249.1,431.0,265.2,83.5,98.5,68.5,353.0,1.0,30.0,212.0,1.0,,,17.0,214,73
2021,2750,DeAndre Carter,deandre carter,WR,250.5,465.9,250.5,367.1,25.4,30.9,19.9,,,11.0,139.0,1.0,,,17.0,215,85
2021,7319,Jeff Cotton,jeff cotton,WR,251.0,529.0,251.0,431.0,,,,,,,,,,,17.0,216,86
2021,2595,Tim Semisch,tim semisch,TE,252.0,273.0,252.0,646.3,,,,,,,,,,,17.0,217,28
2021,5745,Nick Stevens,nick stevens,QB,253.0,258.0,253.0,253.0,,,,,,,,,,,17.0,218,31
2021,7897,Roland Rivers,roland rivers,QB,254.0,615.3,254.0,254.0,,,,,,,,,,,17.0,219,32
2021,5709,Luis Perez,luis perez,QB,255.3,373.0,255.3,255.3,,,,,,,,,,,17.0,220,33
2021,5089,Mike White,mike white,QB,257.0,603.8,300.0,363.9,64.68,64.68,64.68,14.0,,,,,932.0,8.0,17.0,221,34
2021,4169,Jehu Chesson,jehu chesson,WR,258.0,539.6,258.0,258.0,,,,,,,,,,,17.0,222,87
2021,4531,Ricky Seals-Jones,ricky sealsjones,TE,259.0,259.0,259.0,342.2,45.6,56.1,35.1,,,21.0,231.0,2.0,,,17.0,223,29
2021,5171,Kevin Rader,kevin rader,TE,265.0,265.0,265.0,265.0,4.9,6.9,2.9,,,4.0,29.0,,,,17.0,224,30
2021,6396,Austin Fort,austin fort,TE,266.0,676.0,266.0,266.0,,,,,,,,,,,17.0,225,31
2021,5286,Austin Allen,austin allen,QB,269.0,303.3,269.0,269.0,,,,,,,,,,,17.0,226,35
2021,3319,Trevor Davis,trevor davis,WR,271.0,271.0,271.0,271.0,,,,,,,,,,,17.0,227,88
2021,4914,Glen Coffee,glen coffee,RB,272.0,272.0,272.0,272.0,,,,,,,,,,,17.0,228,74
2021,7013,Steven Montez,steven montez,QB,274.0,501.0,274.0,274.0,,,,,,,,,,,17.0,229,36
2021,8008,Josh Imatorbhebhe,josh imatorbhebhe,WR,278.1,278.1,337.2,278.1,,,,,,,,,,,17.0,230,89
2021,6932,Charlie Taumoepeau,charlie taumoepeau,TE,279.3,583.1,653.0,630.8,,,,,,,,,,,17.0,231,32
2021,6239,Malik Taylor,malik taylor,WR,280.0,280.0,280.0,565.0,18.3,21.8,14.8,,,7.0,88.0,1.0,,,17.0,232,90
2021,1170,Alfred Morris,alfred morris,RB,281.0,281.0,364.0,281.0,,,,,,,,,,,17.0,233,75
2021,1550,Ryan Griffin,ryan griffin,QB,282.0,475.0,282.0,527.3,,,,,,,,,,,17.0,234,37
2021,7418,Broc Rutter,broc rutter,QB,283.0,577.7,283.0,283.0,,,,,,,,,,,17.0,235,38
2021,2315,Todd Gurley,todd gurley,RB,285.0,282.0,245.7,347.0,15.8,17.3,14.3,57.0,1.0,3.0,26.0,,,,17.0,236,76
2021,7084,Jake Luton,jake luton,QB,286.0,286.0,286.0,286.0,,,,,,,,,,,17.0,237,39
2021,6420,Jon'Vea Johnson,jonvea johnson,WR,287.0,287.0,287.0,287.0,,,,,,,,,,,17.0,238,91
2021,1612,Tyler Bray,tyler bray,QB,288.0,697.8,288.0,288.0,,,,,,,,,,,17.0,239,40
2021,6540,DeAndre Thompkins,deandre thompkins,WR,291.0,337.2,269.0,291.0,,,,,,,,,,,17.0,240,92
2021,5117,Jordan Thomas,jordan thomas,TE,294.0,294.0,294.0,294.0,,,,,,,,,,,17.0,241,33
2021,5239,Lamar Jordan,lamar jordan,QB,296.0,296.0,296.0,296.0,,,,,,,,,,,17.0,242,41
2021,2422,Blake Bell,blake bell,TE,297.2,297.2,297.2,297.2,7.3,10.8,3.8,,,7.0,38.0,,,,17.0,243,34
2021,1587,Vance McDonald,vance mcdonald,TE,298.7,298.7,680.0,298.7,,,,,,,,,,,17.0,244,35
2021,7404,Noah Togiai,noah togiai,TE,301.0,301.0,301.0,301.0,10.2,13.7,6.7,,,7.0,67.0,,,,17.0,245,36
2021,23,Jason Witten,jason witten,TE,302.2,358.2,281.7,475.6,,,,,,,,,,,17.0,246,37
2021,5609,Stephen Baggett,stephen baggett,TE,303.0,303.0,303.0,303.0,,,,,,,,,,,17.0,247,38
2021,7218,Cam Sutton,cam sutton,TE,304.0,304.0,256.0,601.1,,,,,,,,,,,17.0,248,39
2021,6037,Brett Rypien,brett rypien,QB,305.0,617.3,305.0,305.0,,,,,,,,,,,17.0,249,42
2021,5539,Derrick Willies,derrick willies,WR,306.0,306.0,306.0,306.0,,,,,,,,,,,17.0,250,93
2021,6664,A.J. Ouellette,aj ouellette,RB,307.8,349.8,307.8,406.0,,,,,,,,,,,17.0,251,77
2021,7854,Miller Forristall,miller forristall,TE,310.0,310.0,310.0,340.0,8.3,11.3,5.3,,,6.0,53.0,,,,17.0,252,40
2021,5156,Andrew Vollert,andrew vollert,TE,311.0,311.0,311.0,450.0,,,,,,,,,,,17.0,253,41
2021,6626,Isaac Zico,isaac zico,WR,314.0,314.0,314.0,314.0,,,,,,,,,,,17.0,254,94
2021,4924,Zach Terrell,zach terrell,QB,315.0,399.3,315.0,315.0,,,,,,,,,,,17.0,255,43
2021,4839,Mitch Leidner,mitch leidner,QB,317.0,313.7,317.0,317.0,,,,,,,,,,,17.0,256,44
2021,3540,Jamaal Jones,jamaal jones,WR,319.8,319.8,670.0,625.0,,,,,,,,,,,17.0,257,95
2021,6591,Charles Jones,charles jones,TE,319.8,319.8,319.8,597.0,,,,,,,,,,,17.0,258,42
2021,902,Dwayne Harris,dwayne harris,WR,322.3,336.0,322.3,322.3,,,,,,,,,,,17.0,259,96
2021,1642,Levine Toilolo,levine toilolo,TE,325.0,480.0,325.0,325.0,,,,,,,,,,,17.0,260,43
2021,3343,Nate Sudfeld,nate sudfeld,QB,326.7,490.7,326.7,326.7,,,,,,,,,,,17.0,261,45
2021,7211,Zimari Manning,zimari manning,WR,327.7,327.7,327.7,327.7,,,,,,,,,,,17.0,262,97
2021,7956,Cade Johnson,cade johnson,WR,329.0,329.0,341.0,329.0,,,,,,,,,,,17.0,263,98
2021,695,Ted Ginn,ted ginn,WR,330.0,330.0,687.0,330.0,,,,,,,,,,,17.0,264,99
2021,4229,Mason Schreck,mason schreck,TE,331.0,331.0,331.0,331.0,,,,,,,,,,,17.0,265,44
2021,4605,Evan Baylis,evan baylis,TE,332.0,332.0,332.0,332.0,,,,,,,,,,,17.0,266,45
2021,5108,Luke Falk,luke falk,QB,333.0,331.0,333.0,333.0,,,,,,,,,,,17.0,267,46
2021,6806,J.K. Dobbins,jk dobbins,RB,335.0,341.0,331.0,441.0,,,,,,,,,,,17.0,268,78
2021,1500,Jordan Reed,jordan reed,TE,336.0,336.0,303.0,336.0,,,,,,,,,,,17.0,269,46
2021,4588,Kyle Sloter,kyle sloter,QB,338.3,338.3,338.3,338.3,,,,,,,,,,,17.0,270,47
2021,4139,Amara Darboh,amara darboh,WR,340.0,340.0,340.0,340.0,,,,,,,,,,,17.0,271,100
2021,6938,Cam Akers,cam akers,RB,341.0,321.0,329.0,437.0,3.4,3.9,2.9,21.0,,1.0,8.0,,,,17.0,272,79
2021,7543,Travis Etienne,travis etienne,RB,342.0,320.0,330.0,438.0,,,,,,,,,,,17.0,273,80
2021,7143,Ben DiNucci,ben dinucci,QB,342.0,639.2,322.0,485.0,,,,,,,,,,,17.0,274,48
2021,6519,Darrius Shepherd,darrius shepherd,WR,343.0,343.0,343.0,343.0,,,,,,,,,,,17.0,275,101
2021,1895,AJ McCarron,aj mccarron,QB,346.0,346.9,346.0,346.0,,,,,,,,,,,17.0,276,49
2021,5139,Trey Quinn,trey quinn,WR,348.0,348.0,348.0,348.0,,,,,,,,,,,17.0,277,102
2021,7863,JaQuan Hardy,jaquan hardy,RB,349.7,566.3,349.7,349.7,,,,,,,,,,,17.0,278,81
2021,6964,Sean McKeon,sean mckeon,TE,350.7,350.7,350.7,350.7,17.6,22.6,12.6,,,10.0,66.0,1.0,,,17.0,279,47
2021,5144,Malik Williams,malik williams,RB,351.9,351.9,351.9,351.9,,,,,,,,,,,17.0,280,82
2021,1451,C.J. Anderson,cj anderson,RB,353.4,362.2,697.0,353.4,,,,,,,,,,,17.0,281,83
2021,5096,Ray-Ray McCloud,rayray mccloud,WR,355.7,355.7,623.0,355.7,49.9,64.4,35.4,32.0,,29.0,222.0,2.0,,,17.0,282,103
2021,200,Vernon Davis,vernon davis,TE,356.7,356.7,373.0,425.0,,,,,,,,,,,17.0,283,48
2021,788,Dion Lewis,dion lewis,RB,357.4,357.4,601.0,357.4,,,,,,,,,,,17.0,284,84
2021,331,Philip Rivers,philip rivers,QB,358.7,508.0,306.0,358.7,,,,,,,,,,,17.0,285,50
2021,2039,Seth Roberts,seth roberts,WR,359.3,359.3,359.3,663.0,,,,,,,,,,,17.0,286,104
2021,1603,Luke Willson,luke willson,TE,360.0,345.3,685.0,360.0,,,,,,,,,,,17.0,287,49
2021,6187,Aca'Cedric Ware,acacedric ware,RB,361.0,361.0,361.0,361.0,,,,,,,,,,,17.0,288,85
2021,4777,De'Chavon Hayes,dechavon hayes,RB,362.0,362.0,362.0,362.0,,,,,,,,,,,17.0,289,86
2021,3170,Paxton Lynch,paxton lynch,QB,367.0,282.2,367.0,551.0,,,,,,,,,,,17.0,290,51
2021,6522,T.J. Linta,tj linta,QB,369.0,330.6,369.0,687.3,,,,,,,,,,,17.0,291,52
2021,2394,Sean Mannion,sean mannion,QB,370.6,370.6,370.6,370.6,9.72,9.72,9.72,4.0,,,,,233.0,,17.0,292,53
2021,6469,Davis Koppenhaver,davis koppenhaver,TE,374.0,354.0,374.0,374.0,,,,,,,,,,,17.0,293,50
2021,268,Alex Smith,alex smith,QB,375.1,375.1,375.1,491.3,,,,,,,,,,,17.0,294,54
2021,6692,Joe Horn,joe horn,WR,380.0,380.0,698.0,380.0,,,,,,,,,,,17.0,295,105
2021,7454,Travis Jonsen,travis jonsen,WR,381.0,381.0,381.0,381.0,,,,,,,,,,,17.0,296,106
2021,6040,Tyree Jackson,tyree jackson,TE,382.0,382.0,382.0,382.0,23.2,28.2,18.2,,,10.0,122.0,1.0,,,17.0,297,51
2021,2082,Xavier Grimble,xavier grimble,TE,384.0,384.0,384.0,384.0,,,,,,,,,,,17.0,298,52
2021,5123,Trenton Cannon,trenton cannon,RB,385.3,385.3,385.3,385.3,74.3,83.3,65.3,400.0,2.0,18.0,133.0,,,,17.0,299,87
2021,6548,Marcus Marshall,marcus marshall,RB,386.4,386.4,253.0,386.4,,,,,,,,,,,17.0,300,88
2021,4563,Taylor McNamara,taylor mcnamara,TE,389.0,477.7,539.0,411.0,,,,,,,,,,,17.0,301,53
2021,7619,Mathew Sexton,mathew sexton,WR,390.7,390.7,390.7,390.7,,,,,,,,,,,17.0,302,107
2021,7083,Tyler Huntley,tyler huntley,QB,391.7,391.7,391.7,391.7,31.44,31.44,31.44,76.0,1.0,,,,271.0,2.0,17.0,303,55
2021,745,Marshawn Lynch,marshawn lynch,RB,393.5,665.4,330.0,393.5,,,,,,,,,,,17.0,304,89
2021,5250,Robert Foster,robert foster,WR,394.0,652.0,394.0,394.0,,,,,,,,,,,17.0,305,108
2021,4151,Jake Butt,jake butt,TE,396.3,396.3,544.0,498.7,,,,,,,,,,,17.0,306,54
2021,7412,Sandro Platzgummer,sandro platzgummer,RB,397.0,397.0,370.0,461.0,,,,,,,,,,,17.0,307,90
2021,4630,I'Tavius Mathers,itavius mathers,RB,398.3,531.0,398.3,398.3,,,,,,,,,,,17.0,308,91
2021,886,Taiwan Jones,taiwan jones,RB,399.0,399.0,382.0,399.0,,,,,,,,,,,17.0,309,92
2021,5261,Jester Weah,jester weah,WR,400.0,400.0,400.0,400.0,,,,,,,,,,,17.0,310,109
2021,1678,Uzoma Nwachukwu,uzoma nwachukwu,WR,402.8,517.4,402.8,679.0,,,,,,,,,,,17.0,311,110
2021,8005,Tarik Black,tarik black,WR,403.0,403.0,403.0,403.0,,,,,,,,,,,17.0,312,111
2021,5751,Austin Roberts,austin roberts,TE,404.0,404.0,404.0,404.0,,,,,,,,,,,17.0,313,55
2021,3239,Bronson Kaufusi,bronson kaufusi,TE,405.0,405.0,405.0,405.0,,,,,,,,,,,17.0,314,56
2021,973,Anthony Sherman,anthony sherman,RB,406.0,406.0,406.0,406.0,,,,,,,,,,,17.0,315,93
2021,1269,Bradley Sowell,bradley sowell,TE,408.0,408.0,408.0,408.0,,,,,,,,,,,17.0,316,57
2021,6723,Vincent Testaverde,vincent testaverde,QB,413.0,413.0,255.0,647.7,,,,,,,,,,,17.0,317,56
2021,1737,Case Keenum,case keenum,QB,414.8,414.8,414.8,414.8,10.0,10.0,10.0,4.0,,,,,165.0,1.0,17.0,318,57
2021,4863,Josh Rosen,josh rosen,QB,415.0,415.0,415.0,415.0,,,,,,,,,,,17.0,319,58
2021,4183,Nathan Peterman,nathan peterman,QB,415.7,415.7,363.7,501.6,,,,,,,,,,,17.0,320,59
2021,2304,Jerome Cunningham,jerome cunningham,TE,417.3,417.3,417.3,455.0,,,,,,,,,,,17.0,321,58
2021,4480,Bobo Wilson,bobo wilson,WR,419.7,419.7,419.7,311.0,,,,,,,,,,,17.0,322,112
2021,1215,Jarius Wright,jarius wright,WR,420.2,420.2,420.2,420.2,,,,,,,,,,,17.0,323,113
2021,8068,C.J. Saunders,cj saunders,WR,421.2,700.3,421.2,421.2,,,,,,,,,,,17.0,324,114
2021,4314,Johnny Mundt,johnny mundt,TE,422.0,422.0,688.0,422.0,10.2,14.2,6.2,,,8.0,62.0,,,,17.0,325,59
2021,7050,Josiah Deguara,josiah deguara,TE,423.0,423.0,261.0,423.0,36.8,45.3,28.3,14.0,,17.0,209.0,1.0,,,17.0,326,60
2021,4416,Austin Carr,austin carr,WR,425.3,425.3,425.3,425.3,,,,,,,,,,,17.0,327,115
2021,4434,Brisly Estime,brisly estime,WR,426.0,426.0,426.0,426.0,,,,,,,,,,,17.0,328,116
2021,7905,Dylan Soehner,dylan soehner,TE,429.0,429.0,429.0,428.0,,,,,,,,,,,17.0,329,61
2021,6963,Patrick Taylor,patrick taylor,RB,431.0,431.0,431.0,534.0,4.8,5.8,3.8,27.0,,2.0,11.0,,,,17.0,330,94
2021,4050,Cyril Grayson,cyril grayson,WR,433.3,433.3,433.3,433.3,28.3,31.8,24.8,20.0,,7.0,168.0,1.0,,,17.0,331,117
2021,4443,Pharaoh Brown,pharaoh brown,TE,436.0,436.0,436.0,436.0,58.4,73.9,42.9,,,31.0,309.0,2.0,,,17.0,332,62
2021,4367,Monty Madaris,monty madaris,WR,439.0,439.0,439.0,439.0,,,,,,,,,,,17.0,333,118
2021,1029,Nick Foles,nick foles,QB,439.6,439.6,510.0,439.6,8.16,8.16,8.16,2.0,,,,,224.0,,17.0,334,60
2021,4515,B.J. Johnson,bj johnson,WR,442.0,442.0,442.0,442.0,,,,,,,,,,,17.0,335,119
2021,7008,Brian Lewerke,brian lewerke,QB,444.0,565.0,444.0,444.0,,,,,,,,,,,17.0,336,61
2021,5845,Dwayne Haskins,dwayne haskins,QB,446.6,446.6,446.6,446.6,9.18,9.18,9.18,3.0,,,,,247.0,,17.0,337,62
2021,8038,Nick Guggemos,nick guggemos,TE,449.1,449.1,449.1,449.1,,,,,,,,,,,17.0,338,63
2021,7245,Nate Wieting,nate wieting,TE,450.3,450.3,450.3,450.3,,,,,,,,,,,17.0,339,64
2021,5903,Will Grier,will grier,QB,452.0,452.0,452.0,659.8,,,,,,,,,,,17.0,340,63
2021,7996,Dillon Stoner,dillon stoner,WR,454.0,454.0,579.0,454.0,20.4,24.9,15.9,,,9.0,99.0,1.0,,,17.0,341,120
2021,6920,Isaiah Hodgins,isaiah hodgins,WR,457.0,457.0,660.0,457.0,,,,,,,,,,,17.0,342,121
2021,7424,Anthony Jones,anthony jones,RB,459.4,459.4,459.4,459.4,,,,,,,,,,,17.0,343,95
2021,208,Josh McCown,josh mccown,QB,461.0,631.4,461.0,327.3,,,,,,,,,,,17.0,344,64
2021,19,Joe Flacco,joe flacco,QB,462.7,462.7,333.0,462.7,34.72,34.72,34.72,12.0,,,,,613.0,3.0,17.0,345,65
2021,7859,Nick Eubanks,nick eubanks,TE,464.0,464.0,464.0,464.0,,,,,,,,,,,17.0,346,65
2021,6075,Jesper Horsted,jesper horsted,TE,467.3,467.3,334.0,467.3,35.3,44.8,25.8,,,19.0,198.0,1.0,,,17.0,347,66
2021,1244,Josh Gordon,josh gordon,WR,468.5,468.5,323.2,468.5,51.0,66.0,36.0,,,30.0,300.0,1.0,,,17.0,348,122
2021,6185,Easton Stick,easton stick,QB,469.0,469.0,469.0,469.0,,,,,,,,,,,17.0,349,66
2021,6822,Jake Fromm,jake fromm,QB,471.7,471.7,471.7,398.1,40.22,40.22,40.22,23.0,,,,,698.0,3.0,17.0,350,67
2021,1546,Kenjon Barner,kenjon barner,RB,478.8,478.8,478.8,478.8,,,,,,,,,,,17.0,351,96
2021,1071,Mohamed Sanu,mohamed sanu,WR,479.7,479.7,550.0,479.7,34.9,43.9,25.9,,,18.0,199.0,1.0,,,17.0,352,123
2021,574,Dez Bryant,dez bryant,WR,482.3,482.3,301.7,482.3,29.1,36.1,22.1,,,14.0,161.0,1.0,,,17.0,353,124
2021,3393,Devin Fuller,devin fuller,WR,483.2,483.2,483.2,483.2,,,,,,,,,,,17.0,354,125
2021,7063,Shea Patterson,shea patterson,QB,485.0,485.0,485.0,652.0,,,,,,,,,,,17.0,355,68
2021,6894,Mitchell Wilcox,mitchell wilcox,TE,486.8,449.1,486.8,486.8,25.3,31.8,18.8,,,13.0,128.0,1.0,,,17.0,356,67
2021,7983,Collin Hill,collin hill,QB,488.0,315.0,488.0,488.0,,,,,,,,,,,17.0,357,69
2021,2785,Gus Johnson,gus johnson,RB,489.0,489.0,380.0,489.0,,,,,,,,,,,17.0,358,97
2021,5207,Marchie Murdock,marchie murdock,WR,496.0,496.0,496.0,496.0,,,,,,,,,,,17.0,359,126
2021,5195,Akrum Wadley,akrum wadley,RB,497.0,485.0,497.0,632.0,,,,,,,,,,,17.0,360,98
2021,6142,Caleb Wilson,caleb wilson,TE,500.2,500.2,500.2,500.2,,,,,,,,,,,17.0,361,68
2021,6763,Reggie Begelton,reggie begelton,WR,503.0,503.0,503.0,503.0,,,,,,,,,,,17.0,362,127
2021,4401,Damore'ea Stringfellow,damoreea stringfellow,WR,505.7,505.7,505.7,379.0,,,,,,,,,,,17.0,363,128
2021,246,Darren Sproles,darren sproles,RB,506.2,516.3,506.2,348.0,,,,,,,,,,,17.0,364,99
2021,5974,Trace McSorley,trace mcsorley,QB,507.0,507.0,371.0,507.0,,,,,,,,,,,17.0,365,70
2021,7576,Sage Surratt,sage surratt,TE,509.0,509.0,509.0,509.0,,,,,,,,,,,17.0,366,69
2021,6595,Devlin Hodges,devlin hodges,QB,513.0,513.0,513.0,513.0,,,,,,,,,,,17.0,367,71
2021,111,Marcedes Lewis,marcedes lewis,TE,515.6,605.4,515.6,515.6,27.6,35.1,20.1,,,15.0,141.0,1.0,,,17.0,368,70
2021,2452,Jay Ajayi,jay ajayi,RB,516.8,414.7,516.8,516.8,,,,,,,,,,,17.0,369,100
2021,4504,John Robinson-Woodgett,john robinsonwoodgett,RB,519.4,631.5,519.4,519.4,,,,,,,,,,,17.0,370,101
2021,7056,Darrell Stewart,darrell stewart,WR,519.7,519.7,635.0,519.7,,,,,,,,,,,17.0,371,129
2021,6371,Drew Anderson,drew anderson,QB,521.3,343.2,521.3,521.3,,,,,,,,,,,17.0,372,72
2021,4051,Chad Kelly,chad kelly,QB,524.3,524.3,524.3,460.0,,,,,,,,,,,17.0,373,73
2021,4463,Tyler McCloskey,tyler mccloskey,RB,525.0,379.3,678.0,525.0,,,,,,,,,,,17.0,374,102
2021,5134,Keith Kirkwood,keith kirkwood,WR,527.0,527.0,527.0,505.0,,,,,,,,,,,17.0,375,130
2021,8021,Branden Mack,branden mack,WR,528.0,528.0,528.0,528.0,,,,,,,,,,,17.0,376,131
2021,1387,Rex Burkhead,rex burkhead,RB,530.5,530.5,492.9,530.5,61.3,73.3,49.3,185.0,1.0,24.0,188.0,1.0,,,17.0,377,103
2021,7465,Nick Tiano,nick tiano,QB,533.0,533.0,533.0,533.0,,,,,,,,,,,17.0,378,74
2021,2560,Zach Zenner,zach zenner,RB,534.0,534.0,534.0,631.0,,,,,,,,,,,17.0,379,104
2021,4464,Nick Mullens,nick mullens,QB,535.0,535.0,535.0,535.0,27.5,27.5,27.5,1.0,,,,,460.0,3.0,17.0,380,75
2021,7174,Juwan Green,juwan green,WR,536.0,536.0,536.0,536.0,,,,,,,,,,,17.0,381,132
2021,4125,Taywan Taylor,taywan taylor,WR,537.0,537.0,537.0,537.0,,,,,,,,,,,17.0,382,133
2021,6453,D.J. Montgomery,dj montgomery,WR,538.6,538.6,650.0,538.6,18.3,23.8,12.8,,,11.0,68.0,1.0,,,17.0,383,134
2021,4127,C.J. Beathard,cj beathard,QB,542.0,573.3,481.0,542.0,12.26,12.26,12.26,3.0,,,,,224.0,1.0,17.0,384,76
2021,5536,Dontrell Hilliard,dontrell hilliard,RB,543.0,543.0,543.0,311.2,62.2,75.7,48.7,135.0,1.0,27.0,232.0,1.0,,,17.0,385,105
2021,1034,Brandon Bolden,brandon bolden,RB,544.0,544.0,675.0,403.6,57.8,71.8,43.8,73.0,1.0,28.0,225.0,1.0,,,17.0,386,106
2021,6686,Joe Horn,joe horn,WR,545.0,530.0,614.0,545.0,,,,,,,,,,,17.0,387,135
2021,4218,Trent Taylor,trent taylor,WR,546.0,546.0,546.0,371.0,,,,,,,,,,,17.0,388,136
2021,89,Chad Henne,chad henne,QB,548.9,548.9,548.9,548.9,,,,,,,,,,,17.0,389,77
2021,7086,John Hightower,john hightower,WR,550.2,550.2,550.2,550.2,45.8,56.8,34.8,5.0,,22.0,283.0,1.0,,,17.0,390,137
2021,6373,A.J. Richardson,aj richardson,WR,552.0,618.6,552.0,519.3,,,,,,,,,,,17.0,391,138
2021,5228,J.T. Barrett,jt barrett,QB,553.0,553.0,553.0,553.0,,,,,,,,,,,17.0,392,78
2021,2168,Devonta Freeman,devonta freeman,RB,557.9,557.9,581.0,667.3,81.7,91.7,71.7,382.0,2.0,20.0,155.0,1.0,,,17.0,393,107
2021,5548,Elijah Marks,elijah marks,WR,558.0,558.0,634.0,558.0,,,,,,,,,,,17.0,394,139
2021,1979,Blake Bortles,blake bortles,QB,561.0,561.0,342.0,561.0,54.0,54.0,54.0,88.0,1.0,,,,680.0,4.0,17.0,395,79
2021,1169,Robert Griffin,robert griffin,QB,566.1,678.9,318.0,532.3,,,,,,,,,,,17.0,396,80
2021,2359,Ameer Abdullah,ameer abdullah,RB,568.0,657.2,568.0,568.0,14.7,19.2,10.2,45.0,,9.0,57.0,,,,17.0,397,108
2021,7992,Matt Bushman,matt bushman,TE,570.0,570.0,570.0,570.0,,,,,,,,,,,17.0,398,71
2021,5138,Martez Carter,martez carter,RB,573.0,573.0,297.0,471.0,,,,,,,,,,,17.0,399,109
2021,5112,Bo Scarbrough,bo scarbrough,RB,574.5,574.5,606.0,574.5,,,,,,,,,,,17.0,400,110
2021,6778,Chris Streveler,chris streveler,QB,578.0,452.0,578.0,688.0,,,,,,,,,,,17.0,401,81
2021,1273,Francis Owusu,francis owusu,WR,579.0,579.0,579.0,579.0,,,,,,,,,,,17.0,402,140
2021,2917,Brian Vogler,brian vogler,TE,581.0,581.0,490.0,581.0,,,,,,,,,,,17.0,403,72
2021,4349,Taquan Mizzell,taquan mizzell,RB,582.0,582.0,582.0,582.0,,,,,,,,,,,17.0,404,111
2021,178,Matt Schaub,matt schaub,QB,583.7,583.7,583.7,583.7,,,,,,,,,,,17.0,405,82
2021,1211,Rhett Ellison,rhett ellison,TE,584.0,301.4,584.0,584.0,,,,,,,,,,,17.0,406,73
2021,6247,Jason Moore,jason moore,WR,586.0,586.0,586.0,586.0,10.8,13.8,7.8,,,6.0,78.0,,,,17.0,407,141
2021,8092,Corey Taylor,corey taylor,RB,588.3,588.3,588.3,588.3,,,,,,,,,,,17.0,408,112
2021,5131,Justin Jackson,justin jackson,RB,593.7,593.7,405.9,290.8,55.1,64.1,46.1,283.0,1.0,18.0,118.0,,,,17.0,409,113
2021,6973,J.J. Taylor,jj taylor,RB,597.2,597.2,503.9,597.2,20.5,21.5,19.5,128.0,1.0,2.0,7.0,,,,17.0,410,114
2021,1149,Alshon Jeffery,alshon jeffery,WR,598.2,598.2,423.4,598.2,44.3,54.3,34.3,,,20.0,283.0,1.0,,,17.0,411,142
2021,559,Tim Tebow,tim tebow,TE,599.2,239.3,354.9,268.6,,,,,,,,,,,17.0,412,74
2021,6323,Andrew Beck,andrew beck,RB,601.3,324.3,601.3,601.3,11.6,15.6,7.6,,,8.0,76.0,,,,17.0,413,115
2021,3327,Alex Collins,alex collins,RB,602.8,602.8,391.9,695.5,50.4,55.9,44.9,266.0,2.0,11.0,63.0,,,,17.0,414,116
2021,3445,Marcus Johnson,marcus johnson,WR,604.0,666.9,604.0,690.9,42.6,53.6,31.6,,,22.0,256.0,1.0,,,17.0,415,143
2021,5995,Justice Hill,justice hill,RB,605.1,605.1,460.5,605.1,,,,,,,,,,,17.0,416,117
2021,5902,Penny Hart,penny hart,WR,606.7,606.7,606.7,696.0,51.3,65.3,37.3,,,28.0,313.0,1.0,,,17.0,417,144
2021,6448,Darrin Hall,darrin hall,RB,608.0,608.0,608.0,608.0,,,,,,,,,,,17.0,418,118
2021,4406,Wes Lunt,wes lunt,QB,611.0,380.7,611.0,611.0,,,,,,,,,,,17.0,419,83
2021,4996,Kyle Lauletta,kyle lauletta,QB,612.0,687.0,612.0,612.0,,,,,,,,,,,17.0,420,84
2021,5278,Jarvion Franklin,jarvion franklin,RB,613.0,613.0,613.0,613.0,,,,,,,,,,,17.0,421,119
2021,5162,Reggie Bonnafon,reggie bonnafon,RB,615.2,615.2,681.0,615.2,,,,,,,,,,,17.0,422,120
2021,312,Matthew Slater,matthew slater,WR,616.0,616.0,616.0,616.0,,,,,,,,,,,17.0,423,145
2021,4411,R.J. Shelton,rj shelton,WR,617.3,617.3,617.3,604.6,,,,,,,,,,,17.0,424,146
2021,7904,Stevie Scott,stevie scott,RB,618.4,618.4,618.4,618.4,,,,,,,,,,,17.0,425,121
2021,3278,Pharoh Cooper,pharoh cooper,WR,619.2,619.2,641.0,619.2,5.1,6.6,3.6,,,3.0,36.0,,,,17.0,426,147
2021,6049,Tyre Brady,tyre brady,WR,621.0,621.0,433.0,698.0,,,,,,,,,,,17.0,427,148
2021,4593,Brandon Barnes,brandon barnes,TE,623.0,623.0,553.8,623.0,,,,,,,,,,,17.0,428,75
2021,7499,Paul Quessenberry,paul quessenberry,TE,623.7,623.7,613.0,623.7,,,,,,,,,,,17.0,429,76
2021,7414,Johnathon Johnson,johnathon johnson,WR,626.0,626.0,626.0,626.0,,,,,,,,,,,17.0,430,149
2021,6985,Dezmon Patmon,dezmon patmon,WR,628.0,628.0,628.0,628.0,,,,,,,,,,,17.0,431,150
2021,7334,Earnest Edwards,earnest edwards,WR,631.2,631.2,631.2,661.0,,,,,,,,,,,17.0,432,151
2021,6665,Jody Fortson,jody fortson,TE,632.0,632.0,632.0,632.0,36.5,45.5,27.5,,,18.0,215.0,1.0,,,17.0,433,77
2021,4767,Dane Evans,dane evans,QB,633.0,580.3,312.0,575.0,,,,,,,,,,,17.0,434,85
2021,4179,Joshua Dobbs,joshua dobbs,QB,634.0,391.1,588.0,465.6,,,,,,,,,,,17.0,435,86
2021,4150,Wayne Gallman,wayne gallman,RB,635.3,635.3,441.6,267.6,88.7,102.7,74.7,420.0,3.0,28.0,147.0,,,,17.0,436,122
2021,1223,Garrett Celek,garrett celek,TE,636.4,636.4,636.4,636.4,,,,,,,,,,,17.0,437,78
2021,3433,Alex Erickson,alex erickson,WR,638.4,638.4,638.4,638.4,20.9,25.4,16.4,,,9.0,104.0,1.0,,,17.0,438,152
2021,6554,Shawn Poindexter,shawn poindexter,WR,639.3,639.3,639.3,639.3,,,,,,,,,,,17.0,439,153
2021,1312,Josh Bellamy,josh bellamy,WR,640.0,640.0,640.0,640.0,,,,,,,,,,,17.0,440,154
2021,223,Larry Fitzgerald,larry fitzgerald,WR,641.4,641.4,406.1,641.4,,,,,,,,,,,17.0,441,155
2021,6322,Xavier Ubosi,xavier ubosi,WR,643.0,292.8,643.0,581.0,,,,,,,,,,,17.0,442,156
2021,7860,Osirus Mitchell,osirus mitchell,WR,644.4,581.7,644.4,644.4,,,,,,,,,,,17.0,443,157
2021,1232,Robert Turbin,robert turbin,RB,645.7,645.7,645.7,645.7,,,,,,,,,,,17.0,444,123
2021,6165,Antoine Wesley,antoine wesley,WR,646.0,646.0,646.0,646.0,35.3,44.8,25.8,,,19.0,198.0,1.0,,,17.0,445,158
2021,2238,John Brown,john brown,WR,647.4,647.4,233.2,226.3,120.9,148.4,93.4,,,55.0,714.0,4.0,,,17.0,446,159
2021,3309,Wendell Smallwood,wendell smallwood,RB,649.0,334.4,667.0,649.0,14.6,19.1,10.1,36.0,,9.0,65.0,,,,17.0,447,124
2021,663,Benjamin Watson,benjamin watson,TE,652.3,652.3,626.0,652.3,,,,,,,,,,,17.0,448,79
2021,6593,Spencer Schnell,spencer schnell,WR,653.3,396.2,610.0,653.3,,,,,,,,,,,17.0,449,160
2021,6011,Gardner Minshew,gardner minshew,QB,654.3,654.3,548.0,287.2,103.94,103.94,103.94,85.0,1.0,,,,1286.0,11.0,17.0,450,87
2021,6967,Aaron Fuller,aaron fuller,WR,655.3,655.3,262.0,495.0,,,,,,,,,,,17.0,451,161
2021,7926,Carl Tucker,carl tucker,TE,655.7,682.5,324.0,655.7,,,,,,,,,,,17.0,452,80
2021,954,Cam Newton,cam newton,QB,659.3,237.9,439.4,170.4,189.74,189.74,189.74,389.0,3.0,,,,2121.0,14.0,17.0,453,88
2021,3893,Reece Horn,reece horn,WR,660.7,660.7,660.7,660.7,,,,,,,,,,,17.0,454,162
2021,6069,Stanley Morgan,stanley morgan,WR,661.0,661.0,661.0,661.0,8.0,11.5,4.5,,,7.0,45.0,,,,17.0,455,163
2021,1346,Marquise Goodwin,marquise goodwin,WR,662.1,662.1,647.0,662.1,122.3,148.8,95.8,,,53.0,778.0,3.0,,,17.0,456,164
2021,7720,Kene Nwangwu,kene nwangwu,RB,663.3,663.3,501.0,663.3,29.2,31.2,27.2,134.0,1.0,4.0,38.0,,,,17.0,457,125
2021,6387,Nsimba Webster,nsimba webster,WR,665.0,534.0,665.0,665.0,9.4,12.4,6.4,,,6.0,64.0,,,,17.0,458,165
2021,232,Frank Gore,frank gore,RB,667.7,667.7,335.2,629.5,,,,,,,,,,,17.0,459,126
2021,6846,Hunter Bryant,hunter bryant,TE,669.0,669.0,669.0,669.0,14.9,20.4,9.4,,,11.0,94.0,,,,17.0,460,81
2021,5697,Zach Olstad,zach olstad,RB,670.0,670.0,671.0,670.0,,,,,,,,,,,17.0,461,127
2021,5929,Anthony Johnson,anthony johnson,WR,671.0,671.0,671.0,671.0,,,,,,,,,,,17.0,462,166
2021,6031,Alex Barnes,alex barnes,RB,672.0,672.0,672.0,672.0,,,,,,,,,,,17.0,463,128
2021,7002,Juwan Johnson,juwan johnson,TE,673.5,673.5,419.0,657.3,62.3,76.3,48.3,,,28.0,303.0,3.0,,,17.0,464,82
2021,7771,Jake Funk,jake funk,RB,674.0,674.0,425.5,674.0,91.0,98.0,84.0,540.0,3.0,14.0,120.0,,,,17.0,465,129
2021,7915,Landen Akers,landen akers,WR,675.0,675.0,675.0,675.0,,,,,,,,,,,17.0,466,167
2021,6753,Derrick Gore,derrick gore,RB,677.3,677.3,677.3,548.6,38.2,41.2,35.2,190.0,2.0,6.0,42.0,,,,17.0,467,130
2021,7274,Tyler Simmons,tyler simmons,WR,678.3,678.3,678.3,678.3,,,,,,,,,,,17.0,468,168
2021,4208,Rodney Adams,rodney adams,WR,679.1,679.1,655.0,679.1,41.1,52.1,30.1,,,22.0,241.0,1.0,,,17.0,469,169
2021,7561,Elijah Mitchell,elijah mitchell,RB,681.7,681.7,393.4,255.3,98.4,110.4,86.4,484.0,2.0,24.0,200.0,1.0,,,17.0,470,131
2021,1559,Mike Glennon,mike glennon,QB,682.2,598.6,682.2,682.2,44.32,44.32,44.32,,,,,,783.0,4.0,17.0,471,89
2021,8085,Mekhi Sargent,mekhi sargent,RB,683.3,683.3,385.3,683.3,,,,,,,,,,,17.0,472,132
2021,1373,Geno Smith,geno smith,QB,684.0,684.0,684.0,619.3,96.14,96.14,96.14,117.0,1.0,,,,1411.0,8.0,17.0,473,90
2021,5310,Antonio Callaway,antonio callaway,WR,685.0,685.0,685.0,685.0,,,,,,,,,,,17.0,474,170
2021,4219,Jeremy McNichols,jeremy mcnichols,RB,686.8,686.8,390.3,626.1,36.9,41.9,31.9,161.0,1.0,10.0,98.0,,,,17.0,475,133
2021,4381,Taysom Hill,taysom hill,TE,687.9,687.9,389.3,175.1,215.82,215.82,215.82,517.0,7.0,,,,1728.0,15.0,17.0,476,83
2021,4545,Keith Towbridge,keith towbridge,TE,688.0,688.0,434.0,688.0,,,,,,,,,,,17.0,477,84
2021,4468,Antony Auclair,antony auclair,TE,690.0,690.0,690.0,690.0,17.2,21.2,13.2,,,8.0,72.0,1.0,,,17.0,478,85
2021,181,Drew Stanton,drew stanton,QB,691.0,283.3,691.0,598.3,,,,,,,,,,,17.0,479,91
2021,5597,Brogan Roback,brogan roback,QB,692.0,268.7,692.0,692.0,,,,,,,,,,,17.0,480,92
2021,6737,Micky Crum,micky crum,TE,695.3,695.3,695.3,638.0,,,,,,,,,,,17.0,481,86
2021,7988,Riley Lees,riley lees,WR,697.2,697.2,697.2,697.2,,,,,,,,,,,17.0,482,171
2021,6450,David Blough,david blough,QB,699.0,395.3,699.0,699.0,,,,,,,,,,,17.0,483,93
2021,7569,Nico Collins,nico collins,WR,700.5,254.5,463.0,234.6,126.1,155.1,97.1,,,58.0,731.0,4.0,,,17.0,484,172
2022,6813,Jonathan Taylor,jonathan taylor,RB,1.5,1.5,1.9,2.4,237.6,259.1,216.1,1324.0,7.0,43.0,337.0,1.0,,,18.0,1,1
2022,4034,Christian McCaffrey,christian mccaffrey,RB,2.3,2.6,3.2,5.2,277.1,311.1,243.1,1127.0,11.0,68.0,544.0,2.0,,,18.0,2,2
2022,3198,Derrick Henry,derrick henry,RB,3.1,3.9,2.6,10.1,263.0,279.0,247.0,1405.0,13.0,32.0,245.0,1.0,,,18.0,3,3
2022,4663,Austin Ekeler,austin ekeler,RB,4.5,4.4,4.3,8.5,244.6,281.1,208.1,912.0,7.0,73.0,589.0,3.0,,,18.0,4,4
2022,4029,Dalvin Cook,dalvin cook,RB,5.5,7.0,5.7,15.9,237.6,260.1,215.1,1231.0,10.0,45.0,280.0,1.0,,,18.0,5,5
2022,4039,Cooper Kupp,cooper kupp,WR,6.4,5.5,8.7,7.0,280.8,345.3,216.3,34.0,,129.0,1469.0,11.0,,,18.0,6,1
2022,7528,Najee Harris,najee harris,RB,6.9,8.6,6.1,13.3,227.8,257.3,198.3,1017.0,7.0,59.0,426.0,2.0,,,18.0,7,6
2022,6794,Justin Jefferson,justin jefferson,WR,8.2,6.4,9.9,9.7,287.46,342.96,231.96,36.0,,111.0,1618.0,11.0,14.0,,18.0,8,2
2022,4018,Joe Mixon,joe mixon,RB,9.9,10.1,6.5,18.0,250.0,274.0,226.0,1169.0,10.0,48.0,371.0,2.0,,,18.0,9,7
2022,7564,Ja'Marr Chase,jamarr chase,WR,10.4,9.9,13.2,13.3,238.6,286.1,191.1,41.0,,95.0,1330.0,9.0,,,18.0,10,3
2022,4035,Alvin Kamara,alvin kamara,RB,11.0,15.7,11.4,26.1,240.2,272.7,207.7,971.0,8.0,65.0,506.0,2.0,,,18.0,11,8
2022,2133,Davante Adams,davante adams,WR,12.9,11.4,12.7,19.3,231.8,282.3,181.3,,,101.0,1273.0,9.0,,,18.0,12,4
2022,6790,D'Andre Swift,dandre swift,RB,13.0,13.4,15.6,22.7,228.3,261.3,195.3,944.0,7.0,66.0,509.0,2.0,,,18.0,13,9
2022,2449,Stefon Diggs,stefon diggs,WR,13.1,12.5,16.5,20.7,248.2,301.2,195.2,,,106.0,1352.0,10.0,,,18.0,14,5
2022,1466,Travis Kelce,travis kelce,TE,15.6,13.6,13.4,16.9,232.9,277.9,187.9,,,90.0,1099.0,13.0,,,18.0,15,1
2022,4988,Nick Chubb,nick chubb,RB,16.1,16.7,10.2,27.9,263.5,278.5,248.5,1362.0,14.0,30.0,223.0,1.0,,,18.0,16,10
2022,4866,Saquon Barkley,saquon barkley,RB,17.7,18.6,17.7,29.3,274.3,305.3,243.3,1285.0,10.0,62.0,468.0,2.0,,,18.0,17,11
2022,4199,Aaron Jones,aaron jones,RB,18.0,17.5,18.1,31.3,230.4,262.4,198.4,923.0,7.0,64.0,481.0,3.0,,,18.0,18,12
2022,6786,CeeDee Lamb,ceedee lamb,WR,19.9,19.5,20.2,27.6,211.1,253.1,169.1,63.0,,84.0,1148.0,8.0,,,18.0,19,6
2022,3321,Tyreek Hill,tyreek hill,WR,20.4,20.4,20.9,34.3,238.3,288.3,188.3,51.0,,100.0,1352.0,8.0,,,18.0,20,7
2022,7588,Javonte Williams,javonte williams,RB,20.9,23.2,22.9,36.7,,,,,,,,,,,18.0,21,13
2022,4984,Josh Allen,josh allen,QB,22.1,22.0,19.8,1.5,385.7,385.7,385.7,601.0,6.0,,,,4290.0,34.0,18.0,22,1
2022,5872,Deebo Samuel,deebo samuel,WR,23.1,20.7,23.9,30.5,205.96,240.96,170.96,335.0,3.0,70.0,889.0,5.0,14.0,,18.0,23,8
2022,3969,Leonard Fournette,leonard fournette,RB,24.9,25.7,24.7,38.2,236.1,264.1,208.1,1046.0,9.0,56.0,395.0,2.0,,,18.0,24,14
2022,5012,Mark Andrews,mark andrews,TE,25.1,24.7,25.5,24.2,196.3,238.8,153.8,,,85.0,1058.0,8.0,,,18.0,25,2
2022,2216,Mike Evans,mike evans,WR,26.1,26.6,26.3,37.4,182.1,219.6,144.6,6.0,,75.0,1080.0,6.0,,,18.0,26,9
2022,3164,Ezekiel Elliott,ezekiel elliott,RB,27.5,29.1,27.8,44.0,209.9,230.9,188.9,984.0,9.0,42.0,305.0,1.0,,,18.0,27,15
2022,5859,A.J. Brown,aj brown,WR,27.7,27.9,30.5,40.0,215.0,257.0,173.0,42.0,,84.0,1208.0,8.0,,,18.0,28,10
2022,4137,James Conner,james conner,RB,29.3,30.8,27.8,43.4,206.6,227.6,185.6,935.0,8.0,42.0,321.0,2.0,,,18.0,29,16
2022,1479,Keenan Allen,keenan allen,WR,30.3,27.1,31.0,41.9,173.1,214.1,132.1,,,82.0,901.0,7.0,,,18.0,30,11
2022,7553,Kyle Pitts,kyle pitts,TE,31.5,32.9,32.9,34.1,134.1,164.1,104.1,,,60.0,741.0,5.0,,,18.0,31,3
2022,4046,Patrick Mahomes,patrick mahomes,QB,32.4,31.2,29.7,4.4,367.2,367.2,367.2,338.0,3.0,,,,4610.0,36.0,18.0,32,2
2022,6819,Michael Pittman,michael pittman,WR,33.9,34.2,36.4,47.8,181.9,228.4,135.4,33.0,,93.0,1021.0,5.0,,,18.0,33,12
2022,6797,Justin Herbert,justin herbert,QB,34.5,33.7,33.1,3.2,336.54,336.54,336.54,315.0,3.0,,,,4501.0,30.0,18.0,34,3
2022,6801,Tee Higgins,tee higgins,WR,34.7,34.0,34.2,46.5,202.1,243.6,160.6,,,83.0,1126.0,8.0,,,18.0,35,13
2022,7543,Travis Etienne,travis etienne,RB,36.6,39.8,40.4,48.7,171.4,195.4,147.4,686.0,4.0,48.0,388.0,3.0,,,18.0,36,17
2022,5892,David Montgomery,david montgomery,RB,37.0,40.4,37.3,58.4,193.8,216.8,170.8,958.0,6.0,46.0,350.0,1.0,,,18.0,37,18
2022,4217,George Kittle,george kittle,TE,38.2,36.7,34.5,45.3,143.6,175.6,111.6,,,64.0,816.0,5.0,,,18.0,38,4
2022,6938,Cam Akers,cam akers,RB,39.5,38.8,38.4,53.2,187.2,207.2,167.2,920.0,7.0,40.0,292.0,1.0,,,18.0,39,19
2022,4983,DJ Moore,dj moore,WR,40.1,41.0,43.8,55.6,156.7,191.7,121.7,75.0,,70.0,902.0,4.0,,,18.0,40,14
2022,8155,Breece Hall,breece hall,RB,41.7,47.5,39.2,50.6,215.2,234.7,195.7,1188.0,7.0,39.0,309.0,1.0,,,18.0,41,20
2022,5927,Terry McLaurin,terry mclaurin,WR,42.0,37.1,41.5,54.8,176.7,215.7,137.7,19.0,,78.0,1058.0,5.0,,,18.0,42,15
2022,4068,Mike Williams,mike williams,WR,43.3,48.2,44.5,59.6,194.3,232.3,156.3,,,76.0,1083.0,8.0,,,18.0,43,16
2022,5045,Courtland Sutton,courtland sutton,WR,44.7,45.8,46.5,60.6,184.0,223.5,144.5,,,79.0,1085.0,6.0,,,18.0,44,17
2022,4881,Lamar Jackson,lamar jackson,QB,45.3,43.2,41.7,6.7,378.82,378.82,378.82,997.0,6.0,,,,3678.0,28.0,18.0,45,4
2022,5850,Josh Jacobs,josh jacobs,RB,46.8,50.9,45.7,62.5,245.6,271.1,220.1,1191.0,10.0,51.0,370.0,1.0,,,18.0,46,21
2022,2505,Darren Waller,darren waller,TE,47.4,41.9,47.4,51.2,137.2,168.2,106.2,,,62.0,762.0,5.0,,,18.0,47,5
2022,7526,Jaylen Waddle,jaylen waddle,WR,48.2,44.2,51.3,52.9,207.0,252.5,161.5,36.0,,91.0,1159.0,7.0,,,18.0,48,18
2022,5937,Diontae Johnson,diontae johnson,WR,48.9,46.8,53.9,61.9,171.6,217.1,126.1,54.0,,91.0,907.0,5.0,,,18.0,49,19
2022,5846,DK Metcalf,dk metcalf,WR,50.2,48.2,48.0,55.3,181.4,218.4,144.4,18.0,,74.0,1066.0,6.0,,,18.0,50,20
2022,6783,Jerry Jeudy,jerry jeudy,WR,51.4,51.0,54.3,66.5,168.0,204.5,131.5,26.0,,73.0,929.0,6.0,,,18.0,51,21
2022,1992,Allen Robinson,allen robinson,WR,52.0,55.6,58.5,73.4,124.8,155.3,94.3,,,61.0,703.0,4.0,,,18.0,52,22
2022,6806,J.K. Dobbins,jk dobbins,RB,53.0,55.2,50.0,67.5,213.8,231.8,195.8,1174.0,8.0,36.0,264.0,1.0,,,18.0,53,22
2022,6828,AJ Dillon,aj dillon,RB,54.2,62.5,57.2,71.4,178.4,195.9,160.9,979.0,5.0,35.0,270.0,1.0,,,18.0,54,23
2022,7561,Elijah Mitchell,elijah mitchell,RB,55.5,58.0,52.8,69.0,103.0,110.0,96.0,565.0,4.0,14.0,115.0,1.0,,,18.0,55,24
2022,5849,Kyler Murray,kyler murray,QB,55.8,53.4,48.2,12.9,347.74,347.74,347.74,571.0,6.0,,,,4016.0,27.0,18.0,56,5
2022,5848,Marquise Brown,marquise brown,WR,57.9,59.1,62.7,65.2,151.0,186.0,116.0,17.0,,70.0,863.0,5.0,,,18.0,57,23
2022,6945,Antonio Gibson,antonio gibson,RB,58.4,57.7,55.2,68.7,151.2,166.2,136.2,770.0,5.0,30.0,232.0,1.0,,,18.0,58,25
2022,2197,Brandin Cooks,brandin cooks,WR,59.9,60.4,65.2,72.3,178.2,220.2,136.2,26.0,,84.0,1036.0,5.0,,,18.0,59,24
2022,6820,Clyde Edwards-Helaire,clyde edwardshelaire,RB,60.1,65.2,59.9,80.1,189.7,209.2,170.2,966.0,7.0,39.0,276.0,1.0,,,18.0,60,26
2022,5001,Dalton Schultz,dalton schultz,TE,61.7,54.2,61.4,62.1,129.6,162.1,97.1,,,65.0,671.0,5.0,,,18.0,61,6
2022,6904,Jalen Hurts,jalen hurts,QB,62.3,61.7,60.2,17.3,373.96,373.96,373.96,838.0,8.0,,,,3879.0,25.0,18.0,62,6
2022,6770,Joe Burrow,joe burrow,QB,62.8,52.5,55.1,11.7,329.84,329.84,329.84,180.0,3.0,,,,4396.0,33.0,18.0,63,7
2022,7547,Amon-Ra St. Brown,amonra st brown,WR,64.6,68.4,69.7,75.0,189.2,237.2,141.2,61.0,,96.0,1051.0,5.0,,,18.0,64,25
2022,4037,Chris Godwin,chris godwin,WR,65.7,64.2,62.5,76.4,172.4,211.9,132.9,12.0,,79.0,957.0,6.0,,,18.0,65,26
2022,4040,JuJu Smith-Schuster,juju smithschuster,WR,66.7,69.6,66.9,78.9,175.9,219.9,131.9,30.0,,88.0,989.0,5.0,,,18.0,66,27
2022,3199,Michael Thomas,michael thomas,WR,67.6,67.0,67.8,82.4,182.9,225.9,139.9,,,86.0,979.0,7.0,,,18.0,67,28
2022,6943,Gabe Davis,gabe davis,WR,68.5,73.1,71.9,83.3,168.8,199.3,138.3,12.0,,61.0,951.0,7.0,,,18.0,68,29
2022,1689,Adam Thielen,adam thielen,WR,69.0,69.8,69.2,88.1,156.3,194.3,118.3,,,76.0,823.0,6.0,,,18.0,69,30
2022,2309,Amari Cooper,amari cooper,WR,69.1,62.8,64.2,79.0,183.1,223.1,143.1,,,80.0,1011.0,7.0,,,18.0,70,31
2022,5844,T.J. Hockenson,tj hockenson,TE,71.8,66.8,73.1,74.7,139.1,175.1,103.1,,,72.0,731.0,5.0,,,18.0,71,7
2022,7090,Darnell Mooney,darnell mooney,WR,72.7,75.7,78.3,83.9,157.9,191.4,124.4,38.0,,67.0,906.0,5.0,,,18.0,72,32
2022,1234,Russell Wilson,russell wilson,QB,73.2,71.2,72.9,20.6,254.84,254.84,254.84,284.0,3.0,,,,3961.0,16.0,18.0,73,8
2022,5000,Chase Edmonds,chase edmonds,RB,74.4,85.6,82.0,97.5,114.9,131.4,98.4,521.0,3.0,33.0,243.0,1.0,,,18.0,74,27
2022,5890,Damien Harris,damien harris,RB,75.5,82.6,68.7,92.5,177.9,189.9,165.9,940.0,8.0,24.0,179.0,1.0,,,18.0,75,28
2022,8129,Dameon Pierce,dameon pierce,RB,76.2,89.2,79.2,104.8,210.7,231.2,190.2,1111.0,7.0,41.0,311.0,1.0,,,18.0,76,29
2022,4098,Kareem Hunt,kareem hunt,RB,76.7,79.9,76.9,97.3,183.5,210.5,156.5,704.0,5.0,54.0,461.0,2.0,,,18.0,77,30
2022,7571,Rashod Bateman,rashod bateman,WR,78.2,76.4,83.6,86.0,167.7,206.7,128.7,,,78.0,927.0,6.0,,,18.0,78,33
2022,5022,Dallas Goedert,dallas goedert,TE,79.0,72.0,75.5,81.5,146.0,181.0,111.0,,,70.0,750.0,6.0,,,18.0,79,8
2022,6151,Miles Sanders,miles sanders,RB,80.6,76.1,76.0,90.1,199.4,218.9,179.9,1109.0,6.0,39.0,290.0,1.0,,,18.0,80,31
2022,1535,Cordarrelle Patterson,cordarrelle patterson,RB,81.4,80.7,80.1,102.7,188.2,216.7,159.7,806.0,4.0,57.0,451.0,2.0,,,18.0,81,32
2022,167,Tom Brady,tom brady,QB,82.8,74.1,74.0,25.6,295.44,295.44,295.44,34.0,1.0,,,,4351.0,30.0,18.0,82,9
2022,5967,Tony Pollard,tony pollard,RB,83.6,83.0,85.1,90.0,182.7,206.7,158.7,837.0,4.0,48.0,350.0,3.0,,,18.0,83,33
2022,1426,DeAndre Hopkins,deandre hopkins,WR,83.9,78.2,86.9,96.3,167.4,210.4,124.4,,,86.0,904.0,6.0,,,18.0,84,34
2022,6130,Devin Singletary,devin singletary,RB,85.3,90.0,81.1,103.2,189.2,209.7,168.7,991.0,6.0,41.0,296.0,1.0,,,18.0,85,34
2022,5955,Hunter Renfrow,hunter renfrow,WR,86.4,81.3,93.1,93.2,121.5,150.5,92.5,14.0,,58.0,611.0,5.0,,,18.0,86,35
2022,4985,Rashaad Penny,rashaad penny,RB,87.9,95.8,87.9,104.9,,,,,,,,,,,18.0,87,35
2022,7525,DeVonta Smith,devonta smith,WR,88.5,87.3,90.9,95.6,174.8,211.8,137.8,5.0,,74.0,1013.0,6.0,,,18.0,88,36
2022,5185,Allen Lazard,allen lazard,WR,89.8,93.0,92.0,108.6,177.2,211.2,143.2,17.0,,68.0,935.0,8.0,,,18.0,89,37
2022,5906,Dawson Knox,dawson knox,TE,90.2,83.8,83.3,94.3,116.0,142.0,90.0,,,52.0,580.0,5.0,,,18.0,90,9
2022,7596,Elijah Moore,elijah moore,WR,90.3,92.7,95.4,101.6,141.4,171.9,110.9,47.0,,61.0,762.0,5.0,,,18.0,91,38
2022,7611,Rhamondre Stevenson,rhamondre stevenson,RB,92.9,101.8,94.8,110.1,212.2,237.2,187.2,1027.0,7.0,50.0,365.0,1.0,,,18.0,92,36
2022,8112,Drake London,drake london,WR,93.9,90.7,96.7,99.5,171.4,210.9,131.9,,,79.0,959.0,6.0,,,18.0,93,39
2022,6803,Brandon Aiyuk,brandon aiyuk,WR,94.3,97.9,97.6,107.8,169.6,204.1,135.1,35.0,,69.0,956.0,6.0,,,18.0,94,40
2022,8151,Kenneth Walker,kenneth walker,RB,95.1,97.6,90.9,100.2,236.2,249.2,223.2,1210.0,13.0,26.0,202.0,1.0,,,18.0,95,37
2022,3294,Dak Prescott,dak prescott,QB,96.4,94.8,89.0,23.6,298.4,298.4,298.4,218.0,2.0,,,,3890.0,31.0,18.0,96,10
2022,8144,Chris Olave,chris olave,WR,97.6,102.2,102.6,113.3,184.4,221.4,147.4,,,74.0,1054.0,7.0,,,18.0,97,41
2022,96,Aaron Rodgers,aaron rodgers,QB,97.8,88.7,88.3,33.0,253.94,253.94,253.94,71.0,1.0,,,,3946.0,23.0,18.0,98,11
2022,1339,Zach Ertz,zach ertz,TE,99.4,86.4,99.9,89.8,134.1,168.6,99.6,,,69.0,696.0,5.0,,,18.0,99,10
2022,4950,Christian Kirk,christian kirk,WR,100.7,104.3,106.5,111.9,183.4,223.4,143.4,23.0,,80.0,991.0,7.0,,,18.0,100,42
2022,2320,Melvin Gordon,melvin gordon,RB,101.5,108.2,100.2,116.6,203.1,221.6,184.6,1059.0,8.0,37.0,267.0,1.0,,,18.0,101,38
2022,8138,James Cook,james cook,RB,103.4,104.3,104.7,115.2,124.5,144.5,104.5,463.0,4.0,40.0,282.0,1.0,,,18.0,102,39
2022,7610,Trey Lance,trey lance,QB,104.1,106.2,104.5,39.9,,,,,,,,,,,18.0,103,12
2022,2374,Tyler Lockett,tyler lockett,WR,104.9,99.8,107.1,114.2,176.1,214.6,137.6,,,77.0,1016.0,6.0,,,18.0,104,43
2022,1352,Robert Woods,robert woods,WR,106.9,110.1,110.3,118.0,133.4,163.9,102.9,42.0,1.0,61.0,707.0,4.0,,,18.0,105,44
2022,8135,Treylon Burks,treylon burks,WR,107.2,109.4,108.9,111.1,144.3,174.3,114.3,,,60.0,783.0,6.0,,,18.0,106,45
2022,7600,Pat Freiermuth,pat freiermuth,TE,108.7,103.8,109.8,109.3,130.9,162.9,98.9,,,64.0,689.0,5.0,,,18.0,107,11
2022,421,Matthew Stafford,matthew stafford,QB,109.7,100.4,101.0,32.7,267.68,267.68,267.68,66.0,,,,,4327.0,26.0,18.0,108,13
2022,6886,Chase Claypool,chase claypool,WR,110.8,115.6,115.6,124.3,144.7,175.2,114.2,65.0,,61.0,777.0,5.0,,,18.0,109,46
2022,7606,Kadarius Toney,kadarius toney,WR,111.3,117.4,124.0,125.4,125.14,153.14,97.14,87.0,1.0,56.0,638.0,3.0,16.0,,18.0,110,47
2022,6955,James Robinson,james robinson,RB,111.6,120.9,111.1,137.8,211.2,230.7,191.7,1163.0,7.0,39.0,294.0,1.0,,,18.0,111,40
2022,5916,Darrell Henderson,darrell henderson,RB,113.9,125.6,118.0,135.9,173.3,192.3,154.3,840.0,6.0,38.0,283.0,1.0,,,18.0,112,41
2022,8137,George Pickens,george pickens,WR,114.5,111.5,118.3,132.9,138.2,167.2,109.2,,,58.0,732.0,6.0,,,18.0,113,48
2022,7607,Michael Carter,michael carter,RB,115.3,118.1,116.4,128.0,160.4,181.9,138.9,717.0,4.0,43.0,332.0,2.0,,,18.0,114,42
2022,6826,Cole Kmet,cole kmet,TE,116.9,116.8,120.6,119.0,109.9,137.4,82.4,,,55.0,544.0,5.0,,,18.0,115,12
2022,5987,Alexander Mattison,alexander mattison,RB,117.8,122.7,117.5,130.3,148.6,167.1,130.1,722.0,4.0,37.0,279.0,1.0,,,18.0,116,43
2022,8168,Skyy Moore,skyy moore,WR,118.1,121.9,122.1,127.9,124.6,150.6,98.6,,,52.0,686.0,5.0,,,18.0,117,49
2022,5347,Nyheim Miller-Hines,nyheim millerhines,RB,120.9,127.8,130.6,132.7,146.9,177.4,116.4,398.0,2.0,61.0,466.0,3.0,,,18.0,118,44
2022,5086,Marquez Valdes-Scantling,marquez valdesscantling,WR,121.9,136.9,127.3,134.3,148.3,178.8,117.8,,,61.0,818.0,6.0,,,18.0,119,50
2022,8146,Garrett Wilson,garrett wilson,WR,122.4,118.7,125.1,125.8,150.7,186.2,115.2,,,71.0,852.0,5.0,,,18.0,120,51
2022,947,Julio Jones,julio jones,WR,124.0,123.2,131.9,153.3,134.1,162.1,106.1,,,56.0,701.0,6.0,,,18.0,121,52
2022,2028,Derek Carr,derek carr,QB,125.4,114.8,113.1,41.9,277.92,277.92,277.92,66.0,1.0,,,,4233.0,28.0,18.0,122,14
2022,3225,Tyler Boyd,tyler boyd,WR,125.5,125.4,143.5,131.6,139.8,173.3,106.3,17.0,,67.0,766.0,5.0,,,18.0,123,53
2022,4993,Mike Gesicki,mike gesicki,TE,128.3,113.5,123.8,122.1,85.6,105.6,65.6,,,40.0,476.0,3.0,,,18.0,124,13
2022,7567,Kenneth Gainwell,kenneth gainwell,RB,129.7,145.9,145.0,149.0,149.7,175.7,123.7,608.0,3.0,52.0,389.0,1.0,,,18.0,125,45
2022,5038,Michael Gallup,michael gallup,WR,130.9,139.2,139.2,138.0,159.8,192.3,127.3,,,65.0,913.0,6.0,,,18.0,126,54
2022,1166,Kirk Cousins,kirk cousins,QB,131.3,128.8,129.1,48.2,286.76,286.76,286.76,102.0,1.0,,,,4289.0,29.0,18.0,127,15
2022,8154,Brian Robinson,brian robinson,RB,138.6,156.0,137.5,160.2,180.6,197.1,164.1,960.0,6.0,33.0,261.0,1.0,,,18.0,128,46
2022,8153,Isaiah Spiller,isaiah spiller,RB,139.9,146.2,138.8,146.5,125.4,137.4,113.4,687.0,4.0,24.0,167.0,1.0,,,18.0,129,47
2022,2319,DeVante Parker,devante parker,WR,141.8,148.7,159.5,159.6,131.6,159.1,104.1,,,55.0,741.0,5.0,,,18.0,130,55
2022,3214,Hunter Henry,hunter henry,TE,142.1,137.8,136.8,136.5,87.8,106.8,68.8,,,38.0,448.0,4.0,,,18.0,131,14
2022,8121,Romeo Doubs,romeo doubs,WR,143.8,159.8,155.5,181.6,151.2,185.2,117.2,,,68.0,812.0,6.0,,,18.0,132,56
2022,1825,Jarvis Landry,jarvis landry,WR,144.7,138.4,148.4,139.1,128.3,160.8,95.8,34.0,,65.0,704.0,4.0,,,18.0,133,57
2022,8132,Tyler Allgeier,tyler allgeier,RB,145.7,162.8,142.6,152.3,113.2,125.2,101.2,595.0,4.0,24.0,177.0,,,,18.0,134,48
2022,8136,Rachaad White,rachaad white,RB,146.2,160.7,144.9,151.0,144.6,162.6,126.6,754.0,3.0,36.0,272.0,1.0,,,18.0,135,49
2022,7608,Khalil Herbert,khalil herbert,RB,146.9,167.4,146.9,160.0,159.4,174.4,144.4,902.0,4.0,30.0,242.0,1.0,,,18.0,136,50
2022,8119,Jahan Dotson,jahan dotson,WR,150.5,160.7,163.6,153.2,134.8,167.8,101.8,,,66.0,778.0,4.0,,,18.0,137,58
2022,6843,Albert Okwuegbunam,albert okwuegbunam,TE,151.7,130.2,139.2,129.0,62.3,75.8,48.8,,,27.0,308.0,3.0,,,18.0,138,15
2022,7601,Rondale Moore,rondale moore,WR,152.7,157.8,170.2,146.1,137.1,169.1,105.1,98.0,1.0,64.0,673.0,4.0,,,18.0,139,59
2022,4149,Jamaal Williams,jamaal williams,RB,153.4,179.8,162.0,163.1,202.5,220.5,184.5,907.0,11.0,36.0,238.0,1.0,,,18.0,140,51
2022,8205,Isiah Pacheco,isiah pacheco,RB,153.5,174.7,158.1,184.5,138.6,151.6,125.6,721.0,5.0,26.0,195.0,1.0,,,18.0,141,52
2022,6768,Tua Tagovailoa,tua tagovailoa,QB,155.3,141.6,141.2,57.0,284.76,284.76,284.76,34.0,1.0,,,,4434.0,29.0,18.0,142,16
2022,4033,David Njoku,david njoku,TE,156.9,158.0,157.7,150.2,136.5,168.0,105.0,,,63.0,690.0,6.0,,,18.0,143,16
2022,2749,Raheem Mostert,raheem mostert,RB,157.0,181.5,156.2,187.8,188.5,208.5,168.5,933.0,7.0,40.0,332.0,,,,18.0,144,53
2022,7591,Justin Fields,justin fields,QB,162.5,153.2,153.6,64.6,373.44,373.44,373.44,1114.0,12.0,,,,3201.0,19.0,18.0,145,17
2022,5110,Russell Gage,russell gage,WR,163.5,155.6,167.5,144.8,134.4,166.4,102.4,,,64.0,744.0,5.0,,,18.0,146,60
2022,4197,Isaiah McKenzie,isaiah mckenzie,WR,164.6,181.4,194.2,190.4,124.6,152.6,96.6,61.0,1.0,56.0,605.0,4.0,,,18.0,147,61
2022,8148,Jameson Williams,jameson williams,WR,165.3,174.8,181.7,158.9,125.8,151.3,100.3,,,51.0,763.0,4.0,,,18.0,148,62
2022,8167,Christian Watson,christian watson,WR,166.6,163.5,168.0,155.7,146.5,174.0,119.0,,,55.0,650.0,9.0,,,18.0,149,63
2022,8139,Zamir White,zamir white,RB,167.5,193.2,172.2,193.4,113.6,121.6,105.6,629.0,5.0,16.0,127.0,,,,18.0,150,54
2022,4951,DJ Chark,dj chark,WR,168.0,172.8,174.8,162.9,138.1,166.1,110.1,,,56.0,801.0,5.0,,,18.0,151,64
2022,3271,Tyler Higbee,tyler higbee,TE,169.6,144.9,165.7,148.8,139.7,178.2,101.2,,,77.0,712.0,5.0,,,18.0,152,17
2022,3664,J.D. McKissic,jd mckissic,RB,170.3,170.8,195.9,178.6,104.5,130.0,79.0,211.0,1.0,51.0,399.0,2.0,,,18.0,153,55
2022,7523,Trevor Lawrence,trevor lawrence,QB,171.9,165.6,160.1,69.2,290.04,290.04,290.04,378.0,3.0,,,,3906.0,25.0,18.0,154,18
2022,5947,Jakobi Meyers,jakobi meyers,WR,172.6,167.0,187.0,157.1,156.76,197.76,115.76,8.0,,82.0,864.0,5.0,14.0,,18.0,155,65
2022,6126,Irv Smith,irv smith,TE,173.3,164.6,173.4,145.2,89.0,110.5,67.5,,,43.0,435.0,4.0,,,18.0,156,18
2022,956,Mark Ingram,mark ingram,RB,174.5,169.4,174.0,188.5,131.6,148.6,114.6,596.0,4.0,34.0,250.0,1.0,,,18.0,157,56
2022,5917,Mecole Hardman,mecole hardman,WR,178.5,185.5,192.4,180.5,135.5,164.5,106.5,88.0,1.0,58.0,697.0,4.0,,,18.0,158,66
2022,4131,Kenny Golladay,kenny golladay,WR,180.4,190.0,188.8,181.3,75.7,91.2,60.2,,,31.0,422.0,3.0,,,18.0,159,67
2022,24,Matt Ryan,matt ryan,QB,181.1,178.8,180.0,76.2,247.02,247.02,247.02,29.0,,,,,4378.0,23.0,18.0,160,19
2022,2306,Jameis Winston,jameis winston,QB,183.6,166.7,164.6,85.6,272.2,272.2,272.2,226.0,2.0,,,,3815.0,26.0,18.0,161,20
2022,7670,Joshua Palmer,joshua palmer,WR,184.0,209.5,209.9,192.0,143.6,178.6,108.6,19.0,,70.0,767.0,5.0,,,18.0,162,68
2022,7066,K.J. Osborn,kj osborn,WR,185.0,211.0,216.9,191.8,123.8,151.8,95.8,9.0,,56.0,709.0,4.0,,,18.0,163,69
2022,4017,Deshaun Watson,deshaun watson,QB,187.3,180.5,188.5,120.6,141.96,141.96,141.96,188.0,2.0,,,,1679.0,12.0,18.0,164,21
2022,5052,Ronald Jones,ronald jones,RB,188.4,186.9,171.4,156.8,56.4,59.9,52.9,295.0,2.0,7.0,54.0,1.0,,,18.0,165,57
2022,4152,Marlon Mack,marlon mack,RB,188.8,192.1,185.6,185.5,34.7,38.7,30.7,195.0,1.0,8.0,52.0,,,,18.0,166,58
2022,4602,Robert Tonyan,robert tonyan,TE,190.7,183.1,186.1,179.9,69.9,86.9,52.9,,,34.0,349.0,3.0,,,18.0,167,19
2022,8117,Jalen Tolbert,jalen tolbert,WR,191.9,188.4,193.1,183.1,109.4,133.9,84.9,,,49.0,609.0,4.0,,,18.0,168,70
2022,8126,Wan'Dale Robinson,wandale robinson,WR,192.5,213.1,212.0,214.7,114.9,137.9,91.9,89.0,1.0,46.0,530.0,4.0,,,18.0,169,71
2022,7569,Nico Collins,nico collins,WR,193.5,209.1,215.1,213.5,114.3,140.8,87.8,,,53.0,658.0,4.0,,,18.0,170,72
2022,7594,Chuba Hubbard,chuba hubbard,RB,195.3,195.6,195.3,218.8,150.2,172.7,127.7,655.0,4.0,45.0,322.0,1.0,,,18.0,171,59
2022,4089,Gerald Everett,gerald everett,TE,195.4,189.0,190.5,177.6,119.1,146.6,91.6,,,55.0,616.0,5.0,,,18.0,172,20
2022,8142,Alec Pierce,alec pierce,WR,197.5,197.1,209.6,188.6,136.6,167.6,105.6,,,62.0,756.0,5.0,,,18.0,173,73
2022,1817,Sammy Watkins,sammy watkins,WR,199.2,191.3,197.8,194.7,92.3,113.3,71.3,,,42.0,533.0,3.0,,,18.0,174,74
2022,2431,Mike Davis,mike davis,RB,200.6,999.0,213.3,251.4,60.3,67.3,53.3,245.0,2.0,14.0,108.0,1.0,,,18.0,175,60
2022,8211,Tyrion Davis-Price,tyrion davisprice,RB,201.1,214.9,200.5,211.4,82.5,90.5,74.5,443.0,3.0,16.0,122.0,,,,18.0,176,61
2022,4111,D'Onta Foreman,donta foreman,RB,202.3,215.0,199.5,225.5,163.5,177.0,150.0,872.0,6.0,27.0,208.0,1.0,,,18.0,177,62
2022,2078,Odell Beckham,odell beckham,WR,204.7,198.2,220.1,219.5,84.5,100.5,68.5,7.0,,32.0,438.0,4.0,,,18.0,178,75
2022,6805,KJ Hamler,kj hamler,WR,205.5,218.0,221.5,228.7,127.8,154.3,101.3,,,53.0,713.0,5.0,,,18.0,179,76
2022,7527,Mac Jones,mac jones,QB,206.8,177.0,183.2,87.9,245.84,245.84,245.84,192.0,1.0,,,,3666.0,23.0,18.0,180,22
2022,4892,Baker Mayfield,baker mayfield,QB,207.8,200.7,202.9,123.7,140.3,140.3,140.3,77.0,1.0,,,,2140.0,13.0,18.0,181,23
2022,5857,Noah Fant,noah fant,TE,208.4,184.2,207.8,173.1,65.0,79.5,50.5,,,29.0,345.0,3.0,,,18.0,182,21
2022,4973,Hayden Hurst,hayden hurst,TE,209.7,201.1,204.7,206.9,105.4,131.9,78.9,,,53.0,549.0,4.0,,,18.0,183,22
2022,3202,Austin Hooper,austin hooper,TE,212.6,205.3,211.9,186.0,78.1,98.1,58.1,,,40.0,401.0,3.0,,,18.0,184,23
2022,5284,Jeff Wilson,jeff wilson,RB,214.3,999.0,219.8,249.0,71.9,77.4,66.4,403.0,3.0,11.0,81.0,,,,18.0,185,63
2022,4066,Evan Engram,evan engram,TE,215.5,212.1,232.2,207.1,99.5,127.0,72.0,,,55.0,540.0,3.0,,,18.0,186,24
2022,6951,Eno Benjamin,eno benjamin,RB,216.4,243.1,246.4,253.5,108.3,123.3,93.3,483.0,4.0,30.0,210.0,,,,18.0,187,64
2022,5248,Gus Edwards,gus edwards,RB,216.5,229.9,214.0,215.8,71.0,74.0,68.0,451.0,3.0,6.0,49.0,,,,18.0,188,65
2022,1067,Marvin Jones,marvin jones,WR,218.6,233.8,248.7,233.1,116.5,144.0,89.0,,,55.0,670.0,4.0,,,18.0,189,77
2022,6853,Van Jefferson,van jefferson,WR,219.7,230.5,235.5,216.7,118.1,143.1,93.1,8.0,,50.0,623.0,5.0,,,18.0,190,78
2022,3423,Robbie Chosen,robbie chosen,WR,220.6,219.9,247.7,230.9,121.0,148.5,93.5,23.0,,55.0,692.0,4.0,,,18.0,191,79
2022,5549,Darrel Williams,darrel williams,RB,221.4,216.3,223.9,226.9,79.0,89.0,69.0,305.0,3.0,20.0,145.0,1.0,,,18.0,192,66
2022,1049,Ryan Tannehill,ryan tannehill,QB,222.9,208.0,206.1,106.3,232.72,232.72,232.72,208.0,2.0,,,,3023.0,23.0,18.0,193,24
2022,4381,Taysom Hill,taysom hill,TE,223.4,202.2,223.1,234.7,104.3,109.3,99.3,294.0,6.0,10.0,81.0,2.0,120.0,2.0,18.0,194,25
2022,8131,Isaiah Likely,isaiah likely,TE,225.7,999.0,208.5,248.2,81.2,102.7,59.7,,,43.0,417.0,3.0,,,18.0,195,26
2022,8160,Kenny Pickett,kenny pickett,QB,226.5,206.5,205.5,172.5,156.72,156.72,156.72,160.0,2.0,,,,2743.0,10.0,18.0,196,25
2022,5870,Daniel Jones,daniel jones,QB,228.1,226.3,230.3,117.1,280.14,280.14,280.14,419.0,3.0,,,,3706.0,23.0,18.0,197,26
2022,3242,Kenyan Drake,kenyan drake,RB,230.7,234.0,237.5,237.1,60.1,70.1,50.1,233.0,1.0,20.0,148.0,1.0,,,18.0,198,67
2022,5536,Dontrell Hilliard,dontrell hilliard,RB,230.8,242.5,241.6,261.6,123.1,144.6,101.6,446.0,2.0,43.0,330.0,2.0,,,18.0,199,68
2022,2161,Jerick McKinnon,jerick mckinnon,RB,232.9,239.8,450.9,254.7,74.4,86.4,62.4,256.0,2.0,24.0,188.0,1.0,,,18.0,200,69
2022,830,A.J. Green,aj green,WR,233.7,216.4,244.5,235.1,101.1,123.6,78.6,,,45.0,606.0,3.0,,,18.0,201,80
2022,4962,Sony Michel,sony michel,RB,234.3,244.8,236.2,240.1,88.7,95.2,82.2,486.0,4.0,13.0,96.0,,,,18.0,202,70
2022,4082,Curtis Samuel,curtis samuel,WR,235.1,228.3,414.8,223.9,173.0,211.5,134.5,193.0,1.0,77.0,832.0,4.0,,,18.0,203,81
2022,928,Randall Cobb,randall cobb,WR,236.6,236.5,244.2,260.6,123.5,152.0,95.0,,,57.0,590.0,6.0,,,18.0,204,82
2022,6824,Donovan Peoples-Jones,donovan peoplesjones,WR,237.4,237.2,239.1,230.5,132.4,157.9,106.9,12.0,,51.0,757.0,5.0,,,18.0,205,83
2022,8118,David Bell,david bell,WR,237.7,237.5,237.8,232.0,105.3,133.3,77.3,,,56.0,613.0,3.0,,,18.0,206,84
2022,5880,Parris Campbell,parris campbell,WR,239.2,240.6,240.1,236.9,110.0,135.0,85.0,,,50.0,610.0,4.0,,,18.0,207,85
2022,4147,Samaje Perine,samaje perine,RB,240.4,247.4,492.0,273.0,107.7,123.7,91.7,440.0,3.0,32.0,237.0,1.0,,,18.0,208,71
2022,8123,Hassan Haskins,hassan haskins,RB,241.3,246.7,243.3,267.1,67.1,75.6,58.6,350.0,2.0,17.0,116.0,,,,18.0,209,72
2022,6892,Nate Stanley,nate stanley,QB,244.0,614.2,999.0,340.1,,,,,,,,,,,18.0,210,27
2022,7262,Jalen Morton,jalen morton,QB,245.0,252.0,999.0,393.0,,,,,,,,,,,18.0,211,28
2022,7008,Brian Lewerke,brian lewerke,QB,246.0,264.0,999.0,348.8,,,,,,,,,,,18.0,212,29
2022,7243,Kevin Davidson,kevin davidson,QB,248.0,311.0,999.0,416.1,,,,,,,,,,,18.0,213,30
2022,6954,Cole McDonald,cole mcdonald,QB,249.0,503.9,999.0,999.0,,,,,,,,,,,18.0,214,31
2022,7013,Steven Montez,steven montez,QB,250.0,515.9,345.0,335.7,,,,,,,,,,,18.0,215,32
2022,5745,Nick Stevens,nick stevens,QB,251.0,358.0,999.0,684.0,,,,,,,,,,,18.0,216,33
2022,2450,Brett Hundley,brett hundley,QB,254.0,400.0,999.0,999.0,,,,,,,,,,,18.0,217,34
2022,7084,Jake Luton,jake luton,QB,255.3,591.6,999.0,999.0,,,,,,,,,,,18.0,218,35
2022,2394,Sean Mannion,sean mannion,QB,256.4,396.9,999.0,999.0,10.44,10.44,10.44,6.0,,,,,171.0,1.0,18.0,219,36
2022,7081,James Morgan,james morgan,QB,257.0,384.0,999.0,999.0,,,,,,,,,,,18.0,220,37
2022,1612,Tyler Bray,tyler bray,QB,259.0,291.6,254.0,999.0,,,,,,,,,,,18.0,221,38
2022,7156,J'Mar Smith,jmar smith,QB,260.0,300.3,999.0,999.0,,,,,,,,,,,18.0,222,39
2022,8105,Brayden Lenius,brayden lenius,TE,261.3,999.0,999.0,999.0,,,,,,,,,,,18.0,223,27
2022,7158,Riley Neal,riley neal,QB,262.6,613.6,999.0,999.0,,,,,,,,,,,18.0,224,40
2022,3655,Reggie Diggs,reggie diggs,WR,264.4,283.8,447.0,999.0,,,,,,,,,,,18.0,225,86
2022,3816,Brandon Brown-Dukes,brandon browndukes,RB,265.7,999.0,999.0,999.0,,,,,,,,,,,18.0,226,73
2022,4571,Blake Jarwin,blake jarwin,TE,269.0,999.0,999.0,999.0,20.3,25.3,15.3,,,10.0,93.0,1.0,,,18.0,227,28
2022,367,Jared Cook,jared cook,TE,270.0,999.0,565.7,999.0,20.7,25.2,16.2,,,9.0,102.0,1.0,,,18.0,228,29
2022,1476,Latavius Murray,latavius murray,RB,271.4,402.6,279.9,380.0,76.2,83.7,68.7,403.0,3.0,15.0,104.0,,,,18.0,229,74
2022,6822,Jake Fromm,jake fromm,QB,273.0,394.3,259.0,999.0,,,,,,,,,,,18.0,230,41
2022,7339,J.J. Koski,jj koski,WR,274.5,999.0,999.0,999.0,,,,,,,,,,,18.0,231,87
2022,6450,David Blough,david blough,QB,275.6,999.0,999.0,999.0,3.84,3.84,3.84,6.0,,,,,81.0,,18.0,232,42
2022,1048,Lamar Miller,lamar miller,RB,276.4,327.5,458.0,661.9,,,,,,,,,,,18.0,233,75
2022,1587,Vance McDonald,vance mcdonald,TE,277.6,386.4,381.0,999.0,,,,,,,,,,,18.0,234,30
2022,1211,Rhett Ellison,rhett ellison,TE,278.0,281.2,666.7,999.0,,,,,,,,,,,18.0,235,31
2022,7088,Xavier Jones,xavier jones,RB,279.0,999.0,999.0,999.0,,,,,,,,,,,18.0,236,76
2022,6898,Anthony Gordon,anthony gordon,QB,279.3,262.7,999.0,999.0,,,,,,,,,,,18.0,237,43
2022,1329,Chris Hogan,chris hogan,WR,281.0,582.0,683.0,999.0,,,,,,,,,,,18.0,238,88
2022,5263,Chase Litton,chase litton,QB,282.0,302.0,999.0,999.0,,,,,,,,,,,18.0,239,44
2022,7418,Broc Rutter,broc rutter,QB,283.0,999.0,999.0,443.4,,,,,,,,,,,18.0,240,45
2022,6195,Damon Sheehy-Guiseppi,damon sheehyguiseppi,WR,284.0,999.0,693.0,999.0,,,,,,,,,,,18.0,241,89
2022,4626,Amba Etta-Tawo,amba ettatawo,WR,285.0,999.0,699.7,999.0,,,,,,,,,,,18.0,242,90
2022,5167,Dalton Sturm,dalton sturm,QB,286.0,526.0,999.0,999.0,,,,,,,,,,,18.0,243,46
2022,5750,Garrett Hudson,garrett hudson,TE,288.0,999.0,999.0,999.0,,,,,,,,,,,18.0,244,32
2022,4929,Ahmad Fulwood,ahmad fulwood,WR,289.3,999.0,999.0,999.0,,,,,,,,,,,18.0,245,91
2022,5756,Garrett Dickerson,garrett dickerson,TE,290.7,999.0,999.0,999.0,,,,,,,,,,,18.0,246,33
2022,3495,Mike Bercovici,mike bercovici,QB,291.0,355.8,999.0,999.0,,,,,,,,,,,18.0,247,47
2022,1550,Ryan Griffin,ryan griffin,QB,292.3,293.0,576.0,999.0,,,,,,,,,,,18.0,248,48
2022,3978,Jacob Huesman,jacob huesman,QB,295.0,296.8,999.0,999.0,,,,,,,,,,,18.0,249,49
2022,7552,Blake Proehl,blake proehl,WR,296.0,312.0,999.0,999.0,,,,,,,,,,,18.0,250,92
2022,6237,Wilton Speight,wilton speight,QB,297.3,279.7,267.0,999.0,,,,,,,,,,,18.0,251,50
2022,7035,Kendrick Rogers,kendrick rogers,WR,298.0,999.0,999.0,660.3,,,,,,,,,,,18.0,252,93
2022,2229,Garrett Gilbert,garrett gilbert,QB,299.0,305.0,999.0,582.7,,,,,,,,,,,18.0,253,51
2022,4151,Jake Butt,jake butt,TE,300.3,592.5,463.7,517.8,,,,,,,,,,,18.0,254,34
2022,1794,David Fluellen,david fluellen,RB,301.0,999.0,566.0,999.0,,,,,,,,,,,18.0,255,77
2022,7038,Darius Anderson,darius anderson,RB,303.0,618.0,999.0,999.0,,,,,,,,,,,18.0,256,78
2022,1895,AJ McCarron,aj mccarron,QB,305.7,416.7,308.0,522.0,,,,,,,,,,,18.0,257,52
2022,818,Bilal Powell,bilal powell,RB,307.7,573.4,999.0,999.0,,,,,,,,,,,18.0,258,79
2022,1425,Ryan Griffin,ryan griffin,TE,308.0,677.9,999.0,999.0,28.9,36.4,21.4,,,15.0,154.0,1.0,,,18.0,259,35
2022,8568,John Lovett,john lovett,RB,309.0,999.0,999.0,999.0,,,,,,,,,,,18.0,260,80
2022,1170,Alfred Morris,alfred morris,RB,310.3,321.5,642.0,488.9,,,,,,,,,,,18.0,261,81
2022,7860,Osirus Mitchell,osirus mitchell,WR,311.7,999.0,999.0,999.0,,,,,,,,,,,18.0,262,94
2022,2452,Jay Ajayi,jay ajayi,RB,312.7,376.3,999.0,999.0,,,,,,,,,,,18.0,263,82
2022,8760,Dre Miller,dre miller,TE,313.3,999.0,999.0,641.6,,,,,,,,,,,18.0,264,36
2022,8560,Davis Cheek,davis cheek,QB,314.7,314.1,999.0,999.0,,,,,,,,,,,18.0,265,53
2022,6701,Fred Trevillion,fred trevillion,WR,316.7,576.0,999.0,999.0,,,,,,,,,,,18.0,266,95
2022,2315,Todd Gurley,todd gurley,RB,318.9,495.7,472.0,563.8,,,,,,,,,,,18.0,267,83
2022,7063,Shea Patterson,shea patterson,QB,320.3,300.3,999.0,331.5,,,,,,,,,,,18.0,268,54
2022,8553,Tre Ford,tre ford,QB,321.7,475.1,999.0,650.5,,,,,,,,,,,18.0,269,55
2022,1071,Mohamed Sanu,mohamed sanu,WR,322.0,330.9,999.0,999.0,,,,,,,,,,,18.0,270,96
2022,181,Drew Stanton,drew stanton,QB,323.0,270.7,249.0,999.0,,,,,,,,,,,18.0,271,56
2022,7159,Reid Sinnett,reid sinnett,QB,324.0,530.0,999.0,999.0,,,,,,,,,,,18.0,272,57
2022,4229,Mason Schreck,mason schreck,TE,325.6,999.0,999.0,629.7,,,,,,,,,,,18.0,273,37
2022,8181,Connor Heyward,connor heyward,TE,326.4,999.0,646.7,580.7,12.1,15.6,8.6,29.0,,7.0,57.0,,,,18.0,274,38
2022,7863,JaQuan Hardy,jaquan hardy,RB,328.0,999.0,999.0,999.0,,,,,,,,,,,18.0,275,84
2022,4026,DeShone Kizer,deshone kizer,QB,328.4,459.2,999.0,999.0,,,,,,,,,,,18.0,276,58
2022,7218,Cam Sutton,cam sutton,TE,330.8,999.0,999.0,999.0,,,,,,,,,,,18.0,277,39
2022,4926,Nick Schuessler,nick schuessler,QB,331.0,661.1,999.0,999.0,,,,,,,,,,,18.0,278,59
2022,6595,Devlin Hodges,devlin hodges,QB,333.7,500.7,999.0,999.0,,,,,,,,,,,18.0,279,60
2022,1223,Garrett Celek,garrett celek,TE,334.4,328.5,999.0,999.0,,,,,,,,,,,18.0,280,40
2022,6231,John Lovett,john lovett,QB,335.4,999.0,999.0,999.0,,,,,,,,,,,18.0,281,61
2022,4127,C.J. Beathard,cj beathard,QB,335.7,999.0,317.0,999.0,13.16,13.16,13.16,14.0,,,,,219.0,1.0,18.0,282,62
2022,8212,Dustin Crum,dustin crum,QB,337.7,671.6,999.0,503.7,,,,,,,,,,,18.0,283,63
2022,208,Josh McCown,josh mccown,QB,338.0,328.8,276.0,555.7,,,,,,,,,,,18.0,284,64
2022,5239,Lamar Jordan,lamar jordan,QB,339.0,401.0,523.0,999.0,,,,,,,,,,,18.0,285,65
2022,233,Matt Moore,matt moore,QB,340.0,278.3,999.0,551.2,,,,,,,,,,,18.0,286,66
2022,23,Jason Witten,jason witten,TE,341.5,557.5,659.0,481.8,,,,,,,,,,,18.0,287,41
2022,8200,Kevin Austin,kevin austin,WR,342.0,999.0,274.0,999.0,,,,,,,,,,,18.0,288,97
2022,1718,Derek Carrier,derek carrier,TE,342.3,368.0,999.0,999.0,,,,,,,,,,,18.0,289,42
2022,1149,Alshon Jeffery,alshon jeffery,WR,344.4,307.5,569.0,598.7,,,,,,,,,,,18.0,290,98
2022,6606,Nick Fitzgerald,nick fitzgerald,QB,345.0,293.8,999.0,557.1,,,,,,,,,,,18.0,291,67
2022,6147,Clayton Thorson,clayton thorson,QB,346.0,999.0,999.0,999.0,,,,,,,,,,,18.0,292,68
2022,4794,Tommy Armstrong Jr.,tommy armstrong,QB,347.0,277.4,433.0,999.0,,,,,,,,,,,18.0,293,69
2022,7064,Darrynton Evans,darrynton evans,RB,348.3,999.0,999.0,999.0,17.1,20.6,13.6,83.0,,7.0,53.0,,,,18.0,294,85
2022,6185,Easton Stick,easton stick,QB,350.0,487.8,999.0,999.0,,,,,,,,,,,18.0,295,70
2022,5709,Luis Perez,luis perez,QB,351.0,645.0,262.0,999.0,,,,,,,,,,,18.0,296,71
2022,4607,Zach Conque,zach conque,QB,352.0,284.9,999.0,999.0,,,,,,,,,,,18.0,297,72
2022,5261,Jester Weah,jester weah,WR,353.0,664.0,999.0,999.0,,,,,,,,,,,18.0,298,99
2022,7143,Ben DiNucci,ben dinucci,QB,354.4,999.0,385.0,697.1,,,,,,,,,,,18.0,299,73
2022,6539,Devontae Jackson,devontae jackson,RB,355.0,335.4,999.0,999.0,,,,,,,,,,,18.0,300,86
2022,2532,Da'Ron Brown,daron brown,WR,356.0,999.0,999.0,999.0,,,,,,,,,,,18.0,301,100
2022,7996,Dillon Stoner,dillon stoner,WR,356.3,999.0,532.0,999.0,,,,,,,,,,,18.0,302,101
2022,695,Ted Ginn,ted ginn,WR,358.0,999.0,599.3,506.7,,,,,,,,,,,18.0,303,102
2022,2931,Deshon Foxx,deshon foxx,WR,361.5,999.0,999.0,999.0,,,,,,,,,,,18.0,304,103
2022,331,Philip Rivers,philip rivers,QB,362.6,545.7,337.3,430.7,,,,,,,,,,,18.0,305,74
2022,455,Michael Crabtree,michael crabtree,WR,363.7,421.0,572.0,370.6,,,,,,,,,,,18.0,306,104
2022,223,Larry Fitzgerald,larry fitzgerald,WR,363.8,610.8,587.0,520.8,,,,,,,,,,,18.0,307,105
2022,8489,Drew Ogletree,drew ogletree,TE,365.0,999.0,999.0,999.0,,,,,,,,,,,18.0,308,43
2022,184,Adrian Peterson,adrian peterson,RB,366.0,516.4,692.0,614.3,,,,,,,,,,,18.0,309,87
2022,178,Matt Schaub,matt schaub,QB,367.0,337.7,301.0,999.0,,,,,,,,,,,18.0,310,75
2022,4184,Bucky Hodges,bucky hodges,TE,368.0,999.0,445.0,999.0,,,,,,,,,,,18.0,311,44
2022,6089,Daniel Helm,daniel helm,TE,370.0,999.0,999.0,999.0,,,,,,,,,,,18.0,312,45
2022,111,Marcedes Lewis,marcedes lewis,TE,370.2,437.9,526.0,447.7,34.6,43.1,26.1,,,17.0,201.0,1.0,,,18.0,313,46
2022,333,Ryan Fitzpatrick,ryan fitzpatrick,QB,372.7,504.0,261.0,421.0,,,,,,,,,,,18.0,314,76
2022,7951,B.J. Emmons,bj emmons,RB,373.4,999.0,999.0,999.0,,,,,,,,,,,18.0,315,88
2022,8199,D'Eriq King,deriq king,QB,375.0,510.8,999.0,586.3,,,,,,,,,,,18.0,316,77
2022,8438,Corey Sutton,corey sutton,WR,376.6,318.4,999.0,999.0,,,,,,,,,,,18.0,317,106
2022,7599,Jermar Jefferson,jermar jefferson,RB,377.8,999.0,662.0,999.0,31.9,35.9,27.9,105.0,2.0,8.0,54.0,,,,18.0,318,89
2022,7002,Juwan Johnson,juwan johnson,TE,380.3,662.8,252.0,356.2,114.9,138.9,90.9,,,48.0,489.0,7.0,,,18.0,319,47
2022,268,Alex Smith,alex smith,QB,381.7,282.3,265.0,389.6,,,,,,,,,,,18.0,320,78
2022,3456,Joel Stave,joel stave,QB,382.0,286.2,399.0,999.0,,,,,,,,,,,18.0,321,79
2022,1215,Jarius Wright,jarius wright,WR,383.0,333.7,647.3,999.0,,,,,,,,,,,18.0,322,107
2022,3934,Troymaine Pope,troymaine pope,RB,384.0,999.0,999.0,999.0,,,,,,,,,,,18.0,323,90
2022,812,Lee Smith,lee smith,TE,384.3,999.0,999.0,999.0,,,,,,,,,,,18.0,324,48
2022,8436,Neil Pau'u,neil pauu,WR,386.7,999.0,999.0,999.0,,,,,,,,,,,18.0,325,108
2022,1388,Tyler Eifert,tyler eifert,TE,387.1,363.2,999.0,999.0,,,,,,,,,,,18.0,326,49
2022,3348,Kolby Listenbee,kolby listenbee,WR,388.5,999.0,634.0,999.0,,,,,,,,,,,18.0,327,109
2022,7918,A.J. Rose,aj rose,RB,389.4,458.6,999.0,999.0,,,,,,,,,,,18.0,328,91
2022,8632,JaVonta Payton,javonta payton,WR,390.0,999.0,999.0,999.0,,,,,,,,,,,18.0,329,110
2022,8757,Rodney Williams,rodney williams,TE,391.0,999.0,999.0,999.0,,,,,,,,,,,18.0,330,50
2022,232,Frank Gore,frank gore,RB,391.6,398.5,323.6,428.8,,,,,,,,,,,18.0,331,92
2022,5137,Richie James,richie james,WR,393.8,999.0,398.0,366.7,119.1,143.6,94.6,31.0,,49.0,615.0,5.0,,,18.0,332,111
2022,344,Julian Edelman,julian edelman,WR,396.7,447.7,375.3,492.2,,,,,,,,,,,18.0,333,112
2022,1559,Mike Glennon,mike glennon,QB,397.3,484.9,999.0,999.0,,,,,,,,,,,18.0,334,80
2022,5752,Sherman Badie,sherman badie,RB,398.4,999.0,999.0,999.0,,,,,,,,,,,18.0,335,93
2022,4853,Jerod Evans,jerod evans,QB,398.7,304.0,999.0,999.0,,,,,,,,,,,18.0,336,81
2022,4406,Wes Lunt,wes lunt,QB,400.0,325.0,999.0,369.5,,,,,,,,,,,18.0,337,82
2022,6139,Jace Sternberger,jace sternberger,TE,401.0,999.0,999.0,999.0,,,,,,,,,,,18.0,338,51
2022,4221,Jeremy Sprinkle,jeremy sprinkle,TE,402.7,999.0,999.0,628.9,,,,,,,,,,,18.0,339,52
2022,5787,Bryce Bobo,bryce bobo,WR,403.0,668.7,549.0,999.0,,,,,,,,,,,18.0,340,113
2022,1029,Nick Foles,nick foles,QB,404.1,657.1,372.2,662.2,53.56,53.56,53.56,26.0,,,,,924.0,5.0,18.0,341,83
2022,5924,Emanuel Hall,emanuel hall,WR,405.0,999.0,999.0,999.0,,,,,,,,,,,18.0,342,114
2022,289,Drew Brees,drew brees,QB,405.2,555.7,295.6,405.9,,,,,,,,,,,18.0,343,84
2022,138,Ben Roethlisberger,ben roethlisberger,QB,407.4,594.2,277.0,503.6,,,,,,,,,,,18.0,344,85
2022,7157,Josh Love,josh love,QB,408.0,620.6,279.0,999.0,,,,,,,,,,,18.0,345,86
2022,8218,Max Borghi,max borghi,RB,410.4,999.0,593.0,692.7,,,,,,,,,,,18.0,346,94
2022,1273,Francis Owusu,francis owusu,WR,411.0,321.4,552.0,999.0,,,,,,,,,,,18.0,347,115
2022,7616,Kai Locksley,kai locksley,WR,413.0,381.0,641.0,999.0,,,,,,,,,,,18.0,348,116
2022,6540,DeAndre Thompkins,deandre thompkins,WR,414.6,598.7,999.0,524.7,,,,,,,,,,,18.0,349,117
2022,1077,Travis Benjamin,travis benjamin,WR,415.0,289.6,562.0,999.0,,,,,,,,,,,18.0,350,118
2022,6596,Jalan McClendon,jalan mcclendon,QB,417.0,261.8,999.0,999.0,,,,,,,,,,,18.0,351,87
2022,4931,Austin Appleby,austin appleby,QB,418.0,288.8,257.0,999.0,,,,,,,,,,,18.0,352,88
2022,745,Marshawn Lynch,marshawn lynch,RB,419.3,575.8,530.6,422.8,,,,,,,,,,,18.0,353,95
2022,8769,Josh Bist,josh bist,TE,419.3,479.0,999.0,999.0,,,,,,,,,,,18.0,354,53
2022,2595,Tim Semisch,tim semisch,TE,421.2,999.0,999.0,999.0,,,,,,,,,,,18.0,355,54
2022,4150,Wayne Gallman,wayne gallman,RB,422.8,999.0,661.0,999.0,17.5,19.5,15.5,66.0,1.0,4.0,29.0,,,,18.0,356,96
2022,2391,David Johnson,david johnson,RB,423.0,999.0,999.0,999.0,16.0,18.0,14.0,50.0,1.0,4.0,30.0,,,,18.0,357,97
2022,8840,Cole Fotheringham,cole fotheringham,TE,424.0,999.0,999.0,999.0,,,,,,,,,,,18.0,358,55
2022,5974,Trace McSorley,trace mcsorley,QB,426.2,999.0,388.0,519.6,37.6,37.6,37.6,98.0,1.0,,,,395.0,2.0,18.0,359,89
2022,1110,T.Y. Hilton,ty hilton,WR,426.3,454.4,657.7,999.0,25.8,30.8,20.8,,,10.0,148.0,1.0,,,18.0,360,119
2022,4768,Adam Zaruba,adam zaruba,TE,428.0,999.0,999.0,999.0,,,,,,,,,,,18.0,361,56
2022,8187,CJ Verdell,cj verdell,RB,429.0,999.0,999.0,999.0,,,,,,,,,,,18.0,362,98
2022,6823,Jacob Eason,jacob eason,QB,430.4,418.0,999.0,568.9,20.8,20.8,20.8,,,,,,370.0,2.0,18.0,363,90
2022,2082,Xavier Grimble,xavier grimble,TE,431.0,444.9,999.0,999.0,,,,,,,,,,,18.0,364,57
2022,4475,Sefo Liufau,sefo liufau,QB,432.0,542.2,999.0,999.0,,,,,,,,,,,18.0,365,91
2022,1169,Robert Griffin,robert griffin,QB,433.6,538.4,328.0,383.7,,,,,,,,,,,18.0,366,92
2022,7622,Sammis Reyes,sammis reyes,TE,435.7,999.0,999.0,999.0,,,,,,,,,,,18.0,367,58
2022,5112,Bo Scarbrough,bo scarbrough,RB,436.0,999.0,999.0,999.0,,,,,,,,,,,18.0,368,99
2022,5108,Luke Falk,luke falk,QB,437.3,280.0,999.0,999.0,,,,,,,,,,,18.0,369,93
2022,6730,Jordan Ta'amu,jordan taamu,QB,438.3,375.3,999.0,999.0,,,,,,,,,,,18.0,370,94
2022,490,Chase Daniel,chase daniel,QB,439.2,999.0,999.0,999.0,20.72,20.72,20.72,16.0,,,,,303.0,2.0,18.0,371,95
2022,4179,Joshua Dobbs,joshua dobbs,QB,440.0,999.0,255.0,570.5,12.4,12.4,12.4,16.0,,,,,195.0,1.0,18.0,372,96
2022,7079,Pete Guerriero,pete guerriero,RB,441.0,622.2,999.0,999.0,,,,,,,,,,,18.0,373,100
2022,4599,Michael Rector,michael rector,WR,442.0,999.0,999.0,999.0,,,,,,,,,,,18.0,374,120
2022,1619,Demetrius Harris,demetrius harris,TE,444.6,551.0,999.0,999.0,,,,,,,,,,,18.0,375,59
2022,8240,BJ Baylor,bj baylor,RB,445.8,999.0,999.0,999.0,,,,,,,,,,,18.0,376,101
2022,1903,Taylor Gabriel,taylor gabriel,WR,446.0,326.0,999.0,999.0,,,,,,,,,,,18.0,377,121
2022,8222,Josh Johnson,josh johnson,WR,447.7,999.0,999.0,999.0,,,,,,,,,,,18.0,378,122
2022,1262,Alex Tanney,alex tanney,QB,449.7,255.5,269.0,999.0,,,,,,,,,,,18.0,379,97
2022,3209,Devontae Booker,devontae booker,RB,450.7,999.0,460.4,999.0,26.3,29.3,23.3,69.0,1.0,6.0,44.0,1.0,,,18.0,380,102
2022,7573,Damon Hazelton,damon hazelton,WR,451.0,999.0,671.0,999.0,,,,,,,,,,,18.0,381,123
2022,6723,Vincent Testaverde,vincent testaverde,QB,453.0,513.3,263.0,591.9,,,,,,,,,,,18.0,382,98
2022,4183,Nathan Peterman,nathan peterman,QB,454.3,689.2,334.0,499.1,9.36,9.36,9.36,6.0,,,,,169.0,1.0,18.0,383,99
2022,3652,Mike Thomas,mike thomas,WR,454.6,625.8,999.0,999.0,22.1,27.1,17.1,,,10.0,111.0,1.0,,,18.0,384,124
2022,7960,T.J. Simmons,tj simmons,WR,456.0,999.0,412.7,999.0,,,,,,,,,,,18.0,385,125
2022,2430,Javorius Allen,javorius allen,RB,457.0,999.0,999.0,999.0,,,,,,,,,,,18.0,386,103
2022,8429,Levi Lewis,levi lewis,QB,458.0,472.9,999.0,316.0,,,,,,,,,,,18.0,387,100
2022,6519,Darrius Shepherd,darrius shepherd,WR,459.2,507.2,999.0,999.0,,,,,,,,,,,18.0,388,126
2022,6973,J.J. Taylor,jj taylor,RB,460.0,999.0,440.2,999.0,32.9,38.4,27.4,136.0,1.0,11.0,78.0,,,,18.0,389,104
2022,8442,Jarrett Guarantano,jarrett guarantano,QB,461.0,999.0,999.0,552.1,,,,,,,,,,,18.0,390,101
2022,676,LeSean McCoy,lesean mccoy,RB,462.0,517.6,999.0,391.3,,,,,,,,,,,18.0,391,105
2022,2397,Jeff Heuerman,jeff heuerman,TE,463.9,424.0,999.0,999.0,,,,,,,,,,,18.0,392,60
2022,7235,Aleva Hifo,aleva hifo,WR,464.0,999.0,999.0,999.0,,,,,,,,,,,18.0,393,127
2022,7584,Brennan Eagles,brennan eagles,WR,465.3,999.0,999.0,999.0,,,,,,,,,,,18.0,394,128
2022,1800,Jordan Matthews,jordan matthews,TE,466.3,553.0,999.0,524.3,,,,,,,,,,,18.0,395,61
2022,4528,Trevor Knight,trevor knight,QB,467.4,303.7,999.0,999.0,,,,,,,,,,,18.0,396,102
2022,2620,Jake Heaps,jake heaps,QB,468.3,276.7,999.0,999.0,,,,,,,,,,,18.0,397,103
2022,1338,Matt Barkley,matt barkley,QB,470.0,260.2,999.0,618.9,,,,,,,,,,,18.0,398,104
2022,5142,Kurt Benkert,kurt benkert,QB,471.0,417.2,999.0,491.0,,,,,,,,,,,18.0,399,105
2022,6491,Adam Choice,adam choice,RB,473.1,681.5,697.3,999.0,,,,,,,,,,,18.0,400,106
2022,2257,Carlos Hyde,carlos hyde,RB,474.3,483.0,313.0,999.0,22.4,24.9,19.9,108.0,1.0,5.0,31.0,,,,18.0,401,107
2022,574,Dez Bryant,dez bryant,WR,475.4,538.7,424.1,468.4,,,,,,,,,,,18.0,402,129
2022,2146,Richard Rodgers,richard rodgers,TE,477.0,335.0,999.0,999.0,8.1,11.1,5.1,,,6.0,51.0,,,,18.0,403,62
2022,8038,Nick Guggemos,nick guggemos,TE,478.3,655.4,422.0,999.0,,,,,,,,,,,18.0,404,63
2022,4630,I'Tavius Mathers,itavius mathers,RB,479.2,999.0,405.0,999.0,,,,,,,,,,,18.0,405,108
2022,6039,Ty Johnson,ty johnson,RB,480.0,999.0,999.0,999.0,30.5,35.5,25.5,66.0,1.0,10.0,69.0,1.0,,,18.0,406,109
2022,5278,Jarvion Franklin,jarvion franklin,RB,481.2,999.0,999.0,999.0,,,,,,,,,,,18.0,407,110
2022,7499,Paul Quessenberry,paul quessenberry,TE,482.2,660.0,597.0,999.0,,,,,,,,,,,18.0,408,64
2022,5884,Kelvin Harmon,kelvin harmon,WR,482.2,999.0,999.0,999.0,,,,,,,,,,,18.0,409,130
2022,491,Danny Amendola,danny amendola,WR,484.1,481.4,999.0,394.7,,,,,,,,,,,18.0,410,131
2022,6789,Henry Ruggs,henry ruggs,WR,485.0,680.5,407.3,423.9,,,,,,,,,,,18.0,411,132
2022,6963,Patrick Taylor,patrick taylor,RB,486.4,999.0,999.0,999.0,21.7,23.7,19.7,107.0,1.0,4.0,30.0,,,,18.0,412,111
2022,6778,Chris Streveler,chris streveler,QB,487.8,999.0,291.0,999.0,,,,,,,,,,,18.0,413,106
2022,4401,Damore'ea Stringfellow,damoreea stringfellow,WR,489.1,999.0,999.0,608.9,,,,,,,,,,,18.0,414,133
2022,7901,Rico Bussey,rico bussey,WR,489.2,999.0,999.0,999.0,,,,,,,,,,,18.0,415,134
2022,1517,Theo Riddick,theo riddick,RB,491.6,319.0,999.0,482.0,,,,,,,,,,,18.0,416,112
2022,4351,Tim Patrick,tim patrick,WR,492.5,999.0,354.8,242.4,,,,,,,,,,,18.0,417,135
2022,3596,Kivon Cartwright,kivon cartwright,TE,493.7,999.0,999.0,999.0,,,,,,,,,,,18.0,418,65
2022,559,Tim Tebow,tim tebow,TE,494.0,999.0,435.4,431.0,,,,,,,,,,,18.0,419,66
2022,642,Golden Tate,golden tate,WR,495.6,407.5,999.0,999.0,,,,,,,,,,,18.0,420,136
2022,3957,Blake Sims,blake sims,QB,496.3,272.7,999.0,999.0,,,,,,,,,,,18.0,421,107
2022,954,Cam Newton,cam newton,QB,496.7,999.0,284.4,999.0,18.68,18.68,18.68,38.0,1.0,,,,197.0,1.0,18.0,422,108
2022,5257,Tim Boyle,tim boyle,QB,498.0,999.0,999.0,999.0,,,,,,,,,,,18.0,423,109
2022,1979,Blake Bortles,blake bortles,QB,499.4,524.2,302.0,545.6,,,,,,,,,,,18.0,424,110
2022,1232,Robert Turbin,robert turbin,RB,500.5,373.0,639.0,999.0,,,,,,,,,,,18.0,425,113
2022,1777,Josh Hill,josh hill,TE,503.8,569.0,999.0,603.4,,,,,,,,,,,18.0,426,67
2022,4274,David Moore,david moore,WR,505.0,999.0,999.0,999.0,,,,,,,,,,,18.0,427,137
2022,5911,Jalen Hurd,jalen hurd,WR,507.7,999.0,999.0,999.0,,,,,,,,,,,18.0,428,138
2022,616,Jimmy Graham,jimmy graham,TE,508.6,431.6,401.3,682.1,,,,,,,,,,,18.0,429,68
2022,7746,Austin Trammell,austin trammell,WR,509.3,999.0,999.0,999.0,17.7,24.2,11.2,,,13.0,112.0,,,,18.0,430,139
2022,7989,DJ Turner,dj turner,WR,510.3,999.0,427.0,999.0,7.3,9.8,4.8,,,5.0,48.0,,,,18.0,431,140
2022,6926,Brycen Hopkins,brycen hopkins,TE,510.4,999.0,999.0,999.0,17.4,21.4,13.4,,,8.0,74.0,1.0,,,18.0,432,69
2022,7862,T.J. Vasher,tj vasher,WR,512.0,999.0,574.0,999.0,,,,,,,,,,,18.0,433,141
2022,2106,David Fales,david fales,QB,513.0,256.4,999.0,999.0,,,,,,,,,,,18.0,434,111
2022,7992,Matt Bushman,matt bushman,TE,516.7,521.3,349.0,484.6,,,,,,,,,,,18.0,435,70
2022,4588,Kyle Sloter,kyle sloter,QB,517.0,271.2,999.0,449.6,,,,,,,,,,,18.0,436,112
2022,2553,Rory Anderson,rory anderson,TE,518.0,999.0,999.0,999.0,,,,,,,,,,,18.0,437,71
2022,3440,Josh Woodrum,josh woodrum,QB,520.3,306.7,999.0,999.0,,,,,,,,,,,18.0,438,113
2022,7741,Caleb Huntley,caleb huntley,RB,521.0,999.0,999.0,429.0,22.9,25.4,20.4,99.0,1.0,5.0,45.0,,,,18.0,439,114
2022,260,Josh Johnson,josh johnson,QB,522.1,257.8,999.0,999.0,13.62,13.62,13.62,25.0,,,,,203.0,1.0,18.0,440,114
2022,7091,Aaron Parker,aaron parker,WR,525.0,999.0,400.6,999.0,,,,,,,,,,,18.0,441,142
2022,8087,K.J. Costello,kj costello,QB,526.2,341.0,304.0,999.0,,,,,,,,,,,18.0,442,115
2022,8182,Chase Allen,chase allen,TE,527.5,642.8,999.0,999.0,,,,,,,,,,,18.0,443,72
2022,89,Chad Henne,chad henne,QB,528.9,999.0,482.0,999.0,21.0,21.0,21.0,14.0,,,,,315.0,2.0,18.0,444,116
2022,6588,Tom Kennedy,tom kennedy,WR,530.0,999.0,999.0,999.0,7.9,10.9,4.9,,,6.0,49.0,,,,18.0,445,143
2022,4085,Adam Shaheen,adam shaheen,TE,532.0,999.0,999.0,999.0,,,,,,,,,,,18.0,446,73
2022,7897,Roland Rivers,roland rivers,QB,533.6,409.7,999.0,999.0,,,,,,,,,,,18.0,447,117
2022,4981,Calvin Ridley,calvin ridley,WR,535.8,999.0,500.9,501.9,,,,,,,,,,,18.0,448,144
2022,6919,Thaddeus Moss,thaddeus moss,TE,536.3,999.0,999.0,999.0,,,,,,,,,,,18.0,449,74
2022,7578,Myron Mitchell,myron mitchell,WR,538.0,999.0,999.0,999.0,,,,,,,,,,,18.0,450,145
2022,4621,Caleb Bluiett,caleb bluiett,TE,539.0,999.0,999.0,999.0,,,,,,,,,,,18.0,451,75
2022,3497,Darion Griswold,darion griswold,TE,542.0,999.0,999.0,999.0,,,,,,,,,,,18.0,452,76
2022,1408,Le'Veon Bell,leveon bell,RB,544.2,477.1,496.0,689.9,,,,,,,,,,,18.0,453,115
2022,8177,Grant Calcaterra,grant calcaterra,TE,545.0,999.0,999.0,999.0,19.1,24.1,14.1,,,10.0,81.0,1.0,,,18.0,454,77
2022,4749,Cameron Posey,cameron posey,WR,546.0,999.0,999.0,999.0,,,,,,,,,,,18.0,455,146
2022,2560,Zach Zenner,zach zenner,RB,552.3,666.1,999.0,686.0,,,,,,,,,,,18.0,456,116
2022,8122,Zonovan Knight,zonovan knight,RB,554.6,384.6,999.0,544.4,70.6,78.6,62.6,269.0,3.0,16.0,137.0,1.0,,,18.0,457,117
2022,1034,Brandon Bolden,brandon bolden,RB,555.2,999.0,591.0,999.0,71.6,85.6,57.6,244.0,2.0,28.0,212.0,,,,18.0,458,118
2022,8828,Michael Young,michael young,WR,556.7,999.0,999.0,999.0,,,,,,,,,,,18.0,459,147
2022,8183,Brock Purdy,brock purdy,QB,558.5,606.0,391.3,509.5,49.68,49.68,49.68,8.0,,,,,672.0,6.0,18.0,460,118
2022,8051,Josh Johnson,josh johnson,RB,559.0,999.0,999.0,999.0,,,,,,,,,,,18.0,461,119
2022,5938,Lil'Jordan Humphrey,liljordan humphrey,WR,561.5,999.0,999.0,659.0,23.1,28.1,18.1,,,10.0,121.0,1.0,,,18.0,462,148
2022,6223,Juwann Winfree,juwann winfree,WR,562.9,999.0,999.0,999.0,,,,,,,,,,,18.0,463,149
2022,147,DeSean Jackson,desean jackson,WR,565.1,436.7,635.0,382.5,17.2,22.2,12.2,,,10.0,122.0,,,,18.0,464,150
2022,6865,Colby Parkinson,colby parkinson,TE,566.5,999.0,999.0,999.0,14.6,17.6,11.6,,,6.0,56.0,1.0,,,18.0,465,78
2022,284,Delanie Walker,delanie walker,TE,568.7,342.1,999.0,999.0,,,,,,,,,,,18.0,466,79
2022,8235,Samori Toure,samori toure,WR,569.8,999.0,566.7,999.0,9.2,12.2,6.2,,,6.0,62.0,,,,18.0,467,151
2022,606,Joe Webb,joe webb,QB,570.0,432.0,999.0,372.0,,,,,,,,,,,18.0,468,119
2022,7848,Scooter Harrington,scooter harrington,TE,571.0,999.0,999.0,999.0,,,,,,,,,,,18.0,469,80
2022,515,Rob Gronkowski,rob gronkowski,TE,572.0,220.3,367.5,247.1,,,,,,,,,,,18.0,470,81
2022,3621,Jordan Williams-Lambert,jordan williamslambert,WR,573.1,999.0,999.0,999.0,,,,,,,,,,,18.0,471,152
2022,3309,Wendell Smallwood,wendell smallwood,RB,573.3,999.0,999.0,999.0,,,,,,,,,,,18.0,472,120
2022,8706,Kehinde Oginni,kehinde oginni,TE,577.2,999.0,341.2,999.0,,,,,,,,,,,18.0,473,82
2022,1290,Jermaine Kearse,jermaine kearse,WR,578.0,361.0,999.0,999.0,,,,,,,,,,,18.0,474,153
2022,4157,Tarik Cohen,tarik cohen,RB,579.0,545.5,999.0,999.0,,,,,,,,,,,18.0,475,121
2022,7412,Sandro Platzgummer,sandro platzgummer,RB,580.7,529.0,678.8,468.4,,,,,,,,,,,18.0,476,122
2022,200,Vernon Davis,vernon davis,TE,581.0,365.5,999.0,467.2,,,,,,,,,,,18.0,477,83
2022,6737,Micky Crum,micky crum,TE,582.0,363.7,999.0,999.0,,,,,,,,,,,18.0,478,84
2022,8665,Armani Rogers,armani rogers,TE,583.9,535.3,999.0,999.0,22.1,27.1,17.1,,,10.0,111.0,1.0,,,18.0,479,85
2022,7581,Kellen Mond,kellen mond,QB,584.0,544.5,999.0,999.0,12.46,12.46,12.46,27.0,,,,,169.0,1.0,18.0,480,120
2022,8778,Justin Rigg,justin rigg,TE,587.0,999.0,999.0,999.0,,,,,,,,,,,18.0,481,86
2022,4863,Josh Rosen,josh rosen,QB,587.7,999.0,307.0,604.8,,,,,,,,,,,18.0,482,121
2022,3347,Jake Rudock,jake rudock,QB,590.2,253.0,999.0,999.0,,,,,,,,,,,18.0,483,122
2022,7076,Jeff Thomas,jeff thomas,WR,591.0,999.0,999.0,999.0,,,,,,,,,,,18.0,484,154
2022,3297,Tajae Sharpe,tajae sharpe,WR,593.0,999.0,318.0,999.0,,,,,,,,,,,18.0,485,155
2022,4189,Eric Saubert,eric saubert,TE,594.9,999.0,999.0,999.0,26.3,33.3,19.3,,,14.0,133.0,1.0,,,18.0,486,87
2022,5220,Godwin Igwebuike,godwin igwebuike,RB,597.6,999.0,672.0,999.0,15.9,19.9,11.9,66.0,,8.0,53.0,,,,18.0,487,123
2022,1603,Luke Willson,luke willson,TE,598.0,492.3,999.0,999.0,,,,,,,,,,,18.0,488,88
2022,1793,Trey Burton,trey burton,TE,599.2,309.7,373.0,999.0,,,,,,,,,,,18.0,489,89
2022,7092,Chris Finke,chris finke,WR,600.7,599.7,999.0,999.0,,,,,,,,,,,18.0,490,156
2022,5468,Christian Scotland-Williamson,christian scotlandwilliamson,TE,601.7,999.0,999.0,999.0,,,,,,,,,,,18.0,491,90
2022,4922,Garrett Scantling,garrett scantling,WR,601.8,999.0,999.0,999.0,,,,,,,,,,,18.0,492,157
2022,1939,Derel Walker,derel walker,WR,603.7,675.0,999.0,999.0,,,,,,,,,,,18.0,493,158
2022,8559,Josh Babicz,josh babicz,TE,604.2,999.0,999.0,999.0,,,,,,,,,,,18.0,494,91
2022,6049,Tyre Brady,tyre brady,WR,606.6,636.4,999.0,999.0,,,,,,,,,,,18.0,495,159
2022,7093,Adrian Killins,adrian killins,RB,607.0,999.0,999.0,999.0,,,,,,,,,,,18.0,496,124
2022,6993,Dominick Wood-Anderson,dominick woodanderson,TE,608.0,370.4,376.0,999.0,,,,,,,,,,,18.0,497,92
2022,1546,Kenjon Barner,kenjon barner,RB,608.6,451.3,999.0,592.0,,,,,,,,,,,18.0,498,125
2022,4996,Kyle Lauletta,kyle lauletta,QB,610.8,380.0,999.0,999.0,,,,,,,,,,,18.0,499,123
2022,7427,Tyler Mabry,tyler mabry,TE,611.0,999.0,999.0,999.0,,,,,,,,,,,18.0,500,93
2022,5120,Danny Etling,danny etling,QB,613.0,999.0,999.0,999.0,,,,,,,,,,,18.0,501,124
2022,3920,Harvey Binford,harvey binford,WR,614.0,999.0,999.0,496.3,,,,,,,,,,,18.0,502,160
2022,8917,KaVontae Turpin,kavontae turpin,WR,615.1,999.0,369.8,454.5,17.4,20.9,13.9,,,7.0,79.0,1.0,,,18.0,503,161
2022,8817,Nolan Givan,nolan givan,TE,615.4,383.4,999.0,999.0,,,,,,,,,,,18.0,504,94
2022,7236,Devwah Whaley,devwah whaley,RB,617.7,999.0,999.0,999.0,,,,,,,,,,,18.0,505,126
2022,1346,Marquise Goodwin,marquise goodwin,WR,620.1,999.0,397.6,496.5,29.7,35.7,23.7,,,12.0,177.0,1.0,,,18.0,506,162
2022,8892,Keric Wheatfall,keric wheatfall,WR,622.3,999.0,999.0,999.0,,,,,,,,,,,18.0,507,163
2022,4153,Jordan Leggett,jordan leggett,TE,622.6,999.0,999.0,999.0,,,,,,,,,,,18.0,508,95
2022,8008,Josh Imatorbhebhe,josh imatorbhebhe,WR,624.4,604.5,560.0,999.0,,,,,,,,,,,18.0,509,164
2022,8090,Daniel Crawford,daniel crawford,TE,626.4,999.0,999.0,475.0,,,,,,,,,,,18.0,510,96
2022,7859,Nick Eubanks,nick eubanks,TE,627.0,999.0,999.0,999.0,,,,,,,,,,,18.0,511,97
2022,8411,Devon Allen,devon allen,WR,629.8,653.9,382.2,558.2,,,,,,,,,,,18.0,512,165
2022,943,Kyle Rudolph,kyle rudolph,TE,629.9,223.5,227.8,256.9,41.0,50.5,31.5,,,19.0,195.0,2.0,,,18.0,513,98
2022,19,Joe Flacco,joe flacco,QB,634.9,999.0,394.0,529.9,12.62,12.62,12.62,3.0,,,,,233.0,1.0,18.0,514,125
2022,2346,Devin Funchess,devin funchess,TE,636.0,999.0,999.0,999.0,,,,,,,,,,,18.0,515,99
2022,8220,Sincere McCormick,sincere mccormick,RB,636.5,630.0,999.0,597.0,,,,,,,,,,,18.0,516,127
2022,1244,Josh Gordon,josh gordon,WR,638.6,999.0,461.5,587.1,20.7,25.2,16.2,,,9.0,102.0,1.0,,,18.0,517,166
2022,2463,Jesse James,jesse james,TE,641.7,999.0,999.0,999.0,25.3,31.8,18.8,,,13.0,128.0,1.0,,,18.0,518,100
2022,2446,MyCole Pruitt,mycole pruitt,TE,642.1,372.0,999.0,999.0,28.1,35.1,21.1,,,14.0,151.0,1.0,,,18.0,519,101
2022,7619,Mathew Sexton,mathew sexton,WR,644.0,639.1,999.0,999.0,,,,,,,,,,,18.0,520,167
2022,2836,Kenny Cook,kenny cook,WR,648.0,999.0,999.0,562.7,,,,,,,,,,,18.0,521,168
2022,6069,Stanley Morgan,stanley morgan,WR,649.0,659.2,999.0,999.0,4.8,6.3,3.3,,,3.0,33.0,,,,18.0,522,169
2022,6744,Greg Ward,greg ward,WR,651.0,999.0,592.0,999.0,28.2,35.7,20.7,,,15.0,141.0,1.0,15.0,,18.0,523,170
2022,6399,Kano Dillon,kano dillon,TE,652.8,999.0,999.0,999.0,,,,,,,,,,,18.0,524,102
2022,7751,Dax Milne,dax milne,WR,653.0,999.0,999.0,999.0,14.8,19.8,9.8,,,10.0,98.0,,,,18.0,525,171
2022,3868,Jalen Richard,jalen richard,RB,654.0,999.0,999.0,999.0,10.1,13.1,7.1,26.0,,6.0,45.0,,,,18.0,526,128
2022,8074,Matt Seybert,matt seybert,TE,655.0,999.0,999.0,999.0,,,,,,,,,,,18.0,527,103
2022,4839,Mitch Leidner,mitch leidner,QB,656.0,286.3,387.0,999.0,,,,,,,,,,,18.0,528,126
2022,2549,Trevor Siemian,trevor siemian,QB,658.0,605.5,250.0,999.0,20.7,20.7,20.7,5.0,,,,,330.0,2.0,18.0,529,127
2022,7983,Collin Hill,collin hill,QB,659.0,671.7,999.0,999.0,,,,,,,,,,,18.0,530,128
2022,1984,Allen Hurns,allen hurns,WR,661.0,999.0,999.0,999.0,,,,,,,,,,,18.0,531,172
2022,8185,Johnny Johnson,johnny johnson,WR,662.3,999.0,999.0,605.0,,,,,,,,,,,18.0,532,173
2022,7288,Ben Ellefson,ben ellefson,TE,663.8,999.0,999.0,999.0,2.6,3.6,1.6,,,2.0,16.0,,,,18.0,533,104
2022,2262,Trey Millard,trey millard,RB,664.0,434.0,999.0,584.0,,,,,,,,,,,18.0,534,129
2022,7538,Zach Wilson,zach wilson,QB,667.4,225.1,233.8,139.7,248.16,248.16,248.16,314.0,3.0,,,,3469.0,20.0,18.0,535,129
2022,6365,Carson Meier,carson meier,TE,668.0,999.0,999.0,999.0,,,,,,,,,,,18.0,536,105
2022,7734,Bruno Labelle,bruno labelle,TE,669.0,999.0,999.0,999.0,,,,,,,,,,,18.0,537,106
2022,4854,River Cracraft,river cracraft,WR,670.0,999.0,999.0,999.0,27.9,32.9,22.9,,,10.0,109.0,2.0,,,18.0,538,174
2022,8245,Derrick Deese,derrick deese,TE,671.3,657.2,999.0,999.0,,,,,,,,,,,18.0,539,107
2022,5068,Kerryon Johnson,kerryon johnson,RB,671.3,443.5,667.7,999.0,,,,,,,,,,,18.0,540,130
2022,536,Antonio Brown,antonio brown,WR,674.0,999.0,556.3,585.8,66.0,79.0,53.0,,,26.0,350.0,3.0,,,18.0,541,175
2022,4665,Eli Jenkins,eli jenkins,QB,675.0,272.4,999.0,999.0,,,,,,,,,,,18.0,542,130
2022,5139,Trey Quinn,trey quinn,WR,677.0,999.0,999.0,999.0,,,,,,,,,,,18.0,543,176
2022,8799,Zaire Mitchell-Paden,zaire mitchellpaden,TE,678.3,999.0,999.0,999.0,,,,,,,,,,,18.0,544,108
2022,3178,Josh Doctson,josh doctson,WR,678.3,999.0,999.0,999.0,,,,,,,,,,,18.0,545,177
2022,5374,Justin Watson,justin watson,WR,681.1,999.0,632.0,615.6,18.6,22.1,15.1,,,7.0,91.0,1.0,,,18.0,546,178
2022,8745,Lance McCutcheon,lance mccutcheon,WR,682.5,999.0,485.1,594.3,6.4,8.4,4.4,,,4.0,44.0,,,,18.0,547,179
2022,7589,Ian Book,ian book,QB,683.8,999.0,606.0,376.3,,,,,,,,,,,18.0,548,131
2022,6209,Ishmael Hyman,ishmael hyman,WR,684.7,999.0,999.0,999.0,,,,,,,,,,,18.0,549,180
2022,8241,Anthony Brown,anthony brown,QB,685.9,461.2,326.0,999.0,4.74,4.74,4.74,15.0,,,,,81.0,,18.0,550,132
2022,7558,Whop Philyor,whop philyor,WR,686.0,999.0,999.0,999.0,,,,,,,,,,,18.0,551,181
2022,5403,Peter Pujals,peter pujals,QB,687.0,352.0,999.0,999.0,,,,,,,,,,,18.0,552,133
2022,8539,Seth Green,seth green,TE,688.6,999.0,999.0,999.0,,,,,,,,,,,18.0,553,109
2022,4938,Speedy Noil,speedy noil,WR,689.0,999.0,999.0,999.0,,,,,,,,,,,18.0,554,182
2022,7045,Joshua Kelley,joshua kelley,RB,691.2,999.0,370.6,554.6,30.5,34.0,27.0,162.0,1.0,7.0,48.0,,,,18.0,555,131
2022,8120,Jerrion Ealy,jerrion ealy,RB,692.5,999.0,999.0,999.0,,,,,,,,,,,18.0,556,132
2022,3163,Jared Goff,jared goff,QB,694.6,227.9,230.8,121.1,279.56,279.56,279.56,70.0,1.0,,,,4264.0,29.0,18.0,557,134
2022,5977,Terry Godwin,terry godwin,WR,695.0,999.0,999.0,999.0,,,,,,,,,,,18.0,558,183
2022,2214,Cameron Brate,cameron brate,TE,698.5,230.1,242.8,220.4,87.8,108.3,67.3,,,41.0,433.0,4.0,,,18.0,559,110
2022,6665,Jody Fortson,jody fortson,TE,699.0,999.0,393.0,550.1,17.4,20.9,13.9,,,7.0,79.0,1.0,,,18.0,560,111
2022,4785,Kermit Whitfield,kermit whitfield,WR,700.0,999.0,999.0,999.0,,,,,,,,,,,18.0,561,184
2023,6794,Justin Jefferson,justin jefferson,WR,1.6,1.4,2.8,4.0,288.7,346.7,230.7,33.0,,116.0,1674.0,10.0,,,18.0,1,1
2023,4034,Christian McCaffrey,christian mccaffrey,RB,2.8,2.9,1.4,7.2,309.0,345.0,273.0,1231.0,11.0,72.0,599.0,4.0,,,18.0,2,1
2023,7564,Ja'Marr Chase,jamarr chase,WR,3.4,3.6,6.4,8.3,267.0,319.5,214.5,44.0,,105.0,1501.0,10.0,,,18.0,3,2
2023,4663,Austin Ekeler,austin ekeler,RB,4.3,4.4,3.5,13.0,260.7,302.7,218.7,888.0,8.0,84.0,619.0,4.0,,,18.0,4,2
2023,1466,Travis Kelce,travis kelce,TE,5.1,5.3,4.8,10.1,206.4,252.9,159.9,,,93.0,1119.0,8.0,,,18.0,5,1
2023,3321,Tyreek Hill,tyreek hill,WR,6.8,6.8,8.2,12.1,254.2,305.2,203.2,88.0,,102.0,1424.0,9.0,,,18.0,6,3
2023,9509,Bijan Robinson,bijan robinson,RB,7.8,8.9,5.4,16.5,237.2,259.2,215.2,1178.0,9.0,44.0,334.0,2.0,,,18.0,7,3
2023,4866,Saquon Barkley,saquon barkley,RB,9.0,10.2,8.9,18.0,228.5,253.5,203.5,1103.0,7.0,50.0,392.0,2.0,,,18.0,8,4
2023,4988,Nick Chubb,nick chubb,RB,10.6,11.0,7.1,21.3,,,,,,,,,,,18.0,9,5
2023,2449,Stefon Diggs,stefon diggs,WR,11.4,8.4,12.4,17.6,240.6,294.6,186.6,12.0,,108.0,1334.0,9.0,,,18.0,10,4
2023,5859,A.J. Brown,aj brown,WR,12.5,14.4,14.2,19.6,237.5,281.5,193.5,45.0,,88.0,1350.0,9.0,,,18.0,11,5
2023,3198,Derrick Henry,derrick henry,RB,13.7,16.8,11.3,24.8,230.4,242.9,217.9,1278.0,11.0,25.0,181.0,1.0,,,18.0,12,6
2023,4046,Patrick Mahomes,patrick mahomes,QB,14.6,13.3,13.3,1.2,375.26,375.26,375.26,351.0,3.0,,,,4704.0,37.0,18.0,13,1
2023,6786,CeeDee Lamb,ceedee lamb,WR,15.0,12.9,15.4,20.6,232.7,280.7,184.7,71.0,,96.0,1256.0,9.0,,,18.0,14,6
2023,4039,Cooper Kupp,cooper kupp,WR,16.5,15.5,15.5,21.5,191.7,236.2,147.2,18.0,,89.0,1054.0,7.0,,,18.0,15,7
2023,2133,Davante Adams,davante adams,WR,16.9,15.2,16.2,22.6,240.7,291.7,189.7,5.0,,102.0,1292.0,10.0,,,18.0,16,8
2023,7547,Amon-Ra St. Brown,amonra st brown,WR,17.5,17.7,20.3,26.7,212.9,265.4,160.4,56.0,,105.0,1148.0,7.0,,,18.0,17,9
2023,5850,Josh Jacobs,josh jacobs,RB,17.6,19.2,17.2,30.4,221.5,242.0,201.0,1164.0,8.0,41.0,306.0,1.0,,,18.0,18,7
2023,5967,Tony Pollard,tony pollard,RB,19.6,21.5,19.8,33.0,212.9,237.9,187.9,971.0,7.0,50.0,388.0,2.0,,,18.0,19,8
2023,4984,Josh Allen,josh allen,QB,20.5,20.4,17.7,2.7,373.62,373.62,373.62,599.0,6.0,,,,4193.0,32.0,18.0,20,2
2023,8146,Garrett Wilson,garrett wilson,WR,21.7,17.9,25.9,25.1,201.2,246.7,155.7,45.0,,91.0,1112.0,7.0,,,18.0,21,10
2023,7526,Jaylen Waddle,jaylen waddle,WR,22.3,22.2,24.5,31.5,205.0,246.5,163.5,41.0,,83.0,1194.0,7.0,,,18.0,22,11
2023,6904,Jalen Hurts,jalen hurts,QB,23.2,23.1,21.7,3.8,376.4,376.4,376.4,768.0,11.0,,,,3815.0,23.0,18.0,23,3
2023,7528,Najee Harris,najee harris,RB,24.3,29.3,23.2,39.7,202.9,223.4,182.4,1052.0,7.0,41.0,292.0,1.0,,,18.0,24,9
2023,5012,Mark Andrews,mark andrews,TE,26.0,26.8,26.9,29.6,170.3,207.8,132.8,,,75.0,908.0,7.0,,,18.0,25,2
2023,8144,Chris Olave,chris olave,WR,26.3,24.4,28.1,34.5,196.2,236.7,155.7,5.0,,81.0,1152.0,7.0,,,18.0,26,12
2023,6801,Tee Higgins,tee higgins,WR,28.7,26.3,32.2,35.7,195.1,236.6,153.6,5.0,,83.0,1131.0,7.0,,,18.0,27,13
2023,7543,Travis Etienne,travis etienne,RB,29.4,31.7,26.8,44.5,217.1,235.6,198.6,1178.0,8.0,37.0,288.0,1.0,,,18.0,28,10
2023,7525,DeVonta Smith,devonta smith,WR,30.7,28.3,34.6,37.8,195.7,237.7,153.7,7.0,,84.0,1130.0,7.0,,,18.0,29,14
2023,7611,Rhamondre Stevenson,rhamondre stevenson,RB,31.8,30.7,30.2,38.4,203.6,224.1,183.1,1051.0,7.0,41.0,300.0,1.0,,,18.0,30,11
2023,9221,Jahmyr Gibbs,jahmyr gibbs,RB,32.3,34.3,33.0,43.2,171.6,202.1,141.1,552.0,4.0,61.0,459.0,3.0,,,18.0,31,12
2023,4018,Joe Mixon,joe mixon,RB,33.8,37.5,29.0,53.4,201.7,223.7,179.7,990.0,7.0,44.0,327.0,1.0,,,18.0,32,13
2023,4881,Lamar Jackson,lamar jackson,QB,34.2,33.7,31.3,6.1,356.7,356.7,356.7,969.0,6.0,,,,3670.0,23.0,18.0,33,4
2023,5872,Deebo Samuel,deebo samuel,WR,35.4,38.7,37.1,51.2,188.7,223.7,153.7,205.0,2.0,70.0,932.0,5.0,,,18.0,34,15
2023,5846,DK Metcalf,dk metcalf,WR,35.9,32.7,35.6,42.1,186.8,226.3,147.3,19.0,,79.0,1034.0,7.0,,,18.0,35,16
2023,6770,Joe Burrow,joe burrow,QB,37.7,35.7,35.2,5.2,334.72,334.72,334.72,226.0,3.0,,,,4428.0,33.0,18.0,36,5
2023,4981,Calvin Ridley,calvin ridley,WR,38.1,35.5,41.0,47.9,197.6,238.6,156.6,,,82.0,1146.0,7.0,,,18.0,37,17
2023,8155,Breece Hall,breece hall,RB,39.0,40.0,39.4,40.0,184.4,204.4,164.4,901.0,7.0,40.0,303.0,1.0,,,18.0,38,14
2023,4199,Aaron Jones,aaron jones,RB,40.5,41.9,38.3,56.0,187.6,210.6,164.6,884.0,5.0,46.0,362.0,2.0,,,18.0,39,15
2023,1479,Keenan Allen,keenan allen,WR,41.6,39.9,43.3,48.3,182.2,227.7,136.7,11.0,,91.0,1016.0,6.0,,,18.0,40,18
2023,8151,Kenneth Walker,kenneth walker,RB,42.4,42.7,40.6,52.3,194.8,207.8,181.8,1081.0,8.0,26.0,197.0,1.0,,,18.0,41,16
2023,2309,Amari Cooper,amari cooper,WR,43.2,43.9,44.9,55.6,184.3,223.8,144.8,,,79.0,1048.0,7.0,,,18.0,42,19
2023,6813,Jonathan Taylor,jonathan taylor,RB,43.5,45.5,45.5,60.5,178.3,191.8,164.8,979.0,7.0,27.0,209.0,1.0,,,18.0,43,17
2023,6797,Justin Herbert,justin herbert,QB,44.3,46.0,42.2,8.0,317.26,317.26,317.26,171.0,2.0,,,,4504.0,31.0,18.0,44,6
2023,4217,George Kittle,george kittle,TE,44.7,44.1,44.1,53.3,144.2,175.2,113.2,,,62.0,772.0,6.0,,,18.0,45,3
2023,7591,Justin Fields,justin fields,QB,46.0,44.9,47.8,11.5,310.54,310.54,310.54,827.0,7.0,,,,3271.0,19.0,18.0,46,7
2023,8129,Dameon Pierce,dameon pierce,RB,47.0,49.7,46.0,62.9,201.1,217.6,184.6,1122.0,7.0,33.0,244.0,1.0,,,18.0,47,18
2023,5844,T.J. Hockenson,tj hockenson,TE,48.4,47.5,48.8,44.1,147.9,183.9,111.9,,,72.0,759.0,6.0,,,18.0,48,4
2023,1426,DeAndre Hopkins,deandre hopkins,WR,49.8,48.2,51.4,58.6,177.5,220.5,134.5,,,86.0,1005.0,6.0,,,18.0,49,20
2023,4983,DJ Moore,dj moore,WR,50.9,50.6,52.9,64.9,184.5,223.0,146.0,68.0,,77.0,1032.0,6.0,,,18.0,50,21
2023,6806,J.K. Dobbins,jk dobbins,RB,51.3,56.0,49.9,65.0,,,,,,,,,,,18.0,51,19
2023,6151,Miles Sanders,miles sanders,RB,52.2,53.9,50.2,69.4,182.4,195.9,168.9,1087.0,6.0,27.0,202.0,1.0,,,18.0,52,20
2023,5987,Alexander Mattison,alexander mattison,RB,53.6,58.4,56.6,75.6,178.8,195.8,161.8,901.0,7.0,34.0,257.0,1.0,,,18.0,53,21
2023,5927,Terry McLaurin,terry mclaurin,WR,53.6,51.3,53.9,60.4,182.0,221.0,143.0,31.0,,78.0,1059.0,6.0,,,18.0,54,22
2023,2505,Darren Waller,darren waller,TE,55.0,52.0,55.2,67.6,143.1,176.6,109.6,,,67.0,796.0,5.0,,,18.0,55,5
2023,8112,Drake London,drake london,WR,56.4,55.1,65.3,62.5,182.1,225.6,138.6,,,87.0,1046.0,6.0,,,18.0,56,23
2023,7523,Trevor Lawrence,trevor lawrence,QB,57.4,53.8,57.2,14.0,307.66,307.66,307.66,277.0,3.0,,,,4249.0,28.0,18.0,57,8
2023,6938,Cam Akers,cam akers,RB,58.1,67.5,54.0,73.4,96.4,102.9,89.9,528.0,4.0,13.0,91.0,1.0,,,18.0,58,22
2023,8167,Christian Watson,christian watson,WR,60.3,61.6,62.3,70.0,151.2,180.7,121.7,39.0,,59.0,838.0,6.0,,,18.0,59,24
2023,7553,Kyle Pitts,kyle pitts,TE,61.5,60.6,64.1,59.1,137.1,168.6,105.6,,,63.0,756.0,5.0,,,18.0,60,6
2023,5022,Dallas Goedert,dallas goedert,TE,62.6,59.6,60.4,68.1,138.4,169.4,107.4,,,62.0,714.0,6.0,,,18.0,61,7
2023,4137,James Conner,james conner,RB,62.6,66.4,59.1,78.7,178.2,199.2,157.2,831.0,6.0,42.0,321.0,1.0,,,18.0,62,23
2023,6790,D'Andre Swift,dandre swift,RB,64.5,62.9,62.1,71.2,179.9,196.9,162.9,901.0,6.0,34.0,268.0,2.0,,,18.0,63,24
2023,4037,Chris Godwin,chris godwin,WR,65.9,62.9,71.2,74.7,187.9,233.4,142.4,10.0,,91.0,1074.0,6.0,,,18.0,64,25
2023,6803,Brandon Aiyuk,brandon aiyuk,WR,66.2,65.2,66.9,76.7,176.3,211.3,141.3,39.0,,70.0,974.0,7.0,,,18.0,65,26
2023,4035,Alvin Kamara,alvin kamara,RB,67.8,64.7,58.0,84.8,174.0,197.5,150.5,760.0,4.0,47.0,385.0,2.0,,,18.0,66,25
2023,4068,Mike Williams,mike williams,WR,68.9,71.4,69.3,80.6,174.3,208.3,140.3,7.0,,68.0,996.0,7.0,,,18.0,67,27
2023,2374,Tyler Lockett,tyler lockett,WR,69.1,68.1,71.2,82.6,175.5,211.5,139.5,9.0,,72.0,986.0,7.0,,,18.0,68,28
2023,7588,Javonte Williams,javonte williams,RB,70.7,78.8,68.8,85.5,180.9,198.9,162.9,907.0,7.0,36.0,262.0,1.0,,,18.0,69,26
2023,4029,Dalvin Cook,dalvin cook,RB,71.2,70.9,67.6,80.3,151.9,166.4,137.4,756.0,6.0,29.0,218.0,1.0,,,18.0,70,27
2023,4950,Christian Kirk,christian kirk,WR,71.3,71.7,76.8,79.9,170.2,208.7,131.7,20.0,,77.0,957.0,6.0,,,18.0,71,29
2023,8136,Rachaad White,rachaad white,RB,73.9,77.5,74.3,89.5,172.1,190.1,154.1,849.0,6.0,36.0,272.0,1.0,,,18.0,72,28
2023,2216,Mike Evans,mike evans,WR,74.0,75.4,73.3,92.3,185.5,222.5,148.5,6.0,,74.0,1079.0,7.0,,,18.0,73,30
2023,8205,Isiah Pacheco,isiah pacheco,RB,75.1,73.5,70.6,91.6,166.0,178.5,153.5,882.0,7.0,25.0,193.0,1.0,,,18.0,74,29
2023,6783,Jerry Jeudy,jerry jeudy,WR,76.5,73.5,75.5,66.2,175.0,211.5,138.5,26.0,,73.0,959.0,7.0,,,18.0,75,31
2023,8137,George Pickens,george pickens,WR,76.9,74.4,78.6,96.8,165.2,199.2,131.2,13.0,,68.0,939.0,6.0,,,18.0,76,32
2023,8138,James Cook,james cook,RB,77.3,82.7,77.9,101.0,165.0,184.0,146.0,771.0,6.0,38.0,289.0,1.0,,,18.0,77,30
2023,5892,David Montgomery,david montgomery,RB,78.1,83.2,75.2,97.0,212.7,226.7,198.7,1142.0,10.0,28.0,205.0,1.0,,,18.0,78,31
2023,5848,Marquise Brown,marquise brown,WR,79.3,79.1,83.2,89.3,160.1,198.1,122.1,20.0,,76.0,921.0,5.0,,,18.0,79,33
2023,5937,Diontae Johnson,diontae johnson,WR,80.1,80.4,84.2,94.0,137.6,174.1,101.1,55.0,,73.0,736.0,4.0,,,18.0,80,34
2023,6819,Michael Pittman,michael pittman,WR,80.8,69.3,80.5,77.6,167.9,210.4,125.4,30.0,,85.0,944.0,5.0,,,18.0,81,35
2023,4066,Evan Engram,evan engram,TE,82.6,76.0,79.4,87.7,133.6,166.6,100.6,,,66.0,706.0,5.0,,,18.0,82,8
2023,9756,Jordan Addison,jordan addison,WR,83.5,85.9,86.9,99.0,155.2,190.7,119.7,52.0,,71.0,865.0,5.0,,,18.0,83,36
2023,9488,Jaxon Smith-Njigba,jaxon smithnjigba,WR,84.1,80.9,85.0,83.9,131.4,165.4,97.4,13.0,,68.0,681.0,5.0,,,18.0,84,37
2023,8119,Jahan Dotson,jahan dotson,WR,85.1,90.0,92.0,102.6,160.2,193.2,127.2,,,66.0,932.0,6.0,,,18.0,85,38
2023,4017,Deshaun Watson,deshaun watson,QB,86.8,89.6,80.6,23.7,304.86,304.86,304.86,433.0,4.0,,,,3814.0,25.0,18.0,86,9
2023,6828,AJ Dillon,aj dillon,RB,87.4,93.1,82.2,105.1,167.1,181.1,153.1,849.0,7.0,28.0,202.0,1.0,,,18.0,87,32
2023,7600,Pat Freiermuth,pat freiermuth,TE,88.3,84.9,87.1,95.0,132.9,165.4,100.4,,,65.0,704.0,5.0,,,18.0,88,9
2023,6945,Antonio Gibson,antonio gibson,RB,89.2,98.0,96.4,107.5,136.1,156.1,116.1,497.0,4.0,40.0,304.0,2.0,,,18.0,89,33
2023,4033,David Njoku,david njoku,TE,89.2,86.4,89.1,98.2,134.1,167.1,101.1,,,66.0,711.0,5.0,,,18.0,90,10
2023,3294,Dak Prescott,dak prescott,QB,92.0,88.5,88.7,28.2,307.12,307.12,307.12,260.0,3.0,,,,4078.0,29.0,18.0,91,10
2023,2197,Brandin Cooks,brandin cooks,WR,93.7,97.7,102.0,110.7,150.7,183.7,117.7,12.0,,66.0,885.0,5.0,,,18.0,92,39
2023,6943,Gabe Davis,gabe davis,WR,94.3,101.9,97.7,113.9,146.8,172.8,120.8,13.0,,52.0,795.0,7.0,,,18.0,93,40
2023,6768,Tua Tagovailoa,tua tagovailoa,QB,95.4,92.1,93.7,32.6,311.22,311.22,311.22,117.0,2.0,,,,4363.0,32.0,18.0,94,11
2023,7608,Khalil Herbert,khalil herbert,RB,96.8,106.5,95.1,115.4,146.5,158.0,135.0,829.0,5.0,23.0,181.0,1.0,,,18.0,95,34
2023,9997,Zay Flowers,zay flowers,WR,97.2,100.0,103.1,116.6,137.8,166.3,109.3,44.0,,57.0,749.0,5.0,,,18.0,96,41
2023,9753,Zach Charbonnet,zach charbonnet,RB,98.5,115.9,98.5,112.8,140.0,153.5,126.5,720.0,5.0,27.0,205.0,1.0,,,18.0,97,35
2023,3199,Michael Thomas,michael thomas,WR,99.0,95.6,105.3,114.0,145.3,181.8,108.8,,,73.0,808.0,5.0,,,18.0,98,42
2023,8154,Brian Robinson,brian robinson,RB,100.3,102.7,98.3,120.9,165.5,178.5,152.5,877.0,7.0,26.0,188.0,1.0,,,18.0,99,36
2023,7606,Kadarius Toney,kadarius toney,WR,101.9,98.7,106.1,107.8,131.1,158.1,104.1,80.0,1.0,54.0,621.0,5.0,,,18.0,100,43
2023,9754,Quentin Johnston,quentin johnston,WR,102.8,103.3,109.0,109.6,121.2,146.7,95.7,5.0,,51.0,672.0,5.0,,,18.0,101,44
2023,96,Aaron Rodgers,aaron rodgers,QB,103.3,94.8,94.8,41.3,,,,,,,,,,,18.0,102,12
2023,4149,Jamaal Williams,jamaal williams,RB,105.3,105.8,100.5,123.8,139.9,150.4,129.4,733.0,6.0,21.0,161.0,1.0,,,18.0,103,37
2023,4985,Rashaad Penny,rashaad penny,RB,106.5,116.6,101.6,121.3,91.5,96.0,87.0,503.0,4.0,9.0,67.0,1.0,,,18.0,104,38
2023,4040,JuJu Smith-Schuster,juju smithschuster,WR,107.1,107.0,120.3,118.7,135.2,170.7,99.7,28.0,,71.0,749.0,4.0,,,18.0,105,45
2023,8135,Treylon Burks,treylon burks,WR,107.7,107.2,116.2,104.7,139.8,170.8,108.8,,,62.0,808.0,5.0,,,18.0,106,46
2023,5045,Courtland Sutton,courtland sutton,WR,109.4,118.6,119.2,125.4,140.9,170.4,111.4,,,59.0,834.0,5.0,,,18.0,107,47
2023,9229,Anthony Richardson,anthony richardson,QB,111.6,114.8,107.6,49.1,295.84,295.84,295.84,754.0,6.0,,,,3186.0,19.0,18.0,108,13
2023,4147,Samaje Perine,samaje perine,RB,112.5,123.0,115.1,125.4,133.8,151.8,115.8,612.0,4.0,36.0,266.0,1.0,,,18.0,109,39
2023,2078,Odell Beckham,odell beckham,WR,113.2,109.0,114.6,130.4,131.6,160.6,102.6,12.0,,58.0,714.0,5.0,,,18.0,110,48
2023,10236,Dalton Kincaid,dalton kincaid,TE,114.7,121.4,111.3,127.5,104.6,130.6,78.6,,,52.0,546.0,4.0,,,18.0,111,11
2023,1166,Kirk Cousins,kirk cousins,QB,115.4,112.0,110.2,35.3,290.5,290.5,290.5,97.0,1.0,,,,4395.0,29.0,18.0,112,14
2023,7596,Elijah Moore,elijah moore,WR,117.0,122.3,131.5,124.5,130.2,158.2,102.2,58.0,,56.0,684.0,5.0,,,18.0,113,49
2023,5001,Dalton Schultz,dalton schultz,TE,118.1,113.4,118.0,116.8,106.3,133.3,79.3,,,54.0,553.0,4.0,,,18.0,114,12
2023,7561,Elijah Mitchell,elijah mitchell,RB,119.2,141.0,121.5,140.6,104.6,111.6,97.6,574.0,4.0,14.0,102.0,1.0,,,18.0,115,40
2023,3164,Ezekiel Elliott,ezekiel elliott,RB,120.1,125.2,123.8,143.9,108.8,115.8,101.8,554.0,5.0,14.0,104.0,1.0,,,18.0,116,41
2023,5185,Allen Lazard,allen lazard,WR,122.8,125.3,133.8,134.2,125.1,151.6,98.6,10.0,,53.0,676.0,5.0,,,18.0,117,50
2023,9226,De'Von Achane,devon achane,RB,123.9,133.9,124.5,132.6,106.0,119.0,93.0,506.0,3.0,26.0,204.0,1.0,,,18.0,118,42
2023,8168,Skyy Moore,skyy moore,WR,124.8,131.2,138.8,138.0,140.5,173.0,108.0,61.0,,65.0,719.0,5.0,,,18.0,119,51
2023,7571,Rashod Bateman,rashod bateman,WR,125.2,145.7,151.7,133.6,134.5,163.0,106.0,,,57.0,780.0,5.0,,,18.0,120,52
2023,2161,Jerick McKinnon,jerick mckinnon,RB,125.3,129.9,145.1,134.1,101.4,123.4,79.4,201.0,2.0,44.0,313.0,3.0,,,18.0,121,43
2023,6826,Cole Kmet,cole kmet,TE,127.8,120.5,127.4,122.2,111.3,139.8,82.8,,,57.0,588.0,4.0,,,18.0,122,13
2023,1689,Adam Thielen,adam thielen,WR,128.8,127.2,134.2,141.8,124.9,155.4,94.4,,,61.0,664.0,5.0,,,18.0,123,53
2023,5890,Damien Harris,damien harris,RB,129.8,149.3,125.6,139.0,111.7,120.7,102.7,545.0,5.0,18.0,142.0,1.0,,,18.0,124,44
2023,2749,Raheem Mostert,raheem mostert,RB,130.4,142.1,130.5,152.6,156.2,168.7,143.7,844.0,6.0,25.0,193.0,1.0,,,18.0,125,45
2023,9225,Tank Bigsby,tank bigsby,RB,131.1,140.7,143.6,142.3,98.7,108.2,89.2,475.0,4.0,19.0,137.0,1.0,,,18.0,126,46
2023,1373,Geno Smith,geno smith,QB,133.4,132.5,125.6,50.8,279.98,279.98,279.98,171.0,2.0,,,,3922.0,28.0,18.0,127,15
2023,8148,Jameson Williams,jameson williams,WR,134.4,139.7,149.2,131.5,131.5,154.0,109.0,29.0,1.0,45.0,681.0,5.0,,,18.0,128,54
2023,8132,Tyler Allgeier,tyler allgeier,RB,134.7,154.1,142.3,143.2,127.6,136.6,118.6,714.0,5.0,18.0,132.0,1.0,,,18.0,129,47
2023,8228,Jaylen Warren,jaylen warren,RB,141.9,160.1,141.2,155.5,111.8,128.3,95.3,489.0,3.0,33.0,244.0,1.0,,,18.0,130,48
2023,5870,Daniel Jones,daniel jones,QB,142.9,143.2,139.9,46.0,289.14,289.14,289.14,561.0,4.0,,,,3626.0,21.0,18.0,131,16
2023,8210,Chig Okonkwo,chig okonkwo,TE,147.4,147.1,143.1,128.5,100.3,123.8,76.8,,,47.0,528.0,4.0,,,18.0,132,14
2023,3225,Tyler Boyd,tyler boyd,WR,148.9,146.6,155.4,145.2,133.2,163.2,103.2,16.0,,60.0,736.0,5.0,,,18.0,133,55
2023,10229,Rashee Rice,rashee rice,WR,149.4,150.8,152.2,151.6,121.1,147.6,94.6,,,53.0,646.0,5.0,,,18.0,134,56
2023,3271,Tyler Higbee,tyler higbee,TE,150.2,138.6,150.6,136.4,103.0,129.5,76.5,,,53.0,525.0,4.0,,,18.0,135,15
2023,8121,Romeo Doubs,romeo doubs,WR,152.0,166.6,164.3,152.9,117.8,145.8,89.8,5.0,,56.0,653.0,4.0,,,18.0,136,57
2023,3163,Jared Goff,jared goff,QB,153.0,148.7,148.2,57.3,266.58,266.58,266.58,65.0,1.0,,,,3977.0,28.0,18.0,137,17
2023,5947,Jakobi Meyers,jakobi meyers,WR,154.6,152.9,174.6,150.1,139.5,173.0,106.0,7.0,,67.0,773.0,5.0,,,18.0,138,58
2023,10859,Sam LaPorta,sam laporta,TE,155.1,152.5,161.4,149.3,120.3,148.8,91.8,,,57.0,618.0,5.0,,,18.0,139,16
2023,7090,Darnell Mooney,darnell mooney,WR,157.3,155.1,170.5,156.6,127.3,153.8,100.8,29.0,,53.0,759.0,4.0,,,18.0,140,59
2023,9757,Kendre Miller,kendre miller,RB,158.1,193.6,156.1,158.7,79.0,86.5,71.5,354.0,3.0,15.0,121.0,1.0,,,18.0,141,49
2023,4111,D'Onta Foreman,donta foreman,RB,159.0,175.9,157.1,159.1,64.9,68.9,60.9,387.0,3.0,8.0,62.0,,,,18.0,142,50
2023,8183,Brock Purdy,brock purdy,QB,161.3,158.8,159.9,106.2,272.12,272.12,272.12,162.0,1.0,,,,3998.0,26.0,18.0,143,18
2023,9505,Deuce Vaughn,deuce vaughn,RB,163.8,159.3,160.1,187.2,71.7,83.2,60.2,266.0,2.0,23.0,176.0,1.0,,,18.0,144,51
2023,7567,Kenneth Gainwell,kenneth gainwell,RB,164.8,179.7,184.2,184.1,116.2,130.2,102.2,521.0,4.0,28.0,201.0,1.0,,,18.0,145,52
2023,9497,Jalin Hyatt,jalin hyatt,WR,165.9,163.3,165.8,167.8,114.7,138.7,90.7,10.0,,48.0,657.0,4.0,,,18.0,146,60
2023,7569,Nico Collins,nico collins,WR,166.4,184.6,187.1,164.0,162.7,198.7,126.7,,,72.0,907.0,6.0,,,18.0,147,61
2023,10225,Jonathan Mingo,jonathan mingo,WR,169.4,172.9,175.8,160.3,110.0,136.0,84.0,16.0,,52.0,584.0,4.0,,,18.0,148,62
2023,6130,Devin Singletary,devin singletary,RB,170.7,170.7,169.4,163.4,119.3,134.8,103.8,527.0,4.0,31.0,231.0,1.0,,,18.0,149,53
2023,1234,Russell Wilson,russell wilson,QB,170.9,168.9,163.9,61.8,280.3,280.3,280.3,253.0,3.0,,,,3800.0,25.0,18.0,150,19
2023,10235,Roschon Johnson,roschon johnson,RB,172.9,194.1,173.8,166.5,73.8,82.3,65.3,306.0,3.0,17.0,127.0,1.0,,,18.0,151,54
2023,4098,Kareem Hunt,kareem hunt,RB,173.6,185.8,166.2,196.3,80.9,90.9,70.9,328.0,2.0,20.0,161.0,2.0,,,18.0,152,55
2023,8172,Greg Dulcich,greg dulcich,TE,174.1,170.4,170.6,137.8,90.9,114.9,66.9,,,48.0,489.0,3.0,,,18.0,153,17
2023,4080,Zay Jones,zay jones,WR,175.5,169.3,196.1,165.0,125.6,157.1,94.1,12.0,,63.0,709.0,4.0,,,18.0,154,63
2023,9228,Bryce Young,bryce young,QB,176.0,174.0,176.1,86.6,243.42,243.42,243.42,271.0,2.0,,,,3608.0,20.0,18.0,155,20
2023,4089,Gerald Everett,gerald everett,TE,177.2,173.3,194.6,157.1,97.5,121.5,73.5,,,48.0,495.0,4.0,,,18.0,156,18
2023,9494,Marvin Mims,marvin mims,WR,179.5,182.6,179.3,186.8,119.7,144.7,94.7,13.0,,50.0,694.0,4.0,,,18.0,157,64
2023,9481,Luke Musgrave,luke musgrave,TE,182.1,202.4,182.2,195.6,101.5,127.0,76.0,,,51.0,520.0,4.0,,,18.0,158,19
2023,8160,Kenny Pickett,kenny pickett,QB,184.0,179.9,183.0,100.7,250.98,250.98,250.98,303.0,3.0,,,,3517.0,20.0,18.0,159,21
2023,8140,Justyn Ross,justyn ross,WR,185.6,186.1,221.9,219.5,65.8,79.3,52.3,,,27.0,343.0,3.0,,,18.0,160,65
2023,9508,Tyjae Spears,tyjae spears,RB,186.7,205.8,188.3,188.8,79.9,91.4,68.4,338.0,2.0,23.0,166.0,1.0,,,18.0,161,56
2023,6853,Van Jefferson,van jefferson,WR,187.9,206.3,197.2,199.2,83.2,102.2,64.2,6.0,,38.0,456.0,3.0,,,18.0,162,66
2023,6804,Jordan Love,jordan love,QB,188.7,188.8,168.5,88.6,265.46,265.46,265.46,233.0,3.0,,,,3604.0,23.0,18.0,163,22
2023,9502,Tank Dell,tank dell,WR,188.8,183.8,209.1,215.3,137.8,166.8,108.8,10.0,,58.0,718.0,6.0,,,18.0,164,67
2023,5038,Michael Gallup,michael gallup,WR,192.5,188.4,190.0,185.2,115.6,141.1,90.1,,,51.0,661.0,4.0,,,18.0,165,68
2023,7002,Juwan Johnson,juwan johnson,TE,193.0,195.6,191.0,181.6,92.9,114.4,71.4,,,43.0,474.0,4.0,,,18.0,166,20
2023,7601,Rondale Moore,rondale moore,WR,194.5,176.4,222.7,161.3,115.1,140.6,89.6,177.0,1.0,51.0,499.0,3.0,,,18.0,167,69
2023,2028,Derek Carr,derek carr,QB,195.0,167.3,167.3,71.7,249.08,249.08,249.08,62.0,1.0,,,,3822.0,25.0,18.0,168,23
2023,5849,Kyler Murray,kyler murray,QB,196.1,197.5,200.7,103.3,244.46,244.46,244.46,315.0,3.0,,,,3224.0,20.0,18.0,169,24
2023,9482,Michael Mayer,michael mayer,TE,197.6,191.6,199.2,161.5,94.8,117.3,72.3,,,45.0,483.0,4.0,,,18.0,170,21
2023,7594,Chuba Hubbard,chuba hubbard,RB,197.7,206.2,197.1,197.1,108.8,120.8,96.8,511.0,4.0,24.0,177.0,1.0,,,18.0,171,57
2023,4381,Taysom Hill,taysom hill,TE,199.9,192.1,161.8,210.0,87.44,90.94,83.94,391.0,4.0,7.0,70.0,1.0,121.0,1.0,18.0,172,22
2023,4951,DJ Chark,dj chark,WR,200.5,197.6,219.6,192.2,112.1,135.1,89.1,,,46.0,651.0,4.0,,,18.0,173,70
2023,9224,Chase Brown,chase brown,RB,201.5,215.7,193.6,193.1,76.6,84.1,69.1,353.0,3.0,15.0,118.0,1.0,,,18.0,174,58
2023,6820,Clyde Edwards-Helaire,clyde edwardshelaire,RB,202.5,196.3,195.2,217.5,76.7,84.2,69.2,338.0,3.0,15.0,114.0,1.0,,,18.0,175,59
2023,7551,Deon Jackson,deon jackson,RB,203.3,223.8,202.8,258.6,68.6,79.6,57.6,235.0,2.0,22.0,161.0,1.0,,,18.0,176,60
2023,8110,Jake Ferguson,jake ferguson,TE,206.3,203.3,208.9,214.3,92.4,114.9,69.9,,,45.0,459.0,4.0,,,18.0,177,23
2023,8230,Ty Chandler,ty chandler,RB,209.1,235.6,233.3,233.7,62.9,70.9,54.9,246.0,2.0,16.0,123.0,1.0,,,18.0,178,61
2023,8139,Zamir White,zamir white,RB,210.8,222.7,215.6,220.2,72.9,79.4,66.4,393.0,3.0,13.0,91.0,,,,18.0,179,62
2023,5906,Dawson Knox,dawson knox,TE,211.2,164.6,188.5,183.6,89.4,109.9,68.9,,,41.0,449.0,4.0,,,18.0,180,24
2023,10222,Jayden Reed,jayden reed,WR,212.8,218.0,220.5,213.8,113.4,141.9,84.9,,,57.0,609.0,4.0,,,18.0,181,71
2023,5086,Marquez Valdes-Scantling,marquez valdesscantling,WR,213.1,211.4,210.7,221.7,105.4,124.9,85.9,,,39.0,619.0,4.0,,,18.0,182,72
2023,8142,Alec Pierce,alec pierce,WR,214.0,208.3,224.3,194.5,110.3,133.3,87.3,6.0,,46.0,627.0,4.0,,,18.0,183,73
2023,5248,Gus Edwards,gus edwards,RB,215.0,232.5,201.6,223.4,146.4,153.9,138.9,916.0,6.0,15.0,113.0,,,,18.0,184,63
2023,6824,Donovan Peoples-Jones,donovan peoplesjones,WR,216.0,210.2,242.8,197.0,116.9,139.9,93.9,10.0,,46.0,689.0,4.0,,,18.0,185,74
2023,421,Matthew Stafford,matthew stafford,QB,217.6,209.2,212.0,93.2,274.88,274.88,274.88,64.0,,,,,4362.0,28.0,18.0,186,25
2023,9758,C.J. Stroud,cj stroud,QB,218.6,214.3,215.2,111.8,272.4,272.4,272.4,242.0,3.0,,,,3855.0,24.0,18.0,187,26
2023,7066,K.J. Osborn,kj osborn,WR,219.0,213.3,240.5,191.6,109.7,134.7,84.7,8.0,,50.0,599.0,4.0,,,18.0,188,75
2023,5955,Hunter Renfrow,hunter renfrow,WR,220.0,212.8,224.8,231.9,73.2,92.7,53.7,14.0,,39.0,403.0,2.0,,,18.0,189,76
2023,1535,Cordarrelle Patterson,cordarrelle patterson,RB,221.3,220.0,218.0,239.3,61.8,69.3,54.3,265.0,2.0,15.0,118.0,1.0,,,18.0,190,64
2023,8147,John Metchie,john metchie,WR,222.9,217.8,236.9,200.4,77.3,94.8,59.8,,,35.0,418.0,3.0,,,18.0,191,77
2023,8143,Jerome Ford,jerome ford,RB,223.3,233.6,223.5,215.3,170.2,188.7,151.7,850.0,6.0,37.0,267.0,1.0,,,18.0,192,65
2023,9220,Evan Hull,evan hull,RB,224.3,227.3,226.9,260.4,45.7,52.2,39.2,172.0,1.0,13.0,100.0,1.0,,,18.0,193,66
2023,6845,Zack Moss,zack moss,RB,224.8,233.0,203.2,262.3,78.0,85.5,70.5,403.0,3.0,15.0,122.0,,,,18.0,194,67
2023,7045,Joshua Kelley,joshua kelley,RB,227.0,260.2,229.7,268.3,125.1,136.1,114.1,563.0,6.0,22.0,158.0,1.0,,,18.0,195,68
2023,8162,Sam Howell,sam howell,QB,228.7,228.5,211.6,119.1,250.74,250.74,250.74,267.0,3.0,,,,3551.0,21.0,18.0,196,27
2023,6920,Isaiah Hodgins,isaiah hodgins,WR,229.9,231.0,241.9,227.0,98.0,122.0,74.0,5.0,,48.0,555.0,3.0,,,18.0,197,78
2023,1837,Jimmy Garoppolo,jimmy garoppolo,QB,230.3,229.9,231.5,129.0,223.4,223.4,223.4,22.0,1.0,,,,3655.0,22.0,18.0,198,28
2023,2319,DeVante Parker,devante parker,WR,231.8,245.4,231.7,238.3,113.3,137.3,89.3,,,48.0,653.0,4.0,,,18.0,199,79
2023,1339,Zach Ertz,zach ertz,TE,232.2,215.8,235.1,222.6,98.8,126.3,71.3,,,55.0,533.0,3.0,,,18.0,200,25
2023,6126,Irv Smith,irv smith,TE,233.3,221.4,233.4,188.8,88.4,109.9,66.9,,,43.0,429.0,4.0,,,18.0,201,26
2023,4082,Curtis Samuel,curtis samuel,WR,233.5,219.6,245.4,218.8,116.4,142.9,89.9,117.0,1.0,53.0,542.0,3.0,,,18.0,202,80
2023,3969,Leonard Fournette,leonard fournette,RB,235.0,240.5,242.9,229.6,51.0,55.5,46.5,220.0,2.0,9.0,65.0,1.0,,,18.0,203,69
2023,9512,DeWayne McBride,dewayne mcbride,RB,235.8,256.3,240.8,251.6,27.1,30.1,24.1,136.0,1.0,6.0,45.0,,,,18.0,204,70
2023,8676,Rashid Shaheed,rashid shaheed,WR,236.9,242.3,246.4,212.8,117.1,140.1,94.1,74.0,1.0,46.0,587.0,4.0,,,18.0,205,81
2023,5133,Tyler Conklin,tyler conklin,TE,237.7,236.7,244.3,230.6,85.1,108.1,62.1,,,46.0,441.0,3.0,,,18.0,206,27
2023,9500,Josh Downs,josh downs,WR,238.3,239.6,248.1,226.3,103.6,128.6,78.6,29.0,,50.0,577.0,3.0,,,18.0,207,82
2023,1352,Robert Woods,robert woods,WR,239.6,238.9,485.5,236.1,130.0,163.0,97.0,42.0,,66.0,688.0,4.0,,,18.0,208,83
2023,4973,Hayden Hurst,hayden hurst,TE,240.4,230.6,481.9,209.6,89.8,113.3,66.3,,,47.0,483.0,3.0,,,18.0,209,28
2023,8126,Wan'Dale Robinson,wandale robinson,WR,240.4,251.9,245.4,232.4,81.5,100.0,63.0,29.0,,37.0,421.0,3.0,,,18.0,210,84
2023,9222,Zach Evans,zach evans,RB,241.5,258.4,246.5,246.9,42.4,45.9,38.9,218.0,2.0,7.0,51.0,,,,18.0,211,71
2023,5880,Parris Campbell,parris campbell,WR,241.9,242.7,487.1,228.1,93.5,116.0,71.0,43.0,,45.0,487.0,3.0,,,18.0,212,85
2023,9227,Israel Abanikanda,israel abanikanda,RB,242.1,254.2,247.1,250.5,25.6,27.6,23.6,144.0,1.0,4.0,32.0,,,,18.0,213,72
2023,8130,Trey McBride,trey mcbride,TE,242.3,247.4,247.3,224.6,78.1,98.6,57.6,,,41.0,416.0,3.0,,,18.0,214,29
2023,4993,Mike Gesicki,mike gesicki,TE,242.5,237.9,247.5,211.9,71.8,88.8,54.8,,,34.0,368.0,3.0,,,18.0,215,30
2023,8878,Jared Scott,jared scott,TE,243.0,999.0,999.0,999.0,,,,,,,,,,,18.0,216,31
2023,8131,Isaiah Likely,isaiah likely,TE,244.0,250.0,249.0,237.9,63.9,78.4,49.4,,,29.0,314.0,3.0,,,18.0,217,32
2023,4144,Jonnu Smith,jonnu smith,TE,244.0,999.0,641.5,999.0,28.2,35.2,21.2,,,14.0,152.0,1.0,,,18.0,218,33
2023,8579,Brandon Peters,brandon peters,QB,245.0,999.0,999.0,626.2,,,,,,,,,,,18.0,219,29
2023,6371,Drew Anderson,drew anderson,QB,246.0,278.1,999.0,999.0,,,,,,,,,,,18.0,220,30
2023,2560,Zach Zenner,zach zenner,RB,247.0,999.0,999.0,999.0,,,,,,,,,,,18.0,221,73
2023,8581,Trevon Bradford,trevon bradford,WR,248.0,572.5,999.0,999.0,,,,,,,,,,,18.0,222,86
2023,9493,Puka Nacua,puka nacua,WR,248.5,257.8,253.5,266.5,185.9,229.4,142.4,,,87.0,1004.0,7.0,,,18.0,223,87
2023,8570,Derek Wright,derek wright,WR,249.0,354.3,999.0,999.0,,,,,,,,,,,18.0,224,88
2023,7926,Carl Tucker,carl tucker,TE,250.7,999.0,999.0,999.0,,,,,,,,,,,18.0,225,34
2023,7703,Jacob Harris,jacob harris,WR,251.0,999.0,999.0,999.0,,,,,,,,,,,18.0,226,89
2023,10232,Michael Wilson,michael wilson,WR,251.0,259.5,256.0,263.4,82.2,100.7,63.7,,,37.0,457.0,3.0,,,18.0,227,90
2023,1049,Ryan Tannehill,ryan tannehill,QB,252.0,251.2,257.0,148.4,234.54,234.54,234.54,181.0,2.0,,,,3361.0,21.0,18.0,228,31
2023,8212,Dustin Crum,dustin crum,QB,252.0,596.8,999.0,999.0,,,,,,,,,,,18.0,229,32
2023,8549,Trevon Clark,trevon clark,WR,253.0,999.0,999.0,999.0,,,,,,,,,,,18.0,230,91
2023,8439,Demetris Robertson,demetris robertson,WR,254.0,481.8,999.0,999.0,,,,,,,,,,,18.0,231,92
2023,7607,Michael Carter,michael carter,RB,254.6,260.8,259.6,278.1,47.7,55.2,40.2,169.0,1.0,15.0,113.0,1.0,,,18.0,232,74
2023,8559,Josh Babicz,josh babicz,TE,255.0,999.0,999.0,999.0,,,,,,,,,,,18.0,233,35
2023,4892,Baker Mayfield,baker mayfield,QB,255.1,255.6,260.1,154.7,240.22,240.22,240.22,151.0,2.0,,,,3453.0,23.0,18.0,234,33
2023,8523,Nick Muse,nick muse,TE,256.0,999.0,999.0,346.0,,,,,,,,,,,18.0,235,36
2023,8159,Desmond Ridder,desmond ridder,QB,256.9,253.0,261.9,147.0,228.16,228.16,228.16,304.0,3.0,,,,3019.0,19.0,18.0,236,34
2023,8221,Keaontay Ingram,keaontay ingram,RB,258.1,254.0,263.1,269.5,70.2,77.2,63.2,350.0,2.0,14.0,102.0,1.0,,,18.0,237,75
2023,11522,Jerome Kapp,jerome kapp,WR,258.5,999.0,999.0,619.5,,,,,,,,,,,18.0,238,93
2023,5236,Kyle Lewis,kyle lewis,WR,259.0,999.0,999.0,999.0,,,,,,,,,,,18.0,239,94
2023,8219,Jelani Woods,jelani woods,TE,259.1,268.8,264.1,249.6,43.4,53.4,33.4,,,20.0,214.0,2.0,,,18.0,240,37
2023,4551,Tanner Gentry,tanner gentry,WR,260.0,408.5,999.0,687.0,,,,,,,,,,,18.0,241,95
2023,7527,Mac Jones,mac jones,QB,260.4,244.8,265.4,146.9,239.58,239.58,239.58,141.0,1.0,,,,3637.0,23.0,18.0,242,35
2023,8134,Khalil Shakir,khalil shakir,WR,260.8,264.5,265.8,248.1,79.3,96.8,61.8,9.0,,35.0,429.0,3.0,,,18.0,243,96
2023,7854,Miller Forristall,miller forristall,TE,261.0,999.0,999.0,999.0,,,,,,,,,,,18.0,244,38
2023,1793,Trey Burton,trey burton,TE,262.3,999.0,999.0,539.1,,,,,,,,,,,18.0,245,39
2023,7610,Trey Lance,trey lance,QB,262.6,262.2,267.6,182.4,20.74,20.74,20.74,39.0,1.0,,,,196.0,1.0,18.0,246,36
2023,8111,Cade Otton,cade otton,TE,263.2,265.0,268.2,242.7,94.1,118.1,70.1,,,48.0,521.0,3.0,,,18.0,247,40
2023,7008,Brian Lewerke,brian lewerke,QB,263.5,999.0,999.0,999.0,,,,,,,,,,,18.0,248,37
2023,5128,Logan Woodside,logan woodside,QB,264.0,999.0,999.0,999.0,,,,,,,,,,,18.0,249,38
2023,5857,Noah Fant,noah fant,TE,264.5,248.0,269.5,233.5,76.1,93.1,59.1,,,34.0,411.0,3.0,,,18.0,250,41
2023,5570,Chad Beebe,chad beebe,WR,265.0,999.0,999.0,999.0,,,,,,,,,,,18.0,251,97
2023,1992,Allen Robinson,allen robinson,WR,265.7,266.4,270.7,281.2,81.8,101.8,61.8,,,40.0,438.0,3.0,,,18.0,252,98
2023,8188,Tyquan Thornton,tyquan thornton,WR,266.4,267.7,271.4,284.3,50.0,60.5,39.5,5.0,,21.0,270.0,2.0,,,18.0,253,99
2023,4520,Travin Dural,travin dural,WR,266.5,999.0,999.0,999.0,,,,,,,,,,,18.0,254,100
2023,5809,Ja'Quan Gardner,jaquan gardner,RB,267.0,999.0,999.0,999.0,,,,,,,,,,,18.0,255,76
2023,5068,Kerryon Johnson,kerryon johnson,RB,268.0,999.0,999.0,499.4,,,,,,,,,,,18.0,256,77
2023,8116,Pierre Strong,pierre strong,RB,268.6,269.0,273.6,286.0,74.6,84.6,64.6,344.0,2.0,20.0,142.0,1.0,,,18.0,257,78
2023,7951,B.J. Emmons,bj emmons,RB,269.0,488.8,999.0,999.0,,,,,,,,,,,18.0,258,79
2023,7565,Terrace Marshall,terrace marshall,WR,269.7,269.3,274.7,282.5,70.8,85.3,56.3,,,29.0,383.0,3.0,,,18.0,259,101
2023,8437,Thomas Hennigan,thomas hennigan,WR,270.0,999.0,999.0,999.0,,,,,,,,,,,18.0,260,102
2023,7401,Khalil Tate,khalil tate,WR,271.0,999.0,999.0,999.0,,,,,,,,,,,18.0,261,103
2023,7407,Isaiah Wright,isaiah wright,WR,272.0,999.0,999.0,999.0,,,,,,,,,,,18.0,262,104
2023,6453,D.J. Montgomery,dj montgomery,WR,273.8,660.6,999.0,999.0,7.9,11.9,3.9,,,8.0,39.0,,,,18.0,263,105
2023,6462,Ellis Richardson,ellis richardson,TE,274.3,999.0,999.0,999.0,,,,,,,,,,,18.0,264,42
2023,8891,Ryan McDaniel,ryan mcdaniel,WR,275.7,999.0,999.0,999.0,,,,,,,,,,,18.0,265,106
2023,538,Emmanuel Sanders,emmanuel sanders,WR,277.0,999.0,999.0,999.0,,,,,,,,,,,18.0,266,107
2023,3594,Peyton Barber,peyton barber,RB,278.2,999.0,999.0,538.9,,,,,,,,,,,18.0,267,80
2023,7865,Brandon Smith,brandon smith,WR,278.5,999.0,999.0,999.0,,,,,,,,,,,18.0,268,108
2023,5107,Jaylen Samuels,jaylen samuels,RB,280.0,402.8,999.0,393.5,,,,,,,,,,,18.0,269,81
2023,1777,Josh Hill,josh hill,TE,283.4,284.5,999.0,403.3,,,,,,,,,,,18.0,270,43
2023,11237,Jacob Saylors,jacob saylors,RB,284.5,373.6,999.0,661.0,,,,,,,,,,,18.0,271,82
2023,7335,Bryce Perkins,bryce perkins,QB,285.0,999.0,999.0,999.0,,,,,,,,,,,18.0,272,39
2023,6778,Chris Streveler,chris streveler,QB,287.5,999.0,999.0,999.0,,,,,,,,,,,18.0,273,40
2023,6763,Reggie Begelton,reggie begelton,WR,288.0,999.0,999.0,999.0,,,,,,,,,,,18.0,274,109
2023,7218,Cam Sutton,cam sutton,TE,289.5,575.5,999.0,999.0,,,,,,,,,,,18.0,275,44
2023,5246,Jake Roh,jake roh,TE,290.0,999.0,999.0,999.0,,,,,,,,,,,18.0,276,45
2023,7741,Caleb Huntley,caleb huntley,RB,291.0,999.0,999.0,653.5,6.4,7.4,5.4,42.0,,2.0,12.0,,,,18.0,277,83
2023,1718,Derek Carrier,derek carrier,TE,292.5,999.0,999.0,999.0,,,,,,,,,,,18.0,278,46
2023,8858,Keshunn Abram,keshunn abram,WR,293.0,563.7,999.0,999.0,,,,,,,,,,,18.0,279,110
2023,7464,Connor Slomka,connor slomka,RB,294.5,999.0,999.0,999.0,,,,,,,,,,,18.0,280,84
2023,8694,Henry Litwin,henry litwin,WR,296.5,245.0,999.0,999.0,,,,,,,,,,,18.0,281,111
2023,2755,Eric Tomlinson,eric tomlinson,TE,299.0,999.0,999.0,999.0,,,,,,,,,,,18.0,282,47
2023,5120,Danny Etling,danny etling,QB,300.3,272.8,999.0,999.0,,,,,,,,,,,18.0,283,41
2023,1555,Kenny Stills,kenny stills,WR,301.4,999.0,999.0,634.5,,,,,,,,,,,18.0,284,112
2023,2487,Geremy Davis,geremy davis,WR,302.7,999.0,999.0,999.0,,,,,,,,,,,18.0,285,113
2023,8177,Grant Calcaterra,grant calcaterra,TE,303.7,589.9,999.0,999.0,,,,,,,,,,,18.0,286,48
2023,8757,Rodney Williams,rodney williams,TE,305.0,999.0,999.0,999.0,,,,,,,,,,,18.0,287,49
2023,7203,Antonio Williams,antonio williams,RB,306.0,999.0,999.0,999.0,,,,,,,,,,,18.0,288,85
2023,7378,Kyle Markway,kyle markway,TE,308.0,999.0,999.0,395.4,,,,,,,,,,,18.0,289,50
2023,8057,Kenji Bahar,kenji bahar,QB,309.3,999.0,999.0,347.0,,,,,,,,,,,18.0,290,42
2023,7848,Scooter Harrington,scooter harrington,TE,310.5,332.3,999.0,999.0,,,,,,,,,,,18.0,291,51
2023,11216,Holton Ahlers,holton ahlers,QB,311.8,999.0,999.0,999.0,,,,,,,,,,,18.0,292,43
2023,7437,Kyle Williams,kyle williams,WR,313.0,999.0,999.0,365.0,,,,,,,,,,,18.0,293,114
2023,4588,Kyle Sloter,kyle sloter,QB,314.0,999.0,299.0,999.0,,,,,,,,,,,18.0,294,44
2023,7084,Jake Luton,jake luton,QB,314.5,999.0,297.0,999.0,,,,,,,,,,,18.0,295,45
2023,6588,Tom Kennedy,tom kennedy,WR,316.5,999.0,999.0,999.0,,,,,,,,,,,18.0,296,115
2023,8184,D'Vonte Price,dvonte price,RB,317.8,999.0,999.0,999.0,,,,,,,,,,,18.0,297,86
2023,6596,Jalan McClendon,jalan mcclendon,QB,319.0,999.0,999.0,999.0,,,,,,,,,,,18.0,298,46
2023,5427,LaQuvionte Gonzalez,laquvionte gonzalez,WR,320.7,999.0,999.0,999.0,,,,,,,,,,,18.0,299,116
2023,2229,Garrett Gilbert,garrett gilbert,QB,322.3,646.7,999.0,999.0,,,,,,,,,,,18.0,300,47
2023,4895,Lamar Atkins,lamar atkins,WR,323.2,359.9,999.0,412.0,,,,,,,,,,,18.0,301,117
2023,6021,Nick Brossette,nick brossette,RB,323.3,999.0,999.0,492.1,,,,,,,,,,,18.0,302,87
2023,8090,Daniel Crawford,daniel crawford,TE,325.0,999.0,999.0,669.1,,,,,,,,,,,18.0,303,52
2023,1619,Demetrius Harris,demetrius harris,TE,326.0,999.0,999.0,999.0,,,,,,,,,,,18.0,304,53
2023,8409,Tyler Snead,tyler snead,WR,327.0,999.0,999.0,999.0,,,,,,,,,,,18.0,305,118
2023,6539,Devontae Jackson,devontae jackson,RB,329.6,653.9,999.0,387.0,,,,,,,,,,,18.0,306,88
2023,3652,Mike Thomas,mike thomas,WR,330.9,999.0,999.0,692.7,,,,,,,,,,,18.0,307,119
2023,8699,Cyrus Holder,cyrus holder,WR,331.0,999.0,999.0,437.6,,,,,,,,,,,18.0,308,120
2023,1601,Spencer Ware,spencer ware,RB,332.0,999.0,999.0,999.0,,,,,,,,,,,18.0,309,89
2023,902,Dwayne Harris,dwayne harris,WR,333.0,999.0,999.0,999.0,,,,,,,,,,,18.0,310,121
2023,7082,Dalton Keene,dalton keene,TE,335.0,554.2,999.0,999.0,,,,,,,,,,,18.0,311,54
2023,5974,Trace McSorley,trace mcsorley,QB,336.5,999.0,999.0,999.0,,,,,,,,,,,18.0,312,48
2023,7397,Parker Houston,parker houston,TE,338.0,999.0,999.0,999.0,,,,,,,,,,,18.0,313,55
2023,7735,Cary Angeline,cary angeline,TE,341.0,999.0,999.0,999.0,,,,,,,,,,,18.0,314,56
2023,7943,Zach Davidson,zach davidson,TE,342.0,999.0,999.0,566.5,,,,,,,,,,,18.0,315,57
2023,2394,Sean Mannion,sean mannion,QB,343.3,539.4,999.0,999.0,,,,,,,,,,,18.0,316,49
2023,6203,Valentine Holmes,valentine holmes,RB,344.0,999.0,999.0,999.0,,,,,,,,,,,18.0,317,90
2023,7860,Osirus Mitchell,osirus mitchell,WR,345.0,625.1,999.0,999.0,,,,,,,,,,,18.0,318,122
2023,7532,Rakeem Boyd,rakeem boyd,RB,346.0,999.0,999.0,999.0,,,,,,,,,,,18.0,319,91
2023,5984,Anthony Ratliff-Williams,anthony ratliffwilliams,WR,347.0,999.0,999.0,999.0,,,,,,,,,,,18.0,320,123
2023,11447,Kris Leach,kris leach,TE,348.3,999.0,999.0,534.3,,,,,,,,,,,18.0,321,58
2023,2430,Javorius Allen,javorius allen,RB,349.4,999.0,999.0,999.0,,,,,,,,,,,18.0,322,92
2023,6450,David Blough,david blough,QB,350.8,999.0,999.0,999.0,,,,,,,,,,,18.0,323,50
2023,1500,Jordan Reed,jordan reed,TE,350.8,617.0,999.0,999.0,,,,,,,,,,,18.0,324,59
2023,8241,Anthony Brown,anthony brown,QB,353.8,598.0,999.0,999.0,,,,,,,,,,,18.0,325,51
2023,5171,Kevin Rader,kevin rader,TE,354.0,483.9,999.0,999.0,,,,,,,,,,,18.0,326,60
2023,3695,J.P. Holtz,jp holtz,TE,355.0,999.0,999.0,999.0,,,,,,,,,,,18.0,327,61
2023,4085,Adam Shaheen,adam shaheen,TE,356.0,999.0,999.0,999.0,,,,,,,,,,,18.0,328,62
2023,5170,Phillip Lindsay,phillip lindsay,RB,357.5,999.0,999.0,370.8,,,,,,,,,,,18.0,329,93
2023,3357,Brandon Allen,brandon allen,QB,358.0,999.0,999.0,999.0,,,,,,,,,,,18.0,330,52
2023,7376,Case Cookus,case cookus,QB,359.2,999.0,999.0,999.0,,,,,,,,,,,18.0,331,53
2023,5245,Troy Mangen,troy mangen,TE,359.5,999.0,999.0,999.0,,,,,,,,,,,18.0,332,63
2023,6468,Matthew Eaton,matthew eaton,WR,361.7,999.0,999.0,999.0,,,,,,,,,,,18.0,333,124
2023,6427,Ashton Dulin,ashton dulin,WR,363.0,999.0,999.0,999.0,,,,,,,,,,,18.0,334,125
2023,5590,Jordan Smallwood,jordan smallwood,WR,364.3,999.0,999.0,999.0,,,,,,,,,,,18.0,335,126
2023,8213,Dai'Jean Dixon,daijean dixon,WR,366.5,999.0,999.0,999.0,,,,,,,,,,,18.0,336,127
2023,5403,Peter Pujals,peter pujals,QB,367.0,633.4,999.0,999.0,,,,,,,,,,,18.0,337,54
2023,5134,Keith Kirkwood,keith kirkwood,WR,368.0,999.0,999.0,999.0,3.2,4.7,1.7,,,3.0,17.0,,,,18.0,338,128
2023,8410,Jequez Ezzard,jequez ezzard,WR,369.0,999.0,999.0,999.0,,,,,,,,,,,18.0,339,129
2023,7368,Sean Riley,sean riley,WR,370.0,999.0,999.0,999.0,,,,,,,,,,,18.0,340,130
2023,6374,Drew Belcher,drew belcher,TE,371.0,999.0,999.0,999.0,,,,,,,,,,,18.0,341,64
2023,6762,Darion Clark,darion clark,TE,373.0,999.0,999.0,999.0,,,,,,,,,,,18.0,342,65
2023,5276,Tyler Hoppes,tyler hoppes,TE,374.7,999.0,999.0,999.0,,,,,,,,,,,18.0,343,66
2023,7157,Josh Love,josh love,QB,375.3,999.0,999.0,484.7,,,,,,,,,,,18.0,344,55
2023,5889,Bryce Love,bryce love,RB,376.5,999.0,999.0,999.0,,,,,,,,,,,18.0,345,94
2023,2342,Devin Smith,devin smith,WR,378.0,999.0,999.0,599.8,,,,,,,,,,,18.0,346,131
2023,5260,Vyncint Smith,vyncint smith,WR,379.0,999.0,999.0,999.0,,,,,,,,,,,18.0,347,132
2023,7733,Josh Pederson,josh pederson,TE,380.0,612.0,999.0,999.0,,,,,,,,,,,18.0,348,67
2023,8243,DeAndre Torrey,deandre torrey,RB,381.6,999.0,999.0,999.0,,,,,,,,,,,18.0,349,95
2023,8749,Tyreik McAllister,tyreik mcallister,RB,382.7,999.0,999.0,587.0,,,,,,,,,,,18.0,350,96
2023,6993,Dominick Wood-Anderson,dominick woodanderson,TE,383.0,999.0,999.0,606.6,,,,,,,,,,,18.0,351,68
2023,963,Luke Stocker,luke stocker,TE,384.0,999.0,999.0,467.9,,,,,,,,,,,18.0,352,69
2023,7581,Kellen Mond,kellen mond,QB,385.0,999.0,999.0,999.0,1.4,1.4,1.4,,,,,,35.0,,18.0,353,56
2023,1678,Uzoma Nwachukwu,uzoma nwachukwu,WR,386.4,651.4,999.0,999.0,,,,,,,,,,,18.0,354,133
2023,1800,Jordan Matthews,jordan matthews,TE,386.5,296.9,999.0,999.0,,,,,,,,,,,18.0,355,70
2023,7438,Kristian Wilkerson,kristian wilkerson,WR,388.0,999.0,999.0,999.0,8.3,10.8,5.8,,,5.0,58.0,,,,18.0,356,134
2023,490,Chase Daniel,chase daniel,QB,389.0,573.9,999.0,348.0,,,,,,,,,,,18.0,357,57
2023,7946,Jack Stoll,jack stoll,TE,390.2,999.0,999.0,999.0,5.9,7.9,3.9,,,4.0,39.0,,,,18.0,358,71
2023,8431,Chase Garbers,chase garbers,QB,392.8,999.0,999.0,999.0,,,,,,,,,,,18.0,359,58
2023,7396,Devin Phelps,devin phelps,WR,394.7,999.0,999.0,999.0,,,,,,,,,,,18.0,360,135
2023,8756,Brandon Johnson,brandon johnson,WR,395.7,999.0,439.0,999.0,24.6,30.1,19.1,,,11.0,131.0,1.0,,,18.0,361,136
2023,11306,Xavier Gipson,xavier gipson,WR,395.8,377.4,999.0,660.8,12.0,16.5,7.5,43.0,,9.0,72.0,,,,18.0,362,137
2023,964,Lance Kendricks,lance kendricks,TE,398.0,419.3,999.0,449.0,,,,,,,,,,,18.0,363,72
2023,5167,Dalton Sturm,dalton sturm,QB,399.0,260.4,999.0,999.0,,,,,,,,,,,18.0,364,59
2023,1603,Luke Willson,luke willson,TE,401.0,999.0,999.0,999.0,,,,,,,,,,,18.0,365,73
2023,7935,Eli Stove,eli stove,WR,404.7,999.0,999.0,999.0,,,,,,,,,,,18.0,366,138
2023,5261,Jester Weah,jester weah,WR,405.0,999.0,999.0,999.0,,,,,,,,,,,18.0,367,139
2023,6822,Jake Fromm,jake fromm,QB,406.3,999.0,999.0,999.0,,,,,,,,,,,18.0,368,60
2023,8182,Chase Allen,chase allen,TE,407.5,515.2,999.0,512.5,,,,,,,,,,,18.0,369,74
2023,5131,Justin Jackson,justin jackson,RB,408.0,999.0,999.0,999.0,4.2,5.2,3.2,21.0,,2.0,11.0,,,,18.0,370,97
2023,8924,Thomas Odukoya,thomas odukoya,TE,409.1,999.0,999.0,999.0,,,,,,,,,,,18.0,371,75
2023,11371,Julian Hill,julian hill,TE,410.5,999.0,999.0,999.0,9.3,12.8,5.8,,,7.0,58.0,,,,18.0,372,76
2023,4931,Austin Appleby,austin appleby,QB,411.0,271.7,999.0,607.0,,,,,,,,,,,18.0,373,61
2023,6951,Eno Benjamin,eno benjamin,RB,412.9,655.2,999.0,999.0,22.3,24.8,19.8,106.0,1.0,5.0,32.0,,,,18.0,374,98
2023,4314,Johnny Mundt,johnny mundt,TE,413.0,999.0,999.0,999.0,5.9,7.9,3.9,,,4.0,39.0,,,,18.0,375,77
2023,8008,Josh Imatorbhebhe,josh imatorbhebhe,WR,413.9,999.0,999.0,999.0,,,,,,,,,,,18.0,376,140
2023,663,Benjamin Watson,benjamin watson,TE,415.0,322.9,281.0,999.0,,,,,,,,,,,18.0,377,78
2023,11506,Jalen Cropper,jalen cropper,WR,416.5,599.8,999.0,999.0,4.7,6.2,3.2,,,3.0,32.0,,,,18.0,378,141
2023,5709,Luis Perez,luis perez,QB,417.7,323.0,999.0,999.0,,,,,,,,,,,18.0,379,62
2023,5112,Bo Scarbrough,bo scarbrough,RB,418.8,999.0,999.0,546.4,,,,,,,,,,,18.0,380,99
2023,11378,Jordan Mims,jordan mims,RB,419.9,999.0,999.0,999.0,,,,,,,,,,,18.0,381,100
2023,1388,Tyler Eifert,tyler eifert,TE,420.0,999.0,999.0,999.0,,,,,,,,,,,18.0,382,79
2023,7915,Landen Akers,landen akers,WR,421.6,999.0,999.0,999.0,,,,,,,,,,,18.0,383,142
2023,7582,Jhamon Ausbon,jhamon ausbon,WR,422.2,999.0,999.0,999.0,,,,,,,,,,,18.0,384,143
2023,6798,Jalen Reagor,jalen reagor,WR,422.7,999.0,426.0,999.0,24.3,29.3,19.3,20.0,,10.0,113.0,1.0,,,18.0,385,144
2023,6169,James Williams,james williams,RB,424.5,413.9,999.0,999.0,,,,,,,,,,,18.0,386,101
2023,6259,Darnell Holland,darnell holland,RB,425.0,526.8,999.0,999.0,,,,,,,,,,,18.0,387,102
2023,7395,Rashad Medaris,rashad medaris,WR,426.0,999.0,999.0,999.0,,,,,,,,,,,18.0,388,145
2023,7941,Nick Ralston,nick ralston,RB,428.0,512.0,999.0,999.0,,,,,,,,,,,18.0,389,103
2023,8813,Anthony Turner,anthony turner,WR,429.5,999.0,999.0,999.0,,,,,,,,,,,18.0,390,146
2023,8881,Willie Johnson,willie johnson,WR,430.8,406.2,999.0,999.0,,,,,,,,,,,18.0,391,147
2023,1346,Marquise Goodwin,marquise goodwin,WR,433.1,999.0,999.0,999.0,25.9,30.9,20.9,4.0,,10.0,145.0,1.0,,,18.0,392,148
2023,7288,Ben Ellefson,ben ellefson,TE,434.3,520.1,999.0,397.5,,,,,,,,,,,18.0,393,80
2023,2412,Justin Hardy,justin hardy,WR,435.8,999.0,999.0,999.0,,,,,,,,,,,18.0,394,149
2023,7545,Marlon Williams,marlon williams,WR,436.2,999.0,999.0,999.0,,,,,,,,,,,18.0,395,150
2023,4779,Bra'Lon Cherry,bralon cherry,WR,438.0,999.0,999.0,999.0,,,,,,,,,,,18.0,396,151
2023,6037,Brett Rypien,brett rypien,QB,439.3,999.0,999.0,999.0,12.28,12.28,12.28,2.0,,,,,227.0,1.0,18.0,397,63
2023,7530,Frank Darby,frank darby,WR,440.0,999.0,999.0,999.0,,,,,,,,,,,18.0,398,152
2023,6540,DeAndre Thompkins,deandre thompkins,WR,441.0,999.0,999.0,999.0,,,,,,,,,,,18.0,399,153
2023,5024,James Washington,james washington,WR,442.3,999.0,999.0,999.0,9.4,11.9,6.9,,,5.0,69.0,,,,18.0,400,154
2023,6662,Parker Hesse,parker hesse,TE,443.3,458.8,999.0,999.0,22.6,28.1,17.1,,,11.0,111.0,1.0,,,18.0,401,81
2023,8428,Zander Horvath,zander horvath,RB,444.0,999.0,999.0,999.0,,,,,,,,,,,18.0,402,104
2023,11504,Jose Barbon,jose barbon,WR,445.1,999.0,999.0,999.0,,,,,,,,,,,18.0,403,155
2023,7081,James Morgan,james morgan,QB,446.3,999.0,999.0,999.0,,,,,,,,,,,18.0,404,64
2023,7539,Gerrid Doaks,gerrid doaks,RB,447.3,999.0,999.0,999.0,,,,,,,,,,,18.0,405,105
2023,4747,Stevie Donatell,stevie donatell,TE,448.5,420.3,999.0,999.0,,,,,,,,,,,18.0,406,82
2023,11256,Tyson Bagent,tyson bagent,QB,449.8,999.0,999.0,529.0,12.06,12.06,12.06,15.0,,,,,189.0,1.0,18.0,407,65
2023,6380,Davion Davis,davion davis,WR,450.0,999.0,999.0,999.0,,,,,,,,,,,18.0,408,156
2023,6755,Tavonn Salter,tavonn salter,WR,451.0,999.0,999.0,999.0,,,,,,,,,,,18.0,409,157
2023,11370,Chris Brooks,chris brooks,RB,452.6,579.8,344.0,503.5,17.9,19.4,16.4,82.0,1.0,3.0,22.0,,,,18.0,410,106
2023,3239,Bronson Kaufusi,bronson kaufusi,TE,453.7,999.0,999.0,999.0,,,,,,,,,,,18.0,411,83
2023,7862,T.J. Vasher,tj vasher,WR,454.8,999.0,999.0,999.0,,,,,,,,,,,18.0,412,158
2023,7038,Darius Anderson,darius anderson,RB,455.3,999.0,999.0,999.0,,,,,,,,,,,18.0,413,107
2023,1244,Josh Gordon,josh gordon,WR,456.4,999.0,999.0,452.9,,,,,,,,,,,18.0,414,159
2023,8242,Shermari Jones,shermari jones,RB,457.7,377.5,999.0,999.0,,,,,,,,,,,18.0,415,108
2023,8861,Irv Charles,irv charles,WR,458.0,539.5,999.0,514.3,,,,,,,,,,,18.0,416,160
2023,6964,Sean McKeon,sean mckeon,TE,459.0,999.0,999.0,353.5,,,,,,,,,,,18.0,417,84
2023,3664,J.D. McKissic,jd mckissic,RB,460.1,999.0,999.0,999.0,13.8,18.3,9.3,33.0,,9.0,60.0,,,,18.0,418,109
2023,6973,J.J. Taylor,jj taylor,RB,461.5,999.0,999.0,999.0,17.4,18.9,15.9,77.0,1.0,3.0,22.0,,,,18.0,419,110
2023,8240,BJ Baylor,bj baylor,RB,462.5,530.9,999.0,999.0,,,,,,,,,,,18.0,420,111
2023,4972,Mason Rudolph,mason rudolph,QB,463.8,999.0,999.0,999.0,10.66,10.66,10.66,15.0,,,,,154.0,1.0,18.0,421,66
2023,11502,Brian Cobbs,brian cobbs,WR,464.0,999.0,999.0,999.0,,,,,,,,,,,18.0,422,161
2023,7481,Chase Harrell,chase harrell,TE,465.0,999.0,999.0,999.0,,,,,,,,,,,18.0,423,85
2023,8849,Tanner Conner,tanner conner,TE,466.5,999.0,999.0,999.0,,,,,,,,,,,18.0,424,86
2023,5863,J.J. Arcega-Whiteside,jj arcegawhiteside,WR,467.0,999.0,999.0,999.0,,,,,,,,,,,18.0,425,162
2023,7404,Noah Togiai,noah togiai,TE,468.0,999.0,999.0,999.0,,,,,,,,,,,18.0,426,87
2023,4128,Chad Williams,chad williams,WR,469.0,999.0,999.0,999.0,,,,,,,,,,,18.0,427,163
2023,4623,Tim Cook,tim cook,RB,470.5,430.3,999.0,999.0,,,,,,,,,,,18.0,428,112
2023,5980,Myles Gaskin,myles gaskin,RB,471.9,614.4,337.1,426.8,65.2,74.7,55.7,296.0,2.0,19.0,141.0,,,,18.0,429,113
2023,1567,Tavon Austin,tavon austin,WR,472.6,999.0,999.0,583.6,,,,,,,,,,,18.0,430,164
2023,7475,Napoleon Maxwell,napoleon maxwell,RB,473.0,321.5,999.0,999.0,,,,,,,,,,,18.0,431,114
2023,8058,Nate McCrary,nate mccrary,RB,474.3,999.0,999.0,999.0,,,,,,,,,,,18.0,432,115
2023,1502,Chris Thompson,chris thompson,RB,475.3,999.0,999.0,999.0,,,,,,,,,,,18.0,433,116
2023,7897,Roland Rivers,roland rivers,QB,476.2,671.1,999.0,999.0,,,,,,,,,,,18.0,434,67
2023,8149,Master Teague,master teague,RB,476.5,645.8,999.0,507.7,,,,,,,,,,,18.0,435,117
2023,11548,Aaron Dykes,aaron dykes,RB,478.3,999.0,999.0,672.6,,,,,,,,,,,18.0,436,118
2023,4494,Alonzo Moore,alonzo moore,WR,479.3,999.0,999.0,999.0,,,,,,,,,,,18.0,437,165
2023,11520,Lucky Jackson,lucky jackson,WR,480.4,999.0,999.0,609.2,,,,,,,,,,,18.0,438,166
2023,200,Vernon Davis,vernon davis,TE,481.6,999.0,999.0,999.0,,,,,,,,,,,18.0,439,88
2023,6963,Patrick Taylor,patrick taylor,RB,482.7,608.7,999.0,999.0,11.2,12.2,10.2,87.0,,2.0,15.0,,,,18.0,440,119
2023,8220,Sincere McCormick,sincere mccormick,RB,483.4,999.0,999.0,999.0,,,,,,,,,,,18.0,441,120
2023,5310,Antonio Callaway,antonio callaway,WR,484.9,431.4,999.0,526.9,,,,,,,,,,,18.0,442,167
2023,6320,Jonathan Duhart,jonathan duhart,WR,485.8,999.0,999.0,999.0,,,,,,,,,,,18.0,443,168
2023,8233,Mataeo Durant,mataeo durant,RB,485.9,999.0,999.0,999.0,,,,,,,,,,,18.0,444,121
2023,5938,Lil'Jordan Humphrey,liljordan humphrey,WR,487.0,999.0,999.0,591.1,50.6,62.1,39.1,,,23.0,271.0,2.0,,,18.0,445,169
2023,6992,Michael Warren,michael warren,RB,488.7,999.0,999.0,999.0,,,,,,,,,,,18.0,446,122
2023,8187,CJ Verdell,cj verdell,RB,489.8,999.0,999.0,999.0,,,,,,,,,,,18.0,447,123
2023,8411,Devon Allen,devon allen,WR,490.0,999.0,999.0,521.2,,,,,,,,,,,18.0,448,170
2023,1517,Theo Riddick,theo riddick,RB,491.4,999.0,999.0,999.0,,,,,,,,,,,18.0,449,124
2023,2588,Malcolm Brown,malcolm brown,RB,492.6,999.0,999.0,999.0,5.2,5.7,4.7,40.0,,1.0,7.0,,,,18.0,450,125
2023,3211,Paul Perkins,paul perkins,RB,493.3,999.0,999.0,999.0,,,,,,,,,,,18.0,451,126
2023,4622,Keelan Cole,keelan cole,WR,494.4,999.0,431.5,999.0,4.9,6.4,3.4,1.0,,3.0,33.0,,,,18.0,452,171
2023,6443,Eric Dungey,eric dungey,QB,494.5,999.0,999.0,999.0,,,,,,,,,,,18.0,453,68
2023,4718,Dare Ogunbowale,dare ogunbowale,RB,496.5,999.0,593.5,999.0,12.3,15.8,8.8,37.0,,7.0,51.0,,,,18.0,454,127
2023,11270,Hassan Hall,hassan hall,RB,497.7,999.0,999.0,678.3,,,,,,,,,,,18.0,455,128
2023,8560,Davis Cheek,davis cheek,QB,498.0,999.0,417.0,999.0,,,,,,,,,,,18.0,456,69
2023,6001,Drew Sample,drew sample,TE,499.3,999.0,999.0,999.0,21.3,26.3,16.3,,,10.0,103.0,1.0,,,18.0,457,89
2023,7080,Omar Bayless,omar bayless,WR,500.3,999.0,999.0,999.0,,,,,,,,,,,18.0,458,172
2023,8475,Montrell Washington,montrell washington,WR,501.3,999.0,999.0,999.0,5.0,6.5,3.5,,,3.0,35.0,,,,18.0,459,173
2023,333,Ryan Fitzpatrick,ryan fitzpatrick,QB,502.4,665.9,286.0,582.7,,,,,,,,,,,18.0,460,70
2023,8817,Nolan Givan,nolan givan,TE,503.3,482.9,999.0,447.7,,,,,,,,,,,18.0,461,90
2023,10227,Payne Durham,payne durham,TE,503.5,999.0,999.0,999.0,9.2,12.2,6.2,,,6.0,62.0,,,,18.0,462,91
2023,6161,L.J. Scott,lj scott,RB,505.5,999.0,999.0,999.0,,,,,,,,,,,18.0,463,129
2023,4996,Kyle Lauletta,kyle lauletta,QB,506.5,269.5,999.0,999.0,,,,,,,,,,,18.0,464,71
2023,7078,Tony Brown,tony brown,WR,507.8,334.4,999.0,999.0,,,,,,,,,,,18.0,465,174
2023,8178,Braylon Sanders,braylon sanders,WR,508.8,999.0,999.0,999.0,,,,,,,,,,,18.0,466,175
2023,7568,Brevin Jordan,brevin jordan,TE,509.1,999.0,477.0,999.0,5.7,7.7,3.7,,,4.0,37.0,,,,18.0,467,92
2023,6870,Bryan Edwards,bryan edwards,WR,510.3,999.0,999.0,999.0,4.0,5.0,3.0,,,2.0,30.0,,,,18.0,468,176
2023,7035,Kendrick Rogers,kendrick rogers,WR,511.5,999.0,999.0,999.0,,,,,,,,,,,18.0,469,177
2023,6233,Matt Sokol,matt sokol,TE,512.3,623.5,999.0,999.0,,,,,,,,,,,18.0,470,93
2023,5032,Jordan Akins,jordan akins,TE,512.7,999.0,999.0,999.0,40.1,49.1,31.1,,,18.0,191.0,2.0,,,18.0,471,94
2023,7048,Benny LeMay,benny lemay,RB,514.2,999.0,999.0,999.0,,,,,,,,,,,18.0,472,130
2023,3155,Laquon Treadwell,laquon treadwell,WR,515.3,999.0,999.0,686.4,20.2,24.7,15.7,,,9.0,97.0,1.0,,,18.0,473,178
2023,4179,Joshua Dobbs,joshua dobbs,QB,516.7,999.0,323.3,516.1,143.7,143.7,143.7,43.0,,,,,2560.0,12.0,18.0,474,72
2023,6159,Mike Weber,mike weber,RB,517.8,454.3,999.0,439.8,,,,,,,,,,,18.0,475,131
2023,7228,Ahmad Wagner,ahmad wagner,WR,518.0,999.0,999.0,999.0,,,,,,,,,,,18.0,476,179
2023,7944,Michael Strachan,michael strachan,WR,519.0,380.6,999.0,999.0,,,,,,,,,,,18.0,477,180
2023,7602,Kylen Granson,kylen granson,TE,520.7,999.0,563.0,999.0,47.8,59.8,35.8,,,24.0,238.0,2.0,,,18.0,478,95
2023,7842,Luke Farrell,luke farrell,TE,521.0,999.0,999.0,999.0,29.0,36.0,22.0,,,14.0,160.0,1.0,,,18.0,479,96
2023,2291,Dontrelle Inman,dontrelle inman,WR,521.4,999.0,999.0,999.0,,,,,,,,,,,18.0,480,181
2023,8433,Cade Brewer,cade brewer,TE,523.9,999.0,999.0,999.0,,,,,,,,,,,18.0,481,97
2023,7394,Jermiah Braswell,jermiah braswell,WR,524.6,999.0,999.0,999.0,,,,,,,,,,,18.0,482,182
2023,5196,Ethan Wolf,ethan wolf,TE,525.3,305.9,999.0,417.8,,,,,,,,,,,18.0,483,98
2023,1737,Case Keenum,case keenum,QB,526.9,999.0,424.5,999.0,10.06,10.06,10.06,11.0,,,,,149.0,1.0,18.0,484,73
2023,6506,Trayone Gray,trayone gray,RB,527.1,463.8,999.0,999.0,,,,,,,,,,,18.0,485,132
2023,4854,River Cracraft,river cracraft,WR,528.4,999.0,999.0,390.0,67.7,85.7,49.7,,,36.0,377.0,2.0,,,18.0,486,183
2023,7904,Stevie Scott,stevie scott,RB,529.5,999.0,999.0,999.0,,,,,,,,,,,18.0,487,133
2023,5374,Justin Watson,justin watson,WR,530.1,999.0,283.0,999.0,22.7,27.7,17.7,,,10.0,117.0,1.0,,,18.0,488,184
2023,3269,Chris Moore,chris moore,WR,530.7,999.0,999.0,999.0,24.0,29.5,18.5,7.0,,11.0,118.0,1.0,,,18.0,489,185
2023,3209,Devontae Booker,devontae booker,RB,532.3,999.0,999.0,999.0,,,,,,,,,,,18.0,490,134
2023,6699,Gunner Olszewski,gunner olszewski,WR,533.3,999.0,999.0,999.0,4.8,6.3,3.3,,,3.0,33.0,,,,18.0,491,186
2023,5108,Luke Falk,luke falk,QB,536.0,265.8,999.0,386.0,,,,,,,,,,,18.0,492,74
2023,11226,Tyjon Lindsey,tyjon lindsey,WR,538.8,999.0,999.0,999.0,,,,,,,,,,,18.0,493,187
2023,2312,Kevin White,kevin white,WR,540.0,999.0,999.0,394.3,,,,,,,,,,,18.0,494,188
2023,6857,Collin Johnson,collin johnson,WR,542.8,999.0,999.0,999.0,,,,,,,,,,,18.0,495,189
2023,5965,Miles Boykin,miles boykin,WR,543.4,647.5,999.0,999.0,7.0,10.0,4.0,,,6.0,40.0,,,,18.0,496,190
2023,10867,Jake Bobo,jake bobo,WR,544.9,649.9,392.3,674.9,25.4,30.9,19.9,,,11.0,139.0,1.0,,,18.0,497,191
2023,7899,Isaiah McKoy,isaiah mckoy,WR,545.0,999.0,999.0,999.0,,,,,,,,,,,18.0,498,192
2023,7308,Nick Bowers,nick bowers,TE,546.0,289.3,999.0,999.0,,,,,,,,,,,18.0,499,99
2023,2191,Marcus Lucas,marcus lucas,WR,547.5,999.0,999.0,999.0,,,,,,,,,,,18.0,500,193
2023,3336,Moritz Bohringer,moritz bohringer,TE,548.5,999.0,999.0,999.0,,,,,,,,,,,18.0,501,100
2023,138,Ben Roethlisberger,ben roethlisberger,QB,550.9,999.0,449.6,999.0,,,,,,,,,,,18.0,502,75
2023,6908,La'Mical Perine,lamical perine,RB,551.1,999.0,999.0,999.0,4.4,5.4,3.4,23.0,,2.0,11.0,,,,18.0,503,135
2023,11210,Malik Heath,malik heath,WR,552.2,999.0,999.0,544.0,36.5,45.5,27.5,,,18.0,215.0,1.0,,,18.0,504,194
2023,2422,Blake Bell,blake bell,TE,555.8,999.0,999.0,999.0,4.7,6.2,3.2,,,3.0,32.0,,,,18.0,505,101
2023,11068,Mitch Tinsley,mitch tinsley,WR,556.9,999.0,999.0,557.0,,,,,,,,,,,18.0,506,195
2023,8638,Grayson Gunter,grayson gunter,TE,557.4,999.0,348.7,999.0,,,,,,,,,,,18.0,507,102
2023,8152,Kennedy Brooks,kennedy brooks,RB,557.5,999.0,999.0,999.0,,,,,,,,,,,18.0,508,136
2023,1706,Jack Doyle,jack doyle,TE,559.9,683.9,999.0,999.0,,,,,,,,,,,18.0,509,103
2023,2431,Mike Davis,mike davis,RB,560.1,999.0,999.0,999.0,,,,,,,,,,,18.0,510,137
2023,4651,Corey Clement,corey clement,RB,561.3,999.0,616.0,999.0,23.5,25.5,21.5,126.0,1.0,4.0,29.0,,,,18.0,511,138
2023,6069,Stanley Morgan,stanley morgan,WR,562.7,999.0,366.5,999.0,,,,,,,,,,,18.0,512,196
2023,1338,Matt Barkley,matt barkley,QB,563.7,999.0,999.0,999.0,,,,,,,,,,,18.0,513,76
2023,8931,Josh Ali,josh ali,WR,564.3,999.0,999.0,999.0,24.6,30.1,19.1,,,11.0,131.0,1.0,,,18.0,514,197
2023,8051,Josh Johnson,josh johnson,RB,565.4,999.0,999.0,999.0,,,,,,,,,,,18.0,515,139
2023,11526,Malachi Carter,malachi carter,WR,566.4,999.0,999.0,999.0,,,,,,,,,,,18.0,516,198
2023,8707,Tayon Fleet-Davis,tayon fleetdavis,RB,568.4,435.0,999.0,999.0,,,,,,,,,,,18.0,517,140
2023,11139,Elijah Cooks,elijah cooks,WR,569.5,999.0,333.0,460.8,4.0,5.5,2.5,,,3.0,25.0,,,,18.0,518,199
2023,8249,Lucas Krull,lucas krull,TE,571.8,619.5,343.0,999.0,9.2,11.7,6.7,,,5.0,67.0,,,,18.0,519,104
2023,5026,Tre'Quan Smith,trequan smith,WR,572.8,999.0,999.0,999.0,31.5,40.0,23.0,,,17.0,170.0,1.0,,,18.0,520,200
2023,89,Chad Henne,chad henne,QB,573.4,999.0,269.0,999.0,,,,,,,,,,,18.0,521,77
2023,8197,Peyton Hendershot,peyton hendershot,TE,574.7,999.0,606.0,999.0,42.6,53.1,32.1,,,21.0,201.0,2.0,,,18.0,522,105
2023,6723,Vincent Testaverde,vincent testaverde,QB,575.2,999.0,310.3,999.0,,,,,,,,,,,18.0,523,78
2023,7729,Dez Fitzpatrick,dez fitzpatrick,WR,575.3,999.0,999.0,999.0,,,,,,,,,,,18.0,524,201
2023,11280,Brady Russell,brady russell,TE,577.4,999.0,999.0,999.0,,,,,,,,,,,18.0,525,106
2023,455,Michael Crabtree,michael crabtree,WR,579.8,999.0,999.0,999.0,,,,,,,,,,,18.0,526,202
2023,344,Julian Edelman,julian edelman,WR,580.9,999.0,999.0,541.8,,,,,,,,,,,18.0,527,203
2023,8441,Justin Hall,justin hall,WR,581.0,999.0,999.0,999.0,,,,,,,,,,,18.0,528,204
2023,11435,Emanuel Wilson,emanuel wilson,RB,582.7,999.0,999.0,999.0,27.1,29.6,24.6,147.0,1.0,5.0,39.0,,,,18.0,529,141
2023,11478,Gavin Holmes,gavin holmes,WR,583.7,999.0,999.0,999.0,,,,,,,,,,,18.0,530,205
2023,11540,La'Michael Pettway,lamichael pettway,TE,584.0,398.0,999.0,999.0,,,,,,,,,,,18.0,531,107
2023,8005,Tarik Black,tarik black,WR,584.4,478.6,999.0,999.0,,,,,,,,,,,18.0,532,206
2023,11359,Kody Case,kody case,WR,588.0,999.0,999.0,999.0,,,,,,,,,,,18.0,533,207
2023,11223,John Hall,john hall,WR,589.0,462.7,999.0,999.0,,,,,,,,,,,18.0,534,208
2023,5286,Austin Allen,austin allen,QB,590.5,263.7,999.0,999.0,,,,,,,,,,,18.0,535,79
2023,5903,Will Grier,will grier,QB,591.6,999.0,999.0,999.0,,,,,,,,,,,18.0,536,80
2023,7584,Brennan Eagles,brennan eagles,WR,592.0,999.0,999.0,999.0,,,,,,,,,,,18.0,537,209
2023,6323,Andrew Beck,andrew beck,RB,593.1,606.3,524.0,999.0,11.5,15.0,8.0,6.0,1.0,7.0,34.0,,,,18.0,538,142
2023,4730,Sam Cotton,sam cotton,TE,593.7,593.7,999.0,999.0,,,,,,,,,,,18.0,539,108
2023,5973,Josh Oliver,josh oliver,TE,595.9,999.0,488.0,999.0,26.1,32.6,19.6,,,13.0,136.0,1.0,,,18.0,540,109
2023,8087,K.J. Costello,kj costello,QB,596.0,999.0,999.0,999.0,,,,,,,,,,,18.0,541,81
2023,6156,Benny Snell,benny snell,RB,597.9,999.0,999.0,999.0,,,,,,,,,,,18.0,542,143
2023,6185,Easton Stick,easton stick,QB,598.3,999.0,999.0,999.0,59.46,59.46,59.46,105.0,1.0,,,,849.0,4.0,18.0,543,82
2023,4752,Fred Brown,fred brown,WR,600.0,999.0,999.0,999.0,,,,,,,,,,,18.0,544,210
2023,11439,Jaleel McLaughlin,jaleel mclaughlin,RB,601.3,626.6,362.3,999.0,28.3,32.3,24.3,124.0,1.0,8.0,59.0,,,,18.0,545,144
2023,11070,Kazmeir Allen,kazmeir allen,WR,605.4,999.0,346.2,620.2,,,,,,,,,,,18.0,546,211
2023,10233,Max Duggan,max duggan,QB,606.4,999.0,533.0,999.0,10.12,10.12,10.12,14.0,,,,,143.0,1.0,18.0,547,83
2023,268,Alex Smith,alex smith,QB,607.3,618.2,999.0,638.5,,,,,,,,,,,18.0,548,84
2023,7619,Mathew Sexton,mathew sexton,WR,608.5,999.0,999.0,652.0,,,,,,,,,,,18.0,549,212
2023,6446,Jon Hilliman,jon hilliman,RB,610.5,999.0,999.0,999.0,,,,,,,,,,,18.0,550,145
2023,7317,Jared Rice,jared rice,TE,611.3,999.0,999.0,999.0,,,,,,,,,,,18.0,551,110
2023,4384,Aaron Peck,aaron peck,TE,611.6,999.0,999.0,999.0,,,,,,,,,,,18.0,552,111
2023,7235,Aleva Hifo,aleva hifo,WR,613.2,999.0,999.0,999.0,,,,,,,,,,,18.0,553,213
2023,7039,Cody White,cody white,WR,614.9,386.1,999.0,999.0,,,,,,,,,,,18.0,554,214
2023,5209,Mike Boone,mike boone,RB,615.5,999.0,999.0,536.7,4.7,5.7,3.7,22.0,,2.0,15.0,,,,18.0,555,146
2023,5718,Ryan Yurachek,ryan yurachek,TE,617.0,999.0,999.0,999.0,,,,,,,,,,,18.0,556,112
2023,7583,Sam Ehlinger,sam ehlinger,QB,618.4,999.0,999.0,999.0,6.24,6.24,6.24,12.0,,,,,101.0,1.0,18.0,557,85
2023,1169,Robert Griffin,robert griffin,QB,619.6,999.0,350.5,635.6,,,,,,,,,,,18.0,558,86
2023,8938,Nathan Rourke,nathan rourke,QB,623.6,999.0,999.0,999.0,,,,,,,,,,,18.0,559,87
2023,11537,Wayne Taulapapa,wayne taulapapa,RB,624.4,999.0,535.0,695.4,,,,,,,,,,,18.0,560,147
2023,5239,Lamar Jordan,lamar jordan,QB,625.7,676.9,999.0,999.0,,,,,,,,,,,18.0,561,88
2023,4327,Colin Jeter,colin jeter,TE,626.6,999.0,999.0,999.0,,,,,,,,,,,18.0,562,113
2023,11073,Thayer Thomas,thayer thomas,WR,627.8,999.0,999.0,676.0,,,,,,,,,,,18.0,563,215
2023,6984,Tony Jones,tony jones,RB,629.6,999.0,999.0,999.0,3.7,4.7,2.7,12.0,,2.0,15.0,,,,18.0,564,148
2023,1387,Rex Burkhead,rex burkhead,RB,632.7,999.0,999.0,644.7,15.4,18.4,12.4,27.0,1.0,6.0,37.0,,,,18.0,565,149
2023,11472,Alfonzo Graham,alfonzo graham,RB,633.3,999.0,999.0,999.0,,,,,,,,,,,18.0,566,150
2023,606,Joe Webb,joe webb,QB,634.8,999.0,999.0,999.0,,,,,,,,,,,18.0,567,89
2023,3327,Alex Collins,alex collins,RB,635.5,999.0,353.1,999.0,,,,,,,,,,,18.0,568,151
2023,4061,Davis Webb,davis webb,QB,636.0,372.6,999.0,999.0,,,,,,,,,,,18.0,569,90
2023,7357,Dan Chisena,dan chisena,WR,637.0,999.0,999.0,999.0,,,,,,,,,,,18.0,570,216
2023,4475,Sefo Liufau,sefo liufau,QB,638.0,603.0,999.0,999.0,,,,,,,,,,,18.0,571,91
2023,11169,Dresser Winn,dresser winn,QB,638.1,999.0,999.0,999.0,,,,,,,,,,,18.0,572,92
2023,6081,Kendall Blanton,kendall blanton,TE,640.3,999.0,421.5,999.0,,,,,,,,,,,18.0,573,114
2023,10983,Sean Clifford,sean clifford,QB,641.6,999.0,385.9,999.0,11.94,11.94,11.94,13.0,,,,,191.0,1.0,18.0,574,93
2023,559,Tim Tebow,tim tebow,TE,643.5,999.0,359.6,999.0,,,,,,,,,,,18.0,575,115
2023,11192,Malik Flowers,malik flowers,WR,646.9,277.0,349.6,444.4,,,,,,,,,,,18.0,576,217
2023,11374,James Blackman,james blackman,QB,647.0,642.4,999.0,999.0,,,,,,,,,,,18.0,577,94
2023,11292,Tommy DeVito,tommy devito,QB,647.8,999.0,257.0,999.0,104.72,104.72,104.72,126.0,2.0,,,,1378.0,9.0,18.0,578,95
2023,289,Drew Brees,drew brees,QB,649.3,999.0,591.3,999.0,,,,,,,,,,,18.0,579,96
2023,4406,Wes Lunt,wes lunt,QB,650.0,999.0,999.0,999.0,,,,,,,,,,,18.0,580,97
2023,2118,Eric Ebron,eric ebron,TE,652.0,250.0,999.0,999.0,,,,,,,,,,,18.0,581,116
2023,6288,Marcus Green,marcus green,WR,653.3,999.0,999.0,999.0,,,,,,,,,,,18.0,582,218
2023,5092,Troy Fumagalli,troy fumagalli,TE,654.0,283.9,999.0,999.0,,,,,,,,,,,18.0,583,117
2023,1911,Willie Snead,willie snead,WR,656.2,999.0,999.0,999.0,,,,,,,,,,,18.0,584,219
2023,3456,Joel Stave,joel stave,QB,656.5,999.0,999.0,571.5,,,,,,,,,,,18.0,585,98
2023,2620,Jake Heaps,jake heaps,QB,659.5,999.0,999.0,999.0,,,,,,,,,,,18.0,586,99
2023,8077,Otis Anderson,otis anderson,RB,660.7,999.0,999.0,999.0,,,,,,,,,,,18.0,587,152
2023,7143,Ben DiNucci,ben dinucci,QB,661.6,999.0,999.0,999.0,,,,,,,,,,,18.0,588,100
2023,1825,Jarvis Landry,jarvis landry,WR,663.0,999.0,999.0,999.0,30.3,36.3,24.3,8.0,1.0,12.0,115.0,1.0,,,18.0,589,220
2023,3312,Jonathan Williams,jonathan williams,RB,664.0,999.0,999.0,654.0,,,,,,,,,,,18.0,590,153
2023,24,Matt Ryan,matt ryan,QB,665.1,656.5,275.0,999.0,,,,,,,,,,,18.0,591,101
2023,19,Joe Flacco,joe flacco,QB,667.1,999.0,357.0,700.8,82.02,82.02,82.02,5.0,,,,,1388.0,8.0,18.0,592,102
2023,5323,Equanimeous St. Brown,equanimeous st brown,WR,670.5,999.0,999.0,999.0,33.8,40.8,26.8,24.0,,14.0,184.0,1.0,,,18.0,593,221
2023,11467,John Samuel Shenker,john samuel shenker,TE,671.7,999.0,999.0,999.0,,,,,,,,,,,18.0,594,118
2023,7064,Darrynton Evans,darrynton evans,RB,673.3,999.0,999.0,999.0,12.7,15.2,10.2,75.0,,5.0,27.0,,,,18.0,595,154
2023,208,Josh McCown,josh mccown,QB,674.7,999.0,413.5,999.0,,,,,,,,,,,18.0,596,103
2023,7021,Rico Dowdle,rico dowdle,RB,676.7,999.0,390.1,999.0,53.5,57.5,49.5,313.0,2.0,8.0,62.0,,,,18.0,597,155
2023,5995,Justice Hill,justice hill,RB,678.6,999.0,406.4,999.0,116.4,128.9,103.9,550.0,4.0,25.0,189.0,1.0,,,18.0,598,156
2023,11184,Daniel Arias,daniel arias,WR,679.5,465.2,384.9,569.5,,,,,,,,,,,18.0,599,222
2023,6918,Salvon Ahmed,salvon ahmed,RB,680.6,999.0,340.0,564.8,53.2,62.7,43.7,174.0,1.0,19.0,143.0,1.0,,,18.0,600,157
2023,8915,Drew Plitt,drew plitt,QB,683.4,652.4,999.0,999.0,,,,,,,,,,,18.0,601,104
2023,7550,Warren Jackson,warren jackson,WR,683.5,999.0,999.0,999.0,,,,,,,,,,,18.0,602,223
2023,6154,David Sills,david sills,WR,685.9,999.0,999.0,440.5,,,,,,,,,,,18.0,603,224
2023,4741,Dan Arnold,dan arnold,TE,686.0,999.0,999.0,999.0,20.6,25.1,16.1,,,9.0,101.0,1.0,,,18.0,604,119
2023,956,Mark Ingram,mark ingram,RB,687.2,999.0,999.0,611.7,21.7,23.7,19.7,107.0,1.0,4.0,30.0,,,,18.0,605,158
2023,10214,Davis Allen,davis allen,TE,688.4,999.0,266.0,999.0,6.1,8.1,4.1,,,4.0,41.0,,,,18.0,606,120
2023,2474,Nick Boyle,nick boyle,TE,690.0,999.0,999.0,999.0,,,,,,,,,,,18.0,607,121
2023,8660,Leroy Watson,leroy watson,TE,691.3,999.0,268.0,999.0,,,,,,,,,,,18.0,608,122
2023,8208,Tyler Badie,tyler badie,RB,692.5,999.0,605.0,999.0,21.8,23.8,19.8,113.0,1.0,4.0,25.0,,,,18.0,609,159
2023,7106,Lawrence Cager,lawrence cager,TE,693.0,999.0,999.0,493.3,14.2,17.7,10.7,,,7.0,47.0,1.0,,,18.0,610,123
2023,11201,Blake Whiteheart,blake whiteheart,TE,694.2,588.5,999.0,999.0,,,,,,,,,,,18.0,611,124
2023,11266,Thyrick Pitts,thyrick pitts,WR,695.8,999.0,999.0,999.0,,,,,,,,,,,18.0,612,225
2023,5257,Tim Boyle,tim boyle,QB,697.4,999.0,999.0,999.0,66.9,66.9,66.9,39.0,,,,,1225.0,6.0,18.0,613,105
2023,515,Rob Gronkowski,rob gronkowski,TE,698.5,999.0,420.0,999.0,22.0,26.5,17.5,,,9.0,115.0,1.0,,,18.0,614,125
2024,4034,Christian McCaffrey,christian mccaffrey,RB,1.5,1.2,1.5,2.8,250.4,277.9,222.9,1106.0,9.0,55.0,423.0,3.0,,,18.0,1,1
2024,3321,Tyreek Hill,tyreek hill,WR,2.1,2.7,2.1,6.1,258.2,312.2,204.2,36.0,,108.0,1486.0,9.0,,,18.0,2,1
2024,6786,CeeDee Lamb,ceedee lamb,WR,3.9,3.1,3.9,5.1,230.2,285.7,174.7,82.0,1.0,111.0,1205.0,7.0,,,18.0,3,2
2024,6794,Justin Jefferson,justin jefferson,WR,4.3,4.9,4.3,9.7,235.9,281.9,189.9,12.0,,92.0,1427.0,8.0,,,18.0,4,3
2024,7564,Ja'Marr Chase,jamarr chase,WR,5.6,5.6,5.6,10.5,255.8,308.3,203.3,16.0,,105.0,1437.0,10.0,,,18.0,5,4
2024,9509,Bijan Robinson,bijan robinson,RB,6.1,6.5,6.1,13.5,239.8,267.8,211.8,1140.0,8.0,56.0,418.0,2.0,,,18.0,6,2
2024,7547,Amon-Ra St. Brown,amonra st brown,WR,6.2,6.8,6.2,11.1,212.5,265.0,160.0,34.0,,105.0,1166.0,7.0,,,18.0,7,5
2024,8155,Breece Hall,breece hall,RB,8.6,8.8,8.6,12.3,256.7,284.2,229.2,1244.0,9.0,55.0,408.0,2.0,,,18.0,8,3
2024,5859,A.J. Brown,aj brown,WR,9.1,9.1,9.1,15.2,223.0,267.0,179.0,6.0,,88.0,1324.0,8.0,,,18.0,9,6
2024,9221,Jahmyr Gibbs,jahmyr gibbs,RB,10.3,12.7,10.3,18.8,208.7,235.2,182.2,905.0,7.0,53.0,397.0,2.0,,,18.0,10,4
2024,6813,Jonathan Taylor,jonathan taylor,RB,11.8,13.9,11.8,23.9,227.3,243.3,211.3,1229.0,10.0,32.0,244.0,1.0,,,18.0,11,5
2024,4866,Saquon Barkley,saquon barkley,RB,12.1,12.6,12.1,22.5,260.2,281.2,239.2,1501.0,8.0,42.0,311.0,2.0,,,18.0,12,6
2024,8146,Garrett Wilson,garrett wilson,WR,13.3,11.7,13.3,20.5,200.3,244.8,155.8,28.0,,89.0,1130.0,7.0,,,18.0,13,7
2024,11628,Marvin Harrison,marvin harrison,WR,14.0,15.4,14.0,23.1,196.8,234.8,158.8,7.0,,76.0,1121.0,8.0,,,18.0,14,8
2024,9493,Puka Nacua,puka nacua,WR,15.9,17.3,15.9,17.7,207.9,252.4,163.4,40.0,,89.0,1194.0,7.0,,,18.0,15,9
2024,7543,Travis Etienne,travis etienne,RB,16.3,18.4,16.3,30.7,203.5,226.0,181.0,1032.0,7.0,45.0,338.0,1.0,,,18.0,16,7
2024,8150,Kyren Williams,kyren williams,RB,17.8,16.9,17.8,28.4,209.0,226.5,191.5,1075.0,9.0,35.0,260.0,1.0,,,18.0,17,8
2024,3198,Derrick Henry,derrick henry,RB,18.6,20.5,18.6,34.4,278.0,288.0,268.0,1575.0,15.0,20.0,145.0,1.0,,,18.0,18,9
2024,8112,Drake London,drake london,WR,19.4,19.7,19.4,31.6,194.5,237.0,152.0,11.0,,85.0,1109.0,7.0,,,18.0,19,10
2024,4984,Josh Allen,josh allen,QB,20.2,22.2,20.2,1.5,359.4,359.4,359.4,550.0,9.0,,,,4035.0,27.0,18.0,20,1
2024,2133,Davante Adams,davante adams,WR,20.7,17.6,20.7,33.5,201.3,244.3,158.3,5.0,,86.0,1118.0,8.0,,,18.0,21,11
2024,8144,Chris Olave,chris olave,WR,22.6,23.4,22.6,31.8,170.8,208.3,133.3,4.0,,75.0,989.0,6.0,,,18.0,22,12
2024,9226,De'Von Achane,devon achane,RB,23.0,25.0,23.0,44.2,213.7,243.2,184.2,883.0,7.0,59.0,439.0,2.0,,,18.0,23,10
2024,5850,Josh Jacobs,josh jacobs,RB,24.0,27.5,24.0,41.3,202.0,220.0,184.0,1060.0,8.0,36.0,260.0,1.0,,,18.0,24,11
2024,1466,Travis Kelce,travis kelce,TE,25.6,20.8,25.6,27.9,171.0,213.0,129.0,4.0,,84.0,886.0,7.0,,,18.0,25,1
2024,6803,Brandon Aiyuk,brandon aiyuk,WR,26.4,26.6,26.4,35.6,181.1,217.1,145.1,5.0,,72.0,1046.0,7.0,,,18.0,26,13
2024,8205,Isiah Pacheco,isiah pacheco,RB,27.4,27.6,27.4,45.6,215.4,236.9,193.9,1041.0,8.0,43.0,318.0,2.0,,,18.0,27,12
2024,5872,Deebo Samuel,deebo samuel,WR,27.4,33.3,27.4,55.3,179.3,210.3,148.3,172.0,2.0,62.0,851.0,6.0,,,18.0,28,14
2024,2216,Mike Evans,mike evans,WR,29.9,29.4,29.9,42.1,195.4,232.4,158.4,5.0,,74.0,1119.0,8.0,,,18.0,29,15
2024,10859,Sam LaPorta,sam laporta,TE,30.0,24.8,30.0,26.6,146.0,182.5,109.5,,,73.0,755.0,6.0,,,18.0,30,2
2024,6904,Jalen Hurts,jalen hurts,QB,31.3,34.7,31.3,4.4,346.46,346.46,346.46,649.0,10.0,,,,3614.0,23.0,18.0,31,2
2024,4046,Patrick Mahomes,patrick mahomes,QB,32.8,30.7,32.8,3.3,326.2,326.2,326.2,350.0,2.0,,,,4255.0,32.0,18.0,32,3
2024,7569,Nico Collins,nico collins,WR,33.5,31.1,33.5,53.5,202.1,242.6,161.6,10.0,,81.0,1206.0,7.0,,,18.0,33,16
2024,2449,Stefon Diggs,stefon diggs,WR,34.7,32.2,34.7,52.3,186.1,230.1,142.1,5.0,,88.0,1016.0,7.0,,,18.0,34,17
2024,7526,Jaylen Waddle,jaylen waddle,WR,34.9,36.0,34.9,46.7,186.0,226.5,145.5,18.0,,81.0,1097.0,6.0,,,18.0,35,18
2024,4881,Lamar Jackson,lamar jackson,QB,36.3,34.4,36.3,7.8,350.14,350.14,350.14,945.0,5.0,,,,3516.0,25.0,18.0,36,4
2024,8136,Rachaad White,rachaad white,RB,37.6,38.5,37.6,48.0,194.3,219.3,169.3,883.0,6.0,50.0,370.0,2.0,,,18.0,37,13
2024,4983,DJ Moore,dj moore,WR,38.6,37.1,38.6,54.7,186.9,225.9,147.9,24.0,,78.0,1055.0,7.0,,,18.0,38,19
2024,4039,Cooper Kupp,cooper kupp,WR,39.1,39.0,39.1,55.4,190.4,237.9,142.9,26.0,,95.0,1003.0,7.0,,,18.0,39,20
2024,8138,James Cook,james cook,RB,40.2,41.1,40.2,58.8,200.7,221.7,179.7,953.0,7.0,42.0,324.0,2.0,,,18.0,40,14
2024,5846,DK Metcalf,dk metcalf,WR,41.9,43.1,41.9,59.0,192.0,229.5,154.5,5.0,,75.0,1080.0,8.0,,,18.0,41,21
2024,11632,Malik Nabers,malik nabers,WR,42.0,44.0,42.0,57.2,192.3,238.8,145.8,17.0,,93.0,1101.0,6.0,,,18.0,42,22
2024,4018,Joe Mixon,joe mixon,RB,43.2,47.7,43.2,63.7,204.2,224.2,184.2,1031.0,8.0,40.0,291.0,1.0,,,18.0,43,15
2024,6819,Michael Pittman,michael pittman,WR,44.7,40.8,44.7,43.7,139.8,173.3,106.3,4.0,,67.0,779.0,5.0,,,18.0,44,23
2024,8151,Kenneth Walker,kenneth walker,RB,45.1,50.6,45.1,62.5,181.1,196.6,165.6,970.0,7.0,31.0,226.0,1.0,,,18.0,45,16
2024,9758,C.J. Stroud,cj stroud,QB,46.2,41.4,46.2,8.0,322.18,322.18,322.18,195.0,2.0,,,,4367.0,33.0,18.0,46,5
2024,7525,DeVonta Smith,devonta smith,WR,47.3,48.7,47.3,60.6,181.2,223.7,138.7,6.0,,85.0,1041.0,6.0,,,18.0,47,24
2024,8130,Trey McBride,trey mcbride,TE,48.2,46.0,48.2,39.4,161.3,202.3,120.3,,,82.0,863.0,6.0,,,18.0,48,3
2024,5012,Mark Andrews,mark andrews,TE,48.3,45.8,48.3,47.5,114.2,138.7,89.7,,,49.0,617.0,5.0,,,18.0,49,4
2024,4035,Alvin Kamara,alvin kamara,RB,50.9,48.0,50.9,63.6,211.3,239.3,183.3,893.0,7.0,56.0,420.0,2.0,,,18.0,50,17
2024,10236,Dalton Kincaid,dalton kincaid,TE,51.3,51.6,51.3,49.8,144.9,182.9,106.9,,,76.0,789.0,5.0,,,18.0,51,5
2024,9997,Zay Flowers,zay flowers,WR,52.7,52.7,52.7,70.9,179.8,222.3,137.3,54.0,,85.0,979.0,6.0,,,18.0,52,25
2024,9229,Anthony Richardson,anthony richardson,QB,53.7,56.0,53.7,14.6,276.3,276.3,276.3,599.0,7.0,,,,3235.0,17.0,18.0,53,6
2024,9502,Tank Dell,tank dell,WR,54.9,54.0,54.9,73.4,178.1,214.1,142.1,87.0,1.0,72.0,934.0,6.0,,,18.0,54,26
2024,2309,Amari Cooper,amari cooper,WR,55.2,59.6,55.2,66.4,205.6,247.6,163.6,5.0,,84.0,1171.0,8.0,,,18.0,55,27
2024,4199,Aaron Jones,aaron jones,RB,55.8,58.8,55.8,74.8,181.6,199.6,163.6,909.0,6.0,36.0,267.0,2.0,,,18.0,56,18
2024,6801,Tee Higgins,tee higgins,WR,57.3,60.1,57.3,71.5,186.6,226.1,147.1,6.0,,79.0,1065.0,7.0,,,18.0,57,28
2024,4217,George Kittle,george kittle,TE,58.9,53.2,58.9,69.3,171.3,207.3,135.3,6.0,,72.0,947.0,7.0,,,18.0,58,6
2024,4137,James Conner,james conner,RB,59.7,62.5,59.7,84.1,175.3,191.8,158.8,882.0,7.0,33.0,246.0,1.0,,,18.0,59,19
2024,8137,George Pickens,george pickens,WR,60.8,57.0,60.8,71.3,178.7,215.2,142.2,10.0,,73.0,1072.0,6.0,,,18.0,60,29
2024,7553,Kyle Pitts,kyle pitts,TE,61.3,55.3,61.3,61.1,124.0,151.5,96.5,,,55.0,685.0,5.0,,,18.0,61,7
2024,6770,Joe Burrow,joe burrow,QB,62.3,61.2,62.3,15.6,312.44,312.44,312.44,184.0,2.0,,,,4301.0,32.0,18.0,62,7
2024,5892,David Montgomery,david montgomery,RB,62.8,65.8,62.8,82.7,182.3,193.3,171.3,913.0,10.0,22.0,160.0,1.0,,,18.0,63,20
2024,6790,D'Andre Swift,dandre swift,RB,64.1,62.1,64.1,78.6,202.9,225.9,179.9,1000.0,7.0,46.0,339.0,1.0,,,18.0,64,21
2024,1479,Keenan Allen,keenan allen,WR,65.5,64.3,65.5,77.2,153.1,191.1,115.1,10.0,,76.0,801.0,6.0,,,18.0,65,30
2024,7611,Rhamondre Stevenson,rhamondre stevenson,RB,66.1,69.5,66.1,79.6,196.6,215.1,178.1,1048.0,7.0,37.0,273.0,1.0,,,18.0,66,22
2024,4950,Christian Kirk,christian kirk,WR,67.7,66.6,67.7,76.1,168.2,206.2,130.2,11.0,,76.0,951.0,6.0,,,18.0,67,31
2024,5927,Terry McLaurin,terry mclaurin,WR,68.0,68.7,68.0,81.1,191.9,231.4,152.4,6.0,,79.0,1118.0,7.0,,,18.0,68,32
2024,7528,Najee Harris,najee harris,RB,69.3,73.6,69.3,90.1,181.6,197.1,166.1,989.0,7.0,31.0,212.0,1.0,,,18.0,69,23
2024,5849,Kyler Murray,kyler murray,QB,69.9,78.1,69.9,21.4,316.52,316.52,316.52,572.0,5.0,,,,3833.0,23.0,18.0,70,8
2024,4066,Evan Engram,evan engram,TE,71.6,67.6,71.6,68.2,129.0,165.5,92.5,,,73.0,705.0,4.0,,,18.0,71,8
2024,11620,Rome Odunze,rome odunze,WR,72.8,72.6,72.8,91.6,145.8,175.3,116.3,6.0,,59.0,817.0,6.0,,,18.0,72,33
2024,8139,Zamir White,zamir white,RB,73.8,82.2,73.8,93.9,112.7,122.7,102.7,605.0,4.0,20.0,142.0,1.0,,,18.0,73,24
2024,10222,Jayden Reed,jayden reed,WR,74.1,74.6,74.1,87.5,174.8,210.3,139.3,107.0,1.0,71.0,886.0,6.0,,,18.0,74,34
2024,2749,Raheem Mostert,raheem mostert,RB,75.6,81.9,75.6,103.6,145.8,157.8,133.8,764.0,6.0,24.0,174.0,1.0,,,18.0,75,25
2024,11624,Xavier Worthy,xavier worthy,WR,76.3,76.7,76.3,95.7,156.0,188.0,124.0,22.0,,64.0,858.0,6.0,,,18.0,76,35
2024,3294,Dak Prescott,dak prescott,QB,76.6,71.2,76.6,19.1,298.32,298.32,298.32,222.0,2.0,,,,4028.0,30.0,18.0,77,9
2024,5967,Tony Pollard,tony pollard,RB,78.5,76.9,78.5,102.6,200.2,219.7,180.7,1071.0,7.0,39.0,276.0,1.0,,,18.0,78,26
2024,4037,Chris Godwin,chris godwin,WR,79.3,75.0,79.3,89.3,202.8,250.3,155.3,27.0,,95.0,1126.0,7.0,,,18.0,79,36
2024,4981,Calvin Ridley,calvin ridley,WR,80.2,83.4,80.2,94.8,170.9,204.9,136.9,34.0,,68.0,995.0,6.0,,,18.0,80,37
2024,10229,Rashee Rice,rashee rice,WR,81.7,69.7,81.7,95.5,,,,,,,,,,,18.0,81,38
2024,6804,Jordan Love,jordan love,QB,82.5,80.4,82.5,25.6,306.0,306.0,306.0,222.0,3.0,,,,4045.0,30.0,18.0,82,10
2024,11604,Brock Bowers,brock bowers,TE,83.2,79.8,83.2,83.1,159.1,198.1,120.1,,,78.0,861.0,6.0,,,18.0,83,9
2024,9756,Jordan Addison,jordan addison,WR,83.5,85.1,83.5,99.7,165.4,199.9,130.9,18.0,,69.0,951.0,6.0,,,18.0,84,39
2024,8110,Jake Ferguson,jake ferguson,TE,85.5,86.6,85.5,85.0,133.1,167.1,99.1,,,68.0,711.0,5.0,,,18.0,85,10
2024,4988,Nick Chubb,nick chubb,RB,86.7,87.0,86.7,107.8,136.6,143.6,129.6,787.0,6.0,14.0,109.0,1.0,,,18.0,86,27
2024,4033,David Njoku,david njoku,TE,87.6,84.0,87.6,87.4,132.1,165.1,99.1,,,66.0,711.0,5.0,,,18.0,87,11
2024,11635,Ladd McConkey,ladd mcconkey,WR,88.0,88.3,88.0,97.5,176.6,215.1,138.1,12.0,,77.0,949.0,7.0,,,18.0,88,40
2024,6845,Zack Moss,zack moss,RB,89.0,92.8,89.0,111.3,154.9,170.9,138.9,757.0,6.0,32.0,232.0,1.0,,,18.0,89,28
2024,11583,Jonathon Brooks,jonathon brooks,RB,90.0,97.1,90.0,98.9,109.5,121.0,98.0,524.0,4.0,23.0,176.0,1.0,,,18.0,90,29
2024,7588,Javonte Williams,javonte williams,RB,90.4,90.2,90.4,109.5,160.6,179.1,142.1,814.0,5.0,37.0,267.0,1.0,,,18.0,91,30
2024,5848,Marquise Brown,marquise brown,WR,92.1,89.8,92.1,92.7,28.7,34.7,22.7,3.0,,12.0,164.0,1.0,,,18.0,92,41
2024,8228,Jaylen Warren,jaylen warren,RB,93.4,97.7,93.4,105.5,136.4,154.4,118.4,584.0,4.0,36.0,260.0,2.0,,,18.0,93,31
2024,5937,Diontae Johnson,diontae johnson,WR,94.7,95.0,94.7,103.9,180.2,222.7,137.7,13.0,,85.0,1024.0,6.0,,,18.0,94,42
2024,4663,Austin Ekeler,austin ekeler,RB,95.5,93.8,95.5,113.6,118.8,137.8,99.8,431.0,3.0,38.0,287.0,2.0,,,18.0,95,32
2024,6130,Devin Singletary,devin singletary,RB,96.5,99.5,96.5,116.6,156.5,172.0,141.0,853.0,5.0,31.0,217.0,1.0,,,18.0,96,33
2024,8183,Brock Purdy,brock purdy,QB,97.5,90.2,97.5,29.8,307.16,307.16,307.16,168.0,2.0,,,,4234.0,31.0,18.0,97,11
2024,11637,Keon Coleman,keon coleman,WR,97.6,94.1,97.6,111.5,101.3,122.8,79.8,4.0,,43.0,574.0,4.0,,,18.0,98,43
2024,11560,Caleb Williams,caleb williams,QB,99.4,101.4,99.4,38.6,278.28,278.28,278.28,292.0,3.0,,,,3852.0,24.0,18.0,99,12
2024,8167,Christian Watson,christian watson,WR,100.5,103.8,100.5,117.8,143.4,171.9,114.9,27.0,,57.0,782.0,6.0,,,18.0,100,44
2024,1426,DeAndre Hopkins,deandre hopkins,WR,101.6,96.9,101.6,114.5,137.9,169.4,106.4,7.0,,63.0,717.0,6.0,,,18.0,101,45
2024,9488,Jaxon Smith-Njigba,jaxon smithnjigba,WR,102.2,100.8,102.2,115.2,159.5,198.5,120.5,12.0,,78.0,853.0,6.0,,,18.0,102,46
2024,8154,Brian Robinson,brian robinson,RB,103.9,108.8,103.9,126.1,174.9,189.4,160.4,932.0,7.0,29.0,212.0,1.0,,,18.0,103,34
2024,5248,Gus Edwards,gus edwards,RB,104.3,113.5,104.3,123.3,147.0,155.0,139.0,810.0,7.0,16.0,120.0,1.0,,,18.0,104,35
2024,11631,Brian Thomas,brian thomas,WR,104.5,104.6,104.5,119.5,183.2,221.2,145.2,19.0,,76.0,1033.0,7.0,,,18.0,105,47
2024,6768,Tua Tagovailoa,tua tagovailoa,QB,106.1,104.3,106.1,37.2,279.66,279.66,279.66,95.0,1.0,,,,4104.0,29.0,18.0,106,13
2024,5022,Dallas Goedert,dallas goedert,TE,107.4,102.2,107.4,110.7,129.2,163.2,95.2,,,68.0,732.0,4.0,,,18.0,107,12
2024,9508,Tyjae Spears,tyjae spears,RB,108.4,107.8,108.4,119.4,119.8,135.8,103.8,521.0,3.0,32.0,237.0,2.0,,,18.0,108,36
2024,11589,Trey Benson,trey benson,RB,109.7,111.7,109.7,130.2,108.2,118.7,97.7,545.0,4.0,21.0,152.0,1.0,,,18.0,109,37
2024,3164,Ezekiel Elliott,ezekiel elliott,RB,110.8,114.3,110.8,127.9,102.8,112.8,92.8,501.0,4.0,20.0,147.0,1.0,,,18.0,110,38
2024,8148,Jameson Williams,jameson williams,WR,111.1,111.2,111.1,125.4,177.2,207.7,146.7,44.0,,61.0,1023.0,7.0,,,18.0,111,48
2024,11566,Jayden Daniels,jayden daniels,QB,112.0,115.1,112.0,51.1,342.0,342.0,342.0,844.0,8.0,,,,3665.0,20.0,18.0,112,14
2024,3163,Jared Goff,jared goff,QB,113.8,109.9,113.8,39.4,280.98,280.98,280.98,57.0,1.0,,,,4207.0,29.0,18.0,113,15
2024,5045,Courtland Sutton,courtland sutton,WR,114.2,116.8,114.2,132.6,177.9,215.4,140.4,5.0,,75.0,999.0,7.0,,,18.0,114,49
2024,11586,Blake Corum,blake corum,RB,115.3,120.1,115.3,138.5,84.3,92.8,75.8,414.0,3.0,17.0,124.0,1.0,,,18.0,115,39
2024,8143,Jerome Ford,jerome ford,RB,116.0,122.7,116.0,139.4,134.1,154.6,113.6,564.0,4.0,41.0,292.0,1.0,,,18.0,116,40
2024,9224,Chase Brown,chase brown,RB,117.0,118.4,117.0,135.0,143.5,161.5,125.5,636.0,5.0,36.0,279.0,1.0,,,18.0,117,41
2024,5001,Dalton Schultz,dalton schultz,TE,118.0,106.7,118.0,118.6,119.5,149.0,90.0,,,59.0,620.0,5.0,,,18.0,118,13
2024,5844,T.J. Hockenson,tj hockenson,TE,118.7,110.2,118.7,106.2,112.0,141.5,82.5,,,59.0,605.0,4.0,,,18.0,119,14
2024,4082,Curtis Samuel,curtis samuel,WR,120.0,117.4,120.0,140.5,79.6,95.6,63.6,51.0,1.0,32.0,365.0,3.0,,,18.0,120,50
2024,8121,Romeo Doubs,romeo doubs,WR,121.5,118.6,121.5,135.1,140.4,172.4,108.4,5.0,,64.0,799.0,5.0,,,18.0,121,51
2024,2374,Tyler Lockett,tyler lockett,WR,122.5,123.9,122.5,134.5,137.3,169.3,105.3,5.0,,64.0,768.0,5.0,,,18.0,122,52
2024,6797,Justin Herbert,justin herbert,QB,123.0,124.0,123.0,36.8,272.66,272.66,272.66,197.0,3.0,,,,3799.0,25.0,18.0,123,16
2024,7600,Pat Freiermuth,pat freiermuth,TE,124.9,125.8,124.9,124.7,113.1,142.6,83.6,,,59.0,616.0,4.0,,,18.0,124,15
2024,11625,Adonai Mitchell,adonai mitchell,WR,125.4,145.7,125.4,151.9,90.8,110.8,70.8,6.0,,40.0,522.0,3.0,,,18.0,125,53
2024,8134,Khalil Shakir,khalil shakir,WR,125.9,142.7,125.9,142.8,141.1,175.1,107.1,8.0,,68.0,763.0,5.0,,,18.0,126,54
2024,7523,Trevor Lawrence,trevor lawrence,QB,127.0,125.7,127.0,50.1,279.36,279.36,279.36,310.0,3.0,,,,3834.0,24.0,18.0,127,17
2024,9753,Zach Charbonnet,zach charbonnet,RB,128.8,150.6,128.8,143.3,98.2,111.2,85.2,445.0,3.0,26.0,187.0,1.0,,,18.0,128,42
2024,6826,Cole Kmet,cole kmet,TE,129.7,121.5,129.7,127.7,120.9,151.4,90.4,,,61.0,624.0,5.0,,,18.0,129,16
2024,7594,Chuba Hubbard,chuba hubbard,RB,130.6,153.4,130.6,151.3,178.1,197.1,159.1,866.0,7.0,38.0,265.0,1.0,,,18.0,130,43
2024,6806,J.K. Dobbins,jk dobbins,RB,131.8,155.3,131.8,158.7,152.5,169.0,136.0,708.0,5.0,33.0,252.0,2.0,,,18.0,131,44
2024,5947,Jakobi Meyers,jakobi meyers,WR,144.5,146.3,144.5,143.1,161.0,199.0,123.0,26.0,,76.0,858.0,6.0,15.0,,18.0,132,55
2024,7670,Joshua Palmer,joshua palmer,WR,145.4,151.8,145.4,153.9,109.3,134.3,84.3,6.0,,50.0,617.0,4.0,,,18.0,133,56
2024,7021,Rico Dowdle,rico dowdle,RB,146.6,160.2,146.6,163.1,118.5,132.0,105.0,576.0,4.0,27.0,194.0,1.0,,,18.0,134,45
2024,4068,Mike Williams,mike williams,WR,147.0,156.8,147.0,145.7,64.2,77.2,51.2,2.0,,26.0,350.0,3.0,,,18.0,135,57
2024,6783,Jerry Jeudy,jerry jeudy,WR,148.7,149.2,148.7,147.7,139.0,169.0,109.0,13.0,,60.0,797.0,5.0,,,18.0,136,58
2024,11626,Xavier Legette,xavier legette,WR,149.2,152.2,149.2,148.9,115.2,140.2,90.2,20.0,,50.0,642.0,4.0,,,18.0,137,59
2024,96,Aaron Rodgers,aaron rodgers,QB,150.4,148.6,150.4,75.9,270.48,270.48,270.48,96.0,1.0,,,,3897.0,28.0,18.0,138,18
2024,8676,Rashid Shaheed,rashid shaheed,WR,151.7,165.2,151.7,146.6,170.3,200.3,140.3,88.0,1.0,60.0,915.0,6.0,,,18.0,139,60
2024,1166,Kirk Cousins,kirk cousins,QB,152.8,157.4,152.8,67.7,261.1,261.1,261.1,75.0,1.0,,,,3990.0,26.0,18.0,140,19
2024,8230,Ty Chandler,ty chandler,RB,153.0,167.6,153.0,170.5,100.1,111.6,88.6,492.0,3.0,23.0,174.0,1.0,,,18.0,141,46
2024,9481,Luke Musgrave,luke musgrave,TE,153.9,153.5,153.9,141.2,54.7,67.7,41.7,,,26.0,297.0,2.0,,,18.0,142,17
2024,11643,Jaylen Wright,jaylen wright,RB,155.2,163.4,155.2,162.5,60.6,67.1,54.1,294.0,2.0,13.0,87.0,1.0,,,18.0,143,47
2024,8132,Tyler Allgeier,tyler allgeier,RB,156.9,169.5,156.9,173.4,116.0,126.5,105.5,629.0,4.0,21.0,146.0,1.0,,,18.0,144,48
2024,6943,Gabe Davis,gabe davis,WR,157.8,164.2,157.8,159.3,128.2,155.7,100.7,5.0,,55.0,722.0,5.0,,,18.0,145,61
2024,2197,Brandin Cooks,brandin cooks,WR,158.7,171.8,158.7,161.5,115.9,140.9,90.9,17.0,,50.0,612.0,5.0,,,18.0,146,62
2024,421,Matthew Stafford,matthew stafford,QB,166.3,162.8,166.3,65.3,253.04,253.04,253.04,68.0,1.0,,,,3856.0,26.0,18.0,147,20
2024,11619,Ja'Lynn Polk,jalynn polk,WR,167.7,166.3,167.7,167.3,96.7,120.7,72.7,12.0,,48.0,535.0,3.0,,,18.0,148,63
2024,4381,Taysom Hill,taysom hill,TE,167.9,183.2,167.9,155.1,107.08,118.08,96.08,344.0,4.0,22.0,226.0,2.0,77.0,,18.0,149,18
2024,9486,Dontayvion Wicks,dontayvion wicks,WR,169.7,179.5,169.7,165.8,114.5,137.5,91.5,14.0,,46.0,601.0,5.0,,,18.0,150,64
2024,8119,Jahan Dotson,jahan dotson,WR,170.3,187.2,170.3,157.2,83.3,101.8,64.8,8.0,,37.0,480.0,3.0,,,18.0,151,65
2024,11581,MarShawn Lloyd,marshawn lloyd,RB,171.9,191.9,171.9,171.2,80.9,88.9,72.9,389.0,3.0,16.0,120.0,1.0,,,18.0,152,49
2024,9500,Josh Downs,josh downs,WR,172.9,173.9,172.9,164.3,137.8,170.3,105.3,24.0,,65.0,749.0,5.0,,,18.0,153,66
2024,9757,Kendre Miller,kendre miller,RB,173.1,186.4,173.1,156.7,55.7,61.2,50.2,244.0,2.0,11.0,78.0,1.0,,,18.0,154,50
2024,6945,Antonio Gibson,antonio gibson,RB,174.3,185.5,174.3,166.3,102.1,119.6,84.6,366.0,3.0,35.0,260.0,1.0,,,18.0,155,51
2024,11439,Jaleel McLaughlin,jaleel mclaughlin,RB,175.0,188.5,175.0,174.9,114.9,130.9,98.9,532.0,3.0,32.0,237.0,1.0,,,18.0,156,52
2024,11638,Ricky Pearsall,ricky pearsall,WR,176.4,184.7,176.4,169.4,62.6,75.6,49.6,9.0,,26.0,307.0,3.0,,,18.0,157,67
2024,11596,Ben Sinnott,ben sinnott,TE,177.8,170.8,177.8,159.7,66.5,82.0,51.0,,,31.0,330.0,3.0,,,18.0,158,19
2024,4892,Baker Mayfield,baker mayfield,QB,178.6,167.1,178.6,79.0,287.08,287.08,287.08,210.0,2.0,,,,4077.0,27.0,18.0,159,21
2024,1689,Adam Thielen,adam thielen,WR,179.3,172.7,179.3,175.6,124.7,158.7,90.7,7.0,,68.0,680.0,4.0,,,18.0,160,68
2024,11647,Kimani Vidal,kimani vidal,RB,180.0,194.6,180.0,180.3,77.0,85.5,68.5,397.0,3.0,17.0,128.0,,,,18.0,161,53
2024,11627,Troy Franklin,troy franklin,WR,181.6,190.6,181.6,172.9,85.6,105.1,66.1,5.0,,39.0,476.0,3.0,,,18.0,162,69
2024,7090,Darnell Mooney,darnell mooney,WR,181.6,192.6,181.6,181.5,118.0,143.0,93.0,15.0,,50.0,675.0,4.0,,,18.0,163,70
2024,11575,Ray Davis,ray davis,RB,183.5,197.1,183.5,187.7,107.2,116.7,97.7,551.0,4.0,19.0,146.0,1.0,,,18.0,164,54
2024,4017,Deshaun Watson,deshaun watson,QB,188.9,181.1,188.9,86.9,250.58,250.58,250.58,397.0,4.0,,,,3222.0,19.0,18.0,165,22
2024,8111,Cade Otton,cade otton,TE,190.3,174.0,190.3,154.5,99.3,124.3,74.3,,,50.0,503.0,4.0,,,18.0,166,20
2024,11576,Braelon Allen,braelon allen,RB,191.0,198.9,191.0,207.6,90.2,99.2,81.2,420.0,3.0,18.0,132.0,2.0,,,18.0,167,55
2024,8131,Isaiah Likely,isaiah likely,TE,192.9,181.0,192.9,182.3,98.0,121.0,75.0,,,46.0,510.0,4.0,,,18.0,168,21
2024,9754,Quentin Johnston,quentin johnston,WR,193.8,195.2,193.8,167.3,126.2,152.2,100.2,7.0,,52.0,695.0,5.0,,,18.0,169,71
2024,3214,Hunter Henry,hunter henry,TE,194.7,188.0,194.7,177.8,117.2,148.2,86.2,,,62.0,622.0,4.0,,,18.0,170,22
2024,11655,Tyrone Tracy,tyrone tracy,RB,195.3,199.1,195.3,188.3,105.8,117.8,93.8,518.0,3.0,24.0,180.0,1.0,,,18.0,171,56
2024,9501,DeMario Douglas,demario douglas,WR,195.3,195.4,195.3,183.6,105.0,132.0,78.0,31.0,,54.0,589.0,3.0,,,18.0,172,72
2024,7561,Elijah Mitchell,elijah mitchell,RB,197.6,200.2,197.6,203.5,,,,,,,,,,,18.0,173,57
2024,7608,Khalil Herbert,khalil herbert,RB,198.2,215.3,198.2,197.5,65.7,69.7,61.7,320.0,3.0,8.0,57.0,1.0,,,18.0,174,58
2024,11584,Bucky Irving,bucky irving,RB,199.3,207.9,199.3,199.2,112.0,125.0,99.0,517.0,4.0,26.0,193.0,1.0,,,18.0,175,59
2024,11630,Roman Wilson,roman wilson,WR,200.0,201.4,200.0,183.5,119.1,144.1,94.1,29.0,,50.0,672.0,4.0,,,18.0,176,73
2024,10232,Michael Wilson,michael wilson,WR,201.7,216.7,201.7,190.9,116.9,141.9,91.9,5.0,,50.0,674.0,4.0,,,18.0,177,74
2024,5133,Tyler Conklin,tyler conklin,TE,202.4,193.4,202.4,178.7,91.4,115.9,66.9,,,49.0,489.0,3.0,,,18.0,178,23
2024,8129,Dameon Pierce,dameon pierce,RB,202.5,212.4,202.5,185.3,70.8,75.3,66.3,436.0,3.0,9.0,67.0,,,,18.0,179,60
2024,9999,Will Levis,will levis,QB,204.1,205.1,204.1,100.7,246.74,246.74,246.74,169.0,2.0,,,,3721.0,22.0,18.0,180,23
2024,11640,Jermaine Burton,jermaine burton,WR,205.8,209.4,205.8,186.7,77.0,93.5,60.5,8.0,,33.0,417.0,3.0,,,18.0,181,75
2024,1373,Geno Smith,geno smith,QB,206.4,209.6,206.4,101.8,298.1,298.1,298.1,159.0,2.0,,,,4505.0,27.0,18.0,182,24
2024,11650,Luke McCaffrey,luke mccaffrey,WR,207.6,214.6,207.6,209.3,85.3,105.8,64.8,22.0,,41.0,446.0,3.0,,,18.0,183,76
2024,7571,Rashod Bateman,rashod bateman,WR,208.9,211.2,208.9,198.9,106.2,129.2,83.2,5.0,,46.0,587.0,4.0,,,18.0,184,77
2024,7591,Justin Fields,justin fields,QB,209.2,208.4,209.2,149.0,266.6,266.6,266.6,744.0,6.0,,,,3030.0,16.0,18.0,185,25
2024,9494,Marvin Mims,marvin mims,WR,209.6,226.7,209.6,191.7,28.7,34.7,22.7,7.0,,12.0,160.0,1.0,,,18.0,186,78
2024,8210,Chig Okonkwo,chig okonkwo,TE,211.9,213.8,211.9,175.5,69.2,86.7,51.7,3.0,,35.0,354.0,3.0,,,18.0,187,24
2024,11617,Malachi Corley,malachi corley,WR,212.2,223.0,212.2,194.8,25.5,31.5,19.5,8.0,,12.0,127.0,1.0,,,18.0,188,79
2024,11579,Audric Estime,audric estime,RB,213.6,227.7,213.6,211.2,50.6,56.6,44.6,238.0,2.0,12.0,88.0,,,,18.0,189,61
2024,11563,Bo Nix,bo nix,QB,220.8,206.9,220.8,137.7,247.9,247.9,247.9,455.0,4.0,,,,3110.0,18.0,18.0,190,26
2024,6820,Clyde Edwards-Helaire,clyde edwardshelaire,RB,221.5,224.0,221.5,223.3,49.0,56.5,41.5,183.0,1.0,15.0,112.0,1.0,,,18.0,191,62
2024,9225,Tank Bigsby,tank bigsby,RB,222.0,246.7,222.0,225.6,127.0,136.5,117.5,658.0,6.0,19.0,137.0,1.0,,,18.0,192,63
2024,5857,Noah Fant,noah fant,TE,223.2,216.9,223.2,191.0,93.6,118.6,68.6,,,50.0,506.0,3.0,,,18.0,193,25
2024,11577,Will Shipley,will shipley,RB,223.5,247.0,223.5,229.4,60.5,66.0,55.0,286.0,2.0,11.0,84.0,1.0,,,18.0,194,64
2024,3286,Demarcus Robinson,demarcus robinson,WR,225.2,244.2,225.2,214.4,119.6,143.6,95.6,12.0,,48.0,704.0,4.0,,,18.0,195,80
2024,11564,Drake Maye,drake maye,QB,226.5,222.6,226.5,129.7,155.08,155.08,155.08,202.0,2.0,,,,2172.0,12.0,18.0,196,27
2024,5970,Greg Dortch,greg dortch,WR,227.4,248.0,227.4,217.9,102.0,129.5,74.5,25.0,,55.0,540.0,3.0,,,18.0,197,81
2024,9228,Bryce Young,bryce young,QB,228.5,225.3,228.5,121.6,174.04,174.04,174.04,170.0,2.0,,,,2551.0,14.0,18.0,198,28
2024,5987,Alexander Mattison,alexander mattison,RB,229.3,231.0,229.3,210.4,127.0,142.5,111.5,614.0,4.0,31.0,221.0,1.0,,,18.0,199,65
2024,11565,J.J. McCarthy,jj mccarthy,QB,230.4,220.9,230.4,500.0,,,,,,,,,,,18.0,200,29
2024,8126,Wan'Dale Robinson,wandale robinson,WR,231.0,219.9,231.0,195.2,144.8,185.3,104.3,72.0,,81.0,751.0,4.0,,,18.0,201,82
2024,11600,Ja'Tavion Sanders,jatavion sanders,TE,232.4,221.4,232.4,193.3,69.5,85.5,53.5,,,32.0,355.0,3.0,,,18.0,202,26
2024,4993,Mike Gesicki,mike gesicki,TE,233.8,218.5,233.8,204.5,77.3,95.8,58.8,,,37.0,408.0,3.0,,,18.0,203,27
2024,6828,AJ Dillon,aj dillon,RB,234.0,243.7,234.0,230.5,,,,,,,,,,,18.0,204,66
2024,11618,Jalen McMillan,jalen mcmillan,WR,235.8,241.8,235.8,207.0,56.3,70.3,42.3,11.0,,28.0,292.0,2.0,,,18.0,205,83
2024,10235,Roschon Johnson,roschon johnson,RB,236.6,229.6,236.6,199.3,56.8,64.8,48.8,207.0,2.0,16.0,121.0,1.0,,,18.0,206,67
2024,9511,Keaton Mitchell,keaton mitchell,RB,237.3,255.6,237.3,219.6,39.0,44.0,34.0,205.0,1.0,10.0,75.0,,,,18.0,207,68
2024,11645,Javon Baker,javon baker,WR,237.3,228.4,237.3,205.7,30.8,37.8,23.8,8.0,,14.0,170.0,1.0,,,18.0,208,84
2024,4144,Jonnu Smith,jonnu smith,TE,239.3,230.5,239.3,212.8,72.4,90.4,54.4,,,36.0,364.0,3.0,,,18.0,209,28
2024,5870,Daniel Jones,daniel jones,QB,240.9,257.3,240.9,133.9,222.44,222.44,222.44,414.0,3.0,,,,2901.0,15.0,18.0,210,30
2024,4951,DJ Chark,dj chark,WR,241.5,256.2,241.5,228.3,75.2,90.7,59.7,6.0,,31.0,411.0,3.0,,,18.0,211,85
2024,11651,Isaac Guerendo,isaac guerendo,RB,242.4,264.1,242.4,239.4,66.7,72.7,60.7,336.0,3.0,12.0,91.0,,,,18.0,212,69
2024,3225,Tyler Boyd,tyler boyd,WR,243.1,242.9,243.1,220.4,82.4,103.9,60.9,8.0,,43.0,441.0,3.0,,,18.0,213,86
2024,2028,Derek Carr,derek carr,QB,244.4,253.3,244.4,122.2,231.8,231.8,231.8,68.0,1.0,,,,3650.0,22.0,18.0,214,31
2024,4111,D'Onta Foreman,donta foreman,RB,244.5,269.7,244.5,237.4,54.6,59.6,49.6,302.0,2.0,10.0,74.0,,,,18.0,215,70
2024,1234,Russell Wilson,russell wilson,QB,246.8,250.9,246.8,131.0,184.14,184.14,184.14,171.0,2.0,,,,2501.0,16.0,18.0,216,32
2024,2078,Odell Beckham,odell beckham,WR,247.9,251.8,247.9,235.4,78.0,95.0,61.0,7.0,,34.0,423.0,3.0,,,18.0,217,87
2024,7002,Juwan Johnson,juwan johnson,TE,248.4,271.4,248.4,206.1,69.9,85.9,53.9,,,32.0,359.0,3.0,,,18.0,218,29
2024,8408,Jordan Mason,jordan mason,RB,250.6,561.1,250.6,323.9,88.7,95.7,81.7,433.0,4.0,14.0,104.0,1.0,,,18.0,219,71
2024,5995,Justice Hill,justice hill,RB,253.5,240.2,253.5,257.5,81.5,98.0,65.0,230.0,2.0,33.0,240.0,1.0,,,18.0,220,72
2024,4943,Sam Darnold,sam darnold,QB,254.3,239.6,254.3,179.2,274.98,274.98,274.98,213.0,2.0,,,,3842.0,26.0,18.0,221,33
2024,8117,Jalen Tolbert,jalen tolbert,WR,255.8,249.1,255.8,234.9,99.0,122.5,75.5,9.0,,47.0,566.0,3.0,,,18.0,222,88
2024,11574,Dylan Laube,dylan laube,RB,256.8,261.4,256.8,231.6,56.1,63.6,48.6,256.0,2.0,15.0,110.0,,,,18.0,223,73
2024,7593,Trey Sermon,trey sermon,RB,257.4,263.9,257.4,256.0,56.3,61.3,51.3,318.0,2.0,10.0,75.0,,,,18.0,224,74
2024,11597,Theo Johnson,theo johnson,TE,258.1,244.1,258.1,215.4,68.1,84.1,52.1,,,32.0,341.0,3.0,,,18.0,225,30
2024,4149,Jamaal Williams,jamaal williams,RB,258.7,294.4,258.7,278.7,69.8,75.3,64.3,383.0,3.0,11.0,80.0,,,,18.0,226,75
2024,11559,Michael Penix,michael penix,QB,260.7,266.9,260.7,196.9,43.16,43.16,43.16,38.0,,,,,659.0,4.0,18.0,227,34
2024,7567,Kenneth Gainwell,kenneth gainwell,RB,261.8,270.5,261.8,263.5,48.2,55.2,41.2,188.0,1.0,14.0,104.0,1.0,,,18.0,228,76
2024,6865,Colby Parkinson,colby parkinson,TE,262.4,254.0,262.4,215.8,88.4,108.9,67.9,,,41.0,439.0,4.0,,,18.0,229,31
2024,1339,Zach Ertz,zach ertz,TE,263.1,258.2,263.1,226.0,71.8,91.8,51.8,,,40.0,398.0,2.0,,,18.0,230,32
2024,8172,Greg Dulcich,greg dulcich,TE,264.5,258.0,264.5,218.2,62.6,79.1,46.1,,,33.0,341.0,2.0,,,18.0,231,33
2024,8219,Jelani Woods,jelani woods,TE,265.5,270.8,265.5,222.4,,,,,,,,,,,18.0,232,34
2024,11621,Brenden Rice,brenden rice,WR,265.9,263.4,265.9,270.2,25.7,31.2,20.2,4.0,,11.0,138.0,1.0,,,18.0,233,89
2024,7596,Elijah Moore,elijah moore,WR,267.0,276.2,267.0,241.5,80.0,99.0,61.0,18.0,,38.0,412.0,3.0,,,18.0,234,90
2024,6011,Gardner Minshew,gardner minshew,QB,268.3,260.2,268.3,150.2,188.14,188.14,188.14,159.0,2.0,,,,2856.0,15.0,18.0,235,35
2024,9497,Jalin Hyatt,jalin hyatt,WR,269.2,265.8,269.2,242.5,58.1,69.6,46.6,3.0,,23.0,343.0,2.0,,,18.0,236,91
2024,5906,Dawson Knox,dawson knox,TE,270.7,251.6,270.7,233.5,64.2,78.7,49.7,,,29.0,317.0,3.0,,,18.0,237,35
2024,11629,Devontez Walker,devontez walker,WR,271.1,267.2,271.1,227.9,74.1,90.1,58.1,7.0,,32.0,394.0,3.0,,,18.0,238,92
2024,7601,Rondale Moore,rondale moore,WR,271.7,283.8,271.7,271.6,,,,,,,,,,,18.0,239,93
2024,4080,Zay Jones,zay jones,WR,272.2,265.3,272.2,223.2,70.9,86.9,54.9,6.0,,32.0,383.0,3.0,,,18.0,240,94
2024,6149,Darius Slayton,darius slayton,WR,272.6,278.2,272.6,239.5,103.0,123.0,83.0,6.0,,40.0,584.0,4.0,,,18.0,241,95
2024,9484,Tucker Kraft,tucker kraft,TE,274.2,262.5,274.2,201.7,96.5,120.0,73.0,,,47.0,490.0,4.0,,,18.0,242,36
2024,4454,Kendrick Bourne,kendrick bourne,WR,275.7,281.7,275.7,243.2,88.0,107.5,68.5,12.0,,39.0,493.0,3.0,,,18.0,243,96
2024,9482,Michael Mayer,michael mayer,TE,276.3,268.7,276.3,213.1,54.2,67.7,40.7,,,27.0,287.0,2.0,,,18.0,244,37
2024,8560,Davis Cheek,davis cheek,QB,277.0,633.0,277.0,999.0,,,,,,,,,,,18.0,245,36
2024,2025,Albert Wilson,albert wilson,WR,278.0,588.0,278.0,681.0,,,,,,,,,,,18.0,246,97
2024,6886,Chase Claypool,chase claypool,WR,278.5,667.9,278.5,274.1,26.3,31.8,20.8,5.0,,11.0,143.0,1.0,,,18.0,247,98
2024,12239,Peewee Jarrett,peewee jarrett,QB,279.0,642.8,279.0,438.3,,,,,,,,,,,18.0,248,37
2024,9505,Deuce Vaughn,deuce vaughn,RB,279.7,289.9,279.7,309.5,30.8,35.3,26.3,133.0,1.0,9.0,70.0,,,,18.0,249,77
2024,5618,Larry Rose,larry rose,RB,281.0,395.1,281.0,999.0,,,,,,,,,,,18.0,250,78
2024,11610,Malik Washington,malik washington,WR,281.8,279.2,281.8,263.1,30.5,37.0,24.0,14.0,,13.0,166.0,1.0,,,18.0,251,99
2024,6973,J.J. Taylor,jj taylor,RB,282.0,373.5,282.0,999.0,23.6,25.1,22.1,139.0,1.0,3.0,22.0,,,,18.0,252,79
2024,8135,Treylon Burks,treylon burks,WR,282.1,302.5,282.1,266.2,86.5,104.5,68.5,34.0,,36.0,491.0,3.0,,,18.0,253,100
2024,11491,Austin Aune,austin aune,QB,283.0,636.5,283.0,526.0,,,,,,,,,,,18.0,254,38
2024,10213,Tre Tucker,tre tucker,WR,283.4,291.0,283.4,258.8,120.9,147.9,93.9,63.0,1.0,54.0,576.0,4.0,,,18.0,255,101
2024,2312,Kevin White,kevin white,WR,284.0,999.0,284.0,675.5,,,,,,,,,,,18.0,256,102
2024,11570,Rasheen Ali,rasheen ali,RB,284.7,286.0,284.7,275.1,33.0,36.0,30.0,196.0,1.0,6.0,44.0,,,,18.0,257,80
2024,11431,Isaiah Bowser,isaiah bowser,RB,285.0,447.4,285.0,574.6,,,,,,,,,,,18.0,258,81
2024,10225,Jonathan Mingo,jonathan mingo,WR,285.4,298.2,285.4,279.5,58.2,71.7,44.7,8.0,,27.0,319.0,2.0,,,18.0,259,103
2024,11189,Zay Malone,zay malone,WR,286.0,327.0,286.0,538.0,,,,,,,,,,,18.0,260,104
2024,11573,Frank Gore,frank gore,RB,286.3,304.9,286.3,319.9,27.8,30.8,24.8,145.0,1.0,6.0,43.0,,,,18.0,261,82
2024,5609,Stephen Baggett,stephen baggett,TE,287.0,999.0,287.0,999.0,,,,,,,,,,,18.0,262,38
2024,4171,Josh Reynolds,josh reynolds,WR,287.3,299.9,287.3,279.2,87.9,107.9,67.9,6.0,,40.0,493.0,3.0,,,18.0,263,105
2024,4973,Hayden Hurst,hayden hurst,TE,287.6,275.8,287.6,231.7,54.8,68.8,40.8,,,28.0,288.0,2.0,,,18.0,264,39
2024,956,Mark Ingram,mark ingram,RB,288.0,505.5,288.0,437.0,,,,,,,,,,,18.0,265,83
2024,9220,Evan Hull,evan hull,RB,289.3,308.3,289.3,313.9,35.3,39.3,31.3,134.0,1.0,8.0,59.0,1.0,,,18.0,266,84
2024,5548,Elijah Marks,elijah marks,WR,290.0,999.0,290.0,999.0,,,,,,,,,,,18.0,267,106
2024,4147,Samaje Perine,samaje perine,RB,290.2,295.8,290.2,267.0,69.6,81.6,57.6,238.0,2.0,24.0,178.0,1.0,,,18.0,268,85
2024,3309,Wendell Smallwood,wendell smallwood,RB,291.0,536.8,291.0,687.5,,,,,,,,,,,18.0,269,86
2024,6151,Miles Sanders,miles sanders,RB,291.3,301.3,291.3,265.0,30.8,33.8,27.8,194.0,1.0,6.0,44.0,,,,18.0,270,87
2024,5465,Nick Keizer,nick keizer,TE,292.0,999.0,292.0,999.0,,,,,,,,,,,18.0,271,40
2024,8225,Daniel Bellinger,daniel bellinger,TE,292.5,279.7,292.5,238.0,26.0,32.5,19.5,,,13.0,135.0,1.0,,,18.0,272,41
2024,7066,K.J. Osborn,kj osborn,WR,293.5,293.5,293.5,269.8,48.0,58.0,38.0,4.0,,20.0,256.0,2.0,,,18.0,273,107
2024,4054,Mo Alie-Cox,mo aliecox,TE,293.5,506.7,293.5,661.9,21.5,26.5,16.5,,,10.0,105.0,1.0,,,18.0,274,42
2024,1848,James White,james white,RB,294.0,288.0,294.0,487.2,,,,,,,,,,,18.0,275,88
2024,10866,Aidan O'Connell,aidan oconnell,QB,294.1,290.6,294.1,189.8,56.24,56.24,56.24,20.0,,,,,906.0,6.0,18.0,276,39
2024,5929,Anthony Johnson,anthony johnson,WR,295.0,999.0,295.0,999.0,,,,,,,,,,,18.0,277,108
2024,10863,A.T. Perry,at perry,WR,295.1,282.8,295.1,268.3,54.6,65.6,43.6,4.0,,22.0,312.0,2.0,,,18.0,278,109
2024,23,Jason Witten,jason witten,TE,296.0,471.2,296.0,418.0,,,,,,,,,,,18.0,279,43
2024,200,Vernon Davis,vernon davis,TE,297.0,355.0,297.0,999.0,,,,,,,,,,,18.0,280,44
2024,5464,De'Lance Turner,delance turner,RB,298.0,999.0,298.0,999.0,,,,,,,,,,,18.0,281,89
2024,4752,Fred Brown,fred brown,WR,300.5,999.0,300.5,999.0,,,,,,,,,,,18.0,282,110
2024,5863,J.J. Arcega-Whiteside,jj arcegawhiteside,WR,301.0,999.0,301.0,999.0,,,,,,,,,,,18.0,283,111
2024,1077,Travis Benjamin,travis benjamin,WR,302.5,485.0,302.5,527.2,,,,,,,,,,,18.0,284,112
2024,11504,Jose Barbon,jose barbon,WR,303.5,999.0,303.5,999.0,,,,,,,,,,,18.0,285,113
2024,6196,Christian Wade,christian wade,RB,304.5,507.0,304.5,999.0,,,,,,,,,,,18.0,286,90
2024,12268,Colby Suits,colby suits,QB,305.0,589.3,305.0,999.0,,,,,,,,,,,18.0,287,40
2024,11204,Duece Watts,duece watts,WR,306.0,656.2,306.0,487.7,,,,,,,,,,,18.0,288,114
2024,8828,Michael Young,michael young,WR,307.0,424.0,307.0,999.0,,,,,,,,,,,18.0,289,115
2024,7972,Tony Poljan,tony poljan,TE,309.0,999.0,309.0,999.0,,,,,,,,,,,18.0,290,45
2024,5977,Terry Godwin,terry godwin,WR,310.0,490.5,310.0,999.0,,,,,,,,,,,18.0,291,116
2024,11410,Braxton Burmeister,braxton burmeister,WR,311.0,392.0,311.0,999.0,,,,,,,,,,,18.0,292,117
2024,6992,Michael Warren,michael warren,RB,312.0,343.0,312.0,999.0,,,,,,,,,,,18.0,293,91
2024,11649,Kendall Milton,kendall milton,RB,313.0,631.3,313.0,596.6,,,,,,,,,,,18.0,294,92
2024,11304,E.J. Jenkins,ej jenkins,TE,314.0,394.6,314.0,999.0,,,,,,,,,,,18.0,295,46
2024,11561,Michael Pratt,michael pratt,QB,315.0,539.8,315.0,692.1,11.8,11.8,11.8,12.0,,,,,190.0,1.0,18.0,296,41
2024,11257,Shedrick Jackson,shedrick jackson,WR,316.0,669.6,316.0,999.0,,,,,,,,,,,18.0,297,118
2024,5209,Mike Boone,mike boone,RB,317.0,999.0,317.0,647.5,18.1,20.6,15.6,66.0,1.0,5.0,30.0,,,,18.0,298,93
2024,1071,Mohamed Sanu,mohamed sanu,WR,319.3,646.5,319.3,587.0,,,,,,,,,,,18.0,299,119
2024,7234,Maurice Ffrench,maurice ffrench,WR,320.0,999.0,320.0,634.5,,,,,,,,,,,18.0,300,120
2024,6908,La'Mical Perine,lamical perine,RB,321.0,665.5,321.0,999.0,4.6,5.6,3.6,25.0,,2.0,11.0,,,,18.0,301,94
2024,11924,Tanner Mordecai,tanner mordecai,QB,322.0,689.2,322.0,425.5,,,,,,,,,,,18.0,302,42
2024,1144,Cole Beasley,cole beasley,WR,323.0,593.2,323.0,588.1,,,,,,,,,,,18.0,303,121
2024,8938,Nathan Rourke,nathan rourke,QB,324.0,585.8,324.0,999.0,,,,,,,,,,,18.0,304,43
2024,1149,Alshon Jeffery,alshon jeffery,WR,325.5,647.1,325.5,999.0,,,,,,,,,,,18.0,305,122
2024,11111,Sy Barnett,sy barnett,WR,326.0,476.8,326.0,405.0,,,,,,,,,,,18.0,306,123
2024,11172,Shae Wyatt,shae wyatt,WR,327.0,317.0,327.0,999.0,,,,,,,,,,,18.0,307,124
2024,2229,Garrett Gilbert,garrett gilbert,QB,327.0,497.0,327.0,999.0,,,,,,,,,,,18.0,308,44
2024,8077,Otis Anderson,otis anderson,RB,328.0,407.0,328.0,999.0,,,,,,,,,,,18.0,309,95
2024,8583,Stone Smartt,stone smartt,TE,330.0,624.3,330.0,683.5,18.7,22.7,14.7,,,8.0,87.0,1.0,,,18.0,310,47
2024,2711,Taylor Heinicke,taylor heinicke,QB,331.0,617.5,331.0,662.0,11.2,11.2,11.2,14.0,,,,,220.0,1.0,18.0,311,45
2024,4938,Speedy Noil,speedy noil,WR,332.0,293.0,332.0,999.0,,,,,,,,,,,18.0,312,125
2024,8214,Cole Turner,cole turner,TE,333.0,332.5,333.0,682.0,18.7,22.7,14.7,,,8.0,87.0,1.0,,,18.0,313,48
2024,4787,Jordan Westerkamp,jordan westerkamp,WR,334.0,999.0,334.0,999.0,,,,,,,,,,,18.0,314,126
2024,12300,Joshua Lingenfelter,joshua lingenfelter,TE,335.0,625.0,335.0,999.0,,,,,,,,,,,18.0,315,49
2024,4453,Victor Bolden,victor bolden,WR,337.0,617.1,337.0,999.0,,,,,,,,,,,18.0,316,127
2024,8575,Erik Krommenhoek,erik krommenhoek,TE,338.0,314.0,338.0,357.0,,,,,,,,,,,18.0,317,50
2024,11113,Joel Wilson,joel wilson,TE,339.0,636.7,339.0,999.0,,,,,,,,,,,18.0,318,51
2024,6996,JaMycal Hasty,jamycal hasty,RB,340.0,345.0,340.0,999.0,31.1,36.1,26.1,127.0,1.0,10.0,74.0,,,,18.0,319,96
2024,2152,Teddy Bridgewater,teddy bridgewater,QB,341.0,591.2,341.0,696.5,,,,,,,,,,,18.0,320,46
2024,11270,Hassan Hall,hassan hall,RB,342.0,522.6,342.0,678.3,,,,,,,,,,,18.0,321,97
2024,4208,Rodney Adams,rodney adams,WR,343.0,999.0,343.0,999.0,,,,,,,,,,,18.0,322,128
2024,8105,Brayden Lenius,brayden lenius,TE,344.0,604.0,344.0,999.0,,,,,,,,,,,18.0,323,52
2024,1916,Martavis Bryant,martavis bryant,WR,346.0,999.0,346.0,396.0,,,,,,,,,,,18.0,324,129
2024,4480,Bobo Wilson,bobo wilson,WR,347.0,524.5,347.0,999.0,,,,,,,,,,,18.0,325,130
2024,7609,Demetric Felton,demetric felton,RB,348.0,669.6,348.0,999.0,,,,,,,,,,,18.0,326,98
2024,7978,Tre Walker,tre walker,WR,349.0,481.0,349.0,697.3,,,,,,,,,,,18.0,327,131
2024,8489,Drew Ogletree,drew ogletree,TE,350.0,999.0,350.0,663.3,23.2,28.7,17.7,,,11.0,117.0,1.0,,,18.0,328,53
2024,6919,Thaddeus Moss,thaddeus moss,TE,351.0,568.8,351.0,528.5,,,,,,,,,,,18.0,329,54
2024,12033,OJ Hiliare,oj hiliare,WR,352.0,524.5,352.0,999.0,,,,,,,,,,,18.0,330,132
2024,8721,De'Montre Tuggle,demontre tuggle,RB,353.0,440.5,353.0,554.5,,,,,,,,,,,18.0,331,99
2024,7414,Johnathon Johnson,johnathon johnson,WR,355.0,320.0,355.0,599.0,,,,,,,,,,,18.0,332,133
2024,1232,Robert Turbin,robert turbin,RB,356.0,372.0,356.0,999.0,,,,,,,,,,,18.0,333,100
2024,12443,Devon Garrison,devon garrison,TE,357.0,379.6,357.0,999.0,,,,,,,,,,,18.0,334,55
2024,12399,Caleb Chapman,caleb chapman,WR,358.5,999.0,358.5,999.0,,,,,,,,,,,18.0,335,134
2024,6075,Jesper Horsted,jesper horsted,TE,359.0,392.5,359.0,678.0,,,,,,,,,,,18.0,336,56
2024,11374,James Blackman,james blackman,QB,360.0,548.5,360.0,506.5,,,,,,,,,,,18.0,337,47
2024,7589,Ian Book,ian book,QB,361.0,642.5,361.0,383.0,,,,,,,,,,,18.0,338,48
2024,10234,Derius Davis,derius davis,WR,362.3,657.0,362.3,583.5,30.1,36.1,24.1,30.0,,12.0,151.0,1.0,,,18.0,339,135
2024,7149,Tommy Stevens,tommy stevens,TE,363.0,700.0,363.0,999.0,,,,,,,,,,,18.0,340,57
2024,1777,Josh Hill,josh hill,TE,363.0,686.0,363.0,686.0,,,,,,,,,,,18.0,341,58
2024,1346,Marquise Goodwin,marquise goodwin,WR,363.5,444.7,363.5,441.0,21.4,24.9,17.9,13.0,,7.0,106.0,1.0,,,18.0,342,136
2024,1029,Nick Foles,nick foles,QB,366.9,424.1,366.9,615.3,,,,,,,,,,,18.0,343,49
2024,5102,Daurice Fountain,daurice fountain,WR,367.0,999.0,367.0,461.8,,,,,,,,,,,18.0,344,137
2024,1338,Matt Barkley,matt barkley,QB,369.0,545.4,369.0,537.3,,,,,,,,,,,18.0,345,50
2024,7545,Marlon Williams,marlon williams,WR,371.0,999.0,371.0,999.0,,,,,,,,,,,18.0,346,138
2024,6343,Manny Wilkins,manny wilkins,QB,372.5,566.0,372.5,999.0,,,,,,,,,,,18.0,347,51
2024,1567,Tavon Austin,tavon austin,WR,374.3,682.3,374.3,455.3,,,,,,,,,,,18.0,348,139
2024,1329,Chris Hogan,chris hogan,WR,375.5,999.0,375.5,999.0,,,,,,,,,,,18.0,349,140
2024,10216,Kenny McIntosh,kenny mcintosh,RB,376.0,691.7,376.0,671.4,7.5,8.5,6.5,50.0,,2.0,15.0,,,,18.0,350,101
2024,830,A.J. Green,aj green,WR,377.5,475.1,377.5,575.2,,,,,,,,,,,18.0,351,141
2024,8159,Desmond Ridder,desmond ridder,QB,378.0,567.2,378.0,343.8,63.84,63.84,63.84,86.0,1.0,,,,881.0,5.0,18.0,352,52
2024,7235,Aleva Hifo,aleva hifo,WR,379.0,999.0,379.0,999.0,,,,,,,,,,,18.0,353,142
2024,6598,Trenton Irwin,trenton irwin,WR,380.0,595.3,380.0,639.3,22.8,27.3,18.3,4.0,,9.0,119.0,1.0,,,18.0,354,143
2024,3664,J.D. McKissic,jd mckissic,RB,381.8,290.0,381.8,999.0,,,,,,,,,,,18.0,355,102
2024,7336,James Gilbert,james gilbert,RB,384.0,571.4,384.0,393.0,,,,,,,,,,,18.0,356,103
2024,5127,Kyle Allen,kyle allen,QB,385.0,999.0,385.0,580.5,9.96,9.96,9.96,10.0,,,,,149.0,1.0,18.0,357,53
2024,6866,KJ Hill,kj hill,WR,387.5,663.0,387.5,999.0,,,,,,,,,,,18.0,358,144
2024,7438,Kristian Wilkerson,kristian wilkerson,WR,388.0,369.0,999.0,999.0,,,,,,,,,,,18.0,359,145
2024,490,Chase Daniel,chase daniel,QB,389.0,573.9,999.0,677.0,,,,,,,,,,,18.0,360,54
2024,9223,Tiyon Evans,tiyon evans,RB,389.0,389.0,389.0,999.0,,,,,,,,,,,18.0,361,104
2024,11140,Leonard Taylor,leonard taylor,TE,390.0,350.5,390.0,631.6,,,,,,,,,,,18.0,362,59
2024,6271,Olamide Zaccheaus,olamide zaccheaus,WR,393.0,676.8,393.0,651.3,81.6,99.6,63.6,15.0,,36.0,441.0,3.0,,,18.0,363,146
2024,1451,C.J. Anderson,cj anderson,RB,394.5,658.5,394.5,999.0,,,,,,,,,,,18.0,364,105
2024,10233,Max Duggan,max duggan,QB,395.8,618.0,395.8,655.8,,,,,,,,,,,18.0,365,55
2024,8892,Keric Wheatfall,keric wheatfall,WR,397.0,397.0,397.0,999.0,,,,,,,,,,,18.0,366,147
2024,5734,C.J. Duncan,cj duncan,WR,397.5,999.0,397.5,999.0,,,,,,,,,,,18.0,367,148
2024,11053,Antoine Green,antoine green,WR,398.8,641.5,398.8,657.8,26.1,32.1,20.1,,,12.0,141.0,1.0,,,18.0,368,149
2024,8756,Brandon Johnson,brandon johnson,WR,400.0,632.0,400.0,646.9,24.1,29.1,19.1,7.0,,10.0,124.0,1.0,,,18.0,369,150
2024,1603,Luke Willson,luke willson,TE,401.0,999.0,999.0,999.0,,,,,,,,,,,18.0,370,60
2024,3357,Brandon Allen,brandon allen,QB,402.8,611.3,402.8,698.5,9.96,9.96,9.96,10.0,,,,,149.0,1.0,18.0,371,56
2024,4996,Kyle Lauletta,kyle lauletta,QB,404.0,626.0,404.0,999.0,,,,,,,,,,,18.0,372,57
2024,7946,Jack Stoll,jack stoll,TE,404.0,409.0,404.0,692.0,20.0,24.5,15.5,,,9.0,95.0,1.0,,,18.0,373,61
2024,7935,Eli Stove,eli stove,WR,404.7,295.0,999.0,999.0,,,,,,,,,,,18.0,374,151
2024,5261,Jester Weah,jester weah,WR,405.0,999.0,999.0,999.0,,,,,,,,,,,18.0,375,152
2024,147,DeSean Jackson,desean jackson,WR,405.2,674.5,405.2,999.0,,,,,,,,,,,18.0,376,153
2024,7891,Brock Wright,brock wright,TE,406.0,676.3,406.0,684.0,22.4,27.9,16.9,,,11.0,109.0,1.0,,,18.0,377,62
2024,12168,Zach Mathis,zach mathis,WR,407.0,537.0,407.0,999.0,,,,,,,,,,,18.0,378,154
2024,1067,Marvin Jones,marvin jones,WR,407.5,697.0,407.5,529.0,,,,,,,,,,,18.0,379,155
2024,12435,Geor'Quarius Spivey,georquarius spivey,TE,408.4,685.3,408.4,999.0,,,,,,,,,,,18.0,380,63
2024,5101,Deon Cain,deon cain,WR,409.0,361.5,409.0,999.0,,,,,,,,,,,18.0,381,156
2024,11292,Tommy DeVito,tommy devito,QB,410.3,652.2,410.3,637.7,55.76,55.76,55.76,68.0,1.0,,,,799.0,4.0,18.0,382,58
2024,333,Ryan Fitzpatrick,ryan fitzpatrick,QB,411.5,637.1,411.5,530.3,,,,,,,,,,,18.0,383,59
2024,574,Dez Bryant,dez bryant,WR,412.5,597.8,412.5,639.8,,,,,,,,,,,18.0,384,157
2024,8008,Josh Imatorbhebhe,josh imatorbhebhe,WR,413.9,596.1,999.0,638.0,,,,,,,,,,,18.0,385,158
2024,6069,Stanley Morgan,stanley morgan,WR,414.0,999.0,414.0,999.0,,,,,,,,,,,18.0,386,159
2024,5974,Trace McSorley,trace mcsorley,QB,416.9,474.3,416.9,466.0,,,,,,,,,,,18.0,387,60
2024,5398,Justin Crawford,justin crawford,RB,417.0,380.0,417.0,999.0,,,,,,,,,,,18.0,388,106
2024,8881,Willie Johnson,willie johnson,WR,417.0,417.0,417.0,999.0,,,,,,,,,,,18.0,389,160
2024,6001,Drew Sample,drew sample,TE,417.0,579.5,417.0,695.4,24.6,30.6,18.6,,,12.0,126.0,1.0,,,18.0,390,64
2024,4519,Devine Redding,devine redding,RB,417.5,562.5,417.5,999.0,,,,,,,,,,,18.0,391,107
2024,4934,Jalen Williams,jalen williams,WR,418.5,999.0,418.5,999.0,,,,,,,,,,,18.0,392,161
2024,5112,Bo Scarbrough,bo scarbrough,RB,418.8,999.0,999.0,546.4,,,,,,,,,,,18.0,393,108
2024,8613,Taysir Mack,taysir mack,WR,419.0,553.0,419.0,524.7,,,,,,,,,,,18.0,394,162
2024,5432,Cam Sims,cam sims,WR,419.5,999.0,419.5,999.0,,,,,,,,,,,18.0,395,163
2024,8876,Kevin Kassis,kevin kassis,WR,421.0,421.0,421.0,999.0,,,,,,,,,,,18.0,396,164
2024,4177,Mack Hollins,mack hollins,WR,421.8,603.2,421.8,639.5,45.3,55.3,35.3,,,20.0,233.0,2.0,,,18.0,397,165
2024,8863,Kaylon Geiger,kaylon geiger,WR,422.0,500.0,422.0,999.0,,,,,,,,,,,18.0,398,166
2024,11311,Jason Brownlee,jason brownlee,WR,422.0,601.8,422.0,634.7,25.6,31.1,20.1,3.0,,11.0,138.0,1.0,,,18.0,399,167
2024,12246,Mike Rigerman,mike rigerman,TE,423.5,631.5,423.5,999.0,,,,,,,,,,,18.0,400,65
2024,2315,Todd Gurley,todd gurley,RB,424.5,686.6,424.5,539.4,,,,,,,,,,,18.0,401,109
2024,6259,Darnell Holland,darnell holland,RB,425.0,526.8,999.0,999.0,,,,,,,,,,,18.0,402,110
2024,12226,Lorenzo Lingard,lorenzo lingard,RB,425.0,649.0,425.0,999.0,,,,,,,,,,,18.0,403,111
2024,7395,Rashad Medaris,rashad medaris,WR,426.0,999.0,999.0,999.0,,,,,,,,,,,18.0,404,168
2024,24,Matt Ryan,matt ryan,QB,426.6,560.7,426.6,627.1,,,,,,,,,,,18.0,405,61
2024,6920,Isaiah Hodgins,isaiah hodgins,WR,428.0,665.7,428.0,682.4,31.7,38.7,24.7,4.0,,14.0,183.0,1.0,,,18.0,406,169
2024,4931,Austin Appleby,austin appleby,QB,428.5,693.0,428.5,607.0,,,,,,,,,,,18.0,407,62
2024,6857,Collin Johnson,collin johnson,WR,429.0,699.3,429.0,474.8,,,,,,,,,,,18.0,408,170
2024,3440,Josh Woodrum,josh woodrum,QB,430.0,662.0,430.0,999.0,,,,,,,,,,,18.0,409,63
2024,11435,Emanuel Wilson,emanuel wilson,RB,431.3,620.5,431.3,630.5,82.8,93.8,71.8,333.0,3.0,22.0,165.0,1.0,,,18.0,410,112
2024,6730,Jordan Ta'amu,jordan taamu,QB,432.5,459.0,432.5,999.0,,,,,,,,,,,18.0,411,64
2024,111,Marcedes Lewis,marcedes lewis,TE,433.5,631.5,433.5,593.1,,,,,,,,,,,18.0,412,66
2024,6089,Daniel Helm,daniel helm,TE,435.0,502.8,435.0,999.0,,,,,,,,,,,18.0,413,67
2024,12421,David Wallis,david wallis,WR,436.0,443.0,436.0,629.9,,,,,,,,,,,18.0,414,171
2024,4779,Bra'Lon Cherry,bralon cherry,WR,438.0,999.0,999.0,999.0,,,,,,,,,,,18.0,415,172
2024,8825,Kekoa Crawford,kekoa crawford,WR,438.0,438.0,438.0,999.0,,,,,,,,,,,18.0,416,173
2024,954,Cam Newton,cam newton,QB,438.0,644.7,438.0,462.7,,,,,,,,,,,18.0,417,65
2024,8858,Keshunn Abram,keshunn abram,WR,439.0,439.0,439.0,999.0,3.2,4.2,2.2,,,2.0,22.0,,,,18.0,418,174
2024,7619,Mathew Sexton,mathew sexton,WR,439.0,999.0,439.0,652.0,,,,,,,,,,,18.0,419,175
2024,3200,Sterling Shepard,sterling shepard,WR,439.5,681.8,439.5,681.1,32.6,41.1,24.1,,,17.0,181.0,1.0,,,18.0,420,176
2024,7530,Frank Darby,frank darby,WR,440.0,402.0,999.0,999.0,,,,,,,,,,,18.0,421,177
2024,8707,Tayon Fleet-Davis,tayon fleetdavis,RB,440.0,440.0,440.0,999.0,,,,,,,,,,,18.0,422,113
2024,5787,Bryce Bobo,bryce bobo,WR,440.0,563.9,440.0,698.0,,,,,,,,,,,18.0,423,178
2024,4434,Brisly Estime,brisly estime,WR,441.0,501.5,441.0,467.5,,,,,,,,,,,18.0,424,179
2024,178,Matt Schaub,matt schaub,QB,442.0,525.5,442.0,671.5,,,,,,,,,,,18.0,425,66
2024,6662,Parker Hesse,parker hesse,TE,443.3,630.0,999.0,999.0,,,,,,,,,,,18.0,426,68
2024,7901,Rico Bussey,rico bussey,WR,443.5,999.0,443.5,563.3,,,,,,,,,,,18.0,427,180
2024,7081,James Morgan,james morgan,QB,446.3,526.8,999.0,999.0,,,,,,,,,,,18.0,428,67
2024,2391,David Johnson,david johnson,RB,446.8,687.3,446.8,436.1,,,,,,,,,,,18.0,429,114
2024,7539,Gerrid Doaks,gerrid doaks,RB,447.3,999.0,999.0,999.0,,,,,,,,,,,18.0,430,115
2024,7159,Reid Sinnett,reid sinnett,QB,447.5,999.0,447.5,999.0,,,,,,,,,,,18.0,431,68
2024,8878,Jared Scott,jared scott,TE,450.0,450.0,450.0,999.0,,,,,,,,,,,18.0,432,69
2024,6755,Tavonn Salter,tavonn salter,WR,451.0,999.0,999.0,999.0,,,,,,,,,,,18.0,433,181
2024,8885,Tucker Fisk,tucker fisk,TE,451.0,451.0,451.0,999.0,14.8,18.3,11.3,,,7.0,53.0,1.0,,,18.0,434,70
2024,10221,Ronnie Bell,ronnie bell,WR,451.1,637.0,451.1,669.1,25.3,30.8,19.8,4.0,,11.0,134.0,1.0,,,18.0,435,182
2024,289,Drew Brees,drew brees,QB,452.0,671.3,452.0,667.7,,,,,,,,,,,18.0,436,69
2024,11623,Jordan Whittington,jordan whittington,WR,453.1,537.3,453.1,554.4,97.2,119.2,75.2,,,44.0,512.0,4.0,,,18.0,437,183
2024,3239,Bronson Kaufusi,bronson kaufusi,TE,453.7,999.0,999.0,999.0,,,,,,,,,,,18.0,438,71
2024,8749,Tyreik McAllister,tyreik mcallister,RB,454.0,636.0,454.0,622.0,11.1,14.1,8.1,22.0,,6.0,59.0,,,,18.0,439,116
2024,2460,C.J. Uzomah,cj uzomah,TE,454.5,426.9,454.5,638.0,,,,,,,,,,,18.0,440,72
2024,7038,Darius Anderson,darius anderson,RB,455.3,999.0,999.0,999.0,,,,,,,,,,,18.0,441,117
2024,331,Philip Rivers,philip rivers,QB,457.0,419.5,457.0,592.0,,,,,,,,,,,18.0,442,70
2024,4626,Amba Etta-Tawo,amba ettatawo,WR,458.0,296.0,458.0,999.0,,,,,,,,,,,18.0,443,184
2024,11582,Carson Steele,carson steele,RB,459.1,599.5,459.1,691.0,47.1,52.6,41.6,213.0,2.0,11.0,83.0,,,,18.0,444,118
2024,3695,J.P. Holtz,jp holtz,TE,459.8,999.0,459.8,999.0,,,,,,,,,,,18.0,445,73
2024,5154,Trent Sherfield,trent sherfield,WR,460.0,665.0,460.0,699.5,29.6,36.1,23.1,4.0,,13.0,167.0,1.0,,,18.0,446,185
2024,11957,Sam Schnee,sam schnee,WR,460.9,531.0,460.9,999.0,,,,,,,,,,,18.0,447,186
2024,7397,Parker Houston,parker houston,TE,461.0,376.8,461.0,999.0,,,,,,,,,,,18.0,448,74
2024,5938,Lil'Jordan Humphrey,liljordan humphrey,WR,461.5,399.5,461.5,668.1,52.4,64.4,40.4,,,24.0,284.0,2.0,,,18.0,449,187
2024,8813,Anthony Turner,anthony turner,WR,462.0,462.0,462.0,999.0,,,,,,,,,,,18.0,450,188
2024,8817,Nolan Givan,nolan givan,TE,464.0,464.0,464.0,607.0,,,,,,,,,,,18.0,451,75
2024,6427,Ashton Dulin,ashton dulin,WR,464.0,999.0,464.0,679.5,21.1,25.6,16.6,4.0,,9.0,102.0,1.0,,,18.0,452,189
2024,7481,Chase Harrell,chase harrell,TE,465.0,999.0,999.0,999.0,,,,,,,,,,,18.0,453,76
2024,1903,Taylor Gabriel,taylor gabriel,WR,465.0,999.0,465.0,999.0,,,,,,,,,,,18.0,454,190
2024,5245,Troy Mangen,troy mangen,TE,465.8,999.0,465.8,999.0,,,,,,,,,,,18.0,455,77
2024,4151,Jake Butt,jake butt,TE,466.1,435.1,466.1,507.6,,,,,,,,,,,18.0,456,78
2024,4085,Adam Shaheen,adam shaheen,TE,467.0,999.0,467.0,999.0,,,,,,,,,,,18.0,457,79
2024,8884,JJ Howland,jj howland,TE,467.5,663.4,467.5,999.0,,,,,,,,,,,18.0,458,80
2024,2040,Scott Simonson,scott simonson,TE,467.6,467.6,467.6,999.0,,,,,,,,,,,18.0,459,81
2024,3343,Nate Sudfeld,nate sudfeld,QB,467.8,666.0,467.8,646.0,,,,,,,,,,,18.0,460,71
2024,533,Colt McCoy,colt mccoy,QB,468.0,611.6,468.0,517.6,8.2,8.2,8.2,8.0,,,,,85.0,1.0,18.0,461,72
2024,5322,James Looney,james looney,TE,468.8,999.0,468.8,999.0,,,,,,,,,,,18.0,462,82
2024,663,Benjamin Watson,benjamin watson,TE,469.5,697.5,469.5,999.0,,,,,,,,,,,18.0,463,83
2024,4630,I'Tavius Mathers,itavius mathers,RB,470.9,597.5,470.9,999.0,,,,,,,,,,,18.0,464,119
2024,8076,Michael Bandy,michael bandy,WR,471.0,471.0,471.0,615.4,,,,,,,,,,,18.0,465,191
2024,6692,Joe Horn,joe horn,WR,471.3,418.0,471.3,999.0,,,,,,,,,,,18.0,466,192
2024,9495,Rakim Jarrett,rakim jarrett,WR,471.8,471.8,471.8,671.7,31.5,38.5,24.5,10.0,,14.0,175.0,1.0,,,18.0,467,193
2024,5980,Myles Gaskin,myles gaskin,RB,471.9,614.4,337.1,638.8,4.7,5.7,3.7,26.0,,2.0,11.0,,,,18.0,468,120
2024,8864,Ben Beise,ben beise,TE,472.0,472.0,472.0,999.0,,,,,,,,,,,18.0,469,84
2024,1718,Derek Carrier,derek carrier,TE,472.5,374.0,472.5,999.0,,,,,,,,,,,18.0,470,85
2024,6909,Lynn Bowden,lynn bowden,WR,472.5,635.0,472.5,999.0,,,,,,,,,,,18.0,471,194
2024,11201,Blake Whiteheart,blake whiteheart,TE,473.0,588.5,473.0,999.0,22.7,29.2,16.2,,,13.0,102.0,1.0,,,18.0,472,86
2024,7204,Reggie Gilliam,reggie gilliam,RB,473.5,999.0,473.5,670.7,,,,,,,,,,,18.0,473,121
2024,6468,Matthew Eaton,matthew eaton,WR,473.8,999.0,473.8,999.0,,,,,,,,,,,18.0,474,195
2024,6126,Irv Smith,irv smith,TE,474.0,551.3,474.0,674.4,23.1,28.6,17.6,,,11.0,116.0,1.0,,,18.0,475,87
2024,8058,Nate McCrary,nate mccrary,RB,474.3,572.6,999.0,999.0,,,,,,,,,,,18.0,476,122
2024,7897,Roland Rivers,roland rivers,QB,476.2,671.1,999.0,999.0,,,,,,,,,,,18.0,477,73
2024,7396,Devin Phelps,devin phelps,WR,476.8,999.0,476.8,999.0,,,,,,,,,,,18.0,478,196
2024,8783,Kendric Pryor,kendric pryor,WR,477.0,477.0,477.0,999.0,,,,,,,,,,,18.0,479,197
2024,7368,Sean Riley,sean riley,WR,477.3,999.0,477.3,999.0,,,,,,,,,,,18.0,480,198
2024,5392,Jack Heneghan,jack heneghan,QB,478.0,534.0,478.0,999.0,,,,,,,,,,,18.0,481,74
2024,6168,John Ursua,john ursua,WR,478.0,999.0,478.0,999.0,,,,,,,,,,,18.0,482,199
2024,7733,Josh Pederson,josh pederson,TE,478.8,612.0,478.8,999.0,,,,,,,,,,,18.0,483,88
2024,4463,Tyler McCloskey,tyler mccloskey,RB,479.0,999.0,479.0,999.0,,,,,,,,,,,18.0,484,123
2024,964,Lance Kendricks,lance kendricks,TE,479.2,692.8,479.2,605.0,,,,,,,,,,,18.0,485,89
2024,6290,Scotty Miller,scotty miller,WR,480.5,999.0,480.5,673.0,9.3,11.8,6.8,4.0,,5.0,64.0,,,,18.0,486,200
2024,5005,Jaleel Scott,jaleel scott,WR,481.3,671.0,481.3,367.0,,,,,,,,,,,18.0,487,201
2024,6789,Henry Ruggs,henry ruggs,WR,481.6,609.4,481.6,550.9,,,,,,,,,,,18.0,488,202
2024,11848,Casey Bauman,casey bauman,QB,482.2,597.4,482.2,999.0,,,,,,,,,,,18.0,489,75
2024,8213,Dai'Jean Dixon,daijean dixon,WR,484.5,999.0,484.5,999.0,,,,,,,,,,,18.0,490,203
2024,7143,Ben DiNucci,ben dinucci,QB,485.0,599.9,485.0,507.0,,,,,,,,,,,18.0,491,76
2024,1592,Darren Fells,darren fells,TE,485.8,543.0,485.8,999.0,,,,,,,,,,,18.0,492,90
2024,6320,Jonathan Duhart,jonathan duhart,WR,485.8,999.0,999.0,999.0,,,,,,,,,,,18.0,493,204
2024,6762,Darion Clark,darion clark,TE,486.0,999.0,486.0,999.0,,,,,,,,,,,18.0,494,91
2024,862,Blaine Gabbert,blaine gabbert,QB,486.0,619.0,486.0,664.8,9.58,9.58,9.58,13.0,,,,,132.0,1.0,18.0,495,77
2024,8410,Jequez Ezzard,jequez ezzard,WR,487.0,999.0,487.0,999.0,,,,,,,,,,,18.0,496,205
2024,943,Kyle Rudolph,kyle rudolph,TE,487.5,641.3,487.5,689.8,,,,,,,,,,,18.0,497,92
2024,9231,Jaren Hall,jaren hall,QB,488.5,333.6,488.5,697.0,12.56,12.56,12.56,26.0,,,,,174.0,1.0,18.0,498,78
2024,8187,CJ Verdell,cj verdell,RB,489.8,999.0,999.0,999.0,,,,,,,,,,,18.0,499,124
2024,6374,Drew Belcher,drew belcher,TE,490.3,379.0,490.3,999.0,,,,,,,,,,,18.0,500,93
2024,11371,Julian Hill,julian hill,TE,491.6,314.0,491.6,999.0,19.0,24.5,13.5,,,11.0,75.0,1.0,,,18.0,501,94
2024,8770,Malik Williams,malik williams,WR,492.0,492.0,492.0,649.3,,,,,,,,,,,18.0,502,206
2024,7538,Zach Wilson,zach wilson,QB,492.4,622.4,492.4,653.9,12.7,12.7,12.7,17.0,,,,,200.0,1.0,18.0,503,79
2024,2588,Malcolm Brown,malcolm brown,RB,492.6,298.0,999.0,999.0,,,,,,,,,,,18.0,504,125
2024,5257,Tim Boyle,tim boyle,QB,493.0,999.0,493.0,999.0,,,,,,,,,,,18.0,505,80
2024,3211,Paul Perkins,paul perkins,RB,493.3,999.0,999.0,999.0,,,,,,,,,,,18.0,506,126
2024,8107,Nikola Kalinic,nikola kalinic,TE,493.5,493.5,493.5,558.3,,,,,,,,,,,18.0,507,95
2024,4622,Keelan Cole,keelan cole,WR,494.4,999.0,431.5,999.0,,,,,,,,,,,18.0,508,207
2024,6323,Andrew Beck,andrew beck,RB,494.5,586.0,494.5,372.0,,,,,,,,,,,18.0,509,127
2024,6443,Eric Dungey,eric dungey,QB,494.5,414.0,999.0,999.0,,,,,,,,,,,18.0,510,81
2024,6727,Joe Walker,joe walker,WR,496.0,496.0,496.0,999.0,,,,,,,,,,,18.0,511,208
2024,11802,Tejhaun Palmer,tejhaun palmer,WR,496.5,359.0,496.5,647.3,23.7,29.2,18.2,,,11.0,122.0,1.0,,,18.0,512,209
2024,11024,Grant DuBose,grant dubose,WR,496.9,641.4,496.9,691.4,,,,,,,,,,,18.0,513,210
2024,963,Luke Stocker,luke stocker,TE,497.5,497.5,497.5,622.0,,,,,,,,,,,18.0,514,96
2024,8087,K.J. Costello,kj costello,QB,498.0,275.0,498.0,999.0,,,,,,,,,,,18.0,515,82
2024,8798,Felix Harper,felix harper,QB,499.0,499.0,499.0,581.0,,,,,,,,,,,18.0,516,83
2024,5167,Dalton Sturm,dalton sturm,QB,499.3,499.3,499.3,999.0,,,,,,,,,,,18.0,517,84
2024,6460,Cole Herdman,cole herdman,TE,500.5,500.5,500.5,999.0,,,,,,,,,,,18.0,518,97
2024,8475,Montrell Washington,montrell washington,WR,501.3,619.6,999.0,674.2,,,,,,,,,,,18.0,519,211
2024,8820,Troy Hairston,troy hairston,RB,501.5,643.0,501.5,555.0,,,,,,,,,,,18.0,520,128
2024,4042,Joe Williams,joe williams,RB,502.5,502.5,502.5,999.0,,,,,,,,,,,18.0,521,129
2024,7554,Tre' McKitty,tre mckitty,TE,502.6,646.5,502.6,999.0,,,,,,,,,,,18.0,522,98
2024,8760,Dre Miller,dre miller,TE,503.0,503.0,503.0,999.0,,,,,,,,,,,18.0,523,99
2024,12063,Rocky Lombardi,rocky lombardi,QB,504.0,585.0,504.0,999.0,,,,,,,,,,,18.0,524,85
2024,8745,Lance McCutcheon,lance mccutcheon,WR,504.0,504.0,504.0,695.6,,,,,,,,,,,18.0,525,212
2024,4725,Phazahn Odom,phazahn odom,TE,505.0,505.0,505.0,999.0,,,,,,,,,,,18.0,526,100
2024,6161,L.J. Scott,lj scott,RB,505.5,999.0,999.0,999.0,,,,,,,,,,,18.0,527,130
2024,1706,Jack Doyle,jack doyle,TE,505.5,474.3,505.5,999.0,,,,,,,,,,,18.0,528,101
2024,7376,Case Cookus,case cookus,QB,507.0,999.0,507.0,380.0,,,,,,,,,,,18.0,529,86
2024,8061,Jake Hausmann,jake hausmann,TE,507.0,999.0,507.0,999.0,,,,,,,,,,,18.0,530,102
2024,5131,Justin Jackson,justin jackson,RB,508.5,999.0,508.5,999.0,,,,,,,,,,,18.0,531,131
2024,8178,Braylon Sanders,braylon sanders,WR,508.8,393.0,999.0,999.0,,,,,,,,,,,18.0,532,213
2024,11370,Chris Brooks,chris brooks,RB,509.7,412.6,509.7,601.6,19.4,21.4,17.4,92.0,1.0,4.0,22.0,,,,18.0,533,132
2024,344,Julian Edelman,julian edelman,WR,510.2,488.1,510.2,691.0,,,,,,,,,,,18.0,534,214
2024,223,Larry Fitzgerald,larry fitzgerald,WR,510.3,638.9,510.3,619.4,,,,,,,,,,,18.0,535,215
2024,6870,Bryan Edwards,bryan edwards,WR,510.3,999.0,999.0,999.0,,,,,,,,,,,18.0,536,216
2024,8245,Derrick Deese,derrick deese,TE,510.5,510.5,510.5,999.0,,,,,,,,,,,18.0,537,103
2024,1678,Uzoma Nwachukwu,uzoma nwachukwu,WR,510.6,455.0,510.6,411.5,,,,,,,,,,,18.0,538,217
2024,6879,Quartney Davis,quartney davis,WR,512.2,512.2,512.2,999.0,,,,,,,,,,,18.0,539,218
2024,4972,Mason Rudolph,mason rudolph,QB,512.3,622.0,512.3,669.7,12.56,12.56,12.56,4.0,,,,,229.0,1.0,18.0,540,87
2024,5032,Jordan Akins,jordan akins,TE,512.7,678.3,999.0,697.0,27.1,34.1,20.1,,,14.0,141.0,1.0,,,18.0,541,104
2024,7580,Khalil McClain,khalil mcclain,WR,513.0,999.0,513.0,999.0,,,,,,,,,,,18.0,542,219
2024,4464,Nick Mullens,nick mullens,QB,514.0,493.2,514.0,687.3,27.88,27.88,27.88,10.0,,,,,472.0,3.0,18.0,543,88
2024,7048,Benny LeMay,benny lemay,RB,514.2,999.0,999.0,999.0,,,,,,,,,,,18.0,544,133
2024,7015,Jacob Breeland,jacob breeland,TE,515.3,515.3,515.3,999.0,,,,,,,,,,,18.0,545,105
2024,11267,Aron Cruickshank,aron cruickshank,WR,516.7,689.7,516.7,581.4,,,,,,,,,,,18.0,546,220
2024,11245,Patrick Murtagh,patrick murtagh,TE,516.8,598.7,516.8,569.8,,,,,,,,,,,18.0,547,106
2024,6402,Steven Sims,steven sims,WR,517.7,541.6,517.7,525.3,,,,,,,,,,,18.0,548,221
2024,1992,Allen Robinson,allen robinson,WR,517.7,662.0,517.7,640.8,23.2,28.7,17.7,4.0,,11.0,113.0,1.0,,,18.0,549,222
2024,6159,Mike Weber,mike weber,RB,517.8,282.0,999.0,593.0,,,,,,,,,,,18.0,550,134
2024,1110,T.Y. Hilton,ty hilton,WR,520.9,579.8,520.9,532.7,,,,,,,,,,,18.0,551,223
2024,8164,Matt Corral,matt corral,QB,521.0,634.0,521.0,999.0,,,,,,,,,,,18.0,552,89
2024,8123,Hassan Haskins,hassan haskins,RB,522.0,618.0,522.0,617.3,6.7,7.7,5.7,46.0,,2.0,11.0,,,,18.0,553,135
2024,268,Alex Smith,alex smith,QB,522.0,664.3,522.0,590.3,,,,,,,,,,,18.0,554,90
2024,7078,Tony Brown,tony brown,WR,523.0,683.0,523.0,999.0,,,,,,,,,,,18.0,555,224
2024,4805,Pig Howard,pig howard,WR,523.1,999.0,523.1,659.5,,,,,,,,,,,18.0,556,225
2024,8433,Cade Brewer,cade brewer,TE,523.9,999.0,999.0,999.0,,,,,,,,,,,18.0,557,107
2024,745,Marshawn Lynch,marshawn lynch,RB,524.3,451.1,524.3,595.4,,,,,,,,,,,18.0,558,136
2024,7540,Amari Rodgers,amari rodgers,WR,524.5,352.3,524.5,399.5,,,,,,,,,,,18.0,559,226
2024,7394,Jermiah Braswell,jermiah braswell,WR,524.6,999.0,999.0,999.0,,,,,,,,,,,18.0,560,227
2024,12036,Ian Wheeler,ian wheeler,RB,525.0,410.0,525.0,999.0,,,,,,,,,,,18.0,561,137
2024,8233,Mataeo Durant,mataeo durant,RB,526.0,669.3,526.0,999.0,,,,,,,,,,,18.0,562,138
2024,8207,Tyler Goodson,tyler goodson,RB,526.8,675.0,526.8,559.0,50.1,58.1,42.1,181.0,1.0,16.0,120.0,1.0,,,18.0,563,139
2024,6506,Trayone Gray,trayone gray,RB,527.1,463.8,999.0,999.0,,,,,,,,,,,18.0,564,140
2024,1408,Le'Veon Bell,leveon bell,RB,527.3,401.4,527.3,567.4,,,,,,,,,,,18.0,565,141
2024,5323,Equanimeous St. Brown,equanimeous st brown,WR,528.1,544.3,528.1,661.8,19.0,22.5,15.5,4.0,,7.0,91.0,1.0,,,18.0,566,228
2024,7793,Racey McMath,racey mcmath,WR,529.5,381.0,529.5,999.0,,,,,,,,,,,18.0,567,229
2024,7904,Stevie Scott,stevie scott,RB,529.5,999.0,999.0,999.0,,,,,,,,,,,18.0,568,142
2024,232,Frank Gore,frank gore,RB,530.8,470.8,530.8,583.6,,,,,,,,,,,18.0,569,143
2024,5046,Royce Freeman,royce freeman,RB,531.7,668.2,531.7,599.8,15.8,17.8,13.8,52.0,1.0,4.0,26.0,,,,18.0,570,144
2024,89,Chad Henne,chad henne,QB,531.8,700.8,531.8,999.0,,,,,,,,,,,18.0,571,91
2024,3456,Joel Stave,joel stave,QB,532.0,596.0,532.0,571.5,,,,,,,,,,,18.0,572,92
2024,559,Tim Tebow,tim tebow,TE,533.1,680.1,533.1,505.3,,,,,,,,,,,18.0,573,108
2024,6699,Gunner Olszewski,gunner olszewski,WR,533.3,999.0,999.0,999.0,,,,,,,,,,,18.0,574,230
2024,8769,Josh Bist,josh bist,TE,534.0,534.0,534.0,665.8,,,,,,,,,,,18.0,575,109
2024,8202,Michael Woods,michael woods,WR,534.6,534.6,534.6,629.4,22.8,27.3,18.3,4.0,,9.0,119.0,1.0,,,18.0,576,231
2024,8751,Dylan Parham,dylan parham,TE,535.0,535.0,535.0,652.2,,,,,,,,,,,18.0,577,110
2024,3269,Chris Moore,chris moore,WR,535.5,657.5,535.5,581.9,26.3,31.8,20.8,10.0,,11.0,138.0,1.0,,,18.0,578,232
2024,6185,Easton Stick,easton stick,QB,536.0,623.3,536.0,654.7,12.9,12.9,12.9,13.0,,,,,215.0,1.0,18.0,579,93
2024,167,Tom Brady,tom brady,QB,536.1,545.0,536.1,616.0,,,,,,,,,,,18.0,580,94
2024,7605,Kyle Trask,kyle trask,QB,537.0,503.3,537.0,651.1,12.8,12.8,12.8,10.0,,,,,220.0,1.0,18.0,581,95
2024,536,Antonio Brown,antonio brown,WR,538.5,523.7,538.5,578.8,,,,,,,,,,,18.0,582,233
2024,8731,Shemar Bridges,shemar bridges,WR,539.0,539.0,539.0,999.0,,,,,,,,,,,18.0,583,234
2024,8650,Lujuan Winningham,lujuan winningham,WR,540.0,540.0,540.0,999.0,,,,,,,,,,,18.0,584,235
2024,5889,Bryce Love,bryce love,RB,540.3,548.5,540.3,999.0,,,,,,,,,,,18.0,585,145
2024,5985,Foster Moreau,foster moreau,TE,540.5,623.2,540.5,699.4,23.1,28.6,17.6,,,11.0,116.0,1.0,,,18.0,586,111
2024,11557,Joe Milton,joe milton,QB,541.4,653.5,541.4,511.2,10.3,10.3,10.3,17.0,,,,,190.0,1.0,18.0,587,96
2024,10869,Matt Landers,matt landers,WR,542.3,527.0,542.3,999.0,,,,,,,,,,,18.0,588,236
2024,11946,Marcus Rosemy-Jacksaint,marcus rosemyjacksaint,WR,542.5,654.8,542.5,680.9,24.2,29.2,19.2,6.0,,10.0,126.0,1.0,,,18.0,589,237
2024,2452,Jay Ajayi,jay ajayi,RB,543.3,440.2,543.3,660.9,,,,,,,,,,,18.0,590,146
2024,5965,Miles Boykin,miles boykin,WR,543.4,647.5,999.0,999.0,,,,,,,,,,,18.0,591,238
2024,515,Rob Gronkowski,rob gronkowski,TE,544.2,526.1,544.2,527.8,,,,,,,,,,,18.0,592,112
2024,3202,Austin Hooper,austin hooper,TE,545.0,603.7,545.0,681.6,22.4,27.9,16.9,,,11.0,109.0,1.0,,,18.0,593,113
2024,1550,Ryan Griffin,ryan griffin,QB,545.0,335.8,545.0,629.7,,,,,,,,,,,18.0,594,97
2024,1048,Lamar Miller,lamar miller,RB,545.2,679.0,545.2,645.7,,,,,,,,,,,18.0,595,147
2024,11312,T.J. Luther,tj luther,WR,546.0,594.0,546.0,999.0,,,,,,,,,,,18.0,596,239
2024,8698,Jake Tonges,jake tonges,TE,547.0,657.5,547.0,999.0,,,,,,,,,,,18.0,597,114
2024,8908,Brandon Lewis,brandon lewis,WR,547.0,406.0,547.0,999.0,,,,,,,,,,,18.0,598,240
2024,2191,Marcus Lucas,marcus lucas,WR,547.5,999.0,999.0,999.0,,,,,,,,,,,18.0,599,241
2024,8697,Kevin Shaa,kevin shaa,WR,548.0,548.0,548.0,477.0,,,,,,,,,,,18.0,600,242
2024,11247,Mac Hippenhammer,mac hippenhammer,WR,548.1,689.2,548.1,355.0,,,,,,,,,,,18.0,601,243
2024,3336,Moritz Bohringer,moritz bohringer,TE,548.5,999.0,999.0,999.0,,,,,,,,,,,18.0,602,115
2024,8706,Kehinde Oginni,kehinde oginni,TE,549.0,549.0,549.0,999.0,,,,,,,,,,,18.0,603,116
2024,6049,Tyre Brady,tyre brady,WR,549.9,660.8,549.9,635.0,,,,,,,,,,,18.0,604,244
2024,8632,JaVonta Payton,javonta payton,WR,550.0,550.0,550.0,618.1,,,,,,,,,,,18.0,605,245
2024,12395,Tanner Knue,tanner knue,WR,550.5,999.0,550.5,999.0,,,,,,,,,,,18.0,606,246
2024,11540,La'Michael Pettway,lamichael pettway,TE,551.6,557.5,551.6,999.0,,,,,,,,,,,18.0,607,117
2024,5890,Damien Harris,damien harris,RB,551.7,617.8,551.7,644.1,,,,,,,,,,,18.0,608,148
2024,1979,Blake Bortles,blake bortles,QB,552.1,511.6,552.1,522.0,,,,,,,,,,,18.0,609,98
2024,7460,Jake Burt,jake burt,TE,553.4,694.7,553.4,999.0,,,,,,,,,,,18.0,610,118
2024,9499,Bryce Ford-Wheaton,bryce fordwheaton,WR,554.0,601.0,554.0,620.5,,,,,,,,,,,18.0,611,247
2024,8180,Jalen Nailor,jalen nailor,WR,554.1,620.0,554.1,445.4,57.6,71.6,43.6,,,28.0,316.0,2.0,,,18.0,612,248
2024,10217,Clayton Tune,clayton tune,QB,555.0,698.0,555.0,655.0,12.74,12.74,12.74,13.0,,,,,211.0,1.0,18.0,613,99
2024,8428,Zander Horvath,zander horvath,RB,555.0,555.0,555.0,999.0,,,,,,,,,,,18.0,614,149
2024,2422,Blake Bell,blake bell,TE,555.8,999.0,999.0,999.0,,,,,,,,,,,18.0,615,119
2024,8663,Jared Bernhardt,jared bernhardt,WR,556.0,556.0,556.0,999.0,,,,,,,,,,,18.0,616,249
2024,6659,Craig Reynolds,craig reynolds,RB,556.2,569.9,556.2,643.3,27.3,30.3,24.3,138.0,1.0,6.0,45.0,,,,18.0,617,150
2024,8633,Stephon Robinson,stephon robinson,WR,557.0,557.0,557.0,999.0,,,,,,,,,,,18.0,618,250
2024,3391,Dwayne Washington,dwayne washington,RB,557.0,604.0,557.0,999.0,,,,,,,,,,,18.0,619,151
2024,8638,Grayson Gunter,grayson gunter,TE,557.4,999.0,348.7,999.0,,,,,,,,,,,18.0,620,120
2024,6596,Jalan McClendon,jalan mcclendon,QB,557.5,999.0,557.5,999.0,,,,,,,,,,,18.0,621,100
2024,8208,Tyler Badie,tyler badie,RB,557.8,607.5,557.8,551.7,25.2,28.2,22.2,123.0,1.0,6.0,39.0,,,,18.0,622,152
2024,1387,Rex Burkhead,rex burkhead,RB,558.0,566.3,558.0,644.7,,,,,,,,,,,18.0,623,153
2024,8140,Justyn Ross,justyn ross,WR,558.8,696.5,558.8,631.4,20.3,24.3,16.3,,,8.0,103.0,1.0,,,18.0,624,251
2024,7842,Luke Farrell,luke farrell,TE,559.5,999.0,559.5,999.0,30.1,38.1,22.1,,,16.0,161.0,1.0,,,18.0,625,121
2024,7602,Kylen Granson,kylen granson,TE,559.5,541.8,559.5,671.6,57.3,72.3,42.3,,,30.0,303.0,2.0,,,18.0,626,122
2024,1895,AJ McCarron,aj mccarron,QB,559.5,421.1,559.5,535.2,,,,,,,,,,,18.0,627,101
2024,11606,Dallin Holker,dallin holker,TE,559.7,678.2,559.7,681.3,26.0,32.5,19.5,,,13.0,135.0,1.0,,,18.0,628,123
2024,7848,Scooter Harrington,scooter harrington,TE,560.0,560.0,560.0,999.0,,,,,,,,,,,18.0,629,124
2024,8413,Chris Oladokun,chris oladokun,QB,560.0,560.0,560.0,999.0,,,,,,,,,,,18.0,630,102
2024,138,Ben Roethlisberger,ben roethlisberger,QB,561.7,530.3,561.7,562.1,,,,,,,,,,,18.0,631,103
2024,10867,Jake Bobo,jake bobo,WR,561.7,698.4,561.7,623.9,47.0,57.0,37.0,4.0,,20.0,246.0,2.0,,,18.0,632,252
2024,6007,Ryquell Armstead,ryquell armstead,RB,562.0,699.7,562.0,999.0,,,,,,,,,,,18.0,633,154
2024,7735,Cary Angeline,cary angeline,TE,562.8,999.0,562.8,398.5,,,,,,,,,,,18.0,634,125
2024,10231,Elijah Higgins,elijah higgins,TE,563.0,620.0,563.0,686.2,28.8,36.3,21.3,,,15.0,153.0,1.0,,,18.0,635,126
2024,6892,Nate Stanley,nate stanley,QB,564.5,588.0,564.5,452.3,,,,,,,,,,,18.0,636,104
2024,7378,Kyle Markway,kyle markway,TE,565.1,999.0,565.1,536.0,,,,,,,,,,,18.0,637,127
2024,4831,Justice Liggins,justice liggins,WR,565.3,664.0,565.3,685.0,,,,,,,,,,,18.0,638,253
2024,8051,Josh Johnson,josh johnson,RB,565.4,999.0,999.0,999.0,,,,,,,,,,,18.0,639,155
2024,11237,Jacob Saylors,jacob saylors,RB,565.5,682.6,565.5,577.5,,,,,,,,,,,18.0,640,156
2024,5168,Jordan Chunn,jordan chunn,RB,566.0,610.0,566.0,999.0,,,,,,,,,,,18.0,641,157
2024,11526,Malachi Carter,malachi carter,WR,566.4,471.0,999.0,999.0,,,,,,,,,,,18.0,642,254
2024,8917,KaVontae Turpin,kavontae turpin,WR,566.5,677.7,566.5,330.0,66.0,76.0,56.0,81.0,1.0,20.0,299.0,2.0,,,18.0,643,255
2024,11056,Jared Wayne,jared wayne,WR,568.0,577.5,568.0,664.1,,,,,,,,,,,18.0,644,256
2024,5096,Ray-Ray McCloud,rayray mccloud,WR,569.3,683.7,569.3,519.7,80.6,98.6,62.6,53.0,,36.0,393.0,3.0,,,18.0,645,257
2024,11139,Elijah Cooks,elijah cooks,WR,569.5,479.0,333.0,634.0,,,,,,,,,,,18.0,646,258
2024,3594,Peyton Barber,peyton barber,RB,570.0,359.0,570.0,538.9,,,,,,,,,,,18.0,647,158
2024,1352,Robert Woods,robert woods,WR,570.6,576.0,570.6,698.3,52.4,65.4,39.4,8.0,,26.0,266.0,2.0,,,18.0,648,259
2024,7606,Kadarius Toney,kadarius toney,WR,571.2,296.3,571.2,310.0,35.1,42.1,28.1,49.0,,14.0,172.0,1.0,,,18.0,649,260
2024,8152,Kennedy Brooks,kennedy brooks,RB,572.0,999.0,572.0,999.0,,,,,,,,,,,18.0,650,159
2024,8246,Bryant Koback,bryant koback,RB,573.0,573.0,573.0,999.0,,,,,,,,,,,18.0,651,160
2024,6955,James Robinson,james robinson,RB,573.4,664.9,573.4,674.7,,,,,,,,,,,18.0,652,161
2024,1825,Jarvis Landry,jarvis landry,WR,573.5,659.6,573.5,999.0,,,,,,,,,,,18.0,653,261
2024,12118,Jacob Warren,jacob warren,TE,573.6,573.6,573.6,999.0,,,,,,,,,,,18.0,654,128
2024,6847,Devin Duvernay,devin duvernay,WR,573.7,567.7,573.7,586.4,8.1,10.1,6.1,10.0,,4.0,51.0,,,,18.0,655,262
2024,8694,Henry Litwin,henry litwin,WR,574.0,444.0,574.0,999.0,,,,,,,,,,,18.0,656,263
2024,11169,Dresser Winn,dresser winn,QB,574.5,520.0,574.5,472.0,,,,,,,,,,,18.0,657,105
2024,5809,Ja'Quan Gardner,jaquan gardner,RB,575.2,300.0,575.2,999.0,,,,,,,,,,,18.0,658,162
2024,8153,Isaiah Spiller,isaiah spiller,RB,575.8,629.3,575.8,668.9,21.3,23.3,19.3,106.0,1.0,4.0,27.0,,,,18.0,659,163
2024,4863,Josh Rosen,josh rosen,QB,576.0,610.0,576.0,491.9,,,,,,,,,,,18.0,660,106
2024,616,Jimmy Graham,jimmy graham,TE,576.3,485.0,576.3,495.3,,,,,,,,,,,18.0,661,129
2024,7008,Brian Lewerke,brian lewerke,QB,577.0,999.0,577.0,402.0,,,,,,,,,,,18.0,662,107
2024,11280,Brady Russell,brady russell,TE,577.4,543.8,999.0,999.0,,,,,,,,,,,18.0,663,130
2024,4704,Tyler Ferguson,tyler ferguson,QB,578.0,328.0,578.0,999.0,,,,,,,,,,,18.0,664,108
2024,4128,Chad Williams,chad williams,WR,579.5,999.0,579.5,999.0,,,,,,,,,,,18.0,665,264
2024,7585,Davis Mills,davis mills,QB,579.7,665.1,579.7,632.7,13.02,13.02,13.02,13.0,,,,,218.0,1.0,18.0,666,109
2024,7703,Jacob Harris,jacob harris,WR,580.1,999.0,580.1,999.0,,,,,,,,,,,18.0,667,265
2024,8223,Velus Jones,velus jones,WR,580.5,594.7,580.5,599.1,4.6,5.6,3.6,6.0,,2.0,30.0,,,,18.0,668,266
2024,11256,Tyson Bagent,tyson bagent,QB,580.7,671.5,580.7,692.3,13.42,13.42,13.42,29.0,,,,,188.0,1.0,18.0,669,110
2024,11633,Jamari Thrash,jamari thrash,WR,581.0,607.8,581.0,687.8,26.2,31.7,20.7,6.0,,11.0,141.0,1.0,,,18.0,670,267
2024,6039,Ty Johnson,ty johnson,RB,582.2,505.1,582.2,352.0,45.1,52.1,38.1,160.0,1.0,14.0,101.0,1.0,,,18.0,671,164
2024,11608,Isaiah Williams,isaiah williams,WR,582.4,596.6,582.4,633.5,,,,,,,,,,,18.0,672,268
2024,7407,Isaiah Wright,isaiah wright,WR,583.0,999.0,583.0,999.0,,,,,,,,,,,18.0,673,269
2024,11478,Gavin Holmes,gavin holmes,WR,583.7,562.5,999.0,999.0,,,,,,,,,,,18.0,674,270
2024,11895,Mason Tipton,mason tipton,WR,584.0,389.0,584.0,479.3,49.1,61.1,37.1,,,24.0,251.0,2.0,,,18.0,675,271
2024,7404,Noah Togiai,noah togiai,TE,584.7,999.0,584.7,999.0,,,,,,,,,,,18.0,676,131
2024,7587,Dyami Brown,dyami brown,WR,585.0,671.5,585.0,659.4,53.2,65.2,41.2,6.0,,24.0,286.0,2.0,,,18.0,677,272
2024,11306,Xavier Gipson,xavier gipson,WR,585.5,639.8,585.5,293.7,26.6,32.6,20.6,18.0,,12.0,128.0,1.0,,,18.0,678,273
2024,6963,Patrick Taylor,patrick taylor,RB,586.0,692.5,586.0,676.0,22.6,26.6,18.6,73.0,1.0,8.0,53.0,,,,18.0,679,165
2024,8602,Danny Davis,danny davis,WR,586.0,586.0,586.0,999.0,,,,,,,,,,,18.0,680,274
2024,4738,Colby Pearson,colby pearson,WR,586.0,620.0,586.0,999.0,,,,,,,,,,,18.0,681,275
2024,5128,Logan Woodside,logan woodside,QB,586.0,999.0,586.0,999.0,,,,,,,,,,,18.0,682,111
2024,8242,Shermari Jones,shermari jones,RB,587.3,658.4,587.3,999.0,,,,,,,,,,,18.0,683,166
2024,8570,Derek Wright,derek wright,WR,588.0,588.0,588.0,999.0,,,,,,,,,,,18.0,684,276
2024,7049,Jauan Jennings,jauan jennings,WR,588.4,518.7,588.4,294.0,128.8,156.3,101.3,14.0,,55.0,699.0,5.0,,,18.0,685,277
2024,7992,Matt Bushman,matt bushman,TE,588.7,588.7,588.7,614.6,,,,,,,,,,,18.0,686,132
2024,8407,T.J. Pledger,tj pledger,RB,589.0,589.0,589.0,587.0,,,,,,,,,,,18.0,687,167
2024,7943,Zach Davidson,zach davidson,TE,589.2,337.0,589.2,566.5,,,,,,,,,,,18.0,688,133
2024,7537,Jaret Patterson,jaret patterson,RB,589.4,433.3,589.4,479.7,7.5,8.5,6.5,50.0,,2.0,15.0,,,,18.0,689,168
2024,4839,Mitch Leidner,mitch leidner,QB,590.0,590.0,590.0,999.0,,,,,,,,,,,18.0,690,112
2024,4050,Cyril Grayson,cyril grayson,WR,590.0,560.2,590.0,999.0,,,,,,,,,,,18.0,691,278
2024,6288,Marcus Green,marcus green,WR,590.3,999.0,590.3,999.0,,,,,,,,,,,18.0,692,279
2024,8579,Brandon Peters,brandon peters,QB,591.0,591.0,591.0,626.2,,,,,,,,,,,18.0,693,113
2024,208,Josh McCown,josh mccown,QB,591.2,521.0,591.2,657.8,,,,,,,,,,,18.0,694,114
2024,5903,Will Grier,will grier,QB,591.6,499.0,999.0,999.0,,,,,,,,,,,18.0,695,115
2024,8090,Daniel Crawford,daniel crawford,TE,591.9,575.8,591.9,669.1,,,,,,,,,,,18.0,696,134
2024,455,Michael Crabtree,michael crabtree,WR,591.9,668.6,591.9,407.0,,,,,,,,,,,18.0,697,280
2024,868,Virgil Green,virgil green,TE,592.0,592.0,592.0,999.0,,,,,,,,,,,18.0,698,135
2024,5276,Tyler Hoppes,tyler hoppes,TE,592.3,999.0,592.3,999.0,,,,,,,,,,,18.0,699,136
2024,9498,Jadon Haselwood,jadon haselwood,WR,593.0,625.0,593.0,999.0,,,,,,,,,,,18.0,700,281
2024,11636,Johnny Wilson,johnny wilson,WR,593.4,515.5,593.4,698.9,30.2,37.2,23.2,5.0,,14.0,167.0,1.0,,,18.0,701,282
2024,4351,Tim Patrick,tim patrick,WR,593.7,677.2,593.7,340.9,84.6,103.6,65.6,9.0,,38.0,467.0,3.0,,,18.0,702,283
2024,4730,Sam Cotton,sam cotton,TE,593.7,593.7,999.0,999.0,,,,,,,,,,,18.0,703,137
2024,8572,Andrew Parchment,andrew parchment,WR,594.0,594.0,594.0,999.0,,,,,,,,,,,18.0,704,284
2024,1619,Demetrius Harris,demetrius harris,TE,594.0,999.0,594.0,999.0,,,,,,,,,,,18.0,705,138
2024,8168,Skyy Moore,skyy moore,WR,594.5,630.9,594.5,359.4,25.8,31.8,19.8,9.0,,12.0,129.0,1.0,,,18.0,706,285
2024,4807,Mike Estes,mike estes,TE,594.5,594.5,594.5,495.0,,,,,,,,,,,18.0,707,139
2024,8431,Chase Garbers,chase garbers,QB,595.0,432.0,595.0,999.0,,,,,,,,,,,18.0,708,116
2024,6853,Van Jefferson,van jefferson,WR,595.5,695.5,595.5,295.9,55.9,67.9,43.9,12.0,,24.0,307.0,2.0,,,18.0,709,286
2024,7828,Noah Gray,noah gray,TE,596.7,689.6,596.7,303.6,67.8,83.8,51.8,,,32.0,338.0,3.0,,,18.0,710,140
2024,2319,DeVante Parker,devante parker,WR,596.7,628.5,596.7,678.3,,,,,,,,,,,18.0,711,287
2024,5122,Boston Scott,boston scott,RB,597.3,548.5,597.3,636.7,19.6,21.1,18.1,99.0,1.0,3.0,22.0,,,,18.0,712,169
2024,5347,Nyheim Miller-Hines,nyheim millerhines,RB,598.5,577.7,598.5,607.7,12.6,16.6,8.6,29.0,,8.0,57.0,,,,18.0,713,170
2024,12068,Mason Pline,mason pline,TE,598.5,633.0,598.5,999.0,,,,,,,,,,,18.0,714,141
2024,7582,Jhamon Ausbon,jhamon ausbon,WR,599.0,287.0,599.0,999.0,,,,,,,,,,,18.0,715,288
2024,8174,Kevin Harris,kevin harris,RB,599.5,685.0,599.5,689.9,46.8,50.8,42.8,250.0,2.0,8.0,58.0,,,,18.0,716,171
2024,11595,Jared Wiley,jared wiley,TE,599.5,698.6,599.5,334.2,24.8,30.8,18.8,,,12.0,128.0,1.0,,,18.0,717,142
2024,7985,Pro Wells,pro wells,TE,599.5,999.0,599.5,999.0,,,,,,,,,,,18.0,718,143
2024,4569,Brian Brown,brian brown,WR,601.0,632.0,601.0,999.0,,,,,,,,,,,18.0,719,289
2024,6824,Donovan Peoples-Jones,donovan peoplesjones,WR,601.2,591.1,601.2,351.3,31.0,37.5,24.5,4.0,,13.0,181.0,1.0,,,18.0,720,290
2024,3161,Carson Wentz,carson wentz,QB,602.4,634.9,602.4,675.3,13.06,13.06,13.06,13.0,,,,,219.0,1.0,18.0,721,117
2024,11815,Cornelius Johnson,cornelius johnson,WR,603.7,652.1,603.7,688.8,28.1,33.6,22.6,,,11.0,166.0,1.0,,,18.0,722,291
2024,6493,Justin Johnson,justin johnson,TE,604.0,636.0,604.0,999.0,,,,,,,,,,,18.0,723,144
2024,11644,Cody Schrader,cody schrader,RB,604.0,682.7,604.0,656.5,3.0,3.5,2.5,23.0,,1.0,2.0,,,,18.0,724,172
2024,8559,Josh Babicz,josh babicz,TE,604.1,999.0,604.1,999.0,,,,,,,,,,,18.0,725,145
2024,10227,Payne Durham,payne durham,TE,605.0,673.0,605.0,665.2,25.6,32.1,19.1,,,13.0,131.0,1.0,,,18.0,726,146
2024,1837,Jimmy Garoppolo,jimmy garoppolo,QB,605.4,661.4,605.4,348.2,16.38,16.38,16.38,7.0,,,,,217.0,2.0,18.0,727,118
2024,5052,Ronald Jones,ronald jones,RB,606.8,594.5,606.8,624.0,,,,,,,,,,,18.0,728,173
2024,11599,Cade Stover,cade stover,TE,606.9,700.8,606.9,306.6,29.4,36.9,21.9,,,15.0,159.0,1.0,,,18.0,729,147
2024,8915,Drew Plitt,drew plitt,QB,607.0,391.6,607.0,999.0,,,,,,,,,,,18.0,730,119
2024,3257,Jacoby Brissett,jacoby brissett,QB,607.2,643.7,607.2,202.3,230.14,230.14,230.14,283.0,3.0,,,,3146.0,19.0,18.0,731,120
2024,5236,Kyle Lewis,kyle lewis,WR,607.4,999.0,607.4,999.0,,,,,,,,,,,18.0,732,292
2024,4323,Darrell Daniels,darrell daniels,TE,608.0,638.0,608.0,999.0,,,,,,,,,,,18.0,733,148
2024,4985,Rashaad Penny,rashaad penny,RB,608.1,633.3,608.1,671.3,16.1,17.1,15.1,76.0,1.0,2.0,15.0,,,,18.0,734,174
2024,2161,Jerick McKinnon,jerick mckinnon,RB,608.9,583.8,608.9,359.9,29.1,36.1,22.1,59.0,,14.0,102.0,1.0,,,18.0,735,175
2024,8500,John FitzPatrick,john fitzpatrick,TE,609.8,609.8,609.8,999.0,,,,,,,,,,,18.0,736,149
2024,6371,Drew Anderson,drew anderson,QB,610.0,519.0,610.0,999.0,,,,,,,,,,,18.0,737,121
2024,6446,Jon Hilliman,jon hilliman,RB,610.5,285.0,999.0,999.0,,,,,,,,,,,18.0,738,176
2024,4089,Gerald Everett,gerald everett,TE,610.8,303.1,610.8,276.9,49.9,62.4,37.4,,,25.0,254.0,2.0,,,18.0,739,150
2024,6763,Reggie Begelton,reggie begelton,WR,611.0,578.0,611.0,999.0,,,,,,,,,,,18.0,740,293
2024,7317,Jared Rice,jared rice,TE,611.3,514.8,999.0,999.0,,,,,,,,,,,18.0,741,151
2024,11942,Colson Yankoff,colson yankoff,TE,611.5,328.0,611.5,439.4,,,,,,,,,,,18.0,742,152
2024,2342,Devin Smith,devin smith,WR,612.5,999.0,612.5,359.0,,,,,,,,,,,18.0,743,294
2024,12121,Deshaun Fenwick,deshaun fenwick,RB,613.1,522.8,613.1,999.0,,,,,,,,,,,18.0,744,177
2024,10870,Deneric Prince,deneric prince,RB,613.9,494.2,613.9,327.0,22.2,24.2,20.2,113.0,1.0,4.0,29.0,,,,18.0,745,178
2024,676,LeSean McCoy,lesean mccoy,RB,614.0,503.4,614.0,451.7,,,,,,,,,,,18.0,746,179
2024,3199,Michael Thomas,michael thomas,WR,614.9,305.8,614.9,317.4,47.7,59.2,36.2,2.0,,23.0,240.0,2.0,,,18.0,747,295
2024,6451,Stephen Carlson,stephen carlson,TE,615.0,642.0,615.0,999.0,,,,,,,,,,,18.0,748,153
2024,11834,Devaughn Vele,devaughn vele,WR,615.0,665.3,615.0,676.6,52.8,65.3,40.3,,,25.0,283.0,2.0,,,18.0,749,296
2024,8142,Alec Pierce,alec pierce,WR,615.6,529.4,615.6,318.7,70.9,83.4,58.4,5.0,,25.0,399.0,3.0,,,18.0,750,297
2024,8239,Ricky Person,ricky person,RB,616.0,460.1,616.0,999.0,,,,,,,,,,,18.0,751,180
2024,8543,Drew Estrada,drew estrada,WR,616.0,616.0,616.0,999.0,,,,,,,,,,,18.0,752,298
2024,538,Emmanuel Sanders,emmanuel sanders,WR,616.0,684.1,616.0,375.5,,,,,,,,,,,18.0,753,299
2024,4029,Dalvin Cook,dalvin cook,RB,617.1,699.7,617.1,350.5,51.1,55.6,46.6,278.0,2.0,9.0,68.0,,,,18.0,754,181
2024,6938,Cam Akers,cam akers,RB,617.4,688.5,617.4,647.3,44.2,47.2,41.2,248.0,2.0,6.0,44.0,,,,18.0,755,182
2024,7464,Connor Slomka,connor slomka,RB,618.0,999.0,618.0,999.0,,,,,,,,,,,18.0,756,183
2024,12259,Taulia Tagovailoa,taulia tagovailoa,QB,618.4,452.8,618.4,619.9,,,,,,,,,,,18.0,757,122
2024,7583,Sam Ehlinger,sam ehlinger,QB,618.4,999.0,999.0,695.7,7.84,7.84,7.84,8.0,,,,,76.0,1.0,18.0,758,123
2024,3969,Leonard Fournette,leonard fournette,RB,619.0,549.2,619.0,628.2,22.8,24.3,21.3,130.0,1.0,3.0,23.0,,,,18.0,759,184
2024,6167,Jordan Scarlett,jordan scarlett,RB,619.0,619.0,619.0,999.0,,,,,,,,,,,18.0,760,185
2024,11522,Jerome Kapp,jerome kapp,WR,619.6,519.5,619.6,619.5,,,,,,,,,,,18.0,761,300
2024,8571,Ra'Shaun Henry,rashaun henry,WR,620.0,620.0,620.0,999.0,,,,,,,,,,,18.0,762,301
2024,11367,Daewood Davis,daewood davis,WR,621.0,650.0,621.0,999.0,,,,,,,,,,,18.0,763,302
2024,9483,Zack Kuntz,zack kuntz,TE,621.0,611.6,621.0,591.2,,,,,,,,,,,18.0,764,154
2024,5590,Jordan Smallwood,jordan smallwood,WR,621.4,472.5,621.4,999.0,,,,,,,,,,,18.0,765,303
2024,5695,Brandon Powell,brandon powell,WR,622.0,635.0,622.0,625.4,29.4,36.4,22.4,23.0,,14.0,141.0,1.0,,,18.0,766,304
2024,5260,Vyncint Smith,vyncint smith,WR,622.3,999.0,622.3,999.0,,,,,,,,,,,18.0,767,305
2024,5286,Austin Allen,austin allen,QB,622.5,622.5,622.5,999.0,,,,,,,,,,,18.0,768,124
2024,2553,Rory Anderson,rory anderson,TE,623.0,655.0,623.0,999.0,,,,,,,,,,,18.0,769,155
2024,6421,Jalen Guyton,jalen guyton,WR,623.0,623.0,623.0,688.6,22.8,27.3,18.3,4.0,,9.0,119.0,1.0,,,18.0,770,306
2024,11646,Jalen Coker,jalen coker,WR,623.5,659.8,623.5,675.3,56.4,69.4,43.4,,,26.0,314.0,2.0,,,18.0,771,307
2024,7926,Carl Tucker,carl tucker,TE,623.8,999.0,623.8,999.0,,,,,,,,,,,18.0,772,156
2024,7865,Brandon Smith,brandon smith,WR,624.0,363.0,624.0,999.0,,,,,,,,,,,18.0,773,308
2024,6021,Nick Brossette,nick brossette,RB,625.0,999.0,625.0,492.1,,,,,,,,,,,18.0,774,186
2024,11932,Mike DiLiello,mike diliello,QB,625.0,443.8,625.0,999.0,,,,,,,,,,,18.0,775,125
2024,5113,Cedrick Wilson,cedrick wilson,WR,625.0,621.0,625.0,700.2,49.2,60.2,38.2,6.0,,22.0,256.0,2.0,,,18.0,776,309
2024,7551,Deon Jackson,deon jackson,RB,625.0,625.0,625.0,633.5,,,,,,,,,,,18.0,777,187
2024,5239,Lamar Jordan,lamar jordan,QB,625.7,676.9,999.0,999.0,,,,,,,,,,,18.0,778,126
2024,11648,Kedon Slovis,kedon slovis,QB,626.0,615.1,626.0,642.0,,,,,,,,,,,18.0,779,127
2024,184,Adrian Peterson,adrian peterson,RB,626.8,635.5,626.8,567.4,,,,,,,,,,,18.0,780,188
2024,5107,Jaylen Samuels,jaylen samuels,RB,627.0,402.8,627.0,677.3,,,,,,,,,,,18.0,781,189
2024,10212,Josh Whyle,josh whyle,TE,627.4,635.0,627.4,634.7,47.1,58.6,35.6,,,23.0,236.0,2.0,,,18.0,782,157
2024,6850,Harrison Bryant,harrison bryant,TE,628.0,628.0,628.0,674.6,24.2,30.2,18.2,,,12.0,122.0,1.0,,,18.0,783,158
2024,11748,Bub Means,bub means,WR,628.4,651.8,628.4,679.6,53.0,65.0,41.0,,,24.0,290.0,2.0,,,18.0,784,310
2024,8931,Josh Ali,josh ali,WR,628.5,522.0,628.5,999.0,,,,,,,,,,,18.0,785,311
2024,8523,Nick Muse,nick muse,TE,628.8,999.0,628.8,643.3,,,,,,,,,,,18.0,786,159
2024,1244,Josh Gordon,josh gordon,WR,629.0,561.9,629.0,643.8,,,,,,,,,,,18.0,787,312
2024,947,Julio Jones,julio jones,WR,629.1,654.1,629.1,623.7,20.7,24.7,16.7,4.0,,8.0,103.0,1.0,,,18.0,788,313
2024,5086,Marquez Valdes-Scantling,marquez valdesscantling,WR,629.2,548.9,629.2,277.3,24.3,28.8,19.8,2.0,,9.0,136.0,1.0,,,18.0,789,314
2024,6984,Tony Jones,tony jones,RB,629.6,999.0,999.0,999.0,,,,,,,,,,,18.0,790,190
2024,6072,Bruce Anderson,bruce anderson,RB,629.9,629.9,629.9,999.0,,,,,,,,,,,18.0,791,191
2024,11562,Spencer Rattler,spencer rattler,QB,630.3,578.2,630.3,262.5,19.4,19.4,19.4,28.0,,,,,315.0,2.0,18.0,792,128
2024,10857,Stetson Bennett,stetson bennett,QB,631.0,629.6,631.0,623.6,8.98,8.98,8.98,13.0,,,,,92.0,1.0,18.0,793,129
2024,7741,Caleb Huntley,caleb huntley,RB,631.0,295.5,631.0,653.5,7.1,8.1,6.1,46.0,,2.0,15.0,,,,18.0,794,192
2024,11231,Christian Trahan,christian trahan,TE,631.0,631.0,631.0,999.0,,,,,,,,,,,18.0,795,160
2024,4234,Noah Brown,noah brown,WR,631.8,300.1,631.8,321.0,92.4,110.4,74.4,6.0,,36.0,498.0,4.0,,,18.0,796,315
2024,6993,Dominick Wood-Anderson,dominick woodanderson,TE,632.0,999.0,632.0,683.5,,,,,,,,,,,18.0,797,161
2024,12080,Aidan Robbins,aidan robbins,RB,633.0,999.0,633.0,999.0,,,,,,,,,,,18.0,798,193
2024,5374,Justin Watson,justin watson,WR,633.2,695.9,633.2,679.3,51.8,62.8,40.8,,,22.0,288.0,2.0,,,18.0,799,316
2024,11472,Alfonzo Graham,alfonzo graham,RB,633.3,358.7,999.0,999.0,,,,,,,,,,,18.0,800,194
2024,4322,Dalton Crossan,dalton crossan,RB,634.4,634.4,634.4,999.0,,,,,,,,,,,18.0,801,195
2024,902,Dwayne Harris,dwayne harris,WR,634.8,580.0,634.8,999.0,,,,,,,,,,,18.0,802,317
2024,5092,Troy Fumagalli,troy fumagalli,TE,635.0,635.0,635.0,999.0,,,,,,,,,,,18.0,803,162
2024,8122,Zonovan Knight,zonovan knight,RB,635.2,593.7,635.2,663.2,,,,,,,,,,,18.0,804,196
2024,10862,Dorian Thompson-Robinson,dorian thompsonrobinson,QB,635.6,695.6,635.6,655.8,4.78,4.78,4.78,13.0,,,,,87.0,,18.0,805,130
2024,5144,Malik Williams,malik williams,RB,636.0,636.0,636.0,999.0,,,,,,,,,,,18.0,806,197
2024,6778,Chris Streveler,chris streveler,QB,636.0,635.0,636.0,695.1,,,,,,,,,,,18.0,807,131
2024,4061,Davis Webb,davis webb,QB,636.0,336.0,999.0,999.0,,,,,,,,,,,18.0,808,132
2024,11065,Adrian Martinez,adrian martinez,QB,636.8,592.6,636.8,652.0,,,,,,,,,,,18.0,809,133
2024,6723,Vincent Testaverde,vincent testaverde,QB,637.0,473.6,637.0,497.5,,,,,,,,,,,18.0,810,134
2024,7357,Dan Chisena,dan chisena,WR,637.0,552.0,999.0,999.0,2.7,3.7,1.7,,,2.0,17.0,,,,18.0,811,318
2024,5000,Chase Edmonds,chase edmonds,RB,637.3,571.4,637.3,617.1,28.6,34.1,23.1,88.0,1.0,11.0,83.0,,,,18.0,812,198
2024,7335,Bryce Perkins,bryce perkins,QB,638.0,422.8,638.0,999.0,,,,,,,,,,,18.0,813,135
2024,4895,Lamar Atkins,lamar atkins,WR,638.0,640.0,638.0,564.0,,,,,,,,,,,18.0,814,319
2024,4475,Sefo Liufau,sefo liufau,QB,638.0,603.0,999.0,999.0,,,,,,,,,,,18.0,815,136
2024,11601,Trey Knox,trey knox,TE,638.0,605.5,638.0,649.0,,,,,,,,,,,18.0,816,163
2024,8439,Demetris Robertson,demetris robertson,WR,639.0,639.0,639.0,999.0,,,,,,,,,,,18.0,817,320
2024,11199,Emari Demercado,emari demercado,RB,639.4,583.6,639.4,682.7,48.1,56.6,39.6,152.0,1.0,17.0,124.0,1.0,,,18.0,818,199
2024,4098,Kareem Hunt,kareem hunt,RB,639.8,647.4,639.8,668.9,87.0,92.5,81.5,455.0,4.0,11.0,80.0,1.0,,,18.0,819,200
2024,6155,Jaylen Smith,jaylen smith,WR,640.0,640.0,640.0,999.0,,,,,,,,,,,18.0,820,321
2024,7550,Warren Jackson,warren jackson,WR,640.3,404.0,640.3,999.0,,,,,,,,,,,18.0,821,322
2024,6081,Kendall Blanton,kendall blanton,TE,640.3,999.0,421.5,999.0,,,,,,,,,,,18.0,822,164
2024,4520,Travin Dural,travin dural,WR,640.8,999.0,640.8,999.0,,,,,,,,,,,18.0,823,323
2024,8573,Talolo Limi-Jones,talolo limijones,WR,641.0,641.0,641.0,999.0,,,,,,,,,,,18.0,824,324
2024,11034,Jalen Brooks,jalen brooks,WR,641.2,699.7,641.2,674.5,53.1,65.1,41.1,,,24.0,291.0,2.0,,,18.0,825,325
2024,6237,Wilton Speight,wilton speight,QB,641.5,641.5,641.5,999.0,,,,,,,,,,,18.0,826,137
2024,11773,Keilan Robinson,keilan robinson,RB,641.5,627.5,641.5,596.1,5.8,6.8,4.8,33.0,,2.0,15.0,,,,18.0,827,201
2024,5142,Kurt Benkert,kurt benkert,QB,642.5,311.0,642.5,462.5,,,,,,,,,,,18.0,828,138
2024,10219,Chris Rodriguez,chris rodriguez,RB,642.9,695.8,642.9,311.1,44.1,47.6,40.6,235.0,2.0,7.0,51.0,,,,18.0,829,202
2024,9504,Kayshon Boutte,kayshon boutte,WR,643.8,549.2,643.8,653.9,79.5,96.0,63.0,15.0,,33.0,435.0,3.0,,,18.0,830,326
2024,12413,Hamze El-Zayat,hamze elzayat,WR,643.8,475.4,643.8,999.0,,,,,,,,,,,18.0,831,327
2024,260,Josh Johnson,josh johnson,QB,644.3,653.9,644.3,653.2,13.54,13.54,13.54,25.0,,,,,201.0,1.0,18.0,832,139
2024,11588,Jawhar Jordan,jawhar jordan,RB,645.0,606.5,645.0,644.2,22.8,24.8,20.8,121.0,1.0,4.0,27.0,,,,18.0,833,203
2024,8240,BJ Baylor,bj baylor,RB,645.0,700.0,645.0,999.0,,,,,,,,,,,18.0,834,204
2024,6146,Kaden Smith,kaden smith,TE,645.5,645.5,645.5,999.0,,,,,,,,,,,18.0,835,165
2024,8685,John Mitchell,john mitchell,TE,646.3,646.3,646.3,999.0,,,,,,,,,,,18.0,836,166
2024,4455,Matt Breida,matt breida,RB,646.8,582.5,646.8,511.5,17.8,19.3,16.3,80.0,1.0,3.0,23.0,,,,18.0,837,205
2024,2251,Logan Thomas,logan thomas,TE,647.1,693.4,647.1,341.0,27.3,34.3,20.3,,,14.0,143.0,1.0,,,18.0,838,167
2024,10223,Eric Gray,eric gray,RB,647.2,297.4,647.2,259.1,57.5,63.5,51.5,247.0,2.0,12.0,88.0,1.0,,,18.0,839,206
2024,5089,Mike White,mike white,QB,647.5,605.9,647.5,342.9,9.9,9.9,9.9,7.0,,,,,155.0,1.0,18.0,840,140
2024,345,Brian Hoyer,brian hoyer,QB,648.0,373.8,648.0,524.3,,,,,,,,,,,18.0,841,141
2024,2412,Justin Hardy,justin hardy,WR,649.4,456.0,649.4,999.0,,,,,,,,,,,18.0,842,328
2024,2430,Javorius Allen,javorius allen,RB,649.6,329.0,649.6,999.0,,,,,,,,,,,18.0,843,207
2024,9507,Titus Swen,titus swen,RB,650.0,650.0,650.0,999.0,,,,,,,,,,,18.0,844,208
2024,10211,Camerun Peoples,camerun peoples,RB,650.0,659.0,650.0,674.1,,,,,,,,,,,18.0,845,209
2024,8212,Dustin Crum,dustin crum,QB,651.0,534.3,651.0,999.0,,,,,,,,,,,18.0,846,142
2024,8441,Justin Hall,justin hall,WR,651.0,651.0,651.0,999.0,,,,,,,,,,,18.0,847,329
2024,3634,Kalif Raymond,kalif raymond,WR,651.3,683.1,651.3,300.8,60.3,72.8,47.8,44.0,,25.0,314.0,2.0,,,18.0,848,330
2024,3423,Robbie Chosen,robbie chosen,WR,652.0,526.5,652.0,686.7,22.0,26.5,17.5,4.0,,9.0,111.0,1.0,,,18.0,849,331
2024,7084,Jake Luton,jake luton,QB,652.0,999.0,652.0,999.0,,,,,,,,,,,18.0,850,143
2024,11415,Tanner Taula,tanner taula,TE,652.0,652.0,652.0,999.0,,,,,,,,,,,18.0,851,168
2024,5185,Allen Lazard,allen lazard,WR,652.3,310.8,652.3,339.2,96.0,116.0,76.0,8.0,,40.0,512.0,4.0,,,18.0,852,332
2024,8147,John Metchie,john metchie,WR,653.0,664.3,653.0,697.5,30.0,37.0,23.0,8.0,,14.0,162.0,1.0,,,18.0,853,333
2024,7854,Miller Forristall,miller forristall,TE,653.0,429.0,653.0,999.0,,,,,,,,,,,18.0,854,169
2024,10210,Cameron Latu,cameron latu,TE,653.0,681.5,653.0,673.5,,,,,,,,,,,18.0,855,170
2024,6357,Shawn Bane,shawn bane,WR,654.5,654.5,654.5,999.0,,,,,,,,,,,18.0,856,334
2024,4040,JuJu Smith-Schuster,juju smithschuster,WR,654.6,677.0,654.6,347.4,93.2,115.2,71.2,4.0,,44.0,468.0,4.0,,,18.0,857,335
2024,4183,Nathan Peterman,nathan peterman,QB,654.8,687.4,654.8,700.3,,,,,,,,,,,18.0,858,144
2024,1169,Robert Griffin,robert griffin,QB,655.0,588.6,655.0,654.8,,,,,,,,,,,18.0,859,145
2024,8204,Bo Melton,bo melton,WR,655.5,670.6,655.5,303.9,66.0,79.0,53.0,9.0,,26.0,341.0,3.0,,,18.0,860,336
2024,5750,Garrett Hudson,garrett hudson,TE,655.7,655.7,655.7,999.0,,,,,,,,,,,18.0,861,171
2024,5880,Parris Campbell,parris campbell,WR,656.0,622.7,656.0,628.2,28.7,35.7,21.7,5.0,,14.0,152.0,1.0,,,18.0,862,337
2024,7860,Osirus Mitchell,osirus mitchell,WR,656.0,625.1,656.0,999.0,,,,,,,,,,,18.0,863,338
2024,10444,Cedric Tillman,cedric tillman,WR,657.1,650.3,657.1,299.2,52.9,63.9,41.9,5.0,,22.0,294.0,2.0,,,18.0,864,339
2024,10226,Andrei Iosivas,andrei iosivas,WR,657.9,599.5,657.9,295.2,86.7,106.2,67.2,11.0,,39.0,481.0,3.0,,,18.0,865,340
2024,11378,Jordan Mims,jordan mims,RB,657.9,381.0,657.9,508.8,17.0,18.5,15.5,77.0,1.0,3.0,18.0,,,,18.0,866,210
2024,367,Jared Cook,jared cook,TE,658.0,658.0,658.0,999.0,,,,,,,,,,,18.0,867,172
2024,5284,Jeff Wilson,jeff wilson,RB,658.6,618.4,658.6,683.4,21.5,23.5,19.5,106.0,1.0,4.0,29.0,,,,18.0,868,211
2024,5772,Aaron Lacombe,aaron lacombe,WR,659.0,659.0,659.0,999.0,,,,,,,,,,,18.0,869,341
2024,8226,Greg Bell,greg bell,RB,659.0,659.0,659.0,999.0,,,,,,,,,,,18.0,870,212
2024,7562,Tutu Atwell,tutu atwell,WR,659.8,655.6,659.8,305.8,52.8,63.8,41.8,20.0,,22.0,278.0,2.0,,,18.0,871,342
2024,928,Randall Cobb,randall cobb,WR,659.9,687.3,659.9,691.0,23.3,28.8,17.8,4.0,,11.0,114.0,1.0,,,18.0,872,343
2024,5246,Jake Roh,jake roh,TE,660.0,999.0,660.0,999.0,,,,,,,,,,,18.0,873,173
2024,6136,Jarrett Stidham,jarrett stidham,QB,660.1,675.9,660.1,271.7,29.14,29.14,29.14,19.0,1.0,,,,431.0,2.0,18.0,874,146
2024,5120,Danny Etling,danny etling,QB,661.0,516.0,661.0,999.0,,,,,,,,,,,18.0,875,147
2024,6798,Jalen Reagor,jalen reagor,WR,661.5,615.5,661.5,647.3,21.0,25.0,17.0,4.0,,8.0,106.0,1.0,,,18.0,876,344
2024,5984,Anthony Ratliff-Williams,anthony ratliffwilliams,WR,662.0,999.0,662.0,999.0,,,,,,,,,,,18.0,877,345
2024,11590,Jase McClellan,jase mcclellan,RB,662.8,595.1,662.8,700.0,36.3,41.3,31.3,118.0,1.0,10.0,75.0,1.0,,,18.0,878,213
2024,9506,Sean Tucker,sean tucker,RB,662.8,653.7,662.8,689.2,78.4,85.4,71.4,391.0,3.0,14.0,103.0,1.0,,,18.0,879,214
2024,2359,Ameer Abdullah,ameer abdullah,RB,663.0,497.0,663.0,611.8,27.9,32.4,23.4,46.0,1.0,9.0,68.0,1.0,,,18.0,880,215
2024,10224,Brayden Willis,brayden willis,TE,663.0,668.5,663.0,650.1,,,,,,,,,,,18.0,881,174
2024,5196,Ethan Wolf,ethan wolf,TE,663.0,662.7,663.0,563.0,,,,,,,,,,,18.0,882,175
2024,3312,Jonathan Williams,jonathan williams,RB,664.0,999.0,999.0,654.0,,,,,,,,,,,18.0,883,216
2024,7951,B.J. Emmons,bj emmons,RB,664.0,488.8,664.0,999.0,,,,,,,,,,,18.0,884,217
2024,3859,Jalen Simmons,jalen simmons,RB,665.0,665.0,665.0,999.0,,,,,,,,,,,18.0,885,218
2024,5878,N'Keal Harry,nkeal harry,TE,665.2,691.3,665.2,658.7,,,,,,,,,,,18.0,886,176
2024,6927,Quez Watkins,quez watkins,WR,665.3,593.2,665.3,693.5,23.5,28.0,19.0,3.0,,9.0,127.0,1.0,,,18.0,887,346
2024,6111,Jake Browning,jake browning,QB,666.8,669.9,666.8,273.2,18.72,18.72,18.72,22.0,,,,,238.0,2.0,18.0,888,148
2024,11616,Jacob Cowing,jacob cowing,WR,666.9,612.5,666.9,343.5,25.5,31.0,20.0,6.0,,11.0,134.0,1.0,,,18.0,889,347
2024,1555,Kenny Stills,kenny stills,WR,667.0,999.0,667.0,634.5,,,,,,,,,,,18.0,890,348
2024,2307,Marcus Mariota,marcus mariota,QB,667.4,454.3,667.4,611.2,12.98,12.98,12.98,13.0,,,,,217.0,1.0,18.0,891,149
2024,1642,Levine Toilolo,levine toilolo,TE,667.5,667.5,667.5,999.0,,,,,,,,,,,18.0,892,177
2024,8549,Trevon Clark,trevon clark,WR,668.0,557.7,668.0,999.0,,,,,,,,,,,18.0,893,349
2024,7527,Mac Jones,mac jones,QB,668.0,532.8,668.0,346.5,13.4,13.4,13.4,20.0,,,,,210.0,1.0,18.0,894,150
2024,3271,Tyler Higbee,tyler higbee,TE,668.5,296.4,668.5,281.9,47.6,59.1,36.1,,,23.0,241.0,2.0,,,18.0,895,178
2024,7610,Trey Lance,trey lance,QB,669.1,699.1,669.1,308.6,12.7,12.7,12.7,19.0,,,,,195.0,1.0,18.0,896,151
2024,11652,Louis Rees-Zammit,louis reeszammit,RB,669.6,683.7,669.6,298.0,,,,,,,,,,,18.0,897,219
2024,7720,Kene Nwangwu,kene nwangwu,RB,670.0,685.0,670.0,591.0,7.0,8.0,6.0,49.0,,2.0,11.0,,,,18.0,898,220
2024,12398,Jadon Janke,jadon janke,WR,670.0,545.3,670.0,584.5,,,,,,,,,,,18.0,899,350
2024,7308,Nick Bowers,nick bowers,TE,670.7,670.7,670.7,683.7,,,,,,,,,,,18.0,900,179
2024,10871,Luke Schoonmaker,luke schoonmaker,TE,671.0,613.6,671.0,645.4,18.7,22.7,14.7,,,8.0,87.0,1.0,,,18.0,901,180
2024,12173,Jaxon Janke,jaxon janke,WR,671.0,431.0,671.0,999.0,,,,,,,,,,,18.0,902,351
2024,4179,Joshua Dobbs,joshua dobbs,QB,671.2,691.4,671.2,335.8,13.2,13.2,13.2,26.0,,,,,190.0,1.0,18.0,903,152
2024,11729,Sione Vaki,sione vaki,RB,671.6,607.5,671.6,608.4,10.5,12.0,9.0,67.0,,3.0,23.0,,,,18.0,904,221
2024,5140,Jaelon Acklin,jaelon acklin,WR,671.6,671.6,671.6,999.0,,,,,,,,,,,18.0,905,352
2024,1170,Alfred Morris,alfred morris,RB,673.3,629.3,673.3,596.1,,,,,,,,,,,18.0,906,222
2024,11192,Malik Flowers,malik flowers,WR,673.4,673.4,673.4,609.0,,,,,,,,,,,18.0,907,353
2024,5121,Braxton Berrios,braxton berrios,WR,673.9,676.0,673.9,331.5,29.2,36.7,21.7,8.0,,15.0,149.0,1.0,,,18.0,908,354
2024,9510,Lew Nichols,lew nichols,RB,674.0,674.0,674.0,999.0,,,,,,,,,,,18.0,909,223
2024,9512,DeWayne McBride,dewayne mcbride,RB,674.0,635.7,674.0,684.8,23.5,25.5,21.5,125.0,1.0,4.0,30.0,,,,18.0,910,224
2024,10651,Mohamed Ibrahim,mohamed ibrahim,RB,674.9,696.0,674.9,482.9,,,,,,,,,,,18.0,911,225
2024,6462,Ellis Richardson,ellis richardson,TE,675.0,999.0,675.0,999.0,,,,,,,,,,,18.0,912,181
2024,9487,Parker Washington,parker washington,WR,675.6,668.1,675.6,651.2,49.4,60.9,37.9,8.0,,23.0,251.0,2.0,,,18.0,913,355
2024,8243,DeAndre Torrey,deandre torrey,RB,676.0,676.0,676.0,999.0,,,,,,,,,,,18.0,914,226
2024,8801,Dennis Houston,dennis houston,WR,676.1,449.0,676.1,999.0,,,,,,,,,,,18.0,915,356
2024,8125,Calvin Austin,calvin austin,WR,677.0,681.9,677.0,297.5,64.6,79.6,49.6,55.0,,30.0,321.0,2.0,,,18.0,916,357
2024,7272,Dylan Stapleton,dylan stapleton,TE,677.0,677.0,677.0,999.0,,,,,,,,,,,18.0,917,182
2024,7157,Josh Love,josh love,QB,677.0,631.2,677.0,583.5,,,,,,,,,,,18.0,918,153
2024,6846,Hunter Bryant,hunter bryant,TE,678.0,678.0,678.0,999.0,,,,,,,,,,,18.0,919,183
2024,9479,Darnell Washington,darnell washington,TE,678.3,608.0,678.3,695.1,28.8,36.3,21.3,,,15.0,153.0,1.0,,,18.0,920,184
2024,8437,Thomas Hennigan,thomas hennigan,WR,678.6,999.0,678.6,999.0,,,,,,,,,,,18.0,921,358
2024,7203,Antonio Williams,antonio williams,RB,679.0,999.0,679.0,531.0,,,,,,,,,,,18.0,922,227
2024,11592,Erick All,erick all,TE,679.2,647.9,679.2,302.6,67.2,84.2,50.2,,,34.0,322.0,3.0,,,18.0,923,185
2024,7607,Michael Carter,michael carter,RB,680.8,617.2,680.8,696.7,29.0,34.0,24.0,111.0,1.0,10.0,69.0,,,,18.0,924,228
2024,8145,Jeremy Ruckert,jeremy ruckert,TE,681.0,575.6,681.0,647.6,33.9,42.9,24.9,,,18.0,189.0,1.0,,,18.0,925,186
2024,5955,Hunter Renfrow,hunter renfrow,WR,681.0,692.9,681.0,675.5,25.5,32.0,19.0,2.0,,13.0,128.0,1.0,,,18.0,926,359
2024,973,Anthony Sherman,anthony sherman,RB,681.7,681.7,681.7,481.7,,,,,,,,,,,18.0,927,229
2024,5143,Demario Richard,demario richard,RB,682.0,682.0,682.0,999.0,,,,,,,,,,,18.0,928,230
2024,1049,Ryan Tannehill,ryan tannehill,QB,682.0,663.7,682.0,641.1,16.18,16.18,16.18,49.0,,,,,207.0,1.0,18.0,929,154
2024,4588,Kyle Sloter,kyle sloter,QB,682.3,524.2,682.3,647.5,,,,,,,,,,,18.0,930,155
2024,3976,Mitchell Trubisky,mitchell trubisky,QB,683.3,637.0,683.3,631.4,16.26,16.26,16.26,15.0,,,,,194.0,2.0,18.0,931,156
2024,9492,Trey Palmer,trey palmer,WR,683.4,307.6,683.4,315.5,31.2,38.2,24.2,10.0,,14.0,172.0,1.0,,,18.0,932,360
2024,8184,D'Vonte Price,dvonte price,RB,684.0,528.5,684.0,999.0,,,,,,,,,,,18.0,933,231
2024,8891,Ryan McDaniel,ryan mcdaniel,WR,684.5,695.0,684.5,999.0,,,,,,,,,,,18.0,934,361
2024,11571,Isaiah Davis,isaiah davis,RB,685.1,558.8,685.1,690.7,24.7,27.2,22.2,125.0,1.0,5.0,37.0,,,,18.0,935,232
2024,11605,Jaheim Bell,jaheim bell,TE,685.3,677.7,685.3,337.0,48.8,60.3,37.3,,,23.0,253.0,2.0,,,18.0,936,187
2024,6154,David Sills,david sills,WR,685.9,999.0,999.0,513.0,,,,,,,,,,,18.0,937,362
2024,2320,Melvin Gordon,melvin gordon,RB,685.9,447.5,685.9,399.2,21.5,22.5,20.5,130.0,1.0,2.0,15.0,,,,18.0,938,233
2024,4038,John Ross,john ross,WR,686.5,656.0,686.5,676.6,,,,,,,,,,,18.0,939,363
2024,11216,Holton Ahlers,holton ahlers,QB,687.0,576.0,687.0,523.0,,,,,,,,,,,18.0,940,157
2024,6742,Marquis Young,marquis young,RB,687.0,687.0,687.0,999.0,,,,,,,,,,,18.0,941,234
2024,642,Golden Tate,golden tate,WR,687.5,555.7,687.5,477.3,,,,,,,,,,,18.0,942,364
2024,9490,Tyler Scott,tyler scott,WR,688.0,619.9,688.0,627.3,50.8,61.8,39.8,29.0,,22.0,249.0,2.0,,,18.0,943,365
2024,8251,Calvin Jackson,calvin jackson,WR,688.0,688.0,688.0,999.0,,,,,,,,,,,18.0,944,366
2024,5008,Durham Smythe,durham smythe,TE,688.1,604.3,688.1,659.9,40.7,50.2,31.2,,,19.0,192.0,2.0,,,18.0,945,188
2024,6869,Adam Trautman,adam trautman,TE,689.0,668.0,689.0,685.1,25.6,32.1,19.1,,,13.0,131.0,1.0,,,18.0,946,189
2024,6164,Kahale Warring,kahale warring,TE,689.0,689.0,689.0,999.0,,,,,,,,,,,18.0,947,190
2024,12007,Nathaniel Peat,nathaniel peat,RB,689.3,351.0,689.3,573.3,,,,,,,,,,,18.0,948,235
2024,8924,Thomas Odukoya,thomas odukoya,TE,690.0,661.3,690.0,999.0,,,,,,,,,,,18.0,949,191
2024,2474,Nick Boyle,nick boyle,TE,690.0,999.0,999.0,999.0,,,,,,,,,,,18.0,950,192
2024,2487,Geremy Davis,geremy davis,WR,690.0,999.0,690.0,999.0,,,,,,,,,,,18.0,951,367
2024,11615,Ainias Smith,ainias smith,WR,691.0,539.2,691.0,351.1,26.2,31.7,20.7,6.0,,11.0,141.0,1.0,,,18.0,952,368
2024,7903,Briley Moore,briley moore,TE,691.3,691.3,691.3,577.5,,,,,,,,,,,18.0,953,193
2024,8660,Leroy Watson,leroy watson,TE,691.3,635.4,268.0,999.0,,,,,,,,,,,18.0,954,194
2024,2325,Nelson Agholor,nelson agholor,WR,691.8,595.9,691.8,641.3,47.4,57.4,37.4,6.0,,20.0,248.0,2.0,,,18.0,955,369
2024,8114,Erik Ezukanma,erik ezukanma,WR,692.0,622.0,692.0,614.0,,,,,,,,,,,18.0,956,370
2024,10215,Jake Haener,jake haener,QB,692.5,520.0,692.5,692.6,23.9,23.9,23.9,23.0,,,,,365.0,3.0,18.0,957,158
2024,7106,Lawrence Cager,lawrence cager,TE,693.0,999.0,999.0,610.9,,,,,,,,,,,18.0,958,195
2024,1500,Jordan Reed,jordan reed,TE,693.0,570.8,693.0,999.0,,,,,,,,,,,18.0,959,196
2024,7437,Kyle Williams,kyle williams,WR,693.0,999.0,693.0,682.0,,,,,,,,,,,18.0,960,371
2024,3041,Ross Travis,ross travis,TE,693.5,693.5,693.5,999.0,,,,,,,,,,,18.0,961,197
2024,5550,John David Moore,john david moore,RB,694.0,694.0,694.0,999.0,,,,,,,,,,,18.0,962,236
2024,11447,Kris Leach,kris leach,TE,694.0,999.0,694.0,534.3,,,,,,,,,,,18.0,963,198
2024,5010,Will Dissly,will dissly,TE,694.8,642.3,694.8,335.1,21.2,26.2,16.2,,,10.0,102.0,1.0,,,18.0,964,199
2024,7475,Napoleon Maxwell,napoleon maxwell,RB,695.0,695.0,695.0,999.0,,,,,,,,,,,18.0,965,237
2024,8127,Charlie Kolar,charlie kolar,TE,695.0,661.0,695.0,688.0,7.6,10.1,5.1,,,5.0,51.0,,,,18.0,966,200
2024,10214,Davis Allen,davis allen,TE,695.4,509.6,695.4,311.4,25.7,32.2,19.2,,,13.0,132.0,1.0,,,18.0,967,201
2024,5171,Kevin Rader,kevin rader,TE,695.5,483.9,695.5,999.0,,,,,,,,,,,18.0,968,202
2024,4962,Sony Michel,sony michel,RB,696.0,631.8,696.0,999.0,,,,,,,,,,,18.0,969,238
2024,2751,Daniel Brown,daniel brown,TE,696.0,696.0,696.0,999.0,,,,,,,,,,,18.0,970,203
2024,4274,David Moore,david moore,WR,697.0,697.0,697.0,650.2,24.5,29.0,20.0,5.0,,9.0,135.0,1.0,,,18.0,971,372
2024,2306,Jameis Winston,jameis winston,QB,697.7,492.1,697.7,260.3,75.68,75.68,75.68,70.0,1.0,,,,1042.0,7.0,18.0,972,159
2024,1535,Cordarrelle Patterson,cordarrelle patterson,RB,698.3,580.6,698.3,292.0,33.8,38.8,28.8,153.0,1.0,10.0,75.0,,,,18.0,973,239
2024,8221,Keaontay Ingram,keaontay ingram,RB,698.4,362.0,698.4,662.0,5.0,6.0,4.0,30.0,,2.0,10.0,,,,18.0,974,240
2024,5134,Keith Kirkwood,keith kirkwood,WR,699.0,999.0,699.0,999.0,,,,,,,,,,,18.0,975,373
2024,7045,Joshua Kelley,joshua kelley,RB,699.0,699.0,699.0,663.0,25.5,28.0,23.0,134.0,1.0,5.0,36.0,,,,18.0,976,241
2024,7218,Cam Sutton,cam sutton,TE,699.5,575.5,699.5,999.0,,,,,,,,,,,18.0,977,204
2024,11524,Izaiah Gathings,izaiah gathings,TE,700.5,700.5,700.5,999.0,,,,,,,,,,,18.0,978,205
2024,19,Joe Flacco,joe flacco,QB,700.8,680.7,700.8,236.4,60.42,60.42,60.42,21.0,,,,,933.0,6.0,18.0,979,160
2025,7564,Ja'Marr Chase,jamarr chase,WR,1.4,1.0,1.4,2.9,271.8,328.3,215.3,23.0,,113.0,1470.0,11.0,,,18.0,1,1
2025,9509,Bijan Robinson,bijan robinson,RB,2.5,3.3,2.5,4.0,280.1,308.1,252.1,1334.0,11.0,56.0,427.0,2.0,,,18.0,2,1
2025,4866,Saquon Barkley,saquon barkley,RB,3.6,2.2,3.6,9.5,283.0,302.5,263.5,1590.0,11.0,39.0,305.0,2.0,,,18.0,3,2
2025,9221,Jahmyr Gibbs,jahmyr gibbs,RB,4.3,4.7,4.3,7.5,275.3,303.3,247.3,1204.0,12.0,56.0,449.0,2.0,,,18.0,4,3
2025,6794,Justin Jefferson,justin jefferson,WR,5.0,5.5,5.0,6.8,246.3,297.3,195.3,6.0,,102.0,1407.0,9.0,,,18.0,5,2
2025,6786,CeeDee Lamb,ceedee lamb,WR,6.1,6.5,6.1,11.0,248.5,302.5,194.5,81.0,1.0,108.0,1324.0,8.0,,,18.0,6,3
2025,4034,Christian McCaffrey,christian mccaffrey,RB,7.3,9.2,7.3,14.9,243.0,274.0,212.0,995.0,8.0,62.0,505.0,3.0,,,18.0,7,4
2025,3198,Derrick Henry,derrick henry,RB,7.9,7.8,7.9,17.3,262.7,270.2,255.2,1542.0,14.0,15.0,130.0,1.0,,,18.0,8,5
2025,7547,Amon-Ra St. Brown,amonra st brown,WR,9.5,7.2,9.5,13.0,222.2,274.2,170.2,12.0,,104.0,1210.0,8.0,,,18.0,9,4
2025,12527,Ashton Jeanty,ashton jeanty,RB,10.2,12.6,10.2,12.2,257.3,281.8,232.8,1255.0,10.0,49.0,373.0,2.0,,,18.0,10,6
2025,11632,Malik Nabers,malik nabers,WR,11.5,11.2,11.5,15.9,228.3,279.3,177.3,35.0,,102.0,1278.0,8.0,,,18.0,11,5
2025,9493,Puka Nacua,puka nacua,WR,12.8,10.7,12.8,19.0,227.8,276.8,178.8,71.0,1.0,98.0,1237.0,7.0,,,18.0,12,6
2025,5850,Josh Jacobs,josh jacobs,RB,13.4,15.1,13.4,25.8,243.8,263.3,224.3,1188.0,11.0,39.0,295.0,2.0,,,18.0,13,7
2025,7569,Nico Collins,nico collins,WR,14.5,13.0,14.5,20.6,229.1,275.1,183.1,6.0,,92.0,1285.0,9.0,,,18.0,14,7
2025,9226,De'Von Achane,devon achane,RB,15.1,14.6,15.1,22.6,233.4,266.9,199.9,931.0,7.0,67.0,508.0,3.0,,,18.0,15,8
2025,6813,Jonathan Taylor,jonathan taylor,RB,15.7,22.4,15.7,27.2,238.5,255.5,221.5,1320.0,10.0,34.0,255.0,1.0,,,18.0,16,9
2025,8112,Drake London,drake london,WR,17.4,17.9,17.4,23.2,224.4,274.4,174.4,11.0,,100.0,1253.0,8.0,,,18.0,17,8
2025,5859,A.J. Brown,aj brown,WR,18.7,19.6,18.7,28.2,210.5,253.5,167.5,,,86.0,1255.0,7.0,,,18.0,18,9
2025,4984,Josh Allen,josh allen,QB,19.2,18.5,19.2,1.5,356.04,356.04,356.04,504.0,11.0,,,,3716.0,26.0,18.0,19,1
2025,11631,Brian Thomas,brian thomas,WR,20.2,15.8,20.2,21.3,226.3,273.8,178.8,18.0,,95.0,1290.0,8.0,,,18.0,20,10
2025,4881,Lamar Jackson,lamar jackson,QB,21.1,21.9,21.1,3.1,359.04,359.04,359.04,832.0,4.0,,,,3671.0,30.0,18.0,21,2
2025,11604,Brock Bowers,brock bowers,TE,22.6,20.2,22.6,15.7,200.3,250.8,149.8,16.0,,101.0,1062.0,7.0,,,18.0,22,1
2025,11584,Bucky Irving,bucky irving,RB,23.3,23.4,23.3,26.9,224.6,248.1,201.1,1094.0,8.0,47.0,357.0,2.0,,,18.0,23,10
2025,8150,Kyren Williams,kyren williams,RB,23.8,25.2,23.8,31.2,223.1,238.1,208.1,1170.0,11.0,30.0,211.0,1.0,,,18.0,24,11
2025,9224,Chase Brown,chase brown,RB,25.9,26.0,25.9,33.8,225.3,251.8,198.8,1013.0,8.0,53.0,395.0,2.0,,,18.0,25,12
2025,11635,Ladd McConkey,ladd mcconkey,WR,26.6,23.1,26.6,30.6,195.7,240.2,151.2,17.0,,89.0,1075.0,7.0,,,18.0,26,11
2025,8138,James Cook,james cook,RB,27.2,29.4,27.2,39.4,203.7,220.2,187.2,1035.0,8.0,33.0,257.0,2.0,,,18.0,27,13
2025,3321,Tyreek Hill,tyreek hill,WR,28.7,27.4,28.7,43.8,215.4,259.9,170.9,35.0,,89.0,1194.0,8.0,,,18.0,28,12
2025,8130,Trey McBride,trey mcbride,TE,29.5,28.1,29.5,23.2,196.4,247.4,145.4,3.0,,102.0,1031.0,7.0,,,18.0,29,2
2025,12507,Omarion Hampton,omarion hampton,RB,30.5,40.0,30.5,37.5,217.4,235.9,198.9,1068.0,10.0,37.0,281.0,1.0,,,18.0,30,14
2025,6801,Tee Higgins,tee higgins,WR,31.2,31.8,31.2,39.6,193.7,234.7,152.7,,,82.0,1047.0,8.0,,,18.0,31,13
2025,9488,Jaxon Smith-Njigba,jaxon smithnjigba,WR,31.7,30.7,31.7,36.8,184.5,228.0,141.0,43.0,,87.0,1007.0,6.0,,,18.0,32,14
2025,6904,Jalen Hurts,jalen hurts,QB,33.9,33.0,33.9,10.8,351.5,351.5,351.5,535.0,14.0,,,,3475.0,22.0,18.0,33,3
2025,8155,Breece Hall,breece hall,RB,34.8,38.4,34.8,38.5,192.3,213.8,170.8,989.0,5.0,43.0,339.0,2.0,,,18.0,34,15
2025,11566,Jayden Daniels,jayden daniels,QB,35.6,31.4,35.6,5.3,354.46,354.46,354.46,775.0,6.0,,,,3799.0,26.0,18.0,35,4
2025,11628,Marvin Harrison,marvin harrison,WR,36.4,41.4,36.4,34.3,194.8,234.8,154.8,16.0,,80.0,1112.0,7.0,,,18.0,36,15
2025,4217,George Kittle,george kittle,TE,37.7,36.0,37.7,35.6,172.5,208.0,137.0,,,71.0,970.0,7.0,,,18.0,37,3
2025,4035,Alvin Kamara,alvin kamara,RB,38.6,35.5,38.6,45.8,198.8,228.3,169.3,875.0,5.0,59.0,438.0,2.0,,,18.0,38,16
2025,2216,Mike Evans,mike evans,WR,39.3,39.2,39.3,47.7,194.1,230.1,158.1,,,72.0,1041.0,9.0,,,18.0,39,16
2025,6770,Joe Burrow,joe burrow,QB,40.0,34.3,40.0,7.1,331.24,331.24,331.24,180.0,2.0,,,,4506.0,34.0,18.0,40,5
2025,8151,Kenneth Walker,kenneth walker,RB,41.5,43.6,41.5,50.6,165.5,181.5,149.5,880.0,6.0,32.0,235.0,1.0,,,18.0,41,17
2025,5927,Terry McLaurin,terry mclaurin,WR,42.9,42.6,42.9,46.9,194.7,234.7,154.7,6.0,,80.0,1121.0,7.0,,,18.0,42,17
2025,8146,Garrett Wilson,garrett wilson,WR,43.1,37.3,43.1,41.6,195.7,240.2,151.2,37.0,,89.0,1115.0,6.0,,,18.0,43,18
2025,7594,Chuba Hubbard,chuba hubbard,RB,44.0,46.0,44.0,53.0,196.8,215.8,177.8,1050.0,7.0,38.0,268.0,1.0,,,18.0,44,18
2025,2133,Davante Adams,davante adams,WR,45.0,44.0,45.0,55.2,193.0,234.0,152.0,,,82.0,1040.0,8.0,,,18.0,45,19
2025,5846,DK Metcalf,dk metcalf,WR,46.8,45.4,46.8,61.8,194.7,234.7,154.7,6.0,,80.0,1141.0,7.0,,,18.0,46,20
2025,12529,TreVeyon Henderson,treveyon henderson,RB,47.7,52.1,47.7,51.8,181.7,202.2,161.2,840.0,6.0,41.0,312.0,2.0,,,18.0,47,19
2025,4137,James Conner,james conner,RB,47.9,47.5,47.9,63.8,203.5,223.5,183.5,951.0,8.0,40.0,304.0,2.0,,,18.0,48,20
2025,10859,Sam LaPorta,sam laporta,TE,49.0,47.6,49.0,47.1,146.9,182.4,111.4,,,71.0,774.0,6.0,,,18.0,49,4
2025,5045,Courtland Sutton,courtland sutton,WR,50.6,50.3,50.6,71.2,181.8,219.8,143.8,,,76.0,1018.0,7.0,,,18.0,50,21
2025,4983,DJ Moore,dj moore,WR,51.5,51.6,51.5,62.7,179.5,219.5,139.5,46.0,,80.0,989.0,6.0,,,18.0,51,22
2025,5892,David Montgomery,david montgomery,RB,52.8,53.6,52.8,71.9,167.6,182.1,153.1,786.0,8.0,29.0,225.0,1.0,,,18.0,52,21
2025,4046,Patrick Mahomes,patrick mahomes,QB,53.3,49.5,53.3,18.7,327.02,327.02,327.02,335.0,2.0,,,,4188.0,32.0,18.0,53,6
2025,12489,RJ Harvey,rj harvey,RB,54.3,63.9,54.3,63.9,180.5,202.0,159.0,795.0,6.0,43.0,315.0,2.0,,,18.0,54,22
2025,8205,Isiah Pacheco,isiah pacheco,RB,55.0,55.8,55.0,78.5,175.3,191.8,158.8,865.0,7.0,33.0,243.0,1.0,,,18.0,55,23
2025,12526,Tetairoa McMillan,tetairoa mcmillan,WR,55.7,62.4,55.7,57.4,189.2,231.2,147.2,28.0,,84.0,1044.0,7.0,,,18.0,56,23
2025,7525,DeVonta Smith,devonta smith,WR,57.8,54.3,57.8,65.4,170.2,210.7,129.7,5.0,,81.0,952.0,6.0,,,18.0,57,24
2025,11624,Xavier Worthy,xavier worthy,WR,58.0,57.6,58.0,67.5,173.2,207.2,139.2,92.0,1.0,68.0,840.0,7.0,,,18.0,58,25
2025,8148,Jameson Williams,jameson williams,WR,59.9,63.2,59.9,74.0,188.0,222.0,154.0,67.0,1.0,68.0,1013.0,7.0,,,18.0,59,26
2025,9997,Zay Flowers,zay flowers,WR,60.4,58.5,60.4,73.7,159.2,194.2,124.2,43.0,,70.0,919.0,5.0,,,18.0,60,27
2025,8137,George Pickens,george pickens,WR,61.1,61.6,61.1,76.6,181.9,217.4,146.4,16.0,,71.0,1028.0,7.0,,,18.0,61,28
2025,10229,Rashee Rice,rashee rice,WR,62.0,66.5,62.0,55.6,164.3,201.3,127.3,11.0,,74.0,842.0,7.0,,,18.0,62,29
2025,6790,D'Andre Swift,dandre swift,RB,63.3,66.3,63.3,79.2,168.9,185.4,152.4,866.0,6.0,33.0,238.0,1.0,,,18.0,63,24
2025,1466,Travis Kelce,travis kelce,TE,63.9,60.2,63.9,69.4,137.9,174.9,100.9,1.0,,74.0,728.0,5.0,,,18.0,64,5
2025,5967,Tony Pollard,tony pollard,RB,65.7,70.7,65.7,88.0,190.0,212.0,168.0,960.0,6.0,44.0,320.0,1.0,,,18.0,65,25
2025,5844,T.J. Hockenson,tj hockenson,TE,66.6,59.2,66.6,66.1,139.0,176.0,102.0,,,74.0,740.0,5.0,,,18.0,66,6
2025,4199,Aaron Jones,aaron jones,RB,67.1,67.6,67.1,89.6,159.2,178.2,140.2,782.0,4.0,38.0,280.0,2.0,,,18.0,67,26
2025,4892,Baker Mayfield,baker mayfield,QB,68.5,65.2,68.5,31.8,311.5,311.5,311.5,285.0,3.0,,,,4000.0,31.0,18.0,68,7
2025,4981,Calvin Ridley,calvin ridley,WR,69.1,71.3,69.1,90.0,176.9,213.4,140.4,33.0,,73.0,1031.0,6.0,,,18.0,69,30
2025,12530,Travis Hunter,travis hunter,WR,70.3,68.9,70.3,68.2,165.5,201.0,130.0,28.0,,71.0,892.0,6.0,,,18.0,70,31
2025,5012,Mark Andrews,mark andrews,TE,71.7,73.8,71.7,87.8,138.0,165.5,110.5,4.0,,55.0,681.0,7.0,,,18.0,71,7
2025,7526,Jaylen Waddle,jaylen waddle,WR,71.9,69.6,71.9,86.0,171.8,209.3,134.3,23.0,,75.0,980.0,6.0,,,18.0,72,32
2025,12504,Kaleb Johnson,kaleb johnson,RB,73.6,77.2,73.6,81.3,163.0,175.5,150.5,840.0,7.0,25.0,185.0,1.0,,,18.0,73,27
2025,11563,Bo Nix,bo nix,QB,74.2,71.5,74.2,29.8,310.48,310.48,310.48,412.0,4.0,,,,3832.0,27.0,18.0,74,8
2025,6783,Jerry Jeudy,jerry jeudy,WR,75.2,74.3,75.2,92.1,175.7,215.7,135.7,18.0,,80.0,1039.0,5.0,,,18.0,75,33
2025,8144,Chris Olave,chris olave,WR,76.6,75.8,76.6,91.2,166.7,205.2,128.2,5.0,,77.0,997.0,5.0,,,18.0,76,34
2025,11620,Rome Odunze,rome odunze,WR,77.9,79.7,77.9,85.7,157.6,191.1,124.1,5.0,,67.0,896.0,6.0,,,18.0,77,35
2025,11655,Tyrone Tracy,tyrone tracy,RB,78.3,86.1,78.3,102.3,161.5,180.0,143.0,795.0,5.0,37.0,275.0,1.0,,,18.0,78,28
2025,5872,Deebo Samuel,deebo samuel,WR,79.4,78.4,79.4,101.6,165.1,198.6,131.6,120.0,1.0,67.0,856.0,5.0,,,18.0,79,36
2025,4066,Evan Engram,evan engram,TE,79.8,76.2,79.8,93.0,133.1,169.1,97.1,,,72.0,691.0,5.0,,,18.0,80,8
2025,11638,Ricky Pearsall,ricky pearsall,WR,81.8,95.6,81.8,95.7,158.4,190.9,125.9,58.0,,65.0,861.0,6.0,,,18.0,81,37
2025,12512,Quinshon Judkins,quinshon judkins,RB,82.7,83.2,82.7,84.1,104.4,111.4,97.4,588.0,4.0,14.0,106.0,1.0,,,18.0,82,29
2025,4018,Joe Mixon,joe mixon,RB,83.1,79.8,83.1,83.2,117.9,127.9,107.9,524.0,5.0,20.0,195.0,1.0,,,18.0,83,30
2025,7543,Travis Etienne,travis etienne,RB,84.8,92.4,84.8,99.1,140.7,160.2,121.2,582.0,4.0,39.0,290.0,2.0,,,18.0,84,31
2025,12514,Emeka Egbuka,emeka egbuka,WR,85.3,90.2,85.3,105.9,158.2,193.2,123.2,17.0,,70.0,875.0,6.0,,,18.0,85,38
2025,12501,Matthew Golden,matthew golden,WR,86.4,87.7,86.4,100.1,164.9,198.9,130.9,24.0,,68.0,925.0,6.0,,,18.0,86,39
2025,12518,Tyler Warren,tyler warren,TE,87.8,82.9,87.8,82.0,121.6,151.6,91.6,21.0,,60.0,615.0,5.0,,,18.0,87,9
2025,5947,Jakobi Meyers,jakobi meyers,WR,87.8,84.4,87.8,103.1,155.16,193.16,117.16,11.0,,76.0,875.0,5.0,14.0,,18.0,88,40
2025,8228,Jaylen Warren,jaylen warren,RB,89.4,95.4,89.4,109.3,153.5,176.0,131.0,690.0,4.0,45.0,340.0,1.0,,,18.0,89,32
2025,8154,Brian Robinson,brian robinson,RB,90.3,94.8,90.3,103.9,71.4,76.9,65.9,380.0,3.0,11.0,79.0,1.0,,,18.0,90,33
2025,4039,Cooper Kupp,cooper kupp,WR,91.4,85.6,91.4,111.9,135.0,168.5,101.5,16.0,,67.0,719.0,5.0,,,18.0,91,41
2025,4033,David Njoku,david njoku,TE,92.8,81.5,92.8,98.2,125.0,159.5,90.5,,,69.0,685.0,4.0,,,18.0,92,10
2025,2449,Stefon Diggs,stefon diggs,WR,93.2,87.4,93.2,111.6,148.6,183.6,113.6,11.0,,70.0,785.0,6.0,,,18.0,93,42
2025,5849,Kyler Murray,kyler murray,QB,94.7,93.7,94.7,44.7,313.86,313.86,313.86,549.0,5.0,,,,3699.0,24.0,18.0,94,9
2025,8408,Jordan Mason,jordan mason,RB,95.3,102.5,95.3,121.5,131.5,141.5,121.5,715.0,5.0,20.0,140.0,1.0,,,18.0,95,34
2025,9756,Jordan Addison,jordan addison,WR,95.4,91.7,95.4,95.8,148.2,178.7,117.7,6.0,,61.0,831.0,6.0,,,18.0,96,43
2025,12533,Jacory Croskey-Merritt,jacory croskeymerritt,RB,97.4,122.2,97.4,143.9,113.4,120.9,105.9,587.0,5.0,15.0,112.0,1.0,,,18.0,97,35
2025,9753,Zach Charbonnet,zach charbonnet,RB,98.8,108.2,98.8,118.7,142.1,161.6,122.6,601.0,5.0,39.0,285.0,1.0,,,18.0,98,36
2025,12481,Cam Skattebo,cam skattebo,RB,99.3,100.3,99.3,114.8,102.9,115.4,90.4,473.0,3.0,25.0,191.0,1.0,,,18.0,99,37
2025,8134,Khalil Shakir,khalil shakir,WR,100.3,98.5,100.3,117.2,136.3,171.8,100.8,11.0,,71.0,777.0,4.0,,,18.0,100,44
2025,3163,Jared Goff,jared goff,QB,101.9,89.4,101.9,52.0,278.14,278.14,278.14,63.0,1.0,,,,4221.0,28.0,18.0,101,10
2025,6806,J.K. Dobbins,jk dobbins,RB,102.9,103.4,102.9,126.4,143.5,162.5,124.5,590.0,5.0,38.0,275.0,2.0,,,18.0,102,38
2025,7588,Javonte Williams,javonte williams,RB,103.3,113.0,103.3,124.9,124.8,141.3,108.3,545.0,4.0,33.0,238.0,1.0,,,18.0,103,39
2025,9484,Tucker Kraft,tucker kraft,TE,103.5,115.3,103.5,115.2,123.5,154.5,92.5,,,62.0,645.0,5.0,,,18.0,104,11
2025,4037,Chris Godwin,chris godwin,WR,105.4,106.2,105.4,113.5,133.8,165.3,102.3,9.0,,63.0,734.0,5.0,,,18.0,105,45
2025,7049,Jauan Jennings,jauan jennings,WR,107.3,111.5,107.3,116.7,132.4,161.9,102.9,5.0,,59.0,744.0,5.0,,,18.0,106,46
2025,12517,Colston Loveland,colston loveland,TE,108.5,101.9,108.5,108.8,116.8,147.8,85.8,,,62.0,638.0,4.0,,,18.0,107,12
2025,4663,Austin Ekeler,austin ekeler,RB,109.1,119.3,109.1,137.3,136.0,156.0,116.0,505.0,4.0,40.0,315.0,2.0,,,18.0,108,40
2025,3294,Dak Prescott,dak prescott,QB,110.1,111.1,110.1,60.5,286.7,286.7,286.7,159.0,2.0,,,,4195.0,27.0,18.0,109,11
2025,6819,Michael Pittman,michael pittman,WR,111.2,117.2,111.2,127.1,135.0,169.0,101.0,5.0,,68.0,785.0,4.0,,,18.0,110,47
2025,6797,Justin Herbert,justin herbert,QB,111.7,103.3,111.7,42.8,286.8,286.8,286.8,234.0,3.0,,,,3835.0,26.0,18.0,111,12
2025,11637,Keon Coleman,keon coleman,WR,113.4,119.3,113.4,132.7,130.0,156.5,103.5,6.0,,53.0,749.0,5.0,,,18.0,112,48
2025,8183,Brock Purdy,brock purdy,QB,114.5,109.6,114.5,49.5,311.72,311.72,311.72,272.0,4.0,,,,4163.0,27.0,18.0,113,13
2025,10222,Jayden Reed,jayden reed,WR,115.6,123.8,115.6,125.1,103.6,124.1,83.1,55.0,1.0,41.0,496.0,4.0,,,18.0,114,49
2025,9225,Tank Bigsby,tank bigsby,RB,117.8,139.5,117.8,142.9,90.5,99.0,82.0,478.0,4.0,17.0,122.0,,,,18.0,115,41
2025,4988,Nick Chubb,nick chubb,RB,118.2,116.4,118.2,141.5,109.1,116.6,101.6,545.0,5.0,15.0,111.0,1.0,,,18.0,116,42
2025,9500,Josh Downs,josh downs,WR,119.3,124.4,119.3,127.9,131.2,164.7,97.7,17.0,,67.0,740.0,4.0,,,18.0,117,50
2025,7553,Kyle Pitts,kyle pitts,TE,119.6,110.5,119.6,122.7,111.8,136.8,86.8,,,50.0,628.0,4.0,,,18.0,118,13
2025,12484,Jayden Higgins,jayden higgins,WR,121.1,125.8,121.1,131.1,128.6,155.6,101.6,6.0,,54.0,710.0,5.0,,,18.0,119,51
2025,7611,Rhamondre Stevenson,rhamondre stevenson,RB,122.7,131.6,122.7,136.0,111.2,123.2,99.2,540.0,4.0,24.0,172.0,1.0,,,18.0,120,43
2025,10236,Dalton Kincaid,dalton kincaid,TE,123.7,114.8,123.7,119.1,112.5,142.0,83.0,,,59.0,610.0,4.0,,,18.0,121,14
2025,7528,Najee Harris,najee harris,RB,124.6,142.2,124.6,133.0,91.0,101.0,81.0,448.0,3.0,20.0,142.0,1.0,,,18.0,122,44
2025,8676,Rashid Shaheed,rashid shaheed,WR,125.9,130.2,125.9,138.1,142.3,170.8,113.8,43.0,,57.0,815.0,5.0,,,18.0,123,52
2025,9758,C.J. Stroud,cj stroud,QB,126.3,121.7,126.3,59.6,286.0,286.0,286.0,196.0,2.0,,,,4035.0,27.0,18.0,124,14
2025,12457,Jaydon Blue,jaydon blue,RB,127.7,142.6,127.7,140.1,113.2,126.7,99.7,552.0,3.0,27.0,205.0,1.0,,,18.0,125,45
2025,11576,Braelon Allen,braelon allen,RB,127.9,156.6,127.9,155.2,78.8,87.8,69.8,323.0,3.0,18.0,135.0,1.0,,,18.0,126,46
2025,11564,Drake Maye,drake maye,QB,130.1,129.5,130.1,58.9,301.5,301.5,301.5,465.0,4.0,,,,3750.0,25.0,18.0,127,15
2025,6803,Brandon Aiyuk,brandon aiyuk,WR,131.9,143.5,131.9,134.3,107.0,129.0,85.0,,,44.0,630.0,4.0,,,18.0,128,53
2025,7090,Darnell Mooney,darnell mooney,WR,132.0,146.9,132.0,139.7,131.0,160.0,102.0,5.0,,58.0,795.0,4.0,,,18.0,129,54
2025,12495,Ollie Gordon,ollie gordon,RB,138.7,175.0,138.7,180.0,71.6,76.1,67.1,385.0,4.0,9.0,66.0,,,,18.0,130,47
2025,1479,Keenan Allen,keenan allen,WR,141.6,137.8,141.6,156.0,100.3,124.8,75.8,6.0,,49.0,532.0,4.0,,,18.0,131,55
2025,11589,Trey Benson,trey benson,RB,142.2,157.5,142.2,145.4,114.6,126.6,102.6,568.0,4.0,24.0,178.0,1.0,,,18.0,132,48
2025,8110,Jake Ferguson,jake ferguson,TE,143.2,127.8,143.2,129.8,113.5,145.0,82.0,,,63.0,600.0,4.0,,,18.0,133,15
2025,11560,Caleb Williams,caleb williams,QB,143.9,147.2,143.9,54.7,290.52,290.52,290.52,384.0,4.0,,,,3753.0,24.0,18.0,134,16
2025,9494,Marvin Mims,marvin mims,WR,145.5,151.6,145.5,147.4,128.5,156.0,101.0,48.0,,55.0,682.0,5.0,,,18.0,135,56
2025,6804,Jordan Love,jordan love,QB,146.0,141.2,146.0,70.7,276.88,276.88,276.88,166.0,2.0,,,,3907.0,27.0,18.0,136,17
2025,4950,Christian Kirk,christian kirk,WR,148.5,158.8,148.5,151.0,116.9,144.9,88.9,9.0,,56.0,660.0,4.0,,,18.0,137,57
2025,7591,Justin Fields,justin fields,QB,149.6,162.9,149.6,75.2,242.44,242.44,242.44,660.0,5.0,,,,2736.0,14.0,18.0,138,18
2025,8143,Jerome Ford,jerome ford,RB,150.1,161.0,150.1,183.0,98.1,116.1,80.1,375.0,2.0,36.0,266.0,1.0,,,18.0,139,49
2025,5022,Dallas Goedert,dallas goedert,TE,151.2,145.0,151.2,135.3,117.7,148.2,87.2,4.0,,61.0,648.0,4.0,,,18.0,140,16
2025,12519,Luther Burden,luther burden,WR,154.0,153.0,154.0,146.5,110.2,133.7,86.7,47.0,1.0,47.0,540.0,4.0,,,18.0,141,58
2025,8136,Rachaad White,rachaad white,RB,155.6,167.2,155.6,151.9,92.8,106.8,78.8,355.0,3.0,28.0,213.0,1.0,,,18.0,142,50
2025,11565,J.J. McCarthy,jj mccarthy,QB,156.6,150.2,156.6,77.8,211.36,211.36,211.36,298.0,4.0,,,,2789.0,15.0,18.0,143,19
2025,4144,Jonnu Smith,jonnu smith,TE,157.2,140.3,157.2,130.1,99.3,126.8,71.8,3.0,,55.0,555.0,3.0,,,18.0,144,17
2025,7571,Rashod Bateman,rashod bateman,WR,158.6,165.8,158.6,154.3,120.4,142.9,97.9,,,45.0,679.0,5.0,,,18.0,145,59
2025,11575,Ray Davis,ray davis,RB,159.4,191.3,159.4,178.3,110.6,119.1,102.1,550.0,5.0,17.0,131.0,1.0,,,18.0,146,51
2025,12469,Dylan Sampson,dylan sampson,RB,161.1,178.4,161.1,158.1,108.8,119.3,98.3,528.0,4.0,21.0,155.0,1.0,,,18.0,147,52
2025,12490,Bhayshul Tuten,bhayshul tuten,RB,164.8,172.6,164.8,153.1,94.5,105.5,83.5,431.0,3.0,22.0,164.0,1.0,,,18.0,148,53
2025,8132,Tyler Allgeier,tyler allgeier,RB,165.2,186.5,165.2,185.4,108.9,115.9,101.9,636.0,4.0,14.0,103.0,1.0,,,18.0,149,54
2025,1689,Adam Thielen,adam thielen,WR,166.1,163.1,166.1,181.8,78.4,97.9,58.9,3.0,,39.0,426.0,3.0,,,18.0,150,60
2025,9508,Tyjae Spears,tyjae spears,RB,170.8,174.0,170.8,157.6,82.9,96.9,68.9,318.0,2.0,28.0,211.0,1.0,,,18.0,151,55
2025,7670,Joshua Palmer,joshua palmer,WR,171.0,183.0,171.0,193.1,123.6,147.6,99.6,,,48.0,696.0,5.0,,,18.0,152,61
2025,1339,Zach Ertz,zach ertz,TE,173.1,154.4,173.1,148.8,98.4,123.9,72.9,,,51.0,489.0,4.0,,,18.0,153,18
2025,12509,Tre' Harris,tre harris,WR,174.1,173.7,174.1,150.6,110.6,134.6,86.6,5.0,,48.0,641.0,4.0,,,18.0,154,62
2025,12535,Isaac TeSlaa,isaac teslaa,WR,177.0,197.5,177.0,212.8,85.0,103.0,67.0,,,36.0,490.0,3.0,,,18.0,155,63
2025,12541,Dont'e Thornton,donte thornton,WR,180.1,179.5,180.1,207.3,88.0,106.0,70.0,6.0,,36.0,514.0,3.0,,,18.0,156,64
2025,4098,Kareem Hunt,kareem hunt,RB,181.7,180.5,181.7,213.5,92.6,105.1,80.1,381.0,3.0,25.0,180.0,1.0,,,18.0,157,56
2025,12474,Woody Marks,woody marks,RB,182.3,201.5,182.3,218.4,56.5,66.5,46.5,197.0,1.0,20.0,148.0,1.0,,,18.0,158,57
2025,10444,Cedric Tillman,cedric tillman,WR,183.1,188.4,183.1,187.0,115.7,140.7,90.7,7.0,,50.0,660.0,4.0,,,18.0,159,65
2025,8210,Chig Okonkwo,chig okonkwo,TE,185.4,177.5,185.4,186.9,112.6,142.1,83.1,6.0,,59.0,605.0,4.0,,,18.0,160,19
2025,11626,Xavier Legette,xavier legette,WR,186.7,181.8,186.7,192.0,118.1,145.1,91.1,26.0,,54.0,665.0,4.0,,,18.0,161,66
2025,11577,Will Shipley,will shipley,RB,187.5,208.0,187.5,222.7,68.5,76.5,60.5,305.0,2.0,16.0,120.0,1.0,,,18.0,162,58
2025,12522,Cam Ward,cam ward,QB,188.5,167.1,188.5,97.8,257.8,257.8,257.8,312.0,3.0,,,,3640.0,21.0,18.0,163,20
2025,7523,Trevor Lawrence,trevor lawrence,QB,190.7,184.0,190.7,79.2,290.7,290.7,290.7,255.0,3.0,,,,4055.0,26.0,18.0,164,21
2025,3214,Hunter Henry,hunter henry,TE,193.3,171.4,193.3,175.8,104.9,131.4,78.4,,,53.0,564.0,4.0,,,18.0,165,20
2025,11559,Michael Penix,michael penix,QB,194.8,185.1,194.8,94.8,253.04,253.04,253.04,198.0,2.0,,,,3656.0,23.0,18.0,166,22
2025,12547,Kyle Williams,kyle williams,WR,195.3,194.6,195.3,182.9,84.4,101.4,67.4,14.0,,34.0,480.0,3.0,,,18.0,167,67
2025,9501,DeMario Douglas,demario douglas,WR,196.6,206.7,196.6,211.8,113.0,142.0,84.0,44.0,,58.0,616.0,3.0,,,18.0,168,68
2025,5848,Marquise Brown,marquise brown,WR,197.9,191.3,197.9,189.8,107.8,130.8,84.8,,,46.0,608.0,4.0,,,18.0,169,69
2025,8131,Isaiah Likely,isaiah likely,TE,198.2,187.1,198.2,175.3,84.5,103.0,66.0,,,37.0,440.0,4.0,,,18.0,170,21
2025,9480,Brenton Strange,brenton strange,TE,199.4,193.9,199.4,183.2,95.0,121.0,69.0,,,52.0,510.0,3.0,,,18.0,171,22
2025,7021,Rico Dowdle,rico dowdle,RB,199.9,212.9,199.9,210.8,94.6,109.1,80.1,373.0,3.0,29.0,208.0,1.0,,,18.0,172,59
2025,11651,Isaac Guerendo,isaac guerendo,RB,201.8,195.4,201.8,190.0,48.3,52.3,44.3,263.0,2.0,8.0,60.0,,,,18.0,173,60
2025,2309,Amari Cooper,amari cooper,WR,202.3,183.3,202.3,226.7,,,,,,,,,,,18.0,174,70
2025,12499,Elic Ayomanor,elic ayomanor,WR,206.6,207.7,206.6,225.7,97.2,119.7,74.7,17.0,,45.0,550.0,3.0,,,18.0,175,71
2025,9511,Keaton Mitchell,keaton mitchell,RB,207.1,229.4,207.1,248.0,60.8,66.8,54.8,277.0,2.0,12.0,91.0,1.0,,,18.0,176,61
2025,8121,Romeo Doubs,romeo doubs,WR,207.8,205.1,207.8,217.7,108.0,132.5,83.5,,,49.0,615.0,4.0,,,18.0,177,72
2025,6768,Tua Tagovailoa,tua tagovailoa,QB,209.8,204.1,209.8,107.8,262.6,262.6,262.6,96.0,1.0,,,,3975.0,26.0,18.0,178,23
2025,421,Matthew Stafford,matthew stafford,QB,210.2,199.5,210.2,110.8,279.0,279.0,279.0,48.0,1.0,,,,4005.0,30.0,18.0,179,24
2025,2505,Darren Waller,darren waller,TE,211.6,203.0,211.6,206.3,95.0,119.5,70.5,,,49.0,525.0,3.0,,,18.0,180,23
2025,11586,Blake Corum,blake corum,RB,212.2,215.1,212.2,221.9,48.6,54.1,43.1,251.0,2.0,11.0,80.0,,,,18.0,181,62
2025,12498,Mason Taylor,mason taylor,TE,213.2,210.2,213.2,188.5,99.5,126.5,72.5,,,54.0,545.0,3.0,,,18.0,182,24
2025,12471,DJ Giddens,dj giddens,RB,214.5,237.6,214.5,235.4,70.1,77.6,62.6,335.0,3.0,15.0,111.0,,,,18.0,183,63
2025,8126,Wan'Dale Robinson,wandale robinson,WR,215.3,209.8,215.3,195.6,108.3,139.8,76.8,23.0,,63.0,585.0,3.0,,,18.0,184,73
2025,12534,Kyle Monangai,kyle monangai,RB,215.6,236.2,215.6,247.2,75.7,79.7,71.7,419.0,4.0,8.0,58.0,,,,18.0,185,64
2025,9228,Bryce Young,bryce young,QB,217.4,211.5,217.4,106.0,268.22,268.22,268.22,297.0,4.0,,,,3613.0,22.0,18.0,186,25
2025,1426,DeAndre Hopkins,deandre hopkins,WR,218.8,215.3,218.8,231.5,71.8,87.3,56.3,,,31.0,383.0,3.0,,,18.0,187,74
2025,11643,Jaylen Wright,jaylen wright,RB,219.3,218.7,219.3,219.0,79.4,88.9,69.9,338.0,3.0,19.0,141.0,1.0,,,18.0,188,65
2025,12483,Jack Bech,jack bech,WR,220.8,219.7,220.8,194.5,68.1,84.6,51.6,5.0,,33.0,391.0,2.0,,,18.0,189,75
2025,11646,Jalen Coker,jalen coker,WR,226.6,227.0,226.6,229.4,82.4,101.9,62.9,8.0,,39.0,441.0,3.0,,,18.0,190,76
2025,12497,Tory Horton,tory horton,WR,227.0,230.8,227.0,246.2,92.0,111.5,72.5,15.0,,39.0,530.0,3.0,,,18.0,191,77
2025,96,Aaron Rodgers,aaron rodgers,QB,228.2,226.7,228.2,143.6,238.34,238.34,238.34,101.0,1.0,,,,3656.0,22.0,18.0,192,26
2025,9757,Kendre Miller,kendre miller,RB,229.7,265.0,229.7,263.7,58.6,65.6,51.6,295.0,2.0,14.0,101.0,,,,18.0,193,66
2025,7600,Pat Freiermuth,pat freiermuth,TE,230.0,213.1,230.0,207.3,88.5,113.5,63.5,,,50.0,475.0,3.0,,,18.0,194,25
2025,12521,Elijah Arroyo,elijah arroyo,TE,231.9,214.7,231.9,223.9,88.0,110.5,65.5,,,45.0,475.0,3.0,,,18.0,195,26
2025,12543,Tahj Brooks,tahj brooks,RB,232.0,235.6,232.0,254.3,45.0,49.0,41.0,251.0,2.0,8.0,59.0,,,,18.0,196,67
2025,12508,Jaxson Dart,jaxson dart,QB,233.3,225.2,233.3,177.6,59.0,59.0,59.0,80.0,1.0,,,,875.0,4.0,18.0,197,27
2025,12524,Shedeur Sanders,shedeur sanders,QB,234.8,228.0,234.8,215.5,35.4,35.4,35.4,24.0,,,,,650.0,3.0,18.0,198,28
2025,4943,Sam Darnold,sam darnold,QB,235.7,231.6,235.7,123.1,232.02,232.02,232.02,187.0,2.0,,,,3433.0,20.0,18.0,199,29
2025,12492,Pat Bryant,pat bryant,WR,236.3,239.7,236.3,223.0,75.8,92.8,58.8,,,34.0,408.0,3.0,,,18.0,200,78
2025,10235,Roschon Johnson,roschon johnson,RB,237.7,241.4,237.7,228.1,67.0,78.5,55.5,213.0,2.0,23.0,162.0,1.0,,,18.0,201,68
2025,1373,Geno Smith,geno smith,QB,238.1,234.1,238.1,119.5,257.7,257.7,257.7,225.0,2.0,,,,3780.0,22.0,18.0,202,30
2025,2749,Raheem Mostert,raheem mostert,RB,238.6,236.3,254.8,268.2,35.9,40.4,31.4,188.0,1.0,9.0,66.0,,,,18.0,203,69
2025,2374,Tyler Lockett,tyler lockett,WR,239.4,231.7,239.4,237.1,77.5,98.5,56.5,,,42.0,445.0,2.0,,,18.0,204,79
2025,4993,Mike Gesicki,mike gesicki,TE,239.4,217.6,239.4,215.8,99.5,124.5,74.5,,,50.0,505.0,4.0,,,18.0,205,27
2025,5995,Justice Hill,justice hill,RB,241.4,239.9,241.4,231.8,71.4,86.9,55.9,165.0,1.0,31.0,234.0,2.0,,,18.0,206,70
2025,11618,Jalen McMillan,jalen mcmillan,WR,242.6,242.1,242.6,227.9,43.9,53.4,34.4,7.0,,19.0,237.0,2.0,,,18.0,207,80
2025,8111,Cade Otton,cade otton,TE,243.6,233.1,243.6,214.6,93.2,116.2,70.2,,,46.0,462.0,4.0,,,18.0,208,28
2025,12455,Brashard Smith,brashard smith,RB,244.1,251.1,244.1,257.2,48.8,57.3,40.3,154.0,1.0,17.0,129.0,1.0,,,18.0,209,71
2025,9754,Quentin Johnston,quentin johnston,WR,245.5,243.2,245.5,233.8,67.7,82.2,53.2,11.0,,29.0,361.0,3.0,,,18.0,210,81
2025,6151,Miles Sanders,miles sanders,RB,245.6,245.8,233.9,255.4,35.3,39.8,30.8,188.0,1.0,9.0,60.0,,,,18.0,211,72
2025,12166,Trey Potts,trey potts,RB,246.0,676.5,246.0,617.8,,,,,,,,,,,18.0,212,73
2025,11627,Troy Franklin,troy franklin,WR,247.0,279.0,292.4,262.1,78.3,94.8,61.8,5.0,,33.0,433.0,3.0,,,18.0,213,82
2025,3978,Jacob Huesman,jacob huesman,QB,247.0,680.0,247.0,373.5,,,,,,,,,,,18.0,214,31
2025,9229,Anthony Richardson,anthony richardson,QB,247.9,247.0,182.6,174.3,130.7,130.7,130.7,355.0,3.0,,,,1380.0,7.0,18.0,215,32
2025,12954,Kye Robichaux,kye robichaux,RB,248.0,640.9,248.0,663.5,,,,,,,,,,,18.0,216,74
2025,13152,Justin Lockhart,justin lockhart,WR,249.0,587.1,249.0,671.0,,,,,,,,,,,18.0,217,83
2025,8142,Alec Pierce,alec pierce,WR,249.2,245.9,188.6,238.1,82.0,97.0,67.0,,,30.0,490.0,3.0,,,18.0,218,84
2025,5001,Dalton Schultz,dalton schultz,TE,250.0,238.6,191.5,230.4,76.0,96.0,56.0,,,40.0,400.0,3.0,,,18.0,219,29
2025,6959,LeVante Bellamy,levante bellamy,RB,250.0,665.0,250.0,999.0,,,,,,,,,,,18.0,220,75
2025,7587,Dyami Brown,dyami brown,WR,250.4,255.9,239.4,260.3,81.0,98.5,63.5,11.0,,35.0,444.0,3.0,,,18.0,221,85
2025,11885,Ramel Keyton,ramel keyton,WR,251.0,665.0,251.0,571.1,,,,,,,,,,,18.0,222,86
2025,11276,Joseph Ngata,joseph ngata,WR,251.0,686.0,999.0,671.3,,,,,,,,,,,18.0,223,87
2025,10232,Michael Wilson,michael wilson,WR,251.2,257.7,202.9,249.1,100.2,122.7,77.7,5.0,,45.0,532.0,4.0,,,18.0,224,88
2025,11625,Adonai Mitchell,adonai mitchell,WR,251.8,244.8,209.0,269.8,65.8,80.3,51.3,5.0,,29.0,388.0,2.0,,,18.0,225,89
2025,12505,Jalen Royals,jalen royals,WR,251.8,247.2,199.0,255.2,51.6,63.6,39.6,5.0,,24.0,271.0,2.0,,,18.0,226,90
2025,7228,Ahmad Wagner,ahmad wagner,WR,252.0,446.2,999.0,999.0,,,,,,,,,,,18.0,227,91
2025,11608,Isaiah Williams,isaiah williams,WR,252.0,656.8,252.0,626.5,1.9,2.4,1.4,,,1.0,14.0,,,,18.0,228,92
2025,11592,Erick All,erick all,TE,253.0,526.8,253.0,667.3,,,,,,,,,,,18.0,229,30
2025,7233,Andre Baccellia,andre baccellia,WR,253.0,999.0,999.0,999.0,4.8,6.3,3.3,,,3.0,33.0,,,,18.0,230,93
2025,12536,Jaylin Noel,jaylin noel,WR,253.1,250.3,197.7,239.5,65.0,80.5,49.5,26.0,,31.0,349.0,2.0,,,18.0,231,94
2025,12476,Devin Neal,devin neal,RB,254.5,256.8,183.8,239.6,67.5,75.0,60.0,310.0,2.0,15.0,110.0,1.0,,,18.0,232,76
2025,8613,Taysir Mack,taysir mack,WR,255.0,552.6,255.0,620.4,,,,,,,,,,,18.0,233,95
2025,12121,Deshaun Fenwick,deshaun fenwick,RB,255.0,671.4,999.0,523.0,,,,,,,,,,,18.0,234,77
2025,11581,MarShawn Lloyd,marshawn lloyd,RB,255.8,260.0,193.8,271.3,24.5,27.0,22.0,124.0,1.0,5.0,36.0,,,,18.0,235,78
2025,11569,Jarquez Hunter,jarquez hunter,RB,255.8,248.7,206.5,263.4,40.6,43.6,37.6,232.0,2.0,6.0,44.0,,,,18.0,236,79
2025,11716,Tip Reiman,tip reiman,TE,256.0,567.0,256.0,683.5,7.4,9.9,4.9,,,5.0,49.0,,,,18.0,237,31
2025,4924,Zach Terrell,zach terrell,QB,256.0,404.1,999.0,999.0,,,,,,,,,,,18.0,238,33
2025,7236,Devwah Whaley,devwah whaley,RB,256.0,500.8,999.0,999.0,,,,,,,,,,,18.0,239,80
2025,7237,Scotty Washington,scotty washington,WR,257.0,663.0,999.0,999.0,,,,,,,,,,,18.0,240,96
2025,11544,Avery Davis,avery davis,WR,257.0,596.5,257.0,531.0,,,,,,,,,,,18.0,241,97
2025,12487,Terrance Ferguson,terrance ferguson,TE,257.6,258.3,194.0,250.6,45.6,56.6,34.6,,,22.0,226.0,2.0,,,18.0,242,32
2025,8153,Isaiah Spiller,isaiah spiller,RB,258.0,697.3,258.0,561.0,,,,,,,,,,,18.0,243,81
2025,11600,Ja'Tavion Sanders,jatavion sanders,TE,258.5,254.9,203.5,234.3,93.3,118.8,67.8,,,51.0,498.0,3.0,,,18.0,244,33
2025,8070,Travis Toivonen,travis toivonen,WR,259.0,442.0,259.0,641.0,,,,,,,,,,,18.0,245,98
2025,10226,Andrei Iosivas,andrei iosivas,WR,259.3,263.4,280.9,271.5,84.0,101.5,66.5,,,35.0,425.0,4.0,,,18.0,246,99
2025,6365,Carson Meier,carson meier,TE,260.0,641.0,999.0,999.0,,,,,,,,,,,18.0,247,34
2025,4504,John Robinson-Woodgett,john robinsonwoodgett,RB,260.0,698.0,260.0,553.1,,,,,,,,,,,18.0,248,82
2025,6149,Darius Slayton,darius slayton,WR,260.1,263.9,242.9,258.1,97.5,117.5,77.5,,,40.0,595.0,3.0,,,18.0,249,100
2025,12033,OJ Hiliare,oj hiliare,WR,261.0,612.0,261.0,999.0,,,,,,,,,,,18.0,250,101
2025,11262,Damien Caffrey,damien caffrey,TE,261.0,671.6,999.0,636.0,,,,,,,,,,,18.0,251,35
2025,6826,Cole Kmet,cole kmet,TE,261.4,271.8,208.6,253.0,46.0,58.0,34.0,,,24.0,240.0,2.0,,,18.0,252,36
2025,1234,Russell Wilson,russell wilson,QB,262.0,259.9,207.0,149.5,180.7,180.7,180.7,195.0,2.0,,,,2555.0,14.0,18.0,253,34
2025,4853,Jerod Evans,jerod evans,QB,262.0,314.5,262.0,615.1,,,,,,,,,,,18.0,254,35
2025,12467,Jordan James,jordan james,RB,262.3,266.8,200.3,277.5,2.9,3.4,2.4,17.0,,1.0,7.0,,,,18.0,255,83
2025,11536,Milton Wright,milton wright,WR,263.0,662.3,263.0,678.0,,,,,,,,,,,18.0,256,102
2025,4839,Mitch Leidner,mitch leidner,QB,263.7,612.2,263.7,999.0,,,,,,,,,,,18.0,257,36
2025,7244,Ja'Marcus Bradley,jamarcus bradley,WR,264.0,584.4,999.0,999.0,,,,,,,,,,,18.0,258,103
2025,12772,Courtney Jackson,courtney jackson,WR,265.0,685.7,265.0,665.1,,,,,,,,,,,18.0,259,104
2025,11630,Roman Wilson,roman wilson,WR,265.4,265.4,246.9,267.4,71.2,85.7,56.7,,,29.0,387.0,3.0,,,18.0,260,105
2025,11607,Hayden Hatten,hayden hatten,WR,266.0,689.8,266.0,700.7,,,,,,,,,,,18.0,261,106
2025,7245,Nate Wieting,nate wieting,TE,266.0,419.0,999.0,999.0,,,,,,,,,,,18.0,262,37
2025,11597,Theo Johnson,theo johnson,TE,266.6,260.5,214.9,245.4,90.5,114.0,67.0,,,47.0,490.0,3.0,,,18.0,263,38
2025,4626,Amba Etta-Tawo,amba ettatawo,WR,267.0,557.8,999.0,999.0,,,,,,,,,,,18.0,264,107
2025,11863,Leon Johnson,leon johnson,WR,267.0,635.5,267.0,566.5,,,,,,,,,,,18.0,265,108
2025,7941,Nick Ralston,nick ralston,RB,268.0,999.0,268.0,532.5,,,,,,,,,,,18.0,266,84
2025,12226,Lorenzo Lingard,lorenzo lingard,RB,268.0,689.8,425.0,999.0,,,,,,,,,,,18.0,267,85
2025,12506,Harold Fannin,harold fannin,TE,268.3,265.7,238.8,259.0,68.0,86.5,49.5,,,37.0,375.0,2.0,,,18.0,268,39
2025,5129,Adonis Jennings,adonis jennings,WR,269.5,662.3,269.5,999.0,,,,,,,,,,,18.0,269,109
2025,3271,Tyler Higbee,tyler higbee,TE,269.5,283.8,290.1,270.9,73.0,92.0,54.0,,,38.0,360.0,3.0,,,18.0,270,40
2025,7002,Juwan Johnson,juwan johnson,TE,269.6,267.8,215.3,252.8,93.5,118.5,68.5,,,50.0,505.0,3.0,,,18.0,271,41
2025,8125,Calvin Austin,calvin austin,WR,269.8,253.6,240.2,265.3,70.9,88.4,53.4,14.0,,35.0,400.0,2.0,,,18.0,272,110
2025,5870,Daniel Jones,daniel jones,QB,269.9,278.3,237.1,179.0,172.64,172.64,172.64,318.0,3.0,,,,2171.0,13.0,18.0,273,37
2025,5170,Phillip Lindsay,phillip lindsay,RB,270.0,682.5,270.0,577.9,,,,,,,,,,,18.0,274,86
2025,2118,Eric Ebron,eric ebron,TE,271.0,678.7,271.0,697.1,,,,,,,,,,,18.0,275,42
2025,5094,Ryan Izzo,ryan izzo,TE,271.0,483.2,999.0,999.0,,,,,,,,,,,18.0,276,43
2025,11511,John Stephens,john stephens,TE,271.5,628.3,271.5,626.8,,,,,,,,,,,18.0,277,44
2025,12531,Trevor Etienne,trevor etienne,RB,272.4,286.8,242.9,273.6,29.2,32.7,25.7,147.0,1.0,7.0,50.0,,,,18.0,278,87
2025,12389,Hayden Rucci,hayden rucci,TE,273.0,517.3,999.0,999.0,,,,,,,,,,,18.0,279,45
2025,12134,Sam Wiglusz,sam wiglusz,WR,273.5,700.0,273.5,450.3,,,,,,,,,,,18.0,280,111
2025,7828,Noah Gray,noah gray,TE,273.9,269.1,247.7,266.1,65.0,80.5,49.5,1.0,,31.0,314.0,3.0,,,18.0,281,46
2025,2399,Ty Montgomery,ty montgomery,RB,274.0,621.5,274.0,683.8,,,,,,,,,,,18.0,282,88
2025,12545,Tyler Shough,tyler shough,QB,274.7,272.2,233.5,209.4,107.0,107.0,107.0,136.0,1.0,,,,1585.0,8.0,18.0,283,38
2025,13117,Qualan Jones,qualan jones,RB,275.0,643.2,999.0,999.0,,,,,,,,,,,18.0,284,89
2025,12173,Jaxon Janke,jaxon janke,WR,275.0,479.4,275.0,683.7,,,,,,,,,,,18.0,285,112
2025,5937,Diontae Johnson,diontae johnson,WR,275.1,275.2,250.3,279.1,22.9,28.9,16.9,4.0,,12.0,125.0,1.0,,,18.0,286,113
2025,9486,Dontayvion Wicks,dontayvion wicks,WR,276.0,275.8,212.3,278.0,48.0,58.0,38.0,5.0,,20.0,255.0,2.0,,,18.0,287,114
2025,6155,Jaylen Smith,jaylen smith,WR,276.5,684.7,276.5,999.0,,,,,,,,,,,18.0,288,115
2025,12510,Jalen Milroe,jalen milroe,QB,276.7,270.0,249.1,236.8,21.7,21.7,21.7,53.0,1.0,,,,185.0,1.0,18.0,289,39
2025,11783,Ryan Flournoy,ryan flournoy,WR,277.0,700.1,277.0,698.0,12.2,16.2,8.2,,,8.0,82.0,,,,18.0,290,116
2025,4381,Taysom Hill,taysom hill,TE,277.8,293.6,260.2,295.9,17.0,19.0,15.0,50.0,1.0,4.0,40.0,,,,18.0,291,47
2025,11439,Jaleel McLaughlin,jaleel mclaughlin,RB,277.9,281.8,210.3,309.4,29.8,33.8,25.8,162.0,1.0,8.0,56.0,,,,18.0,292,90
2025,11495,Bryan Thompson,bryan thompson,WR,278.0,519.4,278.0,660.7,,,,,,,,,,,18.0,293,117
2025,5128,Logan Woodside,logan woodside,QB,279.0,471.7,279.0,646.5,,,,,,,,,,,18.0,294,40
2025,19,Joe Flacco,joe flacco,QB,279.2,278.0,278.4,191.8,145.78,145.78,145.78,35.0,1.0,,,,2382.0,14.0,18.0,295,41
2025,11864,Zach Heins,zach heins,TE,280.0,695.5,280.0,519.0,,,,,,,,,,,18.0,296,48
2025,11901,Kyle Sheets,kyle sheets,WR,281.0,653.1,281.0,673.5,,,,,,,,,,,18.0,297,118
2025,7561,Elijah Mitchell,elijah mitchell,RB,281.8,274.4,285.2,289.5,20.9,22.9,18.9,100.0,1.0,4.0,29.0,,,,18.0,298,91
2025,11530,Nick Williams,nick williams,WR,282.3,688.5,282.3,662.0,,,,,,,,,,,18.0,299,119
2025,11554,Chase Cota,chase cota,WR,283.5,690.6,283.5,698.0,,,,,,,,,,,18.0,300,120
2025,8021,Branden Mack,branden mack,WR,284.0,999.0,999.0,999.0,,,,,,,,,,,18.0,301,121
2025,12520,Xavier Restrepo,xavier restrepo,WR,284.0,276.0,248.9,310.0,12.2,14.2,10.2,2.0,,4.0,40.0,1.0,,,18.0,302,122
2025,11605,Jaheim Bell,jaheim bell,TE,284.0,696.5,284.0,695.6,21.0,26.0,16.0,,,10.0,100.0,1.0,,,18.0,303,49
2025,12493,Oronde Gadsden,oronde gadsden,TE,285.6,279.8,276.4,274.8,48.0,60.0,36.0,,,24.0,240.0,2.0,,,18.0,304,50
2025,11540,La'Michael Pettway,lamichael pettway,TE,286.0,699.0,999.0,642.5,,,,,,,,,,,18.0,305,51
2025,7013,Steven Montez,steven montez,QB,286.0,518.3,286.0,679.4,,,,,,,,,,,18.0,306,42
2025,9504,Kayshon Boutte,kayshon boutte,WR,286.4,295.2,283.4,297.2,77.3,93.3,61.3,6.0,,32.0,427.0,3.0,,,18.0,307,123
2025,12062,Cam Grandy,cam grandy,TE,287.0,597.5,287.0,699.5,2.9,3.9,1.9,,,2.0,19.0,,,,18.0,308,52
2025,5112,Bo Scarbrough,bo scarbrough,RB,288.0,697.2,288.0,999.0,,,,,,,,,,,18.0,309,92
2025,8167,Christian Watson,christian watson,WR,288.9,280.2,281.0,295.3,50.3,59.3,41.3,,,18.0,293.0,2.0,,,18.0,310,124
2025,12818,Elijah Young,elijah young,RB,289.0,677.1,289.0,354.3,,,,,,,,,,,18.0,311,93
2025,11623,Jordan Whittington,jordan whittington,WR,289.3,287.3,275.5,279.8,86.5,107.0,66.0,28.0,,41.0,452.0,3.0,,,18.0,312,125
2025,11596,Ben Sinnott,ben sinnott,TE,290.0,279.8,278.3,275.6,44.4,54.9,33.9,,,21.0,219.0,2.0,,,18.0,313,53
2025,7005,Scottie Phillips,scottie phillips,RB,291.0,622.0,291.0,999.0,,,,,,,,,,,18.0,314,94
2025,7988,Riley Lees,riley lees,WR,292.0,999.0,292.0,583.5,,,,,,,,,,,18.0,315,126
2025,11606,Dallin Holker,dallin holker,TE,293.0,654.0,293.0,683.0,,,,,,,,,,,18.0,316,54
2025,2197,Brandin Cooks,brandin cooks,WR,293.6,303.3,256.9,306.0,32.6,40.1,25.1,,,15.0,191.0,1.0,,,18.0,317,127
2025,5133,Tyler Conklin,tyler conklin,TE,293.9,289.2,257.1,276.2,49.5,62.5,36.5,,,26.0,245.0,2.0,,,18.0,318,55
2025,12188,Justin Strong,justin strong,RB,294.0,686.7,294.0,999.0,,,,,,,,,,,18.0,319,95
2025,5857,Noah Fant,noah fant,TE,295.0,298.9,260.6,301.3,55.0,69.5,40.5,,,29.0,285.0,2.0,,,18.0,320,56
2025,11344,Keytaon Thompson,keytaon thompson,WR,295.8,461.0,295.8,686.5,,,,,,,,,,,18.0,321,128
2025,3177,Corey Coleman,corey coleman,WR,296.0,695.5,296.0,643.1,,,,,,,,,,,18.0,322,129
2025,11579,Audric Estime,audric estime,RB,296.3,297.9,258.8,315.1,3.1,3.6,2.6,20.0,,1.0,6.0,,,,18.0,323,96
2025,11969,Xavier Johnson,xavier johnson,WR,297.0,670.5,297.0,999.0,,,,,,,,,,,18.0,324,130
2025,6596,Jalan McClendon,jalan mcclendon,QB,298.0,687.5,298.0,999.0,,,,,,,,,,,18.0,325,43
2025,8117,Jalen Tolbert,jalen tolbert,WR,298.1,302.5,293.4,311.3,73.3,89.8,56.8,,,33.0,388.0,3.0,,,18.0,326,131
2025,3957,Blake Sims,blake sims,QB,299.1,671.1,299.1,621.0,,,,,,,,,,,18.0,327,44
2025,11506,Jalen Cropper,jalen cropper,WR,300.5,681.3,300.5,691.4,,,,,,,,,,,18.0,328,132
2025,12480,Moliki Matavao,moliki matavao,TE,301.7,679.5,301.7,691.3,,,,,,,,,,,18.0,329,57
2025,6845,Zack Moss,zack moss,RB,301.9,292.4,259.6,314.6,,,,,,,,,,,18.0,330,97
2025,6168,John Ursua,john ursua,WR,302.0,488.0,302.0,999.0,,,,,,,,,,,18.0,331,133
2025,13110,Zach Horton,zach horton,TE,303.0,689.2,303.0,999.0,,,,,,,,,,,18.0,332,58
2025,11906,Ty James,ty james,WR,304.0,631.4,304.0,634.3,,,,,,,,,,,18.0,333,134
2025,13121,Ben Yurosek,ben yurosek,TE,305.0,622.5,305.0,695.1,,,,,,,,,,,18.0,334,59
2025,7464,Connor Slomka,connor slomka,RB,306.7,550.5,306.7,999.0,,,,,,,,,,,18.0,335,98
2025,11913,Devron Harper,devron harper,WR,307.0,610.0,307.0,596.7,,,,,,,,,,,18.0,336,135
2025,12705,Graham Mertz,graham mertz,QB,308.3,666.0,308.3,682.5,,,,,,,,,,,18.0,337,45
2025,8215,Austin Allen,austin allen,TE,309.0,479.0,309.0,999.0,,,,,,,,,,,18.0,338,60
2025,6970,Stephen Sullivan,stephen sullivan,TE,311.0,447.1,311.0,673.5,,,,,,,,,,,18.0,339,61
2025,11982,Isaiah Washington,isaiah washington,WR,312.0,694.4,312.0,999.0,,,,,,,,,,,18.0,340,136
2025,11421,Ryan Miller,ryan miller,WR,313.0,693.3,313.0,651.3,,,,,,,,,,,18.0,341,137
2025,12080,Aidan Robbins,aidan robbins,RB,314.0,643.7,314.0,547.0,,,,,,,,,,,18.0,342,99
2025,11419,Kade Warner,kade warner,WR,316.5,350.3,316.5,662.1,,,,,,,,,,,18.0,343,138
2025,788,Dion Lewis,dion lewis,RB,317.0,248.0,317.0,999.0,,,,,,,,,,,18.0,344,100
2025,2923,Connor Neighbors,connor neighbors,RB,318.0,605.5,318.0,329.8,,,,,,,,,,,18.0,345,101
2025,11502,Brian Cobbs,brian cobbs,WR,319.8,686.0,319.8,693.0,,,,,,,,,,,18.0,346,139
2025,4563,Taylor McNamara,taylor mcnamara,TE,320.0,673.1,320.0,690.3,,,,,,,,,,,18.0,347,62
2025,1223,Garrett Celek,garrett celek,TE,321.0,698.0,321.0,611.7,,,,,,,,,,,18.0,348,63
2025,12085,Alec Holler,alec holler,TE,322.0,681.5,322.0,999.0,,,,,,,,,,,18.0,349,64
2025,12254,Phillip Brooks,phillip brooks,WR,324.0,655.5,324.0,999.0,,,,,,,,,,,18.0,350,140
2025,4364,Karel Hamilton,karel hamilton,WR,325.0,636.5,325.0,544.8,,,,,,,,,,,18.0,351,141
2025,8885,Tucker Fisk,tucker fisk,TE,326.0,676.5,326.0,694.5,5.9,7.9,3.9,,,4.0,39.0,,,,18.0,352,65
2025,6814,Laviska Shenault,laviska shenault,WR,327.0,683.3,327.0,687.1,,,,,,,,,,,18.0,353,142
2025,12373,Peter LeBlanc,peter leblanc,WR,327.5,674.7,327.5,999.0,,,,,,,,,,,18.0,354,143
2025,11989,D.J. Williams,dj williams,RB,329.5,635.6,329.5,593.4,,,,,,,,,,,18.0,355,102
2025,6989,Marquez Callaway,marquez callaway,WR,330.0,668.0,330.0,692.1,,,,,,,,,,,18.0,356,144
2025,5231,Cole Hunt,cole hunt,TE,331.0,277.7,331.0,999.0,,,,,,,,,,,18.0,357,66
2025,1587,Vance McDonald,vance mcdonald,TE,332.0,580.7,332.0,529.6,,,,,,,,,,,18.0,358,67
2025,4131,Kenny Golladay,kenny golladay,WR,334.3,691.6,334.3,651.0,,,,,,,,,,,18.0,359,145
2025,12237,Lincoln Sefcik,lincoln sefcik,TE,335.0,367.0,999.0,999.0,,,,,,,,,,,18.0,360,68
2025,8756,Brandon Johnson,brandon johnson,WR,335.3,496.0,335.3,697.3,,,,,,,,,,,18.0,361,146
2025,8199,D'Eriq King,deriq king,QB,335.6,422.4,335.6,344.0,,,,,,,,,,,18.0,362,46
2025,11598,Tanner McLachlan,tanner mclachlan,TE,337.5,668.9,337.5,689.5,,,,,,,,,,,18.0,363,69
2025,12851,Rivaldo Fairweather,rivaldo fairweather,TE,341.0,689.4,341.0,596.6,,,,,,,,,,,18.0,364,70
2025,12220,Brevin Easton,brevin easton,WR,342.0,556.8,342.0,999.0,,,,,,,,,,,18.0,365,147
2025,11601,Trey Knox,trey knox,TE,343.5,551.5,343.5,641.2,,,,,,,,,,,18.0,366,71
2025,5257,Tim Boyle,tim boyle,QB,344.0,668.0,344.0,662.7,,,,,,,,,,,18.0,367,47
2025,11946,Marcus Rosemy-Jacksaint,marcus rosemyjacksaint,WR,345.0,648.6,345.0,695.4,,,,,,,,,,,18.0,368,148
2025,5385,Alec Bloom,alec bloom,TE,346.0,695.3,346.0,999.0,,,,,,,,,,,18.0,369,72
2025,2900,Terrence Franks,terrence franks,RB,348.0,679.4,348.0,999.0,,,,,,,,,,,18.0,370,103
2025,11505,David Durden,david durden,WR,349.0,628.5,349.0,622.8,,,,,,,,,,,18.0,371,149
2025,2238,John Brown,john brown,WR,350.0,669.3,350.0,999.0,,,,,,,,,,,18.0,372,150
2025,12029,Tyler Harrell,tyler harrell,WR,351.0,598.0,351.0,464.0,,,,,,,,,,,18.0,373,151
2025,6144,Trayveon Williams,trayveon williams,RB,352.0,692.2,352.0,671.3,3.3,3.8,2.8,19.0,,1.0,9.0,,,,18.0,374,104
2025,11366,Chris Coleman,chris coleman,WR,353.0,698.0,353.0,660.6,,,,,,,,,,,18.0,375,152
2025,2580,Titus Davis,titus davis,WR,354.0,679.0,354.0,351.4,,,,,,,,,,,18.0,376,153
2025,2909,Beau Gardner,beau gardner,TE,355.0,381.9,355.0,999.0,,,,,,,,,,,18.0,377,73
2025,11304,E.J. Jenkins,ej jenkins,TE,356.3,690.5,356.3,601.9,,,,,,,,,,,18.0,378,74
2025,7938,Hunter Kampmoyer,hunter kampmoyer,TE,357.0,692.4,357.0,999.0,,,,,,,,,,,18.0,379,75
2025,4111,D'Onta Foreman,donta foreman,RB,358.0,690.0,358.0,683.3,,,,,,,,,,,18.0,380,105
2025,5207,Marchie Murdock,marchie murdock,WR,359.0,487.2,359.0,439.3,,,,,,,,,,,18.0,381,154
2025,12171,British Brooks,british brooks,RB,360.0,647.5,360.0,679.7,3.9,4.4,3.4,32.0,,1.0,2.0,,,,18.0,382,106
2025,11474,Dylan Drummond,dylan drummond,WR,361.0,643.9,361.0,595.8,,,,,,,,,,,18.0,383,155
2025,2474,Nick Boyle,nick boyle,TE,362.0,547.0,362.0,655.5,,,,,,,,,,,18.0,384,76
2025,11961,Emory Jones,emory jones,QB,363.0,659.2,363.0,646.3,,,,,,,,,,,18.0,385,48
2025,11415,Tanner Taula,tanner taula,TE,364.3,454.1,364.3,693.0,,,,,,,,,,,18.0,386,77
2025,11367,Daewood Davis,daewood davis,WR,365.0,532.0,365.0,670.0,,,,,,,,,,,18.0,387,156
2025,6894,Mitchell Wilcox,mitchell wilcox,TE,367.0,520.2,367.0,999.0,,,,,,,,,,,18.0,388,78
2025,4200,DeAngelo Yancey,deangelo yancey,WR,368.0,324.3,368.0,999.0,,,,,,,,,,,18.0,389,157
2025,3551,Max Wittek,max wittek,QB,369.5,692.0,369.5,999.0,,,,,,,,,,,18.0,390,49
2025,7951,B.J. Emmons,bj emmons,RB,370.8,999.0,370.8,999.0,,,,,,,,,,,18.0,391,107
2025,13227,Mitch Van Vooren,mitch van vooren,WR,371.0,531.2,371.0,690.0,,,,,,,,,,,18.0,392,158
2025,2753,Rasheed Bailey,rasheed bailey,WR,372.0,676.5,372.0,999.0,,,,,,,,,,,18.0,393,159
2025,10651,Mohamed Ibrahim,mohamed ibrahim,RB,373.7,689.5,373.7,676.0,,,,,,,,,,,18.0,394,108
2025,6866,KJ Hill,kj hill,WR,374.0,661.9,374.0,671.8,,,,,,,,,,,18.0,395,160
2025,11257,Shedrick Jackson,shedrick jackson,WR,374.0,676.0,999.0,643.0,,,,,,,,,,,18.0,396,161
2025,5120,Danny Etling,danny etling,QB,375.0,549.9,375.0,672.5,,,,,,,,,,,18.0,397,50
2025,1329,Chris Hogan,chris hogan,WR,375.5,679.0,375.5,686.0,,,,,,,,,,,18.0,398,162
2025,2916,Ify Umodu,ify umodu,WR,376.0,653.8,376.0,999.0,,,,,,,,,,,18.0,399,163
2025,12066,Elijah Collins,elijah collins,RB,377.7,682.5,377.7,351.1,,,,,,,,,,,18.0,400,109
2025,12905,John Copenhaver,john copenhaver,TE,378.0,662.5,378.0,369.3,,,,,,,,,,,18.0,401,79
2025,8226,Greg Bell,greg bell,RB,379.0,566.9,379.0,390.2,,,,,,,,,,,18.0,402,110
2025,6762,Darion Clark,darion clark,TE,380.0,655.0,999.0,999.0,,,,,,,,,,,18.0,403,80
2025,8108,DeVonte Dedmon,devonte dedmon,WR,380.0,614.5,380.0,999.0,,,,,,,,,,,18.0,404,164
2025,12357,David Martin-Robinson,david martinrobinson,TE,381.7,666.0,381.7,444.6,,,,,,,,,,,18.0,405,81
2025,6293,Cullen Gillaspia,cullen gillaspia,RB,382.0,304.0,382.0,999.0,,,,,,,,,,,18.0,406,111
2025,4683,Aaron Bailey,aaron bailey,QB,383.6,652.0,999.0,418.4,,,,,,,,,,,18.0,407,51
2025,5786,Marcus Peterson,marcus peterson,WR,383.8,343.5,383.8,999.0,,,,,,,,,,,18.0,408,165
2025,7926,Carl Tucker,carl tucker,TE,384.0,513.1,384.0,999.0,,,,,,,,,,,18.0,409,82
2025,6237,Wilton Speight,wilton speight,QB,385.0,646.5,385.0,673.5,,,,,,,,,,,18.0,410,52
2025,7001,Brian Herrien,brian herrien,RB,386.7,653.2,386.7,654.0,,,,,,,,,,,18.0,411,112
2025,3453,Josh Ferguson,josh ferguson,RB,387.0,677.0,387.0,999.0,,,,,,,,,,,18.0,412,113
2025,6737,Micky Crum,micky crum,TE,388.0,538.6,388.0,697.6,,,,,,,,,,,18.0,413,83
2025,3556,Christian Powell,christian powell,RB,389.0,648.3,389.0,999.0,,,,,,,,,,,18.0,414,114
2025,8018,Shaun Beyer,shaun beyer,TE,390.0,694.2,390.0,999.0,,,,,,,,,,,18.0,415,84
2025,5886,Hakeem Butler,hakeem butler,TE,390.0,467.1,390.0,688.4,,,,,,,,,,,18.0,416,85
2025,12884,Quincy Skinner,quincy skinner,WR,391.0,635.4,391.0,671.3,,,,,,,,,,,18.0,417,166
2025,2206,Logan Kilgore,logan kilgore,QB,394.7,646.0,394.7,551.7,,,,,,,,,,,18.0,418,53
2025,2750,DeAndre Carter,deandre carter,WR,395.0,694.0,395.0,639.5,7.6,10.6,4.6,6.0,,6.0,60.0,,,,18.0,419,167
2025,2931,Deshon Foxx,deshon foxx,WR,396.0,698.5,396.0,999.0,,,,,,,,,,,18.0,420,168
2025,4835,Darrius Sims,darrius sims,RB,396.3,610.5,396.3,999.0,,,,,,,,,,,18.0,421,115
2025,4775,David Olson,david olson,QB,397.5,686.0,999.0,351.0,,,,,,,,,,,18.0,422,54
2025,11359,Kody Case,kody case,WR,398.7,634.4,398.7,658.0,,,,,,,,,,,18.0,423,169
2025,11053,Antoine Green,antoine green,WR,398.8,698.0,999.0,685.0,,,,,,,,,,,18.0,424,170
2025,13228,Ife Adeyi,ife adeyi,WR,399.0,675.9,399.0,999.0,,,,,,,,,,,18.0,425,171
2025,4786,Jhajuan Seales,jhajuan seales,WR,400.0,589.0,400.0,999.0,,,,,,,,,,,18.0,426,172
2025,11508,Princeton Fant,princeton fant,TE,401.0,631.4,401.0,631.6,,,,,,,,,,,18.0,427,86
2025,4187,Brian Hill,brian hill,RB,402.0,541.9,402.0,999.0,,,,,,,,,,,18.0,428,116
2025,8181,Connor Heyward,connor heyward,TE,403.0,658.0,403.0,665.2,,,,,,,,,,,18.0,429,87
2025,8235,Samori Toure,samori toure,WR,404.0,999.0,404.0,999.0,,,,,,,,,,,18.0,430,173
2025,7568,Brevin Jordan,brevin jordan,TE,405.8,688.5,405.8,698.3,,,,,,,,,,,18.0,431,88
2025,6898,Anthony Gordon,anthony gordon,QB,406.0,667.2,406.0,648.0,,,,,,,,,,,18.0,432,55
2025,12168,Zach Mathis,zach mathis,WR,407.0,648.0,407.0,999.0,,,,,,,,,,,18.0,433,174
2025,5013,Anthony Miller,anthony miller,WR,407.3,683.7,407.3,999.0,,,,,,,,,,,18.0,434,175
2025,3570,Brandon Ross,brandon ross,RB,409.0,699.0,409.0,999.0,,,,,,,,,,,18.0,435,117
2025,13154,Marcus Major,marcus major,RB,410.0,657.0,410.0,698.4,,,,,,,,,,,18.0,436,118
2025,5210,Korey Robertson,korey robertson,WR,410.0,571.8,410.0,999.0,,,,,,,,,,,18.0,437,176
2025,5806,John Wolford,john wolford,QB,411.0,369.8,411.0,999.0,,,,,,,,,,,18.0,438,56
2025,7438,Kristian Wilkerson,kristian wilkerson,WR,412.0,475.0,412.0,999.0,,,,,,,,,,,18.0,439,177
2025,11418,Taye Barber,taye barber,WR,412.5,675.0,412.5,591.0,,,,,,,,,,,18.0,440,178
2025,5804,Julian Williams,julian williams,WR,413.7,674.0,413.7,438.4,,,,,,,,,,,18.0,441,179
2025,7286,Marvelle Ross,marvelle ross,WR,414.0,999.0,414.0,999.0,,,,,,,,,,,18.0,442,180
2025,6049,Tyre Brady,tyre brady,WR,415.0,687.6,415.0,700.3,,,,,,,,,,,18.0,443,181
2025,8026,Landon Rice,landon rice,TE,415.0,674.8,415.0,999.0,,,,,,,,,,,18.0,444,89
2025,12126,Isaac Rex,isaac rex,TE,415.2,288.0,415.2,679.3,,,,,,,,,,,18.0,445,90
2025,11496,Braydon Johnson,braydon johnson,WR,417.0,574.0,417.0,686.9,,,,,,,,,,,18.0,446,182
2025,11351,Thomas Greaney,thomas greaney,TE,418.7,647.8,418.7,501.8,,,,,,,,,,,18.0,447,91
2025,7397,Parker Houston,parker houston,TE,419.0,662.0,419.0,999.0,,,,,,,,,,,18.0,448,92
2025,11216,Holton Ahlers,holton ahlers,QB,419.6,638.0,419.6,702.0,,,,,,,,,,,18.0,449,57
2025,2560,Zach Zenner,zach zenner,RB,420.0,433.3,420.0,678.4,,,,,,,,,,,18.0,450,119
2025,10217,Clayton Tune,clayton tune,QB,421.7,679.0,421.7,674.8,,,,,,,,,,,18.0,451,58
2025,12443,Devon Garrison,devon garrison,TE,422.0,690.5,999.0,402.9,,,,,,,,,,,18.0,452,93
2025,12090,Corey Crooms,corey crooms,WR,422.0,660.0,422.0,999.0,,,,,,,,,,,18.0,453,183
2025,3615,Sione Houma,sione houma,RB,423.0,491.0,423.0,999.0,,,,,,,,,,,18.0,454,120
2025,12100,Chris Autman-Bell,chris autmanbell,WR,424.0,671.0,424.0,999.0,,,,,,,,,,,18.0,455,184
2025,13122,Carter Runyon,carter runyon,TE,425.0,688.3,425.0,391.3,,,,,,,,,,,18.0,456,94
2025,5468,Christian Scotland-Williamson,christian scotlandwilliamson,TE,426.0,465.0,426.0,999.0,,,,,,,,,,,18.0,457,95
2025,5197,Rico Gafford,rico gafford,WR,427.0,474.0,427.0,999.0,,,,,,,,,,,18.0,458,185
2025,12086,Cam Johnson,cam johnson,WR,427.0,648.0,427.0,999.0,,,,,,,,,,,18.0,459,186
2025,7993,Trey Ragas,trey ragas,RB,428.0,634.6,428.0,478.2,,,,,,,,,,,18.0,460,121
2025,11284,Cody Chrest,cody chrest,WR,429.0,684.0,429.0,686.3,,,,,,,,,,,18.0,461,187
2025,8217,Leddie Brown,leddie brown,RB,429.0,999.0,429.0,999.0,,,,,,,,,,,18.0,462,122
2025,7581,Kellen Mond,kellen mond,QB,430.0,675.3,430.0,649.0,,,,,,,,,,,18.0,463,59
2025,4794,Tommy Armstrong Jr.,tommy armstrong,QB,431.2,670.4,999.0,650.5,,,,,,,,,,,18.0,464,60
2025,5903,Will Grier,will grier,QB,431.3,668.0,431.3,657.4,,,,,,,,,,,18.0,465,61
2025,4996,Kyle Lauletta,kyle lauletta,QB,431.5,583.4,431.5,999.0,,,,,,,,,,,18.0,466,62
2025,9496,Sam James,sam james,WR,433.0,999.0,433.0,654.8,,,,,,,,,,,18.0,467,188
2025,7854,Miller Forristall,miller forristall,TE,434.2,637.0,434.2,999.0,,,,,,,,,,,18.0,468,96
2025,7243,Kevin Davidson,kevin davidson,QB,435.5,693.9,435.5,999.0,,,,,,,,,,,18.0,469,63
2025,2785,Gus Johnson,gus johnson,RB,436.5,658.0,436.5,560.9,,,,,,,,,,,18.0,470,123
2025,6778,Chris Streveler,chris streveler,QB,437.7,680.0,437.7,655.0,,,,,,,,,,,18.0,471,64
2025,5278,Jarvion Franklin,jarvion franklin,RB,438.0,698.0,438.0,999.0,,,,,,,,,,,18.0,472,124
2025,12285,Cade Peterson,cade peterson,QB,438.5,693.0,438.5,698.3,,,,,,,,,,,18.0,473,65
2025,4218,Trent Taylor,trent taylor,WR,439.0,463.3,439.0,999.0,,,,,,,,,,,18.0,474,189
2025,4434,Brisly Estime,brisly estime,WR,441.0,424.3,441.0,555.5,,,,,,,,,,,18.0,475,190
2025,8741,Jamal Pettigrew,jamal pettigrew,TE,441.3,680.0,441.3,999.0,,,,,,,,,,,18.0,476,97
2025,3208,Kenneth Dixon,kenneth dixon,RB,442.0,397.9,442.0,999.0,,,,,,,,,,,18.0,477,125
2025,7084,Jake Luton,jake luton,QB,443.0,646.6,443.0,694.1,,,,,,,,,,,18.0,478,66
2025,4704,Tyler Ferguson,tyler ferguson,QB,444.7,514.1,444.7,609.3,,,,,,,,,,,18.0,479,67
2025,4544,Daikiel Shorts,daikiel shorts,WR,447.7,562.2,447.7,566.6,,,,,,,,,,,18.0,480,191
2025,2462,J.J. Nelson,jj nelson,WR,449.0,660.1,449.0,636.7,,,,,,,,,,,18.0,481,192
2025,11329,Josh Vann,josh vann,WR,450.0,649.3,450.0,661.8,,,,,,,,,,,18.0,482,193
2025,6059,Travis Fulgham,travis fulgham,WR,451.0,536.4,451.0,999.0,,,,,,,,,,,18.0,483,194
2025,3407,Beau Sandland,beau sandland,TE,453.0,554.0,453.0,584.8,,,,,,,,,,,18.0,484,98
2025,4089,Gerald Everett,gerald everett,TE,454.2,677.8,454.2,628.3,4.7,6.2,3.2,,,3.0,32.0,,,,18.0,485,99
2025,11963,Chris Collier,chris collier,RB,455.6,658.0,455.6,682.5,,,,,,,,,,,18.0,486,126
2025,2582,Cole Stoudt,cole stoudt,QB,455.7,556.8,455.7,397.0,,,,,,,,,,,18.0,487,68
2025,11381,Travis Vokolek,travis vokolek,TE,456.0,636.8,456.0,634.0,,,,,,,,,,,18.0,488,100
2025,2146,Richard Rodgers,richard rodgers,TE,457.5,688.8,457.5,999.0,,,,,,,,,,,18.0,489,101
2025,7618,Micah Simon,micah simon,WR,458.0,999.0,458.0,999.0,,,,,,,,,,,18.0,490,195
2025,7093,Adrian Killins,adrian killins,RB,459.5,654.0,459.5,467.3,,,,,,,,,,,18.0,491,127
2025,8849,Tanner Conner,tanner conner,TE,460.5,306.9,460.5,629.8,30.0,38.5,21.5,,,17.0,155.0,1.0,,,18.0,492,102
2025,11957,Sam Schnee,sam schnee,WR,460.9,602.3,999.0,606.0,,,,,,,,,,,18.0,493,196
2025,3328,Rashard Higgins,rashard higgins,WR,461.0,659.0,461.0,506.6,,,,,,,,,,,18.0,494,197
2025,11312,T.J. Luther,tj luther,WR,462.4,679.5,462.4,607.4,,,,,,,,,,,18.0,495,198
2025,12061,Noah Cain,noah cain,RB,463.5,290.0,463.5,999.0,,,,,,,,,,,18.0,496,128
2025,12941,Bryson Nesbit,bryson nesbit,TE,464.0,689.7,464.0,485.4,,,,,,,,,,,18.0,497,103
2025,6694,D'Ernest Johnson,dernest johnson,RB,465.0,625.4,465.0,696.7,1.5,2.0,1.0,4.0,,1.0,6.0,,,,18.0,498,129
2025,7563,Javian Hawkins,javian hawkins,RB,466.2,480.0,466.2,697.3,,,,,,,,,,,18.0,499,130
2025,7064,Darrynton Evans,darrynton evans,RB,467.3,597.9,999.0,999.0,,,,,,,,,,,18.0,500,131
2025,2821,Jake Kumerow,jake kumerow,WR,468.0,679.5,468.0,695.8,,,,,,,,,,,18.0,501,199
2025,2567,Bryan Bennett,bryan bennett,QB,469.7,412.8,469.7,409.5,,,,,,,,,,,18.0,502,69
2025,3209,Devontae Booker,devontae booker,RB,470.0,677.5,470.0,999.0,,,,,,,,,,,18.0,503,132
2025,5127,Kyle Allen,kyle allen,QB,471.2,680.6,471.2,653.1,,,,,,,,,,,18.0,504,70
2025,4797,Josh Rounds,josh rounds,RB,471.6,694.0,471.6,999.0,,,,,,,,,,,18.0,505,133
2025,6063,Tyron Billy-Johnson,tyron billyjohnson,WR,472.0,685.8,999.0,696.4,,,,,,,,,,,18.0,506,200
2025,6909,Lynn Bowden,lynn bowden,WR,472.5,635.5,472.5,583.0,,,,,,,,,,,18.0,507,201
2025,7550,Warren Jackson,warren jackson,WR,473.0,593.0,473.0,999.0,,,,,,,,,,,18.0,508,202
2025,3297,Tajae Sharpe,tajae sharpe,WR,474.0,375.0,474.0,999.0,,,,,,,,,,,18.0,509,203
2025,7867,Spencer Brown,spencer brown,RB,475.0,667.5,475.0,999.0,,,,,,,,,,,18.0,510,134
2025,3497,Darion Griswold,darion griswold,TE,475.5,622.0,999.0,999.0,,,,,,,,,,,18.0,511,104
2025,8192,Curtis Hodges,curtis hodges,TE,476.0,342.6,999.0,999.0,,,,,,,,,,,18.0,512,105
2025,12421,David Wallis,david wallis,WR,476.0,559.2,476.0,673.0,,,,,,,,,,,18.0,513,204
2025,12963,Kayron Lynch-Adams,kayron lynchadams,RB,476.6,583.4,476.6,999.0,,,,,,,,,,,18.0,514,135
2025,4026,DeShone Kizer,deshone kizer,QB,477.0,666.0,999.0,667.6,,,,,,,,,,,18.0,515,71
2025,7376,Case Cookus,case cookus,QB,477.6,693.0,477.6,697.0,,,,,,,,,,,18.0,516,72
2025,8438,Corey Sutton,corey sutton,WR,478.7,573.0,478.7,680.5,,,,,,,,,,,18.0,517,205
2025,4798,C.J. Germany,cj germany,WR,479.0,697.8,999.0,999.0,,,,,,,,,,,18.0,518,206
2025,3811,Alstevis Squirewell,alstevis squirewell,RB,479.2,690.3,479.2,563.4,,,,,,,,,,,18.0,519,136
2025,2229,Garrett Gilbert,garrett gilbert,QB,479.7,682.5,479.7,657.1,,,,,,,,,,,18.0,520,73
2025,11431,Isaiah Bowser,isaiah bowser,RB,480.0,676.3,480.0,741.0,,,,,,,,,,,18.0,521,137
2025,2390,Tyler Kroft,tyler kroft,TE,481.0,692.8,999.0,698.6,,,,,,,,,,,18.0,522,106
2025,7262,Jalen Morton,jalen morton,QB,481.8,651.0,481.8,999.0,,,,,,,,,,,18.0,523,74
2025,11184,Daniel Arias,daniel arias,WR,482.0,695.2,999.0,487.7,,,,,,,,,,,18.0,524,207
2025,2106,David Fales,david fales,QB,482.0,654.5,482.0,684.8,,,,,,,,,,,18.0,525,75
2025,1817,Sammy Watkins,sammy watkins,WR,482.5,638.6,999.0,435.0,,,,,,,,,,,18.0,526,208
2025,5295,De'Mornay Pierson-El,demornay piersonel,WR,482.9,618.1,482.9,624.0,,,,,,,,,,,18.0,527,209
2025,5322,James Looney,james looney,TE,483.0,543.8,468.8,999.0,,,,,,,,,,,18.0,528,107
2025,5938,Lil'Jordan Humphrey,liljordan humphrey,WR,483.4,683.7,999.0,679.9,6.4,8.4,4.4,,,4.0,44.0,,,,18.0,529,210
2025,5228,J.T. Barrett,jt barrett,QB,483.5,633.3,483.5,675.8,,,,,,,,,,,18.0,530,76
2025,5265,Nic Shimonek,nic shimonek,QB,484.0,558.3,484.0,669.5,,,,,,,,,,,18.0,531,77
2025,10230,Jalen Wayne,jalen wayne,WR,485.0,694.0,999.0,685.1,,,,,,,,,,,18.0,532,211
2025,11452,Jesse Matthews,jesse matthews,WR,485.0,636.7,999.0,602.1,,,,,,,,,,,18.0,533,212
2025,6966,Javon Leake,javon leake,RB,485.5,348.9,999.0,999.0,,,,,,,,,,,18.0,534,138
2025,3614,Tommylee Lewis,tommylee lewis,WR,485.6,654.3,999.0,999.0,,,,,,,,,,,18.0,535,213
2025,11802,Tejhaun Palmer,tejhaun palmer,WR,485.7,699.7,485.7,645.5,,,,,,,,,,,18.0,536,214
2025,8174,Kevin Harris,kevin harris,RB,487.5,601.4,999.0,999.0,,,,,,,,,,,18.0,537,139
2025,5550,John David Moore,john david moore,RB,487.8,279.6,487.8,657.3,,,,,,,,,,,18.0,538,140
2025,11168,Xavier Smith,xavier smith,WR,488.0,690.0,999.0,682.0,1.7,2.7,0.7,5.0,,2.0,22.0,,,,18.0,539,215
2025,3514,Jake McGee,jake mcgee,TE,488.5,435.9,999.0,999.0,,,,,,,,,,,18.0,540,108
2025,12792,Garrett Greene,garrett greene,QB,489.0,665.9,999.0,695.4,,,,,,,,,,,18.0,541,78
2025,13221,Brett Gabbert,brett gabbert,QB,489.9,629.5,489.9,654.0,,,,,,,,,,,18.0,542,79
2025,3205,Cody Kessler,cody kessler,QB,490.0,656.3,490.0,348.5,,,,,,,,,,,18.0,543,80
2025,12150,Jarveon Howard,jarveon howard,RB,490.0,637.0,999.0,999.0,,,,,,,,,,,18.0,544,141
2025,12281,Dimitri Stanley,dimitri stanley,WR,490.0,350.0,490.0,695.2,,,,,,,,,,,18.0,545,216
2025,11921,Xavier Weaver,xavier weaver,WR,491.5,659.3,999.0,691.5,,,,,,,,,,,18.0,546,217
2025,7279,DeMichael Harris,demichael harris,WR,491.8,662.6,491.8,999.0,,,,,,,,,,,18.0,547,218
2025,4411,R.J. Shelton,rj shelton,WR,492.0,579.2,492.0,999.0,,,,,,,,,,,18.0,548,219
2025,3464,Marquez North,marquez north,WR,492.0,569.6,492.0,999.0,,,,,,,,,,,18.0,549,220
2025,8581,Trevon Bradford,trevon bradford,WR,493.0,670.5,493.0,676.6,,,,,,,,,,,18.0,550,221
2025,7435,Cameron Scarlett,cameron scarlett,RB,493.6,351.8,493.6,999.0,,,,,,,,,,,18.0,551,142
2025,3445,Marcus Johnson,marcus johnson,WR,494.0,659.0,494.0,999.0,,,,,,,,,,,18.0,552,222
2025,1500,Jordan Reed,jordan reed,TE,494.0,646.0,999.0,700.6,,,,,,,,,,,18.0,553,109
2025,6857,Collin Johnson,collin johnson,WR,494.0,664.5,999.0,534.7,,,,,,,,,,,18.0,554,223
2025,6323,Andrew Beck,andrew beck,RB,494.5,667.0,494.5,651.5,,,,,,,,,,,18.0,555,143
2025,1555,Kenny Stills,kenny stills,WR,494.6,279.0,494.6,667.4,,,,,,,,,,,18.0,556,224
2025,8229,Isaiah Weston,isaiah weston,WR,495.0,495.0,495.0,999.0,,,,,,,,,,,18.0,557,225
2025,7039,Cody White,cody white,WR,495.8,677.3,495.8,694.0,,,,,,,,,,,18.0,558,226
2025,7427,Tyler Mabry,tyler mabry,TE,496.0,398.0,496.0,999.0,,,,,,,,,,,18.0,559,110
2025,1386,Giovani Bernard,giovani bernard,RB,496.0,674.8,999.0,694.0,,,,,,,,,,,18.0,560,144
2025,7394,Jermiah Braswell,jermiah braswell,WR,496.7,677.1,999.0,999.0,,,,,,,,,,,18.0,561,227
2025,11024,Grant DuBose,grant dubose,WR,496.9,620.2,496.9,640.6,,,,,,,,,,,18.0,562,228
2025,5024,James Washington,james washington,WR,497.0,601.8,999.0,646.0,,,,,,,,,,,18.0,563,229
2025,6139,Jace Sternberger,jace sternberger,TE,497.3,674.0,999.0,671.7,,,,,,,,,,,18.0,564,111
2025,1387,Rex Burkhead,rex burkhead,RB,497.5,650.6,497.5,669.0,,,,,,,,,,,18.0,565,145
2025,4169,Jehu Chesson,jehu chesson,WR,498.0,466.0,498.0,999.0,,,,,,,,,,,18.0,566,230
2025,4607,Zach Conque,zach conque,QB,498.0,621.0,375.0,441.7,,,,,,,,,,,18.0,567,81
2025,11169,Dresser Winn,dresser winn,QB,498.9,683.0,498.9,622.8,,,,,,,,,,,18.0,568,82
2025,6850,Harrison Bryant,harrison bryant,TE,499.0,647.3,999.0,697.5,1.4,1.9,0.9,,,1.0,9.0,,,,18.0,569,112
2025,6361,Raphael Leonard,raphael leonard,WR,499.6,697.5,499.6,999.0,,,,,,,,,,,18.0,570,231
2025,11526,Malachi Carter,malachi carter,WR,500.0,653.0,500.0,638.4,,,,,,,,,,,18.0,571,232
2025,5409,Tanner Hudson,tanner hudson,TE,500.8,699.8,500.8,700.9,2.8,3.8,1.8,,,2.0,18.0,,,,18.0,572,113
2025,12848,Josh Kelly,josh kelly,WR,501.0,681.7,999.0,645.0,,,,,,,,,,,18.0,573,233
2025,8820,Troy Hairston,troy hairston,RB,501.5,658.8,501.5,999.0,,,,,,,,,,,18.0,574,146
2025,6385,Matt Colburn,matt colburn,RB,501.5,322.0,999.0,316.0,,,,,,,,,,,18.0,575,147
2025,12306,La'Damian Webb,ladamian webb,RB,501.5,651.2,501.5,999.0,,,,,,,,,,,18.0,576,148
2025,6598,Trenton Irwin,trenton irwin,WR,502.5,677.5,999.0,611.4,0.5,0.5,0.5,5.0,,,,,,,18.0,577,234
2025,2025,Albert Wilson,albert wilson,WR,502.6,678.2,502.6,999.0,,,,,,,,,,,18.0,578,235
2025,12849,Traeshon Holden,traeshon holden,WR,503.0,667.0,999.0,695.5,,,,,,,,,,,18.0,579,236
2025,11214,Tanner Morgan,tanner morgan,QB,503.3,659.7,503.3,697.0,,,,,,,,,,,18.0,580,83
2025,2346,Devin Funchess,devin funchess,TE,503.6,683.2,503.6,671.5,,,,,,,,,,,18.0,581,114
2025,11157,Brycen Tremayne,brycen tremayne,WR,505.0,688.5,999.0,687.3,83.2,100.2,66.2,,,34.0,422.0,4.0,,,18.0,582,237
2025,11472,Alfonzo Graham,alfonzo graham,RB,505.5,648.0,999.0,681.7,,,,,,,,,,,18.0,583,149
2025,2319,DeVante Parker,devante parker,WR,505.7,571.0,505.7,471.6,,,,,,,,,,,18.0,584,238
2025,12079,Treyton Welch,treyton welch,TE,506.0,652.5,999.0,451.3,,,,,,,,,,,18.0,585,115
2025,11357,Tyler Adams,tyler adams,WR,506.0,694.8,506.0,651.5,,,,,,,,,,,18.0,586,239
2025,1170,Alfred Morris,alfred morris,RB,506.3,698.6,506.3,633.8,,,,,,,,,,,18.0,587,150
2025,12046,Chevan Cordeiro,chevan cordeiro,QB,507.0,633.0,507.0,697.5,,,,,,,,,,,18.0,588,84
2025,4153,Jordan Leggett,jordan leggett,TE,507.5,644.5,632.0,481.6,,,,,,,,,,,18.0,589,116
2025,1517,Theo Riddick,theo riddick,RB,508.0,284.0,999.0,589.6,,,,,,,,,,,18.0,590,151
2025,12976,DeMeer Blankumsee,demeer blankumsee,WR,508.0,694.5,999.0,553.4,,,,,,,,,,,18.0,591,240
2025,11231,Christian Trahan,christian trahan,TE,508.5,682.0,508.5,694.0,,,,,,,,,,,18.0,592,117
2025,12753,Jamoi Mayes,jamoi mayes,WR,509.0,551.5,999.0,398.6,,,,,,,,,,,18.0,593,241
2025,1911,Willie Snead,willie snead,WR,509.0,600.4,999.0,442.0,,,,,,,,,,,18.0,594,242
2025,2463,Jesse James,jesse james,TE,510.0,635.3,510.0,999.0,,,,,,,,,,,18.0,595,118
2025,3495,Mike Bercovici,mike bercovici,QB,511.1,579.9,511.1,643.0,,,,,,,,,,,18.0,596,85
2025,3582,Chester Rogers,chester rogers,WR,511.3,417.1,511.3,539.0,,,,,,,,,,,18.0,597,243
2025,11249,Chris Smith,chris smith,RB,511.3,533.4,999.0,683.9,,,,,,,,,,,18.0,598,152
2025,4252,Isaiah Ford,isaiah ford,WR,511.8,697.5,999.0,999.0,,,,,,,,,,,18.0,599,244
2025,7367,Will Hastings,will hastings,WR,512.5,999.0,999.0,999.0,,,,,,,,,,,18.0,600,245
2025,5130,Auden Tate,auden tate,WR,513.0,572.3,513.0,999.0,,,,,,,,,,,18.0,601,246
2025,12026,Kobe Lewis,kobe lewis,RB,513.7,625.8,513.7,602.0,,,,,,,,,,,18.0,602,153
2025,7335,Bryce Perkins,bryce perkins,QB,514.0,666.0,999.0,699.8,,,,,,,,,,,18.0,603,86
2025,12356,Jabari Small,jabari small,RB,514.2,656.5,514.2,692.6,,,,,,,,,,,18.0,604,154
2025,13065,Ben Wooldridge,ben wooldridge,QB,515.3,672.9,999.0,694.5,,,,,,,,,,,18.0,605,87
2025,12013,Jaden Shirden,jaden shirden,RB,515.5,651.0,999.0,356.0,,,,,,,,,,,18.0,606,155
2025,6730,Jordan Ta'amu,jordan taamu,QB,515.7,686.5,515.7,999.0,,,,,,,,,,,18.0,607,88
2025,8190,Abram Smith,abram smith,RB,516.0,578.5,999.0,513.6,,,,,,,,,,,18.0,608,156
2025,2410,Jamison Crowder,jamison crowder,WR,516.3,669.6,999.0,573.2,0.3,0.3,0.3,,,,3.0,,,,18.0,609,247
2025,11245,Patrick Murtagh,patrick murtagh,TE,516.8,561.0,516.8,681.3,,,,,,,,,,,18.0,610,119
2025,13210,Drake Dabney,drake dabney,TE,517.0,682.6,999.0,999.0,,,,,,,,,,,18.0,611,120
2025,10870,Deneric Prince,deneric prince,RB,517.3,697.9,517.3,641.5,,,,,,,,,,,18.0,612,157
2025,7340,Brandon Polk,brandon polk,WR,517.4,617.4,999.0,999.0,,,,,,,,,,,18.0,613,248
2025,13129,Jermaine Terry,jermaine terry,TE,518.0,431.8,999.0,323.0,,,,,,,,,,,18.0,614,121
2025,12901,Patrick Herbert,patrick herbert,TE,519.0,652.8,999.0,678.9,,,,,,,,,,,18.0,615,122
2025,6037,Brett Rypien,brett rypien,QB,519.0,655.0,999.0,677.4,,,,,,,,,,,18.0,616,89
2025,4995,Ian Thomas,ian thomas,TE,519.5,594.3,519.5,674.5,4.4,5.9,2.9,,,3.0,29.0,,,,18.0,617,123
2025,8039,Jibri Blount,jibri blount,TE,520.0,638.2,520.0,999.0,,,,,,,,,,,18.0,618,124
2025,6395,Trinity Benson,trinity benson,WR,520.0,682.0,999.0,490.0,,,,,,,,,,,18.0,619,249
2025,4588,Kyle Sloter,kyle sloter,QB,520.0,345.3,520.0,508.6,,,,,,,,,,,18.0,620,90
2025,2947,Clay Burton,clay burton,TE,521.0,535.8,999.0,999.0,,,,,,,,,,,18.0,621,125
2025,11806,Casey Washington,casey washington,WR,522.0,656.0,999.0,697.6,24.0,29.0,19.0,,,10.0,130.0,1.0,,,18.0,622,250
2025,5052,Ronald Jones,ronald jones,RB,522.2,515.4,522.2,683.8,,,,,,,,,,,18.0,623,158
2025,4955,Ronald Jones,ronald jones,RB,522.2,673.8,522.2,999.0,,,,,,,,,,,18.0,624,159
2025,12231,JJ Laap,jj laap,WR,523.0,669.8,523.0,661.6,,,,,,,,,,,18.0,625,251
2025,11456,Tre'Shaun Harrison,treshaun harrison,WR,523.0,543.6,999.0,650.2,,,,,,,,,,,18.0,626,252
2025,8175,Reggie Roberson,reggie roberson,WR,523.3,418.2,523.3,999.0,,,,,,,,,,,18.0,627,253
2025,11115,Terrell Bynum,terrell bynum,WR,524.2,694.3,999.0,640.0,,,,,,,,,,,18.0,628,254
2025,7009,Trishton Jackson,trishton jackson,WR,525.0,617.5,525.0,677.2,,,,,,,,,,,18.0,629,255
2025,5223,Caleb Scott,caleb scott,WR,525.3,251.1,999.0,999.0,,,,,,,,,,,18.0,630,256
2025,11105,Shaquan Davis,shaquan davis,WR,525.4,646.5,525.4,635.0,,,,,,,,,,,18.0,631,257
2025,11237,Jacob Saylors,jacob saylors,RB,526.8,687.2,999.0,624.7,,,,,,,,,,,18.0,632,160
2025,11648,Kedon Slovis,kedon slovis,QB,526.8,694.0,526.8,629.0,,,,,,,,,,,18.0,633,91
2025,7545,Marlon Williams,marlon williams,WR,527.0,999.0,371.0,999.0,,,,,,,,,,,18.0,634,258
2025,6334,Damarea Crockett,damarea crockett,RB,527.3,685.4,999.0,999.0,,,,,,,,,,,18.0,635,161
2025,13179,Ja'seem Reed,jaseem reed,WR,527.3,693.4,999.0,694.0,,,,,,,,,,,18.0,636,259
2025,11931,Austin Reed,austin reed,QB,527.5,699.3,527.5,683.8,,,,,,,,,,,18.0,637,92
2025,11523,Cody Chrest,cody chrest,WR,528.0,569.0,528.0,642.4,,,,,,,,,,,18.0,638,260
2025,2450,Brett Hundley,brett hundley,QB,529.0,610.1,529.0,694.6,,,,,,,,,,,18.0,639,93
2025,2957,Ernst Brun,ernst brun,TE,529.7,586.8,999.0,999.0,,,,,,,,,,,18.0,640,126
2025,3336,Moritz Bohringer,moritz bohringer,TE,530.5,588.0,999.0,999.0,,,,,,,,,,,18.0,641,127
2025,6045,Gary Jennings,gary jennings,WR,530.8,635.8,530.8,685.1,,,,,,,,,,,18.0,642,261
2025,6311,Patrick Laird,patrick laird,RB,531.0,674.4,999.0,607.8,,,,,,,,,,,18.0,643,162
2025,12028,TaMerik Williams,tamerik williams,RB,531.3,659.0,531.3,611.3,,,,,,,,,,,18.0,644,163
2025,13075,Myles Price,myles price,WR,532.5,662.0,999.0,999.0,,,,,,,,,,,18.0,645,262
2025,4273,Chris Carson,chris carson,RB,533.3,615.0,533.3,698.9,,,,,,,,,,,18.0,646,164
2025,7521,Chris Blair,chris blair,WR,534.0,559.7,999.0,535.2,,,,,,,,,,,18.0,647,263
2025,7462,Stephen Guidry,stephen guidry,WR,534.5,999.0,999.0,999.0,,,,,,,,,,,18.0,648,264
2025,7103,Tavien Feaster,tavien feaster,RB,535.0,568.5,999.0,999.0,,,,,,,,,,,18.0,649,165
2025,7317,Jared Rice,jared rice,TE,535.0,598.9,535.0,655.8,,,,,,,,,,,18.0,650,128
2025,7583,Sam Ehlinger,sam ehlinger,QB,535.8,691.8,535.8,394.7,,,,,,,,,,,18.0,651,94
2025,6548,Marcus Marshall,marcus marshall,RB,536.3,425.7,999.0,999.0,,,,,,,,,,,18.0,652,166
2025,5957,Isaac Nauta,isaac nauta,TE,536.5,592.0,999.0,655.9,,,,,,,,,,,18.0,653,129
2025,4219,Jeremy McNichols,jeremy mcnichols,RB,537.0,659.0,999.0,655.1,17.9,19.4,16.4,80.0,1.0,3.0,24.0,,,,18.0,654,167
2025,11537,Wayne Taulapapa,wayne taulapapa,RB,537.4,685.0,537.4,665.7,,,,,,,,,,,18.0,655,168
2025,2557,Jerry Lovelocke,jerry lovelocke,QB,537.6,329.5,999.0,538.9,,,,,,,,,,,18.0,656,95
2025,11176,Khalan Laborn,khalan laborn,RB,537.7,677.2,999.0,653.0,,,,,,,,,,,18.0,657,169
2025,8915,Drew Plitt,drew plitt,QB,538.0,641.0,538.0,387.4,,,,,,,,,,,18.0,658,96
2025,7529,Gary Brightwell,gary brightwell,RB,538.8,651.9,999.0,628.4,,,,,,,,,,,18.0,659,170
2025,2549,Trevor Siemian,trevor siemian,QB,538.9,676.0,999.0,665.9,,,,,,,,,,,18.0,660,97
2025,5718,Ryan Yurachek,ryan yurachek,TE,539.0,654.5,999.0,535.0,,,,,,,,,,,18.0,661,130
2025,5432,Cam Sims,cam sims,WR,539.5,999.0,419.5,999.0,,,,,,,,,,,18.0,662,265
2025,2119,James Franklin,james franklin,QB,539.5,690.8,539.5,634.7,,,,,,,,,,,18.0,663,98
2025,11378,Jordan Mims,jordan mims,RB,539.5,653.0,999.0,678.0,,,,,,,,,,,18.0,664,171
2025,3333,Temarrick Hemingway,temarrick hemingway,TE,540.0,621.3,999.0,656.8,,,,,,,,,,,18.0,665,131
2025,11911,Jeshaun Jones,jeshaun jones,WR,540.3,620.1,540.3,681.0,,,,,,,,,,,18.0,666,266
2025,5358,Anthony Manzo-Lewis,anthony manzolewis,TE,540.4,999.0,999.0,999.0,,,,,,,,,,,18.0,667,132
2025,7623,Darece Roberson,darece roberson,WR,541.0,541.0,541.0,999.0,,,,,,,,,,,18.0,668,267
2025,11158,Jalen Sample,jalen sample,WR,541.3,685.9,999.0,595.0,,,,,,,,,,,18.0,669,268
2025,13064,Dorian Singer,dorian singer,WR,541.7,645.0,999.0,691.4,,,,,,,,,,,18.0,670,269
2025,12866,Jalin Conyers,jalin conyers,TE,542.0,653.1,999.0,687.1,,,,,,,,,,,18.0,671,133
2025,13240,Toa Taua,toa taua,RB,542.0,665.0,542.0,697.7,,,,,,,,,,,18.0,672,172
2025,13034,Tyrone Broden,tyrone broden,WR,542.0,642.5,999.0,999.0,,,,,,,,,,,18.0,673,270
2025,10869,Matt Landers,matt landers,WR,542.3,694.0,999.0,688.0,,,,,,,,,,,18.0,674,271
2025,2836,Kenny Cook,kenny cook,WR,542.5,678.0,379.0,746.0,,,,,,,,,,,18.0,675,272
2025,4973,Hayden Hurst,hayden hurst,TE,543.0,421.4,543.0,692.9,,,,,,,,,,,18.0,676,134
2025,4926,Nick Schuessler,nick schuessler,QB,543.0,497.5,999.0,999.0,,,,,,,,,,,18.0,677,99
2025,7217,Trevontae Hights,trevontae hights,WR,544.4,642.4,999.0,694.9,,,,,,,,,,,18.0,678,273
2025,8068,C.J. Saunders,cj saunders,WR,545.0,359.2,645.0,999.0,,,,,,,,,,,18.0,679,274
2025,12829,Coleman Owen,coleman owen,WR,545.0,581.0,545.0,543.7,,,,,,,,,,,18.0,680,275
2025,11070,Kazmeir Allen,kazmeir allen,WR,545.3,683.2,999.0,694.7,,,,,,,,,,,18.0,681,276
2025,11886,Tulu Griffin,tulu griffin,WR,545.5,638.0,638.0,693.0,,,,,,,,,,,18.0,682,277
2025,2257,Carlos Hyde,carlos hyde,RB,545.7,527.0,999.0,638.8,,,,,,,,,,,18.0,683,173
2025,6993,Dominick Wood-Anderson,dominick woodanderson,TE,545.9,318.8,632.0,646.8,,,,,,,,,,,18.0,684,135
2025,8908,Brandon Lewis,brandon lewis,WR,547.0,547.1,547.0,692.5,,,,,,,,,,,18.0,685,278
2025,7081,James Morgan,james morgan,QB,547.0,647.2,547.0,652.0,,,,,,,,,,,18.0,686,100
2025,11046,Colton Dowell,colton dowell,WR,547.2,686.8,547.2,645.7,,,,,,,,,,,18.0,687,279
2025,7088,Xavier Jones,xavier jones,RB,548.3,578.0,999.0,999.0,,,,,,,,,,,18.0,688,174
2025,4951,DJ Chark,dj chark,WR,548.5,654.5,548.5,662.6,1.9,2.4,1.4,,,1.0,14.0,,,,18.0,689,280
2025,13208,Kyrese Rowan,kyrese rowan,WR,548.5,644.4,999.0,697.5,,,,,,,,,,,18.0,690,281
2025,7287,Josh Hammond,josh hammond,WR,548.5,607.0,999.0,999.0,,,,,,,,,,,18.0,691,282
2025,4319,Zach Pascal,zach pascal,WR,548.6,699.0,999.0,662.5,,,,,,,,,,,18.0,692,283
2025,4150,Wayne Gallman,wayne gallman,RB,549.5,653.7,999.0,568.7,,,,,,,,,,,18.0,693,175
2025,89,Chad Henne,chad henne,QB,549.9,677.6,549.9,615.6,,,,,,,,,,,18.0,694,101
2025,5026,Tre'Quan Smith,trequan smith,WR,550.0,695.9,550.0,999.0,,,,,,,,,,,18.0,695,284
2025,7107,Jason Huntley,jason huntley,RB,550.1,690.0,550.1,999.0,,,,,,,,,,,18.0,696,176
2025,8041,Shane Zylstra,shane zylstra,TE,550.4,690.0,389.5,687.7,,,,,,,,,,,18.0,697,136
2025,7541,Cornell Powell,cornell powell,WR,550.8,656.5,414.0,579.0,,,,,,,,,,,18.0,698,285
2025,7865,Brandon Smith,brandon smith,WR,551.0,667.0,999.0,688.5,,,,,,,,,,,18.0,699,286
2025,13014,Pat Conroy,pat conroy,TE,551.0,686.7,999.0,999.0,,,,,,,,,,,18.0,700,137
2025,2569,Jake Waters,jake waters,QB,551.4,662.5,551.4,410.8,,,,,,,,,,,18.0,701,102
2025,4807,Mike Estes,mike estes,TE,552.0,543.1,999.0,386.9,,,,,,,,,,,18.0,702,138
2025,12324,William Thompson,william thompson,QB,553.0,697.2,999.0,687.0,,,,,,,,,,,18.0,703,103
2025,4854,River Cracraft,river cracraft,WR,553.0,671.5,999.0,999.0,,,,,,,,,,,18.0,704,287
2025,9222,Zach Evans,zach evans,RB,554.0,551.7,999.0,659.0,,,,,,,,,,,18.0,705,177
2025,12277,John Matocha,john matocha,QB,554.0,686.9,999.0,689.3,,,,,,,,,,,18.0,706,104
2025,928,Randall Cobb,randall cobb,WR,554.3,695.3,999.0,685.2,,,,,,,,,,,18.0,707,288
2025,7157,Josh Love,josh love,QB,554.4,382.1,554.4,575.9,,,,,,,,,,,18.0,708,105
2025,4479,Thomas Sperbeck,thomas sperbeck,WR,555.4,620.5,555.4,999.0,,,,,,,,,,,18.0,709,289
2025,7082,Dalton Keene,dalton keene,TE,555.5,670.0,646.0,999.0,,,,,,,,,,,18.0,710,139
2025,5110,Russell Gage,russell gage,WR,555.8,696.1,999.0,677.9,4.5,6.0,3.0,,,3.0,30.0,,,,18.0,711,290
2025,5271,Buddy Howell,buddy howell,RB,556.0,556.0,556.0,999.0,,,,,,,,,,,18.0,712,178
2025,11520,Lucky Jackson,lucky jackson,WR,556.5,649.8,999.0,698.8,8.3,10.8,5.8,,,5.0,58.0,,,,18.0,713,291
2025,2577,Devante Davis,devante davis,WR,556.8,579.9,999.0,999.0,,,,,,,,,,,18.0,714,292
2025,3433,Alex Erickson,alex erickson,WR,557.0,676.0,999.0,487.7,,,,,,,,,,,18.0,715,293
2025,11073,Thayer Thomas,thayer thomas,WR,557.0,686.5,999.0,625.1,,,,,,,,,,,18.0,716,294
2025,7899,Isaiah McKoy,isaiah mckoy,WR,558.0,418.0,558.0,999.0,,,,,,,,,,,18.0,717,295
2025,6081,Kendall Blanton,kendall blanton,TE,558.0,681.0,999.0,999.0,,,,,,,,,,,18.0,718,140
2025,6954,Cole McDonald,cole mcdonald,QB,558.8,696.0,558.8,680.6,,,,,,,,,,,18.0,719,106
2025,8140,Justyn Ross,justyn ross,WR,558.8,696.4,999.0,595.2,,,,,,,,,,,18.0,720,296
2025,12093,Geordon Porter,geordon porter,WR,558.9,673.8,999.0,999.0,,,,,,,,,,,18.0,721,297
2025,7156,J'Mar Smith,jmar smith,QB,559.0,627.3,999.0,506.0,,,,,,,,,,,18.0,722,107
2025,12395,Tanner Knue,tanner knue,WR,559.0,659.0,999.0,698.0,,,,,,,,,,,18.0,723,298
2025,4054,Mo Alie-Cox,mo aliecox,TE,559.4,691.4,999.0,671.6,3.0,4.0,2.0,,,2.0,20.0,,,,18.0,724,141
2025,11975,Jordan Terrell,jordan terrell,RB,559.5,696.5,999.0,358.0,,,,,,,,,,,18.0,725,179
2025,3440,Josh Woodrum,josh woodrum,QB,559.5,647.9,999.0,445.7,,,,,,,,,,,18.0,726,108
2025,490,Chase Daniel,chase daniel,QB,559.6,637.0,559.6,551.5,,,,,,,,,,,18.0,727,109
2025,1034,Brandon Bolden,brandon bolden,RB,560.4,667.0,999.0,633.0,,,,,,,,,,,18.0,728,180
2025,2422,Blake Bell,blake bell,TE,561.0,658.3,999.0,472.0,,,,,,,,,,,18.0,729,142
2025,7339,J.J. Koski,jj koski,WR,561.0,999.0,999.0,675.6,,,,,,,,,,,18.0,730,299
2025,11226,Tyjon Lindsey,tyjon lindsey,WR,561.2,685.0,561.2,687.4,,,,,,,,,,,18.0,731,300
2025,11815,Cornelius Johnson,cornelius johnson,WR,562.5,671.6,999.0,689.0,,,,,,,,,,,18.0,732,301
2025,7418,Broc Rutter,broc rutter,QB,562.5,697.0,562.5,659.4,,,,,,,,,,,18.0,733,110
2025,13022,Sone Ntoh,sone ntoh,RB,562.7,624.7,999.0,621.8,,,,,,,,,,,18.0,734,181
2025,13032,Marshall Lang,marshall lang,TE,563.0,627.2,999.0,999.0,,,,,,,,,,,18.0,735,143
2025,8038,Nick Guggemos,nick guggemos,TE,563.0,685.0,387.0,697.4,,,,,,,,,,,18.0,736,144
2025,4806,Brandon Radcliff,brandon radcliff,RB,563.5,592.9,593.0,579.0,,,,,,,,,,,18.0,737,182
2025,7918,A.J. Rose,aj rose,RB,563.7,434.8,563.7,690.3,,,,,,,,,,,18.0,738,183
2025,8411,Devon Allen,devon allen,WR,564.2,694.7,564.2,999.0,,,,,,,,,,,18.0,739,302
2025,8201,Jack Coan,jack coan,QB,564.5,423.7,999.0,672.0,,,,,,,,,,,18.0,740,111
2025,4741,Dan Arnold,dan arnold,TE,565.0,401.0,999.0,689.9,,,,,,,,,,,18.0,741,145
2025,11543,Lachlan Pitts,lachlan pitts,TE,565.4,681.5,565.4,654.0,,,,,,,,,,,18.0,742,146
2025,8413,Chris Oladokun,chris oladokun,QB,565.9,419.3,999.0,644.6,21.0,21.0,21.0,12.0,,,,,345.0,2.0,18.0,743,112
2025,5902,Penny Hart,penny hart,WR,566.0,665.7,999.0,999.0,,,,,,,,,,,18.0,744,303
2025,11298,Ryan Jones,ryan jones,TE,566.2,483.8,999.0,677.8,,,,,,,,,,,18.0,745,147
2025,5285,Ross Dwelley,ross dwelley,TE,566.5,677.0,999.0,697.0,,,,,,,,,,,18.0,746,148
2025,6290,Scotty Miller,scotty miller,WR,566.5,667.5,566.5,684.0,5.1,6.6,3.6,,,3.0,36.0,,,,18.0,747,304
2025,6185,Easton Stick,easton stick,QB,567.0,654.8,999.0,689.5,,,,,,,,,,,18.0,748,113
2025,3500,Devon Cajuste,devon cajuste,WR,567.0,598.0,567.0,999.0,,,,,,,,,,,18.0,749,305
2025,5754,Jaeden Graham,jaeden graham,TE,568.5,660.8,999.0,602.1,,,,,,,,,,,18.0,750,149
2025,9489,Justin Shorter,justin shorter,WR,569.4,999.0,999.0,674.5,,,,,,,,,,,18.0,751,306
2025,12361,Aeneas Dennis,aeneas dennis,QB,569.5,691.0,569.5,699.5,,,,,,,,,,,18.0,752,114
2025,1211,Rhett Ellison,rhett ellison,TE,569.5,577.4,999.0,999.0,,,,,,,,,,,18.0,753,150
2025,12984,CJ Dippre,cj dippre,TE,570.0,680.0,999.0,573.2,,,,,,,,,,,18.0,754,151
2025,3343,Nate Sudfeld,nate sudfeld,QB,570.5,613.2,467.8,693.0,,,,,,,,,,,18.0,755,115
2025,6973,J.J. Taylor,jj taylor,RB,570.6,365.7,570.6,377.1,,,,,,,,,,,18.0,756,184
2025,2595,Tim Semisch,tim semisch,TE,571.0,281.0,571.0,999.0,,,,,,,,,,,18.0,757,152
2025,6372,Xavier Turner,xavier turner,RB,571.0,497.0,999.0,999.0,,,,,,,,,,,18.0,758,185
2025,2561,Anthony Boone,anthony boone,QB,571.6,697.1,571.6,682.1,,,,,,,,,,,18.0,759,116
2025,1612,Tyler Bray,tyler bray,QB,571.8,638.3,999.0,700.8,,,,,,,,,,,18.0,760,117
2025,4489,Gehrig Dieter,gehrig dieter,WR,572.0,625.8,572.0,999.0,,,,,,,,,,,18.0,761,307
2025,13246,Jaden Smith,jaden smith,WR,572.3,700.4,572.3,999.0,,,,,,,,,,,18.0,762,308
2025,3410,Jake Coker,jake coker,QB,573.0,679.5,999.0,559.8,,,,,,,,,,,18.0,763,118
2025,11588,Jawhar Jordan,jawhar jordan,RB,573.2,555.8,999.0,620.0,,,,,,,,,,,18.0,764,186
2025,12826,Ulysses Bentley,ulysses bentley,RB,573.5,638.4,999.0,601.6,,,,,,,,,,,18.0,765,187
2025,12892,Da'Quan Felton,daquan felton,WR,574.0,649.8,999.0,317.0,,,,,,,,,,,18.0,766,309
2025,11528,Garett Maag,garett maag,WR,574.5,566.6,999.0,692.3,,,,,,,,,,,18.0,767,310
2025,8170,James Mitchell,james mitchell,TE,574.5,668.5,574.5,545.4,5.3,7.3,3.3,,,4.0,33.0,,,,18.0,768,153
2025,13217,Hunter Dekkers,hunter dekkers,QB,575.2,663.7,999.0,685.7,,,,,,,,,,,18.0,769,119
2025,12433,Ben Bryant,ben bryant,QB,575.3,495.9,999.0,620.2,,,,,,,,,,,18.0,770,120
2025,13042,Xavier Guillory,xavier guillory,WR,575.5,674.9,999.0,999.0,,,,,,,,,,,18.0,771,311
2025,4198,Jamal Agnew,jamal agnew,WR,575.5,678.3,575.5,700.3,,,,,,,,,,,18.0,772,312
2025,8579,Brandon Peters,brandon peters,QB,575.5,375.2,999.0,661.8,,,,,,,,,,,18.0,773,121
2025,3362,Jeff Driskel,jeff driskel,QB,576.0,663.5,576.0,511.8,,,,,,,,,,,18.0,774,122
2025,11148,Tyler Hudson,tyler hudson,WR,576.0,678.5,999.0,708.0,,,,,,,,,,,18.0,775,313
2025,3462,Jared Dangerfield,jared dangerfield,WR,577.0,687.7,999.0,999.0,,,,,,,,,,,18.0,776,314
2025,8114,Erik Ezukanma,erik ezukanma,WR,577.0,641.0,999.0,696.5,,,,,,,,,,,18.0,777,315
2025,2291,Dontrelle Inman,dontrelle inman,WR,577.0,676.1,999.0,463.8,,,,,,,,,,,18.0,778,316
2025,6918,Salvon Ahmed,salvon ahmed,RB,578.0,609.5,578.0,629.0,,,,,,,,,,,18.0,779,188
2025,5261,Jester Weah,jester weah,WR,578.0,278.0,999.0,999.0,,,,,,,,,,,18.0,780,317
2025,11522,Jerome Kapp,jerome kapp,WR,578.0,540.0,540.0,550.6,,,,,,,,,,,18.0,781,318
2025,11478,Gavin Holmes,gavin holmes,WR,578.0,676.2,578.0,619.3,,,,,,,,,,,18.0,782,319
2025,4728,Bart Houston,bart houston,QB,578.3,617.2,648.0,682.8,,,,,,,,,,,18.0,783,123
2025,4157,Tarik Cohen,tarik cohen,RB,578.7,613.6,999.0,694.1,,,,,,,,,,,18.0,784,189
2025,7572,Kylin Hill,kylin hill,RB,579.3,581.4,579.3,669.5,,,,,,,,,,,18.0,785,190
2025,1049,Ryan Tannehill,ryan tannehill,QB,579.7,658.0,999.0,693.0,,,,,,,,,,,18.0,786,124
2025,7540,Amari Rodgers,amari rodgers,WR,579.8,601.3,397.0,640.0,,,,,,,,,,,18.0,787,320
2025,5570,Chad Beebe,chad beebe,WR,580.3,638.1,999.0,681.5,,,,,,,,,,,18.0,788,321
2025,12009,Jack Plummer,jack plummer,QB,580.4,638.1,580.4,681.4,,,,,,,,,,,18.0,789,125
2025,12063,Rocky Lombardi,rocky lombardi,QB,580.5,698.2,999.0,692.5,,,,,,,,,,,18.0,790,126
2025,1071,Mohamed Sanu,mohamed sanu,WR,580.5,671.6,999.0,318.0,,,,,,,,,,,18.0,791,322
2025,7083,Tyler Huntley,tyler huntley,QB,580.5,411.8,999.0,652.4,35.54,35.54,35.54,95.0,1.0,,,,401.0,2.0,18.0,792,127
2025,12760,Rashod Owens,rashod owens,WR,581.0,641.2,581.0,695.4,,,,,,,,,,,18.0,793,323
2025,12129,Jalon Calhoun,jalon calhoun,WR,581.3,673.5,999.0,999.0,,,,,,,,,,,18.0,794,324
2025,1903,Taylor Gabriel,taylor gabriel,WR,581.9,639.5,465.0,654.1,,,,,,,,,,,18.0,795,325
2025,6343,Manny Wilkins,manny wilkins,QB,582.0,427.9,582.0,999.0,,,,,,,,,,,18.0,796,128
2025,11197,Joel Honigford,joel honigford,TE,582.5,685.5,999.0,695.6,,,,,,,,,,,18.0,797,154
2025,1992,Allen Robinson,allen robinson,WR,582.8,581.6,999.0,660.5,,,,,,,,,,,18.0,798,326
2025,7599,Jermar Jefferson,jermar jefferson,RB,582.9,469.6,582.9,679.3,,,,,,,,,,,18.0,799,191
2025,8928,Daylen Baldwin,daylen baldwin,WR,583.0,619.6,999.0,581.0,,,,,,,,,,,18.0,800,327
2025,11099,Kearis Jackson,kearis jackson,WR,583.1,611.0,583.1,677.0,,,,,,,,,,,18.0,801,328
2025,5809,Ja'Quan Gardner,jaquan gardner,RB,583.2,697.4,358.0,999.0,,,,,,,,,,,18.0,802,192
2025,5403,Peter Pujals,peter pujals,QB,583.5,636.7,999.0,677.0,,,,,,,,,,,18.0,803,129
2025,6231,John Lovett,john lovett,QB,583.5,681.5,583.5,663.9,,,,,,,,,,,18.0,804,130
2025,6919,Thaddeus Moss,thaddeus moss,TE,584.0,570.0,584.0,659.5,,,,,,,,,,,18.0,805,155
2025,7812,Simi Fehoko,simi fehoko,WR,584.3,683.7,999.0,526.1,,,,,,,,,,,18.0,806,329
2025,7404,Noah Togiai,noah togiai,TE,584.7,541.4,584.7,999.0,,,,,,,,,,,18.0,807,156
2025,12735,Caleb Lohner,caleb lohner,TE,585.0,661.3,999.0,695.6,,,,,,,,,,,18.0,808,157
2025,13151,Nick Kallerup,nick kallerup,TE,585.3,679.8,999.0,611.2,,,,,,,,,,,18.0,809,158
2025,12746,JP Richardson,jp richardson,WR,585.3,699.5,999.0,411.9,,,,,,,,,,,18.0,810,330
2025,12817,Jake Briningstool,jake briningstool,TE,585.5,661.1,999.0,668.5,,,,,,,,,,,18.0,811,159
2025,11558,Sam Hartman,sam hartman,QB,585.6,671.3,585.6,676.3,,,,,,,,,,,18.0,812,131
2025,5100,Jordan Wilkins,jordan wilkins,RB,586.0,578.2,586.0,557.7,,,,,,,,,,,18.0,813,193
2025,1346,Marquise Goodwin,marquise goodwin,WR,586.3,563.1,999.0,692.2,,,,,,,,,,,18.0,814,331
2025,7235,Aleva Hifo,aleva hifo,WR,586.5,464.8,379.0,473.5,,,,,,,,,,,18.0,815,332
2025,10210,Cameron Latu,cameron latu,TE,586.8,695.1,999.0,599.4,,,,,,,,,,,18.0,816,160
2025,7336,James Gilbert,james gilbert,RB,587.0,667.5,587.0,580.0,,,,,,,,,,,18.0,817,194
2025,6364,Papi White,papi white,WR,587.3,453.4,587.3,999.0,,,,,,,,,,,18.0,818,333
2025,3540,Jamaal Jones,jamaal jones,WR,587.5,524.0,537.0,999.0,,,,,,,,,,,18.0,819,334
2025,12190,Jason Bean,jason bean,QB,587.5,691.7,999.0,607.5,,,,,,,,,,,18.0,820,132
2025,4665,Eli Jenkins,eli jenkins,QB,587.5,639.4,999.0,640.0,,,,,,,,,,,18.0,821,133
2025,7619,Mathew Sexton,mathew sexton,WR,587.6,686.9,999.0,681.0,,,,,,,,,,,18.0,822,335
2025,6146,Kaden Smith,kaden smith,TE,587.6,284.6,999.0,999.0,,,,,,,,,,,18.0,823,161
2025,12135,Neal Johnson,neal johnson,TE,588.0,694.4,999.0,999.0,,,,,,,,,,,18.0,824,162
2025,8122,Zonovan Knight,zonovan knight,RB,588.4,310.1,588.4,548.6,2.1,2.1,2.1,21.0,,,,,,,18.0,825,195
2025,7334,Earnest Edwards,earnest edwards,WR,588.5,274.0,999.0,678.9,,,,,,,,,,,18.0,826,336
2025,12114,Joshua Cephus,joshua cephus,WR,589.0,686.6,589.0,626.9,,,,,,,,,,,18.0,827,337
2025,1718,Derek Carrier,derek carrier,TE,589.3,674.5,999.0,999.0,,,,,,,,,,,18.0,828,163
2025,6468,Matthew Eaton,matthew eaton,WR,589.5,552.7,999.0,677.6,,,,,,,,,,,18.0,829,338
2025,7885,Bailey Gaither,bailey gaither,WR,590.0,282.2,999.0,999.0,,,,,,,,,,,18.0,830,339
2025,4050,Cyril Grayson,cyril grayson,WR,590.0,393.6,590.0,999.0,,,,,,,,,,,18.0,831,340
2025,1048,Lamar Miller,lamar miller,RB,590.0,614.5,590.0,645.7,,,,,,,,,,,18.0,832,196
2025,6187,Aca'Cedric Ware,acacedric ware,RB,590.0,695.5,999.0,999.0,,,,,,,,,,,18.0,833,197
2025,13047,Jacardia Wright,jacardia wright,RB,590.3,663.3,999.0,659.5,,,,,,,,,,,18.0,834,198
2025,4384,Aaron Peck,aaron peck,TE,590.8,671.8,999.0,381.9,,,,,,,,,,,18.0,835,164
2025,11201,Blake Whiteheart,blake whiteheart,TE,591.0,678.3,999.0,698.8,3.0,4.0,2.0,,,2.0,20.0,,,,18.0,836,165
2025,12350,Anthony Grant,anthony grant,RB,591.5,562.9,591.5,999.0,,,,,,,,,,,18.0,837,199
2025,12757,Hal Presley,hal presley,WR,591.8,564.8,999.0,591.2,,,,,,,,,,,18.0,838,341
2025,8431,Chase Garbers,chase garbers,QB,592.0,662.0,999.0,340.2,,,,,,,,,,,18.0,839,134
2025,6031,Alex Barnes,alex barnes,RB,592.0,264.0,999.0,999.0,,,,,,,,,,,18.0,840,200
2025,1550,Ryan Griffin,ryan griffin,QB,592.0,537.7,592.0,683.5,,,,,,,,,,,18.0,841,135
2025,4934,Jalen Williams,jalen williams,WR,592.8,323.5,418.5,999.0,,,,,,,,,,,18.0,842,342
2025,7210,Kendall Hinton,kendall hinton,WR,593.0,689.0,593.0,999.0,,,,,,,,,,,18.0,843,343
2025,7613,Jonathan Adams,jonathan adams,WR,593.0,683.3,469.0,999.0,,,,,,,,,,,18.0,844,344
2025,12965,Ethan Garbers,ethan garbers,QB,593.0,574.4,999.0,685.0,,,,,,,,,,,18.0,845,136
2025,5878,N'Keal Harry,nkeal harry,TE,593.3,608.0,999.0,556.1,,,,,,,,,,,18.0,846,166
2025,6628,Ventell Bryant,ventell bryant,WR,593.5,659.6,999.0,579.2,,,,,,,,,,,18.0,847,345
2025,3318,Kevin Hogan,kevin hogan,QB,593.5,649.2,999.0,567.8,,,,,,,,,,,18.0,848,137
2025,5785,James Butler,james butler,RB,594.0,660.2,594.0,676.9,,,,,,,,,,,18.0,849,201
2025,6246,Jeremy Cox,jeremy cox,RB,594.0,649.9,999.0,724.0,,,,,,,,,,,18.0,850,202
2025,6089,Daniel Helm,daniel helm,TE,594.0,262.3,435.0,539.4,,,,,,,,,,,18.0,851,167
2025,6982,Cheyenne O'Grady,cheyenne ogrady,TE,594.7,657.0,999.0,999.0,,,,,,,,,,,18.0,852,168
2025,8799,Zaire Mitchell-Paden,zaire mitchellpaden,TE,594.7,676.1,594.7,650.3,3.0,4.0,2.0,,,2.0,20.0,,,,18.0,853,169
2025,10224,Brayden Willis,brayden willis,TE,594.9,697.5,999.0,689.8,,,,,,,,,,,18.0,854,170
2025,8755,Kaden Davis,kaden davis,WR,595.0,685.3,999.0,677.1,,,,,,,,,,,18.0,855,346
2025,11060,Robert Burns,robert burns,RB,595.5,699.5,999.0,613.0,,,,,,,,,,,18.0,856,203
2025,6448,Darrin Hall,darrin hall,RB,595.7,699.8,999.0,692.5,,,,,,,,,,,18.0,857,204
2025,4401,Damore'ea Stringfellow,damoreea stringfellow,WR,595.9,683.2,595.9,699.5,,,,,,,,,,,18.0,858,347
2025,12198,Wayne Ruby,wayne ruby,WR,596.0,568.0,596.0,999.0,,,,,,,,,,,18.0,859,348
2025,12898,Seth Henigan,seth henigan,QB,596.1,691.8,596.1,680.5,,,,,,,,,,,18.0,860,138
2025,13041,Jahmal Banks,jahmal banks,WR,596.7,694.8,999.0,999.0,,,,,,,,,,,18.0,861,349
2025,11282,Johnny King,johnny king,WR,596.7,659.0,999.0,625.2,,,,,,,,,,,18.0,862,350
2025,11159,Zion Bowens,zion bowens,WR,596.8,669.5,999.0,548.0,,,,,,,,,,,18.0,863,351
2025,13026,Moochie Dixon,moochie dixon,WR,597.0,661.4,999.0,674.5,,,,,,,,,,,18.0,864,352
2025,12187,Malcolm Epps,malcolm epps,TE,597.0,691.6,999.0,999.0,,,,,,,,,,,18.0,865,171
2025,1678,Uzoma Nwachukwu,uzoma nwachukwu,WR,597.3,677.5,597.3,664.2,,,,,,,,,,,18.0,866,353
2025,181,Drew Stanton,drew stanton,QB,597.5,580.2,999.0,757.0,,,,,,,,,,,18.0,867,139
2025,11080,Malik Knowles,malik knowles,WR,597.5,648.5,999.0,660.9,,,,,,,,,,,18.0,868,354
2025,5167,Dalton Sturm,dalton sturm,QB,597.9,650.3,999.0,999.0,,,,,,,,,,,18.0,869,140
2025,12218,Jalen Jackson,jalen jackson,RB,598.5,546.3,999.0,719.0,,,,,,,,,,,18.0,870,205
2025,5113,Cedrick Wilson,cedrick wilson,WR,598.5,625.5,999.0,619.2,3.8,4.8,2.8,6.0,,2.0,22.0,,,,18.0,871,355
2025,8224,Cole Kelley,cole kelley,QB,598.5,640.6,598.5,999.0,,,,,,,,,,,18.0,872,141
2025,10221,Ronnie Bell,ronnie bell,WR,598.9,668.6,999.0,671.4,,,,,,,,,,,18.0,873,356
2025,7573,Damon Hazelton,damon hazelton,WR,599.0,695.3,999.0,999.0,,,,,,,,,,,18.0,874,357
2025,8699,Cyrus Holder,cyrus holder,WR,599.0,521.2,599.0,999.0,,,,,,,,,,,18.0,875,358
2025,5254,Jimmy Williams,jimmy williams,WR,599.2,663.5,599.2,999.0,,,,,,,,,,,18.0,876,359
2025,8251,Calvin Jackson,calvin jackson,WR,599.5,398.9,999.0,353.0,,,,,,,,,,,18.0,877,360
2025,1559,Mike Glennon,mike glennon,QB,599.7,674.1,999.0,635.0,,,,,,,,,,,18.0,878,142
2025,13119,Collin Schlee,collin schlee,QB,599.9,663.2,599.9,689.7,,,,,,,,,,,18.0,879,143
2025,2152,Teddy Bridgewater,teddy bridgewater,QB,600.0,682.1,999.0,692.8,11.96,11.96,11.96,8.0,,,,,204.0,1.0,18.0,880,144
2025,260,Josh Johnson,josh johnson,QB,600.0,478.6,999.0,698.0,,,,,,,,,,,18.0,881,145
2025,5762,Josh Smith,josh smith,WR,601.0,535.3,999.0,999.0,,,,,,,,,,,18.0,882,361
2025,11900,Jacob Kibodi,jacob kibodi,RB,601.5,624.3,601.5,650.5,,,,,,,,,,,18.0,883,206
2025,4994,Kalen Ballage,kalen ballage,RB,601.5,665.3,999.0,697.4,,,,,,,,,,,18.0,884,207
2025,9483,Zack Kuntz,zack kuntz,TE,601.7,687.3,999.0,694.9,,,,,,,,,,,18.0,885,172
2025,12224,David White,david white,WR,602.0,653.2,602.0,683.7,,,,,,,,,,,18.0,886,362
2025,5211,Jake Wieneke,jake wieneke,WR,602.0,422.5,999.0,999.0,,,,,,,,,,,18.0,887,363
2025,13189,Luke Floriea,luke floriea,WR,602.0,632.0,999.0,698.7,,,,,,,,,,,18.0,888,364
2025,10216,Kenny McIntosh,kenny mcintosh,RB,602.0,692.9,602.0,685.4,,,,,,,,,,,18.0,889,208
2025,4283,Khalfani Muhammad,khalfani muhammad,RB,602.0,664.3,518.0,999.0,,,,,,,,,,,18.0,890,209
2025,7536,Quintin Morris,quintin morris,TE,603.0,319.1,999.0,591.1,2.9,3.9,1.9,,,2.0,19.0,,,,18.0,891,173
2025,4831,Justice Liggins,justice liggins,WR,603.3,618.3,673.0,999.0,,,,,,,,,,,18.0,892,365
2025,2620,Jake Heaps,jake heaps,QB,603.3,660.2,603.3,628.0,,,,,,,,,,,18.0,893,146
2025,2906,Bell Braylon,bell braylon,WR,603.5,524.2,999.0,999.0,,,,,,,,,,,18.0,894,366
2025,12268,Colby Suits,colby suits,QB,604.0,626.9,999.0,690.3,,,,,,,,,,,18.0,895,147
2025,2925,Darius Davis,darius davis,WR,604.0,696.0,999.0,999.0,,,,,,,,,,,18.0,896,367
2025,7584,Brennan Eagles,brennan eagles,WR,604.2,675.1,999.0,692.2,,,,,,,,,,,18.0,897,368
2025,4323,Darrell Daniels,darrell daniels,TE,604.5,585.8,999.0,491.6,,,,,,,,,,,18.0,898,174
2025,8212,Dustin Crum,dustin crum,QB,604.9,678.7,604.9,689.1,,,,,,,,,,,18.0,899,148
2025,4551,Tanner Gentry,tanner gentry,WR,605.0,380.2,552.0,999.0,,,,,,,,,,,18.0,900,369
2025,12700,Gavin Bartholomew,gavin bartholomew,TE,605.0,687.5,999.0,698.0,,,,,,,,,,,18.0,901,175
2025,1388,Tyler Eifert,tyler eifert,TE,605.5,697.0,999.0,575.8,,,,,,,,,,,18.0,902,176
2025,11467,John Samuel Shenker,john samuel shenker,TE,605.8,677.2,999.0,689.7,,,,,,,,,,,18.0,903,177
2025,8157,Bailey Zappe,bailey zappe,QB,605.9,587.5,605.9,615.2,,,,,,,,,,,18.0,904,149
2025,12810,Elijhah Badger,elijhah badger,WR,606.0,658.3,999.0,683.9,,,,,,,,,,,18.0,905,370
2025,3348,Kolby Listenbee,kolby listenbee,WR,606.0,662.4,606.0,999.0,,,,,,,,,,,18.0,906,371
2025,5889,Bryce Love,bryce love,RB,606.3,699.8,999.0,999.0,,,,,,,,,,,18.0,907,210
2025,7522,Hunter Thedford,hunter thedford,TE,606.3,665.3,999.0,689.0,,,,,,,,,,,18.0,908,178
2025,4678,Tyrone Swoopes,tyrone swoopes,TE,607.0,670.6,999.0,378.5,,,,,,,,,,,18.0,909,179
2025,6700,Marcelias Sutton,marcelias sutton,RB,607.3,346.4,999.0,545.9,,,,,,,,,,,18.0,910,211
2025,12352,Jeremy Moussa,jeremy moussa,QB,607.5,642.8,607.5,459.7,,,,,,,,,,,18.0,911,150
2025,7565,Terrace Marshall,terrace marshall,WR,608.0,695.2,999.0,682.0,,,,,,,,,,,18.0,912,372
2025,11089,Jordan Byrd,jordan byrd,WR,608.0,601.0,999.0,548.2,,,,,,,,,,,18.0,913,373
2025,12296,Kaylon Horton,kaylon horton,WR,608.0,326.0,999.0,999.0,,,,,,,,,,,18.0,914,374
2025,12410,John Jackson,john jackson,WR,608.5,671.3,999.0,999.0,,,,,,,,,,,18.0,915,375
2025,2939,Javess Blue,javess blue,WR,608.6,665.6,999.0,692.7,,,,,,,,,,,18.0,916,376
2025,2910,Tyler Rutenbeck,tyler rutenbeck,WR,608.8,686.2,999.0,999.0,,,,,,,,,,,18.0,917,377
2025,2161,Jerick McKinnon,jerick mckinnon,RB,608.9,698.0,999.0,692.5,,,,,,,,,,,18.0,918,212
2025,12278,Jacob Sirmon,jacob sirmon,QB,609.0,608.0,609.0,504.0,,,,,,,,,,,18.0,919,151
2025,7793,Racey McMath,racey mcmath,WR,609.0,516.5,999.0,684.0,,,,,,,,,,,18.0,920,378
2025,7794,Chris Evans,chris evans,RB,609.5,680.5,999.0,650.7,,,,,,,,,,,18.0,921,213
2025,11867,Jaelen Gill,jaelen gill,WR,609.5,489.0,609.5,555.8,,,,,,,,,,,18.0,922,379
2025,8252,Travell Harris,travell harris,WR,609.8,638.7,999.0,403.1,,,,,,,,,,,18.0,923,380
2025,6371,Drew Anderson,drew anderson,QB,610.0,512.0,610.0,693.7,,,,,,,,,,,18.0,924,152
2025,10227,Payne Durham,payne durham,TE,610.0,671.5,999.0,694.2,17.8,21.8,13.8,,,8.0,78.0,1.0,,,18.0,925,180
2025,11413,Ronnie Brown,ronnie brown,RB,610.6,688.0,999.0,653.1,,,,,,,,,,,18.0,926,214
2025,5714,Tim Wilson,tim wilson,WR,610.8,662.9,610.8,574.0,,,,,,,,,,,18.0,927,381
2025,4696,Trey Edmunds,trey edmunds,RB,611.0,696.0,696.0,999.0,,,,,,,,,,,18.0,928,215
2025,7308,Nick Bowers,nick bowers,TE,611.1,502.3,611.1,685.3,,,,,,,,,,,18.0,929,181
2025,11808,Jha'Quan Jackson,jhaquan jackson,WR,611.5,695.0,999.0,697.9,0.5,1.0,,5.0,,1.0,15.0,,,,18.0,930,382
2025,11593,Brevyn Spann-Ford,brevyn spannford,TE,611.5,655.8,999.0,691.5,23.5,29.5,17.5,,,12.0,115.0,1.0,,,18.0,931,182
2025,12154,Messiah Swinson,messiah swinson,TE,611.8,694.0,999.0,635.3,,,,,,,,,,,18.0,932,183
2025,4613,Shaq Hill,shaq hill,WR,612.0,692.5,999.0,412.3,,,,,,,,,,,18.0,933,383
2025,7274,Tyler Simmons,tyler simmons,WR,612.0,999.0,612.0,999.0,,,,,,,,,,,18.0,934,384
2025,8168,Skyy Moore,skyy moore,WR,612.2,696.2,999.0,699.0,3.1,4.1,2.1,,,2.0,21.0,,,,18.0,935,385
2025,11445,Taylor Grimes,taylor grimes,WR,612.3,523.5,507.0,692.8,,,,,,,,,,,18.0,936,386
2025,11821,Tahj Washington,tahj washington,WR,612.4,671.3,999.0,689.8,4.1,5.6,2.6,,,3.0,26.0,,,,18.0,937,387
2025,2342,Devin Smith,devin smith,WR,612.5,613.8,999.0,698.0,,,,,,,,,,,18.0,938,388
2025,12803,Luke Grimm,luke grimm,WR,613.0,668.4,999.0,694.1,,,,,,,,,,,18.0,939,389
2025,7580,Khalil McClain,khalil mcclain,WR,613.0,999.0,513.0,999.0,,,,,,,,,,,18.0,940,390
2025,12288,Mathieu Severance,mathieu severance,RB,613.5,691.6,557.0,629.3,,,,,,,,,,,18.0,941,216
2025,7337,Easop Winston,easop winston,WR,613.7,515.4,999.0,643.9,,,,,,,,,,,18.0,942,391
2025,4406,Wes Lunt,wes lunt,QB,613.8,396.7,613.8,689.0,,,,,,,,,,,18.0,943,153
2025,1825,Jarvis Landry,jarvis landry,WR,614.0,696.0,999.0,542.2,,,,,,,,,,,18.0,944,392
2025,5854,Drew Lock,drew lock,QB,614.5,683.5,614.5,694.5,11.8,11.8,11.8,8.0,,,,,200.0,1.0,18.0,945,154
2025,11590,Jase McClellan,jase mcclellan,RB,615.3,656.0,999.0,700.5,,,,,,,,,,,18.0,946,217
2025,2325,Nelson Agholor,nelson agholor,WR,615.3,646.9,615.3,699.5,3.2,4.2,2.2,,,2.0,22.0,,,,18.0,947,393
2025,5246,Jake Roh,jake roh,TE,615.5,695.8,999.0,999.0,,,,,,,,,,,18.0,948,184
2025,7996,Dillon Stoner,dillon stoner,WR,615.5,657.4,999.0,653.5,,,,,,,,,,,18.0,949,394
2025,8572,Andrew Parchment,andrew parchment,WR,615.5,668.0,999.0,686.0,,,,,,,,,,,18.0,950,395
2025,11491,Austin Aune,austin aune,QB,615.5,686.0,999.0,474.5,,,,,,,,,,,18.0,951,155
2025,4490,Wyatt Houston,wyatt houston,TE,615.5,543.1,999.0,692.0,,,,,,,,,,,18.0,952,185
2025,5873,Riley Ridley,riley ridley,WR,615.7,567.4,615.7,662.4,,,,,,,,,,,18.0,953,396
2025,4443,Pharaoh Brown,pharaoh brown,TE,615.8,696.0,999.0,688.7,7.5,10.0,5.0,,,5.0,50.0,,,,18.0,954,186
2025,5195,Akrum Wadley,akrum wadley,RB,616.0,645.3,616.0,684.6,,,,,,,,,,,18.0,955,218
2025,5121,Braxton Berrios,braxton berrios,WR,616.1,689.5,999.0,695.5,3.4,4.4,2.4,5.0,,2.0,19.0,,,,18.0,956,397
2025,574,Dez Bryant,dez bryant,WR,616.5,647.2,347.0,643.6,,,,,,,,,,,18.0,957,398
2025,642,Golden Tate,golden tate,WR,617.5,693.0,339.0,653.6,,,,,,,,,,,18.0,958,399
2025,11232,Isaiah Winstead,isaiah winstead,WR,617.5,673.8,617.5,555.0,,,,,,,,,,,18.0,959,400
2025,2822,Adam Humphries,adam humphries,WR,617.7,545.7,999.0,677.8,,,,,,,,,,,18.0,960,401
2025,8800,Malik Davis,malik davis,RB,617.7,681.0,999.0,533.9,4.8,5.8,3.8,27.0,,2.0,11.0,,,,18.0,961,219
2025,5915,Andy Isabella,andy isabella,WR,617.8,617.0,335.5,999.0,,,,,,,,,,,18.0,962,402
2025,6742,Marquis Young,marquis young,RB,617.8,494.0,999.0,678.0,,,,,,,,,,,18.0,963,220
2025,11133,Jaray Jenkins,jaray jenkins,WR,618.0,614.8,999.0,632.3,,,,,,,,,,,18.0,964,403
2025,12756,Stephen Gosnell,stephen gosnell,WR,618.2,673.3,618.2,669.8,,,,,,,,,,,18.0,965,404
2025,4938,Speedy Noil,speedy noil,WR,618.5,527.0,332.0,684.6,,,,,,,,,,,18.0,966,405
2025,7549,CJ Marable,cj marable,RB,619.0,665.9,999.0,663.6,,,,,,,,,,,18.0,967,221
2025,11056,Jared Wayne,jared wayne,WR,619.2,678.0,999.0,661.0,,,,,,,,,,,18.0,968,406
2025,6699,Gunner Olszewski,gunner olszewski,WR,619.5,564.4,999.0,678.1,6.2,8.2,4.2,,,4.0,42.0,,,,18.0,969,407
2025,6951,Eno Benjamin,eno benjamin,RB,619.5,694.0,378.0,367.3,,,,,,,,,,,18.0,970,222
2025,5089,Mike White,mike white,QB,620.0,656.7,999.0,688.2,,,,,,,,,,,18.0,971,156
2025,11556,Devin Leary,devin leary,QB,620.0,517.1,620.0,691.7,,,,,,,,,,,18.0,972,157
2025,3634,Kalif Raymond,kalif raymond,WR,620.0,691.8,999.0,684.9,27.8,34.3,21.3,12.0,,13.0,161.0,1.0,,,18.0,973,408
2025,4335,P.J. Walker,pj walker,QB,620.3,672.0,999.0,693.9,,,,,,,,,,,18.0,974,158
2025,232,Frank Gore,frank gore,RB,620.7,682.5,999.0,667.8,,,,,,,,,,,18.0,975,223
2025,11102,Charles McClelland,charles mcclelland,RB,620.8,700.6,620.8,691.3,,,,,,,,,,,18.0,976,224
2025,9491,Ty Scott,ty scott,WR,620.8,586.0,999.0,999.0,,,,,,,,,,,18.0,977,409
2025,616,Jimmy Graham,jimmy graham,TE,620.8,636.8,999.0,695.8,,,,,,,,,,,18.0,978,187
2025,7539,Gerrid Doaks,gerrid doaks,RB,621.0,669.2,999.0,999.0,,,,,,,,,,,18.0,979,225
2025,4803,Nate Iese,nate iese,TE,621.1,446.8,621.1,999.0,,,,,,,,,,,18.0,980,188
2025,8721,De'Montre Tuggle,demontre tuggle,RB,621.2,671.3,999.0,694.5,,,,,,,,,,,18.0,981,226
2025,1916,Martavis Bryant,martavis bryant,WR,621.4,670.3,999.0,698.7,,,,,,,,,,,18.0,982,410
2025,7595,Tylan Wallace,tylan wallace,WR,621.7,695.2,999.0,683.5,17.9,20.9,14.9,5.0,,6.0,84.0,1.0,,,18.0,983,411
2025,2651,Phillip Sims,phillip sims,QB,622.2,697.3,622.2,692.0,,,,,,,,,,,18.0,984,159
2025,5260,Vyncint Smith,vyncint smith,WR,622.3,573.1,622.3,999.0,,,,,,,,,,,18.0,985,412
2025,7319,Jeff Cotton,jeff cotton,WR,622.3,673.5,999.0,417.7,,,,,,,,,,,18.0,986,413
2025,1451,C.J. Anderson,cj anderson,RB,622.5,636.5,394.5,624.1,,,,,,,,,,,18.0,987,227
2025,11065,Adrian Martinez,adrian martinez,QB,622.5,666.0,999.0,593.1,,,,,,,,,,,18.0,988,160
2025,11603,AJ Barner,aj barner,TE,622.6,586.4,331.0,285.7,59.6,76.1,43.1,,,33.0,311.0,2.0,,,18.0,989,189
2025,8197,Peyton Hendershot,peyton hendershot,TE,622.8,694.9,999.0,999.0,,,,,,,,,,,18.0,990,190
2025,233,Matt Moore,matt moore,QB,623.0,521.8,999.0,665.8,,,,,,,,,,,18.0,991,161
2025,12967,Jacolby George,jacolby george,WR,623.0,555.7,999.0,689.2,,,,,,,,,,,18.0,992,414
2025,12897,Nathan Carter,nathan carter,RB,623.1,679.0,999.0,695.6,7.6,8.1,7.1,66.0,,1.0,5.0,,,,18.0,993,228
2025,830,A.J. Green,aj green,WR,623.4,687.0,999.0,681.6,,,,,,,,,,,18.0,994,415
2025,11247,Mac Hippenhammer,mac hippenhammer,WR,623.5,651.1,623.5,694.0,,,,,,,,,,,18.0,995,416
2025,8152,Kennedy Brooks,kennedy brooks,RB,623.5,294.5,623.5,618.0,,,,,,,,,,,18.0,996,229
2025,12470,Riley Leonard,riley leonard,QB,623.6,682.5,999.0,698.6,28.12,28.12,28.12,38.0,1.0,,,,358.0,2.0,18.0,997,162
2025,13079,Jahdae Walker,jahdae walker,WR,623.6,554.7,999.0,663.4,1.3,1.8,0.8,,,1.0,8.0,,,,18.0,998,417
2025,12788,Will Sheppard,will sheppard,WR,623.7,685.8,999.0,675.4,,,,,,,,,,,18.0,999,418
2025,6932,Charlie Taumoepeau,charlie taumoepeau,TE,624.0,690.0,508.5,455.3,,,,,,,,,,,18.0,1000,191
2025,12333,Dakereon Joyner,dakereon joyner,WR,624.0,652.2,548.0,999.0,,,,,,,,,,,18.0,1001,419
2025,8218,Max Borghi,max borghi,RB,624.0,616.0,526.0,999.0,,,,,,,,,,,18.0,1002,230
2025,12399,Caleb Chapman,caleb chapman,WR,625.0,623.8,625.0,999.0,,,,,,,,,,,18.0,1003,420
2025,11998,Emani Bailey,emani bailey,RB,625.0,472.0,999.0,689.2,,,,,,,,,,,18.0,1004,231
2025,7190,Bronson Rechsteiner,bronson rechsteiner,RB,625.0,675.8,999.0,676.4,,,,,,,,,,,18.0,1005,232
2025,7771,Jake Funk,jake funk,RB,625.1,698.5,999.0,671.6,,,,,,,,,,,18.0,1006,233
2025,10860,Malik Cunningham,malik cunningham,WR,625.3,691.8,999.0,586.2,,,,,,,,,,,18.0,1007,421
2025,4630,I'Tavius Mathers,itavius mathers,RB,625.8,496.0,999.0,666.8,,,,,,,,,,,18.0,1008,234
2025,6592,Dontae Strickland,dontae strickland,RB,626.0,262.0,999.0,999.0,,,,,,,,,,,18.0,1009,235
2025,13175,Kinkead Dent,kinkead dent,QB,626.0,399.9,999.0,643.7,,,,,,,,,,,18.0,1010,163
2025,5547,Ryan Smith,ryan smith,TE,626.0,685.3,999.0,999.0,,,,,,,,,,,18.0,1011,192
2025,12018,Sam Pinckney,sam pinckney,WR,626.2,668.6,384.0,505.5,,,,,,,,,,,18.0,1012,422
2025,10214,Davis Allen,davis allen,TE,626.3,690.6,999.0,687.3,3.0,4.0,2.0,,,2.0,20.0,,,,18.0,1013,193
2025,11538,Toriano Clinton,toriano clinton,RB,626.3,638.5,999.0,556.1,,,,,,,,,,,18.0,1014,236
2025,1338,Matt Barkley,matt barkley,QB,626.5,327.2,626.5,632.5,,,,,,,,,,,18.0,1015,164
2025,3257,Jacoby Brissett,jacoby brissett,QB,626.6,683.5,375.5,676.2,199.3,199.3,199.3,191.0,2.0,,,,2580.0,19.0,18.0,1016,165
2025,6606,Nick Fitzgerald,nick fitzgerald,QB,626.7,639.3,999.0,649.6,,,,,,,,,,,18.0,1017,166
2025,3347,Jake Rudock,jake rudock,QB,627.0,624.0,605.0,501.0,,,,,,,,,,,18.0,1018,167
2025,7956,Cade Johnson,cade johnson,WR,627.1,999.0,999.0,999.0,,,,,,,,,,,18.0,1019,423
2025,8203,Jeremiah Hall,jeremiah hall,TE,627.3,680.6,534.0,628.3,,,,,,,,,,,18.0,1020,194
2025,4863,Josh Rosen,josh rosen,QB,627.4,683.3,999.0,587.4,,,,,,,,,,,18.0,1021,168
2025,956,Mark Ingram,mark ingram,RB,627.8,636.9,627.8,695.0,,,,,,,,,,,18.0,1022,237
2025,4330,JoJo Natson,jojo natson,WR,628.0,698.2,999.0,516.6,,,,,,,,,,,18.0,1023,424
2025,6637,Nico Evans,nico evans,RB,628.0,335.3,628.0,674.5,,,,,,,,,,,18.0,1024,238
2025,4149,Jamaal Williams,jamaal williams,RB,628.3,671.5,999.0,697.2,,,,,,,,,,,18.0,1025,239
2025,7316,Darius Bradwell,darius bradwell,RB,628.5,596.0,999.0,999.0,,,,,,,,,,,18.0,1026,240
2025,5395,Shaun Wilson,shaun wilson,RB,628.5,671.5,402.0,999.0,,,,,,,,,,,18.0,1027,241
2025,8931,Josh Ali,josh ali,WR,628.5,617.5,628.5,999.0,,,,,,,,,,,18.0,1028,425
2025,11299,Zavier Scott,zavier scott,RB,628.8,668.5,405.0,664.7,7.7,9.2,6.2,40.0,,3.0,22.0,,,,18.0,1029,242
2025,3225,Tyler Boyd,tyler boyd,WR,629.2,692.7,999.0,695.8,23.0,28.5,17.5,,,11.0,115.0,1.0,,,18.0,1030,426
2025,7576,Sage Surratt,sage surratt,TE,629.2,594.0,999.0,730.0,,,,,,,,,,,18.0,1031,195
2025,12434,Kairee Robinson,kairee robinson,RB,629.2,518.4,509.0,999.0,,,,,,,,,,,18.0,1032,243
2025,11222,Marcus Cooper,marcus cooper,RB,629.2,604.0,999.0,646.8,,,,,,,,,,,18.0,1033,244
2025,11615,Ainias Smith,ainias smith,WR,629.3,666.6,629.3,671.9,,,,,,,,,,,18.0,1034,427
2025,11943,Michael Wiley,michael wiley,RB,629.5,677.0,999.0,587.3,,,,,,,,,,,18.0,1035,245
2025,6279,Brandon Dillon,brandon dillon,TE,629.8,697.1,470.0,672.0,,,,,,,,,,,18.0,1036,196
2025,6798,Jalen Reagor,jalen reagor,WR,630.0,629.5,999.0,570.0,,,,,,,,,,,18.0,1037,428
2025,5619,Dalyn Dawkins,dalyn dawkins,RB,630.0,682.5,999.0,646.3,,,,,,,,,,,18.0,1038,246
2025,11388,Nolan Henderson,nolan henderson,QB,630.3,687.5,630.3,695.0,,,,,,,,,,,18.0,1039,169
2025,4721,Shakeir Ryan,shakeir ryan,WR,631.0,619.3,999.0,639.0,,,,,,,,,,,18.0,1040,429
2025,8207,Tyler Goodson,tyler goodson,RB,631.4,678.5,999.0,650.7,13.9,17.9,9.9,41.0,,8.0,58.0,,,,18.0,1041,247
2025,9492,Trey Palmer,trey palmer,WR,631.5,653.0,427.0,699.0,11.0,14.0,8.0,6.0,,6.0,74.0,,,,18.0,1042,430
2025,676,LeSean McCoy,lesean mccoy,RB,631.7,686.5,338.0,692.5,,,,,,,,,,,18.0,1043,248
2025,284,Delanie Walker,delanie walker,TE,631.9,681.7,631.9,572.0,,,,,,,,,,,18.0,1044,197
2025,947,Julio Jones,julio jones,WR,631.9,695.3,999.0,677.8,,,,,,,,,,,18.0,1045,431
2025,964,Lance Kendricks,lance kendricks,TE,632.0,667.0,379.5,999.0,,,,,,,,,,,18.0,1046,198
2025,7578,Myron Mitchell,myron mitchell,WR,632.0,245.0,999.0,999.0,,,,,,,,,,,18.0,1047,432
2025,8239,Ricky Person,ricky person,RB,632.4,623.8,999.0,647.8,,,,,,,,,,,18.0,1048,249
2025,3969,Leonard Fournette,leonard fournette,RB,632.5,687.5,999.0,692.5,,,,,,,,,,,18.0,1049,250
2025,8180,Jalen Nailor,jalen nailor,WR,632.8,682.3,308.1,287.7,34.1,42.1,26.1,2.0,,16.0,199.0,1.0,,,18.0,1050,433
2025,8938,Nathan Rourke,nathan rourke,QB,633.0,685.6,999.0,636.8,,,,,,,,,,,18.0,1051,170
2025,1502,Chris Thompson,chris thompson,RB,633.0,666.7,633.0,999.0,,,,,,,,,,,18.0,1052,251
2025,12340,Alex Larson,alex larson,TE,633.0,669.8,633.0,999.0,,,,,,,,,,,18.0,1053,199
2025,6753,Derrick Gore,derrick gore,RB,633.8,570.4,999.0,999.0,,,,,,,,,,,18.0,1054,252
2025,11964,Dayton Wade,dayton wade,WR,634.0,689.8,634.0,333.5,,,,,,,,,,,18.0,1055,434
2025,11186,Carlos Washington,carlos washington,RB,634.0,682.4,999.0,647.7,4.2,4.7,3.7,30.0,,1.0,7.0,,,,18.0,1056,253
2025,7076,Jeff Thomas,jeff thomas,WR,634.0,695.2,999.0,999.0,,,,,,,,,,,18.0,1057,435
2025,7582,Jhamon Ausbon,jhamon ausbon,WR,634.0,695.5,351.0,999.0,,,,,,,,,,,18.0,1058,436
2025,6370,Damion Jeanpiere,damion jeanpiere,WR,634.0,437.8,999.0,999.0,,,,,,,,,,,18.0,1059,437
2025,902,Dwayne Harris,dwayne harris,WR,634.8,562.5,634.8,999.0,,,,,,,,,,,18.0,1060,438
2025,7713,Jaelon Darden,jaelon darden,WR,634.8,999.0,999.0,685.8,,,,,,,,,,,18.0,1061,439
2025,13080,Deion Hankins,deion hankins,RB,635.0,691.2,999.0,699.0,,,,,,,,,,,18.0,1062,254
2025,13136,Redd Douglas,redd douglas,WR,635.2,647.0,999.0,497.7,,,,,,,,,,,18.0,1063,440
2025,4080,Zay Jones,zay jones,WR,635.2,696.8,999.0,694.5,25.5,31.0,20.0,11.0,,11.0,129.0,1.0,,,18.0,1064,441
2025,5463,Mark Thompson,mark thompson,RB,635.2,671.5,999.0,697.1,,,,,,,,,,,18.0,1065,255
2025,9506,Sean Tucker,sean tucker,RB,635.3,656.9,311.6,261.7,57.5,63.0,52.0,299.0,2.0,11.0,81.0,1.0,,,18.0,1066,256
2025,5734,C.J. Duncan,cj duncan,WR,635.6,643.2,397.5,999.0,,,,,,,,,,,18.0,1067,442
2025,7789,Jalen Camp,jalen camp,WR,636.0,999.0,999.0,999.0,,,,,,,,,,,18.0,1068,443
2025,5220,Godwin Igwebuike,godwin igwebuike,RB,636.1,692.4,999.0,999.0,,,,,,,,,,,18.0,1069,257
2025,606,Joe Webb,joe webb,QB,636.3,688.0,636.3,999.0,,,,,,,,,,,18.0,1070,171
2025,11548,Aaron Dykes,aaron dykes,RB,636.3,687.4,999.0,678.0,,,,,,,,,,,18.0,1071,258
2025,7351,Kirk Merritt,kirk merritt,WR,636.3,506.5,999.0,644.4,,,,,,,,,,,18.0,1072,444
2025,11266,Thyrick Pitts,thyrick pitts,WR,636.4,685.0,999.0,694.1,,,,,,,,,,,18.0,1073,445
2025,10233,Max Duggan,max duggan,QB,636.6,679.8,999.0,682.8,,,,,,,,,,,18.0,1074,172
2025,12477,Kurtis Rourke,kurtis rourke,QB,636.7,695.0,999.0,684.5,,,,,,,,,,,18.0,1075,173
2025,5608,Devonte Boyd,devonte boyd,WR,637.0,622.9,637.0,999.0,,,,,,,,,,,18.0,1076,446
2025,7860,Osirus Mitchell,osirus mitchell,WR,637.0,467.2,999.0,428.5,,,,,,,,,,,18.0,1077,447
2025,11942,Colson Yankoff,colson yankoff,TE,637.3,700.3,999.0,690.6,,,,,,,,,,,18.0,1078,200
2025,11190,Keilahn Harris,keilahn harris,WR,637.5,579.3,637.5,698.7,,,,,,,,,,,18.0,1079,448
2025,12938,Jackson Meeks,jackson meeks,WR,637.5,616.3,999.0,687.2,,,,,,,,,,,18.0,1080,449
2025,7357,Dan Chisena,dan chisena,WR,638.0,423.0,570.0,666.2,,,,,,,,,,,18.0,1081,450
2025,8575,Erik Krommenhoek,erik krommenhoek,TE,638.3,700.0,526.0,683.0,,,,,,,,,,,18.0,1082,201
2025,538,Emmanuel Sanders,emmanuel sanders,WR,638.3,640.5,999.0,357.3,,,,,,,,,,,18.0,1083,451
2025,6074,Donald Parham,donald parham,TE,638.3,700.8,999.0,698.8,,,,,,,,,,,18.0,1084,202
2025,8633,Stephon Robinson,stephon robinson,WR,638.4,437.6,999.0,999.0,,,,,,,,,,,18.0,1085,452
2025,8437,Thomas Hennigan,thomas hennigan,WR,638.5,999.0,678.6,999.0,,,,,,,,,,,18.0,1086,453
2025,11130,Pokey Wilson,pokey wilson,WR,638.8,664.2,638.8,743.0,,,,,,,,,,,18.0,1087,454
2025,12975,JJ Galbreath,jj galbreath,TE,639.0,610.6,999.0,999.0,,,,,,,,,,,18.0,1088,203
2025,12776,Connor Bazelak,connor bazelak,QB,639.0,689.7,999.0,656.9,,,,,,,,,,,18.0,1089,174
2025,7597,Kenny Yeboah,kenny yeboah,TE,639.5,687.5,639.5,664.6,,,,,,,,,,,18.0,1090,204
2025,8119,Jahan Dotson,jahan dotson,WR,639.8,698.9,470.6,354.0,48.5,59.0,38.0,5.0,,21.0,255.0,2.0,,,18.0,1091,455
2025,6453,D.J. Montgomery,dj montgomery,WR,639.9,689.7,639.9,561.8,,,,,,,,,,,18.0,1092,456
2025,8905,Travis Koontz,travis koontz,TE,640.0,684.5,999.0,642.2,,,,,,,,,,,18.0,1093,205
2025,4171,Josh Reynolds,josh reynolds,WR,640.1,700.2,403.5,302.9,88.5,108.5,68.5,,,40.0,505.0,3.0,,,18.0,1094,457
2025,11283,Darius Hagans,darius hagans,RB,640.3,609.8,999.0,669.3,,,,,,,,,,,18.0,1095,259
2025,13251,Gunnar Oakes,gunnar oakes,TE,640.4,682.9,999.0,633.6,,,,,,,,,,,18.0,1096,206
2025,6001,Drew Sample,drew sample,TE,640.5,664.5,417.0,682.2,20.7,26.2,15.2,,,11.0,92.0,1.0,,,18.0,1097,207
2025,11210,Malik Heath,malik heath,WR,640.7,443.5,999.0,693.5,5.9,7.4,4.4,6.0,,3.0,38.0,,,,18.0,1098,458
2025,7593,Trey Sermon,trey sermon,RB,640.8,690.6,999.0,695.1,3.3,3.8,2.8,21.0,,1.0,7.0,,,,18.0,1099,260
2025,7935,Eli Stove,eli stove,WR,641.0,700.0,354.0,999.0,,,,,,,,,,,18.0,1100,459
2025,12408,Michael Hiers,michael hiers,QB,641.3,682.8,999.0,658.0,,,,,,,,,,,18.0,1101,175
2025,3423,Robbie Chosen,robbie chosen,WR,641.4,575.2,999.0,597.1,,,,,,,,,,,18.0,1102,460
2025,3524,Marquise Williams,marquise williams,QB,641.5,689.8,999.0,665.6,,,,,,,,,,,18.0,1103,176
2025,11182,Ronald Awatt,ronald awatt,RB,641.5,611.9,999.0,568.0,,,,,,,,,,,18.0,1104,261
2025,5290,Deontay Burnett,deontay burnett,WR,641.7,243.0,999.0,562.0,,,,,,,,,,,18.0,1105,461
2025,3816,Brandon Brown-Dukes,brandon browndukes,RB,641.8,615.2,999.0,565.3,,,,,,,,,,,18.0,1106,262
2025,6664,A.J. Ouellette,aj ouellette,RB,641.8,567.2,641.8,690.1,,,,,,,,,,,18.0,1107,263
2025,12935,Jakobie Keeney-James,jakobie keeneyjames,WR,641.8,626.9,999.0,999.0,,,,,,,,,,,18.0,1108,462
2025,11897,Jermaine Jackson,jermaine jackson,WR,641.8,640.7,999.0,341.2,3.7,4.7,2.7,6.0,,2.0,21.0,,,,18.0,1109,463
2025,7946,Jack Stoll,jack stoll,TE,641.9,620.7,404.0,680.3,4.5,6.0,3.0,,,3.0,30.0,,,,18.0,1110,208
2025,2576,Cody Fajardo,cody fajardo,QB,642.0,653.5,642.0,689.3,,,,,,,,,,,18.0,1111,177
2025,6710,Josh Caldwell,josh caldwell,RB,642.3,654.0,654.0,687.9,,,,,,,,,,,18.0,1112,264
2025,1603,Luke Willson,luke willson,TE,642.5,599.5,999.0,519.7,,,,,,,,,,,18.0,1113,209
2025,6203,Valentine Holmes,valentine holmes,RB,642.8,652.2,999.0,659.5,,,,,,,,,,,18.0,1114,265
2025,12743,Junior Bergen,junior bergen,WR,642.8,697.3,999.0,594.8,,,,,,,,,,,18.0,1115,464
2025,4184,Bucky Hodges,bucky hodges,TE,643.0,473.9,501.0,669.4,,,,,,,,,,,18.0,1116,210
2025,7175,Chris Rowland,chris rowland,WR,643.0,672.0,999.0,999.0,,,,,,,,,,,18.0,1117,465
2025,12412,Terrell Jennings,terrell jennings,RB,643.0,643.4,999.0,999.0,2.1,2.1,2.1,21.0,,,,,,,18.0,1118,266
2025,4730,Sam Cotton,sam cotton,TE,643.0,575.5,999.0,999.0,,,,,,,,,,,18.0,1119,211
2025,5102,Daurice Fountain,daurice fountain,WR,643.0,385.2,367.0,589.0,,,,,,,,,,,18.0,1120,466
2025,12068,Mason Pline,mason pline,TE,643.0,695.5,643.0,686.9,,,,,,,,,,,18.0,1121,212
2025,13222,Montana Lemonious-Craig,montana lemoniouscraig,WR,643.4,686.4,330.0,697.9,,,,,,,,,,,18.0,1122,467
2025,11223,John Hall,john hall,WR,643.5,671.0,643.5,436.6,,,,,,,,,,,18.0,1123,468
2025,8211,Tyrion Davis-Price,tyrion davisprice,RB,643.7,603.0,999.0,695.7,,,,,,,,,,,18.0,1124,267
2025,11192,Malik Flowers,malik flowers,WR,643.9,499.9,999.0,699.3,,,,,,,,,,,18.0,1125,469
2025,9479,Darnell Washington,darnell washington,TE,643.9,678.0,475.5,695.6,25.7,32.2,19.2,,,13.0,132.0,1.0,,,18.0,1126,213
2025,5919,Elijah Holyfield,elijah holyfield,RB,644.0,645.9,999.0,654.7,,,,,,,,,,,18.0,1127,268
2025,8052,Donte Sylencieux,donte sylencieux,WR,644.0,999.0,999.0,599.3,,,,,,,,,,,18.0,1128,470
2025,2331,Breshad Perriman,breshad perriman,WR,644.5,542.7,999.0,546.0,,,,,,,,,,,18.0,1129,471
2025,4314,Johnny Mundt,johnny mundt,TE,644.5,617.5,999.0,700.8,22.6,28.6,16.6,,,12.0,106.0,1.0,,,18.0,1130,214
2025,5239,Lamar Jordan,lamar jordan,QB,644.6,388.1,644.6,582.8,,,,,,,,,,,18.0,1131,178
2025,10861,Xazavian Valladay,xazavian valladay,RB,645.0,691.5,999.0,691.8,,,,,,,,,,,18.0,1132,269
2025,4463,Tyler McCloskey,tyler mccloskey,RB,645.0,534.5,479.0,999.0,,,,,,,,,,,18.0,1133,270
2025,7159,Reid Sinnett,reid sinnett,QB,645.0,639.5,645.0,663.5,,,,,,,,,,,18.0,1134,179
2025,12283,Dylan McDuffie,dylan mcduffie,RB,645.0,594.0,999.0,691.1,,,,,,,,,,,18.0,1135,271
2025,12969,Lan Larison,lan larison,RB,645.3,680.8,999.0,696.4,4.9,6.4,3.4,12.0,,3.0,22.0,,,,18.0,1136,272
2025,12095,Jjay Mcafee,jjay mcafee,TE,645.8,670.9,999.0,655.8,,,,,,,,,,,18.0,1137,215
2025,2168,Devonta Freeman,devonta freeman,RB,645.8,428.4,999.0,699.9,,,,,,,,,,,18.0,1138,273
2025,5264,Blake Mack,blake mack,TE,646.0,285.0,999.0,999.0,,,,,,,,,,,18.0,1139,216
2025,6822,Jake Fromm,jake fromm,QB,646.0,626.4,999.0,696.6,,,,,,,,,,,18.0,1140,180
2025,10219,Chris Rodriguez,chris rodriguez,RB,646.0,691.1,502.9,690.9,58.4,62.4,54.4,305.0,3.0,8.0,59.0,,,,18.0,1141,274
2025,12300,Joshua Lingenfelter,joshua lingenfelter,TE,646.0,682.4,999.0,629.2,,,,,,,,,,,18.0,1142,217
2025,9512,DeWayne McBride,dewayne mcbride,RB,646.2,673.2,646.2,695.3,,,,,,,,,,,18.0,1143,275
2025,11155,Christian Sims,christian sims,TE,646.3,700.8,999.0,650.0,,,,,,,,,,,18.0,1144,218
2025,4455,Matt Breida,matt breida,RB,646.8,645.5,646.8,511.5,,,,,,,,,,,18.0,1145,276
2025,7978,Tre Walker,tre walker,WR,647.0,632.5,349.0,999.0,,,,,,,,,,,18.0,1146,472
2025,11113,Joel Wilson,joel wilson,TE,647.0,585.5,999.0,695.0,,,,,,,,,,,18.0,1147,219
2025,11529,Ed Lee,ed lee,WR,647.0,678.0,999.0,659.3,,,,,,,,,,,18.0,1148,473
2025,11652,Louis Rees-Zammit,louis reeszammit,RB,647.3,691.0,365.5,694.0,,,,,,,,,,,18.0,1149,277
2025,344,Julian Edelman,julian edelman,WR,647.3,694.4,999.0,643.6,,,,,,,,,,,18.0,1150,474
2025,745,Marshawn Lynch,marshawn lynch,RB,647.4,677.8,423.0,653.6,,,,,,,,,,,18.0,1151,278
2025,12755,Kelly Akharaiyi,kelly akharaiyi,WR,647.5,697.5,647.5,606.1,,,,,,,,,,,18.0,1152,475
2025,8173,ZaQuandre White,zaquandre white,RB,647.5,551.3,999.0,999.0,,,,,,,,,,,18.0,1153,279
2025,7809,Avery Williams,avery williams,RB,647.5,686.0,999.0,652.4,-0.3,0.2,-0.8,5.0,,1.0,7.0,,,,18.0,1154,280
2025,11311,Jason Brownlee,jason brownlee,WR,647.5,684.3,999.0,684.0,1.9,2.4,1.4,,,1.0,14.0,,,,18.0,1155,476
2025,7048,Benny LeMay,benny lemay,RB,647.5,659.9,999.0,999.0,,,,,,,,,,,18.0,1156,281
2025,4146,Dede Westbrook,dede westbrook,WR,647.7,694.1,647.7,999.0,,,,,,,,,,,18.0,1157,477
2025,5760,Josh Crockett,josh crockett,WR,647.9,664.5,999.0,999.0,,,,,,,,,,,18.0,1158,478
2025,2446,MyCole Pruitt,mycole pruitt,TE,648.0,683.0,999.0,999.0,,,,,,,,,,,18.0,1159,220
2025,345,Brian Hoyer,brian hoyer,QB,648.0,674.5,648.0,359.9,,,,,,,,,,,18.0,1160,181
2025,8892,Keric Wheatfall,keric wheatfall,WR,648.0,630.0,999.0,537.7,,,,,,,,,,,18.0,1161,479
2025,5000,Chase Edmonds,chase edmonds,RB,648.0,698.3,999.0,565.6,,,,,,,,,,,18.0,1162,282
2025,12284,Michael Herzog,michael herzog,RB,648.8,573.4,639.0,517.0,,,,,,,,,,,18.0,1163,283
2025,6955,James Robinson,james robinson,RB,649.0,571.7,999.0,700.8,,,,,,,,,,,18.0,1164,284
2025,5244,Devin Gray,devin gray,WR,649.0,286.0,999.0,999.0,,,,,,,,,,,18.0,1165,480
2025,4779,Bra'Lon Cherry,bralon cherry,WR,649.0,659.9,999.0,999.0,,,,,,,,,,,18.0,1166,481
2025,6963,Patrick Taylor,patrick taylor,RB,649.0,676.5,999.0,679.3,2.0,2.5,1.5,8.0,,1.0,7.0,,,,18.0,1167,285
2025,12246,Mike Rigerman,mike rigerman,TE,649.0,688.5,423.5,999.0,,,,,,,,,,,18.0,1168,221
2025,5276,Tyler Hoppes,tyler hoppes,TE,649.3,276.0,592.3,999.0,,,,,,,,,,,18.0,1169,222
2025,4733,Alex Gray,alex gray,TE,649.5,679.6,473.0,685.9,,,,,,,,,,,18.0,1170,223
2025,11649,Kendall Milton,kendall milton,RB,649.9,692.3,649.9,690.9,,,,,,,,,,,18.0,1171,286
2025,12738,Phil Mafah,phil mafah,RB,649.9,700.3,367.3,327.0,22.0,23.5,20.5,123.0,1.0,3.0,22.0,,,,18.0,1172,287
2025,4622,Keelan Cole,keelan cole,WR,650.0,332.1,999.0,573.4,,,,,,,,,,,18.0,1173,482
2025,4480,Bobo Wilson,bobo wilson,WR,650.0,550.0,347.0,647.5,,,,,,,,,,,18.0,1174,483
2025,5916,Darrell Henderson,darrell henderson,RB,650.0,626.2,484.0,461.3,,,,,,,,,,,18.0,1175,288
2025,8061,Jake Hausmann,jake hausmann,TE,650.0,500.7,507.0,999.0,,,,,,,,,,,18.0,1176,224
2025,11382,Dontay Demus,dontay demus,WR,650.0,652.0,999.0,572.8,,,,,,,,,,,18.0,1177,484
2025,11081,Cephus Johnson,cephus johnson,WR,650.2,650.7,999.0,625.0,,,,,,,,,,,18.0,1178,485
2025,312,Matthew Slater,matthew slater,WR,650.5,557.6,650.5,674.0,,,,,,,,,,,18.0,1179,486
2025,7227,Artavis Pierce,artavis pierce,RB,650.9,246.0,999.0,999.0,,,,,,,,,,,18.0,1180,289
2025,11962,Tayvion Robinson,tayvion robinson,WR,651.0,651.0,651.0,326.2,,,,,,,,,,,18.0,1181,487
2025,11848,Casey Bauman,casey bauman,QB,651.0,646.9,999.0,679.8,,,,,,,,,,,18.0,1182,182
2025,5131,Justin Jackson,justin jackson,RB,651.0,530.5,999.0,999.0,,,,,,,,,,,18.0,1183,290
2025,8241,Anthony Brown,anthony brown,QB,651.0,315.6,651.0,999.0,,,,,,,,,,,18.0,1184,183
2025,8105,Brayden Lenius,brayden lenius,TE,651.0,700.5,344.0,999.0,,,,,,,,,,,18.0,1185,225
2025,10212,Josh Whyle,josh whyle,TE,651.3,686.4,999.0,680.9,4.6,6.1,3.1,,,3.0,31.0,,,,18.0,1186,226
2025,4931,Austin Appleby,austin appleby,QB,651.5,669.6,999.0,603.7,,,,,,,,,,,18.0,1187,184
2025,12270,Andrew Peasley,andrew peasley,QB,651.5,608.4,999.0,700.0,,,,,,,,,,,18.0,1188,185
2025,12003,Gunnar Watson,gunnar watson,QB,652.0,694.0,999.0,558.0,,,,,,,,,,,18.0,1189,186
2025,12775,Max Brosmer,max brosmer,QB,652.0,670.7,999.0,635.2,28.48,28.48,28.48,16.0,,,,,422.0,3.0,18.0,1190,187
2025,2903,Shane Carden,shane carden,QB,652.0,653.8,652.0,647.5,,,,,,,,,,,18.0,1191,188
2025,7589,Ian Book,ian book,QB,652.0,628.3,999.0,700.0,,,,,,,,,,,18.0,1192,189
2025,10218,Xavier Hutchinson,xavier hutchinson,WR,652.0,697.8,999.0,621.3,3.1,4.1,2.1,,,2.0,21.0,,,,18.0,1193,488
2025,1706,Jack Doyle,jack doyle,TE,652.3,653.5,503.0,999.0,,,,,,,,,,,18.0,1194,227
2025,6828,AJ Dillon,aj dillon,RB,652.5,695.8,312.8,291.0,24.4,25.9,22.9,147.0,1.0,3.0,22.0,,,,18.0,1195,291
2025,533,Colt McCoy,colt mccoy,QB,652.5,662.4,468.0,652.6,,,,,,,,,,,18.0,1196,190
2025,11136,Oliver Martin,oliver martin,WR,652.5,557.9,999.0,699.6,,,,,,,,,,,18.0,1197,489
2025,11191,Justin Marshall,justin marshall,WR,653.0,653.0,653.0,744.0,,,,,,,,,,,18.0,1198,490
2025,3199,Michael Thomas,michael thomas,WR,653.0,690.8,334.0,690.9,,,,,,,,,,,18.0,1199,491
2025,8194,Jashaun Corbin,jashaun corbin,RB,653.3,635.4,999.0,694.0,4.2,4.7,3.7,30.0,,1.0,7.0,,,,18.0,1200,292
2025,6259,Darnell Holland,darnell holland,RB,653.5,682.0,999.0,665.3,,,,,,,,,,,18.0,1201,293
2025,13043,Chris Tyree,chris tyree,WR,653.5,698.3,999.0,999.0,,,,,,,,,,,18.0,1202,492
2025,11748,Bub Means,bub means,WR,653.5,695.8,999.0,699.6,,,,,,,,,,,18.0,1203,493
2025,8103,Ryan Willis,ryan willis,QB,653.6,501.1,653.6,692.1,,,,,,,,,,,18.0,1204,191
2025,12658,Jackson Hawes,jackson hawes,TE,653.7,688.6,999.0,685.9,6.2,8.2,4.2,,,4.0,42.0,,,,18.0,1205,228
2025,4127,C.J. Beathard,cj beathard,QB,653.7,667.6,999.0,615.8,,,,,,,,,,,18.0,1206,192
2025,7720,Kene Nwangwu,kene nwangwu,RB,654.0,699.0,999.0,692.5,,,,,,,,,,,18.0,1207,294
2025,11859,John Rhys Plumlee,john rhys plumlee,QB,654.0,656.0,999.0,675.1,,,,,,,,,,,18.0,1208,193
2025,6068,Devine Ozigbo,devine ozigbo,RB,654.0,633.9,999.0,663.9,,,,,,,,,,,18.0,1209,295
2025,7032,Tyrie Cleveland,tyrie cleveland,WR,655.0,688.1,655.0,999.0,,,,,,,,,,,18.0,1210,494
2025,6154,David Sills,david sills,WR,655.3,695.8,999.0,692.1,,,,,,,,,,,18.0,1211,495
2025,3664,J.D. McKissic,jd mckissic,RB,655.5,656.0,352.0,999.0,,,,,,,,,,,18.0,1212,296
2025,7716,John Bates,john bates,TE,655.7,679.0,999.0,698.1,17.4,21.4,13.4,,,8.0,74.0,1.0,,,18.0,1213,229
2025,5637,Garrett Johnson,garrett johnson,WR,656.0,575.5,348.5,999.0,,,,,,,,,,,18.0,1214,496
2025,12491,Corey Kiner,corey kiner,RB,656.0,692.3,362.3,698.2,,,,,,,,,,,18.0,1215,297
2025,111,Marcedes Lewis,marcedes lewis,TE,656.1,620.3,999.0,695.8,,,,,,,,,,,18.0,1216,230
2025,4827,Germone Hopper,germone hopper,WR,656.1,526.8,999.0,999.0,,,,,,,,,,,18.0,1217,497
2025,8196,Ty Fryfogle,ty fryfogle,WR,656.3,665.5,999.0,657.8,,,,,,,,,,,18.0,1218,498
2025,6723,Vincent Testaverde,vincent testaverde,QB,656.5,693.0,999.0,653.4,,,,,,,,,,,18.0,1219,194
2025,8245,Derrick Deese,derrick deese,TE,656.5,697.3,999.0,999.0,,,,,,,,,,,18.0,1220,231
2025,2078,Odell Beckham,odell beckham,WR,656.5,675.3,350.0,609.8,,,,,,,,,,,18.0,1221,499
2025,8214,Cole Turner,cole turner,TE,656.7,669.0,381.0,999.0,,,,,,,,,,,18.0,1222,232
2025,13053,Daniel Jackson,daniel jackson,WR,656.9,681.3,999.0,695.0,,,,,,,,,,,18.0,1223,500
2025,2359,Ameer Abdullah,ameer abdullah,RB,657.0,695.0,358.0,673.0,,,,,,,,,,,18.0,1224,298
2025,2214,Cameron Brate,cameron brate,TE,657.0,638.2,999.0,999.0,,,,,,,,,,,18.0,1225,233
2025,11380,Johnny Lumpkin,johnny lumpkin,TE,657.0,663.5,999.0,694.5,,,,,,,,,,,18.0,1226,234
2025,12118,Jacob Warren,jacob warren,TE,657.0,457.2,999.0,683.7,,,,,,,,,,,18.0,1227,235
2025,7560,Pooka Williams,pooka williams,RB,657.1,678.5,657.1,999.0,,,,,,,,,,,18.0,1228,299
2025,663,Benjamin Watson,benjamin watson,TE,657.2,680.1,999.0,623.1,,,,,,,,,,,18.0,1229,236
2025,5638,Shaq Roland,shaq roland,WR,657.2,999.0,999.0,999.0,,,,,,,,,,,18.0,1230,501
2025,1895,AJ McCarron,aj mccarron,QB,657.3,668.0,999.0,687.8,,,,,,,,,,,18.0,1231,195
2025,1971,Donte Moncrief,donte moncrief,WR,657.5,683.5,364.0,543.1,,,,,,,,,,,18.0,1232,502
2025,8182,Chase Allen,chase allen,TE,658.0,658.0,658.0,999.0,,,,,,,,,,,18.0,1233,237
2025,12906,Cam Camper,cam camper,WR,658.0,684.8,999.0,999.0,,,,,,,,,,,18.0,1234,503
2025,8424,Kevin Marks,kevin marks,RB,658.0,652.5,999.0,999.0,,,,,,,,,,,18.0,1235,300
2025,6156,Benny Snell,benny snell,RB,658.0,690.0,999.0,697.2,,,,,,,,,,,18.0,1236,301
2025,4535,Steven Wroblewski,steven wroblewski,TE,658.0,599.9,999.0,667.0,,,,,,,,,,,18.0,1237,238
2025,13150,Darius Cooper,darius cooper,WR,658.2,689.6,999.0,646.4,,,,,,,,,,,18.0,1238,504
2025,12097,Ayir Asante,ayir asante,WR,658.3,676.0,999.0,999.0,,,,,,,,,,,18.0,1239,505
2025,7609,Demetric Felton,demetric felton,RB,658.5,679.8,999.0,671.8,,,,,,,,,,,18.0,1240,302
2025,3456,Joel Stave,joel stave,QB,658.8,676.5,658.8,431.3,,,,,,,,,,,18.0,1241,196
2025,11229,Calvin Tyler,calvin tyler,RB,659.0,632.7,999.0,700.4,,,,,,,,,,,18.0,1242,303
2025,12048,George Holani,george holani,RB,659.0,622.2,999.0,699.3,26.7,28.7,24.7,158.0,1.0,4.0,29.0,,,,18.0,1243,304
2025,6824,Donovan Peoples-Jones,donovan peoplesjones,WR,659.2,692.0,376.0,695.7,,,,,,,,,,,18.0,1244,506
2025,2320,Melvin Gordon,melvin gordon,RB,659.3,661.8,999.0,697.0,,,,,,,,,,,18.0,1245,305
2025,11574,Dylan Laube,dylan laube,RB,659.3,689.0,527.0,677.0,9.1,11.1,7.1,42.0,,4.0,29.0,,,,18.0,1246,306
2025,7272,Dylan Stapleton,dylan stapleton,TE,659.4,999.0,659.4,999.0,,,,,,,,,,,18.0,1247,239
2025,5590,Jordan Smallwood,jordan smallwood,WR,659.5,650.2,621.4,688.4,,,,,,,,,,,18.0,1248,507
2025,11636,Johnny Wilson,johnny wilson,WR,659.8,693.0,541.0,693.4,,,,,,,,,,,18.0,1249,508
2025,11387,Sean Ryan,sean ryan,WR,659.8,586.0,376.0,639.3,,,,,,,,,,,18.0,1250,509
2025,11280,Brady Russell,brady russell,TE,660.0,439.3,999.0,633.7,,,,,,,,,,,18.0,1251,240
2025,11213,Camren McDonald,camren mcdonald,TE,660.0,674.5,660.0,526.0,,,,,,,,,,,18.0,1252,241
2025,10211,Camerun Peoples,camerun peoples,RB,660.3,637.0,999.0,688.0,,,,,,,,,,,18.0,1253,307
2025,11034,Jalen Brooks,jalen brooks,WR,660.3,667.9,999.0,699.6,8.1,10.6,5.6,,,5.0,56.0,,,,18.0,1254,510
2025,5917,Mecole Hardman,mecole hardman,WR,660.4,677.8,999.0,673.5,,,,,,,,,,,18.0,1255,511
2025,11433,Nate Adkins,nate adkins,TE,660.8,674.0,408.0,601.9,,,,,,,,,,,18.0,1256,242
2025,4599,Michael Rector,michael rector,WR,661.0,660.8,999.0,999.0,,,,,,,,,,,18.0,1257,512
2025,11568,Blake Watson,blake watson,RB,661.0,634.8,661.0,700.5,,,,,,,,,,,18.0,1258,308
2025,1110,T.Y. Hilton,ty hilton,WR,661.2,665.0,999.0,699.1,,,,,,,,,,,18.0,1259,513
2025,5374,Justin Watson,justin watson,WR,661.5,671.0,999.0,691.5,3.2,4.2,2.2,,,2.0,22.0,,,,18.0,1260,514
2025,8917,KaVontae Turpin,kavontae turpin,WR,661.5,700.1,413.8,291.5,71.8,85.8,57.8,77.0,1.0,28.0,341.0,2.0,,,18.0,1261,515
2025,8179,Snoop Conner,snoop conner,RB,661.6,495.0,999.0,999.0,,,,,,,,,,,18.0,1262,309
2025,2315,Todd Gurley,todd gurley,RB,661.6,692.9,999.0,665.5,,,,,,,,,,,18.0,1263,310
2025,12551,Colin Granger,colin granger,TE,661.8,696.0,999.0,619.2,,,,,,,,,,,18.0,1264,243
2025,4151,Jake Butt,jake butt,TE,661.8,696.7,999.0,688.9,,,,,,,,,,,18.0,1265,244
2025,3148,Anthony Dable,anthony dable,WR,662.0,556.5,662.0,999.0,,,,,,,,,,,18.0,1266,516
2025,12413,Hamze El-Zayat,hamze elzayat,WR,662.0,696.2,504.0,597.5,,,,,,,,,,,18.0,1267,517
2025,7551,Deon Jackson,deon jackson,RB,662.3,999.0,662.3,999.0,,,,,,,,,,,18.0,1268,311
2025,7610,Trey Lance,trey lance,QB,662.4,638.6,999.0,699.7,13.5,13.5,13.5,31.0,,,,,185.0,1.0,18.0,1269,197
2025,3555,Canaan Severin,canaan severin,WR,662.5,642.0,999.0,999.0,,,,,,,,,,,18.0,1270,518
2025,13011,Brennan Presley,brennan presley,WR,662.7,636.9,999.0,569.5,,,,,,,,,,,18.0,1271,519
2025,8008,Josh Imatorbhebhe,josh imatorbhebhe,WR,662.7,687.4,999.0,446.8,,,,,,,,,,,18.0,1272,520
2025,11960,Steven Stilianos,steven stilianos,TE,662.8,680.4,999.0,617.7,,,,,,,,,,,18.0,1273,245
2025,5347,Nyheim Miller-Hines,nyheim millerhines,RB,663.0,654.0,999.0,697.8,7.3,9.8,4.8,20.0,,5.0,28.0,,,,18.0,1274,312
2025,12215,Kevin Foelsch,kevin foelsch,TE,663.0,663.0,999.0,700.1,,,,,,,,,,,18.0,1275,246
2025,6271,Olamide Zaccheaus,olamide zaccheaus,WR,663.1,665.1,503.8,642.4,23.5,29.0,18.0,5.0,,11.0,115.0,1.0,,,18.0,1276,521
2025,4147,Samaje Perine,samaje perine,RB,663.2,685.9,458.6,321.0,46.0,54.0,38.0,165.0,1.0,16.0,115.0,1.0,,,18.0,1277,313
2025,3306,Jordan Howard,jordan howard,RB,663.3,679.0,663.3,657.4,,,,,,,,,,,18.0,1278,314
2025,268,Alex Smith,alex smith,QB,663.3,694.7,999.0,674.8,,,,,,,,,,,18.0,1279,198
2025,10223,Eric Gray,eric gray,RB,663.7,666.3,663.7,694.3,3.4,4.4,2.4,29.0,,2.0,15.0,,,,18.0,1280,315
2025,5756,Garrett Dickerson,garrett dickerson,TE,663.8,553.6,999.0,693.8,,,,,,,,,,,18.0,1281,247
2025,5539,Derrick Willies,derrick willies,WR,663.8,271.2,999.0,999.0,,,,,,,,,,,18.0,1282,522
2025,6136,Jarrett Stidham,jarrett stidham,QB,664.0,565.5,377.5,674.6,12.2,12.2,12.2,10.0,,,,,205.0,1.0,18.0,1283,199
2025,12341,Markese Stepp,markese stepp,RB,664.0,366.0,341.0,999.0,,,,,,,,,,,18.0,1284,316
2025,8189,Trestan Ebner,trestan ebner,RB,664.0,378.1,664.0,643.5,,,,,,,,,,,18.0,1285,317
2025,3895,Marvin Hall,marvin hall,WR,664.0,668.5,999.0,999.0,,,,,,,,,,,18.0,1286,523
2025,2307,Marcus Mariota,marcus mariota,QB,664.2,698.8,395.8,343.2,14.1,14.1,14.1,25.0,,,,,215.0,1.0,18.0,1287,200
2025,5268,Ben Johnson,ben johnson,TE,664.3,565.7,999.0,616.8,,,,,,,,,,,18.0,1288,248
2025,11567,Jordan Travis,jordan travis,QB,664.3,683.8,999.0,695.1,,,,,,,,,,,18.0,1289,201
2025,10220,Will Mallory,will mallory,TE,664.5,604.2,999.0,654.7,2.9,3.9,1.9,,,2.0,19.0,,,,18.0,1290,249
2025,13173,Jimmy Holiday,jimmy holiday,WR,664.6,685.1,999.0,699.1,,,,,,,,,,,18.0,1291,524
2025,13017,Hajj-Malik Williams,hajjmalik williams,QB,664.7,635.2,999.0,680.3,,,,,,,,,,,18.0,1292,202
2025,8248,Kalil Pimpleton,kalil pimpleton,WR,664.8,692.2,999.0,685.0,,,,,,,,,,,18.0,1293,525
2025,6450,David Blough,david blough,QB,665.0,608.3,665.0,641.7,,,,,,,,,,,18.0,1294,203
2025,7574,Larry Rountree,larry rountree,RB,665.0,691.3,999.0,667.6,,,,,,,,,,,18.0,1295,318
2025,12549,Jordan Petaia,jordan petaia,TE,665.0,670.3,999.0,623.7,,,,,,,,,,,18.0,1296,250
2025,1777,Josh Hill,josh hill,TE,665.0,651.6,363.0,698.0,,,,,,,,,,,18.0,1297,251
2025,9482,Michael Mayer,michael mayer,TE,665.1,299.4,323.7,303.1,51.0,64.0,38.0,,,26.0,260.0,2.0,,,18.0,1298,252
2025,11225,Noah Gindorff,noah gindorff,TE,665.3,646.7,999.0,671.7,,,,,,,,,,,18.0,1299,253
2025,184,Adrian Peterson,adrian peterson,RB,665.4,660.1,999.0,696.7,,,,,,,,,,,18.0,1300,319
2025,11524,Izaiah Gathings,izaiah gathings,TE,665.5,582.0,999.0,520.0,,,,,,,,,,,18.0,1301,254
2025,1476,Latavius Murray,latavius murray,RB,665.5,430.6,665.5,655.0,,,,,,,,,,,18.0,1302,320
2025,12191,Trent Pennix,trent pennix,TE,665.8,655.3,999.0,686.0,,,,,,,,,,,18.0,1303,255
2025,12523,Jimmy Horn,jimmy horn,WR,665.9,690.0,320.7,341.1,26.8,32.8,20.8,,,12.0,148.0,1.0,,,18.0,1304,526
2025,11924,Tanner Mordecai,tanner mordecai,QB,666.0,681.6,999.0,693.0,,,,,,,,,,,18.0,1305,204
2025,11493,Jordan Murray,jordan murray,TE,666.0,658.0,999.0,613.6,,,,,,,,,,,18.0,1306,256
2025,8227,Teagan Quitoriano,teagan quitoriano,TE,666.0,680.5,999.0,665.3,,,,,,,,,,,18.0,1307,257
2025,12928,Amar Johnson,amar johnson,RB,666.2,647.1,999.0,689.3,,,,,,,,,,,18.0,1308,321
2025,5096,Ray-Ray McCloud,rayray mccloud,WR,666.2,695.2,415.3,293.7,56.8,70.8,42.8,43.0,,28.0,285.0,2.0,,,18.0,1309,527
2025,6853,Van Jefferson,van jefferson,WR,666.3,693.7,999.0,605.4,25.1,31.1,19.1,,,12.0,131.0,1.0,,,18.0,1310,528
2025,6195,Damon Sheehy-Guiseppi,damon sheehyguiseppi,WR,666.5,687.0,999.0,999.0,,,,,,,,,,,18.0,1311,529
2025,8159,Desmond Ridder,desmond ridder,QB,667.0,666.5,999.0,693.3,,,,,,,,,,,18.0,1312,205
2025,11645,Javon Baker,javon baker,WR,667.0,672.0,549.0,696.2,,,,,,,,,,,18.0,1313,530
2025,12197,John Paddock,john paddock,QB,667.2,618.0,667.2,656.3,,,,,,,,,,,18.0,1314,206
2025,8553,Tre Ford,tre ford,QB,667.5,387.7,999.0,685.0,,,,,,,,,,,18.0,1315,207
2025,12133,Drake Stoops,drake stoops,WR,667.5,686.0,999.0,700.7,,,,,,,,,,,18.0,1316,531
2025,2028,Derek Carr,derek carr,QB,667.6,653.4,999.0,671.8,,,,,,,,,,,18.0,1317,208
2025,12865,AJ Henning,aj henning,WR,667.6,641.8,999.0,336.0,,,,,,,,,,,18.0,1318,532
2025,12482,Savion Williams,savion williams,WR,667.6,696.0,314.3,340.8,22.2,26.7,17.7,12.0,,9.0,105.0,1.0,,,18.0,1319,533
2025,3164,Ezekiel Elliott,ezekiel elliott,RB,667.6,693.9,999.0,692.0,2.3,2.8,1.8,12.0,,1.0,6.0,,,,18.0,1320,322
2025,167,Tom Brady,tom brady,QB,668.0,678.8,363.6,670.9,,,,,,,,,,,18.0,1321,209
2025,7538,Zach Wilson,zach wilson,QB,668.0,694.9,386.4,300.6,12.4,12.4,12.4,14.0,,,,,200.0,1.0,18.0,1322,210
2025,3286,Demarcus Robinson,demarcus robinson,WR,668.0,691.7,309.8,327.1,44.7,53.7,35.7,,,18.0,237.0,2.0,,,18.0,1323,534
2025,6375,Jerome Washington,jerome washington,TE,668.0,696.5,668.0,671.9,,,,,,,,,,,18.0,1324,258
2025,4036,Corey Davis,corey davis,WR,668.0,532.0,532.0,999.0,,,,,,,,,,,18.0,1325,535
2025,12070,McCallan Castles,mccallan castles,TE,668.3,687.0,668.3,547.5,,,,,,,,,,,18.0,1326,259
2025,6011,Gardner Minshew,gardner minshew,QB,668.4,694.0,488.3,345.5,10.9,10.9,10.9,13.0,,,,,215.0,1.0,18.0,1327,211
2025,6926,Brycen Hopkins,brycen hopkins,TE,668.5,999.0,999.0,999.0,,,,,,,,,,,18.0,1328,260
2025,246,Darren Sproles,darren sproles,RB,668.5,675.5,391.0,647.9,,,,,,,,,,,18.0,1329,323
2025,954,Cam Newton,cam newton,QB,668.6,669.1,349.5,674.9,,,,,,,,,,,18.0,1330,212
2025,6373,A.J. Richardson,aj richardson,WR,668.7,383.8,413.0,649.2,,,,,,,,,,,18.0,1331,536
2025,5008,Durham Smythe,durham smythe,TE,668.7,652.5,999.0,693.0,4.5,6.0,3.0,,,3.0,30.0,,,,18.0,1332,261
2025,5201,Terry Swanson,terry swanson,RB,669.0,281.0,669.0,999.0,,,,,,,,,,,18.0,1333,324
2025,4464,Nick Mullens,nick mullens,QB,669.0,692.0,373.0,698.0,12.76,12.76,12.76,8.0,,,,,224.0,1.0,18.0,1334,213
2025,4602,Robert Tonyan,robert tonyan,TE,669.0,436.0,551.0,695.1,3.0,4.0,2.0,,,2.0,20.0,,,,18.0,1335,262
2025,1169,Robert Griffin,robert griffin,QB,669.4,666.1,999.0,647.8,,,,,,,,,,,18.0,1336,214
2025,6069,Stanley Morgan,stanley morgan,WR,669.5,687.5,414.0,999.0,,,,,,,,,,,18.0,1337,537
2025,7412,Sandro Platzgummer,sandro platzgummer,RB,669.5,675.8,999.0,669.8,,,,,,,,,,,18.0,1338,325
2025,2711,Taylor Heinicke,taylor heinicke,QB,669.5,690.2,413.0,692.9,,,,,,,,,,,18.0,1339,215
2025,8161,Malik Willis,malik willis,QB,669.6,697.5,489.3,319.3,14.54,14.54,14.54,39.0,,,,,191.0,1.0,18.0,1340,216
2025,12690,Tommy Mellott,tommy mellott,WR,669.7,688.8,999.0,662.0,2.6,3.1,2.1,6.0,,1.0,15.0,,,,18.0,1341,538
2025,12264,Cole Beck,cole beck,WR,669.8,679.8,999.0,545.1,,,,,,,,,,,18.0,1342,539
2025,3157,William Fuller,william fuller,WR,669.8,697.0,999.0,671.4,,,,,,,,,,,18.0,1343,540
2025,6443,Eric Dungey,eric dungey,QB,670.0,685.0,999.0,678.8,,,,,,,,,,,18.0,1344,217
2025,12799,Bryson Green,bryson green,WR,670.0,665.8,999.0,364.0,,,,,,,,,,,18.0,1345,541
2025,3242,Kenyan Drake,kenyan drake,RB,670.0,629.4,999.0,675.8,,,,,,,,,,,18.0,1346,326
2025,7527,Mac Jones,mac jones,QB,670.0,688.2,402.5,336.0,12.14,12.14,12.14,7.0,,,,,211.0,1.0,18.0,1347,218
2025,6446,Jon Hilliman,jon hilliman,RB,670.5,635.0,349.0,999.0,,,,,,,,,,,18.0,1348,327
2025,6744,Greg Ward,greg ward,WR,670.5,658.7,999.0,366.6,,,,,,,,,,,18.0,1349,542
2025,6386,Alex Bachman,alex bachman,WR,670.5,472.0,670.5,695.5,7.9,10.9,4.9,,,6.0,49.0,,,,18.0,1350,543
2025,208,Josh McCown,josh mccown,QB,670.5,668.6,999.0,687.9,,,,,,,,,,,18.0,1351,219
2025,5122,Boston Scott,boston scott,RB,670.5,611.8,999.0,636.7,,,,,,,,,,,18.0,1352,328
2025,10228,Charlie Jones,charlie jones,WR,670.6,679.2,999.0,689.5,3.6,4.6,2.6,5.0,,2.0,21.0,,,,18.0,1353,544
2025,9481,Luke Musgrave,luke musgrave,TE,670.7,692.1,396.0,330.0,34.2,43.2,25.2,,,18.0,192.0,1.0,,,18.0,1354,263
2025,8087,K.J. Costello,kj costello,QB,670.8,625.0,342.0,656.3,,,,,,,,,,,18.0,1355,220
2025,12039,TD Ayo-Durojaiye,td ayodurojaiye,RB,671.0,632.0,999.0,679.2,,,,,,,,,,,18.0,1356,329
2025,2093,Ryan Grant,ryan grant,WR,671.0,570.1,462.0,999.0,,,,,,,,,,,18.0,1357,545
2025,12217,Shawn Bowman,shawn bowman,TE,671.0,671.0,999.0,999.0,,,,,,,,,,,18.0,1358,264
2025,5955,Hunter Renfrow,hunter renfrow,WR,671.1,688.4,393.0,677.3,31.3,39.8,22.8,,,17.0,168.0,1.0,,,18.0,1359,546
2025,10225,Jonathan Mingo,jonathan mingo,WR,671.2,694.1,999.0,689.9,,,,,,,,,,,18.0,1360,547
2025,8230,Ty Chandler,ty chandler,RB,671.2,683.1,476.5,689.8,28.8,32.8,24.8,130.0,1.0,8.0,58.0,,,,18.0,1361,330
2025,12778,Jerjuan Newton,jerjuan newton,WR,671.2,689.0,671.2,494.9,,,,,,,,,,,18.0,1362,548
2025,12250,Riley Sharp,riley sharp,TE,671.3,584.0,999.0,999.0,,,,,,,,,,,18.0,1363,265
2025,8127,Charlie Kolar,charlie kolar,TE,671.3,689.0,999.0,674.9,6.4,8.4,4.4,1.0,,4.0,43.0,,,,18.0,1364,266
2025,11862,Luke Benson,luke benson,TE,671.4,632.7,999.0,519.6,,,,,,,,,,,18.0,1365,267
2025,11580,Dillon Johnson,dillon johnson,RB,671.5,297.7,671.5,697.6,,,,,,,,,,,18.0,1366,331
2025,8560,Davis Cheek,davis cheek,QB,671.5,682.7,383.9,698.3,,,,,,,,,,,18.0,1367,221
2025,7751,Dax Milne,dax milne,WR,671.5,691.7,999.0,622.0,,,,,,,,,,,18.0,1368,549
2025,7086,John Hightower,john hightower,WR,671.5,638.3,394.0,690.0,,,,,,,,,,,18.0,1369,550
2025,6238,Tyree Mayfield,tyree mayfield,TE,671.6,692.6,999.0,644.3,,,,,,,,,,,18.0,1370,268
2025,8208,Tyler Badie,tyler badie,RB,671.7,644.0,999.0,699.5,3.3,3.8,2.8,21.0,,1.0,7.0,,,,18.0,1371,332
2025,1837,Jimmy Garoppolo,jimmy garoppolo,QB,671.9,682.1,410.5,290.7,16.48,16.48,16.48,6.0,,,,,222.0,2.0,18.0,1372,222
2025,12972,Roc Taylor,roc taylor,WR,672.0,692.3,999.0,696.0,,,,,,,,,,,18.0,1373,551
2025,11306,Xavier Gipson,xavier gipson,WR,672.0,692.2,451.5,638.8,5.5,7.5,3.5,11.0,,4.0,44.0,,,,18.0,1374,552
2025,8442,Jarrett Guarantano,jarrett guarantano,QB,672.0,503.9,999.0,614.6,,,,,,,,,,,18.0,1375,223
2025,2452,Jay Ajayi,jay ajayi,RB,672.0,653.5,999.0,699.5,,,,,,,,,,,18.0,1376,333
2025,7586,Dazz Newsome,dazz newsome,WR,672.1,580.2,999.0,999.0,,,,,,,,,,,18.0,1377,553
2025,11256,Tyson Bagent,tyson bagent,QB,672.5,691.0,359.7,699.1,13.08,13.08,13.08,22.0,,,,,197.0,1.0,18.0,1378,224
2025,12542,Efton Chism,efton chism,WR,673.2,674.4,406.5,670.5,3.6,4.6,2.6,6.0,,2.0,20.0,,,,18.0,1379,554
2025,8745,Lance McCutcheon,lance mccutcheon,WR,673.3,518.5,999.0,999.0,,,,,,,,,,,18.0,1380,555
2025,9497,Jalin Hyatt,jalin hyatt,WR,673.3,680.5,498.0,671.6,29.0,35.0,23.0,,,12.0,170.0,1.0,,,18.0,1381,556
2025,13160,Reggie Brown,reggie brown,TE,673.5,692.4,999.0,361.6,,,,,,,,,,,18.0,1382,269
2025,5038,Michael Gallup,michael gallup,WR,673.5,696.5,425.0,698.8,,,,,,,,,,,18.0,1383,557
2025,2460,C.J. Uzomah,cj uzomah,TE,673.8,653.3,673.8,524.6,,,,,,,,,,,18.0,1384,270
2025,7608,Khalil Herbert,khalil herbert,RB,673.8,303.5,286.1,332.0,3.2,3.7,2.7,21.0,,1.0,6.0,,,,18.0,1385,334
2025,6233,Matt Sokol,matt sokol,TE,674.0,686.4,674.0,656.0,,,,,,,,,,,18.0,1386,271
2025,1029,Nick Foles,nick foles,QB,674.0,661.3,999.0,658.9,,,,,,,,,,,18.0,1387,225
2025,6892,Nate Stanley,nate stanley,QB,674.0,656.8,999.0,660.0,,,,,,,,,,,18.0,1388,226
2025,12478,Nick Nash,nick nash,WR,674.0,699.6,401.4,356.5,5.0,6.5,3.5,,,3.0,35.0,,,,18.0,1389,558
2025,11292,Tommy DeVito,tommy devito,QB,674.3,639.6,999.0,691.5,,,,,,,,,,,18.0,1390,227
2025,3200,Sterling Shepard,sterling shepard,WR,674.3,607.7,999.0,700.0,8.4,10.9,5.9,11.0,,5.0,48.0,,,,18.0,1391,559
2025,12539,Arian Smith,arian smith,WR,674.3,698.2,469.9,346.5,38.2,47.2,29.2,11.0,,18.0,221.0,1.0,,,18.0,1392,560
2025,559,Tim Tebow,tim tebow,TE,674.5,689.7,422.4,669.7,,,,,,,,,,,18.0,1393,272
2025,8414,Britain Covey,britain covey,WR,674.5,346.0,999.0,683.9,,,,,,,,,,,18.0,1394,561
2025,1290,Jermaine Kearse,jermaine kearse,WR,674.5,479.0,999.0,756.0,,,,,,,,,,,18.0,1395,562
2025,4082,Curtis Samuel,curtis samuel,WR,674.6,696.8,294.2,345.9,44.4,53.9,34.9,24.0,,19.0,205.0,2.0,,,18.0,1396,563
2025,11438,Dallas Daniels,dallas daniels,WR,674.7,523.1,999.0,539.1,,,,,,,,,,,18.0,1397,564
2025,6847,Devin Duvernay,devin duvernay,WR,674.8,675.0,999.0,692.6,1.7,2.7,0.7,6.0,,2.0,21.0,,,,18.0,1398,565
2025,11082,Ben Sims,ben sims,TE,674.8,669.6,999.0,687.2,,,,,,,,,,,18.0,1399,273
2025,6147,Clayton Thorson,clayton thorson,QB,675.0,657.0,400.0,999.0,,,,,,,,,,,18.0,1400,228
2025,7596,Elijah Moore,elijah moore,WR,675.0,685.0,313.1,307.0,22.4,27.4,17.4,4.0,,10.0,110.0,1.0,,,18.0,1401,566
2025,11599,Cade Stover,cade stover,TE,675.0,700.0,484.2,341.4,47.6,59.6,35.6,,,24.0,236.0,2.0,,,18.0,1402,274
2025,11377,Tyrell Shavers,tyrell shavers,WR,675.0,614.0,999.0,665.3,5.0,6.5,3.5,,,3.0,35.0,,,,18.0,1403,567
2025,11504,Jose Barbon,jose barbon,WR,675.0,697.0,546.0,583.8,,,,,,,,,,,18.0,1404,568
2025,6317,Jacob Dolegala,jacob dolegala,QB,675.0,420.3,675.0,634.0,,,,,,,,,,,18.0,1405,229
2025,12725,Luke Lachey,luke lachey,TE,675.0,675.3,344.0,690.9,,,,,,,,,,,18.0,1406,275
2025,6820,Clyde Edwards-Helaire,clyde edwardshelaire,RB,675.2,699.8,999.0,675.8,,,,,,,,,,,18.0,1407,335
2025,11521,Jadakis Bonds,jadakis bonds,WR,675.5,677.4,999.0,615.6,,,,,,,,,,,18.0,1408,569
2025,11068,Mitch Tinsley,mitch tinsley,WR,675.5,544.4,999.0,660.4,5.0,6.5,3.5,,,3.0,35.0,,,,18.0,1409,570
2025,536,Antonio Brown,antonio brown,WR,675.7,674.8,390.3,666.9,,,,,,,,,,,18.0,1410,571
2025,7559,Ihmir Smith-Marsette,ihmir smithmarsette,WR,676.0,676.0,999.0,637.7,-1.5,-1.5,-1.5,5.0,,,,,,,18.0,1411,572
2025,4051,Chad Kelly,chad kelly,QB,676.0,661.2,676.0,660.6,,,,,,,,,,,18.0,1412,230
2025,9231,Jaren Hall,jaren hall,QB,676.0,685.0,999.0,664.3,,,,,,,,,,,18.0,1413,231
2025,6869,Adam Trautman,adam trautman,TE,676.0,689.5,459.0,691.4,23.5,29.5,17.5,,,12.0,115.0,1.0,,,18.0,1414,276
2025,12721,Kaden Prather,kaden prather,WR,676.1,689.3,431.1,695.3,,,,,,,,,,,18.0,1415,573
2025,8801,Dennis Houston,dennis houston,WR,676.1,510.4,999.0,999.0,,,,,,,,,,,18.0,1416,574
2025,11947,Austin Jones,austin jones,RB,676.1,366.0,999.0,693.0,,,,,,,,,,,18.0,1417,336
2025,6039,Ty Johnson,ty johnson,RB,676.1,696.2,319.7,298.7,48.7,55.7,41.7,189.0,1.0,14.0,108.0,1.0,,,18.0,1418,337
2025,6036,Ryan Davis,ryan davis,WR,676.5,668.5,363.0,999.0,,,,,,,,,,,18.0,1419,575
2025,4814,De'Quan Hampton,dequan hampton,WR,676.5,468.4,999.0,687.8,,,,,,,,,,,18.0,1420,576
2025,11224,Griffin Hebert,griffin hebert,TE,676.5,631.5,999.0,683.1,,,,,,,,,,,18.0,1421,277
2025,11435,Emanuel Wilson,emanuel wilson,RB,676.6,697.4,466.2,303.4,60.8,68.8,52.8,250.0,2.0,16.0,118.0,1.0,,,18.0,1422,338
2025,4949,Derrius Guice,derrius guice,RB,676.9,514.2,999.0,999.0,,,,,,,,,,,18.0,1423,339
2025,11874,Jaylen Johnson,jaylen johnson,WR,677.0,404.4,677.0,557.3,,,,,,,,,,,18.0,1424,577
2025,13190,Taylor Elgersma,taylor elgersma,QB,677.0,660.0,999.0,700.0,,,,,,,,,,,18.0,1425,232
2025,3893,Reece Horn,reece horn,WR,677.0,698.0,677.0,999.0,,,,,,,,,,,18.0,1426,578
2025,695,Ted Ginn,ted ginn,WR,677.0,692.3,999.0,664.5,,,,,,,,,,,18.0,1427,579
2025,11629,Devontez Walker,devontez walker,WR,677.0,687.1,389.0,695.5,20.6,24.1,17.1,5.0,,7.0,106.0,1.0,,,18.0,1428,580
2025,11762,Anthony Gould,anthony gould,WR,677.0,688.0,999.0,566.7,4.4,5.4,3.4,5.0,,2.0,29.0,,,,18.0,1429,581
2025,11384,Owen Wright,owen wright,RB,677.0,659.3,999.0,636.4,,,,,,,,,,,18.0,1430,340
2025,515,Rob Gronkowski,rob gronkowski,TE,677.1,683.3,346.5,691.8,,,,,,,,,,,18.0,1431,278
2025,12532,Ja'Corey Brooks,jacorey brooks,WR,677.1,695.5,999.0,698.1,,,,,,,,,,,18.0,1432,582
2025,11370,Chris Brooks,chris brooks,RB,677.2,677.1,531.0,697.0,30.3,34.3,26.3,145.0,1.0,8.0,58.0,,,,18.0,1433,341
2025,4179,Joshua Dobbs,joshua dobbs,QB,677.3,686.4,487.5,671.1,13.8,13.8,13.8,26.0,,,,,205.0,1.0,18.0,1434,233
2025,3161,Carson Wentz,carson wentz,QB,677.3,679.0,999.0,680.8,,,,,,,,,,,18.0,1435,234
2025,11114,Elijah Dotson,elijah dotson,RB,677.4,697.0,999.0,689.9,,,,,,,,,,,18.0,1436,342
2025,12165,Spencer Sanders,spencer sanders,QB,677.6,657.6,416.7,683.2,,,,,,,,,,,18.0,1437,235
2025,5987,Alexander Mattison,alexander mattison,RB,677.6,700.9,323.7,354.0,,,,,,,,,,,18.0,1438,343
2025,8077,Otis Anderson,otis anderson,RB,677.6,698.5,446.0,537.8,,,,,,,,,,,18.0,1439,344
2025,11857,Daijun Edwards,daijun edwards,RB,678.0,685.9,999.0,641.0,,,,,,,,,,,18.0,1440,345
2025,11163,Tim DeMorat,tim demorat,QB,678.0,692.5,455.0,570.5,,,,,,,,,,,18.0,1441,236
2025,6196,Christian Wade,christian wade,RB,678.0,655.5,553.5,697.8,,,,,,,,,,,18.0,1442,346
2025,4189,Eric Saubert,eric saubert,TE,678.0,629.9,999.0,685.8,5.9,7.9,3.9,,,4.0,39.0,,,,18.0,1443,279
2025,5609,Stephen Baggett,stephen baggett,TE,678.1,648.2,474.4,999.0,,,,,,,,,,,18.0,1444,280
2025,12641,Jaylin Lane,jaylin lane,WR,678.1,666.3,439.4,287.2,57.1,71.1,43.1,6.0,,28.0,305.0,2.0,,,18.0,1445,583
2025,11583,Jonathon Brooks,jonathon brooks,RB,678.2,670.6,503.6,700.3,,,,,,,,,,,18.0,1446,347
2025,6805,KJ Hamler,kj hamler,WR,678.2,697.5,999.0,627.5,,,,,,,,,,,18.0,1447,584
2025,11647,Kimani Vidal,kimani vidal,RB,678.2,699.3,326.3,357.9,3.6,4.1,3.1,25.0,,1.0,6.0,,,,18.0,1448,348
2025,4017,Deshaun Watson,deshaun watson,QB,678.3,683.2,345.2,692.4,13.1,13.1,13.1,21.0,,,,,200.0,1.0,18.0,1449,237
2025,12908,Chandler Brayboy,chandler brayboy,WR,678.5,696.1,678.5,999.0,,,,,,,,,,,18.0,1450,585
2025,12809,Mac Dalena,mac dalena,WR,678.5,658.5,999.0,434.8,,,,,,,,,,,18.0,1451,586
2025,9230,Tanner McKee,tanner mckee,QB,678.5,658.6,376.0,696.9,12.9,12.9,12.9,13.0,,,,,215.0,1.0,18.0,1452,238
2025,12500,Quinn Ewers,quinn ewers,QB,678.6,694.2,486.0,329.2,12.4,12.4,12.4,14.0,,,,,200.0,1.0,18.0,1453,239
2025,5548,Elijah Marks,elijah marks,WR,678.7,999.0,492.2,999.0,,,,,,,,,,,18.0,1454,587
2025,7863,JaQuan Hardy,jaquan hardy,RB,679.0,575.3,999.0,999.0,,,,,,,,,,,18.0,1455,349
2025,7038,Darius Anderson,darius anderson,RB,679.0,424.0,999.0,999.0,,,,,,,,,,,18.0,1456,350
2025,5101,Deon Cain,deon cain,WR,679.0,692.0,999.0,999.0,,,,,,,,,,,18.0,1457,588
2025,7752,Kawaan Baker,kawaan baker,WR,679.0,659.5,368.0,999.0,,,,,,,,,,,18.0,1458,589
2025,8005,Tarik Black,tarik black,WR,679.2,692.2,999.0,681.0,,,,,,,,,,,18.0,1459,590
2025,6554,Shawn Poindexter,shawn poindexter,WR,679.3,699.0,425.5,671.2,,,,,,,,,,,18.0,1460,591
2025,8698,Jake Tonges,jake tonges,TE,679.5,452.3,999.0,999.0,36.0,46.5,25.5,,,21.0,195.0,1.0,,,18.0,1461,281
2025,5773,KhaDarel Hodge,khadarel hodge,WR,679.5,687.7,679.5,683.4,27.8,33.8,21.8,6.0,,12.0,152.0,1.0,,,18.0,1462,592
2025,9999,Will Levis,will levis,QB,679.6,679.2,472.6,351.6,,,,,,,,,,,18.0,1463,240
2025,7985,Pro Wells,pro wells,TE,679.7,326.0,599.5,999.0,,,,,,,,,,,18.0,1464,282
2025,4351,Tim Patrick,tim patrick,WR,679.7,651.5,485.5,688.9,25.4,30.9,19.9,,,11.0,139.0,1.0,,,18.0,1465,593
2025,7972,Tony Poljan,tony poljan,TE,679.8,695.6,554.9,695.6,,,,,,,,,,,18.0,1466,283
2025,11654,Dante Miller,dante miller,RB,679.9,687.4,679.9,677.4,,,,,,,,,,,18.0,1467,351
2025,12244,DeAngelo Hardy,deangelo hardy,WR,680.0,698.8,366.0,999.0,,,,,,,,,,,18.0,1468,594
2025,7605,Kyle Trask,kyle trask,QB,680.0,668.5,456.0,669.6,,,,,,,,,,,18.0,1469,241
2025,8095,Graham Adomitis,graham adomitis,TE,680.0,692.8,999.0,999.0,,,,,,,,,,,18.0,1470,284
2025,11729,Sione Vaki,sione vaki,RB,680.0,678.7,332.0,699.5,2.1,2.6,1.6,9.0,,1.0,7.0,,,,18.0,1471,352
2025,8188,Tyquan Thornton,tyquan thornton,WR,680.2,696.0,481.2,668.5,24.4,28.9,19.9,,,9.0,139.0,1.0,,,18.0,1472,595
2025,12515,Donovan Edwards,donovan edwards,RB,680.3,671.0,505.8,692.3,,,,,,,,,,,18.0,1473,353
2025,11374,James Blackman,james blackman,QB,680.3,689.1,999.0,698.1,,,,,,,,,,,18.0,1474,242
2025,13124,Jeremiah Webb,jeremiah webb,WR,680.3,574.8,999.0,698.1,,,,,,,,,,,18.0,1475,596
2025,6843,Albert Okwuegbunam,albert okwuegbunam,TE,680.4,679.8,392.0,690.5,6.0,8.0,4.0,,,4.0,40.0,,,,18.0,1476,285
2025,8568,John Lovett,john lovett,RB,680.5,689.5,999.0,647.6,,,,,,,,,,,18.0,1477,354
2025,4152,Marlon Mack,marlon mack,RB,680.5,652.7,999.0,692.4,,,,,,,,,,,18.0,1478,355
2025,11644,Cody Schrader,cody schrader,RB,680.6,683.1,999.0,699.5,,,,,,,,,,,18.0,1479,356
2025,3170,Paxton Lynch,paxton lynch,QB,680.7,683.9,999.0,699.4,,,,,,,,,,,18.0,1480,243
2025,8255,Raheem Blackshear,raheem blackshear,RB,680.7,694.5,545.0,669.4,-0.5,0.0,-1.0,4.0,,1.0,6.0,,,,18.0,1481,357
2025,10234,Derius Davis,derius davis,WR,680.8,689.5,999.0,686.9,2.8,3.8,1.8,16.0,,2.0,22.0,,,,18.0,1482,597
2025,11483,Ellis Merriweather,ellis merriweather,RB,681.0,620.7,999.0,627.5,,,,,,,,,,,18.0,1483,358
2025,8475,Montrell Washington,montrell washington,WR,681.0,661.3,999.0,699.5,,,,,,,,,,,18.0,1484,598
2025,12149,Gavin Hardison,gavin hardison,QB,681.3,686.0,681.3,619.5,,,,,,,,,,,18.0,1485,244
2025,4234,Noah Brown,noah brown,WR,681.3,698.8,421.1,335.3,60.5,74.0,47.0,,,27.0,350.0,2.0,,,18.0,1486,599
2025,12460,Antwane Wells,antwane wells,WR,681.5,689.2,457.8,697.0,,,,,,,,,,,18.0,1487,600
2025,8489,Drew Ogletree,drew ogletree,TE,681.5,647.0,471.8,527.1,5.9,7.9,3.9,,,4.0,39.0,,,,18.0,1488,286
2025,11619,Ja'Lynn Polk,jalynn polk,WR,681.5,698.9,543.5,356.7,,,,,,,,,,,18.0,1489,601
2025,2935,Ricky Collins,ricky collins,WR,681.6,405.6,999.0,999.0,,,,,,,,,,,18.0,1490,602
2025,4040,JuJu Smith-Schuster,juju smithschuster,WR,681.7,699.0,480.8,686.7,21.8,26.8,16.8,,,10.0,108.0,1.0,,,18.0,1491,603
2025,3655,Reggie Diggs,reggie diggs,WR,681.8,690.0,475.0,594.8,,,,,,,,,,,18.0,1492,604
2025,1737,Case Keenum,case keenum,QB,681.8,697.2,999.0,689.1,,,,,,,,,,,18.0,1493,245
2025,12868,Montrell Johnson,montrell johnson,RB,681.8,674.6,329.0,682.6,,,,,,,,,,,18.0,1494,359
2025,12503,Isaiah Bond,isaiah bond,WR,681.8,695.0,317.7,297.1,54.4,66.4,42.4,,,24.0,304.0,2.0,,,18.0,1495,605
2025,11633,Jamari Thrash,jamari thrash,WR,681.8,697.8,999.0,685.7,53.0,66.0,40.0,,,26.0,280.0,2.0,,,18.0,1496,606
2025,7414,Johnathon Johnson,johnathon johnson,WR,681.8,687.8,355.0,999.0,,,,,,,,,,,18.0,1497,607
2025,4183,Nathan Peterman,nathan peterman,QB,681.8,676.8,999.0,663.0,,,,,,,,,,,18.0,1498,246
2025,2142,Rajion Neal,rajion neal,RB,681.9,524.0,999.0,709.0,,,,,,,,,,,18.0,1499,360
2025,11834,Devaughn Vele,devaughn vele,WR,681.9,678.0,310.1,302.3,64.5,81.0,48.0,5.0,,33.0,355.0,2.0,,,18.0,1500,608
2025,331,Philip Rivers,philip rivers,QB,681.9,667.7,999.0,698.0,,,,,,,,,,,18.0,1501,247
2025,10866,Aidan O'Connell,aidan oconnell,QB,682.0,698.6,372.5,356.4,,,,,,,,,,,18.0,1502,248
2025,11561,Michael Pratt,michael pratt,QB,682.0,631.6,343.5,678.3,,,,,,,,,,,18.0,1503,249
2025,3852,Jaydon Mickens,jaydon mickens,WR,682.0,654.0,999.0,999.0,,,,,,,,,,,18.0,1504,609
2025,6906,Antonio Gandy-Golden,antonio gandygolden,TE,682.2,563.7,999.0,622.3,,,,,,,,,,,18.0,1505,287
2025,5465,Nick Keizer,nick keizer,TE,682.2,662.0,517.0,999.0,,,,,,,,,,,18.0,1506,288
2025,11104,SaRodorick Thompson,sarodorick thompson,RB,682.2,695.0,999.0,631.0,,,,,,,,,,,18.0,1507,361
2025,8129,Dameon Pierce,dameon pierce,RB,682.3,688.6,328.6,284.1,43.0,47.0,39.0,250.0,2.0,8.0,60.0,,,,18.0,1508,362
2025,12036,Ian Wheeler,ian wheeler,RB,682.3,650.5,999.0,699.9,,,,,,,,,,,18.0,1509,363
2025,4421,Jacob Hollister,jacob hollister,TE,682.5,655.7,361.0,999.0,,,,,,,,,,,18.0,1510,289
2025,818,Bilal Powell,bilal powell,RB,682.5,583.7,999.0,999.0,,,,,,,,,,,18.0,1511,364
2025,11123,Tyler Hoosman,tyler hoosman,RB,682.5,664.0,999.0,673.3,,,,,,,,,,,18.0,1512,365
2025,1077,Travis Benjamin,travis benjamin,WR,682.6,641.2,507.6,691.0,,,,,,,,,,,18.0,1513,610
2025,12472,Raheim Sanders,raheim sanders,RB,682.7,692.9,431.6,697.8,,,,,,,,,,,18.0,1514,366
2025,11918,Ahmarean Brown,ahmarean brown,WR,682.7,527.9,999.0,699.7,,,,,,,,,,,18.0,1515,611
2025,7352,Matt Cole,matt cole,WR,682.7,999.0,682.7,683.8,,,,,,,,,,,18.0,1516,612
2025,23,Jason Witten,jason witten,TE,682.8,559.7,999.0,700.2,,,,,,,,,,,18.0,1517,290
2025,5284,Jeff Wilson,jeff wilson,RB,682.9,649.3,999.0,643.0,2.4,2.9,1.9,12.0,,1.0,7.0,,,,18.0,1518,367
2025,5209,Mike Boone,mike boone,RB,683.0,509.0,544.7,695.3,,,,,,,,,,,18.0,1519,368
2025,12933,Caden Prieskorn,caden prieskorn,TE,683.0,697.7,999.0,590.5,,,,,,,,,,,18.0,1520,291
2025,1144,Cole Beasley,cole beasley,WR,683.0,695.3,557.5,614.1,,,,,,,,,,,18.0,1521,613
2025,8172,Greg Dulcich,greg dulcich,TE,683.0,691.3,999.0,697.0,3.0,4.0,2.0,,,2.0,20.0,,,,18.0,1522,292
2025,12715,Thomas Fidone,thomas fidone,TE,683.0,700.3,461.0,676.6,,,,,,,,,,,18.0,1523,293
2025,11573,Frank Gore,frank gore,RB,683.2,700.8,999.0,697.4,,,,,,,,,,,18.0,1524,369
2025,1149,Alshon Jeffery,alshon jeffery,WR,683.2,641.8,325.5,687.2,,,,,,,,,,,18.0,1525,614
2025,13145,ShunDerrick Powell,shunderrick powell,RB,683.3,685.3,683.3,673.8,,,,,,,,,,,18.0,1526,370
2025,5974,Trace McSorley,trace mcsorley,QB,683.4,649.7,999.0,607.4,,,,,,,,,,,18.0,1527,250
2025,3976,Mitchell Trubisky,mitchell trubisky,QB,683.5,691.1,378.0,679.3,12.0,12.0,12.0,8.0,,,,,205.0,1.0,18.0,1528,251
2025,9502,Tank Dell,tank dell,WR,683.5,691.8,307.3,328.2,3.2,4.2,2.2,,,2.0,22.0,,,,18.0,1529,615
2025,7567,Kenneth Gainwell,kenneth gainwell,RB,683.5,700.9,465.1,353.3,56.4,63.4,49.4,232.0,2.0,14.0,102.0,1.0,,,18.0,1530,371
2025,8219,Jelani Woods,jelani woods,TE,683.5,687.0,999.0,693.2,,,,,,,,,,,18.0,1531,294
2025,12486,Dillon Gabriel,dillon gabriel,QB,683.7,698.5,508.3,286.3,173.2,173.2,173.2,150.0,1.0,,,,2880.0,13.0,18.0,1532,252
2025,11925,Terique Owens,terique owens,WR,683.8,700.1,999.0,697.3,,,,,,,,,,,18.0,1533,616
2025,7891,Brock Wright,brock wright,TE,683.9,682.4,999.0,688.4,18.0,22.0,14.0,,,8.0,80.0,1.0,,,18.0,1534,295
2025,7603,Shi Smith,shi smith,WR,683.9,679.9,999.0,619.3,,,,,,,,,,,18.0,1535,617
2025,11640,Jermaine Burton,jermaine burton,WR,683.9,299.5,325.3,320.7,53.6,63.1,44.1,6.0,,19.0,255.0,3.0,,,18.0,1536,618
2025,5618,Larry Rose,larry rose,RB,683.9,641.5,463.0,686.5,,,,,,,,,,,18.0,1537,372
2025,12797,Ahmani Marshall,ahmani marshall,RB,684.0,682.0,999.0,633.3,,,,,,,,,,,18.0,1538,373
2025,8220,Sincere McCormick,sincere mccormick,RB,684.0,688.5,333.0,699.8,3.6,4.1,3.1,25.0,,1.0,6.0,,,,18.0,1539,374
2025,8523,Nick Muse,nick muse,TE,684.0,691.0,514.0,999.0,,,,,,,,,,,18.0,1540,296
2025,8828,Michael Young,michael young,WR,684.0,999.0,555.5,554.0,,,,,,,,,,,18.0,1541,619
2025,12308,Samson Evans,samson evans,RB,684.0,684.0,684.0,687.0,,,,,,,,,,,18.0,1542,375
2025,455,Michael Crabtree,michael crabtree,WR,684.0,671.8,999.0,690.6,,,,,,,,,,,18.0,1543,620
2025,12850,Tyler Neville,tyler neville,TE,684.5,668.5,999.0,484.0,,,,,,,,,,,18.0,1544,297
2025,8891,Ryan McDaniel,ryan mcdaniel,WR,684.5,512.0,684.5,694.0,,,,,,,,,,,18.0,1545,621
2025,11557,Joe Milton,joe milton,QB,684.6,689.8,399.6,292.4,13.7,13.7,13.7,23.0,,,,,210.0,1.0,18.0,1546,253
2025,3916,David Watford,david watford,WR,684.6,586.0,999.0,999.0,,,,,,,,,,,18.0,1547,622
2025,8139,Zamir White,zamir white,RB,684.8,657.2,397.9,362.8,43.6,47.1,40.1,230.0,2.0,7.0,51.0,,,,18.0,1548,376
2025,2790,Nigel King,nigel king,WR,684.8,638.0,684.8,664.6,,,,,,,,,,,18.0,1549,623
2025,11320,Nikko Remigio,nikko remigio,WR,684.8,673.0,999.0,687.9,1.8,2.3,1.3,,,1.0,13.0,,,,18.0,1550,624
2025,6002,Qadree Ollison,qadree ollison,RB,684.8,553.0,999.0,419.4,,,,,,,,,,,18.0,1551,377
2025,11820,Devin Culp,devin culp,TE,685.0,640.5,515.0,660.6,17.7,21.7,13.7,,,8.0,77.0,1.0,,,18.0,1552,298
2025,8778,Justin Rigg,justin rigg,TE,685.0,677.4,685.0,999.0,,,,,,,,,,,18.0,1553,299
2025,8429,Levi Lewis,levi lewis,QB,685.0,611.0,606.0,999.0,,,,,,,,,,,18.0,1554,254
2025,8573,Talolo Limi-Jones,talolo limijones,WR,685.0,658.7,999.0,689.4,,,,,,,,,,,18.0,1555,625
2025,6943,Gabe Davis,gabe davis,WR,685.2,668.9,327.3,358.9,44.7,53.2,36.2,,,17.0,242.0,2.0,,,18.0,1556,626
2025,4805,Pig Howard,pig howard,WR,685.3,663.3,999.0,687.0,,,,,,,,,,,18.0,1557,627
2025,11650,Luke McCaffrey,luke mccaffrey,WR,685.3,308.9,322.8,337.9,26.6,33.6,19.6,5.0,,14.0,131.0,1.0,,,18.0,1558,628
2025,3202,Austin Hooper,austin hooper,TE,685.4,692.4,404.5,338.2,43.0,53.5,32.5,,,21.0,205.0,2.0,,,18.0,1559,300
2025,2306,Jameis Winston,jameis winston,QB,685.4,692.8,499.6,294.7,29.6,29.6,29.6,16.0,,,,,450.0,3.0,18.0,1560,255
2025,11851,Carter Bradley,carter bradley,QB,685.5,682.0,999.0,694.0,,,,,,,,,,,18.0,1561,256
2025,1352,Robert Woods,robert woods,WR,685.5,692.6,491.8,698.0,24.0,30.0,18.0,,,12.0,120.0,1.0,,,18.0,1562,629
2025,12538,Brady Cook,brady cook,QB,685.5,661.5,525.0,687.2,23.96,23.96,23.96,14.0,,,,,489.0,2.0,18.0,1563,257
2025,4221,Jeremy Sprinkle,jeremy sprinkle,TE,685.5,639.5,474.0,665.2,,,,,,,,,,,18.0,1564,301
2025,3402,Zac Brooks,zac brooks,RB,685.5,458.1,999.0,999.0,,,,,,,,,,,18.0,1565,378
2025,12656,Robbie Ouzts,robbie ouzts,RB,685.5,683.5,999.0,668.8,,,,,,,,,,,18.0,1566,379
2025,10213,Tre Tucker,tre tucker,WR,685.6,689.8,447.4,305.9,58.2,70.7,45.7,27.0,,25.0,310.0,2.0,,,18.0,1567,630
2025,7424,Anthony Jones,anthony jones,RB,685.8,270.1,999.0,676.8,,,,,,,,,,,18.0,1568,380
2025,12479,Ja'Quinden Jackson,jaquinden jackson,RB,685.8,678.9,442.0,699.3,,,,,,,,,,,18.0,1569,381
2025,6126,Irv Smith,irv smith,TE,685.8,692.7,999.0,692.8,,,,,,,,,,,18.0,1570,302
2025,2593,Antwan Goodley,antwan goodley,WR,685.8,460.9,685.8,999.0,,,,,,,,,,,18.0,1571,631
2025,7901,Rico Bussey,rico bussey,WR,685.8,680.3,999.0,999.0,,,,,,,,,,,18.0,1572,632
2025,1067,Marvin Jones,marvin jones,WR,685.9,682.7,999.0,679.4,,,,,,,,,,,18.0,1573,633
2025,4528,Trevor Knight,trevor knight,QB,686.0,677.0,999.0,508.0,,,,,,,,,,,18.0,1574,258
2025,7943,Zach Davidson,zach davidson,TE,686.0,678.0,999.0,584.5,,,,,,,,,,,18.0,1575,303
2025,11199,Emari Demercado,emari demercado,RB,686.0,699.1,516.5,661.0,15.9,19.9,11.9,62.0,,8.0,57.0,,,,18.0,1576,382
2025,4453,Victor Bolden,victor bolden,WR,686.0,635.2,337.0,999.0,,,,,,,,,,,18.0,1577,634
2025,9998,Hendon Hooker,hendon hooker,QB,686.2,695.0,428.3,687.8,13.0,13.0,13.0,16.0,,,,,210.0,1.0,18.0,1578,259
2025,5977,Terry Godwin,terry godwin,WR,686.3,493.3,556.6,698.8,,,,,,,,,,,18.0,1579,635
2025,827,Tyrod Taylor,tyrod taylor,QB,686.3,697.0,364.5,675.7,23.54,23.54,23.54,25.0,,,,,401.0,2.0,18.0,1580,260
2025,4910,Quincy McDuffie,quincy mcduffie,WR,686.3,681.8,999.0,495.5,,,,,,,,,,,18.0,1581,636
2025,12688,Cam Miller,cam miller,QB,686.3,595.8,999.0,691.3,,,,,,,,,,,18.0,1582,261
2025,5196,Ethan Wolf,ethan wolf,TE,686.5,648.0,999.0,676.5,,,,,,,,,,,18.0,1583,304
2025,11940,JaQuae Jackson,jaquae jackson,WR,686.8,535.7,999.0,692.1,,,,,,,,,,,18.0,1584,637
2025,9490,Tyler Scott,tyler scott,WR,686.8,640.8,999.0,697.0,3.6,4.6,2.6,5.0,,2.0,21.0,,,,18.0,1585,638
2025,7612,Dee Eskridge,dee eskridge,WR,687.0,650.8,999.0,675.5,0.5,0.5,0.5,5.0,,,,,,,18.0,1586,639
2025,8135,Treylon Burks,treylon burks,WR,687.0,689.6,518.0,697.1,,,,,,,,,,,18.0,1587,640
2025,5384,Jonah Trinnaman,jonah trinnaman,WR,687.0,676.2,687.0,999.0,,,,,,,,,,,18.0,1588,641
2025,138,Ben Roethlisberger,ben roethlisberger,QB,687.1,685.9,335.0,628.3,,,,,,,,,,,18.0,1589,262
2025,7606,Kadarius Toney,kadarius toney,WR,687.1,676.6,352.0,613.0,,,,,,,,,,,18.0,1590,642
2025,5906,Dawson Knox,dawson knox,TE,687.1,688.0,476.5,312.5,46.2,56.7,35.7,,,21.0,237.0,2.0,,,18.0,1591,305
2025,9505,Deuce Vaughn,deuce vaughn,RB,687.2,690.3,999.0,694.7,4.3,4.8,3.8,31.0,,1.0,7.0,,,,18.0,1592,383
2025,4229,Mason Schreck,mason schreck,TE,687.2,669.5,999.0,665.2,,,,,,,,,,,18.0,1593,306
2025,5985,Foster Moreau,foster moreau,TE,687.3,681.2,473.3,649.7,29.5,37.5,21.5,,,16.0,155.0,1.0,,,18.0,1594,307
2025,11270,Hassan Hall,hassan hall,RB,687.3,684.2,687.3,689.6,,,,,,,,,,,18.0,1595,384
2025,8225,Daniel Bellinger,daniel bellinger,TE,687.3,627.6,547.0,690.2,22.9,28.9,16.9,,,12.0,109.0,1.0,,,18.0,1596,308
2025,12732,Dominic Lovett,dominic lovett,WR,687.3,656.0,999.0,599.3,,,,,,,,,,,18.0,1597,643
2025,10871,Luke Schoonmaker,luke schoonmaker,TE,687.4,694.1,460.7,345.1,27.5,35.0,20.0,,,15.0,140.0,1.0,,,18.0,1598,309
2025,6308,Ian Bunting,ian bunting,TE,687.5,459.6,999.0,999.0,,,,,,,,,,,18.0,1599,310
2025,12546,Marcus Yarns,marcus yarns,RB,687.5,693.5,999.0,694.5,,,,,,,,,,,18.0,1600,385
2025,11571,Isaiah Davis,isaiah davis,RB,687.7,700.0,316.9,313.5,28.4,30.9,25.9,162.0,1.0,5.0,37.0,,,,18.0,1601,386
2025,12670,KeAndre Lambert-Smith,keandre lambertsmith,WR,687.8,652.3,371.2,286.3,25.3,30.3,20.3,6.0,,10.0,137.0,1.0,,,18.0,1602,644
2025,8162,Sam Howell,sam howell,QB,687.8,681.0,467.5,327.8,17.0,17.0,17.0,14.0,,,,,215.0,2.0,18.0,1603,263
2025,223,Larry Fitzgerald,larry fitzgerald,WR,687.9,674.6,999.0,697.9,,,,,,,,,,,18.0,1604,645
2025,1987,Marqise Lee,marqise lee,WR,688.0,700.0,341.0,716.0,,,,,,,,,,,18.0,1605,646
2025,4454,Kendrick Bourne,kendrick bourne,WR,688.0,690.3,519.5,656.8,3.7,4.7,2.7,5.0,,2.0,22.0,,,,18.0,1606,647
2025,7309,Siaosi Mariner,siaosi mariner,WR,688.0,699.5,999.0,697.6,,,,,,,,,,,18.0,1607,648
2025,10215,Jake Haener,jake haener,QB,688.0,678.5,999.0,665.9,,,,,,,,,,,18.0,1608,264
2025,11850,Jeff Foreman,jeff foreman,WR,688.0,664.5,688.0,611.8,,,,,,,,,,,18.0,1609,649
2025,11140,Leonard Taylor,leonard taylor,TE,688.0,680.0,999.0,691.1,,,,,,,,,,,18.0,1610,311
2025,147,DeSean Jackson,desean jackson,WR,688.0,634.4,999.0,688.3,,,,,,,,,,,18.0,1611,650
2025,4367,Monty Madaris,monty madaris,WR,688.0,683.5,371.0,492.3,,,,,,,,,,,18.0,1612,651
2025,9227,Israel Abanikanda,israel abanikanda,RB,688.3,692.9,999.0,689.9,,,,,,,,,,,18.0,1613,387
2025,4475,Sefo Liufau,sefo liufau,QB,688.5,690.8,999.0,426.5,,,,,,,,,,,18.0,1614,265
2025,5086,Marquez Valdes-Scantling,marquez valdesscantling,WR,688.5,289.8,287.6,312.0,20.9,24.4,17.4,2.0,,7.0,112.0,1.0,,,18.0,1615,652
2025,5973,Josh Oliver,josh oliver,TE,688.5,681.5,454.3,699.7,23.3,29.3,17.3,,,12.0,113.0,1.0,,,18.0,1616,312
2025,10857,Stetson Bennett,stetson bennett,QB,688.5,665.3,999.0,699.2,,,,,,,,,,,18.0,1617,266
2025,6111,Jake Browning,jake browning,QB,688.7,690.2,452.8,332.5,13.06,13.06,13.06,15.0,,,,,214.0,1.0,18.0,1618,267
2025,12718,Konata Mumpfield,konata mumpfield,WR,688.8,657.3,999.0,685.7,16.4,19.9,12.9,,,7.0,69.0,1.0,,,18.0,1619,653
2025,5092,Troy Fumagalli,troy fumagalli,TE,689.0,386.4,689.0,999.0,,,,,,,,,,,18.0,1620,313
2025,7579,Austin Watkins,austin watkins,WR,689.0,515.8,999.0,999.0,,,,,,,,,,,18.0,1621,654
2025,2341,T.J. Yeldon,tj yeldon,RB,689.0,688.3,689.0,549.6,,,,,,,,,,,18.0,1622,388
2025,7983,Collin Hill,collin hill,QB,689.0,629.0,999.0,624.3,,,,,,,,,,,18.0,1623,268
2025,4177,Mack Hollins,mack hollins,WR,689.1,683.8,434.0,687.4,22.5,27.0,18.0,5.0,,9.0,115.0,1.0,,,18.0,1624,655
2025,7897,Roland Rivers,roland rivers,QB,689.2,678.5,999.0,601.2,,,,,,,,,,,18.0,1625,269
2025,12773,DJ Uiagalelei,dj uiagalelei,QB,689.2,699.5,388.3,687.5,,,,,,,,,,,18.0,1626,270
2025,12007,Nathaniel Peat,nathaniel peat,RB,689.3,663.9,689.3,573.3,,,,,,,,,,,18.0,1627,389
2025,11773,Keilan Robinson,keilan robinson,RB,689.3,677.4,999.0,697.5,1.6,2.1,1.1,4.0,,1.0,7.0,,,,18.0,1628,390
2025,6886,Chase Claypool,chase claypool,WR,689.3,663.7,999.0,698.3,,,,,,,,,,,18.0,1629,656
2025,11139,Elijah Cooks,elijah cooks,WR,689.4,379.2,999.0,655.7,,,,,,,,,,,18.0,1630,657
2025,7496,Nick Westbrook-Ikhine,nick westbrookikhine,WR,689.4,678.8,411.3,310.1,72.8,87.8,57.8,5.0,,30.0,393.0,3.0,,,18.0,1631,658
2025,12435,Geor'Quarius Spivey,georquarius spivey,TE,689.5,686.0,408.4,645.9,,,,,,,,,,,18.0,1632,314
2025,8195,Ronnie Rivers,ronnie rivers,RB,689.5,668.8,999.0,682.7,1.6,2.1,1.1,4.0,,1.0,7.0,,,,18.0,1633,391
2025,12762,Payton Thorne,payton thorne,QB,689.5,574.7,999.0,626.1,,,,,,,,,,,18.0,1634,271
2025,2430,Javorius Allen,javorius allen,RB,689.5,655.5,378.0,320.0,,,,,,,,,,,18.0,1635,392
2025,12889,Beaux Collins,beaux collins,WR,689.7,670.0,999.0,695.2,3.2,4.2,2.2,,,2.0,22.0,,,,18.0,1636,659
2025,5464,De'Lance Turner,delance turner,RB,689.8,244.8,532.4,999.0,,,,,,,,,,,18.0,1637,393
2025,9487,Parker Washington,parker washington,WR,689.8,690.7,443.9,352.8,56.2,70.2,42.2,17.0,,28.0,285.0,2.0,,,18.0,1638,660
2025,8160,Kenny Pickett,kenny pickett,QB,689.8,695.4,497.7,303.7,34.22,34.22,34.22,39.0,,,,,558.0,3.0,18.0,1639,272
2025,7378,Kyle Markway,kyle markway,TE,690.0,663.5,690.0,999.0,,,,,,,,,,,18.0,1640,315
2025,4972,Mason Rudolph,mason rudolph,QB,690.0,696.6,512.5,325.0,12.1,12.1,12.1,9.0,,,,,205.0,1.0,18.0,1641,273
2025,7602,Kylen Granson,kylen granson,TE,690.0,663.0,524.0,699.1,1.4,1.9,0.9,,,1.0,9.0,,,,18.0,1642,316
2025,11126,Michael Ezeike,michael ezeike,TE,690.0,696.5,999.0,689.0,,,,,,,,,,,18.0,1643,317
2025,7288,Ben Ellefson,ben ellefson,TE,690.0,700.5,999.0,999.0,,,,,,,,,,,18.0,1644,318
2025,862,Blaine Gabbert,blaine gabbert,QB,690.0,688.5,999.0,697.0,,,,,,,,,,,18.0,1645,274
2025,6236,Travon McMillian,travon mcmillian,RB,690.2,540.5,999.0,612.0,,,,,,,,,,,18.0,1646,394
2025,11347,Chase Cota,chase cota,WR,690.3,614.3,403.0,622.3,,,,,,,,,,,18.0,1647,661
2025,5929,Anthony Johnson,anthony johnson,WR,690.4,532.5,496.6,999.0,,,,,,,,,,,18.0,1648,662
2025,11172,Shae Wyatt,shae wyatt,WR,690.5,655.0,327.0,692.5,,,,,,,,,,,18.0,1649,663
2025,7554,Tre' McKitty,tre mckitty,TE,690.5,694.0,999.0,672.0,,,,,,,,,,,18.0,1650,319
2025,1984,Allen Hurns,allen hurns,WR,690.6,682.0,999.0,999.0,,,,,,,,,,,18.0,1651,664
2025,1535,Cordarrelle Patterson,cordarrelle patterson,RB,690.6,616.6,999.0,699.1,-1.6,-1.1,-2.1,12.0,,1.0,7.0,,,,18.0,1652,395
2025,3846,Duke Williams,duke williams,WR,691.0,589.3,999.0,999.0,,,,,,,,,,,18.0,1653,665
2025,8798,Felix Harper,felix harper,QB,691.0,403.9,999.0,999.0,,,,,,,,,,,18.0,1654,275
2025,12485,Tez Johnson,tez johnson,WR,691.1,699.5,430.0,697.8,5.4,6.9,3.9,,,3.0,39.0,,,,18.0,1655,666
2025,13063,Darius Lassiter,darius lassiter,WR,691.1,548.3,999.0,999.0,,,,,,,,,,,18.0,1656,667
2025,1244,Josh Gordon,josh gordon,WR,691.1,662.7,999.0,667.4,,,,,,,,,,,18.0,1657,668
2025,8254,Julius Chestnut,julius chestnut,RB,691.4,628.1,999.0,697.0,23.4,25.4,21.4,125.0,1.0,4.0,29.0,,,,18.0,1658,396
2025,4128,Chad Williams,chad williams,WR,691.5,644.0,691.5,999.0,,,,,,,,,,,18.0,1659,669
2025,7063,Shea Patterson,shea patterson,QB,691.5,685.0,999.0,575.0,,,,,,,,,,,18.0,1660,276
2025,7204,Reggie Gilliam,reggie gilliam,RB,691.5,675.8,999.0,683.3,,,,,,,,,,,18.0,1661,397
2025,12540,Chimere Dike,chimere dike,WR,691.5,700.1,314.2,323.3,53.5,65.5,41.5,5.0,,24.0,290.0,2.0,,,18.0,1662,670
2025,8824,Samson Nacua,samson nacua,WR,691.5,643.8,999.0,680.2,,,,,,,,,,,18.0,1663,671
2025,6595,Devlin Hodges,devlin hodges,QB,691.5,660.7,999.0,693.4,,,,,,,,,,,18.0,1664,277
2025,24,Matt Ryan,matt ryan,QB,691.5,695.6,336.0,589.8,,,,,,,,,,,18.0,1665,278
2025,5787,Bryce Bobo,bryce bobo,WR,691.5,682.8,999.0,667.0,,,,,,,,,,,18.0,1666,672
2025,12966,Moose Muhammad,moose muhammad,WR,691.7,677.7,494.5,544.3,,,,,,,,,,,18.0,1667,673
2025,13074,Isaiah Neyor,isaiah neyor,WR,691.7,687.3,409.8,675.7,,,,,,,,,,,18.0,1668,674
2025,6992,Michael Warren,michael warren,RB,691.7,671.5,391.0,643.3,,,,,,,,,,,18.0,1669,398
2025,8238,Emeka Emezie,emeka emezie,WR,691.8,644.3,999.0,686.3,,,,,,,,,,,18.0,1670,675
2025,3309,Wendell Smallwood,wendell smallwood,RB,691.9,660.5,467.6,635.9,,,,,,,,,,,18.0,1671,399
2025,2412,Justin Hardy,justin hardy,WR,692.0,698.5,487.0,393.7,,,,,,,,,,,18.0,1672,676
2025,11570,Rasheen Ali,rasheen ali,RB,692.0,693.2,999.0,644.3,5.8,6.3,5.3,45.0,,1.0,8.0,,,,18.0,1673,400
2025,10231,Elijah Higgins,elijah higgins,TE,692.0,628.1,500.5,647.9,29.0,36.5,21.5,,,15.0,155.0,1.0,,,18.0,1674,320
2025,8171,Kyle Philips,kyle philips,WR,692.0,415.4,999.0,700.8,,,,,,,,,,,18.0,1675,677
2025,6489,Taryn Christion,taryn christion,QB,692.0,311.5,692.0,391.4,,,,,,,,,,,18.0,1676,279
2025,12860,Theo Wease,theo wease,WR,692.0,611.0,526.0,666.0,7.4,9.9,4.9,,,5.0,49.0,,,,18.0,1677,678
2025,12494,Kyle McCord,kyle mccord,QB,692.2,694.0,999.0,677.7,,,,,,,,,,,18.0,1678,280
2025,5248,Gus Edwards,gus edwards,RB,692.2,699.8,536.3,685.8,4.0,4.5,3.5,29.0,,1.0,6.0,,,,18.0,1679,401
2025,2938,Cam Worthy,cam worthy,WR,692.3,586.0,999.0,538.3,,,,,,,,,,,18.0,1680,679
2025,6789,Henry Ruggs,henry ruggs,WR,692.4,685.8,426.5,689.9,,,,,,,,,,,18.0,1681,680
2025,4208,Rodney Adams,rodney adams,WR,692.5,655.0,343.0,999.0,,,,,,,,,,,18.0,1682,681
2025,8118,David Bell,david bell,WR,692.5,303.0,692.5,695.1,6.2,8.2,4.2,,,4.0,42.0,,,,18.0,1683,682
2025,2588,Malcolm Brown,malcolm brown,RB,692.5,690.0,999.0,528.3,,,,,,,,,,,18.0,1684,402
2025,6996,JaMycal Hasty,jamycal hasty,RB,692.5,615.7,999.0,626.0,2.0,2.5,1.5,8.0,,1.0,7.0,,,,18.0,1685,403
2025,1979,Blake Bortles,blake bortles,QB,692.6,683.1,999.0,685.2,,,,,,,,,,,18.0,1686,281
2025,12634,Jordan Watkins,jordan watkins,WR,692.6,695.6,350.7,692.8,2.5,3.0,2.0,5.0,,1.0,15.0,,,,18.0,1687,683
2025,1848,James White,james white,RB,692.7,628.0,533.1,666.4,,,,,,,,,,,18.0,1688,404
2025,4274,David Moore,david moore,WR,692.7,593.7,999.0,691.4,27.6,33.6,21.6,,,12.0,156.0,1.0,,,18.0,1689,684
2025,5970,Greg Dortch,greg dortch,WR,692.8,698.5,444.2,343.4,66.2,83.2,49.2,37.0,,34.0,335.0,2.0,,,18.0,1690,685
2025,11562,Spencer Rattler,spencer rattler,QB,692.8,696.7,479.8,220.6,144.92,144.92,144.92,186.0,1.0,,,,2208.0,11.0,18.0,1691,282
2025,8177,Grant Calcaterra,grant calcaterra,TE,693.0,688.0,527.0,663.9,19.0,23.0,15.0,,,8.0,90.0,1.0,,,18.0,1692,321
2025,12815,Stevo Klotz,stevo klotz,TE,693.0,681.8,999.0,659.4,,,,,,,,,,,18.0,1693,322
2025,12260,Mason Fairchild,mason fairchild,TE,693.0,606.3,445.0,999.0,,,,,,,,,,,18.0,1694,323
2025,7098,Ty'Son Williams,tyson williams,RB,693.0,684.5,339.0,999.0,,,,,,,,,,,18.0,1695,405
2025,7562,Tutu Atwell,tutu atwell,WR,693.0,287.2,282.9,300.8,73.8,90.8,56.8,17.0,,34.0,431.0,2.0,,,18.0,1696,686
2025,11616,Jacob Cowing,jacob cowing,WR,693.1,699.2,440.0,690.7,1.7,1.7,1.7,17.0,,,,,,,18.0,1697,687
2025,8583,Stone Smartt,stone smartt,TE,693.3,692.6,512.3,700.2,4.6,6.1,3.1,,,3.0,31.0,,,,18.0,1698,324
2025,8861,Irv Charles,irv charles,WR,693.3,364.3,999.0,489.8,,,,,,,,,,,18.0,1699,688
2025,6469,Davis Koppenhaver,davis koppenhaver,TE,693.3,670.8,539.0,498.8,,,,,,,,,,,18.0,1700,325
2025,3503,Geronimo Allison,geronimo allison,WR,693.5,670.0,693.5,999.0,,,,,,,,,,,18.0,1701,689
2025,178,Matt Schaub,matt schaub,QB,693.6,638.9,999.0,651.0,,,,,,,,,,,18.0,1702,283
2025,4515,B.J. Johnson,bj johnson,WR,694.0,431.2,999.0,999.0,,,,,,,,,,,18.0,1703,690
2025,12699,LaJohntay Wester,lajohntay wester,WR,694.0,580.8,999.0,687.1,3.4,4.4,2.4,,,2.0,24.0,,,,18.0,1704,691
2025,9220,Evan Hull,evan hull,RB,694.0,671.5,999.0,692.2,,,,,,,,,,,18.0,1705,406
2025,4108,Carlos Henderson,carlos henderson,WR,694.0,692.8,694.0,999.0,,,,,,,,,,,18.0,1706,692
2025,7234,Maurice Ffrench,maurice ffrench,WR,694.0,341.3,558.0,567.3,,,,,,,,,,,18.0,1707,693
2025,6159,Mike Weber,mike weber,RB,694.0,687.5,346.0,999.0,,,,,,,,,,,18.0,1708,407
2025,4651,Corey Clement,corey clement,RB,694.0,685.0,353.0,577.0,,,,,,,,,,,18.0,1709,408
2025,11447,Kris Leach,kris leach,TE,694.0,663.0,999.0,674.6,,,,,,,,,,,18.0,1710,326
2025,8123,Hassan Haskins,hassan haskins,RB,694.0,696.0,528.0,697.0,33.6,38.1,29.1,166.0,1.0,9.0,65.0,,,,18.0,1711,409
2025,11385,Brian Walker,brian walker,TE,694.0,623.5,999.0,652.3,,,,,,,,,,,18.0,1712,327
2025,12045,Jack Westover,jack westover,TE,694.0,699.0,999.0,592.0,,,,,,,,,,,18.0,1713,328
2025,8249,Lucas Krull,lucas krull,TE,694.0,686.0,999.0,641.8,4.8,6.3,3.3,,,3.0,33.0,,,,18.0,1714,329
2025,8115,Jalen Wydermyer,jalen wydermyer,TE,694.3,682.0,999.0,546.3,,,,,,,,,,,18.0,1715,330
2025,5185,Allen Lazard,allen lazard,WR,694.3,695.1,321.6,318.5,32.2,39.7,24.7,,,15.0,187.0,1.0,,,18.0,1716,694
2025,11895,Mason Tipton,mason tipton,WR,694.3,631.3,999.0,682.9,,,,,,,,,,,18.0,1717,695
2025,367,Jared Cook,jared cook,TE,694.4,441.5,999.0,999.0,,,,,,,,,,,18.0,1718,331
2025,11610,Malik Washington,malik washington,WR,694.5,678.9,318.2,290.5,69.2,88.2,50.2,17.0,,38.0,385.0,2.0,,,18.0,1719,696
2025,4929,Ahmad Fulwood,ahmad fulwood,WR,694.8,677.0,404.0,623.4,,,,,,,,,,,18.0,1720,697
2025,4061,Davis Webb,davis webb,QB,694.8,520.0,694.8,671.5,,,,,,,,,,,18.0,1721,284
2025,11617,Malachi Corley,malachi corley,WR,694.9,681.4,510.0,349.5,4.6,6.1,3.1,2.0,,3.0,29.0,,,,18.0,1722,698
2025,5010,Will Dissly,will dissly,TE,694.9,687.3,435.1,299.9,50.5,63.5,37.5,,,26.0,255.0,2.0,,,18.0,1723,332
2025,6075,Jesper Horsted,jesper horsted,TE,695.0,692.5,359.0,731.0,,,,,,,,,,,18.0,1724,333
2025,5733,Clayton Wilson,clayton wilson,TE,695.0,694.0,374.5,999.0,,,,,,,,,,,18.0,1725,334
2025,1567,Tavon Austin,tavon austin,WR,695.0,689.6,999.0,683.3,,,,,,,,,,,18.0,1726,699
2025,6908,La'Mical Perine,lamical perine,RB,695.0,620.5,559.0,697.9,,,,,,,,,,,18.0,1727,410
2025,4574,Cooper Rush,cooper rush,QB,695.0,687.1,438.8,693.4,12.08,12.08,12.08,10.0,,,,,202.0,1.0,18.0,1728,285
2025,6865,Colby Parkinson,colby parkinson,TE,695.0,677.9,530.7,693.2,21.0,26.0,16.0,,,10.0,100.0,1.0,,,18.0,1729,335
2025,11595,Jared Wiley,jared wiley,TE,695.0,699.6,440.5,700.8,3.0,4.0,2.0,,,2.0,20.0,,,,18.0,1730,336
2025,12488,Kobe Hudson,kobe hudson,WR,695.1,699.3,999.0,700.7,,,,,,,,,,,18.0,1731,700
2025,2391,David Johnson,david johnson,RB,695.1,673.8,999.0,670.8,,,,,,,,,,,18.0,1732,411
2025,289,Drew Brees,drew brees,QB,695.2,698.6,342.0,650.3,,,,,,,,,,,18.0,1733,286
2025,1166,Kirk Cousins,kirk cousins,QB,695.2,697.8,287.7,251.9,12.44,12.44,12.44,2.0,,,,,231.0,1.0,18.0,1734,287
2025,11371,Julian Hill,julian hill,TE,695.2,619.1,521.0,665.1,25.0,31.5,18.5,,,13.0,125.0,1.0,,,18.0,1735,337
2025,11995,Zack Annexstad,zack annexstad,QB,695.2,698.0,695.2,625.6,,,,,,,,,,,18.0,1736,288
2025,7601,Rondale Moore,rondale moore,WR,695.2,697.5,999.0,697.1,,,,,,,,,,,18.0,1737,701
2025,6945,Antonio Gibson,antonio gibson,RB,695.3,308.6,291.7,341.5,41.2,48.7,33.7,167.0,1.0,15.0,110.0,,,,18.0,1738,412
2025,12787,Josh Williams,josh williams,RB,695.4,667.2,695.4,697.7,6.1,7.6,4.6,35.0,,3.0,11.0,,,,18.0,1739,413
2025,5323,Equanimeous St. Brown,equanimeous st brown,WR,695.4,630.0,999.0,662.3,,,,,,,,,,,18.0,1740,702
2025,4787,Jordan Westerkamp,jordan westerkamp,WR,695.5,689.7,999.0,999.0,,,,,,,,,,,18.0,1741,703
2025,5171,Kevin Rader,kevin rader,TE,695.5,509.5,695.5,999.0,,,,,,,,,,,18.0,1742,338
2025,8416,Jalen Virgil,jalen virgil,WR,695.5,639.0,350.0,999.0,,,,,,,,,,,18.0,1743,704
2025,13108,Julian Fleming,julian fleming,WR,695.5,539.9,999.0,564.4,,,,,,,,,,,18.0,1744,705
2025,8204,Bo Melton,bo melton,WR,695.5,678.3,550.0,692.3,25.2,29.7,20.7,22.0,,9.0,125.0,1.0,,,18.0,1745,706
2025,5890,Damien Harris,damien harris,RB,695.6,671.1,999.0,615.9,,,,,,,,,,,18.0,1746,414
2025,11267,Aron Cruickshank,aron cruickshank,WR,695.6,666.6,999.0,698.5,,,,,,,,,,,18.0,1747,707
2025,6960,Tyler Johnson,tyler johnson,WR,695.8,699.2,999.0,671.9,11.5,15.0,8.0,,,7.0,80.0,,,,18.0,1748,708
2025,6012,Travis Homer,travis homer,RB,695.8,647.0,999.0,695.4,4.7,5.7,3.7,22.0,,2.0,15.0,,,,18.0,1749,415
2025,10865,Travis Dye,travis dye,RB,696.0,672.0,999.0,687.4,,,,,,,,,,,18.0,1750,416
2025,4962,Sony Michel,sony michel,RB,696.0,584.8,999.0,999.0,,,,,,,,,,,18.0,1751,417
2025,11111,Sy Barnett,sy barnett,WR,696.0,657.3,560.0,692.0,,,,,,,,,,,18.0,1752,709
2025,12239,Peewee Jarrett,peewee jarrett,QB,696.0,664.0,337.0,598.6,,,,,,,,,,,18.0,1753,289
2025,12863,Andrew Armstrong,andrew armstrong,WR,696.0,696.0,534.0,693.6,,,,,,,,,,,18.0,1754,710
2025,12502,Gunnar Helm,gunnar helm,TE,696.2,690.1,478.2,302.4,35.0,45.0,25.0,,,20.0,190.0,1.0,,,18.0,1755,339
2025,11582,Carson Steele,carson steele,RB,696.3,681.8,999.0,683.8,2.4,2.9,1.9,12.0,,1.0,7.0,,,,18.0,1756,418
2025,200,Vernon Davis,vernon davis,TE,696.3,449.6,539.6,661.0,,,,,,,,,,,18.0,1757,340
2025,7533,Anthony Schwartz,anthony schwartz,WR,696.5,692.5,511.0,686.3,,,,,,,,,,,18.0,1758,711
2025,8423,Brittain Brown,brittain brown,RB,696.5,663.0,515.0,695.9,,,,,,,,,,,18.0,1759,419
2025,11301,Braxton Westfield,braxton westfield,WR,696.5,645.0,337.0,682.5,,,,,,,,,,,18.0,1760,712
2025,13101,Gage Larvadain,gage larvadain,WR,696.7,685.3,999.0,676.1,,,,,,,,,,,18.0,1761,713
2025,11932,Mike DiLiello,mike diliello,QB,696.8,671.5,999.0,649.8,,,,,,,,,,,18.0,1762,290
2025,6269,Kyle Shurmur,kyle shurmur,QB,697.0,428.0,697.0,653.7,,,,,,,,,,,18.0,1763,291
2025,10863,A.T. Perry,at perry,WR,697.0,690.3,419.0,695.2,,,,,,,,,,,18.0,1764,714
2025,11189,Zay Malone,zay malone,WR,697.0,661.3,445.8,665.9,,,,,,,,,,,18.0,1765,715
2025,7842,Luke Farrell,luke farrell,TE,697.0,663.6,535.0,674.7,8.5,11.5,5.5,,,6.0,55.0,,,,18.0,1766,341
2025,13003,Tru Edwards,tru edwards,WR,697.0,690.8,999.0,591.7,,,,,,,,,,,18.0,1767,716
2025,7359,Nakia Griffin-Stewart,nakia griffinstewart,TE,697.0,999.0,999.0,689.1,,,,,,,,,,,18.0,1768,342
2025,943,Kyle Rudolph,kyle rudolph,TE,697.0,674.5,999.0,999.0,,,,,,,,,,,18.0,1769,343
2025,7694,Tommy Tremble,tommy tremble,TE,697.0,664.0,501.0,694.0,26.0,33.0,19.0,,,14.0,130.0,1.0,,,18.0,1770,344
2025,12544,LeQuint Allen,lequint allen,RB,697.2,683.3,394.5,355.3,13.9,15.4,12.4,42.0,1.0,3.0,22.0,,,,18.0,1771,420
2025,12511,Will Howard,will howard,QB,697.3,695.3,520.8,308.2,,,,,,,,,,,18.0,1772,292
2025,7143,Ben DiNucci,ben dinucci,QB,697.3,674.6,999.0,622.8,,,,,,,,,,,18.0,1773,293
2025,6491,Adam Choice,adam choice,RB,697.5,673.8,999.0,999.0,,,,,,,,,,,18.0,1774,421
2025,8092,Corey Taylor,corey taylor,RB,697.6,302.0,999.0,999.0,,,,,,,,,,,18.0,1775,422
2025,4985,Rashaad Penny,rashaad penny,RB,697.8,658.5,999.0,680.0,,,,,,,,,,,18.0,1776,423
2025,11621,Brenden Rice,brenden rice,WR,697.8,697.7,449.0,690.3,,,,,,,,,,,18.0,1777,717
2025,2394,Sean Mannion,sean mannion,QB,697.8,650.4,999.0,695.0,,,,,,,,,,,18.0,1778,294
2025,12496,Tai Felton,tai felton,WR,698.0,700.7,317.7,322.2,23.5,28.5,18.5,5.0,,10.0,120.0,1.0,,,18.0,1779,718
2025,4718,Dare Ogunbowale,dare ogunbowale,RB,698.0,700.9,538.0,699.2,13.4,16.4,10.4,61.0,,6.0,43.0,,,,18.0,1780,424
2025,333,Ryan Fitzpatrick,ryan fitzpatrick,QB,698.0,684.4,999.0,656.2,,,,,,,,,,,18.0,1781,295
2025,7499,Paul Quessenberry,paul quessenberry,TE,698.0,667.8,999.0,625.9,,,,,,,,,,,18.0,1782,345
2025,7585,Davis Mills,davis mills,QB,698.0,684.0,368.5,686.1,11.66,11.66,11.66,7.0,,,,,199.0,1.0,18.0,1783,296
2025,11941,Isaiah Wooden,isaiah wooden,WR,698.0,670.8,374.0,593.4,,,,,,,,,,,18.0,1784,719
2025,12473,Mitchell Evans,mitchell evans,TE,698.0,698.6,521.2,698.8,9.0,12.0,6.0,,,6.0,60.0,,,,18.0,1785,346
2025,12374,Brenden Bates,brenden bates,TE,698.0,673.8,698.0,999.0,,,,,,,,,,,18.0,1786,347
2025,8202,Michael Woods,michael woods,WR,698.0,620.5,999.0,687.1,4.3,5.8,2.8,,,3.0,28.0,,,,18.0,1787,720
2025,5863,J.J. Arcega-Whiteside,jj arcegawhiteside,WR,698.0,625.7,540.0,999.0,,,,,,,,,,,18.0,1788,721
2025,10983,Sean Clifford,sean clifford,QB,698.0,679.0,437.0,685.9,,,,,,,,,,,18.0,1789,297
2025,829,Andy Dalton,andy dalton,QB,698.1,683.6,408.5,685.1,12.08,12.08,12.08,8.0,,,,,207.0,1.0,18.0,1790,298
2025,3486,Chris Brown,chris brown,WR,698.3,289.0,448.0,535.3,,,,,,,,,,,18.0,1791,722
2025,2312,Kevin White,kevin white,WR,698.4,343.0,433.0,999.0,,,,,,,,,,,18.0,1792,723
2025,1408,Le'Veon Bell,leveon bell,RB,698.5,676.7,999.0,695.5,,,,,,,,,,,18.0,1793,425
2025,6130,Devin Singletary,devin singletary,RB,698.5,303.2,284.8,323.8,52.6,57.6,47.6,282.0,2.0,10.0,74.0,,,,18.0,1794,426
2025,7161,Shane Leatherbury,shane leatherbury,WR,698.5,461.2,999.0,999.0,,,,,,,,,,,18.0,1795,724
2025,3357,Brandon Allen,brandon allen,QB,698.7,641.0,999.0,681.7,11.6,11.6,11.6,8.0,,,,,195.0,1.0,18.0,1796,299
2025,13088,Quali Conley,quali conley,RB,698.7,675.0,999.0,690.9,,,,,,,,,,,18.0,1797,427
2025,10867,Jake Bobo,jake bobo,WR,698.7,695.9,494.7,690.5,28.2,34.7,21.7,,,13.0,157.0,1.0,,,18.0,1798,725
2025,6878,Anthony McFarland,anthony mcfarland,RB,698.8,505.1,344.0,999.0,,,,,,,,,,,18.0,1799,428
2025,5142,Kurt Benkert,kurt benkert,QB,699.0,658.0,999.0,685.2,,,,,,,,,,,18.0,1800,300
2025,8145,Jeremy Ruckert,jeremy ruckert,TE,699.0,697.9,506.0,698.8,22.5,28.0,17.0,,,11.0,110.0,1.0,,,18.0,1801,348
2025,5965,Miles Boykin,miles boykin,WR,699.0,634.2,699.0,679.5,,,,,,,,,,,18.0,1802,726
2025,491,Danny Amendola,danny amendola,WR,699.0,670.4,999.0,631.3,,,,,,,,,,,18.0,1803,727
2025,12475,Ricky White,ricky white,WR,699.0,661.2,446.0,698.9,,,,,,,,,,,18.0,1804,728
2025,8731,Shemar Bridges,shemar bridges,WR,699.0,694.3,999.0,999.0,,,,,,,,,,,18.0,1805,729
2025,5004,Ito Smith,ito smith,RB,699.0,677.0,485.5,999.0,,,,,,,,,,,18.0,1806,429
2025,1232,Robert Turbin,robert turbin,RB,699.0,664.6,356.0,657.5,,,,,,,,,,,18.0,1807,430
2025,4029,Dalvin Cook,dalvin cook,RB,699.2,625.7,412.0,607.3,,,,,,,,,,,18.0,1808,431
2025,1262,Alex Tanney,alex tanney,QB,699.2,691.0,999.0,431.4,,,,,,,,,,,18.0,1809,301
2025,4752,Fred Brown,fred brown,WR,699.3,414.0,542.1,999.0,,,,,,,,,,,18.0,1810,730
2025,7757,Ben Skowronek,ben skowronek,WR,699.3,646.5,999.0,672.0,,,,,,,,,,,18.0,1811,731
2025,12528,Ajou Ajou,ajou ajou,WR,699.4,692.5,999.0,646.9,,,,,,,,,,,18.0,1812,732
2025,12462,Damien Martinez,damien martinez,RB,699.4,310.5,289.4,339.1,2.9,3.4,2.4,17.0,,1.0,7.0,,,,18.0,1813,432
2025,12256,Baylor Cupp,baylor cupp,TE,699.5,665.3,402.0,686.2,,,,,,,,,,,18.0,1814,349
2025,12516,Kalel Mullings,kalel mullings,RB,699.5,673.0,462.5,364.0,23.4,25.4,21.4,125.0,1.0,4.0,29.0,,,,18.0,1815,433
2025,7218,Cam Sutton,cam sutton,TE,699.5,552.2,699.5,999.0,,,,,,,,,,,18.0,1816,350
2025,5661,Chris Lacy,chris lacy,WR,699.5,602.0,999.0,698.0,,,,,,,,,,,18.0,1817,733
2025,6659,Craig Reynolds,craig reynolds,RB,699.6,654.0,999.0,677.6,6.6,7.6,5.6,42.0,,2.0,14.0,,,,18.0,1818,434
2025,2431,Mike Davis,mike davis,RB,699.7,669.8,680.0,999.0,,,,,,,,,,,18.0,1819,435
2025,3155,Laquon Treadwell,laquon treadwell,WR,699.8,544.0,999.0,691.7,,,,,,,,,,,18.0,1820,734
2025,8120,Jerrion Ealy,jerrion ealy,RB,700.0,550.1,999.0,999.0,,,,,,,,,,,18.0,1821,436
2025,12259,Taulia Tagovailoa,taulia tagovailoa,QB,700.0,689.9,511.0,657.6,,,,,,,,,,,18.0,1822,302
2025,5976,Karan Higdon,karan higdon,RB,700.0,670.5,999.0,999.0,,,,,,,,,,,18.0,1823,437
2025,10862,Dorian Thompson-Robinson,dorian thompsonrobinson,QB,700.0,635.2,548.0,687.7,,,,,,,,,,,18.0,1824,303
2025,11410,Braxton Burmeister,braxton burmeister,WR,700.0,680.0,529.0,579.0,,,,,,,,,,,18.0,1825,735
2025,11204,Duece Watts,duece watts,WR,700.0,666.0,999.0,652.9,,,,,,,,,,,18.0,1826,736
2025,6913,Joe Reed,joe reed,WR,700.0,687.5,999.0,698.9,,,,,,,,,,,18.0,1827,737
2025,7558,Whop Philyor,whop philyor,WR,700.0,423.0,999.0,627.8,,,,,,,,,,,18.0,1828,738
2025,6938,Cam Akers,cam akers,RB,700.1,694.3,448.7,698.7,3.2,3.7,2.7,21.0,,1.0,6.0,,,,18.0,1829,438
2025,3594,Peyton Barber,peyton barber,RB,700.2,410.7,999.0,562.7,,,,,,,,,,,18.0,1830,439
2025,5398,Justin Crawford,justin crawford,RB,700.4,694.0,423.0,999.0,,,,,,,,,,,18.0,1831,440
2025,11959,Bryce Oliver,bryce oliver,WR,700.5,690.5,999.0,694.4,,,,,,,,,,,18.0,1832,739
2025,8147,John Metchie,john metchie,WR,700.5,699.8,449.7,685.2,10.7,14.2,7.2,,,7.0,72.0,,,,18.0,1833,740
2025,7066,K.J. Osborn,kj osborn,WR,700.5,614.5,999.0,696.7,,,,,,,,,,,18.0,1834,741
2025,4068,Mike Williams,mike williams,WR,700.6,309.9,295.1,347.1,,,,,,,,,,,18.0,1835,742
2025,4326,Bug Howard,bug howard,TE,700.8,641.5,700.8,598.5,,,,,,,,,,,18.0,1836,351
2025,4305,Tyler Renew,tyler renew,RB,704.0,704.0,704.0,999.0,,,,,,,,,,,18.0,1837,441
2025,7131,Tyler Davis,tyler davis,TE,706.0,706.0,706.0,999.0,,,,,,,,,,,18.0,1838,352
2025,11994,Kameron Johnson,kameron johnson,WR,707.0,292.2,999.0,470.5,3.2,4.2,2.2,,,2.0,22.0,,,,18.0,1839,743
2025,6007,Ryquell Armstead,ryquell armstead,RB,709.0,606.6,709.0,999.0,,,,,,,,,,,18.0,1840,442
